{
  "overall": {
    "n_trades": 631,
    "win_rate": 0.24405705229793978,
    "avg_r": -0.12711871263720426,
    "sharpe": -3.0793844143604,
    "max_dd_pct": -84.7535743407425,
    "max_dd_r": -84.7535743407425,
    "profit_factor": 0.833538748046717,
    "gross_pnl_per_share": -27.17999999999617,
    "expectancy_r": -0.12711871263720426,
    "n_wins": 154,
    "n_losses": 477,
    "n_days": 59
  },
  "by_tier": {
    "10_50": {
      "n_trades": 312,
      "win_rate": 0.25,
      "avg_r": -0.1682540837362275,
      "sharpe": -3.007308956297109,
      "max_dd_pct": -67.4560841961911,
      "max_dd_r": -67.4560841961911,
      "profit_factor": 0.7843751434346552,
      "gross_pnl_per_share": -4.559999999999453,
      "expectancy_r": -0.1682540837362275,
      "n_wins": 78,
      "n_losses": 234,
      "n_days": 59
    },
    "50_150": {
      "n_trades": 150,
      "win_rate": 0.3,
      "avg_r": 0.14400134624569064,
      "sharpe": 1.8139644801452963,
      "max_dd_pct": -22.007932470199076,
      "max_dd_r": -22.007932470199076,
      "profit_factor": 1.2132680706957117,
      "gross_pnl_per_share": 4.5750000000005215,
      "expectancy_r": 0.14400134624569064,
      "n_wins": 45,
      "n_losses": 105,
      "n_days": 44
    },
    "150_300": {
      "n_trades": 169,
      "win_rate": 0.1834319526627219,
      "avg_r": -0.2918155945871392,
      "sharpe": -4.184347917227074,
      "max_dd_pct": -60.01433782976275,
      "max_dd_r": -60.01433782976275,
      "profit_factor": 0.6403562366698854,
      "gross_pnl_per_share": -27.194999999997236,
      "expectancy_r": -0.2918155945871392,
      "n_wins": 31,
      "n_losses": 138,
      "n_days": 45
    }
  },
  "by_pattern": {
    "doji": {
      "n_trades": 465,
      "win_rate": 0.24301075268817204,
      "avg_r": -0.09808122669103113,
      "sharpe": -2.0243595339854967,
      "max_dd_pct": -66.20544939986114,
      "max_dd_r": -66.20544939986114,
      "profit_factor": 0.86910482524413,
      "gross_pnl_per_share": -17.149999999997263,
      "expectancy_r": -0.09808122669103113,
      "n_wins": 113,
      "n_losses": 352,
      "n_days": 59
    },
    "hammer": {
      "n_trades": 74,
      "win_rate": 0.25675675675675674,
      "avg_r": -0.20680112462058942,
      "sharpe": -2.087048411786935,
      "max_dd_pct": -21.85762000918826,
      "max_dd_r": -21.85762000918826,
      "profit_factor": 0.7407478074120926,
      "gross_pnl_per_share": -4.559999999999567,
      "expectancy_r": -0.20680112462058942,
      "n_wins": 19,
      "n_losses": 55,
      "n_days": 41
    },
    "shooting_star": {
      "n_trades": 92,
      "win_rate": 0.2391304347826087,
      "avg_r": -0.2097918917480739,
      "sharpe": -2.2638465994334114,
      "max_dd_pct": -24.71522339512274,
      "max_dd_r": -24.71522339512274,
      "profit_factor": 0.740604501441075,
      "gross_pnl_per_share": -5.469999999999336,
      "expectancy_r": -0.2097918917480739,
      "n_wins": 22,
      "n_losses": 70,
      "n_days": 45
    }
  },
  "by_side": {
    "short": {
      "n_trades": 310,
      "win_rate": 0.22258064516129034,
      "avg_r": -0.27776219546398095,
      "sharpe": -5.151731277676708,
      "max_dd_pct": -92.2471111776527,
      "max_dd_r": -92.2471111776527,
      "profit_factor": 0.655054922139069,
      "gross_pnl_per_share": -20.124999999998046,
      "expectancy_r": -0.27776219546398095,
      "n_wins": 69,
      "n_losses": 241,
      "n_days": 59
    },
    "long": {
      "n_trades": 321,
      "win_rate": 0.26479750778816197,
      "avg_r": 0.01836253246030599,
      "sharpe": 0.29584295891961826,
      "max_dd_pct": -34.25659415905799,
      "max_dd_r": -34.25659415905799,
      "profit_factor": 1.025380286007164,
      "gross_pnl_per_share": -7.05499999999812,
      "expectancy_r": 0.01836253246030599,
      "n_wins": 85,
      "n_losses": 236,
      "n_days": 59
    }
  },
  "by_tier_year": {
    "10_50": {
      "2021": {
        "n_trades": 56,
        "win_rate": 0.30357142857142855,
        "avg_r": 0.04239691313608481,
        "sharpe": 0.6296272477853724,
        "max_dd_pct": -17.95584383462633,
        "max_dd_r": -17.95584383462633,
        "profit_factor": 1.0594003604946158,
        "gross_pnl_per_share": 0.6950000000001584,
        "expectancy_r": 0.04239691313608481,
        "n_wins": 17,
        "n_losses": 39,
        "n_days": 12
      },
      "2022": {
        "n_trades": 73,
        "win_rate": 0.1917808219178082,
        "avg_r": -0.4448988887566875,
        "sharpe": -10.536236665442797,
        "max_dd_pct": -34.79580069741994,
        "max_dd_r": -34.79580069741994,
        "profit_factor": 0.4836937656179188,
        "gross_pnl_per_share": -3.799999999999839,
        "expectancy_r": -0.4448988887566875,
        "n_wins": 14,
        "n_losses": 59,
        "n_days": 12
      },
      "2023": {
        "n_trades": 70,
        "win_rate": 0.3142857142857143,
        "avg_r": -0.14400590665705196,
        "sharpe": -3.6111796460642713,
        "max_dd_pct": -18.946375284595863,
        "max_dd_r": -18.946375284595863,
        "profit_factor": 0.795657168194715,
        "gross_pnl_per_share": -0.31999999999985995,
        "expectancy_r": -0.14400590665705196,
        "n_wins": 22,
        "n_losses": 48,
        "n_days": 11
      },
      "2024": {
        "n_trades": 47,
        "win_rate": 0.23404255319148937,
        "avg_r": -0.17279410464389158,
        "sharpe": -2.7990811928094823,
        "max_dd_pct": -14.584100130158195,
        "max_dd_r": -14.584100130158195,
        "profit_factor": 0.7565333049557454,
        "gross_pnl_per_share": -0.5499999999999865,
        "expectancy_r": -0.17279410464389158,
        "n_wins": 11,
        "n_losses": 36,
        "n_days": 12
      },
      "2020": {
        "n_trades": 66,
        "win_rate": 0.21212121212121213,
        "avg_r": -0.06348706057316682,
        "sharpe": -0.8988912449369566,
        "max_dd_pct": -24.703692226320307,
        "max_dd_r": -24.703692226320307,
        "profit_factor": 0.9276249525292711,
        "gross_pnl_per_share": -0.5849999999999262,
        "expectancy_r": -0.06348706057316682,
        "n_wins": 14,
        "n_losses": 52,
        "n_days": 12
      }
    },
    "50_150": {
      "2020": {
        "n_trades": 50,
        "win_rate": 0.32,
        "avg_r": -0.022973663392899767,
        "sharpe": -0.4445029704133398,
        "max_dd_pct": -14.270418238738989,
        "max_dd_r": -14.270418238738989,
        "profit_factor": 0.9670255460375804,
        "gross_pnl_per_share": 1.4900000000002294,
        "expectancy_r": -0.022973663392899767,
        "n_wins": 16,
        "n_losses": 34,
        "n_days": 10
      },
      "2021": {
        "n_trades": 28,
        "win_rate": 0.32142857142857145,
        "avg_r": 0.441200719686039,
        "sharpe": 4.404521898231076,
        "max_dd_pct": -7.449240545540359,
        "max_dd_r": -7.449240545540359,
        "profit_factor": 1.791605525360313,
        "gross_pnl_per_share": 2.530000000000193,
        "expectancy_r": 0.441200719686039,
        "n_wins": 9,
        "n_losses": 19,
        "n_days": 11
      },
      "2022": {
        "n_trades": 37,
        "win_rate": 0.2702702702702703,
        "avg_r": 0.03137835364742741,
        "sharpe": 0.3400221676400006,
        "max_dd_pct": -11.061688575970154,
        "max_dd_r": -11.061688575970154,
        "profit_factor": 1.0425545803411425,
        "gross_pnl_per_share": -0.4649999999999608,
        "expectancy_r": 0.03137835364742741,
        "n_wins": 10,
        "n_losses": 27,
        "n_days": 11
      },
      "2023": {
        "n_trades": 15,
        "win_rate": 0.3333333333333333,
        "avg_r": 0.8275066311431171,
        "sharpe": 7.082912236370468,
        "max_dd_pct": -4.164760536398553,
        "max_dd_r": -4.164760536398553,
        "profit_factor": 2.230156250614695,
        "gross_pnl_per_share": 1.2600000000000051,
        "expectancy_r": 0.8275066311431171,
        "n_wins": 5,