{
  "A_tier_300plus": {
    "n_trades": 1948,
    "trades_per_year": 389.6,
    "net_pnl": 144821.58500000002,
    "wr": 0.5010266940451745,
    "avg_r": 0.07434372946611911,
    "sharpe_daily": 1.704784908640901,
    "max_dd_pct": -0.2535911550107021,
    "max_dd_dollars": -14180.055000000008,
    "max_q_concentration": 0.25170444624534805,
    "ending_equity": 169821.58500000002,
    "ending_equity_multiple": 6.792863400000001,
    "worst_losing_streak": 10,
    "worst_6mo_pnl": -9830.375000000093
  },
  "B_gap4_rvol2": {
    "n_trades": 162,
    "trades_per_year": 32.4,
    "net_pnl": 15957.430000000017,
    "wr": 0.5061728395061729,
    "avg_r": 0.09850265432098773,
    "sharpe_daily": 1.9661202106904379,
    "max_dd_pct": -0.1306896188098265,
    "max_dd_dollars": -4460.260000000013,
    "max_q_concentration": 0.18579254830035205,
    "ending_equity": 40957.430000000015,
    "ending_equity_multiple": 1.6382972000000007,
    "worst_losing_streak": 5,
    "worst_6mo_pnl": -4460.260000000011
  },
  "E_tier300_aligned": {
    "n_trades": 1433,
    "trades_per_year": 286.6,
    "net_pnl": 105636.17999999996,
    "wr": 0.5066294487090021,
    "avg_r": 0.07371680390788553,
    "sharpe_daily": 1.5985782763200078,
    "max_dd_pct": -0.2672452228480743,
    "max_dd_dollars": -18974.184999999954,
    "max_q_concentration": 0.2042582744597494,
    "ending_equity": 130636.17999999996,
    "ending_equity_multiple": 5.225447199999999,
    "worst_losing_streak": 11,
    "worst_6mo_pnl": -13663.815000000002
  },
  "F_tier300_or_200": {
    "n_trades": 2781,
    "trades_per_year": 556.2,
    "net_pnl": 166226.51499999996,
    "wr": 0.48975188781014023,
    "avg_r": 0.05977220963682127,
    "sharpe_daily": 1.4841806046212143,
    "max_dd_pct": -0.3209112078532183,
    "max_dd_dollars": -24414.980000000272,
    "max_q_concentration": 0.26182216491947174,
    "ending_equity": 191226.51499999996,
    "ending_equity_multiple": 7.6490605999999985,
    "worst_losing_streak": 14,
    "worst_6mo_pnl": -15245.29500000014
  },
  "G_full_stack": {
    "n_trades": 1071,
    "trades_per_year": 214.2,
    "net_pnl": 70057.07999999981,
    "wr": 0.5042016806722689,
    "avg_r": 0.06541277310924352,
    "sharpe_daily": 1.3259939904247344,
    "max_dd_pct": -0.3587315915536695,
    "max_dd_dollars": -18467.540000000008,
    "max_q_concentration": 0.1978342908252871,
    "ending_equity": 95057.07999999981,
    "ending_equity_multiple": 3.8022831999999926,
    "worst_losing_streak": 9,
    "worst_6mo_pnl": -16446.740000000045
  }
}