{
  "or5min": {
    "n_trades": 31037,
    "n_wins": 14504,
    "n_losses": 16409,
    "net_pnl": 12752527.53000003,
    "gross_wins": 479232902.665,
    "gross_losses": 466480375.1349999,
    "win_rate": 0.46731320681766925,
    "profit_factor": 1.0273377578345275,
    "avg_r_multiple": 0.020034783385227958,
    "sharpe": 1.3651296312530379,
    "max_drawdown_pct": -0.7827543160626841,
    "max_drawdown_dollars": -15475264.560000008,
    "ending_equity": 12852527.53000003,
    "n_sessions": 1257,
    "run_seconds": 8.54,
    "label": "orb_oos_2020_2024_nobias_or5m",
    "minutes": 5,
    "per_tier": {
      "$10-20": {
        "n_trades": 3156,
        "net_pnl": -42364.099999985425,
        "win_rate": 0.45278833967046894,
        "avg_r_multiple": 0.013921183830976588,
        "profit_factor": 0.9993023978616158
      },
      "$100-200": {
        "n_trades": 6533,
        "net_pnl": 7512292.254999986,
        "win_rate": 0.47589162712383287,
        "avg_r_multiple": 0.03695703041267169,
        "profit_factor": 1.0779266605513598
      },
      "$20-50": {
        "n_trades": 5929,
        "net_pnl": 566738.5150000268,
        "win_rate": 0.4574127171529769,
        "avg_r_multiple": -0.006221014688267841,
        "profit_factor": 1.0074781055261
      },
      "$200-300": {
        "n_trades": 2576,
        "net_pnl": -389742.6650000053,
        "win_rate": 0.46273291925465837,
        "avg_r_multiple": 0.006052727231412689,
        "profit_factor": 0.990166800738796
      },
      "$300+": {
        "n_trades": 5886,
        "net_pnl": 8537425.869999986,
        "win_rate": 0.48402990146109415,
        "avg_r_multiple": 0.04824895570380517,
        "profit_factor": 1.1024470015869128
      },
      "$50-100": {
        "n_trades": 5593,
        "net_pnl": -3261560.7899999935,
        "win_rate": 0.46504559270516715,
        "avg_r_multiple": 0.01224802703927863,
        "profit_factor": 0.9608596777946107
      },
      "<$10": {
        "n_trades": 1364,
        "net_pnl": -170261.55499998826,
        "win_rate": 0.44868035190615835,
        "avg_r_multiple": 0.003841670312398935,
        "profit_factor": 0.9937549339447792
      }
    },
    "per_quarter": {
      "2020Q1": {
        "n_trades": 1376,
        "net_pnl": -50675.29500000055,
        "pct_of_total": -0.003973745195278981,
        "win_rate": 0.4258720930232558
      },
      "2020Q2": {
        "n_trades": 1438,
        "net_pnl": 74810.44999999984,
        "pct_of_total": 0.00586632334837231,
        "win_rate": 0.4847009735744089
      },
      "2020Q3": {
        "n_trades": 1450,
        "net_pnl": 31418.75000000019,
        "pct_of_total": 0.002463727282774987,
        "win_rate": 0.463448275862069
      },
      "2020Q4": {
        "n_trades": 1512,
        "net_pnl": 91467.37999999961,
        "pct_of_total": 0.00717249029926222,
        "win_rate": 0.45701058201058203
      },
      "2021Q1": {
        "n_trades": 1448,
        "net_pnl": 258036.19999999914,
        "pct_of_total": 0.020234122168564222,
        "win_rate": 0.47375690607734805
      },
      "2021Q2": {
        "n_trades": 1509,
        "net_pnl": 417685.18999999785,
        "pct_of_total": 0.032753129841704164,
        "win_rate": 0.5023194168323393
      },
      "2021Q3": {
        "n_trades": 1580,
        "net_pnl": -300229.9749999993,
        "pct_of_total": -0.023542781953907972,
        "win_rate": 0.45759493670886076
      },
      "2021Q4": {
        "n_trades": 1614,
        "net_pnl": -46749.724999999016,
        "pct_of_total": -0.003665918375006159,
        "win_rate": 0.4560099132589839
      },
      "2022Q1": {
        "n_trades": 1557,
        "net_pnl": 194656.02499999834,
        "pct_of_total": 0.01526411329378231,
        "win_rate": 0.4707771355170199
      },
      "2022Q2": {
        "n_trades": 1551,
        "net_pnl": 857771.9949999998,
        "pct_of_total": 0.06726290086275923,
        "win_rate": 0.4977433913604126
      },
      "2022Q3": {
        "n_trades": 1649,
        "net_pnl": -245295.01999999868,
        "pct_of_total": -0.019235011994520126,
        "win_rate": 0.47180109157064887
      },
      "2022Q4": {
        "n_trades": 1608,
        "net_pnl": 1467811.349999997,
        "pct_of_total": 0.1150996417413728,
        "win_rate": 0.49129353233830847
      },
      "2023Q1": {
        "n_trades": 1592,
        "net_pnl": 294096.22500000196,
        "pct_of_total": 0.023061798871490166,
        "win_rate": 0.45791457286432163
      },
      "2023Q2": {
        "n_trades": 1586,
        "net_pnl": 8307290.630000023,
        "pct_of_total": 0.6514230696979334,
        "win_rate": 0.48865069356872637
      },
      "2023Q3": {
        "n_trades": 1613,
        "net_pnl": 400652.57500000857,
        "pct_of_total": 0.03141750324063074,
        "win_rate": 0.46559206447613144
      },
      "2023Q4": {
        "n_trades": 1603,
        "net_pnl": -2128601.5600000266,
        "pct_of_total": -0.16691605291519976,
        "win_rate": 0.45726762320648784
      },
      "2024Q1": {
        "n_trades": 1545,
        "net_pnl": -5888796.265000012,
        "pct_of_total": -0.46177483256921054,
        "win_rate": 0.4323624595469256
      },
      "2024Q2": {
        "n_trades": 1595,
        "net_pnl": 3743331.4449999887,
        "pct_of_total": 0.2935364331654166,
        "win_rate": 0.4670846394984326
      },
      "2024Q3": {
        "n_trades": 1608,
        "net_pnl": 3326724.2700000666,
        "pct_of_total": 0.26086783676208686,
        "win_rate": 0.4552238805970149
      },
      "2024Q4": {
        "n_trades": 1603,
        "net_pnl": 1947122.8849999807,
        "pct_of_total": 0.15268525242697328,
        "win_rate": 0.4672489082969432
      }
    },
    "per_year": {
      "2020": {
        "n_trades": 5776,
        "net_pnl": 147021.28499999913,
        "pct_of_total": 0.01152879573513054,
        "win_rate": 0.4581024930747922
      },
      "2021": {
        "n_trades": 6151,
        "net_pnl": 328741.6899999987,
        "pct_of_total": 0.025778551681354258,
        "win_rate": 0.47195577954804097
      },
      "2022": {
        "n_trades": 6365,
        "net_pnl": 2274944.349999997,
        "pct_of_total": 0.17839164390339424,
        "win_rate": 0.4827965435978005
      },
      "2023": {
        "n_trades": 6394,
        "net_pnl": 6873437.8700000085,
        "pct_of_total": 0.5389863188948546,
        "win_rate": 0.4673131060369096
      },
      "2024": {
        "n_trades": 6351,
        "net_pnl": 3128382.3350000232,
        "pct_of_total": 0.24531468978526613,
        "win_rate": 0.45567627145331446
      }
    },
    "per_symbol": {
      "AAL": {
        "n_trades": 1236,
        "net_pnl": -900818.6950000005,
        "win_rate": 0.465210355987055,
        "avg_r_multiple": 0.006222714351143798
      },
      "AAPL": {
        "n_trades": 1238,
        "net_pnl": -1180413.1100000185,
        "win_rate": 0.49515347334410337,
        "avg_r_multiple": 0.06219748767195277
      },
      "ADBE": {
        "n_trades": 1233,
        "net_pnl": 2207570.5899999877,
        "win_rate": 0.47526358475263586,
        "avg_r_multiple": 0.024248881641130714
      },
      "AMD": {
        "n_trades": 1242,
        "net_pnl": -2744749.4000000013,
        "win_rate": 0.47342995169082125,
        "avg_r_multiple": 0.026448720864742623
      },
      "AVGO": {
        "n_trades": 1240,
        "net_pnl": 2138735.9749999885,
        "win_rate": 0.4774193548387097,
        "avg_r_multiple": 0.04467307026701603
      },
      "BAC": {
        "n_trades": 1232,
        "net_pnl": -27354.44500001194,
        "win_rate": 0.450487012987013,
        "avg_r_multiple": -0.004011323911822767
      },
      "CRM": {
        "n_trades": 1240,
        "net_pnl": -879373.6100000036,
        "win_rate": 0.43548387096774194,
        "avg_r_multiple": -0.007278014631941259
      },
      "CSCO": {
        "n_trades": 1230,
        "net_pnl": -2472226.7300000126,