{
  "or5min": {
    "n_trades": 802,
    "n_wins": 402,
    "n_losses": 399,
    "net_pnl": 38211.42000000007,
    "gross_wins": 415073.0099999999,
    "gross_losses": 376861.58999999985,
    "win_rate": 0.5012468827930174,
    "profit_factor": 1.1013937769566806,
    "avg_r_multiple": 0.044526667403647774,
    "sharpe": 0.791062622400634,
    "max_drawdown_pct": -0.12760166084129523,
    "max_drawdown_dollars": -19924.030000000028,
    "ending_equity": 138211.42000000007,
    "n_sessions": 786,
    "run_seconds": 0.6,
    "label": "sanity_aapl_msft_or5m",
    "minutes": 5,
    "per_tier": {
      "$100-200": {
        "n_trades": 585,
        "net_pnl": 33202.72000000003,
        "win_rate": 0.5076923076923077,
        "avg_r_multiple": 0.04716418596093785,
        "profit_factor": 1.1200972071078124
      },
      "$200-300": {
        "n_trades": 116,
        "net_pnl": -5041.360000000066,
        "win_rate": 0.4396551724137931,
        "avg_r_multiple": -0.012918565625896865,
        "profit_factor": 0.9139536596482993
      },
      "$300+": {
        "n_trades": 101,
        "net_pnl": 10050.06000000011,
        "win_rate": 0.5346534653465347,
        "avg_r_multiple": 0.09522665428891997,
        "profit_factor": 1.2403899891681662
      }
    },
    "per_quarter": {
      "2020Q1": {
        "n_trades": 43,
        "net_pnl": 4468.21500000003,
        "pct_of_total": 0.11693402129520498,
        "win_rate": 0.5348837209302325
      },
      "2020Q2": {
        "n_trades": 40,
        "net_pnl": 5428.6,
        "pct_of_total": 0.1420674761628851,
        "win_rate": 0.55
      },
      "2020Q3": {
        "n_trades": 37,
        "net_pnl": 10471.360000000011,
        "pct_of_total": 0.2740374474437221,
        "win_rate": 0.5405405405405406
      },
      "2020Q4": {
        "n_trades": 36,
        "net_pnl": 340.77499999998213,
        "pct_of_total": 0.008918145413072362,
        "win_rate": 0.5555555555555556
      },
      "2021Q1": {
        "n_trades": 33,
        "net_pnl": -245.25499999997874,
        "pct_of_total": -0.006418369168169576,
        "win_rate": 0.42424242424242425
      },
      "2021Q2": {
        "n_trades": 37,
        "net_pnl": 5037.844999999998,
        "pct_of_total": 0.1318413448126238,
        "win_rate": 0.5675675675675675
      },
      "2021Q3": {
        "n_trades": 35,
        "net_pnl": -1180.3799999998287,
        "pct_of_total": -0.03089076511681132,
        "win_rate": 0.4857142857142857
      },
      "2021Q4": {
        "n_trades": 42,
        "net_pnl": 3741.399999999994,
        "pct_of_total": 0.0979131369627192,
        "win_rate": 0.6190476190476191
      },
      "2022Q1": {
        "n_trades": 39,
        "net_pnl": -1945.290000000045,
        "pct_of_total": -0.05090860271615243,
        "win_rate": 0.4358974358974359
      },
      "2022Q2": {
        "n_trades": 39,
        "net_pnl": 1539.7599999999766,
        "pct_of_total": 0.040295806855646134,
        "win_rate": 0.46153846153846156
      },
      "2022Q3": {
        "n_trades": 43,
        "net_pnl": -8003.370000000196,
        "pct_of_total": -0.20944968807754805,
        "win_rate": 0.4418604651162791
      },
      "2022Q4": {
        "n_trades": 48,
        "net_pnl": 18791.41499999993,
        "pct_of_total": 0.4917748411338782,
        "win_rate": 0.6458333333333334
      },
      "2023Q1": {
        "n_trades": 42,
        "net_pnl": 4281.465000000171,
        "pct_of_total": 0.11204673890685463,
        "win_rate": 0.47619047619047616
      },
      "2023Q2": {
        "n_trades": 44,
        "net_pnl": 4960.945000000037,
        "pct_of_total": 0.1298288574462825,
        "win_rate": 0.5227272727272727
      },
      "2023Q3": {
        "n_trades": 36,
        "net_pnl": -2176.06500000007,
        "pct_of_total": -0.05694802757919141,
        "win_rate": 0.4722222222222222
      },
      "2023Q4": {
        "n_trades": 39,
        "net_pnl": -61.35499999992095,
        "pct_of_total": -0.0016056718122467273,
        "win_rate": 0.46153846153846156
      },
      "2024Q1": {
        "n_trades": 58,
        "net_pnl": 2659.245000000188,
        "pct_of_total": 0.06959293844615519,
        "win_rate": 0.5344827586206896
      },
      "2024Q2": {
        "n_trades": 36,
        "net_pnl": 6912.619999999821,
        "pct_of_total": 0.18090455680526418,
        "win_rate": 0.4444444444444444
      },
      "2024Q3": {
        "n_trades": 36,
        "net_pnl": -9626.604999999956,
        "pct_of_total": -0.25193005127786244,
        "win_rate": 0.3611111111111111
      },
      "2024Q4": {
        "n_trades": 39,
        "net_pnl": -7183.905000000073,
        "pct_of_total": -0.18800413593632637,
        "win_rate": 0.41025641025641024
      }
    },
    "per_year": {
      "2020": {
        "n_trades": 156,
        "net_pnl": 20708.95000000003,
        "pct_of_total": 0.5419570903148847,
        "win_rate": 0.5448717948717948
      },
      "2021": {
        "n_trades": 147,
        "net_pnl": 7353.6100000001825,
        "pct_of_total": 0.19244534749036202,
        "win_rate": 0.5306122448979592
      },
      "2022": {
        "n_trades": 169,
        "net_pnl": 10382.514999999672,
        "pct_of_total": 0.271712357195824,
        "win_rate": 0.5029585798816568
      },
      "2023": {
        "n_trades": 161,
        "net_pnl": 7004.990000000218,
        "pct_of_total": 0.183321896961699,
        "win_rate": 0.484472049689441
      },
      "2024": {
        "n_trades": 169,
        "net_pnl": -7238.645000000024,
        "pct_of_total": -0.18943669196276952,
        "win_rate": 0.44970414201183434
      }
    },
    "per_symbol": {
      "AAPL": {
        "n_trades": 775,
        "net_pnl": 39093.35500000005,
        "win_rate": 0.5032258064516129,
        "avg_r_multiple": 0.04680986679350957
      },
      "MSFT": {
        "n_trades": 27,
        "net_pnl": -881.9349999999672,
        "win_rate": 0.4444444444444444,
        "avg_r_multiple": -0.021009611379422418
      }
    },
    "max_quarter_pct": 0.4917748411338782
  }
}