{
  "config": {
    "mode": "depth_imbalance",
    "min_imbalance": 1.1,
    "top_n": 5,
    "max_spread_pct": 1.0,
    "year_filter": null
  },
  "baseline": {
    "n_trades": 9874,
    "sharpe": 0.4964808900920711,
    "total_pnl": 581896.1499999913,
    "win_rate": 0.18776584970629936,
    "avg_r": 0.058932160218755456,
    "profit_factor": 1.2682605023379128,
    "max_drawdown_pct": -24.068392522612136
  },
  "with_l2": {
    "n_trades": 3301,
    "sharpe": 0.523772486626498,
    "total_pnl": 247163.68499999627,
    "win_rate": 0.17933959406240532,
    "avg_r": 0.07487539684943845,
    "profit_factor": 1.31872225410593,
    "max_drawdown_pct": -38.15795213314477
  },
  "trade_count_reduction_pct": 66.56876645736277,
  "sharpe_delta": 0.02729159653442692
}