{
  "config": {
    "mode": "depth_imbalance",
    "min_imbalance": 1.2,
    "top_n": 5,
    "max_spread_pct": 1.0,
    "year_filter": null
  },
  "baseline": {
    "n_trades": 9874,
    "sharpe": 0.4964808900920711,
    "total_pnl": 581896.1499999913,
    "win_rate": 0.18776584970629936,
    "avg_r": 0.058932160218755456,
    "profit_factor": 1.2682605023379128,
    "max_drawdown_pct": -24.068392522612136
  },
  "with_l2": {
    "n_trades": 3123,
    "sharpe": 0.5286597110287616,
    "total_pnl": 240284.71999999628,
    "win_rate": 0.18059558117195004,
    "avg_r": 0.07694035222542307,
    "profit_factor": 1.3299549637074455,
    "max_drawdown_pct": -37.74758676478621
  },
  "trade_count_reduction_pct": 68.37148065626899,
  "sharpe_delta": 0.032178820936690555
}