{
  "config": {
    "mode": "depth_imbalance",
    "min_imbalance": 1.5,
    "top_n": 5,
    "max_spread_pct": 1.0,
    "year_filter": null
  },
  "baseline": {
    "n_trades": 9874,
    "sharpe": 0.4964808900920711,
    "total_pnl": 581896.1499999913,
    "win_rate": 0.18776584970629936,
    "avg_r": 0.058932160218755456,
    "profit_factor": 1.2682605023379128,
    "max_drawdown_pct": -24.068392522612136
  },
  "with_l2": {
    "n_trades": 2579,
    "sharpe": 0.5700964009238167,
    "total_pnl": 229040.15499999723,
    "win_rate": 0.17836370686312525,
    "avg_r": 0.08880967623109627,
    "profit_factor": 1.3829526832384822,
    "max_drawdown_pct": -35.8959124093213
  },
  "trade_count_reduction_pct": 73.8808993315779,
  "sharpe_delta": 0.07361551083174567
}