{
  "config": {
    "mode": "momentum_vacuum",
    "min_imbalance": 1.5,
    "top_n": 5,
    "max_spread_pct": 1.0,
    "year_filter": null
  },
  "baseline": {
    "n_trades": 9874,
    "sharpe": 0.4964808900920711,
    "total_pnl": 581896.1499999913,
    "win_rate": 0.18776584970629936,
    "avg_r": 0.058932160218755456,
    "profit_factor": 1.2682605023379128,
    "max_drawdown_pct": -24.068392522612136
  },
  "with_l2": {
    "n_trades": 1228,
    "sharpe": 0.9447418151681104,
    "total_pnl": 68629.70999999897,
    "win_rate": 0.2296416938110749,
    "avg_r": 0.05588738599348452,
    "profit_factor": 1.5472339967467112,
    "max_drawdown_pct": -9.788479021248492
  },
  "trade_count_reduction_pct": 87.5632975491189,
  "sharpe_delta": 0.4482609250760393
}