[MOVE_SUB_A] Alpaca PAPER connected — account=PA3RRCLS7OMI equity=$5,610
[MOVE_SUB_A] starting consume loop
[MOVE_SUB_A] [04:00:37] connected to engine (/tmp/warrior_engine.sock) attempt=1
[MOVE_SUB_A] [04:01:37] STATS ticks=0 symbols=0 pos=no daily_pnl=+0 drops=0
[MOVE_SUB_A] [04:02:38] STATS ticks=0 symbols=0 pos=no daily_pnl=+0 drops=0
[MOVE_SUB_A] [04:03:39] STATS ticks=0 symbols=0 pos=no daily_pnl=+0 drops=0
[MOVE_SUB_A] [04:04:40] STATS ticks=0 symbols=0 pos=no daily_pnl=+0 drops=0
[MOVE_SUB_A] [04:05:24] new symbol DFNS — detector + movement_strike instantiated
[MOVE_SUB_A] [04:05:27] new symbol BIYA — detector + movement_strike instantiated
[MOVE_SUB_A] [04:05:30] new symbol SKHX — detector + movement_strike instantiated
[MOVE_SUB_A] [04:05:33] new symbol BMNU — detector + movement_strike instantiated
[MOVE_SUB_A] [04:05:36] new symbol ETHU — detector + movement_strike instantiated
[MOVE_SUB_A] [04:05:39] new symbol KORU — detector + movement_strike instantiated
[MOVE_SUB_A] [04:05:41] STATS ticks=15 symbols=6 pos=no daily_pnl=+0 drops=0
[MOVE_SUB_A] [04:05:42] new symbol IRE — detector + movement_strike instantiated
[MOVE_SUB_A] [04:05:44] new symbol RAM — detector + movement_strike instantiated
[MOVE_SUB_A] [04:05:47] new symbol SNDG — detector + movement_strike instantiated
[MOVE_SUB_A] [04:05:50] new symbol AAOX — detector + movement_strike instantiated
[MOVE_SUB_A] [04:05:53] new symbol SNXX — detector + movement_strike instantiated
[MOVE_SUB_A] [04:05:56] new symbol IONX — detector + movement_strike instantiated
[MOVE_SUB_A] [04:05:59] new symbol ASTX — detector + movement_strike instantiated
[MOVE_SUB_A] [04:06:02] new symbol ONDG — detector + movement_strike instantiated
[MOVE_SUB_A] [04:06:04] new symbol RKLX — detector + movement_strike instantiated
[MOVE_SUB_A] [04:06:07] new symbol ORCX — detector + movement_strike instantiated
[MOVE_SUB_A] [04:06:10] new symbol MSTX — detector + movement_strike instantiated
[MOVE_SUB_A] [04:06:13] new symbol BMNR — detector + movement_strike instantiated
[MOVE_SUB_A] [04:06:16] new symbol ORCU — detector + movement_strike instantiated
[MOVE_SUB_A] [04:06:19] new symbol ETHA — detector + movement_strike instantiated
[MOVE_SUB_A] [04:06:42] STATS ticks=47 symbols=20 pos=no daily_pnl=+0 drops=0
[MOVE_SUB_A] [04:07:43] STATS ticks=47 symbols=20 pos=no daily_pnl=+0 drops=0
[MOVE_SUB_A] [04:08:45] STATS ticks=47 symbols=20 pos=no daily_pnl=+0 drops=0
[MOVE_SUB_A] [04:09:46] STATS ticks=47 symbols=20 pos=no daily_pnl=+0 drops=0
[MOVE_SUB_A] [04:10:46] STATS ticks=64 symbols=20 pos=no daily_pnl=+0 drops=0
[MOVE_SUB_A] [04:11:11] new symbol CRCG — detector + movement_strike instantiated
[MOVE_SUB_A] [04:11:17] new symbol SMCX — detector + movement_strike instantiated
[MOVE_SUB_A] socket closed by peer — reconnecting
[MOVE_SUB_A] engine socket not ready yet (ConnectionRefusedError(61, 'Connection refused')) — retrying every 2s
[MOVE_SUB_A] [04:11:53] connected to engine (/tmp/warrior_engine.sock) attempt=17
[MOVE_SUB_A] [04:11:57] STATS ticks=88 symbols=22 pos=no daily_pnl=+0 drops=0
[MOVE_SUB_A] [04:12:00] new symbol BITX — detector + movement_strike instantiated
[MOVE_SUB_A] [04:12:06] new symbol CONL — detector + movement_strike instantiated
[MOVE_SUB_A] [04:12:14] new symbol HSAI — detector + movement_strike instantiated
[MOVE_SUB_A] [04:12:21] new symbol MUD — detector + movement_strike instantiated
[MOVE_SUB_A] [04:12:23] new symbol MUZ — detector + movement_strike instantiated
[MOVE_SUB_A] [04:12:24] new symbol NOK — detector + movement_strike instantiated
[MOVE_SUB_A] [04:12:28] new symbol ONDS — detector + movement_strike instantiated
[MOVE_SUB_A] [04:12:35] new symbol SKDD — detector + movement_strike instantiated
[MOVE_SUB_A] [04:12:43] new symbol SPCH — detector + movement_strike instantiated
[MOVE_SUB_A] [04:12:44] new symbol STAK — detector + movement_strike instantiated
[MOVE_SUB_A] [04:12:46] new symbol TE — detector + movement_strike instantiated
[MOVE_SUB_A] [04:12:47] new symbol TSLL — detector + movement_strike instantiated
[MOVE_SUB_A] [04:12:58] STATS ticks=173 symbols=34 pos=no daily_pnl=+0 drops=0
[MOVE_SUB_A] [04:14:01] STATS ticks=237 symbols=34 pos=no daily_pnl=+0 drops=0
[MOVE_SUB_A] [04:15:03] STATS ticks=297 symbols=34 pos=no daily_pnl=+0 drops=0
[MOVE_SUB_A] [04:16:03] STATS ticks=391 symbols=34 pos=no daily_pnl=+0 drops=0
[MOVE_SUB_A] [04:16:55] new symbol LGHL — detector + movement_strike instantiated
[MOVE_SUB_A] [04:17:03] STATS ticks=415 symbols=35 pos=no daily_pnl=+0 drops=0
[MOVE_SUB_A] [04:17:04] new symbol SKHU — detector + movement_strike instantiated
[MOVE_SUB_A] [04:17:15] new symbol AXTX — detector + movement_strike instantiated
[MOVE_SUB_A] [04:17:32] new symbol IONL — detector + movement_strike instantiated
[MOVE_SUB_A] [04:18:07] STATS ticks=492 symbols=38 pos=no daily_pnl=+0 drops=0
[MOVE_SUB_A] [04:19:09] STATS ticks=517 symbols=38 pos=no daily_pnl=+0 drops=0
[MOVE_SUB_A] [04:20:09] STATS ticks=543 symbols=38 pos=no daily_pnl=+0 drops=0
[MOVE_SUB_A] [04:21:11] STATS ticks=565 symbols=38 pos=no daily_pnl=+0 drops=0
[MOVE_SUB_A] [04:22:01] new symbol VEEE — detector + movement_strike instantiated
[MOVE_SUB_A] [04:22:12] STATS ticks=589 symbols=39 pos=no daily_pnl=+0 drops=0
[MOVE_SUB_A] [04:22:37] new symbol CRWU — detector + movement_strike instantiated
  QUALITY_GATE symbol=BMNR gate=no_reentry result=PASS losses=0/1 trades=0/2
[MOVE_SUB_A] [04:23:14] STATS ticks=632 symbols=40 pos=no daily_pnl=+0 drops=0
[MOVE_SUB_A] [04:24:16] STATS ticks=736 symbols=40 pos=no daily_pnl=+0 drops=0
[MOVE_SUB_A] [04:25:16] STATS ticks=796 symbols=40 pos=no daily_pnl=+0 drops=0
[MOVE_SUB_A] [04:26:17] STATS ticks=817 symbols=40 pos=no daily_pnl=+0 drops=0
[MOVE_SUB_A] [04:27:19] STATS ticks=854 symbols=40 pos=no daily_pnl=+0 drops=0
[MOVE_SUB_A] [04:28:21] STATS ticks=891 symbols=40 pos=no daily_pnl=+0 drops=0
[MOVE_SUB_A] [04:29:22] STATS ticks=917 symbols=40 pos=no daily_pnl=+0 drops=0
[MOVE_SUB_A] [04:30:25] STATS ticks=931 symbols=40 pos=no daily_pnl=+0 drops=0
[MOVE_SUB_A] [04:31:26] STATS ticks=955 symbols=40 pos=no daily_pnl=+0 drops=0
[MOVE_SUB_A] [04:32:27] STATS ticks=1005 symbols=40 pos=no daily_pnl=+0 drops=0
[MOVE_SUB_A] [04:33:29] STATS ticks=1045 symbols=40 pos=no daily_pnl=+0 drops=0
[MOVE_SUB_A] [04:34:30] STATS ticks=1057 symbols=40 pos=no daily_pnl=+0 drops=0
[MOVE_SUB_A] [04:35:31] STATS ticks=1105 symbols=40 pos=no daily_pnl=+0 drops=0
[MOVE_SUB_A] [04:36:32] STATS ticks=1138 symbols=40 pos=no daily_pnl=+0 drops=0
  QUALITY_GATE symbol=ETHU gate=no_reentry result=PASS losses=0/1 trades=0/2
[MOVE_SUB_A] [04:37:08] ETHU ARMED entry=17.3300 stop=17.2984 R=0.0316 score=2.1 — movement_strike history reset
[MOVE_SUB_A] [04:37:08] ETHU FLOAT_GATE_BLOCK float=25.061649M cap=5.0M
  QUALITY_GATE symbol=RAM gate=no_reentry result=PASS losses=0/1 trades=0/2
[MOVE_SUB_A] [04:37:25] RAM ARMED entry=13.3400 stop=13.2700 R=0.0700 score=2.6 — movement_strike history reset
[MOVE_SUB_A] [04:37:33] STATS ticks=1186 symbols=40 pos=no daily_pnl=+0 drops=0
  QUALITY_GATE symbol=IONL gate=no_reentry result=PASS losses=0/1 trades=0/2
[MOVE_SUB_A] [04:38:34] STATS ticks=1202 symbols=40 pos=no daily_pnl=+0 drops=0
[MOVE_SUB_A] [04:39:34] STATS ticks=1217 symbols=40 pos=no daily_pnl=+0 drops=0
[MOVE_SUB_A] [04:40:35] STATS ticks=1224 symbols=40 pos=no daily_pnl=+0 drops=0
[MOVE_SUB_A] [04:41:40] STATS ticks=1239 symbols=40 pos=no daily_pnl=+0 drops=0
[MOVE_SUB_A] [04:42:17] new symbol NBIG — detector + movement_strike instantiated
  QUALITY_GATE symbol=SNXX gate=no_reentry result=PASS losses=0/1 trades=0/2
[MOVE_SUB_A] [04:42:36] SNXX ARMED entry=15.7000 stop=15.5900 R=0.1100 score=5.5 — movement_strike history reset
[MOVE_SUB_A] [04:42:40] STATS ticks=1337 symbols=41 pos=no daily_pnl=+0 drops=0
[MOVE_SUB_A] [04:43:43] STATS ticks=1355 symbols=41 pos=no daily_pnl=+0 drops=0
[MOVE_SUB_A] [04:44:44] STATS ticks=1366 symbols=41 pos=no daily_pnl=+0 drops=0
[MOVE_SUB_A] [04:45:45] STATS ticks=1389 symbols=41 pos=no daily_pnl=+0 drops=0
[MOVE_SUB_A] [04:46:47] STATS ticks=1410 symbols=41 pos=no daily_pnl=+0 drops=0
[MOVE_SUB_A] [04:47:21] new symbol SKHL — detector + movement_strike instantiated
[MOVE_SUB_A] [04:47:47] STATS ticks=1457 symbols=42 pos=no daily_pnl=+0 drops=0
[MOVE_SUB_A] [04:48:47] STATS ticks=1503 symbols=42 pos=no daily_pnl=+0 drops=0
[MOVE_SUB_A] [04:49:51] STATS ticks=1518 symbols=42 pos=no daily_pnl=+0 drops=0
[MOVE_SUB_A] [04:50:53] STATS ticks=1552 symbols=42 pos=no daily_pnl=+0 drops=0
[MOVE_SUB_A] [04:51:54] STATS ticks=1555 symbols=42 pos=no daily_pnl=+0 drops=0
[MOVE_SUB_A] [04:52:15] new symbol CRDU — detector + movement_strike instantiated
[MOVE_SUB_A] [04:52:56] STATS ticks=1599 symbols=43 pos=no daily_pnl=+0 drops=0
[MOVE_SUB_A] [04:53:57] STATS ticks=1608 symbols=43 pos=no daily_pnl=+0 drops=0
[MOVE_SUB_A] [04:54:59] STATS ticks=1676 symbols=43 pos=no daily_pnl=+0 drops=0
[MOVE_SUB_A] [04:56:00] STATS ticks=1724 symbols=43 pos=no daily_pnl=+0 drops=0
[MOVE_SUB_A] [04:57:01] STATS ticks=1751 symbols=43 pos=no daily_pnl=+0 drops=0
[MOVE_SUB_A] [04:58:02] STATS ticks=1809 symbols=43 pos=no daily_pnl=+0 drops=0
[MOVE_SUB_A] [04:59:03] STATS ticks=1835 symbols=43 pos=no daily_pnl=+0 drops=0
[MOVE_SUB_A] [05:00:04] STATS ticks=1853 symbols=43 pos=no daily_pnl=+0 drops=0
[MOVE_SUB_A] [05:01:07] STATS ticks=1891 symbols=43 pos=no daily_pnl=+0 drops=0
  QUALITY_GATE symbol=VEEE gate=no_reentry result=PASS losses=0/1 trades=0/2
[MOVE_SUB_A] [05:02:08] STATS ticks=1926 symbols=43 pos=no daily_pnl=+0 drops=0
[MOVE_SUB_A] [05:02:21] new symbol ETHT — detector + movement_strike instantiated
[MOVE_SUB_A] [05:02:35] new symbol EHGO — detector + movement_strike instantiated
[MOVE_SUB_A] [05:03:10] STATS ticks=1975 symbols=45 pos=no daily_pnl=+0 drops=0
[MOVE_SUB_A] [05:04:12] STATS ticks=1991 symbols=45 pos=no daily_pnl=+0 drops=0
[MOVE_SUB_A] [05:05:13] STATS ticks=2016 symbols=45 pos=no daily_pnl=+0 drops=0
[MOVE_SUB_A] [05:06:14] STATS ticks=2117 symbols=45 pos=no daily_pnl=+0 drops=0
[MOVE_SUB_A] [05:07:16] STATS ticks=2195 symbols=45 pos=no daily_pnl=+0 drops=0
[MOVE_SUB_A] [05:08:18] STATS ticks=2233 symbols=45 pos=no daily_pnl=+0 drops=0
[MOVE_SUB_A] [05:09:19] STATS ticks=2248 symbols=45 pos=no daily_pnl=+0 drops=0
[MOVE_SUB_A] [05:10:21] STATS ticks=2400 symbols=45 pos=no daily_pnl=+0 drops=0
[MOVE_SUB_A] [05:11:23] STATS ticks=2586 symbols=45 pos=no daily_pnl=+0 drops=0
  QUALITY_GATE symbol=NBIG gate=no_reentry result=PASS losses=0/1 trades=0/2
[MOVE_SUB_A] [05:12:17] NBIG ARMED entry=17.2300 stop=17.2000 R=0.0300 score=4.5 — movement_strike history reset
[MOVE_SUB_A] [05:12:24] STATS ticks=2609 symbols=45 pos=no daily_pnl=+0 drops=0
[MOVE_SUB_A] [05:13:24] STATS ticks=2628 symbols=45 pos=no daily_pnl=+0 drops=0
[MOVE_SUB_A] [05:14:27] STATS ticks=2633 symbols=45 pos=no daily_pnl=+0 drops=0
[MOVE_SUB_A] [05:15:29] STATS ticks=2640 symbols=45 pos=no daily_pnl=+0 drops=0
[MOVE_SUB_A] [05:16:30] STATS ticks=2653 symbols=45 pos=no daily_pnl=+0 drops=0
[MOVE_SUB_A] [05:17:31] STATS ticks=2687 symbols=45 pos=no daily_pnl=+0 drops=0
[MOVE_SUB_A] [05:17:34] new symbol APLX — detector + movement_strike instantiated
[MOVE_SUB_A] [05:17:42] new symbol IREX — detector + movement_strike instantiated
[MOVE_SUB_A] [05:18:33] STATS ticks=2736 symbols=47 pos=no daily_pnl=+0 drops=0
[MOVE_SUB_A] [05:19:34] STATS ticks=2739 symbols=47 pos=no daily_pnl=+0 drops=0
[MOVE_SUB_A] [05:20:35] STATS ticks=2749 symbols=47 pos=no daily_pnl=+0 drops=0
[MOVE_SUB_A] [05:21:37] STATS ticks=2760 symbols=47 pos=no daily_pnl=+0 drops=0
  QUALITY_GATE symbol=SKHL gate=no_reentry result=PASS losses=0/1 trades=0/2
[MOVE_SUB_A] [05:22:09] SKHL ARMED entry=9.8600 stop=9.8200 R=0.0400 score=3.3 — movement_strike history reset
[MOVE_SUB_A] [05:22:09] SKHL FLOAT_GATE_BLOCK float=NoneM cap=5.0M
[MOVE_SUB_A] [05:22:39] STATS ticks=2785 symbols=47 pos=no daily_pnl=+0 drops=0
[MOVE_SUB_A] [05:23:40] STATS ticks=2798 symbols=47 pos=no daily_pnl=+0 drops=0
[MOVE_SUB_A] [05:24:41] STATS ticks=2817 symbols=47 pos=no daily_pnl=+0 drops=0
[MOVE_SUB_A] [05:25:42] STATS ticks=2827 symbols=47 pos=no daily_pnl=+0 drops=0
[MOVE_SUB_A] [05:26:44] STATS ticks=2875 symbols=47 pos=no daily_pnl=+0 drops=0
[MOVE_SUB_A] [05:27:45] STATS ticks=2908 symbols=47 pos=no daily_pnl=+0 drops=0
[MOVE_SUB_A] [05:28:47] STATS ticks=2927 symbols=47 pos=no daily_pnl=+0 drops=0
[MOVE_SUB_A] [05:29:48] STATS ticks=2938 symbols=47 pos=no daily_pnl=+0 drops=0
[MOVE_SUB_A] [05:30:50] STATS ticks=3366 symbols=47 pos=no daily_pnl=+0 drops=0
[MOVE_SUB_A] [05:31:50] STATS ticks=3418 symbols=47 pos=no daily_pnl=+0 drops=0
[MOVE_SUB_A] [05:32:51] STATS ticks=3481 symbols=47 pos=no daily_pnl=+0 drops=0
[MOVE_SUB_A] [05:33:53] STATS ticks=3540 symbols=47 pos=no daily_pnl=+0 drops=0
[MOVE_SUB_A] [05:34:54] STATS ticks=3545 symbols=47 pos=no daily_pnl=+0 drops=0
[MOVE_SUB_A] [05:35:57] STATS ticks=3600 symbols=47 pos=no daily_pnl=+0 drops=0
  QUALITY_GATE symbol=KORU gate=no_reentry result=PASS losses=0/1 trades=0/2
[MOVE_SUB_A] [05:36:00] KORU ARMED entry=19.7000 stop=19.6000 R=0.1000 score=10.8 — movement_strike history reset
[MOVE_SUB_A] [05:36:03] TAPE_FINGERPRINT KORU stop_pct=0.51 rate_per_min=39 accel=1.37x range_pct=0.46 ticks=196 dollars=516,582 pos_pct_of_vol=10.67 window_sec=299
[MOVE_SUB_A] [05:36:04] 🟩 ENTRY KORU qty=2804 limit=$19.90 (anomaly@$19.70) stop=$19.60 R=$0.1000 score=10.8
[MOVE_SUB_A] ENTRY REJECT KORU: APIError('{"buying_power":"5609.65","code":40310000,"cost_basis":"55799.61","message":"insufficient buying power"}')
[MOVE_SUB_A] [05:36:59] STATS ticks=3656 symbols=47 pos=no daily_pnl=+0 drops=0
[MOVE_SUB_A] [05:38:00] STATS ticks=3710 symbols=47 pos=no daily_pnl=+0 drops=0
[MOVE_SUB_A] [05:39:00] STATS ticks=3735 symbols=47 pos=no daily_pnl=+0 drops=0
[MOVE_SUB_A] [05:40:03] STATS ticks=3739 symbols=47 pos=no daily_pnl=+0 drops=0
[MOVE_SUB_A] [05:41:04] STATS ticks=3759 symbols=47 pos=no daily_pnl=+0 drops=0
[MOVE_SUB_A] [05:42:05] STATS ticks=3785 symbols=47 pos=no daily_pnl=+0 drops=0
[MOVE_SUB_A] [05:43:07] STATS ticks=3828 symbols=47 pos=no daily_pnl=+0 drops=0
[MOVE_SUB_A] [05:44:08] STATS ticks=3839 symbols=47 pos=no daily_pnl=+0 drops=0
[MOVE_SUB_A] [05:45:08] STATS ticks=3870 symbols=47 pos=no daily_pnl=+0 drops=0
[MOVE_SUB_A] [05:46:11] STATS ticks=3882 symbols=47 pos=no daily_pnl=+0 drops=0
[MOVE_SUB_A] [05:47:11] STATS ticks=3918 symbols=47 pos=no daily_pnl=+0 drops=0
  QUALITY_GATE symbol=KORU gate=no_reentry result=PASS losses=0/1 trades=0/2
[MOVE_SUB_A] [05:48:04] KORU ARMED entry=19.7200 stop=19.6700 R=0.0500 score=7.1 — movement_strike history reset
[MOVE_SUB_A] [05:48:13] KORU LIQUIDITY_GATE_BLOCK size: qty=5609 is 56.9% of the last 5m volume (9,853 sh, cap 25%) — could not exit without moving the tape
[MOVE_SUB_A] [05:48:13] STATS ticks=3956 symbols=47 pos=no daily_pnl=+0 drops=0
  QUALITY_GATE symbol=KORU gate=no_reentry result=PASS losses=0/1 trades=0/2
[MOVE_SUB_A] [05:49:00] KORU ARMED entry=19.7300 stop=19.6700 R=0.0600 score=7.1 — movement_strike history reset
[MOVE_SUB_A] [05:49:17] STATS ticks=3997 symbols=47 pos=no daily_pnl=+0 drops=0
[MOVE_SUB_A] [05:50:18] STATS ticks=4003 symbols=47 pos=no daily_pnl=+0 drops=0
[MOVE_SUB_A] [05:50:46] KORU LIQUIDITY_GATE_BLOCK size: qty=4674 is 35.1% of the last 5m volume (13,330 sh, cap 25%) — could not exit without moving the tape
[MOVE_SUB_A] [05:51:20] STATS ticks=4082 symbols=47 pos=no daily_pnl=+0 drops=0
  QUALITY_GATE symbol=KORU gate=no_reentry result=PASS losses=0/1 trades=0/2
[MOVE_SUB_A] [05:52:00] KORU ARMED entry=19.8000 stop=19.6700 R=0.1300 score=8.1 — movement_strike history reset
[MOVE_SUB_A] [05:52:05] TAPE_FINGERPRINT KORU stop_pct=0.66 rate_per_min=52 accel=2.91x range_pct=0.61 ticks=259 dollars=562,964 pos_pct_of_vol=7.57 window_sec=297
[MOVE_SUB_A] [05:52:05] 🟩 ENTRY KORU qty=2157 limit=$20.00 (anomaly@$19.80) stop=$19.67 R=$0.1300 score=8.1
[MOVE_SUB_A] ENTRY REJECT KORU: APIError('{"buying_power":"5609.65","code":40310000,"cost_basis":"43140.01","message":"insufficient buying power"}')
[MOVE_SUB_A] [05:52:20] STATS ticks=4207 symbols=47 pos=no daily_pnl=+0 drops=0
[MOVE_SUB_A] [05:53:21] STATS ticks=4274 symbols=47 pos=no daily_pnl=+0 drops=0
[MOVE_SUB_A] [05:54:24] STATS ticks=4313 symbols=47 pos=no daily_pnl=+0 drops=0
[MOVE_SUB_A] [05:55:24] STATS ticks=4368 symbols=47 pos=no daily_pnl=+0 drops=0
[MOVE_SUB_A] [05:56:26] STATS ticks=4395 symbols=47 pos=no daily_pnl=+0 drops=0
[MOVE_SUB_A] [05:57:26] STATS ticks=4429 symbols=47 pos=no daily_pnl=+0 drops=0
[MOVE_SUB_A] [05:57:45] new symbol QBTX — detector + movement_strike instantiated
[MOVE_SUB_A] [05:58:30] STATS ticks=4474 symbols=48 pos=no daily_pnl=+0 drops=0
[MOVE_SUB_A] [05:59:30] STATS ticks=4490 symbols=48 pos=no daily_pnl=+0 drops=0
[MOVE_SUB_A] [06:00:32] STATS ticks=4507 symbols=48 pos=no daily_pnl=+0 drops=0
[MOVE_SUB_A] [06:01:33] STATS ticks=4524 symbols=48 pos=no daily_pnl=+0 drops=0
[MOVE_SUB_A] [06:02:04] new symbol PFSA — detector + movement_strike instantiated
[MOVE_SUB_A] [06:02:36] STATS ticks=4548 symbols=49 pos=no daily_pnl=+0 drops=0
[MOVE_SUB_A] [06:03:37] STATS ticks=4598 symbols=49 pos=no daily_pnl=+0 drops=0
[MOVE_SUB_A] [06:04:37] STATS ticks=4619 symbols=49 pos=no daily_pnl=+0 drops=0
[MOVE_SUB_A] [06:05:38] STATS ticks=4634 symbols=49 pos=no daily_pnl=+0 drops=0
[MOVE_SUB_A] [06:06:41] STATS ticks=4663 symbols=49 pos=no daily_pnl=+0 drops=0
[MOVE_SUB_A] [06:07:43] STATS ticks=4700 symbols=49 pos=no daily_pnl=+0 drops=0
[MOVE_SUB_A] [06:08:44] STATS ticks=4750 symbols=49 pos=no daily_pnl=+0 drops=0
[MOVE_SUB_A] [06:09:45] STATS ticks=4761 symbols=49 pos=no daily_pnl=+0 drops=0
[MOVE_SUB_A] [06:10:46] STATS ticks=4809 symbols=49 pos=no daily_pnl=+0 drops=0
[MOVE_SUB_A] [06:11:47] STATS ticks=4855 symbols=49 pos=no daily_pnl=+0 drops=0
[MOVE_SUB_A] [06:12:49] STATS ticks=4914 symbols=49 pos=no daily_pnl=+0 drops=0
[MOVE_SUB_A] [06:13:52] STATS ticks=4939 symbols=49 pos=no daily_pnl=+0 drops=0
[MOVE_SUB_A] [06:14:53] STATS ticks=4965 symbols=49 pos=no daily_pnl=+0 drops=0
[MOVE_SUB_A] [06:15:54] STATS ticks=4980 symbols=49 pos=no daily_pnl=+0 drops=0
[MOVE_SUB_A] [06:16:56] STATS ticks=4998 symbols=49 pos=no daily_pnl=+0 drops=0
[MOVE_SUB_A] [06:17:58] STATS ticks=5037 symbols=49 pos=no daily_pnl=+0 drops=0
[MOVE_SUB_A] [06:18:59] STATS ticks=5067 symbols=49 pos=no daily_pnl=+0 drops=0
[MOVE_SUB_A] [06:20:00] STATS ticks=5107 symbols=49 pos=no daily_pnl=+0 drops=0
[MOVE_SUB_A] [06:21:02] STATS ticks=5115 symbols=49 pos=no daily_pnl=+0 drops=0
[MOVE_SUB_A] [06:22:03] STATS ticks=5121 symbols=49 pos=no daily_pnl=+0 drops=0
[MOVE_SUB_A] [06:23:05] STATS ticks=5157 symbols=49 pos=no daily_pnl=+0 drops=0
[MOVE_SUB_A] [06:24:05] STATS ticks=5179 symbols=49 pos=no daily_pnl=+0 drops=0
[MOVE_SUB_A] [06:25:05] STATS ticks=5192 symbols=49 pos=no daily_pnl=+0 drops=0
[MOVE_SUB_A] [06:26:08] STATS ticks=5219 symbols=49 pos=no daily_pnl=+0 drops=0
[MOVE_SUB_A] [06:27:08] STATS ticks=5233 symbols=49 pos=no daily_pnl=+0 drops=0
[MOVE_SUB_A] [06:28:10] STATS ticks=5266 symbols=49 pos=no daily_pnl=+0 drops=0
[MOVE_SUB_A] [06:29:11] STATS ticks=5291 symbols=49 pos=no daily_pnl=+0 drops=0
[MOVE_SUB_A] [06:30:12] STATS ticks=5304 symbols=49 pos=no daily_pnl=+0 drops=0
[MOVE_SUB_A] [06:31:16] STATS ticks=5314 symbols=49 pos=no daily_pnl=+0 drops=0
[MOVE_SUB_A] [06:32:17] STATS ticks=5326 symbols=49 pos=no daily_pnl=+0 drops=0
[MOVE_SUB_A] [06:33:18] STATS ticks=5359 symbols=49 pos=no daily_pnl=+0 drops=0
[MOVE_SUB_A] [06:34:18] STATS ticks=5388 symbols=49 pos=no daily_pnl=+0 drops=0
[MOVE_SUB_A] [06:35:21] STATS ticks=5401 symbols=49 pos=no daily_pnl=+0 drops=0
[MOVE_SUB_A] [06:36:23] STATS ticks=5418 symbols=49 pos=no daily_pnl=+0 drops=0
[MOVE_SUB_A] [06:37:07] new symbol GMEX — detector + movement_strike instantiated
[MOVE_SUB_A] [06:37:24] STATS ticks=5446 symbols=50 pos=no daily_pnl=+0 drops=0
[MOVE_SUB_A] [06:38:26] STATS ticks=5489 symbols=50 pos=no daily_pnl=+0 drops=0
[MOVE_SUB_A] [06:39:27] STATS ticks=5566 symbols=50 pos=no daily_pnl=+0 drops=0
[MOVE_SUB_A] [06:40:28] STATS ticks=5615 symbols=50 pos=no daily_pnl=+0 drops=0
[MOVE_SUB_A] [06:41:30] STATS ticks=5627 symbols=50 pos=no daily_pnl=+0 drops=0
[MOVE_SUB_A] [06:42:32] STATS ticks=5652 symbols=50 pos=no daily_pnl=+0 drops=0
[MOVE_SUB_A] [06:43:33] STATS ticks=5696 symbols=50 pos=no daily_pnl=+0 drops=0
[MOVE_SUB_A] [06:44:34] STATS ticks=5706 symbols=50 pos=no daily_pnl=+0 drops=0
[MOVE_SUB_A] [06:45:36] STATS ticks=5730 symbols=50 pos=no daily_pnl=+0 drops=0
[MOVE_SUB_A] [06:46:37] STATS ticks=5754 symbols=50 pos=no daily_pnl=+0 drops=0
[MOVE_SUB_A] [06:47:38] STATS ticks=5789 symbols=50 pos=no daily_pnl=+0 drops=0
[MOVE_SUB_A] [06:48:40] STATS ticks=5816 symbols=50 pos=no daily_pnl=+0 drops=0
[MOVE_SUB_A] [06:49:41] STATS ticks=5831 symbols=50 pos=no daily_pnl=+0 drops=0
[MOVE_SUB_A] [06:50:41] STATS ticks=5849 symbols=50 pos=no daily_pnl=+0 drops=0
[MOVE_SUB_A] [06:51:44] STATS ticks=5879 symbols=50 pos=no daily_pnl=+0 drops=0
[MOVE_SUB_A] [06:52:44] STATS ticks=5913 symbols=50 pos=no daily_pnl=+0 drops=0
[MOVE_SUB_A] [06:53:44] STATS ticks=5947 symbols=50 pos=no daily_pnl=+0 drops=0
[MOVE_SUB_A] [06:54:45] STATS ticks=5987 symbols=50 pos=no daily_pnl=+0 drops=0
[MOVE_SUB_A] [06:55:45] STATS ticks=6055 symbols=50 pos=no daily_pnl=+0 drops=0
[MOVE_SUB_A] [06:56:45] STATS ticks=6063 symbols=50 pos=no daily_pnl=+0 drops=0
[MOVE_SUB_A] [06:57:19] new symbol OMER — detector + movement_strike instantiated
[MOVE_SUB_A] [06:57:46] STATS ticks=6114 symbols=51 pos=no daily_pnl=+0 drops=0
[MOVE_SUB_A] [06:58:49] STATS ticks=6129 symbols=51 pos=no daily_pnl=+0 drops=0
[MOVE_SUB_A] [06:59:50] STATS ticks=6138 symbols=51 pos=no daily_pnl=+0 drops=0
[MOVE_SUB_A] [07:00:52] STATS ticks=6272 symbols=51 pos=no daily_pnl=+0 drops=0
[MOVE_SUB_A] [07:01:54] STATS ticks=6432 symbols=51 pos=no daily_pnl=+0 drops=0
[MOVE_SUB_A] [07:02:28] new symbol QBTS — detector + movement_strike instantiated
[MOVE_SUB_A] [07:02:43] new symbol RGTX — detector + movement_strike instantiated
[MOVE_SUB_A] [07:02:54] new symbol DRAL — detector + movement_strike instantiated
[MOVE_SUB_A] [07:02:54] STATS ticks=6541 symbols=54 pos=no daily_pnl=+0 drops=0
[MOVE_SUB_A] [07:03:56] STATS ticks=6696 symbols=54 pos=no daily_pnl=+0 drops=0
[MOVE_SUB_A] [07:04:57] STATS ticks=6791 symbols=54 pos=no daily_pnl=+0 drops=0
[MOVE_SUB_A] [07:05:59] STATS ticks=6853 symbols=54 pos=no daily_pnl=+0 drops=0
[MOVE_SUB_A] [07:07:00] STATS ticks=6919 symbols=54 pos=no daily_pnl=+0 drops=0
[MOVE_SUB_A] [07:08:00] STATS ticks=7011 symbols=54 pos=no daily_pnl=+0 drops=0
[MOVE_SUB_A] [07:09:01] STATS ticks=7054 symbols=54 pos=no daily_pnl=+0 drops=0
[MOVE_SUB_A] [07:10:01] STATS ticks=7092 symbols=54 pos=no daily_pnl=+0 drops=0
[MOVE_SUB_A] [07:11:06] STATS ticks=7125 symbols=54 pos=no daily_pnl=+0 drops=0
[MOVE_SUB_A] [07:12:08] STATS ticks=7164 symbols=54 pos=no daily_pnl=+0 drops=0
[MOVE_SUB_A] [07:13:09] STATS ticks=7215 symbols=54 pos=no daily_pnl=+0 drops=0
[MOVE_SUB_A] [07:14:11] STATS ticks=7251 symbols=54 pos=no daily_pnl=+0 drops=0
[MOVE_SUB_A] [07:15:12] STATS ticks=7269 symbols=54 pos=no daily_pnl=+0 drops=0
[MOVE_SUB_A] [07:16:14] STATS ticks=7328 symbols=54 pos=no daily_pnl=+0 drops=0
[MOVE_SUB_A] [07:17:15] STATS ticks=7357 symbols=54 pos=no daily_pnl=+0 drops=0
[MOVE_SUB_A] [07:18:17] STATS ticks=7399 symbols=54 pos=no daily_pnl=+0 drops=0
[MOVE_SUB_A] [07:19:18] STATS ticks=7422 symbols=54 pos=no daily_pnl=+0 drops=0
[MOVE_SUB_A] [07:20:18] STATS ticks=7502 symbols=54 pos=no daily_pnl=+0 drops=0
[MOVE_SUB_A] [07:21:18] STATS ticks=7539 symbols=54 pos=no daily_pnl=+0 drops=0
  QUALITY_GATE symbol=QBTX gate=no_reentry result=PASS losses=0/1 trades=0/2
[MOVE_SUB_A] [07:22:20] QBTX ARMED entry=7.8900 stop=7.8100 R=0.0800 score=5.0 — movement_strike history reset
[MOVE_SUB_A] [07:22:20] STATS ticks=7610 symbols=54 pos=no daily_pnl=+0 drops=0
[MOVE_SUB_A] [07:23:21] STATS ticks=7746 symbols=54 pos=no daily_pnl=+0 drops=0
[MOVE_SUB_A] [07:24:22] STATS ticks=7846 symbols=54 pos=no daily_pnl=+0 drops=0
[MOVE_SUB_A] [07:25:23] STATS ticks=7876 symbols=54 pos=no daily_pnl=+0 drops=0
[MOVE_SUB_A] [07:26:26] STATS ticks=7918 symbols=54 pos=no daily_pnl=+0 drops=0
[MOVE_SUB_A] [07:27:27] STATS ticks=8017 symbols=54 pos=no daily_pnl=+0 drops=0
[MOVE_SUB_A] [07:28:28] STATS ticks=8093 symbols=54 pos=no daily_pnl=+0 drops=0
[MOVE_SUB_A] [07:29:31] STATS ticks=8142 symbols=54 pos=no daily_pnl=+0 drops=0
[MOVE_SUB_A] [07:30:33] STATS ticks=8583 symbols=54 pos=no daily_pnl=+0 drops=0
[MOVE_SUB_A] [07:31:34] STATS ticks=8642 symbols=54 pos=no daily_pnl=+0 drops=0
[MOVE_SUB_A] [07:32:34] STATS ticks=8690 symbols=54 pos=no daily_pnl=+0 drops=0
[MOVE_SUB_A] [07:32:35] new symbol BMNG — detector + movement_strike instantiated
[MOVE_SUB_A] [07:33:36] STATS ticks=8752 symbols=55 pos=no daily_pnl=+0 drops=0
[MOVE_SUB_A] [07:34:36] STATS ticks=8805 symbols=55 pos=no daily_pnl=+0 drops=0
[MOVE_SUB_A] [07:35:36] STATS ticks=8838 symbols=55 pos=no daily_pnl=+0 drops=0
[MOVE_SUB_A] [07:36:38] STATS ticks=8893 symbols=55 pos=no daily_pnl=+0 drops=0
[MOVE_SUB_A] [07:37:38] STATS ticks=8948 symbols=55 pos=no daily_pnl=+0 drops=0
[MOVE_SUB_A] [07:38:41] STATS ticks=8995 symbols=55 pos=no daily_pnl=+0 drops=0
[MOVE_SUB_A] [07:39:43] STATS ticks=9008 symbols=55 pos=no daily_pnl=+0 drops=0
[MOVE_SUB_A] [07:40:44] STATS ticks=9067 symbols=55 pos=no daily_pnl=+0 drops=0
[MOVE_SUB_A] [07:41:46] STATS ticks=9089 symbols=55 pos=no daily_pnl=+0 drops=0
[MOVE_SUB_A] [07:42:47] STATS ticks=9109 symbols=55 pos=no daily_pnl=+0 drops=0
[MOVE_SUB_A] [07:43:48] STATS ticks=9214 symbols=55 pos=no daily_pnl=+0 drops=0
[MOVE_SUB_A] [07:44:49] STATS ticks=9240 symbols=55 pos=no daily_pnl=+0 drops=0
[MOVE_SUB_A] [07:45:51] STATS ticks=9252 symbols=55 pos=no daily_pnl=+0 drops=0
[MOVE_SUB_A] [07:46:52] STATS ticks=9288 symbols=55 pos=no daily_pnl=+0 drops=0
[MOVE_SUB_A] [07:47:31] new symbol SDOT — detector + movement_strike instantiated
[MOVE_SUB_A] [07:47:53] STATS ticks=9324 symbols=56 pos=no daily_pnl=+0 drops=0
[MOVE_SUB_A] [07:48:56] STATS ticks=9358 symbols=56 pos=no daily_pnl=+0 drops=0
[MOVE_SUB_A] [07:49:57] STATS ticks=9378 symbols=56 pos=no daily_pnl=+0 drops=0
[MOVE_SUB_A] [07:50:58] STATS ticks=9393 symbols=56 pos=no daily_pnl=+0 drops=0
[MOVE_SUB_A] [07:52:00] STATS ticks=9413 symbols=56 pos=no daily_pnl=+0 drops=0
[MOVE_SUB_A] [07:53:01] STATS ticks=9459 symbols=56 pos=no daily_pnl=+0 drops=0
[MOVE_SUB_A] [07:54:03] STATS ticks=9483 symbols=56 pos=no daily_pnl=+0 drops=0
[MOVE_SUB_A] [07:55:04] STATS ticks=9512 symbols=56 pos=no daily_pnl=+0 drops=0
[MOVE_SUB_A] [07:56:05] STATS ticks=9525 symbols=56 pos=no daily_pnl=+0 drops=0
[MOVE_SUB_A] [07:57:06] STATS ticks=9542 symbols=56 pos=no daily_pnl=+0 drops=0
[MOVE_SUB_A] [07:58:07] STATS ticks=9589 symbols=56 pos=no daily_pnl=+0 drops=0
[MOVE_SUB_A] [07:59:09] STATS ticks=9597 symbols=56 pos=no daily_pnl=+0 drops=0
[MOVE_SUB_A] [08:00:11] STATS ticks=9639 symbols=56 pos=no daily_pnl=+0 drops=0
[MOVE_SUB_A] [08:01:12] STATS ticks=9720 symbols=56 pos=no daily_pnl=+0 drops=0
[MOVE_SUB_A] [08:02:14] STATS ticks=9746 symbols=56 pos=no daily_pnl=+0 drops=0
[MOVE_SUB_A] [08:03:15] STATS ticks=9784 symbols=56 pos=no daily_pnl=+0 drops=0
[MOVE_SUB_A] [08:04:16] STATS ticks=9798 symbols=56 pos=no daily_pnl=+0 drops=0
[MOVE_SUB_A] [08:05:17] STATS ticks=9827 symbols=56 pos=no daily_pnl=+0 drops=0
[MOVE_SUB_A] [08:06:17] STATS ticks=9849 symbols=56 pos=no daily_pnl=+0 drops=0
[MOVE_SUB_A] [08:07:18] STATS ticks=9866 symbols=56 pos=no daily_pnl=+0 drops=0
[MOVE_SUB_A] [08:08:18] STATS ticks=9902 symbols=56 pos=no daily_pnl=+0 drops=0
[MOVE_SUB_A] [08:09:19] STATS ticks=9917 symbols=56 pos=no daily_pnl=+0 drops=0
[MOVE_SUB_A] [08:10:20] STATS ticks=9946 symbols=56 pos=no daily_pnl=+0 drops=0
[MOVE_SUB_A] [08:11:20] STATS ticks=10037 symbols=56 pos=no daily_pnl=+0 drops=0
[MOVE_SUB_A] [08:12:22] STATS ticks=10139 symbols=56 pos=no daily_pnl=+0 drops=0
[MOVE_SUB_A] [08:13:24] STATS ticks=10187 symbols=56 pos=no daily_pnl=+0 drops=0
[MOVE_SUB_A] [08:14:25] STATS ticks=10286 symbols=56 pos=no daily_pnl=+0 drops=0
[MOVE_SUB_A] [08:15:26] STATS ticks=10373 symbols=56 pos=no daily_pnl=+0 drops=0
[MOVE_SUB_A] [08:16:28] STATS ticks=10446 symbols=56 pos=no daily_pnl=+0 drops=0
[MOVE_SUB_A] [08:17:30] STATS ticks=10484 symbols=56 pos=no daily_pnl=+0 drops=0
[MOVE_SUB_A] [08:18:32] STATS ticks=10523 symbols=56 pos=no daily_pnl=+0 drops=0
[MOVE_SUB_A] [08:19:33] STATS ticks=10542 symbols=56 pos=no daily_pnl=+0 drops=0
[MOVE_SUB_A] [08:20:35] STATS ticks=10657 symbols=56 pos=no daily_pnl=+0 drops=0
[MOVE_SUB_A] [08:21:36] STATS ticks=10668 symbols=56 pos=no daily_pnl=+0 drops=0
[MOVE_SUB_A] [08:22:17] new symbol EDBL — detector + movement_strike instantiated
[MOVE_SUB_A] [08:22:36] STATS ticks=10718 symbols=57 pos=no daily_pnl=+0 drops=0
[MOVE_SUB_A] [08:23:39] STATS ticks=10822 symbols=57 pos=no daily_pnl=+0 drops=0
[MOVE_SUB_A] [08:24:40] STATS ticks=10846 symbols=57 pos=no daily_pnl=+0 drops=0
[MOVE_SUB_A] [08:25:42] STATS ticks=10876 symbols=57 pos=no daily_pnl=+0 drops=0
[MOVE_SUB_A] [08:26:44] STATS ticks=10896 symbols=57 pos=no daily_pnl=+0 drops=0
[MOVE_SUB_A] [08:27:45] STATS ticks=10951 symbols=57 pos=no daily_pnl=+0 drops=0
[MOVE_SUB_A] [08:28:47] STATS ticks=10996 symbols=57 pos=no daily_pnl=+0 drops=0
[MOVE_SUB_A] [08:29:47] STATS ticks=11023 symbols=57 pos=no daily_pnl=+0 drops=0
[MOVE_SUB_A] [08:30:49] STATS ticks=11074 symbols=57 pos=no daily_pnl=+0 drops=0
[MOVE_SUB_A] [08:31:51] STATS ticks=11144 symbols=57 pos=no daily_pnl=+0 drops=0
[MOVE_SUB_A] [08:32:27] new symbol ENTX — detector + movement_strike instantiated
[MOVE_SUB_A] [08:32:41] new symbol AGPU — detector + movement_strike instantiated
[MOVE_SUB_A] [08:32:52] STATS ticks=11289 symbols=59 pos=no daily_pnl=+0 drops=0
[MOVE_SUB_A] [08:33:05] new symbol INFH — detector + movement_strike instantiated
[MOVE_SUB_A] [08:33:53] STATS ticks=11406 symbols=60 pos=no daily_pnl=+0 drops=0
[MOVE_SUB_A] [08:34:53] STATS ticks=11459 symbols=60 pos=no daily_pnl=+0 drops=0
[MOVE_SUB_A] [08:35:53] STATS ticks=11506 symbols=60 pos=no daily_pnl=+0 drops=0
[MOVE_SUB_A] [08:36:56] STATS ticks=11535 symbols=60 pos=no daily_pnl=+0 drops=0
[MOVE_SUB_A] [08:37:57] STATS ticks=11571 symbols=60 pos=no daily_pnl=+0 drops=0
[MOVE_SUB_A] [08:38:58] STATS ticks=11675 symbols=60 pos=no daily_pnl=+0 drops=0
[MOVE_SUB_A] [08:40:00] STATS ticks=11746 symbols=60 pos=no daily_pnl=+0 drops=0
[MOVE_SUB_A] [08:41:01] STATS ticks=11798 symbols=60 pos=no daily_pnl=+0 drops=0
[MOVE_SUB_A] [08:42:02] STATS ticks=11813 symbols=60 pos=no daily_pnl=+0 drops=0
[MOVE_SUB_A] [08:43:02] STATS ticks=11853 symbols=60 pos=no daily_pnl=+0 drops=0
[MOVE_SUB_A] [08:44:04] STATS ticks=11898 symbols=60 pos=no daily_pnl=+0 drops=0
[MOVE_SUB_A] [08:45:05] STATS ticks=11921 symbols=60 pos=no daily_pnl=+0 drops=0
[MOVE_SUB_A] [08:46:07] STATS ticks=11951 symbols=60 pos=no daily_pnl=+0 drops=0
[MOVE_SUB_A] [08:47:08] STATS ticks=11993 symbols=60 pos=no daily_pnl=+0 drops=0
  QUALITY_GATE symbol=EDBL gate=no_reentry result=PASS losses=0/1 trades=0/2
[MOVE_SUB_A] [08:47:19] EDBL ARMED entry=7.9800 stop=7.8300 R=0.1500 score=5.5 — movement_strike history reset
[MOVE_SUB_A] [08:47:47] new symbol RACC — detector + movement_strike instantiated
[MOVE_SUB_A] [08:48:09] STATS ticks=12068 symbols=61 pos=no daily_pnl=+0 drops=0
[MOVE_SUB_A] [08:49:11] STATS ticks=12091 symbols=61 pos=no daily_pnl=+0 drops=0
[MOVE_SUB_A] [08:50:13] STATS ticks=12131 symbols=61 pos=no daily_pnl=+0 drops=0
[MOVE_SUB_A] [08:51:14] STATS ticks=12187 symbols=61 pos=no daily_pnl=+0 drops=0
[MOVE_SUB_A] [08:52:15] STATS ticks=12196 symbols=61 pos=no daily_pnl=+0 drops=0
  QUALITY_GATE symbol=AGPU gate=no_reentry result=PASS losses=0/1 trades=0/2
[MOVE_SUB_A] [08:53:16] STATS ticks=12246 symbols=61 pos=no daily_pnl=+0 drops=0
[MOVE_SUB_A] [08:54:19] STATS ticks=12264 symbols=61 pos=no daily_pnl=+0 drops=0
[MOVE_SUB_A] [08:55:20] STATS ticks=12281 symbols=61 pos=no daily_pnl=+0 drops=0
[MOVE_SUB_A] [08:56:22] STATS ticks=12302 symbols=61 pos=no daily_pnl=+0 drops=0
[MOVE_SUB_A] [08:57:23] STATS ticks=12342 symbols=61 pos=no daily_pnl=+0 drops=0
[MOVE_SUB_A] [08:57:45] new symbol FRNM — detector + movement_strike instantiated
[MOVE_SUB_A] [08:58:02] new symbol BNAI — detector + movement_strike instantiated
[MOVE_SUB_A] [08:58:24] STATS ticks=12394 symbols=63 pos=no daily_pnl=+0 drops=0
[MOVE_SUB_A] [08:59:26] STATS ticks=12409 symbols=63 pos=no daily_pnl=+0 drops=0
[MOVE_SUB_A] [09:00:28] STATS ticks=12454 symbols=63 pos=no daily_pnl=+0 drops=0
[MOVE_SUB_A] [09:01:28] STATS ticks=12506 symbols=63 pos=no daily_pnl=+0 drops=0
[MOVE_SUB_A] [09:02:29] STATS ticks=12551 symbols=63 pos=no daily_pnl=+0 drops=0
[MOVE_SUB_A] [09:02:32] new symbol DCOY — detector + movement_strike instantiated
  QUALITY_GATE symbol=AGPU gate=no_reentry result=PASS losses=0/1 trades=0/2
[MOVE_SUB_A] [09:02:40] AGPU ARMED entry=7.7310 stop=7.6400 R=0.0910 score=4.0 — movement_strike history reset
[MOVE_SUB_A] [09:02:40] AGPU LIQUIDITY_GATE_BLOCK dead tape: 3 ticks (<20) and $3,901 (<$100,000) in last 5m — exit algorithm would starve
[MOVE_SUB_A] [09:03:31] STATS ticks=12620 symbols=64 pos=no daily_pnl=+0 drops=0
[MOVE_SUB_A] [09:04:31] STATS ticks=12667 symbols=64 pos=no daily_pnl=+0 drops=0
[MOVE_SUB_A] [09:05:34] STATS ticks=12692 symbols=64 pos=no daily_pnl=+0 drops=0
[MOVE_SUB_A] [09:06:36] STATS ticks=12731 symbols=64 pos=no daily_pnl=+0 drops=0
[MOVE_SUB_A] [09:07:38] STATS ticks=12783 symbols=64 pos=no daily_pnl=+0 drops=0
[MOVE_SUB_A] [09:08:39] STATS ticks=12845 symbols=64 pos=no daily_pnl=+0 drops=0
[MOVE_SUB_A] [09:09:41] STATS ticks=12950 symbols=64 pos=no daily_pnl=+0 drops=0
[MOVE_SUB_A] [09:10:41] STATS ticks=13039 symbols=64 pos=no daily_pnl=+0 drops=0
[MOVE_SUB_A] [09:11:44] STATS ticks=13075 symbols=64 pos=no daily_pnl=+0 drops=0
[MOVE_SUB_A] [09:12:44] STATS ticks=13129 symbols=64 pos=no daily_pnl=+0 drops=0
[MOVE_SUB_A] [09:13:47] STATS ticks=13184 symbols=64 pos=no daily_pnl=+0 drops=0
[MOVE_SUB_A] [09:14:48] STATS ticks=13205 symbols=64 pos=no daily_pnl=+0 drops=0
[MOVE_SUB_A] [09:15:50] STATS ticks=13222 symbols=64 pos=no daily_pnl=+0 drops=0
[MOVE_SUB_A] [09:16:51] STATS ticks=13242 symbols=64 pos=no daily_pnl=+0 drops=0
[MOVE_SUB_A] [09:17:53] STATS ticks=13318 symbols=64 pos=no daily_pnl=+0 drops=0
[MOVE_SUB_A] [09:17:54] new symbol VRXA — detector + movement_strike instantiated
[MOVE_SUB_A] [09:18:54] STATS ticks=13434 symbols=65 pos=no daily_pnl=+0 drops=0
[MOVE_SUB_A] [09:19:56] STATS ticks=13483 symbols=65 pos=no daily_pnl=+0 drops=0
[MOVE_SUB_A] [09:20:56] STATS ticks=13511 symbols=65 pos=no daily_pnl=+0 drops=0
[MOVE_SUB_A] [09:21:58] STATS ticks=13557 symbols=65 pos=no daily_pnl=+0 drops=0
[MOVE_SUB_A] [09:22:37] new symbol VTIX — detector + movement_strike instantiated
  QUALITY_GATE symbol=RACC gate=no_reentry result=PASS losses=0/1 trades=0/2
[MOVE_SUB_A] [09:22:51] RACC ARMED entry=12.4000 stop=12.2900 R=0.1100 score=5.5 — movement_strike history reset
[MOVE_SUB_A] [09:22:51] RACC FLOAT_GATE_BLOCK float=NoneM cap=5.0M
[MOVE_SUB_A] [09:22:59] STATS ticks=13605 symbols=66 pos=no daily_pnl=+0 drops=0
[MOVE_SUB_A] [09:24:00] STATS ticks=13645 symbols=66 pos=no daily_pnl=+0 drops=0
[MOVE_SUB_A] [09:25:02] STATS ticks=13692 symbols=66 pos=no daily_pnl=+0 drops=0
[MOVE_SUB_A] [09:26:02] STATS ticks=13731 symbols=66 pos=no daily_pnl=+0 drops=0
[MOVE_SUB_A] [09:27:03] STATS ticks=13767 symbols=66 pos=no daily_pnl=+0 drops=0
[MOVE_SUB_A] [09:27:51] new symbol PLRZ — detector + movement_strike instantiated
[MOVE_SUB_A] [09:28:05] STATS ticks=13943 symbols=67 pos=no daily_pnl=+0 drops=0
[MOVE_SUB_A] [09:29:05] STATS ticks=14335 symbols=67 pos=no daily_pnl=+0 drops=0
[MOVE_SUB_A] [09:30:05] STATS ticks=14727 symbols=67 pos=no daily_pnl=+0 drops=0
[MOVE_SUB_A] [09:31:06] STATS ticks=15677 symbols=67 pos=no daily_pnl=+0 drops=0
[MOVE_SUB_A] [09:32:06] STATS ticks=16417 symbols=67 pos=no daily_pnl=+0 drops=0
[MOVE_SUB_A] [09:32:46] new symbol QPUX — detector + movement_strike instantiated
[MOVE_SUB_A] [09:33:00] new symbol CJMB — detector + movement_strike instantiated
[MOVE_SUB_A] [09:33:06] new symbol PN — detector + movement_strike instantiated
[MOVE_SUB_A] [09:33:07] STATS ticks=18353 symbols=70 pos=no daily_pnl=+0 drops=0
[MOVE_SUB_A] [09:33:09] new symbol QUBX — detector + movement_strike instantiated
[MOVE_SUB_A] [09:33:14] new symbol JACK — detector + movement_strike instantiated
[MOVE_SUB_A] [09:34:07] STATS ticks=19130 symbols=72 pos=no daily_pnl=+0 drops=0
[MOVE_SUB_A] [09:35:07] STATS ticks=19728 symbols=72 pos=no daily_pnl=+0 drops=0
[MOVE_SUB_A] [09:36:08] STATS ticks=20557 symbols=72 pos=no daily_pnl=+0 drops=0
[MOVE_SUB_A] [09:37:08] STATS ticks=21537 symbols=72 pos=no daily_pnl=+0 drops=0
[MOVE_SUB_A] [09:37:42] new symbol NCTY — detector + movement_strike instantiated
[MOVE_SUB_A] [09:37:45] new symbol RGTU — detector + movement_strike instantiated
[MOVE_SUB_A] [09:38:09] STATS ticks=21963 symbols=74 pos=no daily_pnl=+0 drops=0
[MOVE_SUB_A] [09:38:16] new symbol JLHL — detector + movement_strike instantiated
[MOVE_SUB_A] [09:39:09] STATS ticks=22744 symbols=75 pos=no daily_pnl=+0 drops=0
[MOVE_SUB_A] [09:40:09] STATS ticks=23838 symbols=75 pos=no daily_pnl=+0 drops=0
[MOVE_SUB_A] [09:41:10] STATS ticks=24231 symbols=75 pos=no daily_pnl=+0 drops=0
[MOVE_SUB_A] [09:42:10] STATS ticks=24590 symbols=75 pos=no daily_pnl=+0 drops=0
[MOVE_SUB_A] [09:42:31] new symbol LVWR — detector + movement_strike instantiated
[MOVE_SUB_A] [09:43:10] STATS ticks=25538 symbols=76 pos=no daily_pnl=+0 drops=0
[MOVE_SUB_A] [09:44:11] STATS ticks=26521 symbols=76 pos=no daily_pnl=+0 drops=0
[MOVE_SUB_A] [09:45:11] STATS ticks=27184 symbols=76 pos=no daily_pnl=+0 drops=0
[MOVE_SUB_A] [09:46:11] STATS ticks=27574 symbols=76 pos=no daily_pnl=+0 drops=0
[MOVE_SUB_A] [09:47:12] STATS ticks=28143 symbols=76 pos=no daily_pnl=+0 drops=0
[MOVE_SUB_A] [09:48:12] STATS ticks=28543 symbols=76 pos=no daily_pnl=+0 drops=0
[MOVE_SUB_A] [09:49:13] STATS ticks=28827 symbols=76 pos=no daily_pnl=+0 drops=0
[MOVE_SUB_A] [09:50:13] STATS ticks=29149 symbols=76 pos=no daily_pnl=+0 drops=0
[MOVE_SUB_A] [09:51:13] STATS ticks=29372 symbols=76 pos=no daily_pnl=+0 drops=0
[MOVE_SUB_A] [09:52:14] STATS ticks=29655 symbols=76 pos=no daily_pnl=+0 drops=0
  QUALITY_GATE symbol=QPUX gate=no_reentry result=PASS losses=0/1 trades=0/2
[MOVE_SUB_A] [09:53:15] STATS ticks=30006 symbols=76 pos=no daily_pnl=+0 drops=0
[MOVE_SUB_A] [09:54:15] STATS ticks=30231 symbols=76 pos=no daily_pnl=+0 drops=0
[MOVE_SUB_A] [09:55:16] STATS ticks=30687 symbols=76 pos=no daily_pnl=+0 drops=0
[MOVE_SUB_A] [09:56:16] STATS ticks=31687 symbols=76 pos=no daily_pnl=+0 drops=0
[MOVE_SUB_A] [09:57:17] STATS ticks=32972 symbols=76 pos=no daily_pnl=+0 drops=0
  QUALITY_GATE symbol=QPUX gate=no_reentry result=PASS losses=0/1 trades=0/2
[MOVE_SUB_A] [09:57:51] QPUX ARMED entry=16.4000 stop=15.8700 R=0.5300 score=5.5 — movement_strike history reset
[MOVE_SUB_A] [09:58:20] STATS ticks=34030 symbols=76 pos=no daily_pnl=+0 drops=0
  QUALITY_GATE symbol=QUBX gate=no_reentry result=PASS losses=0/1 trades=0/2
[MOVE_SUB_A] [09:58:57] new symbol IMMR — detector + movement_strike instantiated
[MOVE_SUB_A] [09:58:59] new symbol RGTI — detector + movement_strike instantiated
[MOVE_SUB_A] [09:59:06] new symbol INFQ — detector + movement_strike instantiated
[MOVE_SUB_A] [09:59:10] new symbol GENI — detector + movement_strike instantiated
[MOVE_SUB_A] [09:59:18] new symbol NNE — detector + movement_strike instantiated
[MOVE_SUB_A] [09:59:20] STATS ticks=35560 symbols=81 pos=no daily_pnl=+0 drops=0
[MOVE_SUB_A] [09:59:22] new symbol ASAN — detector + movement_strike instantiated
[MOVE_SUB_A] [09:59:26] new symbol CRMG — detector + movement_strike instantiated
[MOVE_SUB_A] [09:59:30] new symbol OKLL — detector + movement_strike instantiated
[MOVE_SUB_A] [10:00:20] STATS ticks=36706 symbols=84 pos=no daily_pnl=+0 drops=0
[MOVE_SUB_A] [10:01:21] STATS ticks=37967 symbols=84 pos=no daily_pnl=+0 drops=0
[MOVE_SUB_A] [10:02:21] STATS ticks=39315 symbols=84 pos=no daily_pnl=+0 drops=0
  QUALITY_GATE symbol=LVWR gate=no_reentry result=PASS losses=0/1 trades=0/2
[MOVE_SUB_A] [10:02:26] LVWR ARMED entry=2.9300 stop=2.7500 R=0.1800 score=5.5 — movement_strike history reset
[MOVE_SUB_A] [10:03:19] new symbol SBTU — detector + movement_strike instantiated
[MOVE_SUB_A] [10:03:21] STATS ticks=40173 symbols=85 pos=no daily_pnl=+0 drops=0
[MOVE_SUB_A] [10:04:22] STATS ticks=40801 symbols=85 pos=no daily_pnl=+0 drops=0
[MOVE_SUB_A] [10:05:22] STATS ticks=41611 symbols=85 pos=no daily_pnl=+0 drops=0
[MOVE_SUB_A] [10:06:22] STATS ticks=42398 symbols=85 pos=no daily_pnl=+0 drops=0
[MOVE_SUB_A] [10:07:22] STATS ticks=43117 symbols=85 pos=no daily_pnl=+0 drops=0
[MOVE_SUB_A] [10:08:22] STATS ticks=43685 symbols=85 pos=no daily_pnl=+0 drops=0
[MOVE_SUB_A] [10:09:23] STATS ticks=44198 symbols=85 pos=no daily_pnl=+0 drops=0
[MOVE_SUB_A] RECONCILE FAIL: ConnectionError(MaxRetryError('HTTPSConnectionPool(host=\'paper-api.alpaca.markets\', port=443): Max retries exceeded with url: /v2/positions (Caused by NameResolutionError("HTTPSConnection(host=\'paper-api.alpaca.markets\', port=443): Failed to resolve \'paper-api.alpaca.markets\' ([Errno 8] nodename nor servname provided, or not known)"))'))
[MOVE_SUB_A] [10:10:23] STATS ticks=45246 symbols=85 pos=no daily_pnl=+0 drops=0
[MOVE_SUB_A] [10:11:23] STATS ticks=46595 symbols=85 pos=no daily_pnl=+0 drops=0
[MOVE_SUB_A] [10:12:24] STATS ticks=47406 symbols=85 pos=no daily_pnl=+0 drops=0
[MOVE_SUB_A] [10:13:24] STATS ticks=48093 symbols=85 pos=no daily_pnl=+0 drops=0
[MOVE_SUB_A] [10:14:25] STATS ticks=48949 symbols=85 pos=no daily_pnl=+0 drops=0
[MOVE_SUB_A] [10:14:30] new symbol ADBG — detector + movement_strike instantiated
[MOVE_SUB_A] [10:15:25] STATS ticks=49422 symbols=86 pos=no daily_pnl=+0 drops=0
[MOVE_SUB_A] [10:16:25] STATS ticks=50021 symbols=86 pos=no daily_pnl=+0 drops=0
[MOVE_SUB_A] [10:17:25] STATS ticks=50636 symbols=86 pos=no daily_pnl=+0 drops=0
[MOVE_SUB_A] [10:18:15] new symbol HTCO — detector + movement_strike instantiated
[MOVE_SUB_A] [10:18:21] new symbol WSHP — detector + movement_strike instantiated
[MOVE_SUB_A] [10:18:26] STATS ticks=51255 symbols=88 pos=no daily_pnl=+0 drops=0
[MOVE_SUB_A] [10:19:26] STATS ticks=51670 symbols=88 pos=no daily_pnl=+0 drops=0
[MOVE_SUB_A] [10:20:26] STATS ticks=52097 symbols=88 pos=no daily_pnl=+0 drops=0
[MOVE_SUB_A] [10:21:26] STATS ticks=52763 symbols=88 pos=no daily_pnl=+0 drops=0
[MOVE_SUB_A] [10:22:27] STATS ticks=53260 symbols=88 pos=no daily_pnl=+0 drops=0
[MOVE_SUB_A] [10:23:27] STATS ticks=53871 symbols=88 pos=no daily_pnl=+0 drops=0
[MOVE_SUB_A] [10:24:28] STATS ticks=54820 symbols=88 pos=no daily_pnl=+0 drops=0
[MOVE_SUB_A] [10:25:28] STATS ticks=55860 symbols=88 pos=no daily_pnl=+0 drops=0
[MOVE_SUB_A] [10:26:28] STATS ticks=57316 symbols=88 pos=no daily_pnl=+0 drops=0
[MOVE_SUB_A] [10:27:28] STATS ticks=57974 symbols=88 pos=no daily_pnl=+0 drops=0
[MOVE_SUB_A] [10:28:29] STATS ticks=59931 symbols=88 pos=no daily_pnl=+0 drops=0
[MOVE_SUB_A] [10:29:28] new symbol SSPC — detector + movement_strike instantiated
[MOVE_SUB_A] [10:29:29] STATS ticks=61488 symbols=89 pos=no daily_pnl=+0 drops=0
[MOVE_SUB_A] [10:30:30] STATS ticks=63423 symbols=89 pos=no daily_pnl=+0 drops=0
[MOVE_SUB_A] [10:31:30] STATS ticks=65102 symbols=89 pos=no daily_pnl=+0 drops=0
[MOVE_SUB_A] [10:32:31] STATS ticks=66568 symbols=89 pos=no daily_pnl=+0 drops=0
[MOVE_SUB_A] [10:33:20] new symbol CBRZ — detector + movement_strike instantiated
[MOVE_SUB_A] [10:33:31] STATS ticks=67754 symbols=90 pos=no daily_pnl=+0 drops=0
[MOVE_SUB_A] [10:34:31] STATS ticks=69316 symbols=90 pos=no daily_pnl=+0 drops=0
[MOVE_SUB_A] [10:35:31] STATS ticks=71082 symbols=90 pos=no daily_pnl=+0 drops=0
[MOVE_SUB_A] [10:36:32] STATS ticks=71884 symbols=90 pos=no daily_pnl=+0 drops=0
[MOVE_SUB_A] [10:37:32] STATS ticks=72959 symbols=90 pos=no daily_pnl=+0 drops=0
  QUALITY_GATE symbol=SKDD gate=no_reentry result=PASS losses=0/1 trades=0/2
[MOVE_SUB_A] [10:38:31] new symbol LITZ — detector + movement_strike instantiated
[MOVE_SUB_A] [10:38:33] STATS ticks=74048 symbols=91 pos=no daily_pnl=+0 drops=0
[MOVE_SUB_A] [10:39:33] STATS ticks=74977 symbols=91 pos=no daily_pnl=+0 drops=0
[MOVE_SUB_A] [10:40:33] STATS ticks=76581 symbols=91 pos=no daily_pnl=+0 drops=0
[MOVE_SUB_A] [10:41:34] STATS ticks=77982 symbols=91 pos=no daily_pnl=+0 drops=0
[MOVE_SUB_A] [10:42:34] STATS ticks=79031 symbols=91 pos=no daily_pnl=+0 drops=0
  QUALITY_GATE symbol=SKDD gate=no_reentry result=PASS losses=0/1 trades=0/2
[MOVE_SUB_A] [10:43:02] SKDD ARMED entry=17.4600 stop=17.1600 R=0.3000 score=5.5 — movement_strike history reset
[MOVE_SUB_A] [10:43:02] SKDD FLOAT_GATE_BLOCK float=NoneM cap=5.0M
[MOVE_SUB_A] [10:43:13] new symbol SHPU — detector + movement_strike instantiated
[MOVE_SUB_A] [10:43:34] STATS ticks=80665 symbols=92 pos=no daily_pnl=+0 drops=0
[MOVE_SUB_A] [10:44:09] new symbol SPCQ — detector + movement_strike instantiated
[MOVE_SUB_A] [10:44:25] new symbol SMCZ — detector + movement_strike instantiated
[MOVE_SUB_A] [10:44:29] new symbol SKHZ — detector + movement_strike instantiated
[MOVE_SUB_A] [10:44:31] new symbol NVDQ — detector + movement_strike instantiated
[MOVE_SUB_A] [10:44:35] STATS ticks=82301 symbols=96 pos=no daily_pnl=+0 drops=0
[MOVE_SUB_A] [10:45:35] STATS ticks=83697 symbols=96 pos=no daily_pnl=+0 drops=0
[MOVE_SUB_A] [10:46:35] STATS ticks=84486 symbols=96 pos=no daily_pnl=+0 drops=0
[MOVE_SUB_A] [10:47:36] STATS ticks=85287 symbols=96 pos=no daily_pnl=+0 drops=0
[MOVE_SUB_A] [10:48:36] STATS ticks=86396 symbols=96 pos=no daily_pnl=+0 drops=0
[MOVE_SUB_A] [10:49:36] STATS ticks=86862 symbols=96 pos=no daily_pnl=+0 drops=0
[MOVE_SUB_A] [10:50:37] STATS ticks=87836 symbols=96 pos=no daily_pnl=+0 drops=0
[MOVE_SUB_A] [10:51:37] STATS ticks=88952 symbols=96 pos=no daily_pnl=+0 drops=0
[MOVE_SUB_A] [10:52:38] STATS ticks=90084 symbols=96 pos=no daily_pnl=+0 drops=0
[MOVE_SUB_A] [10:53:38] STATS ticks=91093 symbols=96 pos=no daily_pnl=+0 drops=0
[MOVE_SUB_A] [10:54:39] STATS ticks=91751 symbols=96 pos=no daily_pnl=+0 drops=0
[MOVE_SUB_A] [10:55:39] STATS ticks=92280 symbols=96 pos=no daily_pnl=+0 drops=0
[MOVE_SUB_A] [10:56:39] STATS ticks=92845 symbols=96 pos=no daily_pnl=+0 drops=0
[MOVE_SUB_A] [10:57:40] STATS ticks=93627 symbols=96 pos=no daily_pnl=+0 drops=0
[MOVE_SUB_A] [10:58:41] STATS ticks=94249 symbols=96 pos=no daily_pnl=+0 drops=0
  QUALITY_GATE symbol=ASAN gate=no_reentry result=PASS losses=0/1 trades=0/2
[MOVE_SUB_A] [10:59:16] new symbol MOBX — detector + movement_strike instantiated
[MOVE_SUB_A] [10:59:28] new symbol FUTG — detector + movement_strike instantiated
[MOVE_SUB_A] [10:59:30] new symbol JBS — detector + movement_strike instantiated
[MOVE_SUB_A] [10:59:32] new symbol NOWL — detector + movement_strike instantiated
[MOVE_SUB_A] [10:59:41] STATS ticks=94756 symbols=100 pos=no daily_pnl=+0 drops=0
[MOVE_SUB_A] [11:00:42] STATS ticks=95421 symbols=100 pos=no daily_pnl=+0 drops=0
[MOVE_SUB_A] [11:01:42] STATS ticks=95863 symbols=100 pos=no daily_pnl=+0 drops=0
[MOVE_SUB_A] [11:02:35] new symbol FIEE — detector + movement_strike instantiated
[MOVE_SUB_A] [11:02:42] STATS ticks=96382 symbols=101 pos=no daily_pnl=+0 drops=0
[MOVE_SUB_A] [11:03:43] STATS ticks=96788 symbols=101 pos=no daily_pnl=+0 drops=0
[MOVE_SUB_A] [11:04:43] STATS ticks=97055 symbols=101 pos=no daily_pnl=+0 drops=0
[MOVE_SUB_A] [11:05:44] STATS ticks=97378 symbols=101 pos=no daily_pnl=+0 drops=0
[MOVE_SUB_A] [11:06:44] STATS ticks=97834 symbols=101 pos=no daily_pnl=+0 drops=0
[MOVE_SUB_A] [11:07:45] STATS ticks=98382 symbols=101 pos=no daily_pnl=+0 drops=0
[MOVE_SUB_A] [11:08:45] STATS ticks=98729 symbols=101 pos=no daily_pnl=+0 drops=0
[MOVE_SUB_A] [11:09:46] STATS ticks=99105 symbols=101 pos=no daily_pnl=+0 drops=0
[MOVE_SUB_A] [11:10:46] STATS ticks=100067 symbols=101 pos=no daily_pnl=+0 drops=0
[MOVE_SUB_A] [11:11:47] STATS ticks=100451 symbols=101 pos=no daily_pnl=+0 drops=0
[MOVE_SUB_A] RECONCILE FAIL: ConnectionError(MaxRetryError('HTTPSConnectionPool(host=\'paper-api.alpaca.markets\', port=443): Max retries exceeded with url: /v2/positions (Caused by NameResolutionError("HTTPSConnection(host=\'paper-api.alpaca.markets\', port=443): Failed to resolve \'paper-api.alpaca.markets\' ([Errno 8] nodename nor servname provided, or not known)"))'))
[MOVE_SUB_A] [11:12:48] STATS ticks=100682 symbols=101 pos=no daily_pnl=+0 drops=0
  QUALITY_GATE symbol=SHPU gate=no_reentry result=PASS losses=0/1 trades=0/2
[MOVE_SUB_A] [11:13:29] SHPU ARMED entry=12.7800 stop=12.5300 R=0.2500 score=5.5 — movement_strike history reset
[MOVE_SUB_A] [11:13:29] SHPU FLOAT_GATE_BLOCK float=NoneM cap=5.0M
[MOVE_SUB_A] [11:13:48] STATS ticks=101042 symbols=101 pos=no daily_pnl=+0 drops=0
  QUALITY_GATE symbol=ASAN gate=no_reentry result=PASS losses=0/1 trades=0/2
[MOVE_SUB_A] [11:14:23] ASAN ARMED entry=7.6800 stop=7.5500 R=0.1300 score=5.5 — movement_strike history reset
[MOVE_SUB_A] [11:14:23] ASAN FLOAT_GATE_BLOCK float=130.875403M cap=5.0M
[MOVE_SUB_A] socket closed by peer — reconnecting
[MOVE_SUB_A] engine socket not ready yet (ConnectionRefusedError(61, 'Connection refused')) — retrying every 2s
[MOVE_SUB_A] [11:15:10] connected to engine (/tmp/warrior_engine.sock) attempt=16
[MOVE_SUB_A] [11:15:13] new symbol AAL — detector + movement_strike instantiated
[MOVE_SUB_A] [11:15:13] STATS ticks=101245 symbols=102 pos=no daily_pnl=+0 drops=0
[MOVE_SUB_A] [11:15:16] new symbol AIIA — detector + movement_strike instantiated
[MOVE_SUB_A] [11:15:18] new symbol BITO — detector + movement_strike instantiated
[MOVE_SUB_A] [11:15:26] new symbol CAPR — detector + movement_strike instantiated
[MOVE_SUB_A] [11:15:32] new symbol F — detector + movement_strike instantiated
[MOVE_SUB_A] [11:15:37] new symbol IMVP — detector + movement_strike instantiated
[MOVE_SUB_A] [11:15:41] new symbol LXFR — detector + movement_strike instantiated
[MOVE_SUB_A] [11:15:43] new symbol MPLT — detector + movement_strike instantiated
[MOVE_SUB_A] [11:15:46] new symbol NMP — detector + movement_strike instantiated
[MOVE_SUB_A] [11:15:49] new symbol NVD — detector + movement_strike instantiated
[MOVE_SUB_A] [11:15:51] new symbol NXTC — detector + movement_strike instantiated
[MOVE_SUB_A] [11:15:54] new symbol OPHC — detector + movement_strike instantiated
[MOVE_SUB_A] [11:15:56] new symbol PLUG — detector + movement_strike instantiated
[MOVE_SUB_A] [11:16:05] new symbol SCII — detector + movement_strike instantiated
[MOVE_SUB_A] [11:16:08] new symbol SIGA — detector + movement_strike instantiated
[MOVE_SUB_A] [11:16:13] new symbol SOFI — detector + movement_strike instantiated
[MOVE_SUB_A] [11:16:14] new symbol SPDN — detector + movement_strike instantiated
[MOVE_SUB_A] [11:16:14] STATS ticks=101314 symbols=118 pos=no daily_pnl=+0 drops=0
[MOVE_SUB_A] [11:16:16] new symbol SVAQ — detector + movement_strike instantiated
[MOVE_SUB_A] [11:16:22] new symbol YYAI — detector + movement_strike instantiated
  QUALITY_GATE symbol=ASAN gate=no_reentry result=PASS losses=0/1 trades=0/2
[MOVE_SUB_A] [11:16:58] ASAN ARMED entry=7.7800 stop=7.5500 R=0.2300 score=5.5 — movement_strike history reset
[MOVE_SUB_A] [11:16:58] ASAN FLOAT_GATE_BLOCK float=130.875403M cap=5.0M
[MOVE_SUB_A] [11:17:14] STATS ticks=102172 symbols=120 pos=no daily_pnl=+0 drops=0
[MOVE_SUB_A] [11:18:14] STATS ticks=103529 symbols=120 pos=no daily_pnl=+0 drops=0
[MOVE_SUB_A] [11:19:15] STATS ticks=105925 symbols=120 pos=no daily_pnl=+0 drops=0
[MOVE_SUB_A] [11:20:15] STATS ticks=107444 symbols=120 pos=no daily_pnl=+0 drops=0
[MOVE_SUB_A] [11:21:13] new symbol CRMT — detector + movement_strike instantiated
[MOVE_SUB_A] [11:21:15] STATS ticks=109020 symbols=121 pos=no daily_pnl=+0 drops=0
[MOVE_SUB_A] [11:22:15] STATS ticks=110927 symbols=121 pos=no daily_pnl=+0 drops=0
[MOVE_SUB_A] [11:23:16] STATS ticks=112477 symbols=121 pos=no daily_pnl=+0 drops=0
[MOVE_SUB_A] [11:24:16] STATS ticks=113851 symbols=121 pos=no daily_pnl=+0 drops=0
[MOVE_SUB_A] [11:25:16] STATS ticks=115720 symbols=121 pos=no daily_pnl=+0 drops=0
[MOVE_SUB_A] [11:25:47] new symbol EDHL — detector + movement_strike instantiated
[MOVE_SUB_A] [11:26:16] STATS ticks=118820 symbols=122 pos=no daily_pnl=+0 drops=0
[MOVE_SUB_A] [11:27:16] STATS ticks=121107 symbols=122 pos=no daily_pnl=+0 drops=0
[MOVE_SUB_A] [11:28:17] STATS ticks=123411 symbols=122 pos=no daily_pnl=+0 drops=0
[MOVE_SUB_A] [11:29:17] STATS ticks=124824 symbols=122 pos=no daily_pnl=+0 drops=0
[MOVE_SUB_A] [11:30:17] STATS ticks=126262 symbols=122 pos=no daily_pnl=+0 drops=0
  QUALITY_GATE symbol=SKDD gate=no_reentry result=PASS losses=0/1 trades=0/2
[MOVE_SUB_A] [11:30:58] SKDD ARMED entry=17.4600 stop=17.2400 R=0.2200 score=4.0 — movement_strike history reset
[MOVE_SUB_A] [11:30:58] SKDD FLOAT_GATE_BLOCK float=NoneM cap=5.0M
[MOVE_SUB_A] [11:31:17] STATS ticks=127977 symbols=122 pos=no daily_pnl=+0 drops=0
  QUALITY_GATE symbol=SKDD gate=no_reentry result=PASS losses=0/1 trades=0/2
[MOVE_SUB_A] [11:31:47] SKDD ARMED entry=17.5000 stop=17.2400 R=0.2600 score=4.0 — movement_strike history reset
[MOVE_SUB_A] [11:31:47] SKDD FLOAT_GATE_BLOCK float=NoneM cap=5.0M
[MOVE_SUB_A] [11:32:09] new symbol PTIR — detector + movement_strike instantiated
[MOVE_SUB_A] [11:32:17] STATS ticks=130270 symbols=123 pos=no daily_pnl=+0 drops=0
[MOVE_SUB_A] [11:32:26] new symbol BRZE — detector + movement_strike instantiated
[MOVE_SUB_A] [11:33:17] STATS ticks=132409 symbols=124 pos=no daily_pnl=+0 drops=0
[MOVE_SUB_A] [11:34:17] STATS ticks=134575 symbols=124 pos=no daily_pnl=+0 drops=0
[MOVE_SUB_A] [11:35:18] STATS ticks=136410 symbols=124 pos=no daily_pnl=+0 drops=0
[MOVE_SUB_A] [11:36:18] STATS ticks=138753 symbols=124 pos=no daily_pnl=+0 drops=0
[MOVE_SUB_A] [11:37:18] STATS ticks=141365 symbols=124 pos=no daily_pnl=+0 drops=0
[MOVE_SUB_A] [11:38:18] STATS ticks=142714 symbols=124 pos=no daily_pnl=+0 drops=0
[MOVE_SUB_A] [11:39:18] STATS ticks=145749 symbols=124 pos=no daily_pnl=+0 drops=0
[MOVE_SUB_A] [11:40:18] STATS ticks=147584 symbols=124 pos=no daily_pnl=+0 drops=0
[MOVE_SUB_A] [11:40:51] new symbol MF — detector + movement_strike instantiated
[MOVE_SUB_A] [11:41:18] STATS ticks=149723 symbols=125 pos=no daily_pnl=+0 drops=0
[MOVE_SUB_A] [11:42:19] STATS ticks=151390 symbols=125 pos=no daily_pnl=+0 drops=0
[MOVE_SUB_A] [11:43:19] STATS ticks=155689 symbols=125 pos=no daily_pnl=+0 drops=0
[MOVE_SUB_A] [11:44:19] STATS ticks=158228 symbols=125 pos=no daily_pnl=+0 drops=0
[MOVE_SUB_A] [11:45:19] STATS ticks=160196 symbols=125 pos=no daily_pnl=+0 drops=0
[MOVE_SUB_A] [11:46:19] STATS ticks=161010 symbols=125 pos=no daily_pnl=+0 drops=0
[MOVE_SUB_A] [11:47:19] STATS ticks=162636 symbols=125 pos=no daily_pnl=+0 drops=0
[MOVE_SUB_A] [11:47:22] new symbol PEGA — detector + movement_strike instantiated
[MOVE_SUB_A] [11:48:19] STATS ticks=165330 symbols=126 pos=no daily_pnl=+0 drops=0
[MOVE_SUB_A] [11:49:20] STATS ticks=167144 symbols=126 pos=no daily_pnl=+0 drops=0
[MOVE_SUB_A] [11:50:20] STATS ticks=168331 symbols=126 pos=no daily_pnl=+0 drops=0
[MOVE_SUB_A] [11:51:20] STATS ticks=169412 symbols=126 pos=no daily_pnl=+0 drops=0
[MOVE_SUB_A] [11:52:20] STATS ticks=170634 symbols=126 pos=no daily_pnl=+0 drops=0
[MOVE_SUB_A] [11:53:20] STATS ticks=171718 symbols=126 pos=no daily_pnl=+0 drops=0
[MOVE_SUB_A] [11:54:21] STATS ticks=172791 symbols=126 pos=no daily_pnl=+0 drops=0
[MOVE_SUB_A] [11:55:21] STATS ticks=173520 symbols=126 pos=no daily_pnl=+0 drops=0
[MOVE_SUB_A] [11:56:21] STATS ticks=174389 symbols=126 pos=no daily_pnl=+0 drops=0
[MOVE_SUB_A] [11:57:22] STATS ticks=175024 symbols=126 pos=no daily_pnl=+0 drops=0
[MOVE_SUB_A] [11:58:22] STATS ticks=176141 symbols=126 pos=no daily_pnl=+0 drops=0
[MOVE_SUB_A] [11:59:22] STATS ticks=177438 symbols=126 pos=no daily_pnl=+0 drops=0
[MOVE_SUB_A] [12:00:22] STATS ticks=178600 symbols=126 pos=no daily_pnl=+0 drops=0
[MOVE_SUB_A] [12:01:22] STATS ticks=179586 symbols=126 pos=no daily_pnl=+0 drops=0
[MOVE_SUB_A] [12:02:11] new symbol VIA — detector + movement_strike instantiated
[MOVE_SUB_A] [12:02:22] STATS ticks=180684 symbols=127 pos=no daily_pnl=+0 drops=0
[MOVE_SUB_A] [12:03:22] STATS ticks=182319 symbols=127 pos=no daily_pnl=+0 drops=0
[MOVE_SUB_A] [12:04:22] STATS ticks=183223 symbols=127 pos=no daily_pnl=+0 drops=0
[MOVE_SUB_A] [12:05:22] STATS ticks=184194 symbols=127 pos=no daily_pnl=+0 drops=0
[MOVE_SUB_A] [12:06:23] STATS ticks=185178 symbols=127 pos=no daily_pnl=+0 drops=0
[MOVE_SUB_A] [12:07:24] STATS ticks=185900 symbols=127 pos=no daily_pnl=+0 drops=0
[MOVE_SUB_A] [12:08:24] STATS ticks=187047 symbols=127 pos=no daily_pnl=+0 drops=0
[MOVE_SUB_A] [12:09:24] STATS ticks=187693 symbols=127 pos=no daily_pnl=+0 drops=0
[MOVE_SUB_A] [12:10:24] STATS ticks=190175 symbols=127 pos=no daily_pnl=+0 drops=0
[MOVE_SUB_A] [12:11:25] STATS ticks=191098 symbols=127 pos=no daily_pnl=+0 drops=0
[MOVE_SUB_A] [12:12:25] STATS ticks=193807 symbols=127 pos=no daily_pnl=+0 drops=0
[MOVE_SUB_A] [12:13:25] STATS ticks=195474 symbols=127 pos=no daily_pnl=+0 drops=0
[MOVE_SUB_A] [12:14:26] STATS ticks=198635 symbols=127 pos=no daily_pnl=+0 drops=0
[MOVE_SUB_A] [12:15:26] STATS ticks=200994 symbols=127 pos=no daily_pnl=+0 drops=0
[MOVE_SUB_A] [12:16:03] new symbol MSS — detector + movement_strike instantiated
[MOVE_SUB_A] [12:16:26] STATS ticks=201705 symbols=128 pos=no daily_pnl=+0 drops=0
[MOVE_SUB_A] [12:17:07] new symbol PYXS — detector + movement_strike instantiated
[MOVE_SUB_A] [12:17:26] STATS ticks=203020 symbols=129 pos=no daily_pnl=+0 drops=0
[MOVE_SUB_A] [12:18:26] STATS ticks=205254 symbols=129 pos=no daily_pnl=+0 drops=0
[MOVE_SUB_A] [12:19:26] STATS ticks=206926 symbols=129 pos=no daily_pnl=+0 drops=0
[MOVE_SUB_A] [12:20:26] STATS ticks=213498 symbols=129 pos=no daily_pnl=+0 drops=0
[MOVE_SUB_A] [12:21:27] STATS ticks=220062 symbols=129 pos=no daily_pnl=+0 drops=0
[MOVE_SUB_A] [12:22:27] STATS ticks=226292 symbols=129 pos=no daily_pnl=+0 drops=0
[MOVE_SUB_A] [12:23:27] STATS ticks=231958 symbols=129 pos=no daily_pnl=+0 drops=0
  QUALITY_GATE symbol=DFNS gate=no_reentry result=PASS losses=0/1 trades=0/2
[MOVE_SUB_A] [12:24:00] DFNS ARMED entry=8.8500 stop=8.5400 R=0.3100 score=11.0 — movement_strike history reset
[MOVE_SUB_A] [12:24:08] DFNS FLOAT_GATE_BLOCK float=11.98878M cap=5.0M
[MOVE_SUB_A] [12:24:27] STATS ticks=236578 symbols=129 pos=no daily_pnl=+0 drops=0
[MOVE_SUB_A] [12:25:27] STATS ticks=239833 symbols=129 pos=no daily_pnl=+0 drops=0
  QUALITY_GATE symbol=BIYA gate=no_reentry result=PASS losses=0/1 trades=0/2
[MOVE_SUB_A] [12:26:00] BIYA ARMED entry=3.9800 stop=3.8400 R=0.1400 score=12.5 — movement_strike history reset
[MOVE_SUB_A] [12:26:00] BIYA FLOAT_GATE_BLOCK float=99836.0M cap=5.0M
[MOVE_SUB_A] [12:26:28] STATS ticks=245799 symbols=129 pos=no daily_pnl=+0 drops=0
[MOVE_SUB_A] [12:27:28] STATS ticks=249136 symbols=129 pos=no daily_pnl=+0 drops=0
[MOVE_SUB_A] [12:28:28] STATS ticks=253262 symbols=129 pos=no daily_pnl=+0 drops=0
[MOVE_SUB_A] [12:29:28] STATS ticks=257405 symbols=129 pos=no daily_pnl=+0 drops=0
[MOVE_SUB_A] [12:30:28] STATS ticks=262161 symbols=129 pos=no daily_pnl=+0 drops=0
[MOVE_SUB_A] [12:31:28] STATS ticks=265065 symbols=129 pos=no daily_pnl=+0 drops=0
[MOVE_SUB_A] [12:32:28] STATS ticks=269704 symbols=129 pos=no daily_pnl=+0 drops=0
[MOVE_SUB_A] [12:33:28] STATS ticks=272788 symbols=129 pos=no daily_pnl=+0 drops=0
[MOVE_SUB_A] [12:34:28] STATS ticks=274709 symbols=129 pos=no daily_pnl=+0 drops=0
[MOVE_SUB_A] [12:35:29] STATS ticks=278067 symbols=129 pos=no daily_pnl=+0 drops=0
[MOVE_SUB_A] [12:36:29] STATS ticks=282414 symbols=129 pos=no daily_pnl=+0 drops=0
[MOVE_SUB_A] [12:37:29] STATS ticks=284332 symbols=129 pos=no daily_pnl=+0 drops=0
[MOVE_SUB_A] [12:38:29] STATS ticks=286093 symbols=129 pos=no daily_pnl=+0 drops=0
[MOVE_SUB_A] [12:39:29] STATS ticks=287839 symbols=129 pos=no daily_pnl=+0 drops=0
[MOVE_SUB_A] [12:40:29] STATS ticks=289374 symbols=129 pos=no daily_pnl=+0 drops=0
  QUALITY_GATE symbol=SBTU gate=no_reentry result=PASS losses=0/1 trades=0/2
[MOVE_SUB_A] [12:41:07] SBTU ARMED entry=2.4900 stop=2.4500 R=0.0400 score=4.5 — movement_strike history reset
[MOVE_SUB_A] [12:41:07] SBTU FLOAT_GATE_BLOCK float=NoneM cap=5.0M
[MOVE_SUB_A] [12:41:30] STATS ticks=292405 symbols=129 pos=no daily_pnl=+0 drops=0
[MOVE_SUB_A] [12:42:30] STATS ticks=294639 symbols=129 pos=no daily_pnl=+0 drops=0
[MOVE_SUB_A] [12:43:30] STATS ticks=299059 symbols=129 pos=no daily_pnl=+0 drops=0
[MOVE_SUB_A] [12:44:30] STATS ticks=302238 symbols=129 pos=no daily_pnl=+0 drops=0
[MOVE_SUB_A] [12:45:31] STATS ticks=306897 symbols=129 pos=no daily_pnl=+0 drops=0
  QUALITY_GATE symbol=SBTU gate=no_reentry result=PASS losses=0/1 trades=0/2
[MOVE_SUB_A] [12:46:08] SBTU ARMED entry=2.5000 stop=2.4500 R=0.0500 score=4.5 — movement_strike history reset
[MOVE_SUB_A] [12:46:08] SBTU FLOAT_GATE_BLOCK float=NoneM cap=5.0M
[MOVE_SUB_A] [12:46:31] STATS ticks=315898 symbols=129 pos=no daily_pnl=+0 drops=0
[MOVE_SUB_A] [12:47:30] new symbol TTDU — detector + movement_strike instantiated
[MOVE_SUB_A] [12:47:31] STATS ticks=318815 symbols=130 pos=no daily_pnl=+0 drops=0
[MOVE_SUB_A] [12:48:32] STATS ticks=320550 symbols=130 pos=no daily_pnl=+0 drops=0
[MOVE_SUB_A] [12:49:32] STATS ticks=323507 symbols=130 pos=no daily_pnl=+0 drops=0
[MOVE_SUB_A] [12:50:32] STATS ticks=326045 symbols=130 pos=no daily_pnl=+0 drops=0
[MOVE_SUB_A] [12:51:13] new symbol SSII — detector + movement_strike instantiated
[MOVE_SUB_A] [12:51:32] STATS ticks=330408 symbols=131 pos=no daily_pnl=+0 drops=0
[MOVE_SUB_A] [12:52:32] STATS ticks=335014 symbols=131 pos=no daily_pnl=+0 drops=0
[MOVE_SUB_A] [12:53:32] STATS ticks=339208 symbols=131 pos=no daily_pnl=+0 drops=0
[MOVE_SUB_A] [12:54:32] STATS ticks=342692 symbols=131 pos=no daily_pnl=+0 drops=0
[MOVE_SUB_A] [12:55:33] STATS ticks=345514 symbols=131 pos=no daily_pnl=+0 drops=0
[MOVE_SUB_A] [12:56:33] STATS ticks=347112 symbols=131 pos=no daily_pnl=+0 drops=0
[MOVE_SUB_A] [12:57:33] STATS ticks=351575 symbols=131 pos=no daily_pnl=+0 drops=0
[MOVE_SUB_A] [12:58:33] STATS ticks=354483 symbols=131 pos=no daily_pnl=+0 drops=0
[MOVE_SUB_A] [12:59:34] STATS ticks=357004 symbols=131 pos=no daily_pnl=+0 drops=0
[MOVE_SUB_A] [13:00:34] STATS ticks=359616 symbols=131 pos=no daily_pnl=+0 drops=0
[MOVE_SUB_A] [13:01:34] STATS ticks=362695 symbols=131 pos=no daily_pnl=+0 drops=0
[MOVE_SUB_A] [13:02:35] STATS ticks=364900 symbols=131 pos=no daily_pnl=+0 drops=0
[MOVE_SUB_A] [13:03:35] STATS ticks=369023 symbols=131 pos=no daily_pnl=+0 drops=0
[MOVE_SUB_A] [13:04:35] STATS ticks=374131 symbols=131 pos=no daily_pnl=+0 drops=0
[MOVE_SUB_A] [13:05:35] STATS ticks=382902 symbols=131 pos=no daily_pnl=+0 drops=0
[MOVE_SUB_A] [13:06:35] STATS ticks=389062 symbols=131 pos=no daily_pnl=+0 drops=0
[MOVE_SUB_A] [13:07:35] STATS ticks=393017 symbols=131 pos=no daily_pnl=+0 drops=0
  QUALITY_GATE symbol=DFNS gate=no_reentry result=PASS losses=0/1 trades=0/2
[MOVE_SUB_A] [13:08:00] DFNS ARMED entry=10.8400 stop=9.8100 R=1.0300 score=12.5 — movement_strike history reset
[MOVE_SUB_A] [13:08:35] STATS ticks=399322 symbols=131 pos=no daily_pnl=+0 drops=0
[MOVE_SUB_A] [13:09:35] STATS ticks=403437 symbols=131 pos=no daily_pnl=+0 drops=0
[MOVE_SUB_A] [13:10:26] DFNS FLOAT_GATE_BLOCK float=11.98878M cap=5.0M
[MOVE_SUB_A] [13:10:36] STATS ticks=409585 symbols=131 pos=no daily_pnl=+0 drops=0
  QUALITY_GATE symbol=DFNS gate=no_reentry result=PASS losses=0/1 trades=0/2
[MOVE_SUB_A] [13:11:36] STATS ticks=417128 symbols=131 pos=no daily_pnl=+0 drops=0
[MOVE_SUB_A] [13:12:36] STATS ticks=422818 symbols=131 pos=no daily_pnl=+0 drops=0
[MOVE_SUB_A] [13:13:36] STATS ticks=429144 symbols=131 pos=no daily_pnl=+0 drops=0
[MOVE_SUB_A] [13:14:36] STATS ticks=435206 symbols=131 pos=no daily_pnl=+0 drops=0
  QUALITY_GATE symbol=DFNS gate=no_reentry result=PASS losses=0/1 trades=0/2
[MOVE_SUB_A] [13:15:00] DFNS ARMED entry=11.0800 stop=10.5400 R=0.5400 score=11.0 — movement_strike history reset
[MOVE_SUB_A] [13:15:00] DFNS FLOAT_GATE_BLOCK float=11.98878M cap=5.0M
[MOVE_SUB_A] [13:15:37] STATS ticks=438930 symbols=131 pos=no daily_pnl=+0 drops=0
[MOVE_SUB_A] [13:16:37] STATS ticks=442375 symbols=131 pos=no daily_pnl=+0 drops=0
[MOVE_SUB_A] [13:17:37] STATS ticks=446327 symbols=131 pos=no daily_pnl=+0 drops=0
[MOVE_SUB_A] [13:18:37] STATS ticks=448430 symbols=131 pos=no daily_pnl=+0 drops=0
[MOVE_SUB_A] [13:19:37] STATS ticks=457537 symbols=131 pos=no daily_pnl=+0 drops=0
[MOVE_SUB_A] [13:20:37] STATS ticks=461532 symbols=131 pos=no daily_pnl=+0 drops=0
[MOVE_SUB_A] [13:21:37] STATS ticks=465506 symbols=131 pos=no daily_pnl=+0 drops=0
[MOVE_SUB_A] [13:22:37] STATS ticks=468117 symbols=131 pos=no daily_pnl=+0 drops=0
[MOVE_SUB_A] [13:23:37] STATS ticks=471751 symbols=131 pos=no daily_pnl=+0 drops=0
[MOVE_SUB_A] [13:24:38] STATS ticks=473177 symbols=131 pos=no daily_pnl=+0 drops=0
[MOVE_SUB_A] [13:25:38] STATS ticks=476119 symbols=131 pos=no daily_pnl=+0 drops=0
[MOVE_SUB_A] [13:26:38] STATS ticks=479733 symbols=131 pos=no daily_pnl=+0 drops=0
[MOVE_SUB_A] [13:27:38] STATS ticks=481878 symbols=131 pos=no daily_pnl=+0 drops=0
[MOVE_SUB_A] [13:28:38] STATS ticks=483939 symbols=131 pos=no daily_pnl=+0 drops=0
[MOVE_SUB_A] [13:29:39] STATS ticks=485280 symbols=131 pos=no daily_pnl=+0 drops=0
[MOVE_SUB_A] [13:30:39] STATS ticks=488625 symbols=131 pos=no daily_pnl=+0 drops=0
[MOVE_SUB_A] [13:31:39] STATS ticks=491528 symbols=131 pos=no daily_pnl=+0 drops=0
  QUALITY_GATE symbol=PTIR gate=no_reentry result=PASS losses=0/1 trades=0/2
[MOVE_SUB_A] [13:32:09] PTIR ARMED entry=11.5600 stop=11.4000 R=0.1600 score=5.5 — movement_strike history reset
[MOVE_SUB_A] [13:32:09] PTIR FLOAT_GATE_BLOCK float=29.121493M cap=5.0M
[MOVE_SUB_A] [13:32:15] new symbol BZUN — detector + movement_strike instantiated
[MOVE_SUB_A] [13:32:23] new symbol CNXC — detector + movement_strike instantiated
[MOVE_SUB_A] [13:32:39] STATS ticks=494027 symbols=133 pos=no daily_pnl=+0 drops=0
[MOVE_SUB_A] [13:33:40] STATS ticks=497668 symbols=133 pos=no daily_pnl=+0 drops=0
[MOVE_SUB_A] [13:34:40] STATS ticks=500345 symbols=133 pos=no daily_pnl=+0 drops=0
[MOVE_SUB_A] [13:35:40] STATS ticks=502494 symbols=133 pos=no daily_pnl=+0 drops=0
[MOVE_SUB_A] [13:36:41] STATS ticks=506631 symbols=133 pos=no daily_pnl=+0 drops=0
[MOVE_SUB_A] [13:37:41] STATS ticks=513628 symbols=133 pos=no daily_pnl=+0 drops=0
[MOVE_SUB_A] [13:38:41] STATS ticks=517711 symbols=133 pos=no daily_pnl=+0 drops=0
  QUALITY_GATE symbol=LVWR gate=no_reentry result=PASS losses=0/1 trades=0/2
[MOVE_SUB_A] [13:39:42] STATS ticks=520667 symbols=133 pos=no daily_pnl=+0 drops=0
  QUALITY_GATE symbol=DFNS gate=no_reentry result=PASS losses=0/1 trades=0/2
[MOVE_SUB_A] [13:40:42] STATS ticks=524095 symbols=133 pos=no daily_pnl=+0 drops=0
[MOVE_SUB_A] [13:41:42] STATS ticks=525601 symbols=133 pos=no daily_pnl=+0 drops=0
[MOVE_SUB_A] [13:42:42] STATS ticks=531192 symbols=133 pos=no daily_pnl=+0 drops=0
[MOVE_SUB_A] [13:43:42] STATS ticks=536784 symbols=133 pos=no daily_pnl=+0 drops=0
[MOVE_SUB_A] [13:44:42] STATS ticks=540200 symbols=133 pos=no daily_pnl=+0 drops=0
  QUALITY_GATE symbol=DFNS gate=no_reentry result=PASS losses=0/1 trades=0/2
[MOVE_SUB_A] [13:45:43] STATS ticks=543485 symbols=133 pos=no daily_pnl=+0 drops=0
[MOVE_SUB_A] [13:46:13] new symbol FATN — detector + movement_strike instantiated
[MOVE_SUB_A] [13:46:43] STATS ticks=547752 symbols=134 pos=no daily_pnl=+0 drops=0
[MOVE_SUB_A] [13:47:20] new symbol BYRN — detector + movement_strike instantiated
[MOVE_SUB_A] [13:47:30] new symbol WLDS — detector + movement_strike instantiated
[MOVE_SUB_A] [13:47:43] STATS ticks=550492 symbols=136 pos=no daily_pnl=+0 drops=0
[MOVE_SUB_A] [13:48:43] STATS ticks=553225 symbols=136 pos=no daily_pnl=+0 drops=0
[MOVE_SUB_A] [13:49:44] STATS ticks=555687 symbols=136 pos=no daily_pnl=+0 drops=0
[MOVE_SUB_A] [13:50:44] STATS ticks=558795 symbols=136 pos=no daily_pnl=+0 drops=0
[MOVE_SUB_A] [13:51:44] STATS ticks=562057 symbols=136 pos=no daily_pnl=+0 drops=0
[MOVE_SUB_A] [13:52:45] STATS ticks=567188 symbols=136 pos=no daily_pnl=+0 drops=0
[MOVE_SUB_A] [13:53:45] STATS ticks=570246 symbols=136 pos=no daily_pnl=+0 drops=0
[MOVE_SUB_A] [13:54:45] STATS ticks=572837 symbols=136 pos=no daily_pnl=+0 drops=0
  QUALITY_GATE symbol=DFNS gate=no_reentry result=PASS losses=0/1 trades=0/2
[MOVE_SUB_A] [13:55:45] STATS ticks=576272 symbols=136 pos=no daily_pnl=+0 drops=0
[MOVE_SUB_A] [13:56:45] STATS ticks=579051 symbols=136 pos=no daily_pnl=+0 drops=0
[MOVE_SUB_A] [13:57:46] STATS ticks=581297 symbols=136 pos=no daily_pnl=+0 drops=0
[MOVE_SUB_A] [13:58:46] STATS ticks=582905 symbols=136 pos=no daily_pnl=+0 drops=0
[MOVE_SUB_A] [13:59:46] STATS ticks=585621 symbols=136 pos=no daily_pnl=+0 drops=0
[MOVE_SUB_A] [14:00:46] STATS ticks=587463 symbols=136 pos=no daily_pnl=+0 drops=0
[MOVE_SUB_A] [14:01:47] STATS ticks=591576 symbols=136 pos=no daily_pnl=+0 drops=0
[MOVE_SUB_A] [14:02:47] STATS ticks=594832 symbols=136 pos=no daily_pnl=+0 drops=0
[MOVE_SUB_A] [14:03:47] STATS ticks=596676 symbols=136 pos=no daily_pnl=+0 drops=0
[MOVE_SUB_A] [14:04:47] STATS ticks=598856 symbols=136 pos=no daily_pnl=+0 drops=0
[MOVE_SUB_A] [14:05:47] STATS ticks=602323 symbols=136 pos=no daily_pnl=+0 drops=0
  QUALITY_GATE symbol=LVWR gate=no_reentry result=PASS losses=0/1 trades=0/2
[MOVE_SUB_A] [14:06:47] STATS ticks=604294 symbols=136 pos=no daily_pnl=+0 drops=0
[MOVE_SUB_A] [14:07:47] STATS ticks=606147 symbols=136 pos=no daily_pnl=+0 drops=0
[MOVE_SUB_A] [14:08:48] STATS ticks=609248 symbols=136 pos=no daily_pnl=+0 drops=0
[MOVE_SUB_A] [14:09:48] STATS ticks=611988 symbols=136 pos=no daily_pnl=+0 drops=0
  QUALITY_GATE symbol=BIYA gate=no_reentry result=PASS losses=0/1 trades=0/2
[MOVE_SUB_A] [14:10:48] STATS ticks=613812 symbols=136 pos=no daily_pnl=+0 drops=0
[MOVE_SUB_A] [14:11:49] STATS ticks=617183 symbols=136 pos=no daily_pnl=+0 drops=0
[MOVE_SUB_A] [14:12:49] STATS ticks=619358 symbols=136 pos=no daily_pnl=+0 drops=0
[MOVE_SUB_A] [14:13:49] STATS ticks=622824 symbols=136 pos=no daily_pnl=+0 drops=0
[MOVE_SUB_A] [14:14:50] STATS ticks=624378 symbols=136 pos=no daily_pnl=+0 drops=0
[MOVE_SUB_A] [14:15:50] STATS ticks=625997 symbols=136 pos=no daily_pnl=+0 drops=0
[MOVE_SUB_A] [14:16:50] STATS ticks=627356 symbols=136 pos=no daily_pnl=+0 drops=0
[MOVE_SUB_A] [14:17:34] new symbol NAVN — detector + movement_strike instantiated
[MOVE_SUB_A] [14:17:50] STATS ticks=629919 symbols=137 pos=no daily_pnl=+0 drops=0
[MOVE_SUB_A] [14:18:50] STATS ticks=631971 symbols=137 pos=no daily_pnl=+0 drops=0
[MOVE_SUB_A] [14:19:51] STATS ticks=633840 symbols=137 pos=no daily_pnl=+0 drops=0
[MOVE_SUB_A] [14:20:51] STATS ticks=636440 symbols=137 pos=no daily_pnl=+0 drops=0
[MOVE_SUB_A] [14:21:51] STATS ticks=639069 symbols=137 pos=no daily_pnl=+0 drops=0
[MOVE_SUB_A] [14:22:51] STATS ticks=641372 symbols=137 pos=no daily_pnl=+0 drops=0
[MOVE_SUB_A] [14:23:51] STATS ticks=643482 symbols=137 pos=no daily_pnl=+0 drops=0
[MOVE_SUB_A] [14:24:52] STATS ticks=645240 symbols=137 pos=no daily_pnl=+0 drops=0
[MOVE_SUB_A] [14:25:52] STATS ticks=646754 symbols=137 pos=no daily_pnl=+0 drops=0
[MOVE_SUB_A] [14:26:52] STATS ticks=648953 symbols=137 pos=no daily_pnl=+0 drops=0
[MOVE_SUB_A] [14:27:53] STATS ticks=649983 symbols=137 pos=no daily_pnl=+0 drops=0
[MOVE_SUB_A] [14:28:53] STATS ticks=651572 symbols=137 pos=no daily_pnl=+0 drops=0
[MOVE_SUB_A] [14:29:53] STATS ticks=652743 symbols=137 pos=no daily_pnl=+0 drops=0
[MOVE_SUB_A] [14:30:53] STATS ticks=654099 symbols=137 pos=no daily_pnl=+0 drops=0
[MOVE_SUB_A] [14:31:23] new symbol TTGT — detector + movement_strike instantiated
[MOVE_SUB_A] [14:31:53] STATS ticks=657098 symbols=138 pos=no daily_pnl=+0 drops=0
[MOVE_SUB_A] [14:32:53] STATS ticks=658877 symbols=138 pos=no daily_pnl=+0 drops=0
[MOVE_SUB_A] [14:33:53] STATS ticks=661274 symbols=138 pos=no daily_pnl=+0 drops=0
[MOVE_SUB_A] [14:34:53] STATS ticks=664325 symbols=138 pos=no daily_pnl=+0 drops=0
[MOVE_SUB_A] [14:35:53] STATS ticks=670138 symbols=138 pos=no daily_pnl=+0 drops=0
[MOVE_SUB_A] [14:36:18] new symbol ZNB — detector + movement_strike instantiated
[MOVE_SUB_A] [14:36:53] STATS ticks=674422 symbols=139 pos=no daily_pnl=+0 drops=0
[MOVE_SUB_A] [14:37:53] STATS ticks=678434 symbols=139 pos=no daily_pnl=+0 drops=0
[MOVE_SUB_A] [14:38:53] STATS ticks=681515 symbols=139 pos=no daily_pnl=+0 drops=0
[MOVE_SUB_A] [14:39:54] STATS ticks=685245 symbols=139 pos=no daily_pnl=+0 drops=0
[MOVE_SUB_A] [14:40:54] STATS ticks=686977 symbols=139 pos=no daily_pnl=+0 drops=0
[MOVE_SUB_A] [14:41:54] STATS ticks=690774 symbols=139 pos=no daily_pnl=+0 drops=0
[MOVE_SUB_A] [14:42:54] STATS ticks=694055 symbols=139 pos=no daily_pnl=+0 drops=0
[MOVE_SUB_A] [14:43:54] STATS ticks=695818 symbols=139 pos=no daily_pnl=+0 drops=0
[MOVE_SUB_A] [14:44:54] STATS ticks=697873 symbols=139 pos=no daily_pnl=+0 drops=0
[MOVE_SUB_A] [14:45:54] STATS ticks=703562 symbols=139 pos=no daily_pnl=+0 drops=0
[MOVE_SUB_A] [14:46:54] STATS ticks=711022 symbols=139 pos=no daily_pnl=+0 drops=0
[MOVE_SUB_A] [14:47:35] new symbol SPT — detector + movement_strike instantiated
[MOVE_SUB_A] [14:47:54] STATS ticks=716251 symbols=140 pos=no daily_pnl=+0 drops=0
[MOVE_SUB_A] [14:48:55] STATS ticks=721851 symbols=140 pos=no daily_pnl=+0 drops=0
[MOVE_SUB_A] [14:49:55] STATS ticks=724886 symbols=140 pos=no daily_pnl=+0 drops=0
[MOVE_SUB_A] [14:50:55] STATS ticks=727534 symbols=140 pos=no daily_pnl=+0 drops=0
[MOVE_SUB_A] [14:51:55] STATS ticks=731887 symbols=140 pos=no daily_pnl=+0 drops=0
[MOVE_SUB_A] [14:52:55] STATS ticks=733859 symbols=140 pos=no daily_pnl=+0 drops=0
[MOVE_SUB_A] [14:53:55] STATS ticks=737015 symbols=140 pos=no daily_pnl=+0 drops=0
[MOVE_SUB_A] [14:54:55] STATS ticks=738804 symbols=140 pos=no daily_pnl=+0 drops=0
[MOVE_SUB_A] [14:55:56] STATS ticks=741545 symbols=140 pos=no daily_pnl=+0 drops=0
[MOVE_SUB_A] [14:56:56] STATS ticks=743962 symbols=140 pos=no daily_pnl=+0 drops=0
[MOVE_SUB_A] [14:57:56] STATS ticks=745297 symbols=140 pos=no daily_pnl=+0 drops=0
[MOVE_SUB_A] [14:58:56] STATS ticks=746862 symbols=140 pos=no daily_pnl=+0 drops=0
[MOVE_SUB_A] [14:59:56] STATS ticks=751455 symbols=140 pos=no daily_pnl=+0 drops=0
[MOVE_SUB_A] [15:00:56] STATS ticks=753863 symbols=140 pos=no daily_pnl=+0 drops=0
[MOVE_SUB_A] [15:01:57] STATS ticks=755941 symbols=140 pos=no daily_pnl=+0 drops=0
[MOVE_SUB_A] [15:02:57] STATS ticks=757515 symbols=140 pos=no daily_pnl=+0 drops=0
[MOVE_SUB_A] [15:03:57] STATS ticks=759422 symbols=140 pos=no daily_pnl=+0 drops=0
[MOVE_SUB_A] [15:04:58] STATS ticks=762336 symbols=140 pos=no daily_pnl=+0 drops=0
[MOVE_SUB_A] [15:05:58] STATS ticks=764783 symbols=140 pos=no daily_pnl=+0 drops=0
[MOVE_SUB_A] [15:06:58] STATS ticks=766712 symbols=140 pos=no daily_pnl=+0 drops=0
  QUALITY_GATE symbol=LVWR gate=no_reentry result=PASS losses=0/1 trades=0/2
[MOVE_SUB_A] [15:07:58] STATS ticks=769926 symbols=140 pos=no daily_pnl=+0 drops=0
[MOVE_SUB_A] [15:08:58] STATS ticks=771826 symbols=140 pos=no daily_pnl=+0 drops=0
[MOVE_SUB_A] [15:09:59] STATS ticks=773512 symbols=140 pos=no daily_pnl=+0 drops=0
[MOVE_SUB_A] [15:10:59] STATS ticks=775284 symbols=140 pos=no daily_pnl=+0 drops=0
[MOVE_SUB_A] [15:11:59] STATS ticks=776800 symbols=140 pos=no daily_pnl=+0 drops=0
[MOVE_SUB_A] [15:12:59] STATS ticks=779161 symbols=140 pos=no daily_pnl=+0 drops=0
[MOVE_SUB_A] [15:13:59] STATS ticks=780236 symbols=140 pos=no daily_pnl=+0 drops=0
[MOVE_SUB_A] [15:14:59] STATS ticks=782210 symbols=140 pos=no daily_pnl=+0 drops=0
[MOVE_SUB_A] [15:15:59] STATS ticks=784330 symbols=140 pos=no daily_pnl=+0 drops=0
[MOVE_SUB_A] [15:17:00] STATS ticks=785585 symbols=140 pos=no daily_pnl=+0 drops=0
[MOVE_SUB_A] [15:17:34] new symbol AIIO — detector + movement_strike instantiated
[MOVE_SUB_A] [15:18:00] STATS ticks=786485 symbols=141 pos=no daily_pnl=+0 drops=0
[MOVE_SUB_A] [15:19:00] STATS ticks=787551 symbols=141 pos=no daily_pnl=+0 drops=0
[MOVE_SUB_A] [15:20:00] STATS ticks=788477 symbols=141 pos=no daily_pnl=+0 drops=0
[MOVE_SUB_A] [15:21:01] STATS ticks=790155 symbols=141 pos=no daily_pnl=+0 drops=0
[MOVE_SUB_A] [15:22:01] STATS ticks=792947 symbols=141 pos=no daily_pnl=+0 drops=0
[MOVE_SUB_A] [15:23:01] STATS ticks=793636 symbols=141 pos=no daily_pnl=+0 drops=0
[MOVE_SUB_A] [15:24:01] STATS ticks=794190 symbols=141 pos=no daily_pnl=+0 drops=0
[MOVE_SUB_A] [15:25:01] STATS ticks=794655 symbols=141 pos=no daily_pnl=+0 drops=0
[MOVE_SUB_A] [15:26:01] STATS ticks=795590 symbols=141 pos=no daily_pnl=+0 drops=0
[MOVE_SUB_A] [15:27:02] STATS ticks=798540 symbols=141 pos=no daily_pnl=+0 drops=0
[MOVE_SUB_A] [15:28:02] STATS ticks=802886 symbols=141 pos=no daily_pnl=+0 drops=0
[MOVE_SUB_A] [15:29:02] STATS ticks=805498 symbols=141 pos=no daily_pnl=+0 drops=0
[MOVE_SUB_A] [15:30:02] STATS ticks=807334 symbols=141 pos=no daily_pnl=+0 drops=0
[MOVE_SUB_A] [15:31:02] STATS ticks=810838 symbols=141 pos=no daily_pnl=+0 drops=0
[MOVE_SUB_A] [15:32:02] STATS ticks=812648 symbols=141 pos=no daily_pnl=+0 drops=0
[MOVE_SUB_A] [15:33:02] STATS ticks=814369 symbols=141 pos=no daily_pnl=+0 drops=0
[MOVE_SUB_A] [15:34:02] STATS ticks=817057 symbols=141 pos=no daily_pnl=+0 drops=0
[MOVE_SUB_A] [15:35:02] STATS ticks=820005 symbols=141 pos=no daily_pnl=+0 drops=0
[MOVE_SUB_A] [15:36:03] STATS ticks=824495 symbols=141 pos=no daily_pnl=+0 drops=0
[MOVE_SUB_A] [15:37:03] STATS ticks=825027 symbols=141 pos=no daily_pnl=+0 drops=0
[MOVE_SUB_A] [15:38:04] STATS ticks=825436 symbols=141 pos=no daily_pnl=+0 drops=0
[MOVE_SUB_A] [15:39:04] STATS ticks=826633 symbols=141 pos=no daily_pnl=+0 drops=0
[MOVE_SUB_A] [15:40:04] STATS ticks=827465 symbols=141 pos=no daily_pnl=+0 drops=0
[MOVE_SUB_A] [15:41:04] STATS ticks=831178 symbols=141 pos=no daily_pnl=+0 drops=0
[MOVE_SUB_A] [15:42:05] STATS ticks=838907 symbols=141 pos=no daily_pnl=+0 drops=0
[MOVE_SUB_A] [15:43:05] STATS ticks=840317 symbols=141 pos=no daily_pnl=+0 drops=0
[MOVE_SUB_A] [15:44:05] STATS ticks=840846 symbols=141 pos=no daily_pnl=+0 drops=0
[MOVE_SUB_A] [15:45:05] STATS ticks=842033 symbols=141 pos=no daily_pnl=+0 drops=0
[MOVE_SUB_A] [15:46:05] new symbol DJTU — detector + movement_strike instantiated
[MOVE_SUB_A] [15:46:05] STATS ticks=842677 symbols=142 pos=no daily_pnl=+0 drops=0
  QUALITY_GATE symbol=BIYA gate=no_reentry result=PASS losses=0/1 trades=0/2
[MOVE_SUB_A] [15:47:05] STATS ticks=844307 symbols=142 pos=no daily_pnl=+0 drops=0
[MOVE_SUB_A] [15:48:05] STATS ticks=845537 symbols=142 pos=no daily_pnl=+0 drops=0
[MOVE_SUB_A] [15:49:06] STATS ticks=846113 symbols=142 pos=no daily_pnl=+0 drops=0
[MOVE_SUB_A] [15:50:06] STATS ticks=846736 symbols=142 pos=no daily_pnl=+0 drops=0
[MOVE_SUB_A] [15:51:06] STATS ticks=847493 symbols=142 pos=no daily_pnl=+0 drops=0
[MOVE_SUB_A] [15:52:06] STATS ticks=849686 symbols=142 pos=no daily_pnl=+0 drops=0
[MOVE_SUB_A] [15:53:06] STATS ticks=850889 symbols=142 pos=no daily_pnl=+0 drops=0
[MOVE_SUB_A] [15:54:06] STATS ticks=852267 symbols=142 pos=no daily_pnl=+0 drops=0
[MOVE_SUB_A] [15:55:06] STATS ticks=853476 symbols=142 pos=no daily_pnl=+0 drops=0
[MOVE_SUB_A] [15:56:06] STATS ticks=854504 symbols=142 pos=no daily_pnl=+0 drops=0
[MOVE_SUB_A] [15:57:06] STATS ticks=855456 symbols=142 pos=no daily_pnl=+0 drops=0
[MOVE_SUB_A] [15:58:07] STATS ticks=856192 symbols=142 pos=no daily_pnl=+0 drops=0
[MOVE_SUB_A] [15:59:07] STATS ticks=856922 symbols=142 pos=no daily_pnl=+0 drops=0
[MOVE_SUB_A] [16:00:07] STATS ticks=858213 symbols=142 pos=no daily_pnl=+0 drops=0
[MOVE_SUB_A] [16:00:54] new symbol NIPG — detector + movement_strike instantiated
[MOVE_SUB_A] [16:01:07] STATS ticks=861892 symbols=143 pos=no daily_pnl=+0 drops=0
[MOVE_SUB_A] [16:02:07] STATS ticks=865374 symbols=143 pos=no daily_pnl=+0 drops=0
[MOVE_SUB_A] [16:03:08] STATS ticks=867776 symbols=143 pos=no daily_pnl=+0 drops=0
[MOVE_SUB_A] [16:04:08] STATS ticks=869589 symbols=143 pos=no daily_pnl=+0 drops=0
[MOVE_SUB_A] [16:05:08] STATS ticks=872642 symbols=143 pos=no daily_pnl=+0 drops=0
[MOVE_SUB_A] [16:06:09] STATS ticks=875375 symbols=143 pos=no daily_pnl=+0 drops=0
[MOVE_SUB_A] [16:07:09] STATS ticks=876710 symbols=143 pos=no daily_pnl=+0 drops=0
[MOVE_SUB_A] [16:08:10] STATS ticks=877793 symbols=143 pos=no daily_pnl=+0 drops=0
[MOVE_SUB_A] [16:09:10] STATS ticks=880255 symbols=143 pos=no daily_pnl=+0 drops=0
[MOVE_SUB_A] [16:10:11] STATS ticks=881278 symbols=143 pos=no daily_pnl=+0 drops=0
[MOVE_SUB_A] [16:11:11] STATS ticks=882691 symbols=143 pos=no daily_pnl=+0 drops=0
[MOVE_SUB_A] [16:12:11] STATS ticks=885248 symbols=143 pos=no daily_pnl=+0 drops=0
[MOVE_SUB_A] [16:13:11] STATS ticks=889978 symbols=143 pos=no daily_pnl=+0 drops=0
[MOVE_SUB_A] [16:14:12] STATS ticks=894920 symbols=143 pos=no daily_pnl=+0 drops=0
[MOVE_SUB_A] [16:15:12] STATS ticks=901181 symbols=143 pos=no daily_pnl=+0 drops=0
[MOVE_SUB_A] [16:16:12] STATS ticks=905410 symbols=143 pos=no daily_pnl=+0 drops=0
  QUALITY_GATE symbol=ZNB gate=no_reentry result=PASS losses=0/1 trades=0/2
[MOVE_SUB_A] [16:17:12] STATS ticks=909351 symbols=143 pos=no daily_pnl=+0 drops=0
[MOVE_SUB_A] [16:18:13] STATS ticks=912764 symbols=143 pos=no daily_pnl=+0 drops=0
[MOVE_SUB_A] [16:19:13] STATS ticks=916189 symbols=143 pos=no daily_pnl=+0 drops=0
[MOVE_SUB_A] [16:20:14] STATS ticks=918421 symbols=143 pos=no daily_pnl=+0 drops=0
[MOVE_SUB_A] [16:21:14] STATS ticks=922470 symbols=143 pos=no daily_pnl=+0 drops=0
[MOVE_SUB_A] [16:22:14] STATS ticks=925844 symbols=143 pos=no daily_pnl=+0 drops=0
[MOVE_SUB_A] [16:23:14] STATS ticks=928530 symbols=143 pos=no daily_pnl=+0 drops=0
[MOVE_SUB_A] [16:24:14] STATS ticks=931340 symbols=143 pos=no daily_pnl=+0 drops=0
  QUALITY_GATE symbol=DFNS gate=no_reentry result=PASS losses=0/1 trades=0/2
[MOVE_SUB_A] [16:25:14] STATS ticks=936003 symbols=143 pos=no daily_pnl=+0 drops=0
[MOVE_SUB_A] [16:26:15] STATS ticks=938839 symbols=143 pos=no daily_pnl=+0 drops=0
[MOVE_SUB_A] [16:27:15] STATS ticks=940594 symbols=143 pos=no daily_pnl=+0 drops=0
[MOVE_SUB_A] [16:28:16] STATS ticks=943130 symbols=143 pos=no daily_pnl=+0 drops=0
[MOVE_SUB_A] [16:29:16] STATS ticks=945663 symbols=143 pos=no daily_pnl=+0 drops=0
[MOVE_SUB_A] [16:30:16] STATS ticks=946853 symbols=143 pos=no daily_pnl=+0 drops=0
[MOVE_SUB_A] [16:31:16] STATS ticks=948150 symbols=143 pos=no daily_pnl=+0 drops=0
[MOVE_SUB_A] [16:32:16] STATS ticks=949385 symbols=143 pos=no daily_pnl=+0 drops=0
[MOVE_SUB_A] [16:33:16] STATS ticks=951585 symbols=143 pos=no daily_pnl=+0 drops=0
[MOVE_SUB_A] [16:34:17] STATS ticks=952948 symbols=143 pos=no daily_pnl=+0 drops=0
[MOVE_SUB_A] [16:35:17] STATS ticks=954194 symbols=143 pos=no daily_pnl=+0 drops=0
[MOVE_SUB_A] [16:36:17] STATS ticks=955414 symbols=143 pos=no daily_pnl=+0 drops=0
[MOVE_SUB_A] [16:37:18] STATS ticks=958326 symbols=143 pos=no daily_pnl=+0 drops=0
[MOVE_SUB_A] [16:38:18] STATS ticks=959845 symbols=143 pos=no daily_pnl=+0 drops=0
[MOVE_SUB_A] [16:39:18] STATS ticks=961045 symbols=143 pos=no daily_pnl=+0 drops=0
[MOVE_SUB_A] [16:40:18] STATS ticks=963725 symbols=143 pos=no daily_pnl=+0 drops=0
[MOVE_SUB_A] [16:41:19] STATS ticks=966175 symbols=143 pos=no daily_pnl=+0 drops=0
[MOVE_SUB_A] [16:42:19] STATS ticks=967556 symbols=143 pos=no daily_pnl=+0 drops=0
[MOVE_SUB_A] [16:43:20] STATS ticks=968674 symbols=143 pos=no daily_pnl=+0 drops=0
[MOVE_SUB_A] [16:44:20] STATS ticks=969183 symbols=143 pos=no daily_pnl=+0 drops=0
[MOVE_SUB_A] [16:45:21] STATS ticks=969897 symbols=143 pos=no daily_pnl=+0 drops=0
[MOVE_SUB_A] [16:46:21] STATS ticks=970388 symbols=143 pos=no daily_pnl=+0 drops=0
[MOVE_SUB_A] [16:47:21] STATS ticks=970984 symbols=143 pos=no daily_pnl=+0 drops=0
[MOVE_SUB_A] [16:48:22] STATS ticks=972174 symbols=143 pos=no daily_pnl=+0 drops=0
[MOVE_SUB_A] [16:49:22] STATS ticks=974146 symbols=143 pos=no daily_pnl=+0 drops=0
[MOVE_SUB_A] [16:50:23] STATS ticks=975492 symbols=143 pos=no daily_pnl=+0 drops=0
[MOVE_SUB_A] [16:51:23] STATS ticks=976980 symbols=143 pos=no daily_pnl=+0 drops=0
[MOVE_SUB_A] [16:52:23] STATS ticks=978131 symbols=143 pos=no daily_pnl=+0 drops=0
[MOVE_SUB_A] [16:53:24] STATS ticks=979053 symbols=143 pos=no daily_pnl=+0 drops=0
[MOVE_SUB_A] [16:54:24] STATS ticks=979645 symbols=143 pos=no daily_pnl=+0 drops=0
[MOVE_SUB_A] [16:55:25] STATS ticks=980376 symbols=143 pos=no daily_pnl=+0 drops=0
[MOVE_SUB_A] [16:56:25] STATS ticks=981187 symbols=143 pos=no daily_pnl=+0 drops=0
[MOVE_SUB_A] [16:57:25] STATS ticks=981851 symbols=143 pos=no daily_pnl=+0 drops=0
[MOVE_SUB_A] [16:58:26] STATS ticks=982428 symbols=143 pos=no daily_pnl=+0 drops=0
[MOVE_SUB_A] [16:59:26] STATS ticks=983572 symbols=143 pos=no daily_pnl=+0 drops=0
[MOVE_SUB_A] [17:00:27] STATS ticks=984911 symbols=143 pos=no daily_pnl=+0 drops=0
[MOVE_SUB_A] [17:01:27] STATS ticks=986985 symbols=143 pos=no daily_pnl=+0 drops=0
[MOVE_SUB_A] [17:02:27] STATS ticks=988148 symbols=143 pos=no daily_pnl=+0 drops=0
[MOVE_SUB_A] [17:03:27] STATS ticks=989830 symbols=143 pos=no daily_pnl=+0 drops=0
[MOVE_SUB_A] [17:04:28] STATS ticks=991727 symbols=143 pos=no daily_pnl=+0 drops=0
[MOVE_SUB_A] [17:05:28] STATS ticks=992802 symbols=143 pos=no daily_pnl=+0 drops=0
[MOVE_SUB_A] [17:06:28] STATS ticks=993476 symbols=143 pos=no daily_pnl=+0 drops=0
[MOVE_SUB_A] [17:07:29] STATS ticks=994547 symbols=143 pos=no daily_pnl=+0 drops=0
[MOVE_SUB_A] [17:08:29] STATS ticks=995713 symbols=143 pos=no daily_pnl=+0 drops=0
[MOVE_SUB_A] [17:09:30] STATS ticks=996563 symbols=143 pos=no daily_pnl=+0 drops=0
[MOVE_SUB_A] [17:10:30] STATS ticks=997255 symbols=143 pos=no daily_pnl=+0 drops=0
[MOVE_SUB_A] [17:11:30] STATS ticks=998995 symbols=143 pos=no daily_pnl=+0 drops=0
[MOVE_SUB_A] [17:12:31] STATS ticks=1000007 symbols=143 pos=no daily_pnl=+0 drops=0
[MOVE_SUB_A] [17:13:31] STATS ticks=1001088 symbols=143 pos=no daily_pnl=+0 drops=0
[MOVE_SUB_A] [17:14:31] STATS ticks=1002977 symbols=143 pos=no daily_pnl=+0 drops=0
[MOVE_SUB_A] [17:15:31] STATS ticks=1004421 symbols=143 pos=no daily_pnl=+0 drops=0
[MOVE_SUB_A] [17:16:31] STATS ticks=1005623 symbols=143 pos=no daily_pnl=+0 drops=0
[MOVE_SUB_A] [17:17:32] STATS ticks=1006393 symbols=143 pos=no daily_pnl=+0 drops=0
[MOVE_SUB_A] [17:18:33] STATS ticks=1007663 symbols=143 pos=no daily_pnl=+0 drops=0
[MOVE_SUB_A] [17:19:33] STATS ticks=1008278 symbols=143 pos=no daily_pnl=+0 drops=0
[MOVE_SUB_A] [17:20:33] STATS ticks=1008762 symbols=143 pos=no daily_pnl=+0 drops=0
[MOVE_SUB_A] [17:21:34] STATS ticks=1009230 symbols=143 pos=no daily_pnl=+0 drops=0
[MOVE_SUB_A] [17:22:34] STATS ticks=1010060 symbols=143 pos=no daily_pnl=+0 drops=0
[MOVE_SUB_A] [17:23:34] STATS ticks=1010763 symbols=143 pos=no daily_pnl=+0 drops=0
[MOVE_SUB_A] [17:24:35] STATS ticks=1011338 symbols=143 pos=no daily_pnl=+0 drops=0
[MOVE_SUB_A] [17:25:35] STATS ticks=1011851 symbols=143 pos=no daily_pnl=+0 drops=0
[MOVE_SUB_A] [17:26:36] STATS ticks=1012372 symbols=143 pos=no daily_pnl=+0 drops=0
[MOVE_SUB_A] [17:27:36] STATS ticks=1013194 symbols=143 pos=no daily_pnl=+0 drops=0
[MOVE_SUB_A] [17:28:37] STATS ticks=1013622 symbols=143 pos=no daily_pnl=+0 drops=0
[MOVE_SUB_A] [17:29:37] STATS ticks=1013949 symbols=143 pos=no daily_pnl=+0 drops=0
[MOVE_SUB_A] [17:30:37] STATS ticks=1014854 symbols=143 pos=no daily_pnl=+0 drops=0
[MOVE_SUB_A] [17:31:37] STATS ticks=1018694 symbols=143 pos=no daily_pnl=+0 drops=0
[MOVE_SUB_A] [17:32:37] STATS ticks=1022463 symbols=143 pos=no daily_pnl=+0 drops=0
[MOVE_SUB_A] [17:33:38] STATS ticks=1024838 symbols=143 pos=no daily_pnl=+0 drops=0
[MOVE_SUB_A] [17:34:38] STATS ticks=1026591 symbols=143 pos=no daily_pnl=+0 drops=0
[MOVE_SUB_A] [17:35:38] STATS ticks=1027905 symbols=143 pos=no daily_pnl=+0 drops=0
[MOVE_SUB_A] [17:36:38] STATS ticks=1029784 symbols=143 pos=no daily_pnl=+0 drops=0
[MOVE_SUB_A] [17:37:39] STATS ticks=1031055 symbols=143 pos=no daily_pnl=+0 drops=0
[MOVE_SUB_A] [17:38:39] STATS ticks=1032743 symbols=143 pos=no daily_pnl=+0 drops=0
[MOVE_SUB_A] [17:39:39] STATS ticks=1035407 symbols=143 pos=no daily_pnl=+0 drops=0
[MOVE_SUB_A] [17:40:39] STATS ticks=1036725 symbols=143 pos=no daily_pnl=+0 drops=0
[MOVE_SUB_A] [17:41:40] STATS ticks=1037865 symbols=143 pos=no daily_pnl=+0 drops=0
[MOVE_SUB_A] [17:42:40] STATS ticks=1039177 symbols=143 pos=no daily_pnl=+0 drops=0
[MOVE_SUB_A] [17:43:40] STATS ticks=1040812 symbols=143 pos=no daily_pnl=+0 drops=0
[MOVE_SUB_A] [17:44:40] STATS ticks=1042329 symbols=143 pos=no daily_pnl=+0 drops=0
[MOVE_SUB_A] [17:45:40] STATS ticks=1043125 symbols=143 pos=no daily_pnl=+0 drops=0
[MOVE_SUB_A] [17:46:41] STATS ticks=1044142 symbols=143 pos=no daily_pnl=+0 drops=0
[MOVE_SUB_A] [17:47:41] STATS ticks=1046571 symbols=143 pos=no daily_pnl=+0 drops=0
[MOVE_SUB_A] [17:48:41] STATS ticks=1047888 symbols=143 pos=no daily_pnl=+0 drops=0
[MOVE_SUB_A] [17:49:42] STATS ticks=1049507 symbols=143 pos=no daily_pnl=+0 drops=0
[MOVE_SUB_A] [17:50:42] STATS ticks=1050769 symbols=143 pos=no daily_pnl=+0 drops=0
[MOVE_SUB_A] [17:51:42] STATS ticks=1051913 symbols=143 pos=no daily_pnl=+0 drops=0
[MOVE_SUB_A] [17:52:42] STATS ticks=1053244 symbols=143 pos=no daily_pnl=+0 drops=0
  QUALITY_GATE symbol=BIYA gate=no_reentry result=PASS losses=0/1 trades=0/2
[MOVE_SUB_A] [17:53:43] STATS ticks=1056580 symbols=143 pos=no daily_pnl=+0 drops=0
[MOVE_SUB_A] [17:54:43] STATS ticks=1059854 symbols=143 pos=no daily_pnl=+0 drops=0
[MOVE_SUB_A] [17:55:43] STATS ticks=1064011 symbols=143 pos=no daily_pnl=+0 drops=0
[MOVE_SUB_A] [17:56:43] STATS ticks=1067358 symbols=143 pos=no daily_pnl=+0 drops=0
[MOVE_SUB_A] [17:57:44] STATS ticks=1069957 symbols=143 pos=no daily_pnl=+0 drops=0
[MOVE_SUB_A] [17:58:44] STATS ticks=1073010 symbols=143 pos=no daily_pnl=+0 drops=0
[MOVE_SUB_A] [17:59:45] STATS ticks=1076610 symbols=143 pos=no daily_pnl=+0 drops=0
[MOVE_SUB_A] [18:00:45] STATS ticks=1078676 symbols=143 pos=no daily_pnl=+0 drops=0
[MOVE_SUB_A] [18:01:45] STATS ticks=1081069 symbols=143 pos=no daily_pnl=+0 drops=0
[MOVE_SUB_A] [18:02:46] STATS ticks=1082483 symbols=143 pos=no daily_pnl=+0 drops=0
[MOVE_SUB_A] [18:03:46] STATS ticks=1083916 symbols=143 pos=no daily_pnl=+0 drops=0
[MOVE_SUB_A] [18:04:47] STATS ticks=1085422 symbols=143 pos=no daily_pnl=+0 drops=0
[MOVE_SUB_A] [18:05:47] STATS ticks=1087470 symbols=143 pos=no daily_pnl=+0 drops=0
[MOVE_SUB_A] [18:06:47] STATS ticks=1089500 symbols=143 pos=no daily_pnl=+0 drops=0
[MOVE_SUB_A] [18:07:48] STATS ticks=1090989 symbols=143 pos=no daily_pnl=+0 drops=0
[MOVE_SUB_A] [18:08:48] STATS ticks=1092568 symbols=143 pos=no daily_pnl=+0 drops=0
[MOVE_SUB_A] [18:09:48] STATS ticks=1094259 symbols=143 pos=no daily_pnl=+0 drops=0
[MOVE_SUB_A] [18:10:48] STATS ticks=1095822 symbols=143 pos=no daily_pnl=+0 drops=0
[MOVE_SUB_A] [18:11:49] STATS ticks=1097386 symbols=143 pos=no daily_pnl=+0 drops=0
[MOVE_SUB_A] [18:12:49] STATS ticks=1098327 symbols=143 pos=no daily_pnl=+0 drops=0
[MOVE_SUB_A] [18:13:49] STATS ticks=1099112 symbols=143 pos=no daily_pnl=+0 drops=0
[MOVE_SUB_A] [18:14:50] STATS ticks=1099879 symbols=143 pos=no daily_pnl=+0 drops=0
[MOVE_SUB_A] [18:15:50] STATS ticks=1100826 symbols=143 pos=no daily_pnl=+0 drops=0
[MOVE_SUB_A] [18:16:50] STATS ticks=1101634 symbols=143 pos=no daily_pnl=+0 drops=0
[MOVE_SUB_A] [18:17:50] STATS ticks=1102670 symbols=143 pos=no daily_pnl=+0 drops=0
[MOVE_SUB_A] [18:18:50] STATS ticks=1103710 symbols=143 pos=no daily_pnl=+0 drops=0
[MOVE_SUB_A] [18:19:51] STATS ticks=1104496 symbols=143 pos=no daily_pnl=+0 drops=0
[MOVE_SUB_A] [18:20:51] STATS ticks=1105169 symbols=143 pos=no daily_pnl=+0 drops=0
[MOVE_SUB_A] [18:21:51] STATS ticks=1105789 symbols=143 pos=no daily_pnl=+0 drops=0
[MOVE_SUB_A] [18:22:51] STATS ticks=1106657 symbols=143 pos=no daily_pnl=+0 drops=0
[MOVE_SUB_A] [18:23:51] STATS ticks=1107867 symbols=143 pos=no daily_pnl=+0 drops=0
[MOVE_SUB_A] [18:24:52] STATS ticks=1108860 symbols=143 pos=no daily_pnl=+0 drops=0
[MOVE_SUB_A] [18:25:52] STATS ticks=1109565 symbols=143 pos=no daily_pnl=+0 drops=0
[MOVE_SUB_A] [18:26:52] STATS ticks=1110727 symbols=143 pos=no daily_pnl=+0 drops=0
[MOVE_SUB_A] [18:27:52] STATS ticks=1111440 symbols=143 pos=no daily_pnl=+0 drops=0
[MOVE_SUB_A] [18:28:53] STATS ticks=1112052 symbols=143 pos=no daily_pnl=+0 drops=0
[MOVE_SUB_A] [18:29:53] STATS ticks=1112460 symbols=143 pos=no daily_pnl=+0 drops=0
[MOVE_SUB_A] [18:30:54] STATS ticks=1112784 symbols=143 pos=no daily_pnl=+0 drops=0
[MOVE_SUB_A] [18:31:54] STATS ticks=1113247 symbols=143 pos=no daily_pnl=+0 drops=0
[MOVE_SUB_A] [18:32:54] STATS ticks=1113996 symbols=143 pos=no daily_pnl=+0 drops=0
  QUALITY_GATE symbol=VEEE gate=no_reentry result=PASS losses=0/1 trades=0/2
[MOVE_SUB_A] [18:33:55] STATS ticks=1114884 symbols=143 pos=no daily_pnl=+0 drops=0
[MOVE_SUB_A] [18:34:55] STATS ticks=1115383 symbols=143 pos=no daily_pnl=+0 drops=0
[MOVE_SUB_A] [18:35:56] STATS ticks=1115943 symbols=143 pos=no daily_pnl=+0 drops=0
[MOVE_SUB_A] [18:36:57] STATS ticks=1116511 symbols=143 pos=no daily_pnl=+0 drops=0
[MOVE_SUB_A] [18:37:57] STATS ticks=1117016 symbols=143 pos=no daily_pnl=+0 drops=0
[MOVE_SUB_A] [18:38:58] STATS ticks=1117261 symbols=143 pos=no daily_pnl=+0 drops=0
[MOVE_SUB_A] [18:39:58] STATS ticks=1117508 symbols=143 pos=no daily_pnl=+0 drops=0
  QUALITY_GATE symbol=VEEE gate=no_reentry result=PASS losses=0/1 trades=0/2
[MOVE_SUB_A] [18:40:59] STATS ticks=1117822 symbols=143 pos=no daily_pnl=+0 drops=0
[MOVE_SUB_A] [18:41:59] STATS ticks=1118206 symbols=143 pos=no daily_pnl=+0 drops=0
[MOVE_SUB_A] [18:42:59] STATS ticks=1119325 symbols=143 pos=no daily_pnl=+0 drops=0
[MOVE_SUB_A] [18:43:59] STATS ticks=1120324 symbols=143 pos=no daily_pnl=+0 drops=0
[MOVE_SUB_A] [18:45:00] STATS ticks=1120851 symbols=143 pos=no daily_pnl=+0 drops=0
[MOVE_SUB_A] [18:46:00] STATS ticks=1121531 symbols=143 pos=no daily_pnl=+0 drops=0
[MOVE_SUB_A] [18:47:00] STATS ticks=1122871 symbols=143 pos=no daily_pnl=+0 drops=0
[MOVE_SUB_A] [18:48:01] STATS ticks=1123525 symbols=143 pos=no daily_pnl=+0 drops=0
[MOVE_SUB_A] [18:49:01] STATS ticks=1123984 symbols=143 pos=no daily_pnl=+0 drops=0
[MOVE_SUB_A] [18:50:01] STATS ticks=1124628 symbols=143 pos=no daily_pnl=+0 drops=0
[MOVE_SUB_A] [18:51:02] STATS ticks=1124965 symbols=143 pos=no daily_pnl=+0 drops=0
[MOVE_SUB_A] [18:52:04] STATS ticks=1125372 symbols=143 pos=no daily_pnl=+0 drops=0
[MOVE_SUB_A] [18:53:04] STATS ticks=1125702 symbols=143 pos=no daily_pnl=+0 drops=0
[MOVE_SUB_A] [18:54:04] STATS ticks=1126113 symbols=143 pos=no daily_pnl=+0 drops=0
[MOVE_SUB_A] [18:55:05] STATS ticks=1126612 symbols=143 pos=no daily_pnl=+0 drops=0
[MOVE_SUB_A] [18:56:05] STATS ticks=1127156 symbols=143 pos=no daily_pnl=+0 drops=0
[MOVE_SUB_A] [18:57:06] STATS ticks=1127574 symbols=143 pos=no daily_pnl=+0 drops=0
[MOVE_SUB_A] [18:58:06] STATS ticks=1127987 symbols=143 pos=no daily_pnl=+0 drops=0
[MOVE_SUB_A] [18:59:07] STATS ticks=1128344 symbols=143 pos=no daily_pnl=+0 drops=0
[MOVE_SUB_A] [19:00:08] STATS ticks=1128717 symbols=143 pos=no daily_pnl=+0 drops=0
[MOVE_SUB_A] [19:01:08] STATS ticks=1129109 symbols=143 pos=no daily_pnl=+0 drops=0
[MOVE_SUB_A] [19:02:10] STATS ticks=1129390 symbols=143 pos=no daily_pnl=+0 drops=0
[MOVE_SUB_A] [19:03:11] STATS ticks=1129580 symbols=143 pos=no daily_pnl=+0 drops=0
[MOVE_SUB_A] [19:04:11] STATS ticks=1129782 symbols=143 pos=no daily_pnl=+0 drops=0
[MOVE_SUB_A] [19:05:12] STATS ticks=1130313 symbols=143 pos=no daily_pnl=+0 drops=0
[MOVE_SUB_A] [19:06:12] STATS ticks=1130628 symbols=143 pos=no daily_pnl=+0 drops=0
[MOVE_SUB_A] [19:07:12] STATS ticks=1130926 symbols=143 pos=no daily_pnl=+0 drops=0
[MOVE_SUB_A] [19:08:12] STATS ticks=1131215 symbols=143 pos=no daily_pnl=+0 drops=0
[MOVE_SUB_A] [19:09:12] STATS ticks=1131629 symbols=143 pos=no daily_pnl=+0 drops=0
[MOVE_SUB_A] [19:10:13] STATS ticks=1131923 symbols=143 pos=no daily_pnl=+0 drops=0
[MOVE_SUB_A] [19:11:13] STATS ticks=1132227 symbols=143 pos=no daily_pnl=+0 drops=0
[MOVE_SUB_A] [19:12:13] STATS ticks=1132678 symbols=143 pos=no daily_pnl=+0 drops=0
[MOVE_SUB_A] [19:13:13] STATS ticks=1132945 symbols=143 pos=no daily_pnl=+0 drops=0
[MOVE_SUB_A] [19:14:14] STATS ticks=1133355 symbols=143 pos=no daily_pnl=+0 drops=0
[MOVE_SUB_A] [19:15:15] STATS ticks=1133660 symbols=143 pos=no daily_pnl=+0 drops=0
[MOVE_SUB_A] [19:16:15] STATS ticks=1133854 symbols=143 pos=no daily_pnl=+0 drops=0
[MOVE_SUB_A] [19:17:15] STATS ticks=1134132 symbols=143 pos=no daily_pnl=+0 drops=0
[MOVE_SUB_A] [19:18:15] STATS ticks=1134462 symbols=143 pos=no daily_pnl=+0 drops=0
[MOVE_SUB_A] [19:19:15] STATS ticks=1134848 symbols=143 pos=no daily_pnl=+0 drops=0
[MOVE_SUB_A] [19:20:16] STATS ticks=1135270 symbols=143 pos=no daily_pnl=+0 drops=0
[MOVE_SUB_A] [19:21:16] STATS ticks=1135470 symbols=143 pos=no daily_pnl=+0 drops=0
[MOVE_SUB_A] [19:22:17] STATS ticks=1135746 symbols=143 pos=no daily_pnl=+0 drops=0
[MOVE_SUB_A] [19:23:17] STATS ticks=1136048 symbols=143 pos=no daily_pnl=+0 drops=0
[MOVE_SUB_A] [19:24:17] STATS ticks=1136268 symbols=143 pos=no daily_pnl=+0 drops=0
[MOVE_SUB_A] [19:25:17] STATS ticks=1136543 symbols=143 pos=no daily_pnl=+0 drops=0
[MOVE_SUB_A] [19:26:17] STATS ticks=1136789 symbols=143 pos=no daily_pnl=+0 drops=0
[MOVE_SUB_A] [19:27:18] STATS ticks=1136930 symbols=143 pos=no daily_pnl=+0 drops=0
[MOVE_SUB_A] [19:28:18] STATS ticks=1137106 symbols=143 pos=no daily_pnl=+0 drops=0
[MOVE_SUB_A] [19:29:19] STATS ticks=1137255 symbols=143 pos=no daily_pnl=+0 drops=0
[MOVE_SUB_A] [19:30:21] STATS ticks=1137582 symbols=143 pos=no daily_pnl=+0 drops=0
[MOVE_SUB_A] [19:31:21] STATS ticks=1137751 symbols=143 pos=no daily_pnl=+0 drops=0
[MOVE_SUB_A] [19:32:21] STATS ticks=1137988 symbols=143 pos=no daily_pnl=+0 drops=0
[MOVE_SUB_A] [19:33:21] STATS ticks=1138273 symbols=143 pos=no daily_pnl=+0 drops=0
[MOVE_SUB_A] [19:34:21] STATS ticks=1138737 symbols=143 pos=no daily_pnl=+0 drops=0
[MOVE_SUB_A] [19:35:22] STATS ticks=1138955 symbols=143 pos=no daily_pnl=+0 drops=0
[MOVE_SUB_A] [19:36:23] STATS ticks=1139292 symbols=143 pos=no daily_pnl=+0 drops=0
[MOVE_SUB_A] [19:37:23] STATS ticks=1139489 symbols=143 pos=no daily_pnl=+0 drops=0
[MOVE_SUB_A] [19:38:23] STATS ticks=1139688 symbols=143 pos=no daily_pnl=+0 drops=0
[MOVE_SUB_A] [19:39:24] STATS ticks=1140051 symbols=143 pos=no daily_pnl=+0 drops=0
[MOVE_SUB_A] [19:40:24] STATS ticks=1140428 symbols=143 pos=no daily_pnl=+0 drops=0
[MOVE_SUB_A] [19:41:24] STATS ticks=1140815 symbols=143 pos=no daily_pnl=+0 drops=0
[MOVE_SUB_A] [19:42:24] STATS ticks=1141109 symbols=143 pos=no daily_pnl=+0 drops=0
[MOVE_SUB_A] [19:43:25] STATS ticks=1141320 symbols=143 pos=no daily_pnl=+0 drops=0
[MOVE_SUB_A] [19:44:25] STATS ticks=1141509 symbols=143 pos=no daily_pnl=+0 drops=0
[MOVE_SUB_A] [19:45:25] STATS ticks=1141706 symbols=143 pos=no daily_pnl=+0 drops=0
[MOVE_SUB_A] [19:46:26] STATS ticks=1141906 symbols=143 pos=no daily_pnl=+0 drops=0
[MOVE_SUB_A] [19:47:26] STATS ticks=1142100 symbols=143 pos=no daily_pnl=+0 drops=0
[MOVE_SUB_A] [19:48:26] STATS ticks=1142319 symbols=143 pos=no daily_pnl=+0 drops=0
[MOVE_SUB_A] [19:49:27] STATS ticks=1142551 symbols=143 pos=no daily_pnl=+0 drops=0
[MOVE_SUB_A] [19:50:27] STATS ticks=1142709 symbols=143 pos=no daily_pnl=+0 drops=0
[MOVE_SUB_A] [19:51:27] STATS ticks=1142874 symbols=143 pos=no daily_pnl=+0 drops=0
[MOVE_SUB_A] [19:52:29] STATS ticks=1143100 symbols=143 pos=no daily_pnl=+0 drops=0
[MOVE_SUB_A] [19:53:29] STATS ticks=1143533 symbols=143 pos=no daily_pnl=+0 drops=0
[MOVE_SUB_A] [19:54:29] STATS ticks=1143747 symbols=143 pos=no daily_pnl=+0 drops=0
[MOVE_SUB_A] [19:55:29] STATS ticks=1144010 symbols=143 pos=no daily_pnl=+0 drops=0
[MOVE_SUB_A] [19:56:30] STATS ticks=1144156 symbols=143 pos=no daily_pnl=+0 drops=0
[MOVE_SUB_A] [19:57:30] STATS ticks=1144334 symbols=143 pos=no daily_pnl=+0 drops=0
[MOVE_SUB_A] [19:58:30] STATS ticks=1144554 symbols=143 pos=no daily_pnl=+0 drops=0
[MOVE_SUB_A] [19:59:30] STATS ticks=1144880 symbols=143 pos=no daily_pnl=+0 drops=0
[MOVE_SUB_A] socket closed by peer — reconnecting
[MOVE_SUB_A] engine socket not ready yet (ConnectionRefusedError(61, 'Connection refused')) — retrying every 2s
[MOVE_SUB_A] [20:03:03] connected to engine (/tmp/warrior_engine.sock) attempt=82
[MOVE_SUB_A] socket closed by peer — reconnecting
[MOVE_SUB_A] engine socket not ready yet (ConnectionRefusedError(61, 'Connection refused')) — retrying every 2s
[MOVE_SUB_A] signal 15 received — stopping
[MOVE_SUB_A] consume loop exited
