[MOVE_SUB_B] Alpaca PAPER connected — account=PA38TQW75KYK equity=$30,000
[MOVE_SUB_B] starting consume loop
[MOVE_SUB_B] [12:24:43] connected to engine (/tmp/warrior_engine.sock) attempt=1
[MOVE_SUB_B] [12:24:44] new symbol BEAGU — detector + movement_strike instantiated
[MOVE_SUB_B] [12:24:45] new symbol BITO — detector + movement_strike instantiated
[MOVE_SUB_B] [12:24:47] new symbol BSBK — detector + movement_strike instantiated
[MOVE_SUB_B] [12:24:49] new symbol CNXU — detector + movement_strike instantiated
[MOVE_SUB_B] [12:24:50] new symbol CRE — detector + movement_strike instantiated
[MOVE_SUB_B] [12:24:52] new symbol CRWU — detector + movement_strike instantiated
[MOVE_SUB_B] [12:24:54] new symbol DAIC — detector + movement_strike instantiated
[MOVE_SUB_B] [12:24:55] new symbol DOMH — detector + movement_strike instantiated
[MOVE_SUB_B] [12:24:57] new symbol EVMT — detector + movement_strike instantiated
[MOVE_SUB_B] [12:24:59] new symbol F — detector + movement_strike instantiated
[MOVE_SUB_B] [12:25:00] new symbol FGMC — detector + movement_strike instantiated
[MOVE_SUB_B] [12:25:02] new symbol FOFO — detector + movement_strike instantiated
[MOVE_SUB_B] [12:25:04] new symbol GENVR — detector + movement_strike instantiated
[MOVE_SUB_B] [12:25:05] new symbol HCHL — detector + movement_strike instantiated
[MOVE_SUB_B] [12:25:07] new symbol HIPS — detector + movement_strike instantiated
[MOVE_SUB_B] [12:25:09] new symbol HKIT — detector + movement_strike instantiated
[MOVE_SUB_B] [12:25:10] new symbol IEAGU — detector + movement_strike instantiated
[MOVE_SUB_B] [12:25:12] new symbol LIXT — detector + movement_strike instantiated
[MOVE_SUB_B] [12:25:13] new symbol LSTA — detector + movement_strike instantiated
[MOVE_SUB_B] [12:25:15] new symbol MASK — detector + movement_strike instantiated
[MOVE_SUB_B] [12:25:17] new symbol NAMM — detector + movement_strike instantiated
[MOVE_SUB_B] [12:25:18] new symbol NIO — detector + movement_strike instantiated
[MOVE_SUB_B] [12:25:20] new symbol NOK — detector + movement_strike instantiated
[MOVE_SUB_B] [12:25:22] new symbol NOWL — detector + movement_strike instantiated
[MOVE_SUB_B] [12:25:24] new symbol NVD — detector + movement_strike instantiated
[MOVE_SUB_B] [12:25:25] new symbol OCG — detector + movement_strike instantiated
[MOVE_SUB_B] [12:25:27] new symbol OCS — detector + movement_strike instantiated
[MOVE_SUB_B] [12:25:28] new symbol ONDS — detector + movement_strike instantiated
[MOVE_SUB_B] [12:25:30] new symbol PATH — detector + movement_strike instantiated
[MOVE_SUB_B] [12:25:32] new symbol PLUG — detector + movement_strike instantiated
[MOVE_SUB_B] [12:25:33] new symbol QSEA — detector + movement_strike instantiated
[MOVE_SUB_B] [12:25:36] new symbol QTEX — detector + movement_strike instantiated
[MOVE_SUB_B] [12:25:37] new symbol RKLZ — detector + movement_strike instantiated
[MOVE_SUB_B] [12:25:39] new symbol SDOT — detector + movement_strike instantiated
[MOVE_SUB_B] [12:25:41] new symbol SOFI — detector + movement_strike instantiated
[MOVE_SUB_B] [12:25:42] new symbol SOXS — detector + movement_strike instantiated
[MOVE_SUB_B] [12:25:44] new symbol SPCE — detector + movement_strike instantiated
[MOVE_SUB_B] [12:25:44] STATS ticks=108 symbols=37 pos=no daily_pnl=+0 drops=0
[MOVE_SUB_B] [12:25:46] new symbol SSAC — detector + movement_strike instantiated
[MOVE_SUB_B] [12:25:47] new symbol TACH — detector + movement_strike instantiated
[MOVE_SUB_B] [12:25:49] new symbol TSLL — detector + movement_strike instantiated
[MOVE_SUB_B] [12:25:51] new symbol TTRX — detector + movement_strike instantiated
[MOVE_SUB_B] [12:25:52] new symbol TWLVU — detector + movement_strike instantiated
[MOVE_SUB_B] [12:25:54] new symbol TZA — detector + movement_strike instantiated
[MOVE_SUB_B] [12:25:56] new symbol ZDAI — detector + movement_strike instantiated
[MOVE_SUB_B] [12:25:57] new symbol ZIP — detector + movement_strike instantiated
[MOVE_SUB_B] [12:25:59] new symbol ANY — detector + movement_strike instantiated
[MOVE_SUB_B] SEED ANY replayed 4 ticks from cache
[MOVE_SUB_B] [12:26:44] STATS ticks=728 symbols=46 pos=no daily_pnl=+0 drops=0
[MOVE_SUB_B] [12:27:44] STATS ticks=1522 symbols=46 pos=no daily_pnl=+0 drops=0
[MOVE_SUB_B] [12:28:44] STATS ticks=2292 symbols=46 pos=no daily_pnl=+0 drops=0
[MOVE_SUB_B] [12:29:45] STATS ticks=2951 symbols=46 pos=no daily_pnl=+0 drops=0
[MOVE_SUB_B] [12:30:45] STATS ticks=3713 symbols=46 pos=no daily_pnl=+0 drops=0
[MOVE_SUB_B] [12:31:45] STATS ticks=4432 symbols=46 pos=no daily_pnl=+0 drops=0
[MOVE_SUB_B] [12:32:45] STATS ticks=5104 symbols=46 pos=no daily_pnl=+0 drops=0
[MOVE_SUB_B] [12:33:45] STATS ticks=5705 symbols=46 pos=no daily_pnl=+0 drops=0
[MOVE_SUB_B] [12:34:10] new symbol ABTS — detector + movement_strike instantiated
[MOVE_SUB_B] [12:34:25] new symbol AAOG — detector + movement_strike instantiated
[MOVE_SUB_B] SEED AAOG replayed 2 ticks from cache
[MOVE_SUB_B] [12:34:27] new symbol AIIO — detector + movement_strike instantiated
[MOVE_SUB_B] SEED AIIO replayed 4 ticks from cache
[MOVE_SUB_B] [12:34:45] STATS ticks=6512 symbols=49 pos=no daily_pnl=+0 drops=0
[MOVE_SUB_B] [12:34:56] new symbol ASAN — detector + movement_strike instantiated
[MOVE_SUB_B] SEED ASAN replayed 4 ticks from cache
[MOVE_SUB_B] [12:34:59] new symbol ALOY — detector + movement_strike instantiated
[MOVE_SUB_B] SEED ALOY replayed 4 ticks from cache
[MOVE_SUB_B] [12:35:02] new symbol ASTN — detector + movement_strike instantiated
[MOVE_SUB_B] [12:35:15] new symbol FLNC — detector + movement_strike instantiated
[MOVE_SUB_B] [12:35:19] new symbol ELMT — detector + movement_strike instantiated
[MOVE_SUB_B] [12:35:37] new symbol CRMG — detector + movement_strike instantiated
[MOVE_SUB_B] [12:35:44] new symbol AMPG — detector + movement_strike instantiated
[MOVE_SUB_B] [12:35:46] STATS ticks=7242 symbols=56 pos=no daily_pnl=+0 drops=0
[MOVE_SUB_B] [12:35:46] new symbol ORCU — detector + movement_strike instantiated
[MOVE_SUB_B] [12:35:48] new symbol API — detector + movement_strike instantiated
[MOVE_SUB_B] [12:35:50] new symbol APPN — detector + movement_strike instantiated
[MOVE_SUB_B] [12:35:52] new symbol GTM — detector + movement_strike instantiated
[MOVE_SUB_B] [12:35:54] new symbol KVYO — detector + movement_strike instantiated
[MOVE_SUB_B] [12:35:58] new symbol ERAS — detector + movement_strike instantiated
[MOVE_SUB_B] [12:36:01] new symbol ANNA — detector + movement_strike instantiated
[MOVE_SUB_B] [12:36:03] new symbol TNDM — detector + movement_strike instantiated
[MOVE_SUB_B] [12:36:05] new symbol ALMU — detector + movement_strike instantiated
[MOVE_SUB_B] [12:36:46] STATS ticks=8186 symbols=65 pos=no daily_pnl=+0 drops=0
[MOVE_SUB_B] [12:37:46] STATS ticks=9256 symbols=65 pos=no daily_pnl=+0 drops=0
[MOVE_SUB_B] [12:38:46] STATS ticks=10724 symbols=65 pos=no daily_pnl=+0 drops=0
[MOVE_SUB_B] [12:39:45] new symbol HSCS — detector + movement_strike instantiated
[MOVE_SUB_B] [12:39:46] STATS ticks=13421 symbols=66 pos=no daily_pnl=+0 drops=0
[MOVE_SUB_B] [12:40:47] STATS ticks=14532 symbols=66 pos=no daily_pnl=+0 drops=0
[MOVE_SUB_B] [12:41:47] STATS ticks=15764 symbols=66 pos=no daily_pnl=+0 drops=0
[MOVE_SUB_B] [12:42:47] STATS ticks=17929 symbols=66 pos=no daily_pnl=+0 drops=0
[MOVE_SUB_B] [12:43:47] STATS ticks=23866 symbols=66 pos=no daily_pnl=+0 drops=0
[MOVE_SUB_B] [12:44:48] STATS ticks=32397 symbols=66 pos=no daily_pnl=+0 drops=0
[MOVE_SUB_B] [12:44:59] new symbol GITS — detector + movement_strike instantiated
[MOVE_SUB_B] [12:45:48] STATS ticks=38565 symbols=67 pos=no daily_pnl=+0 drops=0
[MOVE_SUB_B] [12:46:48] STATS ticks=41810 symbols=67 pos=no daily_pnl=+0 drops=0
[MOVE_SUB_B] [12:47:48] STATS ticks=44094 symbols=67 pos=no daily_pnl=+0 drops=0
[MOVE_SUB_B] [12:48:49] STATS ticks=51396 symbols=67 pos=no daily_pnl=+0 drops=0
[MOVE_SUB_B] [12:49:49] STATS ticks=55501 symbols=67 pos=no daily_pnl=+0 drops=0
[MOVE_SUB_B] [12:50:01] new symbol PATX — detector + movement_strike instantiated
[MOVE_SUB_B] [12:50:08] new symbol JZ — detector + movement_strike instantiated
[MOVE_SUB_B] [12:50:49] STATS ticks=59456 symbols=69 pos=no daily_pnl=+0 drops=0
[MOVE_SUB_B] [12:51:05] new symbol INV — detector + movement_strike instantiated
[MOVE_SUB_B] [12:51:49] STATS ticks=62589 symbols=70 pos=no daily_pnl=+0 drops=0
[MOVE_SUB_B] [12:52:53] STATS ticks=63750 symbols=70 pos=no daily_pnl=+0 drops=0
[MOVE_SUB_B] [12:53:53] STATS ticks=64894 symbols=70 pos=no daily_pnl=+0 drops=0
[MOVE_SUB_B] [12:54:53] STATS ticks=71519 symbols=70 pos=no daily_pnl=+0 drops=0
[MOVE_SUB_B] [12:55:53] STATS ticks=77981 symbols=70 pos=no daily_pnl=+0 drops=0
[MOVE_SUB_B] [12:56:53] STATS ticks=82282 symbols=70 pos=no daily_pnl=+0 drops=0
[MOVE_SUB_B] [12:57:53] STATS ticks=84126 symbols=70 pos=no daily_pnl=+0 drops=0
[MOVE_SUB_B] [12:58:53] STATS ticks=87179 symbols=70 pos=no daily_pnl=+0 drops=0
[MOVE_SUB_B] [12:59:54] STATS ticks=88410 symbols=70 pos=no daily_pnl=+0 drops=0
[MOVE_SUB_B] [13:00:54] STATS ticks=91375 symbols=70 pos=no daily_pnl=+0 drops=0
[MOVE_SUB_B] [13:01:54] STATS ticks=93049 symbols=70 pos=no daily_pnl=+0 drops=0
[MOVE_SUB_B] [13:02:54] STATS ticks=94437 symbols=70 pos=no daily_pnl=+0 drops=0
[MOVE_SUB_B] [13:03:55] STATS ticks=96736 symbols=70 pos=no daily_pnl=+0 drops=0
[MOVE_SUB_B] [13:04:55] STATS ticks=98392 symbols=70 pos=no daily_pnl=+0 drops=0
[MOVE_SUB_B] [13:05:47] new symbol OCTV — detector + movement_strike instantiated
[MOVE_SUB_B] [13:05:53] new symbol NUAI — detector + movement_strike instantiated
[MOVE_SUB_B] [13:05:55] STATS ticks=99579 symbols=72 pos=no daily_pnl=+0 drops=0
[MOVE_SUB_B] [13:06:55] STATS ticks=100479 symbols=72 pos=no daily_pnl=+0 drops=0
[MOVE_SUB_B] [13:07:56] STATS ticks=101785 symbols=72 pos=no daily_pnl=+0 drops=0
[MOVE_SUB_B] [13:08:56] STATS ticks=103112 symbols=72 pos=no daily_pnl=+0 drops=0
[MOVE_SUB_B] [13:09:56] STATS ticks=104007 symbols=72 pos=no daily_pnl=+0 drops=0
[MOVE_SUB_B] [13:10:56] STATS ticks=106006 symbols=72 pos=no daily_pnl=+0 drops=0
[MOVE_SUB_B] [13:11:57] STATS ticks=106925 symbols=72 pos=no daily_pnl=+0 drops=0
[MOVE_SUB_B] [13:12:57] STATS ticks=107828 symbols=72 pos=no daily_pnl=+0 drops=0
[MOVE_SUB_B] [13:13:58] STATS ticks=108736 symbols=72 pos=no daily_pnl=+0 drops=0
[MOVE_SUB_B] [13:14:58] STATS ticks=109732 symbols=72 pos=no daily_pnl=+0 drops=0
[MOVE_SUB_B] [13:15:58] STATS ticks=110271 symbols=72 pos=no daily_pnl=+0 drops=0
[MOVE_SUB_B] [13:16:58] STATS ticks=111613 symbols=72 pos=no daily_pnl=+0 drops=0
[MOVE_SUB_B] [13:17:59] STATS ticks=112891 symbols=72 pos=no daily_pnl=+0 drops=0
[MOVE_SUB_B] [13:19:00] STATS ticks=113803 symbols=72 pos=no daily_pnl=+0 drops=0
[MOVE_SUB_B] [13:20:00] STATS ticks=114733 symbols=72 pos=no daily_pnl=+0 drops=0
[MOVE_SUB_B] [13:20:57] new symbol AREC — detector + movement_strike instantiated
[MOVE_SUB_B] [13:21:01] STATS ticks=115392 symbols=73 pos=no daily_pnl=+0 drops=0
[MOVE_SUB_B] [13:22:01] STATS ticks=116808 symbols=73 pos=no daily_pnl=+0 drops=0
[MOVE_SUB_B] [13:23:01] STATS ticks=117420 symbols=73 pos=no daily_pnl=+0 drops=0
[MOVE_SUB_B] [13:24:02] STATS ticks=117678 symbols=73 pos=no daily_pnl=+0 drops=0
[MOVE_SUB_B] [13:25:00] new symbol EGG — detector + movement_strike instantiated
[MOVE_SUB_B] [13:25:03] STATS ticks=118157 symbols=74 pos=no daily_pnl=+0 drops=0
[MOVE_SUB_B] [13:26:05] STATS ticks=118373 symbols=74 pos=no daily_pnl=+0 drops=0
[MOVE_SUB_B] [13:27:05] STATS ticks=118805 symbols=74 pos=no daily_pnl=+0 drops=0
[MOVE_SUB_B] [13:28:05] STATS ticks=119507 symbols=74 pos=no daily_pnl=+0 drops=0
[MOVE_SUB_B] [13:29:05] STATS ticks=122304 symbols=74 pos=no daily_pnl=+0 drops=0
[MOVE_SUB_B] [13:30:00] ABTS ARMED entry=3.0200 stop=2.9000 R=0.1200 score=11.0 — movement_strike history reset
[MOVE_SUB_B] [13:30:00] FIRESTORM_GATE_BLOCK ABTS setup=regime_shift prior_bar_ticks=5377 threshold=6000
[MOVE_SUB_B] [13:30:05] STATS ticks=128332 symbols=74 pos=no daily_pnl=+0 drops=0
[MOVE_SUB_B] [13:31:05] STATS ticks=134689 symbols=74 pos=no daily_pnl=+0 drops=0
[MOVE_SUB_B] [13:32:05] STATS ticks=139906 symbols=74 pos=no daily_pnl=+0 drops=0
[MOVE_SUB_B] [13:33:06] STATS ticks=146269 symbols=74 pos=no daily_pnl=+0 drops=0
[MOVE_SUB_B] [13:34:06] STATS ticks=150183 symbols=74 pos=no daily_pnl=+0 drops=0
[MOVE_SUB_B] [13:35:06] STATS ticks=152927 symbols=74 pos=no daily_pnl=+0 drops=0
[MOVE_SUB_B] [13:35:59] new symbol XTIA — detector + movement_strike instantiated
[MOVE_SUB_B] [13:36:06] STATS ticks=156288 symbols=75 pos=no daily_pnl=+0 drops=0
[MOVE_SUB_B] [13:36:07] new symbol AIRJ — detector + movement_strike instantiated
[MOVE_SUB_B] [13:37:06] STATS ticks=160830 symbols=76 pos=no daily_pnl=+0 drops=0
[MOVE_SUB_B] [13:38:06] STATS ticks=164182 symbols=76 pos=no daily_pnl=+0 drops=0
[MOVE_SUB_B] [13:39:06] STATS ticks=165766 symbols=76 pos=no daily_pnl=+0 drops=0
[MOVE_SUB_B] [13:40:06] new symbol NCT — detector + movement_strike instantiated
[MOVE_SUB_B] [13:40:06] STATS ticks=167534 symbols=77 pos=no daily_pnl=+0 drops=0
[MOVE_SUB_B] [13:41:06] STATS ticks=170512 symbols=77 pos=no daily_pnl=+0 drops=0
[MOVE_SUB_B] [13:42:06] STATS ticks=175615 symbols=77 pos=no daily_pnl=+0 drops=0
[MOVE_SUB_B] [13:43:06] STATS ticks=179014 symbols=77 pos=no daily_pnl=+0 drops=0
[MOVE_SUB_B] [13:44:07] STATS ticks=181877 symbols=77 pos=no daily_pnl=+0 drops=0
[MOVE_SUB_B] [13:45:07] STATS ticks=185731 symbols=77 pos=no daily_pnl=+0 drops=0
[MOVE_SUB_B] [13:46:07] STATS ticks=188279 symbols=77 pos=no daily_pnl=+0 drops=0
[MOVE_SUB_B] [13:47:07] STATS ticks=190674 symbols=77 pos=no daily_pnl=+0 drops=0
[MOVE_SUB_B] [13:47:40] ABTS BELOW-ARM-SKIP (arm preserved) trigger=2.580 arm=3.020 below=14.57% (cap=3.0%)
[MOVE_SUB_B] [13:47:41] ABTS BELOW-ARM-SKIP (arm preserved) trigger=2.580 arm=3.020 below=14.57% (cap=3.0%)
[MOVE_SUB_B] [13:47:41] ABTS BELOW-ARM-SKIP (arm preserved) trigger=2.580 arm=3.020 below=14.57% (cap=3.0%)
[MOVE_SUB_B] [13:47:41] ABTS BELOW-ARM-SKIP (arm preserved) trigger=2.580 arm=3.020 below=14.57% (cap=3.0%)
[MOVE_SUB_B] [13:47:41] ABTS BELOW-ARM-SKIP (arm preserved) trigger=2.578 arm=3.020 below=14.64% (cap=3.0%)
[MOVE_SUB_B] [13:47:42] ABTS BELOW-ARM-SKIP (arm preserved) trigger=2.580 arm=3.020 below=14.57% (cap=3.0%)
[MOVE_SUB_B] [13:47:42] ABTS BELOW-ARM-SKIP (arm preserved) trigger=2.580 arm=3.020 below=14.57% (cap=3.0%)
[MOVE_SUB_B] [13:47:43] ABTS BELOW-ARM-SKIP (arm preserved) trigger=2.580 arm=3.020 below=14.57% (cap=3.0%)
[MOVE_SUB_B] [13:47:43] ABTS BELOW-ARM-SKIP (arm preserved) trigger=2.580 arm=3.020 below=14.57% (cap=3.0%)
[MOVE_SUB_B] [13:47:43] ABTS BELOW-ARM-SKIP (arm preserved) trigger=2.580 arm=3.020 below=14.57% (cap=3.0%)
[MOVE_SUB_B] [13:47:43] ABTS BELOW-ARM-SKIP (arm preserved) trigger=2.580 arm=3.020 below=14.57% (cap=3.0%)
[MOVE_SUB_B] [13:47:44] ABTS BELOW-ARM-SKIP (arm preserved) trigger=2.580 arm=3.020 below=14.57% (cap=3.0%)
[MOVE_SUB_B] [13:47:44] ABTS BELOW-ARM-SKIP (arm preserved) trigger=2.580 arm=3.020 below=14.57% (cap=3.0%)
[MOVE_SUB_B] [13:47:44] ABTS BELOW-ARM-SKIP (arm preserved) trigger=2.579 arm=3.020 below=14.61% (cap=3.0%)
[MOVE_SUB_B] [13:47:49] ABTS BELOW-ARM-SKIP (arm preserved) trigger=2.580 arm=3.020 below=14.57% (cap=3.0%)
[MOVE_SUB_B] [13:47:49] ABTS BELOW-ARM-SKIP (arm preserved) trigger=2.580 arm=3.020 below=14.57% (cap=3.0%)
[MOVE_SUB_B] [13:47:49] ABTS BELOW-ARM-SKIP (arm preserved) trigger=2.580 arm=3.020 below=14.57% (cap=3.0%)
[MOVE_SUB_B] [13:47:50] ABTS BELOW-ARM-SKIP (arm preserved) trigger=2.580 arm=3.020 below=14.57% (cap=3.0%)
[MOVE_SUB_B] [13:47:50] ABTS BELOW-ARM-SKIP (arm preserved) trigger=2.580 arm=3.020 below=14.57% (cap=3.0%)
[MOVE_SUB_B] [13:47:50] ABTS BELOW-ARM-SKIP (arm preserved) trigger=2.580 arm=3.020 below=14.57% (cap=3.0%)
[MOVE_SUB_B] [13:47:50] ABTS BELOW-ARM-SKIP (arm preserved) trigger=2.580 arm=3.020 below=14.57% (cap=3.0%)
[MOVE_SUB_B] [13:47:50] ABTS BELOW-ARM-SKIP (arm preserved) trigger=2.580 arm=3.020 below=14.57% (cap=3.0%)
[MOVE_SUB_B] [13:47:51] ABTS BELOW-ARM-SKIP (arm preserved) trigger=2.580 arm=3.020 below=14.57% (cap=3.0%)
[MOVE_SUB_B] [13:47:51] ABTS BELOW-ARM-SKIP (arm preserved) trigger=2.580 arm=3.020 below=14.57% (cap=3.0%)
[MOVE_SUB_B] [13:47:51] ABTS BELOW-ARM-SKIP (arm preserved) trigger=2.580 arm=3.020 below=14.57% (cap=3.0%)
[MOVE_SUB_B] [13:47:51] ABTS BELOW-ARM-SKIP (arm preserved) trigger=2.580 arm=3.020 below=14.57% (cap=3.0%)
[MOVE_SUB_B] [13:47:52] ABTS BELOW-ARM-SKIP (arm preserved) trigger=2.580 arm=3.020 below=14.57% (cap=3.0%)
[MOVE_SUB_B] [13:47:52] ABTS BELOW-ARM-SKIP (arm preserved) trigger=2.580 arm=3.020 below=14.57% (cap=3.0%)
[MOVE_SUB_B] [13:47:52] ABTS BELOW-ARM-SKIP (arm preserved) trigger=2.580 arm=3.020 below=14.57% (cap=3.0%)
[MOVE_SUB_B] [13:47:52] ABTS BELOW-ARM-SKIP (arm preserved) trigger=2.580 arm=3.020 below=14.57% (cap=3.0%)
[MOVE_SUB_B] [13:47:52] ABTS BELOW-ARM-SKIP (arm preserved) trigger=2.580 arm=3.020 below=14.57% (cap=3.0%)
[MOVE_SUB_B] [13:47:52] ABTS BELOW-ARM-SKIP (arm preserved) trigger=2.580 arm=3.020 below=14.57% (cap=3.0%)
[MOVE_SUB_B] [13:47:52] ABTS BELOW-ARM-SKIP (arm preserved) trigger=2.582 arm=3.020 below=14.51% (cap=3.0%)
[MOVE_SUB_B] [13:47:52] ABTS BELOW-ARM-SKIP (arm preserved) trigger=2.585 arm=3.020 below=14.40% (cap=3.0%)
[MOVE_SUB_B] [13:47:52] ABTS BELOW-ARM-SKIP (arm preserved) trigger=2.580 arm=3.020 below=14.57% (cap=3.0%)
[MOVE_SUB_B] [13:47:52] ABTS BELOW-ARM-SKIP (arm preserved) trigger=2.584 arm=3.020 below=14.42% (cap=3.0%)
[MOVE_SUB_B] [13:47:53] ABTS BELOW-ARM-SKIP (arm preserved) trigger=2.590 arm=3.020 below=14.24% (cap=3.0%)
[MOVE_SUB_B] [13:47:53] ABTS BELOW-ARM-SKIP (arm preserved) trigger=2.590 arm=3.020 below=14.24% (cap=3.0%)
[MOVE_SUB_B] [13:47:53] ABTS BELOW-ARM-SKIP (arm preserved) trigger=2.590 arm=3.020 below=14.24% (cap=3.0%)
[MOVE_SUB_B] [13:47:54] ABTS BELOW-ARM-SKIP (arm preserved) trigger=2.580 arm=3.020 below=14.57% (cap=3.0%)
[MOVE_SUB_B] [13:47:54] ABTS BELOW-ARM-SKIP (arm preserved) trigger=2.580 arm=3.020 below=14.57% (cap=3.0%)
[MOVE_SUB_B] [13:47:54] ABTS BELOW-ARM-SKIP (arm preserved) trigger=2.590 arm=3.020 below=14.24% (cap=3.0%)
[MOVE_SUB_B] [13:47:54] ABTS BELOW-ARM-SKIP (arm preserved) trigger=2.580 arm=3.020 below=14.57% (cap=3.0%)
[MOVE_SUB_B] [13:47:54] ABTS BELOW-ARM-SKIP (arm preserved) trigger=2.580 arm=3.020 below=14.56% (cap=3.0%)
[MOVE_SUB_B] [13:47:55] ABTS BELOW-ARM-SKIP (arm preserved) trigger=2.580 arm=3.020 below=14.57% (cap=3.0%)
[MOVE_SUB_B] [13:47:55] ABTS BELOW-ARM-SKIP (arm preserved) trigger=2.580 arm=3.020 below=14.57% (cap=3.0%)
[MOVE_SUB_B] [13:47:55] ABTS BELOW-ARM-SKIP (arm preserved) trigger=2.585 arm=3.020 below=14.40% (cap=3.0%)
[MOVE_SUB_B] [13:47:55] ABTS BELOW-ARM-SKIP (arm preserved) trigger=2.580 arm=3.020 below=14.57% (cap=3.0%)
[MOVE_SUB_B] [13:47:55] ABTS BELOW-ARM-SKIP (arm preserved) trigger=2.580 arm=3.020 below=14.57% (cap=3.0%)
[MOVE_SUB_B] [13:47:55] ABTS BELOW-ARM-SKIP (arm preserved) trigger=2.580 arm=3.020 below=14.57% (cap=3.0%)
[MOVE_SUB_B] [13:47:55] ABTS BELOW-ARM-SKIP (arm preserved) trigger=2.580 arm=3.020 below=14.57% (cap=3.0%)
[MOVE_SUB_B] [13:47:55] ABTS BELOW-ARM-SKIP (arm preserved) trigger=2.580 arm=3.020 below=14.57% (cap=3.0%)
[MOVE_SUB_B] [13:47:55] ABTS BELOW-ARM-SKIP (arm preserved) trigger=2.580 arm=3.020 below=14.57% (cap=3.0%)
[MOVE_SUB_B] [13:47:55] ABTS BELOW-ARM-SKIP (arm preserved) trigger=2.580 arm=3.020 below=14.57% (cap=3.0%)
[MOVE_SUB_B] [13:47:55] ABTS BELOW-ARM-SKIP (arm preserved) trigger=2.580 arm=3.020 below=14.57% (cap=3.0%)
[MOVE_SUB_B] [13:47:55] ABTS BELOW-ARM-SKIP (arm preserved) trigger=2.580 arm=3.020 below=14.57% (cap=3.0%)
[MOVE_SUB_B] [13:47:55] ABTS BELOW-ARM-SKIP (arm preserved) trigger=2.580 arm=3.020 below=14.57% (cap=3.0%)
[MOVE_SUB_B] [13:47:55] ABTS BELOW-ARM-SKIP (arm preserved) trigger=2.580 arm=3.020 below=14.57% (cap=3.0%)
[MOVE_SUB_B] [13:47:56] ABTS BELOW-ARM-SKIP (arm preserved) trigger=2.580 arm=3.020 below=14.57% (cap=3.0%)
[MOVE_SUB_B] [13:48:08] STATS ticks=193499 symbols=77 pos=no daily_pnl=+0 drops=0
[MOVE_SUB_B] [13:49:08] STATS ticks=195335 symbols=77 pos=no daily_pnl=+0 drops=0
[MOVE_SUB_B] [13:50:03] ABTS BELOW-ARM-SKIP (arm preserved) trigger=2.600 arm=3.020 below=13.91% (cap=3.0%)
[MOVE_SUB_B] [13:50:03] ABTS BELOW-ARM-SKIP (arm preserved) trigger=2.600 arm=3.020 below=13.91% (cap=3.0%)
[MOVE_SUB_B] [13:50:03] ABTS BELOW-ARM-SKIP (arm preserved) trigger=2.600 arm=3.020 below=13.91% (cap=3.0%)
[MOVE_SUB_B] [13:50:04] ABTS BELOW-ARM-SKIP (arm preserved) trigger=2.599 arm=3.020 below=13.92% (cap=3.0%)
[MOVE_SUB_B] [13:50:05] ABTS BELOW-ARM-SKIP (arm preserved) trigger=2.600 arm=3.020 below=13.91% (cap=3.0%)
[MOVE_SUB_B] [13:50:06] ABTS BELOW-ARM-SKIP (arm preserved) trigger=2.600 arm=3.020 below=13.91% (cap=3.0%)
[MOVE_SUB_B] [13:50:07] ABTS BELOW-ARM-SKIP (arm preserved) trigger=2.600 arm=3.020 below=13.91% (cap=3.0%)
[MOVE_SUB_B] [13:50:07] ABTS BELOW-ARM-SKIP (arm preserved) trigger=2.600 arm=3.020 below=13.92% (cap=3.0%)
[MOVE_SUB_B] [13:50:08] STATS ticks=197491 symbols=77 pos=no daily_pnl=+0 drops=0
[MOVE_SUB_B] [13:50:08] ABTS BELOW-ARM-SKIP (arm preserved) trigger=2.600 arm=3.020 below=13.91% (cap=3.0%)
[MOVE_SUB_B] [13:50:09] ABTS BELOW-ARM-SKIP (arm preserved) trigger=2.600 arm=3.020 below=13.91% (cap=3.0%)
[MOVE_SUB_B] [13:50:09] ABTS BELOW-ARM-SKIP (arm preserved) trigger=2.600 arm=3.020 below=13.91% (cap=3.0%)
[MOVE_SUB_B] [13:50:09] ABTS BELOW-ARM-SKIP (arm preserved) trigger=2.599 arm=3.020 below=13.94% (cap=3.0%)
[MOVE_SUB_B] [13:50:09] ABTS BELOW-ARM-SKIP (arm preserved) trigger=2.600 arm=3.020 below=13.91% (cap=3.0%)
[MOVE_SUB_B] [13:50:09] ABTS BELOW-ARM-SKIP (arm preserved) trigger=2.600 arm=3.020 below=13.91% (cap=3.0%)
[MOVE_SUB_B] [13:50:12] ABTS BELOW-ARM-SKIP (arm preserved) trigger=2.600 arm=3.020 below=13.91% (cap=3.0%)
[MOVE_SUB_B] [13:50:12] ABTS BELOW-ARM-SKIP (arm preserved) trigger=2.600 arm=3.020 below=13.91% (cap=3.0%)
[MOVE_SUB_B] [13:50:12] ABTS BELOW-ARM-SKIP (arm preserved) trigger=2.600 arm=3.020 below=13.91% (cap=3.0%)
[MOVE_SUB_B] [13:50:12] ABTS BELOW-ARM-SKIP (arm preserved) trigger=2.600 arm=3.020 below=13.91% (cap=3.0%)
[MOVE_SUB_B] [13:50:12] ABTS BELOW-ARM-SKIP (arm preserved) trigger=2.600 arm=3.020 below=13.91% (cap=3.0%)
[MOVE_SUB_B] [13:50:12] ABTS BELOW-ARM-SKIP (arm preserved) trigger=2.600 arm=3.020 below=13.91% (cap=3.0%)
[MOVE_SUB_B] [13:50:12] ABTS BELOW-ARM-SKIP (arm preserved) trigger=2.600 arm=3.020 below=13.91% (cap=3.0%)
[MOVE_SUB_B] [13:50:12] ABTS BELOW-ARM-SKIP (arm preserved) trigger=2.600 arm=3.020 below=13.91% (cap=3.0%)
[MOVE_SUB_B] [13:50:12] ABTS BELOW-ARM-SKIP (arm preserved) trigger=2.600 arm=3.020 below=13.91% (cap=3.0%)
[MOVE_SUB_B] [13:50:12] ABTS BELOW-ARM-SKIP (arm preserved) trigger=2.600 arm=3.020 below=13.91% (cap=3.0%)
[MOVE_SUB_B] [13:50:12] ABTS BELOW-ARM-SKIP (arm preserved) trigger=2.605 arm=3.020 below=13.74% (cap=3.0%)
[MOVE_SUB_B] [13:50:13] ABTS BELOW-ARM-SKIP (arm preserved) trigger=2.610 arm=3.020 below=13.58% (cap=3.0%)
[MOVE_SUB_B] [13:50:13] ABTS BELOW-ARM-SKIP (arm preserved) trigger=2.610 arm=3.020 below=13.58% (cap=3.0%)
[MOVE_SUB_B] [13:50:13] ABTS BELOW-ARM-SKIP (arm preserved) trigger=2.610 arm=3.020 below=13.58% (cap=3.0%)
[MOVE_SUB_B] [13:50:14] ABTS BELOW-ARM-SKIP (arm preserved) trigger=2.600 arm=3.020 below=13.90% (cap=3.0%)
[MOVE_SUB_B] [13:50:14] ABTS BELOW-ARM-SKIP (arm preserved) trigger=2.610 arm=3.020 below=13.58% (cap=3.0%)
[MOVE_SUB_B] [13:50:14] ABTS BELOW-ARM-SKIP (arm preserved) trigger=2.610 arm=3.020 below=13.58% (cap=3.0%)
[MOVE_SUB_B] [13:50:14] ABTS BELOW-ARM-SKIP (arm preserved) trigger=2.610 arm=3.020 below=13.58% (cap=3.0%)
[MOVE_SUB_B] [13:50:14] ABTS BELOW-ARM-SKIP (arm preserved) trigger=2.610 arm=3.020 below=13.58% (cap=3.0%)
[MOVE_SUB_B] [13:50:14] ABTS BELOW-ARM-SKIP (arm preserved) trigger=2.610 arm=3.020 below=13.58% (cap=3.0%)
[MOVE_SUB_B] [13:50:14] ABTS BELOW-ARM-SKIP (arm preserved) trigger=2.610 arm=3.020 below=13.58% (cap=3.0%)
[MOVE_SUB_B] [13:50:14] ABTS BELOW-ARM-SKIP (arm preserved) trigger=2.610 arm=3.020 below=13.58% (cap=3.0%)
[MOVE_SUB_B] [13:50:14] ABTS BELOW-ARM-SKIP (arm preserved) trigger=2.610 arm=3.020 below=13.58% (cap=3.0%)
[MOVE_SUB_B] [13:50:14] ABTS BELOW-ARM-SKIP (arm preserved) trigger=2.610 arm=3.020 below=13.58% (cap=3.0%)
[MOVE_SUB_B] [13:50:14] ABTS BELOW-ARM-SKIP (arm preserved) trigger=2.610 arm=3.020 below=13.58% (cap=3.0%)
[MOVE_SUB_B] [13:50:15] ABTS BELOW-ARM-SKIP (arm preserved) trigger=2.600 arm=3.020 below=13.91% (cap=3.0%)
[MOVE_SUB_B] [13:50:15] ABTS BELOW-ARM-SKIP (arm preserved) trigger=2.602 arm=3.020 below=13.83% (cap=3.0%)
[MOVE_SUB_B] [13:50:15] ABTS BELOW-ARM-SKIP (arm preserved) trigger=2.600 arm=3.020 below=13.91% (cap=3.0%)
[MOVE_SUB_B] [13:50:15] ABTS BELOW-ARM-SKIP (arm preserved) trigger=2.600 arm=3.020 below=13.91% (cap=3.0%)
[MOVE_SUB_B] [13:50:15] ABTS BELOW-ARM-SKIP (arm preserved) trigger=2.600 arm=3.020 below=13.91% (cap=3.0%)
[MOVE_SUB_B] [13:50:15] ABTS BELOW-ARM-SKIP (arm preserved) trigger=2.600 arm=3.020 below=13.91% (cap=3.0%)
[MOVE_SUB_B] [13:50:15] ABTS BELOW-ARM-SKIP (arm preserved) trigger=2.600 arm=3.020 below=13.91% (cap=3.0%)
[MOVE_SUB_B] [13:50:15] ABTS BELOW-ARM-SKIP (arm preserved) trigger=2.605 arm=3.020 below=13.74% (cap=3.0%)
[MOVE_SUB_B] [13:50:15] ABTS BELOW-ARM-SKIP (arm preserved) trigger=2.600 arm=3.020 below=13.91% (cap=3.0%)
[MOVE_SUB_B] [13:50:15] ABTS BELOW-ARM-SKIP (arm preserved) trigger=2.600 arm=3.020 below=13.91% (cap=3.0%)
[MOVE_SUB_B] [13:50:15] ABTS BELOW-ARM-SKIP (arm preserved) trigger=2.600 arm=3.020 below=13.91% (cap=3.0%)
[MOVE_SUB_B] [13:50:15] ABTS BELOW-ARM-SKIP (arm preserved) trigger=2.600 arm=3.020 below=13.91% (cap=3.0%)
[MOVE_SUB_B] [13:50:15] ABTS BELOW-ARM-SKIP (arm preserved) trigger=2.610 arm=3.020 below=13.58% (cap=3.0%)
[MOVE_SUB_B] [13:50:16] ABTS BELOW-ARM-SKIP (arm preserved) trigger=2.610 arm=3.020 below=13.58% (cap=3.0%)
[MOVE_SUB_B] [13:50:16] ABTS BELOW-ARM-SKIP (arm preserved) trigger=2.610 arm=3.020 below=13.58% (cap=3.0%)
[MOVE_SUB_B] [13:50:16] ABTS BELOW-ARM-SKIP (arm preserved) trigger=2.600 arm=3.020 below=13.91% (cap=3.0%)
[MOVE_SUB_B] [13:50:16] ABTS BELOW-ARM-SKIP (arm preserved) trigger=2.600 arm=3.020 below=13.91% (cap=3.0%)
[MOVE_SUB_B] [13:50:16] ABTS BELOW-ARM-SKIP (arm preserved) trigger=2.610 arm=3.020 below=13.58% (cap=3.0%)
[MOVE_SUB_B] [13:50:16] ABTS BELOW-ARM-SKIP (arm preserved) trigger=2.609 arm=3.020 below=13.60% (cap=3.0%)
[MOVE_SUB_B] [13:50:16] ABTS BELOW-ARM-SKIP (arm preserved) trigger=2.600 arm=3.020 below=13.91% (cap=3.0%)
[MOVE_SUB_B] [13:50:16] ABTS BELOW-ARM-SKIP (arm preserved) trigger=2.600 arm=3.020 below=13.91% (cap=3.0%)
[MOVE_SUB_B] [13:50:17] ABTS BELOW-ARM-SKIP (arm preserved) trigger=2.601 arm=3.020 below=13.87% (cap=3.0%)
[MOVE_SUB_B] [13:50:17] ABTS BELOW-ARM-SKIP (arm preserved) trigger=2.605 arm=3.020 below=13.74% (cap=3.0%)
[MOVE_SUB_B] [13:50:17] ABTS BELOW-ARM-SKIP (arm preserved) trigger=2.610 arm=3.020 below=13.59% (cap=3.0%)
[MOVE_SUB_B] [13:50:18] ABTS BELOW-ARM-SKIP (arm preserved) trigger=2.600 arm=3.020 below=13.91% (cap=3.0%)
[MOVE_SUB_B] [13:50:18] ABTS BELOW-ARM-SKIP (arm preserved) trigger=2.600 arm=3.020 below=13.90% (cap=3.0%)
[MOVE_SUB_B] [13:50:18] ABTS BELOW-ARM-SKIP (arm preserved) trigger=2.610 arm=3.020 below=13.58% (cap=3.0%)
[MOVE_SUB_B] [13:50:18] ABTS BELOW-ARM-SKIP (arm preserved) trigger=2.610 arm=3.020 below=13.58% (cap=3.0%)
[MOVE_SUB_B] [13:50:18] ABTS BELOW-ARM-SKIP (arm preserved) trigger=2.610 arm=3.020 below=13.58% (cap=3.0%)
[MOVE_SUB_B] [13:50:19] ABTS BELOW-ARM-SKIP (arm preserved) trigger=2.610 arm=3.020 below=13.58% (cap=3.0%)
[MOVE_SUB_B] [13:50:19] ABTS BELOW-ARM-SKIP (arm preserved) trigger=2.600 arm=3.020 below=13.90% (cap=3.0%)
[MOVE_SUB_B] [13:50:19] ABTS BELOW-ARM-SKIP (arm preserved) trigger=2.610 arm=3.020 below=13.58% (cap=3.0%)
[MOVE_SUB_B] [13:50:19] ABTS BELOW-ARM-SKIP (arm preserved) trigger=2.610 arm=3.020 below=13.58% (cap=3.0%)
[MOVE_SUB_B] [13:50:19] ABTS BELOW-ARM-SKIP (arm preserved) trigger=2.610 arm=3.020 below=13.58% (cap=3.0%)
[MOVE_SUB_B] [13:50:20] ABTS BELOW-ARM-SKIP (arm preserved) trigger=2.610 arm=3.020 below=13.58% (cap=3.0%)
[MOVE_SUB_B] [13:50:20] ABTS BELOW-ARM-SKIP (arm preserved) trigger=2.600 arm=3.020 below=13.90% (cap=3.0%)
[MOVE_SUB_B] [13:50:20] ABTS BELOW-ARM-SKIP (arm preserved) trigger=2.610 arm=3.020 below=13.58% (cap=3.0%)
[MOVE_SUB_B] [13:50:20] ABTS BELOW-ARM-SKIP (arm preserved) trigger=2.610 arm=3.020 below=13.58% (cap=3.0%)
[MOVE_SUB_B] [13:50:20] ABTS BELOW-ARM-SKIP (arm preserved) trigger=2.610 arm=3.020 below=13.58% (cap=3.0%)
[MOVE_SUB_B] [13:50:20] ABTS BELOW-ARM-SKIP (arm preserved) trigger=2.610 arm=3.020 below=13.58% (cap=3.0%)
[MOVE_SUB_B] [13:50:20] ABTS BELOW-ARM-SKIP (arm preserved) trigger=2.610 arm=3.020 below=13.58% (cap=3.0%)
[MOVE_SUB_B] [13:50:20] ABTS BELOW-ARM-SKIP (arm preserved) trigger=2.610 arm=3.020 below=13.58% (cap=3.0%)
[MOVE_SUB_B] [13:50:20] ABTS BELOW-ARM-SKIP (arm preserved) trigger=2.610 arm=3.020 below=13.58% (cap=3.0%)
[MOVE_SUB_B] [13:50:20] ABTS BELOW-ARM-SKIP (arm preserved) trigger=2.610 arm=3.020 below=13.58% (cap=3.0%)
[MOVE_SUB_B] [13:50:20] ABTS BELOW-ARM-SKIP (arm preserved) trigger=2.601 arm=3.020 below=13.87% (cap=3.0%)
[MOVE_SUB_B] [13:50:20] ABTS BELOW-ARM-SKIP (arm preserved) trigger=2.600 arm=3.020 below=13.91% (cap=3.0%)
[MOVE_SUB_B] [13:50:20] ABTS BELOW-ARM-SKIP (arm preserved) trigger=2.610 arm=3.020 below=13.58% (cap=3.0%)
[MOVE_SUB_B] [13:50:21] ABTS BELOW-ARM-SKIP (arm preserved) trigger=2.608 arm=3.020 below=13.64% (cap=3.0%)
[MOVE_SUB_B] [13:50:21] ABTS BELOW-ARM-SKIP (arm preserved) trigger=2.610 arm=3.020 below=13.58% (cap=3.0%)
[MOVE_SUB_B] [13:50:21] ABTS BELOW-ARM-SKIP (arm preserved) trigger=2.600 arm=3.020 below=13.91% (cap=3.0%)
[MOVE_SUB_B] [13:50:21] ABTS BELOW-ARM-SKIP (arm preserved) trigger=2.610 arm=3.020 below=13.58% (cap=3.0%)
[MOVE_SUB_B] [13:50:21] ABTS BELOW-ARM-SKIP (arm preserved) trigger=2.615 arm=3.020 below=13.41% (cap=3.0%)
[MOVE_SUB_B] [13:50:21] ABTS BELOW-ARM-SKIP (arm preserved) trigger=2.610 arm=3.020 below=13.57% (cap=3.0%)
[MOVE_SUB_B] [13:50:21] ABTS BELOW-ARM-SKIP (arm preserved) trigger=2.610 arm=3.020 below=13.58% (cap=3.0%)
[MOVE_SUB_B] [13:50:21] ABTS BELOW-ARM-SKIP (arm preserved) trigger=2.610 arm=3.020 below=13.58% (cap=3.0%)
[MOVE_SUB_B] [13:50:21] ABTS BELOW-ARM-SKIP (arm preserved) trigger=2.610 arm=3.020 below=13.58% (cap=3.0%)
[MOVE_SUB_B] [13:50:21] ABTS BELOW-ARM-SKIP (arm preserved) trigger=2.610 arm=3.020 below=13.58% (cap=3.0%)
[MOVE_SUB_B] [13:50:21] ABTS BELOW-ARM-SKIP (arm preserved) trigger=2.610 arm=3.020 below=13.58% (cap=3.0%)
[MOVE_SUB_B] [13:50:21] ABTS BELOW-ARM-SKIP (arm preserved) trigger=2.610 arm=3.020 below=13.58% (cap=3.0%)
[MOVE_SUB_B] [13:50:21] ABTS BELOW-ARM-SKIP (arm preserved) trigger=2.610 arm=3.020 below=13.58% (cap=3.0%)
[MOVE_SUB_B] [13:50:21] ABTS BELOW-ARM-SKIP (arm preserved) trigger=2.610 arm=3.020 below=13.58% (cap=3.0%)
[MOVE_SUB_B] [13:50:21] ABTS BELOW-ARM-SKIP (arm preserved) trigger=2.610 arm=3.020 below=13.58% (cap=3.0%)
[MOVE_SUB_B] [13:50:21] ABTS BELOW-ARM-SKIP (arm preserved) trigger=2.610 arm=3.020 below=13.58% (cap=3.0%)
[MOVE_SUB_B] [13:50:21] ABTS BELOW-ARM-SKIP (arm preserved) trigger=2.610 arm=3.020 below=13.58% (cap=3.0%)
[MOVE_SUB_B] [13:50:21] ABTS BELOW-ARM-SKIP (arm preserved) trigger=2.610 arm=3.020 below=13.58% (cap=3.0%)
[MOVE_SUB_B] [13:50:21] ABTS BELOW-ARM-SKIP (arm preserved) trigger=2.610 arm=3.020 below=13.58% (cap=3.0%)
[MOVE_SUB_B] [13:50:21] ABTS BELOW-ARM-SKIP (arm preserved) trigger=2.610 arm=3.020 below=13.58% (cap=3.0%)
[MOVE_SUB_B] [13:50:21] ABTS BELOW-ARM-SKIP (arm preserved) trigger=2.610 arm=3.020 below=13.58% (cap=3.0%)
[MOVE_SUB_B] [13:50:21] ABTS BELOW-ARM-SKIP (arm preserved) trigger=2.610 arm=3.020 below=13.58% (cap=3.0%)
[MOVE_SUB_B] [13:50:21] ABTS BELOW-ARM-SKIP (arm preserved) trigger=2.610 arm=3.020 below=13.58% (cap=3.0%)
[MOVE_SUB_B] [13:50:21] ABTS BELOW-ARM-SKIP (arm preserved) trigger=2.610 arm=3.020 below=13.58% (cap=3.0%)
[MOVE_SUB_B] [13:50:21] ABTS BELOW-ARM-SKIP (arm preserved) trigger=2.610 arm=3.020 below=13.58% (cap=3.0%)
[MOVE_SUB_B] [13:50:21] ABTS BELOW-ARM-SKIP (arm preserved) trigger=2.610 arm=3.020 below=13.58% (cap=3.0%)
[MOVE_SUB_B] [13:50:21] ABTS BELOW-ARM-SKIP (arm preserved) trigger=2.610 arm=3.020 below=13.58% (cap=3.0%)
[MOVE_SUB_B] [13:50:21] ABTS BELOW-ARM-SKIP (arm preserved) trigger=2.620 arm=3.020 below=13.25% (cap=3.0%)
[MOVE_SUB_B] [13:50:22] ABTS BELOW-ARM-SKIP (arm preserved) trigger=2.610 arm=3.020 below=13.57% (cap=3.0%)
[MOVE_SUB_B] [13:50:22] ABTS BELOW-ARM-SKIP (arm preserved) trigger=2.615 arm=3.020 below=13.41% (cap=3.0%)
[MOVE_SUB_B] [13:50:22] ABTS BELOW-ARM-SKIP (arm preserved) trigger=2.610 arm=3.020 below=13.58% (cap=3.0%)
[MOVE_SUB_B] [13:50:22] ABTS BELOW-ARM-SKIP (arm preserved) trigger=2.610 arm=3.020 below=13.58% (cap=3.0%)
[MOVE_SUB_B] [13:50:22] ABTS BELOW-ARM-SKIP (arm preserved) trigger=2.610 arm=3.020 below=13.58% (cap=3.0%)
[MOVE_SUB_B] [13:50:22] ABTS BELOW-ARM-SKIP (arm preserved) trigger=2.610 arm=3.020 below=13.58% (cap=3.0%)
[MOVE_SUB_B] [13:50:22] ABTS BELOW-ARM-SKIP (arm preserved) trigger=2.600 arm=3.020 below=13.91% (cap=3.0%)
[MOVE_SUB_B] [13:50:22] ABTS BELOW-ARM-SKIP (arm preserved) trigger=2.600 arm=3.020 below=13.91% (cap=3.0%)
[MOVE_SUB_B] [13:50:22] ABTS BELOW-ARM-SKIP (arm preserved) trigger=2.600 arm=3.020 below=13.91% (cap=3.0%)
[MOVE_SUB_B] [13:50:22] ABTS BELOW-ARM-SKIP (arm preserved) trigger=2.610 arm=3.020 below=13.58% (cap=3.0%)
[MOVE_SUB_B] [13:50:22] ABTS BELOW-ARM-SKIP (arm preserved) trigger=2.610 arm=3.020 below=13.58% (cap=3.0%)
[MOVE_SUB_B] [13:50:22] ABTS BELOW-ARM-SKIP (arm preserved) trigger=2.600 arm=3.020 below=13.91% (cap=3.0%)
[MOVE_SUB_B] [13:50:22] ABTS BELOW-ARM-SKIP (arm preserved) trigger=2.600 arm=3.020 below=13.91% (cap=3.0%)
[MOVE_SUB_B] [13:50:22] ABTS BELOW-ARM-SKIP (arm preserved) trigger=2.600 arm=3.020 below=13.91% (cap=3.0%)
[MOVE_SUB_B] [13:50:22] ABTS BELOW-ARM-SKIP (arm preserved) trigger=2.600 arm=3.020 below=13.91% (cap=3.0%)
[MOVE_SUB_B] [13:50:22] ABTS BELOW-ARM-SKIP (arm preserved) trigger=2.600 arm=3.020 below=13.91% (cap=3.0%)
[MOVE_SUB_B] [13:50:22] ABTS BELOW-ARM-SKIP (arm preserved) trigger=2.605 arm=3.020 below=13.74% (cap=3.0%)
[MOVE_SUB_B] [13:50:22] ABTS BELOW-ARM-SKIP (arm preserved) trigger=2.600 arm=3.020 below=13.91% (cap=3.0%)
[MOVE_SUB_B] [13:50:22] ABTS BELOW-ARM-SKIP (arm preserved) trigger=2.620 arm=3.020 below=13.25% (cap=3.0%)
[MOVE_SUB_B] [13:50:22] ABTS BELOW-ARM-SKIP (arm preserved) trigger=2.610 arm=3.020 below=13.58% (cap=3.0%)
[MOVE_SUB_B] [13:50:23] ABTS BELOW-ARM-SKIP (arm preserved) trigger=2.610 arm=3.020 below=13.58% (cap=3.0%)
[MOVE_SUB_B] [13:50:23] ABTS BELOW-ARM-SKIP (arm preserved) trigger=2.610 arm=3.020 below=13.58% (cap=3.0%)
[MOVE_SUB_B] [13:50:23] ABTS BELOW-ARM-SKIP (arm preserved) trigger=2.610 arm=3.020 below=13.58% (cap=3.0%)
[MOVE_SUB_B] [13:50:23] ABTS BELOW-ARM-SKIP (arm preserved) trigger=2.610 arm=3.020 below=13.58% (cap=3.0%)
[MOVE_SUB_B] [13:50:23] ABTS BELOW-ARM-SKIP (arm preserved) trigger=2.610 arm=3.020 below=13.58% (cap=3.0%)
[MOVE_SUB_B] [13:50:23] ABTS BELOW-ARM-SKIP (arm preserved) trigger=2.610 arm=3.020 below=13.58% (cap=3.0%)
[MOVE_SUB_B] [13:50:23] ABTS BELOW-ARM-SKIP (arm preserved) trigger=2.610 arm=3.020 below=13.58% (cap=3.0%)
[MOVE_SUB_B] [13:50:23] ABTS BELOW-ARM-SKIP (arm preserved) trigger=2.619 arm=3.020 below=13.26% (cap=3.0%)
[MOVE_SUB_B] [13:50:23] ABTS BELOW-ARM-SKIP (arm preserved) trigger=2.612 arm=3.020 below=13.52% (cap=3.0%)
[MOVE_SUB_B] [13:50:23] ABTS BELOW-ARM-SKIP (arm preserved) trigger=2.610 arm=3.020 below=13.58% (cap=3.0%)
[MOVE_SUB_B] [13:50:23] ABTS BELOW-ARM-SKIP (arm preserved) trigger=2.610 arm=3.020 below=13.58% (cap=3.0%)
[MOVE_SUB_B] [13:50:24] ABTS BELOW-ARM-SKIP (arm preserved) trigger=2.610 arm=3.020 below=13.58% (cap=3.0%)
[MOVE_SUB_B] [13:50:24] ABTS BELOW-ARM-SKIP (arm preserved) trigger=2.603 arm=3.020 below=13.80% (cap=3.0%)
[MOVE_SUB_B] [13:50:24] ABTS BELOW-ARM-SKIP (arm preserved) trigger=2.600 arm=3.020 below=13.91% (cap=3.0%)
[MOVE_SUB_B] [13:50:24] ABTS BELOW-ARM-SKIP (arm preserved) trigger=2.600 arm=3.020 below=13.91% (cap=3.0%)
[MOVE_SUB_B] [13:50:24] ABTS BELOW-ARM-SKIP (arm preserved) trigger=2.600 arm=3.020 below=13.91% (cap=3.0%)
[MOVE_SUB_B] [13:50:24] ABTS BELOW-ARM-SKIP (arm preserved) trigger=2.605 arm=3.020 below=13.74% (cap=3.0%)
[MOVE_SUB_B] [13:50:24] ABTS BELOW-ARM-SKIP (arm preserved) trigger=2.600 arm=3.020 below=13.91% (cap=3.0%)
[MOVE_SUB_B] [13:50:24] ABTS BELOW-ARM-SKIP (arm preserved) trigger=2.600 arm=3.020 below=13.91% (cap=3.0%)
[MOVE_SUB_B] [13:50:24] ABTS BELOW-ARM-SKIP (arm preserved) trigger=2.600 arm=3.020 below=13.91% (cap=3.0%)
[MOVE_SUB_B] [13:50:24] ABTS BELOW-ARM-SKIP (arm preserved) trigger=2.600 arm=3.020 below=13.91% (cap=3.0%)
[MOVE_SUB_B] [13:50:24] ABTS BELOW-ARM-SKIP (arm preserved) trigger=2.600 arm=3.020 below=13.91% (cap=3.0%)
[MOVE_SUB_B] [13:50:24] ABTS BELOW-ARM-SKIP (arm preserved) trigger=2.600 arm=3.020 below=13.91% (cap=3.0%)
[MOVE_SUB_B] [13:50:24] ABTS BELOW-ARM-SKIP (arm preserved) trigger=2.600 arm=3.020 below=13.91% (cap=3.0%)
[MOVE_SUB_B] [13:50:24] ABTS BELOW-ARM-SKIP (arm preserved) trigger=2.600 arm=3.020 below=13.91% (cap=3.0%)
[MOVE_SUB_B] [13:50:24] ABTS BELOW-ARM-SKIP (arm preserved) trigger=2.600 arm=3.020 below=13.91% (cap=3.0%)
[MOVE_SUB_B] [13:50:24] ABTS BELOW-ARM-SKIP (arm preserved) trigger=2.600 arm=3.020 below=13.91% (cap=3.0%)
[MOVE_SUB_B] [13:50:24] ABTS BELOW-ARM-SKIP (arm preserved) trigger=2.600 arm=3.020 below=13.91% (cap=3.0%)
[MOVE_SUB_B] [13:50:24] ABTS BELOW-ARM-SKIP (arm preserved) trigger=2.600 arm=3.020 below=13.91% (cap=3.0%)
[MOVE_SUB_B] [13:50:24] ABTS BELOW-ARM-SKIP (arm preserved) trigger=2.600 arm=3.020 below=13.91% (cap=3.0%)
[MOVE_SUB_B] [13:50:24] ABTS BELOW-ARM-SKIP (arm preserved) trigger=2.600 arm=3.020 below=13.91% (cap=3.0%)
[MOVE_SUB_B] [13:50:24] ABTS BELOW-ARM-SKIP (arm preserved) trigger=2.600 arm=3.020 below=13.91% (cap=3.0%)
[MOVE_SUB_B] [13:50:24] ABTS BELOW-ARM-SKIP (arm preserved) trigger=2.600 arm=3.020 below=13.91% (cap=3.0%)
[MOVE_SUB_B] [13:50:24] ABTS BELOW-ARM-SKIP (arm preserved) trigger=2.600 arm=3.020 below=13.91% (cap=3.0%)
[MOVE_SUB_B] [13:50:24] ABTS BELOW-ARM-SKIP (arm preserved) trigger=2.600 arm=3.020 below=13.91% (cap=3.0%)
[MOVE_SUB_B] [13:50:24] ABTS BELOW-ARM-SKIP (arm preserved) trigger=2.600 arm=3.020 below=13.91% (cap=3.0%)
[MOVE_SUB_B] [13:50:24] ABTS BELOW-ARM-SKIP (arm preserved) trigger=2.600 arm=3.020 below=13.91% (cap=3.0%)
[MOVE_SUB_B] [13:50:24] ABTS BELOW-ARM-SKIP (arm preserved) trigger=2.600 arm=3.020 below=13.91% (cap=3.0%)
[MOVE_SUB_B] [13:50:24] ABTS BELOW-ARM-SKIP (arm preserved) trigger=2.600 arm=3.020 below=13.91% (cap=3.0%)
[MOVE_SUB_B] [13:50:24] ABTS BELOW-ARM-SKIP (arm preserved) trigger=2.600 arm=3.020 below=13.91% (cap=3.0%)
[MOVE_SUB_B] [13:50:24] ABTS BELOW-ARM-SKIP (arm preserved) trigger=2.600 arm=3.020 below=13.91% (cap=3.0%)
[MOVE_SUB_B] [13:50:24] ABTS BELOW-ARM-SKIP (arm preserved) trigger=2.600 arm=3.020 below=13.91% (cap=3.0%)
[MOVE_SUB_B] [13:50:24] ABTS BELOW-ARM-SKIP (arm preserved) trigger=2.600 arm=3.020 below=13.91% (cap=3.0%)
[MOVE_SUB_B] [13:50:24] ABTS BELOW-ARM-SKIP (arm preserved) trigger=2.600 arm=3.020 below=13.91% (cap=3.0%)
[MOVE_SUB_B] [13:50:24] ABTS BELOW-ARM-SKIP (arm preserved) trigger=2.600 arm=3.020 below=13.91% (cap=3.0%)
[MOVE_SUB_B] [13:50:24] ABTS BELOW-ARM-SKIP (arm preserved) trigger=2.600 arm=3.020 below=13.91% (cap=3.0%)
[MOVE_SUB_B] [13:50:24] ABTS BELOW-ARM-SKIP (arm preserved) trigger=2.600 arm=3.020 below=13.91% (cap=3.0%)
[MOVE_SUB_B] [13:50:24] ABTS BELOW-ARM-SKIP (arm preserved) trigger=2.600 arm=3.020 below=13.91% (cap=3.0%)
[MOVE_SUB_B] [13:50:24] ABTS BELOW-ARM-SKIP (arm preserved) trigger=2.600 arm=3.020 below=13.91% (cap=3.0%)
[MOVE_SUB_B] [13:50:24] ABTS BELOW-ARM-SKIP (arm preserved) trigger=2.600 arm=3.020 below=13.91% (cap=3.0%)
[MOVE_SUB_B] [13:50:24] ABTS BELOW-ARM-SKIP (arm preserved) trigger=2.600 arm=3.020 below=13.91% (cap=3.0%)
[MOVE_SUB_B] [13:50:24] ABTS BELOW-ARM-SKIP (arm preserved) trigger=2.600 arm=3.020 below=13.91% (cap=3.0%)
[MOVE_SUB_B] [13:50:24] ABTS BELOW-ARM-SKIP (arm preserved) trigger=2.600 arm=3.020 below=13.91% (cap=3.0%)
[MOVE_SUB_B] [13:50:24] ABTS BELOW-ARM-SKIP (arm preserved) trigger=2.600 arm=3.020 below=13.91% (cap=3.0%)
[MOVE_SUB_B] [13:50:24] ABTS BELOW-ARM-SKIP (arm preserved) trigger=2.600 arm=3.020 below=13.91% (cap=3.0%)
[MOVE_SUB_B] [13:50:25] ABTS BELOW-ARM-SKIP (arm preserved) trigger=2.600 arm=3.020 below=13.91% (cap=3.0%)
[MOVE_SUB_B] [13:50:25] ABTS BELOW-ARM-SKIP (arm preserved) trigger=2.600 arm=3.020 below=13.91% (cap=3.0%)
[MOVE_SUB_B] [13:50:25] ABTS BELOW-ARM-SKIP (arm preserved) trigger=2.600 arm=3.020 below=13.92% (cap=3.0%)
[MOVE_SUB_B] [13:50:25] ABTS BELOW-ARM-SKIP (arm preserved) trigger=2.600 arm=3.020 below=13.91% (cap=3.0%)
[MOVE_SUB_B] [13:50:25] ABTS BELOW-ARM-SKIP (arm preserved) trigger=2.600 arm=3.020 below=13.91% (cap=3.0%)
[MOVE_SUB_B] [13:50:25] ABTS BELOW-ARM-SKIP (arm preserved) trigger=2.600 arm=3.020 below=13.91% (cap=3.0%)
[MOVE_SUB_B] [13:50:25] ABTS BELOW-ARM-SKIP (arm preserved) trigger=2.600 arm=3.020 below=13.91% (cap=3.0%)
[MOVE_SUB_B] [13:50:25] ABTS BELOW-ARM-SKIP (arm preserved) trigger=2.600 arm=3.020 below=13.91% (cap=3.0%)
[MOVE_SUB_B] [13:50:26] ABTS BELOW-ARM-SKIP (arm preserved) trigger=2.599 arm=3.020 below=13.95% (cap=3.0%)
[MOVE_SUB_B] [13:50:27] ABTS BELOW-ARM-SKIP (arm preserved) trigger=2.600 arm=3.020 below=13.92% (cap=3.0%)
[MOVE_SUB_B] [13:50:27] ABTS BELOW-ARM-SKIP (arm preserved) trigger=2.600 arm=3.020 below=13.91% (cap=3.0%)
[MOVE_SUB_B] [13:50:27] ABTS BELOW-ARM-SKIP (arm preserved) trigger=2.600 arm=3.020 below=13.91% (cap=3.0%)
[MOVE_SUB_B] [13:50:27] ABTS BELOW-ARM-SKIP (arm preserved) trigger=2.600 arm=3.020 below=13.91% (cap=3.0%)
[MOVE_SUB_B] [13:50:27] ABTS BELOW-ARM-SKIP (arm preserved) trigger=2.600 arm=3.020 below=13.91% (cap=3.0%)
[MOVE_SUB_B] [13:50:27] ABTS BELOW-ARM-SKIP (arm preserved) trigger=2.600 arm=3.020 below=13.91% (cap=3.0%)
[MOVE_SUB_B] [13:50:27] ABTS BELOW-ARM-SKIP (arm preserved) trigger=2.600 arm=3.020 below=13.91% (cap=3.0%)
[MOVE_SUB_B] [13:50:27] ABTS BELOW-ARM-SKIP (arm preserved) trigger=2.600 arm=3.020 below=13.91% (cap=3.0%)
[MOVE_SUB_B] [13:50:27] ABTS BELOW-ARM-SKIP (arm preserved) trigger=2.600 arm=3.020 below=13.91% (cap=3.0%)
[MOVE_SUB_B] [13:50:27] ABTS BELOW-ARM-SKIP (arm preserved) trigger=2.600 arm=3.020 below=13.91% (cap=3.0%)
[MOVE_SUB_B] [13:50:27] ABTS BELOW-ARM-SKIP (arm preserved) trigger=2.600 arm=3.020 below=13.91% (cap=3.0%)
[MOVE_SUB_B] [13:50:27] ABTS BELOW-ARM-SKIP (arm preserved) trigger=2.600 arm=3.020 below=13.91% (cap=3.0%)
[MOVE_SUB_B] [13:50:27] ABTS BELOW-ARM-SKIP (arm preserved) trigger=2.600 arm=3.020 below=13.91% (cap=3.0%)
[MOVE_SUB_B] [13:50:27] ABTS BELOW-ARM-SKIP (arm preserved) trigger=2.600 arm=3.020 below=13.91% (cap=3.0%)
[MOVE_SUB_B] [13:50:27] ABTS BELOW-ARM-SKIP (arm preserved) trigger=2.600 arm=3.020 below=13.91% (cap=3.0%)
[MOVE_SUB_B] [13:50:27] ABTS BELOW-ARM-SKIP (arm preserved) trigger=2.600 arm=3.020 below=13.91% (cap=3.0%)
[MOVE_SUB_B] [13:50:27] ABTS BELOW-ARM-SKIP (arm preserved) trigger=2.600 arm=3.020 below=13.91% (cap=3.0%)
[MOVE_SUB_B] [13:50:27] ABTS BELOW-ARM-SKIP (arm preserved) trigger=2.600 arm=3.020 below=13.91% (cap=3.0%)
[MOVE_SUB_B] [13:50:27] ABTS BELOW-ARM-SKIP (arm preserved) trigger=2.600 arm=3.020 below=13.91% (cap=3.0%)
[MOVE_SUB_B] [13:50:27] ABTS BELOW-ARM-SKIP (arm preserved) trigger=2.605 arm=3.020 below=13.74% (cap=3.0%)
[MOVE_SUB_B] [13:50:27] ABTS BELOW-ARM-SKIP (arm preserved) trigger=2.600 arm=3.020 below=13.91% (cap=3.0%)
[MOVE_SUB_B] [13:50:27] ABTS BELOW-ARM-SKIP (arm preserved) trigger=2.600 arm=3.020 below=13.91% (cap=3.0%)
[MOVE_SUB_B] [13:50:27] ABTS BELOW-ARM-SKIP (arm preserved) trigger=2.600 arm=3.020 below=13.91% (cap=3.0%)
[MOVE_SUB_B] [13:50:27] ABTS BELOW-ARM-SKIP (arm preserved) trigger=2.600 arm=3.020 below=13.91% (cap=3.0%)
[MOVE_SUB_B] [13:50:27] ABTS BELOW-ARM-SKIP (arm preserved) trigger=2.600 arm=3.020 below=13.91% (cap=3.0%)
[MOVE_SUB_B] [13:50:27] ABTS BELOW-ARM-SKIP (arm preserved) trigger=2.600 arm=3.020 below=13.91% (cap=3.0%)
[MOVE_SUB_B] [13:50:27] ABTS BELOW-ARM-SKIP (arm preserved) trigger=2.600 arm=3.020 below=13.91% (cap=3.0%)
[MOVE_SUB_B] [13:50:27] ABTS BELOW-ARM-SKIP (arm preserved) trigger=2.600 arm=3.020 below=13.91% (cap=3.0%)
[MOVE_SUB_B] [13:50:27] ABTS BELOW-ARM-SKIP (arm preserved) trigger=2.600 arm=3.020 below=13.91% (cap=3.0%)
[MOVE_SUB_B] [13:50:27] ABTS BELOW-ARM-SKIP (arm preserved) trigger=2.610 arm=3.020 below=13.58% (cap=3.0%)
[MOVE_SUB_B] [13:50:27] ABTS BELOW-ARM-SKIP (arm preserved) trigger=2.600 arm=3.020 below=13.91% (cap=3.0%)
[MOVE_SUB_B] [13:50:27] ABTS BELOW-ARM-SKIP (arm preserved) trigger=2.600 arm=3.020 below=13.91% (cap=3.0%)
[MOVE_SUB_B] [13:50:27] ABTS BELOW-ARM-SKIP (arm preserved) trigger=2.600 arm=3.020 below=13.91% (cap=3.0%)
[MOVE_SUB_B] [13:50:27] ABTS BELOW-ARM-SKIP (arm preserved) trigger=2.600 arm=3.020 below=13.91% (cap=3.0%)
[MOVE_SUB_B] [13:50:27] ABTS BELOW-ARM-SKIP (arm preserved) trigger=2.600 arm=3.020 below=13.91% (cap=3.0%)
[MOVE_SUB_B] [13:50:27] ABTS BELOW-ARM-SKIP (arm preserved) trigger=2.600 arm=3.020 below=13.91% (cap=3.0%)
[MOVE_SUB_B] [13:50:27] ABTS BELOW-ARM-SKIP (arm preserved) trigger=2.600 arm=3.020 below=13.91% (cap=3.0%)
[MOVE_SUB_B] [13:50:27] ABTS BELOW-ARM-SKIP (arm preserved) trigger=2.600 arm=3.020 below=13.91% (cap=3.0%)
[MOVE_SUB_B] [13:50:27] ABTS BELOW-ARM-SKIP (arm preserved) trigger=2.600 arm=3.020 below=13.91% (cap=3.0%)
[MOVE_SUB_B] [13:50:27] ABTS BELOW-ARM-SKIP (arm preserved) trigger=2.600 arm=3.020 below=13.91% (cap=3.0%)
[MOVE_SUB_B] [13:50:27] ABTS BELOW-ARM-SKIP (arm preserved) trigger=2.600 arm=3.020 below=13.91% (cap=3.0%)
[MOVE_SUB_B] [13:50:27] ABTS BELOW-ARM-SKIP (arm preserved) trigger=2.600 arm=3.020 below=13.91% (cap=3.0%)
[MOVE_SUB_B] [13:50:27] ABTS BELOW-ARM-SKIP (arm preserved) trigger=2.600 arm=3.020 below=13.91% (cap=3.0%)
[MOVE_SUB_B] [13:50:27] ABTS BELOW-ARM-SKIP (arm preserved) trigger=2.600 arm=3.020 below=13.91% (cap=3.0%)
[MOVE_SUB_B] [13:50:27] ABTS BELOW-ARM-SKIP (arm preserved) trigger=2.600 arm=3.020 below=13.91% (cap=3.0%)
[MOVE_SUB_B] [13:50:27] ABTS BELOW-ARM-SKIP (arm preserved) trigger=2.610 arm=3.020 below=13.58% (cap=3.0%)
[MOVE_SUB_B] [13:50:27] ABTS BELOW-ARM-SKIP (arm preserved) trigger=2.610 arm=3.020 below=13.58% (cap=3.0%)
[MOVE_SUB_B] [13:50:27] ABTS BELOW-ARM-SKIP (arm preserved) trigger=2.610 arm=3.020 below=13.58% (cap=3.0%)
[MOVE_SUB_B] [13:50:27] ABTS BELOW-ARM-SKIP (arm preserved) trigger=2.610 arm=3.020 below=13.58% (cap=3.0%)
[MOVE_SUB_B] [13:50:27] ABTS BELOW-ARM-SKIP (arm preserved) trigger=2.610 arm=3.020 below=13.58% (cap=3.0%)
[MOVE_SUB_B] [13:50:27] ABTS BELOW-ARM-SKIP (arm preserved) trigger=2.610 arm=3.020 below=13.58% (cap=3.0%)
[MOVE_SUB_B] [13:50:27] ABTS BELOW-ARM-SKIP (arm preserved) trigger=2.610 arm=3.020 below=13.58% (cap=3.0%)
[MOVE_SUB_B] [13:50:27] ABTS BELOW-ARM-SKIP (arm preserved) trigger=2.610 arm=3.020 below=13.58% (cap=3.0%)
[MOVE_SUB_B] [13:50:27] ABTS BELOW-ARM-SKIP (arm preserved) trigger=2.610 arm=3.020 below=13.58% (cap=3.0%)
[MOVE_SUB_B] [13:50:27] ABTS BELOW-ARM-SKIP (arm preserved) trigger=2.610 arm=3.020 below=13.58% (cap=3.0%)
[MOVE_SUB_B] [13:50:27] ABTS BELOW-ARM-SKIP (arm preserved) trigger=2.610 arm=3.020 below=13.59% (cap=3.0%)
[MOVE_SUB_B] [13:50:27] ABTS BELOW-ARM-SKIP (arm preserved) trigger=2.610 arm=3.020 below=13.58% (cap=3.0%)
[MOVE_SUB_B] [13:50:27] ABTS BELOW-ARM-SKIP (arm preserved) trigger=2.610 arm=3.020 below=13.58% (cap=3.0%)
[MOVE_SUB_B] [13:50:27] ABTS BELOW-ARM-SKIP (arm preserved) trigger=2.610 arm=3.020 below=13.58% (cap=3.0%)
[MOVE_SUB_B] [13:50:27] ABTS BELOW-ARM-SKIP (arm preserved) trigger=2.610 arm=3.020 below=13.58% (cap=3.0%)
[MOVE_SUB_B] [13:50:27] ABTS BELOW-ARM-SKIP (arm preserved) trigger=2.610 arm=3.020 below=13.58% (cap=3.0%)
[MOVE_SUB_B] [13:50:27] ABTS BELOW-ARM-SKIP (arm preserved) trigger=2.610 arm=3.020 below=13.58% (cap=3.0%)
[MOVE_SUB_B] [13:50:27] ABTS BELOW-ARM-SKIP (arm preserved) trigger=2.610 arm=3.020 below=13.58% (cap=3.0%)
[MOVE_SUB_B] [13:50:27] ABTS BELOW-ARM-SKIP (arm preserved) trigger=2.610 arm=3.020 below=13.58% (cap=3.0%)
[MOVE_SUB_B] [13:50:27] ABTS BELOW-ARM-SKIP (arm preserved) trigger=2.610 arm=3.020 below=13.58% (cap=3.0%)
[MOVE_SUB_B] [13:50:27] ABTS BELOW-ARM-SKIP (arm preserved) trigger=2.610 arm=3.020 below=13.58% (cap=3.0%)
[MOVE_SUB_B] [13:50:27] ABTS BELOW-ARM-SKIP (arm preserved) trigger=2.610 arm=3.020 below=13.58% (cap=3.0%)
[MOVE_SUB_B] [13:50:27] ABTS BELOW-ARM-SKIP (arm preserved) trigger=2.620 arm=3.020 below=13.25% (cap=3.0%)
[MOVE_SUB_B] [13:50:27] ABTS BELOW-ARM-SKIP (arm preserved) trigger=2.620 arm=3.020 below=13.25% (cap=3.0%)
[MOVE_SUB_B] [13:50:27] ABTS BELOW-ARM-SKIP (arm preserved) trigger=2.620 arm=3.020 below=13.25% (cap=3.0%)
[MOVE_SUB_B] [13:50:27] ABTS BELOW-ARM-SKIP (arm preserved) trigger=2.620 arm=3.020 below=13.25% (cap=3.0%)
[MOVE_SUB_B] [13:50:27] ABTS BELOW-ARM-SKIP (arm preserved) trigger=2.620 arm=3.020 below=13.25% (cap=3.0%)
[MOVE_SUB_B] [13:50:27] ABTS BELOW-ARM-SKIP (arm preserved) trigger=2.620 arm=3.020 below=13.25% (cap=3.0%)
[MOVE_SUB_B] [13:50:27] ABTS BELOW-ARM-SKIP (arm preserved) trigger=2.620 arm=3.020 below=13.25% (cap=3.0%)
[MOVE_SUB_B] [13:50:27] ABTS BELOW-ARM-SKIP (arm preserved) trigger=2.620 arm=3.020 below=13.25% (cap=3.0%)
[MOVE_SUB_B] [13:50:27] ABTS BELOW-ARM-SKIP (arm preserved) trigger=2.615 arm=3.020 below=13.41% (cap=3.0%)
[MOVE_SUB_B] [13:50:27] ABTS BELOW-ARM-SKIP (arm preserved) trigger=2.620 arm=3.020 below=13.25% (cap=3.0%)
[MOVE_SUB_B] [13:50:27] ABTS BELOW-ARM-SKIP (arm preserved) trigger=2.620 arm=3.020 below=13.25% (cap=3.0%)
[MOVE_SUB_B] [13:50:27] ABTS BELOW-ARM-SKIP (arm preserved) trigger=2.620 arm=3.020 below=13.25% (cap=3.0%)
[MOVE_SUB_B] [13:50:27] ABTS BELOW-ARM-SKIP (arm preserved) trigger=2.620 arm=3.020 below=13.25% (cap=3.0%)
[MOVE_SUB_B] [13:50:27] ABTS BELOW-ARM-SKIP (arm preserved) trigger=2.620 arm=3.020 below=13.25% (cap=3.0%)
[MOVE_SUB_B] [13:50:27] ABTS BELOW-ARM-SKIP (arm preserved) trigger=2.620 arm=3.020 below=13.25% (cap=3.0%)
[MOVE_SUB_B] [13:50:27] ABTS BELOW-ARM-SKIP (arm preserved) trigger=2.620 arm=3.020 below=13.25% (cap=3.0%)
[MOVE_SUB_B] [13:50:27] ABTS BELOW-ARM-SKIP (arm preserved) trigger=2.620 arm=3.020 below=13.25% (cap=3.0%)
[MOVE_SUB_B] [13:50:27] ABTS BELOW-ARM-SKIP (arm preserved) trigger=2.620 arm=3.020 below=13.25% (cap=3.0%)
[MOVE_SUB_B] [13:50:28] ABTS BELOW-ARM-SKIP (arm preserved) trigger=2.620 arm=3.020 below=13.25% (cap=3.0%)
[MOVE_SUB_B] [13:50:28] ABTS BELOW-ARM-SKIP (arm preserved) trigger=2.630 arm=3.020 below=12.91% (cap=3.0%)
[MOVE_SUB_B] [13:50:28] ABTS BELOW-ARM-SKIP (arm preserved) trigger=2.620 arm=3.020 below=13.25% (cap=3.0%)
[MOVE_SUB_B] [13:50:28] ABTS BELOW-ARM-SKIP (arm preserved) trigger=2.620 arm=3.020 below=13.25% (cap=3.0%)
[MOVE_SUB_B] [13:50:28] ABTS BELOW-ARM-SKIP (arm preserved) trigger=2.620 arm=3.020 below=13.25% (cap=3.0%)
[MOVE_SUB_B] [13:50:28] ABTS BELOW-ARM-SKIP (arm preserved) trigger=2.610 arm=3.020 below=13.58% (cap=3.0%)
[MOVE_SUB_B] [13:50:28] ABTS BELOW-ARM-SKIP (arm preserved) trigger=2.610 arm=3.020 below=13.58% (cap=3.0%)
[MOVE_SUB_B] [13:50:28] ABTS BELOW-ARM-SKIP (arm preserved) trigger=2.619 arm=3.020 below=13.28% (cap=3.0%)
[MOVE_SUB_B] [13:50:28] ABTS BELOW-ARM-SKIP (arm preserved) trigger=2.610 arm=3.020 below=13.58% (cap=3.0%)
[MOVE_SUB_B] [13:50:29] ABTS BELOW-ARM-SKIP (arm preserved) trigger=2.610 arm=3.020 below=13.58% (cap=3.0%)
[MOVE_SUB_B] [13:50:29] ABTS BELOW-ARM-SKIP (arm preserved) trigger=2.610 arm=3.020 below=13.58% (cap=3.0%)
[MOVE_SUB_B] [13:50:29] ABTS BELOW-ARM-SKIP (arm preserved) trigger=2.605 arm=3.020 below=13.74% (cap=3.0%)
[MOVE_SUB_B] [13:50:29] ABTS BELOW-ARM-SKIP (arm preserved) trigger=2.610 arm=3.020 below=13.58% (cap=3.0%)
[MOVE_SUB_B] [13:50:29] ABTS BELOW-ARM-SKIP (arm preserved) trigger=2.605 arm=3.020 below=13.74% (cap=3.0%)
[MOVE_SUB_B] [13:50:30] ABTS BELOW-ARM-SKIP (arm preserved) trigger=2.613 arm=3.020 below=13.49% (cap=3.0%)
[MOVE_SUB_B] [13:50:30] ABTS BELOW-ARM-SKIP (arm preserved) trigger=2.600 arm=3.020 below=13.91% (cap=3.0%)
[MOVE_SUB_B] [13:50:30] ABTS BELOW-ARM-SKIP (arm preserved) trigger=2.600 arm=3.020 below=13.91% (cap=3.0%)
[MOVE_SUB_B] [13:50:30] ABTS BELOW-ARM-SKIP (arm preserved) trigger=2.600 arm=3.020 below=13.91% (cap=3.0%)
[MOVE_SUB_B] [13:50:30] ABTS BELOW-ARM-SKIP (arm preserved) trigger=2.600 arm=3.020 below=13.91% (cap=3.0%)
[MOVE_SUB_B] [13:50:30] ABTS BELOW-ARM-SKIP (arm preserved) trigger=2.600 arm=3.020 below=13.91% (cap=3.0%)
[MOVE_SUB_B] [13:50:30] ABTS BELOW-ARM-SKIP (arm preserved) trigger=2.600 arm=3.020 below=13.91% (cap=3.0%)
[MOVE_SUB_B] [13:50:31] ABTS BELOW-ARM-SKIP (arm preserved) trigger=2.610 arm=3.020 below=13.58% (cap=3.0%)
[MOVE_SUB_B] [13:50:31] ABTS BELOW-ARM-SKIP (arm preserved) trigger=2.600 arm=3.020 below=13.91% (cap=3.0%)
[MOVE_SUB_B] [13:50:31] ABTS BELOW-ARM-SKIP (arm preserved) trigger=2.600 arm=3.020 below=13.91% (cap=3.0%)
[MOVE_SUB_B] [13:50:31] ABTS BELOW-ARM-SKIP (arm preserved) trigger=2.600 arm=3.020 below=13.91% (cap=3.0%)
[MOVE_SUB_B] [13:50:31] ABTS BELOW-ARM-SKIP (arm preserved) trigger=2.600 arm=3.020 below=13.91% (cap=3.0%)
[MOVE_SUB_B] [13:50:31] ABTS BELOW-ARM-SKIP (arm preserved) trigger=2.600 arm=3.020 below=13.91% (cap=3.0%)
[MOVE_SUB_B] [13:50:31] ABTS BELOW-ARM-SKIP (arm preserved) trigger=2.605 arm=3.020 below=13.74% (cap=3.0%)
[MOVE_SUB_B] [13:50:31] ABTS BELOW-ARM-SKIP (arm preserved) trigger=2.600 arm=3.020 below=13.91% (cap=3.0%)
[MOVE_SUB_B] [13:50:31] ABTS BELOW-ARM-SKIP (arm preserved) trigger=2.600 arm=3.020 below=13.91% (cap=3.0%)
[MOVE_SUB_B] [13:50:31] ABTS BELOW-ARM-SKIP (arm preserved) trigger=2.600 arm=3.020 below=13.91% (cap=3.0%)
[MOVE_SUB_B] [13:50:31] ABTS BELOW-ARM-SKIP (arm preserved) trigger=2.605 arm=3.020 below=13.74% (cap=3.0%)
[MOVE_SUB_B] [13:50:31] ABTS BELOW-ARM-SKIP (arm preserved) trigger=2.605 arm=3.020 below=13.74% (cap=3.0%)
[MOVE_SUB_B] [13:50:31] ABTS BELOW-ARM-SKIP (arm preserved) trigger=2.600 arm=3.020 below=13.91% (cap=3.0%)
[MOVE_SUB_B] [13:50:31] ABTS BELOW-ARM-SKIP (arm preserved) trigger=2.605 arm=3.020 below=13.74% (cap=3.0%)
[MOVE_SUB_B] [13:50:31] ABTS BELOW-ARM-SKIP (arm preserved) trigger=2.605 arm=3.020 below=13.74% (cap=3.0%)
[MOVE_SUB_B] [13:50:32] ABTS BELOW-ARM-SKIP (arm preserved) trigger=2.605 arm=3.020 below=13.74% (cap=3.0%)
[MOVE_SUB_B] [13:50:32] ABTS BELOW-ARM-SKIP (arm preserved) trigger=2.605 arm=3.020 below=13.74% (cap=3.0%)
[MOVE_SUB_B] [13:50:32] ABTS BELOW-ARM-SKIP (arm preserved) trigger=2.605 arm=3.020 below=13.74% (cap=3.0%)
[MOVE_SUB_B] [13:50:32] ABTS BELOW-ARM-SKIP (arm preserved) trigger=2.600 arm=3.020 below=13.91% (cap=3.0%)
[MOVE_SUB_B] [13:50:32] ABTS BELOW-ARM-SKIP (arm preserved) trigger=2.600 arm=3.020 below=13.91% (cap=3.0%)
[MOVE_SUB_B] [13:50:32] ABTS BELOW-ARM-SKIP (arm preserved) trigger=2.600 arm=3.020 below=13.91% (cap=3.0%)
[MOVE_SUB_B] [13:50:32] ABTS BELOW-ARM-SKIP (arm preserved) trigger=2.600 arm=3.020 below=13.91% (cap=3.0%)
[MOVE_SUB_B] [13:50:33] ABTS BELOW-ARM-SKIP (arm preserved) trigger=2.600 arm=3.020 below=13.90% (cap=3.0%)
[MOVE_SUB_B] [13:50:33] ABTS BELOW-ARM-SKIP (arm preserved) trigger=2.600 arm=3.020 below=13.91% (cap=3.0%)
[MOVE_SUB_B] [13:50:33] ABTS BELOW-ARM-SKIP (arm preserved) trigger=2.600 arm=3.020 below=13.91% (cap=3.0%)
[MOVE_SUB_B] [13:50:33] ABTS BELOW-ARM-SKIP (arm preserved) trigger=2.600 arm=3.020 below=13.91% (cap=3.0%)
[MOVE_SUB_B] [13:50:33] ABTS BELOW-ARM-SKIP (arm preserved) trigger=2.600 arm=3.020 below=13.91% (cap=3.0%)
[MOVE_SUB_B] [13:50:33] ABTS BELOW-ARM-SKIP (arm preserved) trigger=2.600 arm=3.020 below=13.91% (cap=3.0%)
[MOVE_SUB_B] [13:50:33] ABTS BELOW-ARM-SKIP (arm preserved) trigger=2.600 arm=3.020 below=13.91% (cap=3.0%)
[MOVE_SUB_B] [13:50:33] ABTS BELOW-ARM-SKIP (arm preserved) trigger=2.605 arm=3.020 below=13.74% (cap=3.0%)
[MOVE_SUB_B] [13:50:33] ABTS BELOW-ARM-SKIP (arm preserved) trigger=2.605 arm=3.020 below=13.74% (cap=3.0%)
[MOVE_SUB_B] [13:50:33] ABTS BELOW-ARM-SKIP (arm preserved) trigger=2.605 arm=3.020 below=13.74% (cap=3.0%)
[MOVE_SUB_B] [13:50:33] ABTS BELOW-ARM-SKIP (arm preserved) trigger=2.600 arm=3.020 below=13.91% (cap=3.0%)
[MOVE_SUB_B] [13:50:33] ABTS BELOW-ARM-SKIP (arm preserved) trigger=2.600 arm=3.020 below=13.91% (cap=3.0%)
[MOVE_SUB_B] [13:50:33] ABTS BELOW-ARM-SKIP (arm preserved) trigger=2.605 arm=3.020 below=13.74% (cap=3.0%)
[MOVE_SUB_B] [13:50:33] ABTS BELOW-ARM-SKIP (arm preserved) trigger=2.605 arm=3.020 below=13.74% (cap=3.0%)
[MOVE_SUB_B] [13:50:33] ABTS BELOW-ARM-SKIP (arm preserved) trigger=2.605 arm=3.020 below=13.74% (cap=3.0%)
[MOVE_SUB_B] [13:50:33] ABTS BELOW-ARM-SKIP (arm preserved) trigger=2.605 arm=3.020 below=13.74% (cap=3.0%)
[MOVE_SUB_B] [13:50:33] ABTS BELOW-ARM-SKIP (arm preserved) trigger=2.600 arm=3.020 below=13.91% (cap=3.0%)
[MOVE_SUB_B] [13:50:33] ABTS BELOW-ARM-SKIP (arm preserved) trigger=2.600 arm=3.020 below=13.91% (cap=3.0%)
[MOVE_SUB_B] [13:50:33] ABTS BELOW-ARM-SKIP (arm preserved) trigger=2.600 arm=3.020 below=13.91% (cap=3.0%)
[MOVE_SUB_B] [13:50:33] ABTS BELOW-ARM-SKIP (arm preserved) trigger=2.600 arm=3.020 below=13.91% (cap=3.0%)
[MOVE_SUB_B] [13:50:33] ABTS BELOW-ARM-SKIP (arm preserved) trigger=2.605 arm=3.020 below=13.74% (cap=3.0%)
[MOVE_SUB_B] [13:50:33] ABTS BELOW-ARM-SKIP (arm preserved) trigger=2.600 arm=3.020 below=13.91% (cap=3.0%)
[MOVE_SUB_B] [13:50:33] ABTS BELOW-ARM-SKIP (arm preserved) trigger=2.605 arm=3.020 below=13.74% (cap=3.0%)
[MOVE_SUB_B] [13:50:33] ABTS BELOW-ARM-SKIP (arm preserved) trigger=2.605 arm=3.020 below=13.74% (cap=3.0%)
[MOVE_SUB_B] [13:50:33] ABTS BELOW-ARM-SKIP (arm preserved) trigger=2.600 arm=3.020 below=13.91% (cap=3.0%)
[MOVE_SUB_B] [13:50:33] ABTS BELOW-ARM-SKIP (arm preserved) trigger=2.600 arm=3.020 below=13.91% (cap=3.0%)
[MOVE_SUB_B] [13:50:33] ABTS BELOW-ARM-SKIP (arm preserved) trigger=2.600 arm=3.020 below=13.91% (cap=3.0%)
[MOVE_SUB_B] [13:50:33] ABTS BELOW-ARM-SKIP (arm preserved) trigger=2.600 arm=3.020 below=13.91% (cap=3.0%)
[MOVE_SUB_B] [13:50:34] ABTS BELOW-ARM-SKIP (arm preserved) trigger=2.600 arm=3.020 below=13.91% (cap=3.0%)
[MOVE_SUB_B] [13:50:34] ABTS BELOW-ARM-SKIP (arm preserved) trigger=2.610 arm=3.020 below=13.58% (cap=3.0%)
[MOVE_SUB_B] [13:50:34] ABTS BELOW-ARM-SKIP (arm preserved) trigger=2.600 arm=3.020 below=13.91% (cap=3.0%)
[MOVE_SUB_B] [13:50:34] ABTS BELOW-ARM-SKIP (arm preserved) trigger=2.600 arm=3.020 below=13.91% (cap=3.0%)
[MOVE_SUB_B] [13:50:34] ABTS BELOW-ARM-SKIP (arm preserved) trigger=2.600 arm=3.020 below=13.91% (cap=3.0%)
[MOVE_SUB_B] [13:50:34] ABTS BELOW-ARM-SKIP (arm preserved) trigger=2.610 arm=3.020 below=13.58% (cap=3.0%)
[MOVE_SUB_B] [13:50:34] ABTS BELOW-ARM-SKIP (arm preserved) trigger=2.600 arm=3.020 below=13.91% (cap=3.0%)
[MOVE_SUB_B] [13:50:34] ABTS BELOW-ARM-SKIP (arm preserved) trigger=2.600 arm=3.020 below=13.91% (cap=3.0%)
[MOVE_SUB_B] [13:50:34] ABTS BELOW-ARM-SKIP (arm preserved) trigger=2.600 arm=3.020 below=13.91% (cap=3.0%)
[MOVE_SUB_B] [13:50:34] ABTS BELOW-ARM-SKIP (arm preserved) trigger=2.600 arm=3.020 below=13.91% (cap=3.0%)
[MOVE_SUB_B] [13:50:34] ABTS BELOW-ARM-SKIP (arm preserved) trigger=2.600 arm=3.020 below=13.91% (cap=3.0%)
[MOVE_SUB_B] [13:50:34] ABTS BELOW-ARM-SKIP (arm preserved) trigger=2.600 arm=3.020 below=13.91% (cap=3.0%)
[MOVE_SUB_B] [13:50:34] ABTS BELOW-ARM-SKIP (arm preserved) trigger=2.600 arm=3.020 below=13.91% (cap=3.0%)
[MOVE_SUB_B] [13:50:34] ABTS BELOW-ARM-SKIP (arm preserved) trigger=2.610 arm=3.020 below=13.58% (cap=3.0%)
[MOVE_SUB_B] [13:50:34] ABTS BELOW-ARM-SKIP (arm preserved) trigger=2.600 arm=3.020 below=13.91% (cap=3.0%)
[MOVE_SUB_B] [13:50:34] ABTS BELOW-ARM-SKIP (arm preserved) trigger=2.600 arm=3.020 below=13.91% (cap=3.0%)
[MOVE_SUB_B] [13:50:34] ABTS BELOW-ARM-SKIP (arm preserved) trigger=2.600 arm=3.020 below=13.91% (cap=3.0%)
[MOVE_SUB_B] [13:50:34] ABTS BELOW-ARM-SKIP (arm preserved) trigger=2.601 arm=3.020 below=13.87% (cap=3.0%)
[MOVE_SUB_B] [13:50:35] ABTS BELOW-ARM-SKIP (arm preserved) trigger=2.600 arm=3.020 below=13.90% (cap=3.0%)
[MOVE_SUB_B] [13:50:35] ABTS BELOW-ARM-SKIP (arm preserved) trigger=2.610 arm=3.020 below=13.58% (cap=3.0%)
[MOVE_SUB_B] [13:50:35] ABTS BELOW-ARM-SKIP (arm preserved) trigger=2.600 arm=3.020 below=13.91% (cap=3.0%)
[MOVE_SUB_B] [13:50:35] ABTS BELOW-ARM-SKIP (arm preserved) trigger=2.600 arm=3.020 below=13.91% (cap=3.0%)
[MOVE_SUB_B] [13:50:35] ABTS BELOW-ARM-SKIP (arm preserved) trigger=2.600 arm=3.020 below=13.91% (cap=3.0%)
[MOVE_SUB_B] [13:50:35] ABTS BELOW-ARM-SKIP (arm preserved) trigger=2.600 arm=3.020 below=13.91% (cap=3.0%)
[MOVE_SUB_B] [13:50:35] ABTS BELOW-ARM-SKIP (arm preserved) trigger=2.600 arm=3.020 below=13.91% (cap=3.0%)
[MOVE_SUB_B] [13:50:35] ABTS BELOW-ARM-SKIP (arm preserved) trigger=2.600 arm=3.020 below=13.91% (cap=3.0%)
[MOVE_SUB_B] [13:50:35] ABTS BELOW-ARM-SKIP (arm preserved) trigger=2.600 arm=3.020 below=13.91% (cap=3.0%)
[MOVE_SUB_B] [13:50:35] ABTS BELOW-ARM-SKIP (arm preserved) trigger=2.600 arm=3.020 below=13.91% (cap=3.0%)
[MOVE_SUB_B] [13:50:35] ABTS BELOW-ARM-SKIP (arm preserved) trigger=2.600 arm=3.020 below=13.91% (cap=3.0%)
[MOVE_SUB_B] [13:50:35] ABTS BELOW-ARM-SKIP (arm preserved) trigger=2.600 arm=3.020 below=13.91% (cap=3.0%)
[MOVE_SUB_B] [13:50:35] ABTS BELOW-ARM-SKIP (arm preserved) trigger=2.605 arm=3.020 below=13.74% (cap=3.0%)
[MOVE_SUB_B] [13:50:35] ABTS BELOW-ARM-SKIP (arm preserved) trigger=2.610 arm=3.020 below=13.58% (cap=3.0%)
[MOVE_SUB_B] [13:50:35] ABTS BELOW-ARM-SKIP (arm preserved) trigger=2.609 arm=3.020 below=13.61% (cap=3.0%)
[MOVE_SUB_B] [13:50:35] ABTS BELOW-ARM-SKIP (arm preserved) trigger=2.600 arm=3.020 below=13.91% (cap=3.0%)
[MOVE_SUB_B] [13:50:36] ABTS BELOW-ARM-SKIP (arm preserved) trigger=2.610 arm=3.020 below=13.58% (cap=3.0%)
[MOVE_SUB_B] [13:50:36] ABTS BELOW-ARM-SKIP (arm preserved) trigger=2.610 arm=3.020 below=13.59% (cap=3.0%)
[MOVE_SUB_B] [13:50:36] ABTS BELOW-ARM-SKIP (arm preserved) trigger=2.600 arm=3.020 below=13.91% (cap=3.0%)
[MOVE_SUB_B] [13:50:36] ABTS BELOW-ARM-SKIP (arm preserved) trigger=2.600 arm=3.020 below=13.91% (cap=3.0%)
[MOVE_SUB_B] [13:50:36] ABTS BELOW-ARM-SKIP (arm preserved) trigger=2.600 arm=3.020 below=13.91% (cap=3.0%)
[MOVE_SUB_B] [13:50:36] ABTS BELOW-ARM-SKIP (arm preserved) trigger=2.600 arm=3.020 below=13.91% (cap=3.0%)
[MOVE_SUB_B] [13:50:36] ABTS BELOW-ARM-SKIP (arm preserved) trigger=2.600 arm=3.020 below=13.91% (cap=3.0%)
[MOVE_SUB_B] [13:50:36] ABTS BELOW-ARM-SKIP (arm preserved) trigger=2.600 arm=3.020 below=13.91% (cap=3.0%)
[MOVE_SUB_B] [13:50:37] ABTS BELOW-ARM-SKIP (arm preserved) trigger=2.600 arm=3.020 below=13.91% (cap=3.0%)
[MOVE_SUB_B] [13:51:01] new symbol PUSA — detector + movement_strike instantiated
[MOVE_SUB_B] [13:51:08] STATS ticks=199855 symbols=78 pos=no daily_pnl=+0 drops=0
[MOVE_SUB_B] [13:52:08] STATS ticks=201891 symbols=78 pos=no daily_pnl=+0 drops=0
[MOVE_SUB_B] [13:52:16] ABTS BELOW-ARM-SKIP (arm preserved) trigger=2.670 arm=3.020 below=11.59% (cap=3.0%)
[MOVE_SUB_B] [13:52:16] ABTS BELOW-ARM-SKIP (arm preserved) trigger=2.670 arm=3.020 below=11.59% (cap=3.0%)
[MOVE_SUB_B] [13:52:16] ABTS BELOW-ARM-SKIP (arm preserved) trigger=2.670 arm=3.020 below=11.60% (cap=3.0%)
[MOVE_SUB_B] [13:52:16] ABTS BELOW-ARM-SKIP (arm preserved) trigger=2.670 arm=3.020 below=11.60% (cap=3.0%)
[MOVE_SUB_B] [13:52:16] ABTS BELOW-ARM-SKIP (arm preserved) trigger=2.670 arm=3.020 below=11.59% (cap=3.0%)
[MOVE_SUB_B] [13:52:16] ABTS BELOW-ARM-SKIP (arm preserved) trigger=2.670 arm=3.020 below=11.59% (cap=3.0%)
[MOVE_SUB_B] [13:52:19] ABTS BELOW-ARM-SKIP (arm preserved) trigger=2.680 arm=3.020 below=11.26% (cap=3.0%)
[MOVE_SUB_B] [13:52:19] ABTS BELOW-ARM-SKIP (arm preserved) trigger=2.680 arm=3.020 below=11.26% (cap=3.0%)
[MOVE_SUB_B] [13:52:19] ABTS BELOW-ARM-SKIP (arm preserved) trigger=2.680 arm=3.020 below=11.26% (cap=3.0%)
[MOVE_SUB_B] [13:52:20] ABTS BELOW-ARM-SKIP (arm preserved) trigger=2.670 arm=3.020 below=11.59% (cap=3.0%)
[MOVE_SUB_B] [13:52:20] ABTS BELOW-ARM-SKIP (arm preserved) trigger=2.670 arm=3.020 below=11.59% (cap=3.0%)
[MOVE_SUB_B] [13:52:20] ABTS BELOW-ARM-SKIP (arm preserved) trigger=2.670 arm=3.020 below=11.59% (cap=3.0%)
[MOVE_SUB_B] [13:52:21] ABTS BELOW-ARM-SKIP (arm preserved) trigger=2.670 arm=3.020 below=11.59% (cap=3.0%)
[MOVE_SUB_B] [13:52:21] ABTS BELOW-ARM-SKIP (arm preserved) trigger=2.670 arm=3.020 below=11.59% (cap=3.0%)
[MOVE_SUB_B] [13:52:21] ABTS BELOW-ARM-SKIP (arm preserved) trigger=2.670 arm=3.020 below=11.59% (cap=3.0%)
[MOVE_SUB_B] [13:52:21] ABTS BELOW-ARM-SKIP (arm preserved) trigger=2.670 arm=3.020 below=11.59% (cap=3.0%)
[MOVE_SUB_B] [13:52:22] ABTS BELOW-ARM-SKIP (arm preserved) trigger=2.670 arm=3.020 below=11.59% (cap=3.0%)
[MOVE_SUB_B] [13:52:22] ABTS BELOW-ARM-SKIP (arm preserved) trigger=2.670 arm=3.020 below=11.59% (cap=3.0%)
[MOVE_SUB_B] [13:52:22] ABTS BELOW-ARM-SKIP (arm preserved) trigger=2.670 arm=3.020 below=11.59% (cap=3.0%)
[MOVE_SUB_B] [13:52:22] ABTS BELOW-ARM-SKIP (arm preserved) trigger=2.670 arm=3.020 below=11.59% (cap=3.0%)
[MOVE_SUB_B] [13:52:22] ABTS BELOW-ARM-SKIP (arm preserved) trigger=2.670 arm=3.020 below=11.59% (cap=3.0%)
[MOVE_SUB_B] [13:52:22] ABTS BELOW-ARM-SKIP (arm preserved) trigger=2.670 arm=3.020 below=11.59% (cap=3.0%)
[MOVE_SUB_B] [13:52:22] ABTS BELOW-ARM-SKIP (arm preserved) trigger=2.670 arm=3.020 below=11.59% (cap=3.0%)
[MOVE_SUB_B] [13:52:22] ABTS BELOW-ARM-SKIP (arm preserved) trigger=2.670 arm=3.020 below=11.59% (cap=3.0%)
[MOVE_SUB_B] [13:52:23] ABTS BELOW-ARM-SKIP (arm preserved) trigger=2.670 arm=3.020 below=11.59% (cap=3.0%)
[MOVE_SUB_B] [13:52:23] ABTS BELOW-ARM-SKIP (arm preserved) trigger=2.670 arm=3.020 below=11.59% (cap=3.0%)
[MOVE_SUB_B] [13:52:23] ABTS BELOW-ARM-SKIP (arm preserved) trigger=2.670 arm=3.020 below=11.59% (cap=3.0%)
[MOVE_SUB_B] [13:52:23] ABTS BELOW-ARM-SKIP (arm preserved) trigger=2.670 arm=3.020 below=11.59% (cap=3.0%)
[MOVE_SUB_B] [13:52:23] ABTS BELOW-ARM-SKIP (arm preserved) trigger=2.670 arm=3.020 below=11.59% (cap=3.0%)
[MOVE_SUB_B] [13:52:23] ABTS BELOW-ARM-SKIP (arm preserved) trigger=2.670 arm=3.020 below=11.59% (cap=3.0%)
[MOVE_SUB_B] [13:52:23] ABTS BELOW-ARM-SKIP (arm preserved) trigger=2.670 arm=3.020 below=11.59% (cap=3.0%)
[MOVE_SUB_B] [13:52:23] ABTS BELOW-ARM-SKIP (arm preserved) trigger=2.670 arm=3.020 below=11.59% (cap=3.0%)
[MOVE_SUB_B] [13:52:23] ABTS BELOW-ARM-SKIP (arm preserved) trigger=2.670 arm=3.020 below=11.59% (cap=3.0%)
[MOVE_SUB_B] [13:52:23] ABTS BELOW-ARM-SKIP (arm preserved) trigger=2.670 arm=3.020 below=11.59% (cap=3.0%)
[MOVE_SUB_B] [13:52:23] ABTS BELOW-ARM-SKIP (arm preserved) trigger=2.670 arm=3.020 below=11.59% (cap=3.0%)
[MOVE_SUB_B] [13:52:24] ABTS BELOW-ARM-SKIP (arm preserved) trigger=2.680 arm=3.020 below=11.26% (cap=3.0%)
[MOVE_SUB_B] [13:52:24] ABTS BELOW-ARM-SKIP (arm preserved) trigger=2.680 arm=3.020 below=11.26% (cap=3.0%)
[MOVE_SUB_B] [13:52:24] ABTS BELOW-ARM-SKIP (arm preserved) trigger=2.680 arm=3.020 below=11.26% (cap=3.0%)
[MOVE_SUB_B] [13:52:24] ABTS BELOW-ARM-SKIP (arm preserved) trigger=2.680 arm=3.020 below=11.26% (cap=3.0%)
[MOVE_SUB_B] [13:52:24] ABTS BELOW-ARM-SKIP (arm preserved) trigger=2.680 arm=3.020 below=11.26% (cap=3.0%)
[MOVE_SUB_B] [13:52:24] ABTS BELOW-ARM-SKIP (arm preserved) trigger=2.680 arm=3.020 below=11.26% (cap=3.0%)
[MOVE_SUB_B] [13:52:24] ABTS BELOW-ARM-SKIP (arm preserved) trigger=2.680 arm=3.020 below=11.26% (cap=3.0%)
[MOVE_SUB_B] [13:52:24] ABTS BELOW-ARM-SKIP (arm preserved) trigger=2.680 arm=3.020 below=11.26% (cap=3.0%)
[MOVE_SUB_B] [13:52:24] ABTS BELOW-ARM-SKIP (arm preserved) trigger=2.680 arm=3.020 below=11.26% (cap=3.0%)
[MOVE_SUB_B] [13:52:24] ABTS BELOW-ARM-SKIP (arm preserved) trigger=2.680 arm=3.020 below=11.26% (cap=3.0%)
[MOVE_SUB_B] [13:52:25] ABTS BELOW-ARM-SKIP (arm preserved) trigger=2.680 arm=3.020 below=11.26% (cap=3.0%)
[MOVE_SUB_B] [13:52:25] ABTS BELOW-ARM-SKIP (arm preserved) trigger=2.680 arm=3.020 below=11.26% (cap=3.0%)
[MOVE_SUB_B] [13:52:25] ABTS BELOW-ARM-SKIP (arm preserved) trigger=2.680 arm=3.020 below=11.26% (cap=3.0%)
[MOVE_SUB_B] [13:52:25] ABTS BELOW-ARM-SKIP (arm preserved) trigger=2.680 arm=3.020 below=11.26% (cap=3.0%)
[MOVE_SUB_B] [13:52:25] ABTS BELOW-ARM-SKIP (arm preserved) trigger=2.690 arm=3.020 below=10.93% (cap=3.0%)
[MOVE_SUB_B] [13:52:25] ABTS BELOW-ARM-SKIP (arm preserved) trigger=2.690 arm=3.020 below=10.93% (cap=3.0%)
[MOVE_SUB_B] [13:52:25] ABTS BELOW-ARM-SKIP (arm preserved) trigger=2.690 arm=3.020 below=10.93% (cap=3.0%)
[MOVE_SUB_B] [13:52:25] ABTS BELOW-ARM-SKIP (arm preserved) trigger=2.690 arm=3.020 below=10.93% (cap=3.0%)
[MOVE_SUB_B] [13:52:26] ABTS BELOW-ARM-SKIP (arm preserved) trigger=2.690 arm=3.020 below=10.93% (cap=3.0%)
[MOVE_SUB_B] [13:52:26] ABTS BELOW-ARM-SKIP (arm preserved) trigger=2.690 arm=3.020 below=10.93% (cap=3.0%)
[MOVE_SUB_B] [13:52:26] ABTS BELOW-ARM-SKIP (arm preserved) trigger=2.690 arm=3.020 below=10.93% (cap=3.0%)
[MOVE_SUB_B] [13:52:26] ABTS BELOW-ARM-SKIP (arm preserved) trigger=2.690 arm=3.020 below=10.93% (cap=3.0%)
[MOVE_SUB_B] [13:52:26] ABTS BELOW-ARM-SKIP (arm preserved) trigger=2.690 arm=3.020 below=10.93% (cap=3.0%)
[MOVE_SUB_B] [13:52:27] ABTS BELOW-ARM-SKIP (arm preserved) trigger=2.690 arm=3.020 below=10.93% (cap=3.0%)
[MOVE_SUB_B] [13:52:27] ABTS BELOW-ARM-SKIP (arm preserved) trigger=2.678 arm=3.020 below=11.31% (cap=3.0%)
[MOVE_SUB_B] [13:52:27] ABTS BELOW-ARM-SKIP (arm preserved) trigger=2.680 arm=3.020 below=11.26% (cap=3.0%)
[MOVE_SUB_B] [13:52:27] ABTS BELOW-ARM-SKIP (arm preserved) trigger=2.680 arm=3.020 below=11.26% (cap=3.0%)
[MOVE_SUB_B] [13:52:27] ABTS BELOW-ARM-SKIP (arm preserved) trigger=2.688 arm=3.020 below=10.98% (cap=3.0%)
[MOVE_SUB_B] [13:52:27] ABTS BELOW-ARM-SKIP (arm preserved) trigger=2.688 arm=3.020 below=10.98% (cap=3.0%)
[MOVE_SUB_B] [13:52:27] ABTS BELOW-ARM-SKIP (arm preserved) trigger=2.690 arm=3.020 below=10.93% (cap=3.0%)
[MOVE_SUB_B] [13:52:27] ABTS BELOW-ARM-SKIP (arm preserved) trigger=2.690 arm=3.020 below=10.93% (cap=3.0%)
[MOVE_SUB_B] [13:52:27] ABTS BELOW-ARM-SKIP (arm preserved) trigger=2.690 arm=3.020 below=10.93% (cap=3.0%)
[MOVE_SUB_B] [13:52:27] ABTS BELOW-ARM-SKIP (arm preserved) trigger=2.686 arm=3.020 below=11.05% (cap=3.0%)
[MOVE_SUB_B] [13:52:27] ABTS BELOW-ARM-SKIP (arm preserved) trigger=2.686 arm=3.020 below=11.05% (cap=3.0%)
[MOVE_SUB_B] [13:52:28] ABTS BELOW-ARM-SKIP (arm preserved) trigger=2.690 arm=3.020 below=10.93% (cap=3.0%)
[MOVE_SUB_B] [13:52:28] ABTS BELOW-ARM-SKIP (arm preserved) trigger=2.690 arm=3.020 below=10.93% (cap=3.0%)
[MOVE_SUB_B] [13:52:28] ABTS BELOW-ARM-SKIP (arm preserved) trigger=2.692 arm=3.020 below=10.87% (cap=3.0%)
[MOVE_SUB_B] [13:52:28] ABTS BELOW-ARM-SKIP (arm preserved) trigger=2.692 arm=3.020 below=10.87% (cap=3.0%)
[MOVE_SUB_B] [13:52:28] ABTS BELOW-ARM-SKIP (arm preserved) trigger=2.690 arm=3.020 below=10.93% (cap=3.0%)
[MOVE_SUB_B] [13:52:28] ABTS BELOW-ARM-SKIP (arm preserved) trigger=2.700 arm=3.020 below=10.60% (cap=3.0%)
[MOVE_SUB_B] [13:52:28] ABTS BELOW-ARM-SKIP (arm preserved) trigger=2.700 arm=3.020 below=10.60% (cap=3.0%)
[MOVE_SUB_B] [13:52:28] ABTS BELOW-ARM-SKIP (arm preserved) trigger=2.700 arm=3.020 below=10.60% (cap=3.0%)
[MOVE_SUB_B] [13:52:28] ABTS BELOW-ARM-SKIP (arm preserved) trigger=2.700 arm=3.020 below=10.60% (cap=3.0%)
[MOVE_SUB_B] [13:52:28] ABTS BELOW-ARM-SKIP (arm preserved) trigger=2.700 arm=3.020 below=10.60% (cap=3.0%)
[MOVE_SUB_B] [13:52:28] ABTS BELOW-ARM-SKIP (arm preserved) trigger=2.690 arm=3.020 below=10.93% (cap=3.0%)
[MOVE_SUB_B] [13:52:28] ABTS BELOW-ARM-SKIP (arm preserved) trigger=2.690 arm=3.020 below=10.93% (cap=3.0%)
[MOVE_SUB_B] [13:52:28] ABTS BELOW-ARM-SKIP (arm preserved) trigger=2.690 arm=3.020 below=10.93% (cap=3.0%)
[MOVE_SUB_B] [13:52:28] ABTS BELOW-ARM-SKIP (arm preserved) trigger=2.700 arm=3.020 below=10.60% (cap=3.0%)
[MOVE_SUB_B] [13:52:29] ABTS BELOW-ARM-SKIP (arm preserved) trigger=2.700 arm=3.020 below=10.60% (cap=3.0%)
[MOVE_SUB_B] [13:52:29] ABTS BELOW-ARM-SKIP (arm preserved) trigger=2.700 arm=3.020 below=10.60% (cap=3.0%)
[MOVE_SUB_B] [13:52:29] ABTS BELOW-ARM-SKIP (arm preserved) trigger=2.700 arm=3.020 below=10.60% (cap=3.0%)
[MOVE_SUB_B] [13:52:29] ABTS BELOW-ARM-SKIP (arm preserved) trigger=2.700 arm=3.020 below=10.60% (cap=3.0%)
[MOVE_SUB_B] [13:52:29] ABTS BELOW-ARM-SKIP (arm preserved) trigger=2.700 arm=3.020 below=10.60% (cap=3.0%)
[MOVE_SUB_B] [13:52:29] ABTS BELOW-ARM-SKIP (arm preserved) trigger=2.700 arm=3.020 below=10.60% (cap=3.0%)
[MOVE_SUB_B] [13:52:29] ABTS BELOW-ARM-SKIP (arm preserved) trigger=2.700 arm=3.020 below=10.60% (cap=3.0%)
[MOVE_SUB_B] [13:52:29] ABTS BELOW-ARM-SKIP (arm preserved) trigger=2.700 arm=3.020 below=10.60% (cap=3.0%)
[MOVE_SUB_B] [13:52:29] ABTS BELOW-ARM-SKIP (arm preserved) trigger=2.700 arm=3.020 below=10.60% (cap=3.0%)
[MOVE_SUB_B] [13:52:29] ABTS BELOW-ARM-SKIP (arm preserved) trigger=2.690 arm=3.020 below=10.92% (cap=3.0%)
[MOVE_SUB_B] [13:52:30] ABTS BELOW-ARM-SKIP (arm preserved) trigger=2.690 arm=3.020 below=10.93% (cap=3.0%)
[MOVE_SUB_B] [13:52:30] ABTS BELOW-ARM-SKIP (arm preserved) trigger=2.690 arm=3.020 below=10.93% (cap=3.0%)
[MOVE_SUB_B] [13:52:30] ABTS BELOW-ARM-SKIP (arm preserved) trigger=2.700 arm=3.020 below=10.60% (cap=3.0%)
[MOVE_SUB_B] [13:52:30] ABTS BELOW-ARM-SKIP (arm preserved) trigger=2.700 arm=3.020 below=10.60% (cap=3.0%)
[MOVE_SUB_B] [13:52:30] ABTS BELOW-ARM-SKIP (arm preserved) trigger=2.700 arm=3.020 below=10.60% (cap=3.0%)
[MOVE_SUB_B] [13:52:30] ABTS BELOW-ARM-SKIP (arm preserved) trigger=2.700 arm=3.020 below=10.60% (cap=3.0%)
[MOVE_SUB_B] [13:52:30] ABTS BELOW-ARM-SKIP (arm preserved) trigger=2.700 arm=3.020 below=10.60% (cap=3.0%)
[MOVE_SUB_B] [13:52:30] ABTS BELOW-ARM-SKIP (arm preserved) trigger=2.700 arm=3.020 below=10.60% (cap=3.0%)
[MOVE_SUB_B] [13:52:30] ABTS BELOW-ARM-SKIP (arm preserved) trigger=2.700 arm=3.020 below=10.60% (cap=3.0%)
[MOVE_SUB_B] [13:52:30] ABTS BELOW-ARM-SKIP (arm preserved) trigger=2.700 arm=3.020 below=10.60% (cap=3.0%)
[MOVE_SUB_B] [13:52:30] ABTS BELOW-ARM-SKIP (arm preserved) trigger=2.690 arm=3.020 below=10.93% (cap=3.0%)
[MOVE_SUB_B] [13:52:30] ABTS BELOW-ARM-SKIP (arm preserved) trigger=2.690 arm=3.020 below=10.93% (cap=3.0%)
[MOVE_SUB_B] [13:52:30] ABTS BELOW-ARM-SKIP (arm preserved) trigger=2.690 arm=3.020 below=10.93% (cap=3.0%)
[MOVE_SUB_B] [13:52:31] ABTS BELOW-ARM-SKIP (arm preserved) trigger=2.690 arm=3.020 below=10.93% (cap=3.0%)
[MOVE_SUB_B] [13:52:31] ABTS BELOW-ARM-SKIP (arm preserved) trigger=2.690 arm=3.020 below=10.93% (cap=3.0%)
[MOVE_SUB_B] [13:52:31] ABTS BELOW-ARM-SKIP (arm preserved) trigger=2.690 arm=3.020 below=10.94% (cap=3.0%)
[MOVE_SUB_B] [13:52:31] ABTS BELOW-ARM-SKIP (arm preserved) trigger=2.690 arm=3.020 below=10.93% (cap=3.0%)
[MOVE_SUB_B] [13:52:31] ABTS BELOW-ARM-SKIP (arm preserved) trigger=2.690 arm=3.020 below=10.93% (cap=3.0%)
[MOVE_SUB_B] [13:52:31] ABTS BELOW-ARM-SKIP (arm preserved) trigger=2.690 arm=3.020 below=10.93% (cap=3.0%)
[MOVE_SUB_B] [13:52:31] ABTS BELOW-ARM-SKIP (arm preserved) trigger=2.680 arm=3.020 below=11.26% (cap=3.0%)
[MOVE_SUB_B] [13:52:31] ABTS BELOW-ARM-SKIP (arm preserved) trigger=2.680 arm=3.020 below=11.26% (cap=3.0%)
[MOVE_SUB_B] [13:52:31] ABTS BELOW-ARM-SKIP (arm preserved) trigger=2.690 arm=3.020 below=10.93% (cap=3.0%)
[MOVE_SUB_B] [13:52:31] ABTS BELOW-ARM-SKIP (arm preserved) trigger=2.690 arm=3.020 below=10.94% (cap=3.0%)
[MOVE_SUB_B] [13:52:31] ABTS BELOW-ARM-SKIP (arm preserved) trigger=2.690 arm=3.020 below=10.94% (cap=3.0%)
[MOVE_SUB_B] [13:52:32] ABTS BELOW-ARM-SKIP (arm preserved) trigger=2.690 arm=3.020 below=10.93% (cap=3.0%)
[MOVE_SUB_B] [13:52:32] ABTS BELOW-ARM-SKIP (arm preserved) trigger=2.690 arm=3.020 below=10.93% (cap=3.0%)
[MOVE_SUB_B] [13:52:32] ABTS BELOW-ARM-SKIP (arm preserved) trigger=2.690 arm=3.020 below=10.93% (cap=3.0%)
[MOVE_SUB_B] [13:52:32] ABTS BELOW-ARM-SKIP (arm preserved) trigger=2.690 arm=3.020 below=10.93% (cap=3.0%)
[MOVE_SUB_B] [13:52:32] ABTS BELOW-ARM-SKIP (arm preserved) trigger=2.700 arm=3.020 below=10.60% (cap=3.0%)
[MOVE_SUB_B] [13:52:32] ABTS BELOW-ARM-SKIP (arm preserved) trigger=2.700 arm=3.020 below=10.60% (cap=3.0%)
[MOVE_SUB_B] [13:52:32] ABTS BELOW-ARM-SKIP (arm preserved) trigger=2.700 arm=3.020 below=10.60% (cap=3.0%)
[MOVE_SUB_B] [13:52:32] ABTS BELOW-ARM-SKIP (arm preserved) trigger=2.700 arm=3.020 below=10.60% (cap=3.0%)
[MOVE_SUB_B] [13:52:32] ABTS BELOW-ARM-SKIP (arm preserved) trigger=2.690 arm=3.020 below=10.93% (cap=3.0%)
[MOVE_SUB_B] [13:52:32] ABTS BELOW-ARM-SKIP (arm preserved) trigger=2.690 arm=3.020 below=10.93% (cap=3.0%)
[MOVE_SUB_B] [13:52:32] ABTS BELOW-ARM-SKIP (arm preserved) trigger=2.690 arm=3.020 below=10.92% (cap=3.0%)
[MOVE_SUB_B] [13:52:32] ABTS BELOW-ARM-SKIP (arm preserved) trigger=2.700 arm=3.020 below=10.60% (cap=3.0%)
[MOVE_SUB_B] [13:52:32] ABTS BELOW-ARM-SKIP (arm preserved) trigger=2.700 arm=3.020 below=10.60% (cap=3.0%)
[MOVE_SUB_B] [13:52:32] ABTS BELOW-ARM-SKIP (arm preserved) trigger=2.700 arm=3.020 below=10.60% (cap=3.0%)
[MOVE_SUB_B] [13:52:33] ABTS BELOW-ARM-SKIP (arm preserved) trigger=2.700 arm=3.020 below=10.60% (cap=3.0%)
[MOVE_SUB_B] [13:52:33] ABTS BELOW-ARM-SKIP (arm preserved) trigger=2.700 arm=3.020 below=10.60% (cap=3.0%)
[MOVE_SUB_B] [13:52:33] ABTS BELOW-ARM-SKIP (arm preserved) trigger=2.700 arm=3.020 below=10.60% (cap=3.0%)
[MOVE_SUB_B] [13:52:33] ABTS BELOW-ARM-SKIP (arm preserved) trigger=2.700 arm=3.020 below=10.60% (cap=3.0%)
[MOVE_SUB_B] [13:52:33] ABTS BELOW-ARM-SKIP (arm preserved) trigger=2.700 arm=3.020 below=10.60% (cap=3.0%)
[MOVE_SUB_B] [13:52:33] ABTS BELOW-ARM-SKIP (arm preserved) trigger=2.700 arm=3.020 below=10.60% (cap=3.0%)
[MOVE_SUB_B] [13:52:33] ABTS BELOW-ARM-SKIP (arm preserved) trigger=2.700 arm=3.020 below=10.60% (cap=3.0%)
[MOVE_SUB_B] [13:52:34] ABTS BELOW-ARM-SKIP (arm preserved) trigger=2.700 arm=3.020 below=10.60% (cap=3.0%)
[MOVE_SUB_B] [13:52:34] ABTS BELOW-ARM-SKIP (arm preserved) trigger=2.700 arm=3.020 below=10.60% (cap=3.0%)
[MOVE_SUB_B] [13:52:34] ABTS BELOW-ARM-SKIP (arm preserved) trigger=2.700 arm=3.020 below=10.60% (cap=3.0%)
[MOVE_SUB_B] [13:52:34] ABTS BELOW-ARM-SKIP (arm preserved) trigger=2.700 arm=3.020 below=10.60% (cap=3.0%)
[MOVE_SUB_B] [13:52:34] ABTS BELOW-ARM-SKIP (arm preserved) trigger=2.700 arm=3.020 below=10.60% (cap=3.0%)
[MOVE_SUB_B] [13:52:34] ABTS BELOW-ARM-SKIP (arm preserved) trigger=2.700 arm=3.020 below=10.60% (cap=3.0%)
[MOVE_SUB_B] [13:52:34] ABTS BELOW-ARM-SKIP (arm preserved) trigger=2.700 arm=3.020 below=10.60% (cap=3.0%)
[MOVE_SUB_B] [13:52:34] ABTS BELOW-ARM-SKIP (arm preserved) trigger=2.700 arm=3.020 below=10.60% (cap=3.0%)
[MOVE_SUB_B] [13:52:34] ABTS BELOW-ARM-SKIP (arm preserved) trigger=2.700 arm=3.020 below=10.60% (cap=3.0%)
[MOVE_SUB_B] [13:52:34] ABTS BELOW-ARM-SKIP (arm preserved) trigger=2.710 arm=3.020 below=10.27% (cap=3.0%)
[MOVE_SUB_B] [13:52:35] ABTS BELOW-ARM-SKIP (arm preserved) trigger=2.710 arm=3.020 below=10.26% (cap=3.0%)
[MOVE_SUB_B] [13:52:35] ABTS BELOW-ARM-SKIP (arm preserved) trigger=2.720 arm=3.020 below=9.93% (cap=3.0%)
[MOVE_SUB_B] [13:52:35] ABTS BELOW-ARM-SKIP (arm preserved) trigger=2.720 arm=3.020 below=9.93% (cap=3.0%)
[MOVE_SUB_B] [13:52:35] ABTS BELOW-ARM-SKIP (arm preserved) trigger=2.720 arm=3.020 below=9.93% (cap=3.0%)
[MOVE_SUB_B] [13:52:35] ABTS BELOW-ARM-SKIP (arm preserved) trigger=2.720 arm=3.020 below=9.93% (cap=3.0%)
[MOVE_SUB_B] [13:52:35] ABTS BELOW-ARM-SKIP (arm preserved) trigger=2.720 arm=3.020 below=9.93% (cap=3.0%)
[MOVE_SUB_B] [13:52:35] ABTS BELOW-ARM-SKIP (arm preserved) trigger=2.720 arm=3.020 below=9.93% (cap=3.0%)
[MOVE_SUB_B] [13:52:35] ABTS BELOW-ARM-SKIP (arm preserved) trigger=2.720 arm=3.020 below=9.93% (cap=3.0%)
[MOVE_SUB_B] [13:52:35] ABTS BELOW-ARM-SKIP (arm preserved) trigger=2.720 arm=3.020 below=9.94% (cap=3.0%)
[MOVE_SUB_B] [13:52:35] ABTS BELOW-ARM-SKIP (arm preserved) trigger=2.720 arm=3.020 below=9.94% (cap=3.0%)
[MOVE_SUB_B] [13:52:35] ABTS BELOW-ARM-SKIP (arm preserved) trigger=2.720 arm=3.020 below=9.94% (cap=3.0%)
[MOVE_SUB_B] [13:52:35] ABTS BELOW-ARM-SKIP (arm preserved) trigger=2.710 arm=3.020 below=10.26% (cap=3.0%)
[MOVE_SUB_B] [13:52:35] ABTS BELOW-ARM-SKIP (arm preserved) trigger=2.710 arm=3.020 below=10.26% (cap=3.0%)
[MOVE_SUB_B] [13:52:36] ABTS BELOW-ARM-SKIP (arm preserved) trigger=2.720 arm=3.020 below=9.93% (cap=3.0%)
[MOVE_SUB_B] [13:52:36] ABTS BELOW-ARM-SKIP (arm preserved) trigger=2.720 arm=3.020 below=9.93% (cap=3.0%)
[MOVE_SUB_B] [13:52:36] ABTS BELOW-ARM-SKIP (arm preserved) trigger=2.720 arm=3.020 below=9.93% (cap=3.0%)
[MOVE_SUB_B] [13:52:36] ABTS BELOW-ARM-SKIP (arm preserved) trigger=2.720 arm=3.020 below=9.93% (cap=3.0%)
[MOVE_SUB_B] [13:52:36] ABTS BELOW-ARM-SKIP (arm preserved) trigger=2.720 arm=3.020 below=9.93% (cap=3.0%)
[MOVE_SUB_B] [13:52:36] ABTS BELOW-ARM-SKIP (arm preserved) trigger=2.720 arm=3.020 below=9.93% (cap=3.0%)
[MOVE_SUB_B] [13:52:36] ABTS BELOW-ARM-SKIP (arm preserved) trigger=2.720 arm=3.020 below=9.94% (cap=3.0%)
[MOVE_SUB_B] [13:52:36] ABTS BELOW-ARM-SKIP (arm preserved) trigger=2.720 arm=3.020 below=9.93% (cap=3.0%)
[MOVE_SUB_B] [13:52:36] ABTS BELOW-ARM-SKIP (arm preserved) trigger=2.730 arm=3.020 below=9.60% (cap=3.0%)
[MOVE_SUB_B] [13:52:36] ABTS BELOW-ARM-SKIP (arm preserved) trigger=2.730 arm=3.020 below=9.60% (cap=3.0%)
[MOVE_SUB_B] [13:52:36] ABTS BELOW-ARM-SKIP (arm preserved) trigger=2.730 arm=3.020 below=9.60% (cap=3.0%)
[MOVE_SUB_B] [13:52:36] ABTS BELOW-ARM-SKIP (arm preserved) trigger=2.730 arm=3.020 below=9.60% (cap=3.0%)
[MOVE_SUB_B] [13:52:36] ABTS BELOW-ARM-SKIP (arm preserved) trigger=2.730 arm=3.020 below=9.60% (cap=3.0%)
[MOVE_SUB_B] [13:52:37] ABTS BELOW-ARM-SKIP (arm preserved) trigger=2.730 arm=3.020 below=9.60% (cap=3.0%)
[MOVE_SUB_B] [13:52:37] ABTS BELOW-ARM-SKIP (arm preserved) trigger=2.730 arm=3.020 below=9.61% (cap=3.0%)
[MOVE_SUB_B] [13:52:37] ABTS BELOW-ARM-SKIP (arm preserved) trigger=2.730 arm=3.020 below=9.61% (cap=3.0%)
[MOVE_SUB_B] [13:52:37] ABTS BELOW-ARM-SKIP (arm preserved) trigger=2.720 arm=3.020 below=9.93% (cap=3.0%)
[MOVE_SUB_B] [13:52:37] ABTS BELOW-ARM-SKIP (arm preserved) trigger=2.720 arm=3.020 below=9.93% (cap=3.0%)
[MOVE_SUB_B] [13:52:37] ABTS BELOW-ARM-SKIP (arm preserved) trigger=2.730 arm=3.020 below=9.60% (cap=3.0%)
[MOVE_SUB_B] [13:52:37] ABTS BELOW-ARM-SKIP (arm preserved) trigger=2.730 arm=3.020 below=9.60% (cap=3.0%)
[MOVE_SUB_B] [13:52:37] ABTS BELOW-ARM-SKIP (arm preserved) trigger=2.740 arm=3.020 below=9.27% (cap=3.0%)
[MOVE_SUB_B] [13:52:37] ABTS BELOW-ARM-SKIP (arm preserved) trigger=2.740 arm=3.020 below=9.27% (cap=3.0%)
[MOVE_SUB_B] [13:52:37] ABTS BELOW-ARM-SKIP (arm preserved) trigger=2.730 arm=3.020 below=9.60% (cap=3.0%)
[MOVE_SUB_B] [13:52:37] ABTS BELOW-ARM-SKIP (arm preserved) trigger=2.725 arm=3.020 below=9.77% (cap=3.0%)
[MOVE_SUB_B] [13:52:37] ABTS BELOW-ARM-SKIP (arm preserved) trigger=2.725 arm=3.020 below=9.77% (cap=3.0%)
[MOVE_SUB_B] [13:52:38] ABTS BELOW-ARM-SKIP (arm preserved) trigger=2.730 arm=3.020 below=9.60% (cap=3.0%)
[MOVE_SUB_B] [13:52:38] ABTS BELOW-ARM-SKIP (arm preserved) trigger=2.730 arm=3.020 below=9.60% (cap=3.0%)
[MOVE_SUB_B] [13:52:38] ABTS BELOW-ARM-SKIP (arm preserved) trigger=2.730 arm=3.020 below=9.60% (cap=3.0%)
[MOVE_SUB_B] [13:52:38] ABTS BELOW-ARM-SKIP (arm preserved) trigger=2.730 arm=3.020 below=9.60% (cap=3.0%)
[MOVE_SUB_B] [13:52:38] ABTS BELOW-ARM-SKIP (arm preserved) trigger=2.750 arm=3.020 below=8.94% (cap=3.0%)
[MOVE_SUB_B] [13:52:38] ABTS BELOW-ARM-SKIP (arm preserved) trigger=2.740 arm=3.020 below=9.27% (cap=3.0%)
[MOVE_SUB_B] [13:52:39] ABTS BELOW-ARM-SKIP (arm preserved) trigger=2.740 arm=3.020 below=9.27% (cap=3.0%)
[MOVE_SUB_B] [13:52:39] ABTS BELOW-ARM-SKIP (arm preserved) trigger=2.740 arm=3.020 below=9.27% (cap=3.0%)
[MOVE_SUB_B] [13:52:39] ABTS BELOW-ARM-SKIP (arm preserved) trigger=2.730 arm=3.020 below=9.60% (cap=3.0%)
[MOVE_SUB_B] [13:52:39] ABTS BELOW-ARM-SKIP (arm preserved) trigger=2.730 arm=3.020 below=9.60% (cap=3.0%)
[MOVE_SUB_B] [13:52:39] ABTS BELOW-ARM-SKIP (arm preserved) trigger=2.730 arm=3.020 below=9.60% (cap=3.0%)
[MOVE_SUB_B] [13:52:39] ABTS BELOW-ARM-SKIP (arm preserved) trigger=2.740 arm=3.020 below=9.27% (cap=3.0%)
[MOVE_SUB_B] [13:52:39] ABTS BELOW-ARM-SKIP (arm preserved) trigger=2.740 arm=3.020 below=9.27% (cap=3.0%)
[MOVE_SUB_B] [13:52:39] ABTS BELOW-ARM-SKIP (arm preserved) trigger=2.740 arm=3.020 below=9.27% (cap=3.0%)
[MOVE_SUB_B] [13:52:39] ABTS BELOW-ARM-SKIP (arm preserved) trigger=2.740 arm=3.020 below=9.27% (cap=3.0%)
[MOVE_SUB_B] [13:52:40] ABTS BELOW-ARM-SKIP (arm preserved) trigger=2.740 arm=3.020 below=9.27% (cap=3.0%)
[MOVE_SUB_B] [13:52:40] ABTS BELOW-ARM-SKIP (arm preserved) trigger=2.740 arm=3.020 below=9.27% (cap=3.0%)
[MOVE_SUB_B] [13:52:40] ABTS BELOW-ARM-SKIP (arm preserved) trigger=2.740 arm=3.020 below=9.27% (cap=3.0%)
[MOVE_SUB_B] [13:52:40] ABTS BELOW-ARM-SKIP (arm preserved) trigger=2.740 arm=3.020 below=9.27% (cap=3.0%)
[MOVE_SUB_B] [13:52:40] ABTS BELOW-ARM-SKIP (arm preserved) trigger=2.740 arm=3.020 below=9.27% (cap=3.0%)
[MOVE_SUB_B] [13:52:40] ABTS BELOW-ARM-SKIP (arm preserved) trigger=2.739 arm=3.020 below=9.30% (cap=3.0%)
[MOVE_SUB_B] [13:52:40] ABTS BELOW-ARM-SKIP (arm preserved) trigger=2.739 arm=3.020 below=9.30% (cap=3.0%)
[MOVE_SUB_B] [13:52:40] ABTS BELOW-ARM-SKIP (arm preserved) trigger=2.730 arm=3.020 below=9.60% (cap=3.0%)
[MOVE_SUB_B] [13:52:40] ABTS BELOW-ARM-SKIP (arm preserved) trigger=2.730 arm=3.020 below=9.61% (cap=3.0%)
[MOVE_SUB_B] [13:52:40] ABTS BELOW-ARM-SKIP (arm preserved) trigger=2.730 arm=3.020 below=9.61% (cap=3.0%)
[MOVE_SUB_B] [13:52:41] ABTS BELOW-ARM-SKIP (arm preserved) trigger=2.730 arm=3.020 below=9.60% (cap=3.0%)
[MOVE_SUB_B] [13:52:41] ABTS BELOW-ARM-SKIP (arm preserved) trigger=2.730 arm=3.020 below=9.60% (cap=3.0%)
[MOVE_SUB_B] [13:52:41] ABTS BELOW-ARM-SKIP (arm preserved) trigger=2.730 arm=3.020 below=9.60% (cap=3.0%)
[MOVE_SUB_B] [13:52:41] ABTS BELOW-ARM-SKIP (arm preserved) trigger=2.730 arm=3.020 below=9.60% (cap=3.0%)
[MOVE_SUB_B] [13:52:41] ABTS BELOW-ARM-SKIP (arm preserved) trigger=2.730 arm=3.020 below=9.60% (cap=3.0%)
[MOVE_SUB_B] [13:52:41] ABTS BELOW-ARM-SKIP (arm preserved) trigger=2.730 arm=3.020 below=9.60% (cap=3.0%)
[MOVE_SUB_B] [13:52:41] ABTS BELOW-ARM-SKIP (arm preserved) trigger=2.730 arm=3.020 below=9.60% (cap=3.0%)
[MOVE_SUB_B] [13:52:41] ABTS BELOW-ARM-SKIP (arm preserved) trigger=2.730 arm=3.020 below=9.60% (cap=3.0%)
[MOVE_SUB_B] [13:52:41] ABTS BELOW-ARM-SKIP (arm preserved) trigger=2.730 arm=3.020 below=9.60% (cap=3.0%)
[MOVE_SUB_B] [13:52:42] ABTS BELOW-ARM-SKIP (arm preserved) trigger=2.730 arm=3.020 below=9.60% (cap=3.0%)
[MOVE_SUB_B] [13:52:42] ABTS BELOW-ARM-SKIP (arm preserved) trigger=2.730 arm=3.020 below=9.60% (cap=3.0%)
[MOVE_SUB_B] [13:52:42] ABTS BELOW-ARM-SKIP (arm preserved) trigger=2.740 arm=3.020 below=9.27% (cap=3.0%)
[MOVE_SUB_B] [13:52:42] ABTS BELOW-ARM-SKIP (arm preserved) trigger=2.740 arm=3.020 below=9.27% (cap=3.0%)
[MOVE_SUB_B] [13:52:42] ABTS BELOW-ARM-SKIP (arm preserved) trigger=2.740 arm=3.020 below=9.27% (cap=3.0%)
[MOVE_SUB_B] [13:52:42] ABTS BELOW-ARM-SKIP (arm preserved) trigger=2.740 arm=3.020 below=9.27% (cap=3.0%)
[MOVE_SUB_B] [13:52:42] ABTS BELOW-ARM-SKIP (arm preserved) trigger=2.740 arm=3.020 below=9.27% (cap=3.0%)
[MOVE_SUB_B] [13:52:42] ABTS BELOW-ARM-SKIP (arm preserved) trigger=2.740 arm=3.020 below=9.27% (cap=3.0%)
[MOVE_SUB_B] [13:52:42] ABTS BELOW-ARM-SKIP (arm preserved) trigger=2.740 arm=3.020 below=9.27% (cap=3.0%)
[MOVE_SUB_B] [13:52:42] ABTS BELOW-ARM-SKIP (arm preserved) trigger=2.735 arm=3.020 below=9.43% (cap=3.0%)
[MOVE_SUB_B] [13:52:42] ABTS BELOW-ARM-SKIP (arm preserved) trigger=2.735 arm=3.020 below=9.43% (cap=3.0%)
[MOVE_SUB_B] [13:52:42] ABTS BELOW-ARM-SKIP (arm preserved) trigger=2.740 arm=3.020 below=9.27% (cap=3.0%)
[MOVE_SUB_B] [13:52:42] ABTS BELOW-ARM-SKIP (arm preserved) trigger=2.740 arm=3.020 below=9.27% (cap=3.0%)
[MOVE_SUB_B] [13:52:42] ABTS BELOW-ARM-SKIP (arm preserved) trigger=2.740 arm=3.020 below=9.27% (cap=3.0%)
[MOVE_SUB_B] [13:52:42] ABTS BELOW-ARM-SKIP (arm preserved) trigger=2.740 arm=3.020 below=9.27% (cap=3.0%)
[MOVE_SUB_B] [13:52:43] ABTS BELOW-ARM-SKIP (arm preserved) trigger=2.740 arm=3.020 below=9.27% (cap=3.0%)
[MOVE_SUB_B] [13:52:43] ABTS BELOW-ARM-SKIP (arm preserved) trigger=2.750 arm=3.020 below=8.94% (cap=3.0%)
[MOVE_SUB_B] [13:52:43] ABTS BELOW-ARM-SKIP (arm preserved) trigger=2.740 arm=3.020 below=9.27% (cap=3.0%)
[MOVE_SUB_B] [13:52:43] ABTS BELOW-ARM-SKIP (arm preserved) trigger=2.740 arm=3.020 below=9.27% (cap=3.0%)
[MOVE_SUB_B] [13:52:43] ABTS BELOW-ARM-SKIP (arm preserved) trigger=2.750 arm=3.020 below=8.94% (cap=3.0%)
[MOVE_SUB_B] [13:52:43] ABTS BELOW-ARM-SKIP (arm preserved) trigger=2.750 arm=3.020 below=8.94% (cap=3.0%)
[MOVE_SUB_B] [13:52:43] ABTS BELOW-ARM-SKIP (arm preserved) trigger=2.750 arm=3.020 below=8.94% (cap=3.0%)
[MOVE_SUB_B] [13:52:43] ABTS BELOW-ARM-SKIP (arm preserved) trigger=2.760 arm=3.020 below=8.61% (cap=3.0%)
[MOVE_SUB_B] [13:52:43] ABTS BELOW-ARM-SKIP (arm preserved) trigger=2.760 arm=3.020 below=8.61% (cap=3.0%)
[MOVE_SUB_B] [13:52:43] ABTS BELOW-ARM-SKIP (arm preserved) trigger=2.760 arm=3.020 below=8.61% (cap=3.0%)
[MOVE_SUB_B] [13:52:43] ABTS BELOW-ARM-SKIP (arm preserved) trigger=2.760 arm=3.020 below=8.61% (cap=3.0%)
[MOVE_SUB_B] [13:52:44] ABTS BELOW-ARM-SKIP (arm preserved) trigger=2.750 arm=3.020 below=8.94% (cap=3.0%)
[MOVE_SUB_B] [13:52:44] ABTS BELOW-ARM-SKIP (arm preserved) trigger=2.743 arm=3.020 below=9.16% (cap=3.0%)
[MOVE_SUB_B] [13:52:44] ABTS BELOW-ARM-SKIP (arm preserved) trigger=2.743 arm=3.020 below=9.16% (cap=3.0%)
[MOVE_SUB_B] [13:52:44] ABTS BELOW-ARM-SKIP (arm preserved) trigger=2.750 arm=3.020 below=8.94% (cap=3.0%)
[MOVE_SUB_B] [13:52:44] ABTS BELOW-ARM-SKIP (arm preserved) trigger=2.750 arm=3.020 below=8.94% (cap=3.0%)
[MOVE_SUB_B] [13:52:44] ABTS BELOW-ARM-SKIP (arm preserved) trigger=2.750 arm=3.020 below=8.94% (cap=3.0%)
[MOVE_SUB_B] [13:52:44] ABTS BELOW-ARM-SKIP (arm preserved) trigger=2.750 arm=3.020 below=8.94% (cap=3.0%)
[MOVE_SUB_B] [13:52:44] ABTS BELOW-ARM-SKIP (arm preserved) trigger=2.760 arm=3.020 below=8.61% (cap=3.0%)
[MOVE_SUB_B] [13:52:44] ABTS BELOW-ARM-SKIP (arm preserved) trigger=2.760 arm=3.020 below=8.61% (cap=3.0%)
[MOVE_SUB_B] [13:52:44] ABTS BELOW-ARM-SKIP (arm preserved) trigger=2.760 arm=3.020 below=8.61% (cap=3.0%)
[MOVE_SUB_B] [13:52:44] ABTS BELOW-ARM-SKIP (arm preserved) trigger=2.760 arm=3.020 below=8.61% (cap=3.0%)
[MOVE_SUB_B] [13:52:44] ABTS BELOW-ARM-SKIP (arm preserved) trigger=2.760 arm=3.020 below=8.61% (cap=3.0%)
[MOVE_SUB_B] [13:52:44] ABTS BELOW-ARM-SKIP (arm preserved) trigger=2.760 arm=3.020 below=8.61% (cap=3.0%)
[MOVE_SUB_B] [13:52:45] ABTS BELOW-ARM-SKIP (arm preserved) trigger=2.750 arm=3.020 below=8.94% (cap=3.0%)
[MOVE_SUB_B] [13:52:45] ABTS BELOW-ARM-SKIP (arm preserved) trigger=2.750 arm=3.020 below=8.94% (cap=3.0%)
[MOVE_SUB_B] [13:52:45] ABTS BELOW-ARM-SKIP (arm preserved) trigger=2.770 arm=3.020 below=8.28% (cap=3.0%)
[MOVE_SUB_B] [13:52:45] ABTS BELOW-ARM-SKIP (arm preserved) trigger=2.770 arm=3.020 below=8.28% (cap=3.0%)
[MOVE_SUB_B] [13:52:45] ABTS BELOW-ARM-SKIP (arm preserved) trigger=2.770 arm=3.020 below=8.28% (cap=3.0%)
[MOVE_SUB_B] [13:52:45] ABTS BELOW-ARM-SKIP (arm preserved) trigger=2.770 arm=3.020 below=8.28% (cap=3.0%)
[MOVE_SUB_B] [13:52:45] ABTS BELOW-ARM-SKIP (arm preserved) trigger=2.760 arm=3.020 below=8.61% (cap=3.0%)
[MOVE_SUB_B] [13:52:45] ABTS BELOW-ARM-SKIP (arm preserved) trigger=2.760 arm=3.020 below=8.61% (cap=3.0%)
[MOVE_SUB_B] [13:52:46] ABTS BELOW-ARM-SKIP (arm preserved) trigger=2.770 arm=3.020 below=8.28% (cap=3.0%)
[MOVE_SUB_B] [13:52:46] ABTS BELOW-ARM-SKIP (arm preserved) trigger=2.765 arm=3.020 below=8.44% (cap=3.0%)
[MOVE_SUB_B] [13:52:46] ABTS BELOW-ARM-SKIP (arm preserved) trigger=2.770 arm=3.020 below=8.28% (cap=3.0%)
[MOVE_SUB_B] [13:52:46] ABTS BELOW-ARM-SKIP (arm preserved) trigger=2.770 arm=3.020 below=8.28% (cap=3.0%)
[MOVE_SUB_B] [13:52:46] ABTS BELOW-ARM-SKIP (arm preserved) trigger=2.770 arm=3.020 below=8.28% (cap=3.0%)
[MOVE_SUB_B] [13:52:46] ABTS BELOW-ARM-SKIP (arm preserved) trigger=2.770 arm=3.020 below=8.28% (cap=3.0%)
[MOVE_SUB_B] [13:52:46] ABTS BELOW-ARM-SKIP (arm preserved) trigger=2.765 arm=3.020 below=8.44% (cap=3.0%)
[MOVE_SUB_B] [13:52:46] ABTS BELOW-ARM-SKIP (arm preserved) trigger=2.765 arm=3.020 below=8.44% (cap=3.0%)
[MOVE_SUB_B] [13:52:47] ABTS BELOW-ARM-SKIP (arm preserved) trigger=2.770 arm=3.020 below=8.28% (cap=3.0%)
[MOVE_SUB_B] [13:52:47] ABTS BELOW-ARM-SKIP (arm preserved) trigger=2.760 arm=3.020 below=8.61% (cap=3.0%)
[MOVE_SUB_B] [13:52:47] ABTS BELOW-ARM-SKIP (arm preserved) trigger=2.760 arm=3.020 below=8.61% (cap=3.0%)
[MOVE_SUB_B] [13:52:47] ABTS BELOW-ARM-SKIP (arm preserved) trigger=2.760 arm=3.020 below=8.61% (cap=3.0%)
[MOVE_SUB_B] [13:52:47] ABTS BELOW-ARM-SKIP (arm preserved) trigger=2.760 arm=3.020 below=8.61% (cap=3.0%)
[MOVE_SUB_B] [13:52:47] ABTS BELOW-ARM-SKIP (arm preserved) trigger=2.770 arm=3.020 below=8.28% (cap=3.0%)
[MOVE_SUB_B] [13:52:47] ABTS BELOW-ARM-SKIP (arm preserved) trigger=2.768 arm=3.020 below=8.34% (cap=3.0%)
[MOVE_SUB_B] [13:52:47] ABTS BELOW-ARM-SKIP (arm preserved) trigger=2.760 arm=3.020 below=8.61% (cap=3.0%)
[MOVE_SUB_B] [13:52:47] ABTS BELOW-ARM-SKIP (arm preserved) trigger=2.760 arm=3.020 below=8.61% (cap=3.0%)
[MOVE_SUB_B] [13:52:47] ABTS BELOW-ARM-SKIP (arm preserved) trigger=2.760 arm=3.020 below=8.61% (cap=3.0%)
[MOVE_SUB_B] [13:52:48] ABTS BELOW-ARM-SKIP (arm preserved) trigger=2.770 arm=3.020 below=8.28% (cap=3.0%)
[MOVE_SUB_B] [13:52:48] ABTS BELOW-ARM-SKIP (arm preserved) trigger=2.770 arm=3.020 below=8.28% (cap=3.0%)
[MOVE_SUB_B] [13:52:48] ABTS BELOW-ARM-SKIP (arm preserved) trigger=2.770 arm=3.020 below=8.28% (cap=3.0%)
[MOVE_SUB_B] [13:52:48] ABTS BELOW-ARM-SKIP (arm preserved) trigger=2.770 arm=3.020 below=8.28% (cap=3.0%)
[MOVE_SUB_B] [13:52:48] ABTS BELOW-ARM-SKIP (arm preserved) trigger=2.760 arm=3.020 below=8.61% (cap=3.0%)
[MOVE_SUB_B] [13:52:48] ABTS BELOW-ARM-SKIP (arm preserved) trigger=2.760 arm=3.020 below=8.61% (cap=3.0%)
[MOVE_SUB_B] [13:52:48] ABTS BELOW-ARM-SKIP (arm preserved) trigger=2.760 arm=3.020 below=8.61% (cap=3.0%)
[MOVE_SUB_B] [13:52:48] ABTS BELOW-ARM-SKIP (arm preserved) trigger=2.770 arm=3.020 below=8.28% (cap=3.0%)
[MOVE_SUB_B] [13:52:48] ABTS BELOW-ARM-SKIP (arm preserved) trigger=2.770 arm=3.020 below=8.28% (cap=3.0%)
[MOVE_SUB_B] [13:52:48] ABTS BELOW-ARM-SKIP (arm preserved) trigger=2.770 arm=3.020 below=8.28% (cap=3.0%)
[MOVE_SUB_B] [13:52:48] ABTS BELOW-ARM-SKIP (arm preserved) trigger=2.760 arm=3.020 below=8.61% (cap=3.0%)
[MOVE_SUB_B] [13:52:48] ABTS BELOW-ARM-SKIP (arm preserved) trigger=2.760 arm=3.020 below=8.61% (cap=3.0%)
[MOVE_SUB_B] [13:52:49] ABTS BELOW-ARM-SKIP (arm preserved) trigger=2.760 arm=3.020 below=8.61% (cap=3.0%)
[MOVE_SUB_B] [13:52:49] ABTS BELOW-ARM-SKIP (arm preserved) trigger=2.750 arm=3.020 below=8.94% (cap=3.0%)
[MOVE_SUB_B] [13:52:49] ABTS BELOW-ARM-SKIP (arm preserved) trigger=2.760 arm=3.020 below=8.61% (cap=3.0%)
[MOVE_SUB_B] [13:52:49] ABTS BELOW-ARM-SKIP (arm preserved) trigger=2.760 arm=3.020 below=8.61% (cap=3.0%)
[MOVE_SUB_B] [13:52:49] ABTS BELOW-ARM-SKIP (arm preserved) trigger=2.760 arm=3.020 below=8.61% (cap=3.0%)
[MOVE_SUB_B] [13:52:49] ABTS BELOW-ARM-SKIP (arm preserved) trigger=2.750 arm=3.020 below=8.94% (cap=3.0%)
[MOVE_SUB_B] [13:52:49] ABTS BELOW-ARM-SKIP (arm preserved) trigger=2.745 arm=3.020 below=9.11% (cap=3.0%)
[MOVE_SUB_B] [13:52:49] ABTS BELOW-ARM-SKIP (arm preserved) trigger=2.745 arm=3.020 below=9.11% (cap=3.0%)
[MOVE_SUB_B] [13:52:49] ABTS BELOW-ARM-SKIP (arm preserved) trigger=2.750 arm=3.020 below=8.94% (cap=3.0%)
[MOVE_SUB_B] [13:52:49] ABTS BELOW-ARM-SKIP (arm preserved) trigger=2.750 arm=3.020 below=8.94% (cap=3.0%)
[MOVE_SUB_B] [13:52:49] ABTS BELOW-ARM-SKIP (arm preserved) trigger=2.750 arm=3.020 below=8.94% (cap=3.0%)
[MOVE_SUB_B] [13:52:50] ABTS BELOW-ARM-SKIP (arm preserved) trigger=2.750 arm=3.020 below=8.94% (cap=3.0%)
[MOVE_SUB_B] [13:52:50] ABTS BELOW-ARM-SKIP (arm preserved) trigger=2.745 arm=3.020 below=9.11% (cap=3.0%)
[MOVE_SUB_B] [13:52:50] ABTS BELOW-ARM-SKIP (arm preserved) trigger=2.750 arm=3.020 below=8.94% (cap=3.0%)
[MOVE_SUB_B] [13:52:50] ABTS BELOW-ARM-SKIP (arm preserved) trigger=2.750 arm=3.020 below=8.94% (cap=3.0%)
[MOVE_SUB_B] [13:52:50] ABTS BELOW-ARM-SKIP (arm preserved) trigger=2.750 arm=3.020 below=8.94% (cap=3.0%)
[MOVE_SUB_B] [13:52:50] ABTS BELOW-ARM-SKIP (arm preserved) trigger=2.750 arm=3.020 below=8.94% (cap=3.0%)
[MOVE_SUB_B] [13:52:50] ABTS BELOW-ARM-SKIP (arm preserved) trigger=2.750 arm=3.020 below=8.94% (cap=3.0%)
[MOVE_SUB_B] [13:52:50] ABTS BELOW-ARM-SKIP (arm preserved) trigger=2.750 arm=3.020 below=8.94% (cap=3.0%)
[MOVE_SUB_B] [13:52:50] ABTS BELOW-ARM-SKIP (arm preserved) trigger=2.750 arm=3.020 below=8.94% (cap=3.0%)
[MOVE_SUB_B] [13:52:50] ABTS BELOW-ARM-SKIP (arm preserved) trigger=2.745 arm=3.020 below=9.11% (cap=3.0%)
[MOVE_SUB_B] [13:52:50] ABTS BELOW-ARM-SKIP (arm preserved) trigger=2.745 arm=3.020 below=9.11% (cap=3.0%)
[MOVE_SUB_B] [13:52:51] ABTS BELOW-ARM-SKIP (arm preserved) trigger=2.740 arm=3.020 below=9.27% (cap=3.0%)
[MOVE_SUB_B] [13:52:51] ABTS BELOW-ARM-SKIP (arm preserved) trigger=2.750 arm=3.020 below=8.94% (cap=3.0%)
[MOVE_SUB_B] [13:52:51] ABTS BELOW-ARM-SKIP (arm preserved) trigger=2.750 arm=3.020 below=8.94% (cap=3.0%)
[MOVE_SUB_B] [13:52:51] ABTS BELOW-ARM-SKIP (arm preserved) trigger=2.750 arm=3.020 below=8.94% (cap=3.0%)
[MOVE_SUB_B] [13:52:51] ABTS BELOW-ARM-SKIP (arm preserved) trigger=2.750 arm=3.020 below=8.94% (cap=3.0%)
[MOVE_SUB_B] [13:52:51] ABTS BELOW-ARM-SKIP (arm preserved) trigger=2.740 arm=3.020 below=9.27% (cap=3.0%)
[MOVE_SUB_B] [13:52:51] ABTS BELOW-ARM-SKIP (arm preserved) trigger=2.740 arm=3.020 below=9.27% (cap=3.0%)
[MOVE_SUB_B] [13:52:51] ABTS BELOW-ARM-SKIP (arm preserved) trigger=2.740 arm=3.020 below=9.27% (cap=3.0%)
[MOVE_SUB_B] [13:52:51] ABTS BELOW-ARM-SKIP (arm preserved) trigger=2.740 arm=3.020 below=9.27% (cap=3.0%)
[MOVE_SUB_B] [13:52:51] ABTS BELOW-ARM-SKIP (arm preserved) trigger=2.760 arm=3.020 below=8.61% (cap=3.0%)
[MOVE_SUB_B] [13:52:51] ABTS BELOW-ARM-SKIP (arm preserved) trigger=2.760 arm=3.020 below=8.61% (cap=3.0%)
[MOVE_SUB_B] [13:52:51] ABTS BELOW-ARM-SKIP (arm preserved) trigger=2.755 arm=3.020 below=8.77% (cap=3.0%)
[MOVE_SUB_B] [13:52:51] ABTS BELOW-ARM-SKIP (arm preserved) trigger=2.755 arm=3.020 below=8.77% (cap=3.0%)
[MOVE_SUB_B] [13:52:52] ABTS BELOW-ARM-SKIP (arm preserved) trigger=2.760 arm=3.020 below=8.61% (cap=3.0%)
[MOVE_SUB_B] [13:52:52] ABTS BELOW-ARM-SKIP (arm preserved) trigger=2.760 arm=3.020 below=8.61% (cap=3.0%)
[MOVE_SUB_B] [13:52:52] ABTS BELOW-ARM-SKIP (arm preserved) trigger=2.740 arm=3.020 below=9.27% (cap=3.0%)
[MOVE_SUB_B] [13:52:52] ABTS BELOW-ARM-SKIP (arm preserved) trigger=2.750 arm=3.020 below=8.94% (cap=3.0%)
[MOVE_SUB_B] [13:52:52] ABTS BELOW-ARM-SKIP (arm preserved) trigger=2.750 arm=3.020 below=8.94% (cap=3.0%)
[MOVE_SUB_B] [13:52:52] ABTS BELOW-ARM-SKIP (arm preserved) trigger=2.750 arm=3.020 below=8.94% (cap=3.0%)
[MOVE_SUB_B] [13:52:52] ABTS BELOW-ARM-SKIP (arm preserved) trigger=2.760 arm=3.020 below=8.61% (cap=3.0%)
[MOVE_SUB_B] [13:52:52] ABTS BELOW-ARM-SKIP (arm preserved) trigger=2.760 arm=3.020 below=8.61% (cap=3.0%)
[MOVE_SUB_B] [13:52:52] ABTS BELOW-ARM-SKIP (arm preserved) trigger=2.760 arm=3.020 below=8.61% (cap=3.0%)
[MOVE_SUB_B] [13:52:52] ABTS BELOW-ARM-SKIP (arm preserved) trigger=2.750 arm=3.020 below=8.94% (cap=3.0%)
[MOVE_SUB_B] [13:52:52] ABTS BELOW-ARM-SKIP (arm preserved) trigger=2.740 arm=3.020 below=9.27% (cap=3.0%)
[MOVE_SUB_B] [13:52:52] ABTS BELOW-ARM-SKIP (arm preserved) trigger=2.740 arm=3.020 below=9.27% (cap=3.0%)
[MOVE_SUB_B] [13:52:53] ABTS BELOW-ARM-SKIP (arm preserved) trigger=2.740 arm=3.020 below=9.27% (cap=3.0%)
[MOVE_SUB_B] [13:52:53] ABTS BELOW-ARM-SKIP (arm preserved) trigger=2.740 arm=3.020 below=9.27% (cap=3.0%)
[MOVE_SUB_B] [13:52:53] ABTS BELOW-ARM-SKIP (arm preserved) trigger=2.740 arm=3.020 below=9.27% (cap=3.0%)
[MOVE_SUB_B] [13:52:53] ABTS BELOW-ARM-SKIP (arm preserved) trigger=2.740 arm=3.020 below=9.27% (cap=3.0%)
[MOVE_SUB_B] [13:52:53] ABTS BELOW-ARM-SKIP (arm preserved) trigger=2.740 arm=3.020 below=9.27% (cap=3.0%)
[MOVE_SUB_B] [13:52:53] ABTS BELOW-ARM-SKIP (arm preserved) trigger=2.750 arm=3.020 below=8.94% (cap=3.0%)
[MOVE_SUB_B] [13:52:53] ABTS BELOW-ARM-SKIP (arm preserved) trigger=2.750 arm=3.020 below=8.94% (cap=3.0%)
[MOVE_SUB_B] [13:52:53] ABTS BELOW-ARM-SKIP (arm preserved) trigger=2.759 arm=3.020 below=8.63% (cap=3.0%)
[MOVE_SUB_B] [13:52:54] ABTS BELOW-ARM-SKIP (arm preserved) trigger=2.750 arm=3.020 below=8.94% (cap=3.0%)
[MOVE_SUB_B] [13:52:54] ABTS BELOW-ARM-SKIP (arm preserved) trigger=2.750 arm=3.020 below=8.94% (cap=3.0%)
[MOVE_SUB_B] [13:52:54] ABTS BELOW-ARM-SKIP (arm preserved) trigger=2.750 arm=3.020 below=8.94% (cap=3.0%)
[MOVE_SUB_B] [13:52:54] ABTS BELOW-ARM-SKIP (arm preserved) trigger=2.750 arm=3.020 below=8.94% (cap=3.0%)
[MOVE_SUB_B] [13:52:54] ABTS BELOW-ARM-SKIP (arm preserved) trigger=2.750 arm=3.020 below=8.94% (cap=3.0%)
[MOVE_SUB_B] [13:52:54] ABTS BELOW-ARM-SKIP (arm preserved) trigger=2.750 arm=3.020 below=8.94% (cap=3.0%)
[MOVE_SUB_B] [13:52:54] ABTS BELOW-ARM-SKIP (arm preserved) trigger=2.740 arm=3.020 below=9.27% (cap=3.0%)
[MOVE_SUB_B] [13:52:54] ABTS BELOW-ARM-SKIP (arm preserved) trigger=2.750 arm=3.020 below=8.94% (cap=3.0%)
[MOVE_SUB_B] [13:52:54] ABTS BELOW-ARM-SKIP (arm preserved) trigger=2.750 arm=3.020 below=8.95% (cap=3.0%)
[MOVE_SUB_B] [13:52:54] ABTS BELOW-ARM-SKIP (arm preserved) trigger=2.750 arm=3.020 below=8.95% (cap=3.0%)
[MOVE_SUB_B] [13:52:55] ABTS BELOW-ARM-SKIP (arm preserved) trigger=2.750 arm=3.020 below=8.94% (cap=3.0%)
[MOVE_SUB_B] [13:52:55] ABTS BELOW-ARM-SKIP (arm preserved) trigger=2.750 arm=3.020 below=8.94% (cap=3.0%)
[MOVE_SUB_B] [13:52:55] ABTS BELOW-ARM-SKIP (arm preserved) trigger=2.760 arm=3.020 below=8.61% (cap=3.0%)
[MOVE_SUB_B] [13:52:55] ABTS BELOW-ARM-SKIP (arm preserved) trigger=2.760 arm=3.020 below=8.61% (cap=3.0%)
[MOVE_SUB_B] [13:52:56] ABTS BELOW-ARM-SKIP (arm preserved) trigger=2.750 arm=3.020 below=8.94% (cap=3.0%)
[MOVE_SUB_B] [13:52:56] ABTS BELOW-ARM-SKIP (arm preserved) trigger=2.750 arm=3.020 below=8.94% (cap=3.0%)
[MOVE_SUB_B] [13:52:56] ABTS BELOW-ARM-SKIP (arm preserved) trigger=2.750 arm=3.020 below=8.94% (cap=3.0%)
[MOVE_SUB_B] [13:52:56] ABTS BELOW-ARM-SKIP (arm preserved) trigger=2.750 arm=3.020 below=8.94% (cap=3.0%)
[MOVE_SUB_B] [13:52:56] ABTS BELOW-ARM-SKIP (arm preserved) trigger=2.760 arm=3.020 below=8.61% (cap=3.0%)
[MOVE_SUB_B] [13:52:56] ABTS BELOW-ARM-SKIP (arm preserved) trigger=2.760 arm=3.020 below=8.61% (cap=3.0%)
[MOVE_SUB_B] [13:52:56] ABTS BELOW-ARM-SKIP (arm preserved) trigger=2.760 arm=3.020 below=8.61% (cap=3.0%)
[MOVE_SUB_B] [13:52:56] ABTS BELOW-ARM-SKIP (arm preserved) trigger=2.760 arm=3.020 below=8.61% (cap=3.0%)
[MOVE_SUB_B] [13:52:56] ABTS BELOW-ARM-SKIP (arm preserved) trigger=2.755 arm=3.020 below=8.77% (cap=3.0%)
[MOVE_SUB_B] [13:52:57] ABTS BELOW-ARM-SKIP (arm preserved) trigger=2.760 arm=3.020 below=8.61% (cap=3.0%)
[MOVE_SUB_B] [13:52:57] ABTS BELOW-ARM-SKIP (arm preserved) trigger=2.760 arm=3.020 below=8.61% (cap=3.0%)
[MOVE_SUB_B] [13:52:57] ABTS BELOW-ARM-SKIP (arm preserved) trigger=2.760 arm=3.020 below=8.61% (cap=3.0%)
[MOVE_SUB_B] [13:52:57] ABTS BELOW-ARM-SKIP (arm preserved) trigger=2.760 arm=3.020 below=8.61% (cap=3.0%)
[MOVE_SUB_B] [13:52:57] ABTS BELOW-ARM-SKIP (arm preserved) trigger=2.760 arm=3.020 below=8.61% (cap=3.0%)
[MOVE_SUB_B] [13:52:57] ABTS BELOW-ARM-SKIP (arm preserved) trigger=2.758 arm=3.020 below=8.68% (cap=3.0%)
[MOVE_SUB_B] [13:52:57] ABTS BELOW-ARM-SKIP (arm preserved) trigger=2.758 arm=3.020 below=8.68% (cap=3.0%)
[MOVE_SUB_B] [13:52:57] ABTS BELOW-ARM-SKIP (arm preserved) trigger=2.760 arm=3.020 below=8.61% (cap=3.0%)
[MOVE_SUB_B] [13:52:57] ABTS BELOW-ARM-SKIP (arm preserved) trigger=2.765 arm=3.020 below=8.44% (cap=3.0%)
[MOVE_SUB_B] [13:52:57] ABTS BELOW-ARM-SKIP (arm preserved) trigger=2.765 arm=3.020 below=8.44% (cap=3.0%)
[MOVE_SUB_B] [13:52:58] ABTS BELOW-ARM-SKIP (arm preserved) trigger=2.770 arm=3.020 below=8.28% (cap=3.0%)
[MOVE_SUB_B] [13:52:58] ABTS BELOW-ARM-SKIP (arm preserved) trigger=2.770 arm=3.020 below=8.28% (cap=3.0%)
[MOVE_SUB_B] [13:52:58] ABTS BELOW-ARM-SKIP (arm preserved) trigger=2.770 arm=3.020 below=8.28% (cap=3.0%)
[MOVE_SUB_B] [13:52:58] ABTS BELOW-ARM-SKIP (arm preserved) trigger=2.770 arm=3.020 below=8.28% (cap=3.0%)
[MOVE_SUB_B] [13:52:58] ABTS BELOW-ARM-SKIP (arm preserved) trigger=2.760 arm=3.020 below=8.61% (cap=3.0%)
[MOVE_SUB_B] [13:52:58] ABTS BELOW-ARM-SKIP (arm preserved) trigger=2.760 arm=3.020 below=8.61% (cap=3.0%)
[MOVE_SUB_B] [13:52:58] ABTS BELOW-ARM-SKIP (arm preserved) trigger=2.760 arm=3.020 below=8.61% (cap=3.0%)
[MOVE_SUB_B] [13:52:58] ABTS BELOW-ARM-SKIP (arm preserved) trigger=2.770 arm=3.020 below=8.28% (cap=3.0%)
[MOVE_SUB_B] [13:52:58] ABTS BELOW-ARM-SKIP (arm preserved) trigger=2.770 arm=3.020 below=8.28% (cap=3.0%)
[MOVE_SUB_B] [13:52:58] ABTS BELOW-ARM-SKIP (arm preserved) trigger=2.770 arm=3.020 below=8.28% (cap=3.0%)
[MOVE_SUB_B] [13:52:59] ABTS BELOW-ARM-SKIP (arm preserved) trigger=2.770 arm=3.020 below=8.28% (cap=3.0%)
[MOVE_SUB_B] [13:52:59] ABTS BELOW-ARM-SKIP (arm preserved) trigger=2.767 arm=3.020 below=8.36% (cap=3.0%)
[MOVE_SUB_B] [13:52:59] ABTS BELOW-ARM-SKIP (arm preserved) trigger=2.760 arm=3.020 below=8.61% (cap=3.0%)
[MOVE_SUB_B] [13:52:59] ABTS BELOW-ARM-SKIP (arm preserved) trigger=2.760 arm=3.020 below=8.60% (cap=3.0%)
[MOVE_SUB_B] [13:52:59] ABTS BELOW-ARM-SKIP (arm preserved) trigger=2.760 arm=3.020 below=8.61% (cap=3.0%)
[MOVE_SUB_B] [13:52:59] ABTS BELOW-ARM-SKIP (arm preserved) trigger=2.770 arm=3.020 below=8.29% (cap=3.0%)
[MOVE_SUB_B] [13:52:59] ABTS BELOW-ARM-SKIP (arm preserved) trigger=2.770 arm=3.020 below=8.29% (cap=3.0%)
[MOVE_SUB_B] [13:52:59] ABTS BELOW-ARM-SKIP (arm preserved) trigger=2.770 arm=3.020 below=8.28% (cap=3.0%)
[MOVE_SUB_B] [13:52:59] ABTS BELOW-ARM-SKIP (arm preserved) trigger=2.770 arm=3.020 below=8.28% (cap=3.0%)
[MOVE_SUB_B] [13:52:59] ABTS BELOW-ARM-SKIP (arm preserved) trigger=2.770 arm=3.020 below=8.28% (cap=3.0%)
[MOVE_SUB_B] [13:53:02] ABTS BELOW-ARM-SKIP (arm preserved) trigger=2.860 arm=3.020 below=5.30% (cap=3.0%)
[MOVE_SUB_B] [13:53:02] ABTS BELOW-ARM-SKIP (arm preserved) trigger=2.890 arm=3.020 below=4.31% (cap=3.0%)
[MOVE_SUB_B] [13:53:02] ABTS BELOW-ARM-SKIP (arm preserved) trigger=2.890 arm=3.020 below=4.31% (cap=3.0%)
[MOVE_SUB_B] [13:53:02] ABTS BELOW-ARM-SKIP (arm preserved) trigger=2.890 arm=3.020 below=4.31% (cap=3.0%)
[MOVE_SUB_B] [13:53:03] ABTS BELOW-ARM-SKIP (arm preserved) trigger=2.880 arm=3.020 below=4.64% (cap=3.0%)
[MOVE_SUB_B] [13:53:03] ABTS BELOW-ARM-SKIP (arm preserved) trigger=2.880 arm=3.020 below=4.64% (cap=3.0%)
[MOVE_SUB_B] [13:53:03] ABTS BELOW-ARM-SKIP (arm preserved) trigger=2.860 arm=3.020 below=5.30% (cap=3.0%)
[MOVE_SUB_B] [13:53:03] ABTS BELOW-ARM-SKIP (arm preserved) trigger=2.870 arm=3.020 below=4.97% (cap=3.0%)
[MOVE_SUB_B] [13:53:03] ABTS BELOW-ARM-SKIP (arm preserved) trigger=2.890 arm=3.020 below=4.31% (cap=3.0%)
[MOVE_SUB_B] [13:53:03] ABTS BELOW-ARM-SKIP (arm preserved) trigger=2.890 arm=3.020 below=4.31% (cap=3.0%)
[MOVE_SUB_B] [13:53:03] ABTS BELOW-ARM-SKIP (arm preserved) trigger=2.880 arm=3.020 below=4.64% (cap=3.0%)
[MOVE_SUB_B] [13:53:04] ABTS BELOW-ARM-SKIP (arm preserved) trigger=2.870 arm=3.020 below=4.97% (cap=3.0%)
[MOVE_SUB_B] [13:53:04] ABTS BELOW-ARM-SKIP (arm preserved) trigger=2.860 arm=3.020 below=5.29% (cap=3.0%)
[MOVE_SUB_B] [13:53:04] ABTS BELOW-ARM-SKIP (arm preserved) trigger=2.880 arm=3.020 below=4.64% (cap=3.0%)
[MOVE_SUB_B] [13:53:04] ABTS BELOW-ARM-SKIP (arm preserved) trigger=2.860 arm=3.020 below=5.30% (cap=3.0%)
[MOVE_SUB_B] [13:53:04] ABTS BELOW-ARM-SKIP (arm preserved) trigger=2.860 arm=3.020 below=5.30% (cap=3.0%)
[MOVE_SUB_B] [13:53:04] ABTS BELOW-ARM-SKIP (arm preserved) trigger=2.860 arm=3.020 below=5.30% (cap=3.0%)
[MOVE_SUB_B] [13:53:04] ABTS BELOW-ARM-SKIP (arm preserved) trigger=2.890 arm=3.020 below=4.30% (cap=3.0%)
[MOVE_SUB_B] [13:53:04] ABTS BELOW-ARM-SKIP (arm preserved) trigger=2.875 arm=3.020 below=4.80% (cap=3.0%)
[MOVE_SUB_B] [13:53:04] ABTS BELOW-ARM-SKIP (arm preserved) trigger=2.875 arm=3.020 below=4.80% (cap=3.0%)
[MOVE_SUB_B] [13:53:04] ABTS BELOW-ARM-SKIP (arm preserved) trigger=2.875 arm=3.020 below=4.80% (cap=3.0%)
[MOVE_SUB_B] [13:53:04] ABTS BELOW-ARM-SKIP (arm preserved) trigger=2.880 arm=3.020 below=4.64% (cap=3.0%)
[MOVE_SUB_B] [13:53:04] ABTS BELOW-ARM-SKIP (arm preserved) trigger=2.880 arm=3.020 below=4.64% (cap=3.0%)
[MOVE_SUB_B] [13:53:04] ABTS BELOW-ARM-SKIP (arm preserved) trigger=2.880 arm=3.020 below=4.64% (cap=3.0%)
[MOVE_SUB_B] [13:53:05] ABTS BELOW-ARM-SKIP (arm preserved) trigger=2.880 arm=3.020 below=4.64% (cap=3.0%)
[MOVE_SUB_B] [13:53:05] ABTS BELOW-ARM-SKIP (arm preserved) trigger=2.880 arm=3.020 below=4.64% (cap=3.0%)
[MOVE_SUB_B] [13:53:05] ABTS BELOW-ARM-SKIP (arm preserved) trigger=2.881 arm=3.020 below=4.60% (cap=3.0%)
[MOVE_SUB_B] [13:53:05] ABTS BELOW-ARM-SKIP (arm preserved) trigger=2.881 arm=3.020 below=4.60% (cap=3.0%)
[MOVE_SUB_B] [13:53:05] ABTS BELOW-ARM-SKIP (arm preserved) trigger=2.890 arm=3.020 below=4.30% (cap=3.0%)
[MOVE_SUB_B] [13:53:05] ABTS BELOW-ARM-SKIP (arm preserved) trigger=2.890 arm=3.020 below=4.30% (cap=3.0%)
[MOVE_SUB_B] [13:53:05] ABTS BELOW-ARM-SKIP (arm preserved) trigger=2.880 arm=3.020 below=4.64% (cap=3.0%)
[MOVE_SUB_B] [13:53:05] ABTS BELOW-ARM-SKIP (arm preserved) trigger=2.880 arm=3.020 below=4.64% (cap=3.0%)
[MOVE_SUB_B] [13:53:05] ABTS BELOW-ARM-SKIP (arm preserved) trigger=2.880 arm=3.020 below=4.64% (cap=3.0%)
[MOVE_SUB_B] [13:53:05] ABTS BELOW-ARM-SKIP (arm preserved) trigger=2.880 arm=3.020 below=4.63% (cap=3.0%)
[MOVE_SUB_B] [13:53:05] ABTS BELOW-ARM-SKIP (arm preserved) trigger=2.880 arm=3.020 below=4.63% (cap=3.0%)
[MOVE_SUB_B] [13:53:05] ABTS BELOW-ARM-SKIP (arm preserved) trigger=2.860 arm=3.020 below=5.30% (cap=3.0%)
[MOVE_SUB_B] [13:53:05] ABTS BELOW-ARM-SKIP (arm preserved) trigger=2.870 arm=3.020 below=4.97% (cap=3.0%)
[MOVE_SUB_B] [13:53:06] ABTS BELOW-ARM-SKIP (arm preserved) trigger=2.860 arm=3.020 below=5.30% (cap=3.0%)
[MOVE_SUB_B] [13:53:06] ABTS BELOW-ARM-SKIP (arm preserved) trigger=2.860 arm=3.020 below=5.30% (cap=3.0%)
[MOVE_SUB_B] [13:53:06] ABTS BELOW-ARM-SKIP (arm preserved) trigger=2.863 arm=3.020 below=5.20% (cap=3.0%)
[MOVE_SUB_B] [13:53:06] ABTS BELOW-ARM-SKIP (arm preserved) trigger=2.863 arm=3.020 below=5.20% (cap=3.0%)
[MOVE_SUB_B] [13:53:06] ABTS BELOW-ARM-SKIP (arm preserved) trigger=2.860 arm=3.020 below=5.30% (cap=3.0%)
[MOVE_SUB_B] [13:53:06] ABTS BELOW-ARM-SKIP (arm preserved) trigger=2.860 arm=3.020 below=5.30% (cap=3.0%)
[MOVE_SUB_B] [13:53:06] ABTS BELOW-ARM-SKIP (arm preserved) trigger=2.860 arm=3.020 below=5.30% (cap=3.0%)
[MOVE_SUB_B] [13:53:06] ABTS BELOW-ARM-SKIP (arm preserved) trigger=2.860 arm=3.020 below=5.30% (cap=3.0%)
[MOVE_SUB_B] [13:53:07] ABTS BELOW-ARM-SKIP (arm preserved) trigger=2.860 arm=3.020 below=5.30% (cap=3.0%)
[MOVE_SUB_B] [13:53:07] ABTS BELOW-ARM-SKIP (arm preserved) trigger=2.860 arm=3.020 below=5.30% (cap=3.0%)
[MOVE_SUB_B] [13:53:07] ABTS BELOW-ARM-SKIP (arm preserved) trigger=2.860 arm=3.020 below=5.30% (cap=3.0%)
[MOVE_SUB_B] [13:53:07] ABTS BELOW-ARM-SKIP (arm preserved) trigger=2.860 arm=3.020 below=5.30% (cap=3.0%)
[MOVE_SUB_B] [13:53:07] ABTS BELOW-ARM-SKIP (arm preserved) trigger=2.860 arm=3.020 below=5.30% (cap=3.0%)
[MOVE_SUB_B] [13:53:07] ABTS BELOW-ARM-SKIP (arm preserved) trigger=2.860 arm=3.020 below=5.30% (cap=3.0%)
[MOVE_SUB_B] [13:53:07] ABTS BELOW-ARM-SKIP (arm preserved) trigger=2.860 arm=3.020 below=5.30% (cap=3.0%)
[MOVE_SUB_B] [13:53:07] ABTS BELOW-ARM-SKIP (arm preserved) trigger=2.860 arm=3.020 below=5.30% (cap=3.0%)
[MOVE_SUB_B] [13:53:07] ABTS BELOW-ARM-SKIP (arm preserved) trigger=2.860 arm=3.020 below=5.30% (cap=3.0%)
[MOVE_SUB_B] [13:53:07] ABTS BELOW-ARM-SKIP (arm preserved) trigger=2.870 arm=3.020 below=4.97% (cap=3.0%)
[MOVE_SUB_B] [13:53:07] ABTS BELOW-ARM-SKIP (arm preserved) trigger=2.870 arm=3.020 below=4.97% (cap=3.0%)
[MOVE_SUB_B] [13:53:07] ABTS BELOW-ARM-SKIP (arm preserved) trigger=2.860 arm=3.020 below=5.30% (cap=3.0%)
[MOVE_SUB_B] [13:53:08] ABTS BELOW-ARM-SKIP (arm preserved) trigger=2.860 arm=3.020 below=5.30% (cap=3.0%)
[MOVE_SUB_B] [13:53:08] ABTS BELOW-ARM-SKIP (arm preserved) trigger=2.860 arm=3.020 below=5.30% (cap=3.0%)
[MOVE_SUB_B] [13:53:08] ABTS BELOW-ARM-SKIP (arm preserved) trigger=2.860 arm=3.020 below=5.30% (cap=3.0%)
[MOVE_SUB_B] [13:53:08] ABTS BELOW-ARM-SKIP (arm preserved) trigger=2.860 arm=3.020 below=5.30% (cap=3.0%)
[MOVE_SUB_B] [13:53:08] ABTS BELOW-ARM-SKIP (arm preserved) trigger=2.860 arm=3.020 below=5.30% (cap=3.0%)
[MOVE_SUB_B] [13:53:08] ABTS BELOW-ARM-SKIP (arm preserved) trigger=2.860 arm=3.020 below=5.30% (cap=3.0%)
[MOVE_SUB_B] [13:53:08] STATS ticks=204368 symbols=78 pos=no daily_pnl=+0 drops=0
[MOVE_SUB_B] [13:53:09] ABTS BELOW-ARM-SKIP (arm preserved) trigger=2.860 arm=3.020 below=5.30% (cap=3.0%)
[MOVE_SUB_B] [13:53:09] ABTS BELOW-ARM-SKIP (arm preserved) trigger=2.870 arm=3.020 below=4.97% (cap=3.0%)
[MOVE_SUB_B] [13:53:09] ABTS BELOW-ARM-SKIP (arm preserved) trigger=2.870 arm=3.020 below=4.97% (cap=3.0%)
[MOVE_SUB_B] [13:53:09] ABTS BELOW-ARM-SKIP (arm preserved) trigger=2.870 arm=3.020 below=4.97% (cap=3.0%)
[MOVE_SUB_B] [13:53:12] ABTS BELOW-ARM-SKIP (arm preserved) trigger=2.860 arm=3.020 below=5.30% (cap=3.0%)
[MOVE_SUB_B] [13:53:12] ABTS BELOW-ARM-SKIP (arm preserved) trigger=2.860 arm=3.020 below=5.30% (cap=3.0%)
[MOVE_SUB_B] [13:53:12] ABTS BELOW-ARM-SKIP (arm preserved) trigger=2.860 arm=3.020 below=5.30% (cap=3.0%)
[MOVE_SUB_B] [13:53:12] ABTS BELOW-ARM-SKIP (arm preserved) trigger=2.860 arm=3.020 below=5.30% (cap=3.0%)
[MOVE_SUB_B] [13:53:12] ABTS BELOW-ARM-SKIP (arm preserved) trigger=2.860 arm=3.020 below=5.30% (cap=3.0%)
[MOVE_SUB_B] [13:53:12] ABTS BELOW-ARM-SKIP (arm preserved) trigger=2.860 arm=3.020 below=5.30% (cap=3.0%)
[MOVE_SUB_B] [13:53:12] ABTS BELOW-ARM-SKIP (arm preserved) trigger=2.860 arm=3.020 below=5.30% (cap=3.0%)
[MOVE_SUB_B] [13:53:12] ABTS BELOW-ARM-SKIP (arm preserved) trigger=2.860 arm=3.020 below=5.30% (cap=3.0%)
[MOVE_SUB_B] [13:53:12] ABTS BELOW-ARM-SKIP (arm preserved) trigger=2.860 arm=3.020 below=5.30% (cap=3.0%)
[MOVE_SUB_B] [13:53:12] ABTS BELOW-ARM-SKIP (arm preserved) trigger=2.860 arm=3.020 below=5.30% (cap=3.0%)
[MOVE_SUB_B] [13:53:12] ABTS BELOW-ARM-SKIP (arm preserved) trigger=2.860 arm=3.020 below=5.30% (cap=3.0%)
[MOVE_SUB_B] [13:53:12] ABTS BELOW-ARM-SKIP (arm preserved) trigger=2.860 arm=3.020 below=5.30% (cap=3.0%)
[MOVE_SUB_B] [13:53:13] ABTS BELOW-ARM-SKIP (arm preserved) trigger=2.860 arm=3.020 below=5.30% (cap=3.0%)
[MOVE_SUB_B] [13:53:13] ABTS BELOW-ARM-SKIP (arm preserved) trigger=2.860 arm=3.020 below=5.30% (cap=3.0%)
[MOVE_SUB_B] [13:53:13] ABTS BELOW-ARM-SKIP (arm preserved) trigger=2.860 arm=3.020 below=5.30% (cap=3.0%)
[MOVE_SUB_B] [13:53:13] ABTS BELOW-ARM-SKIP (arm preserved) trigger=2.860 arm=3.020 below=5.30% (cap=3.0%)
[MOVE_SUB_B] [13:53:13] ABTS BELOW-ARM-SKIP (arm preserved) trigger=2.860 arm=3.020 below=5.30% (cap=3.0%)
[MOVE_SUB_B] [13:53:13] ABTS BELOW-ARM-SKIP (arm preserved) trigger=2.860 arm=3.020 below=5.30% (cap=3.0%)
[MOVE_SUB_B] [13:53:14] ABTS BELOW-ARM-SKIP (arm preserved) trigger=2.860 arm=3.020 below=5.30% (cap=3.0%)
[MOVE_SUB_B] [13:53:14] ABTS BELOW-ARM-SKIP (arm preserved) trigger=2.860 arm=3.020 below=5.30% (cap=3.0%)
[MOVE_SUB_B] [13:54:08] STATS ticks=206004 symbols=78 pos=no daily_pnl=+0 drops=0
[MOVE_SUB_B] [13:55:09] STATS ticks=207797 symbols=78 pos=no daily_pnl=+0 drops=0
[MOVE_SUB_B] [13:56:09] STATS ticks=208981 symbols=78 pos=no daily_pnl=+0 drops=0
[MOVE_SUB_B] [13:57:09] STATS ticks=210846 symbols=78 pos=no daily_pnl=+0 drops=0
[MOVE_SUB_B] [13:58:09] STATS ticks=212999 symbols=78 pos=no daily_pnl=+0 drops=0
[MOVE_SUB_B] [13:58:18] FIRESTORM_GATE_BLOCK ABTS setup=move_strike prior_bar_ticks=1207 threshold=6000
[MOVE_SUB_B] [13:58:18] FIRESTORM_GATE_BLOCK ABTS setup=move_strike prior_bar_ticks=1207 threshold=6000
[MOVE_SUB_B] [13:58:18] FIRESTORM_GATE_BLOCK ABTS setup=move_strike prior_bar_ticks=1207 threshold=6000
[MOVE_SUB_B] [13:58:18] FIRESTORM_GATE_BLOCK ABTS setup=move_strike prior_bar_ticks=1207 threshold=6000
[MOVE_SUB_B] [13:58:19] FIRESTORM_GATE_BLOCK ABTS setup=move_strike prior_bar_ticks=1207 threshold=6000
[MOVE_SUB_B] [13:58:19] FIRESTORM_GATE_BLOCK ABTS setup=move_strike prior_bar_ticks=1207 threshold=6000
[MOVE_SUB_B] [13:58:19] FIRESTORM_GATE_BLOCK ABTS setup=move_strike prior_bar_ticks=1207 threshold=6000
[MOVE_SUB_B] [13:58:20] FIRESTORM_GATE_BLOCK ABTS setup=move_strike prior_bar_ticks=1207 threshold=6000
[MOVE_SUB_B] [13:58:20] FIRESTORM_GATE_BLOCK ABTS setup=move_strike prior_bar_ticks=1207 threshold=6000
[MOVE_SUB_B] [13:58:20] FIRESTORM_GATE_BLOCK ABTS setup=move_strike prior_bar_ticks=1207 threshold=6000
[MOVE_SUB_B] [13:58:20] FIRESTORM_GATE_BLOCK ABTS setup=move_strike prior_bar_ticks=1207 threshold=6000
[MOVE_SUB_B] [13:58:20] FIRESTORM_GATE_BLOCK ABTS setup=move_strike prior_bar_ticks=1207 threshold=6000
[MOVE_SUB_B] [13:58:20] FIRESTORM_GATE_BLOCK ABTS setup=move_strike prior_bar_ticks=1207 threshold=6000
[MOVE_SUB_B] [13:58:20] FIRESTORM_GATE_BLOCK ABTS setup=move_strike prior_bar_ticks=1207 threshold=6000
[MOVE_SUB_B] [13:58:20] FIRESTORM_GATE_BLOCK ABTS setup=move_strike prior_bar_ticks=1207 threshold=6000
[MOVE_SUB_B] [13:58:20] FIRESTORM_GATE_BLOCK ABTS setup=move_strike prior_bar_ticks=1207 threshold=6000
[MOVE_SUB_B] [13:58:20] FIRESTORM_GATE_BLOCK ABTS setup=move_strike prior_bar_ticks=1207 threshold=6000
[MOVE_SUB_B] [13:58:20] FIRESTORM_GATE_BLOCK ABTS setup=move_strike prior_bar_ticks=1207 threshold=6000
[MOVE_SUB_B] [13:58:20] FIRESTORM_GATE_BLOCK ABTS setup=move_strike prior_bar_ticks=1207 threshold=6000
[MOVE_SUB_B] [13:58:20] FIRESTORM_GATE_BLOCK ABTS setup=move_strike prior_bar_ticks=1207 threshold=6000
[MOVE_SUB_B] [13:58:20] FIRESTORM_GATE_BLOCK ABTS setup=move_strike prior_bar_ticks=1207 threshold=6000
[MOVE_SUB_B] [13:58:20] FIRESTORM_GATE_BLOCK ABTS setup=move_strike prior_bar_ticks=1207 threshold=6000
[MOVE_SUB_B] [13:58:20] FIRESTORM_GATE_BLOCK ABTS setup=move_strike prior_bar_ticks=1207 threshold=6000
[MOVE_SUB_B] [13:58:20] FIRESTORM_GATE_BLOCK ABTS setup=move_strike prior_bar_ticks=1207 threshold=6000
[MOVE_SUB_B] [13:58:20] FIRESTORM_GATE_BLOCK ABTS setup=move_strike prior_bar_ticks=1207 threshold=6000
[MOVE_SUB_B] [13:58:20] FIRESTORM_GATE_BLOCK ABTS setup=move_strike prior_bar_ticks=1207 threshold=6000
[MOVE_SUB_B] [13:58:20] FIRESTORM_GATE_BLOCK ABTS setup=move_strike prior_bar_ticks=1207 threshold=6000
[MOVE_SUB_B] [13:58:20] FIRESTORM_GATE_BLOCK ABTS setup=move_strike prior_bar_ticks=1207 threshold=6000
[MOVE_SUB_B] [13:58:20] FIRESTORM_GATE_BLOCK ABTS setup=move_strike prior_bar_ticks=1207 threshold=6000
[MOVE_SUB_B] [13:58:20] FIRESTORM_GATE_BLOCK ABTS setup=move_strike prior_bar_ticks=1207 threshold=6000
[MOVE_SUB_B] [13:58:20] FIRESTORM_GATE_BLOCK ABTS setup=move_strike prior_bar_ticks=1207 threshold=6000
[MOVE_SUB_B] [13:58:20] FIRESTORM_GATE_BLOCK ABTS setup=move_strike prior_bar_ticks=1207 threshold=6000
[MOVE_SUB_B] [13:58:20] FIRESTORM_GATE_BLOCK ABTS setup=move_strike prior_bar_ticks=1207 threshold=6000
[MOVE_SUB_B] [13:58:20] FIRESTORM_GATE_BLOCK ABTS setup=move_strike prior_bar_ticks=1207 threshold=6000
[MOVE_SUB_B] [13:58:20] FIRESTORM_GATE_BLOCK ABTS setup=move_strike prior_bar_ticks=1207 threshold=6000
[MOVE_SUB_B] [13:58:20] FIRESTORM_GATE_BLOCK ABTS setup=move_strike prior_bar_ticks=1207 threshold=6000
[MOVE_SUB_B] [13:58:20] FIRESTORM_GATE_BLOCK ABTS setup=move_strike prior_bar_ticks=1207 threshold=6000
[MOVE_SUB_B] [13:58:21] FIRESTORM_GATE_BLOCK ABTS setup=move_strike prior_bar_ticks=1207 threshold=6000
[MOVE_SUB_B] [13:58:21] FIRESTORM_GATE_BLOCK ABTS setup=move_strike prior_bar_ticks=1207 threshold=6000
[MOVE_SUB_B] [13:58:21] FIRESTORM_GATE_BLOCK ABTS setup=move_strike prior_bar_ticks=1207 threshold=6000
[MOVE_SUB_B] [13:58:21] FIRESTORM_GATE_BLOCK ABTS setup=move_strike prior_bar_ticks=1207 threshold=6000
[MOVE_SUB_B] [13:58:21] FIRESTORM_GATE_BLOCK ABTS setup=move_strike prior_bar_ticks=1207 threshold=6000
[MOVE_SUB_B] [13:58:21] FIRESTORM_GATE_BLOCK ABTS setup=move_strike prior_bar_ticks=1207 threshold=6000
[MOVE_SUB_B] [13:58:21] FIRESTORM_GATE_BLOCK ABTS setup=move_strike prior_bar_ticks=1207 threshold=6000
[MOVE_SUB_B] [13:58:21] FIRESTORM_GATE_BLOCK ABTS setup=move_strike prior_bar_ticks=1207 threshold=6000
[MOVE_SUB_B] [13:58:21] FIRESTORM_GATE_BLOCK ABTS setup=move_strike prior_bar_ticks=1207 threshold=6000
[MOVE_SUB_B] [13:58:21] FIRESTORM_GATE_BLOCK ABTS setup=move_strike prior_bar_ticks=1207 threshold=6000
[MOVE_SUB_B] [13:58:21] FIRESTORM_GATE_BLOCK ABTS setup=move_strike prior_bar_ticks=1207 threshold=6000
[MOVE_SUB_B] [13:58:21] FIRESTORM_GATE_BLOCK ABTS setup=move_strike prior_bar_ticks=1207 threshold=6000
[MOVE_SUB_B] [13:58:21] FIRESTORM_GATE_BLOCK ABTS setup=move_strike prior_bar_ticks=1207 threshold=6000
[MOVE_SUB_B] [13:58:21] FIRESTORM_GATE_BLOCK ABTS setup=move_strike prior_bar_ticks=1207 threshold=6000
[MOVE_SUB_B] [13:58:21] FIRESTORM_GATE_BLOCK ABTS setup=move_strike prior_bar_ticks=1207 threshold=6000
[MOVE_SUB_B] [13:58:21] FIRESTORM_GATE_BLOCK ABTS setup=move_strike prior_bar_ticks=1207 threshold=6000
[MOVE_SUB_B] [13:58:21] FIRESTORM_GATE_BLOCK ABTS setup=move_strike prior_bar_ticks=1207 threshold=6000
[MOVE_SUB_B] [13:58:21] FIRESTORM_GATE_BLOCK ABTS setup=move_strike prior_bar_ticks=1207 threshold=6000
[MOVE_SUB_B] [13:58:21] FIRESTORM_GATE_BLOCK ABTS setup=move_strike prior_bar_ticks=1207 threshold=6000
[MOVE_SUB_B] [13:58:21] FIRESTORM_GATE_BLOCK ABTS setup=move_strike prior_bar_ticks=1207 threshold=6000
[MOVE_SUB_B] [13:58:21] FIRESTORM_GATE_BLOCK ABTS setup=move_strike prior_bar_ticks=1207 threshold=6000
[MOVE_SUB_B] [13:58:21] FIRESTORM_GATE_BLOCK ABTS setup=move_strike prior_bar_ticks=1207 threshold=6000
[MOVE_SUB_B] [13:58:21] FIRESTORM_GATE_BLOCK ABTS setup=move_strike prior_bar_ticks=1207 threshold=6000
[MOVE_SUB_B] [13:58:21] FIRESTORM_GATE_BLOCK ABTS setup=move_strike prior_bar_ticks=1207 threshold=6000
[MOVE_SUB_B] [13:58:21] FIRESTORM_GATE_BLOCK ABTS setup=move_strike prior_bar_ticks=1207 threshold=6000
[MOVE_SUB_B] [13:58:21] FIRESTORM_GATE_BLOCK ABTS setup=move_strike prior_bar_ticks=1207 threshold=6000
[MOVE_SUB_B] [13:58:21] FIRESTORM_GATE_BLOCK ABTS setup=move_strike prior_bar_ticks=1207 threshold=6000
[MOVE_SUB_B] [13:58:21] FIRESTORM_GATE_BLOCK ABTS setup=move_strike prior_bar_ticks=1207 threshold=6000
[MOVE_SUB_B] [13:58:21] FIRESTORM_GATE_BLOCK ABTS setup=move_strike prior_bar_ticks=1207 threshold=6000
[MOVE_SUB_B] [13:58:21] FIRESTORM_GATE_BLOCK ABTS setup=move_strike prior_bar_ticks=1207 threshold=6000
[MOVE_SUB_B] [13:58:21] FIRESTORM_GATE_BLOCK ABTS setup=move_strike prior_bar_ticks=1207 threshold=6000
[MOVE_SUB_B] [13:58:21] FIRESTORM_GATE_BLOCK ABTS setup=move_strike prior_bar_ticks=1207 threshold=6000
[MOVE_SUB_B] [13:58:21] FIRESTORM_GATE_BLOCK ABTS setup=move_strike prior_bar_ticks=1207 threshold=6000
[MOVE_SUB_B] [13:58:21] FIRESTORM_GATE_BLOCK ABTS setup=move_strike prior_bar_ticks=1207 threshold=6000
[MOVE_SUB_B] [13:58:21] FIRESTORM_GATE_BLOCK ABTS setup=move_strike prior_bar_ticks=1207 threshold=6000
[MOVE_SUB_B] [13:58:21] FIRESTORM_GATE_BLOCK ABTS setup=move_strike prior_bar_ticks=1207 threshold=6000
[MOVE_SUB_B] [13:58:21] FIRESTORM_GATE_BLOCK ABTS setup=move_strike prior_bar_ticks=1207 threshold=6000
[MOVE_SUB_B] [13:58:21] FIRESTORM_GATE_BLOCK ABTS setup=move_strike prior_bar_ticks=1207 threshold=6000
[MOVE_SUB_B] [13:58:21] FIRESTORM_GATE_BLOCK ABTS setup=move_strike prior_bar_ticks=1207 threshold=6000
[MOVE_SUB_B] [13:58:21] FIRESTORM_GATE_BLOCK ABTS setup=move_strike prior_bar_ticks=1207 threshold=6000
[MOVE_SUB_B] [13:58:21] FIRESTORM_GATE_BLOCK ABTS setup=move_strike prior_bar_ticks=1207 threshold=6000
[MOVE_SUB_B] [13:58:21] FIRESTORM_GATE_BLOCK ABTS setup=move_strike prior_bar_ticks=1207 threshold=6000
[MOVE_SUB_B] [13:58:21] FIRESTORM_GATE_BLOCK ABTS setup=move_strike prior_bar_ticks=1207 threshold=6000
[MOVE_SUB_B] [13:58:21] FIRESTORM_GATE_BLOCK ABTS setup=move_strike prior_bar_ticks=1207 threshold=6000
[MOVE_SUB_B] [13:58:21] FIRESTORM_GATE_BLOCK ABTS setup=move_strike prior_bar_ticks=1207 threshold=6000
[MOVE_SUB_B] [13:58:21] FIRESTORM_GATE_BLOCK ABTS setup=move_strike prior_bar_ticks=1207 threshold=6000
[MOVE_SUB_B] [13:58:21] FIRESTORM_GATE_BLOCK ABTS setup=move_strike prior_bar_ticks=1207 threshold=6000
[MOVE_SUB_B] [13:58:21] FIRESTORM_GATE_BLOCK ABTS setup=move_strike prior_bar_ticks=1207 threshold=6000
[MOVE_SUB_B] [13:58:21] FIRESTORM_GATE_BLOCK ABTS setup=move_strike prior_bar_ticks=1207 threshold=6000
[MOVE_SUB_B] [13:58:21] FIRESTORM_GATE_BLOCK ABTS setup=move_strike prior_bar_ticks=1207 threshold=6000
[MOVE_SUB_B] [13:58:21] FIRESTORM_GATE_BLOCK ABTS setup=move_strike prior_bar_ticks=1207 threshold=6000
[MOVE_SUB_B] [13:58:21] FIRESTORM_GATE_BLOCK ABTS setup=move_strike prior_bar_ticks=1207 threshold=6000
[MOVE_SUB_B] [13:58:21] FIRESTORM_GATE_BLOCK ABTS setup=move_strike prior_bar_ticks=1207 threshold=6000
[MOVE_SUB_B] [13:58:21] FIRESTORM_GATE_BLOCK ABTS setup=move_strike prior_bar_ticks=1207 threshold=6000
[MOVE_SUB_B] [13:58:21] FIRESTORM_GATE_BLOCK ABTS setup=move_strike prior_bar_ticks=1207 threshold=6000
[MOVE_SUB_B] [13:58:21] FIRESTORM_GATE_BLOCK ABTS setup=move_strike prior_bar_ticks=1207 threshold=6000
[MOVE_SUB_B] [13:58:21] FIRESTORM_GATE_BLOCK ABTS setup=move_strike prior_bar_ticks=1207 threshold=6000
[MOVE_SUB_B] [13:58:21] FIRESTORM_GATE_BLOCK ABTS setup=move_strike prior_bar_ticks=1207 threshold=6000
[MOVE_SUB_B] [13:58:21] FIRESTORM_GATE_BLOCK ABTS setup=move_strike prior_bar_ticks=1207 threshold=6000
[MOVE_SUB_B] [13:58:21] FIRESTORM_GATE_BLOCK ABTS setup=move_strike prior_bar_ticks=1207 threshold=6000
[MOVE_SUB_B] [13:58:21] FIRESTORM_GATE_BLOCK ABTS setup=move_strike prior_bar_ticks=1207 threshold=6000
[MOVE_SUB_B] [13:58:21] FIRESTORM_GATE_BLOCK ABTS setup=move_strike prior_bar_ticks=1207 threshold=6000
[MOVE_SUB_B] [13:58:21] FIRESTORM_GATE_BLOCK ABTS setup=move_strike prior_bar_ticks=1207 threshold=6000
[MOVE_SUB_B] [13:58:21] FIRESTORM_GATE_BLOCK ABTS setup=move_strike prior_bar_ticks=1207 threshold=6000
[MOVE_SUB_B] [13:58:21] FIRESTORM_GATE_BLOCK ABTS setup=move_strike prior_bar_ticks=1207 threshold=6000
[MOVE_SUB_B] [13:58:21] FIRESTORM_GATE_BLOCK ABTS setup=move_strike prior_bar_ticks=1207 threshold=6000
[MOVE_SUB_B] [13:58:21] FIRESTORM_GATE_BLOCK ABTS setup=move_strike prior_bar_ticks=1207 threshold=6000
[MOVE_SUB_B] [13:58:21] FIRESTORM_GATE_BLOCK ABTS setup=move_strike prior_bar_ticks=1207 threshold=6000
[MOVE_SUB_B] [13:58:21] FIRESTORM_GATE_BLOCK ABTS setup=move_strike prior_bar_ticks=1207 threshold=6000
[MOVE_SUB_B] [13:58:21] FIRESTORM_GATE_BLOCK ABTS setup=move_strike prior_bar_ticks=1207 threshold=6000
[MOVE_SUB_B] [13:58:21] FIRESTORM_GATE_BLOCK ABTS setup=move_strike prior_bar_ticks=1207 threshold=6000
[MOVE_SUB_B] [13:58:21] FIRESTORM_GATE_BLOCK ABTS setup=move_strike prior_bar_ticks=1207 threshold=6000
[MOVE_SUB_B] [13:58:21] FIRESTORM_GATE_BLOCK ABTS setup=move_strike prior_bar_ticks=1207 threshold=6000
[MOVE_SUB_B] [13:58:21] FIRESTORM_GATE_BLOCK ABTS setup=move_strike prior_bar_ticks=1207 threshold=6000
[MOVE_SUB_B] [13:58:21] FIRESTORM_GATE_BLOCK ABTS setup=move_strike prior_bar_ticks=1207 threshold=6000
[MOVE_SUB_B] [13:58:21] FIRESTORM_GATE_BLOCK ABTS setup=move_strike prior_bar_ticks=1207 threshold=6000
[MOVE_SUB_B] [13:58:21] FIRESTORM_GATE_BLOCK ABTS setup=move_strike prior_bar_ticks=1207 threshold=6000
[MOVE_SUB_B] [13:58:21] FIRESTORM_GATE_BLOCK ABTS setup=move_strike prior_bar_ticks=1207 threshold=6000
[MOVE_SUB_B] [13:58:21] FIRESTORM_GATE_BLOCK ABTS setup=move_strike prior_bar_ticks=1207 threshold=6000
[MOVE_SUB_B] [13:58:21] FIRESTORM_GATE_BLOCK ABTS setup=move_strike prior_bar_ticks=1207 threshold=6000
[MOVE_SUB_B] [13:58:21] FIRESTORM_GATE_BLOCK ABTS setup=move_strike prior_bar_ticks=1207 threshold=6000
[MOVE_SUB_B] [13:58:21] FIRESTORM_GATE_BLOCK ABTS setup=move_strike prior_bar_ticks=1207 threshold=6000
[MOVE_SUB_B] [13:58:21] FIRESTORM_GATE_BLOCK ABTS setup=move_strike prior_bar_ticks=1207 threshold=6000
[MOVE_SUB_B] [13:58:21] FIRESTORM_GATE_BLOCK ABTS setup=move_strike prior_bar_ticks=1207 threshold=6000
[MOVE_SUB_B] [13:58:21] FIRESTORM_GATE_BLOCK ABTS setup=move_strike prior_bar_ticks=1207 threshold=6000
[MOVE_SUB_B] [13:58:21] FIRESTORM_GATE_BLOCK ABTS setup=move_strike prior_bar_ticks=1207 threshold=6000
[MOVE_SUB_B] [13:58:21] FIRESTORM_GATE_BLOCK ABTS setup=move_strike prior_bar_ticks=1207 threshold=6000
[MOVE_SUB_B] [13:58:21] FIRESTORM_GATE_BLOCK ABTS setup=move_strike prior_bar_ticks=1207 threshold=6000
[MOVE_SUB_B] [13:58:21] FIRESTORM_GATE_BLOCK ABTS setup=move_strike prior_bar_ticks=1207 threshold=6000
[MOVE_SUB_B] [13:58:21] FIRESTORM_GATE_BLOCK ABTS setup=move_strike prior_bar_ticks=1207 threshold=6000
[MOVE_SUB_B] [13:58:21] FIRESTORM_GATE_BLOCK ABTS setup=move_strike prior_bar_ticks=1207 threshold=6000
[MOVE_SUB_B] [13:58:21] FIRESTORM_GATE_BLOCK ABTS setup=move_strike prior_bar_ticks=1207 threshold=6000
[MOVE_SUB_B] [13:58:21] FIRESTORM_GATE_BLOCK ABTS setup=move_strike prior_bar_ticks=1207 threshold=6000
[MOVE_SUB_B] [13:58:21] FIRESTORM_GATE_BLOCK ABTS setup=move_strike prior_bar_ticks=1207 threshold=6000
[MOVE_SUB_B] [13:58:21] FIRESTORM_GATE_BLOCK ABTS setup=move_strike prior_bar_ticks=1207 threshold=6000
[MOVE_SUB_B] [13:58:21] FIRESTORM_GATE_BLOCK ABTS setup=move_strike prior_bar_ticks=1207 threshold=6000
[MOVE_SUB_B] [13:58:21] FIRESTORM_GATE_BLOCK ABTS setup=move_strike prior_bar_ticks=1207 threshold=6000
[MOVE_SUB_B] [13:58:21] FIRESTORM_GATE_BLOCK ABTS setup=move_strike prior_bar_ticks=1207 threshold=6000
[MOVE_SUB_B] [13:58:21] FIRESTORM_GATE_BLOCK ABTS setup=move_strike prior_bar_ticks=1207 threshold=6000
[MOVE_SUB_B] [13:58:22] FIRESTORM_GATE_BLOCK ABTS setup=move_strike prior_bar_ticks=1207 threshold=6000
[MOVE_SUB_B] [13:58:22] FIRESTORM_GATE_BLOCK ABTS setup=move_strike prior_bar_ticks=1207 threshold=6000
[MOVE_SUB_B] [13:58:28] FIRESTORM_GATE_BLOCK ABTS setup=move_strike prior_bar_ticks=1207 threshold=6000
[MOVE_SUB_B] [13:58:28] FIRESTORM_GATE_BLOCK ABTS setup=move_strike prior_bar_ticks=1207 threshold=6000
[MOVE_SUB_B] [13:58:28] FIRESTORM_GATE_BLOCK ABTS setup=move_strike prior_bar_ticks=1207 threshold=6000
[MOVE_SUB_B] [13:58:28] FIRESTORM_GATE_BLOCK ABTS setup=move_strike prior_bar_ticks=1207 threshold=6000
[MOVE_SUB_B] [13:58:28] FIRESTORM_GATE_BLOCK ABTS setup=move_strike prior_bar_ticks=1207 threshold=6000
[MOVE_SUB_B] [13:58:28] FIRESTORM_GATE_BLOCK ABTS setup=move_strike prior_bar_ticks=1207 threshold=6000
[MOVE_SUB_B] [13:58:28] FIRESTORM_GATE_BLOCK ABTS setup=move_strike prior_bar_ticks=1207 threshold=6000
[MOVE_SUB_B] [13:59:09] STATS ticks=215807 symbols=78 pos=no daily_pnl=+0 drops=0
[MOVE_SUB_B] [14:00:09] STATS ticks=218247 symbols=78 pos=no daily_pnl=+0 drops=0
[MOVE_SUB_B] [14:00:23] FIRESTORM_GATE_BLOCK ABTS setup=move_strike prior_bar_ticks=1384 threshold=6000
[MOVE_SUB_B] [14:00:23] FIRESTORM_GATE_BLOCK ABTS setup=move_strike prior_bar_ticks=1384 threshold=6000
[MOVE_SUB_B] [14:00:23] FIRESTORM_GATE_BLOCK ABTS setup=move_strike prior_bar_ticks=1384 threshold=6000
[MOVE_SUB_B] [14:00:23] FIRESTORM_GATE_BLOCK ABTS setup=move_strike prior_bar_ticks=1384 threshold=6000
[MOVE_SUB_B] [14:00:23] FIRESTORM_GATE_BLOCK ABTS setup=move_strike prior_bar_ticks=1384 threshold=6000
[MOVE_SUB_B] [14:00:23] FIRESTORM_GATE_BLOCK ABTS setup=move_strike prior_bar_ticks=1384 threshold=6000
[MOVE_SUB_B] [14:00:23] FIRESTORM_GATE_BLOCK ABTS setup=move_strike prior_bar_ticks=1384 threshold=6000
[MOVE_SUB_B] [14:00:23] FIRESTORM_GATE_BLOCK ABTS setup=move_strike prior_bar_ticks=1384 threshold=6000
[MOVE_SUB_B] [14:00:23] FIRESTORM_GATE_BLOCK ABTS setup=move_strike prior_bar_ticks=1384 threshold=6000
[MOVE_SUB_B] [14:00:23] FIRESTORM_GATE_BLOCK ABTS setup=move_strike prior_bar_ticks=1384 threshold=6000
[MOVE_SUB_B] [14:00:23] FIRESTORM_GATE_BLOCK ABTS setup=move_strike prior_bar_ticks=1384 threshold=6000
[MOVE_SUB_B] [14:00:23] FIRESTORM_GATE_BLOCK ABTS setup=move_strike prior_bar_ticks=1384 threshold=6000
[MOVE_SUB_B] [14:00:23] FIRESTORM_GATE_BLOCK ABTS setup=move_strike prior_bar_ticks=1384 threshold=6000
[MOVE_SUB_B] [14:00:23] FIRESTORM_GATE_BLOCK ABTS setup=move_strike prior_bar_ticks=1384 threshold=6000
[MOVE_SUB_B] [14:00:23] FIRESTORM_GATE_BLOCK ABTS setup=move_strike prior_bar_ticks=1384 threshold=6000
[MOVE_SUB_B] [14:00:23] FIRESTORM_GATE_BLOCK ABTS setup=move_strike prior_bar_ticks=1384 threshold=6000
[MOVE_SUB_B] [14:00:23] FIRESTORM_GATE_BLOCK ABTS setup=move_strike prior_bar_ticks=1384 threshold=6000
[MOVE_SUB_B] [14:00:23] FIRESTORM_GATE_BLOCK ABTS setup=move_strike prior_bar_ticks=1384 threshold=6000
[MOVE_SUB_B] [14:00:23] FIRESTORM_GATE_BLOCK ABTS setup=move_strike prior_bar_ticks=1384 threshold=6000
[MOVE_SUB_B] [14:00:23] FIRESTORM_GATE_BLOCK ABTS setup=move_strike prior_bar_ticks=1384 threshold=6000
[MOVE_SUB_B] [14:00:23] FIRESTORM_GATE_BLOCK ABTS setup=move_strike prior_bar_ticks=1384 threshold=6000
[MOVE_SUB_B] [14:00:23] FIRESTORM_GATE_BLOCK ABTS setup=move_strike prior_bar_ticks=1384 threshold=6000
[MOVE_SUB_B] [14:00:23] FIRESTORM_GATE_BLOCK ABTS setup=move_strike prior_bar_ticks=1384 threshold=6000
[MOVE_SUB_B] [14:00:23] FIRESTORM_GATE_BLOCK ABTS setup=move_strike prior_bar_ticks=1384 threshold=6000
[MOVE_SUB_B] [14:00:23] FIRESTORM_GATE_BLOCK ABTS setup=move_strike prior_bar_ticks=1384 threshold=6000
[MOVE_SUB_B] [14:00:24] FIRESTORM_GATE_BLOCK ABTS setup=move_strike prior_bar_ticks=1384 threshold=6000
[MOVE_SUB_B] [14:00:24] FIRESTORM_GATE_BLOCK ABTS setup=move_strike prior_bar_ticks=1384 threshold=6000
[MOVE_SUB_B] [14:00:24] FIRESTORM_GATE_BLOCK ABTS setup=move_strike prior_bar_ticks=1384 threshold=6000
[MOVE_SUB_B] [14:00:24] FIRESTORM_GATE_BLOCK ABTS setup=move_strike prior_bar_ticks=1384 threshold=6000
[MOVE_SUB_B] [14:00:24] FIRESTORM_GATE_BLOCK ABTS setup=move_strike prior_bar_ticks=1384 threshold=6000
[MOVE_SUB_B] [14:00:24] FIRESTORM_GATE_BLOCK ABTS setup=move_strike prior_bar_ticks=1384 threshold=6000
[MOVE_SUB_B] [14:00:24] FIRESTORM_GATE_BLOCK ABTS setup=move_strike prior_bar_ticks=1384 threshold=6000
[MOVE_SUB_B] [14:00:24] FIRESTORM_GATE_BLOCK ABTS setup=move_strike prior_bar_ticks=1384 threshold=6000
[MOVE_SUB_B] [14:00:24] FIRESTORM_GATE_BLOCK ABTS setup=move_strike prior_bar_ticks=1384 threshold=6000
[MOVE_SUB_B] [14:00:24] FIRESTORM_GATE_BLOCK ABTS setup=move_strike prior_bar_ticks=1384 threshold=6000
[MOVE_SUB_B] [14:00:24] FIRESTORM_GATE_BLOCK ABTS setup=move_strike prior_bar_ticks=1384 threshold=6000
[MOVE_SUB_B] [14:00:24] FIRESTORM_GATE_BLOCK ABTS setup=move_strike prior_bar_ticks=1384 threshold=6000
[MOVE_SUB_B] [14:00:24] FIRESTORM_GATE_BLOCK ABTS setup=move_strike prior_bar_ticks=1384 threshold=6000
[MOVE_SUB_B] [14:00:24] FIRESTORM_GATE_BLOCK ABTS setup=move_strike prior_bar_ticks=1384 threshold=6000
[MOVE_SUB_B] [14:00:24] FIRESTORM_GATE_BLOCK ABTS setup=move_strike prior_bar_ticks=1384 threshold=6000
[MOVE_SUB_B] [14:00:24] FIRESTORM_GATE_BLOCK ABTS setup=move_strike prior_bar_ticks=1384 threshold=6000
[MOVE_SUB_B] [14:00:24] FIRESTORM_GATE_BLOCK ABTS setup=move_strike prior_bar_ticks=1384 threshold=6000
[MOVE_SUB_B] [14:00:24] FIRESTORM_GATE_BLOCK ABTS setup=move_strike prior_bar_ticks=1384 threshold=6000
[MOVE_SUB_B] [14:00:24] FIRESTORM_GATE_BLOCK ABTS setup=move_strike prior_bar_ticks=1384 threshold=6000
[MOVE_SUB_B] [14:00:24] FIRESTORM_GATE_BLOCK ABTS setup=move_strike prior_bar_ticks=1384 threshold=6000
[MOVE_SUB_B] [14:00:24] FIRESTORM_GATE_BLOCK ABTS setup=move_strike prior_bar_ticks=1384 threshold=6000
[MOVE_SUB_B] [14:00:24] FIRESTORM_GATE_BLOCK ABTS setup=move_strike prior_bar_ticks=1384 threshold=6000
[MOVE_SUB_B] [14:00:24] FIRESTORM_GATE_BLOCK ABTS setup=move_strike prior_bar_ticks=1384 threshold=6000
[MOVE_SUB_B] [14:00:24] FIRESTORM_GATE_BLOCK ABTS setup=move_strike prior_bar_ticks=1384 threshold=6000
[MOVE_SUB_B] [14:00:24] FIRESTORM_GATE_BLOCK ABTS setup=move_strike prior_bar_ticks=1384 threshold=6000
[MOVE_SUB_B] [14:00:24] FIRESTORM_GATE_BLOCK ABTS setup=move_strike prior_bar_ticks=1384 threshold=6000
[MOVE_SUB_B] [14:00:24] FIRESTORM_GATE_BLOCK ABTS setup=move_strike prior_bar_ticks=1384 threshold=6000
[MOVE_SUB_B] [14:00:24] FIRESTORM_GATE_BLOCK ABTS setup=move_strike prior_bar_ticks=1384 threshold=6000
[MOVE_SUB_B] [14:00:24] FIRESTORM_GATE_BLOCK ABTS setup=move_strike prior_bar_ticks=1384 threshold=6000
[MOVE_SUB_B] [14:00:24] FIRESTORM_GATE_BLOCK ABTS setup=move_strike prior_bar_ticks=1384 threshold=6000
[MOVE_SUB_B] [14:00:24] FIRESTORM_GATE_BLOCK ABTS setup=move_strike prior_bar_ticks=1384 threshold=6000
[MOVE_SUB_B] [14:00:24] FIRESTORM_GATE_BLOCK ABTS setup=move_strike prior_bar_ticks=1384 threshold=6000
[MOVE_SUB_B] [14:00:24] FIRESTORM_GATE_BLOCK ABTS setup=move_strike prior_bar_ticks=1384 threshold=6000
[MOVE_SUB_B] [14:00:24] FIRESTORM_GATE_BLOCK ABTS setup=move_strike prior_bar_ticks=1384 threshold=6000
[MOVE_SUB_B] [14:00:24] FIRESTORM_GATE_BLOCK ABTS setup=move_strike prior_bar_ticks=1384 threshold=6000
[MOVE_SUB_B] [14:00:24] FIRESTORM_GATE_BLOCK ABTS setup=move_strike prior_bar_ticks=1384 threshold=6000
[MOVE_SUB_B] [14:00:24] FIRESTORM_GATE_BLOCK ABTS setup=move_strike prior_bar_ticks=1384 threshold=6000
[MOVE_SUB_B] [14:00:24] FIRESTORM_GATE_BLOCK ABTS setup=move_strike prior_bar_ticks=1384 threshold=6000
[MOVE_SUB_B] [14:00:24] FIRESTORM_GATE_BLOCK ABTS setup=move_strike prior_bar_ticks=1384 threshold=6000
[MOVE_SUB_B] [14:00:24] FIRESTORM_GATE_BLOCK ABTS setup=move_strike prior_bar_ticks=1384 threshold=6000
[MOVE_SUB_B] [14:00:24] FIRESTORM_GATE_BLOCK ABTS setup=move_strike prior_bar_ticks=1384 threshold=6000
[MOVE_SUB_B] [14:00:24] FIRESTORM_GATE_BLOCK ABTS setup=move_strike prior_bar_ticks=1384 threshold=6000
[MOVE_SUB_B] [14:00:24] FIRESTORM_GATE_BLOCK ABTS setup=move_strike prior_bar_ticks=1384 threshold=6000
[MOVE_SUB_B] [14:00:24] FIRESTORM_GATE_BLOCK ABTS setup=move_strike prior_bar_ticks=1384 threshold=6000
[MOVE_SUB_B] [14:00:24] FIRESTORM_GATE_BLOCK ABTS setup=move_strike prior_bar_ticks=1384 threshold=6000
[MOVE_SUB_B] [14:00:24] FIRESTORM_GATE_BLOCK ABTS setup=move_strike prior_bar_ticks=1384 threshold=6000
[MOVE_SUB_B] [14:00:24] FIRESTORM_GATE_BLOCK ABTS setup=move_strike prior_bar_ticks=1384 threshold=6000
[MOVE_SUB_B] [14:00:24] FIRESTORM_GATE_BLOCK ABTS setup=move_strike prior_bar_ticks=1384 threshold=6000
[MOVE_SUB_B] [14:00:24] FIRESTORM_GATE_BLOCK ABTS setup=move_strike prior_bar_ticks=1384 threshold=6000
[MOVE_SUB_B] [14:00:24] FIRESTORM_GATE_BLOCK ABTS setup=move_strike prior_bar_ticks=1384 threshold=6000
[MOVE_SUB_B] [14:00:24] FIRESTORM_GATE_BLOCK ABTS setup=move_strike prior_bar_ticks=1384 threshold=6000
[MOVE_SUB_B] [14:00:24] FIRESTORM_GATE_BLOCK ABTS setup=move_strike prior_bar_ticks=1384 threshold=6000
[MOVE_SUB_B] [14:00:24] FIRESTORM_GATE_BLOCK ABTS setup=move_strike prior_bar_ticks=1384 threshold=6000
[MOVE_SUB_B] [14:00:24] FIRESTORM_GATE_BLOCK ABTS setup=move_strike prior_bar_ticks=1384 threshold=6000
[MOVE_SUB_B] [14:00:24] FIRESTORM_GATE_BLOCK ABTS setup=move_strike prior_bar_ticks=1384 threshold=6000
[MOVE_SUB_B] [14:00:24] FIRESTORM_GATE_BLOCK ABTS setup=move_strike prior_bar_ticks=1384 threshold=6000
[MOVE_SUB_B] [14:00:24] FIRESTORM_GATE_BLOCK ABTS setup=move_strike prior_bar_ticks=1384 threshold=6000
[MOVE_SUB_B] [14:00:24] FIRESTORM_GATE_BLOCK ABTS setup=move_strike prior_bar_ticks=1384 threshold=6000
[MOVE_SUB_B] [14:00:24] FIRESTORM_GATE_BLOCK ABTS setup=move_strike prior_bar_ticks=1384 threshold=6000
[MOVE_SUB_B] [14:00:24] FIRESTORM_GATE_BLOCK ABTS setup=move_strike prior_bar_ticks=1384 threshold=6000
[MOVE_SUB_B] [14:00:24] FIRESTORM_GATE_BLOCK ABTS setup=move_strike prior_bar_ticks=1384 threshold=6000
[MOVE_SUB_B] [14:00:24] FIRESTORM_GATE_BLOCK ABTS setup=move_strike prior_bar_ticks=1384 threshold=6000
[MOVE_SUB_B] [14:00:24] FIRESTORM_GATE_BLOCK ABTS setup=move_strike prior_bar_ticks=1384 threshold=6000
[MOVE_SUB_B] [14:00:24] FIRESTORM_GATE_BLOCK ABTS setup=move_strike prior_bar_ticks=1384 threshold=6000
[MOVE_SUB_B] [14:00:24] FIRESTORM_GATE_BLOCK ABTS setup=move_strike prior_bar_ticks=1384 threshold=6000
[MOVE_SUB_B] [14:00:24] FIRESTORM_GATE_BLOCK ABTS setup=move_strike prior_bar_ticks=1384 threshold=6000
[MOVE_SUB_B] [14:00:24] FIRESTORM_GATE_BLOCK ABTS setup=move_strike prior_bar_ticks=1384 threshold=6000
[MOVE_SUB_B] [14:00:24] FIRESTORM_GATE_BLOCK ABTS setup=move_strike prior_bar_ticks=1384 threshold=6000
[MOVE_SUB_B] [14:00:24] FIRESTORM_GATE_BLOCK ABTS setup=move_strike prior_bar_ticks=1384 threshold=6000
[MOVE_SUB_B] [14:00:24] FIRESTORM_GATE_BLOCK ABTS setup=move_strike prior_bar_ticks=1384 threshold=6000
[MOVE_SUB_B] [14:00:24] FIRESTORM_GATE_BLOCK ABTS setup=move_strike prior_bar_ticks=1384 threshold=6000
[MOVE_SUB_B] [14:00:24] FIRESTORM_GATE_BLOCK ABTS setup=move_strike prior_bar_ticks=1384 threshold=6000
[MOVE_SUB_B] [14:00:24] FIRESTORM_GATE_BLOCK ABTS setup=move_strike prior_bar_ticks=1384 threshold=6000
[MOVE_SUB_B] [14:00:25] FIRESTORM_GATE_BLOCK ABTS setup=move_strike prior_bar_ticks=1384 threshold=6000
[MOVE_SUB_B] [14:00:25] FIRESTORM_GATE_BLOCK ABTS setup=move_strike prior_bar_ticks=1384 threshold=6000
[MOVE_SUB_B] [14:00:25] FIRESTORM_GATE_BLOCK ABTS setup=move_strike prior_bar_ticks=1384 threshold=6000
[MOVE_SUB_B] [14:00:25] FIRESTORM_GATE_BLOCK ABTS setup=move_strike prior_bar_ticks=1384 threshold=6000
[MOVE_SUB_B] [14:00:25] FIRESTORM_GATE_BLOCK ABTS setup=move_strike prior_bar_ticks=1384 threshold=6000
[MOVE_SUB_B] [14:00:25] FIRESTORM_GATE_BLOCK ABTS setup=move_strike prior_bar_ticks=1384 threshold=6000
[MOVE_SUB_B] [14:00:25] FIRESTORM_GATE_BLOCK ABTS setup=move_strike prior_bar_ticks=1384 threshold=6000
[MOVE_SUB_B] [14:00:25] FIRESTORM_GATE_BLOCK ABTS setup=move_strike prior_bar_ticks=1384 threshold=6000
[MOVE_SUB_B] [14:00:25] FIRESTORM_GATE_BLOCK ABTS setup=move_strike prior_bar_ticks=1384 threshold=6000
[MOVE_SUB_B] [14:00:25] FIRESTORM_GATE_BLOCK ABTS setup=move_strike prior_bar_ticks=1384 threshold=6000
[MOVE_SUB_B] [14:00:25] FIRESTORM_GATE_BLOCK ABTS setup=move_strike prior_bar_ticks=1384 threshold=6000
[MOVE_SUB_B] [14:00:25] FIRESTORM_GATE_BLOCK ABTS setup=move_strike prior_bar_ticks=1384 threshold=6000
[MOVE_SUB_B] [14:00:25] FIRESTORM_GATE_BLOCK ABTS setup=move_strike prior_bar_ticks=1384 threshold=6000
[MOVE_SUB_B] [14:00:25] FIRESTORM_GATE_BLOCK ABTS setup=move_strike prior_bar_ticks=1384 threshold=6000
[MOVE_SUB_B] [14:00:25] FIRESTORM_GATE_BLOCK ABTS setup=move_strike prior_bar_ticks=1384 threshold=6000
[MOVE_SUB_B] [14:00:25] FIRESTORM_GATE_BLOCK ABTS setup=move_strike prior_bar_ticks=1384 threshold=6000
[MOVE_SUB_B] [14:00:25] FIRESTORM_GATE_BLOCK ABTS setup=move_strike prior_bar_ticks=1384 threshold=6000
[MOVE_SUB_B] [14:00:25] FIRESTORM_GATE_BLOCK ABTS setup=move_strike prior_bar_ticks=1384 threshold=6000
[MOVE_SUB_B] [14:00:25] FIRESTORM_GATE_BLOCK ABTS setup=move_strike prior_bar_ticks=1384 threshold=6000
[MOVE_SUB_B] [14:00:25] FIRESTORM_GATE_BLOCK ABTS setup=move_strike prior_bar_ticks=1384 threshold=6000
[MOVE_SUB_B] [14:00:25] FIRESTORM_GATE_BLOCK ABTS setup=move_strike prior_bar_ticks=1384 threshold=6000
[MOVE_SUB_B] [14:00:25] FIRESTORM_GATE_BLOCK ABTS setup=move_strike prior_bar_ticks=1384 threshold=6000
[MOVE_SUB_B] [14:00:25] FIRESTORM_GATE_BLOCK ABTS setup=move_strike prior_bar_ticks=1384 threshold=6000
[MOVE_SUB_B] [14:00:25] FIRESTORM_GATE_BLOCK ABTS setup=move_strike prior_bar_ticks=1384 threshold=6000
[MOVE_SUB_B] [14:00:25] FIRESTORM_GATE_BLOCK ABTS setup=move_strike prior_bar_ticks=1384 threshold=6000
[MOVE_SUB_B] [14:00:25] FIRESTORM_GATE_BLOCK ABTS setup=move_strike prior_bar_ticks=1384 threshold=6000
[MOVE_SUB_B] [14:00:25] FIRESTORM_GATE_BLOCK ABTS setup=move_strike prior_bar_ticks=1384 threshold=6000
[MOVE_SUB_B] [14:00:25] FIRESTORM_GATE_BLOCK ABTS setup=move_strike prior_bar_ticks=1384 threshold=6000
[MOVE_SUB_B] [14:00:25] FIRESTORM_GATE_BLOCK ABTS setup=move_strike prior_bar_ticks=1384 threshold=6000
[MOVE_SUB_B] [14:00:25] FIRESTORM_GATE_BLOCK ABTS setup=move_strike prior_bar_ticks=1384 threshold=6000
[MOVE_SUB_B] [14:00:25] FIRESTORM_GATE_BLOCK ABTS setup=move_strike prior_bar_ticks=1384 threshold=6000
[MOVE_SUB_B] [14:00:25] FIRESTORM_GATE_BLOCK ABTS setup=move_strike prior_bar_ticks=1384 threshold=6000
[MOVE_SUB_B] [14:00:25] FIRESTORM_GATE_BLOCK ABTS setup=move_strike prior_bar_ticks=1384 threshold=6000
[MOVE_SUB_B] [14:00:25] FIRESTORM_GATE_BLOCK ABTS setup=move_strike prior_bar_ticks=1384 threshold=6000
[MOVE_SUB_B] [14:00:25] FIRESTORM_GATE_BLOCK ABTS setup=move_strike prior_bar_ticks=1384 threshold=6000
[MOVE_SUB_B] [14:00:25] FIRESTORM_GATE_BLOCK ABTS setup=move_strike prior_bar_ticks=1384 threshold=6000
[MOVE_SUB_B] [14:00:25] FIRESTORM_GATE_BLOCK ABTS setup=move_strike prior_bar_ticks=1384 threshold=6000
[MOVE_SUB_B] [14:00:25] FIRESTORM_GATE_BLOCK ABTS setup=move_strike prior_bar_ticks=1384 threshold=6000
[MOVE_SUB_B] [14:00:25] FIRESTORM_GATE_BLOCK ABTS setup=move_strike prior_bar_ticks=1384 threshold=6000
[MOVE_SUB_B] [14:00:25] FIRESTORM_GATE_BLOCK ABTS setup=move_strike prior_bar_ticks=1384 threshold=6000
[MOVE_SUB_B] [14:00:25] FIRESTORM_GATE_BLOCK ABTS setup=move_strike prior_bar_ticks=1384 threshold=6000
[MOVE_SUB_B] [14:00:25] FIRESTORM_GATE_BLOCK ABTS setup=move_strike prior_bar_ticks=1384 threshold=6000
[MOVE_SUB_B] [14:00:25] FIRESTORM_GATE_BLOCK ABTS setup=move_strike prior_bar_ticks=1384 threshold=6000
[MOVE_SUB_B] [14:00:25] FIRESTORM_GATE_BLOCK ABTS setup=move_strike prior_bar_ticks=1384 threshold=6000
[MOVE_SUB_B] [14:00:25] FIRESTORM_GATE_BLOCK ABTS setup=move_strike prior_bar_ticks=1384 threshold=6000
[MOVE_SUB_B] [14:00:25] FIRESTORM_GATE_BLOCK ABTS setup=move_strike prior_bar_ticks=1384 threshold=6000
[MOVE_SUB_B] [14:00:25] FIRESTORM_GATE_BLOCK ABTS setup=move_strike prior_bar_ticks=1384 threshold=6000
[MOVE_SUB_B] [14:00:25] FIRESTORM_GATE_BLOCK ABTS setup=move_strike prior_bar_ticks=1384 threshold=6000
[MOVE_SUB_B] [14:00:25] FIRESTORM_GATE_BLOCK ABTS setup=move_strike prior_bar_ticks=1384 threshold=6000
[MOVE_SUB_B] [14:00:25] FIRESTORM_GATE_BLOCK ABTS setup=move_strike prior_bar_ticks=1384 threshold=6000
[MOVE_SUB_B] [14:00:25] FIRESTORM_GATE_BLOCK ABTS setup=move_strike prior_bar_ticks=1384 threshold=6000
[MOVE_SUB_B] [14:00:25] FIRESTORM_GATE_BLOCK ABTS setup=move_strike prior_bar_ticks=1384 threshold=6000
[MOVE_SUB_B] [14:00:25] FIRESTORM_GATE_BLOCK ABTS setup=move_strike prior_bar_ticks=1384 threshold=6000
[MOVE_SUB_B] [14:00:25] FIRESTORM_GATE_BLOCK ABTS setup=move_strike prior_bar_ticks=1384 threshold=6000
[MOVE_SUB_B] [14:00:25] FIRESTORM_GATE_BLOCK ABTS setup=move_strike prior_bar_ticks=1384 threshold=6000
[MOVE_SUB_B] [14:00:26] FIRESTORM_GATE_BLOCK ABTS setup=move_strike prior_bar_ticks=1384 threshold=6000
[MOVE_SUB_B] [14:00:26] FIRESTORM_GATE_BLOCK ABTS setup=move_strike prior_bar_ticks=1384 threshold=6000
[MOVE_SUB_B] [14:00:26] FIRESTORM_GATE_BLOCK ABTS setup=move_strike prior_bar_ticks=1384 threshold=6000
[MOVE_SUB_B] [14:00:26] FIRESTORM_GATE_BLOCK ABTS setup=move_strike prior_bar_ticks=1384 threshold=6000
[MOVE_SUB_B] [14:00:26] FIRESTORM_GATE_BLOCK ABTS setup=move_strike prior_bar_ticks=1384 threshold=6000
[MOVE_SUB_B] [14:00:26] FIRESTORM_GATE_BLOCK ABTS setup=move_strike prior_bar_ticks=1384 threshold=6000
[MOVE_SUB_B] [14:00:26] FIRESTORM_GATE_BLOCK ABTS setup=move_strike prior_bar_ticks=1384 threshold=6000
[MOVE_SUB_B] [14:00:26] FIRESTORM_GATE_BLOCK ABTS setup=move_strike prior_bar_ticks=1384 threshold=6000
[MOVE_SUB_B] [14:00:26] FIRESTORM_GATE_BLOCK ABTS setup=move_strike prior_bar_ticks=1384 threshold=6000
[MOVE_SUB_B] [14:00:26] FIRESTORM_GATE_BLOCK ABTS setup=move_strike prior_bar_ticks=1384 threshold=6000
[MOVE_SUB_B] [14:00:26] FIRESTORM_GATE_BLOCK ABTS setup=move_strike prior_bar_ticks=1384 threshold=6000
[MOVE_SUB_B] [14:00:26] FIRESTORM_GATE_BLOCK ABTS setup=move_strike prior_bar_ticks=1384 threshold=6000
[MOVE_SUB_B] [14:00:26] FIRESTORM_GATE_BLOCK ABTS setup=move_strike prior_bar_ticks=1384 threshold=6000
[MOVE_SUB_B] [14:00:26] FIRESTORM_GATE_BLOCK ABTS setup=move_strike prior_bar_ticks=1384 threshold=6000
[MOVE_SUB_B] [14:00:26] FIRESTORM_GATE_BLOCK ABTS setup=move_strike prior_bar_ticks=1384 threshold=6000
[MOVE_SUB_B] [14:00:26] FIRESTORM_GATE_BLOCK ABTS setup=move_strike prior_bar_ticks=1384 threshold=6000
[MOVE_SUB_B] [14:00:26] FIRESTORM_GATE_BLOCK ABTS setup=move_strike prior_bar_ticks=1384 threshold=6000
[MOVE_SUB_B] [14:00:26] FIRESTORM_GATE_BLOCK ABTS setup=move_strike prior_bar_ticks=1384 threshold=6000
[MOVE_SUB_B] [14:00:26] FIRESTORM_GATE_BLOCK ABTS setup=move_strike prior_bar_ticks=1384 threshold=6000
[MOVE_SUB_B] [14:00:26] FIRESTORM_GATE_BLOCK ABTS setup=move_strike prior_bar_ticks=1384 threshold=6000
[MOVE_SUB_B] [14:00:26] FIRESTORM_GATE_BLOCK ABTS setup=move_strike prior_bar_ticks=1384 threshold=6000
[MOVE_SUB_B] [14:00:26] FIRESTORM_GATE_BLOCK ABTS setup=move_strike prior_bar_ticks=1384 threshold=6000
[MOVE_SUB_B] [14:00:26] FIRESTORM_GATE_BLOCK ABTS setup=move_strike prior_bar_ticks=1384 threshold=6000
[MOVE_SUB_B] [14:00:26] FIRESTORM_GATE_BLOCK ABTS setup=move_strike prior_bar_ticks=1384 threshold=6000
[MOVE_SUB_B] [14:00:26] FIRESTORM_GATE_BLOCK ABTS setup=move_strike prior_bar_ticks=1384 threshold=6000
[MOVE_SUB_B] [14:00:26] FIRESTORM_GATE_BLOCK ABTS setup=move_strike prior_bar_ticks=1384 threshold=6000
[MOVE_SUB_B] [14:00:26] FIRESTORM_GATE_BLOCK ABTS setup=move_strike prior_bar_ticks=1384 threshold=6000
[MOVE_SUB_B] [14:00:26] FIRESTORM_GATE_BLOCK ABTS setup=move_strike prior_bar_ticks=1384 threshold=6000
[MOVE_SUB_B] [14:00:26] FIRESTORM_GATE_BLOCK ABTS setup=move_strike prior_bar_ticks=1384 threshold=6000
[MOVE_SUB_B] [14:00:26] FIRESTORM_GATE_BLOCK ABTS setup=move_strike prior_bar_ticks=1384 threshold=6000
[MOVE_SUB_B] [14:00:26] FIRESTORM_GATE_BLOCK ABTS setup=move_strike prior_bar_ticks=1384 threshold=6000
[MOVE_SUB_B] [14:00:26] FIRESTORM_GATE_BLOCK ABTS setup=move_strike prior_bar_ticks=1384 threshold=6000
[MOVE_SUB_B] [14:00:26] FIRESTORM_GATE_BLOCK ABTS setup=move_strike prior_bar_ticks=1384 threshold=6000
[MOVE_SUB_B] [14:00:26] FIRESTORM_GATE_BLOCK ABTS setup=move_strike prior_bar_ticks=1384 threshold=6000
[MOVE_SUB_B] [14:00:26] FIRESTORM_GATE_BLOCK ABTS setup=move_strike prior_bar_ticks=1384 threshold=6000
[MOVE_SUB_B] [14:00:26] FIRESTORM_GATE_BLOCK ABTS setup=move_strike prior_bar_ticks=1384 threshold=6000
[MOVE_SUB_B] [14:00:26] FIRESTORM_GATE_BLOCK ABTS setup=move_strike prior_bar_ticks=1384 threshold=6000
[MOVE_SUB_B] [14:00:26] FIRESTORM_GATE_BLOCK ABTS setup=move_strike prior_bar_ticks=1384 threshold=6000
[MOVE_SUB_B] [14:00:26] FIRESTORM_GATE_BLOCK ABTS setup=move_strike prior_bar_ticks=1384 threshold=6000
[MOVE_SUB_B] [14:00:26] FIRESTORM_GATE_BLOCK ABTS setup=move_strike prior_bar_ticks=1384 threshold=6000
[MOVE_SUB_B] [14:00:27] FIRESTORM_GATE_BLOCK ABTS setup=move_strike prior_bar_ticks=1384 threshold=6000
[MOVE_SUB_B] [14:00:27] FIRESTORM_GATE_BLOCK ABTS setup=move_strike prior_bar_ticks=1384 threshold=6000
[MOVE_SUB_B] [14:00:27] FIRESTORM_GATE_BLOCK ABTS setup=move_strike prior_bar_ticks=1384 threshold=6000
[MOVE_SUB_B] [14:00:27] FIRESTORM_GATE_BLOCK ABTS setup=move_strike prior_bar_ticks=1384 threshold=6000
[MOVE_SUB_B] [14:00:27] FIRESTORM_GATE_BLOCK ABTS setup=move_strike prior_bar_ticks=1384 threshold=6000
[MOVE_SUB_B] [14:00:27] FIRESTORM_GATE_BLOCK ABTS setup=move_strike prior_bar_ticks=1384 threshold=6000
[MOVE_SUB_B] [14:00:27] FIRESTORM_GATE_BLOCK ABTS setup=move_strike prior_bar_ticks=1384 threshold=6000
[MOVE_SUB_B] [14:00:27] FIRESTORM_GATE_BLOCK ABTS setup=move_strike prior_bar_ticks=1384 threshold=6000
[MOVE_SUB_B] [14:00:27] FIRESTORM_GATE_BLOCK ABTS setup=move_strike prior_bar_ticks=1384 threshold=6000
[MOVE_SUB_B] [14:00:27] FIRESTORM_GATE_BLOCK ABTS setup=move_strike prior_bar_ticks=1384 threshold=6000
[MOVE_SUB_B] [14:00:27] FIRESTORM_GATE_BLOCK ABTS setup=move_strike prior_bar_ticks=1384 threshold=6000
[MOVE_SUB_B] [14:00:27] FIRESTORM_GATE_BLOCK ABTS setup=move_strike prior_bar_ticks=1384 threshold=6000
[MOVE_SUB_B] [14:00:27] FIRESTORM_GATE_BLOCK ABTS setup=move_strike prior_bar_ticks=1384 threshold=6000
[MOVE_SUB_B] [14:00:27] FIRESTORM_GATE_BLOCK ABTS setup=move_strike prior_bar_ticks=1384 threshold=6000
[MOVE_SUB_B] [14:00:27] FIRESTORM_GATE_BLOCK ABTS setup=move_strike prior_bar_ticks=1384 threshold=6000
[MOVE_SUB_B] [14:00:27] FIRESTORM_GATE_BLOCK ABTS setup=move_strike prior_bar_ticks=1384 threshold=6000
[MOVE_SUB_B] [14:00:27] FIRESTORM_GATE_BLOCK ABTS setup=move_strike prior_bar_ticks=1384 threshold=6000
[MOVE_SUB_B] [14:00:27] FIRESTORM_GATE_BLOCK ABTS setup=move_strike prior_bar_ticks=1384 threshold=6000
[MOVE_SUB_B] [14:00:27] FIRESTORM_GATE_BLOCK ABTS setup=move_strike prior_bar_ticks=1384 threshold=6000
[MOVE_SUB_B] [14:00:27] FIRESTORM_GATE_BLOCK ABTS setup=move_strike prior_bar_ticks=1384 threshold=6000
[MOVE_SUB_B] [14:00:27] FIRESTORM_GATE_BLOCK ABTS setup=move_strike prior_bar_ticks=1384 threshold=6000
[MOVE_SUB_B] [14:00:27] FIRESTORM_GATE_BLOCK ABTS setup=move_strike prior_bar_ticks=1384 threshold=6000
[MOVE_SUB_B] [14:00:27] FIRESTORM_GATE_BLOCK ABTS setup=move_strike prior_bar_ticks=1384 threshold=6000
[MOVE_SUB_B] [14:00:27] FIRESTORM_GATE_BLOCK ABTS setup=move_strike prior_bar_ticks=1384 threshold=6000
[MOVE_SUB_B] [14:00:27] FIRESTORM_GATE_BLOCK ABTS setup=move_strike prior_bar_ticks=1384 threshold=6000
[MOVE_SUB_B] [14:00:27] FIRESTORM_GATE_BLOCK ABTS setup=move_strike prior_bar_ticks=1384 threshold=6000
[MOVE_SUB_B] [14:00:27] FIRESTORM_GATE_BLOCK ABTS setup=move_strike prior_bar_ticks=1384 threshold=6000
[MOVE_SUB_B] [14:00:27] FIRESTORM_GATE_BLOCK ABTS setup=move_strike prior_bar_ticks=1384 threshold=6000
[MOVE_SUB_B] [14:00:27] FIRESTORM_GATE_BLOCK ABTS setup=move_strike prior_bar_ticks=1384 threshold=6000
[MOVE_SUB_B] [14:00:27] FIRESTORM_GATE_BLOCK ABTS setup=move_strike prior_bar_ticks=1384 threshold=6000
[MOVE_SUB_B] [14:00:27] FIRESTORM_GATE_BLOCK ABTS setup=move_strike prior_bar_ticks=1384 threshold=6000
[MOVE_SUB_B] [14:00:27] FIRESTORM_GATE_BLOCK ABTS setup=move_strike prior_bar_ticks=1384 threshold=6000
[MOVE_SUB_B] [14:00:27] FIRESTORM_GATE_BLOCK ABTS setup=move_strike prior_bar_ticks=1384 threshold=6000
[MOVE_SUB_B] [14:00:27] FIRESTORM_GATE_BLOCK ABTS setup=move_strike prior_bar_ticks=1384 threshold=6000
[MOVE_SUB_B] [14:00:27] FIRESTORM_GATE_BLOCK ABTS setup=move_strike prior_bar_ticks=1384 threshold=6000
[MOVE_SUB_B] [14:00:27] FIRESTORM_GATE_BLOCK ABTS setup=move_strike prior_bar_ticks=1384 threshold=6000
[MOVE_SUB_B] [14:00:27] FIRESTORM_GATE_BLOCK ABTS setup=move_strike prior_bar_ticks=1384 threshold=6000
[MOVE_SUB_B] [14:00:28] FIRESTORM_GATE_BLOCK ABTS setup=move_strike prior_bar_ticks=1384 threshold=6000
[MOVE_SUB_B] [14:00:28] FIRESTORM_GATE_BLOCK ABTS setup=move_strike prior_bar_ticks=1384 threshold=6000
[MOVE_SUB_B] [14:00:28] FIRESTORM_GATE_BLOCK ABTS setup=move_strike prior_bar_ticks=1384 threshold=6000
[MOVE_SUB_B] [14:00:28] FIRESTORM_GATE_BLOCK ABTS setup=move_strike prior_bar_ticks=1384 threshold=6000
[MOVE_SUB_B] [14:00:28] FIRESTORM_GATE_BLOCK ABTS setup=move_strike prior_bar_ticks=1384 threshold=6000
[MOVE_SUB_B] [14:00:28] FIRESTORM_GATE_BLOCK ABTS setup=move_strike prior_bar_ticks=1384 threshold=6000
[MOVE_SUB_B] [14:00:28] FIRESTORM_GATE_BLOCK ABTS setup=move_strike prior_bar_ticks=1384 threshold=6000
[MOVE_SUB_B] [14:00:28] FIRESTORM_GATE_BLOCK ABTS setup=move_strike prior_bar_ticks=1384 threshold=6000
[MOVE_SUB_B] [14:00:28] FIRESTORM_GATE_BLOCK ABTS setup=move_strike prior_bar_ticks=1384 threshold=6000
[MOVE_SUB_B] [14:00:28] FIRESTORM_GATE_BLOCK ABTS setup=move_strike prior_bar_ticks=1384 threshold=6000
[MOVE_SUB_B] [14:00:28] FIRESTORM_GATE_BLOCK ABTS setup=move_strike prior_bar_ticks=1384 threshold=6000
[MOVE_SUB_B] [14:00:28] FIRESTORM_GATE_BLOCK ABTS setup=move_strike prior_bar_ticks=1384 threshold=6000
[MOVE_SUB_B] [14:00:28] FIRESTORM_GATE_BLOCK ABTS setup=move_strike prior_bar_ticks=1384 threshold=6000
[MOVE_SUB_B] [14:00:28] FIRESTORM_GATE_BLOCK ABTS setup=move_strike prior_bar_ticks=1384 threshold=6000
[MOVE_SUB_B] [14:00:28] FIRESTORM_GATE_BLOCK ABTS setup=move_strike prior_bar_ticks=1384 threshold=6000
[MOVE_SUB_B] [14:00:28] FIRESTORM_GATE_BLOCK ABTS setup=move_strike prior_bar_ticks=1384 threshold=6000
[MOVE_SUB_B] [14:00:28] FIRESTORM_GATE_BLOCK ABTS setup=move_strike prior_bar_ticks=1384 threshold=6000
[MOVE_SUB_B] [14:00:28] FIRESTORM_GATE_BLOCK ABTS setup=move_strike prior_bar_ticks=1384 threshold=6000
[MOVE_SUB_B] [14:00:28] FIRESTORM_GATE_BLOCK ABTS setup=move_strike prior_bar_ticks=1384 threshold=6000
[MOVE_SUB_B] [14:00:28] FIRESTORM_GATE_BLOCK ABTS setup=move_strike prior_bar_ticks=1384 threshold=6000
[MOVE_SUB_B] [14:00:28] FIRESTORM_GATE_BLOCK ABTS setup=move_strike prior_bar_ticks=1384 threshold=6000
[MOVE_SUB_B] [14:00:28] FIRESTORM_GATE_BLOCK ABTS setup=move_strike prior_bar_ticks=1384 threshold=6000
[MOVE_SUB_B] [14:00:28] FIRESTORM_GATE_BLOCK ABTS setup=move_strike prior_bar_ticks=1384 threshold=6000
[MOVE_SUB_B] [14:00:28] FIRESTORM_GATE_BLOCK ABTS setup=move_strike prior_bar_ticks=1384 threshold=6000
[MOVE_SUB_B] [14:00:28] FIRESTORM_GATE_BLOCK ABTS setup=move_strike prior_bar_ticks=1384 threshold=6000
[MOVE_SUB_B] [14:00:28] FIRESTORM_GATE_BLOCK ABTS setup=move_strike prior_bar_ticks=1384 threshold=6000
[MOVE_SUB_B] [14:00:28] FIRESTORM_GATE_BLOCK ABTS setup=move_strike prior_bar_ticks=1384 threshold=6000
[MOVE_SUB_B] [14:00:28] FIRESTORM_GATE_BLOCK ABTS setup=move_strike prior_bar_ticks=1384 threshold=6000
[MOVE_SUB_B] [14:00:28] FIRESTORM_GATE_BLOCK ABTS setup=move_strike prior_bar_ticks=1384 threshold=6000
[MOVE_SUB_B] [14:00:28] FIRESTORM_GATE_BLOCK ABTS setup=move_strike prior_bar_ticks=1384 threshold=6000
[MOVE_SUB_B] [14:00:28] FIRESTORM_GATE_BLOCK ABTS setup=move_strike prior_bar_ticks=1384 threshold=6000
[MOVE_SUB_B] [14:00:28] FIRESTORM_GATE_BLOCK ABTS setup=move_strike prior_bar_ticks=1384 threshold=6000
[MOVE_SUB_B] [14:00:29] FIRESTORM_GATE_BLOCK ABTS setup=move_strike prior_bar_ticks=1384 threshold=6000
[MOVE_SUB_B] [14:00:29] FIRESTORM_GATE_BLOCK ABTS setup=move_strike prior_bar_ticks=1384 threshold=6000
[MOVE_SUB_B] [14:00:29] FIRESTORM_GATE_BLOCK ABTS setup=move_strike prior_bar_ticks=1384 threshold=6000
[MOVE_SUB_B] [14:00:29] FIRESTORM_GATE_BLOCK ABTS setup=move_strike prior_bar_ticks=1384 threshold=6000
[MOVE_SUB_B] [14:00:29] FIRESTORM_GATE_BLOCK ABTS setup=move_strike prior_bar_ticks=1384 threshold=6000
[MOVE_SUB_B] [14:00:29] FIRESTORM_GATE_BLOCK ABTS setup=move_strike prior_bar_ticks=1384 threshold=6000
[MOVE_SUB_B] [14:00:29] FIRESTORM_GATE_BLOCK ABTS setup=move_strike prior_bar_ticks=1384 threshold=6000
[MOVE_SUB_B] [14:00:29] FIRESTORM_GATE_BLOCK ABTS setup=move_strike prior_bar_ticks=1384 threshold=6000
[MOVE_SUB_B] [14:00:29] FIRESTORM_GATE_BLOCK ABTS setup=move_strike prior_bar_ticks=1384 threshold=6000
[MOVE_SUB_B] [14:00:29] FIRESTORM_GATE_BLOCK ABTS setup=move_strike prior_bar_ticks=1384 threshold=6000
[MOVE_SUB_B] [14:00:29] FIRESTORM_GATE_BLOCK ABTS setup=move_strike prior_bar_ticks=1384 threshold=6000
[MOVE_SUB_B] [14:00:29] FIRESTORM_GATE_BLOCK ABTS setup=move_strike prior_bar_ticks=1384 threshold=6000
[MOVE_SUB_B] [14:00:29] FIRESTORM_GATE_BLOCK ABTS setup=move_strike prior_bar_ticks=1384 threshold=6000
[MOVE_SUB_B] [14:00:29] FIRESTORM_GATE_BLOCK ABTS setup=move_strike prior_bar_ticks=1384 threshold=6000
[MOVE_SUB_B] [14:00:29] FIRESTORM_GATE_BLOCK ABTS setup=move_strike prior_bar_ticks=1384 threshold=6000
[MOVE_SUB_B] [14:00:29] FIRESTORM_GATE_BLOCK ABTS setup=move_strike prior_bar_ticks=1384 threshold=6000
[MOVE_SUB_B] [14:00:29] FIRESTORM_GATE_BLOCK ABTS setup=move_strike prior_bar_ticks=1384 threshold=6000
[MOVE_SUB_B] [14:00:29] FIRESTORM_GATE_BLOCK ABTS setup=move_strike prior_bar_ticks=1384 threshold=6000
[MOVE_SUB_B] [14:00:29] FIRESTORM_GATE_BLOCK ABTS setup=move_strike prior_bar_ticks=1384 threshold=6000
[MOVE_SUB_B] [14:00:29] FIRESTORM_GATE_BLOCK ABTS setup=move_strike prior_bar_ticks=1384 threshold=6000
[MOVE_SUB_B] [14:00:29] FIRESTORM_GATE_BLOCK ABTS setup=move_strike prior_bar_ticks=1384 threshold=6000
[MOVE_SUB_B] [14:00:30] FIRESTORM_GATE_BLOCK ABTS setup=move_strike prior_bar_ticks=1384 threshold=6000
[MOVE_SUB_B] [14:00:30] FIRESTORM_GATE_BLOCK ABTS setup=move_strike prior_bar_ticks=1384 threshold=6000
[MOVE_SUB_B] [14:00:30] FIRESTORM_GATE_BLOCK ABTS setup=move_strike prior_bar_ticks=1384 threshold=6000
[MOVE_SUB_B] [14:00:30] FIRESTORM_GATE_BLOCK ABTS setup=move_strike prior_bar_ticks=1384 threshold=6000
[MOVE_SUB_B] [14:00:30] FIRESTORM_GATE_BLOCK ABTS setup=move_strike prior_bar_ticks=1384 threshold=6000
[MOVE_SUB_B] [14:00:30] FIRESTORM_GATE_BLOCK ABTS setup=move_strike prior_bar_ticks=1384 threshold=6000
[MOVE_SUB_B] [14:00:30] FIRESTORM_GATE_BLOCK ABTS setup=move_strike prior_bar_ticks=1384 threshold=6000
[MOVE_SUB_B] [14:00:30] FIRESTORM_GATE_BLOCK ABTS setup=move_strike prior_bar_ticks=1384 threshold=6000
[MOVE_SUB_B] [14:00:30] FIRESTORM_GATE_BLOCK ABTS setup=move_strike prior_bar_ticks=1384 threshold=6000
[MOVE_SUB_B] [14:00:30] FIRESTORM_GATE_BLOCK ABTS setup=move_strike prior_bar_ticks=1384 threshold=6000
[MOVE_SUB_B] [14:00:30] FIRESTORM_GATE_BLOCK ABTS setup=move_strike prior_bar_ticks=1384 threshold=6000
[MOVE_SUB_B] [14:00:30] FIRESTORM_GATE_BLOCK ABTS setup=move_strike prior_bar_ticks=1384 threshold=6000
[MOVE_SUB_B] [14:00:30] FIRESTORM_GATE_BLOCK ABTS setup=move_strike prior_bar_ticks=1384 threshold=6000
[MOVE_SUB_B] [14:00:30] FIRESTORM_GATE_BLOCK ABTS setup=move_strike prior_bar_ticks=1384 threshold=6000
[MOVE_SUB_B] [14:00:30] FIRESTORM_GATE_BLOCK ABTS setup=move_strike prior_bar_ticks=1384 threshold=6000
[MOVE_SUB_B] [14:00:30] FIRESTORM_GATE_BLOCK ABTS setup=move_strike prior_bar_ticks=1384 threshold=6000
[MOVE_SUB_B] [14:00:31] FIRESTORM_GATE_BLOCK ABTS setup=move_strike prior_bar_ticks=1384 threshold=6000
[MOVE_SUB_B] [14:00:31] FIRESTORM_GATE_BLOCK ABTS setup=move_strike prior_bar_ticks=1384 threshold=6000
[MOVE_SUB_B] [14:00:31] FIRESTORM_GATE_BLOCK ABTS setup=move_strike prior_bar_ticks=1384 threshold=6000
[MOVE_SUB_B] [14:00:31] FIRESTORM_GATE_BLOCK ABTS setup=move_strike prior_bar_ticks=1384 threshold=6000
[MOVE_SUB_B] [14:00:31] FIRESTORM_GATE_BLOCK ABTS setup=move_strike prior_bar_ticks=1384 threshold=6000
[MOVE_SUB_B] [14:00:31] FIRESTORM_GATE_BLOCK ABTS setup=move_strike prior_bar_ticks=1384 threshold=6000
[MOVE_SUB_B] [14:00:31] FIRESTORM_GATE_BLOCK ABTS setup=move_strike prior_bar_ticks=1384 threshold=6000
[MOVE_SUB_B] [14:00:31] FIRESTORM_GATE_BLOCK ABTS setup=move_strike prior_bar_ticks=1384 threshold=6000
[MOVE_SUB_B] [14:00:31] FIRESTORM_GATE_BLOCK ABTS setup=move_strike prior_bar_ticks=1384 threshold=6000
[MOVE_SUB_B] [14:00:31] FIRESTORM_GATE_BLOCK ABTS setup=move_strike prior_bar_ticks=1384 threshold=6000
[MOVE_SUB_B] [14:00:31] FIRESTORM_GATE_BLOCK ABTS setup=move_strike prior_bar_ticks=1384 threshold=6000
[MOVE_SUB_B] [14:00:31] FIRESTORM_GATE_BLOCK ABTS setup=move_strike prior_bar_ticks=1384 threshold=6000
[MOVE_SUB_B] [14:00:31] FIRESTORM_GATE_BLOCK ABTS setup=move_strike prior_bar_ticks=1384 threshold=6000
[MOVE_SUB_B] [14:00:31] FIRESTORM_GATE_BLOCK ABTS setup=move_strike prior_bar_ticks=1384 threshold=6000
[MOVE_SUB_B] [14:00:31] FIRESTORM_GATE_BLOCK ABTS setup=move_strike prior_bar_ticks=1384 threshold=6000
[MOVE_SUB_B] [14:00:31] FIRESTORM_GATE_BLOCK ABTS setup=move_strike prior_bar_ticks=1384 threshold=6000
[MOVE_SUB_B] [14:00:31] FIRESTORM_GATE_BLOCK ABTS setup=move_strike prior_bar_ticks=1384 threshold=6000
[MOVE_SUB_B] [14:00:31] FIRESTORM_GATE_BLOCK ABTS setup=move_strike prior_bar_ticks=1384 threshold=6000
[MOVE_SUB_B] [14:00:31] FIRESTORM_GATE_BLOCK ABTS setup=move_strike prior_bar_ticks=1384 threshold=6000
[MOVE_SUB_B] [14:00:31] FIRESTORM_GATE_BLOCK ABTS setup=move_strike prior_bar_ticks=1384 threshold=6000
[MOVE_SUB_B] [14:00:31] FIRESTORM_GATE_BLOCK ABTS setup=move_strike prior_bar_ticks=1384 threshold=6000
[MOVE_SUB_B] [14:00:31] FIRESTORM_GATE_BLOCK ABTS setup=move_strike prior_bar_ticks=1384 threshold=6000
[MOVE_SUB_B] [14:00:31] FIRESTORM_GATE_BLOCK ABTS setup=move_strike prior_bar_ticks=1384 threshold=6000
[MOVE_SUB_B] [14:00:31] FIRESTORM_GATE_BLOCK ABTS setup=move_strike prior_bar_ticks=1384 threshold=6000
[MOVE_SUB_B] [14:00:31] FIRESTORM_GATE_BLOCK ABTS setup=move_strike prior_bar_ticks=1384 threshold=6000
[MOVE_SUB_B] [14:00:31] FIRESTORM_GATE_BLOCK ABTS setup=move_strike prior_bar_ticks=1384 threshold=6000
[MOVE_SUB_B] [14:00:31] FIRESTORM_GATE_BLOCK ABTS setup=move_strike prior_bar_ticks=1384 threshold=6000
[MOVE_SUB_B] [14:00:31] FIRESTORM_GATE_BLOCK ABTS setup=move_strike prior_bar_ticks=1384 threshold=6000
[MOVE_SUB_B] [14:00:31] FIRESTORM_GATE_BLOCK ABTS setup=move_strike prior_bar_ticks=1384 threshold=6000
[MOVE_SUB_B] [14:00:32] FIRESTORM_GATE_BLOCK ABTS setup=move_strike prior_bar_ticks=1384 threshold=6000
[MOVE_SUB_B] [14:00:32] FIRESTORM_GATE_BLOCK ABTS setup=move_strike prior_bar_ticks=1384 threshold=6000
[MOVE_SUB_B] [14:00:32] FIRESTORM_GATE_BLOCK ABTS setup=move_strike prior_bar_ticks=1384 threshold=6000
[MOVE_SUB_B] [14:00:32] FIRESTORM_GATE_BLOCK ABTS setup=move_strike prior_bar_ticks=1384 threshold=6000
[MOVE_SUB_B] [14:00:32] FIRESTORM_GATE_BLOCK ABTS setup=move_strike prior_bar_ticks=1384 threshold=6000
[MOVE_SUB_B] [14:00:32] FIRESTORM_GATE_BLOCK ABTS setup=move_strike prior_bar_ticks=1384 threshold=6000
[MOVE_SUB_B] [14:00:32] FIRESTORM_GATE_BLOCK ABTS setup=move_strike prior_bar_ticks=1384 threshold=6000
[MOVE_SUB_B] [14:00:32] FIRESTORM_GATE_BLOCK ABTS setup=move_strike prior_bar_ticks=1384 threshold=6000
[MOVE_SUB_B] [14:00:32] FIRESTORM_GATE_BLOCK ABTS setup=move_strike prior_bar_ticks=1384 threshold=6000
[MOVE_SUB_B] [14:00:32] FIRESTORM_GATE_BLOCK ABTS setup=move_strike prior_bar_ticks=1384 threshold=6000
[MOVE_SUB_B] [14:00:32] FIRESTORM_GATE_BLOCK ABTS setup=move_strike prior_bar_ticks=1384 threshold=6000
[MOVE_SUB_B] [14:00:32] FIRESTORM_GATE_BLOCK ABTS setup=move_strike prior_bar_ticks=1384 threshold=6000
[MOVE_SUB_B] [14:00:32] FIRESTORM_GATE_BLOCK ABTS setup=move_strike prior_bar_ticks=1384 threshold=6000
[MOVE_SUB_B] [14:00:32] FIRESTORM_GATE_BLOCK ABTS setup=move_strike prior_bar_ticks=1384 threshold=6000
[MOVE_SUB_B] [14:00:32] FIRESTORM_GATE_BLOCK ABTS setup=move_strike prior_bar_ticks=1384 threshold=6000
[MOVE_SUB_B] [14:00:33] FIRESTORM_GATE_BLOCK ABTS setup=move_strike prior_bar_ticks=1384 threshold=6000
[MOVE_SUB_B] [14:00:33] FIRESTORM_GATE_BLOCK ABTS setup=move_strike prior_bar_ticks=1384 threshold=6000
[MOVE_SUB_B] [14:00:33] FIRESTORM_GATE_BLOCK ABTS setup=move_strike prior_bar_ticks=1384 threshold=6000
[MOVE_SUB_B] [14:00:33] FIRESTORM_GATE_BLOCK ABTS setup=move_strike prior_bar_ticks=1384 threshold=6000
[MOVE_SUB_B] [14:00:33] FIRESTORM_GATE_BLOCK ABTS setup=move_strike prior_bar_ticks=1384 threshold=6000
[MOVE_SUB_B] [14:00:33] FIRESTORM_GATE_BLOCK ABTS setup=move_strike prior_bar_ticks=1384 threshold=6000
[MOVE_SUB_B] [14:00:33] FIRESTORM_GATE_BLOCK ABTS setup=move_strike prior_bar_ticks=1384 threshold=6000
[MOVE_SUB_B] [14:00:33] FIRESTORM_GATE_BLOCK ABTS setup=move_strike prior_bar_ticks=1384 threshold=6000
[MOVE_SUB_B] [14:00:33] FIRESTORM_GATE_BLOCK ABTS setup=move_strike prior_bar_ticks=1384 threshold=6000
[MOVE_SUB_B] [14:00:33] FIRESTORM_GATE_BLOCK ABTS setup=move_strike prior_bar_ticks=1384 threshold=6000
[MOVE_SUB_B] [14:00:33] FIRESTORM_GATE_BLOCK ABTS setup=move_strike prior_bar_ticks=1384 threshold=6000
[MOVE_SUB_B] [14:00:33] FIRESTORM_GATE_BLOCK ABTS setup=move_strike prior_bar_ticks=1384 threshold=6000
[MOVE_SUB_B] [14:00:33] FIRESTORM_GATE_BLOCK ABTS setup=move_strike prior_bar_ticks=1384 threshold=6000
[MOVE_SUB_B] [14:00:33] FIRESTORM_GATE_BLOCK ABTS setup=move_strike prior_bar_ticks=1384 threshold=6000
[MOVE_SUB_B] [14:00:33] FIRESTORM_GATE_BLOCK ABTS setup=move_strike prior_bar_ticks=1384 threshold=6000
[MOVE_SUB_B] [14:00:33] FIRESTORM_GATE_BLOCK ABTS setup=move_strike prior_bar_ticks=1384 threshold=6000
[MOVE_SUB_B] [14:00:33] FIRESTORM_GATE_BLOCK ABTS setup=move_strike prior_bar_ticks=1384 threshold=6000
[MOVE_SUB_B] [14:00:33] FIRESTORM_GATE_BLOCK ABTS setup=move_strike prior_bar_ticks=1384 threshold=6000
[MOVE_SUB_B] [14:00:33] FIRESTORM_GATE_BLOCK ABTS setup=move_strike prior_bar_ticks=1384 threshold=6000
[MOVE_SUB_B] [14:00:34] FIRESTORM_GATE_BLOCK ABTS setup=move_strike prior_bar_ticks=1384 threshold=6000
[MOVE_SUB_B] [14:00:34] FIRESTORM_GATE_BLOCK ABTS setup=move_strike prior_bar_ticks=1384 threshold=6000
[MOVE_SUB_B] [14:00:34] FIRESTORM_GATE_BLOCK ABTS setup=move_strike prior_bar_ticks=1384 threshold=6000
[MOVE_SUB_B] [14:00:34] FIRESTORM_GATE_BLOCK ABTS setup=move_strike prior_bar_ticks=1384 threshold=6000
[MOVE_SUB_B] [14:00:34] FIRESTORM_GATE_BLOCK ABTS setup=move_strike prior_bar_ticks=1384 threshold=6000
[MOVE_SUB_B] [14:00:34] FIRESTORM_GATE_BLOCK ABTS setup=move_strike prior_bar_ticks=1384 threshold=6000
[MOVE_SUB_B] [14:00:34] FIRESTORM_GATE_BLOCK ABTS setup=move_strike prior_bar_ticks=1384 threshold=6000
[MOVE_SUB_B] [14:00:34] FIRESTORM_GATE_BLOCK ABTS setup=move_strike prior_bar_ticks=1384 threshold=6000
[MOVE_SUB_B] [14:00:34] FIRESTORM_GATE_BLOCK ABTS setup=move_strike prior_bar_ticks=1384 threshold=6000
[MOVE_SUB_B] [14:00:34] FIRESTORM_GATE_BLOCK ABTS setup=move_strike prior_bar_ticks=1384 threshold=6000
[MOVE_SUB_B] [14:00:34] FIRESTORM_GATE_BLOCK ABTS setup=move_strike prior_bar_ticks=1384 threshold=6000
[MOVE_SUB_B] [14:00:34] FIRESTORM_GATE_BLOCK ABTS setup=move_strike prior_bar_ticks=1384 threshold=6000
[MOVE_SUB_B] [14:00:34] FIRESTORM_GATE_BLOCK ABTS setup=move_strike prior_bar_ticks=1384 threshold=6000
[MOVE_SUB_B] [14:00:34] FIRESTORM_GATE_BLOCK ABTS setup=move_strike prior_bar_ticks=1384 threshold=6000
[MOVE_SUB_B] [14:00:34] FIRESTORM_GATE_BLOCK ABTS setup=move_strike prior_bar_ticks=1384 threshold=6000
[MOVE_SUB_B] [14:00:34] FIRESTORM_GATE_BLOCK ABTS setup=move_strike prior_bar_ticks=1384 threshold=6000
[MOVE_SUB_B] [14:00:34] FIRESTORM_GATE_BLOCK ABTS setup=move_strike prior_bar_ticks=1384 threshold=6000
[MOVE_SUB_B] [14:00:34] FIRESTORM_GATE_BLOCK ABTS setup=move_strike prior_bar_ticks=1384 threshold=6000
[MOVE_SUB_B] [14:00:34] FIRESTORM_GATE_BLOCK ABTS setup=move_strike prior_bar_ticks=1384 threshold=6000
[MOVE_SUB_B] [14:00:34] FIRESTORM_GATE_BLOCK ABTS setup=move_strike prior_bar_ticks=1384 threshold=6000
[MOVE_SUB_B] [14:00:34] FIRESTORM_GATE_BLOCK ABTS setup=move_strike prior_bar_ticks=1384 threshold=6000
[MOVE_SUB_B] [14:00:34] FIRESTORM_GATE_BLOCK ABTS setup=move_strike prior_bar_ticks=1384 threshold=6000
[MOVE_SUB_B] [14:00:34] FIRESTORM_GATE_BLOCK ABTS setup=move_strike prior_bar_ticks=1384 threshold=6000
[MOVE_SUB_B] [14:00:34] FIRESTORM_GATE_BLOCK ABTS setup=move_strike prior_bar_ticks=1384 threshold=6000
[MOVE_SUB_B] [14:00:34] FIRESTORM_GATE_BLOCK ABTS setup=move_strike prior_bar_ticks=1384 threshold=6000
[MOVE_SUB_B] [14:00:34] FIRESTORM_GATE_BLOCK ABTS setup=move_strike prior_bar_ticks=1384 threshold=6000
[MOVE_SUB_B] [14:00:34] FIRESTORM_GATE_BLOCK ABTS setup=move_strike prior_bar_ticks=1384 threshold=6000
[MOVE_SUB_B] [14:00:34] FIRESTORM_GATE_BLOCK ABTS setup=move_strike prior_bar_ticks=1384 threshold=6000
[MOVE_SUB_B] [14:00:34] FIRESTORM_GATE_BLOCK ABTS setup=move_strike prior_bar_ticks=1384 threshold=6000
[MOVE_SUB_B] [14:00:34] FIRESTORM_GATE_BLOCK ABTS setup=move_strike prior_bar_ticks=1384 threshold=6000
[MOVE_SUB_B] [14:00:34] FIRESTORM_GATE_BLOCK ABTS setup=move_strike prior_bar_ticks=1384 threshold=6000
[MOVE_SUB_B] [14:00:34] FIRESTORM_GATE_BLOCK ABTS setup=move_strike prior_bar_ticks=1384 threshold=6000
[MOVE_SUB_B] [14:00:35] FIRESTORM_GATE_BLOCK ABTS setup=move_strike prior_bar_ticks=1384 threshold=6000
[MOVE_SUB_B] [14:00:35] FIRESTORM_GATE_BLOCK ABTS setup=move_strike prior_bar_ticks=1384 threshold=6000
[MOVE_SUB_B] [14:00:35] FIRESTORM_GATE_BLOCK ABTS setup=move_strike prior_bar_ticks=1384 threshold=6000
[MOVE_SUB_B] [14:00:35] FIRESTORM_GATE_BLOCK ABTS setup=move_strike prior_bar_ticks=1384 threshold=6000
[MOVE_SUB_B] [14:00:35] FIRESTORM_GATE_BLOCK ABTS setup=move_strike prior_bar_ticks=1384 threshold=6000
[MOVE_SUB_B] [14:00:35] FIRESTORM_GATE_BLOCK ABTS setup=move_strike prior_bar_ticks=1384 threshold=6000
[MOVE_SUB_B] [14:00:35] FIRESTORM_GATE_BLOCK ABTS setup=move_strike prior_bar_ticks=1384 threshold=6000
[MOVE_SUB_B] [14:00:35] FIRESTORM_GATE_BLOCK ABTS setup=move_strike prior_bar_ticks=1384 threshold=6000
[MOVE_SUB_B] [14:00:35] FIRESTORM_GATE_BLOCK ABTS setup=move_strike prior_bar_ticks=1384 threshold=6000
[MOVE_SUB_B] [14:00:35] FIRESTORM_GATE_BLOCK ABTS setup=move_strike prior_bar_ticks=1384 threshold=6000
[MOVE_SUB_B] [14:00:35] FIRESTORM_GATE_BLOCK ABTS setup=move_strike prior_bar_ticks=1384 threshold=6000
[MOVE_SUB_B] [14:00:35] FIRESTORM_GATE_BLOCK ABTS setup=move_strike prior_bar_ticks=1384 threshold=6000
[MOVE_SUB_B] [14:00:35] FIRESTORM_GATE_BLOCK ABTS setup=move_strike prior_bar_ticks=1384 threshold=6000
[MOVE_SUB_B] [14:00:35] FIRESTORM_GATE_BLOCK ABTS setup=move_strike prior_bar_ticks=1384 threshold=6000
[MOVE_SUB_B] [14:00:35] FIRESTORM_GATE_BLOCK ABTS setup=move_strike prior_bar_ticks=1384 threshold=6000
[MOVE_SUB_B] [14:00:35] FIRESTORM_GATE_BLOCK ABTS setup=move_strike prior_bar_ticks=1384 threshold=6000
[MOVE_SUB_B] [14:00:35] FIRESTORM_GATE_BLOCK ABTS setup=move_strike prior_bar_ticks=1384 threshold=6000
[MOVE_SUB_B] [14:00:35] FIRESTORM_GATE_BLOCK ABTS setup=move_strike prior_bar_ticks=1384 threshold=6000
[MOVE_SUB_B] [14:00:35] FIRESTORM_GATE_BLOCK ABTS setup=move_strike prior_bar_ticks=1384 threshold=6000
[MOVE_SUB_B] [14:00:35] FIRESTORM_GATE_BLOCK ABTS setup=move_strike prior_bar_ticks=1384 threshold=6000
[MOVE_SUB_B] [14:00:35] FIRESTORM_GATE_BLOCK ABTS setup=move_strike prior_bar_ticks=1384 threshold=6000
[MOVE_SUB_B] [14:00:35] FIRESTORM_GATE_BLOCK ABTS setup=move_strike prior_bar_ticks=1384 threshold=6000
[MOVE_SUB_B] [14:00:35] FIRESTORM_GATE_BLOCK ABTS setup=move_strike prior_bar_ticks=1384 threshold=6000
[MOVE_SUB_B] [14:00:35] FIRESTORM_GATE_BLOCK ABTS setup=move_strike prior_bar_ticks=1384 threshold=6000
[MOVE_SUB_B] [14:00:36] FIRESTORM_GATE_BLOCK ABTS setup=move_strike prior_bar_ticks=1384 threshold=6000
[MOVE_SUB_B] [14:00:36] FIRESTORM_GATE_BLOCK ABTS setup=move_strike prior_bar_ticks=1384 threshold=6000
[MOVE_SUB_B] [14:00:36] FIRESTORM_GATE_BLOCK ABTS setup=move_strike prior_bar_ticks=1384 threshold=6000
[MOVE_SUB_B] [14:00:36] FIRESTORM_GATE_BLOCK ABTS setup=move_strike prior_bar_ticks=1384 threshold=6000
[MOVE_SUB_B] [14:00:36] FIRESTORM_GATE_BLOCK ABTS setup=move_strike prior_bar_ticks=1384 threshold=6000
[MOVE_SUB_B] [14:00:37] FIRESTORM_GATE_BLOCK ABTS setup=move_strike prior_bar_ticks=1384 threshold=6000
[MOVE_SUB_B] [14:00:37] FIRESTORM_GATE_BLOCK ABTS setup=move_strike prior_bar_ticks=1384 threshold=6000
[MOVE_SUB_B] [14:00:37] FIRESTORM_GATE_BLOCK ABTS setup=move_strike prior_bar_ticks=1384 threshold=6000
[MOVE_SUB_B] [14:00:37] FIRESTORM_GATE_BLOCK ABTS setup=move_strike prior_bar_ticks=1384 threshold=6000
[MOVE_SUB_B] [14:00:37] FIRESTORM_GATE_BLOCK ABTS setup=move_strike prior_bar_ticks=1384 threshold=6000
[MOVE_SUB_B] [14:00:37] FIRESTORM_GATE_BLOCK ABTS setup=move_strike prior_bar_ticks=1384 threshold=6000
[MOVE_SUB_B] [14:00:37] FIRESTORM_GATE_BLOCK ABTS setup=move_strike prior_bar_ticks=1384 threshold=6000
[MOVE_SUB_B] [14:00:37] FIRESTORM_GATE_BLOCK ABTS setup=move_strike prior_bar_ticks=1384 threshold=6000
[MOVE_SUB_B] [14:00:37] FIRESTORM_GATE_BLOCK ABTS setup=move_strike prior_bar_ticks=1384 threshold=6000
[MOVE_SUB_B] [14:00:37] FIRESTORM_GATE_BLOCK ABTS setup=move_strike prior_bar_ticks=1384 threshold=6000
[MOVE_SUB_B] [14:00:37] FIRESTORM_GATE_BLOCK ABTS setup=move_strike prior_bar_ticks=1384 threshold=6000
[MOVE_SUB_B] [14:00:37] FIRESTORM_GATE_BLOCK ABTS setup=move_strike prior_bar_ticks=1384 threshold=6000
[MOVE_SUB_B] [14:00:37] FIRESTORM_GATE_BLOCK ABTS setup=move_strike prior_bar_ticks=1384 threshold=6000
[MOVE_SUB_B] [14:00:37] FIRESTORM_GATE_BLOCK ABTS setup=move_strike prior_bar_ticks=1384 threshold=6000
[MOVE_SUB_B] [14:00:37] FIRESTORM_GATE_BLOCK ABTS setup=move_strike prior_bar_ticks=1384 threshold=6000
[MOVE_SUB_B] [14:00:37] FIRESTORM_GATE_BLOCK ABTS setup=move_strike prior_bar_ticks=1384 threshold=6000
[MOVE_SUB_B] [14:00:37] FIRESTORM_GATE_BLOCK ABTS setup=move_strike prior_bar_ticks=1384 threshold=6000
[MOVE_SUB_B] [14:00:37] FIRESTORM_GATE_BLOCK ABTS setup=move_strike prior_bar_ticks=1384 threshold=6000
[MOVE_SUB_B] [14:00:37] FIRESTORM_GATE_BLOCK ABTS setup=move_strike prior_bar_ticks=1384 threshold=6000
[MOVE_SUB_B] [14:00:37] FIRESTORM_GATE_BLOCK ABTS setup=move_strike prior_bar_ticks=1384 threshold=6000
[MOVE_SUB_B] [14:00:37] FIRESTORM_GATE_BLOCK ABTS setup=move_strike prior_bar_ticks=1384 threshold=6000
[MOVE_SUB_B] [14:00:37] FIRESTORM_GATE_BLOCK ABTS setup=move_strike prior_bar_ticks=1384 threshold=6000
[MOVE_SUB_B] [14:00:37] FIRESTORM_GATE_BLOCK ABTS setup=move_strike prior_bar_ticks=1384 threshold=6000
[MOVE_SUB_B] [14:00:37] FIRESTORM_GATE_BLOCK ABTS setup=move_strike prior_bar_ticks=1384 threshold=6000
[MOVE_SUB_B] [14:00:37] FIRESTORM_GATE_BLOCK ABTS setup=move_strike prior_bar_ticks=1384 threshold=6000
[MOVE_SUB_B] [14:00:37] FIRESTORM_GATE_BLOCK ABTS setup=move_strike prior_bar_ticks=1384 threshold=6000
[MOVE_SUB_B] [14:00:37] FIRESTORM_GATE_BLOCK ABTS setup=move_strike prior_bar_ticks=1384 threshold=6000
[MOVE_SUB_B] [14:00:37] FIRESTORM_GATE_BLOCK ABTS setup=move_strike prior_bar_ticks=1384 threshold=6000
[MOVE_SUB_B] [14:00:37] FIRESTORM_GATE_BLOCK ABTS setup=move_strike prior_bar_ticks=1384 threshold=6000
[MOVE_SUB_B] [14:00:37] FIRESTORM_GATE_BLOCK ABTS setup=move_strike prior_bar_ticks=1384 threshold=6000
[MOVE_SUB_B] [14:00:37] FIRESTORM_GATE_BLOCK ABTS setup=move_strike prior_bar_ticks=1384 threshold=6000
[MOVE_SUB_B] [14:00:37] FIRESTORM_GATE_BLOCK ABTS setup=move_strike prior_bar_ticks=1384 threshold=6000
[MOVE_SUB_B] [14:00:37] FIRESTORM_GATE_BLOCK ABTS setup=move_strike prior_bar_ticks=1384 threshold=6000
[MOVE_SUB_B] [14:00:37] FIRESTORM_GATE_BLOCK ABTS setup=move_strike prior_bar_ticks=1384 threshold=6000
[MOVE_SUB_B] [14:00:37] FIRESTORM_GATE_BLOCK ABTS setup=move_strike prior_bar_ticks=1384 threshold=6000
[MOVE_SUB_B] [14:00:37] FIRESTORM_GATE_BLOCK ABTS setup=move_strike prior_bar_ticks=1384 threshold=6000
[MOVE_SUB_B] [14:00:37] FIRESTORM_GATE_BLOCK ABTS setup=move_strike prior_bar_ticks=1384 threshold=6000
[MOVE_SUB_B] [14:00:37] FIRESTORM_GATE_BLOCK ABTS setup=move_strike prior_bar_ticks=1384 threshold=6000
[MOVE_SUB_B] [14:00:37] FIRESTORM_GATE_BLOCK ABTS setup=move_strike prior_bar_ticks=1384 threshold=6000
[MOVE_SUB_B] [14:00:37] FIRESTORM_GATE_BLOCK ABTS setup=move_strike prior_bar_ticks=1384 threshold=6000
[MOVE_SUB_B] [14:00:37] FIRESTORM_GATE_BLOCK ABTS setup=move_strike prior_bar_ticks=1384 threshold=6000
[MOVE_SUB_B] [14:00:37] FIRESTORM_GATE_BLOCK ABTS setup=move_strike prior_bar_ticks=1384 threshold=6000
[MOVE_SUB_B] [14:00:37] FIRESTORM_GATE_BLOCK ABTS setup=move_strike prior_bar_ticks=1384 threshold=6000
[MOVE_SUB_B] [14:00:37] FIRESTORM_GATE_BLOCK ABTS setup=move_strike prior_bar_ticks=1384 threshold=6000
[MOVE_SUB_B] [14:00:37] FIRESTORM_GATE_BLOCK ABTS setup=move_strike prior_bar_ticks=1384 threshold=6000
[MOVE_SUB_B] [14:00:37] FIRESTORM_GATE_BLOCK ABTS setup=move_strike prior_bar_ticks=1384 threshold=6000
[MOVE_SUB_B] [14:00:37] FIRESTORM_GATE_BLOCK ABTS setup=move_strike prior_bar_ticks=1384 threshold=6000
[MOVE_SUB_B] [14:00:37] FIRESTORM_GATE_BLOCK ABTS setup=move_strike prior_bar_ticks=1384 threshold=6000
[MOVE_SUB_B] [14:00:37] FIRESTORM_GATE_BLOCK ABTS setup=move_strike prior_bar_ticks=1384 threshold=6000
[MOVE_SUB_B] [14:00:37] FIRESTORM_GATE_BLOCK ABTS setup=move_strike prior_bar_ticks=1384 threshold=6000
[MOVE_SUB_B] [14:00:37] FIRESTORM_GATE_BLOCK ABTS setup=move_strike prior_bar_ticks=1384 threshold=6000
[MOVE_SUB_B] [14:00:37] FIRESTORM_GATE_BLOCK ABTS setup=move_strike prior_bar_ticks=1384 threshold=6000
[MOVE_SUB_B] [14:00:37] FIRESTORM_GATE_BLOCK ABTS setup=move_strike prior_bar_ticks=1384 threshold=6000
[MOVE_SUB_B] [14:00:37] FIRESTORM_GATE_BLOCK ABTS setup=move_strike prior_bar_ticks=1384 threshold=6000
[MOVE_SUB_B] [14:00:37] FIRESTORM_GATE_BLOCK ABTS setup=move_strike prior_bar_ticks=1384 threshold=6000
[MOVE_SUB_B] [14:00:37] FIRESTORM_GATE_BLOCK ABTS setup=move_strike prior_bar_ticks=1384 threshold=6000
[MOVE_SUB_B] [14:00:37] FIRESTORM_GATE_BLOCK ABTS setup=move_strike prior_bar_ticks=1384 threshold=6000
[MOVE_SUB_B] [14:00:37] FIRESTORM_GATE_BLOCK ABTS setup=move_strike prior_bar_ticks=1384 threshold=6000
[MOVE_SUB_B] [14:00:37] FIRESTORM_GATE_BLOCK ABTS setup=move_strike prior_bar_ticks=1384 threshold=6000
[MOVE_SUB_B] [14:00:37] FIRESTORM_GATE_BLOCK ABTS setup=move_strike prior_bar_ticks=1384 threshold=6000
[MOVE_SUB_B] [14:00:37] FIRESTORM_GATE_BLOCK ABTS setup=move_strike prior_bar_ticks=1384 threshold=6000
[MOVE_SUB_B] [14:00:37] FIRESTORM_GATE_BLOCK ABTS setup=move_strike prior_bar_ticks=1384 threshold=6000
[MOVE_SUB_B] [14:00:37] FIRESTORM_GATE_BLOCK ABTS setup=move_strike prior_bar_ticks=1384 threshold=6000
[MOVE_SUB_B] [14:00:37] FIRESTORM_GATE_BLOCK ABTS setup=move_strike prior_bar_ticks=1384 threshold=6000
[MOVE_SUB_B] [14:00:37] FIRESTORM_GATE_BLOCK ABTS setup=move_strike prior_bar_ticks=1384 threshold=6000
[MOVE_SUB_B] [14:00:37] FIRESTORM_GATE_BLOCK ABTS setup=move_strike prior_bar_ticks=1384 threshold=6000
[MOVE_SUB_B] [14:00:37] FIRESTORM_GATE_BLOCK ABTS setup=move_strike prior_bar_ticks=1384 threshold=6000
[MOVE_SUB_B] [14:00:37] FIRESTORM_GATE_BLOCK ABTS setup=move_strike prior_bar_ticks=1384 threshold=6000
[MOVE_SUB_B] [14:00:37] FIRESTORM_GATE_BLOCK ABTS setup=move_strike prior_bar_ticks=1384 threshold=6000
[MOVE_SUB_B] [14:00:37] FIRESTORM_GATE_BLOCK ABTS setup=move_strike prior_bar_ticks=1384 threshold=6000
[MOVE_SUB_B] [14:00:37] FIRESTORM_GATE_BLOCK ABTS setup=move_strike prior_bar_ticks=1384 threshold=6000
[MOVE_SUB_B] [14:00:37] FIRESTORM_GATE_BLOCK ABTS setup=move_strike prior_bar_ticks=1384 threshold=6000
[MOVE_SUB_B] [14:00:37] FIRESTORM_GATE_BLOCK ABTS setup=move_strike prior_bar_ticks=1384 threshold=6000
[MOVE_SUB_B] [14:00:37] FIRESTORM_GATE_BLOCK ABTS setup=move_strike prior_bar_ticks=1384 threshold=6000
[MOVE_SUB_B] [14:00:37] FIRESTORM_GATE_BLOCK ABTS setup=move_strike prior_bar_ticks=1384 threshold=6000
[MOVE_SUB_B] [14:00:37] FIRESTORM_GATE_BLOCK ABTS setup=move_strike prior_bar_ticks=1384 threshold=6000
[MOVE_SUB_B] [14:00:37] FIRESTORM_GATE_BLOCK ABTS setup=move_strike prior_bar_ticks=1384 threshold=6000
[MOVE_SUB_B] [14:00:38] FIRESTORM_GATE_BLOCK ABTS setup=move_strike prior_bar_ticks=1384 threshold=6000
[MOVE_SUB_B] [14:00:38] FIRESTORM_GATE_BLOCK ABTS setup=move_strike prior_bar_ticks=1384 threshold=6000
[MOVE_SUB_B] [14:00:38] FIRESTORM_GATE_BLOCK ABTS setup=move_strike prior_bar_ticks=1384 threshold=6000
[MOVE_SUB_B] [14:00:38] FIRESTORM_GATE_BLOCK ABTS setup=move_strike prior_bar_ticks=1384 threshold=6000
[MOVE_SUB_B] [14:00:38] FIRESTORM_GATE_BLOCK ABTS setup=move_strike prior_bar_ticks=1384 threshold=6000
[MOVE_SUB_B] [14:00:38] FIRESTORM_GATE_BLOCK ABTS setup=move_strike prior_bar_ticks=1384 threshold=6000
[MOVE_SUB_B] [14:00:38] FIRESTORM_GATE_BLOCK ABTS setup=move_strike prior_bar_ticks=1384 threshold=6000
[MOVE_SUB_B] [14:00:38] FIRESTORM_GATE_BLOCK ABTS setup=move_strike prior_bar_ticks=1384 threshold=6000
[MOVE_SUB_B] [14:00:38] FIRESTORM_GATE_BLOCK ABTS setup=move_strike prior_bar_ticks=1384 threshold=6000
[MOVE_SUB_B] [14:00:38] FIRESTORM_GATE_BLOCK ABTS setup=move_strike prior_bar_ticks=1384 threshold=6000
[MOVE_SUB_B] [14:00:38] FIRESTORM_GATE_BLOCK ABTS setup=move_strike prior_bar_ticks=1384 threshold=6000
[MOVE_SUB_B] [14:00:38] FIRESTORM_GATE_BLOCK ABTS setup=move_strike prior_bar_ticks=1384 threshold=6000
[MOVE_SUB_B] [14:00:38] FIRESTORM_GATE_BLOCK ABTS setup=move_strike prior_bar_ticks=1384 threshold=6000
[MOVE_SUB_B] [14:00:38] FIRESTORM_GATE_BLOCK ABTS setup=move_strike prior_bar_ticks=1384 threshold=6000
[MOVE_SUB_B] [14:00:38] FIRESTORM_GATE_BLOCK ABTS setup=move_strike prior_bar_ticks=1384 threshold=6000
[MOVE_SUB_B] [14:00:38] FIRESTORM_GATE_BLOCK ABTS setup=move_strike prior_bar_ticks=1384 threshold=6000
[MOVE_SUB_B] [14:00:38] FIRESTORM_GATE_BLOCK ABTS setup=move_strike prior_bar_ticks=1384 threshold=6000
[MOVE_SUB_B] [14:00:38] FIRESTORM_GATE_BLOCK ABTS setup=move_strike prior_bar_ticks=1384 threshold=6000
[MOVE_SUB_B] [14:00:38] FIRESTORM_GATE_BLOCK ABTS setup=move_strike prior_bar_ticks=1384 threshold=6000
[MOVE_SUB_B] [14:00:38] FIRESTORM_GATE_BLOCK ABTS setup=move_strike prior_bar_ticks=1384 threshold=6000
[MOVE_SUB_B] [14:00:38] FIRESTORM_GATE_BLOCK ABTS setup=move_strike prior_bar_ticks=1384 threshold=6000
[MOVE_SUB_B] [14:00:38] FIRESTORM_GATE_BLOCK ABTS setup=move_strike prior_bar_ticks=1384 threshold=6000
[MOVE_SUB_B] [14:00:38] FIRESTORM_GATE_BLOCK ABTS setup=move_strike prior_bar_ticks=1384 threshold=6000
[MOVE_SUB_B] [14:00:38] FIRESTORM_GATE_BLOCK ABTS setup=move_strike prior_bar_ticks=1384 threshold=6000
[MOVE_SUB_B] [14:00:38] FIRESTORM_GATE_BLOCK ABTS setup=move_strike prior_bar_ticks=1384 threshold=6000
[MOVE_SUB_B] [14:00:38] FIRESTORM_GATE_BLOCK ABTS setup=move_strike prior_bar_ticks=1384 threshold=6000
[MOVE_SUB_B] [14:00:38] FIRESTORM_GATE_BLOCK ABTS setup=move_strike prior_bar_ticks=1384 threshold=6000
[MOVE_SUB_B] [14:00:38] FIRESTORM_GATE_BLOCK ABTS setup=move_strike prior_bar_ticks=1384 threshold=6000
[MOVE_SUB_B] [14:00:38] FIRESTORM_GATE_BLOCK ABTS setup=move_strike prior_bar_ticks=1384 threshold=6000
[MOVE_SUB_B] [14:00:38] FIRESTORM_GATE_BLOCK ABTS setup=move_strike prior_bar_ticks=1384 threshold=6000
[MOVE_SUB_B] [14:00:38] FIRESTORM_GATE_BLOCK ABTS setup=move_strike prior_bar_ticks=1384 threshold=6000
[MOVE_SUB_B] [14:00:38] FIRESTORM_GATE_BLOCK ABTS setup=move_strike prior_bar_ticks=1384 threshold=6000
[MOVE_SUB_B] [14:00:38] FIRESTORM_GATE_BLOCK ABTS setup=move_strike prior_bar_ticks=1384 threshold=6000
[MOVE_SUB_B] [14:00:38] FIRESTORM_GATE_BLOCK ABTS setup=move_strike prior_bar_ticks=1384 threshold=6000
[MOVE_SUB_B] [14:00:38] FIRESTORM_GATE_BLOCK ABTS setup=move_strike prior_bar_ticks=1384 threshold=6000
[MOVE_SUB_B] [14:00:38] FIRESTORM_GATE_BLOCK ABTS setup=move_strike prior_bar_ticks=1384 threshold=6000
[MOVE_SUB_B] [14:00:38] FIRESTORM_GATE_BLOCK ABTS setup=move_strike prior_bar_ticks=1384 threshold=6000
[MOVE_SUB_B] [14:00:38] FIRESTORM_GATE_BLOCK ABTS setup=move_strike prior_bar_ticks=1384 threshold=6000
[MOVE_SUB_B] [14:00:38] FIRESTORM_GATE_BLOCK ABTS setup=move_strike prior_bar_ticks=1384 threshold=6000
[MOVE_SUB_B] [14:00:38] FIRESTORM_GATE_BLOCK ABTS setup=move_strike prior_bar_ticks=1384 threshold=6000
[MOVE_SUB_B] [14:00:38] FIRESTORM_GATE_BLOCK ABTS setup=move_strike prior_bar_ticks=1384 threshold=6000
[MOVE_SUB_B] [14:00:38] FIRESTORM_GATE_BLOCK ABTS setup=move_strike prior_bar_ticks=1384 threshold=6000
[MOVE_SUB_B] [14:00:38] FIRESTORM_GATE_BLOCK ABTS setup=move_strike prior_bar_ticks=1384 threshold=6000
[MOVE_SUB_B] [14:00:38] FIRESTORM_GATE_BLOCK ABTS setup=move_strike prior_bar_ticks=1384 threshold=6000
[MOVE_SUB_B] [14:00:38] FIRESTORM_GATE_BLOCK ABTS setup=move_strike prior_bar_ticks=1384 threshold=6000
[MOVE_SUB_B] [14:00:38] FIRESTORM_GATE_BLOCK ABTS setup=move_strike prior_bar_ticks=1384 threshold=6000
[MOVE_SUB_B] [14:00:38] FIRESTORM_GATE_BLOCK ABTS setup=move_strike prior_bar_ticks=1384 threshold=6000
[MOVE_SUB_B] [14:00:38] FIRESTORM_GATE_BLOCK ABTS setup=move_strike prior_bar_ticks=1384 threshold=6000
[MOVE_SUB_B] [14:00:38] FIRESTORM_GATE_BLOCK ABTS setup=move_strike prior_bar_ticks=1384 threshold=6000
[MOVE_SUB_B] [14:00:38] FIRESTORM_GATE_BLOCK ABTS setup=move_strike prior_bar_ticks=1384 threshold=6000
[MOVE_SUB_B] [14:00:38] FIRESTORM_GATE_BLOCK ABTS setup=move_strike prior_bar_ticks=1384 threshold=6000
[MOVE_SUB_B] [14:00:38] FIRESTORM_GATE_BLOCK ABTS setup=move_strike prior_bar_ticks=1384 threshold=6000
[MOVE_SUB_B] [14:00:38] FIRESTORM_GATE_BLOCK ABTS setup=move_strike prior_bar_ticks=1384 threshold=6000
[MOVE_SUB_B] [14:00:38] FIRESTORM_GATE_BLOCK ABTS setup=move_strike prior_bar_ticks=1384 threshold=6000
[MOVE_SUB_B] [14:00:38] FIRESTORM_GATE_BLOCK ABTS setup=move_strike prior_bar_ticks=1384 threshold=6000
[MOVE_SUB_B] [14:00:38] FIRESTORM_GATE_BLOCK ABTS setup=move_strike prior_bar_ticks=1384 threshold=6000
[MOVE_SUB_B] [14:00:38] FIRESTORM_GATE_BLOCK ABTS setup=move_strike prior_bar_ticks=1384 threshold=6000
[MOVE_SUB_B] [14:00:38] FIRESTORM_GATE_BLOCK ABTS setup=move_strike prior_bar_ticks=1384 threshold=6000
[MOVE_SUB_B] [14:00:38] FIRESTORM_GATE_BLOCK ABTS setup=move_strike prior_bar_ticks=1384 threshold=6000
[MOVE_SUB_B] [14:00:38] FIRESTORM_GATE_BLOCK ABTS setup=move_strike prior_bar_ticks=1384 threshold=6000
[MOVE_SUB_B] [14:00:38] FIRESTORM_GATE_BLOCK ABTS setup=move_strike prior_bar_ticks=1384 threshold=6000
[MOVE_SUB_B] [14:00:38] FIRESTORM_GATE_BLOCK ABTS setup=move_strike prior_bar_ticks=1384 threshold=6000
[MOVE_SUB_B] [14:00:38] FIRESTORM_GATE_BLOCK ABTS setup=move_strike prior_bar_ticks=1384 threshold=6000
[MOVE_SUB_B] [14:00:38] FIRESTORM_GATE_BLOCK ABTS setup=move_strike prior_bar_ticks=1384 threshold=6000
[MOVE_SUB_B] [14:00:38] FIRESTORM_GATE_BLOCK ABTS setup=move_strike prior_bar_ticks=1384 threshold=6000
[MOVE_SUB_B] [14:00:38] FIRESTORM_GATE_BLOCK ABTS setup=move_strike prior_bar_ticks=1384 threshold=6000
[MOVE_SUB_B] [14:00:38] FIRESTORM_GATE_BLOCK ABTS setup=move_strike prior_bar_ticks=1384 threshold=6000
[MOVE_SUB_B] [14:00:38] FIRESTORM_GATE_BLOCK ABTS setup=move_strike prior_bar_ticks=1384 threshold=6000
[MOVE_SUB_B] [14:00:38] FIRESTORM_GATE_BLOCK ABTS setup=move_strike prior_bar_ticks=1384 threshold=6000
[MOVE_SUB_B] [14:00:38] FIRESTORM_GATE_BLOCK ABTS setup=move_strike prior_bar_ticks=1384 threshold=6000
[MOVE_SUB_B] [14:00:38] FIRESTORM_GATE_BLOCK ABTS setup=move_strike prior_bar_ticks=1384 threshold=6000
[MOVE_SUB_B] [14:00:38] FIRESTORM_GATE_BLOCK ABTS setup=move_strike prior_bar_ticks=1384 threshold=6000
[MOVE_SUB_B] [14:00:38] FIRESTORM_GATE_BLOCK ABTS setup=move_strike prior_bar_ticks=1384 threshold=6000
[MOVE_SUB_B] [14:00:38] FIRESTORM_GATE_BLOCK ABTS setup=move_strike prior_bar_ticks=1384 threshold=6000
[MOVE_SUB_B] [14:00:38] FIRESTORM_GATE_BLOCK ABTS setup=move_strike prior_bar_ticks=1384 threshold=6000
[MOVE_SUB_B] [14:00:38] FIRESTORM_GATE_BLOCK ABTS setup=move_strike prior_bar_ticks=1384 threshold=6000
[MOVE_SUB_B] [14:00:38] FIRESTORM_GATE_BLOCK ABTS setup=move_strike prior_bar_ticks=1384 threshold=6000
[MOVE_SUB_B] [14:00:38] FIRESTORM_GATE_BLOCK ABTS setup=move_strike prior_bar_ticks=1384 threshold=6000
[MOVE_SUB_B] [14:00:38] FIRESTORM_GATE_BLOCK ABTS setup=move_strike prior_bar_ticks=1384 threshold=6000
[MOVE_SUB_B] [14:00:38] FIRESTORM_GATE_BLOCK ABTS setup=move_strike prior_bar_ticks=1384 threshold=6000
[MOVE_SUB_B] [14:00:38] FIRESTORM_GATE_BLOCK ABTS setup=move_strike prior_bar_ticks=1384 threshold=6000
[MOVE_SUB_B] [14:00:38] FIRESTORM_GATE_BLOCK ABTS setup=move_strike prior_bar_ticks=1384 threshold=6000
[MOVE_SUB_B] [14:00:39] FIRESTORM_GATE_BLOCK ABTS setup=move_strike prior_bar_ticks=1384 threshold=6000
[MOVE_SUB_B] [14:00:39] FIRESTORM_GATE_BLOCK ABTS setup=move_strike prior_bar_ticks=1384 threshold=6000
[MOVE_SUB_B] [14:00:39] FIRESTORM_GATE_BLOCK ABTS setup=move_strike prior_bar_ticks=1384 threshold=6000
[MOVE_SUB_B] [14:00:39] FIRESTORM_GATE_BLOCK ABTS setup=move_strike prior_bar_ticks=1384 threshold=6000
[MOVE_SUB_B] [14:00:39] FIRESTORM_GATE_BLOCK ABTS setup=move_strike prior_bar_ticks=1384 threshold=6000
[MOVE_SUB_B] [14:00:39] FIRESTORM_GATE_BLOCK ABTS setup=move_strike prior_bar_ticks=1384 threshold=6000
[MOVE_SUB_B] [14:00:39] FIRESTORM_GATE_BLOCK ABTS setup=move_strike prior_bar_ticks=1384 threshold=6000
[MOVE_SUB_B] [14:00:39] FIRESTORM_GATE_BLOCK ABTS setup=move_strike prior_bar_ticks=1384 threshold=6000
[MOVE_SUB_B] [14:00:39] FIRESTORM_GATE_BLOCK ABTS setup=move_strike prior_bar_ticks=1384 threshold=6000
[MOVE_SUB_B] [14:00:39] FIRESTORM_GATE_BLOCK ABTS setup=move_strike prior_bar_ticks=1384 threshold=6000
[MOVE_SUB_B] [14:00:39] FIRESTORM_GATE_BLOCK ABTS setup=move_strike prior_bar_ticks=1384 threshold=6000
[MOVE_SUB_B] [14:00:39] FIRESTORM_GATE_BLOCK ABTS setup=move_strike prior_bar_ticks=1384 threshold=6000
[MOVE_SUB_B] [14:00:39] FIRESTORM_GATE_BLOCK ABTS setup=move_strike prior_bar_ticks=1384 threshold=6000
[MOVE_SUB_B] [14:00:39] FIRESTORM_GATE_BLOCK ABTS setup=move_strike prior_bar_ticks=1384 threshold=6000
[MOVE_SUB_B] [14:00:39] FIRESTORM_GATE_BLOCK ABTS setup=move_strike prior_bar_ticks=1384 threshold=6000
[MOVE_SUB_B] [14:00:39] FIRESTORM_GATE_BLOCK ABTS setup=move_strike prior_bar_ticks=1384 threshold=6000
[MOVE_SUB_B] [14:00:39] FIRESTORM_GATE_BLOCK ABTS setup=move_strike prior_bar_ticks=1384 threshold=6000
[MOVE_SUB_B] [14:00:39] FIRESTORM_GATE_BLOCK ABTS setup=move_strike prior_bar_ticks=1384 threshold=6000
[MOVE_SUB_B] [14:00:39] FIRESTORM_GATE_BLOCK ABTS setup=move_strike prior_bar_ticks=1384 threshold=6000
[MOVE_SUB_B] [14:00:39] FIRESTORM_GATE_BLOCK ABTS setup=move_strike prior_bar_ticks=1384 threshold=6000
[MOVE_SUB_B] [14:00:39] FIRESTORM_GATE_BLOCK ABTS setup=move_strike prior_bar_ticks=1384 threshold=6000
[MOVE_SUB_B] [14:00:39] FIRESTORM_GATE_BLOCK ABTS setup=move_strike prior_bar_ticks=1384 threshold=6000
[MOVE_SUB_B] [14:00:39] FIRESTORM_GATE_BLOCK ABTS setup=move_strike prior_bar_ticks=1384 threshold=6000
[MOVE_SUB_B] [14:00:39] FIRESTORM_GATE_BLOCK ABTS setup=move_strike prior_bar_ticks=1384 threshold=6000
[MOVE_SUB_B] [14:00:39] FIRESTORM_GATE_BLOCK ABTS setup=move_strike prior_bar_ticks=1384 threshold=6000
[MOVE_SUB_B] [14:00:39] FIRESTORM_GATE_BLOCK ABTS setup=move_strike prior_bar_ticks=1384 threshold=6000
[MOVE_SUB_B] [14:00:39] FIRESTORM_GATE_BLOCK ABTS setup=move_strike prior_bar_ticks=1384 threshold=6000
[MOVE_SUB_B] [14:00:39] FIRESTORM_GATE_BLOCK ABTS setup=move_strike prior_bar_ticks=1384 threshold=6000
[MOVE_SUB_B] [14:00:39] FIRESTORM_GATE_BLOCK ABTS setup=move_strike prior_bar_ticks=1384 threshold=6000
[MOVE_SUB_B] [14:00:39] FIRESTORM_GATE_BLOCK ABTS setup=move_strike prior_bar_ticks=1384 threshold=6000
[MOVE_SUB_B] [14:00:39] FIRESTORM_GATE_BLOCK ABTS setup=move_strike prior_bar_ticks=1384 threshold=6000
[MOVE_SUB_B] [14:00:39] FIRESTORM_GATE_BLOCK ABTS setup=move_strike prior_bar_ticks=1384 threshold=6000
[MOVE_SUB_B] [14:00:39] FIRESTORM_GATE_BLOCK ABTS setup=move_strike prior_bar_ticks=1384 threshold=6000
[MOVE_SUB_B] [14:00:39] FIRESTORM_GATE_BLOCK ABTS setup=move_strike prior_bar_ticks=1384 threshold=6000
[MOVE_SUB_B] [14:00:39] FIRESTORM_GATE_BLOCK ABTS setup=move_strike prior_bar_ticks=1384 threshold=6000
[MOVE_SUB_B] [14:00:39] FIRESTORM_GATE_BLOCK ABTS setup=move_strike prior_bar_ticks=1384 threshold=6000
[MOVE_SUB_B] [14:00:39] FIRESTORM_GATE_BLOCK ABTS setup=move_strike prior_bar_ticks=1384 threshold=6000
[MOVE_SUB_B] [14:00:39] FIRESTORM_GATE_BLOCK ABTS setup=move_strike prior_bar_ticks=1384 threshold=6000
[MOVE_SUB_B] [14:00:39] FIRESTORM_GATE_BLOCK ABTS setup=move_strike prior_bar_ticks=1384 threshold=6000
[MOVE_SUB_B] [14:00:39] FIRESTORM_GATE_BLOCK ABTS setup=move_strike prior_bar_ticks=1384 threshold=6000
[MOVE_SUB_B] [14:00:39] FIRESTORM_GATE_BLOCK ABTS setup=move_strike prior_bar_ticks=1384 threshold=6000
[MOVE_SUB_B] [14:00:39] FIRESTORM_GATE_BLOCK ABTS setup=move_strike prior_bar_ticks=1384 threshold=6000
[MOVE_SUB_B] [14:00:39] FIRESTORM_GATE_BLOCK ABTS setup=move_strike prior_bar_ticks=1384 threshold=6000
[MOVE_SUB_B] [14:00:39] FIRESTORM_GATE_BLOCK ABTS setup=move_strike prior_bar_ticks=1384 threshold=6000
[MOVE_SUB_B] [14:00:39] FIRESTORM_GATE_BLOCK ABTS setup=move_strike prior_bar_ticks=1384 threshold=6000
[MOVE_SUB_B] [14:00:39] FIRESTORM_GATE_BLOCK ABTS setup=move_strike prior_bar_ticks=1384 threshold=6000
[MOVE_SUB_B] [14:00:39] FIRESTORM_GATE_BLOCK ABTS setup=move_strike prior_bar_ticks=1384 threshold=6000
[MOVE_SUB_B] [14:00:39] FIRESTORM_GATE_BLOCK ABTS setup=move_strike prior_bar_ticks=1384 threshold=6000
[MOVE_SUB_B] [14:00:39] FIRESTORM_GATE_BLOCK ABTS setup=move_strike prior_bar_ticks=1384 threshold=6000
[MOVE_SUB_B] [14:00:39] FIRESTORM_GATE_BLOCK ABTS setup=move_strike prior_bar_ticks=1384 threshold=6000
[MOVE_SUB_B] [14:00:39] FIRESTORM_GATE_BLOCK ABTS setup=move_strike prior_bar_ticks=1384 threshold=6000
[MOVE_SUB_B] [14:00:39] FIRESTORM_GATE_BLOCK ABTS setup=move_strike prior_bar_ticks=1384 threshold=6000
[MOVE_SUB_B] [14:00:39] FIRESTORM_GATE_BLOCK ABTS setup=move_strike prior_bar_ticks=1384 threshold=6000
[MOVE_SUB_B] [14:00:39] FIRESTORM_GATE_BLOCK ABTS setup=move_strike prior_bar_ticks=1384 threshold=6000
[MOVE_SUB_B] [14:00:39] FIRESTORM_GATE_BLOCK ABTS setup=move_strike prior_bar_ticks=1384 threshold=6000
[MOVE_SUB_B] [14:00:39] FIRESTORM_GATE_BLOCK ABTS setup=move_strike prior_bar_ticks=1384 threshold=6000
[MOVE_SUB_B] [14:00:39] FIRESTORM_GATE_BLOCK ABTS setup=move_strike prior_bar_ticks=1384 threshold=6000
[MOVE_SUB_B] [14:00:39] FIRESTORM_GATE_BLOCK ABTS setup=move_strike prior_bar_ticks=1384 threshold=6000
[MOVE_SUB_B] [14:00:39] FIRESTORM_GATE_BLOCK ABTS setup=move_strike prior_bar_ticks=1384 threshold=6000
[MOVE_SUB_B] [14:00:39] FIRESTORM_GATE_BLOCK ABTS setup=move_strike prior_bar_ticks=1384 threshold=6000
[MOVE_SUB_B] [14:00:39] FIRESTORM_GATE_BLOCK ABTS setup=move_strike prior_bar_ticks=1384 threshold=6000
[MOVE_SUB_B] [14:00:39] FIRESTORM_GATE_BLOCK ABTS setup=move_strike prior_bar_ticks=1384 threshold=6000
[MOVE_SUB_B] [14:00:40] FIRESTORM_GATE_BLOCK ABTS setup=move_strike prior_bar_ticks=1384 threshold=6000
[MOVE_SUB_B] [14:00:40] FIRESTORM_GATE_BLOCK ABTS setup=move_strike prior_bar_ticks=1384 threshold=6000
[MOVE_SUB_B] [14:00:40] FIRESTORM_GATE_BLOCK ABTS setup=move_strike prior_bar_ticks=1384 threshold=6000
[MOVE_SUB_B] [14:00:40] FIRESTORM_GATE_BLOCK ABTS setup=move_strike prior_bar_ticks=1384 threshold=6000
[MOVE_SUB_B] [14:00:40] FIRESTORM_GATE_BLOCK ABTS setup=move_strike prior_bar_ticks=1384 threshold=6000
[MOVE_SUB_B] [14:00:40] FIRESTORM_GATE_BLOCK ABTS setup=move_strike prior_bar_ticks=1384 threshold=6000
[MOVE_SUB_B] [14:00:40] FIRESTORM_GATE_BLOCK ABTS setup=move_strike prior_bar_ticks=1384 threshold=6000
[MOVE_SUB_B] [14:00:40] FIRESTORM_GATE_BLOCK ABTS setup=move_strike prior_bar_ticks=1384 threshold=6000
[MOVE_SUB_B] [14:00:40] FIRESTORM_GATE_BLOCK ABTS setup=move_strike prior_bar_ticks=1384 threshold=6000
[MOVE_SUB_B] [14:00:40] FIRESTORM_GATE_BLOCK ABTS setup=move_strike prior_bar_ticks=1384 threshold=6000
[MOVE_SUB_B] [14:00:41] FIRESTORM_GATE_BLOCK ABTS setup=move_strike prior_bar_ticks=1384 threshold=6000
[MOVE_SUB_B] [14:00:41] FIRESTORM_GATE_BLOCK ABTS setup=move_strike prior_bar_ticks=1384 threshold=6000
[MOVE_SUB_B] [14:00:41] FIRESTORM_GATE_BLOCK ABTS setup=move_strike prior_bar_ticks=1384 threshold=6000
[MOVE_SUB_B] [14:00:42] FIRESTORM_GATE_BLOCK ABTS setup=move_strike prior_bar_ticks=1384 threshold=6000
[MOVE_SUB_B] [14:00:42] FIRESTORM_GATE_BLOCK ABTS setup=move_strike prior_bar_ticks=1384 threshold=6000
[MOVE_SUB_B] [14:00:42] FIRESTORM_GATE_BLOCK ABTS setup=move_strike prior_bar_ticks=1384 threshold=6000
[MOVE_SUB_B] [14:00:42] FIRESTORM_GATE_BLOCK ABTS setup=move_strike prior_bar_ticks=1384 threshold=6000
[MOVE_SUB_B] [14:00:42] FIRESTORM_GATE_BLOCK ABTS setup=move_strike prior_bar_ticks=1384 threshold=6000
[MOVE_SUB_B] [14:00:42] FIRESTORM_GATE_BLOCK ABTS setup=move_strike prior_bar_ticks=1384 threshold=6000
[MOVE_SUB_B] [14:00:42] FIRESTORM_GATE_BLOCK ABTS setup=move_strike prior_bar_ticks=1384 threshold=6000
[MOVE_SUB_B] [14:00:42] FIRESTORM_GATE_BLOCK ABTS setup=move_strike prior_bar_ticks=1384 threshold=6000
[MOVE_SUB_B] [14:00:43] FIRESTORM_GATE_BLOCK ABTS setup=move_strike prior_bar_ticks=1384 threshold=6000
[MOVE_SUB_B] [14:00:43] FIRESTORM_GATE_BLOCK ABTS setup=move_strike prior_bar_ticks=1384 threshold=6000
[MOVE_SUB_B] [14:00:43] FIRESTORM_GATE_BLOCK ABTS setup=move_strike prior_bar_ticks=1384 threshold=6000
[MOVE_SUB_B] [14:00:43] FIRESTORM_GATE_BLOCK ABTS setup=move_strike prior_bar_ticks=1384 threshold=6000
[MOVE_SUB_B] [14:00:43] FIRESTORM_GATE_BLOCK ABTS setup=move_strike prior_bar_ticks=1384 threshold=6000
[MOVE_SUB_B] [14:00:43] FIRESTORM_GATE_BLOCK ABTS setup=move_strike prior_bar_ticks=1384 threshold=6000
[MOVE_SUB_B] [14:00:43] FIRESTORM_GATE_BLOCK ABTS setup=move_strike prior_bar_ticks=1384 threshold=6000
[MOVE_SUB_B] [14:00:43] FIRESTORM_GATE_BLOCK ABTS setup=move_strike prior_bar_ticks=1384 threshold=6000
[MOVE_SUB_B] [14:00:43] FIRESTORM_GATE_BLOCK ABTS setup=move_strike prior_bar_ticks=1384 threshold=6000
[MOVE_SUB_B] [14:00:43] FIRESTORM_GATE_BLOCK ABTS setup=move_strike prior_bar_ticks=1384 threshold=6000
[MOVE_SUB_B] [14:00:43] FIRESTORM_GATE_BLOCK ABTS setup=move_strike prior_bar_ticks=1384 threshold=6000
[MOVE_SUB_B] [14:00:43] FIRESTORM_GATE_BLOCK ABTS setup=move_strike prior_bar_ticks=1384 threshold=6000
[MOVE_SUB_B] [14:00:43] FIRESTORM_GATE_BLOCK ABTS setup=move_strike prior_bar_ticks=1384 threshold=6000
[MOVE_SUB_B] [14:00:43] FIRESTORM_GATE_BLOCK ABTS setup=move_strike prior_bar_ticks=1384 threshold=6000
[MOVE_SUB_B] [14:00:43] FIRESTORM_GATE_BLOCK ABTS setup=move_strike prior_bar_ticks=1384 threshold=6000
[MOVE_SUB_B] [14:00:43] FIRESTORM_GATE_BLOCK ABTS setup=move_strike prior_bar_ticks=1384 threshold=6000
[MOVE_SUB_B] [14:00:43] FIRESTORM_GATE_BLOCK ABTS setup=move_strike prior_bar_ticks=1384 threshold=6000
[MOVE_SUB_B] [14:00:43] FIRESTORM_GATE_BLOCK ABTS setup=move_strike prior_bar_ticks=1384 threshold=6000
[MOVE_SUB_B] [14:00:43] FIRESTORM_GATE_BLOCK ABTS setup=move_strike prior_bar_ticks=1384 threshold=6000
[MOVE_SUB_B] [14:00:43] FIRESTORM_GATE_BLOCK ABTS setup=move_strike prior_bar_ticks=1384 threshold=6000
[MOVE_SUB_B] [14:00:43] FIRESTORM_GATE_BLOCK ABTS setup=move_strike prior_bar_ticks=1384 threshold=6000
[MOVE_SUB_B] [14:00:43] FIRESTORM_GATE_BLOCK ABTS setup=move_strike prior_bar_ticks=1384 threshold=6000
[MOVE_SUB_B] [14:00:43] FIRESTORM_GATE_BLOCK ABTS setup=move_strike prior_bar_ticks=1384 threshold=6000
[MOVE_SUB_B] [14:00:43] FIRESTORM_GATE_BLOCK ABTS setup=move_strike prior_bar_ticks=1384 threshold=6000
[MOVE_SUB_B] [14:00:43] FIRESTORM_GATE_BLOCK ABTS setup=move_strike prior_bar_ticks=1384 threshold=6000
[MOVE_SUB_B] [14:00:43] FIRESTORM_GATE_BLOCK ABTS setup=move_strike prior_bar_ticks=1384 threshold=6000
[MOVE_SUB_B] [14:00:43] FIRESTORM_GATE_BLOCK ABTS setup=move_strike prior_bar_ticks=1384 threshold=6000
[MOVE_SUB_B] [14:00:43] FIRESTORM_GATE_BLOCK ABTS setup=move_strike prior_bar_ticks=1384 threshold=6000
[MOVE_SUB_B] [14:00:44] FIRESTORM_GATE_BLOCK ABTS setup=move_strike prior_bar_ticks=1384 threshold=6000
[MOVE_SUB_B] [14:00:44] FIRESTORM_GATE_BLOCK ABTS setup=move_strike prior_bar_ticks=1384 threshold=6000
[MOVE_SUB_B] [14:00:44] FIRESTORM_GATE_BLOCK ABTS setup=move_strike prior_bar_ticks=1384 threshold=6000
[MOVE_SUB_B] [14:00:44] FIRESTORM_GATE_BLOCK ABTS setup=move_strike prior_bar_ticks=1384 threshold=6000
[MOVE_SUB_B] [14:00:44] FIRESTORM_GATE_BLOCK ABTS setup=move_strike prior_bar_ticks=1384 threshold=6000
[MOVE_SUB_B] [14:00:44] FIRESTORM_GATE_BLOCK ABTS setup=move_strike prior_bar_ticks=1384 threshold=6000
[MOVE_SUB_B] [14:00:44] FIRESTORM_GATE_BLOCK ABTS setup=move_strike prior_bar_ticks=1384 threshold=6000
[MOVE_SUB_B] [14:00:44] FIRESTORM_GATE_BLOCK ABTS setup=move_strike prior_bar_ticks=1384 threshold=6000
[MOVE_SUB_B] [14:00:44] FIRESTORM_GATE_BLOCK ABTS setup=move_strike prior_bar_ticks=1384 threshold=6000
[MOVE_SUB_B] [14:00:44] FIRESTORM_GATE_BLOCK ABTS setup=move_strike prior_bar_ticks=1384 threshold=6000
[MOVE_SUB_B] [14:00:45] FIRESTORM_GATE_BLOCK ABTS setup=move_strike prior_bar_ticks=1384 threshold=6000
[MOVE_SUB_B] [14:00:45] FIRESTORM_GATE_BLOCK ABTS setup=move_strike prior_bar_ticks=1384 threshold=6000
[MOVE_SUB_B] [14:00:45] FIRESTORM_GATE_BLOCK ABTS setup=move_strike prior_bar_ticks=1384 threshold=6000
[MOVE_SUB_B] [14:00:45] FIRESTORM_GATE_BLOCK ABTS setup=move_strike prior_bar_ticks=1384 threshold=6000
[MOVE_SUB_B] [14:00:45] FIRESTORM_GATE_BLOCK ABTS setup=move_strike prior_bar_ticks=1384 threshold=6000
[MOVE_SUB_B] [14:00:45] FIRESTORM_GATE_BLOCK ABTS setup=move_strike prior_bar_ticks=1384 threshold=6000
[MOVE_SUB_B] [14:00:45] FIRESTORM_GATE_BLOCK ABTS setup=move_strike prior_bar_ticks=1384 threshold=6000
[MOVE_SUB_B] [14:00:45] FIRESTORM_GATE_BLOCK ABTS setup=move_strike prior_bar_ticks=1384 threshold=6000
[MOVE_SUB_B] [14:00:45] FIRESTORM_GATE_BLOCK ABTS setup=move_strike prior_bar_ticks=1384 threshold=6000
[MOVE_SUB_B] [14:00:45] FIRESTORM_GATE_BLOCK ABTS setup=move_strike prior_bar_ticks=1384 threshold=6000
[MOVE_SUB_B] [14:00:45] FIRESTORM_GATE_BLOCK ABTS setup=move_strike prior_bar_ticks=1384 threshold=6000
[MOVE_SUB_B] [14:00:45] FIRESTORM_GATE_BLOCK ABTS setup=move_strike prior_bar_ticks=1384 threshold=6000
[MOVE_SUB_B] [14:00:45] FIRESTORM_GATE_BLOCK ABTS setup=move_strike prior_bar_ticks=1384 threshold=6000
[MOVE_SUB_B] [14:00:45] FIRESTORM_GATE_BLOCK ABTS setup=move_strike prior_bar_ticks=1384 threshold=6000
[MOVE_SUB_B] [14:00:45] FIRESTORM_GATE_BLOCK ABTS setup=move_strike prior_bar_ticks=1384 threshold=6000
[MOVE_SUB_B] [14:00:45] FIRESTORM_GATE_BLOCK ABTS setup=move_strike prior_bar_ticks=1384 threshold=6000
[MOVE_SUB_B] [14:00:45] FIRESTORM_GATE_BLOCK ABTS setup=move_strike prior_bar_ticks=1384 threshold=6000
[MOVE_SUB_B] [14:00:45] FIRESTORM_GATE_BLOCK ABTS setup=move_strike prior_bar_ticks=1384 threshold=6000
[MOVE_SUB_B] [14:00:45] FIRESTORM_GATE_BLOCK ABTS setup=move_strike prior_bar_ticks=1384 threshold=6000
[MOVE_SUB_B] [14:00:45] FIRESTORM_GATE_BLOCK ABTS setup=move_strike prior_bar_ticks=1384 threshold=6000
[MOVE_SUB_B] [14:00:45] FIRESTORM_GATE_BLOCK ABTS setup=move_strike prior_bar_ticks=1384 threshold=6000
[MOVE_SUB_B] [14:00:45] FIRESTORM_GATE_BLOCK ABTS setup=move_strike prior_bar_ticks=1384 threshold=6000
[MOVE_SUB_B] [14:00:45] FIRESTORM_GATE_BLOCK ABTS setup=move_strike prior_bar_ticks=1384 threshold=6000
[MOVE_SUB_B] [14:00:45] FIRESTORM_GATE_BLOCK ABTS setup=move_strike prior_bar_ticks=1384 threshold=6000
[MOVE_SUB_B] [14:00:45] FIRESTORM_GATE_BLOCK ABTS setup=move_strike prior_bar_ticks=1384 threshold=6000
[MOVE_SUB_B] [14:00:45] FIRESTORM_GATE_BLOCK ABTS setup=move_strike prior_bar_ticks=1384 threshold=6000
[MOVE_SUB_B] [14:00:45] FIRESTORM_GATE_BLOCK ABTS setup=move_strike prior_bar_ticks=1384 threshold=6000
[MOVE_SUB_B] [14:00:45] FIRESTORM_GATE_BLOCK ABTS setup=move_strike prior_bar_ticks=1384 threshold=6000
[MOVE_SUB_B] [14:00:45] FIRESTORM_GATE_BLOCK ABTS setup=move_strike prior_bar_ticks=1384 threshold=6000
[MOVE_SUB_B] [14:00:45] FIRESTORM_GATE_BLOCK ABTS setup=move_strike prior_bar_ticks=1384 threshold=6000
[MOVE_SUB_B] [14:00:45] FIRESTORM_GATE_BLOCK ABTS setup=move_strike prior_bar_ticks=1384 threshold=6000
[MOVE_SUB_B] [14:00:45] FIRESTORM_GATE_BLOCK ABTS setup=move_strike prior_bar_ticks=1384 threshold=6000
[MOVE_SUB_B] [14:00:45] FIRESTORM_GATE_BLOCK ABTS setup=move_strike prior_bar_ticks=1384 threshold=6000
[MOVE_SUB_B] [14:00:45] FIRESTORM_GATE_BLOCK ABTS setup=move_strike prior_bar_ticks=1384 threshold=6000
[MOVE_SUB_B] [14:00:45] FIRESTORM_GATE_BLOCK ABTS setup=move_strike prior_bar_ticks=1384 threshold=6000
[MOVE_SUB_B] [14:00:45] FIRESTORM_GATE_BLOCK ABTS setup=move_strike prior_bar_ticks=1384 threshold=6000
[MOVE_SUB_B] [14:00:45] FIRESTORM_GATE_BLOCK ABTS setup=move_strike prior_bar_ticks=1384 threshold=6000
[MOVE_SUB_B] [14:00:45] FIRESTORM_GATE_BLOCK ABTS setup=move_strike prior_bar_ticks=1384 threshold=6000
[MOVE_SUB_B] [14:00:45] FIRESTORM_GATE_BLOCK ABTS setup=move_strike prior_bar_ticks=1384 threshold=6000
[MOVE_SUB_B] [14:00:45] FIRESTORM_GATE_BLOCK ABTS setup=move_strike prior_bar_ticks=1384 threshold=6000
[MOVE_SUB_B] [14:00:45] FIRESTORM_GATE_BLOCK ABTS setup=move_strike prior_bar_ticks=1384 threshold=6000
[MOVE_SUB_B] [14:00:45] FIRESTORM_GATE_BLOCK ABTS setup=move_strike prior_bar_ticks=1384 threshold=6000
[MOVE_SUB_B] [14:00:45] FIRESTORM_GATE_BLOCK ABTS setup=move_strike prior_bar_ticks=1384 threshold=6000
[MOVE_SUB_B] [14:00:45] FIRESTORM_GATE_BLOCK ABTS setup=move_strike prior_bar_ticks=1384 threshold=6000
[MOVE_SUB_B] [14:00:45] FIRESTORM_GATE_BLOCK ABTS setup=move_strike prior_bar_ticks=1384 threshold=6000
[MOVE_SUB_B] [14:00:45] FIRESTORM_GATE_BLOCK ABTS setup=move_strike prior_bar_ticks=1384 threshold=6000
[MOVE_SUB_B] [14:00:45] FIRESTORM_GATE_BLOCK ABTS setup=move_strike prior_bar_ticks=1384 threshold=6000
[MOVE_SUB_B] [14:00:45] FIRESTORM_GATE_BLOCK ABTS setup=move_strike prior_bar_ticks=1384 threshold=6000
[MOVE_SUB_B] [14:00:45] FIRESTORM_GATE_BLOCK ABTS setup=move_strike prior_bar_ticks=1384 threshold=6000
[MOVE_SUB_B] [14:00:45] FIRESTORM_GATE_BLOCK ABTS setup=move_strike prior_bar_ticks=1384 threshold=6000
[MOVE_SUB_B] [14:00:45] FIRESTORM_GATE_BLOCK ABTS setup=move_strike prior_bar_ticks=1384 threshold=6000
[MOVE_SUB_B] [14:00:45] FIRESTORM_GATE_BLOCK ABTS setup=move_strike prior_bar_ticks=1384 threshold=6000
[MOVE_SUB_B] [14:00:45] FIRESTORM_GATE_BLOCK ABTS setup=move_strike prior_bar_ticks=1384 threshold=6000
[MOVE_SUB_B] [14:00:45] FIRESTORM_GATE_BLOCK ABTS setup=move_strike prior_bar_ticks=1384 threshold=6000
[MOVE_SUB_B] [14:00:45] FIRESTORM_GATE_BLOCK ABTS setup=move_strike prior_bar_ticks=1384 threshold=6000
[MOVE_SUB_B] [14:00:45] FIRESTORM_GATE_BLOCK ABTS setup=move_strike prior_bar_ticks=1384 threshold=6000
[MOVE_SUB_B] [14:00:45] FIRESTORM_GATE_BLOCK ABTS setup=move_strike prior_bar_ticks=1384 threshold=6000
[MOVE_SUB_B] [14:00:45] FIRESTORM_GATE_BLOCK ABTS setup=move_strike prior_bar_ticks=1384 threshold=6000
[MOVE_SUB_B] [14:00:45] FIRESTORM_GATE_BLOCK ABTS setup=move_strike prior_bar_ticks=1384 threshold=6000
[MOVE_SUB_B] [14:00:45] FIRESTORM_GATE_BLOCK ABTS setup=move_strike prior_bar_ticks=1384 threshold=6000
[MOVE_SUB_B] [14:00:45] FIRESTORM_GATE_BLOCK ABTS setup=move_strike prior_bar_ticks=1384 threshold=6000
[MOVE_SUB_B] [14:00:46] FIRESTORM_GATE_BLOCK ABTS setup=move_strike prior_bar_ticks=1384 threshold=6000
[MOVE_SUB_B] [14:00:46] FIRESTORM_GATE_BLOCK ABTS setup=move_strike prior_bar_ticks=1384 threshold=6000
[MOVE_SUB_B] [14:00:46] FIRESTORM_GATE_BLOCK ABTS setup=move_strike prior_bar_ticks=1384 threshold=6000
[MOVE_SUB_B] [14:00:46] FIRESTORM_GATE_BLOCK ABTS setup=move_strike prior_bar_ticks=1384 threshold=6000
[MOVE_SUB_B] [14:00:46] FIRESTORM_GATE_BLOCK ABTS setup=move_strike prior_bar_ticks=1384 threshold=6000
[MOVE_SUB_B] [14:00:46] FIRESTORM_GATE_BLOCK ABTS setup=move_strike prior_bar_ticks=1384 threshold=6000
[MOVE_SUB_B] [14:00:46] FIRESTORM_GATE_BLOCK ABTS setup=move_strike prior_bar_ticks=1384 threshold=6000
[MOVE_SUB_B] [14:00:46] FIRESTORM_GATE_BLOCK ABTS setup=move_strike prior_bar_ticks=1384 threshold=6000
[MOVE_SUB_B] [14:00:46] FIRESTORM_GATE_BLOCK ABTS setup=move_strike prior_bar_ticks=1384 threshold=6000
[MOVE_SUB_B] [14:00:46] FIRESTORM_GATE_BLOCK ABTS setup=move_strike prior_bar_ticks=1384 threshold=6000
[MOVE_SUB_B] [14:00:46] FIRESTORM_GATE_BLOCK ABTS setup=move_strike prior_bar_ticks=1384 threshold=6000
[MOVE_SUB_B] [14:00:46] FIRESTORM_GATE_BLOCK ABTS setup=move_strike prior_bar_ticks=1384 threshold=6000
[MOVE_SUB_B] [14:00:46] FIRESTORM_GATE_BLOCK ABTS setup=move_strike prior_bar_ticks=1384 threshold=6000
[MOVE_SUB_B] [14:00:46] FIRESTORM_GATE_BLOCK ABTS setup=move_strike prior_bar_ticks=1384 threshold=6000
[MOVE_SUB_B] [14:00:46] FIRESTORM_GATE_BLOCK ABTS setup=move_strike prior_bar_ticks=1384 threshold=6000
[MOVE_SUB_B] [14:00:46] FIRESTORM_GATE_BLOCK ABTS setup=move_strike prior_bar_ticks=1384 threshold=6000
[MOVE_SUB_B] [14:00:46] FIRESTORM_GATE_BLOCK ABTS setup=move_strike prior_bar_ticks=1384 threshold=6000
[MOVE_SUB_B] [14:00:46] FIRESTORM_GATE_BLOCK ABTS setup=move_strike prior_bar_ticks=1384 threshold=6000
[MOVE_SUB_B] [14:00:46] FIRESTORM_GATE_BLOCK ABTS setup=move_strike prior_bar_ticks=1384 threshold=6000
[MOVE_SUB_B] [14:00:46] FIRESTORM_GATE_BLOCK ABTS setup=move_strike prior_bar_ticks=1384 threshold=6000
[MOVE_SUB_B] [14:00:46] FIRESTORM_GATE_BLOCK ABTS setup=move_strike prior_bar_ticks=1384 threshold=6000
[MOVE_SUB_B] [14:00:46] FIRESTORM_GATE_BLOCK ABTS setup=move_strike prior_bar_ticks=1384 threshold=6000
[MOVE_SUB_B] [14:00:46] FIRESTORM_GATE_BLOCK ABTS setup=move_strike prior_bar_ticks=1384 threshold=6000
[MOVE_SUB_B] [14:00:46] FIRESTORM_GATE_BLOCK ABTS setup=move_strike prior_bar_ticks=1384 threshold=6000
[MOVE_SUB_B] [14:00:46] FIRESTORM_GATE_BLOCK ABTS setup=move_strike prior_bar_ticks=1384 threshold=6000
[MOVE_SUB_B] [14:00:46] FIRESTORM_GATE_BLOCK ABTS setup=move_strike prior_bar_ticks=1384 threshold=6000
[MOVE_SUB_B] [14:00:46] FIRESTORM_GATE_BLOCK ABTS setup=move_strike prior_bar_ticks=1384 threshold=6000
[MOVE_SUB_B] [14:00:46] FIRESTORM_GATE_BLOCK ABTS setup=move_strike prior_bar_ticks=1384 threshold=6000
[MOVE_SUB_B] [14:00:46] FIRESTORM_GATE_BLOCK ABTS setup=move_strike prior_bar_ticks=1384 threshold=6000
[MOVE_SUB_B] [14:00:46] FIRESTORM_GATE_BLOCK ABTS setup=move_strike prior_bar_ticks=1384 threshold=6000
[MOVE_SUB_B] [14:00:46] FIRESTORM_GATE_BLOCK ABTS setup=move_strike prior_bar_ticks=1384 threshold=6000
[MOVE_SUB_B] [14:00:46] FIRESTORM_GATE_BLOCK ABTS setup=move_strike prior_bar_ticks=1384 threshold=6000
[MOVE_SUB_B] [14:00:46] FIRESTORM_GATE_BLOCK ABTS setup=move_strike prior_bar_ticks=1384 threshold=6000
[MOVE_SUB_B] [14:00:46] FIRESTORM_GATE_BLOCK ABTS setup=move_strike prior_bar_ticks=1384 threshold=6000
[MOVE_SUB_B] [14:00:46] FIRESTORM_GATE_BLOCK ABTS setup=move_strike prior_bar_ticks=1384 threshold=6000
[MOVE_SUB_B] [14:00:46] FIRESTORM_GATE_BLOCK ABTS setup=move_strike prior_bar_ticks=1384 threshold=6000
[MOVE_SUB_B] [14:00:46] FIRESTORM_GATE_BLOCK ABTS setup=move_strike prior_bar_ticks=1384 threshold=6000
[MOVE_SUB_B] [14:00:46] FIRESTORM_GATE_BLOCK ABTS setup=move_strike prior_bar_ticks=1384 threshold=6000
[MOVE_SUB_B] [14:00:46] FIRESTORM_GATE_BLOCK ABTS setup=move_strike prior_bar_ticks=1384 threshold=6000
[MOVE_SUB_B] [14:00:46] FIRESTORM_GATE_BLOCK ABTS setup=move_strike prior_bar_ticks=1384 threshold=6000
[MOVE_SUB_B] [14:00:46] FIRESTORM_GATE_BLOCK ABTS setup=move_strike prior_bar_ticks=1384 threshold=6000
[MOVE_SUB_B] [14:00:46] FIRESTORM_GATE_BLOCK ABTS setup=move_strike prior_bar_ticks=1384 threshold=6000
[MOVE_SUB_B] [14:00:46] FIRESTORM_GATE_BLOCK ABTS setup=move_strike prior_bar_ticks=1384 threshold=6000
[MOVE_SUB_B] [14:00:46] FIRESTORM_GATE_BLOCK ABTS setup=move_strike prior_bar_ticks=1384 threshold=6000
[MOVE_SUB_B] [14:00:46] FIRESTORM_GATE_BLOCK ABTS setup=move_strike prior_bar_ticks=1384 threshold=6000
[MOVE_SUB_B] [14:00:46] FIRESTORM_GATE_BLOCK ABTS setup=move_strike prior_bar_ticks=1384 threshold=6000
[MOVE_SUB_B] [14:00:46] FIRESTORM_GATE_BLOCK ABTS setup=move_strike prior_bar_ticks=1384 threshold=6000
[MOVE_SUB_B] [14:00:46] FIRESTORM_GATE_BLOCK ABTS setup=move_strike prior_bar_ticks=1384 threshold=6000
[MOVE_SUB_B] [14:00:46] FIRESTORM_GATE_BLOCK ABTS setup=move_strike prior_bar_ticks=1384 threshold=6000
[MOVE_SUB_B] [14:00:46] FIRESTORM_GATE_BLOCK ABTS setup=move_strike prior_bar_ticks=1384 threshold=6000
[MOVE_SUB_B] [14:00:46] FIRESTORM_GATE_BLOCK ABTS setup=move_strike prior_bar_ticks=1384 threshold=6000
[MOVE_SUB_B] [14:00:46] FIRESTORM_GATE_BLOCK ABTS setup=move_strike prior_bar_ticks=1384 threshold=6000
[MOVE_SUB_B] [14:00:46] FIRESTORM_GATE_BLOCK ABTS setup=move_strike prior_bar_ticks=1384 threshold=6000
[MOVE_SUB_B] [14:00:46] FIRESTORM_GATE_BLOCK ABTS setup=move_strike prior_bar_ticks=1384 threshold=6000
[MOVE_SUB_B] [14:00:46] FIRESTORM_GATE_BLOCK ABTS setup=move_strike prior_bar_ticks=1384 threshold=6000
[MOVE_SUB_B] [14:00:46] FIRESTORM_GATE_BLOCK ABTS setup=move_strike prior_bar_ticks=1384 threshold=6000
[MOVE_SUB_B] [14:00:46] FIRESTORM_GATE_BLOCK ABTS setup=move_strike prior_bar_ticks=1384 threshold=6000
[MOVE_SUB_B] [14:00:46] FIRESTORM_GATE_BLOCK ABTS setup=move_strike prior_bar_ticks=1384 threshold=6000
[MOVE_SUB_B] [14:00:47] FIRESTORM_GATE_BLOCK ABTS setup=move_strike prior_bar_ticks=1384 threshold=6000
[MOVE_SUB_B] [14:00:47] FIRESTORM_GATE_BLOCK ABTS setup=move_strike prior_bar_ticks=1384 threshold=6000
[MOVE_SUB_B] [14:00:47] FIRESTORM_GATE_BLOCK ABTS setup=move_strike prior_bar_ticks=1384 threshold=6000
[MOVE_SUB_B] [14:00:47] FIRESTORM_GATE_BLOCK ABTS setup=move_strike prior_bar_ticks=1384 threshold=6000
[MOVE_SUB_B] [14:00:47] FIRESTORM_GATE_BLOCK ABTS setup=move_strike prior_bar_ticks=1384 threshold=6000
[MOVE_SUB_B] [14:00:47] FIRESTORM_GATE_BLOCK ABTS setup=move_strike prior_bar_ticks=1384 threshold=6000
[MOVE_SUB_B] [14:00:47] FIRESTORM_GATE_BLOCK ABTS setup=move_strike prior_bar_ticks=1384 threshold=6000
[MOVE_SUB_B] [14:00:47] FIRESTORM_GATE_BLOCK ABTS setup=move_strike prior_bar_ticks=1384 threshold=6000
[MOVE_SUB_B] [14:00:47] FIRESTORM_GATE_BLOCK ABTS setup=move_strike prior_bar_ticks=1384 threshold=6000
[MOVE_SUB_B] [14:00:47] FIRESTORM_GATE_BLOCK ABTS setup=move_strike prior_bar_ticks=1384 threshold=6000
[MOVE_SUB_B] [14:00:47] FIRESTORM_GATE_BLOCK ABTS setup=move_strike prior_bar_ticks=1384 threshold=6000
[MOVE_SUB_B] [14:00:47] FIRESTORM_GATE_BLOCK ABTS setup=move_strike prior_bar_ticks=1384 threshold=6000
[MOVE_SUB_B] [14:00:47] FIRESTORM_GATE_BLOCK ABTS setup=move_strike prior_bar_ticks=1384 threshold=6000
[MOVE_SUB_B] [14:00:47] FIRESTORM_GATE_BLOCK ABTS setup=move_strike prior_bar_ticks=1384 threshold=6000
[MOVE_SUB_B] [14:00:47] FIRESTORM_GATE_BLOCK ABTS setup=move_strike prior_bar_ticks=1384 threshold=6000
[MOVE_SUB_B] [14:00:47] FIRESTORM_GATE_BLOCK ABTS setup=move_strike prior_bar_ticks=1384 threshold=6000
[MOVE_SUB_B] [14:00:47] FIRESTORM_GATE_BLOCK ABTS setup=move_strike prior_bar_ticks=1384 threshold=6000
[MOVE_SUB_B] [14:00:47] FIRESTORM_GATE_BLOCK ABTS setup=move_strike prior_bar_ticks=1384 threshold=6000
[MOVE_SUB_B] [14:00:47] FIRESTORM_GATE_BLOCK ABTS setup=move_strike prior_bar_ticks=1384 threshold=6000
[MOVE_SUB_B] [14:00:47] FIRESTORM_GATE_BLOCK ABTS setup=move_strike prior_bar_ticks=1384 threshold=6000
[MOVE_SUB_B] [14:00:47] FIRESTORM_GATE_BLOCK ABTS setup=move_strike prior_bar_ticks=1384 threshold=6000
[MOVE_SUB_B] [14:00:47] FIRESTORM_GATE_BLOCK ABTS setup=move_strike prior_bar_ticks=1384 threshold=6000
[MOVE_SUB_B] [14:00:47] FIRESTORM_GATE_BLOCK ABTS setup=move_strike prior_bar_ticks=1384 threshold=6000
[MOVE_SUB_B] [14:00:47] FIRESTORM_GATE_BLOCK ABTS setup=move_strike prior_bar_ticks=1384 threshold=6000
[MOVE_SUB_B] [14:00:47] FIRESTORM_GATE_BLOCK ABTS setup=move_strike prior_bar_ticks=1384 threshold=6000
[MOVE_SUB_B] [14:00:48] FIRESTORM_GATE_BLOCK ABTS setup=move_strike prior_bar_ticks=1384 threshold=6000
[MOVE_SUB_B] [14:00:48] FIRESTORM_GATE_BLOCK ABTS setup=move_strike prior_bar_ticks=1384 threshold=6000
[MOVE_SUB_B] [14:00:48] FIRESTORM_GATE_BLOCK ABTS setup=move_strike prior_bar_ticks=1384 threshold=6000
[MOVE_SUB_B] [14:00:48] FIRESTORM_GATE_BLOCK ABTS setup=move_strike prior_bar_ticks=1384 threshold=6000
[MOVE_SUB_B] [14:00:48] FIRESTORM_GATE_BLOCK ABTS setup=move_strike prior_bar_ticks=1384 threshold=6000
[MOVE_SUB_B] [14:00:48] FIRESTORM_GATE_BLOCK ABTS setup=move_strike prior_bar_ticks=1384 threshold=6000
[MOVE_SUB_B] [14:00:48] FIRESTORM_GATE_BLOCK ABTS setup=move_strike prior_bar_ticks=1384 threshold=6000
[MOVE_SUB_B] [14:00:48] FIRESTORM_GATE_BLOCK ABTS setup=move_strike prior_bar_ticks=1384 threshold=6000
[MOVE_SUB_B] [14:00:48] FIRESTORM_GATE_BLOCK ABTS setup=move_strike prior_bar_ticks=1384 threshold=6000
[MOVE_SUB_B] [14:00:49] FIRESTORM_GATE_BLOCK ABTS setup=move_strike prior_bar_ticks=1384 threshold=6000
[MOVE_SUB_B] [14:00:49] FIRESTORM_GATE_BLOCK ABTS setup=move_strike prior_bar_ticks=1384 threshold=6000
[MOVE_SUB_B] [14:00:49] FIRESTORM_GATE_BLOCK ABTS setup=move_strike prior_bar_ticks=1384 threshold=6000
[MOVE_SUB_B] [14:00:49] FIRESTORM_GATE_BLOCK ABTS setup=move_strike prior_bar_ticks=1384 threshold=6000
[MOVE_SUB_B] [14:00:49] FIRESTORM_GATE_BLOCK ABTS setup=move_strike prior_bar_ticks=1384 threshold=6000
[MOVE_SUB_B] [14:00:49] FIRESTORM_GATE_BLOCK ABTS setup=move_strike prior_bar_ticks=1384 threshold=6000
[MOVE_SUB_B] [14:00:49] FIRESTORM_GATE_BLOCK ABTS setup=move_strike prior_bar_ticks=1384 threshold=6000
[MOVE_SUB_B] [14:00:49] FIRESTORM_GATE_BLOCK ABTS setup=move_strike prior_bar_ticks=1384 threshold=6000
[MOVE_SUB_B] [14:00:49] FIRESTORM_GATE_BLOCK ABTS setup=move_strike prior_bar_ticks=1384 threshold=6000
[MOVE_SUB_B] [14:00:49] FIRESTORM_GATE_BLOCK ABTS setup=move_strike prior_bar_ticks=1384 threshold=6000
[MOVE_SUB_B] [14:00:50] FIRESTORM_GATE_BLOCK ABTS setup=move_strike prior_bar_ticks=1384 threshold=6000
[MOVE_SUB_B] [14:00:50] FIRESTORM_GATE_BLOCK ABTS setup=move_strike prior_bar_ticks=1384 threshold=6000
[MOVE_SUB_B] [14:00:50] FIRESTORM_GATE_BLOCK ABTS setup=move_strike prior_bar_ticks=1384 threshold=6000
[MOVE_SUB_B] [14:00:50] FIRESTORM_GATE_BLOCK ABTS setup=move_strike prior_bar_ticks=1384 threshold=6000
[MOVE_SUB_B] [14:00:50] FIRESTORM_GATE_BLOCK ABTS setup=move_strike prior_bar_ticks=1384 threshold=6000
[MOVE_SUB_B] [14:00:50] FIRESTORM_GATE_BLOCK ABTS setup=move_strike prior_bar_ticks=1384 threshold=6000
[MOVE_SUB_B] [14:00:50] FIRESTORM_GATE_BLOCK ABTS setup=move_strike prior_bar_ticks=1384 threshold=6000
[MOVE_SUB_B] [14:00:50] FIRESTORM_GATE_BLOCK ABTS setup=move_strike prior_bar_ticks=1384 threshold=6000
[MOVE_SUB_B] [14:00:50] FIRESTORM_GATE_BLOCK ABTS setup=move_strike prior_bar_ticks=1384 threshold=6000
[MOVE_SUB_B] [14:00:50] FIRESTORM_GATE_BLOCK ABTS setup=move_strike prior_bar_ticks=1384 threshold=6000
[MOVE_SUB_B] [14:00:50] FIRESTORM_GATE_BLOCK ABTS setup=move_strike prior_bar_ticks=1384 threshold=6000
[MOVE_SUB_B] [14:00:50] FIRESTORM_GATE_BLOCK ABTS setup=move_strike prior_bar_ticks=1384 threshold=6000
[MOVE_SUB_B] [14:00:50] FIRESTORM_GATE_BLOCK ABTS setup=move_strike prior_bar_ticks=1384 threshold=6000
[MOVE_SUB_B] [14:00:50] FIRESTORM_GATE_BLOCK ABTS setup=move_strike prior_bar_ticks=1384 threshold=6000
[MOVE_SUB_B] [14:00:50] FIRESTORM_GATE_BLOCK ABTS setup=move_strike prior_bar_ticks=1384 threshold=6000
[MOVE_SUB_B] [14:00:50] FIRESTORM_GATE_BLOCK ABTS setup=move_strike prior_bar_ticks=1384 threshold=6000
[MOVE_SUB_B] [14:00:50] FIRESTORM_GATE_BLOCK ABTS setup=move_strike prior_bar_ticks=1384 threshold=6000
[MOVE_SUB_B] [14:00:51] FIRESTORM_GATE_BLOCK ABTS setup=move_strike prior_bar_ticks=1384 threshold=6000
[MOVE_SUB_B] [14:00:51] FIRESTORM_GATE_BLOCK ABTS setup=move_strike prior_bar_ticks=1384 threshold=6000
[MOVE_SUB_B] [14:00:51] FIRESTORM_GATE_BLOCK ABTS setup=move_strike prior_bar_ticks=1384 threshold=6000
[MOVE_SUB_B] [14:00:51] FIRESTORM_GATE_BLOCK ABTS setup=move_strike prior_bar_ticks=1384 threshold=6000
[MOVE_SUB_B] [14:00:51] FIRESTORM_GATE_BLOCK ABTS setup=move_strike prior_bar_ticks=1384 threshold=6000
[MOVE_SUB_B] [14:00:51] FIRESTORM_GATE_BLOCK ABTS setup=move_strike prior_bar_ticks=1384 threshold=6000
[MOVE_SUB_B] [14:00:51] FIRESTORM_GATE_BLOCK ABTS setup=move_strike prior_bar_ticks=1384 threshold=6000
[MOVE_SUB_B] [14:00:51] FIRESTORM_GATE_BLOCK ABTS setup=move_strike prior_bar_ticks=1384 threshold=6000
[MOVE_SUB_B] [14:00:51] FIRESTORM_GATE_BLOCK ABTS setup=move_strike prior_bar_ticks=1384 threshold=6000
[MOVE_SUB_B] [14:00:51] FIRESTORM_GATE_BLOCK ABTS setup=move_strike prior_bar_ticks=1384 threshold=6000
[MOVE_SUB_B] [14:00:52] FIRESTORM_GATE_BLOCK ABTS setup=move_strike prior_bar_ticks=1384 threshold=6000
[MOVE_SUB_B] [14:00:52] FIRESTORM_GATE_BLOCK ABTS setup=move_strike prior_bar_ticks=1384 threshold=6000
[MOVE_SUB_B] [14:00:52] FIRESTORM_GATE_BLOCK ABTS setup=move_strike prior_bar_ticks=1384 threshold=6000
[MOVE_SUB_B] [14:00:52] FIRESTORM_GATE_BLOCK ABTS setup=move_strike prior_bar_ticks=1384 threshold=6000
[MOVE_SUB_B] [14:00:52] FIRESTORM_GATE_BLOCK ABTS setup=move_strike prior_bar_ticks=1384 threshold=6000
[MOVE_SUB_B] [14:00:52] FIRESTORM_GATE_BLOCK ABTS setup=move_strike prior_bar_ticks=1384 threshold=6000
[MOVE_SUB_B] [14:00:53] FIRESTORM_GATE_BLOCK ABTS setup=move_strike prior_bar_ticks=1384 threshold=6000
[MOVE_SUB_B] [14:00:53] FIRESTORM_GATE_BLOCK ABTS setup=move_strike prior_bar_ticks=1384 threshold=6000
[MOVE_SUB_B] [14:00:53] FIRESTORM_GATE_BLOCK ABTS setup=move_strike prior_bar_ticks=1384 threshold=6000
[MOVE_SUB_B] [14:00:53] FIRESTORM_GATE_BLOCK ABTS setup=move_strike prior_bar_ticks=1384 threshold=6000
[MOVE_SUB_B] [14:00:53] FIRESTORM_GATE_BLOCK ABTS setup=move_strike prior_bar_ticks=1384 threshold=6000
[MOVE_SUB_B] [14:00:54] FIRESTORM_GATE_BLOCK ABTS setup=move_strike prior_bar_ticks=1384 threshold=6000
[MOVE_SUB_B] [14:00:54] FIRESTORM_GATE_BLOCK ABTS setup=move_strike prior_bar_ticks=1384 threshold=6000
[MOVE_SUB_B] [14:00:54] FIRESTORM_GATE_BLOCK ABTS setup=move_strike prior_bar_ticks=1384 threshold=6000
[MOVE_SUB_B] [14:00:54] FIRESTORM_GATE_BLOCK ABTS setup=move_strike prior_bar_ticks=1384 threshold=6000
[MOVE_SUB_B] [14:00:54] FIRESTORM_GATE_BLOCK ABTS setup=move_strike prior_bar_ticks=1384 threshold=6000
[MOVE_SUB_B] [14:00:54] FIRESTORM_GATE_BLOCK ABTS setup=move_strike prior_bar_ticks=1384 threshold=6000
[MOVE_SUB_B] [14:00:54] FIRESTORM_GATE_BLOCK ABTS setup=move_strike prior_bar_ticks=1384 threshold=6000
[MOVE_SUB_B] [14:00:54] FIRESTORM_GATE_BLOCK ABTS setup=move_strike prior_bar_ticks=1384 threshold=6000
[MOVE_SUB_B] [14:00:54] FIRESTORM_GATE_BLOCK ABTS setup=move_strike prior_bar_ticks=1384 threshold=6000
[MOVE_SUB_B] [14:00:54] FIRESTORM_GATE_BLOCK ABTS setup=move_strike prior_bar_ticks=1384 threshold=6000
[MOVE_SUB_B] [14:00:54] FIRESTORM_GATE_BLOCK ABTS setup=move_strike prior_bar_ticks=1384 threshold=6000
[MOVE_SUB_B] [14:00:54] FIRESTORM_GATE_BLOCK ABTS setup=move_strike prior_bar_ticks=1384 threshold=6000
[MOVE_SUB_B] [14:00:54] FIRESTORM_GATE_BLOCK ABTS setup=move_strike prior_bar_ticks=1384 threshold=6000
[MOVE_SUB_B] [14:00:54] FIRESTORM_GATE_BLOCK ABTS setup=move_strike prior_bar_ticks=1384 threshold=6000
[MOVE_SUB_B] [14:00:54] FIRESTORM_GATE_BLOCK ABTS setup=move_strike prior_bar_ticks=1384 threshold=6000
[MOVE_SUB_B] [14:00:54] FIRESTORM_GATE_BLOCK ABTS setup=move_strike prior_bar_ticks=1384 threshold=6000
[MOVE_SUB_B] [14:00:54] FIRESTORM_GATE_BLOCK ABTS setup=move_strike prior_bar_ticks=1384 threshold=6000
[MOVE_SUB_B] [14:00:54] FIRESTORM_GATE_BLOCK ABTS setup=move_strike prior_bar_ticks=1384 threshold=6000
[MOVE_SUB_B] [14:00:54] FIRESTORM_GATE_BLOCK ABTS setup=move_strike prior_bar_ticks=1384 threshold=6000
[MOVE_SUB_B] [14:00:54] FIRESTORM_GATE_BLOCK ABTS setup=move_strike prior_bar_ticks=1384 threshold=6000
[MOVE_SUB_B] [14:00:54] FIRESTORM_GATE_BLOCK ABTS setup=move_strike prior_bar_ticks=1384 threshold=6000
[MOVE_SUB_B] [14:00:54] FIRESTORM_GATE_BLOCK ABTS setup=move_strike prior_bar_ticks=1384 threshold=6000
[MOVE_SUB_B] [14:00:54] FIRESTORM_GATE_BLOCK ABTS setup=move_strike prior_bar_ticks=1384 threshold=6000
[MOVE_SUB_B] [14:00:54] FIRESTORM_GATE_BLOCK ABTS setup=move_strike prior_bar_ticks=1384 threshold=6000
[MOVE_SUB_B] [14:00:54] FIRESTORM_GATE_BLOCK ABTS setup=move_strike prior_bar_ticks=1384 threshold=6000
[MOVE_SUB_B] [14:00:54] FIRESTORM_GATE_BLOCK ABTS setup=move_strike prior_bar_ticks=1384 threshold=6000
[MOVE_SUB_B] [14:00:54] FIRESTORM_GATE_BLOCK ABTS setup=move_strike prior_bar_ticks=1384 threshold=6000
[MOVE_SUB_B] [14:00:54] FIRESTORM_GATE_BLOCK ABTS setup=move_strike prior_bar_ticks=1384 threshold=6000
[MOVE_SUB_B] [14:00:54] FIRESTORM_GATE_BLOCK ABTS setup=move_strike prior_bar_ticks=1384 threshold=6000
[MOVE_SUB_B] [14:00:54] FIRESTORM_GATE_BLOCK ABTS setup=move_strike prior_bar_ticks=1384 threshold=6000
[MOVE_SUB_B] [14:00:54] FIRESTORM_GATE_BLOCK ABTS setup=move_strike prior_bar_ticks=1384 threshold=6000
[MOVE_SUB_B] [14:00:54] FIRESTORM_GATE_BLOCK ABTS setup=move_strike prior_bar_ticks=1384 threshold=6000
[MOVE_SUB_B] [14:00:54] FIRESTORM_GATE_BLOCK ABTS setup=move_strike prior_bar_ticks=1384 threshold=6000
[MOVE_SUB_B] [14:00:55] FIRESTORM_GATE_BLOCK ABTS setup=move_strike prior_bar_ticks=1384 threshold=6000
[MOVE_SUB_B] [14:00:55] FIRESTORM_GATE_BLOCK ABTS setup=move_strike prior_bar_ticks=1384 threshold=6000
[MOVE_SUB_B] [14:00:55] FIRESTORM_GATE_BLOCK ABTS setup=move_strike prior_bar_ticks=1384 threshold=6000
[MOVE_SUB_B] [14:00:55] FIRESTORM_GATE_BLOCK ABTS setup=move_strike prior_bar_ticks=1384 threshold=6000
[MOVE_SUB_B] [14:00:55] FIRESTORM_GATE_BLOCK ABTS setup=move_strike prior_bar_ticks=1384 threshold=6000
[MOVE_SUB_B] [14:00:55] FIRESTORM_GATE_BLOCK ABTS setup=move_strike prior_bar_ticks=1384 threshold=6000
[MOVE_SUB_B] [14:00:55] FIRESTORM_GATE_BLOCK ABTS setup=move_strike prior_bar_ticks=1384 threshold=6000
[MOVE_SUB_B] [14:00:55] FIRESTORM_GATE_BLOCK ABTS setup=move_strike prior_bar_ticks=1384 threshold=6000
[MOVE_SUB_B] [14:00:55] FIRESTORM_GATE_BLOCK ABTS setup=move_strike prior_bar_ticks=1384 threshold=6000
[MOVE_SUB_B] [14:00:55] FIRESTORM_GATE_BLOCK ABTS setup=move_strike prior_bar_ticks=1384 threshold=6000
[MOVE_SUB_B] [14:00:55] FIRESTORM_GATE_BLOCK ABTS setup=move_strike prior_bar_ticks=1384 threshold=6000
[MOVE_SUB_B] [14:00:55] FIRESTORM_GATE_BLOCK ABTS setup=move_strike prior_bar_ticks=1384 threshold=6000
[MOVE_SUB_B] [14:00:55] FIRESTORM_GATE_BLOCK ABTS setup=move_strike prior_bar_ticks=1384 threshold=6000
[MOVE_SUB_B] [14:00:55] FIRESTORM_GATE_BLOCK ABTS setup=move_strike prior_bar_ticks=1384 threshold=6000
[MOVE_SUB_B] [14:00:55] FIRESTORM_GATE_BLOCK ABTS setup=move_strike prior_bar_ticks=1384 threshold=6000
[MOVE_SUB_B] [14:00:55] FIRESTORM_GATE_BLOCK ABTS setup=move_strike prior_bar_ticks=1384 threshold=6000
[MOVE_SUB_B] [14:00:55] FIRESTORM_GATE_BLOCK ABTS setup=move_strike prior_bar_ticks=1384 threshold=6000
[MOVE_SUB_B] [14:00:55] FIRESTORM_GATE_BLOCK ABTS setup=move_strike prior_bar_ticks=1384 threshold=6000
[MOVE_SUB_B] [14:00:55] FIRESTORM_GATE_BLOCK ABTS setup=move_strike prior_bar_ticks=1384 threshold=6000
[MOVE_SUB_B] [14:00:55] FIRESTORM_GATE_BLOCK ABTS setup=move_strike prior_bar_ticks=1384 threshold=6000
[MOVE_SUB_B] [14:00:55] FIRESTORM_GATE_BLOCK ABTS setup=move_strike prior_bar_ticks=1384 threshold=6000
[MOVE_SUB_B] [14:00:55] FIRESTORM_GATE_BLOCK ABTS setup=move_strike prior_bar_ticks=1384 threshold=6000
[MOVE_SUB_B] [14:00:55] FIRESTORM_GATE_BLOCK ABTS setup=move_strike prior_bar_ticks=1384 threshold=6000
[MOVE_SUB_B] [14:00:55] FIRESTORM_GATE_BLOCK ABTS setup=move_strike prior_bar_ticks=1384 threshold=6000
[MOVE_SUB_B] [14:00:55] FIRESTORM_GATE_BLOCK ABTS setup=move_strike prior_bar_ticks=1384 threshold=6000
[MOVE_SUB_B] [14:00:55] FIRESTORM_GATE_BLOCK ABTS setup=move_strike prior_bar_ticks=1384 threshold=6000
[MOVE_SUB_B] [14:00:55] FIRESTORM_GATE_BLOCK ABTS setup=move_strike prior_bar_ticks=1384 threshold=6000
[MOVE_SUB_B] [14:00:55] FIRESTORM_GATE_BLOCK ABTS setup=move_strike prior_bar_ticks=1384 threshold=6000
[MOVE_SUB_B] [14:00:55] FIRESTORM_GATE_BLOCK ABTS setup=move_strike prior_bar_ticks=1384 threshold=6000
[MOVE_SUB_B] [14:00:55] FIRESTORM_GATE_BLOCK ABTS setup=move_strike prior_bar_ticks=1384 threshold=6000
[MOVE_SUB_B] [14:00:55] FIRESTORM_GATE_BLOCK ABTS setup=move_strike prior_bar_ticks=1384 threshold=6000
[MOVE_SUB_B] [14:00:55] FIRESTORM_GATE_BLOCK ABTS setup=move_strike prior_bar_ticks=1384 threshold=6000
[MOVE_SUB_B] [14:00:55] FIRESTORM_GATE_BLOCK ABTS setup=move_strike prior_bar_ticks=1384 threshold=6000
[MOVE_SUB_B] [14:00:56] FIRESTORM_GATE_BLOCK ABTS setup=move_strike prior_bar_ticks=1384 threshold=6000
[MOVE_SUB_B] [14:00:56] FIRESTORM_GATE_BLOCK ABTS setup=move_strike prior_bar_ticks=1384 threshold=6000
[MOVE_SUB_B] [14:00:56] FIRESTORM_GATE_BLOCK ABTS setup=move_strike prior_bar_ticks=1384 threshold=6000
[MOVE_SUB_B] [14:00:56] FIRESTORM_GATE_BLOCK ABTS setup=move_strike prior_bar_ticks=1384 threshold=6000
[MOVE_SUB_B] [14:00:56] FIRESTORM_GATE_BLOCK ABTS setup=move_strike prior_bar_ticks=1384 threshold=6000
[MOVE_SUB_B] [14:00:56] FIRESTORM_GATE_BLOCK ABTS setup=move_strike prior_bar_ticks=1384 threshold=6000
[MOVE_SUB_B] [14:00:56] FIRESTORM_GATE_BLOCK ABTS setup=move_strike prior_bar_ticks=1384 threshold=6000
[MOVE_SUB_B] [14:00:56] FIRESTORM_GATE_BLOCK ABTS setup=move_strike prior_bar_ticks=1384 threshold=6000
[MOVE_SUB_B] [14:00:56] FIRESTORM_GATE_BLOCK ABTS setup=move_strike prior_bar_ticks=1384 threshold=6000
[MOVE_SUB_B] [14:00:56] FIRESTORM_GATE_BLOCK ABTS setup=move_strike prior_bar_ticks=1384 threshold=6000
[MOVE_SUB_B] [14:00:56] FIRESTORM_GATE_BLOCK ABTS setup=move_strike prior_bar_ticks=1384 threshold=6000
[MOVE_SUB_B] [14:00:56] FIRESTORM_GATE_BLOCK ABTS setup=move_strike prior_bar_ticks=1384 threshold=6000
[MOVE_SUB_B] [14:00:56] FIRESTORM_GATE_BLOCK ABTS setup=move_strike prior_bar_ticks=1384 threshold=6000
[MOVE_SUB_B] [14:00:56] FIRESTORM_GATE_BLOCK ABTS setup=move_strike prior_bar_ticks=1384 threshold=6000
[MOVE_SUB_B] [14:00:56] FIRESTORM_GATE_BLOCK ABTS setup=move_strike prior_bar_ticks=1384 threshold=6000
[MOVE_SUB_B] [14:00:56] FIRESTORM_GATE_BLOCK ABTS setup=move_strike prior_bar_ticks=1384 threshold=6000
[MOVE_SUB_B] [14:00:56] FIRESTORM_GATE_BLOCK ABTS setup=move_strike prior_bar_ticks=1384 threshold=6000
[MOVE_SUB_B] [14:00:56] FIRESTORM_GATE_BLOCK ABTS setup=move_strike prior_bar_ticks=1384 threshold=6000
[MOVE_SUB_B] [14:00:56] FIRESTORM_GATE_BLOCK ABTS setup=move_strike prior_bar_ticks=1384 threshold=6000
[MOVE_SUB_B] [14:00:56] FIRESTORM_GATE_BLOCK ABTS setup=move_strike prior_bar_ticks=1384 threshold=6000
[MOVE_SUB_B] [14:00:56] FIRESTORM_GATE_BLOCK ABTS setup=move_strike prior_bar_ticks=1384 threshold=6000
[MOVE_SUB_B] [14:00:56] FIRESTORM_GATE_BLOCK ABTS setup=move_strike prior_bar_ticks=1384 threshold=6000
[MOVE_SUB_B] [14:00:56] FIRESTORM_GATE_BLOCK ABTS setup=move_strike prior_bar_ticks=1384 threshold=6000
[MOVE_SUB_B] [14:00:56] FIRESTORM_GATE_BLOCK ABTS setup=move_strike prior_bar_ticks=1384 threshold=6000
[MOVE_SUB_B] [14:00:56] FIRESTORM_GATE_BLOCK ABTS setup=move_strike prior_bar_ticks=1384 threshold=6000
[MOVE_SUB_B] [14:00:56] FIRESTORM_GATE_BLOCK ABTS setup=move_strike prior_bar_ticks=1384 threshold=6000
[MOVE_SUB_B] [14:00:56] FIRESTORM_GATE_BLOCK ABTS setup=move_strike prior_bar_ticks=1384 threshold=6000
[MOVE_SUB_B] [14:00:56] FIRESTORM_GATE_BLOCK ABTS setup=move_strike prior_bar_ticks=1384 threshold=6000
[MOVE_SUB_B] [14:00:56] FIRESTORM_GATE_BLOCK ABTS setup=move_strike prior_bar_ticks=1384 threshold=6000
[MOVE_SUB_B] [14:00:56] FIRESTORM_GATE_BLOCK ABTS setup=move_strike prior_bar_ticks=1384 threshold=6000
[MOVE_SUB_B] [14:00:56] FIRESTORM_GATE_BLOCK ABTS setup=move_strike prior_bar_ticks=1384 threshold=6000
[MOVE_SUB_B] [14:00:56] FIRESTORM_GATE_BLOCK ABTS setup=move_strike prior_bar_ticks=1384 threshold=6000
[MOVE_SUB_B] [14:00:56] FIRESTORM_GATE_BLOCK ABTS setup=move_strike prior_bar_ticks=1384 threshold=6000
[MOVE_SUB_B] [14:00:56] FIRESTORM_GATE_BLOCK ABTS setup=move_strike prior_bar_ticks=1384 threshold=6000
[MOVE_SUB_B] [14:00:56] FIRESTORM_GATE_BLOCK ABTS setup=move_strike prior_bar_ticks=1384 threshold=6000
[MOVE_SUB_B] [14:00:56] FIRESTORM_GATE_BLOCK ABTS setup=move_strike prior_bar_ticks=1384 threshold=6000
[MOVE_SUB_B] [14:00:56] FIRESTORM_GATE_BLOCK ABTS setup=move_strike prior_bar_ticks=1384 threshold=6000
[MOVE_SUB_B] [14:00:56] FIRESTORM_GATE_BLOCK ABTS setup=move_strike prior_bar_ticks=1384 threshold=6000
[MOVE_SUB_B] [14:00:56] FIRESTORM_GATE_BLOCK ABTS setup=move_strike prior_bar_ticks=1384 threshold=6000
[MOVE_SUB_B] [14:00:56] FIRESTORM_GATE_BLOCK ABTS setup=move_strike prior_bar_ticks=1384 threshold=6000
[MOVE_SUB_B] [14:00:56] FIRESTORM_GATE_BLOCK ABTS setup=move_strike prior_bar_ticks=1384 threshold=6000
[MOVE_SUB_B] [14:00:56] FIRESTORM_GATE_BLOCK ABTS setup=move_strike prior_bar_ticks=1384 threshold=6000
[MOVE_SUB_B] [14:00:56] FIRESTORM_GATE_BLOCK ABTS setup=move_strike prior_bar_ticks=1384 threshold=6000
[MOVE_SUB_B] [14:00:56] FIRESTORM_GATE_BLOCK ABTS setup=move_strike prior_bar_ticks=1384 threshold=6000
[MOVE_SUB_B] [14:00:56] FIRESTORM_GATE_BLOCK ABTS setup=move_strike prior_bar_ticks=1384 threshold=6000
[MOVE_SUB_B] [14:00:56] FIRESTORM_GATE_BLOCK ABTS setup=move_strike prior_bar_ticks=1384 threshold=6000
[MOVE_SUB_B] [14:00:56] FIRESTORM_GATE_BLOCK ABTS setup=move_strike prior_bar_ticks=1384 threshold=6000
[MOVE_SUB_B] [14:00:56] FIRESTORM_GATE_BLOCK ABTS setup=move_strike prior_bar_ticks=1384 threshold=6000
[MOVE_SUB_B] [14:00:56] FIRESTORM_GATE_BLOCK ABTS setup=move_strike prior_bar_ticks=1384 threshold=6000
[MOVE_SUB_B] [14:00:56] FIRESTORM_GATE_BLOCK ABTS setup=move_strike prior_bar_ticks=1384 threshold=6000
[MOVE_SUB_B] [14:00:56] FIRESTORM_GATE_BLOCK ABTS setup=move_strike prior_bar_ticks=1384 threshold=6000
[MOVE_SUB_B] [14:00:56] FIRESTORM_GATE_BLOCK ABTS setup=move_strike prior_bar_ticks=1384 threshold=6000
[MOVE_SUB_B] [14:00:56] FIRESTORM_GATE_BLOCK ABTS setup=move_strike prior_bar_ticks=1384 threshold=6000
[MOVE_SUB_B] [14:00:56] FIRESTORM_GATE_BLOCK ABTS setup=move_strike prior_bar_ticks=1384 threshold=6000
[MOVE_SUB_B] [14:00:56] FIRESTORM_GATE_BLOCK ABTS setup=move_strike prior_bar_ticks=1384 threshold=6000
[MOVE_SUB_B] [14:00:56] FIRESTORM_GATE_BLOCK ABTS setup=move_strike prior_bar_ticks=1384 threshold=6000
[MOVE_SUB_B] [14:00:56] FIRESTORM_GATE_BLOCK ABTS setup=move_strike prior_bar_ticks=1384 threshold=6000
[MOVE_SUB_B] [14:00:56] FIRESTORM_GATE_BLOCK ABTS setup=move_strike prior_bar_ticks=1384 threshold=6000
[MOVE_SUB_B] [14:00:56] FIRESTORM_GATE_BLOCK ABTS setup=move_strike prior_bar_ticks=1384 threshold=6000
[MOVE_SUB_B] [14:00:56] FIRESTORM_GATE_BLOCK ABTS setup=move_strike prior_bar_ticks=1384 threshold=6000
[MOVE_SUB_B] [14:00:56] FIRESTORM_GATE_BLOCK ABTS setup=move_strike prior_bar_ticks=1384 threshold=6000
[MOVE_SUB_B] [14:00:56] FIRESTORM_GATE_BLOCK ABTS setup=move_strike prior_bar_ticks=1384 threshold=6000
[MOVE_SUB_B] [14:00:56] FIRESTORM_GATE_BLOCK ABTS setup=move_strike prior_bar_ticks=1384 threshold=6000
[MOVE_SUB_B] [14:00:56] FIRESTORM_GATE_BLOCK ABTS setup=move_strike prior_bar_ticks=1384 threshold=6000
[MOVE_SUB_B] [14:00:56] FIRESTORM_GATE_BLOCK ABTS setup=move_strike prior_bar_ticks=1384 threshold=6000
[MOVE_SUB_B] [14:00:56] FIRESTORM_GATE_BLOCK ABTS setup=move_strike prior_bar_ticks=1384 threshold=6000
[MOVE_SUB_B] [14:00:56] FIRESTORM_GATE_BLOCK ABTS setup=move_strike prior_bar_ticks=1384 threshold=6000
[MOVE_SUB_B] [14:00:57] FIRESTORM_GATE_BLOCK ABTS setup=move_strike prior_bar_ticks=1384 threshold=6000
[MOVE_SUB_B] [14:00:57] FIRESTORM_GATE_BLOCK ABTS setup=move_strike prior_bar_ticks=1384 threshold=6000
[MOVE_SUB_B] [14:00:57] FIRESTORM_GATE_BLOCK ABTS setup=move_strike prior_bar_ticks=1384 threshold=6000
[MOVE_SUB_B] [14:00:57] FIRESTORM_GATE_BLOCK ABTS setup=move_strike prior_bar_ticks=1384 threshold=6000
[MOVE_SUB_B] [14:00:57] FIRESTORM_GATE_BLOCK ABTS setup=move_strike prior_bar_ticks=1384 threshold=6000
[MOVE_SUB_B] [14:00:57] FIRESTORM_GATE_BLOCK ABTS setup=move_strike prior_bar_ticks=1384 threshold=6000
[MOVE_SUB_B] [14:00:57] FIRESTORM_GATE_BLOCK ABTS setup=move_strike prior_bar_ticks=1384 threshold=6000
[MOVE_SUB_B] [14:00:57] FIRESTORM_GATE_BLOCK ABTS setup=move_strike prior_bar_ticks=1384 threshold=6000
[MOVE_SUB_B] [14:00:57] FIRESTORM_GATE_BLOCK ABTS setup=move_strike prior_bar_ticks=1384 threshold=6000
[MOVE_SUB_B] [14:00:57] FIRESTORM_GATE_BLOCK ABTS setup=move_strike prior_bar_ticks=1384 threshold=6000
[MOVE_SUB_B] [14:00:58] FIRESTORM_GATE_BLOCK ABTS setup=move_strike prior_bar_ticks=1384 threshold=6000
[MOVE_SUB_B] [14:00:58] FIRESTORM_GATE_BLOCK ABTS setup=move_strike prior_bar_ticks=1384 threshold=6000
[MOVE_SUB_B] [14:00:58] FIRESTORM_GATE_BLOCK ABTS setup=move_strike prior_bar_ticks=1384 threshold=6000
[MOVE_SUB_B] [14:00:58] FIRESTORM_GATE_BLOCK ABTS setup=move_strike prior_bar_ticks=1384 threshold=6000
[MOVE_SUB_B] [14:00:58] FIRESTORM_GATE_BLOCK ABTS setup=move_strike prior_bar_ticks=1384 threshold=6000
[MOVE_SUB_B] [14:00:58] FIRESTORM_GATE_BLOCK ABTS setup=move_strike prior_bar_ticks=1384 threshold=6000
[MOVE_SUB_B] [14:00:58] FIRESTORM_GATE_BLOCK ABTS setup=move_strike prior_bar_ticks=1384 threshold=6000
[MOVE_SUB_B] [14:00:58] FIRESTORM_GATE_BLOCK ABTS setup=move_strike prior_bar_ticks=1384 threshold=6000
[MOVE_SUB_B] [14:00:58] FIRESTORM_GATE_BLOCK ABTS setup=move_strike prior_bar_ticks=1384 threshold=6000
[MOVE_SUB_B] [14:00:58] FIRESTORM_GATE_BLOCK ABTS setup=move_strike prior_bar_ticks=1384 threshold=6000
[MOVE_SUB_B] [14:00:58] FIRESTORM_GATE_BLOCK ABTS setup=move_strike prior_bar_ticks=1384 threshold=6000
[MOVE_SUB_B] [14:00:58] FIRESTORM_GATE_BLOCK ABTS setup=move_strike prior_bar_ticks=1384 threshold=6000
[MOVE_SUB_B] [14:00:58] FIRESTORM_GATE_BLOCK ABTS setup=move_strike prior_bar_ticks=1384 threshold=6000
[MOVE_SUB_B] [14:00:58] FIRESTORM_GATE_BLOCK ABTS setup=move_strike prior_bar_ticks=1384 threshold=6000
[MOVE_SUB_B] [14:00:58] FIRESTORM_GATE_BLOCK ABTS setup=move_strike prior_bar_ticks=1384 threshold=6000
[MOVE_SUB_B] [14:00:58] FIRESTORM_GATE_BLOCK ABTS setup=move_strike prior_bar_ticks=1384 threshold=6000
[MOVE_SUB_B] [14:00:58] FIRESTORM_GATE_BLOCK ABTS setup=move_strike prior_bar_ticks=1384 threshold=6000
[MOVE_SUB_B] [14:00:58] FIRESTORM_GATE_BLOCK ABTS setup=move_strike prior_bar_ticks=1384 threshold=6000
[MOVE_SUB_B] [14:00:58] FIRESTORM_GATE_BLOCK ABTS setup=move_strike prior_bar_ticks=1384 threshold=6000
[MOVE_SUB_B] [14:00:58] FIRESTORM_GATE_BLOCK ABTS setup=move_strike prior_bar_ticks=1384 threshold=6000
[MOVE_SUB_B] [14:00:59] FIRESTORM_GATE_BLOCK ABTS setup=move_strike prior_bar_ticks=1384 threshold=6000
[MOVE_SUB_B] [14:00:59] FIRESTORM_GATE_BLOCK ABTS setup=move_strike prior_bar_ticks=1384 threshold=6000
[MOVE_SUB_B] [14:00:59] FIRESTORM_GATE_BLOCK ABTS setup=move_strike prior_bar_ticks=1384 threshold=6000
[MOVE_SUB_B] [14:01:09] STATS ticks=221024 symbols=78 pos=no daily_pnl=+0 drops=0
[MOVE_SUB_B] [14:02:09] STATS ticks=224637 symbols=78 pos=no daily_pnl=+0 drops=0
[MOVE_SUB_B] [14:03:09] STATS ticks=226261 symbols=78 pos=no daily_pnl=+0 drops=0
[MOVE_SUB_B] [14:04:09] STATS ticks=228066 symbols=78 pos=no daily_pnl=+0 drops=0
[MOVE_SUB_B] [14:05:09] STATS ticks=229589 symbols=78 pos=no daily_pnl=+0 drops=0
[MOVE_SUB_B] [14:05:59] new symbol NETG — detector + movement_strike instantiated
[MOVE_SUB_B] [14:06:10] STATS ticks=230765 symbols=79 pos=no daily_pnl=+0 drops=0
[MOVE_SUB_B] [14:07:10] STATS ticks=231476 symbols=79 pos=no daily_pnl=+0 drops=0
[MOVE_SUB_B] [14:08:10] STATS ticks=232749 symbols=79 pos=no daily_pnl=+0 drops=0
[MOVE_SUB_B] [14:08:40] FIRESTORM_GATE_BLOCK ABTS setup=move_strike prior_bar_ticks=471 threshold=6000
[MOVE_SUB_B] [14:08:40] FIRESTORM_GATE_BLOCK ABTS setup=move_strike prior_bar_ticks=471 threshold=6000
[MOVE_SUB_B] [14:08:48] FIRESTORM_GATE_BLOCK ABTS setup=move_strike prior_bar_ticks=471 threshold=6000
[MOVE_SUB_B] [14:09:10] STATS ticks=234416 symbols=79 pos=no daily_pnl=+0 drops=0
[MOVE_SUB_B] [14:09:47] FIRESTORM_GATE_BLOCK ABTS setup=move_strike prior_bar_ticks=482 threshold=6000
[MOVE_SUB_B] [14:09:47] FIRESTORM_GATE_BLOCK ABTS setup=move_strike prior_bar_ticks=482 threshold=6000
[MOVE_SUB_B] [14:09:47] FIRESTORM_GATE_BLOCK ABTS setup=move_strike prior_bar_ticks=482 threshold=6000
[MOVE_SUB_B] [14:09:47] FIRESTORM_GATE_BLOCK ABTS setup=move_strike prior_bar_ticks=482 threshold=6000
[MOVE_SUB_B] [14:09:47] FIRESTORM_GATE_BLOCK ABTS setup=move_strike prior_bar_ticks=482 threshold=6000
[MOVE_SUB_B] [14:09:47] FIRESTORM_GATE_BLOCK ABTS setup=move_strike prior_bar_ticks=482 threshold=6000
[MOVE_SUB_B] [14:09:47] FIRESTORM_GATE_BLOCK ABTS setup=move_strike prior_bar_ticks=482 threshold=6000
[MOVE_SUB_B] [14:09:48] FIRESTORM_GATE_BLOCK ABTS setup=move_strike prior_bar_ticks=482 threshold=6000
[MOVE_SUB_B] [14:09:48] FIRESTORM_GATE_BLOCK ABTS setup=move_strike prior_bar_ticks=482 threshold=6000
[MOVE_SUB_B] [14:09:48] FIRESTORM_GATE_BLOCK ABTS setup=move_strike prior_bar_ticks=482 threshold=6000
[MOVE_SUB_B] [14:09:48] FIRESTORM_GATE_BLOCK ABTS setup=move_strike prior_bar_ticks=482 threshold=6000
[MOVE_SUB_B] [14:09:48] FIRESTORM_GATE_BLOCK ABTS setup=move_strike prior_bar_ticks=482 threshold=6000
[MOVE_SUB_B] [14:09:48] FIRESTORM_GATE_BLOCK ABTS setup=move_strike prior_bar_ticks=482 threshold=6000
[MOVE_SUB_B] [14:09:48] FIRESTORM_GATE_BLOCK ABTS setup=move_strike prior_bar_ticks=482 threshold=6000
[MOVE_SUB_B] [14:09:48] FIRESTORM_GATE_BLOCK ABTS setup=move_strike prior_bar_ticks=482 threshold=6000
[MOVE_SUB_B] [14:09:48] FIRESTORM_GATE_BLOCK ABTS setup=move_strike prior_bar_ticks=482 threshold=6000
[MOVE_SUB_B] [14:09:48] FIRESTORM_GATE_BLOCK ABTS setup=move_strike prior_bar_ticks=482 threshold=6000
[MOVE_SUB_B] [14:09:48] FIRESTORM_GATE_BLOCK ABTS setup=move_strike prior_bar_ticks=482 threshold=6000
[MOVE_SUB_B] [14:09:48] FIRESTORM_GATE_BLOCK ABTS setup=move_strike prior_bar_ticks=482 threshold=6000
[MOVE_SUB_B] [14:09:48] FIRESTORM_GATE_BLOCK ABTS setup=move_strike prior_bar_ticks=482 threshold=6000
[MOVE_SUB_B] [14:09:48] FIRESTORM_GATE_BLOCK ABTS setup=move_strike prior_bar_ticks=482 threshold=6000
[MOVE_SUB_B] [14:09:48] FIRESTORM_GATE_BLOCK ABTS setup=move_strike prior_bar_ticks=482 threshold=6000
[MOVE_SUB_B] [14:09:48] FIRESTORM_GATE_BLOCK ABTS setup=move_strike prior_bar_ticks=482 threshold=6000
[MOVE_SUB_B] [14:09:49] FIRESTORM_GATE_BLOCK ABTS setup=move_strike prior_bar_ticks=482 threshold=6000
[MOVE_SUB_B] [14:09:49] FIRESTORM_GATE_BLOCK ABTS setup=move_strike prior_bar_ticks=482 threshold=6000
[MOVE_SUB_B] [14:09:49] FIRESTORM_GATE_BLOCK ABTS setup=move_strike prior_bar_ticks=482 threshold=6000
[MOVE_SUB_B] [14:09:49] FIRESTORM_GATE_BLOCK ABTS setup=move_strike prior_bar_ticks=482 threshold=6000
[MOVE_SUB_B] [14:09:49] FIRESTORM_GATE_BLOCK ABTS setup=move_strike prior_bar_ticks=482 threshold=6000
[MOVE_SUB_B] [14:09:49] FIRESTORM_GATE_BLOCK ABTS setup=move_strike prior_bar_ticks=482 threshold=6000
[MOVE_SUB_B] [14:09:49] FIRESTORM_GATE_BLOCK ABTS setup=move_strike prior_bar_ticks=482 threshold=6000
[MOVE_SUB_B] [14:09:49] FIRESTORM_GATE_BLOCK ABTS setup=move_strike prior_bar_ticks=482 threshold=6000
[MOVE_SUB_B] [14:09:49] FIRESTORM_GATE_BLOCK ABTS setup=move_strike prior_bar_ticks=482 threshold=6000
[MOVE_SUB_B] [14:09:49] FIRESTORM_GATE_BLOCK ABTS setup=move_strike prior_bar_ticks=482 threshold=6000
[MOVE_SUB_B] [14:09:49] FIRESTORM_GATE_BLOCK ABTS setup=move_strike prior_bar_ticks=482 threshold=6000
[MOVE_SUB_B] [14:09:49] FIRESTORM_GATE_BLOCK ABTS setup=move_strike prior_bar_ticks=482 threshold=6000
[MOVE_SUB_B] [14:09:49] FIRESTORM_GATE_BLOCK ABTS setup=move_strike prior_bar_ticks=482 threshold=6000
[MOVE_SUB_B] [14:09:49] FIRESTORM_GATE_BLOCK ABTS setup=move_strike prior_bar_ticks=482 threshold=6000
[MOVE_SUB_B] [14:09:49] FIRESTORM_GATE_BLOCK ABTS setup=move_strike prior_bar_ticks=482 threshold=6000
[MOVE_SUB_B] [14:09:49] FIRESTORM_GATE_BLOCK ABTS setup=move_strike prior_bar_ticks=482 threshold=6000
[MOVE_SUB_B] [14:09:49] FIRESTORM_GATE_BLOCK ABTS setup=move_strike prior_bar_ticks=482 threshold=6000
[MOVE_SUB_B] [14:09:49] FIRESTORM_GATE_BLOCK ABTS setup=move_strike prior_bar_ticks=482 threshold=6000
[MOVE_SUB_B] [14:09:49] FIRESTORM_GATE_BLOCK ABTS setup=move_strike prior_bar_ticks=482 threshold=6000
[MOVE_SUB_B] [14:09:49] FIRESTORM_GATE_BLOCK ABTS setup=move_strike prior_bar_ticks=482 threshold=6000
[MOVE_SUB_B] [14:09:49] FIRESTORM_GATE_BLOCK ABTS setup=move_strike prior_bar_ticks=482 threshold=6000
[MOVE_SUB_B] [14:09:49] FIRESTORM_GATE_BLOCK ABTS setup=move_strike prior_bar_ticks=482 threshold=6000
[MOVE_SUB_B] [14:09:49] FIRESTORM_GATE_BLOCK ABTS setup=move_strike prior_bar_ticks=482 threshold=6000
[MOVE_SUB_B] [14:09:49] FIRESTORM_GATE_BLOCK ABTS setup=move_strike prior_bar_ticks=482 threshold=6000
[MOVE_SUB_B] [14:09:49] FIRESTORM_GATE_BLOCK ABTS setup=move_strike prior_bar_ticks=482 threshold=6000
[MOVE_SUB_B] [14:09:49] FIRESTORM_GATE_BLOCK ABTS setup=move_strike prior_bar_ticks=482 threshold=6000
[MOVE_SUB_B] [14:09:49] FIRESTORM_GATE_BLOCK ABTS setup=move_strike prior_bar_ticks=482 threshold=6000
[MOVE_SUB_B] [14:09:49] FIRESTORM_GATE_BLOCK ABTS setup=move_strike prior_bar_ticks=482 threshold=6000
[MOVE_SUB_B] [14:09:49] FIRESTORM_GATE_BLOCK ABTS setup=move_strike prior_bar_ticks=482 threshold=6000
[MOVE_SUB_B] [14:09:49] FIRESTORM_GATE_BLOCK ABTS setup=move_strike prior_bar_ticks=482 threshold=6000
[MOVE_SUB_B] [14:09:49] FIRESTORM_GATE_BLOCK ABTS setup=move_strike prior_bar_ticks=482 threshold=6000
[MOVE_SUB_B] [14:09:49] FIRESTORM_GATE_BLOCK ABTS setup=move_strike prior_bar_ticks=482 threshold=6000
[MOVE_SUB_B] [14:09:49] FIRESTORM_GATE_BLOCK ABTS setup=move_strike prior_bar_ticks=482 threshold=6000
[MOVE_SUB_B] [14:09:49] FIRESTORM_GATE_BLOCK ABTS setup=move_strike prior_bar_ticks=482 threshold=6000
[MOVE_SUB_B] [14:09:49] FIRESTORM_GATE_BLOCK ABTS setup=move_strike prior_bar_ticks=482 threshold=6000
[MOVE_SUB_B] [14:09:49] FIRESTORM_GATE_BLOCK ABTS setup=move_strike prior_bar_ticks=482 threshold=6000
[MOVE_SUB_B] [14:09:49] FIRESTORM_GATE_BLOCK ABTS setup=move_strike prior_bar_ticks=482 threshold=6000
[MOVE_SUB_B] [14:09:49] FIRESTORM_GATE_BLOCK ABTS setup=move_strike prior_bar_ticks=482 threshold=6000
[MOVE_SUB_B] [14:09:49] FIRESTORM_GATE_BLOCK ABTS setup=move_strike prior_bar_ticks=482 threshold=6000
[MOVE_SUB_B] [14:09:49] FIRESTORM_GATE_BLOCK ABTS setup=move_strike prior_bar_ticks=482 threshold=6000
[MOVE_SUB_B] [14:09:49] FIRESTORM_GATE_BLOCK ABTS setup=move_strike prior_bar_ticks=482 threshold=6000
[MOVE_SUB_B] [14:09:49] FIRESTORM_GATE_BLOCK ABTS setup=move_strike prior_bar_ticks=482 threshold=6000
[MOVE_SUB_B] [14:09:49] FIRESTORM_GATE_BLOCK ABTS setup=move_strike prior_bar_ticks=482 threshold=6000
[MOVE_SUB_B] [14:09:49] FIRESTORM_GATE_BLOCK ABTS setup=move_strike prior_bar_ticks=482 threshold=6000
[MOVE_SUB_B] [14:09:49] FIRESTORM_GATE_BLOCK ABTS setup=move_strike prior_bar_ticks=482 threshold=6000
[MOVE_SUB_B] [14:09:50] FIRESTORM_GATE_BLOCK ABTS setup=move_strike prior_bar_ticks=482 threshold=6000
[MOVE_SUB_B] [14:09:50] FIRESTORM_GATE_BLOCK ABTS setup=move_strike prior_bar_ticks=482 threshold=6000
[MOVE_SUB_B] [14:09:50] FIRESTORM_GATE_BLOCK ABTS setup=move_strike prior_bar_ticks=482 threshold=6000
[MOVE_SUB_B] [14:09:50] FIRESTORM_GATE_BLOCK ABTS setup=move_strike prior_bar_ticks=482 threshold=6000
[MOVE_SUB_B] [14:09:50] FIRESTORM_GATE_BLOCK ABTS setup=move_strike prior_bar_ticks=482 threshold=6000
[MOVE_SUB_B] [14:09:50] FIRESTORM_GATE_BLOCK ABTS setup=move_strike prior_bar_ticks=482 threshold=6000
[MOVE_SUB_B] [14:09:50] FIRESTORM_GATE_BLOCK ABTS setup=move_strike prior_bar_ticks=482 threshold=6000
[MOVE_SUB_B] [14:09:50] FIRESTORM_GATE_BLOCK ABTS setup=move_strike prior_bar_ticks=482 threshold=6000
[MOVE_SUB_B] [14:09:50] FIRESTORM_GATE_BLOCK ABTS setup=move_strike prior_bar_ticks=482 threshold=6000
[MOVE_SUB_B] [14:09:50] FIRESTORM_GATE_BLOCK ABTS setup=move_strike prior_bar_ticks=482 threshold=6000
[MOVE_SUB_B] [14:09:50] FIRESTORM_GATE_BLOCK ABTS setup=move_strike prior_bar_ticks=482 threshold=6000
[MOVE_SUB_B] [14:09:50] FIRESTORM_GATE_BLOCK ABTS setup=move_strike prior_bar_ticks=482 threshold=6000
[MOVE_SUB_B] [14:09:50] FIRESTORM_GATE_BLOCK ABTS setup=move_strike prior_bar_ticks=482 threshold=6000
[MOVE_SUB_B] [14:09:50] FIRESTORM_GATE_BLOCK ABTS setup=move_strike prior_bar_ticks=482 threshold=6000
[MOVE_SUB_B] [14:09:50] FIRESTORM_GATE_BLOCK ABTS setup=move_strike prior_bar_ticks=482 threshold=6000
[MOVE_SUB_B] [14:09:50] FIRESTORM_GATE_BLOCK ABTS setup=move_strike prior_bar_ticks=482 threshold=6000
[MOVE_SUB_B] [14:09:51] FIRESTORM_GATE_BLOCK ABTS setup=move_strike prior_bar_ticks=482 threshold=6000
[MOVE_SUB_B] [14:09:51] FIRESTORM_GATE_BLOCK ABTS setup=move_strike prior_bar_ticks=482 threshold=6000
[MOVE_SUB_B] [14:09:55] FIRESTORM_GATE_BLOCK ABTS setup=move_strike prior_bar_ticks=482 threshold=6000
[MOVE_SUB_B] [14:09:55] FIRESTORM_GATE_BLOCK ABTS setup=move_strike prior_bar_ticks=482 threshold=6000
[MOVE_SUB_B] [14:09:55] FIRESTORM_GATE_BLOCK ABTS setup=move_strike prior_bar_ticks=482 threshold=6000
[MOVE_SUB_B] [14:09:55] FIRESTORM_GATE_BLOCK ABTS setup=move_strike prior_bar_ticks=482 threshold=6000
[MOVE_SUB_B] [14:09:55] FIRESTORM_GATE_BLOCK ABTS setup=move_strike prior_bar_ticks=482 threshold=6000
[MOVE_SUB_B] [14:09:55] FIRESTORM_GATE_BLOCK ABTS setup=move_strike prior_bar_ticks=482 threshold=6000
[MOVE_SUB_B] [14:09:55] FIRESTORM_GATE_BLOCK ABTS setup=move_strike prior_bar_ticks=482 threshold=6000
[MOVE_SUB_B] [14:09:55] FIRESTORM_GATE_BLOCK ABTS setup=move_strike prior_bar_ticks=482 threshold=6000
[MOVE_SUB_B] [14:09:55] FIRESTORM_GATE_BLOCK ABTS setup=move_strike prior_bar_ticks=482 threshold=6000
[MOVE_SUB_B] [14:09:55] FIRESTORM_GATE_BLOCK ABTS setup=move_strike prior_bar_ticks=482 threshold=6000
[MOVE_SUB_B] [14:09:55] FIRESTORM_GATE_BLOCK ABTS setup=move_strike prior_bar_ticks=482 threshold=6000
[MOVE_SUB_B] [14:09:55] FIRESTORM_GATE_BLOCK ABTS setup=move_strike prior_bar_ticks=482 threshold=6000
[MOVE_SUB_B] [14:09:55] FIRESTORM_GATE_BLOCK ABTS setup=move_strike prior_bar_ticks=482 threshold=6000
[MOVE_SUB_B] [14:09:56] FIRESTORM_GATE_BLOCK ABTS setup=move_strike prior_bar_ticks=482 threshold=6000
[MOVE_SUB_B] [14:09:56] FIRESTORM_GATE_BLOCK ABTS setup=move_strike prior_bar_ticks=482 threshold=6000
[MOVE_SUB_B] [14:09:56] FIRESTORM_GATE_BLOCK ABTS setup=move_strike prior_bar_ticks=482 threshold=6000
[MOVE_SUB_B] [14:09:56] FIRESTORM_GATE_BLOCK ABTS setup=move_strike prior_bar_ticks=482 threshold=6000
[MOVE_SUB_B] [14:09:56] FIRESTORM_GATE_BLOCK ABTS setup=move_strike prior_bar_ticks=482 threshold=6000
[MOVE_SUB_B] [14:09:56] FIRESTORM_GATE_BLOCK ABTS setup=move_strike prior_bar_ticks=482 threshold=6000
[MOVE_SUB_B] [14:09:56] FIRESTORM_GATE_BLOCK ABTS setup=move_strike prior_bar_ticks=482 threshold=6000
[MOVE_SUB_B] [14:09:56] FIRESTORM_GATE_BLOCK ABTS setup=move_strike prior_bar_ticks=482 threshold=6000
[MOVE_SUB_B] [14:09:56] FIRESTORM_GATE_BLOCK ABTS setup=move_strike prior_bar_ticks=482 threshold=6000
[MOVE_SUB_B] [14:09:56] FIRESTORM_GATE_BLOCK ABTS setup=move_strike prior_bar_ticks=482 threshold=6000
[MOVE_SUB_B] [14:09:56] FIRESTORM_GATE_BLOCK ABTS setup=move_strike prior_bar_ticks=482 threshold=6000
[MOVE_SUB_B] [14:09:56] FIRESTORM_GATE_BLOCK ABTS setup=move_strike prior_bar_ticks=482 threshold=6000
[MOVE_SUB_B] [14:09:56] FIRESTORM_GATE_BLOCK ABTS setup=move_strike prior_bar_ticks=482 threshold=6000
[MOVE_SUB_B] [14:09:56] FIRESTORM_GATE_BLOCK ABTS setup=move_strike prior_bar_ticks=482 threshold=6000
[MOVE_SUB_B] [14:09:56] FIRESTORM_GATE_BLOCK ABTS setup=move_strike prior_bar_ticks=482 threshold=6000
[MOVE_SUB_B] [14:09:56] FIRESTORM_GATE_BLOCK ABTS setup=move_strike prior_bar_ticks=482 threshold=6000
[MOVE_SUB_B] [14:09:56] FIRESTORM_GATE_BLOCK ABTS setup=move_strike prior_bar_ticks=482 threshold=6000
[MOVE_SUB_B] [14:09:56] FIRESTORM_GATE_BLOCK ABTS setup=move_strike prior_bar_ticks=482 threshold=6000
[MOVE_SUB_B] [14:09:56] FIRESTORM_GATE_BLOCK ABTS setup=move_strike prior_bar_ticks=482 threshold=6000
[MOVE_SUB_B] [14:09:56] FIRESTORM_GATE_BLOCK ABTS setup=move_strike prior_bar_ticks=482 threshold=6000
[MOVE_SUB_B] [14:09:56] FIRESTORM_GATE_BLOCK ABTS setup=move_strike prior_bar_ticks=482 threshold=6000
[MOVE_SUB_B] [14:09:56] FIRESTORM_GATE_BLOCK ABTS setup=move_strike prior_bar_ticks=482 threshold=6000
[MOVE_SUB_B] [14:09:56] FIRESTORM_GATE_BLOCK ABTS setup=move_strike prior_bar_ticks=482 threshold=6000
[MOVE_SUB_B] [14:09:56] FIRESTORM_GATE_BLOCK ABTS setup=move_strike prior_bar_ticks=482 threshold=6000
[MOVE_SUB_B] [14:09:56] FIRESTORM_GATE_BLOCK ABTS setup=move_strike prior_bar_ticks=482 threshold=6000
[MOVE_SUB_B] [14:09:56] FIRESTORM_GATE_BLOCK ABTS setup=move_strike prior_bar_ticks=482 threshold=6000
[MOVE_SUB_B] [14:09:57] FIRESTORM_GATE_BLOCK ABTS setup=move_strike prior_bar_ticks=482 threshold=6000
[MOVE_SUB_B] [14:09:57] FIRESTORM_GATE_BLOCK ABTS setup=move_strike prior_bar_ticks=482 threshold=6000
[MOVE_SUB_B] [14:09:57] FIRESTORM_GATE_BLOCK ABTS setup=move_strike prior_bar_ticks=482 threshold=6000
[MOVE_SUB_B] [14:09:57] FIRESTORM_GATE_BLOCK ABTS setup=move_strike prior_bar_ticks=482 threshold=6000
[MOVE_SUB_B] [14:09:57] FIRESTORM_GATE_BLOCK ABTS setup=move_strike prior_bar_ticks=482 threshold=6000
[MOVE_SUB_B] [14:09:57] FIRESTORM_GATE_BLOCK ABTS setup=move_strike prior_bar_ticks=482 threshold=6000
[MOVE_SUB_B] [14:09:57] FIRESTORM_GATE_BLOCK ABTS setup=move_strike prior_bar_ticks=482 threshold=6000
[MOVE_SUB_B] [14:09:57] FIRESTORM_GATE_BLOCK ABTS setup=move_strike prior_bar_ticks=482 threshold=6000
[MOVE_SUB_B] [14:09:57] FIRESTORM_GATE_BLOCK ABTS setup=move_strike prior_bar_ticks=482 threshold=6000
[MOVE_SUB_B] [14:09:57] FIRESTORM_GATE_BLOCK ABTS setup=move_strike prior_bar_ticks=482 threshold=6000
[MOVE_SUB_B] [14:09:57] FIRESTORM_GATE_BLOCK ABTS setup=move_strike prior_bar_ticks=482 threshold=6000
[MOVE_SUB_B] [14:09:57] FIRESTORM_GATE_BLOCK ABTS setup=move_strike prior_bar_ticks=482 threshold=6000
[MOVE_SUB_B] [14:09:57] FIRESTORM_GATE_BLOCK ABTS setup=move_strike prior_bar_ticks=482 threshold=6000
[MOVE_SUB_B] [14:09:57] FIRESTORM_GATE_BLOCK ABTS setup=move_strike prior_bar_ticks=482 threshold=6000
[MOVE_SUB_B] [14:09:57] FIRESTORM_GATE_BLOCK ABTS setup=move_strike prior_bar_ticks=482 threshold=6000
[MOVE_SUB_B] [14:09:57] FIRESTORM_GATE_BLOCK ABTS setup=move_strike prior_bar_ticks=482 threshold=6000
[MOVE_SUB_B] [14:09:57] FIRESTORM_GATE_BLOCK ABTS setup=move_strike prior_bar_ticks=482 threshold=6000
[MOVE_SUB_B] [14:09:57] FIRESTORM_GATE_BLOCK ABTS setup=move_strike prior_bar_ticks=482 threshold=6000
[MOVE_SUB_B] [14:09:57] FIRESTORM_GATE_BLOCK ABTS setup=move_strike prior_bar_ticks=482 threshold=6000
[MOVE_SUB_B] [14:09:57] FIRESTORM_GATE_BLOCK ABTS setup=move_strike prior_bar_ticks=482 threshold=6000
[MOVE_SUB_B] [14:09:57] FIRESTORM_GATE_BLOCK ABTS setup=move_strike prior_bar_ticks=482 threshold=6000
[MOVE_SUB_B] [14:09:57] FIRESTORM_GATE_BLOCK ABTS setup=move_strike prior_bar_ticks=482 threshold=6000
[MOVE_SUB_B] [14:09:57] FIRESTORM_GATE_BLOCK ABTS setup=move_strike prior_bar_ticks=482 threshold=6000
[MOVE_SUB_B] [14:09:57] FIRESTORM_GATE_BLOCK ABTS setup=move_strike prior_bar_ticks=482 threshold=6000
[MOVE_SUB_B] [14:09:57] FIRESTORM_GATE_BLOCK ABTS setup=move_strike prior_bar_ticks=482 threshold=6000
[MOVE_SUB_B] [14:09:57] FIRESTORM_GATE_BLOCK ABTS setup=move_strike prior_bar_ticks=482 threshold=6000
[MOVE_SUB_B] [14:09:57] FIRESTORM_GATE_BLOCK ABTS setup=move_strike prior_bar_ticks=482 threshold=6000
[MOVE_SUB_B] [14:09:57] FIRESTORM_GATE_BLOCK ABTS setup=move_strike prior_bar_ticks=482 threshold=6000
[MOVE_SUB_B] [14:09:57] FIRESTORM_GATE_BLOCK ABTS setup=move_strike prior_bar_ticks=482 threshold=6000
[MOVE_SUB_B] [14:09:57] FIRESTORM_GATE_BLOCK ABTS setup=move_strike prior_bar_ticks=482 threshold=6000
[MOVE_SUB_B] [14:09:57] FIRESTORM_GATE_BLOCK ABTS setup=move_strike prior_bar_ticks=482 threshold=6000
[MOVE_SUB_B] [14:09:57] FIRESTORM_GATE_BLOCK ABTS setup=move_strike prior_bar_ticks=482 threshold=6000
[MOVE_SUB_B] [14:09:57] FIRESTORM_GATE_BLOCK ABTS setup=move_strike prior_bar_ticks=482 threshold=6000
[MOVE_SUB_B] [14:09:57] FIRESTORM_GATE_BLOCK ABTS setup=move_strike prior_bar_ticks=482 threshold=6000
[MOVE_SUB_B] [14:09:57] FIRESTORM_GATE_BLOCK ABTS setup=move_strike prior_bar_ticks=482 threshold=6000
[MOVE_SUB_B] [14:09:57] FIRESTORM_GATE_BLOCK ABTS setup=move_strike prior_bar_ticks=482 threshold=6000
[MOVE_SUB_B] [14:09:58] FIRESTORM_GATE_BLOCK ABTS setup=move_strike prior_bar_ticks=482 threshold=6000
[MOVE_SUB_B] [14:09:58] FIRESTORM_GATE_BLOCK ABTS setup=move_strike prior_bar_ticks=482 threshold=6000
[MOVE_SUB_B] [14:09:58] FIRESTORM_GATE_BLOCK ABTS setup=move_strike prior_bar_ticks=482 threshold=6000
[MOVE_SUB_B] [14:09:58] FIRESTORM_GATE_BLOCK ABTS setup=move_strike prior_bar_ticks=482 threshold=6000
[MOVE_SUB_B] [14:09:58] FIRESTORM_GATE_BLOCK ABTS setup=move_strike prior_bar_ticks=482 threshold=6000
[MOVE_SUB_B] [14:09:58] FIRESTORM_GATE_BLOCK ABTS setup=move_strike prior_bar_ticks=482 threshold=6000
[MOVE_SUB_B] [14:09:58] FIRESTORM_GATE_BLOCK ABTS setup=move_strike prior_bar_ticks=482 threshold=6000
[MOVE_SUB_B] [14:09:58] FIRESTORM_GATE_BLOCK ABTS setup=move_strike prior_bar_ticks=482 threshold=6000
[MOVE_SUB_B] [14:09:58] FIRESTORM_GATE_BLOCK ABTS setup=move_strike prior_bar_ticks=482 threshold=6000
[MOVE_SUB_B] [14:09:58] FIRESTORM_GATE_BLOCK ABTS setup=move_strike prior_bar_ticks=482 threshold=6000
[MOVE_SUB_B] [14:09:58] FIRESTORM_GATE_BLOCK ABTS setup=move_strike prior_bar_ticks=482 threshold=6000
[MOVE_SUB_B] [14:09:58] FIRESTORM_GATE_BLOCK ABTS setup=move_strike prior_bar_ticks=482 threshold=6000
[MOVE_SUB_B] [14:09:58] FIRESTORM_GATE_BLOCK ABTS setup=move_strike prior_bar_ticks=482 threshold=6000
[MOVE_SUB_B] [14:09:58] FIRESTORM_GATE_BLOCK ABTS setup=move_strike prior_bar_ticks=482 threshold=6000
[MOVE_SUB_B] [14:09:58] FIRESTORM_GATE_BLOCK ABTS setup=move_strike prior_bar_ticks=482 threshold=6000
[MOVE_SUB_B] [14:09:58] FIRESTORM_GATE_BLOCK ABTS setup=move_strike prior_bar_ticks=482 threshold=6000
[MOVE_SUB_B] [14:09:58] FIRESTORM_GATE_BLOCK ABTS setup=move_strike prior_bar_ticks=482 threshold=6000
[MOVE_SUB_B] [14:09:58] FIRESTORM_GATE_BLOCK ABTS setup=move_strike prior_bar_ticks=482 threshold=6000
[MOVE_SUB_B] [14:09:58] FIRESTORM_GATE_BLOCK ABTS setup=move_strike prior_bar_ticks=482 threshold=6000
[MOVE_SUB_B] [14:09:58] FIRESTORM_GATE_BLOCK ABTS setup=move_strike prior_bar_ticks=482 threshold=6000
[MOVE_SUB_B] [14:09:58] FIRESTORM_GATE_BLOCK ABTS setup=move_strike prior_bar_ticks=482 threshold=6000
[MOVE_SUB_B] [14:09:58] FIRESTORM_GATE_BLOCK ABTS setup=move_strike prior_bar_ticks=482 threshold=6000
[MOVE_SUB_B] [14:09:58] FIRESTORM_GATE_BLOCK ABTS setup=move_strike prior_bar_ticks=482 threshold=6000
[MOVE_SUB_B] [14:09:59] FIRESTORM_GATE_BLOCK ABTS setup=move_strike prior_bar_ticks=482 threshold=6000
[MOVE_SUB_B] [14:09:59] FIRESTORM_GATE_BLOCK ABTS setup=move_strike prior_bar_ticks=482 threshold=6000
[MOVE_SUB_B] [14:09:59] FIRESTORM_GATE_BLOCK ABTS setup=move_strike prior_bar_ticks=482 threshold=6000
[MOVE_SUB_B] [14:09:59] FIRESTORM_GATE_BLOCK ABTS setup=move_strike prior_bar_ticks=482 threshold=6000
[MOVE_SUB_B] [14:09:59] FIRESTORM_GATE_BLOCK ABTS setup=move_strike prior_bar_ticks=482 threshold=6000
[MOVE_SUB_B] [14:09:59] FIRESTORM_GATE_BLOCK ABTS setup=move_strike prior_bar_ticks=482 threshold=6000
[MOVE_SUB_B] [14:09:59] FIRESTORM_GATE_BLOCK ABTS setup=move_strike prior_bar_ticks=482 threshold=6000
[MOVE_SUB_B] [14:09:59] FIRESTORM_GATE_BLOCK ABTS setup=move_strike prior_bar_ticks=482 threshold=6000
[MOVE_SUB_B] [14:09:59] FIRESTORM_GATE_BLOCK ABTS setup=move_strike prior_bar_ticks=482 threshold=6000
[MOVE_SUB_B] [14:09:59] FIRESTORM_GATE_BLOCK ABTS setup=move_strike prior_bar_ticks=482 threshold=6000
[MOVE_SUB_B] [14:09:59] FIRESTORM_GATE_BLOCK ABTS setup=move_strike prior_bar_ticks=482 threshold=6000
[MOVE_SUB_B] [14:09:59] FIRESTORM_GATE_BLOCK ABTS setup=move_strike prior_bar_ticks=482 threshold=6000
[MOVE_SUB_B] [14:09:59] FIRESTORM_GATE_BLOCK ABTS setup=move_strike prior_bar_ticks=482 threshold=6000
[MOVE_SUB_B] [14:09:59] FIRESTORM_GATE_BLOCK ABTS setup=move_strike prior_bar_ticks=482 threshold=6000
[MOVE_SUB_B] [14:09:59] FIRESTORM_GATE_BLOCK ABTS setup=move_strike prior_bar_ticks=482 threshold=6000
[MOVE_SUB_B] [14:09:59] FIRESTORM_GATE_BLOCK ABTS setup=move_strike prior_bar_ticks=482 threshold=6000
[MOVE_SUB_B] [14:09:59] FIRESTORM_GATE_BLOCK ABTS setup=move_strike prior_bar_ticks=482 threshold=6000
[MOVE_SUB_B] [14:09:59] FIRESTORM_GATE_BLOCK ABTS setup=move_strike prior_bar_ticks=482 threshold=6000
[MOVE_SUB_B] [14:09:59] FIRESTORM_GATE_BLOCK ABTS setup=move_strike prior_bar_ticks=482 threshold=6000
[MOVE_SUB_B] [14:09:59] FIRESTORM_GATE_BLOCK ABTS setup=move_strike prior_bar_ticks=482 threshold=6000
[MOVE_SUB_B] [14:09:59] FIRESTORM_GATE_BLOCK ABTS setup=move_strike prior_bar_ticks=482 threshold=6000
[MOVE_SUB_B] [14:09:59] FIRESTORM_GATE_BLOCK ABTS setup=move_strike prior_bar_ticks=482 threshold=6000
[MOVE_SUB_B] [14:09:59] FIRESTORM_GATE_BLOCK ABTS setup=move_strike prior_bar_ticks=482 threshold=6000
[MOVE_SUB_B] [14:09:59] FIRESTORM_GATE_BLOCK ABTS setup=move_strike prior_bar_ticks=482 threshold=6000
[MOVE_SUB_B] [14:09:59] FIRESTORM_GATE_BLOCK ABTS setup=move_strike prior_bar_ticks=482 threshold=6000
[MOVE_SUB_B] [14:09:59] FIRESTORM_GATE_BLOCK ABTS setup=move_strike prior_bar_ticks=482 threshold=6000
[MOVE_SUB_B] [14:09:59] FIRESTORM_GATE_BLOCK ABTS setup=move_strike prior_bar_ticks=482 threshold=6000
[MOVE_SUB_B] [14:09:59] FIRESTORM_GATE_BLOCK ABTS setup=move_strike prior_bar_ticks=482 threshold=6000
[MOVE_SUB_B] [14:09:59] FIRESTORM_GATE_BLOCK ABTS setup=move_strike prior_bar_ticks=482 threshold=6000
[MOVE_SUB_B] [14:09:59] FIRESTORM_GATE_BLOCK ABTS setup=move_strike prior_bar_ticks=482 threshold=6000
[MOVE_SUB_B] [14:09:59] FIRESTORM_GATE_BLOCK ABTS setup=move_strike prior_bar_ticks=482 threshold=6000
[MOVE_SUB_B] [14:09:59] FIRESTORM_GATE_BLOCK ABTS setup=move_strike prior_bar_ticks=482 threshold=6000
[MOVE_SUB_B] [14:09:59] FIRESTORM_GATE_BLOCK ABTS setup=move_strike prior_bar_ticks=482 threshold=6000
[MOVE_SUB_B] [14:09:59] FIRESTORM_GATE_BLOCK ABTS setup=move_strike prior_bar_ticks=482 threshold=6000
[MOVE_SUB_B] [14:09:59] FIRESTORM_GATE_BLOCK ABTS setup=move_strike prior_bar_ticks=482 threshold=6000
[MOVE_SUB_B] [14:09:59] FIRESTORM_GATE_BLOCK ABTS setup=move_strike prior_bar_ticks=482 threshold=6000
[MOVE_SUB_B] [14:09:59] FIRESTORM_GATE_BLOCK ABTS setup=move_strike prior_bar_ticks=482 threshold=6000
[MOVE_SUB_B] [14:09:59] FIRESTORM_GATE_BLOCK ABTS setup=move_strike prior_bar_ticks=482 threshold=6000
[MOVE_SUB_B] [14:09:59] FIRESTORM_GATE_BLOCK ABTS setup=move_strike prior_bar_ticks=482 threshold=6000
[MOVE_SUB_B] [14:09:59] FIRESTORM_GATE_BLOCK ABTS setup=move_strike prior_bar_ticks=482 threshold=6000
[MOVE_SUB_B] [14:09:59] FIRESTORM_GATE_BLOCK ABTS setup=move_strike prior_bar_ticks=482 threshold=6000
[MOVE_SUB_B] [14:09:59] FIRESTORM_GATE_BLOCK ABTS setup=move_strike prior_bar_ticks=482 threshold=6000
[MOVE_SUB_B] [14:09:59] FIRESTORM_GATE_BLOCK ABTS setup=move_strike prior_bar_ticks=482 threshold=6000
[MOVE_SUB_B] [14:09:59] FIRESTORM_GATE_BLOCK ABTS setup=move_strike prior_bar_ticks=482 threshold=6000
[MOVE_SUB_B] [14:09:59] FIRESTORM_GATE_BLOCK ABTS setup=move_strike prior_bar_ticks=482 threshold=6000
[MOVE_SUB_B] [14:09:59] FIRESTORM_GATE_BLOCK ABTS setup=move_strike prior_bar_ticks=482 threshold=6000
[MOVE_SUB_B] [14:09:59] FIRESTORM_GATE_BLOCK ABTS setup=move_strike prior_bar_ticks=482 threshold=6000
[MOVE_SUB_B] [14:09:59] FIRESTORM_GATE_BLOCK ABTS setup=move_strike prior_bar_ticks=482 threshold=6000
[MOVE_SUB_B] [14:09:59] FIRESTORM_GATE_BLOCK ABTS setup=move_strike prior_bar_ticks=482 threshold=6000
[MOVE_SUB_B] [14:09:59] FIRESTORM_GATE_BLOCK ABTS setup=move_strike prior_bar_ticks=482 threshold=6000
[MOVE_SUB_B] [14:09:59] FIRESTORM_GATE_BLOCK ABTS setup=move_strike prior_bar_ticks=482 threshold=6000
[MOVE_SUB_B] [14:09:59] FIRESTORM_GATE_BLOCK ABTS setup=move_strike prior_bar_ticks=482 threshold=6000
[MOVE_SUB_B] [14:09:59] FIRESTORM_GATE_BLOCK ABTS setup=move_strike prior_bar_ticks=482 threshold=6000
[MOVE_SUB_B] [14:09:59] FIRESTORM_GATE_BLOCK ABTS setup=move_strike prior_bar_ticks=482 threshold=6000
[MOVE_SUB_B] [14:09:59] FIRESTORM_GATE_BLOCK ABTS setup=move_strike prior_bar_ticks=482 threshold=6000
[MOVE_SUB_B] [14:09:59] FIRESTORM_GATE_BLOCK ABTS setup=move_strike prior_bar_ticks=482 threshold=6000
[MOVE_SUB_B] [14:09:59] FIRESTORM_GATE_BLOCK ABTS setup=move_strike prior_bar_ticks=482 threshold=6000
[MOVE_SUB_B] [14:09:59] FIRESTORM_GATE_BLOCK ABTS setup=move_strike prior_bar_ticks=482 threshold=6000
[MOVE_SUB_B] [14:09:59] FIRESTORM_GATE_BLOCK ABTS setup=move_strike prior_bar_ticks=482 threshold=6000
[MOVE_SUB_B] [14:09:59] FIRESTORM_GATE_BLOCK ABTS setup=move_strike prior_bar_ticks=482 threshold=6000
[MOVE_SUB_B] [14:09:59] FIRESTORM_GATE_BLOCK ABTS setup=move_strike prior_bar_ticks=482 threshold=6000
[MOVE_SUB_B] [14:09:59] FIRESTORM_GATE_BLOCK ABTS setup=move_strike prior_bar_ticks=482 threshold=6000
[MOVE_SUB_B] [14:09:59] FIRESTORM_GATE_BLOCK ABTS setup=move_strike prior_bar_ticks=482 threshold=6000
[MOVE_SUB_B] [14:09:59] FIRESTORM_GATE_BLOCK ABTS setup=move_strike prior_bar_ticks=482 threshold=6000
[MOVE_SUB_B] [14:09:59] FIRESTORM_GATE_BLOCK ABTS setup=move_strike prior_bar_ticks=482 threshold=6000
[MOVE_SUB_B] [14:09:59] FIRESTORM_GATE_BLOCK ABTS setup=move_strike prior_bar_ticks=482 threshold=6000
[MOVE_SUB_B] [14:09:59] FIRESTORM_GATE_BLOCK ABTS setup=move_strike prior_bar_ticks=482 threshold=6000
[MOVE_SUB_B] [14:09:59] FIRESTORM_GATE_BLOCK ABTS setup=move_strike prior_bar_ticks=482 threshold=6000
[MOVE_SUB_B] [14:09:59] FIRESTORM_GATE_BLOCK ABTS setup=move_strike prior_bar_ticks=482 threshold=6000
[MOVE_SUB_B] [14:09:59] FIRESTORM_GATE_BLOCK ABTS setup=move_strike prior_bar_ticks=482 threshold=6000
[MOVE_SUB_B] [14:09:59] FIRESTORM_GATE_BLOCK ABTS setup=move_strike prior_bar_ticks=482 threshold=6000
[MOVE_SUB_B] [14:09:59] FIRESTORM_GATE_BLOCK ABTS setup=move_strike prior_bar_ticks=482 threshold=6000
[MOVE_SUB_B] [14:09:59] FIRESTORM_GATE_BLOCK ABTS setup=move_strike prior_bar_ticks=482 threshold=6000
[MOVE_SUB_B] [14:09:59] FIRESTORM_GATE_BLOCK ABTS setup=move_strike prior_bar_ticks=482 threshold=6000
[MOVE_SUB_B] [14:09:59] FIRESTORM_GATE_BLOCK ABTS setup=move_strike prior_bar_ticks=482 threshold=6000
[MOVE_SUB_B] [14:09:59] FIRESTORM_GATE_BLOCK ABTS setup=move_strike prior_bar_ticks=482 threshold=6000
[MOVE_SUB_B] [14:09:59] FIRESTORM_GATE_BLOCK ABTS setup=move_strike prior_bar_ticks=482 threshold=6000
[MOVE_SUB_B] [14:09:59] FIRESTORM_GATE_BLOCK ABTS setup=move_strike prior_bar_ticks=482 threshold=6000
[MOVE_SUB_B] [14:09:59] FIRESTORM_GATE_BLOCK ABTS setup=move_strike prior_bar_ticks=482 threshold=6000
[MOVE_SUB_B] [14:09:59] FIRESTORM_GATE_BLOCK ABTS setup=move_strike prior_bar_ticks=482 threshold=6000
[MOVE_SUB_B] [14:09:59] FIRESTORM_GATE_BLOCK ABTS setup=move_strike prior_bar_ticks=482 threshold=6000
[MOVE_SUB_B] [14:09:59] FIRESTORM_GATE_BLOCK ABTS setup=move_strike prior_bar_ticks=482 threshold=6000
[MOVE_SUB_B] [14:10:10] STATS ticks=236886 symbols=79 pos=no daily_pnl=+0 drops=0
[MOVE_SUB_B] [14:11:10] STATS ticks=238706 symbols=79 pos=no daily_pnl=+0 drops=0
[MOVE_SUB_B] [14:12:10] STATS ticks=241130 symbols=79 pos=no daily_pnl=+0 drops=0
[MOVE_SUB_B] [14:13:10] STATS ticks=242556 symbols=79 pos=no daily_pnl=+0 drops=0
[MOVE_SUB_B] [14:14:10] STATS ticks=243664 symbols=79 pos=no daily_pnl=+0 drops=0
[MOVE_SUB_B] [14:15:10] STATS ticks=245718 symbols=79 pos=no daily_pnl=+0 drops=0
[MOVE_SUB_B] [14:16:10] STATS ticks=247618 symbols=79 pos=no daily_pnl=+0 drops=0
[MOVE_SUB_B] [14:17:10] STATS ticks=249410 symbols=79 pos=no daily_pnl=+0 drops=0
[MOVE_SUB_B] [14:18:10] STATS ticks=250917 symbols=79 pos=no daily_pnl=+0 drops=0
[MOVE_SUB_B] [14:19:11] STATS ticks=251902 symbols=79 pos=no daily_pnl=+0 drops=0
[MOVE_SUB_B] [14:20:11] STATS ticks=253415 symbols=79 pos=no daily_pnl=+0 drops=0
[MOVE_SUB_B] [14:20:21] FIRESTORM_GATE_BLOCK ABTS setup=move_strike prior_bar_ticks=215 threshold=6000
[MOVE_SUB_B] [14:20:21] FIRESTORM_GATE_BLOCK ABTS setup=move_strike prior_bar_ticks=215 threshold=6000
[MOVE_SUB_B] [14:20:21] FIRESTORM_GATE_BLOCK ABTS setup=move_strike prior_bar_ticks=215 threshold=6000
[MOVE_SUB_B] [14:20:21] FIRESTORM_GATE_BLOCK ABTS setup=move_strike prior_bar_ticks=215 threshold=6000
[MOVE_SUB_B] [14:20:21] FIRESTORM_GATE_BLOCK ABTS setup=move_strike prior_bar_ticks=215 threshold=6000
[MOVE_SUB_B] [14:20:22] FIRESTORM_GATE_BLOCK ABTS setup=move_strike prior_bar_ticks=215 threshold=6000
[MOVE_SUB_B] [14:20:22] FIRESTORM_GATE_BLOCK ABTS setup=move_strike prior_bar_ticks=215 threshold=6000
[MOVE_SUB_B] [14:20:22] FIRESTORM_GATE_BLOCK ABTS setup=move_strike prior_bar_ticks=215 threshold=6000
[MOVE_SUB_B] [14:20:22] FIRESTORM_GATE_BLOCK ABTS setup=move_strike prior_bar_ticks=215 threshold=6000
[MOVE_SUB_B] [14:20:22] FIRESTORM_GATE_BLOCK ABTS setup=move_strike prior_bar_ticks=215 threshold=6000
[MOVE_SUB_B] [14:20:22] FIRESTORM_GATE_BLOCK ABTS setup=move_strike prior_bar_ticks=215 threshold=6000
[MOVE_SUB_B] [14:20:22] FIRESTORM_GATE_BLOCK ABTS setup=move_strike prior_bar_ticks=215 threshold=6000
[MOVE_SUB_B] [14:20:23] FIRESTORM_GATE_BLOCK ABTS setup=move_strike prior_bar_ticks=215 threshold=6000
[MOVE_SUB_B] [14:20:23] FIRESTORM_GATE_BLOCK ABTS setup=move_strike prior_bar_ticks=215 threshold=6000
[MOVE_SUB_B] [14:20:23] FIRESTORM_GATE_BLOCK ABTS setup=move_strike prior_bar_ticks=215 threshold=6000
[MOVE_SUB_B] [14:20:23] FIRESTORM_GATE_BLOCK ABTS setup=move_strike prior_bar_ticks=215 threshold=6000
[MOVE_SUB_B] [14:20:23] FIRESTORM_GATE_BLOCK ABTS setup=move_strike prior_bar_ticks=215 threshold=6000
[MOVE_SUB_B] [14:20:23] FIRESTORM_GATE_BLOCK ABTS setup=move_strike prior_bar_ticks=215 threshold=6000
[MOVE_SUB_B] [14:20:23] FIRESTORM_GATE_BLOCK ABTS setup=move_strike prior_bar_ticks=215 threshold=6000
[MOVE_SUB_B] [14:20:24] FIRESTORM_GATE_BLOCK ABTS setup=move_strike prior_bar_ticks=215 threshold=6000
[MOVE_SUB_B] [14:20:24] FIRESTORM_GATE_BLOCK ABTS setup=move_strike prior_bar_ticks=215 threshold=6000
[MOVE_SUB_B] [14:20:24] FIRESTORM_GATE_BLOCK ABTS setup=move_strike prior_bar_ticks=215 threshold=6000
[MOVE_SUB_B] [14:20:24] FIRESTORM_GATE_BLOCK ABTS setup=move_strike prior_bar_ticks=215 threshold=6000
[MOVE_SUB_B] [14:20:24] FIRESTORM_GATE_BLOCK ABTS setup=move_strike prior_bar_ticks=215 threshold=6000
[MOVE_SUB_B] [14:20:24] FIRESTORM_GATE_BLOCK ABTS setup=move_strike prior_bar_ticks=215 threshold=6000
[MOVE_SUB_B] [14:20:24] FIRESTORM_GATE_BLOCK ABTS setup=move_strike prior_bar_ticks=215 threshold=6000
[MOVE_SUB_B] [14:20:25] FIRESTORM_GATE_BLOCK ABTS setup=move_strike prior_bar_ticks=215 threshold=6000
[MOVE_SUB_B] [14:20:25] FIRESTORM_GATE_BLOCK ABTS setup=move_strike prior_bar_ticks=215 threshold=6000
[MOVE_SUB_B] [14:20:25] FIRESTORM_GATE_BLOCK ABTS setup=move_strike prior_bar_ticks=215 threshold=6000
[MOVE_SUB_B] [14:20:25] FIRESTORM_GATE_BLOCK ABTS setup=move_strike prior_bar_ticks=215 threshold=6000
[MOVE_SUB_B] [14:20:25] FIRESTORM_GATE_BLOCK ABTS setup=move_strike prior_bar_ticks=215 threshold=6000
[MOVE_SUB_B] [14:20:25] FIRESTORM_GATE_BLOCK ABTS setup=move_strike prior_bar_ticks=215 threshold=6000
[MOVE_SUB_B] [14:20:25] FIRESTORM_GATE_BLOCK ABTS setup=move_strike prior_bar_ticks=215 threshold=6000
[MOVE_SUB_B] [14:20:25] FIRESTORM_GATE_BLOCK ABTS setup=move_strike prior_bar_ticks=215 threshold=6000
[MOVE_SUB_B] [14:20:25] FIRESTORM_GATE_BLOCK ABTS setup=move_strike prior_bar_ticks=215 threshold=6000
[MOVE_SUB_B] [14:20:26] FIRESTORM_GATE_BLOCK ABTS setup=move_strike prior_bar_ticks=215 threshold=6000
[MOVE_SUB_B] [14:20:26] FIRESTORM_GATE_BLOCK ABTS setup=move_strike prior_bar_ticks=215 threshold=6000
[MOVE_SUB_B] [14:20:26] FIRESTORM_GATE_BLOCK ABTS setup=move_strike prior_bar_ticks=215 threshold=6000
[MOVE_SUB_B] [14:20:26] FIRESTORM_GATE_BLOCK ABTS setup=move_strike prior_bar_ticks=215 threshold=6000
[MOVE_SUB_B] [14:20:26] FIRESTORM_GATE_BLOCK ABTS setup=move_strike prior_bar_ticks=215 threshold=6000
[MOVE_SUB_B] [14:20:27] FIRESTORM_GATE_BLOCK ABTS setup=move_strike prior_bar_ticks=215 threshold=6000
[MOVE_SUB_B] [14:20:27] FIRESTORM_GATE_BLOCK ABTS setup=move_strike prior_bar_ticks=215 threshold=6000
[MOVE_SUB_B] [14:20:27] FIRESTORM_GATE_BLOCK ABTS setup=move_strike prior_bar_ticks=215 threshold=6000
[MOVE_SUB_B] [14:20:27] FIRESTORM_GATE_BLOCK ABTS setup=move_strike prior_bar_ticks=215 threshold=6000
[MOVE_SUB_B] [14:20:27] FIRESTORM_GATE_BLOCK ABTS setup=move_strike prior_bar_ticks=215 threshold=6000
[MOVE_SUB_B] [14:20:27] FIRESTORM_GATE_BLOCK ABTS setup=move_strike prior_bar_ticks=215 threshold=6000
[MOVE_SUB_B] [14:20:27] FIRESTORM_GATE_BLOCK ABTS setup=move_strike prior_bar_ticks=215 threshold=6000
[MOVE_SUB_B] [14:20:27] FIRESTORM_GATE_BLOCK ABTS setup=move_strike prior_bar_ticks=215 threshold=6000
[MOVE_SUB_B] [14:20:27] FIRESTORM_GATE_BLOCK ABTS setup=move_strike prior_bar_ticks=215 threshold=6000
[MOVE_SUB_B] [14:20:28] FIRESTORM_GATE_BLOCK ABTS setup=move_strike prior_bar_ticks=215 threshold=6000
[MOVE_SUB_B] [14:20:28] FIRESTORM_GATE_BLOCK ABTS setup=move_strike prior_bar_ticks=215 threshold=6000
[MOVE_SUB_B] [14:20:29] FIRESTORM_GATE_BLOCK ABTS setup=move_strike prior_bar_ticks=215 threshold=6000
[MOVE_SUB_B] [14:20:29] FIRESTORM_GATE_BLOCK ABTS setup=move_strike prior_bar_ticks=215 threshold=6000
[MOVE_SUB_B] [14:20:29] FIRESTORM_GATE_BLOCK ABTS setup=move_strike prior_bar_ticks=215 threshold=6000
[MOVE_SUB_B] [14:20:29] FIRESTORM_GATE_BLOCK ABTS setup=move_strike prior_bar_ticks=215 threshold=6000
[MOVE_SUB_B] [14:20:29] FIRESTORM_GATE_BLOCK ABTS setup=move_strike prior_bar_ticks=215 threshold=6000
[MOVE_SUB_B] [14:20:29] FIRESTORM_GATE_BLOCK ABTS setup=move_strike prior_bar_ticks=215 threshold=6000
[MOVE_SUB_B] [14:20:29] FIRESTORM_GATE_BLOCK ABTS setup=move_strike prior_bar_ticks=215 threshold=6000
[MOVE_SUB_B] [14:20:29] FIRESTORM_GATE_BLOCK ABTS setup=move_strike prior_bar_ticks=215 threshold=6000
[MOVE_SUB_B] [14:20:30] FIRESTORM_GATE_BLOCK ABTS setup=move_strike prior_bar_ticks=215 threshold=6000
[MOVE_SUB_B] [14:20:30] FIRESTORM_GATE_BLOCK ABTS setup=move_strike prior_bar_ticks=215 threshold=6000
[MOVE_SUB_B] [14:20:30] FIRESTORM_GATE_BLOCK ABTS setup=move_strike prior_bar_ticks=215 threshold=6000
[MOVE_SUB_B] [14:20:30] FIRESTORM_GATE_BLOCK ABTS setup=move_strike prior_bar_ticks=215 threshold=6000
[MOVE_SUB_B] [14:20:30] FIRESTORM_GATE_BLOCK ABTS setup=move_strike prior_bar_ticks=215 threshold=6000
[MOVE_SUB_B] [14:20:30] FIRESTORM_GATE_BLOCK ABTS setup=move_strike prior_bar_ticks=215 threshold=6000
[MOVE_SUB_B] [14:20:30] FIRESTORM_GATE_BLOCK ABTS setup=move_strike prior_bar_ticks=215 threshold=6000
[MOVE_SUB_B] [14:20:30] FIRESTORM_GATE_BLOCK ABTS setup=move_strike prior_bar_ticks=215 threshold=6000
[MOVE_SUB_B] [14:20:30] FIRESTORM_GATE_BLOCK ABTS setup=move_strike prior_bar_ticks=215 threshold=6000
[MOVE_SUB_B] [14:20:30] FIRESTORM_GATE_BLOCK ABTS setup=move_strike prior_bar_ticks=215 threshold=6000
[MOVE_SUB_B] [14:20:30] FIRESTORM_GATE_BLOCK ABTS setup=move_strike prior_bar_ticks=215 threshold=6000
[MOVE_SUB_B] [14:20:30] FIRESTORM_GATE_BLOCK ABTS setup=move_strike prior_bar_ticks=215 threshold=6000
[MOVE_SUB_B] [14:20:31] FIRESTORM_GATE_BLOCK ABTS setup=move_strike prior_bar_ticks=215 threshold=6000
[MOVE_SUB_B] [14:20:31] FIRESTORM_GATE_BLOCK ABTS setup=move_strike prior_bar_ticks=215 threshold=6000
[MOVE_SUB_B] [14:20:31] FIRESTORM_GATE_BLOCK ABTS setup=move_strike prior_bar_ticks=215 threshold=6000
[MOVE_SUB_B] [14:20:31] FIRESTORM_GATE_BLOCK ABTS setup=move_strike prior_bar_ticks=215 threshold=6000
[MOVE_SUB_B] [14:20:31] FIRESTORM_GATE_BLOCK ABTS setup=move_strike prior_bar_ticks=215 threshold=6000
[MOVE_SUB_B] [14:20:31] FIRESTORM_GATE_BLOCK ABTS setup=move_strike prior_bar_ticks=215 threshold=6000
[MOVE_SUB_B] [14:20:31] FIRESTORM_GATE_BLOCK ABTS setup=move_strike prior_bar_ticks=215 threshold=6000
[MOVE_SUB_B] [14:20:31] FIRESTORM_GATE_BLOCK ABTS setup=move_strike prior_bar_ticks=215 threshold=6000
[MOVE_SUB_B] [14:20:31] FIRESTORM_GATE_BLOCK ABTS setup=move_strike prior_bar_ticks=215 threshold=6000
[MOVE_SUB_B] [14:20:31] FIRESTORM_GATE_BLOCK ABTS setup=move_strike prior_bar_ticks=215 threshold=6000
[MOVE_SUB_B] [14:20:31] FIRESTORM_GATE_BLOCK ABTS setup=move_strike prior_bar_ticks=215 threshold=6000
[MOVE_SUB_B] [14:20:31] FIRESTORM_GATE_BLOCK ABTS setup=move_strike prior_bar_ticks=215 threshold=6000
[MOVE_SUB_B] [14:20:32] FIRESTORM_GATE_BLOCK ABTS setup=move_strike prior_bar_ticks=215 threshold=6000
[MOVE_SUB_B] [14:20:32] FIRESTORM_GATE_BLOCK ABTS setup=move_strike prior_bar_ticks=215 threshold=6000
[MOVE_SUB_B] [14:20:32] FIRESTORM_GATE_BLOCK ABTS setup=move_strike prior_bar_ticks=215 threshold=6000
[MOVE_SUB_B] [14:20:32] FIRESTORM_GATE_BLOCK ABTS setup=move_strike prior_bar_ticks=215 threshold=6000
[MOVE_SUB_B] [14:20:32] FIRESTORM_GATE_BLOCK ABTS setup=move_strike prior_bar_ticks=215 threshold=6000
[MOVE_SUB_B] [14:20:32] FIRESTORM_GATE_BLOCK ABTS setup=move_strike prior_bar_ticks=215 threshold=6000
[MOVE_SUB_B] [14:20:32] FIRESTORM_GATE_BLOCK ABTS setup=move_strike prior_bar_ticks=215 threshold=6000
[MOVE_SUB_B] [14:20:32] FIRESTORM_GATE_BLOCK ABTS setup=move_strike prior_bar_ticks=215 threshold=6000
[MOVE_SUB_B] [14:20:32] FIRESTORM_GATE_BLOCK ABTS setup=move_strike prior_bar_ticks=215 threshold=6000
[MOVE_SUB_B] [14:20:32] FIRESTORM_GATE_BLOCK ABTS setup=move_strike prior_bar_ticks=215 threshold=6000
[MOVE_SUB_B] [14:20:32] FIRESTORM_GATE_BLOCK ABTS setup=move_strike prior_bar_ticks=215 threshold=6000
[MOVE_SUB_B] [14:20:33] FIRESTORM_GATE_BLOCK ABTS setup=move_strike prior_bar_ticks=215 threshold=6000
[MOVE_SUB_B] [14:20:33] FIRESTORM_GATE_BLOCK ABTS setup=move_strike prior_bar_ticks=215 threshold=6000
[MOVE_SUB_B] [14:20:33] FIRESTORM_GATE_BLOCK ABTS setup=move_strike prior_bar_ticks=215 threshold=6000
[MOVE_SUB_B] [14:20:33] FIRESTORM_GATE_BLOCK ABTS setup=move_strike prior_bar_ticks=215 threshold=6000
[MOVE_SUB_B] [14:20:33] FIRESTORM_GATE_BLOCK ABTS setup=move_strike prior_bar_ticks=215 threshold=6000
[MOVE_SUB_B] [14:20:33] FIRESTORM_GATE_BLOCK ABTS setup=move_strike prior_bar_ticks=215 threshold=6000
[MOVE_SUB_B] [14:20:33] FIRESTORM_GATE_BLOCK ABTS setup=move_strike prior_bar_ticks=215 threshold=6000
[MOVE_SUB_B] [14:20:33] FIRESTORM_GATE_BLOCK ABTS setup=move_strike prior_bar_ticks=215 threshold=6000
[MOVE_SUB_B] [14:20:33] FIRESTORM_GATE_BLOCK ABTS setup=move_strike prior_bar_ticks=215 threshold=6000
[MOVE_SUB_B] [14:20:33] FIRESTORM_GATE_BLOCK ABTS setup=move_strike prior_bar_ticks=215 threshold=6000
[MOVE_SUB_B] [14:20:33] FIRESTORM_GATE_BLOCK ABTS setup=move_strike prior_bar_ticks=215 threshold=6000
[MOVE_SUB_B] [14:20:33] FIRESTORM_GATE_BLOCK ABTS setup=move_strike prior_bar_ticks=215 threshold=6000
[MOVE_SUB_B] [14:20:33] FIRESTORM_GATE_BLOCK ABTS setup=move_strike prior_bar_ticks=215 threshold=6000
[MOVE_SUB_B] [14:20:33] FIRESTORM_GATE_BLOCK ABTS setup=move_strike prior_bar_ticks=215 threshold=6000
[MOVE_SUB_B] [14:20:34] FIRESTORM_GATE_BLOCK ABTS setup=move_strike prior_bar_ticks=215 threshold=6000
[MOVE_SUB_B] [14:20:34] FIRESTORM_GATE_BLOCK ABTS setup=move_strike prior_bar_ticks=215 threshold=6000
[MOVE_SUB_B] [14:20:34] FIRESTORM_GATE_BLOCK ABTS setup=move_strike prior_bar_ticks=215 threshold=6000
[MOVE_SUB_B] [14:20:34] FIRESTORM_GATE_BLOCK ABTS setup=move_strike prior_bar_ticks=215 threshold=6000
[MOVE_SUB_B] [14:20:34] FIRESTORM_GATE_BLOCK ABTS setup=move_strike prior_bar_ticks=215 threshold=6000
[MOVE_SUB_B] [14:20:34] FIRESTORM_GATE_BLOCK ABTS setup=move_strike prior_bar_ticks=215 threshold=6000
[MOVE_SUB_B] [14:20:34] FIRESTORM_GATE_BLOCK ABTS setup=move_strike prior_bar_ticks=215 threshold=6000
[MOVE_SUB_B] [14:20:35] FIRESTORM_GATE_BLOCK ABTS setup=move_strike prior_bar_ticks=215 threshold=6000
[MOVE_SUB_B] [14:20:35] FIRESTORM_GATE_BLOCK ABTS setup=move_strike prior_bar_ticks=215 threshold=6000
[MOVE_SUB_B] [14:20:35] FIRESTORM_GATE_BLOCK ABTS setup=move_strike prior_bar_ticks=215 threshold=6000
[MOVE_SUB_B] [14:20:35] FIRESTORM_GATE_BLOCK ABTS setup=move_strike prior_bar_ticks=215 threshold=6000
[MOVE_SUB_B] [14:20:35] FIRESTORM_GATE_BLOCK ABTS setup=move_strike prior_bar_ticks=215 threshold=6000
[MOVE_SUB_B] [14:20:35] FIRESTORM_GATE_BLOCK ABTS setup=move_strike prior_bar_ticks=215 threshold=6000
[MOVE_SUB_B] [14:20:36] FIRESTORM_GATE_BLOCK ABTS setup=move_strike prior_bar_ticks=215 threshold=6000
[MOVE_SUB_B] [14:20:36] FIRESTORM_GATE_BLOCK ABTS setup=move_strike prior_bar_ticks=215 threshold=6000
[MOVE_SUB_B] [14:20:37] FIRESTORM_GATE_BLOCK ABTS setup=move_strike prior_bar_ticks=215 threshold=6000
[MOVE_SUB_B] [14:20:37] FIRESTORM_GATE_BLOCK ABTS setup=move_strike prior_bar_ticks=215 threshold=6000
[MOVE_SUB_B] [14:20:38] FIRESTORM_GATE_BLOCK ABTS setup=move_strike prior_bar_ticks=215 threshold=6000
[MOVE_SUB_B] [14:20:38] FIRESTORM_GATE_BLOCK ABTS setup=move_strike prior_bar_ticks=215 threshold=6000
[MOVE_SUB_B] [14:20:38] FIRESTORM_GATE_BLOCK ABTS setup=move_strike prior_bar_ticks=215 threshold=6000
[MOVE_SUB_B] [14:20:38] FIRESTORM_GATE_BLOCK ABTS setup=move_strike prior_bar_ticks=215 threshold=6000
[MOVE_SUB_B] [14:20:38] FIRESTORM_GATE_BLOCK ABTS setup=move_strike prior_bar_ticks=215 threshold=6000
[MOVE_SUB_B] [14:20:38] FIRESTORM_GATE_BLOCK ABTS setup=move_strike prior_bar_ticks=215 threshold=6000
[MOVE_SUB_B] [14:20:38] FIRESTORM_GATE_BLOCK ABTS setup=move_strike prior_bar_ticks=215 threshold=6000
[MOVE_SUB_B] [14:20:38] FIRESTORM_GATE_BLOCK ABTS setup=move_strike prior_bar_ticks=215 threshold=6000
[MOVE_SUB_B] [14:20:38] FIRESTORM_GATE_BLOCK ABTS setup=move_strike prior_bar_ticks=215 threshold=6000
[MOVE_SUB_B] [14:20:38] FIRESTORM_GATE_BLOCK ABTS setup=move_strike prior_bar_ticks=215 threshold=6000
[MOVE_SUB_B] [14:20:39] FIRESTORM_GATE_BLOCK ABTS setup=move_strike prior_bar_ticks=215 threshold=6000
[MOVE_SUB_B] [14:20:39] FIRESTORM_GATE_BLOCK ABTS setup=move_strike prior_bar_ticks=215 threshold=6000
[MOVE_SUB_B] [14:20:39] FIRESTORM_GATE_BLOCK ABTS setup=move_strike prior_bar_ticks=215 threshold=6000
[MOVE_SUB_B] [14:20:39] FIRESTORM_GATE_BLOCK ABTS setup=move_strike prior_bar_ticks=215 threshold=6000
[MOVE_SUB_B] [14:20:39] FIRESTORM_GATE_BLOCK ABTS setup=move_strike prior_bar_ticks=215 threshold=6000
[MOVE_SUB_B] [14:20:40] FIRESTORM_GATE_BLOCK ABTS setup=move_strike prior_bar_ticks=215 threshold=6000
[MOVE_SUB_B] [14:20:40] FIRESTORM_GATE_BLOCK ABTS setup=move_strike prior_bar_ticks=215 threshold=6000
[MOVE_SUB_B] [14:20:40] FIRESTORM_GATE_BLOCK ABTS setup=move_strike prior_bar_ticks=215 threshold=6000
[MOVE_SUB_B] [14:20:40] FIRESTORM_GATE_BLOCK ABTS setup=move_strike prior_bar_ticks=215 threshold=6000
[MOVE_SUB_B] [14:20:40] FIRESTORM_GATE_BLOCK ABTS setup=move_strike prior_bar_ticks=215 threshold=6000
[MOVE_SUB_B] [14:20:40] FIRESTORM_GATE_BLOCK ABTS setup=move_strike prior_bar_ticks=215 threshold=6000
[MOVE_SUB_B] [14:20:41] FIRESTORM_GATE_BLOCK ABTS setup=move_strike prior_bar_ticks=215 threshold=6000
[MOVE_SUB_B] [14:20:42] FIRESTORM_GATE_BLOCK ABTS setup=move_strike prior_bar_ticks=215 threshold=6000
[MOVE_SUB_B] [14:20:42] FIRESTORM_GATE_BLOCK ABTS setup=move_strike prior_bar_ticks=215 threshold=6000
[MOVE_SUB_B] [14:20:42] FIRESTORM_GATE_BLOCK ABTS setup=move_strike prior_bar_ticks=215 threshold=6000
[MOVE_SUB_B] [14:20:42] FIRESTORM_GATE_BLOCK ABTS setup=move_strike prior_bar_ticks=215 threshold=6000
[MOVE_SUB_B] [14:20:43] FIRESTORM_GATE_BLOCK ABTS setup=move_strike prior_bar_ticks=215 threshold=6000
[MOVE_SUB_B] [14:20:43] FIRESTORM_GATE_BLOCK ABTS setup=move_strike prior_bar_ticks=215 threshold=6000
[MOVE_SUB_B] [14:20:43] FIRESTORM_GATE_BLOCK ABTS setup=move_strike prior_bar_ticks=215 threshold=6000
[MOVE_SUB_B] [14:20:43] FIRESTORM_GATE_BLOCK ABTS setup=move_strike prior_bar_ticks=215 threshold=6000
[MOVE_SUB_B] [14:20:43] FIRESTORM_GATE_BLOCK ABTS setup=move_strike prior_bar_ticks=215 threshold=6000
[MOVE_SUB_B] [14:20:43] FIRESTORM_GATE_BLOCK ABTS setup=move_strike prior_bar_ticks=215 threshold=6000
[MOVE_SUB_B] [14:20:44] FIRESTORM_GATE_BLOCK ABTS setup=move_strike prior_bar_ticks=215 threshold=6000
[MOVE_SUB_B] [14:20:44] FIRESTORM_GATE_BLOCK ABTS setup=move_strike prior_bar_ticks=215 threshold=6000
[MOVE_SUB_B] [14:20:44] FIRESTORM_GATE_BLOCK ABTS setup=move_strike prior_bar_ticks=215 threshold=6000
[MOVE_SUB_B] [14:20:44] FIRESTORM_GATE_BLOCK ABTS setup=move_strike prior_bar_ticks=215 threshold=6000
[MOVE_SUB_B] [14:20:45] FIRESTORM_GATE_BLOCK ABTS setup=move_strike prior_bar_ticks=215 threshold=6000
[MOVE_SUB_B] [14:20:45] FIRESTORM_GATE_BLOCK ABTS setup=move_strike prior_bar_ticks=215 threshold=6000
[MOVE_SUB_B] [14:20:46] FIRESTORM_GATE_BLOCK ABTS setup=move_strike prior_bar_ticks=215 threshold=6000
[MOVE_SUB_B] [14:20:46] FIRESTORM_GATE_BLOCK ABTS setup=move_strike prior_bar_ticks=215 threshold=6000
[MOVE_SUB_B] [14:20:46] FIRESTORM_GATE_BLOCK ABTS setup=move_strike prior_bar_ticks=215 threshold=6000
[MOVE_SUB_B] [14:20:46] FIRESTORM_GATE_BLOCK ABTS setup=move_strike prior_bar_ticks=215 threshold=6000
[MOVE_SUB_B] [14:20:46] FIRESTORM_GATE_BLOCK ABTS setup=move_strike prior_bar_ticks=215 threshold=6000
[MOVE_SUB_B] [14:20:46] FIRESTORM_GATE_BLOCK ABTS setup=move_strike prior_bar_ticks=215 threshold=6000
[MOVE_SUB_B] [14:20:46] FIRESTORM_GATE_BLOCK ABTS setup=move_strike prior_bar_ticks=215 threshold=6000
[MOVE_SUB_B] [14:20:46] FIRESTORM_GATE_BLOCK ABTS setup=move_strike prior_bar_ticks=215 threshold=6000
[MOVE_SUB_B] [14:20:46] FIRESTORM_GATE_BLOCK ABTS setup=move_strike prior_bar_ticks=215 threshold=6000
[MOVE_SUB_B] [14:20:47] FIRESTORM_GATE_BLOCK ABTS setup=move_strike prior_bar_ticks=215 threshold=6000
[MOVE_SUB_B] [14:20:47] FIRESTORM_GATE_BLOCK ABTS setup=move_strike prior_bar_ticks=215 threshold=6000
[MOVE_SUB_B] [14:20:47] FIRESTORM_GATE_BLOCK ABTS setup=move_strike prior_bar_ticks=215 threshold=6000
[MOVE_SUB_B] [14:20:47] FIRESTORM_GATE_BLOCK ABTS setup=move_strike prior_bar_ticks=215 threshold=6000
[MOVE_SUB_B] [14:20:47] FIRESTORM_GATE_BLOCK ABTS setup=move_strike prior_bar_ticks=215 threshold=6000
[MOVE_SUB_B] [14:20:47] FIRESTORM_GATE_BLOCK ABTS setup=move_strike prior_bar_ticks=215 threshold=6000
[MOVE_SUB_B] [14:20:47] FIRESTORM_GATE_BLOCK ABTS setup=move_strike prior_bar_ticks=215 threshold=6000
[MOVE_SUB_B] [14:20:47] FIRESTORM_GATE_BLOCK ABTS setup=move_strike prior_bar_ticks=215 threshold=6000
[MOVE_SUB_B] [14:20:47] FIRESTORM_GATE_BLOCK ABTS setup=move_strike prior_bar_ticks=215 threshold=6000
[MOVE_SUB_B] [14:20:47] FIRESTORM_GATE_BLOCK ABTS setup=move_strike prior_bar_ticks=215 threshold=6000
[MOVE_SUB_B] [14:20:48] FIRESTORM_GATE_BLOCK ABTS setup=move_strike prior_bar_ticks=215 threshold=6000
[MOVE_SUB_B] [14:20:48] FIRESTORM_GATE_BLOCK ABTS setup=move_strike prior_bar_ticks=215 threshold=6000
[MOVE_SUB_B] [14:20:48] FIRESTORM_GATE_BLOCK ABTS setup=move_strike prior_bar_ticks=215 threshold=6000
[MOVE_SUB_B] [14:20:48] FIRESTORM_GATE_BLOCK ABTS setup=move_strike prior_bar_ticks=215 threshold=6000
[MOVE_SUB_B] [14:20:48] FIRESTORM_GATE_BLOCK ABTS setup=move_strike prior_bar_ticks=215 threshold=6000
[MOVE_SUB_B] [14:20:48] FIRESTORM_GATE_BLOCK ABTS setup=move_strike prior_bar_ticks=215 threshold=6000
[MOVE_SUB_B] [14:20:48] FIRESTORM_GATE_BLOCK ABTS setup=move_strike prior_bar_ticks=215 threshold=6000
[MOVE_SUB_B] [14:20:49] FIRESTORM_GATE_BLOCK ABTS setup=move_strike prior_bar_ticks=215 threshold=6000
[MOVE_SUB_B] [14:20:49] FIRESTORM_GATE_BLOCK ABTS setup=move_strike prior_bar_ticks=215 threshold=6000
[MOVE_SUB_B] [14:20:49] FIRESTORM_GATE_BLOCK ABTS setup=move_strike prior_bar_ticks=215 threshold=6000
[MOVE_SUB_B] [14:20:49] FIRESTORM_GATE_BLOCK ABTS setup=move_strike prior_bar_ticks=215 threshold=6000
[MOVE_SUB_B] [14:20:50] FIRESTORM_GATE_BLOCK ABTS setup=move_strike prior_bar_ticks=215 threshold=6000
[MOVE_SUB_B] [14:20:50] FIRESTORM_GATE_BLOCK ABTS setup=move_strike prior_bar_ticks=215 threshold=6000
[MOVE_SUB_B] [14:20:50] FIRESTORM_GATE_BLOCK ABTS setup=move_strike prior_bar_ticks=215 threshold=6000
[MOVE_SUB_B] [14:20:50] FIRESTORM_GATE_BLOCK ABTS setup=move_strike prior_bar_ticks=215 threshold=6000
[MOVE_SUB_B] [14:20:50] FIRESTORM_GATE_BLOCK ABTS setup=move_strike prior_bar_ticks=215 threshold=6000
[MOVE_SUB_B] [14:20:50] FIRESTORM_GATE_BLOCK ABTS setup=move_strike prior_bar_ticks=215 threshold=6000
[MOVE_SUB_B] [14:20:50] FIRESTORM_GATE_BLOCK ABTS setup=move_strike prior_bar_ticks=215 threshold=6000
[MOVE_SUB_B] [14:20:51] FIRESTORM_GATE_BLOCK ABTS setup=move_strike prior_bar_ticks=215 threshold=6000
[MOVE_SUB_B] [14:20:51] FIRESTORM_GATE_BLOCK ABTS setup=move_strike prior_bar_ticks=215 threshold=6000
[MOVE_SUB_B] [14:20:51] FIRESTORM_GATE_BLOCK ABTS setup=move_strike prior_bar_ticks=215 threshold=6000
[MOVE_SUB_B] [14:20:51] FIRESTORM_GATE_BLOCK ABTS setup=move_strike prior_bar_ticks=215 threshold=6000
[MOVE_SUB_B] [14:20:51] FIRESTORM_GATE_BLOCK ABTS setup=move_strike prior_bar_ticks=215 threshold=6000
[MOVE_SUB_B] [14:20:51] FIRESTORM_GATE_BLOCK ABTS setup=move_strike prior_bar_ticks=215 threshold=6000
[MOVE_SUB_B] [14:20:51] FIRESTORM_GATE_BLOCK ABTS setup=move_strike prior_bar_ticks=215 threshold=6000
[MOVE_SUB_B] [14:20:51] FIRESTORM_GATE_BLOCK ABTS setup=move_strike prior_bar_ticks=215 threshold=6000
[MOVE_SUB_B] [14:20:51] FIRESTORM_GATE_BLOCK ABTS setup=move_strike prior_bar_ticks=215 threshold=6000
[MOVE_SUB_B] [14:20:52] FIRESTORM_GATE_BLOCK ABTS setup=move_strike prior_bar_ticks=215 threshold=6000
[MOVE_SUB_B] [14:20:52] FIRESTORM_GATE_BLOCK ABTS setup=move_strike prior_bar_ticks=215 threshold=6000
[MOVE_SUB_B] [14:20:52] FIRESTORM_GATE_BLOCK ABTS setup=move_strike prior_bar_ticks=215 threshold=6000
[MOVE_SUB_B] [14:20:52] FIRESTORM_GATE_BLOCK ABTS setup=move_strike prior_bar_ticks=215 threshold=6000
[MOVE_SUB_B] [14:20:52] FIRESTORM_GATE_BLOCK ABTS setup=move_strike prior_bar_ticks=215 threshold=6000
[MOVE_SUB_B] [14:20:52] FIRESTORM_GATE_BLOCK ABTS setup=move_strike prior_bar_ticks=215 threshold=6000
[MOVE_SUB_B] [14:20:52] FIRESTORM_GATE_BLOCK ABTS setup=move_strike prior_bar_ticks=215 threshold=6000
[MOVE_SUB_B] [14:20:52] FIRESTORM_GATE_BLOCK ABTS setup=move_strike prior_bar_ticks=215 threshold=6000
[MOVE_SUB_B] [14:20:53] FIRESTORM_GATE_BLOCK ABTS setup=move_strike prior_bar_ticks=215 threshold=6000
[MOVE_SUB_B] [14:20:53] FIRESTORM_GATE_BLOCK ABTS setup=move_strike prior_bar_ticks=215 threshold=6000
[MOVE_SUB_B] [14:20:53] FIRESTORM_GATE_BLOCK ABTS setup=move_strike prior_bar_ticks=215 threshold=6000
[MOVE_SUB_B] [14:20:53] FIRESTORM_GATE_BLOCK ABTS setup=move_strike prior_bar_ticks=215 threshold=6000
[MOVE_SUB_B] [14:20:53] FIRESTORM_GATE_BLOCK ABTS setup=move_strike prior_bar_ticks=215 threshold=6000
[MOVE_SUB_B] [14:20:53] FIRESTORM_GATE_BLOCK ABTS setup=move_strike prior_bar_ticks=215 threshold=6000
[MOVE_SUB_B] [14:20:54] FIRESTORM_GATE_BLOCK ABTS setup=move_strike prior_bar_ticks=215 threshold=6000
[MOVE_SUB_B] [14:20:54] FIRESTORM_GATE_BLOCK ABTS setup=move_strike prior_bar_ticks=215 threshold=6000
[MOVE_SUB_B] [14:20:54] FIRESTORM_GATE_BLOCK ABTS setup=move_strike prior_bar_ticks=215 threshold=6000
[MOVE_SUB_B] [14:20:54] FIRESTORM_GATE_BLOCK ABTS setup=move_strike prior_bar_ticks=215 threshold=6000
[MOVE_SUB_B] [14:20:55] FIRESTORM_GATE_BLOCK ABTS setup=move_strike prior_bar_ticks=215 threshold=6000
[MOVE_SUB_B] [14:20:55] FIRESTORM_GATE_BLOCK ABTS setup=move_strike prior_bar_ticks=215 threshold=6000
[MOVE_SUB_B] [14:20:56] FIRESTORM_GATE_BLOCK ABTS setup=move_strike prior_bar_ticks=215 threshold=6000
[MOVE_SUB_B] [14:20:56] FIRESTORM_GATE_BLOCK ABTS setup=move_strike prior_bar_ticks=215 threshold=6000
[MOVE_SUB_B] [14:20:56] FIRESTORM_GATE_BLOCK ABTS setup=move_strike prior_bar_ticks=215 threshold=6000
[MOVE_SUB_B] [14:20:56] FIRESTORM_GATE_BLOCK ABTS setup=move_strike prior_bar_ticks=215 threshold=6000
[MOVE_SUB_B] [14:20:56] FIRESTORM_GATE_BLOCK ABTS setup=move_strike prior_bar_ticks=215 threshold=6000
[MOVE_SUB_B] [14:20:56] FIRESTORM_GATE_BLOCK ABTS setup=move_strike prior_bar_ticks=215 threshold=6000
[MOVE_SUB_B] [14:20:56] FIRESTORM_GATE_BLOCK ABTS setup=move_strike prior_bar_ticks=215 threshold=6000
[MOVE_SUB_B] [14:20:56] FIRESTORM_GATE_BLOCK ABTS setup=move_strike prior_bar_ticks=215 threshold=6000
[MOVE_SUB_B] [14:20:57] FIRESTORM_GATE_BLOCK ABTS setup=move_strike prior_bar_ticks=215 threshold=6000
[MOVE_SUB_B] [14:20:57] FIRESTORM_GATE_BLOCK ABTS setup=move_strike prior_bar_ticks=215 threshold=6000
[MOVE_SUB_B] [14:20:57] FIRESTORM_GATE_BLOCK ABTS setup=move_strike prior_bar_ticks=215 threshold=6000
[MOVE_SUB_B] [14:20:57] FIRESTORM_GATE_BLOCK ABTS setup=move_strike prior_bar_ticks=215 threshold=6000
[MOVE_SUB_B] [14:20:57] FIRESTORM_GATE_BLOCK ABTS setup=move_strike prior_bar_ticks=215 threshold=6000
[MOVE_SUB_B] [14:20:57] FIRESTORM_GATE_BLOCK ABTS setup=move_strike prior_bar_ticks=215 threshold=6000
[MOVE_SUB_B] [14:20:57] FIRESTORM_GATE_BLOCK ABTS setup=move_strike prior_bar_ticks=215 threshold=6000
[MOVE_SUB_B] [14:20:57] FIRESTORM_GATE_BLOCK ABTS setup=move_strike prior_bar_ticks=215 threshold=6000
[MOVE_SUB_B] [14:20:58] FIRESTORM_GATE_BLOCK ABTS setup=move_strike prior_bar_ticks=215 threshold=6000
[MOVE_SUB_B] [14:20:58] FIRESTORM_GATE_BLOCK ABTS setup=move_strike prior_bar_ticks=215 threshold=6000
[MOVE_SUB_B] [14:20:58] FIRESTORM_GATE_BLOCK ABTS setup=move_strike prior_bar_ticks=215 threshold=6000
[MOVE_SUB_B] [14:20:58] FIRESTORM_GATE_BLOCK ABTS setup=move_strike prior_bar_ticks=215 threshold=6000
[MOVE_SUB_B] [14:20:58] FIRESTORM_GATE_BLOCK ABTS setup=move_strike prior_bar_ticks=215 threshold=6000
[MOVE_SUB_B] [14:20:58] FIRESTORM_GATE_BLOCK ABTS setup=move_strike prior_bar_ticks=215 threshold=6000
[MOVE_SUB_B] [14:20:58] FIRESTORM_GATE_BLOCK ABTS setup=move_strike prior_bar_ticks=215 threshold=6000
[MOVE_SUB_B] [14:20:59] FIRESTORM_GATE_BLOCK ABTS setup=move_strike prior_bar_ticks=215 threshold=6000
[MOVE_SUB_B] [14:20:59] FIRESTORM_GATE_BLOCK ABTS setup=move_strike prior_bar_ticks=215 threshold=6000
[MOVE_SUB_B] [14:20:59] FIRESTORM_GATE_BLOCK ABTS setup=move_strike prior_bar_ticks=215 threshold=6000
[MOVE_SUB_B] [14:20:59] FIRESTORM_GATE_BLOCK ABTS setup=move_strike prior_bar_ticks=215 threshold=6000
[MOVE_SUB_B] [14:20:59] FIRESTORM_GATE_BLOCK ABTS setup=move_strike prior_bar_ticks=215 threshold=6000
[MOVE_SUB_B] [14:20:59] FIRESTORM_GATE_BLOCK ABTS setup=move_strike prior_bar_ticks=215 threshold=6000
[MOVE_SUB_B] [14:20:59] FIRESTORM_GATE_BLOCK ABTS setup=move_strike prior_bar_ticks=215 threshold=6000
[MOVE_SUB_B] [14:21:10] new symbol AMC — detector + movement_strike instantiated
[MOVE_SUB_B] [14:21:11] STATS ticks=255574 symbols=80 pos=no daily_pnl=+0 drops=0
[MOVE_SUB_B] [14:22:11] STATS ticks=256698 symbols=80 pos=no daily_pnl=+0 drops=0
[MOVE_SUB_B] [14:23:11] STATS ticks=257583 symbols=80 pos=no daily_pnl=+0 drops=0
[MOVE_SUB_B] [14:24:11] STATS ticks=258313 symbols=80 pos=no daily_pnl=+0 drops=0
[MOVE_SUB_B] [14:25:08] new symbol CHR — detector + movement_strike instantiated
[MOVE_SUB_B] [14:25:11] STATS ticks=259119 symbols=81 pos=no daily_pnl=+0 drops=0
[MOVE_SUB_B] [14:26:11] STATS ticks=260424 symbols=81 pos=no daily_pnl=+0 drops=0
[MOVE_SUB_B] [14:27:11] STATS ticks=261239 symbols=81 pos=no daily_pnl=+0 drops=0
[MOVE_SUB_B] [14:28:12] STATS ticks=262151 symbols=81 pos=no daily_pnl=+0 drops=0
[MOVE_SUB_B] [14:29:12] STATS ticks=262740 symbols=81 pos=no daily_pnl=+0 drops=0
[MOVE_SUB_B] [14:30:01] FIRESTORM_GATE_BLOCK ABTS setup=move_strike prior_bar_ticks=284 threshold=6000
[MOVE_SUB_B] [14:30:01] FIRESTORM_GATE_BLOCK ABTS setup=move_strike prior_bar_ticks=284 threshold=6000
[MOVE_SUB_B] [14:30:01] FIRESTORM_GATE_BLOCK ABTS setup=move_strike prior_bar_ticks=284 threshold=6000
[MOVE_SUB_B] [14:30:03] FIRESTORM_GATE_BLOCK ABTS setup=move_strike prior_bar_ticks=284 threshold=6000
[MOVE_SUB_B] [14:30:03] FIRESTORM_GATE_BLOCK ABTS setup=move_strike prior_bar_ticks=284 threshold=6000
[MOVE_SUB_B] [14:30:03] FIRESTORM_GATE_BLOCK ABTS setup=move_strike prior_bar_ticks=284 threshold=6000
[MOVE_SUB_B] [14:30:05] FIRESTORM_GATE_BLOCK ABTS setup=move_strike prior_bar_ticks=284 threshold=6000
[MOVE_SUB_B] [14:30:06] FIRESTORM_GATE_BLOCK ABTS setup=move_strike prior_bar_ticks=284 threshold=6000
[MOVE_SUB_B] [14:30:06] FIRESTORM_GATE_BLOCK ABTS setup=move_strike prior_bar_ticks=284 threshold=6000
[MOVE_SUB_B] [14:30:06] FIRESTORM_GATE_BLOCK ABTS setup=move_strike prior_bar_ticks=284 threshold=6000
[MOVE_SUB_B] [14:30:06] FIRESTORM_GATE_BLOCK ABTS setup=move_strike prior_bar_ticks=284 threshold=6000
[MOVE_SUB_B] [14:30:09] FIRESTORM_GATE_BLOCK ABTS setup=move_strike prior_bar_ticks=284 threshold=6000
[MOVE_SUB_B] [14:30:09] FIRESTORM_GATE_BLOCK ABTS setup=move_strike prior_bar_ticks=284 threshold=6000
[MOVE_SUB_B] [14:30:09] FIRESTORM_GATE_BLOCK ABTS setup=move_strike prior_bar_ticks=284 threshold=6000
[MOVE_SUB_B] [14:30:09] FIRESTORM_GATE_BLOCK ABTS setup=move_strike prior_bar_ticks=284 threshold=6000
[MOVE_SUB_B] [14:30:09] FIRESTORM_GATE_BLOCK ABTS setup=move_strike prior_bar_ticks=284 threshold=6000
[MOVE_SUB_B] [14:30:09] FIRESTORM_GATE_BLOCK ABTS setup=move_strike prior_bar_ticks=284 threshold=6000
[MOVE_SUB_B] [14:30:10] FIRESTORM_GATE_BLOCK ABTS setup=move_strike prior_bar_ticks=284 threshold=6000
[MOVE_SUB_B] [14:30:11] FIRESTORM_GATE_BLOCK ABTS setup=move_strike prior_bar_ticks=284 threshold=6000
[MOVE_SUB_B] [14:30:11] FIRESTORM_GATE_BLOCK ABTS setup=move_strike prior_bar_ticks=284 threshold=6000
[MOVE_SUB_B] [14:30:11] FIRESTORM_GATE_BLOCK ABTS setup=move_strike prior_bar_ticks=284 threshold=6000
[MOVE_SUB_B] [14:30:12] STATS ticks=263588 symbols=81 pos=no daily_pnl=+0 drops=0
[MOVE_SUB_B] [14:30:12] new symbol SST — detector + movement_strike instantiated
[MOVE_SUB_B] [14:30:14] FIRESTORM_GATE_BLOCK ABTS setup=move_strike prior_bar_ticks=284 threshold=6000
[MOVE_SUB_B] [14:30:14] FIRESTORM_GATE_BLOCK ABTS setup=move_strike prior_bar_ticks=284 threshold=6000
[MOVE_SUB_B] [14:30:18] FIRESTORM_GATE_BLOCK ABTS setup=move_strike prior_bar_ticks=284 threshold=6000
[MOVE_SUB_B] [14:30:18] FIRESTORM_GATE_BLOCK ABTS setup=move_strike prior_bar_ticks=284 threshold=6000
[MOVE_SUB_B] [14:30:18] FIRESTORM_GATE_BLOCK ABTS setup=move_strike prior_bar_ticks=284 threshold=6000
[MOVE_SUB_B] [14:30:18] FIRESTORM_GATE_BLOCK ABTS setup=move_strike prior_bar_ticks=284 threshold=6000
[MOVE_SUB_B] [14:30:18] FIRESTORM_GATE_BLOCK ABTS setup=move_strike prior_bar_ticks=284 threshold=6000
[MOVE_SUB_B] [14:30:18] FIRESTORM_GATE_BLOCK ABTS setup=move_strike prior_bar_ticks=284 threshold=6000
[MOVE_SUB_B] [14:30:20] FIRESTORM_GATE_BLOCK ABTS setup=move_strike prior_bar_ticks=284 threshold=6000
[MOVE_SUB_B] [14:30:20] FIRESTORM_GATE_BLOCK ABTS setup=move_strike prior_bar_ticks=284 threshold=6000
[MOVE_SUB_B] [14:30:20] FIRESTORM_GATE_BLOCK ABTS setup=move_strike prior_bar_ticks=284 threshold=6000
[MOVE_SUB_B] [14:30:20] FIRESTORM_GATE_BLOCK ABTS setup=move_strike prior_bar_ticks=284 threshold=6000
[MOVE_SUB_B] [14:30:20] FIRESTORM_GATE_BLOCK ABTS setup=move_strike prior_bar_ticks=284 threshold=6000
[MOVE_SUB_B] [14:30:20] FIRESTORM_GATE_BLOCK ABTS setup=move_strike prior_bar_ticks=284 threshold=6000
[MOVE_SUB_B] [14:30:20] FIRESTORM_GATE_BLOCK ABTS setup=move_strike prior_bar_ticks=284 threshold=6000
[MOVE_SUB_B] [14:30:20] FIRESTORM_GATE_BLOCK ABTS setup=move_strike prior_bar_ticks=284 threshold=6000
[MOVE_SUB_B] [14:30:20] FIRESTORM_GATE_BLOCK ABTS setup=move_strike prior_bar_ticks=284 threshold=6000
[MOVE_SUB_B] [14:30:20] FIRESTORM_GATE_BLOCK ABTS setup=move_strike prior_bar_ticks=284 threshold=6000
[MOVE_SUB_B] [14:30:20] FIRESTORM_GATE_BLOCK ABTS setup=move_strike prior_bar_ticks=284 threshold=6000
[MOVE_SUB_B] [14:30:20] FIRESTORM_GATE_BLOCK ABTS setup=move_strike prior_bar_ticks=284 threshold=6000
[MOVE_SUB_B] [14:30:20] FIRESTORM_GATE_BLOCK ABTS setup=move_strike prior_bar_ticks=284 threshold=6000
[MOVE_SUB_B] [14:30:20] FIRESTORM_GATE_BLOCK ABTS setup=move_strike prior_bar_ticks=284 threshold=6000
[MOVE_SUB_B] [14:30:20] FIRESTORM_GATE_BLOCK ABTS setup=move_strike prior_bar_ticks=284 threshold=6000
[MOVE_SUB_B] [14:30:20] FIRESTORM_GATE_BLOCK ABTS setup=move_strike prior_bar_ticks=284 threshold=6000
[MOVE_SUB_B] [14:30:20] FIRESTORM_GATE_BLOCK ABTS setup=move_strike prior_bar_ticks=284 threshold=6000
[MOVE_SUB_B] [14:30:21] FIRESTORM_GATE_BLOCK ABTS setup=move_strike prior_bar_ticks=284 threshold=6000
[MOVE_SUB_B] [14:30:21] FIRESTORM_GATE_BLOCK ABTS setup=move_strike prior_bar_ticks=284 threshold=6000
[MOVE_SUB_B] [14:30:21] FIRESTORM_GATE_BLOCK ABTS setup=move_strike prior_bar_ticks=284 threshold=6000
[MOVE_SUB_B] [14:30:22] FIRESTORM_GATE_BLOCK ABTS setup=move_strike prior_bar_ticks=284 threshold=6000
[MOVE_SUB_B] [14:30:22] FIRESTORM_GATE_BLOCK ABTS setup=move_strike prior_bar_ticks=284 threshold=6000
[MOVE_SUB_B] [14:30:22] FIRESTORM_GATE_BLOCK ABTS setup=move_strike prior_bar_ticks=284 threshold=6000
[MOVE_SUB_B] [14:30:22] FIRESTORM_GATE_BLOCK ABTS setup=move_strike prior_bar_ticks=284 threshold=6000
[MOVE_SUB_B] [14:30:22] FIRESTORM_GATE_BLOCK ABTS setup=move_strike prior_bar_ticks=284 threshold=6000
[MOVE_SUB_B] [14:30:22] FIRESTORM_GATE_BLOCK ABTS setup=move_strike prior_bar_ticks=284 threshold=6000
[MOVE_SUB_B] [14:30:22] FIRESTORM_GATE_BLOCK ABTS setup=move_strike prior_bar_ticks=284 threshold=6000
[MOVE_SUB_B] [14:30:22] FIRESTORM_GATE_BLOCK ABTS setup=move_strike prior_bar_ticks=284 threshold=6000
[MOVE_SUB_B] [14:30:22] FIRESTORM_GATE_BLOCK ABTS setup=move_strike prior_bar_ticks=284 threshold=6000
[MOVE_SUB_B] [14:30:22] FIRESTORM_GATE_BLOCK ABTS setup=move_strike prior_bar_ticks=284 threshold=6000
[MOVE_SUB_B] [14:30:22] FIRESTORM_GATE_BLOCK ABTS setup=move_strike prior_bar_ticks=284 threshold=6000
[MOVE_SUB_B] [14:30:22] FIRESTORM_GATE_BLOCK ABTS setup=move_strike prior_bar_ticks=284 threshold=6000
[MOVE_SUB_B] [14:30:22] FIRESTORM_GATE_BLOCK ABTS setup=move_strike prior_bar_ticks=284 threshold=6000
[MOVE_SUB_B] [14:30:22] FIRESTORM_GATE_BLOCK ABTS setup=move_strike prior_bar_ticks=284 threshold=6000
[MOVE_SUB_B] [14:30:22] FIRESTORM_GATE_BLOCK ABTS setup=move_strike prior_bar_ticks=284 threshold=6000
[MOVE_SUB_B] [14:30:22] FIRESTORM_GATE_BLOCK ABTS setup=move_strike prior_bar_ticks=284 threshold=6000
[MOVE_SUB_B] [14:30:22] FIRESTORM_GATE_BLOCK ABTS setup=move_strike prior_bar_ticks=284 threshold=6000
[MOVE_SUB_B] [14:30:22] FIRESTORM_GATE_BLOCK ABTS setup=move_strike prior_bar_ticks=284 threshold=6000
[MOVE_SUB_B] [14:30:22] FIRESTORM_GATE_BLOCK ABTS setup=move_strike prior_bar_ticks=284 threshold=6000
[MOVE_SUB_B] [14:30:22] FIRESTORM_GATE_BLOCK ABTS setup=move_strike prior_bar_ticks=284 threshold=6000
[MOVE_SUB_B] [14:30:22] FIRESTORM_GATE_BLOCK ABTS setup=move_strike prior_bar_ticks=284 threshold=6000
[MOVE_SUB_B] [14:30:22] FIRESTORM_GATE_BLOCK ABTS setup=move_strike prior_bar_ticks=284 threshold=6000
[MOVE_SUB_B] [14:30:22] FIRESTORM_GATE_BLOCK ABTS setup=move_strike prior_bar_ticks=284 threshold=6000
[MOVE_SUB_B] [14:30:22] FIRESTORM_GATE_BLOCK ABTS setup=move_strike prior_bar_ticks=284 threshold=6000
[MOVE_SUB_B] [14:30:22] FIRESTORM_GATE_BLOCK ABTS setup=move_strike prior_bar_ticks=284 threshold=6000
[MOVE_SUB_B] [14:30:22] FIRESTORM_GATE_BLOCK ABTS setup=move_strike prior_bar_ticks=284 threshold=6000
[MOVE_SUB_B] [14:30:22] FIRESTORM_GATE_BLOCK ABTS setup=move_strike prior_bar_ticks=284 threshold=6000
[MOVE_SUB_B] [14:30:22] FIRESTORM_GATE_BLOCK ABTS setup=move_strike prior_bar_ticks=284 threshold=6000
[MOVE_SUB_B] [14:30:22] FIRESTORM_GATE_BLOCK ABTS setup=move_strike prior_bar_ticks=284 threshold=6000
[MOVE_SUB_B] [14:30:22] FIRESTORM_GATE_BLOCK ABTS setup=move_strike prior_bar_ticks=284 threshold=6000
[MOVE_SUB_B] [14:30:22] FIRESTORM_GATE_BLOCK ABTS setup=move_strike prior_bar_ticks=284 threshold=6000
[MOVE_SUB_B] [14:30:22] FIRESTORM_GATE_BLOCK ABTS setup=move_strike prior_bar_ticks=284 threshold=6000
[MOVE_SUB_B] [14:30:22] FIRESTORM_GATE_BLOCK ABTS setup=move_strike prior_bar_ticks=284 threshold=6000
[MOVE_SUB_B] [14:30:22] FIRESTORM_GATE_BLOCK ABTS setup=move_strike prior_bar_ticks=284 threshold=6000
[MOVE_SUB_B] [14:30:22] FIRESTORM_GATE_BLOCK ABTS setup=move_strike prior_bar_ticks=284 threshold=6000
[MOVE_SUB_B] [14:30:22] FIRESTORM_GATE_BLOCK ABTS setup=move_strike prior_bar_ticks=284 threshold=6000
[MOVE_SUB_B] [14:30:22] FIRESTORM_GATE_BLOCK ABTS setup=move_strike prior_bar_ticks=284 threshold=6000
[MOVE_SUB_B] [14:30:22] FIRESTORM_GATE_BLOCK ABTS setup=move_strike prior_bar_ticks=284 threshold=6000
[MOVE_SUB_B] [14:30:22] FIRESTORM_GATE_BLOCK ABTS setup=move_strike prior_bar_ticks=284 threshold=6000
[MOVE_SUB_B] [14:30:22] FIRESTORM_GATE_BLOCK ABTS setup=move_strike prior_bar_ticks=284 threshold=6000
[MOVE_SUB_B] [14:30:22] FIRESTORM_GATE_BLOCK ABTS setup=move_strike prior_bar_ticks=284 threshold=6000
[MOVE_SUB_B] [14:30:22] FIRESTORM_GATE_BLOCK ABTS setup=move_strike prior_bar_ticks=284 threshold=6000
[MOVE_SUB_B] [14:30:22] FIRESTORM_GATE_BLOCK ABTS setup=move_strike prior_bar_ticks=284 threshold=6000
[MOVE_SUB_B] [14:30:22] FIRESTORM_GATE_BLOCK ABTS setup=move_strike prior_bar_ticks=284 threshold=6000
[MOVE_SUB_B] [14:30:22] FIRESTORM_GATE_BLOCK ABTS setup=move_strike prior_bar_ticks=284 threshold=6000
[MOVE_SUB_B] [14:30:22] FIRESTORM_GATE_BLOCK ABTS setup=move_strike prior_bar_ticks=284 threshold=6000
[MOVE_SUB_B] [14:30:22] FIRESTORM_GATE_BLOCK ABTS setup=move_strike prior_bar_ticks=284 threshold=6000
[MOVE_SUB_B] [14:30:22] FIRESTORM_GATE_BLOCK ABTS setup=move_strike prior_bar_ticks=284 threshold=6000
[MOVE_SUB_B] [14:30:22] FIRESTORM_GATE_BLOCK ABTS setup=move_strike prior_bar_ticks=284 threshold=6000
[MOVE_SUB_B] [14:30:22] FIRESTORM_GATE_BLOCK ABTS setup=move_strike prior_bar_ticks=284 threshold=6000
[MOVE_SUB_B] [14:30:22] FIRESTORM_GATE_BLOCK ABTS setup=move_strike prior_bar_ticks=284 threshold=6000
[MOVE_SUB_B] [14:30:22] FIRESTORM_GATE_BLOCK ABTS setup=move_strike prior_bar_ticks=284 threshold=6000
[MOVE_SUB_B] [14:30:22] FIRESTORM_GATE_BLOCK ABTS setup=move_strike prior_bar_ticks=284 threshold=6000
[MOVE_SUB_B] [14:30:22] FIRESTORM_GATE_BLOCK ABTS setup=move_strike prior_bar_ticks=284 threshold=6000
[MOVE_SUB_B] [14:30:22] FIRESTORM_GATE_BLOCK ABTS setup=move_strike prior_bar_ticks=284 threshold=6000
[MOVE_SUB_B] [14:30:22] FIRESTORM_GATE_BLOCK ABTS setup=move_strike prior_bar_ticks=284 threshold=6000
[MOVE_SUB_B] [14:30:22] FIRESTORM_GATE_BLOCK ABTS setup=move_strike prior_bar_ticks=284 threshold=6000
[MOVE_SUB_B] [14:30:22] FIRESTORM_GATE_BLOCK ABTS setup=move_strike prior_bar_ticks=284 threshold=6000
[MOVE_SUB_B] [14:30:22] FIRESTORM_GATE_BLOCK ABTS setup=move_strike prior_bar_ticks=284 threshold=6000
[MOVE_SUB_B] [14:30:22] FIRESTORM_GATE_BLOCK ABTS setup=move_strike prior_bar_ticks=284 threshold=6000
[MOVE_SUB_B] [14:30:22] FIRESTORM_GATE_BLOCK ABTS setup=move_strike prior_bar_ticks=284 threshold=6000
[MOVE_SUB_B] [14:30:22] FIRESTORM_GATE_BLOCK ABTS setup=move_strike prior_bar_ticks=284 threshold=6000
[MOVE_SUB_B] [14:30:22] FIRESTORM_GATE_BLOCK ABTS setup=move_strike prior_bar_ticks=284 threshold=6000
[MOVE_SUB_B] [14:30:22] FIRESTORM_GATE_BLOCK ABTS setup=move_strike prior_bar_ticks=284 threshold=6000
[MOVE_SUB_B] [14:30:22] FIRESTORM_GATE_BLOCK ABTS setup=move_strike prior_bar_ticks=284 threshold=6000
[MOVE_SUB_B] [14:30:22] FIRESTORM_GATE_BLOCK ABTS setup=move_strike prior_bar_ticks=284 threshold=6000
[MOVE_SUB_B] [14:30:22] FIRESTORM_GATE_BLOCK ABTS setup=move_strike prior_bar_ticks=284 threshold=6000
[MOVE_SUB_B] [14:30:22] FIRESTORM_GATE_BLOCK ABTS setup=move_strike prior_bar_ticks=284 threshold=6000
[MOVE_SUB_B] [14:30:22] FIRESTORM_GATE_BLOCK ABTS setup=move_strike prior_bar_ticks=284 threshold=6000
[MOVE_SUB_B] [14:30:22] FIRESTORM_GATE_BLOCK ABTS setup=move_strike prior_bar_ticks=284 threshold=6000
[MOVE_SUB_B] [14:30:22] FIRESTORM_GATE_BLOCK ABTS setup=move_strike prior_bar_ticks=284 threshold=6000
[MOVE_SUB_B] [14:30:22] FIRESTORM_GATE_BLOCK ABTS setup=move_strike prior_bar_ticks=284 threshold=6000
[MOVE_SUB_B] [14:30:22] FIRESTORM_GATE_BLOCK ABTS setup=move_strike prior_bar_ticks=284 threshold=6000
[MOVE_SUB_B] [14:30:23] FIRESTORM_GATE_BLOCK ABTS setup=move_strike prior_bar_ticks=284 threshold=6000
[MOVE_SUB_B] [14:30:23] FIRESTORM_GATE_BLOCK ABTS setup=move_strike prior_bar_ticks=284 threshold=6000
[MOVE_SUB_B] [14:30:23] FIRESTORM_GATE_BLOCK ABTS setup=move_strike prior_bar_ticks=284 threshold=6000
[MOVE_SUB_B] [14:30:23] FIRESTORM_GATE_BLOCK ABTS setup=move_strike prior_bar_ticks=284 threshold=6000
[MOVE_SUB_B] [14:30:23] FIRESTORM_GATE_BLOCK ABTS setup=move_strike prior_bar_ticks=284 threshold=6000
[MOVE_SUB_B] [14:30:23] FIRESTORM_GATE_BLOCK ABTS setup=move_strike prior_bar_ticks=284 threshold=6000
[MOVE_SUB_B] [14:30:23] FIRESTORM_GATE_BLOCK ABTS setup=move_strike prior_bar_ticks=284 threshold=6000
[MOVE_SUB_B] [14:30:23] FIRESTORM_GATE_BLOCK ABTS setup=move_strike prior_bar_ticks=284 threshold=6000
[MOVE_SUB_B] [14:30:23] FIRESTORM_GATE_BLOCK ABTS setup=move_strike prior_bar_ticks=284 threshold=6000
[MOVE_SUB_B] [14:30:23] FIRESTORM_GATE_BLOCK ABTS setup=move_strike prior_bar_ticks=284 threshold=6000
[MOVE_SUB_B] [14:30:23] FIRESTORM_GATE_BLOCK ABTS setup=move_strike prior_bar_ticks=284 threshold=6000
[MOVE_SUB_B] [14:30:23] FIRESTORM_GATE_BLOCK ABTS setup=move_strike prior_bar_ticks=284 threshold=6000
[MOVE_SUB_B] [14:30:23] FIRESTORM_GATE_BLOCK ABTS setup=move_strike prior_bar_ticks=284 threshold=6000
[MOVE_SUB_B] [14:30:23] FIRESTORM_GATE_BLOCK ABTS setup=move_strike prior_bar_ticks=284 threshold=6000
[MOVE_SUB_B] [14:30:23] FIRESTORM_GATE_BLOCK ABTS setup=move_strike prior_bar_ticks=284 threshold=6000
[MOVE_SUB_B] [14:30:23] FIRESTORM_GATE_BLOCK ABTS setup=move_strike prior_bar_ticks=284 threshold=6000
[MOVE_SUB_B] [14:30:23] FIRESTORM_GATE_BLOCK ABTS setup=move_strike prior_bar_ticks=284 threshold=6000
[MOVE_SUB_B] [14:30:23] FIRESTORM_GATE_BLOCK ABTS setup=move_strike prior_bar_ticks=284 threshold=6000
[MOVE_SUB_B] [14:30:23] FIRESTORM_GATE_BLOCK ABTS setup=move_strike prior_bar_ticks=284 threshold=6000
[MOVE_SUB_B] [14:30:23] FIRESTORM_GATE_BLOCK ABTS setup=move_strike prior_bar_ticks=284 threshold=6000
[MOVE_SUB_B] [14:30:23] FIRESTORM_GATE_BLOCK ABTS setup=move_strike prior_bar_ticks=284 threshold=6000
[MOVE_SUB_B] [14:30:23] FIRESTORM_GATE_BLOCK ABTS setup=move_strike prior_bar_ticks=284 threshold=6000
[MOVE_SUB_B] [14:30:23] FIRESTORM_GATE_BLOCK ABTS setup=move_strike prior_bar_ticks=284 threshold=6000
[MOVE_SUB_B] [14:30:23] FIRESTORM_GATE_BLOCK ABTS setup=move_strike prior_bar_ticks=284 threshold=6000
[MOVE_SUB_B] [14:30:23] FIRESTORM_GATE_BLOCK ABTS setup=move_strike prior_bar_ticks=284 threshold=6000
[MOVE_SUB_B] [14:30:23] FIRESTORM_GATE_BLOCK ABTS setup=move_strike prior_bar_ticks=284 threshold=6000
[MOVE_SUB_B] [14:30:23] FIRESTORM_GATE_BLOCK ABTS setup=move_strike prior_bar_ticks=284 threshold=6000
[MOVE_SUB_B] [14:30:23] FIRESTORM_GATE_BLOCK ABTS setup=move_strike prior_bar_ticks=284 threshold=6000
[MOVE_SUB_B] [14:30:23] FIRESTORM_GATE_BLOCK ABTS setup=move_strike prior_bar_ticks=284 threshold=6000
[MOVE_SUB_B] [14:30:23] FIRESTORM_GATE_BLOCK ABTS setup=move_strike prior_bar_ticks=284 threshold=6000
[MOVE_SUB_B] [14:30:23] FIRESTORM_GATE_BLOCK ABTS setup=move_strike prior_bar_ticks=284 threshold=6000
[MOVE_SUB_B] [14:30:23] FIRESTORM_GATE_BLOCK ABTS setup=move_strike prior_bar_ticks=284 threshold=6000
[MOVE_SUB_B] [14:30:23] FIRESTORM_GATE_BLOCK ABTS setup=move_strike prior_bar_ticks=284 threshold=6000
[MOVE_SUB_B] [14:30:24] FIRESTORM_GATE_BLOCK ABTS setup=move_strike prior_bar_ticks=284 threshold=6000
[MOVE_SUB_B] [14:30:24] FIRESTORM_GATE_BLOCK ABTS setup=move_strike prior_bar_ticks=284 threshold=6000
[MOVE_SUB_B] [14:30:24] FIRESTORM_GATE_BLOCK ABTS setup=move_strike prior_bar_ticks=284 threshold=6000
[MOVE_SUB_B] [14:30:24] FIRESTORM_GATE_BLOCK ABTS setup=move_strike prior_bar_ticks=284 threshold=6000
[MOVE_SUB_B] [14:30:24] FIRESTORM_GATE_BLOCK ABTS setup=move_strike prior_bar_ticks=284 threshold=6000
[MOVE_SUB_B] [14:30:24] FIRESTORM_GATE_BLOCK ABTS setup=move_strike prior_bar_ticks=284 threshold=6000
[MOVE_SUB_B] [14:30:24] FIRESTORM_GATE_BLOCK ABTS setup=move_strike prior_bar_ticks=284 threshold=6000
[MOVE_SUB_B] [14:30:24] FIRESTORM_GATE_BLOCK ABTS setup=move_strike prior_bar_ticks=284 threshold=6000
[MOVE_SUB_B] [14:30:24] FIRESTORM_GATE_BLOCK ABTS setup=move_strike prior_bar_ticks=284 threshold=6000
[MOVE_SUB_B] [14:30:24] FIRESTORM_GATE_BLOCK ABTS setup=move_strike prior_bar_ticks=284 threshold=6000
[MOVE_SUB_B] [14:30:24] FIRESTORM_GATE_BLOCK ABTS setup=move_strike prior_bar_ticks=284 threshold=6000
[MOVE_SUB_B] [14:30:24] FIRESTORM_GATE_BLOCK ABTS setup=move_strike prior_bar_ticks=284 threshold=6000
[MOVE_SUB_B] [14:30:25] FIRESTORM_GATE_BLOCK ABTS setup=move_strike prior_bar_ticks=284 threshold=6000
[MOVE_SUB_B] [14:30:25] FIRESTORM_GATE_BLOCK ABTS setup=move_strike prior_bar_ticks=284 threshold=6000
[MOVE_SUB_B] [14:30:25] FIRESTORM_GATE_BLOCK ABTS setup=move_strike prior_bar_ticks=284 threshold=6000
[MOVE_SUB_B] [14:30:25] FIRESTORM_GATE_BLOCK ABTS setup=move_strike prior_bar_ticks=284 threshold=6000
[MOVE_SUB_B] [14:30:25] FIRESTORM_GATE_BLOCK ABTS setup=move_strike prior_bar_ticks=284 threshold=6000
[MOVE_SUB_B] [14:30:25] FIRESTORM_GATE_BLOCK ABTS setup=move_strike prior_bar_ticks=284 threshold=6000
[MOVE_SUB_B] [14:30:25] FIRESTORM_GATE_BLOCK ABTS setup=move_strike prior_bar_ticks=284 threshold=6000
[MOVE_SUB_B] [14:30:25] FIRESTORM_GATE_BLOCK ABTS setup=move_strike prior_bar_ticks=284 threshold=6000
[MOVE_SUB_B] [14:30:25] FIRESTORM_GATE_BLOCK ABTS setup=move_strike prior_bar_ticks=284 threshold=6000
[MOVE_SUB_B] [14:30:25] FIRESTORM_GATE_BLOCK ABTS setup=move_strike prior_bar_ticks=284 threshold=6000
[MOVE_SUB_B] [14:30:25] FIRESTORM_GATE_BLOCK ABTS setup=move_strike prior_bar_ticks=284 threshold=6000
[MOVE_SUB_B] [14:30:25] FIRESTORM_GATE_BLOCK ABTS setup=move_strike prior_bar_ticks=284 threshold=6000
[MOVE_SUB_B] [14:30:25] FIRESTORM_GATE_BLOCK ABTS setup=move_strike prior_bar_ticks=284 threshold=6000
[MOVE_SUB_B] [14:30:25] FIRESTORM_GATE_BLOCK ABTS setup=move_strike prior_bar_ticks=284 threshold=6000
[MOVE_SUB_B] [14:30:25] FIRESTORM_GATE_BLOCK ABTS setup=move_strike prior_bar_ticks=284 threshold=6000
[MOVE_SUB_B] [14:30:25] FIRESTORM_GATE_BLOCK ABTS setup=move_strike prior_bar_ticks=284 threshold=6000
[MOVE_SUB_B] [14:30:25] FIRESTORM_GATE_BLOCK ABTS setup=move_strike prior_bar_ticks=284 threshold=6000
[MOVE_SUB_B] [14:30:25] FIRESTORM_GATE_BLOCK ABTS setup=move_strike prior_bar_ticks=284 threshold=6000
[MOVE_SUB_B] [14:30:25] FIRESTORM_GATE_BLOCK ABTS setup=move_strike prior_bar_ticks=284 threshold=6000
[MOVE_SUB_B] [14:30:25] FIRESTORM_GATE_BLOCK ABTS setup=move_strike prior_bar_ticks=284 threshold=6000
[MOVE_SUB_B] [14:30:25] FIRESTORM_GATE_BLOCK ABTS setup=move_strike prior_bar_ticks=284 threshold=6000
[MOVE_SUB_B] [14:30:25] FIRESTORM_GATE_BLOCK ABTS setup=move_strike prior_bar_ticks=284 threshold=6000
[MOVE_SUB_B] [14:30:26] FIRESTORM_GATE_BLOCK ABTS setup=move_strike prior_bar_ticks=284 threshold=6000
[MOVE_SUB_B] [14:30:26] FIRESTORM_GATE_BLOCK ABTS setup=move_strike prior_bar_ticks=284 threshold=6000
[MOVE_SUB_B] [14:30:26] FIRESTORM_GATE_BLOCK ABTS setup=move_strike prior_bar_ticks=284 threshold=6000
[MOVE_SUB_B] [14:30:26] FIRESTORM_GATE_BLOCK ABTS setup=move_strike prior_bar_ticks=284 threshold=6000
[MOVE_SUB_B] [14:30:26] FIRESTORM_GATE_BLOCK ABTS setup=move_strike prior_bar_ticks=284 threshold=6000
[MOVE_SUB_B] [14:30:26] FIRESTORM_GATE_BLOCK ABTS setup=move_strike prior_bar_ticks=284 threshold=6000
[MOVE_SUB_B] [14:30:26] FIRESTORM_GATE_BLOCK ABTS setup=move_strike prior_bar_ticks=284 threshold=6000
[MOVE_SUB_B] [14:30:27] FIRESTORM_GATE_BLOCK ABTS setup=move_strike prior_bar_ticks=284 threshold=6000
[MOVE_SUB_B] [14:30:27] FIRESTORM_GATE_BLOCK ABTS setup=move_strike prior_bar_ticks=284 threshold=6000
[MOVE_SUB_B] [14:30:27] FIRESTORM_GATE_BLOCK ABTS setup=move_strike prior_bar_ticks=284 threshold=6000
[MOVE_SUB_B] [14:30:27] FIRESTORM_GATE_BLOCK ABTS setup=move_strike prior_bar_ticks=284 threshold=6000
[MOVE_SUB_B] [14:30:28] FIRESTORM_GATE_BLOCK ABTS setup=move_strike prior_bar_ticks=284 threshold=6000
[MOVE_SUB_B] [14:30:28] FIRESTORM_GATE_BLOCK ABTS setup=move_strike prior_bar_ticks=284 threshold=6000
[MOVE_SUB_B] [14:30:28] FIRESTORM_GATE_BLOCK ABTS setup=move_strike prior_bar_ticks=284 threshold=6000
[MOVE_SUB_B] [14:30:29] FIRESTORM_GATE_BLOCK ABTS setup=move_strike prior_bar_ticks=284 threshold=6000
[MOVE_SUB_B] [14:30:29] FIRESTORM_GATE_BLOCK ABTS setup=move_strike prior_bar_ticks=284 threshold=6000
[MOVE_SUB_B] [14:30:29] FIRESTORM_GATE_BLOCK ABTS setup=move_strike prior_bar_ticks=284 threshold=6000
[MOVE_SUB_B] [14:30:29] FIRESTORM_GATE_BLOCK ABTS setup=move_strike prior_bar_ticks=284 threshold=6000
[MOVE_SUB_B] [14:30:29] FIRESTORM_GATE_BLOCK ABTS setup=move_strike prior_bar_ticks=284 threshold=6000
[MOVE_SUB_B] [14:30:29] FIRESTORM_GATE_BLOCK ABTS setup=move_strike prior_bar_ticks=284 threshold=6000
[MOVE_SUB_B] [14:30:29] FIRESTORM_GATE_BLOCK ABTS setup=move_strike prior_bar_ticks=284 threshold=6000
[MOVE_SUB_B] [14:30:30] FIRESTORM_GATE_BLOCK ABTS setup=move_strike prior_bar_ticks=284 threshold=6000
[MOVE_SUB_B] [14:30:30] FIRESTORM_GATE_BLOCK ABTS setup=move_strike prior_bar_ticks=284 threshold=6000
[MOVE_SUB_B] [14:30:31] FIRESTORM_GATE_BLOCK ABTS setup=move_strike prior_bar_ticks=284 threshold=6000
[MOVE_SUB_B] [14:30:31] FIRESTORM_GATE_BLOCK ABTS setup=move_strike prior_bar_ticks=284 threshold=6000
[MOVE_SUB_B] [14:30:31] FIRESTORM_GATE_BLOCK ABTS setup=move_strike prior_bar_ticks=284 threshold=6000
[MOVE_SUB_B] [14:30:31] FIRESTORM_GATE_BLOCK ABTS setup=move_strike prior_bar_ticks=284 threshold=6000
[MOVE_SUB_B] [14:30:31] FIRESTORM_GATE_BLOCK ABTS setup=move_strike prior_bar_ticks=284 threshold=6000
[MOVE_SUB_B] [14:30:31] FIRESTORM_GATE_BLOCK ABTS setup=move_strike prior_bar_ticks=284 threshold=6000
[MOVE_SUB_B] [14:30:31] FIRESTORM_GATE_BLOCK ABTS setup=move_strike prior_bar_ticks=284 threshold=6000
[MOVE_SUB_B] [14:30:32] FIRESTORM_GATE_BLOCK ABTS setup=move_strike prior_bar_ticks=284 threshold=6000
[MOVE_SUB_B] [14:30:32] FIRESTORM_GATE_BLOCK ABTS setup=move_strike prior_bar_ticks=284 threshold=6000
[MOVE_SUB_B] [14:30:32] FIRESTORM_GATE_BLOCK ABTS setup=move_strike prior_bar_ticks=284 threshold=6000
[MOVE_SUB_B] [14:30:32] FIRESTORM_GATE_BLOCK ABTS setup=move_strike prior_bar_ticks=284 threshold=6000
[MOVE_SUB_B] [14:30:32] FIRESTORM_GATE_BLOCK ABTS setup=move_strike prior_bar_ticks=284 threshold=6000
[MOVE_SUB_B] [14:30:32] FIRESTORM_GATE_BLOCK ABTS setup=move_strike prior_bar_ticks=284 threshold=6000
[MOVE_SUB_B] [14:30:32] FIRESTORM_GATE_BLOCK ABTS setup=move_strike prior_bar_ticks=284 threshold=6000
[MOVE_SUB_B] [14:30:32] FIRESTORM_GATE_BLOCK ABTS setup=move_strike prior_bar_ticks=284 threshold=6000
[MOVE_SUB_B] [14:30:32] FIRESTORM_GATE_BLOCK ABTS setup=move_strike prior_bar_ticks=284 threshold=6000
[MOVE_SUB_B] [14:30:32] FIRESTORM_GATE_BLOCK ABTS setup=move_strike prior_bar_ticks=284 threshold=6000
[MOVE_SUB_B] [14:30:32] FIRESTORM_GATE_BLOCK ABTS setup=move_strike prior_bar_ticks=284 threshold=6000
[MOVE_SUB_B] [14:30:32] FIRESTORM_GATE_BLOCK ABTS setup=move_strike prior_bar_ticks=284 threshold=6000
[MOVE_SUB_B] [14:30:32] FIRESTORM_GATE_BLOCK ABTS setup=move_strike prior_bar_ticks=284 threshold=6000
[MOVE_SUB_B] [14:30:33] FIRESTORM_GATE_BLOCK ABTS setup=move_strike prior_bar_ticks=284 threshold=6000
[MOVE_SUB_B] [14:30:33] FIRESTORM_GATE_BLOCK ABTS setup=move_strike prior_bar_ticks=284 threshold=6000
[MOVE_SUB_B] [14:30:33] FIRESTORM_GATE_BLOCK ABTS setup=move_strike prior_bar_ticks=284 threshold=6000
[MOVE_SUB_B] [14:30:33] FIRESTORM_GATE_BLOCK ABTS setup=move_strike prior_bar_ticks=284 threshold=6000
[MOVE_SUB_B] [14:30:34] FIRESTORM_GATE_BLOCK ABTS setup=move_strike prior_bar_ticks=284 threshold=6000
[MOVE_SUB_B] [14:30:34] FIRESTORM_GATE_BLOCK ABTS setup=move_strike prior_bar_ticks=284 threshold=6000
[MOVE_SUB_B] [14:30:34] FIRESTORM_GATE_BLOCK ABTS setup=move_strike prior_bar_ticks=284 threshold=6000
[MOVE_SUB_B] [14:30:34] FIRESTORM_GATE_BLOCK ABTS setup=move_strike prior_bar_ticks=284 threshold=6000
[MOVE_SUB_B] [14:30:34] FIRESTORM_GATE_BLOCK ABTS setup=move_strike prior_bar_ticks=284 threshold=6000
[MOVE_SUB_B] [14:30:34] FIRESTORM_GATE_BLOCK ABTS setup=move_strike prior_bar_ticks=284 threshold=6000
[MOVE_SUB_B] [14:30:34] FIRESTORM_GATE_BLOCK ABTS setup=move_strike prior_bar_ticks=284 threshold=6000
[MOVE_SUB_B] [14:30:34] FIRESTORM_GATE_BLOCK ABTS setup=move_strike prior_bar_ticks=284 threshold=6000
[MOVE_SUB_B] [14:30:34] FIRESTORM_GATE_BLOCK ABTS setup=move_strike prior_bar_ticks=284 threshold=6000
[MOVE_SUB_B] [14:30:34] FIRESTORM_GATE_BLOCK ABTS setup=move_strike prior_bar_ticks=284 threshold=6000
[MOVE_SUB_B] [14:30:34] FIRESTORM_GATE_BLOCK ABTS setup=move_strike prior_bar_ticks=284 threshold=6000
[MOVE_SUB_B] [14:30:34] FIRESTORM_GATE_BLOCK ABTS setup=move_strike prior_bar_ticks=284 threshold=6000
[MOVE_SUB_B] [14:30:34] FIRESTORM_GATE_BLOCK ABTS setup=move_strike prior_bar_ticks=284 threshold=6000
[MOVE_SUB_B] [14:30:35] FIRESTORM_GATE_BLOCK ABTS setup=move_strike prior_bar_ticks=284 threshold=6000
[MOVE_SUB_B] [14:30:35] FIRESTORM_GATE_BLOCK ABTS setup=move_strike prior_bar_ticks=284 threshold=6000
[MOVE_SUB_B] [14:30:35] FIRESTORM_GATE_BLOCK ABTS setup=move_strike prior_bar_ticks=284 threshold=6000
[MOVE_SUB_B] [14:30:35] FIRESTORM_GATE_BLOCK ABTS setup=move_strike prior_bar_ticks=284 threshold=6000
[MOVE_SUB_B] [14:30:35] FIRESTORM_GATE_BLOCK ABTS setup=move_strike prior_bar_ticks=284 threshold=6000
[MOVE_SUB_B] [14:30:36] FIRESTORM_GATE_BLOCK ABTS setup=move_strike prior_bar_ticks=284 threshold=6000
[MOVE_SUB_B] [14:30:36] FIRESTORM_GATE_BLOCK ABTS setup=move_strike prior_bar_ticks=284 threshold=6000
[MOVE_SUB_B] [14:30:36] FIRESTORM_GATE_BLOCK ABTS setup=move_strike prior_bar_ticks=284 threshold=6000
[MOVE_SUB_B] [14:30:36] FIRESTORM_GATE_BLOCK ABTS setup=move_strike prior_bar_ticks=284 threshold=6000
[MOVE_SUB_B] [14:30:36] FIRESTORM_GATE_BLOCK ABTS setup=move_strike prior_bar_ticks=284 threshold=6000
[MOVE_SUB_B] [14:30:36] FIRESTORM_GATE_BLOCK ABTS setup=move_strike prior_bar_ticks=284 threshold=6000
[MOVE_SUB_B] [14:30:36] FIRESTORM_GATE_BLOCK ABTS setup=move_strike prior_bar_ticks=284 threshold=6000
[MOVE_SUB_B] [14:30:36] FIRESTORM_GATE_BLOCK ABTS setup=move_strike prior_bar_ticks=284 threshold=6000
[MOVE_SUB_B] [14:30:36] FIRESTORM_GATE_BLOCK ABTS setup=move_strike prior_bar_ticks=284 threshold=6000
[MOVE_SUB_B] [14:30:37] FIRESTORM_GATE_BLOCK ABTS setup=move_strike prior_bar_ticks=284 threshold=6000
[MOVE_SUB_B] [14:30:37] FIRESTORM_GATE_BLOCK ABTS setup=move_strike prior_bar_ticks=284 threshold=6000
[MOVE_SUB_B] [14:30:37] FIRESTORM_GATE_BLOCK ABTS setup=move_strike prior_bar_ticks=284 threshold=6000
[MOVE_SUB_B] [14:30:37] FIRESTORM_GATE_BLOCK ABTS setup=move_strike prior_bar_ticks=284 threshold=6000
[MOVE_SUB_B] [14:30:37] FIRESTORM_GATE_BLOCK ABTS setup=move_strike prior_bar_ticks=284 threshold=6000
[MOVE_SUB_B] [14:30:37] FIRESTORM_GATE_BLOCK ABTS setup=move_strike prior_bar_ticks=284 threshold=6000
[MOVE_SUB_B] [14:30:37] FIRESTORM_GATE_BLOCK ABTS setup=move_strike prior_bar_ticks=284 threshold=6000
[MOVE_SUB_B] [14:30:37] FIRESTORM_GATE_BLOCK ABTS setup=move_strike prior_bar_ticks=284 threshold=6000
[MOVE_SUB_B] [14:30:37] FIRESTORM_GATE_BLOCK ABTS setup=move_strike prior_bar_ticks=284 threshold=6000
[MOVE_SUB_B] [14:30:37] FIRESTORM_GATE_BLOCK ABTS setup=move_strike prior_bar_ticks=284 threshold=6000
[MOVE_SUB_B] [14:30:37] FIRESTORM_GATE_BLOCK ABTS setup=move_strike prior_bar_ticks=284 threshold=6000
[MOVE_SUB_B] [14:30:37] FIRESTORM_GATE_BLOCK ABTS setup=move_strike prior_bar_ticks=284 threshold=6000
[MOVE_SUB_B] [14:30:37] FIRESTORM_GATE_BLOCK ABTS setup=move_strike prior_bar_ticks=284 threshold=6000
[MOVE_SUB_B] [14:30:37] FIRESTORM_GATE_BLOCK ABTS setup=move_strike prior_bar_ticks=284 threshold=6000
[MOVE_SUB_B] [14:30:37] FIRESTORM_GATE_BLOCK ABTS setup=move_strike prior_bar_ticks=284 threshold=6000
[MOVE_SUB_B] [14:30:37] FIRESTORM_GATE_BLOCK ABTS setup=move_strike prior_bar_ticks=284 threshold=6000
[MOVE_SUB_B] [14:30:37] FIRESTORM_GATE_BLOCK ABTS setup=move_strike prior_bar_ticks=284 threshold=6000
[MOVE_SUB_B] [14:30:37] FIRESTORM_GATE_BLOCK ABTS setup=move_strike prior_bar_ticks=284 threshold=6000
[MOVE_SUB_B] [14:30:37] FIRESTORM_GATE_BLOCK ABTS setup=move_strike prior_bar_ticks=284 threshold=6000
[MOVE_SUB_B] [14:30:37] FIRESTORM_GATE_BLOCK ABTS setup=move_strike prior_bar_ticks=284 threshold=6000
[MOVE_SUB_B] [14:30:37] FIRESTORM_GATE_BLOCK ABTS setup=move_strike prior_bar_ticks=284 threshold=6000
[MOVE_SUB_B] [14:30:37] FIRESTORM_GATE_BLOCK ABTS setup=move_strike prior_bar_ticks=284 threshold=6000
[MOVE_SUB_B] [14:30:37] FIRESTORM_GATE_BLOCK ABTS setup=move_strike prior_bar_ticks=284 threshold=6000
[MOVE_SUB_B] [14:30:37] FIRESTORM_GATE_BLOCK ABTS setup=move_strike prior_bar_ticks=284 threshold=6000
[MOVE_SUB_B] [14:30:37] FIRESTORM_GATE_BLOCK ABTS setup=move_strike prior_bar_ticks=284 threshold=6000
[MOVE_SUB_B] [14:30:37] FIRESTORM_GATE_BLOCK ABTS setup=move_strike prior_bar_ticks=284 threshold=6000
[MOVE_SUB_B] [14:30:37] FIRESTORM_GATE_BLOCK ABTS setup=move_strike prior_bar_ticks=284 threshold=6000
[MOVE_SUB_B] [14:30:37] FIRESTORM_GATE_BLOCK ABTS setup=move_strike prior_bar_ticks=284 threshold=6000
[MOVE_SUB_B] [14:30:37] FIRESTORM_GATE_BLOCK ABTS setup=move_strike prior_bar_ticks=284 threshold=6000
[MOVE_SUB_B] [14:30:37] FIRESTORM_GATE_BLOCK ABTS setup=move_strike prior_bar_ticks=284 threshold=6000
[MOVE_SUB_B] [14:30:37] FIRESTORM_GATE_BLOCK ABTS setup=move_strike prior_bar_ticks=284 threshold=6000
[MOVE_SUB_B] [14:30:37] FIRESTORM_GATE_BLOCK ABTS setup=move_strike prior_bar_ticks=284 threshold=6000
[MOVE_SUB_B] [14:30:37] FIRESTORM_GATE_BLOCK ABTS setup=move_strike prior_bar_ticks=284 threshold=6000
[MOVE_SUB_B] [14:30:37] FIRESTORM_GATE_BLOCK ABTS setup=move_strike prior_bar_ticks=284 threshold=6000
[MOVE_SUB_B] [14:30:37] FIRESTORM_GATE_BLOCK ABTS setup=move_strike prior_bar_ticks=284 threshold=6000
[MOVE_SUB_B] [14:30:37] FIRESTORM_GATE_BLOCK ABTS setup=move_strike prior_bar_ticks=284 threshold=6000
[MOVE_SUB_B] [14:30:37] FIRESTORM_GATE_BLOCK ABTS setup=move_strike prior_bar_ticks=284 threshold=6000
[MOVE_SUB_B] [14:30:37] FIRESTORM_GATE_BLOCK ABTS setup=move_strike prior_bar_ticks=284 threshold=6000
[MOVE_SUB_B] [14:30:37] FIRESTORM_GATE_BLOCK ABTS setup=move_strike prior_bar_ticks=284 threshold=6000
[MOVE_SUB_B] [14:30:37] FIRESTORM_GATE_BLOCK ABTS setup=move_strike prior_bar_ticks=284 threshold=6000
[MOVE_SUB_B] [14:30:37] FIRESTORM_GATE_BLOCK ABTS setup=move_strike prior_bar_ticks=284 threshold=6000
[MOVE_SUB_B] [14:30:37] FIRESTORM_GATE_BLOCK ABTS setup=move_strike prior_bar_ticks=284 threshold=6000
[MOVE_SUB_B] [14:30:38] FIRESTORM_GATE_BLOCK ABTS setup=move_strike prior_bar_ticks=284 threshold=6000
[MOVE_SUB_B] [14:30:38] FIRESTORM_GATE_BLOCK ABTS setup=move_strike prior_bar_ticks=284 threshold=6000
[MOVE_SUB_B] [14:30:38] FIRESTORM_GATE_BLOCK ABTS setup=move_strike prior_bar_ticks=284 threshold=6000
[MOVE_SUB_B] [14:30:38] FIRESTORM_GATE_BLOCK ABTS setup=move_strike prior_bar_ticks=284 threshold=6000
[MOVE_SUB_B] [14:30:38] FIRESTORM_GATE_BLOCK ABTS setup=move_strike prior_bar_ticks=284 threshold=6000
[MOVE_SUB_B] [14:30:38] FIRESTORM_GATE_BLOCK ABTS setup=move_strike prior_bar_ticks=284 threshold=6000
[MOVE_SUB_B] [14:30:38] FIRESTORM_GATE_BLOCK ABTS setup=move_strike prior_bar_ticks=284 threshold=6000
[MOVE_SUB_B] [14:30:38] FIRESTORM_GATE_BLOCK ABTS setup=move_strike prior_bar_ticks=284 threshold=6000
[MOVE_SUB_B] [14:30:38] FIRESTORM_GATE_BLOCK ABTS setup=move_strike prior_bar_ticks=284 threshold=6000
[MOVE_SUB_B] [14:30:38] FIRESTORM_GATE_BLOCK ABTS setup=move_strike prior_bar_ticks=284 threshold=6000
[MOVE_SUB_B] [14:30:38] FIRESTORM_GATE_BLOCK ABTS setup=move_strike prior_bar_ticks=284 threshold=6000
[MOVE_SUB_B] [14:30:38] FIRESTORM_GATE_BLOCK ABTS setup=move_strike prior_bar_ticks=284 threshold=6000
[MOVE_SUB_B] [14:30:38] FIRESTORM_GATE_BLOCK ABTS setup=move_strike prior_bar_ticks=284 threshold=6000
[MOVE_SUB_B] [14:30:38] FIRESTORM_GATE_BLOCK ABTS setup=move_strike prior_bar_ticks=284 threshold=6000
[MOVE_SUB_B] [14:30:38] FIRESTORM_GATE_BLOCK ABTS setup=move_strike prior_bar_ticks=284 threshold=6000
[MOVE_SUB_B] [14:30:38] FIRESTORM_GATE_BLOCK ABTS setup=move_strike prior_bar_ticks=284 threshold=6000
[MOVE_SUB_B] [14:30:38] FIRESTORM_GATE_BLOCK ABTS setup=move_strike prior_bar_ticks=284 threshold=6000
[MOVE_SUB_B] [14:30:38] FIRESTORM_GATE_BLOCK ABTS setup=move_strike prior_bar_ticks=284 threshold=6000
[MOVE_SUB_B] [14:30:39] FIRESTORM_GATE_BLOCK ABTS setup=move_strike prior_bar_ticks=284 threshold=6000
[MOVE_SUB_B] [14:30:39] FIRESTORM_GATE_BLOCK ABTS setup=move_strike prior_bar_ticks=284 threshold=6000
[MOVE_SUB_B] [14:30:39] FIRESTORM_GATE_BLOCK ABTS setup=move_strike prior_bar_ticks=284 threshold=6000
[MOVE_SUB_B] [14:30:39] FIRESTORM_GATE_BLOCK ABTS setup=move_strike prior_bar_ticks=284 threshold=6000
[MOVE_SUB_B] [14:30:39] FIRESTORM_GATE_BLOCK ABTS setup=move_strike prior_bar_ticks=284 threshold=6000
[MOVE_SUB_B] [14:30:39] FIRESTORM_GATE_BLOCK ABTS setup=move_strike prior_bar_ticks=284 threshold=6000
[MOVE_SUB_B] [14:30:39] FIRESTORM_GATE_BLOCK ABTS setup=move_strike prior_bar_ticks=284 threshold=6000
[MOVE_SUB_B] [14:30:39] FIRESTORM_GATE_BLOCK ABTS setup=move_strike prior_bar_ticks=284 threshold=6000
[MOVE_SUB_B] [14:30:39] FIRESTORM_GATE_BLOCK ABTS setup=move_strike prior_bar_ticks=284 threshold=6000
[MOVE_SUB_B] [14:30:39] FIRESTORM_GATE_BLOCK ABTS setup=move_strike prior_bar_ticks=284 threshold=6000
[MOVE_SUB_B] [14:30:39] FIRESTORM_GATE_BLOCK ABTS setup=move_strike prior_bar_ticks=284 threshold=6000
[MOVE_SUB_B] [14:30:39] FIRESTORM_GATE_BLOCK ABTS setup=move_strike prior_bar_ticks=284 threshold=6000
[MOVE_SUB_B] [14:30:39] FIRESTORM_GATE_BLOCK ABTS setup=move_strike prior_bar_ticks=284 threshold=6000
[MOVE_SUB_B] [14:30:39] FIRESTORM_GATE_BLOCK ABTS setup=move_strike prior_bar_ticks=284 threshold=6000
[MOVE_SUB_B] [14:30:39] FIRESTORM_GATE_BLOCK ABTS setup=move_strike prior_bar_ticks=284 threshold=6000
[MOVE_SUB_B] [14:30:39] FIRESTORM_GATE_BLOCK ABTS setup=move_strike prior_bar_ticks=284 threshold=6000
[MOVE_SUB_B] [14:30:39] FIRESTORM_GATE_BLOCK ABTS setup=move_strike prior_bar_ticks=284 threshold=6000
[MOVE_SUB_B] [14:30:39] FIRESTORM_GATE_BLOCK ABTS setup=move_strike prior_bar_ticks=284 threshold=6000
[MOVE_SUB_B] [14:30:39] FIRESTORM_GATE_BLOCK ABTS setup=move_strike prior_bar_ticks=284 threshold=6000
[MOVE_SUB_B] [14:30:39] FIRESTORM_GATE_BLOCK ABTS setup=move_strike prior_bar_ticks=284 threshold=6000
[MOVE_SUB_B] [14:30:39] FIRESTORM_GATE_BLOCK ABTS setup=move_strike prior_bar_ticks=284 threshold=6000
[MOVE_SUB_B] [14:30:39] FIRESTORM_GATE_BLOCK ABTS setup=move_strike prior_bar_ticks=284 threshold=6000
[MOVE_SUB_B] [14:30:39] FIRESTORM_GATE_BLOCK ABTS setup=move_strike prior_bar_ticks=284 threshold=6000
[MOVE_SUB_B] [14:30:39] FIRESTORM_GATE_BLOCK ABTS setup=move_strike prior_bar_ticks=284 threshold=6000
[MOVE_SUB_B] [14:30:39] FIRESTORM_GATE_BLOCK ABTS setup=move_strike prior_bar_ticks=284 threshold=6000
[MOVE_SUB_B] [14:30:39] FIRESTORM_GATE_BLOCK ABTS setup=move_strike prior_bar_ticks=284 threshold=6000
[MOVE_SUB_B] [14:30:39] FIRESTORM_GATE_BLOCK ABTS setup=move_strike prior_bar_ticks=284 threshold=6000
[MOVE_SUB_B] [14:30:39] FIRESTORM_GATE_BLOCK ABTS setup=move_strike prior_bar_ticks=284 threshold=6000
[MOVE_SUB_B] [14:30:39] FIRESTORM_GATE_BLOCK ABTS setup=move_strike prior_bar_ticks=284 threshold=6000
[MOVE_SUB_B] [14:30:39] FIRESTORM_GATE_BLOCK ABTS setup=move_strike prior_bar_ticks=284 threshold=6000
[MOVE_SUB_B] [14:30:39] FIRESTORM_GATE_BLOCK ABTS setup=move_strike prior_bar_ticks=284 threshold=6000
[MOVE_SUB_B] [14:30:39] FIRESTORM_GATE_BLOCK ABTS setup=move_strike prior_bar_ticks=284 threshold=6000
[MOVE_SUB_B] [14:30:40] FIRESTORM_GATE_BLOCK ABTS setup=move_strike prior_bar_ticks=284 threshold=6000
[MOVE_SUB_B] [14:30:40] FIRESTORM_GATE_BLOCK ABTS setup=move_strike prior_bar_ticks=284 threshold=6000
[MOVE_SUB_B] [14:30:40] FIRESTORM_GATE_BLOCK ABTS setup=move_strike prior_bar_ticks=284 threshold=6000
[MOVE_SUB_B] [14:30:40] FIRESTORM_GATE_BLOCK ABTS setup=move_strike prior_bar_ticks=284 threshold=6000
[MOVE_SUB_B] [14:30:40] FIRESTORM_GATE_BLOCK ABTS setup=move_strike prior_bar_ticks=284 threshold=6000
[MOVE_SUB_B] [14:30:40] FIRESTORM_GATE_BLOCK ABTS setup=move_strike prior_bar_ticks=284 threshold=6000
[MOVE_SUB_B] [14:30:40] FIRESTORM_GATE_BLOCK ABTS setup=move_strike prior_bar_ticks=284 threshold=6000
[MOVE_SUB_B] [14:30:40] FIRESTORM_GATE_BLOCK ABTS setup=move_strike prior_bar_ticks=284 threshold=6000
[MOVE_SUB_B] [14:30:40] FIRESTORM_GATE_BLOCK ABTS setup=move_strike prior_bar_ticks=284 threshold=6000
[MOVE_SUB_B] [14:30:40] FIRESTORM_GATE_BLOCK ABTS setup=move_strike prior_bar_ticks=284 threshold=6000
[MOVE_SUB_B] [14:30:40] FIRESTORM_GATE_BLOCK ABTS setup=move_strike prior_bar_ticks=284 threshold=6000
[MOVE_SUB_B] [14:30:40] FIRESTORM_GATE_BLOCK ABTS setup=move_strike prior_bar_ticks=284 threshold=6000
[MOVE_SUB_B] [14:30:40] FIRESTORM_GATE_BLOCK ABTS setup=move_strike prior_bar_ticks=284 threshold=6000
[MOVE_SUB_B] [14:30:40] FIRESTORM_GATE_BLOCK ABTS setup=move_strike prior_bar_ticks=284 threshold=6000
[MOVE_SUB_B] [14:30:40] FIRESTORM_GATE_BLOCK ABTS setup=move_strike prior_bar_ticks=284 threshold=6000
[MOVE_SUB_B] [14:30:40] FIRESTORM_GATE_BLOCK ABTS setup=move_strike prior_bar_ticks=284 threshold=6000
[MOVE_SUB_B] [14:30:40] FIRESTORM_GATE_BLOCK ABTS setup=move_strike prior_bar_ticks=284 threshold=6000
[MOVE_SUB_B] [14:30:40] FIRESTORM_GATE_BLOCK ABTS setup=move_strike prior_bar_ticks=284 threshold=6000
[MOVE_SUB_B] [14:30:40] FIRESTORM_GATE_BLOCK ABTS setup=move_strike prior_bar_ticks=284 threshold=6000
[MOVE_SUB_B] [14:30:40] FIRESTORM_GATE_BLOCK ABTS setup=move_strike prior_bar_ticks=284 threshold=6000
[MOVE_SUB_B] [14:30:40] FIRESTORM_GATE_BLOCK ABTS setup=move_strike prior_bar_ticks=284 threshold=6000
[MOVE_SUB_B] [14:30:40] FIRESTORM_GATE_BLOCK ABTS setup=move_strike prior_bar_ticks=284 threshold=6000
[MOVE_SUB_B] [14:30:40] FIRESTORM_GATE_BLOCK ABTS setup=move_strike prior_bar_ticks=284 threshold=6000
[MOVE_SUB_B] [14:30:40] FIRESTORM_GATE_BLOCK ABTS setup=move_strike prior_bar_ticks=284 threshold=6000
[MOVE_SUB_B] [14:30:40] FIRESTORM_GATE_BLOCK ABTS setup=move_strike prior_bar_ticks=284 threshold=6000
[MOVE_SUB_B] [14:30:40] FIRESTORM_GATE_BLOCK ABTS setup=move_strike prior_bar_ticks=284 threshold=6000
[MOVE_SUB_B] [14:30:40] FIRESTORM_GATE_BLOCK ABTS setup=move_strike prior_bar_ticks=284 threshold=6000
[MOVE_SUB_B] [14:30:40] FIRESTORM_GATE_BLOCK ABTS setup=move_strike prior_bar_ticks=284 threshold=6000
[MOVE_SUB_B] [14:30:40] FIRESTORM_GATE_BLOCK ABTS setup=move_strike prior_bar_ticks=284 threshold=6000
[MOVE_SUB_B] [14:30:40] FIRESTORM_GATE_BLOCK ABTS setup=move_strike prior_bar_ticks=284 threshold=6000
[MOVE_SUB_B] [14:30:40] FIRESTORM_GATE_BLOCK ABTS setup=move_strike prior_bar_ticks=284 threshold=6000
[MOVE_SUB_B] [14:30:40] FIRESTORM_GATE_BLOCK ABTS setup=move_strike prior_bar_ticks=284 threshold=6000
[MOVE_SUB_B] [14:30:40] FIRESTORM_GATE_BLOCK ABTS setup=move_strike prior_bar_ticks=284 threshold=6000
[MOVE_SUB_B] [14:30:40] FIRESTORM_GATE_BLOCK ABTS setup=move_strike prior_bar_ticks=284 threshold=6000
[MOVE_SUB_B] [14:30:40] FIRESTORM_GATE_BLOCK ABTS setup=move_strike prior_bar_ticks=284 threshold=6000
[MOVE_SUB_B] [14:30:40] FIRESTORM_GATE_BLOCK ABTS setup=move_strike prior_bar_ticks=284 threshold=6000
[MOVE_SUB_B] [14:30:40] FIRESTORM_GATE_BLOCK ABTS setup=move_strike prior_bar_ticks=284 threshold=6000
[MOVE_SUB_B] [14:30:40] FIRESTORM_GATE_BLOCK ABTS setup=move_strike prior_bar_ticks=284 threshold=6000
[MOVE_SUB_B] [14:30:40] FIRESTORM_GATE_BLOCK ABTS setup=move_strike prior_bar_ticks=284 threshold=6000
[MOVE_SUB_B] [14:30:40] FIRESTORM_GATE_BLOCK ABTS setup=move_strike prior_bar_ticks=284 threshold=6000
[MOVE_SUB_B] [14:30:41] FIRESTORM_GATE_BLOCK ABTS setup=move_strike prior_bar_ticks=284 threshold=6000
[MOVE_SUB_B] [14:30:41] FIRESTORM_GATE_BLOCK ABTS setup=move_strike prior_bar_ticks=284 threshold=6000
[MOVE_SUB_B] [14:30:41] FIRESTORM_GATE_BLOCK ABTS setup=move_strike prior_bar_ticks=284 threshold=6000
[MOVE_SUB_B] [14:30:41] FIRESTORM_GATE_BLOCK ABTS setup=move_strike prior_bar_ticks=284 threshold=6000
[MOVE_SUB_B] [14:30:41] FIRESTORM_GATE_BLOCK ABTS setup=move_strike prior_bar_ticks=284 threshold=6000
[MOVE_SUB_B] [14:30:41] FIRESTORM_GATE_BLOCK ABTS setup=move_strike prior_bar_ticks=284 threshold=6000
[MOVE_SUB_B] [14:30:41] FIRESTORM_GATE_BLOCK ABTS setup=move_strike prior_bar_ticks=284 threshold=6000
[MOVE_SUB_B] [14:30:41] FIRESTORM_GATE_BLOCK ABTS setup=move_strike prior_bar_ticks=284 threshold=6000
[MOVE_SUB_B] [14:30:41] FIRESTORM_GATE_BLOCK ABTS setup=move_strike prior_bar_ticks=284 threshold=6000
[MOVE_SUB_B] [14:30:41] FIRESTORM_GATE_BLOCK ABTS setup=move_strike prior_bar_ticks=284 threshold=6000
[MOVE_SUB_B] [14:30:41] FIRESTORM_GATE_BLOCK ABTS setup=move_strike prior_bar_ticks=284 threshold=6000
[MOVE_SUB_B] [14:30:41] FIRESTORM_GATE_BLOCK ABTS setup=move_strike prior_bar_ticks=284 threshold=6000
[MOVE_SUB_B] [14:30:41] FIRESTORM_GATE_BLOCK ABTS setup=move_strike prior_bar_ticks=284 threshold=6000
[MOVE_SUB_B] [14:30:41] FIRESTORM_GATE_BLOCK ABTS setup=move_strike prior_bar_ticks=284 threshold=6000
[MOVE_SUB_B] [14:30:41] FIRESTORM_GATE_BLOCK ABTS setup=move_strike prior_bar_ticks=284 threshold=6000
[MOVE_SUB_B] [14:30:41] FIRESTORM_GATE_BLOCK ABTS setup=move_strike prior_bar_ticks=284 threshold=6000
[MOVE_SUB_B] [14:30:41] FIRESTORM_GATE_BLOCK ABTS setup=move_strike prior_bar_ticks=284 threshold=6000
[MOVE_SUB_B] [14:30:41] FIRESTORM_GATE_BLOCK ABTS setup=move_strike prior_bar_ticks=284 threshold=6000
[MOVE_SUB_B] [14:30:41] FIRESTORM_GATE_BLOCK ABTS setup=move_strike prior_bar_ticks=284 threshold=6000
[MOVE_SUB_B] [14:30:41] FIRESTORM_GATE_BLOCK ABTS setup=move_strike prior_bar_ticks=284 threshold=6000
[MOVE_SUB_B] [14:30:42] FIRESTORM_GATE_BLOCK ABTS setup=move_strike prior_bar_ticks=284 threshold=6000
[MOVE_SUB_B] [14:30:42] FIRESTORM_GATE_BLOCK ABTS setup=move_strike prior_bar_ticks=284 threshold=6000
[MOVE_SUB_B] [14:30:43] FIRESTORM_GATE_BLOCK ABTS setup=move_strike prior_bar_ticks=284 threshold=6000
[MOVE_SUB_B] [14:30:43] FIRESTORM_GATE_BLOCK ABTS setup=move_strike prior_bar_ticks=284 threshold=6000
[MOVE_SUB_B] [14:30:43] FIRESTORM_GATE_BLOCK ABTS setup=move_strike prior_bar_ticks=284 threshold=6000
[MOVE_SUB_B] [14:30:43] FIRESTORM_GATE_BLOCK ABTS setup=move_strike prior_bar_ticks=284 threshold=6000
[MOVE_SUB_B] [14:30:43] FIRESTORM_GATE_BLOCK ABTS setup=move_strike prior_bar_ticks=284 threshold=6000
[MOVE_SUB_B] [14:30:43] FIRESTORM_GATE_BLOCK ABTS setup=move_strike prior_bar_ticks=284 threshold=6000
[MOVE_SUB_B] [14:30:44] FIRESTORM_GATE_BLOCK ABTS setup=move_strike prior_bar_ticks=284 threshold=6000
[MOVE_SUB_B] [14:30:44] FIRESTORM_GATE_BLOCK ABTS setup=move_strike prior_bar_ticks=284 threshold=6000
[MOVE_SUB_B] [14:30:44] FIRESTORM_GATE_BLOCK ABTS setup=move_strike prior_bar_ticks=284 threshold=6000
[MOVE_SUB_B] [14:30:44] FIRESTORM_GATE_BLOCK ABTS setup=move_strike prior_bar_ticks=284 threshold=6000
[MOVE_SUB_B] [14:30:44] FIRESTORM_GATE_BLOCK ABTS setup=move_strike prior_bar_ticks=284 threshold=6000
[MOVE_SUB_B] [14:30:44] FIRESTORM_GATE_BLOCK ABTS setup=move_strike prior_bar_ticks=284 threshold=6000
[MOVE_SUB_B] [14:30:44] FIRESTORM_GATE_BLOCK ABTS setup=move_strike prior_bar_ticks=284 threshold=6000
[MOVE_SUB_B] [14:30:44] FIRESTORM_GATE_BLOCK ABTS setup=move_strike prior_bar_ticks=284 threshold=6000
[MOVE_SUB_B] [14:30:44] FIRESTORM_GATE_BLOCK ABTS setup=move_strike prior_bar_ticks=284 threshold=6000
[MOVE_SUB_B] [14:30:44] FIRESTORM_GATE_BLOCK ABTS setup=move_strike prior_bar_ticks=284 threshold=6000
[MOVE_SUB_B] [14:30:44] FIRESTORM_GATE_BLOCK ABTS setup=move_strike prior_bar_ticks=284 threshold=6000
[MOVE_SUB_B] [14:30:44] FIRESTORM_GATE_BLOCK ABTS setup=move_strike prior_bar_ticks=284 threshold=6000
[MOVE_SUB_B] [14:30:44] FIRESTORM_GATE_BLOCK ABTS setup=move_strike prior_bar_ticks=284 threshold=6000
[MOVE_SUB_B] [14:30:44] FIRESTORM_GATE_BLOCK ABTS setup=move_strike prior_bar_ticks=284 threshold=6000
[MOVE_SUB_B] [14:30:44] FIRESTORM_GATE_BLOCK ABTS setup=move_strike prior_bar_ticks=284 threshold=6000
[MOVE_SUB_B] [14:30:45] FIRESTORM_GATE_BLOCK ABTS setup=move_strike prior_bar_ticks=284 threshold=6000
[MOVE_SUB_B] [14:30:45] FIRESTORM_GATE_BLOCK ABTS setup=move_strike prior_bar_ticks=284 threshold=6000
[MOVE_SUB_B] [14:30:45] FIRESTORM_GATE_BLOCK ABTS setup=move_strike prior_bar_ticks=284 threshold=6000
[MOVE_SUB_B] [14:30:45] FIRESTORM_GATE_BLOCK ABTS setup=move_strike prior_bar_ticks=284 threshold=6000
[MOVE_SUB_B] [14:30:45] FIRESTORM_GATE_BLOCK ABTS setup=move_strike prior_bar_ticks=284 threshold=6000
[MOVE_SUB_B] [14:30:45] FIRESTORM_GATE_BLOCK ABTS setup=move_strike prior_bar_ticks=284 threshold=6000
[MOVE_SUB_B] [14:30:45] FIRESTORM_GATE_BLOCK ABTS setup=move_strike prior_bar_ticks=284 threshold=6000
[MOVE_SUB_B] [14:30:45] FIRESTORM_GATE_BLOCK ABTS setup=move_strike prior_bar_ticks=284 threshold=6000
[MOVE_SUB_B] [14:30:45] FIRESTORM_GATE_BLOCK ABTS setup=move_strike prior_bar_ticks=284 threshold=6000
[MOVE_SUB_B] [14:30:45] FIRESTORM_GATE_BLOCK ABTS setup=move_strike prior_bar_ticks=284 threshold=6000
[MOVE_SUB_B] [14:30:45] FIRESTORM_GATE_BLOCK ABTS setup=move_strike prior_bar_ticks=284 threshold=6000
[MOVE_SUB_B] [14:30:45] FIRESTORM_GATE_BLOCK ABTS setup=move_strike prior_bar_ticks=284 threshold=6000
[MOVE_SUB_B] [14:30:45] FIRESTORM_GATE_BLOCK ABTS setup=move_strike prior_bar_ticks=284 threshold=6000
[MOVE_SUB_B] [14:30:45] FIRESTORM_GATE_BLOCK ABTS setup=move_strike prior_bar_ticks=284 threshold=6000
[MOVE_SUB_B] [14:30:47] FIRESTORM_GATE_BLOCK ABTS setup=move_strike prior_bar_ticks=284 threshold=6000
[MOVE_SUB_B] [14:30:47] FIRESTORM_GATE_BLOCK ABTS setup=move_strike prior_bar_ticks=284 threshold=6000
[MOVE_SUB_B] [14:30:47] FIRESTORM_GATE_BLOCK ABTS setup=move_strike prior_bar_ticks=284 threshold=6000
[MOVE_SUB_B] [14:30:47] FIRESTORM_GATE_BLOCK ABTS setup=move_strike prior_bar_ticks=284 threshold=6000
[MOVE_SUB_B] [14:30:47] FIRESTORM_GATE_BLOCK ABTS setup=move_strike prior_bar_ticks=284 threshold=6000
[MOVE_SUB_B] [14:30:47] FIRESTORM_GATE_BLOCK ABTS setup=move_strike prior_bar_ticks=284 threshold=6000
[MOVE_SUB_B] [14:30:47] FIRESTORM_GATE_BLOCK ABTS setup=move_strike prior_bar_ticks=284 threshold=6000
[MOVE_SUB_B] [14:30:47] FIRESTORM_GATE_BLOCK ABTS setup=move_strike prior_bar_ticks=284 threshold=6000
[MOVE_SUB_B] [14:30:47] FIRESTORM_GATE_BLOCK ABTS setup=move_strike prior_bar_ticks=284 threshold=6000
[MOVE_SUB_B] [14:30:47] FIRESTORM_GATE_BLOCK ABTS setup=move_strike prior_bar_ticks=284 threshold=6000
[MOVE_SUB_B] [14:30:47] FIRESTORM_GATE_BLOCK ABTS setup=move_strike prior_bar_ticks=284 threshold=6000
[MOVE_SUB_B] [14:30:47] FIRESTORM_GATE_BLOCK ABTS setup=move_strike prior_bar_ticks=284 threshold=6000
[MOVE_SUB_B] [14:30:47] FIRESTORM_GATE_BLOCK ABTS setup=move_strike prior_bar_ticks=284 threshold=6000
[MOVE_SUB_B] [14:30:47] FIRESTORM_GATE_BLOCK ABTS setup=move_strike prior_bar_ticks=284 threshold=6000
[MOVE_SUB_B] [14:30:47] FIRESTORM_GATE_BLOCK ABTS setup=move_strike prior_bar_ticks=284 threshold=6000
[MOVE_SUB_B] [14:30:47] FIRESTORM_GATE_BLOCK ABTS setup=move_strike prior_bar_ticks=284 threshold=6000
[MOVE_SUB_B] [14:30:47] FIRESTORM_GATE_BLOCK ABTS setup=move_strike prior_bar_ticks=284 threshold=6000
[MOVE_SUB_B] [14:30:47] FIRESTORM_GATE_BLOCK ABTS setup=move_strike prior_bar_ticks=284 threshold=6000
[MOVE_SUB_B] [14:30:47] FIRESTORM_GATE_BLOCK ABTS setup=move_strike prior_bar_ticks=284 threshold=6000
[MOVE_SUB_B] [14:30:47] FIRESTORM_GATE_BLOCK ABTS setup=move_strike prior_bar_ticks=284 threshold=6000
[MOVE_SUB_B] [14:30:47] FIRESTORM_GATE_BLOCK ABTS setup=move_strike prior_bar_ticks=284 threshold=6000
[MOVE_SUB_B] [14:30:47] FIRESTORM_GATE_BLOCK ABTS setup=move_strike prior_bar_ticks=284 threshold=6000
[MOVE_SUB_B] [14:30:47] FIRESTORM_GATE_BLOCK ABTS setup=move_strike prior_bar_ticks=284 threshold=6000
[MOVE_SUB_B] [14:30:47] FIRESTORM_GATE_BLOCK ABTS setup=move_strike prior_bar_ticks=284 threshold=6000
[MOVE_SUB_B] [14:30:47] FIRESTORM_GATE_BLOCK ABTS setup=move_strike prior_bar_ticks=284 threshold=6000
[MOVE_SUB_B] [14:30:47] FIRESTORM_GATE_BLOCK ABTS setup=move_strike prior_bar_ticks=284 threshold=6000
[MOVE_SUB_B] [14:30:47] FIRESTORM_GATE_BLOCK ABTS setup=move_strike prior_bar_ticks=284 threshold=6000
[MOVE_SUB_B] [14:30:47] FIRESTORM_GATE_BLOCK ABTS setup=move_strike prior_bar_ticks=284 threshold=6000
[MOVE_SUB_B] [14:30:47] FIRESTORM_GATE_BLOCK ABTS setup=move_strike prior_bar_ticks=284 threshold=6000
[MOVE_SUB_B] [14:30:47] FIRESTORM_GATE_BLOCK ABTS setup=move_strike prior_bar_ticks=284 threshold=6000
[MOVE_SUB_B] [14:30:47] FIRESTORM_GATE_BLOCK ABTS setup=move_strike prior_bar_ticks=284 threshold=6000
[MOVE_SUB_B] [14:30:47] FIRESTORM_GATE_BLOCK ABTS setup=move_strike prior_bar_ticks=284 threshold=6000
[MOVE_SUB_B] [14:30:47] FIRESTORM_GATE_BLOCK ABTS setup=move_strike prior_bar_ticks=284 threshold=6000
[MOVE_SUB_B] [14:30:47] FIRESTORM_GATE_BLOCK ABTS setup=move_strike prior_bar_ticks=284 threshold=6000
[MOVE_SUB_B] [14:30:47] FIRESTORM_GATE_BLOCK ABTS setup=move_strike prior_bar_ticks=284 threshold=6000
[MOVE_SUB_B] [14:30:47] FIRESTORM_GATE_BLOCK ABTS setup=move_strike prior_bar_ticks=284 threshold=6000
[MOVE_SUB_B] [14:30:47] FIRESTORM_GATE_BLOCK ABTS setup=move_strike prior_bar_ticks=284 threshold=6000
[MOVE_SUB_B] [14:30:47] FIRESTORM_GATE_BLOCK ABTS setup=move_strike prior_bar_ticks=284 threshold=6000
[MOVE_SUB_B] [14:30:47] FIRESTORM_GATE_BLOCK ABTS setup=move_strike prior_bar_ticks=284 threshold=6000
[MOVE_SUB_B] [14:30:47] FIRESTORM_GATE_BLOCK ABTS setup=move_strike prior_bar_ticks=284 threshold=6000
[MOVE_SUB_B] [14:30:47] FIRESTORM_GATE_BLOCK ABTS setup=move_strike prior_bar_ticks=284 threshold=6000
[MOVE_SUB_B] [14:30:47] FIRESTORM_GATE_BLOCK ABTS setup=move_strike prior_bar_ticks=284 threshold=6000
[MOVE_SUB_B] [14:30:47] FIRESTORM_GATE_BLOCK ABTS setup=move_strike prior_bar_ticks=284 threshold=6000
[MOVE_SUB_B] [14:30:47] FIRESTORM_GATE_BLOCK ABTS setup=move_strike prior_bar_ticks=284 threshold=6000
[MOVE_SUB_B] [14:30:47] FIRESTORM_GATE_BLOCK ABTS setup=move_strike prior_bar_ticks=284 threshold=6000
[MOVE_SUB_B] [14:30:47] FIRESTORM_GATE_BLOCK ABTS setup=move_strike prior_bar_ticks=284 threshold=6000
[MOVE_SUB_B] [14:30:47] FIRESTORM_GATE_BLOCK ABTS setup=move_strike prior_bar_ticks=284 threshold=6000
[MOVE_SUB_B] [14:30:47] FIRESTORM_GATE_BLOCK ABTS setup=move_strike prior_bar_ticks=284 threshold=6000
[MOVE_SUB_B] [14:30:47] FIRESTORM_GATE_BLOCK ABTS setup=move_strike prior_bar_ticks=284 threshold=6000
[MOVE_SUB_B] [14:30:47] FIRESTORM_GATE_BLOCK ABTS setup=move_strike prior_bar_ticks=284 threshold=6000
[MOVE_SUB_B] [14:30:47] FIRESTORM_GATE_BLOCK ABTS setup=move_strike prior_bar_ticks=284 threshold=6000
[MOVE_SUB_B] [14:30:47] FIRESTORM_GATE_BLOCK ABTS setup=move_strike prior_bar_ticks=284 threshold=6000
[MOVE_SUB_B] [14:30:47] FIRESTORM_GATE_BLOCK ABTS setup=move_strike prior_bar_ticks=284 threshold=6000
[MOVE_SUB_B] [14:30:47] FIRESTORM_GATE_BLOCK ABTS setup=move_strike prior_bar_ticks=284 threshold=6000
[MOVE_SUB_B] [14:30:48] FIRESTORM_GATE_BLOCK ABTS setup=move_strike prior_bar_ticks=284 threshold=6000
[MOVE_SUB_B] [14:30:48] FIRESTORM_GATE_BLOCK ABTS setup=move_strike prior_bar_ticks=284 threshold=6000
[MOVE_SUB_B] [14:30:48] FIRESTORM_GATE_BLOCK ABTS setup=move_strike prior_bar_ticks=284 threshold=6000
[MOVE_SUB_B] [14:30:48] FIRESTORM_GATE_BLOCK ABTS setup=move_strike prior_bar_ticks=284 threshold=6000
[MOVE_SUB_B] [14:30:48] FIRESTORM_GATE_BLOCK ABTS setup=move_strike prior_bar_ticks=284 threshold=6000
[MOVE_SUB_B] [14:30:48] FIRESTORM_GATE_BLOCK ABTS setup=move_strike prior_bar_ticks=284 threshold=6000
[MOVE_SUB_B] [14:30:48] FIRESTORM_GATE_BLOCK ABTS setup=move_strike prior_bar_ticks=284 threshold=6000
[MOVE_SUB_B] [14:30:48] FIRESTORM_GATE_BLOCK ABTS setup=move_strike prior_bar_ticks=284 threshold=6000
[MOVE_SUB_B] [14:30:48] FIRESTORM_GATE_BLOCK ABTS setup=move_strike prior_bar_ticks=284 threshold=6000
[MOVE_SUB_B] [14:30:48] FIRESTORM_GATE_BLOCK ABTS setup=move_strike prior_bar_ticks=284 threshold=6000
[MOVE_SUB_B] [14:30:48] FIRESTORM_GATE_BLOCK ABTS setup=move_strike prior_bar_ticks=284 threshold=6000
[MOVE_SUB_B] [14:30:48] FIRESTORM_GATE_BLOCK ABTS setup=move_strike prior_bar_ticks=284 threshold=6000
[MOVE_SUB_B] [14:30:48] FIRESTORM_GATE_BLOCK ABTS setup=move_strike prior_bar_ticks=284 threshold=6000
[MOVE_SUB_B] [14:30:48] FIRESTORM_GATE_BLOCK ABTS setup=move_strike prior_bar_ticks=284 threshold=6000
[MOVE_SUB_B] [14:30:48] FIRESTORM_GATE_BLOCK ABTS setup=move_strike prior_bar_ticks=284 threshold=6000
[MOVE_SUB_B] [14:30:48] FIRESTORM_GATE_BLOCK ABTS setup=move_strike prior_bar_ticks=284 threshold=6000
[MOVE_SUB_B] [14:30:48] FIRESTORM_GATE_BLOCK ABTS setup=move_strike prior_bar_ticks=284 threshold=6000
[MOVE_SUB_B] [14:30:48] FIRESTORM_GATE_BLOCK ABTS setup=move_strike prior_bar_ticks=284 threshold=6000
[MOVE_SUB_B] [14:30:48] FIRESTORM_GATE_BLOCK ABTS setup=move_strike prior_bar_ticks=284 threshold=6000
[MOVE_SUB_B] [14:30:49] FIRESTORM_GATE_BLOCK ABTS setup=move_strike prior_bar_ticks=284 threshold=6000
[MOVE_SUB_B] [14:30:49] FIRESTORM_GATE_BLOCK ABTS setup=move_strike prior_bar_ticks=284 threshold=6000
[MOVE_SUB_B] [14:30:49] FIRESTORM_GATE_BLOCK ABTS setup=move_strike prior_bar_ticks=284 threshold=6000
[MOVE_SUB_B] [14:30:49] FIRESTORM_GATE_BLOCK ABTS setup=move_strike prior_bar_ticks=284 threshold=6000
[MOVE_SUB_B] [14:30:49] FIRESTORM_GATE_BLOCK ABTS setup=move_strike prior_bar_ticks=284 threshold=6000
[MOVE_SUB_B] [14:30:49] FIRESTORM_GATE_BLOCK ABTS setup=move_strike prior_bar_ticks=284 threshold=6000
[MOVE_SUB_B] [14:30:49] FIRESTORM_GATE_BLOCK ABTS setup=move_strike prior_bar_ticks=284 threshold=6000
[MOVE_SUB_B] [14:30:49] FIRESTORM_GATE_BLOCK ABTS setup=move_strike prior_bar_ticks=284 threshold=6000
[MOVE_SUB_B] [14:30:49] FIRESTORM_GATE_BLOCK ABTS setup=move_strike prior_bar_ticks=284 threshold=6000
[MOVE_SUB_B] [14:30:49] FIRESTORM_GATE_BLOCK ABTS setup=move_strike prior_bar_ticks=284 threshold=6000
[MOVE_SUB_B] [14:30:49] FIRESTORM_GATE_BLOCK ABTS setup=move_strike prior_bar_ticks=284 threshold=6000
[MOVE_SUB_B] [14:30:49] FIRESTORM_GATE_BLOCK ABTS setup=move_strike prior_bar_ticks=284 threshold=6000
[MOVE_SUB_B] [14:30:49] FIRESTORM_GATE_BLOCK ABTS setup=move_strike prior_bar_ticks=284 threshold=6000
[MOVE_SUB_B] [14:30:49] FIRESTORM_GATE_BLOCK ABTS setup=move_strike prior_bar_ticks=284 threshold=6000
[MOVE_SUB_B] [14:30:49] FIRESTORM_GATE_BLOCK ABTS setup=move_strike prior_bar_ticks=284 threshold=6000
[MOVE_SUB_B] [14:30:49] FIRESTORM_GATE_BLOCK ABTS setup=move_strike prior_bar_ticks=284 threshold=6000
[MOVE_SUB_B] [14:30:49] FIRESTORM_GATE_BLOCK ABTS setup=move_strike prior_bar_ticks=284 threshold=6000
[MOVE_SUB_B] [14:30:49] FIRESTORM_GATE_BLOCK ABTS setup=move_strike prior_bar_ticks=284 threshold=6000
[MOVE_SUB_B] [14:30:49] FIRESTORM_GATE_BLOCK ABTS setup=move_strike prior_bar_ticks=284 threshold=6000
[MOVE_SUB_B] [14:30:49] FIRESTORM_GATE_BLOCK ABTS setup=move_strike prior_bar_ticks=284 threshold=6000
[MOVE_SUB_B] [14:30:49] FIRESTORM_GATE_BLOCK ABTS setup=move_strike prior_bar_ticks=284 threshold=6000
[MOVE_SUB_B] [14:30:49] FIRESTORM_GATE_BLOCK ABTS setup=move_strike prior_bar_ticks=284 threshold=6000
[MOVE_SUB_B] [14:30:49] FIRESTORM_GATE_BLOCK ABTS setup=move_strike prior_bar_ticks=284 threshold=6000
[MOVE_SUB_B] [14:30:49] FIRESTORM_GATE_BLOCK ABTS setup=move_strike prior_bar_ticks=284 threshold=6000
[MOVE_SUB_B] [14:30:49] FIRESTORM_GATE_BLOCK ABTS setup=move_strike prior_bar_ticks=284 threshold=6000
[MOVE_SUB_B] [14:30:49] FIRESTORM_GATE_BLOCK ABTS setup=move_strike prior_bar_ticks=284 threshold=6000
[MOVE_SUB_B] [14:30:49] FIRESTORM_GATE_BLOCK ABTS setup=move_strike prior_bar_ticks=284 threshold=6000
[MOVE_SUB_B] [14:30:50] FIRESTORM_GATE_BLOCK ABTS setup=move_strike prior_bar_ticks=284 threshold=6000
[MOVE_SUB_B] [14:30:50] FIRESTORM_GATE_BLOCK ABTS setup=move_strike prior_bar_ticks=284 threshold=6000
[MOVE_SUB_B] [14:30:50] FIRESTORM_GATE_BLOCK ABTS setup=move_strike prior_bar_ticks=284 threshold=6000
[MOVE_SUB_B] [14:30:50] FIRESTORM_GATE_BLOCK ABTS setup=move_strike prior_bar_ticks=284 threshold=6000
[MOVE_SUB_B] [14:30:50] FIRESTORM_GATE_BLOCK ABTS setup=move_strike prior_bar_ticks=284 threshold=6000
[MOVE_SUB_B] [14:30:50] FIRESTORM_GATE_BLOCK ABTS setup=move_strike prior_bar_ticks=284 threshold=6000
[MOVE_SUB_B] [14:30:50] FIRESTORM_GATE_BLOCK ABTS setup=move_strike prior_bar_ticks=284 threshold=6000
[MOVE_SUB_B] [14:30:50] FIRESTORM_GATE_BLOCK ABTS setup=move_strike prior_bar_ticks=284 threshold=6000
[MOVE_SUB_B] [14:30:50] FIRESTORM_GATE_BLOCK ABTS setup=move_strike prior_bar_ticks=284 threshold=6000
[MOVE_SUB_B] [14:30:50] FIRESTORM_GATE_BLOCK ABTS setup=move_strike prior_bar_ticks=284 threshold=6000
[MOVE_SUB_B] [14:30:50] FIRESTORM_GATE_BLOCK ABTS setup=move_strike prior_bar_ticks=284 threshold=6000
[MOVE_SUB_B] [14:30:50] FIRESTORM_GATE_BLOCK ABTS setup=move_strike prior_bar_ticks=284 threshold=6000
[MOVE_SUB_B] [14:30:50] FIRESTORM_GATE_BLOCK ABTS setup=move_strike prior_bar_ticks=284 threshold=6000
[MOVE_SUB_B] [14:30:50] FIRESTORM_GATE_BLOCK ABTS setup=move_strike prior_bar_ticks=284 threshold=6000
[MOVE_SUB_B] [14:30:50] FIRESTORM_GATE_BLOCK ABTS setup=move_strike prior_bar_ticks=284 threshold=6000
[MOVE_SUB_B] [14:30:50] FIRESTORM_GATE_BLOCK ABTS setup=move_strike prior_bar_ticks=284 threshold=6000
[MOVE_SUB_B] [14:30:51] FIRESTORM_GATE_BLOCK ABTS setup=move_strike prior_bar_ticks=284 threshold=6000
[MOVE_SUB_B] [14:30:51] FIRESTORM_GATE_BLOCK ABTS setup=move_strike prior_bar_ticks=284 threshold=6000
[MOVE_SUB_B] [14:30:51] FIRESTORM_GATE_BLOCK ABTS setup=move_strike prior_bar_ticks=284 threshold=6000
[MOVE_SUB_B] [14:30:51] FIRESTORM_GATE_BLOCK ABTS setup=move_strike prior_bar_ticks=284 threshold=6000
[MOVE_SUB_B] [14:30:51] FIRESTORM_GATE_BLOCK ABTS setup=move_strike prior_bar_ticks=284 threshold=6000
[MOVE_SUB_B] [14:30:51] FIRESTORM_GATE_BLOCK ABTS setup=move_strike prior_bar_ticks=284 threshold=6000
[MOVE_SUB_B] [14:30:51] FIRESTORM_GATE_BLOCK ABTS setup=move_strike prior_bar_ticks=284 threshold=6000
[MOVE_SUB_B] [14:30:51] FIRESTORM_GATE_BLOCK ABTS setup=move_strike prior_bar_ticks=284 threshold=6000
[MOVE_SUB_B] [14:30:51] FIRESTORM_GATE_BLOCK ABTS setup=move_strike prior_bar_ticks=284 threshold=6000
[MOVE_SUB_B] [14:30:51] FIRESTORM_GATE_BLOCK ABTS setup=move_strike prior_bar_ticks=284 threshold=6000
[MOVE_SUB_B] [14:30:51] FIRESTORM_GATE_BLOCK ABTS setup=move_strike prior_bar_ticks=284 threshold=6000
[MOVE_SUB_B] [14:30:51] FIRESTORM_GATE_BLOCK ABTS setup=move_strike prior_bar_ticks=284 threshold=6000
[MOVE_SUB_B] [14:30:51] FIRESTORM_GATE_BLOCK ABTS setup=move_strike prior_bar_ticks=284 threshold=6000
[MOVE_SUB_B] [14:30:51] FIRESTORM_GATE_BLOCK ABTS setup=move_strike prior_bar_ticks=284 threshold=6000
[MOVE_SUB_B] [14:30:51] FIRESTORM_GATE_BLOCK ABTS setup=move_strike prior_bar_ticks=284 threshold=6000
[MOVE_SUB_B] [14:30:51] FIRESTORM_GATE_BLOCK ABTS setup=move_strike prior_bar_ticks=284 threshold=6000
[MOVE_SUB_B] [14:30:51] FIRESTORM_GATE_BLOCK ABTS setup=move_strike prior_bar_ticks=284 threshold=6000
[MOVE_SUB_B] [14:30:51] FIRESTORM_GATE_BLOCK ABTS setup=move_strike prior_bar_ticks=284 threshold=6000
[MOVE_SUB_B] [14:30:51] FIRESTORM_GATE_BLOCK ABTS setup=move_strike prior_bar_ticks=284 threshold=6000
[MOVE_SUB_B] [14:30:51] FIRESTORM_GATE_BLOCK ABTS setup=move_strike prior_bar_ticks=284 threshold=6000
[MOVE_SUB_B] [14:30:51] FIRESTORM_GATE_BLOCK ABTS setup=move_strike prior_bar_ticks=284 threshold=6000
[MOVE_SUB_B] [14:30:51] FIRESTORM_GATE_BLOCK ABTS setup=move_strike prior_bar_ticks=284 threshold=6000
[MOVE_SUB_B] [14:30:51] FIRESTORM_GATE_BLOCK ABTS setup=move_strike prior_bar_ticks=284 threshold=6000
[MOVE_SUB_B] [14:30:51] FIRESTORM_GATE_BLOCK ABTS setup=move_strike prior_bar_ticks=284 threshold=6000
[MOVE_SUB_B] [14:30:51] FIRESTORM_GATE_BLOCK ABTS setup=move_strike prior_bar_ticks=284 threshold=6000
[MOVE_SUB_B] [14:30:51] FIRESTORM_GATE_BLOCK ABTS setup=move_strike prior_bar_ticks=284 threshold=6000
[MOVE_SUB_B] [14:30:51] FIRESTORM_GATE_BLOCK ABTS setup=move_strike prior_bar_ticks=284 threshold=6000
[MOVE_SUB_B] [14:30:51] FIRESTORM_GATE_BLOCK ABTS setup=move_strike prior_bar_ticks=284 threshold=6000
[MOVE_SUB_B] [14:30:51] FIRESTORM_GATE_BLOCK ABTS setup=move_strike prior_bar_ticks=284 threshold=6000
[MOVE_SUB_B] [14:30:51] FIRESTORM_GATE_BLOCK ABTS setup=move_strike prior_bar_ticks=284 threshold=6000
[MOVE_SUB_B] [14:30:51] FIRESTORM_GATE_BLOCK ABTS setup=move_strike prior_bar_ticks=284 threshold=6000
[MOVE_SUB_B] [14:30:51] FIRESTORM_GATE_BLOCK ABTS setup=move_strike prior_bar_ticks=284 threshold=6000
[MOVE_SUB_B] [14:30:52] FIRESTORM_GATE_BLOCK ABTS setup=move_strike prior_bar_ticks=284 threshold=6000
[MOVE_SUB_B] [14:30:52] FIRESTORM_GATE_BLOCK ABTS setup=move_strike prior_bar_ticks=284 threshold=6000
[MOVE_SUB_B] [14:30:52] FIRESTORM_GATE_BLOCK ABTS setup=move_strike prior_bar_ticks=284 threshold=6000
[MOVE_SUB_B] [14:30:52] FIRESTORM_GATE_BLOCK ABTS setup=move_strike prior_bar_ticks=284 threshold=6000
[MOVE_SUB_B] [14:30:52] FIRESTORM_GATE_BLOCK ABTS setup=move_strike prior_bar_ticks=284 threshold=6000
[MOVE_SUB_B] [14:30:52] FIRESTORM_GATE_BLOCK ABTS setup=move_strike prior_bar_ticks=284 threshold=6000
[MOVE_SUB_B] [14:30:52] FIRESTORM_GATE_BLOCK ABTS setup=move_strike prior_bar_ticks=284 threshold=6000
[MOVE_SUB_B] [14:30:52] FIRESTORM_GATE_BLOCK ABTS setup=move_strike prior_bar_ticks=284 threshold=6000
[MOVE_SUB_B] [14:30:52] FIRESTORM_GATE_BLOCK ABTS setup=move_strike prior_bar_ticks=284 threshold=6000
[MOVE_SUB_B] [14:30:52] FIRESTORM_GATE_BLOCK ABTS setup=move_strike prior_bar_ticks=284 threshold=6000
[MOVE_SUB_B] [14:30:52] FIRESTORM_GATE_BLOCK ABTS setup=move_strike prior_bar_ticks=284 threshold=6000
[MOVE_SUB_B] [14:30:52] FIRESTORM_GATE_BLOCK ABTS setup=move_strike prior_bar_ticks=284 threshold=6000
[MOVE_SUB_B] [14:30:52] FIRESTORM_GATE_BLOCK ABTS setup=move_strike prior_bar_ticks=284 threshold=6000
[MOVE_SUB_B] [14:30:52] FIRESTORM_GATE_BLOCK ABTS setup=move_strike prior_bar_ticks=284 threshold=6000
[MOVE_SUB_B] [14:30:52] FIRESTORM_GATE_BLOCK ABTS setup=move_strike prior_bar_ticks=284 threshold=6000
[MOVE_SUB_B] [14:30:52] FIRESTORM_GATE_BLOCK ABTS setup=move_strike prior_bar_ticks=284 threshold=6000
[MOVE_SUB_B] [14:30:52] FIRESTORM_GATE_BLOCK ABTS setup=move_strike prior_bar_ticks=284 threshold=6000
[MOVE_SUB_B] [14:30:52] FIRESTORM_GATE_BLOCK ABTS setup=move_strike prior_bar_ticks=284 threshold=6000
[MOVE_SUB_B] [14:30:52] FIRESTORM_GATE_BLOCK ABTS setup=move_strike prior_bar_ticks=284 threshold=6000
[MOVE_SUB_B] [14:30:52] FIRESTORM_GATE_BLOCK ABTS setup=move_strike prior_bar_ticks=284 threshold=6000
[MOVE_SUB_B] [14:30:52] FIRESTORM_GATE_BLOCK ABTS setup=move_strike prior_bar_ticks=284 threshold=6000
[MOVE_SUB_B] [14:30:52] FIRESTORM_GATE_BLOCK ABTS setup=move_strike prior_bar_ticks=284 threshold=6000
[MOVE_SUB_B] [14:30:52] FIRESTORM_GATE_BLOCK ABTS setup=move_strike prior_bar_ticks=284 threshold=6000
[MOVE_SUB_B] [14:30:52] FIRESTORM_GATE_BLOCK ABTS setup=move_strike prior_bar_ticks=284 threshold=6000
[MOVE_SUB_B] [14:30:52] FIRESTORM_GATE_BLOCK ABTS setup=move_strike prior_bar_ticks=284 threshold=6000
[MOVE_SUB_B] [14:30:52] FIRESTORM_GATE_BLOCK ABTS setup=move_strike prior_bar_ticks=284 threshold=6000
[MOVE_SUB_B] [14:30:52] FIRESTORM_GATE_BLOCK ABTS setup=move_strike prior_bar_ticks=284 threshold=6000
[MOVE_SUB_B] [14:30:52] FIRESTORM_GATE_BLOCK ABTS setup=move_strike prior_bar_ticks=284 threshold=6000
[MOVE_SUB_B] [14:30:52] FIRESTORM_GATE_BLOCK ABTS setup=move_strike prior_bar_ticks=284 threshold=6000
[MOVE_SUB_B] [14:30:52] FIRESTORM_GATE_BLOCK ABTS setup=move_strike prior_bar_ticks=284 threshold=6000
[MOVE_SUB_B] [14:30:52] FIRESTORM_GATE_BLOCK ABTS setup=move_strike prior_bar_ticks=284 threshold=6000
[MOVE_SUB_B] [14:30:52] FIRESTORM_GATE_BLOCK ABTS setup=move_strike prior_bar_ticks=284 threshold=6000
[MOVE_SUB_B] [14:30:52] FIRESTORM_GATE_BLOCK ABTS setup=move_strike prior_bar_ticks=284 threshold=6000
[MOVE_SUB_B] [14:30:52] FIRESTORM_GATE_BLOCK ABTS setup=move_strike prior_bar_ticks=284 threshold=6000
[MOVE_SUB_B] [14:30:52] FIRESTORM_GATE_BLOCK ABTS setup=move_strike prior_bar_ticks=284 threshold=6000
[MOVE_SUB_B] [14:30:52] FIRESTORM_GATE_BLOCK ABTS setup=move_strike prior_bar_ticks=284 threshold=6000
[MOVE_SUB_B] [14:30:52] FIRESTORM_GATE_BLOCK ABTS setup=move_strike prior_bar_ticks=284 threshold=6000
[MOVE_SUB_B] [14:30:52] FIRESTORM_GATE_BLOCK ABTS setup=move_strike prior_bar_ticks=284 threshold=6000
[MOVE_SUB_B] [14:30:52] FIRESTORM_GATE_BLOCK ABTS setup=move_strike prior_bar_ticks=284 threshold=6000
[MOVE_SUB_B] [14:30:52] FIRESTORM_GATE_BLOCK ABTS setup=move_strike prior_bar_ticks=284 threshold=6000
[MOVE_SUB_B] [14:30:52] FIRESTORM_GATE_BLOCK ABTS setup=move_strike prior_bar_ticks=284 threshold=6000
[MOVE_SUB_B] [14:30:52] FIRESTORM_GATE_BLOCK ABTS setup=move_strike prior_bar_ticks=284 threshold=6000
[MOVE_SUB_B] [14:30:52] FIRESTORM_GATE_BLOCK ABTS setup=move_strike prior_bar_ticks=284 threshold=6000
[MOVE_SUB_B] [14:30:52] FIRESTORM_GATE_BLOCK ABTS setup=move_strike prior_bar_ticks=284 threshold=6000
[MOVE_SUB_B] [14:30:52] FIRESTORM_GATE_BLOCK ABTS setup=move_strike prior_bar_ticks=284 threshold=6000
[MOVE_SUB_B] [14:30:52] FIRESTORM_GATE_BLOCK ABTS setup=move_strike prior_bar_ticks=284 threshold=6000
[MOVE_SUB_B] [14:30:52] FIRESTORM_GATE_BLOCK ABTS setup=move_strike prior_bar_ticks=284 threshold=6000
[MOVE_SUB_B] [14:30:52] FIRESTORM_GATE_BLOCK ABTS setup=move_strike prior_bar_ticks=284 threshold=6000
[MOVE_SUB_B] [14:30:52] FIRESTORM_GATE_BLOCK ABTS setup=move_strike prior_bar_ticks=284 threshold=6000
[MOVE_SUB_B] [14:30:52] FIRESTORM_GATE_BLOCK ABTS setup=move_strike prior_bar_ticks=284 threshold=6000
[MOVE_SUB_B] [14:30:52] FIRESTORM_GATE_BLOCK ABTS setup=move_strike prior_bar_ticks=284 threshold=6000
[MOVE_SUB_B] [14:30:52] FIRESTORM_GATE_BLOCK ABTS setup=move_strike prior_bar_ticks=284 threshold=6000
[MOVE_SUB_B] [14:30:52] FIRESTORM_GATE_BLOCK ABTS setup=move_strike prior_bar_ticks=284 threshold=6000
[MOVE_SUB_B] [14:30:52] FIRESTORM_GATE_BLOCK ABTS setup=move_strike prior_bar_ticks=284 threshold=6000
[MOVE_SUB_B] [14:30:52] FIRESTORM_GATE_BLOCK ABTS setup=move_strike prior_bar_ticks=284 threshold=6000
[MOVE_SUB_B] [14:30:52] FIRESTORM_GATE_BLOCK ABTS setup=move_strike prior_bar_ticks=284 threshold=6000
[MOVE_SUB_B] [14:30:52] FIRESTORM_GATE_BLOCK ABTS setup=move_strike prior_bar_ticks=284 threshold=6000
[MOVE_SUB_B] [14:30:52] FIRESTORM_GATE_BLOCK ABTS setup=move_strike prior_bar_ticks=284 threshold=6000
[MOVE_SUB_B] [14:30:52] FIRESTORM_GATE_BLOCK ABTS setup=move_strike prior_bar_ticks=284 threshold=6000
[MOVE_SUB_B] [14:30:52] FIRESTORM_GATE_BLOCK ABTS setup=move_strike prior_bar_ticks=284 threshold=6000
[MOVE_SUB_B] [14:30:52] FIRESTORM_GATE_BLOCK ABTS setup=move_strike prior_bar_ticks=284 threshold=6000
[MOVE_SUB_B] [14:30:52] FIRESTORM_GATE_BLOCK ABTS setup=move_strike prior_bar_ticks=284 threshold=6000
[MOVE_SUB_B] [14:30:52] FIRESTORM_GATE_BLOCK ABTS setup=move_strike prior_bar_ticks=284 threshold=6000
[MOVE_SUB_B] [14:30:52] FIRESTORM_GATE_BLOCK ABTS setup=move_strike prior_bar_ticks=284 threshold=6000
[MOVE_SUB_B] [14:30:52] FIRESTORM_GATE_BLOCK ABTS setup=move_strike prior_bar_ticks=284 threshold=6000
[MOVE_SUB_B] [14:30:52] FIRESTORM_GATE_BLOCK ABTS setup=move_strike prior_bar_ticks=284 threshold=6000
[MOVE_SUB_B] [14:30:52] FIRESTORM_GATE_BLOCK ABTS setup=move_strike prior_bar_ticks=284 threshold=6000
[MOVE_SUB_B] [14:30:52] FIRESTORM_GATE_BLOCK ABTS setup=move_strike prior_bar_ticks=284 threshold=6000
[MOVE_SUB_B] [14:30:52] FIRESTORM_GATE_BLOCK ABTS setup=move_strike prior_bar_ticks=284 threshold=6000
[MOVE_SUB_B] [14:30:52] FIRESTORM_GATE_BLOCK ABTS setup=move_strike prior_bar_ticks=284 threshold=6000
[MOVE_SUB_B] [14:30:52] FIRESTORM_GATE_BLOCK ABTS setup=move_strike prior_bar_ticks=284 threshold=6000
[MOVE_SUB_B] [14:30:52] FIRESTORM_GATE_BLOCK ABTS setup=move_strike prior_bar_ticks=284 threshold=6000
[MOVE_SUB_B] [14:30:52] FIRESTORM_GATE_BLOCK ABTS setup=move_strike prior_bar_ticks=284 threshold=6000
[MOVE_SUB_B] [14:30:52] FIRESTORM_GATE_BLOCK ABTS setup=move_strike prior_bar_ticks=284 threshold=6000
[MOVE_SUB_B] [14:30:52] FIRESTORM_GATE_BLOCK ABTS setup=move_strike prior_bar_ticks=284 threshold=6000
[MOVE_SUB_B] [14:30:52] FIRESTORM_GATE_BLOCK ABTS setup=move_strike prior_bar_ticks=284 threshold=6000
[MOVE_SUB_B] [14:30:52] FIRESTORM_GATE_BLOCK ABTS setup=move_strike prior_bar_ticks=284 threshold=6000
[MOVE_SUB_B] [14:30:52] FIRESTORM_GATE_BLOCK ABTS setup=move_strike prior_bar_ticks=284 threshold=6000
[MOVE_SUB_B] [14:30:52] FIRESTORM_GATE_BLOCK ABTS setup=move_strike prior_bar_ticks=284 threshold=6000
[MOVE_SUB_B] [14:30:52] FIRESTORM_GATE_BLOCK ABTS setup=move_strike prior_bar_ticks=284 threshold=6000
[MOVE_SUB_B] [14:30:52] FIRESTORM_GATE_BLOCK ABTS setup=move_strike prior_bar_ticks=284 threshold=6000
[MOVE_SUB_B] [14:30:52] FIRESTORM_GATE_BLOCK ABTS setup=move_strike prior_bar_ticks=284 threshold=6000
[MOVE_SUB_B] [14:30:52] FIRESTORM_GATE_BLOCK ABTS setup=move_strike prior_bar_ticks=284 threshold=6000
[MOVE_SUB_B] [14:30:52] FIRESTORM_GATE_BLOCK ABTS setup=move_strike prior_bar_ticks=284 threshold=6000
[MOVE_SUB_B] [14:30:52] FIRESTORM_GATE_BLOCK ABTS setup=move_strike prior_bar_ticks=284 threshold=6000
[MOVE_SUB_B] [14:30:52] FIRESTORM_GATE_BLOCK ABTS setup=move_strike prior_bar_ticks=284 threshold=6000
[MOVE_SUB_B] [14:30:52] FIRESTORM_GATE_BLOCK ABTS setup=move_strike prior_bar_ticks=284 threshold=6000
[MOVE_SUB_B] [14:30:52] FIRESTORM_GATE_BLOCK ABTS setup=move_strike prior_bar_ticks=284 threshold=6000
[MOVE_SUB_B] [14:30:52] FIRESTORM_GATE_BLOCK ABTS setup=move_strike prior_bar_ticks=284 threshold=6000
[MOVE_SUB_B] [14:30:52] FIRESTORM_GATE_BLOCK ABTS setup=move_strike prior_bar_ticks=284 threshold=6000
[MOVE_SUB_B] [14:30:52] FIRESTORM_GATE_BLOCK ABTS setup=move_strike prior_bar_ticks=284 threshold=6000
[MOVE_SUB_B] [14:30:52] FIRESTORM_GATE_BLOCK ABTS setup=move_strike prior_bar_ticks=284 threshold=6000
[MOVE_SUB_B] [14:30:52] FIRESTORM_GATE_BLOCK ABTS setup=move_strike prior_bar_ticks=284 threshold=6000
[MOVE_SUB_B] [14:30:52] FIRESTORM_GATE_BLOCK ABTS setup=move_strike prior_bar_ticks=284 threshold=6000
[MOVE_SUB_B] [14:30:52] FIRESTORM_GATE_BLOCK ABTS setup=move_strike prior_bar_ticks=284 threshold=6000
[MOVE_SUB_B] [14:30:52] FIRESTORM_GATE_BLOCK ABTS setup=move_strike prior_bar_ticks=284 threshold=6000
[MOVE_SUB_B] [14:30:52] FIRESTORM_GATE_BLOCK ABTS setup=move_strike prior_bar_ticks=284 threshold=6000
[MOVE_SUB_B] [14:30:52] FIRESTORM_GATE_BLOCK ABTS setup=move_strike prior_bar_ticks=284 threshold=6000
[MOVE_SUB_B] [14:30:52] FIRESTORM_GATE_BLOCK ABTS setup=move_strike prior_bar_ticks=284 threshold=6000
[MOVE_SUB_B] [14:30:52] FIRESTORM_GATE_BLOCK ABTS setup=move_strike prior_bar_ticks=284 threshold=6000
[MOVE_SUB_B] [14:30:52] FIRESTORM_GATE_BLOCK ABTS setup=move_strike prior_bar_ticks=284 threshold=6000
[MOVE_SUB_B] [14:30:52] FIRESTORM_GATE_BLOCK ABTS setup=move_strike prior_bar_ticks=284 threshold=6000
[MOVE_SUB_B] [14:30:52] FIRESTORM_GATE_BLOCK ABTS setup=move_strike prior_bar_ticks=284 threshold=6000
[MOVE_SUB_B] [14:30:52] FIRESTORM_GATE_BLOCK ABTS setup=move_strike prior_bar_ticks=284 threshold=6000
[MOVE_SUB_B] [14:30:52] FIRESTORM_GATE_BLOCK ABTS setup=move_strike prior_bar_ticks=284 threshold=6000
[MOVE_SUB_B] [14:30:52] FIRESTORM_GATE_BLOCK ABTS setup=move_strike prior_bar_ticks=284 threshold=6000
[MOVE_SUB_B] [14:30:52] FIRESTORM_GATE_BLOCK ABTS setup=move_strike prior_bar_ticks=284 threshold=6000
[MOVE_SUB_B] [14:30:52] FIRESTORM_GATE_BLOCK ABTS setup=move_strike prior_bar_ticks=284 threshold=6000
[MOVE_SUB_B] [14:30:52] FIRESTORM_GATE_BLOCK ABTS setup=move_strike prior_bar_ticks=284 threshold=6000
[MOVE_SUB_B] [14:30:52] FIRESTORM_GATE_BLOCK ABTS setup=move_strike prior_bar_ticks=284 threshold=6000
[MOVE_SUB_B] [14:30:52] FIRESTORM_GATE_BLOCK ABTS setup=move_strike prior_bar_ticks=284 threshold=6000
[MOVE_SUB_B] [14:30:52] FIRESTORM_GATE_BLOCK ABTS setup=move_strike prior_bar_ticks=284 threshold=6000
[MOVE_SUB_B] [14:30:52] FIRESTORM_GATE_BLOCK ABTS setup=move_strike prior_bar_ticks=284 threshold=6000
[MOVE_SUB_B] [14:30:52] FIRESTORM_GATE_BLOCK ABTS setup=move_strike prior_bar_ticks=284 threshold=6000
[MOVE_SUB_B] [14:30:52] FIRESTORM_GATE_BLOCK ABTS setup=move_strike prior_bar_ticks=284 threshold=6000
[MOVE_SUB_B] [14:30:52] FIRESTORM_GATE_BLOCK ABTS setup=move_strike prior_bar_ticks=284 threshold=6000
[MOVE_SUB_B] [14:30:52] FIRESTORM_GATE_BLOCK ABTS setup=move_strike prior_bar_ticks=284 threshold=6000
[MOVE_SUB_B] [14:30:52] FIRESTORM_GATE_BLOCK ABTS setup=move_strike prior_bar_ticks=284 threshold=6000
[MOVE_SUB_B] [14:30:52] FIRESTORM_GATE_BLOCK ABTS setup=move_strike prior_bar_ticks=284 threshold=6000
[MOVE_SUB_B] [14:30:52] FIRESTORM_GATE_BLOCK ABTS setup=move_strike prior_bar_ticks=284 threshold=6000
[MOVE_SUB_B] [14:30:52] FIRESTORM_GATE_BLOCK ABTS setup=move_strike prior_bar_ticks=284 threshold=6000
[MOVE_SUB_B] [14:30:52] FIRESTORM_GATE_BLOCK ABTS setup=move_strike prior_bar_ticks=284 threshold=6000
[MOVE_SUB_B] [14:30:52] FIRESTORM_GATE_BLOCK ABTS setup=move_strike prior_bar_ticks=284 threshold=6000
[MOVE_SUB_B] [14:30:52] FIRESTORM_GATE_BLOCK ABTS setup=move_strike prior_bar_ticks=284 threshold=6000
[MOVE_SUB_B] [14:30:52] FIRESTORM_GATE_BLOCK ABTS setup=move_strike prior_bar_ticks=284 threshold=6000
[MOVE_SUB_B] [14:30:52] FIRESTORM_GATE_BLOCK ABTS setup=move_strike prior_bar_ticks=284 threshold=6000
[MOVE_SUB_B] [14:30:52] FIRESTORM_GATE_BLOCK ABTS setup=move_strike prior_bar_ticks=284 threshold=6000
[MOVE_SUB_B] [14:30:52] FIRESTORM_GATE_BLOCK ABTS setup=move_strike prior_bar_ticks=284 threshold=6000
[MOVE_SUB_B] [14:30:52] FIRESTORM_GATE_BLOCK ABTS setup=move_strike prior_bar_ticks=284 threshold=6000
[MOVE_SUB_B] [14:30:52] FIRESTORM_GATE_BLOCK ABTS setup=move_strike prior_bar_ticks=284 threshold=6000
[MOVE_SUB_B] [14:30:52] FIRESTORM_GATE_BLOCK ABTS setup=move_strike prior_bar_ticks=284 threshold=6000
[MOVE_SUB_B] [14:30:52] FIRESTORM_GATE_BLOCK ABTS setup=move_strike prior_bar_ticks=284 threshold=6000
[MOVE_SUB_B] [14:30:52] FIRESTORM_GATE_BLOCK ABTS setup=move_strike prior_bar_ticks=284 threshold=6000
[MOVE_SUB_B] [14:30:52] FIRESTORM_GATE_BLOCK ABTS setup=move_strike prior_bar_ticks=284 threshold=6000
[MOVE_SUB_B] [14:30:52] FIRESTORM_GATE_BLOCK ABTS setup=move_strike prior_bar_ticks=284 threshold=6000
[MOVE_SUB_B] [14:30:52] FIRESTORM_GATE_BLOCK ABTS setup=move_strike prior_bar_ticks=284 threshold=6000
[MOVE_SUB_B] [14:30:52] FIRESTORM_GATE_BLOCK ABTS setup=move_strike prior_bar_ticks=284 threshold=6000
[MOVE_SUB_B] [14:30:52] FIRESTORM_GATE_BLOCK ABTS setup=move_strike prior_bar_ticks=284 threshold=6000
[MOVE_SUB_B] [14:30:52] FIRESTORM_GATE_BLOCK ABTS setup=move_strike prior_bar_ticks=284 threshold=6000
[MOVE_SUB_B] [14:30:52] FIRESTORM_GATE_BLOCK ABTS setup=move_strike prior_bar_ticks=284 threshold=6000
[MOVE_SUB_B] [14:30:52] FIRESTORM_GATE_BLOCK ABTS setup=move_strike prior_bar_ticks=284 threshold=6000
[MOVE_SUB_B] [14:30:52] FIRESTORM_GATE_BLOCK ABTS setup=move_strike prior_bar_ticks=284 threshold=6000
[MOVE_SUB_B] [14:30:52] FIRESTORM_GATE_BLOCK ABTS setup=move_strike prior_bar_ticks=284 threshold=6000
[MOVE_SUB_B] [14:30:52] FIRESTORM_GATE_BLOCK ABTS setup=move_strike prior_bar_ticks=284 threshold=6000
[MOVE_SUB_B] [14:30:52] FIRESTORM_GATE_BLOCK ABTS setup=move_strike prior_bar_ticks=284 threshold=6000
[MOVE_SUB_B] [14:30:52] FIRESTORM_GATE_BLOCK ABTS setup=move_strike prior_bar_ticks=284 threshold=6000
[MOVE_SUB_B] [14:30:52] FIRESTORM_GATE_BLOCK ABTS setup=move_strike prior_bar_ticks=284 threshold=6000
[MOVE_SUB_B] [14:30:52] FIRESTORM_GATE_BLOCK ABTS setup=move_strike prior_bar_ticks=284 threshold=6000
[MOVE_SUB_B] [14:30:52] FIRESTORM_GATE_BLOCK ABTS setup=move_strike prior_bar_ticks=284 threshold=6000
[MOVE_SUB_B] [14:30:52] FIRESTORM_GATE_BLOCK ABTS setup=move_strike prior_bar_ticks=284 threshold=6000
[MOVE_SUB_B] [14:30:52] FIRESTORM_GATE_BLOCK ABTS setup=move_strike prior_bar_ticks=284 threshold=6000
[MOVE_SUB_B] [14:30:52] FIRESTORM_GATE_BLOCK ABTS setup=move_strike prior_bar_ticks=284 threshold=6000
[MOVE_SUB_B] [14:30:52] FIRESTORM_GATE_BLOCK ABTS setup=move_strike prior_bar_ticks=284 threshold=6000
[MOVE_SUB_B] [14:30:52] FIRESTORM_GATE_BLOCK ABTS setup=move_strike prior_bar_ticks=284 threshold=6000
[MOVE_SUB_B] [14:30:52] FIRESTORM_GATE_BLOCK ABTS setup=move_strike prior_bar_ticks=284 threshold=6000
[MOVE_SUB_B] [14:30:52] FIRESTORM_GATE_BLOCK ABTS setup=move_strike prior_bar_ticks=284 threshold=6000
[MOVE_SUB_B] [14:30:52] FIRESTORM_GATE_BLOCK ABTS setup=move_strike prior_bar_ticks=284 threshold=6000
[MOVE_SUB_B] [14:30:52] FIRESTORM_GATE_BLOCK ABTS setup=move_strike prior_bar_ticks=284 threshold=6000
[MOVE_SUB_B] [14:30:52] FIRESTORM_GATE_BLOCK ABTS setup=move_strike prior_bar_ticks=284 threshold=6000
[MOVE_SUB_B] [14:30:52] FIRESTORM_GATE_BLOCK ABTS setup=move_strike prior_bar_ticks=284 threshold=6000
[MOVE_SUB_B] [14:30:52] FIRESTORM_GATE_BLOCK ABTS setup=move_strike prior_bar_ticks=284 threshold=6000
[MOVE_SUB_B] [14:30:53] FIRESTORM_GATE_BLOCK ABTS setup=move_strike prior_bar_ticks=284 threshold=6000
[MOVE_SUB_B] [14:30:53] FIRESTORM_GATE_BLOCK ABTS setup=move_strike prior_bar_ticks=284 threshold=6000
[MOVE_SUB_B] [14:30:53] FIRESTORM_GATE_BLOCK ABTS setup=move_strike prior_bar_ticks=284 threshold=6000
[MOVE_SUB_B] [14:30:53] FIRESTORM_GATE_BLOCK ABTS setup=move_strike prior_bar_ticks=284 threshold=6000
[MOVE_SUB_B] [14:30:53] FIRESTORM_GATE_BLOCK ABTS setup=move_strike prior_bar_ticks=284 threshold=6000
[MOVE_SUB_B] [14:30:53] FIRESTORM_GATE_BLOCK ABTS setup=move_strike prior_bar_ticks=284 threshold=6000
[MOVE_SUB_B] [14:30:53] FIRESTORM_GATE_BLOCK ABTS setup=move_strike prior_bar_ticks=284 threshold=6000
[MOVE_SUB_B] [14:30:53] FIRESTORM_GATE_BLOCK ABTS setup=move_strike prior_bar_ticks=284 threshold=6000
[MOVE_SUB_B] [14:30:53] FIRESTORM_GATE_BLOCK ABTS setup=move_strike prior_bar_ticks=284 threshold=6000
[MOVE_SUB_B] [14:30:53] FIRESTORM_GATE_BLOCK ABTS setup=move_strike prior_bar_ticks=284 threshold=6000
[MOVE_SUB_B] [14:30:53] FIRESTORM_GATE_BLOCK ABTS setup=move_strike prior_bar_ticks=284 threshold=6000
[MOVE_SUB_B] [14:30:54] FIRESTORM_GATE_BLOCK ABTS setup=move_strike prior_bar_ticks=284 threshold=6000
[MOVE_SUB_B] [14:30:54] FIRESTORM_GATE_BLOCK ABTS setup=move_strike prior_bar_ticks=284 threshold=6000
[MOVE_SUB_B] [14:30:54] FIRESTORM_GATE_BLOCK ABTS setup=move_strike prior_bar_ticks=284 threshold=6000
[MOVE_SUB_B] [14:30:54] FIRESTORM_GATE_BLOCK ABTS setup=move_strike prior_bar_ticks=284 threshold=6000
[MOVE_SUB_B] [14:30:54] FIRESTORM_GATE_BLOCK ABTS setup=move_strike prior_bar_ticks=284 threshold=6000
[MOVE_SUB_B] [14:30:54] FIRESTORM_GATE_BLOCK ABTS setup=move_strike prior_bar_ticks=284 threshold=6000
[MOVE_SUB_B] [14:30:54] FIRESTORM_GATE_BLOCK ABTS setup=move_strike prior_bar_ticks=284 threshold=6000
[MOVE_SUB_B] [14:30:54] FIRESTORM_GATE_BLOCK ABTS setup=move_strike prior_bar_ticks=284 threshold=6000
[MOVE_SUB_B] [14:30:54] FIRESTORM_GATE_BLOCK ABTS setup=move_strike prior_bar_ticks=284 threshold=6000
[MOVE_SUB_B] [14:30:54] FIRESTORM_GATE_BLOCK ABTS setup=move_strike prior_bar_ticks=284 threshold=6000
[MOVE_SUB_B] [14:30:54] FIRESTORM_GATE_BLOCK ABTS setup=move_strike prior_bar_ticks=284 threshold=6000
[MOVE_SUB_B] [14:30:54] FIRESTORM_GATE_BLOCK ABTS setup=move_strike prior_bar_ticks=284 threshold=6000
[MOVE_SUB_B] [14:30:54] FIRESTORM_GATE_BLOCK ABTS setup=move_strike prior_bar_ticks=284 threshold=6000
[MOVE_SUB_B] [14:30:54] FIRESTORM_GATE_BLOCK ABTS setup=move_strike prior_bar_ticks=284 threshold=6000
[MOVE_SUB_B] [14:30:54] FIRESTORM_GATE_BLOCK ABTS setup=move_strike prior_bar_ticks=284 threshold=6000
[MOVE_SUB_B] [14:30:54] FIRESTORM_GATE_BLOCK ABTS setup=move_strike prior_bar_ticks=284 threshold=6000
[MOVE_SUB_B] [14:30:54] FIRESTORM_GATE_BLOCK ABTS setup=move_strike prior_bar_ticks=284 threshold=6000
[MOVE_SUB_B] [14:30:54] FIRESTORM_GATE_BLOCK ABTS setup=move_strike prior_bar_ticks=284 threshold=6000
[MOVE_SUB_B] [14:30:54] FIRESTORM_GATE_BLOCK ABTS setup=move_strike prior_bar_ticks=284 threshold=6000
[MOVE_SUB_B] [14:30:54] FIRESTORM_GATE_BLOCK ABTS setup=move_strike prior_bar_ticks=284 threshold=6000
[MOVE_SUB_B] [14:30:54] FIRESTORM_GATE_BLOCK ABTS setup=move_strike prior_bar_ticks=284 threshold=6000
[MOVE_SUB_B] [14:30:54] FIRESTORM_GATE_BLOCK ABTS setup=move_strike prior_bar_ticks=284 threshold=6000
[MOVE_SUB_B] [14:30:54] FIRESTORM_GATE_BLOCK ABTS setup=move_strike prior_bar_ticks=284 threshold=6000
[MOVE_SUB_B] [14:30:54] FIRESTORM_GATE_BLOCK ABTS setup=move_strike prior_bar_ticks=284 threshold=6000
[MOVE_SUB_B] [14:30:54] FIRESTORM_GATE_BLOCK ABTS setup=move_strike prior_bar_ticks=284 threshold=6000
[MOVE_SUB_B] [14:30:54] FIRESTORM_GATE_BLOCK ABTS setup=move_strike prior_bar_ticks=284 threshold=6000
[MOVE_SUB_B] [14:30:54] FIRESTORM_GATE_BLOCK ABTS setup=move_strike prior_bar_ticks=284 threshold=6000
[MOVE_SUB_B] [14:30:55] FIRESTORM_GATE_BLOCK ABTS setup=move_strike prior_bar_ticks=284 threshold=6000
[MOVE_SUB_B] [14:30:55] FIRESTORM_GATE_BLOCK ABTS setup=move_strike prior_bar_ticks=284 threshold=6000
[MOVE_SUB_B] [14:30:55] FIRESTORM_GATE_BLOCK ABTS setup=move_strike prior_bar_ticks=284 threshold=6000
[MOVE_SUB_B] [14:30:55] FIRESTORM_GATE_BLOCK ABTS setup=move_strike prior_bar_ticks=284 threshold=6000
[MOVE_SUB_B] [14:30:55] FIRESTORM_GATE_BLOCK ABTS setup=move_strike prior_bar_ticks=284 threshold=6000
[MOVE_SUB_B] [14:30:56] FIRESTORM_GATE_BLOCK ABTS setup=move_strike prior_bar_ticks=284 threshold=6000
[MOVE_SUB_B] [14:30:56] FIRESTORM_GATE_BLOCK ABTS setup=move_strike prior_bar_ticks=284 threshold=6000
[MOVE_SUB_B] [14:30:56] FIRESTORM_GATE_BLOCK ABTS setup=move_strike prior_bar_ticks=284 threshold=6000
[MOVE_SUB_B] [14:30:56] FIRESTORM_GATE_BLOCK ABTS setup=move_strike prior_bar_ticks=284 threshold=6000
[MOVE_SUB_B] [14:30:56] FIRESTORM_GATE_BLOCK ABTS setup=move_strike prior_bar_ticks=284 threshold=6000
[MOVE_SUB_B] [14:30:56] FIRESTORM_GATE_BLOCK ABTS setup=move_strike prior_bar_ticks=284 threshold=6000
[MOVE_SUB_B] [14:30:56] FIRESTORM_GATE_BLOCK ABTS setup=move_strike prior_bar_ticks=284 threshold=6000
[MOVE_SUB_B] [14:30:56] FIRESTORM_GATE_BLOCK ABTS setup=move_strike prior_bar_ticks=284 threshold=6000
[MOVE_SUB_B] [14:30:56] FIRESTORM_GATE_BLOCK ABTS setup=move_strike prior_bar_ticks=284 threshold=6000
[MOVE_SUB_B] [14:30:56] FIRESTORM_GATE_BLOCK ABTS setup=move_strike prior_bar_ticks=284 threshold=6000
[MOVE_SUB_B] [14:30:56] FIRESTORM_GATE_BLOCK ABTS setup=move_strike prior_bar_ticks=284 threshold=6000
[MOVE_SUB_B] [14:30:56] FIRESTORM_GATE_BLOCK ABTS setup=move_strike prior_bar_ticks=284 threshold=6000
[MOVE_SUB_B] [14:30:56] FIRESTORM_GATE_BLOCK ABTS setup=move_strike prior_bar_ticks=284 threshold=6000
[MOVE_SUB_B] [14:30:56] FIRESTORM_GATE_BLOCK ABTS setup=move_strike prior_bar_ticks=284 threshold=6000
[MOVE_SUB_B] [14:30:56] FIRESTORM_GATE_BLOCK ABTS setup=move_strike prior_bar_ticks=284 threshold=6000
[MOVE_SUB_B] [14:30:56] FIRESTORM_GATE_BLOCK ABTS setup=move_strike prior_bar_ticks=284 threshold=6000
[MOVE_SUB_B] [14:30:57] FIRESTORM_GATE_BLOCK ABTS setup=move_strike prior_bar_ticks=284 threshold=6000
[MOVE_SUB_B] [14:30:57] FIRESTORM_GATE_BLOCK ABTS setup=move_strike prior_bar_ticks=284 threshold=6000
[MOVE_SUB_B] [14:30:58] FIRESTORM_GATE_BLOCK ABTS setup=move_strike prior_bar_ticks=284 threshold=6000
[MOVE_SUB_B] [14:30:58] FIRESTORM_GATE_BLOCK ABTS setup=move_strike prior_bar_ticks=284 threshold=6000
[MOVE_SUB_B] [14:30:58] FIRESTORM_GATE_BLOCK ABTS setup=move_strike prior_bar_ticks=284 threshold=6000
[MOVE_SUB_B] [14:30:58] FIRESTORM_GATE_BLOCK ABTS setup=move_strike prior_bar_ticks=284 threshold=6000
[MOVE_SUB_B] [14:30:58] FIRESTORM_GATE_BLOCK ABTS setup=move_strike prior_bar_ticks=284 threshold=6000
[MOVE_SUB_B] [14:30:58] FIRESTORM_GATE_BLOCK ABTS setup=move_strike prior_bar_ticks=284 threshold=6000
[MOVE_SUB_B] [14:30:58] FIRESTORM_GATE_BLOCK ABTS setup=move_strike prior_bar_ticks=284 threshold=6000
[MOVE_SUB_B] [14:30:58] FIRESTORM_GATE_BLOCK ABTS setup=move_strike prior_bar_ticks=284 threshold=6000
[MOVE_SUB_B] [14:30:58] FIRESTORM_GATE_BLOCK ABTS setup=move_strike prior_bar_ticks=284 threshold=6000
[MOVE_SUB_B] [14:30:58] FIRESTORM_GATE_BLOCK ABTS setup=move_strike prior_bar_ticks=284 threshold=6000
[MOVE_SUB_B] [14:30:58] FIRESTORM_GATE_BLOCK ABTS setup=move_strike prior_bar_ticks=284 threshold=6000
[MOVE_SUB_B] [14:30:58] FIRESTORM_GATE_BLOCK ABTS setup=move_strike prior_bar_ticks=284 threshold=6000
[MOVE_SUB_B] [14:30:58] FIRESTORM_GATE_BLOCK ABTS setup=move_strike prior_bar_ticks=284 threshold=6000
[MOVE_SUB_B] [14:30:58] FIRESTORM_GATE_BLOCK ABTS setup=move_strike prior_bar_ticks=284 threshold=6000
[MOVE_SUB_B] [14:30:58] FIRESTORM_GATE_BLOCK ABTS setup=move_strike prior_bar_ticks=284 threshold=6000
[MOVE_SUB_B] [14:30:58] FIRESTORM_GATE_BLOCK ABTS setup=move_strike prior_bar_ticks=284 threshold=6000
[MOVE_SUB_B] [14:30:58] FIRESTORM_GATE_BLOCK ABTS setup=move_strike prior_bar_ticks=284 threshold=6000
[MOVE_SUB_B] [14:30:58] FIRESTORM_GATE_BLOCK ABTS setup=move_strike prior_bar_ticks=284 threshold=6000
[MOVE_SUB_B] [14:30:58] FIRESTORM_GATE_BLOCK ABTS setup=move_strike prior_bar_ticks=284 threshold=6000
[MOVE_SUB_B] [14:30:58] FIRESTORM_GATE_BLOCK ABTS setup=move_strike prior_bar_ticks=284 threshold=6000
[MOVE_SUB_B] [14:30:58] FIRESTORM_GATE_BLOCK ABTS setup=move_strike prior_bar_ticks=284 threshold=6000
[MOVE_SUB_B] [14:30:58] FIRESTORM_GATE_BLOCK ABTS setup=move_strike prior_bar_ticks=284 threshold=6000
[MOVE_SUB_B] [14:30:58] FIRESTORM_GATE_BLOCK ABTS setup=move_strike prior_bar_ticks=284 threshold=6000
[MOVE_SUB_B] [14:30:58] FIRESTORM_GATE_BLOCK ABTS setup=move_strike prior_bar_ticks=284 threshold=6000
[MOVE_SUB_B] [14:30:58] FIRESTORM_GATE_BLOCK ABTS setup=move_strike prior_bar_ticks=284 threshold=6000
[MOVE_SUB_B] [14:30:58] FIRESTORM_GATE_BLOCK ABTS setup=move_strike prior_bar_ticks=284 threshold=6000
[MOVE_SUB_B] [14:30:58] FIRESTORM_GATE_BLOCK ABTS setup=move_strike prior_bar_ticks=284 threshold=6000
[MOVE_SUB_B] [14:30:58] FIRESTORM_GATE_BLOCK ABTS setup=move_strike prior_bar_ticks=284 threshold=6000
[MOVE_SUB_B] [14:30:58] FIRESTORM_GATE_BLOCK ABTS setup=move_strike prior_bar_ticks=284 threshold=6000
[MOVE_SUB_B] [14:30:58] FIRESTORM_GATE_BLOCK ABTS setup=move_strike prior_bar_ticks=284 threshold=6000
[MOVE_SUB_B] [14:30:58] FIRESTORM_GATE_BLOCK ABTS setup=move_strike prior_bar_ticks=284 threshold=6000
[MOVE_SUB_B] [14:30:58] FIRESTORM_GATE_BLOCK ABTS setup=move_strike prior_bar_ticks=284 threshold=6000
[MOVE_SUB_B] [14:30:58] FIRESTORM_GATE_BLOCK ABTS setup=move_strike prior_bar_ticks=284 threshold=6000
[MOVE_SUB_B] [14:30:58] FIRESTORM_GATE_BLOCK ABTS setup=move_strike prior_bar_ticks=284 threshold=6000
[MOVE_SUB_B] [14:30:59] FIRESTORM_GATE_BLOCK ABTS setup=move_strike prior_bar_ticks=284 threshold=6000
[MOVE_SUB_B] [14:30:59] FIRESTORM_GATE_BLOCK ABTS setup=move_strike prior_bar_ticks=284 threshold=6000
[MOVE_SUB_B] [14:30:59] FIRESTORM_GATE_BLOCK ABTS setup=move_strike prior_bar_ticks=284 threshold=6000
[MOVE_SUB_B] [14:30:59] FIRESTORM_GATE_BLOCK ABTS setup=move_strike prior_bar_ticks=284 threshold=6000
[MOVE_SUB_B] [14:30:59] FIRESTORM_GATE_BLOCK ABTS setup=move_strike prior_bar_ticks=284 threshold=6000
[MOVE_SUB_B] [14:30:59] FIRESTORM_GATE_BLOCK ABTS setup=move_strike prior_bar_ticks=284 threshold=6000
[MOVE_SUB_B] [14:30:59] FIRESTORM_GATE_BLOCK ABTS setup=move_strike prior_bar_ticks=284 threshold=6000
[MOVE_SUB_B] [14:30:59] FIRESTORM_GATE_BLOCK ABTS setup=move_strike prior_bar_ticks=284 threshold=6000
[MOVE_SUB_B] [14:30:59] FIRESTORM_GATE_BLOCK ABTS setup=move_strike prior_bar_ticks=284 threshold=6000
[MOVE_SUB_B] [14:30:59] FIRESTORM_GATE_BLOCK ABTS setup=move_strike prior_bar_ticks=284 threshold=6000
[MOVE_SUB_B] [14:30:59] FIRESTORM_GATE_BLOCK ABTS setup=move_strike prior_bar_ticks=284 threshold=6000
[MOVE_SUB_B] [14:30:59] FIRESTORM_GATE_BLOCK ABTS setup=move_strike prior_bar_ticks=284 threshold=6000
[MOVE_SUB_B] [14:30:59] FIRESTORM_GATE_BLOCK ABTS setup=move_strike prior_bar_ticks=284 threshold=6000
[MOVE_SUB_B] [14:30:59] FIRESTORM_GATE_BLOCK ABTS setup=move_strike prior_bar_ticks=284 threshold=6000
[MOVE_SUB_B] [14:30:59] FIRESTORM_GATE_BLOCK ABTS setup=move_strike prior_bar_ticks=284 threshold=6000
[MOVE_SUB_B] [14:31:12] STATS ticks=265277 symbols=82 pos=no daily_pnl=+0 drops=0
[MOVE_SUB_B] [14:32:12] STATS ticks=266507 symbols=82 pos=no daily_pnl=+0 drops=0
[MOVE_SUB_B] [14:33:12] STATS ticks=267851 symbols=82 pos=no daily_pnl=+0 drops=0
[MOVE_SUB_B] [14:34:12] STATS ticks=269216 symbols=82 pos=no daily_pnl=+0 drops=0
[MOVE_SUB_B] [14:35:12] STATS ticks=271021 symbols=82 pos=no daily_pnl=+0 drops=0
[MOVE_SUB_B] [14:36:12] STATS ticks=275316 symbols=82 pos=no daily_pnl=+0 drops=0
[MOVE_SUB_B] [14:36:13] new symbol RXT — detector + movement_strike instantiated
[MOVE_SUB_B] [14:37:12] STATS ticks=277773 symbols=83 pos=no daily_pnl=+0 drops=0
[MOVE_SUB_B] [14:38:12] STATS ticks=278995 symbols=83 pos=no daily_pnl=+0 drops=0
[MOVE_SUB_B] [14:39:13] STATS ticks=280564 symbols=83 pos=no daily_pnl=+0 drops=0
[MOVE_SUB_B] [14:39:48] FIRESTORM_GATE_BLOCK ABTS setup=move_strike prior_bar_ticks=152 threshold=6000
[MOVE_SUB_B] [14:39:49] FIRESTORM_GATE_BLOCK ABTS setup=move_strike prior_bar_ticks=152 threshold=6000
[MOVE_SUB_B] [14:39:50] FIRESTORM_GATE_BLOCK ABTS setup=move_strike prior_bar_ticks=152 threshold=6000
[MOVE_SUB_B] [14:39:50] FIRESTORM_GATE_BLOCK ABTS setup=move_strike prior_bar_ticks=152 threshold=6000
[MOVE_SUB_B] [14:39:50] FIRESTORM_GATE_BLOCK ABTS setup=move_strike prior_bar_ticks=152 threshold=6000
[MOVE_SUB_B] [14:39:51] FIRESTORM_GATE_BLOCK ABTS setup=move_strike prior_bar_ticks=152 threshold=6000
[MOVE_SUB_B] [14:39:51] FIRESTORM_GATE_BLOCK ABTS setup=move_strike prior_bar_ticks=152 threshold=6000
[MOVE_SUB_B] [14:39:52] FIRESTORM_GATE_BLOCK ABTS setup=move_strike prior_bar_ticks=152 threshold=6000
[MOVE_SUB_B] [14:40:13] STATS ticks=281768 symbols=83 pos=no daily_pnl=+0 drops=0
[MOVE_SUB_B] [14:41:13] STATS ticks=284063 symbols=83 pos=no daily_pnl=+0 drops=0
[MOVE_SUB_B] [14:42:13] STATS ticks=285201 symbols=83 pos=no daily_pnl=+0 drops=0
[MOVE_SUB_B] [14:43:13] STATS ticks=286098 symbols=83 pos=no daily_pnl=+0 drops=0
[MOVE_SUB_B] [14:44:13] STATS ticks=286972 symbols=83 pos=no daily_pnl=+0 drops=0
[MOVE_SUB_B] [14:45:13] STATS ticks=287808 symbols=83 pos=no daily_pnl=+0 drops=0
[MOVE_SUB_B] [14:46:13] STATS ticks=289272 symbols=83 pos=no daily_pnl=+0 drops=0
[MOVE_SUB_B] [14:47:08] FIRESTORM_GATE_BLOCK ABTS setup=move_strike prior_bar_ticks=130 threshold=6000
[MOVE_SUB_B] [14:47:08] FIRESTORM_GATE_BLOCK ABTS setup=move_strike prior_bar_ticks=130 threshold=6000
[MOVE_SUB_B] [14:47:08] FIRESTORM_GATE_BLOCK ABTS setup=move_strike prior_bar_ticks=130 threshold=6000
[MOVE_SUB_B] [14:47:08] FIRESTORM_GATE_BLOCK ABTS setup=move_strike prior_bar_ticks=130 threshold=6000
[MOVE_SUB_B] [14:47:09] FIRESTORM_GATE_BLOCK ABTS setup=move_strike prior_bar_ticks=130 threshold=6000
[MOVE_SUB_B] [14:47:09] FIRESTORM_GATE_BLOCK ABTS setup=move_strike prior_bar_ticks=130 threshold=6000
[MOVE_SUB_B] [14:47:09] FIRESTORM_GATE_BLOCK ABTS setup=move_strike prior_bar_ticks=130 threshold=6000
[MOVE_SUB_B] [14:47:09] FIRESTORM_GATE_BLOCK ABTS setup=move_strike prior_bar_ticks=130 threshold=6000
[MOVE_SUB_B] [14:47:09] FIRESTORM_GATE_BLOCK ABTS setup=move_strike prior_bar_ticks=130 threshold=6000
[MOVE_SUB_B] [14:47:10] FIRESTORM_GATE_BLOCK ABTS setup=move_strike prior_bar_ticks=130 threshold=6000
[MOVE_SUB_B] [14:47:10] FIRESTORM_GATE_BLOCK ABTS setup=move_strike prior_bar_ticks=130 threshold=6000
[MOVE_SUB_B] [14:47:10] FIRESTORM_GATE_BLOCK ABTS setup=move_strike prior_bar_ticks=130 threshold=6000
[MOVE_SUB_B] [14:47:10] FIRESTORM_GATE_BLOCK ABTS setup=move_strike prior_bar_ticks=130 threshold=6000
[MOVE_SUB_B] [14:47:10] FIRESTORM_GATE_BLOCK ABTS setup=move_strike prior_bar_ticks=130 threshold=6000
[MOVE_SUB_B] [14:47:11] FIRESTORM_GATE_BLOCK ABTS setup=move_strike prior_bar_ticks=130 threshold=6000
[MOVE_SUB_B] [14:47:11] FIRESTORM_GATE_BLOCK ABTS setup=move_strike prior_bar_ticks=130 threshold=6000
[MOVE_SUB_B] [14:47:11] FIRESTORM_GATE_BLOCK ABTS setup=move_strike prior_bar_ticks=130 threshold=6000
[MOVE_SUB_B] [14:47:11] FIRESTORM_GATE_BLOCK ABTS setup=move_strike prior_bar_ticks=130 threshold=6000
[MOVE_SUB_B] [14:47:12] FIRESTORM_GATE_BLOCK ABTS setup=move_strike prior_bar_ticks=130 threshold=6000
[MOVE_SUB_B] [14:47:12] FIRESTORM_GATE_BLOCK ABTS setup=move_strike prior_bar_ticks=130 threshold=6000
[MOVE_SUB_B] [14:47:12] FIRESTORM_GATE_BLOCK ABTS setup=move_strike prior_bar_ticks=130 threshold=6000
[MOVE_SUB_B] [14:47:12] FIRESTORM_GATE_BLOCK ABTS setup=move_strike prior_bar_ticks=130 threshold=6000
[MOVE_SUB_B] [14:47:12] FIRESTORM_GATE_BLOCK ABTS setup=move_strike prior_bar_ticks=130 threshold=6000
[MOVE_SUB_B] [14:47:12] FIRESTORM_GATE_BLOCK ABTS setup=move_strike prior_bar_ticks=130 threshold=6000
[MOVE_SUB_B] [14:47:12] FIRESTORM_GATE_BLOCK ABTS setup=move_strike prior_bar_ticks=130 threshold=6000
[MOVE_SUB_B] [14:47:13] FIRESTORM_GATE_BLOCK ABTS setup=move_strike prior_bar_ticks=130 threshold=6000
[MOVE_SUB_B] [14:47:13] STATS ticks=290978 symbols=83 pos=no daily_pnl=+0 drops=0
[MOVE_SUB_B] [14:47:14] FIRESTORM_GATE_BLOCK ABTS setup=move_strike prior_bar_ticks=130 threshold=6000
[MOVE_SUB_B] [14:47:14] FIRESTORM_GATE_BLOCK ABTS setup=move_strike prior_bar_ticks=130 threshold=6000
[MOVE_SUB_B] [14:47:14] FIRESTORM_GATE_BLOCK ABTS setup=move_strike prior_bar_ticks=130 threshold=6000
[MOVE_SUB_B] [14:47:14] FIRESTORM_GATE_BLOCK ABTS setup=move_strike prior_bar_ticks=130 threshold=6000
[MOVE_SUB_B] [14:47:14] FIRESTORM_GATE_BLOCK ABTS setup=move_strike prior_bar_ticks=130 threshold=6000
[MOVE_SUB_B] [14:47:15] FIRESTORM_GATE_BLOCK ABTS setup=move_strike prior_bar_ticks=130 threshold=6000
[MOVE_SUB_B] [14:47:15] FIRESTORM_GATE_BLOCK ABTS setup=move_strike prior_bar_ticks=130 threshold=6000
[MOVE_SUB_B] [14:47:15] FIRESTORM_GATE_BLOCK ABTS setup=move_strike prior_bar_ticks=130 threshold=6000
[MOVE_SUB_B] [14:47:16] FIRESTORM_GATE_BLOCK ABTS setup=move_strike prior_bar_ticks=130 threshold=6000
[MOVE_SUB_B] [14:47:16] FIRESTORM_GATE_BLOCK ABTS setup=move_strike prior_bar_ticks=130 threshold=6000
[MOVE_SUB_B] [14:47:16] FIRESTORM_GATE_BLOCK ABTS setup=move_strike prior_bar_ticks=130 threshold=6000
[MOVE_SUB_B] [14:47:16] FIRESTORM_GATE_BLOCK ABTS setup=move_strike prior_bar_ticks=130 threshold=6000
[MOVE_SUB_B] [14:47:16] FIRESTORM_GATE_BLOCK ABTS setup=move_strike prior_bar_ticks=130 threshold=6000
[MOVE_SUB_B] [14:47:16] FIRESTORM_GATE_BLOCK ABTS setup=move_strike prior_bar_ticks=130 threshold=6000
[MOVE_SUB_B] [14:47:17] FIRESTORM_GATE_BLOCK ABTS setup=move_strike prior_bar_ticks=130 threshold=6000
[MOVE_SUB_B] [14:47:17] FIRESTORM_GATE_BLOCK ABTS setup=move_strike prior_bar_ticks=130 threshold=6000
[MOVE_SUB_B] [14:47:18] FIRESTORM_GATE_BLOCK ABTS setup=move_strike prior_bar_ticks=130 threshold=6000
[MOVE_SUB_B] [14:47:19] FIRESTORM_GATE_BLOCK ABTS setup=move_strike prior_bar_ticks=130 threshold=6000
[MOVE_SUB_B] [14:47:20] FIRESTORM_GATE_BLOCK ABTS setup=move_strike prior_bar_ticks=130 threshold=6000
[MOVE_SUB_B] [14:47:20] FIRESTORM_GATE_BLOCK ABTS setup=move_strike prior_bar_ticks=130 threshold=6000
[MOVE_SUB_B] [14:47:21] FIRESTORM_GATE_BLOCK ABTS setup=move_strike prior_bar_ticks=130 threshold=6000
[MOVE_SUB_B] [14:47:21] FIRESTORM_GATE_BLOCK ABTS setup=move_strike prior_bar_ticks=130 threshold=6000
[MOVE_SUB_B] [14:47:21] FIRESTORM_GATE_BLOCK ABTS setup=move_strike prior_bar_ticks=130 threshold=6000
[MOVE_SUB_B] [14:47:21] FIRESTORM_GATE_BLOCK ABTS setup=move_strike prior_bar_ticks=130 threshold=6000
[MOVE_SUB_B] [14:47:21] FIRESTORM_GATE_BLOCK ABTS setup=move_strike prior_bar_ticks=130 threshold=6000
[MOVE_SUB_B] [14:47:21] FIRESTORM_GATE_BLOCK ABTS setup=move_strike prior_bar_ticks=130 threshold=6000
[MOVE_SUB_B] [14:47:21] FIRESTORM_GATE_BLOCK ABTS setup=move_strike prior_bar_ticks=130 threshold=6000
[MOVE_SUB_B] [14:47:22] FIRESTORM_GATE_BLOCK ABTS setup=move_strike prior_bar_ticks=130 threshold=6000
[MOVE_SUB_B] [14:47:22] FIRESTORM_GATE_BLOCK ABTS setup=move_strike prior_bar_ticks=130 threshold=6000
[MOVE_SUB_B] [14:47:22] FIRESTORM_GATE_BLOCK ABTS setup=move_strike prior_bar_ticks=130 threshold=6000
[MOVE_SUB_B] [14:47:23] FIRESTORM_GATE_BLOCK ABTS setup=move_strike prior_bar_ticks=130 threshold=6000
[MOVE_SUB_B] [14:47:23] FIRESTORM_GATE_BLOCK ABTS setup=move_strike prior_bar_ticks=130 threshold=6000
[MOVE_SUB_B] [14:47:23] FIRESTORM_GATE_BLOCK ABTS setup=move_strike prior_bar_ticks=130 threshold=6000
[MOVE_SUB_B] [14:47:23] FIRESTORM_GATE_BLOCK ABTS setup=move_strike prior_bar_ticks=130 threshold=6000
[MOVE_SUB_B] [14:47:24] FIRESTORM_GATE_BLOCK ABTS setup=move_strike prior_bar_ticks=130 threshold=6000
[MOVE_SUB_B] [14:47:24] FIRESTORM_GATE_BLOCK ABTS setup=move_strike prior_bar_ticks=130 threshold=6000
[MOVE_SUB_B] [14:47:24] FIRESTORM_GATE_BLOCK ABTS setup=move_strike prior_bar_ticks=130 threshold=6000
[MOVE_SUB_B] [14:47:24] FIRESTORM_GATE_BLOCK ABTS setup=move_strike prior_bar_ticks=130 threshold=6000
[MOVE_SUB_B] [14:47:24] FIRESTORM_GATE_BLOCK ABTS setup=move_strike prior_bar_ticks=130 threshold=6000
[MOVE_SUB_B] [14:47:25] FIRESTORM_GATE_BLOCK ABTS setup=move_strike prior_bar_ticks=130 threshold=6000
[MOVE_SUB_B] [14:47:27] FIRESTORM_GATE_BLOCK ABTS setup=move_strike prior_bar_ticks=130 threshold=6000
[MOVE_SUB_B] [14:47:27] FIRESTORM_GATE_BLOCK ABTS setup=move_strike prior_bar_ticks=130 threshold=6000
[MOVE_SUB_B] [14:47:27] FIRESTORM_GATE_BLOCK ABTS setup=move_strike prior_bar_ticks=130 threshold=6000
[MOVE_SUB_B] [14:47:28] FIRESTORM_GATE_BLOCK ABTS setup=move_strike prior_bar_ticks=130 threshold=6000
[MOVE_SUB_B] [14:47:28] FIRESTORM_GATE_BLOCK ABTS setup=move_strike prior_bar_ticks=130 threshold=6000
[MOVE_SUB_B] [14:47:28] FIRESTORM_GATE_BLOCK ABTS setup=move_strike prior_bar_ticks=130 threshold=6000
[MOVE_SUB_B] [14:47:28] FIRESTORM_GATE_BLOCK ABTS setup=move_strike prior_bar_ticks=130 threshold=6000
[MOVE_SUB_B] [14:47:28] FIRESTORM_GATE_BLOCK ABTS setup=move_strike prior_bar_ticks=130 threshold=6000
[MOVE_SUB_B] [14:47:28] FIRESTORM_GATE_BLOCK ABTS setup=move_strike prior_bar_ticks=130 threshold=6000
[MOVE_SUB_B] [14:47:28] FIRESTORM_GATE_BLOCK ABTS setup=move_strike prior_bar_ticks=130 threshold=6000
[MOVE_SUB_B] [14:47:28] FIRESTORM_GATE_BLOCK ABTS setup=move_strike prior_bar_ticks=130 threshold=6000
[MOVE_SUB_B] [14:47:29] FIRESTORM_GATE_BLOCK ABTS setup=move_strike prior_bar_ticks=130 threshold=6000
[MOVE_SUB_B] [14:47:29] FIRESTORM_GATE_BLOCK ABTS setup=move_strike prior_bar_ticks=130 threshold=6000
[MOVE_SUB_B] [14:47:29] FIRESTORM_GATE_BLOCK ABTS setup=move_strike prior_bar_ticks=130 threshold=6000
[MOVE_SUB_B] [14:47:30] FIRESTORM_GATE_BLOCK ABTS setup=move_strike prior_bar_ticks=130 threshold=6000
[MOVE_SUB_B] [14:47:30] FIRESTORM_GATE_BLOCK ABTS setup=move_strike prior_bar_ticks=130 threshold=6000
[MOVE_SUB_B] [14:47:30] FIRESTORM_GATE_BLOCK ABTS setup=move_strike prior_bar_ticks=130 threshold=6000
[MOVE_SUB_B] [14:47:30] FIRESTORM_GATE_BLOCK ABTS setup=move_strike prior_bar_ticks=130 threshold=6000
[MOVE_SUB_B] [14:47:30] FIRESTORM_GATE_BLOCK ABTS setup=move_strike prior_bar_ticks=130 threshold=6000
[MOVE_SUB_B] [14:47:30] FIRESTORM_GATE_BLOCK ABTS setup=move_strike prior_bar_ticks=130 threshold=6000
[MOVE_SUB_B] [14:47:31] FIRESTORM_GATE_BLOCK ABTS setup=move_strike prior_bar_ticks=130 threshold=6000
[MOVE_SUB_B] [14:47:31] FIRESTORM_GATE_BLOCK ABTS setup=move_strike prior_bar_ticks=130 threshold=6000
[MOVE_SUB_B] [14:47:31] FIRESTORM_GATE_BLOCK ABTS setup=move_strike prior_bar_ticks=130 threshold=6000
[MOVE_SUB_B] [14:47:31] FIRESTORM_GATE_BLOCK ABTS setup=move_strike prior_bar_ticks=130 threshold=6000
[MOVE_SUB_B] [14:47:31] FIRESTORM_GATE_BLOCK ABTS setup=move_strike prior_bar_ticks=130 threshold=6000
[MOVE_SUB_B] [14:47:31] FIRESTORM_GATE_BLOCK ABTS setup=move_strike prior_bar_ticks=130 threshold=6000
[MOVE_SUB_B] [14:47:31] FIRESTORM_GATE_BLOCK ABTS setup=move_strike prior_bar_ticks=130 threshold=6000
[MOVE_SUB_B] [14:47:31] FIRESTORM_GATE_BLOCK ABTS setup=move_strike prior_bar_ticks=130 threshold=6000
[MOVE_SUB_B] [14:47:32] FIRESTORM_GATE_BLOCK ABTS setup=move_strike prior_bar_ticks=130 threshold=6000
[MOVE_SUB_B] [14:47:32] FIRESTORM_GATE_BLOCK ABTS setup=move_strike prior_bar_ticks=130 threshold=6000
[MOVE_SUB_B] [14:47:32] FIRESTORM_GATE_BLOCK ABTS setup=move_strike prior_bar_ticks=130 threshold=6000
[MOVE_SUB_B] [14:47:32] FIRESTORM_GATE_BLOCK ABTS setup=move_strike prior_bar_ticks=130 threshold=6000
[MOVE_SUB_B] [14:47:32] FIRESTORM_GATE_BLOCK ABTS setup=move_strike prior_bar_ticks=130 threshold=6000
[MOVE_SUB_B] [14:47:32] FIRESTORM_GATE_BLOCK ABTS setup=move_strike prior_bar_ticks=130 threshold=6000
[MOVE_SUB_B] [14:47:33] FIRESTORM_GATE_BLOCK ABTS setup=move_strike prior_bar_ticks=130 threshold=6000
[MOVE_SUB_B] [14:47:35] FIRESTORM_GATE_BLOCK ABTS setup=move_strike prior_bar_ticks=130 threshold=6000
[MOVE_SUB_B] [14:47:35] FIRESTORM_GATE_BLOCK ABTS setup=move_strike prior_bar_ticks=130 threshold=6000
[MOVE_SUB_B] [14:47:35] FIRESTORM_GATE_BLOCK ABTS setup=move_strike prior_bar_ticks=130 threshold=6000
[MOVE_SUB_B] [14:47:35] FIRESTORM_GATE_BLOCK ABTS setup=move_strike prior_bar_ticks=130 threshold=6000
[MOVE_SUB_B] [14:47:35] FIRESTORM_GATE_BLOCK ABTS setup=move_strike prior_bar_ticks=130 threshold=6000
[MOVE_SUB_B] [14:47:37] FIRESTORM_GATE_BLOCK ABTS setup=move_strike prior_bar_ticks=130 threshold=6000
[MOVE_SUB_B] [14:47:38] FIRESTORM_GATE_BLOCK ABTS setup=move_strike prior_bar_ticks=130 threshold=6000
[MOVE_SUB_B] [14:47:38] FIRESTORM_GATE_BLOCK ABTS setup=move_strike prior_bar_ticks=130 threshold=6000
[MOVE_SUB_B] [14:47:38] FIRESTORM_GATE_BLOCK ABTS setup=move_strike prior_bar_ticks=130 threshold=6000
[MOVE_SUB_B] [14:47:39] FIRESTORM_GATE_BLOCK ABTS setup=move_strike prior_bar_ticks=130 threshold=6000
[MOVE_SUB_B] [14:47:39] FIRESTORM_GATE_BLOCK ABTS setup=move_strike prior_bar_ticks=130 threshold=6000
[MOVE_SUB_B] [14:47:39] FIRESTORM_GATE_BLOCK ABTS setup=move_strike prior_bar_ticks=130 threshold=6000
[MOVE_SUB_B] [14:47:40] FIRESTORM_GATE_BLOCK ABTS setup=move_strike prior_bar_ticks=130 threshold=6000
[MOVE_SUB_B] [14:47:41] FIRESTORM_GATE_BLOCK ABTS setup=move_strike prior_bar_ticks=130 threshold=6000
[MOVE_SUB_B] [14:47:41] FIRESTORM_GATE_BLOCK ABTS setup=move_strike prior_bar_ticks=130 threshold=6000
[MOVE_SUB_B] [14:47:41] FIRESTORM_GATE_BLOCK ABTS setup=move_strike prior_bar_ticks=130 threshold=6000
[MOVE_SUB_B] [14:47:41] FIRESTORM_GATE_BLOCK ABTS setup=move_strike prior_bar_ticks=130 threshold=6000
[MOVE_SUB_B] [14:47:42] FIRESTORM_GATE_BLOCK ABTS setup=move_strike prior_bar_ticks=130 threshold=6000
[MOVE_SUB_B] [14:47:42] FIRESTORM_GATE_BLOCK ABTS setup=move_strike prior_bar_ticks=130 threshold=6000
[MOVE_SUB_B] [14:47:43] FIRESTORM_GATE_BLOCK ABTS setup=move_strike prior_bar_ticks=130 threshold=6000
[MOVE_SUB_B] [14:47:43] FIRESTORM_GATE_BLOCK ABTS setup=move_strike prior_bar_ticks=130 threshold=6000
[MOVE_SUB_B] [14:47:43] FIRESTORM_GATE_BLOCK ABTS setup=move_strike prior_bar_ticks=130 threshold=6000
[MOVE_SUB_B] [14:47:43] FIRESTORM_GATE_BLOCK ABTS setup=move_strike prior_bar_ticks=130 threshold=6000
[MOVE_SUB_B] [14:47:45] FIRESTORM_GATE_BLOCK ABTS setup=move_strike prior_bar_ticks=130 threshold=6000
[MOVE_SUB_B] [14:47:45] FIRESTORM_GATE_BLOCK ABTS setup=move_strike prior_bar_ticks=130 threshold=6000
[MOVE_SUB_B] [14:47:45] FIRESTORM_GATE_BLOCK ABTS setup=move_strike prior_bar_ticks=130 threshold=6000
[MOVE_SUB_B] [14:47:45] FIRESTORM_GATE_BLOCK ABTS setup=move_strike prior_bar_ticks=130 threshold=6000
[MOVE_SUB_B] [14:47:45] FIRESTORM_GATE_BLOCK ABTS setup=move_strike prior_bar_ticks=130 threshold=6000
[MOVE_SUB_B] [14:47:45] FIRESTORM_GATE_BLOCK ABTS setup=move_strike prior_bar_ticks=130 threshold=6000
[MOVE_SUB_B] [14:47:46] FIRESTORM_GATE_BLOCK ABTS setup=move_strike prior_bar_ticks=130 threshold=6000
[MOVE_SUB_B] [14:47:46] FIRESTORM_GATE_BLOCK ABTS setup=move_strike prior_bar_ticks=130 threshold=6000
[MOVE_SUB_B] [14:47:47] FIRESTORM_GATE_BLOCK ABTS setup=move_strike prior_bar_ticks=130 threshold=6000
[MOVE_SUB_B] [14:47:47] FIRESTORM_GATE_BLOCK ABTS setup=move_strike prior_bar_ticks=130 threshold=6000
[MOVE_SUB_B] [14:47:47] FIRESTORM_GATE_BLOCK ABTS setup=move_strike prior_bar_ticks=130 threshold=6000
[MOVE_SUB_B] [14:47:47] FIRESTORM_GATE_BLOCK ABTS setup=move_strike prior_bar_ticks=130 threshold=6000
[MOVE_SUB_B] [14:47:49] FIRESTORM_GATE_BLOCK ABTS setup=move_strike prior_bar_ticks=130 threshold=6000
[MOVE_SUB_B] [14:47:49] FIRESTORM_GATE_BLOCK ABTS setup=move_strike prior_bar_ticks=130 threshold=6000
[MOVE_SUB_B] [14:47:51] FIRESTORM_GATE_BLOCK ABTS setup=move_strike prior_bar_ticks=130 threshold=6000
[MOVE_SUB_B] [14:47:51] FIRESTORM_GATE_BLOCK ABTS setup=move_strike prior_bar_ticks=130 threshold=6000
[MOVE_SUB_B] [14:47:51] FIRESTORM_GATE_BLOCK ABTS setup=move_strike prior_bar_ticks=130 threshold=6000
[MOVE_SUB_B] [14:47:51] FIRESTORM_GATE_BLOCK ABTS setup=move_strike prior_bar_ticks=130 threshold=6000
[MOVE_SUB_B] [14:47:52] FIRESTORM_GATE_BLOCK ABTS setup=move_strike prior_bar_ticks=130 threshold=6000
[MOVE_SUB_B] [14:47:52] FIRESTORM_GATE_BLOCK ABTS setup=move_strike prior_bar_ticks=130 threshold=6000
[MOVE_SUB_B] [14:47:52] FIRESTORM_GATE_BLOCK ABTS setup=move_strike prior_bar_ticks=130 threshold=6000
[MOVE_SUB_B] [14:47:52] FIRESTORM_GATE_BLOCK ABTS setup=move_strike prior_bar_ticks=130 threshold=6000
[MOVE_SUB_B] [14:47:52] FIRESTORM_GATE_BLOCK ABTS setup=move_strike prior_bar_ticks=130 threshold=6000
[MOVE_SUB_B] [14:47:53] FIRESTORM_GATE_BLOCK ABTS setup=move_strike prior_bar_ticks=130 threshold=6000
[MOVE_SUB_B] [14:47:53] FIRESTORM_GATE_BLOCK ABTS setup=move_strike prior_bar_ticks=130 threshold=6000
[MOVE_SUB_B] [14:47:53] FIRESTORM_GATE_BLOCK ABTS setup=move_strike prior_bar_ticks=130 threshold=6000
[MOVE_SUB_B] [14:47:53] FIRESTORM_GATE_BLOCK ABTS setup=move_strike prior_bar_ticks=130 threshold=6000
[MOVE_SUB_B] [14:47:54] FIRESTORM_GATE_BLOCK ABTS setup=move_strike prior_bar_ticks=130 threshold=6000
[MOVE_SUB_B] [14:47:54] FIRESTORM_GATE_BLOCK ABTS setup=move_strike prior_bar_ticks=130 threshold=6000
[MOVE_SUB_B] [14:47:54] FIRESTORM_GATE_BLOCK ABTS setup=move_strike prior_bar_ticks=130 threshold=6000
[MOVE_SUB_B] [14:47:54] FIRESTORM_GATE_BLOCK ABTS setup=move_strike prior_bar_ticks=130 threshold=6000
[MOVE_SUB_B] [14:47:54] FIRESTORM_GATE_BLOCK ABTS setup=move_strike prior_bar_ticks=130 threshold=6000
[MOVE_SUB_B] [14:47:55] FIRESTORM_GATE_BLOCK ABTS setup=move_strike prior_bar_ticks=130 threshold=6000
[MOVE_SUB_B] [14:47:55] FIRESTORM_GATE_BLOCK ABTS setup=move_strike prior_bar_ticks=130 threshold=6000
[MOVE_SUB_B] [14:47:55] FIRESTORM_GATE_BLOCK ABTS setup=move_strike prior_bar_ticks=130 threshold=6000
[MOVE_SUB_B] [14:47:55] FIRESTORM_GATE_BLOCK ABTS setup=move_strike prior_bar_ticks=130 threshold=6000
[MOVE_SUB_B] [14:47:57] FIRESTORM_GATE_BLOCK ABTS setup=move_strike prior_bar_ticks=130 threshold=6000
[MOVE_SUB_B] [14:47:57] FIRESTORM_GATE_BLOCK ABTS setup=move_strike prior_bar_ticks=130 threshold=6000
[MOVE_SUB_B] [14:47:57] FIRESTORM_GATE_BLOCK ABTS setup=move_strike prior_bar_ticks=130 threshold=6000
[MOVE_SUB_B] [14:47:57] FIRESTORM_GATE_BLOCK ABTS setup=move_strike prior_bar_ticks=130 threshold=6000
[MOVE_SUB_B] [14:47:57] FIRESTORM_GATE_BLOCK ABTS setup=move_strike prior_bar_ticks=130 threshold=6000
[MOVE_SUB_B] [14:47:57] FIRESTORM_GATE_BLOCK ABTS setup=move_strike prior_bar_ticks=130 threshold=6000
[MOVE_SUB_B] [14:47:58] FIRESTORM_GATE_BLOCK ABTS setup=move_strike prior_bar_ticks=130 threshold=6000
[MOVE_SUB_B] [14:47:58] FIRESTORM_GATE_BLOCK ABTS setup=move_strike prior_bar_ticks=130 threshold=6000
[MOVE_SUB_B] [14:47:59] FIRESTORM_GATE_BLOCK ABTS setup=move_strike prior_bar_ticks=130 threshold=6000
[MOVE_SUB_B] [14:47:59] FIRESTORM_GATE_BLOCK ABTS setup=move_strike prior_bar_ticks=130 threshold=6000
[MOVE_SUB_B] [14:48:13] STATS ticks=292911 symbols=83 pos=no daily_pnl=+0 drops=0
[MOVE_SUB_B] [14:48:17] FIRESTORM_GATE_BLOCK ABTS setup=move_strike prior_bar_ticks=183 threshold=6000
[MOVE_SUB_B] [14:48:17] FIRESTORM_GATE_BLOCK ABTS setup=move_strike prior_bar_ticks=183 threshold=6000
[MOVE_SUB_B] [14:48:17] FIRESTORM_GATE_BLOCK ABTS setup=move_strike prior_bar_ticks=183 threshold=6000
[MOVE_SUB_B] [14:48:18] FIRESTORM_GATE_BLOCK ABTS setup=move_strike prior_bar_ticks=183 threshold=6000
[MOVE_SUB_B] [14:48:18] FIRESTORM_GATE_BLOCK ABTS setup=move_strike prior_bar_ticks=183 threshold=6000
[MOVE_SUB_B] [14:48:18] FIRESTORM_GATE_BLOCK ABTS setup=move_strike prior_bar_ticks=183 threshold=6000
[MOVE_SUB_B] [14:48:18] FIRESTORM_GATE_BLOCK ABTS setup=move_strike prior_bar_ticks=183 threshold=6000
[MOVE_SUB_B] [14:48:18] FIRESTORM_GATE_BLOCK ABTS setup=move_strike prior_bar_ticks=183 threshold=6000
[MOVE_SUB_B] [14:48:19] FIRESTORM_GATE_BLOCK ABTS setup=move_strike prior_bar_ticks=183 threshold=6000
[MOVE_SUB_B] [14:48:19] FIRESTORM_GATE_BLOCK ABTS setup=move_strike prior_bar_ticks=183 threshold=6000
[MOVE_SUB_B] [14:48:19] FIRESTORM_GATE_BLOCK ABTS setup=move_strike prior_bar_ticks=183 threshold=6000
[MOVE_SUB_B] [14:48:20] FIRESTORM_GATE_BLOCK ABTS setup=move_strike prior_bar_ticks=183 threshold=6000
[MOVE_SUB_B] [14:48:20] FIRESTORM_GATE_BLOCK ABTS setup=move_strike prior_bar_ticks=183 threshold=6000
[MOVE_SUB_B] [14:48:20] FIRESTORM_GATE_BLOCK ABTS setup=move_strike prior_bar_ticks=183 threshold=6000
[MOVE_SUB_B] [14:48:20] FIRESTORM_GATE_BLOCK ABTS setup=move_strike prior_bar_ticks=183 threshold=6000
[MOVE_SUB_B] [14:48:21] FIRESTORM_GATE_BLOCK ABTS setup=move_strike prior_bar_ticks=183 threshold=6000
[MOVE_SUB_B] [14:48:21] FIRESTORM_GATE_BLOCK ABTS setup=move_strike prior_bar_ticks=183 threshold=6000
[MOVE_SUB_B] [14:48:29] FIRESTORM_GATE_BLOCK ABTS setup=move_strike prior_bar_ticks=183 threshold=6000
[MOVE_SUB_B] [14:48:29] FIRESTORM_GATE_BLOCK ABTS setup=move_strike prior_bar_ticks=183 threshold=6000
[MOVE_SUB_B] [14:48:30] FIRESTORM_GATE_BLOCK ABTS setup=move_strike prior_bar_ticks=183 threshold=6000
[MOVE_SUB_B] [14:48:30] FIRESTORM_GATE_BLOCK ABTS setup=move_strike prior_bar_ticks=183 threshold=6000
[MOVE_SUB_B] [14:48:31] FIRESTORM_GATE_BLOCK ABTS setup=move_strike prior_bar_ticks=183 threshold=6000
[MOVE_SUB_B] [14:48:31] FIRESTORM_GATE_BLOCK ABTS setup=move_strike prior_bar_ticks=183 threshold=6000
[MOVE_SUB_B] [14:48:31] FIRESTORM_GATE_BLOCK ABTS setup=move_strike prior_bar_ticks=183 threshold=6000
[MOVE_SUB_B] [14:48:32] FIRESTORM_GATE_BLOCK ABTS setup=move_strike prior_bar_ticks=183 threshold=6000
[MOVE_SUB_B] [14:48:32] FIRESTORM_GATE_BLOCK ABTS setup=move_strike prior_bar_ticks=183 threshold=6000
[MOVE_SUB_B] [14:48:47] FIRESTORM_GATE_BLOCK ABTS setup=move_strike prior_bar_ticks=183 threshold=6000
[MOVE_SUB_B] [14:48:47] FIRESTORM_GATE_BLOCK ABTS setup=move_strike prior_bar_ticks=183 threshold=6000
[MOVE_SUB_B] [14:48:47] FIRESTORM_GATE_BLOCK ABTS setup=move_strike prior_bar_ticks=183 threshold=6000
[MOVE_SUB_B] [14:48:48] FIRESTORM_GATE_BLOCK ABTS setup=move_strike prior_bar_ticks=183 threshold=6000
[MOVE_SUB_B] [14:48:48] FIRESTORM_GATE_BLOCK ABTS setup=move_strike prior_bar_ticks=183 threshold=6000
[MOVE_SUB_B] [14:48:48] FIRESTORM_GATE_BLOCK ABTS setup=move_strike prior_bar_ticks=183 threshold=6000
[MOVE_SUB_B] [14:48:48] FIRESTORM_GATE_BLOCK ABTS setup=move_strike prior_bar_ticks=183 threshold=6000
[MOVE_SUB_B] [14:48:49] FIRESTORM_GATE_BLOCK ABTS setup=move_strike prior_bar_ticks=183 threshold=6000
[MOVE_SUB_B] [14:48:49] FIRESTORM_GATE_BLOCK ABTS setup=move_strike prior_bar_ticks=183 threshold=6000
[MOVE_SUB_B] [14:48:49] FIRESTORM_GATE_BLOCK ABTS setup=move_strike prior_bar_ticks=183 threshold=6000
[MOVE_SUB_B] [14:48:50] FIRESTORM_GATE_BLOCK ABTS setup=move_strike prior_bar_ticks=183 threshold=6000
[MOVE_SUB_B] [14:48:50] FIRESTORM_GATE_BLOCK ABTS setup=move_strike prior_bar_ticks=183 threshold=6000
[MOVE_SUB_B] [14:48:50] FIRESTORM_GATE_BLOCK ABTS setup=move_strike prior_bar_ticks=183 threshold=6000
[MOVE_SUB_B] [14:48:50] FIRESTORM_GATE_BLOCK ABTS setup=move_strike prior_bar_ticks=183 threshold=6000
[MOVE_SUB_B] [14:48:50] FIRESTORM_GATE_BLOCK ABTS setup=move_strike prior_bar_ticks=183 threshold=6000
[MOVE_SUB_B] [14:48:50] FIRESTORM_GATE_BLOCK ABTS setup=move_strike prior_bar_ticks=183 threshold=6000
[MOVE_SUB_B] [14:48:50] FIRESTORM_GATE_BLOCK ABTS setup=move_strike prior_bar_ticks=183 threshold=6000
[MOVE_SUB_B] [14:48:50] FIRESTORM_GATE_BLOCK ABTS setup=move_strike prior_bar_ticks=183 threshold=6000
[MOVE_SUB_B] [14:48:50] FIRESTORM_GATE_BLOCK ABTS setup=move_strike prior_bar_ticks=183 threshold=6000
[MOVE_SUB_B] [14:48:50] FIRESTORM_GATE_BLOCK ABTS setup=move_strike prior_bar_ticks=183 threshold=6000
[MOVE_SUB_B] [14:48:51] FIRESTORM_GATE_BLOCK ABTS setup=move_strike prior_bar_ticks=183 threshold=6000
[MOVE_SUB_B] [14:48:51] FIRESTORM_GATE_BLOCK ABTS setup=move_strike prior_bar_ticks=183 threshold=6000
[MOVE_SUB_B] [14:48:51] FIRESTORM_GATE_BLOCK ABTS setup=move_strike prior_bar_ticks=183 threshold=6000
[MOVE_SUB_B] [14:48:51] FIRESTORM_GATE_BLOCK ABTS setup=move_strike prior_bar_ticks=183 threshold=6000
[MOVE_SUB_B] [14:48:51] FIRESTORM_GATE_BLOCK ABTS setup=move_strike prior_bar_ticks=183 threshold=6000
[MOVE_SUB_B] [14:48:52] FIRESTORM_GATE_BLOCK ABTS setup=move_strike prior_bar_ticks=183 threshold=6000
[MOVE_SUB_B] [14:48:52] FIRESTORM_GATE_BLOCK ABTS setup=move_strike prior_bar_ticks=183 threshold=6000
[MOVE_SUB_B] [14:48:52] FIRESTORM_GATE_BLOCK ABTS setup=move_strike prior_bar_ticks=183 threshold=6000
[MOVE_SUB_B] [14:48:52] FIRESTORM_GATE_BLOCK ABTS setup=move_strike prior_bar_ticks=183 threshold=6000
[MOVE_SUB_B] [14:48:52] FIRESTORM_GATE_BLOCK ABTS setup=move_strike prior_bar_ticks=183 threshold=6000
[MOVE_SUB_B] [14:48:52] FIRESTORM_GATE_BLOCK ABTS setup=move_strike prior_bar_ticks=183 threshold=6000
[MOVE_SUB_B] [14:48:52] FIRESTORM_GATE_BLOCK ABTS setup=move_strike prior_bar_ticks=183 threshold=6000
[MOVE_SUB_B] [14:48:52] FIRESTORM_GATE_BLOCK ABTS setup=move_strike prior_bar_ticks=183 threshold=6000
[MOVE_SUB_B] [14:48:52] FIRESTORM_GATE_BLOCK ABTS setup=move_strike prior_bar_ticks=183 threshold=6000
[MOVE_SUB_B] [14:48:53] FIRESTORM_GATE_BLOCK ABTS setup=move_strike prior_bar_ticks=183 threshold=6000
[MOVE_SUB_B] [14:48:53] FIRESTORM_GATE_BLOCK ABTS setup=move_strike prior_bar_ticks=183 threshold=6000
[MOVE_SUB_B] [14:48:53] FIRESTORM_GATE_BLOCK ABTS setup=move_strike prior_bar_ticks=183 threshold=6000
[MOVE_SUB_B] [14:48:53] FIRESTORM_GATE_BLOCK ABTS setup=move_strike prior_bar_ticks=183 threshold=6000
[MOVE_SUB_B] [14:48:53] FIRESTORM_GATE_BLOCK ABTS setup=move_strike prior_bar_ticks=183 threshold=6000
[MOVE_SUB_B] [14:48:53] FIRESTORM_GATE_BLOCK ABTS setup=move_strike prior_bar_ticks=183 threshold=6000
[MOVE_SUB_B] [14:48:53] FIRESTORM_GATE_BLOCK ABTS setup=move_strike prior_bar_ticks=183 threshold=6000
[MOVE_SUB_B] [14:48:53] FIRESTORM_GATE_BLOCK ABTS setup=move_strike prior_bar_ticks=183 threshold=6000
[MOVE_SUB_B] [14:48:53] FIRESTORM_GATE_BLOCK ABTS setup=move_strike prior_bar_ticks=183 threshold=6000
[MOVE_SUB_B] [14:48:53] FIRESTORM_GATE_BLOCK ABTS setup=move_strike prior_bar_ticks=183 threshold=6000
[MOVE_SUB_B] [14:48:53] FIRESTORM_GATE_BLOCK ABTS setup=move_strike prior_bar_ticks=183 threshold=6000
[MOVE_SUB_B] [14:48:54] FIRESTORM_GATE_BLOCK ABTS setup=move_strike prior_bar_ticks=183 threshold=6000
[MOVE_SUB_B] [14:48:54] FIRESTORM_GATE_BLOCK ABTS setup=move_strike prior_bar_ticks=183 threshold=6000
[MOVE_SUB_B] [14:48:54] FIRESTORM_GATE_BLOCK ABTS setup=move_strike prior_bar_ticks=183 threshold=6000
[MOVE_SUB_B] [14:48:54] FIRESTORM_GATE_BLOCK ABTS setup=move_strike prior_bar_ticks=183 threshold=6000
[MOVE_SUB_B] [14:48:54] FIRESTORM_GATE_BLOCK ABTS setup=move_strike prior_bar_ticks=183 threshold=6000
[MOVE_SUB_B] [14:48:54] FIRESTORM_GATE_BLOCK ABTS setup=move_strike prior_bar_ticks=183 threshold=6000
[MOVE_SUB_B] [14:48:55] FIRESTORM_GATE_BLOCK ABTS setup=move_strike prior_bar_ticks=183 threshold=6000
[MOVE_SUB_B] [14:48:55] FIRESTORM_GATE_BLOCK ABTS setup=move_strike prior_bar_ticks=183 threshold=6000
[MOVE_SUB_B] [14:48:55] FIRESTORM_GATE_BLOCK ABTS setup=move_strike prior_bar_ticks=183 threshold=6000
[MOVE_SUB_B] [14:48:56] FIRESTORM_GATE_BLOCK ABTS setup=move_strike prior_bar_ticks=183 threshold=6000
[MOVE_SUB_B] [14:48:57] FIRESTORM_GATE_BLOCK ABTS setup=move_strike prior_bar_ticks=183 threshold=6000
[MOVE_SUB_B] [14:48:57] FIRESTORM_GATE_BLOCK ABTS setup=move_strike prior_bar_ticks=183 threshold=6000
[MOVE_SUB_B] [14:48:57] FIRESTORM_GATE_BLOCK ABTS setup=move_strike prior_bar_ticks=183 threshold=6000
[MOVE_SUB_B] [14:48:58] FIRESTORM_GATE_BLOCK ABTS setup=move_strike prior_bar_ticks=183 threshold=6000
[MOVE_SUB_B] [14:48:58] FIRESTORM_GATE_BLOCK ABTS setup=move_strike prior_bar_ticks=183 threshold=6000
[MOVE_SUB_B] [14:48:58] FIRESTORM_GATE_BLOCK ABTS setup=move_strike prior_bar_ticks=183 threshold=6000
[MOVE_SUB_B] [14:48:58] FIRESTORM_GATE_BLOCK ABTS setup=move_strike prior_bar_ticks=183 threshold=6000
[MOVE_SUB_B] [14:48:58] FIRESTORM_GATE_BLOCK ABTS setup=move_strike prior_bar_ticks=183 threshold=6000
[MOVE_SUB_B] [14:48:59] FIRESTORM_GATE_BLOCK ABTS setup=move_strike prior_bar_ticks=183 threshold=6000
[MOVE_SUB_B] [14:48:59] FIRESTORM_GATE_BLOCK ABTS setup=move_strike prior_bar_ticks=183 threshold=6000
[MOVE_SUB_B] [14:48:59] FIRESTORM_GATE_BLOCK ABTS setup=move_strike prior_bar_ticks=183 threshold=6000
[MOVE_SUB_B] [14:48:59] FIRESTORM_GATE_BLOCK ABTS setup=move_strike prior_bar_ticks=183 threshold=6000
[MOVE_SUB_B] [14:48:59] FIRESTORM_GATE_BLOCK ABTS setup=move_strike prior_bar_ticks=183 threshold=6000
[MOVE_SUB_B] [14:48:59] FIRESTORM_GATE_BLOCK ABTS setup=move_strike prior_bar_ticks=183 threshold=6000
[MOVE_SUB_B] [14:48:59] FIRESTORM_GATE_BLOCK ABTS setup=move_strike prior_bar_ticks=183 threshold=6000
[MOVE_SUB_B] [14:49:14] STATS ticks=295631 symbols=83 pos=no daily_pnl=+0 drops=0
[MOVE_SUB_B] [14:50:14] STATS ticks=297115 symbols=83 pos=no daily_pnl=+0 drops=0
[MOVE_SUB_B] [14:51:14] STATS ticks=298476 symbols=83 pos=no daily_pnl=+0 drops=0
[MOVE_SUB_B] [14:52:14] STATS ticks=299733 symbols=83 pos=no daily_pnl=+0 drops=0
[MOVE_SUB_B] [14:53:11] FIRESTORM_GATE_BLOCK ABTS setup=move_strike prior_bar_ticks=75 threshold=6000
[MOVE_SUB_B] [14:53:11] FIRESTORM_GATE_BLOCK ABTS setup=move_strike prior_bar_ticks=75 threshold=6000
[MOVE_SUB_B] [14:53:11] FIRESTORM_GATE_BLOCK ABTS setup=move_strike prior_bar_ticks=75 threshold=6000
[MOVE_SUB_B] [14:53:13] FIRESTORM_GATE_BLOCK ABTS setup=move_strike prior_bar_ticks=75 threshold=6000
[MOVE_SUB_B] [14:53:13] FIRESTORM_GATE_BLOCK ABTS setup=move_strike prior_bar_ticks=75 threshold=6000
[MOVE_SUB_B] [14:53:13] FIRESTORM_GATE_BLOCK ABTS setup=move_strike prior_bar_ticks=75 threshold=6000
[MOVE_SUB_B] [14:53:14] STATS ticks=300629 symbols=83 pos=no daily_pnl=+0 drops=0
[MOVE_SUB_B] [14:53:14] FIRESTORM_GATE_BLOCK ABTS setup=move_strike prior_bar_ticks=75 threshold=6000
[MOVE_SUB_B] [14:53:14] FIRESTORM_GATE_BLOCK ABTS setup=move_strike prior_bar_ticks=75 threshold=6000
[MOVE_SUB_B] [14:53:31] FIRESTORM_GATE_BLOCK ABTS setup=move_strike prior_bar_ticks=75 threshold=6000
[MOVE_SUB_B] [14:53:31] FIRESTORM_GATE_BLOCK ABTS setup=move_strike prior_bar_ticks=75 threshold=6000
[MOVE_SUB_B] [14:53:31] FIRESTORM_GATE_BLOCK ABTS setup=move_strike prior_bar_ticks=75 threshold=6000
[MOVE_SUB_B] [14:53:33] FIRESTORM_GATE_BLOCK ABTS setup=move_strike prior_bar_ticks=75 threshold=6000
[MOVE_SUB_B] [14:53:40] FIRESTORM_GATE_BLOCK ABTS setup=move_strike prior_bar_ticks=75 threshold=6000
[MOVE_SUB_B] [14:53:40] FIRESTORM_GATE_BLOCK ABTS setup=move_strike prior_bar_ticks=75 threshold=6000
[MOVE_SUB_B] [14:53:44] FIRESTORM_GATE_BLOCK ABTS setup=move_strike prior_bar_ticks=75 threshold=6000
[MOVE_SUB_B] [14:53:47] FIRESTORM_GATE_BLOCK ABTS setup=move_strike prior_bar_ticks=75 threshold=6000
[MOVE_SUB_B] [14:53:48] FIRESTORM_GATE_BLOCK ABTS setup=move_strike prior_bar_ticks=75 threshold=6000
[MOVE_SUB_B] [14:54:14] STATS ticks=302283 symbols=83 pos=no daily_pnl=+0 drops=0
[MOVE_SUB_B] [14:55:14] STATS ticks=303188 symbols=83 pos=no daily_pnl=+0 drops=0
[MOVE_SUB_B] [14:56:14] STATS ticks=304480 symbols=83 pos=no daily_pnl=+0 drops=0
[MOVE_SUB_B] [14:56:53] FIRESTORM_GATE_BLOCK ABTS setup=move_strike prior_bar_ticks=167 threshold=6000
[MOVE_SUB_B] [14:56:53] FIRESTORM_GATE_BLOCK ABTS setup=move_strike prior_bar_ticks=167 threshold=6000
[MOVE_SUB_B] [14:56:53] FIRESTORM_GATE_BLOCK ABTS setup=move_strike prior_bar_ticks=167 threshold=6000
[MOVE_SUB_B] [14:56:53] FIRESTORM_GATE_BLOCK ABTS setup=move_strike prior_bar_ticks=167 threshold=6000
[MOVE_SUB_B] [14:56:53] FIRESTORM_GATE_BLOCK ABTS setup=move_strike prior_bar_ticks=167 threshold=6000
[MOVE_SUB_B] [14:56:54] FIRESTORM_GATE_BLOCK ABTS setup=move_strike prior_bar_ticks=167 threshold=6000
[MOVE_SUB_B] [14:56:54] FIRESTORM_GATE_BLOCK ABTS setup=move_strike prior_bar_ticks=167 threshold=6000
[MOVE_SUB_B] [14:56:54] FIRESTORM_GATE_BLOCK ABTS setup=move_strike prior_bar_ticks=167 threshold=6000
[MOVE_SUB_B] [14:56:54] FIRESTORM_GATE_BLOCK ABTS setup=move_strike prior_bar_ticks=167 threshold=6000
[MOVE_SUB_B] [14:56:54] FIRESTORM_GATE_BLOCK ABTS setup=move_strike prior_bar_ticks=167 threshold=6000
[MOVE_SUB_B] [14:56:54] FIRESTORM_GATE_BLOCK ABTS setup=move_strike prior_bar_ticks=167 threshold=6000
[MOVE_SUB_B] [14:56:54] FIRESTORM_GATE_BLOCK ABTS setup=move_strike prior_bar_ticks=167 threshold=6000
[MOVE_SUB_B] [14:56:54] FIRESTORM_GATE_BLOCK ABTS setup=move_strike prior_bar_ticks=167 threshold=6000
[MOVE_SUB_B] [14:56:54] FIRESTORM_GATE_BLOCK ABTS setup=move_strike prior_bar_ticks=167 threshold=6000
[MOVE_SUB_B] [14:56:54] FIRESTORM_GATE_BLOCK ABTS setup=move_strike prior_bar_ticks=167 threshold=6000
[MOVE_SUB_B] [14:56:55] FIRESTORM_GATE_BLOCK ABTS setup=move_strike prior_bar_ticks=167 threshold=6000
[MOVE_SUB_B] [14:56:55] FIRESTORM_GATE_BLOCK ABTS setup=move_strike prior_bar_ticks=167 threshold=6000
[MOVE_SUB_B] [14:56:55] FIRESTORM_GATE_BLOCK ABTS setup=move_strike prior_bar_ticks=167 threshold=6000
[MOVE_SUB_B] [14:56:55] FIRESTORM_GATE_BLOCK ABTS setup=move_strike prior_bar_ticks=167 threshold=6000
[MOVE_SUB_B] [14:56:55] FIRESTORM_GATE_BLOCK ABTS setup=move_strike prior_bar_ticks=167 threshold=6000
[MOVE_SUB_B] [14:56:55] FIRESTORM_GATE_BLOCK ABTS setup=move_strike prior_bar_ticks=167 threshold=6000
[MOVE_SUB_B] [14:56:55] FIRESTORM_GATE_BLOCK ABTS setup=move_strike prior_bar_ticks=167 threshold=6000
[MOVE_SUB_B] [14:56:55] FIRESTORM_GATE_BLOCK ABTS setup=move_strike prior_bar_ticks=167 threshold=6000
[MOVE_SUB_B] [14:56:55] FIRESTORM_GATE_BLOCK ABTS setup=move_strike prior_bar_ticks=167 threshold=6000
[MOVE_SUB_B] [14:56:55] FIRESTORM_GATE_BLOCK ABTS setup=move_strike prior_bar_ticks=167 threshold=6000
[MOVE_SUB_B] [14:56:55] FIRESTORM_GATE_BLOCK ABTS setup=move_strike prior_bar_ticks=167 threshold=6000
[MOVE_SUB_B] [14:56:55] FIRESTORM_GATE_BLOCK ABTS setup=move_strike prior_bar_ticks=167 threshold=6000
[MOVE_SUB_B] [14:56:55] FIRESTORM_GATE_BLOCK ABTS setup=move_strike prior_bar_ticks=167 threshold=6000
[MOVE_SUB_B] [14:56:56] FIRESTORM_GATE_BLOCK ABTS setup=move_strike prior_bar_ticks=167 threshold=6000
[MOVE_SUB_B] [14:56:56] FIRESTORM_GATE_BLOCK ABTS setup=move_strike prior_bar_ticks=167 threshold=6000
[MOVE_SUB_B] [14:56:56] FIRESTORM_GATE_BLOCK ABTS setup=move_strike prior_bar_ticks=167 threshold=6000
[MOVE_SUB_B] [14:56:56] FIRESTORM_GATE_BLOCK ABTS setup=move_strike prior_bar_ticks=167 threshold=6000
[MOVE_SUB_B] [14:56:56] FIRESTORM_GATE_BLOCK ABTS setup=move_strike prior_bar_ticks=167 threshold=6000
[MOVE_SUB_B] [14:56:56] FIRESTORM_GATE_BLOCK ABTS setup=move_strike prior_bar_ticks=167 threshold=6000
[MOVE_SUB_B] [14:56:56] FIRESTORM_GATE_BLOCK ABTS setup=move_strike prior_bar_ticks=167 threshold=6000
[MOVE_SUB_B] [14:56:56] FIRESTORM_GATE_BLOCK ABTS setup=move_strike prior_bar_ticks=167 threshold=6000
[MOVE_SUB_B] [14:56:56] FIRESTORM_GATE_BLOCK ABTS setup=move_strike prior_bar_ticks=167 threshold=6000
[MOVE_SUB_B] [14:56:57] FIRESTORM_GATE_BLOCK ABTS setup=move_strike prior_bar_ticks=167 threshold=6000
[MOVE_SUB_B] [14:56:57] FIRESTORM_GATE_BLOCK ABTS setup=move_strike prior_bar_ticks=167 threshold=6000
[MOVE_SUB_B] [14:56:57] FIRESTORM_GATE_BLOCK ABTS setup=move_strike prior_bar_ticks=167 threshold=6000
[MOVE_SUB_B] [14:56:57] FIRESTORM_GATE_BLOCK ABTS setup=move_strike prior_bar_ticks=167 threshold=6000
[MOVE_SUB_B] [14:56:58] FIRESTORM_GATE_BLOCK ABTS setup=move_strike prior_bar_ticks=167 threshold=6000
[MOVE_SUB_B] [14:56:58] FIRESTORM_GATE_BLOCK ABTS setup=move_strike prior_bar_ticks=167 threshold=6000
[MOVE_SUB_B] [14:56:58] FIRESTORM_GATE_BLOCK ABTS setup=move_strike prior_bar_ticks=167 threshold=6000
[MOVE_SUB_B] [14:56:58] FIRESTORM_GATE_BLOCK ABTS setup=move_strike prior_bar_ticks=167 threshold=6000
[MOVE_SUB_B] [14:56:59] FIRESTORM_GATE_BLOCK ABTS setup=move_strike prior_bar_ticks=167 threshold=6000
[MOVE_SUB_B] [14:56:59] FIRESTORM_GATE_BLOCK ABTS setup=move_strike prior_bar_ticks=167 threshold=6000
[MOVE_SUB_B] [14:56:59] FIRESTORM_GATE_BLOCK ABTS setup=move_strike prior_bar_ticks=167 threshold=6000
[MOVE_SUB_B] [14:56:59] FIRESTORM_GATE_BLOCK ABTS setup=move_strike prior_bar_ticks=167 threshold=6000
[MOVE_SUB_B] [14:56:59] FIRESTORM_GATE_BLOCK ABTS setup=move_strike prior_bar_ticks=167 threshold=6000
[MOVE_SUB_B] [14:56:59] FIRESTORM_GATE_BLOCK ABTS setup=move_strike prior_bar_ticks=167 threshold=6000
[MOVE_SUB_B] [14:57:15] STATS ticks=306236 symbols=83 pos=no daily_pnl=+0 drops=0
[MOVE_SUB_B] [14:58:15] STATS ticks=307486 symbols=83 pos=no daily_pnl=+0 drops=0
[MOVE_SUB_B] [14:59:15] STATS ticks=308610 symbols=83 pos=no daily_pnl=+0 drops=0
[MOVE_SUB_B] [15:00:15] STATS ticks=309675 symbols=83 pos=no daily_pnl=+0 drops=0
[MOVE_SUB_B] [15:00:18] new symbol RMCO — detector + movement_strike instantiated
[MOVE_SUB_B] [15:01:15] STATS ticks=310735 symbols=84 pos=no daily_pnl=+0 drops=0
[MOVE_SUB_B] [15:02:16] STATS ticks=311717 symbols=84 pos=no daily_pnl=+0 drops=0
[MOVE_SUB_B] [15:02:37] FIRESTORM_GATE_BLOCK ABTS setup=move_strike prior_bar_ticks=369 threshold=6000
[MOVE_SUB_B] [15:02:37] FIRESTORM_GATE_BLOCK ABTS setup=move_strike prior_bar_ticks=369 threshold=6000
[MOVE_SUB_B] [15:02:37] FIRESTORM_GATE_BLOCK ABTS setup=move_strike prior_bar_ticks=369 threshold=6000
[MOVE_SUB_B] [15:02:37] FIRESTORM_GATE_BLOCK ABTS setup=move_strike prior_bar_ticks=369 threshold=6000
[MOVE_SUB_B] [15:02:37] FIRESTORM_GATE_BLOCK ABTS setup=move_strike prior_bar_ticks=369 threshold=6000
[MOVE_SUB_B] [15:02:37] FIRESTORM_GATE_BLOCK ABTS setup=move_strike prior_bar_ticks=369 threshold=6000
[MOVE_SUB_B] [15:02:37] FIRESTORM_GATE_BLOCK ABTS setup=move_strike prior_bar_ticks=369 threshold=6000
[MOVE_SUB_B] [15:02:37] FIRESTORM_GATE_BLOCK ABTS setup=move_strike prior_bar_ticks=369 threshold=6000
[MOVE_SUB_B] [15:02:37] FIRESTORM_GATE_BLOCK ABTS setup=move_strike prior_bar_ticks=369 threshold=6000
[MOVE_SUB_B] [15:02:37] FIRESTORM_GATE_BLOCK ABTS setup=move_strike prior_bar_ticks=369 threshold=6000
[MOVE_SUB_B] [15:02:37] FIRESTORM_GATE_BLOCK ABTS setup=move_strike prior_bar_ticks=369 threshold=6000
[MOVE_SUB_B] [15:02:37] FIRESTORM_GATE_BLOCK ABTS setup=move_strike prior_bar_ticks=369 threshold=6000
[MOVE_SUB_B] [15:03:16] STATS ticks=313637 symbols=84 pos=no daily_pnl=+0 drops=0
[MOVE_SUB_B] [15:04:16] STATS ticks=314798 symbols=84 pos=no daily_pnl=+0 drops=0
[MOVE_SUB_B] [15:05:16] STATS ticks=315727 symbols=84 pos=no daily_pnl=+0 drops=0
[MOVE_SUB_B] [15:06:16] STATS ticks=316859 symbols=84 pos=no daily_pnl=+0 drops=0
[MOVE_SUB_B] [15:07:16] STATS ticks=317703 symbols=84 pos=no daily_pnl=+0 drops=0
[MOVE_SUB_B] [15:08:16] STATS ticks=318509 symbols=84 pos=no daily_pnl=+0 drops=0
[MOVE_SUB_B] [15:09:16] STATS ticks=319296 symbols=84 pos=no daily_pnl=+0 drops=0
[MOVE_SUB_B] [15:10:16] STATS ticks=320115 symbols=84 pos=no daily_pnl=+0 drops=0
[MOVE_SUB_B] [15:10:27] FIRESTORM_GATE_BLOCK ABTS setup=move_strike prior_bar_ticks=257 threshold=6000
[MOVE_SUB_B] [15:10:27] FIRESTORM_GATE_BLOCK ABTS setup=move_strike prior_bar_ticks=257 threshold=6000
[MOVE_SUB_B] [15:10:27] FIRESTORM_GATE_BLOCK ABTS setup=move_strike prior_bar_ticks=257 threshold=6000
[MOVE_SUB_B] [15:10:27] FIRESTORM_GATE_BLOCK ABTS setup=move_strike prior_bar_ticks=257 threshold=6000
[MOVE_SUB_B] [15:10:27] FIRESTORM_GATE_BLOCK ABTS setup=move_strike prior_bar_ticks=257 threshold=6000
[MOVE_SUB_B] [15:10:27] FIRESTORM_GATE_BLOCK ABTS setup=move_strike prior_bar_ticks=257 threshold=6000
[MOVE_SUB_B] [15:10:27] FIRESTORM_GATE_BLOCK ABTS setup=move_strike prior_bar_ticks=257 threshold=6000
[MOVE_SUB_B] [15:10:27] FIRESTORM_GATE_BLOCK ABTS setup=move_strike prior_bar_ticks=257 threshold=6000
[MOVE_SUB_B] [15:10:28] FIRESTORM_GATE_BLOCK ABTS setup=move_strike prior_bar_ticks=257 threshold=6000
[MOVE_SUB_B] [15:10:28] FIRESTORM_GATE_BLOCK ABTS setup=move_strike prior_bar_ticks=257 threshold=6000
[MOVE_SUB_B] [15:10:28] FIRESTORM_GATE_BLOCK ABTS setup=move_strike prior_bar_ticks=257 threshold=6000
[MOVE_SUB_B] [15:10:28] FIRESTORM_GATE_BLOCK ABTS setup=move_strike prior_bar_ticks=257 threshold=6000
[MOVE_SUB_B] [15:10:28] FIRESTORM_GATE_BLOCK ABTS setup=move_strike prior_bar_ticks=257 threshold=6000
[MOVE_SUB_B] [15:10:28] FIRESTORM_GATE_BLOCK ABTS setup=move_strike prior_bar_ticks=257 threshold=6000
[MOVE_SUB_B] [15:10:28] FIRESTORM_GATE_BLOCK ABTS setup=move_strike prior_bar_ticks=257 threshold=6000
[MOVE_SUB_B] [15:10:29] FIRESTORM_GATE_BLOCK ABTS setup=move_strike prior_bar_ticks=257 threshold=6000
[MOVE_SUB_B] [15:10:29] FIRESTORM_GATE_BLOCK ABTS setup=move_strike prior_bar_ticks=257 threshold=6000
[MOVE_SUB_B] [15:10:30] FIRESTORM_GATE_BLOCK ABTS setup=move_strike prior_bar_ticks=257 threshold=6000
[MOVE_SUB_B] [15:10:32] FIRESTORM_GATE_BLOCK ABTS setup=move_strike prior_bar_ticks=257 threshold=6000
[MOVE_SUB_B] [15:10:32] FIRESTORM_GATE_BLOCK ABTS setup=move_strike prior_bar_ticks=257 threshold=6000
[MOVE_SUB_B] [15:10:32] FIRESTORM_GATE_BLOCK ABTS setup=move_strike prior_bar_ticks=257 threshold=6000
[MOVE_SUB_B] [15:10:32] FIRESTORM_GATE_BLOCK ABTS setup=move_strike prior_bar_ticks=257 threshold=6000
[MOVE_SUB_B] [15:10:33] FIRESTORM_GATE_BLOCK ABTS setup=move_strike prior_bar_ticks=257 threshold=6000
[MOVE_SUB_B] [15:10:33] FIRESTORM_GATE_BLOCK ABTS setup=move_strike prior_bar_ticks=257 threshold=6000
[MOVE_SUB_B] [15:10:53] FIRESTORM_GATE_BLOCK ABTS setup=move_strike prior_bar_ticks=257 threshold=6000
[MOVE_SUB_B] [15:10:53] FIRESTORM_GATE_BLOCK ABTS setup=move_strike prior_bar_ticks=257 threshold=6000
[MOVE_SUB_B] [15:10:53] FIRESTORM_GATE_BLOCK ABTS setup=move_strike prior_bar_ticks=257 threshold=6000
[MOVE_SUB_B] [15:10:53] FIRESTORM_GATE_BLOCK ABTS setup=move_strike prior_bar_ticks=257 threshold=6000
[MOVE_SUB_B] [15:10:54] FIRESTORM_GATE_BLOCK ABTS setup=move_strike prior_bar_ticks=257 threshold=6000
[MOVE_SUB_B] [15:10:55] FIRESTORM_GATE_BLOCK ABTS setup=move_strike prior_bar_ticks=257 threshold=6000
[MOVE_SUB_B] [15:10:59] FIRESTORM_GATE_BLOCK ABTS setup=move_strike prior_bar_ticks=257 threshold=6000
[MOVE_SUB_B] [15:11:17] STATS ticks=320832 symbols=84 pos=no daily_pnl=+0 drops=0
[MOVE_SUB_B] [15:12:17] STATS ticks=321795 symbols=84 pos=no daily_pnl=+0 drops=0
[MOVE_SUB_B] [15:13:17] STATS ticks=322735 symbols=84 pos=no daily_pnl=+0 drops=0
[MOVE_SUB_B] [15:14:17] STATS ticks=323578 symbols=84 pos=no daily_pnl=+0 drops=0
[MOVE_SUB_B] [15:15:17] STATS ticks=324818 symbols=84 pos=no daily_pnl=+0 drops=0
[MOVE_SUB_B] [15:16:18] STATS ticks=325828 symbols=84 pos=no daily_pnl=+0 drops=0
[MOVE_SUB_B] [15:17:18] STATS ticks=326616 symbols=84 pos=no daily_pnl=+0 drops=0
[MOVE_SUB_B] [15:17:19] FIRESTORM_GATE_BLOCK ABTS setup=move_strike prior_bar_ticks=94 threshold=6000
[MOVE_SUB_B] [15:17:20] FIRESTORM_GATE_BLOCK ABTS setup=move_strike prior_bar_ticks=94 threshold=6000
[MOVE_SUB_B] [15:17:22] FIRESTORM_GATE_BLOCK ABTS setup=move_strike prior_bar_ticks=94 threshold=6000
[MOVE_SUB_B] [15:17:25] FIRESTORM_GATE_BLOCK ABTS setup=move_strike prior_bar_ticks=94 threshold=6000
[MOVE_SUB_B] [15:17:25] FIRESTORM_GATE_BLOCK ABTS setup=move_strike prior_bar_ticks=94 threshold=6000
[MOVE_SUB_B] [15:17:27] FIRESTORM_GATE_BLOCK ABTS setup=move_strike prior_bar_ticks=94 threshold=6000
[MOVE_SUB_B] [15:17:43] FIRESTORM_GATE_BLOCK ABTS setup=move_strike prior_bar_ticks=94 threshold=6000
[MOVE_SUB_B] [15:17:43] FIRESTORM_GATE_BLOCK ABTS setup=move_strike prior_bar_ticks=94 threshold=6000
[MOVE_SUB_B] [15:17:43] FIRESTORM_GATE_BLOCK ABTS setup=move_strike prior_bar_ticks=94 threshold=6000
[MOVE_SUB_B] [15:17:43] FIRESTORM_GATE_BLOCK ABTS setup=move_strike prior_bar_ticks=94 threshold=6000
[MOVE_SUB_B] [15:17:43] FIRESTORM_GATE_BLOCK ABTS setup=move_strike prior_bar_ticks=94 threshold=6000
[MOVE_SUB_B] [15:17:43] FIRESTORM_GATE_BLOCK ABTS setup=move_strike prior_bar_ticks=94 threshold=6000
[MOVE_SUB_B] [15:17:43] FIRESTORM_GATE_BLOCK ABTS setup=move_strike prior_bar_ticks=94 threshold=6000
[MOVE_SUB_B] [15:17:43] FIRESTORM_GATE_BLOCK ABTS setup=move_strike prior_bar_ticks=94 threshold=6000
[MOVE_SUB_B] [15:17:43] FIRESTORM_GATE_BLOCK ABTS setup=move_strike prior_bar_ticks=94 threshold=6000
[MOVE_SUB_B] [15:17:43] FIRESTORM_GATE_BLOCK ABTS setup=move_strike prior_bar_ticks=94 threshold=6000
[MOVE_SUB_B] [15:17:43] FIRESTORM_GATE_BLOCK ABTS setup=move_strike prior_bar_ticks=94 threshold=6000
[MOVE_SUB_B] [15:17:43] FIRESTORM_GATE_BLOCK ABTS setup=move_strike prior_bar_ticks=94 threshold=6000
[MOVE_SUB_B] [15:17:43] FIRESTORM_GATE_BLOCK ABTS setup=move_strike prior_bar_ticks=94 threshold=6000
[MOVE_SUB_B] [15:17:43] FIRESTORM_GATE_BLOCK ABTS setup=move_strike prior_bar_ticks=94 threshold=6000
[MOVE_SUB_B] [15:17:43] FIRESTORM_GATE_BLOCK ABTS setup=move_strike prior_bar_ticks=94 threshold=6000
[MOVE_SUB_B] [15:17:43] FIRESTORM_GATE_BLOCK ABTS setup=move_strike prior_bar_ticks=94 threshold=6000
[MOVE_SUB_B] [15:17:43] FIRESTORM_GATE_BLOCK ABTS setup=move_strike prior_bar_ticks=94 threshold=6000
[MOVE_SUB_B] [15:17:43] FIRESTORM_GATE_BLOCK ABTS setup=move_strike prior_bar_ticks=94 threshold=6000
[MOVE_SUB_B] [15:17:43] FIRESTORM_GATE_BLOCK ABTS setup=move_strike prior_bar_ticks=94 threshold=6000
[MOVE_SUB_B] [15:17:43] FIRESTORM_GATE_BLOCK ABTS setup=move_strike prior_bar_ticks=94 threshold=6000
[MOVE_SUB_B] [15:17:43] FIRESTORM_GATE_BLOCK ABTS setup=move_strike prior_bar_ticks=94 threshold=6000
[MOVE_SUB_B] [15:17:43] FIRESTORM_GATE_BLOCK ABTS setup=move_strike prior_bar_ticks=94 threshold=6000
[MOVE_SUB_B] [15:17:43] FIRESTORM_GATE_BLOCK ABTS setup=move_strike prior_bar_ticks=94 threshold=6000
[MOVE_SUB_B] [15:17:43] FIRESTORM_GATE_BLOCK ABTS setup=move_strike prior_bar_ticks=94 threshold=6000
[MOVE_SUB_B] [15:17:43] FIRESTORM_GATE_BLOCK ABTS setup=move_strike prior_bar_ticks=94 threshold=6000
[MOVE_SUB_B] [15:17:43] FIRESTORM_GATE_BLOCK ABTS setup=move_strike prior_bar_ticks=94 threshold=6000
[MOVE_SUB_B] [15:17:43] FIRESTORM_GATE_BLOCK ABTS setup=move_strike prior_bar_ticks=94 threshold=6000
[MOVE_SUB_B] [15:17:43] FIRESTORM_GATE_BLOCK ABTS setup=move_strike prior_bar_ticks=94 threshold=6000
[MOVE_SUB_B] [15:17:43] FIRESTORM_GATE_BLOCK ABTS setup=move_strike prior_bar_ticks=94 threshold=6000
[MOVE_SUB_B] [15:17:43] FIRESTORM_GATE_BLOCK ABTS setup=move_strike prior_bar_ticks=94 threshold=6000
[MOVE_SUB_B] [15:17:43] FIRESTORM_GATE_BLOCK ABTS setup=move_strike prior_bar_ticks=94 threshold=6000
[MOVE_SUB_B] [15:17:43] FIRESTORM_GATE_BLOCK ABTS setup=move_strike prior_bar_ticks=94 threshold=6000
[MOVE_SUB_B] [15:17:43] FIRESTORM_GATE_BLOCK ABTS setup=move_strike prior_bar_ticks=94 threshold=6000
[MOVE_SUB_B] [15:17:43] FIRESTORM_GATE_BLOCK ABTS setup=move_strike prior_bar_ticks=94 threshold=6000
[MOVE_SUB_B] [15:17:43] FIRESTORM_GATE_BLOCK ABTS setup=move_strike prior_bar_ticks=94 threshold=6000
[MOVE_SUB_B] [15:17:43] FIRESTORM_GATE_BLOCK ABTS setup=move_strike prior_bar_ticks=94 threshold=6000
[MOVE_SUB_B] [15:17:43] FIRESTORM_GATE_BLOCK ABTS setup=move_strike prior_bar_ticks=94 threshold=6000
[MOVE_SUB_B] [15:17:43] FIRESTORM_GATE_BLOCK ABTS setup=move_strike prior_bar_ticks=94 threshold=6000
[MOVE_SUB_B] [15:17:43] FIRESTORM_GATE_BLOCK ABTS setup=move_strike prior_bar_ticks=94 threshold=6000
[MOVE_SUB_B] [15:17:43] FIRESTORM_GATE_BLOCK ABTS setup=move_strike prior_bar_ticks=94 threshold=6000
[MOVE_SUB_B] [15:17:43] FIRESTORM_GATE_BLOCK ABTS setup=move_strike prior_bar_ticks=94 threshold=6000
[MOVE_SUB_B] [15:17:43] FIRESTORM_GATE_BLOCK ABTS setup=move_strike prior_bar_ticks=94 threshold=6000
[MOVE_SUB_B] [15:17:43] FIRESTORM_GATE_BLOCK ABTS setup=move_strike prior_bar_ticks=94 threshold=6000
[MOVE_SUB_B] [15:17:43] FIRESTORM_GATE_BLOCK ABTS setup=move_strike prior_bar_ticks=94 threshold=6000
[MOVE_SUB_B] [15:17:43] FIRESTORM_GATE_BLOCK ABTS setup=move_strike prior_bar_ticks=94 threshold=6000
[MOVE_SUB_B] [15:17:43] FIRESTORM_GATE_BLOCK ABTS setup=move_strike prior_bar_ticks=94 threshold=6000
[MOVE_SUB_B] [15:17:43] FIRESTORM_GATE_BLOCK ABTS setup=move_strike prior_bar_ticks=94 threshold=6000
[MOVE_SUB_B] [15:17:43] FIRESTORM_GATE_BLOCK ABTS setup=move_strike prior_bar_ticks=94 threshold=6000
[MOVE_SUB_B] [15:17:43] FIRESTORM_GATE_BLOCK ABTS setup=move_strike prior_bar_ticks=94 threshold=6000
[MOVE_SUB_B] [15:17:43] FIRESTORM_GATE_BLOCK ABTS setup=move_strike prior_bar_ticks=94 threshold=6000
[MOVE_SUB_B] [15:17:43] FIRESTORM_GATE_BLOCK ABTS setup=move_strike prior_bar_ticks=94 threshold=6000
[MOVE_SUB_B] [15:17:44] FIRESTORM_GATE_BLOCK ABTS setup=move_strike prior_bar_ticks=94 threshold=6000
[MOVE_SUB_B] [15:17:44] FIRESTORM_GATE_BLOCK ABTS setup=move_strike prior_bar_ticks=94 threshold=6000
[MOVE_SUB_B] [15:17:44] FIRESTORM_GATE_BLOCK ABTS setup=move_strike prior_bar_ticks=94 threshold=6000
[MOVE_SUB_B] [15:17:44] FIRESTORM_GATE_BLOCK ABTS setup=move_strike prior_bar_ticks=94 threshold=6000
[MOVE_SUB_B] [15:17:44] FIRESTORM_GATE_BLOCK ABTS setup=move_strike prior_bar_ticks=94 threshold=6000
[MOVE_SUB_B] [15:17:44] FIRESTORM_GATE_BLOCK ABTS setup=move_strike prior_bar_ticks=94 threshold=6000
[MOVE_SUB_B] [15:17:44] FIRESTORM_GATE_BLOCK ABTS setup=move_strike prior_bar_ticks=94 threshold=6000
[MOVE_SUB_B] [15:17:44] FIRESTORM_GATE_BLOCK ABTS setup=move_strike prior_bar_ticks=94 threshold=6000
[MOVE_SUB_B] [15:17:44] FIRESTORM_GATE_BLOCK ABTS setup=move_strike prior_bar_ticks=94 threshold=6000
[MOVE_SUB_B] [15:17:44] FIRESTORM_GATE_BLOCK ABTS setup=move_strike prior_bar_ticks=94 threshold=6000
[MOVE_SUB_B] [15:17:44] FIRESTORM_GATE_BLOCK ABTS setup=move_strike prior_bar_ticks=94 threshold=6000
[MOVE_SUB_B] [15:17:44] FIRESTORM_GATE_BLOCK ABTS setup=move_strike prior_bar_ticks=94 threshold=6000
[MOVE_SUB_B] [15:17:44] FIRESTORM_GATE_BLOCK ABTS setup=move_strike prior_bar_ticks=94 threshold=6000
[MOVE_SUB_B] [15:17:44] FIRESTORM_GATE_BLOCK ABTS setup=move_strike prior_bar_ticks=94 threshold=6000
[MOVE_SUB_B] [15:17:44] FIRESTORM_GATE_BLOCK ABTS setup=move_strike prior_bar_ticks=94 threshold=6000
[MOVE_SUB_B] [15:17:44] FIRESTORM_GATE_BLOCK ABTS setup=move_strike prior_bar_ticks=94 threshold=6000
[MOVE_SUB_B] [15:17:44] FIRESTORM_GATE_BLOCK ABTS setup=move_strike prior_bar_ticks=94 threshold=6000
[MOVE_SUB_B] [15:17:44] FIRESTORM_GATE_BLOCK ABTS setup=move_strike prior_bar_ticks=94 threshold=6000
[MOVE_SUB_B] [15:17:44] FIRESTORM_GATE_BLOCK ABTS setup=move_strike prior_bar_ticks=94 threshold=6000
[MOVE_SUB_B] [15:17:44] FIRESTORM_GATE_BLOCK ABTS setup=move_strike prior_bar_ticks=94 threshold=6000
[MOVE_SUB_B] [15:17:44] FIRESTORM_GATE_BLOCK ABTS setup=move_strike prior_bar_ticks=94 threshold=6000
[MOVE_SUB_B] [15:17:44] FIRESTORM_GATE_BLOCK ABTS setup=move_strike prior_bar_ticks=94 threshold=6000
[MOVE_SUB_B] [15:17:44] FIRESTORM_GATE_BLOCK ABTS setup=move_strike prior_bar_ticks=94 threshold=6000
[MOVE_SUB_B] [15:17:44] FIRESTORM_GATE_BLOCK ABTS setup=move_strike prior_bar_ticks=94 threshold=6000
[MOVE_SUB_B] [15:17:44] FIRESTORM_GATE_BLOCK ABTS setup=move_strike prior_bar_ticks=94 threshold=6000
[MOVE_SUB_B] [15:17:44] FIRESTORM_GATE_BLOCK ABTS setup=move_strike prior_bar_ticks=94 threshold=6000
[MOVE_SUB_B] [15:17:44] FIRESTORM_GATE_BLOCK ABTS setup=move_strike prior_bar_ticks=94 threshold=6000
[MOVE_SUB_B] [15:17:44] FIRESTORM_GATE_BLOCK ABTS setup=move_strike prior_bar_ticks=94 threshold=6000
[MOVE_SUB_B] [15:17:44] FIRESTORM_GATE_BLOCK ABTS setup=move_strike prior_bar_ticks=94 threshold=6000
[MOVE_SUB_B] [15:17:44] FIRESTORM_GATE_BLOCK ABTS setup=move_strike prior_bar_ticks=94 threshold=6000
[MOVE_SUB_B] [15:17:44] FIRESTORM_GATE_BLOCK ABTS setup=move_strike prior_bar_ticks=94 threshold=6000
[MOVE_SUB_B] [15:17:44] FIRESTORM_GATE_BLOCK ABTS setup=move_strike prior_bar_ticks=94 threshold=6000
[MOVE_SUB_B] [15:17:44] FIRESTORM_GATE_BLOCK ABTS setup=move_strike prior_bar_ticks=94 threshold=6000
[MOVE_SUB_B] [15:17:44] FIRESTORM_GATE_BLOCK ABTS setup=move_strike prior_bar_ticks=94 threshold=6000
[MOVE_SUB_B] [15:17:44] FIRESTORM_GATE_BLOCK ABTS setup=move_strike prior_bar_ticks=94 threshold=6000
[MOVE_SUB_B] [15:17:44] FIRESTORM_GATE_BLOCK ABTS setup=move_strike prior_bar_ticks=94 threshold=6000
[MOVE_SUB_B] [15:17:44] FIRESTORM_GATE_BLOCK ABTS setup=move_strike prior_bar_ticks=94 threshold=6000
[MOVE_SUB_B] [15:17:44] FIRESTORM_GATE_BLOCK ABTS setup=move_strike prior_bar_ticks=94 threshold=6000
[MOVE_SUB_B] [15:17:44] FIRESTORM_GATE_BLOCK ABTS setup=move_strike prior_bar_ticks=94 threshold=6000
[MOVE_SUB_B] [15:17:44] FIRESTORM_GATE_BLOCK ABTS setup=move_strike prior_bar_ticks=94 threshold=6000
[MOVE_SUB_B] [15:17:44] FIRESTORM_GATE_BLOCK ABTS setup=move_strike prior_bar_ticks=94 threshold=6000
[MOVE_SUB_B] [15:17:44] FIRESTORM_GATE_BLOCK ABTS setup=move_strike prior_bar_ticks=94 threshold=6000
[MOVE_SUB_B] [15:17:44] FIRESTORM_GATE_BLOCK ABTS setup=move_strike prior_bar_ticks=94 threshold=6000
[MOVE_SUB_B] [15:17:44] FIRESTORM_GATE_BLOCK ABTS setup=move_strike prior_bar_ticks=94 threshold=6000
[MOVE_SUB_B] [15:17:44] FIRESTORM_GATE_BLOCK ABTS setup=move_strike prior_bar_ticks=94 threshold=6000
[MOVE_SUB_B] [15:17:44] FIRESTORM_GATE_BLOCK ABTS setup=move_strike prior_bar_ticks=94 threshold=6000
[MOVE_SUB_B] [15:17:44] FIRESTORM_GATE_BLOCK ABTS setup=move_strike prior_bar_ticks=94 threshold=6000
[MOVE_SUB_B] [15:17:44] FIRESTORM_GATE_BLOCK ABTS setup=move_strike prior_bar_ticks=94 threshold=6000
[MOVE_SUB_B] [15:17:44] FIRESTORM_GATE_BLOCK ABTS setup=move_strike prior_bar_ticks=94 threshold=6000
[MOVE_SUB_B] [15:17:44] FIRESTORM_GATE_BLOCK ABTS setup=move_strike prior_bar_ticks=94 threshold=6000
[MOVE_SUB_B] [15:17:44] FIRESTORM_GATE_BLOCK ABTS setup=move_strike prior_bar_ticks=94 threshold=6000
[MOVE_SUB_B] [15:17:44] FIRESTORM_GATE_BLOCK ABTS setup=move_strike prior_bar_ticks=94 threshold=6000
[MOVE_SUB_B] [15:17:44] FIRESTORM_GATE_BLOCK ABTS setup=move_strike prior_bar_ticks=94 threshold=6000
[MOVE_SUB_B] [15:17:44] FIRESTORM_GATE_BLOCK ABTS setup=move_strike prior_bar_ticks=94 threshold=6000
[MOVE_SUB_B] [15:17:44] FIRESTORM_GATE_BLOCK ABTS setup=move_strike prior_bar_ticks=94 threshold=6000
[MOVE_SUB_B] [15:17:44] FIRESTORM_GATE_BLOCK ABTS setup=move_strike prior_bar_ticks=94 threshold=6000
[MOVE_SUB_B] [15:17:44] FIRESTORM_GATE_BLOCK ABTS setup=move_strike prior_bar_ticks=94 threshold=6000
[MOVE_SUB_B] [15:17:44] FIRESTORM_GATE_BLOCK ABTS setup=move_strike prior_bar_ticks=94 threshold=6000
[MOVE_SUB_B] [15:17:44] FIRESTORM_GATE_BLOCK ABTS setup=move_strike prior_bar_ticks=94 threshold=6000
[MOVE_SUB_B] [15:17:44] FIRESTORM_GATE_BLOCK ABTS setup=move_strike prior_bar_ticks=94 threshold=6000
[MOVE_SUB_B] [15:17:44] FIRESTORM_GATE_BLOCK ABTS setup=move_strike prior_bar_ticks=94 threshold=6000
[MOVE_SUB_B] [15:17:44] FIRESTORM_GATE_BLOCK ABTS setup=move_strike prior_bar_ticks=94 threshold=6000
[MOVE_SUB_B] [15:17:44] FIRESTORM_GATE_BLOCK ABTS setup=move_strike prior_bar_ticks=94 threshold=6000
[MOVE_SUB_B] [15:17:44] FIRESTORM_GATE_BLOCK ABTS setup=move_strike prior_bar_ticks=94 threshold=6000
[MOVE_SUB_B] [15:17:44] FIRESTORM_GATE_BLOCK ABTS setup=move_strike prior_bar_ticks=94 threshold=6000
[MOVE_SUB_B] [15:17:44] FIRESTORM_GATE_BLOCK ABTS setup=move_strike prior_bar_ticks=94 threshold=6000
[MOVE_SUB_B] [15:17:44] FIRESTORM_GATE_BLOCK ABTS setup=move_strike prior_bar_ticks=94 threshold=6000
[MOVE_SUB_B] [15:17:44] FIRESTORM_GATE_BLOCK ABTS setup=move_strike prior_bar_ticks=94 threshold=6000
[MOVE_SUB_B] [15:17:44] FIRESTORM_GATE_BLOCK ABTS setup=move_strike prior_bar_ticks=94 threshold=6000
[MOVE_SUB_B] [15:17:44] FIRESTORM_GATE_BLOCK ABTS setup=move_strike prior_bar_ticks=94 threshold=6000
[MOVE_SUB_B] [15:17:44] FIRESTORM_GATE_BLOCK ABTS setup=move_strike prior_bar_ticks=94 threshold=6000
[MOVE_SUB_B] [15:17:44] FIRESTORM_GATE_BLOCK ABTS setup=move_strike prior_bar_ticks=94 threshold=6000
[MOVE_SUB_B] [15:17:44] FIRESTORM_GATE_BLOCK ABTS setup=move_strike prior_bar_ticks=94 threshold=6000
[MOVE_SUB_B] [15:17:44] FIRESTORM_GATE_BLOCK ABTS setup=move_strike prior_bar_ticks=94 threshold=6000
[MOVE_SUB_B] [15:17:44] FIRESTORM_GATE_BLOCK ABTS setup=move_strike prior_bar_ticks=94 threshold=6000
[MOVE_SUB_B] [15:17:44] FIRESTORM_GATE_BLOCK ABTS setup=move_strike prior_bar_ticks=94 threshold=6000
[MOVE_SUB_B] [15:17:44] FIRESTORM_GATE_BLOCK ABTS setup=move_strike prior_bar_ticks=94 threshold=6000
[MOVE_SUB_B] [15:17:44] FIRESTORM_GATE_BLOCK ABTS setup=move_strike prior_bar_ticks=94 threshold=6000
[MOVE_SUB_B] [15:17:44] FIRESTORM_GATE_BLOCK ABTS setup=move_strike prior_bar_ticks=94 threshold=6000
[MOVE_SUB_B] [15:17:44] FIRESTORM_GATE_BLOCK ABTS setup=move_strike prior_bar_ticks=94 threshold=6000
[MOVE_SUB_B] [15:17:44] FIRESTORM_GATE_BLOCK ABTS setup=move_strike prior_bar_ticks=94 threshold=6000
[MOVE_SUB_B] [15:17:44] FIRESTORM_GATE_BLOCK ABTS setup=move_strike prior_bar_ticks=94 threshold=6000
[MOVE_SUB_B] [15:17:44] FIRESTORM_GATE_BLOCK ABTS setup=move_strike prior_bar_ticks=94 threshold=6000
[MOVE_SUB_B] [15:17:44] FIRESTORM_GATE_BLOCK ABTS setup=move_strike prior_bar_ticks=94 threshold=6000
[MOVE_SUB_B] [15:17:44] FIRESTORM_GATE_BLOCK ABTS setup=move_strike prior_bar_ticks=94 threshold=6000
[MOVE_SUB_B] [15:17:44] FIRESTORM_GATE_BLOCK ABTS setup=move_strike prior_bar_ticks=94 threshold=6000
[MOVE_SUB_B] [15:17:44] FIRESTORM_GATE_BLOCK ABTS setup=move_strike prior_bar_ticks=94 threshold=6000
[MOVE_SUB_B] [15:17:44] FIRESTORM_GATE_BLOCK ABTS setup=move_strike prior_bar_ticks=94 threshold=6000
[MOVE_SUB_B] [15:17:44] FIRESTORM_GATE_BLOCK ABTS setup=move_strike prior_bar_ticks=94 threshold=6000
[MOVE_SUB_B] [15:17:44] FIRESTORM_GATE_BLOCK ABTS setup=move_strike prior_bar_ticks=94 threshold=6000
[MOVE_SUB_B] [15:17:44] FIRESTORM_GATE_BLOCK ABTS setup=move_strike prior_bar_ticks=94 threshold=6000
[MOVE_SUB_B] [15:17:44] FIRESTORM_GATE_BLOCK ABTS setup=move_strike prior_bar_ticks=94 threshold=6000
[MOVE_SUB_B] [15:17:44] FIRESTORM_GATE_BLOCK ABTS setup=move_strike prior_bar_ticks=94 threshold=6000
[MOVE_SUB_B] [15:17:44] FIRESTORM_GATE_BLOCK ABTS setup=move_strike prior_bar_ticks=94 threshold=6000
[MOVE_SUB_B] [15:17:44] FIRESTORM_GATE_BLOCK ABTS setup=move_strike prior_bar_ticks=94 threshold=6000
[MOVE_SUB_B] [15:17:44] FIRESTORM_GATE_BLOCK ABTS setup=move_strike prior_bar_ticks=94 threshold=6000
[MOVE_SUB_B] [15:17:44] FIRESTORM_GATE_BLOCK ABTS setup=move_strike prior_bar_ticks=94 threshold=6000
[MOVE_SUB_B] [15:17:44] FIRESTORM_GATE_BLOCK ABTS setup=move_strike prior_bar_ticks=94 threshold=6000
[MOVE_SUB_B] [15:17:44] FIRESTORM_GATE_BLOCK ABTS setup=move_strike prior_bar_ticks=94 threshold=6000
[MOVE_SUB_B] [15:17:44] FIRESTORM_GATE_BLOCK ABTS setup=move_strike prior_bar_ticks=94 threshold=6000
[MOVE_SUB_B] [15:17:44] FIRESTORM_GATE_BLOCK ABTS setup=move_strike prior_bar_ticks=94 threshold=6000
[MOVE_SUB_B] [15:17:44] FIRESTORM_GATE_BLOCK ABTS setup=move_strike prior_bar_ticks=94 threshold=6000
[MOVE_SUB_B] [15:17:44] FIRESTORM_GATE_BLOCK ABTS setup=move_strike prior_bar_ticks=94 threshold=6000
[MOVE_SUB_B] [15:17:44] FIRESTORM_GATE_BLOCK ABTS setup=move_strike prior_bar_ticks=94 threshold=6000
[MOVE_SUB_B] [15:17:44] FIRESTORM_GATE_BLOCK ABTS setup=move_strike prior_bar_ticks=94 threshold=6000
[MOVE_SUB_B] [15:17:44] FIRESTORM_GATE_BLOCK ABTS setup=move_strike prior_bar_ticks=94 threshold=6000
[MOVE_SUB_B] [15:17:44] FIRESTORM_GATE_BLOCK ABTS setup=move_strike prior_bar_ticks=94 threshold=6000
[MOVE_SUB_B] [15:17:44] FIRESTORM_GATE_BLOCK ABTS setup=move_strike prior_bar_ticks=94 threshold=6000
[MOVE_SUB_B] [15:17:44] FIRESTORM_GATE_BLOCK ABTS setup=move_strike prior_bar_ticks=94 threshold=6000
[MOVE_SUB_B] [15:17:44] FIRESTORM_GATE_BLOCK ABTS setup=move_strike prior_bar_ticks=94 threshold=6000
[MOVE_SUB_B] [15:17:44] FIRESTORM_GATE_BLOCK ABTS setup=move_strike prior_bar_ticks=94 threshold=6000
[MOVE_SUB_B] [15:17:44] FIRESTORM_GATE_BLOCK ABTS setup=move_strike prior_bar_ticks=94 threshold=6000
[MOVE_SUB_B] [15:17:44] FIRESTORM_GATE_BLOCK ABTS setup=move_strike prior_bar_ticks=94 threshold=6000
[MOVE_SUB_B] [15:17:44] FIRESTORM_GATE_BLOCK ABTS setup=move_strike prior_bar_ticks=94 threshold=6000
[MOVE_SUB_B] [15:17:44] FIRESTORM_GATE_BLOCK ABTS setup=move_strike prior_bar_ticks=94 threshold=6000
[MOVE_SUB_B] [15:17:44] FIRESTORM_GATE_BLOCK ABTS setup=move_strike prior_bar_ticks=94 threshold=6000
[MOVE_SUB_B] [15:17:44] FIRESTORM_GATE_BLOCK ABTS setup=move_strike prior_bar_ticks=94 threshold=6000
[MOVE_SUB_B] [15:17:44] FIRESTORM_GATE_BLOCK ABTS setup=move_strike prior_bar_ticks=94 threshold=6000
[MOVE_SUB_B] [15:17:44] FIRESTORM_GATE_BLOCK ABTS setup=move_strike prior_bar_ticks=94 threshold=6000
[MOVE_SUB_B] [15:17:44] FIRESTORM_GATE_BLOCK ABTS setup=move_strike prior_bar_ticks=94 threshold=6000
[MOVE_SUB_B] [15:17:44] FIRESTORM_GATE_BLOCK ABTS setup=move_strike prior_bar_ticks=94 threshold=6000
[MOVE_SUB_B] [15:17:44] FIRESTORM_GATE_BLOCK ABTS setup=move_strike prior_bar_ticks=94 threshold=6000
[MOVE_SUB_B] [15:17:44] FIRESTORM_GATE_BLOCK ABTS setup=move_strike prior_bar_ticks=94 threshold=6000
[MOVE_SUB_B] [15:17:44] FIRESTORM_GATE_BLOCK ABTS setup=move_strike prior_bar_ticks=94 threshold=6000
[MOVE_SUB_B] [15:17:44] FIRESTORM_GATE_BLOCK ABTS setup=move_strike prior_bar_ticks=94 threshold=6000
[MOVE_SUB_B] [15:17:44] FIRESTORM_GATE_BLOCK ABTS setup=move_strike prior_bar_ticks=94 threshold=6000
[MOVE_SUB_B] [15:17:44] FIRESTORM_GATE_BLOCK ABTS setup=move_strike prior_bar_ticks=94 threshold=6000
[MOVE_SUB_B] [15:17:44] FIRESTORM_GATE_BLOCK ABTS setup=move_strike prior_bar_ticks=94 threshold=6000
[MOVE_SUB_B] [15:17:44] FIRESTORM_GATE_BLOCK ABTS setup=move_strike prior_bar_ticks=94 threshold=6000
[MOVE_SUB_B] [15:17:44] FIRESTORM_GATE_BLOCK ABTS setup=move_strike prior_bar_ticks=94 threshold=6000
[MOVE_SUB_B] [15:17:44] FIRESTORM_GATE_BLOCK ABTS setup=move_strike prior_bar_ticks=94 threshold=6000
[MOVE_SUB_B] [15:17:44] FIRESTORM_GATE_BLOCK ABTS setup=move_strike prior_bar_ticks=94 threshold=6000
[MOVE_SUB_B] [15:17:44] FIRESTORM_GATE_BLOCK ABTS setup=move_strike prior_bar_ticks=94 threshold=6000
[MOVE_SUB_B] [15:17:44] FIRESTORM_GATE_BLOCK ABTS setup=move_strike prior_bar_ticks=94 threshold=6000
[MOVE_SUB_B] [15:17:44] FIRESTORM_GATE_BLOCK ABTS setup=move_strike prior_bar_ticks=94 threshold=6000
[MOVE_SUB_B] [15:17:44] FIRESTORM_GATE_BLOCK ABTS setup=move_strike prior_bar_ticks=94 threshold=6000
[MOVE_SUB_B] [15:17:44] FIRESTORM_GATE_BLOCK ABTS setup=move_strike prior_bar_ticks=94 threshold=6000
[MOVE_SUB_B] [15:17:44] FIRESTORM_GATE_BLOCK ABTS setup=move_strike prior_bar_ticks=94 threshold=6000
[MOVE_SUB_B] [15:17:44] FIRESTORM_GATE_BLOCK ABTS setup=move_strike prior_bar_ticks=94 threshold=6000
[MOVE_SUB_B] [15:17:44] FIRESTORM_GATE_BLOCK ABTS setup=move_strike prior_bar_ticks=94 threshold=6000
[MOVE_SUB_B] [15:17:44] FIRESTORM_GATE_BLOCK ABTS setup=move_strike prior_bar_ticks=94 threshold=6000
[MOVE_SUB_B] [15:17:44] FIRESTORM_GATE_BLOCK ABTS setup=move_strike prior_bar_ticks=94 threshold=6000
[MOVE_SUB_B] [15:17:44] FIRESTORM_GATE_BLOCK ABTS setup=move_strike prior_bar_ticks=94 threshold=6000
[MOVE_SUB_B] [15:17:44] FIRESTORM_GATE_BLOCK ABTS setup=move_strike prior_bar_ticks=94 threshold=6000
[MOVE_SUB_B] [15:17:44] FIRESTORM_GATE_BLOCK ABTS setup=move_strike prior_bar_ticks=94 threshold=6000
[MOVE_SUB_B] [15:17:44] FIRESTORM_GATE_BLOCK ABTS setup=move_strike prior_bar_ticks=94 threshold=6000
[MOVE_SUB_B] [15:17:44] FIRESTORM_GATE_BLOCK ABTS setup=move_strike prior_bar_ticks=94 threshold=6000
[MOVE_SUB_B] [15:17:44] FIRESTORM_GATE_BLOCK ABTS setup=move_strike prior_bar_ticks=94 threshold=6000
[MOVE_SUB_B] [15:17:44] FIRESTORM_GATE_BLOCK ABTS setup=move_strike prior_bar_ticks=94 threshold=6000
[MOVE_SUB_B] [15:17:44] FIRESTORM_GATE_BLOCK ABTS setup=move_strike prior_bar_ticks=94 threshold=6000
[MOVE_SUB_B] [15:17:44] FIRESTORM_GATE_BLOCK ABTS setup=move_strike prior_bar_ticks=94 threshold=6000
[MOVE_SUB_B] [15:17:44] FIRESTORM_GATE_BLOCK ABTS setup=move_strike prior_bar_ticks=94 threshold=6000
[MOVE_SUB_B] [15:17:44] FIRESTORM_GATE_BLOCK ABTS setup=move_strike prior_bar_ticks=94 threshold=6000
[MOVE_SUB_B] [15:17:44] FIRESTORM_GATE_BLOCK ABTS setup=move_strike prior_bar_ticks=94 threshold=6000
[MOVE_SUB_B] [15:17:44] FIRESTORM_GATE_BLOCK ABTS setup=move_strike prior_bar_ticks=94 threshold=6000
[MOVE_SUB_B] [15:17:44] FIRESTORM_GATE_BLOCK ABTS setup=move_strike prior_bar_ticks=94 threshold=6000
[MOVE_SUB_B] [15:17:44] FIRESTORM_GATE_BLOCK ABTS setup=move_strike prior_bar_ticks=94 threshold=6000
[MOVE_SUB_B] [15:17:44] FIRESTORM_GATE_BLOCK ABTS setup=move_strike prior_bar_ticks=94 threshold=6000
[MOVE_SUB_B] [15:17:44] FIRESTORM_GATE_BLOCK ABTS setup=move_strike prior_bar_ticks=94 threshold=6000
[MOVE_SUB_B] [15:17:44] FIRESTORM_GATE_BLOCK ABTS setup=move_strike prior_bar_ticks=94 threshold=6000
[MOVE_SUB_B] [15:17:44] FIRESTORM_GATE_BLOCK ABTS setup=move_strike prior_bar_ticks=94 threshold=6000
[MOVE_SUB_B] [15:17:44] FIRESTORM_GATE_BLOCK ABTS setup=move_strike prior_bar_ticks=94 threshold=6000
[MOVE_SUB_B] [15:17:44] FIRESTORM_GATE_BLOCK ABTS setup=move_strike prior_bar_ticks=94 threshold=6000
[MOVE_SUB_B] [15:17:44] FIRESTORM_GATE_BLOCK ABTS setup=move_strike prior_bar_ticks=94 threshold=6000
[MOVE_SUB_B] [15:17:44] FIRESTORM_GATE_BLOCK ABTS setup=move_strike prior_bar_ticks=94 threshold=6000
[MOVE_SUB_B] [15:17:44] FIRESTORM_GATE_BLOCK ABTS setup=move_strike prior_bar_ticks=94 threshold=6000
[MOVE_SUB_B] [15:17:44] FIRESTORM_GATE_BLOCK ABTS setup=move_strike prior_bar_ticks=94 threshold=6000
[MOVE_SUB_B] [15:17:44] FIRESTORM_GATE_BLOCK ABTS setup=move_strike prior_bar_ticks=94 threshold=6000
[MOVE_SUB_B] [15:17:44] FIRESTORM_GATE_BLOCK ABTS setup=move_strike prior_bar_ticks=94 threshold=6000
[MOVE_SUB_B] [15:17:44] FIRESTORM_GATE_BLOCK ABTS setup=move_strike prior_bar_ticks=94 threshold=6000
[MOVE_SUB_B] [15:17:44] FIRESTORM_GATE_BLOCK ABTS setup=move_strike prior_bar_ticks=94 threshold=6000
[MOVE_SUB_B] [15:17:44] FIRESTORM_GATE_BLOCK ABTS setup=move_strike prior_bar_ticks=94 threshold=6000
[MOVE_SUB_B] [15:17:44] FIRESTORM_GATE_BLOCK ABTS setup=move_strike prior_bar_ticks=94 threshold=6000
[MOVE_SUB_B] [15:17:44] FIRESTORM_GATE_BLOCK ABTS setup=move_strike prior_bar_ticks=94 threshold=6000
[MOVE_SUB_B] [15:17:44] FIRESTORM_GATE_BLOCK ABTS setup=move_strike prior_bar_ticks=94 threshold=6000
[MOVE_SUB_B] [15:17:44] FIRESTORM_GATE_BLOCK ABTS setup=move_strike prior_bar_ticks=94 threshold=6000
[MOVE_SUB_B] [15:17:44] FIRESTORM_GATE_BLOCK ABTS setup=move_strike prior_bar_ticks=94 threshold=6000
[MOVE_SUB_B] [15:17:44] FIRESTORM_GATE_BLOCK ABTS setup=move_strike prior_bar_ticks=94 threshold=6000
[MOVE_SUB_B] [15:17:44] FIRESTORM_GATE_BLOCK ABTS setup=move_strike prior_bar_ticks=94 threshold=6000
[MOVE_SUB_B] [15:17:44] FIRESTORM_GATE_BLOCK ABTS setup=move_strike prior_bar_ticks=94 threshold=6000
[MOVE_SUB_B] [15:17:44] FIRESTORM_GATE_BLOCK ABTS setup=move_strike prior_bar_ticks=94 threshold=6000
[MOVE_SUB_B] [15:17:44] FIRESTORM_GATE_BLOCK ABTS setup=move_strike prior_bar_ticks=94 threshold=6000
[MOVE_SUB_B] [15:17:44] FIRESTORM_GATE_BLOCK ABTS setup=move_strike prior_bar_ticks=94 threshold=6000
[MOVE_SUB_B] [15:17:44] FIRESTORM_GATE_BLOCK ABTS setup=move_strike prior_bar_ticks=94 threshold=6000
[MOVE_SUB_B] [15:17:44] FIRESTORM_GATE_BLOCK ABTS setup=move_strike prior_bar_ticks=94 threshold=6000
[MOVE_SUB_B] [15:17:44] FIRESTORM_GATE_BLOCK ABTS setup=move_strike prior_bar_ticks=94 threshold=6000
[MOVE_SUB_B] [15:17:44] FIRESTORM_GATE_BLOCK ABTS setup=move_strike prior_bar_ticks=94 threshold=6000
[MOVE_SUB_B] [15:17:44] FIRESTORM_GATE_BLOCK ABTS setup=move_strike prior_bar_ticks=94 threshold=6000
[MOVE_SUB_B] [15:17:44] FIRESTORM_GATE_BLOCK ABTS setup=move_strike prior_bar_ticks=94 threshold=6000
[MOVE_SUB_B] [15:17:44] FIRESTORM_GATE_BLOCK ABTS setup=move_strike prior_bar_ticks=94 threshold=6000
[MOVE_SUB_B] [15:17:44] FIRESTORM_GATE_BLOCK ABTS setup=move_strike prior_bar_ticks=94 threshold=6000
[MOVE_SUB_B] [15:17:44] FIRESTORM_GATE_BLOCK ABTS setup=move_strike prior_bar_ticks=94 threshold=6000
[MOVE_SUB_B] [15:17:44] FIRESTORM_GATE_BLOCK ABTS setup=move_strike prior_bar_ticks=94 threshold=6000
[MOVE_SUB_B] [15:17:44] FIRESTORM_GATE_BLOCK ABTS setup=move_strike prior_bar_ticks=94 threshold=6000
[MOVE_SUB_B] [15:17:44] FIRESTORM_GATE_BLOCK ABTS setup=move_strike prior_bar_ticks=94 threshold=6000
[MOVE_SUB_B] [15:17:44] FIRESTORM_GATE_BLOCK ABTS setup=move_strike prior_bar_ticks=94 threshold=6000
[MOVE_SUB_B] [15:17:44] FIRESTORM_GATE_BLOCK ABTS setup=move_strike prior_bar_ticks=94 threshold=6000
[MOVE_SUB_B] [15:17:44] FIRESTORM_GATE_BLOCK ABTS setup=move_strike prior_bar_ticks=94 threshold=6000
[MOVE_SUB_B] [15:17:44] FIRESTORM_GATE_BLOCK ABTS setup=move_strike prior_bar_ticks=94 threshold=6000
[MOVE_SUB_B] [15:17:44] FIRESTORM_GATE_BLOCK ABTS setup=move_strike prior_bar_ticks=94 threshold=6000
[MOVE_SUB_B] [15:17:44] FIRESTORM_GATE_BLOCK ABTS setup=move_strike prior_bar_ticks=94 threshold=6000
[MOVE_SUB_B] [15:17:44] FIRESTORM_GATE_BLOCK ABTS setup=move_strike prior_bar_ticks=94 threshold=6000
[MOVE_SUB_B] [15:17:44] FIRESTORM_GATE_BLOCK ABTS setup=move_strike prior_bar_ticks=94 threshold=6000
[MOVE_SUB_B] [15:17:44] FIRESTORM_GATE_BLOCK ABTS setup=move_strike prior_bar_ticks=94 threshold=6000
[MOVE_SUB_B] [15:17:44] FIRESTORM_GATE_BLOCK ABTS setup=move_strike prior_bar_ticks=94 threshold=6000
[MOVE_SUB_B] [15:17:44] FIRESTORM_GATE_BLOCK ABTS setup=move_strike prior_bar_ticks=94 threshold=6000
[MOVE_SUB_B] [15:17:44] FIRESTORM_GATE_BLOCK ABTS setup=move_strike prior_bar_ticks=94 threshold=6000
[MOVE_SUB_B] [15:17:44] FIRESTORM_GATE_BLOCK ABTS setup=move_strike prior_bar_ticks=94 threshold=6000
[MOVE_SUB_B] [15:17:44] FIRESTORM_GATE_BLOCK ABTS setup=move_strike prior_bar_ticks=94 threshold=6000
[MOVE_SUB_B] [15:17:44] FIRESTORM_GATE_BLOCK ABTS setup=move_strike prior_bar_ticks=94 threshold=6000
[MOVE_SUB_B] [15:17:44] FIRESTORM_GATE_BLOCK ABTS setup=move_strike prior_bar_ticks=94 threshold=6000
[MOVE_SUB_B] [15:17:44] FIRESTORM_GATE_BLOCK ABTS setup=move_strike prior_bar_ticks=94 threshold=6000
[MOVE_SUB_B] [15:17:44] FIRESTORM_GATE_BLOCK ABTS setup=move_strike prior_bar_ticks=94 threshold=6000
[MOVE_SUB_B] [15:17:44] FIRESTORM_GATE_BLOCK ABTS setup=move_strike prior_bar_ticks=94 threshold=6000
[MOVE_SUB_B] [15:17:44] FIRESTORM_GATE_BLOCK ABTS setup=move_strike prior_bar_ticks=94 threshold=6000
[MOVE_SUB_B] [15:17:44] FIRESTORM_GATE_BLOCK ABTS setup=move_strike prior_bar_ticks=94 threshold=6000
[MOVE_SUB_B] [15:17:44] FIRESTORM_GATE_BLOCK ABTS setup=move_strike prior_bar_ticks=94 threshold=6000
[MOVE_SUB_B] [15:17:44] FIRESTORM_GATE_BLOCK ABTS setup=move_strike prior_bar_ticks=94 threshold=6000
[MOVE_SUB_B] [15:17:44] FIRESTORM_GATE_BLOCK ABTS setup=move_strike prior_bar_ticks=94 threshold=6000
[MOVE_SUB_B] [15:17:44] FIRESTORM_GATE_BLOCK ABTS setup=move_strike prior_bar_ticks=94 threshold=6000
[MOVE_SUB_B] [15:17:44] FIRESTORM_GATE_BLOCK ABTS setup=move_strike prior_bar_ticks=94 threshold=6000
[MOVE_SUB_B] [15:17:44] FIRESTORM_GATE_BLOCK ABTS setup=move_strike prior_bar_ticks=94 threshold=6000
[MOVE_SUB_B] [15:17:44] FIRESTORM_GATE_BLOCK ABTS setup=move_strike prior_bar_ticks=94 threshold=6000
[MOVE_SUB_B] [15:17:44] FIRESTORM_GATE_BLOCK ABTS setup=move_strike prior_bar_ticks=94 threshold=6000
[MOVE_SUB_B] [15:17:44] FIRESTORM_GATE_BLOCK ABTS setup=move_strike prior_bar_ticks=94 threshold=6000
[MOVE_SUB_B] [15:17:44] FIRESTORM_GATE_BLOCK ABTS setup=move_strike prior_bar_ticks=94 threshold=6000
[MOVE_SUB_B] [15:17:44] FIRESTORM_GATE_BLOCK ABTS setup=move_strike prior_bar_ticks=94 threshold=6000
[MOVE_SUB_B] [15:17:44] FIRESTORM_GATE_BLOCK ABTS setup=move_strike prior_bar_ticks=94 threshold=6000
[MOVE_SUB_B] [15:17:44] FIRESTORM_GATE_BLOCK ABTS setup=move_strike prior_bar_ticks=94 threshold=6000
[MOVE_SUB_B] [15:17:44] FIRESTORM_GATE_BLOCK ABTS setup=move_strike prior_bar_ticks=94 threshold=6000
[MOVE_SUB_B] [15:17:44] FIRESTORM_GATE_BLOCK ABTS setup=move_strike prior_bar_ticks=94 threshold=6000
[MOVE_SUB_B] [15:17:44] FIRESTORM_GATE_BLOCK ABTS setup=move_strike prior_bar_ticks=94 threshold=6000
[MOVE_SUB_B] [15:17:44] FIRESTORM_GATE_BLOCK ABTS setup=move_strike prior_bar_ticks=94 threshold=6000
[MOVE_SUB_B] [15:17:44] FIRESTORM_GATE_BLOCK ABTS setup=move_strike prior_bar_ticks=94 threshold=6000
[MOVE_SUB_B] [15:17:44] FIRESTORM_GATE_BLOCK ABTS setup=move_strike prior_bar_ticks=94 threshold=6000
[MOVE_SUB_B] [15:17:44] FIRESTORM_GATE_BLOCK ABTS setup=move_strike prior_bar_ticks=94 threshold=6000
[MOVE_SUB_B] [15:17:44] FIRESTORM_GATE_BLOCK ABTS setup=move_strike prior_bar_ticks=94 threshold=6000
[MOVE_SUB_B] [15:17:44] FIRESTORM_GATE_BLOCK ABTS setup=move_strike prior_bar_ticks=94 threshold=6000
[MOVE_SUB_B] [15:17:44] FIRESTORM_GATE_BLOCK ABTS setup=move_strike prior_bar_ticks=94 threshold=6000
[MOVE_SUB_B] [15:17:44] FIRESTORM_GATE_BLOCK ABTS setup=move_strike prior_bar_ticks=94 threshold=6000
[MOVE_SUB_B] [15:17:44] FIRESTORM_GATE_BLOCK ABTS setup=move_strike prior_bar_ticks=94 threshold=6000
[MOVE_SUB_B] [15:17:44] FIRESTORM_GATE_BLOCK ABTS setup=move_strike prior_bar_ticks=94 threshold=6000
[MOVE_SUB_B] [15:17:44] FIRESTORM_GATE_BLOCK ABTS setup=move_strike prior_bar_ticks=94 threshold=6000
[MOVE_SUB_B] [15:17:44] FIRESTORM_GATE_BLOCK ABTS setup=move_strike prior_bar_ticks=94 threshold=6000
[MOVE_SUB_B] [15:17:44] FIRESTORM_GATE_BLOCK ABTS setup=move_strike prior_bar_ticks=94 threshold=6000
[MOVE_SUB_B] [15:17:44] FIRESTORM_GATE_BLOCK ABTS setup=move_strike prior_bar_ticks=94 threshold=6000
[MOVE_SUB_B] [15:17:44] FIRESTORM_GATE_BLOCK ABTS setup=move_strike prior_bar_ticks=94 threshold=6000
[MOVE_SUB_B] [15:17:44] FIRESTORM_GATE_BLOCK ABTS setup=move_strike prior_bar_ticks=94 threshold=6000
[MOVE_SUB_B] [15:17:44] FIRESTORM_GATE_BLOCK ABTS setup=move_strike prior_bar_ticks=94 threshold=6000
[MOVE_SUB_B] [15:17:44] FIRESTORM_GATE_BLOCK ABTS setup=move_strike prior_bar_ticks=94 threshold=6000
[MOVE_SUB_B] [15:17:44] FIRESTORM_GATE_BLOCK ABTS setup=move_strike prior_bar_ticks=94 threshold=6000
[MOVE_SUB_B] [15:17:44] FIRESTORM_GATE_BLOCK ABTS setup=move_strike prior_bar_ticks=94 threshold=6000
[MOVE_SUB_B] [15:17:44] FIRESTORM_GATE_BLOCK ABTS setup=move_strike prior_bar_ticks=94 threshold=6000
[MOVE_SUB_B] [15:17:44] FIRESTORM_GATE_BLOCK ABTS setup=move_strike prior_bar_ticks=94 threshold=6000
[MOVE_SUB_B] [15:17:44] FIRESTORM_GATE_BLOCK ABTS setup=move_strike prior_bar_ticks=94 threshold=6000
[MOVE_SUB_B] [15:17:44] FIRESTORM_GATE_BLOCK ABTS setup=move_strike prior_bar_ticks=94 threshold=6000
[MOVE_SUB_B] [15:17:44] FIRESTORM_GATE_BLOCK ABTS setup=move_strike prior_bar_ticks=94 threshold=6000
[MOVE_SUB_B] [15:17:44] FIRESTORM_GATE_BLOCK ABTS setup=move_strike prior_bar_ticks=94 threshold=6000
[MOVE_SUB_B] [15:17:44] FIRESTORM_GATE_BLOCK ABTS setup=move_strike prior_bar_ticks=94 threshold=6000
[MOVE_SUB_B] [15:17:44] FIRESTORM_GATE_BLOCK ABTS setup=move_strike prior_bar_ticks=94 threshold=6000
[MOVE_SUB_B] [15:17:44] FIRESTORM_GATE_BLOCK ABTS setup=move_strike prior_bar_ticks=94 threshold=6000
[MOVE_SUB_B] [15:17:44] FIRESTORM_GATE_BLOCK ABTS setup=move_strike prior_bar_ticks=94 threshold=6000
[MOVE_SUB_B] [15:17:44] FIRESTORM_GATE_BLOCK ABTS setup=move_strike prior_bar_ticks=94 threshold=6000
[MOVE_SUB_B] [15:17:44] FIRESTORM_GATE_BLOCK ABTS setup=move_strike prior_bar_ticks=94 threshold=6000
[MOVE_SUB_B] [15:17:44] FIRESTORM_GATE_BLOCK ABTS setup=move_strike prior_bar_ticks=94 threshold=6000
[MOVE_SUB_B] [15:17:44] FIRESTORM_GATE_BLOCK ABTS setup=move_strike prior_bar_ticks=94 threshold=6000
[MOVE_SUB_B] [15:17:44] FIRESTORM_GATE_BLOCK ABTS setup=move_strike prior_bar_ticks=94 threshold=6000
[MOVE_SUB_B] [15:17:44] FIRESTORM_GATE_BLOCK ABTS setup=move_strike prior_bar_ticks=94 threshold=6000
[MOVE_SUB_B] [15:17:44] FIRESTORM_GATE_BLOCK ABTS setup=move_strike prior_bar_ticks=94 threshold=6000
[MOVE_SUB_B] [15:17:44] FIRESTORM_GATE_BLOCK ABTS setup=move_strike prior_bar_ticks=94 threshold=6000
[MOVE_SUB_B] [15:17:44] FIRESTORM_GATE_BLOCK ABTS setup=move_strike prior_bar_ticks=94 threshold=6000
[MOVE_SUB_B] [15:17:44] FIRESTORM_GATE_BLOCK ABTS setup=move_strike prior_bar_ticks=94 threshold=6000
[MOVE_SUB_B] [15:17:44] FIRESTORM_GATE_BLOCK ABTS setup=move_strike prior_bar_ticks=94 threshold=6000
[MOVE_SUB_B] [15:17:44] FIRESTORM_GATE_BLOCK ABTS setup=move_strike prior_bar_ticks=94 threshold=6000
[MOVE_SUB_B] [15:17:44] FIRESTORM_GATE_BLOCK ABTS setup=move_strike prior_bar_ticks=94 threshold=6000
[MOVE_SUB_B] [15:17:44] FIRESTORM_GATE_BLOCK ABTS setup=move_strike prior_bar_ticks=94 threshold=6000
[MOVE_SUB_B] [15:17:44] FIRESTORM_GATE_BLOCK ABTS setup=move_strike prior_bar_ticks=94 threshold=6000
[MOVE_SUB_B] [15:17:44] FIRESTORM_GATE_BLOCK ABTS setup=move_strike prior_bar_ticks=94 threshold=6000
[MOVE_SUB_B] [15:17:44] FIRESTORM_GATE_BLOCK ABTS setup=move_strike prior_bar_ticks=94 threshold=6000
[MOVE_SUB_B] [15:17:44] FIRESTORM_GATE_BLOCK ABTS setup=move_strike prior_bar_ticks=94 threshold=6000
[MOVE_SUB_B] [15:17:44] FIRESTORM_GATE_BLOCK ABTS setup=move_strike prior_bar_ticks=94 threshold=6000
[MOVE_SUB_B] [15:17:44] FIRESTORM_GATE_BLOCK ABTS setup=move_strike prior_bar_ticks=94 threshold=6000
[MOVE_SUB_B] [15:17:44] FIRESTORM_GATE_BLOCK ABTS setup=move_strike prior_bar_ticks=94 threshold=6000
[MOVE_SUB_B] [15:17:44] FIRESTORM_GATE_BLOCK ABTS setup=move_strike prior_bar_ticks=94 threshold=6000
[MOVE_SUB_B] [15:17:44] FIRESTORM_GATE_BLOCK ABTS setup=move_strike prior_bar_ticks=94 threshold=6000
[MOVE_SUB_B] [15:17:44] FIRESTORM_GATE_BLOCK ABTS setup=move_strike prior_bar_ticks=94 threshold=6000
[MOVE_SUB_B] [15:17:44] FIRESTORM_GATE_BLOCK ABTS setup=move_strike prior_bar_ticks=94 threshold=6000
[MOVE_SUB_B] [15:17:44] FIRESTORM_GATE_BLOCK ABTS setup=move_strike prior_bar_ticks=94 threshold=6000
[MOVE_SUB_B] [15:17:44] FIRESTORM_GATE_BLOCK ABTS setup=move_strike prior_bar_ticks=94 threshold=6000
[MOVE_SUB_B] [15:17:44] FIRESTORM_GATE_BLOCK ABTS setup=move_strike prior_bar_ticks=94 threshold=6000
[MOVE_SUB_B] [15:17:44] FIRESTORM_GATE_BLOCK ABTS setup=move_strike prior_bar_ticks=94 threshold=6000
[MOVE_SUB_B] [15:17:44] FIRESTORM_GATE_BLOCK ABTS setup=move_strike prior_bar_ticks=94 threshold=6000
[MOVE_SUB_B] [15:17:44] FIRESTORM_GATE_BLOCK ABTS setup=move_strike prior_bar_ticks=94 threshold=6000
[MOVE_SUB_B] [15:17:44] FIRESTORM_GATE_BLOCK ABTS setup=move_strike prior_bar_ticks=94 threshold=6000
[MOVE_SUB_B] [15:17:44] FIRESTORM_GATE_BLOCK ABTS setup=move_strike prior_bar_ticks=94 threshold=6000
[MOVE_SUB_B] [15:17:44] FIRESTORM_GATE_BLOCK ABTS setup=move_strike prior_bar_ticks=94 threshold=6000
[MOVE_SUB_B] [15:17:44] FIRESTORM_GATE_BLOCK ABTS setup=move_strike prior_bar_ticks=94 threshold=6000
[MOVE_SUB_B] [15:17:44] FIRESTORM_GATE_BLOCK ABTS setup=move_strike prior_bar_ticks=94 threshold=6000
[MOVE_SUB_B] [15:17:44] FIRESTORM_GATE_BLOCK ABTS setup=move_strike prior_bar_ticks=94 threshold=6000
[MOVE_SUB_B] [15:17:44] FIRESTORM_GATE_BLOCK ABTS setup=move_strike prior_bar_ticks=94 threshold=6000
[MOVE_SUB_B] [15:17:44] FIRESTORM_GATE_BLOCK ABTS setup=move_strike prior_bar_ticks=94 threshold=6000
[MOVE_SUB_B] [15:17:44] FIRESTORM_GATE_BLOCK ABTS setup=move_strike prior_bar_ticks=94 threshold=6000
[MOVE_SUB_B] [15:17:44] FIRESTORM_GATE_BLOCK ABTS setup=move_strike prior_bar_ticks=94 threshold=6000
[MOVE_SUB_B] [15:17:44] FIRESTORM_GATE_BLOCK ABTS setup=move_strike prior_bar_ticks=94 threshold=6000
[MOVE_SUB_B] [15:17:44] FIRESTORM_GATE_BLOCK ABTS setup=move_strike prior_bar_ticks=94 threshold=6000
[MOVE_SUB_B] [15:17:44] FIRESTORM_GATE_BLOCK ABTS setup=move_strike prior_bar_ticks=94 threshold=6000
[MOVE_SUB_B] [15:17:44] FIRESTORM_GATE_BLOCK ABTS setup=move_strike prior_bar_ticks=94 threshold=6000
[MOVE_SUB_B] [15:17:44] FIRESTORM_GATE_BLOCK ABTS setup=move_strike prior_bar_ticks=94 threshold=6000
[MOVE_SUB_B] [15:17:44] FIRESTORM_GATE_BLOCK ABTS setup=move_strike prior_bar_ticks=94 threshold=6000
[MOVE_SUB_B] [15:17:44] FIRESTORM_GATE_BLOCK ABTS setup=move_strike prior_bar_ticks=94 threshold=6000
[MOVE_SUB_B] [15:17:44] FIRESTORM_GATE_BLOCK ABTS setup=move_strike prior_bar_ticks=94 threshold=6000
[MOVE_SUB_B] [15:17:44] FIRESTORM_GATE_BLOCK ABTS setup=move_strike prior_bar_ticks=94 threshold=6000
[MOVE_SUB_B] [15:17:44] FIRESTORM_GATE_BLOCK ABTS setup=move_strike prior_bar_ticks=94 threshold=6000
[MOVE_SUB_B] [15:17:44] FIRESTORM_GATE_BLOCK ABTS setup=move_strike prior_bar_ticks=94 threshold=6000
[MOVE_SUB_B] [15:17:44] FIRESTORM_GATE_BLOCK ABTS setup=move_strike prior_bar_ticks=94 threshold=6000
[MOVE_SUB_B] [15:17:44] FIRESTORM_GATE_BLOCK ABTS setup=move_strike prior_bar_ticks=94 threshold=6000
[MOVE_SUB_B] [15:17:44] FIRESTORM_GATE_BLOCK ABTS setup=move_strike prior_bar_ticks=94 threshold=6000
[MOVE_SUB_B] [15:17:44] FIRESTORM_GATE_BLOCK ABTS setup=move_strike prior_bar_ticks=94 threshold=6000
[MOVE_SUB_B] [15:17:44] FIRESTORM_GATE_BLOCK ABTS setup=move_strike prior_bar_ticks=94 threshold=6000
[MOVE_SUB_B] [15:17:44] FIRESTORM_GATE_BLOCK ABTS setup=move_strike prior_bar_ticks=94 threshold=6000
[MOVE_SUB_B] [15:17:44] FIRESTORM_GATE_BLOCK ABTS setup=move_strike prior_bar_ticks=94 threshold=6000
[MOVE_SUB_B] [15:17:45] FIRESTORM_GATE_BLOCK ABTS setup=move_strike prior_bar_ticks=94 threshold=6000
[MOVE_SUB_B] [15:17:45] FIRESTORM_GATE_BLOCK ABTS setup=move_strike prior_bar_ticks=94 threshold=6000
[MOVE_SUB_B] [15:17:45] FIRESTORM_GATE_BLOCK ABTS setup=move_strike prior_bar_ticks=94 threshold=6000
[MOVE_SUB_B] [15:17:45] FIRESTORM_GATE_BLOCK ABTS setup=move_strike prior_bar_ticks=94 threshold=6000
[MOVE_SUB_B] [15:17:45] FIRESTORM_GATE_BLOCK ABTS setup=move_strike prior_bar_ticks=94 threshold=6000
[MOVE_SUB_B] [15:17:45] FIRESTORM_GATE_BLOCK ABTS setup=move_strike prior_bar_ticks=94 threshold=6000
[MOVE_SUB_B] [15:17:45] FIRESTORM_GATE_BLOCK ABTS setup=move_strike prior_bar_ticks=94 threshold=6000
[MOVE_SUB_B] [15:17:45] FIRESTORM_GATE_BLOCK ABTS setup=move_strike prior_bar_ticks=94 threshold=6000
[MOVE_SUB_B] [15:17:45] FIRESTORM_GATE_BLOCK ABTS setup=move_strike prior_bar_ticks=94 threshold=6000
[MOVE_SUB_B] [15:17:45] FIRESTORM_GATE_BLOCK ABTS setup=move_strike prior_bar_ticks=94 threshold=6000
[MOVE_SUB_B] [15:17:45] FIRESTORM_GATE_BLOCK ABTS setup=move_strike prior_bar_ticks=94 threshold=6000
[MOVE_SUB_B] [15:17:45] FIRESTORM_GATE_BLOCK ABTS setup=move_strike prior_bar_ticks=94 threshold=6000
[MOVE_SUB_B] [15:17:46] FIRESTORM_GATE_BLOCK ABTS setup=move_strike prior_bar_ticks=94 threshold=6000
[MOVE_SUB_B] [15:17:46] FIRESTORM_GATE_BLOCK ABTS setup=move_strike prior_bar_ticks=94 threshold=6000
[MOVE_SUB_B] [15:17:46] FIRESTORM_GATE_BLOCK ABTS setup=move_strike prior_bar_ticks=94 threshold=6000
[MOVE_SUB_B] [15:17:46] FIRESTORM_GATE_BLOCK ABTS setup=move_strike prior_bar_ticks=94 threshold=6000
[MOVE_SUB_B] [15:17:46] FIRESTORM_GATE_BLOCK ABTS setup=move_strike prior_bar_ticks=94 threshold=6000
[MOVE_SUB_B] [15:17:46] FIRESTORM_GATE_BLOCK ABTS setup=move_strike prior_bar_ticks=94 threshold=6000
[MOVE_SUB_B] [15:17:46] FIRESTORM_GATE_BLOCK ABTS setup=move_strike prior_bar_ticks=94 threshold=6000
[MOVE_SUB_B] [15:17:46] FIRESTORM_GATE_BLOCK ABTS setup=move_strike prior_bar_ticks=94 threshold=6000
[MOVE_SUB_B] [15:17:46] FIRESTORM_GATE_BLOCK ABTS setup=move_strike prior_bar_ticks=94 threshold=6000
[MOVE_SUB_B] [15:17:46] FIRESTORM_GATE_BLOCK ABTS setup=move_strike prior_bar_ticks=94 threshold=6000
[MOVE_SUB_B] [15:17:46] FIRESTORM_GATE_BLOCK ABTS setup=move_strike prior_bar_ticks=94 threshold=6000
[MOVE_SUB_B] [15:17:46] FIRESTORM_GATE_BLOCK ABTS setup=move_strike prior_bar_ticks=94 threshold=6000
[MOVE_SUB_B] [15:17:46] FIRESTORM_GATE_BLOCK ABTS setup=move_strike prior_bar_ticks=94 threshold=6000
[MOVE_SUB_B] [15:17:46] FIRESTORM_GATE_BLOCK ABTS setup=move_strike prior_bar_ticks=94 threshold=6000
[MOVE_SUB_B] [15:17:46] FIRESTORM_GATE_BLOCK ABTS setup=move_strike prior_bar_ticks=94 threshold=6000
[MOVE_SUB_B] [15:17:46] FIRESTORM_GATE_BLOCK ABTS setup=move_strike prior_bar_ticks=94 threshold=6000
[MOVE_SUB_B] [15:17:46] FIRESTORM_GATE_BLOCK ABTS setup=move_strike prior_bar_ticks=94 threshold=6000
[MOVE_SUB_B] [15:17:46] FIRESTORM_GATE_BLOCK ABTS setup=move_strike prior_bar_ticks=94 threshold=6000
[MOVE_SUB_B] [15:17:46] FIRESTORM_GATE_BLOCK ABTS setup=move_strike prior_bar_ticks=94 threshold=6000
[MOVE_SUB_B] [15:17:46] FIRESTORM_GATE_BLOCK ABTS setup=move_strike prior_bar_ticks=94 threshold=6000
[MOVE_SUB_B] [15:17:46] FIRESTORM_GATE_BLOCK ABTS setup=move_strike prior_bar_ticks=94 threshold=6000
[MOVE_SUB_B] [15:17:46] FIRESTORM_GATE_BLOCK ABTS setup=move_strike prior_bar_ticks=94 threshold=6000
[MOVE_SUB_B] [15:17:46] FIRESTORM_GATE_BLOCK ABTS setup=move_strike prior_bar_ticks=94 threshold=6000
[MOVE_SUB_B] [15:17:46] FIRESTORM_GATE_BLOCK ABTS setup=move_strike prior_bar_ticks=94 threshold=6000
[MOVE_SUB_B] [15:17:46] FIRESTORM_GATE_BLOCK ABTS setup=move_strike prior_bar_ticks=94 threshold=6000
[MOVE_SUB_B] [15:17:46] FIRESTORM_GATE_BLOCK ABTS setup=move_strike prior_bar_ticks=94 threshold=6000
[MOVE_SUB_B] [15:17:46] FIRESTORM_GATE_BLOCK ABTS setup=move_strike prior_bar_ticks=94 threshold=6000
[MOVE_SUB_B] [15:17:46] FIRESTORM_GATE_BLOCK ABTS setup=move_strike prior_bar_ticks=94 threshold=6000
[MOVE_SUB_B] [15:17:46] FIRESTORM_GATE_BLOCK ABTS setup=move_strike prior_bar_ticks=94 threshold=6000
[MOVE_SUB_B] [15:17:46] FIRESTORM_GATE_BLOCK ABTS setup=move_strike prior_bar_ticks=94 threshold=6000
[MOVE_SUB_B] [15:17:46] FIRESTORM_GATE_BLOCK ABTS setup=move_strike prior_bar_ticks=94 threshold=6000
[MOVE_SUB_B] [15:17:46] FIRESTORM_GATE_BLOCK ABTS setup=move_strike prior_bar_ticks=94 threshold=6000
[MOVE_SUB_B] [15:17:46] FIRESTORM_GATE_BLOCK ABTS setup=move_strike prior_bar_ticks=94 threshold=6000
[MOVE_SUB_B] [15:17:46] FIRESTORM_GATE_BLOCK ABTS setup=move_strike prior_bar_ticks=94 threshold=6000
[MOVE_SUB_B] [15:17:46] FIRESTORM_GATE_BLOCK ABTS setup=move_strike prior_bar_ticks=94 threshold=6000
[MOVE_SUB_B] [15:17:46] FIRESTORM_GATE_BLOCK ABTS setup=move_strike prior_bar_ticks=94 threshold=6000
[MOVE_SUB_B] [15:17:46] FIRESTORM_GATE_BLOCK ABTS setup=move_strike prior_bar_ticks=94 threshold=6000
[MOVE_SUB_B] [15:17:46] FIRESTORM_GATE_BLOCK ABTS setup=move_strike prior_bar_ticks=94 threshold=6000
[MOVE_SUB_B] [15:17:46] FIRESTORM_GATE_BLOCK ABTS setup=move_strike prior_bar_ticks=94 threshold=6000
[MOVE_SUB_B] [15:17:46] FIRESTORM_GATE_BLOCK ABTS setup=move_strike prior_bar_ticks=94 threshold=6000
[MOVE_SUB_B] [15:17:46] FIRESTORM_GATE_BLOCK ABTS setup=move_strike prior_bar_ticks=94 threshold=6000
[MOVE_SUB_B] [15:17:46] FIRESTORM_GATE_BLOCK ABTS setup=move_strike prior_bar_ticks=94 threshold=6000
[MOVE_SUB_B] [15:17:46] FIRESTORM_GATE_BLOCK ABTS setup=move_strike prior_bar_ticks=94 threshold=6000
[MOVE_SUB_B] [15:17:46] FIRESTORM_GATE_BLOCK ABTS setup=move_strike prior_bar_ticks=94 threshold=6000
[MOVE_SUB_B] [15:17:46] FIRESTORM_GATE_BLOCK ABTS setup=move_strike prior_bar_ticks=94 threshold=6000
[MOVE_SUB_B] [15:17:46] FIRESTORM_GATE_BLOCK ABTS setup=move_strike prior_bar_ticks=94 threshold=6000
[MOVE_SUB_B] [15:17:46] FIRESTORM_GATE_BLOCK ABTS setup=move_strike prior_bar_ticks=94 threshold=6000
[MOVE_SUB_B] [15:17:46] FIRESTORM_GATE_BLOCK ABTS setup=move_strike prior_bar_ticks=94 threshold=6000
[MOVE_SUB_B] [15:17:46] FIRESTORM_GATE_BLOCK ABTS setup=move_strike prior_bar_ticks=94 threshold=6000
[MOVE_SUB_B] [15:17:46] FIRESTORM_GATE_BLOCK ABTS setup=move_strike prior_bar_ticks=94 threshold=6000
[MOVE_SUB_B] [15:17:46] FIRESTORM_GATE_BLOCK ABTS setup=move_strike prior_bar_ticks=94 threshold=6000
[MOVE_SUB_B] [15:17:46] FIRESTORM_GATE_BLOCK ABTS setup=move_strike prior_bar_ticks=94 threshold=6000
[MOVE_SUB_B] [15:17:46] FIRESTORM_GATE_BLOCK ABTS setup=move_strike prior_bar_ticks=94 threshold=6000
[MOVE_SUB_B] [15:17:46] FIRESTORM_GATE_BLOCK ABTS setup=move_strike prior_bar_ticks=94 threshold=6000
[MOVE_SUB_B] [15:17:46] FIRESTORM_GATE_BLOCK ABTS setup=move_strike prior_bar_ticks=94 threshold=6000
[MOVE_SUB_B] [15:17:46] FIRESTORM_GATE_BLOCK ABTS setup=move_strike prior_bar_ticks=94 threshold=6000
[MOVE_SUB_B] [15:17:46] FIRESTORM_GATE_BLOCK ABTS setup=move_strike prior_bar_ticks=94 threshold=6000
[MOVE_SUB_B] [15:17:46] FIRESTORM_GATE_BLOCK ABTS setup=move_strike prior_bar_ticks=94 threshold=6000
[MOVE_SUB_B] [15:17:46] FIRESTORM_GATE_BLOCK ABTS setup=move_strike prior_bar_ticks=94 threshold=6000
[MOVE_SUB_B] [15:17:46] FIRESTORM_GATE_BLOCK ABTS setup=move_strike prior_bar_ticks=94 threshold=6000
[MOVE_SUB_B] [15:17:46] FIRESTORM_GATE_BLOCK ABTS setup=move_strike prior_bar_ticks=94 threshold=6000
[MOVE_SUB_B] [15:17:46] FIRESTORM_GATE_BLOCK ABTS setup=move_strike prior_bar_ticks=94 threshold=6000
[MOVE_SUB_B] [15:17:46] FIRESTORM_GATE_BLOCK ABTS setup=move_strike prior_bar_ticks=94 threshold=6000
[MOVE_SUB_B] [15:17:46] FIRESTORM_GATE_BLOCK ABTS setup=move_strike prior_bar_ticks=94 threshold=6000
[MOVE_SUB_B] [15:17:46] FIRESTORM_GATE_BLOCK ABTS setup=move_strike prior_bar_ticks=94 threshold=6000
[MOVE_SUB_B] [15:17:46] FIRESTORM_GATE_BLOCK ABTS setup=move_strike prior_bar_ticks=94 threshold=6000
[MOVE_SUB_B] [15:17:46] FIRESTORM_GATE_BLOCK ABTS setup=move_strike prior_bar_ticks=94 threshold=6000
[MOVE_SUB_B] [15:17:46] FIRESTORM_GATE_BLOCK ABTS setup=move_strike prior_bar_ticks=94 threshold=6000
[MOVE_SUB_B] [15:17:46] FIRESTORM_GATE_BLOCK ABTS setup=move_strike prior_bar_ticks=94 threshold=6000
[MOVE_SUB_B] [15:17:46] FIRESTORM_GATE_BLOCK ABTS setup=move_strike prior_bar_ticks=94 threshold=6000
[MOVE_SUB_B] [15:17:46] FIRESTORM_GATE_BLOCK ABTS setup=move_strike prior_bar_ticks=94 threshold=6000
[MOVE_SUB_B] [15:17:46] FIRESTORM_GATE_BLOCK ABTS setup=move_strike prior_bar_ticks=94 threshold=6000
[MOVE_SUB_B] [15:17:46] FIRESTORM_GATE_BLOCK ABTS setup=move_strike prior_bar_ticks=94 threshold=6000
[MOVE_SUB_B] [15:17:46] FIRESTORM_GATE_BLOCK ABTS setup=move_strike prior_bar_ticks=94 threshold=6000
[MOVE_SUB_B] [15:17:46] FIRESTORM_GATE_BLOCK ABTS setup=move_strike prior_bar_ticks=94 threshold=6000
[MOVE_SUB_B] [15:17:46] FIRESTORM_GATE_BLOCK ABTS setup=move_strike prior_bar_ticks=94 threshold=6000
[MOVE_SUB_B] [15:17:46] FIRESTORM_GATE_BLOCK ABTS setup=move_strike prior_bar_ticks=94 threshold=6000
[MOVE_SUB_B] [15:17:46] FIRESTORM_GATE_BLOCK ABTS setup=move_strike prior_bar_ticks=94 threshold=6000
[MOVE_SUB_B] [15:17:46] FIRESTORM_GATE_BLOCK ABTS setup=move_strike prior_bar_ticks=94 threshold=6000
[MOVE_SUB_B] [15:17:46] FIRESTORM_GATE_BLOCK ABTS setup=move_strike prior_bar_ticks=94 threshold=6000
[MOVE_SUB_B] [15:17:46] FIRESTORM_GATE_BLOCK ABTS setup=move_strike prior_bar_ticks=94 threshold=6000
[MOVE_SUB_B] [15:17:46] FIRESTORM_GATE_BLOCK ABTS setup=move_strike prior_bar_ticks=94 threshold=6000
[MOVE_SUB_B] [15:17:46] FIRESTORM_GATE_BLOCK ABTS setup=move_strike prior_bar_ticks=94 threshold=6000
[MOVE_SUB_B] [15:17:46] FIRESTORM_GATE_BLOCK ABTS setup=move_strike prior_bar_ticks=94 threshold=6000
[MOVE_SUB_B] [15:17:46] FIRESTORM_GATE_BLOCK ABTS setup=move_strike prior_bar_ticks=94 threshold=6000
[MOVE_SUB_B] [15:17:46] FIRESTORM_GATE_BLOCK ABTS setup=move_strike prior_bar_ticks=94 threshold=6000
[MOVE_SUB_B] [15:17:46] FIRESTORM_GATE_BLOCK ABTS setup=move_strike prior_bar_ticks=94 threshold=6000
[MOVE_SUB_B] [15:17:46] FIRESTORM_GATE_BLOCK ABTS setup=move_strike prior_bar_ticks=94 threshold=6000
[MOVE_SUB_B] [15:17:46] FIRESTORM_GATE_BLOCK ABTS setup=move_strike prior_bar_ticks=94 threshold=6000
[MOVE_SUB_B] [15:17:46] FIRESTORM_GATE_BLOCK ABTS setup=move_strike prior_bar_ticks=94 threshold=6000
[MOVE_SUB_B] [15:17:46] FIRESTORM_GATE_BLOCK ABTS setup=move_strike prior_bar_ticks=94 threshold=6000
[MOVE_SUB_B] [15:17:46] FIRESTORM_GATE_BLOCK ABTS setup=move_strike prior_bar_ticks=94 threshold=6000
[MOVE_SUB_B] [15:17:46] FIRESTORM_GATE_BLOCK ABTS setup=move_strike prior_bar_ticks=94 threshold=6000
[MOVE_SUB_B] [15:17:46] FIRESTORM_GATE_BLOCK ABTS setup=move_strike prior_bar_ticks=94 threshold=6000
[MOVE_SUB_B] [15:17:46] FIRESTORM_GATE_BLOCK ABTS setup=move_strike prior_bar_ticks=94 threshold=6000
[MOVE_SUB_B] [15:17:46] FIRESTORM_GATE_BLOCK ABTS setup=move_strike prior_bar_ticks=94 threshold=6000
[MOVE_SUB_B] [15:17:46] FIRESTORM_GATE_BLOCK ABTS setup=move_strike prior_bar_ticks=94 threshold=6000
[MOVE_SUB_B] [15:17:46] FIRESTORM_GATE_BLOCK ABTS setup=move_strike prior_bar_ticks=94 threshold=6000
[MOVE_SUB_B] [15:17:46] FIRESTORM_GATE_BLOCK ABTS setup=move_strike prior_bar_ticks=94 threshold=6000
[MOVE_SUB_B] [15:17:46] FIRESTORM_GATE_BLOCK ABTS setup=move_strike prior_bar_ticks=94 threshold=6000
[MOVE_SUB_B] [15:17:46] FIRESTORM_GATE_BLOCK ABTS setup=move_strike prior_bar_ticks=94 threshold=6000
[MOVE_SUB_B] [15:17:46] FIRESTORM_GATE_BLOCK ABTS setup=move_strike prior_bar_ticks=94 threshold=6000
[MOVE_SUB_B] [15:17:46] FIRESTORM_GATE_BLOCK ABTS setup=move_strike prior_bar_ticks=94 threshold=6000
[MOVE_SUB_B] [15:17:46] FIRESTORM_GATE_BLOCK ABTS setup=move_strike prior_bar_ticks=94 threshold=6000
[MOVE_SUB_B] [15:17:46] FIRESTORM_GATE_BLOCK ABTS setup=move_strike prior_bar_ticks=94 threshold=6000
[MOVE_SUB_B] [15:17:46] FIRESTORM_GATE_BLOCK ABTS setup=move_strike prior_bar_ticks=94 threshold=6000
[MOVE_SUB_B] [15:17:46] FIRESTORM_GATE_BLOCK ABTS setup=move_strike prior_bar_ticks=94 threshold=6000
[MOVE_SUB_B] [15:17:46] FIRESTORM_GATE_BLOCK ABTS setup=move_strike prior_bar_ticks=94 threshold=6000
[MOVE_SUB_B] [15:17:46] FIRESTORM_GATE_BLOCK ABTS setup=move_strike prior_bar_ticks=94 threshold=6000
[MOVE_SUB_B] [15:17:46] FIRESTORM_GATE_BLOCK ABTS setup=move_strike prior_bar_ticks=94 threshold=6000
[MOVE_SUB_B] [15:17:46] FIRESTORM_GATE_BLOCK ABTS setup=move_strike prior_bar_ticks=94 threshold=6000
[MOVE_SUB_B] [15:17:46] FIRESTORM_GATE_BLOCK ABTS setup=move_strike prior_bar_ticks=94 threshold=6000
[MOVE_SUB_B] [15:17:46] FIRESTORM_GATE_BLOCK ABTS setup=move_strike prior_bar_ticks=94 threshold=6000
[MOVE_SUB_B] [15:17:46] FIRESTORM_GATE_BLOCK ABTS setup=move_strike prior_bar_ticks=94 threshold=6000
[MOVE_SUB_B] [15:17:46] FIRESTORM_GATE_BLOCK ABTS setup=move_strike prior_bar_ticks=94 threshold=6000
[MOVE_SUB_B] [15:17:46] FIRESTORM_GATE_BLOCK ABTS setup=move_strike prior_bar_ticks=94 threshold=6000
[MOVE_SUB_B] [15:17:46] FIRESTORM_GATE_BLOCK ABTS setup=move_strike prior_bar_ticks=94 threshold=6000
[MOVE_SUB_B] [15:17:46] FIRESTORM_GATE_BLOCK ABTS setup=move_strike prior_bar_ticks=94 threshold=6000
[MOVE_SUB_B] [15:17:46] FIRESTORM_GATE_BLOCK ABTS setup=move_strike prior_bar_ticks=94 threshold=6000
[MOVE_SUB_B] [15:17:46] FIRESTORM_GATE_BLOCK ABTS setup=move_strike prior_bar_ticks=94 threshold=6000
[MOVE_SUB_B] [15:17:46] FIRESTORM_GATE_BLOCK ABTS setup=move_strike prior_bar_ticks=94 threshold=6000
[MOVE_SUB_B] [15:17:46] FIRESTORM_GATE_BLOCK ABTS setup=move_strike prior_bar_ticks=94 threshold=6000
[MOVE_SUB_B] [15:17:46] FIRESTORM_GATE_BLOCK ABTS setup=move_strike prior_bar_ticks=94 threshold=6000
[MOVE_SUB_B] [15:17:46] FIRESTORM_GATE_BLOCK ABTS setup=move_strike prior_bar_ticks=94 threshold=6000
[MOVE_SUB_B] [15:17:46] FIRESTORM_GATE_BLOCK ABTS setup=move_strike prior_bar_ticks=94 threshold=6000
[MOVE_SUB_B] [15:17:46] FIRESTORM_GATE_BLOCK ABTS setup=move_strike prior_bar_ticks=94 threshold=6000
[MOVE_SUB_B] [15:17:46] FIRESTORM_GATE_BLOCK ABTS setup=move_strike prior_bar_ticks=94 threshold=6000
[MOVE_SUB_B] [15:17:46] FIRESTORM_GATE_BLOCK ABTS setup=move_strike prior_bar_ticks=94 threshold=6000
[MOVE_SUB_B] [15:17:46] FIRESTORM_GATE_BLOCK ABTS setup=move_strike prior_bar_ticks=94 threshold=6000
[MOVE_SUB_B] [15:17:46] FIRESTORM_GATE_BLOCK ABTS setup=move_strike prior_bar_ticks=94 threshold=6000
[MOVE_SUB_B] [15:17:46] FIRESTORM_GATE_BLOCK ABTS setup=move_strike prior_bar_ticks=94 threshold=6000
[MOVE_SUB_B] [15:17:46] FIRESTORM_GATE_BLOCK ABTS setup=move_strike prior_bar_ticks=94 threshold=6000
[MOVE_SUB_B] [15:17:46] FIRESTORM_GATE_BLOCK ABTS setup=move_strike prior_bar_ticks=94 threshold=6000
[MOVE_SUB_B] [15:17:46] FIRESTORM_GATE_BLOCK ABTS setup=move_strike prior_bar_ticks=94 threshold=6000
[MOVE_SUB_B] [15:17:46] FIRESTORM_GATE_BLOCK ABTS setup=move_strike prior_bar_ticks=94 threshold=6000
[MOVE_SUB_B] [15:17:46] FIRESTORM_GATE_BLOCK ABTS setup=move_strike prior_bar_ticks=94 threshold=6000
[MOVE_SUB_B] [15:17:46] FIRESTORM_GATE_BLOCK ABTS setup=move_strike prior_bar_ticks=94 threshold=6000
[MOVE_SUB_B] [15:17:46] FIRESTORM_GATE_BLOCK ABTS setup=move_strike prior_bar_ticks=94 threshold=6000
[MOVE_SUB_B] [15:17:46] FIRESTORM_GATE_BLOCK ABTS setup=move_strike prior_bar_ticks=94 threshold=6000
[MOVE_SUB_B] [15:17:46] FIRESTORM_GATE_BLOCK ABTS setup=move_strike prior_bar_ticks=94 threshold=6000
[MOVE_SUB_B] [15:17:47] FIRESTORM_GATE_BLOCK ABTS setup=move_strike prior_bar_ticks=94 threshold=6000
[MOVE_SUB_B] [15:17:47] FIRESTORM_GATE_BLOCK ABTS setup=move_strike prior_bar_ticks=94 threshold=6000
[MOVE_SUB_B] [15:17:47] FIRESTORM_GATE_BLOCK ABTS setup=move_strike prior_bar_ticks=94 threshold=6000
[MOVE_SUB_B] [15:17:47] FIRESTORM_GATE_BLOCK ABTS setup=move_strike prior_bar_ticks=94 threshold=6000
[MOVE_SUB_B] [15:17:47] FIRESTORM_GATE_BLOCK ABTS setup=move_strike prior_bar_ticks=94 threshold=6000
[MOVE_SUB_B] [15:17:48] FIRESTORM_GATE_BLOCK ABTS setup=move_strike prior_bar_ticks=94 threshold=6000
[MOVE_SUB_B] [15:17:48] FIRESTORM_GATE_BLOCK ABTS setup=move_strike prior_bar_ticks=94 threshold=6000
[MOVE_SUB_B] [15:17:48] FIRESTORM_GATE_BLOCK ABTS setup=move_strike prior_bar_ticks=94 threshold=6000
[MOVE_SUB_B] [15:17:48] FIRESTORM_GATE_BLOCK ABTS setup=move_strike prior_bar_ticks=94 threshold=6000
[MOVE_SUB_B] [15:17:48] FIRESTORM_GATE_BLOCK ABTS setup=move_strike prior_bar_ticks=94 threshold=6000
[MOVE_SUB_B] [15:17:48] FIRESTORM_GATE_BLOCK ABTS setup=move_strike prior_bar_ticks=94 threshold=6000
[MOVE_SUB_B] [15:17:48] FIRESTORM_GATE_BLOCK ABTS setup=move_strike prior_bar_ticks=94 threshold=6000
[MOVE_SUB_B] [15:17:48] FIRESTORM_GATE_BLOCK ABTS setup=move_strike prior_bar_ticks=94 threshold=6000
[MOVE_SUB_B] [15:17:48] FIRESTORM_GATE_BLOCK ABTS setup=move_strike prior_bar_ticks=94 threshold=6000
[MOVE_SUB_B] [15:17:48] FIRESTORM_GATE_BLOCK ABTS setup=move_strike prior_bar_ticks=94 threshold=6000
[MOVE_SUB_B] [15:17:48] FIRESTORM_GATE_BLOCK ABTS setup=move_strike prior_bar_ticks=94 threshold=6000
[MOVE_SUB_B] [15:17:49] FIRESTORM_GATE_BLOCK ABTS setup=move_strike prior_bar_ticks=94 threshold=6000
[MOVE_SUB_B] [15:17:49] FIRESTORM_GATE_BLOCK ABTS setup=move_strike prior_bar_ticks=94 threshold=6000
[MOVE_SUB_B] [15:17:49] FIRESTORM_GATE_BLOCK ABTS setup=move_strike prior_bar_ticks=94 threshold=6000
[MOVE_SUB_B] [15:17:49] FIRESTORM_GATE_BLOCK ABTS setup=move_strike prior_bar_ticks=94 threshold=6000
[MOVE_SUB_B] [15:17:49] FIRESTORM_GATE_BLOCK ABTS setup=move_strike prior_bar_ticks=94 threshold=6000
[MOVE_SUB_B] [15:17:49] FIRESTORM_GATE_BLOCK ABTS setup=move_strike prior_bar_ticks=94 threshold=6000
[MOVE_SUB_B] [15:17:49] FIRESTORM_GATE_BLOCK ABTS setup=move_strike prior_bar_ticks=94 threshold=6000
[MOVE_SUB_B] [15:17:49] FIRESTORM_GATE_BLOCK ABTS setup=move_strike prior_bar_ticks=94 threshold=6000
[MOVE_SUB_B] [15:17:49] FIRESTORM_GATE_BLOCK ABTS setup=move_strike prior_bar_ticks=94 threshold=6000
[MOVE_SUB_B] [15:17:49] FIRESTORM_GATE_BLOCK ABTS setup=move_strike prior_bar_ticks=94 threshold=6000
[MOVE_SUB_B] [15:17:49] FIRESTORM_GATE_BLOCK ABTS setup=move_strike prior_bar_ticks=94 threshold=6000
[MOVE_SUB_B] [15:17:49] FIRESTORM_GATE_BLOCK ABTS setup=move_strike prior_bar_ticks=94 threshold=6000
[MOVE_SUB_B] [15:17:49] FIRESTORM_GATE_BLOCK ABTS setup=move_strike prior_bar_ticks=94 threshold=6000
[MOVE_SUB_B] [15:17:50] FIRESTORM_GATE_BLOCK ABTS setup=move_strike prior_bar_ticks=94 threshold=6000
[MOVE_SUB_B] [15:17:50] FIRESTORM_GATE_BLOCK ABTS setup=move_strike prior_bar_ticks=94 threshold=6000
[MOVE_SUB_B] [15:17:50] FIRESTORM_GATE_BLOCK ABTS setup=move_strike prior_bar_ticks=94 threshold=6000
[MOVE_SUB_B] [15:17:50] FIRESTORM_GATE_BLOCK ABTS setup=move_strike prior_bar_ticks=94 threshold=6000
[MOVE_SUB_B] [15:17:50] FIRESTORM_GATE_BLOCK ABTS setup=move_strike prior_bar_ticks=94 threshold=6000
[MOVE_SUB_B] [15:17:50] FIRESTORM_GATE_BLOCK ABTS setup=move_strike prior_bar_ticks=94 threshold=6000
[MOVE_SUB_B] [15:17:50] FIRESTORM_GATE_BLOCK ABTS setup=move_strike prior_bar_ticks=94 threshold=6000
[MOVE_SUB_B] [15:17:50] FIRESTORM_GATE_BLOCK ABTS setup=move_strike prior_bar_ticks=94 threshold=6000
[MOVE_SUB_B] [15:17:50] FIRESTORM_GATE_BLOCK ABTS setup=move_strike prior_bar_ticks=94 threshold=6000
[MOVE_SUB_B] [15:17:50] FIRESTORM_GATE_BLOCK ABTS setup=move_strike prior_bar_ticks=94 threshold=6000
[MOVE_SUB_B] [15:17:50] FIRESTORM_GATE_BLOCK ABTS setup=move_strike prior_bar_ticks=94 threshold=6000
[MOVE_SUB_B] [15:17:50] FIRESTORM_GATE_BLOCK ABTS setup=move_strike prior_bar_ticks=94 threshold=6000
[MOVE_SUB_B] [15:17:50] FIRESTORM_GATE_BLOCK ABTS setup=move_strike prior_bar_ticks=94 threshold=6000
[MOVE_SUB_B] [15:17:50] FIRESTORM_GATE_BLOCK ABTS setup=move_strike prior_bar_ticks=94 threshold=6000
[MOVE_SUB_B] [15:17:50] FIRESTORM_GATE_BLOCK ABTS setup=move_strike prior_bar_ticks=94 threshold=6000
[MOVE_SUB_B] [15:17:50] FIRESTORM_GATE_BLOCK ABTS setup=move_strike prior_bar_ticks=94 threshold=6000
[MOVE_SUB_B] [15:17:50] FIRESTORM_GATE_BLOCK ABTS setup=move_strike prior_bar_ticks=94 threshold=6000
[MOVE_SUB_B] [15:17:50] FIRESTORM_GATE_BLOCK ABTS setup=move_strike prior_bar_ticks=94 threshold=6000
[MOVE_SUB_B] [15:17:51] FIRESTORM_GATE_BLOCK ABTS setup=move_strike prior_bar_ticks=94 threshold=6000
[MOVE_SUB_B] [15:17:51] FIRESTORM_GATE_BLOCK ABTS setup=move_strike prior_bar_ticks=94 threshold=6000
[MOVE_SUB_B] [15:17:51] FIRESTORM_GATE_BLOCK ABTS setup=move_strike prior_bar_ticks=94 threshold=6000
[MOVE_SUB_B] [15:17:51] FIRESTORM_GATE_BLOCK ABTS setup=move_strike prior_bar_ticks=94 threshold=6000
[MOVE_SUB_B] [15:17:51] FIRESTORM_GATE_BLOCK ABTS setup=move_strike prior_bar_ticks=94 threshold=6000
[MOVE_SUB_B] [15:17:51] FIRESTORM_GATE_BLOCK ABTS setup=move_strike prior_bar_ticks=94 threshold=6000
[MOVE_SUB_B] [15:17:51] FIRESTORM_GATE_BLOCK ABTS setup=move_strike prior_bar_ticks=94 threshold=6000
[MOVE_SUB_B] [15:17:51] FIRESTORM_GATE_BLOCK ABTS setup=move_strike prior_bar_ticks=94 threshold=6000
[MOVE_SUB_B] [15:17:51] FIRESTORM_GATE_BLOCK ABTS setup=move_strike prior_bar_ticks=94 threshold=6000
[MOVE_SUB_B] [15:17:51] FIRESTORM_GATE_BLOCK ABTS setup=move_strike prior_bar_ticks=94 threshold=6000
[MOVE_SUB_B] [15:17:52] FIRESTORM_GATE_BLOCK ABTS setup=move_strike prior_bar_ticks=94 threshold=6000
[MOVE_SUB_B] [15:17:52] FIRESTORM_GATE_BLOCK ABTS setup=move_strike prior_bar_ticks=94 threshold=6000
[MOVE_SUB_B] [15:17:52] FIRESTORM_GATE_BLOCK ABTS setup=move_strike prior_bar_ticks=94 threshold=6000
[MOVE_SUB_B] [15:17:52] FIRESTORM_GATE_BLOCK ABTS setup=move_strike prior_bar_ticks=94 threshold=6000
[MOVE_SUB_B] [15:17:52] FIRESTORM_GATE_BLOCK ABTS setup=move_strike prior_bar_ticks=94 threshold=6000
[MOVE_SUB_B] [15:17:52] FIRESTORM_GATE_BLOCK ABTS setup=move_strike prior_bar_ticks=94 threshold=6000
[MOVE_SUB_B] [15:17:52] FIRESTORM_GATE_BLOCK ABTS setup=move_strike prior_bar_ticks=94 threshold=6000
[MOVE_SUB_B] [15:17:52] FIRESTORM_GATE_BLOCK ABTS setup=move_strike prior_bar_ticks=94 threshold=6000
[MOVE_SUB_B] [15:17:52] FIRESTORM_GATE_BLOCK ABTS setup=move_strike prior_bar_ticks=94 threshold=6000
[MOVE_SUB_B] [15:17:52] FIRESTORM_GATE_BLOCK ABTS setup=move_strike prior_bar_ticks=94 threshold=6000
[MOVE_SUB_B] [15:17:52] FIRESTORM_GATE_BLOCK ABTS setup=move_strike prior_bar_ticks=94 threshold=6000
[MOVE_SUB_B] [15:17:52] FIRESTORM_GATE_BLOCK ABTS setup=move_strike prior_bar_ticks=94 threshold=6000
[MOVE_SUB_B] [15:17:52] FIRESTORM_GATE_BLOCK ABTS setup=move_strike prior_bar_ticks=94 threshold=6000
[MOVE_SUB_B] [15:17:52] FIRESTORM_GATE_BLOCK ABTS setup=move_strike prior_bar_ticks=94 threshold=6000
[MOVE_SUB_B] [15:17:52] FIRESTORM_GATE_BLOCK ABTS setup=move_strike prior_bar_ticks=94 threshold=6000
[MOVE_SUB_B] [15:17:52] FIRESTORM_GATE_BLOCK ABTS setup=move_strike prior_bar_ticks=94 threshold=6000
[MOVE_SUB_B] [15:17:52] FIRESTORM_GATE_BLOCK ABTS setup=move_strike prior_bar_ticks=94 threshold=6000
[MOVE_SUB_B] [15:17:52] FIRESTORM_GATE_BLOCK ABTS setup=move_strike prior_bar_ticks=94 threshold=6000
[MOVE_SUB_B] [15:17:52] FIRESTORM_GATE_BLOCK ABTS setup=move_strike prior_bar_ticks=94 threshold=6000
[MOVE_SUB_B] [15:17:52] FIRESTORM_GATE_BLOCK ABTS setup=move_strike prior_bar_ticks=94 threshold=6000
[MOVE_SUB_B] [15:17:52] FIRESTORM_GATE_BLOCK ABTS setup=move_strike prior_bar_ticks=94 threshold=6000
[MOVE_SUB_B] [15:17:52] FIRESTORM_GATE_BLOCK ABTS setup=move_strike prior_bar_ticks=94 threshold=6000
[MOVE_SUB_B] [15:17:52] FIRESTORM_GATE_BLOCK ABTS setup=move_strike prior_bar_ticks=94 threshold=6000
[MOVE_SUB_B] [15:17:52] FIRESTORM_GATE_BLOCK ABTS setup=move_strike prior_bar_ticks=94 threshold=6000
[MOVE_SUB_B] [15:17:52] FIRESTORM_GATE_BLOCK ABTS setup=move_strike prior_bar_ticks=94 threshold=6000
[MOVE_SUB_B] [15:17:52] FIRESTORM_GATE_BLOCK ABTS setup=move_strike prior_bar_ticks=94 threshold=6000
[MOVE_SUB_B] [15:17:52] FIRESTORM_GATE_BLOCK ABTS setup=move_strike prior_bar_ticks=94 threshold=6000
[MOVE_SUB_B] [15:17:52] FIRESTORM_GATE_BLOCK ABTS setup=move_strike prior_bar_ticks=94 threshold=6000
[MOVE_SUB_B] [15:17:52] FIRESTORM_GATE_BLOCK ABTS setup=move_strike prior_bar_ticks=94 threshold=6000
[MOVE_SUB_B] [15:17:52] FIRESTORM_GATE_BLOCK ABTS setup=move_strike prior_bar_ticks=94 threshold=6000
[MOVE_SUB_B] [15:17:52] FIRESTORM_GATE_BLOCK ABTS setup=move_strike prior_bar_ticks=94 threshold=6000
[MOVE_SUB_B] [15:17:52] FIRESTORM_GATE_BLOCK ABTS setup=move_strike prior_bar_ticks=94 threshold=6000
[MOVE_SUB_B] [15:17:52] FIRESTORM_GATE_BLOCK ABTS setup=move_strike prior_bar_ticks=94 threshold=6000
[MOVE_SUB_B] [15:17:52] FIRESTORM_GATE_BLOCK ABTS setup=move_strike prior_bar_ticks=94 threshold=6000
[MOVE_SUB_B] [15:17:52] FIRESTORM_GATE_BLOCK ABTS setup=move_strike prior_bar_ticks=94 threshold=6000
[MOVE_SUB_B] [15:17:52] FIRESTORM_GATE_BLOCK ABTS setup=move_strike prior_bar_ticks=94 threshold=6000
[MOVE_SUB_B] [15:17:52] FIRESTORM_GATE_BLOCK ABTS setup=move_strike prior_bar_ticks=94 threshold=6000
[MOVE_SUB_B] [15:17:52] FIRESTORM_GATE_BLOCK ABTS setup=move_strike prior_bar_ticks=94 threshold=6000
[MOVE_SUB_B] [15:17:52] FIRESTORM_GATE_BLOCK ABTS setup=move_strike prior_bar_ticks=94 threshold=6000
[MOVE_SUB_B] [15:17:52] FIRESTORM_GATE_BLOCK ABTS setup=move_strike prior_bar_ticks=94 threshold=6000
[MOVE_SUB_B] [15:17:52] FIRESTORM_GATE_BLOCK ABTS setup=move_strike prior_bar_ticks=94 threshold=6000
[MOVE_SUB_B] [15:17:52] FIRESTORM_GATE_BLOCK ABTS setup=move_strike prior_bar_ticks=94 threshold=6000
[MOVE_SUB_B] [15:17:52] FIRESTORM_GATE_BLOCK ABTS setup=move_strike prior_bar_ticks=94 threshold=6000
[MOVE_SUB_B] [15:17:52] FIRESTORM_GATE_BLOCK ABTS setup=move_strike prior_bar_ticks=94 threshold=6000
[MOVE_SUB_B] [15:17:52] FIRESTORM_GATE_BLOCK ABTS setup=move_strike prior_bar_ticks=94 threshold=6000
[MOVE_SUB_B] [15:17:52] FIRESTORM_GATE_BLOCK ABTS setup=move_strike prior_bar_ticks=94 threshold=6000
[MOVE_SUB_B] [15:17:52] FIRESTORM_GATE_BLOCK ABTS setup=move_strike prior_bar_ticks=94 threshold=6000
[MOVE_SUB_B] [15:17:52] FIRESTORM_GATE_BLOCK ABTS setup=move_strike prior_bar_ticks=94 threshold=6000
[MOVE_SUB_B] [15:17:52] FIRESTORM_GATE_BLOCK ABTS setup=move_strike prior_bar_ticks=94 threshold=6000
[MOVE_SUB_B] [15:17:52] FIRESTORM_GATE_BLOCK ABTS setup=move_strike prior_bar_ticks=94 threshold=6000
[MOVE_SUB_B] [15:17:52] FIRESTORM_GATE_BLOCK ABTS setup=move_strike prior_bar_ticks=94 threshold=6000
[MOVE_SUB_B] [15:17:52] FIRESTORM_GATE_BLOCK ABTS setup=move_strike prior_bar_ticks=94 threshold=6000
[MOVE_SUB_B] [15:17:52] FIRESTORM_GATE_BLOCK ABTS setup=move_strike prior_bar_ticks=94 threshold=6000
[MOVE_SUB_B] [15:17:52] FIRESTORM_GATE_BLOCK ABTS setup=move_strike prior_bar_ticks=94 threshold=6000
[MOVE_SUB_B] [15:17:52] FIRESTORM_GATE_BLOCK ABTS setup=move_strike prior_bar_ticks=94 threshold=6000
[MOVE_SUB_B] [15:17:52] FIRESTORM_GATE_BLOCK ABTS setup=move_strike prior_bar_ticks=94 threshold=6000
[MOVE_SUB_B] [15:17:52] FIRESTORM_GATE_BLOCK ABTS setup=move_strike prior_bar_ticks=94 threshold=6000
[MOVE_SUB_B] [15:17:52] FIRESTORM_GATE_BLOCK ABTS setup=move_strike prior_bar_ticks=94 threshold=6000
[MOVE_SUB_B] [15:17:52] FIRESTORM_GATE_BLOCK ABTS setup=move_strike prior_bar_ticks=94 threshold=6000
[MOVE_SUB_B] [15:17:52] FIRESTORM_GATE_BLOCK ABTS setup=move_strike prior_bar_ticks=94 threshold=6000
[MOVE_SUB_B] [15:17:52] FIRESTORM_GATE_BLOCK ABTS setup=move_strike prior_bar_ticks=94 threshold=6000
[MOVE_SUB_B] [15:17:52] FIRESTORM_GATE_BLOCK ABTS setup=move_strike prior_bar_ticks=94 threshold=6000
[MOVE_SUB_B] [15:17:52] FIRESTORM_GATE_BLOCK ABTS setup=move_strike prior_bar_ticks=94 threshold=6000
[MOVE_SUB_B] [15:17:52] FIRESTORM_GATE_BLOCK ABTS setup=move_strike prior_bar_ticks=94 threshold=6000
[MOVE_SUB_B] [15:17:52] FIRESTORM_GATE_BLOCK ABTS setup=move_strike prior_bar_ticks=94 threshold=6000
[MOVE_SUB_B] [15:17:52] FIRESTORM_GATE_BLOCK ABTS setup=move_strike prior_bar_ticks=94 threshold=6000
[MOVE_SUB_B] [15:17:52] FIRESTORM_GATE_BLOCK ABTS setup=move_strike prior_bar_ticks=94 threshold=6000
[MOVE_SUB_B] [15:17:52] FIRESTORM_GATE_BLOCK ABTS setup=move_strike prior_bar_ticks=94 threshold=6000
[MOVE_SUB_B] [15:17:52] FIRESTORM_GATE_BLOCK ABTS setup=move_strike prior_bar_ticks=94 threshold=6000
[MOVE_SUB_B] [15:17:52] FIRESTORM_GATE_BLOCK ABTS setup=move_strike prior_bar_ticks=94 threshold=6000
[MOVE_SUB_B] [15:17:52] FIRESTORM_GATE_BLOCK ABTS setup=move_strike prior_bar_ticks=94 threshold=6000
[MOVE_SUB_B] [15:17:52] FIRESTORM_GATE_BLOCK ABTS setup=move_strike prior_bar_ticks=94 threshold=6000
[MOVE_SUB_B] [15:17:52] FIRESTORM_GATE_BLOCK ABTS setup=move_strike prior_bar_ticks=94 threshold=6000
[MOVE_SUB_B] [15:17:52] FIRESTORM_GATE_BLOCK ABTS setup=move_strike prior_bar_ticks=94 threshold=6000
[MOVE_SUB_B] [15:17:52] FIRESTORM_GATE_BLOCK ABTS setup=move_strike prior_bar_ticks=94 threshold=6000
[MOVE_SUB_B] [15:17:52] FIRESTORM_GATE_BLOCK ABTS setup=move_strike prior_bar_ticks=94 threshold=6000
[MOVE_SUB_B] [15:17:52] FIRESTORM_GATE_BLOCK ABTS setup=move_strike prior_bar_ticks=94 threshold=6000
[MOVE_SUB_B] [15:17:52] FIRESTORM_GATE_BLOCK ABTS setup=move_strike prior_bar_ticks=94 threshold=6000
[MOVE_SUB_B] [15:17:52] FIRESTORM_GATE_BLOCK ABTS setup=move_strike prior_bar_ticks=94 threshold=6000
[MOVE_SUB_B] [15:17:52] FIRESTORM_GATE_BLOCK ABTS setup=move_strike prior_bar_ticks=94 threshold=6000
[MOVE_SUB_B] [15:17:52] FIRESTORM_GATE_BLOCK ABTS setup=move_strike prior_bar_ticks=94 threshold=6000
[MOVE_SUB_B] [15:17:52] FIRESTORM_GATE_BLOCK ABTS setup=move_strike prior_bar_ticks=94 threshold=6000
[MOVE_SUB_B] [15:17:52] FIRESTORM_GATE_BLOCK ABTS setup=move_strike prior_bar_ticks=94 threshold=6000
[MOVE_SUB_B] [15:17:52] FIRESTORM_GATE_BLOCK ABTS setup=move_strike prior_bar_ticks=94 threshold=6000
[MOVE_SUB_B] [15:17:52] FIRESTORM_GATE_BLOCK ABTS setup=move_strike prior_bar_ticks=94 threshold=6000
[MOVE_SUB_B] [15:17:52] FIRESTORM_GATE_BLOCK ABTS setup=move_strike prior_bar_ticks=94 threshold=6000
[MOVE_SUB_B] [15:17:52] FIRESTORM_GATE_BLOCK ABTS setup=move_strike prior_bar_ticks=94 threshold=6000
[MOVE_SUB_B] [15:17:52] FIRESTORM_GATE_BLOCK ABTS setup=move_strike prior_bar_ticks=94 threshold=6000
[MOVE_SUB_B] [15:17:52] FIRESTORM_GATE_BLOCK ABTS setup=move_strike prior_bar_ticks=94 threshold=6000
[MOVE_SUB_B] [15:17:52] FIRESTORM_GATE_BLOCK ABTS setup=move_strike prior_bar_ticks=94 threshold=6000
[MOVE_SUB_B] [15:17:52] FIRESTORM_GATE_BLOCK ABTS setup=move_strike prior_bar_ticks=94 threshold=6000
[MOVE_SUB_B] [15:17:52] FIRESTORM_GATE_BLOCK ABTS setup=move_strike prior_bar_ticks=94 threshold=6000
[MOVE_SUB_B] [15:17:52] FIRESTORM_GATE_BLOCK ABTS setup=move_strike prior_bar_ticks=94 threshold=6000
[MOVE_SUB_B] [15:17:52] FIRESTORM_GATE_BLOCK ABTS setup=move_strike prior_bar_ticks=94 threshold=6000
[MOVE_SUB_B] [15:17:52] FIRESTORM_GATE_BLOCK ABTS setup=move_strike prior_bar_ticks=94 threshold=6000
[MOVE_SUB_B] [15:17:52] FIRESTORM_GATE_BLOCK ABTS setup=move_strike prior_bar_ticks=94 threshold=6000
[MOVE_SUB_B] [15:17:52] FIRESTORM_GATE_BLOCK ABTS setup=move_strike prior_bar_ticks=94 threshold=6000
[MOVE_SUB_B] [15:17:52] FIRESTORM_GATE_BLOCK ABTS setup=move_strike prior_bar_ticks=94 threshold=6000
[MOVE_SUB_B] [15:17:52] FIRESTORM_GATE_BLOCK ABTS setup=move_strike prior_bar_ticks=94 threshold=6000
[MOVE_SUB_B] [15:17:53] FIRESTORM_GATE_BLOCK ABTS setup=move_strike prior_bar_ticks=94 threshold=6000
[MOVE_SUB_B] [15:17:53] FIRESTORM_GATE_BLOCK ABTS setup=move_strike prior_bar_ticks=94 threshold=6000
[MOVE_SUB_B] [15:17:53] FIRESTORM_GATE_BLOCK ABTS setup=move_strike prior_bar_ticks=94 threshold=6000
[MOVE_SUB_B] [15:17:53] FIRESTORM_GATE_BLOCK ABTS setup=move_strike prior_bar_ticks=94 threshold=6000
[MOVE_SUB_B] [15:17:53] FIRESTORM_GATE_BLOCK ABTS setup=move_strike prior_bar_ticks=94 threshold=6000
[MOVE_SUB_B] [15:17:53] FIRESTORM_GATE_BLOCK ABTS setup=move_strike prior_bar_ticks=94 threshold=6000
[MOVE_SUB_B] [15:17:53] FIRESTORM_GATE_BLOCK ABTS setup=move_strike prior_bar_ticks=94 threshold=6000
[MOVE_SUB_B] [15:17:53] FIRESTORM_GATE_BLOCK ABTS setup=move_strike prior_bar_ticks=94 threshold=6000
[MOVE_SUB_B] [15:17:53] FIRESTORM_GATE_BLOCK ABTS setup=move_strike prior_bar_ticks=94 threshold=6000
[MOVE_SUB_B] [15:17:53] FIRESTORM_GATE_BLOCK ABTS setup=move_strike prior_bar_ticks=94 threshold=6000
[MOVE_SUB_B] [15:17:53] FIRESTORM_GATE_BLOCK ABTS setup=move_strike prior_bar_ticks=94 threshold=6000
[MOVE_SUB_B] [15:17:53] FIRESTORM_GATE_BLOCK ABTS setup=move_strike prior_bar_ticks=94 threshold=6000
[MOVE_SUB_B] [15:17:53] FIRESTORM_GATE_BLOCK ABTS setup=move_strike prior_bar_ticks=94 threshold=6000
[MOVE_SUB_B] [15:17:53] FIRESTORM_GATE_BLOCK ABTS setup=move_strike prior_bar_ticks=94 threshold=6000
[MOVE_SUB_B] [15:17:53] FIRESTORM_GATE_BLOCK ABTS setup=move_strike prior_bar_ticks=94 threshold=6000
[MOVE_SUB_B] [15:17:53] FIRESTORM_GATE_BLOCK ABTS setup=move_strike prior_bar_ticks=94 threshold=6000
[MOVE_SUB_B] [15:17:53] FIRESTORM_GATE_BLOCK ABTS setup=move_strike prior_bar_ticks=94 threshold=6000
[MOVE_SUB_B] [15:17:53] FIRESTORM_GATE_BLOCK ABTS setup=move_strike prior_bar_ticks=94 threshold=6000
[MOVE_SUB_B] [15:17:53] FIRESTORM_GATE_BLOCK ABTS setup=move_strike prior_bar_ticks=94 threshold=6000
[MOVE_SUB_B] [15:17:53] FIRESTORM_GATE_BLOCK ABTS setup=move_strike prior_bar_ticks=94 threshold=6000
[MOVE_SUB_B] [15:17:53] FIRESTORM_GATE_BLOCK ABTS setup=move_strike prior_bar_ticks=94 threshold=6000
[MOVE_SUB_B] [15:17:53] FIRESTORM_GATE_BLOCK ABTS setup=move_strike prior_bar_ticks=94 threshold=6000
[MOVE_SUB_B] [15:17:53] FIRESTORM_GATE_BLOCK ABTS setup=move_strike prior_bar_ticks=94 threshold=6000
[MOVE_SUB_B] [15:17:53] FIRESTORM_GATE_BLOCK ABTS setup=move_strike prior_bar_ticks=94 threshold=6000
[MOVE_SUB_B] [15:17:53] FIRESTORM_GATE_BLOCK ABTS setup=move_strike prior_bar_ticks=94 threshold=6000
[MOVE_SUB_B] [15:17:53] FIRESTORM_GATE_BLOCK ABTS setup=move_strike prior_bar_ticks=94 threshold=6000
[MOVE_SUB_B] [15:17:53] FIRESTORM_GATE_BLOCK ABTS setup=move_strike prior_bar_ticks=94 threshold=6000
[MOVE_SUB_B] [15:17:53] FIRESTORM_GATE_BLOCK ABTS setup=move_strike prior_bar_ticks=94 threshold=6000
[MOVE_SUB_B] [15:17:53] FIRESTORM_GATE_BLOCK ABTS setup=move_strike prior_bar_ticks=94 threshold=6000
[MOVE_SUB_B] [15:17:53] FIRESTORM_GATE_BLOCK ABTS setup=move_strike prior_bar_ticks=94 threshold=6000
[MOVE_SUB_B] [15:17:53] FIRESTORM_GATE_BLOCK ABTS setup=move_strike prior_bar_ticks=94 threshold=6000
[MOVE_SUB_B] [15:17:53] FIRESTORM_GATE_BLOCK ABTS setup=move_strike prior_bar_ticks=94 threshold=6000
[MOVE_SUB_B] [15:17:53] FIRESTORM_GATE_BLOCK ABTS setup=move_strike prior_bar_ticks=94 threshold=6000
[MOVE_SUB_B] [15:17:53] FIRESTORM_GATE_BLOCK ABTS setup=move_strike prior_bar_ticks=94 threshold=6000
[MOVE_SUB_B] [15:17:53] FIRESTORM_GATE_BLOCK ABTS setup=move_strike prior_bar_ticks=94 threshold=6000
[MOVE_SUB_B] [15:17:53] FIRESTORM_GATE_BLOCK ABTS setup=move_strike prior_bar_ticks=94 threshold=6000
[MOVE_SUB_B] [15:17:53] FIRESTORM_GATE_BLOCK ABTS setup=move_strike prior_bar_ticks=94 threshold=6000
[MOVE_SUB_B] [15:17:53] FIRESTORM_GATE_BLOCK ABTS setup=move_strike prior_bar_ticks=94 threshold=6000
[MOVE_SUB_B] [15:17:53] FIRESTORM_GATE_BLOCK ABTS setup=move_strike prior_bar_ticks=94 threshold=6000
[MOVE_SUB_B] [15:17:53] FIRESTORM_GATE_BLOCK ABTS setup=move_strike prior_bar_ticks=94 threshold=6000
[MOVE_SUB_B] [15:17:53] FIRESTORM_GATE_BLOCK ABTS setup=move_strike prior_bar_ticks=94 threshold=6000
[MOVE_SUB_B] [15:17:53] FIRESTORM_GATE_BLOCK ABTS setup=move_strike prior_bar_ticks=94 threshold=6000
[MOVE_SUB_B] [15:17:53] FIRESTORM_GATE_BLOCK ABTS setup=move_strike prior_bar_ticks=94 threshold=6000
[MOVE_SUB_B] [15:17:53] FIRESTORM_GATE_BLOCK ABTS setup=move_strike prior_bar_ticks=94 threshold=6000
[MOVE_SUB_B] [15:17:53] FIRESTORM_GATE_BLOCK ABTS setup=move_strike prior_bar_ticks=94 threshold=6000
[MOVE_SUB_B] [15:17:53] FIRESTORM_GATE_BLOCK ABTS setup=move_strike prior_bar_ticks=94 threshold=6000
[MOVE_SUB_B] [15:17:53] FIRESTORM_GATE_BLOCK ABTS setup=move_strike prior_bar_ticks=94 threshold=6000
[MOVE_SUB_B] [15:17:53] FIRESTORM_GATE_BLOCK ABTS setup=move_strike prior_bar_ticks=94 threshold=6000
[MOVE_SUB_B] [15:17:53] FIRESTORM_GATE_BLOCK ABTS setup=move_strike prior_bar_ticks=94 threshold=6000
[MOVE_SUB_B] [15:17:53] FIRESTORM_GATE_BLOCK ABTS setup=move_strike prior_bar_ticks=94 threshold=6000
[MOVE_SUB_B] [15:17:53] FIRESTORM_GATE_BLOCK ABTS setup=move_strike prior_bar_ticks=94 threshold=6000
[MOVE_SUB_B] [15:17:53] FIRESTORM_GATE_BLOCK ABTS setup=move_strike prior_bar_ticks=94 threshold=6000
[MOVE_SUB_B] [15:17:53] FIRESTORM_GATE_BLOCK ABTS setup=move_strike prior_bar_ticks=94 threshold=6000
[MOVE_SUB_B] [15:17:53] FIRESTORM_GATE_BLOCK ABTS setup=move_strike prior_bar_ticks=94 threshold=6000
[MOVE_SUB_B] [15:17:53] FIRESTORM_GATE_BLOCK ABTS setup=move_strike prior_bar_ticks=94 threshold=6000
[MOVE_SUB_B] [15:17:53] FIRESTORM_GATE_BLOCK ABTS setup=move_strike prior_bar_ticks=94 threshold=6000
[MOVE_SUB_B] [15:17:53] FIRESTORM_GATE_BLOCK ABTS setup=move_strike prior_bar_ticks=94 threshold=6000
[MOVE_SUB_B] [15:17:53] FIRESTORM_GATE_BLOCK ABTS setup=move_strike prior_bar_ticks=94 threshold=6000
[MOVE_SUB_B] [15:17:53] FIRESTORM_GATE_BLOCK ABTS setup=move_strike prior_bar_ticks=94 threshold=6000
[MOVE_SUB_B] [15:17:53] FIRESTORM_GATE_BLOCK ABTS setup=move_strike prior_bar_ticks=94 threshold=6000
[MOVE_SUB_B] [15:17:53] FIRESTORM_GATE_BLOCK ABTS setup=move_strike prior_bar_ticks=94 threshold=6000
[MOVE_SUB_B] [15:17:53] FIRESTORM_GATE_BLOCK ABTS setup=move_strike prior_bar_ticks=94 threshold=6000
[MOVE_SUB_B] [15:17:53] FIRESTORM_GATE_BLOCK ABTS setup=move_strike prior_bar_ticks=94 threshold=6000
[MOVE_SUB_B] [15:17:53] FIRESTORM_GATE_BLOCK ABTS setup=move_strike prior_bar_ticks=94 threshold=6000
[MOVE_SUB_B] [15:17:53] FIRESTORM_GATE_BLOCK ABTS setup=move_strike prior_bar_ticks=94 threshold=6000
[MOVE_SUB_B] [15:17:53] FIRESTORM_GATE_BLOCK ABTS setup=move_strike prior_bar_ticks=94 threshold=6000
[MOVE_SUB_B] [15:17:53] FIRESTORM_GATE_BLOCK ABTS setup=move_strike prior_bar_ticks=94 threshold=6000
[MOVE_SUB_B] [15:17:53] FIRESTORM_GATE_BLOCK ABTS setup=move_strike prior_bar_ticks=94 threshold=6000
[MOVE_SUB_B] [15:17:53] FIRESTORM_GATE_BLOCK ABTS setup=move_strike prior_bar_ticks=94 threshold=6000
[MOVE_SUB_B] [15:17:53] FIRESTORM_GATE_BLOCK ABTS setup=move_strike prior_bar_ticks=94 threshold=6000
[MOVE_SUB_B] [15:17:53] FIRESTORM_GATE_BLOCK ABTS setup=move_strike prior_bar_ticks=94 threshold=6000
[MOVE_SUB_B] [15:17:53] FIRESTORM_GATE_BLOCK ABTS setup=move_strike prior_bar_ticks=94 threshold=6000
[MOVE_SUB_B] [15:17:54] FIRESTORM_GATE_BLOCK ABTS setup=move_strike prior_bar_ticks=94 threshold=6000
[MOVE_SUB_B] [15:17:54] FIRESTORM_GATE_BLOCK ABTS setup=move_strike prior_bar_ticks=94 threshold=6000
[MOVE_SUB_B] [15:17:54] FIRESTORM_GATE_BLOCK ABTS setup=move_strike prior_bar_ticks=94 threshold=6000
[MOVE_SUB_B] [15:17:55] FIRESTORM_GATE_BLOCK ABTS setup=move_strike prior_bar_ticks=94 threshold=6000
[MOVE_SUB_B] [15:17:55] FIRESTORM_GATE_BLOCK ABTS setup=move_strike prior_bar_ticks=94 threshold=6000
[MOVE_SUB_B] [15:17:55] FIRESTORM_GATE_BLOCK ABTS setup=move_strike prior_bar_ticks=94 threshold=6000
[MOVE_SUB_B] [15:17:55] FIRESTORM_GATE_BLOCK ABTS setup=move_strike prior_bar_ticks=94 threshold=6000
[MOVE_SUB_B] [15:17:55] FIRESTORM_GATE_BLOCK ABTS setup=move_strike prior_bar_ticks=94 threshold=6000
[MOVE_SUB_B] [15:17:55] FIRESTORM_GATE_BLOCK ABTS setup=move_strike prior_bar_ticks=94 threshold=6000
[MOVE_SUB_B] [15:17:55] FIRESTORM_GATE_BLOCK ABTS setup=move_strike prior_bar_ticks=94 threshold=6000
[MOVE_SUB_B] [15:17:55] FIRESTORM_GATE_BLOCK ABTS setup=move_strike prior_bar_ticks=94 threshold=6000
[MOVE_SUB_B] [15:17:55] FIRESTORM_GATE_BLOCK ABTS setup=move_strike prior_bar_ticks=94 threshold=6000
[MOVE_SUB_B] [15:17:55] FIRESTORM_GATE_BLOCK ABTS setup=move_strike prior_bar_ticks=94 threshold=6000
[MOVE_SUB_B] [15:17:55] FIRESTORM_GATE_BLOCK ABTS setup=move_strike prior_bar_ticks=94 threshold=6000
[MOVE_SUB_B] [15:17:55] FIRESTORM_GATE_BLOCK ABTS setup=move_strike prior_bar_ticks=94 threshold=6000
[MOVE_SUB_B] [15:17:55] FIRESTORM_GATE_BLOCK ABTS setup=move_strike prior_bar_ticks=94 threshold=6000
[MOVE_SUB_B] [15:17:55] FIRESTORM_GATE_BLOCK ABTS setup=move_strike prior_bar_ticks=94 threshold=6000
[MOVE_SUB_B] [15:17:55] FIRESTORM_GATE_BLOCK ABTS setup=move_strike prior_bar_ticks=94 threshold=6000
[MOVE_SUB_B] [15:17:55] FIRESTORM_GATE_BLOCK ABTS setup=move_strike prior_bar_ticks=94 threshold=6000
[MOVE_SUB_B] [15:17:55] FIRESTORM_GATE_BLOCK ABTS setup=move_strike prior_bar_ticks=94 threshold=6000
[MOVE_SUB_B] [15:17:55] FIRESTORM_GATE_BLOCK ABTS setup=move_strike prior_bar_ticks=94 threshold=6000
[MOVE_SUB_B] [15:17:55] FIRESTORM_GATE_BLOCK ABTS setup=move_strike prior_bar_ticks=94 threshold=6000
[MOVE_SUB_B] [15:17:55] FIRESTORM_GATE_BLOCK ABTS setup=move_strike prior_bar_ticks=94 threshold=6000
[MOVE_SUB_B] [15:17:55] FIRESTORM_GATE_BLOCK ABTS setup=move_strike prior_bar_ticks=94 threshold=6000
[MOVE_SUB_B] [15:17:55] FIRESTORM_GATE_BLOCK ABTS setup=move_strike prior_bar_ticks=94 threshold=6000
[MOVE_SUB_B] [15:17:55] FIRESTORM_GATE_BLOCK ABTS setup=move_strike prior_bar_ticks=94 threshold=6000
[MOVE_SUB_B] [15:17:55] FIRESTORM_GATE_BLOCK ABTS setup=move_strike prior_bar_ticks=94 threshold=6000
[MOVE_SUB_B] [15:17:55] FIRESTORM_GATE_BLOCK ABTS setup=move_strike prior_bar_ticks=94 threshold=6000
[MOVE_SUB_B] [15:17:55] FIRESTORM_GATE_BLOCK ABTS setup=move_strike prior_bar_ticks=94 threshold=6000
[MOVE_SUB_B] [15:17:55] FIRESTORM_GATE_BLOCK ABTS setup=move_strike prior_bar_ticks=94 threshold=6000
[MOVE_SUB_B] [15:17:55] FIRESTORM_GATE_BLOCK ABTS setup=move_strike prior_bar_ticks=94 threshold=6000
[MOVE_SUB_B] [15:17:55] FIRESTORM_GATE_BLOCK ABTS setup=move_strike prior_bar_ticks=94 threshold=6000
[MOVE_SUB_B] [15:17:55] FIRESTORM_GATE_BLOCK ABTS setup=move_strike prior_bar_ticks=94 threshold=6000
[MOVE_SUB_B] [15:17:55] FIRESTORM_GATE_BLOCK ABTS setup=move_strike prior_bar_ticks=94 threshold=6000
[MOVE_SUB_B] [15:17:55] FIRESTORM_GATE_BLOCK ABTS setup=move_strike prior_bar_ticks=94 threshold=6000
[MOVE_SUB_B] [15:17:56] FIRESTORM_GATE_BLOCK ABTS setup=move_strike prior_bar_ticks=94 threshold=6000
[MOVE_SUB_B] [15:17:56] FIRESTORM_GATE_BLOCK ABTS setup=move_strike prior_bar_ticks=94 threshold=6000
[MOVE_SUB_B] [15:17:56] FIRESTORM_GATE_BLOCK ABTS setup=move_strike prior_bar_ticks=94 threshold=6000
[MOVE_SUB_B] [15:17:56] FIRESTORM_GATE_BLOCK ABTS setup=move_strike prior_bar_ticks=94 threshold=6000
[MOVE_SUB_B] [15:17:56] FIRESTORM_GATE_BLOCK ABTS setup=move_strike prior_bar_ticks=94 threshold=6000
[MOVE_SUB_B] [15:17:56] FIRESTORM_GATE_BLOCK ABTS setup=move_strike prior_bar_ticks=94 threshold=6000
[MOVE_SUB_B] [15:17:56] FIRESTORM_GATE_BLOCK ABTS setup=move_strike prior_bar_ticks=94 threshold=6000
[MOVE_SUB_B] [15:17:56] FIRESTORM_GATE_BLOCK ABTS setup=move_strike prior_bar_ticks=94 threshold=6000
[MOVE_SUB_B] [15:17:56] FIRESTORM_GATE_BLOCK ABTS setup=move_strike prior_bar_ticks=94 threshold=6000
[MOVE_SUB_B] [15:17:56] FIRESTORM_GATE_BLOCK ABTS setup=move_strike prior_bar_ticks=94 threshold=6000
[MOVE_SUB_B] [15:17:56] FIRESTORM_GATE_BLOCK ABTS setup=move_strike prior_bar_ticks=94 threshold=6000
[MOVE_SUB_B] [15:17:56] FIRESTORM_GATE_BLOCK ABTS setup=move_strike prior_bar_ticks=94 threshold=6000
[MOVE_SUB_B] [15:17:56] FIRESTORM_GATE_BLOCK ABTS setup=move_strike prior_bar_ticks=94 threshold=6000
[MOVE_SUB_B] [15:17:56] FIRESTORM_GATE_BLOCK ABTS setup=move_strike prior_bar_ticks=94 threshold=6000
[MOVE_SUB_B] [15:17:56] FIRESTORM_GATE_BLOCK ABTS setup=move_strike prior_bar_ticks=94 threshold=6000
[MOVE_SUB_B] [15:17:56] FIRESTORM_GATE_BLOCK ABTS setup=move_strike prior_bar_ticks=94 threshold=6000
[MOVE_SUB_B] [15:17:56] FIRESTORM_GATE_BLOCK ABTS setup=move_strike prior_bar_ticks=94 threshold=6000
[MOVE_SUB_B] [15:17:56] FIRESTORM_GATE_BLOCK ABTS setup=move_strike prior_bar_ticks=94 threshold=6000
[MOVE_SUB_B] [15:17:56] FIRESTORM_GATE_BLOCK ABTS setup=move_strike prior_bar_ticks=94 threshold=6000
[MOVE_SUB_B] [15:17:56] FIRESTORM_GATE_BLOCK ABTS setup=move_strike prior_bar_ticks=94 threshold=6000
[MOVE_SUB_B] [15:17:56] FIRESTORM_GATE_BLOCK ABTS setup=move_strike prior_bar_ticks=94 threshold=6000
[MOVE_SUB_B] [15:17:56] FIRESTORM_GATE_BLOCK ABTS setup=move_strike prior_bar_ticks=94 threshold=6000
[MOVE_SUB_B] [15:17:56] FIRESTORM_GATE_BLOCK ABTS setup=move_strike prior_bar_ticks=94 threshold=6000
[MOVE_SUB_B] [15:17:56] FIRESTORM_GATE_BLOCK ABTS setup=move_strike prior_bar_ticks=94 threshold=6000
[MOVE_SUB_B] [15:17:56] FIRESTORM_GATE_BLOCK ABTS setup=move_strike prior_bar_ticks=94 threshold=6000
[MOVE_SUB_B] [15:17:56] FIRESTORM_GATE_BLOCK ABTS setup=move_strike prior_bar_ticks=94 threshold=6000
[MOVE_SUB_B] [15:17:56] FIRESTORM_GATE_BLOCK ABTS setup=move_strike prior_bar_ticks=94 threshold=6000
[MOVE_SUB_B] [15:17:56] FIRESTORM_GATE_BLOCK ABTS setup=move_strike prior_bar_ticks=94 threshold=6000
[MOVE_SUB_B] [15:17:56] FIRESTORM_GATE_BLOCK ABTS setup=move_strike prior_bar_ticks=94 threshold=6000
[MOVE_SUB_B] [15:17:56] FIRESTORM_GATE_BLOCK ABTS setup=move_strike prior_bar_ticks=94 threshold=6000
[MOVE_SUB_B] [15:17:56] FIRESTORM_GATE_BLOCK ABTS setup=move_strike prior_bar_ticks=94 threshold=6000
[MOVE_SUB_B] [15:17:56] FIRESTORM_GATE_BLOCK ABTS setup=move_strike prior_bar_ticks=94 threshold=6000
[MOVE_SUB_B] [15:17:56] FIRESTORM_GATE_BLOCK ABTS setup=move_strike prior_bar_ticks=94 threshold=6000
[MOVE_SUB_B] [15:17:56] FIRESTORM_GATE_BLOCK ABTS setup=move_strike prior_bar_ticks=94 threshold=6000
[MOVE_SUB_B] [15:17:56] FIRESTORM_GATE_BLOCK ABTS setup=move_strike prior_bar_ticks=94 threshold=6000
[MOVE_SUB_B] [15:17:56] FIRESTORM_GATE_BLOCK ABTS setup=move_strike prior_bar_ticks=94 threshold=6000
[MOVE_SUB_B] [15:17:56] FIRESTORM_GATE_BLOCK ABTS setup=move_strike prior_bar_ticks=94 threshold=6000
[MOVE_SUB_B] [15:17:56] FIRESTORM_GATE_BLOCK ABTS setup=move_strike prior_bar_ticks=94 threshold=6000
[MOVE_SUB_B] [15:17:56] FIRESTORM_GATE_BLOCK ABTS setup=move_strike prior_bar_ticks=94 threshold=6000
[MOVE_SUB_B] [15:17:56] FIRESTORM_GATE_BLOCK ABTS setup=move_strike prior_bar_ticks=94 threshold=6000
[MOVE_SUB_B] [15:17:56] FIRESTORM_GATE_BLOCK ABTS setup=move_strike prior_bar_ticks=94 threshold=6000
[MOVE_SUB_B] [15:17:56] FIRESTORM_GATE_BLOCK ABTS setup=move_strike prior_bar_ticks=94 threshold=6000
[MOVE_SUB_B] [15:17:56] FIRESTORM_GATE_BLOCK ABTS setup=move_strike prior_bar_ticks=94 threshold=6000
[MOVE_SUB_B] [15:17:56] FIRESTORM_GATE_BLOCK ABTS setup=move_strike prior_bar_ticks=94 threshold=6000
[MOVE_SUB_B] [15:17:56] FIRESTORM_GATE_BLOCK ABTS setup=move_strike prior_bar_ticks=94 threshold=6000
[MOVE_SUB_B] [15:17:56] FIRESTORM_GATE_BLOCK ABTS setup=move_strike prior_bar_ticks=94 threshold=6000
[MOVE_SUB_B] [15:17:56] FIRESTORM_GATE_BLOCK ABTS setup=move_strike prior_bar_ticks=94 threshold=6000
[MOVE_SUB_B] [15:17:56] FIRESTORM_GATE_BLOCK ABTS setup=move_strike prior_bar_ticks=94 threshold=6000
[MOVE_SUB_B] [15:17:56] FIRESTORM_GATE_BLOCK ABTS setup=move_strike prior_bar_ticks=94 threshold=6000
[MOVE_SUB_B] [15:17:56] FIRESTORM_GATE_BLOCK ABTS setup=move_strike prior_bar_ticks=94 threshold=6000
[MOVE_SUB_B] [15:17:56] FIRESTORM_GATE_BLOCK ABTS setup=move_strike prior_bar_ticks=94 threshold=6000
[MOVE_SUB_B] [15:17:56] FIRESTORM_GATE_BLOCK ABTS setup=move_strike prior_bar_ticks=94 threshold=6000
[MOVE_SUB_B] [15:17:56] FIRESTORM_GATE_BLOCK ABTS setup=move_strike prior_bar_ticks=94 threshold=6000
[MOVE_SUB_B] [15:17:56] FIRESTORM_GATE_BLOCK ABTS setup=move_strike prior_bar_ticks=94 threshold=6000
[MOVE_SUB_B] [15:17:56] FIRESTORM_GATE_BLOCK ABTS setup=move_strike prior_bar_ticks=94 threshold=6000
[MOVE_SUB_B] [15:17:56] FIRESTORM_GATE_BLOCK ABTS setup=move_strike prior_bar_ticks=94 threshold=6000
[MOVE_SUB_B] [15:17:56] FIRESTORM_GATE_BLOCK ABTS setup=move_strike prior_bar_ticks=94 threshold=6000
[MOVE_SUB_B] [15:17:56] FIRESTORM_GATE_BLOCK ABTS setup=move_strike prior_bar_ticks=94 threshold=6000
[MOVE_SUB_B] [15:17:56] FIRESTORM_GATE_BLOCK ABTS setup=move_strike prior_bar_ticks=94 threshold=6000
[MOVE_SUB_B] [15:17:56] FIRESTORM_GATE_BLOCK ABTS setup=move_strike prior_bar_ticks=94 threshold=6000
[MOVE_SUB_B] [15:17:56] FIRESTORM_GATE_BLOCK ABTS setup=move_strike prior_bar_ticks=94 threshold=6000
[MOVE_SUB_B] [15:17:56] FIRESTORM_GATE_BLOCK ABTS setup=move_strike prior_bar_ticks=94 threshold=6000
[MOVE_SUB_B] [15:17:56] FIRESTORM_GATE_BLOCK ABTS setup=move_strike prior_bar_ticks=94 threshold=6000
[MOVE_SUB_B] [15:17:56] FIRESTORM_GATE_BLOCK ABTS setup=move_strike prior_bar_ticks=94 threshold=6000
[MOVE_SUB_B] [15:17:56] FIRESTORM_GATE_BLOCK ABTS setup=move_strike prior_bar_ticks=94 threshold=6000
[MOVE_SUB_B] [15:17:56] FIRESTORM_GATE_BLOCK ABTS setup=move_strike prior_bar_ticks=94 threshold=6000
[MOVE_SUB_B] [15:17:56] FIRESTORM_GATE_BLOCK ABTS setup=move_strike prior_bar_ticks=94 threshold=6000
[MOVE_SUB_B] [15:17:57] FIRESTORM_GATE_BLOCK ABTS setup=move_strike prior_bar_ticks=94 threshold=6000
[MOVE_SUB_B] [15:17:57] FIRESTORM_GATE_BLOCK ABTS setup=move_strike prior_bar_ticks=94 threshold=6000
[MOVE_SUB_B] [15:17:57] FIRESTORM_GATE_BLOCK ABTS setup=move_strike prior_bar_ticks=94 threshold=6000
[MOVE_SUB_B] [15:17:57] FIRESTORM_GATE_BLOCK ABTS setup=move_strike prior_bar_ticks=94 threshold=6000
[MOVE_SUB_B] [15:17:57] FIRESTORM_GATE_BLOCK ABTS setup=move_strike prior_bar_ticks=94 threshold=6000
[MOVE_SUB_B] [15:17:57] FIRESTORM_GATE_BLOCK ABTS setup=move_strike prior_bar_ticks=94 threshold=6000
[MOVE_SUB_B] [15:17:57] FIRESTORM_GATE_BLOCK ABTS setup=move_strike prior_bar_ticks=94 threshold=6000
[MOVE_SUB_B] [15:17:57] FIRESTORM_GATE_BLOCK ABTS setup=move_strike prior_bar_ticks=94 threshold=6000
[MOVE_SUB_B] [15:17:57] FIRESTORM_GATE_BLOCK ABTS setup=move_strike prior_bar_ticks=94 threshold=6000
[MOVE_SUB_B] [15:17:57] FIRESTORM_GATE_BLOCK ABTS setup=move_strike prior_bar_ticks=94 threshold=6000
[MOVE_SUB_B] [15:17:57] FIRESTORM_GATE_BLOCK ABTS setup=move_strike prior_bar_ticks=94 threshold=6000
[MOVE_SUB_B] [15:17:57] FIRESTORM_GATE_BLOCK ABTS setup=move_strike prior_bar_ticks=94 threshold=6000
[MOVE_SUB_B] [15:17:57] FIRESTORM_GATE_BLOCK ABTS setup=move_strike prior_bar_ticks=94 threshold=6000
[MOVE_SUB_B] [15:17:57] FIRESTORM_GATE_BLOCK ABTS setup=move_strike prior_bar_ticks=94 threshold=6000
[MOVE_SUB_B] [15:17:57] FIRESTORM_GATE_BLOCK ABTS setup=move_strike prior_bar_ticks=94 threshold=6000
[MOVE_SUB_B] [15:17:57] FIRESTORM_GATE_BLOCK ABTS setup=move_strike prior_bar_ticks=94 threshold=6000
[MOVE_SUB_B] [15:17:57] FIRESTORM_GATE_BLOCK ABTS setup=move_strike prior_bar_ticks=94 threshold=6000
[MOVE_SUB_B] [15:17:57] FIRESTORM_GATE_BLOCK ABTS setup=move_strike prior_bar_ticks=94 threshold=6000
[MOVE_SUB_B] [15:17:57] FIRESTORM_GATE_BLOCK ABTS setup=move_strike prior_bar_ticks=94 threshold=6000
[MOVE_SUB_B] [15:17:57] FIRESTORM_GATE_BLOCK ABTS setup=move_strike prior_bar_ticks=94 threshold=6000
[MOVE_SUB_B] [15:17:57] FIRESTORM_GATE_BLOCK ABTS setup=move_strike prior_bar_ticks=94 threshold=6000
[MOVE_SUB_B] [15:17:57] FIRESTORM_GATE_BLOCK ABTS setup=move_strike prior_bar_ticks=94 threshold=6000
[MOVE_SUB_B] [15:17:57] FIRESTORM_GATE_BLOCK ABTS setup=move_strike prior_bar_ticks=94 threshold=6000
[MOVE_SUB_B] [15:17:57] FIRESTORM_GATE_BLOCK ABTS setup=move_strike prior_bar_ticks=94 threshold=6000
[MOVE_SUB_B] [15:17:57] FIRESTORM_GATE_BLOCK ABTS setup=move_strike prior_bar_ticks=94 threshold=6000
[MOVE_SUB_B] [15:17:57] FIRESTORM_GATE_BLOCK ABTS setup=move_strike prior_bar_ticks=94 threshold=6000
[MOVE_SUB_B] [15:17:57] FIRESTORM_GATE_BLOCK ABTS setup=move_strike prior_bar_ticks=94 threshold=6000
[MOVE_SUB_B] [15:17:57] FIRESTORM_GATE_BLOCK ABTS setup=move_strike prior_bar_ticks=94 threshold=6000
[MOVE_SUB_B] [15:17:57] FIRESTORM_GATE_BLOCK ABTS setup=move_strike prior_bar_ticks=94 threshold=6000
[MOVE_SUB_B] [15:17:57] FIRESTORM_GATE_BLOCK ABTS setup=move_strike prior_bar_ticks=94 threshold=6000
[MOVE_SUB_B] [15:17:57] FIRESTORM_GATE_BLOCK ABTS setup=move_strike prior_bar_ticks=94 threshold=6000
[MOVE_SUB_B] [15:17:57] FIRESTORM_GATE_BLOCK ABTS setup=move_strike prior_bar_ticks=94 threshold=6000
[MOVE_SUB_B] [15:17:57] FIRESTORM_GATE_BLOCK ABTS setup=move_strike prior_bar_ticks=94 threshold=6000
[MOVE_SUB_B] [15:17:57] FIRESTORM_GATE_BLOCK ABTS setup=move_strike prior_bar_ticks=94 threshold=6000
[MOVE_SUB_B] [15:17:57] FIRESTORM_GATE_BLOCK ABTS setup=move_strike prior_bar_ticks=94 threshold=6000
[MOVE_SUB_B] [15:17:57] FIRESTORM_GATE_BLOCK ABTS setup=move_strike prior_bar_ticks=94 threshold=6000
[MOVE_SUB_B] [15:17:57] FIRESTORM_GATE_BLOCK ABTS setup=move_strike prior_bar_ticks=94 threshold=6000
[MOVE_SUB_B] [15:17:57] FIRESTORM_GATE_BLOCK ABTS setup=move_strike prior_bar_ticks=94 threshold=6000
[MOVE_SUB_B] [15:17:57] FIRESTORM_GATE_BLOCK ABTS setup=move_strike prior_bar_ticks=94 threshold=6000
[MOVE_SUB_B] [15:17:57] FIRESTORM_GATE_BLOCK ABTS setup=move_strike prior_bar_ticks=94 threshold=6000
[MOVE_SUB_B] [15:17:57] FIRESTORM_GATE_BLOCK ABTS setup=move_strike prior_bar_ticks=94 threshold=6000
[MOVE_SUB_B] [15:17:57] FIRESTORM_GATE_BLOCK ABTS setup=move_strike prior_bar_ticks=94 threshold=6000
[MOVE_SUB_B] [15:17:57] FIRESTORM_GATE_BLOCK ABTS setup=move_strike prior_bar_ticks=94 threshold=6000
[MOVE_SUB_B] [15:17:57] FIRESTORM_GATE_BLOCK ABTS setup=move_strike prior_bar_ticks=94 threshold=6000
[MOVE_SUB_B] [15:17:57] FIRESTORM_GATE_BLOCK ABTS setup=move_strike prior_bar_ticks=94 threshold=6000
[MOVE_SUB_B] [15:17:57] FIRESTORM_GATE_BLOCK ABTS setup=move_strike prior_bar_ticks=94 threshold=6000
[MOVE_SUB_B] [15:17:57] FIRESTORM_GATE_BLOCK ABTS setup=move_strike prior_bar_ticks=94 threshold=6000
[MOVE_SUB_B] [15:17:57] FIRESTORM_GATE_BLOCK ABTS setup=move_strike prior_bar_ticks=94 threshold=6000
[MOVE_SUB_B] [15:17:57] FIRESTORM_GATE_BLOCK ABTS setup=move_strike prior_bar_ticks=94 threshold=6000
[MOVE_SUB_B] [15:17:57] FIRESTORM_GATE_BLOCK ABTS setup=move_strike prior_bar_ticks=94 threshold=6000
[MOVE_SUB_B] [15:17:57] FIRESTORM_GATE_BLOCK ABTS setup=move_strike prior_bar_ticks=94 threshold=6000
[MOVE_SUB_B] [15:17:57] FIRESTORM_GATE_BLOCK ABTS setup=move_strike prior_bar_ticks=94 threshold=6000
[MOVE_SUB_B] [15:17:57] FIRESTORM_GATE_BLOCK ABTS setup=move_strike prior_bar_ticks=94 threshold=6000
[MOVE_SUB_B] [15:17:57] FIRESTORM_GATE_BLOCK ABTS setup=move_strike prior_bar_ticks=94 threshold=6000
[MOVE_SUB_B] [15:17:57] FIRESTORM_GATE_BLOCK ABTS setup=move_strike prior_bar_ticks=94 threshold=6000
[MOVE_SUB_B] [15:17:57] FIRESTORM_GATE_BLOCK ABTS setup=move_strike prior_bar_ticks=94 threshold=6000
[MOVE_SUB_B] [15:17:57] FIRESTORM_GATE_BLOCK ABTS setup=move_strike prior_bar_ticks=94 threshold=6000
[MOVE_SUB_B] [15:17:57] FIRESTORM_GATE_BLOCK ABTS setup=move_strike prior_bar_ticks=94 threshold=6000
[MOVE_SUB_B] [15:17:57] FIRESTORM_GATE_BLOCK ABTS setup=move_strike prior_bar_ticks=94 threshold=6000
[MOVE_SUB_B] [15:17:57] FIRESTORM_GATE_BLOCK ABTS setup=move_strike prior_bar_ticks=94 threshold=6000
[MOVE_SUB_B] [15:17:57] FIRESTORM_GATE_BLOCK ABTS setup=move_strike prior_bar_ticks=94 threshold=6000
[MOVE_SUB_B] [15:17:57] FIRESTORM_GATE_BLOCK ABTS setup=move_strike prior_bar_ticks=94 threshold=6000
[MOVE_SUB_B] [15:17:57] FIRESTORM_GATE_BLOCK ABTS setup=move_strike prior_bar_ticks=94 threshold=6000
[MOVE_SUB_B] [15:17:57] FIRESTORM_GATE_BLOCK ABTS setup=move_strike prior_bar_ticks=94 threshold=6000
[MOVE_SUB_B] [15:17:57] FIRESTORM_GATE_BLOCK ABTS setup=move_strike prior_bar_ticks=94 threshold=6000
[MOVE_SUB_B] [15:17:57] FIRESTORM_GATE_BLOCK ABTS setup=move_strike prior_bar_ticks=94 threshold=6000
[MOVE_SUB_B] [15:17:57] FIRESTORM_GATE_BLOCK ABTS setup=move_strike prior_bar_ticks=94 threshold=6000
[MOVE_SUB_B] [15:17:57] FIRESTORM_GATE_BLOCK ABTS setup=move_strike prior_bar_ticks=94 threshold=6000
[MOVE_SUB_B] [15:17:57] FIRESTORM_GATE_BLOCK ABTS setup=move_strike prior_bar_ticks=94 threshold=6000
[MOVE_SUB_B] [15:17:57] FIRESTORM_GATE_BLOCK ABTS setup=move_strike prior_bar_ticks=94 threshold=6000
[MOVE_SUB_B] [15:17:57] FIRESTORM_GATE_BLOCK ABTS setup=move_strike prior_bar_ticks=94 threshold=6000
[MOVE_SUB_B] [15:17:57] FIRESTORM_GATE_BLOCK ABTS setup=move_strike prior_bar_ticks=94 threshold=6000
[MOVE_SUB_B] [15:17:57] FIRESTORM_GATE_BLOCK ABTS setup=move_strike prior_bar_ticks=94 threshold=6000
[MOVE_SUB_B] [15:17:57] FIRESTORM_GATE_BLOCK ABTS setup=move_strike prior_bar_ticks=94 threshold=6000
[MOVE_SUB_B] [15:17:57] FIRESTORM_GATE_BLOCK ABTS setup=move_strike prior_bar_ticks=94 threshold=6000
[MOVE_SUB_B] [15:17:57] FIRESTORM_GATE_BLOCK ABTS setup=move_strike prior_bar_ticks=94 threshold=6000
[MOVE_SUB_B] [15:17:57] FIRESTORM_GATE_BLOCK ABTS setup=move_strike prior_bar_ticks=94 threshold=6000
[MOVE_SUB_B] [15:17:57] FIRESTORM_GATE_BLOCK ABTS setup=move_strike prior_bar_ticks=94 threshold=6000
[MOVE_SUB_B] [15:17:57] FIRESTORM_GATE_BLOCK ABTS setup=move_strike prior_bar_ticks=94 threshold=6000
[MOVE_SUB_B] [15:17:57] FIRESTORM_GATE_BLOCK ABTS setup=move_strike prior_bar_ticks=94 threshold=6000
[MOVE_SUB_B] [15:17:57] FIRESTORM_GATE_BLOCK ABTS setup=move_strike prior_bar_ticks=94 threshold=6000
[MOVE_SUB_B] [15:17:57] FIRESTORM_GATE_BLOCK ABTS setup=move_strike prior_bar_ticks=94 threshold=6000
[MOVE_SUB_B] [15:17:57] FIRESTORM_GATE_BLOCK ABTS setup=move_strike prior_bar_ticks=94 threshold=6000
[MOVE_SUB_B] [15:17:57] FIRESTORM_GATE_BLOCK ABTS setup=move_strike prior_bar_ticks=94 threshold=6000
[MOVE_SUB_B] [15:17:57] FIRESTORM_GATE_BLOCK ABTS setup=move_strike prior_bar_ticks=94 threshold=6000
[MOVE_SUB_B] [15:17:57] FIRESTORM_GATE_BLOCK ABTS setup=move_strike prior_bar_ticks=94 threshold=6000
[MOVE_SUB_B] [15:17:57] FIRESTORM_GATE_BLOCK ABTS setup=move_strike prior_bar_ticks=94 threshold=6000
[MOVE_SUB_B] [15:17:57] FIRESTORM_GATE_BLOCK ABTS setup=move_strike prior_bar_ticks=94 threshold=6000
[MOVE_SUB_B] [15:17:57] FIRESTORM_GATE_BLOCK ABTS setup=move_strike prior_bar_ticks=94 threshold=6000
[MOVE_SUB_B] [15:17:57] FIRESTORM_GATE_BLOCK ABTS setup=move_strike prior_bar_ticks=94 threshold=6000
[MOVE_SUB_B] [15:17:57] FIRESTORM_GATE_BLOCK ABTS setup=move_strike prior_bar_ticks=94 threshold=6000
[MOVE_SUB_B] [15:17:57] FIRESTORM_GATE_BLOCK ABTS setup=move_strike prior_bar_ticks=94 threshold=6000
[MOVE_SUB_B] [15:17:57] FIRESTORM_GATE_BLOCK ABTS setup=move_strike prior_bar_ticks=94 threshold=6000
[MOVE_SUB_B] [15:17:57] FIRESTORM_GATE_BLOCK ABTS setup=move_strike prior_bar_ticks=94 threshold=6000
[MOVE_SUB_B] [15:17:57] FIRESTORM_GATE_BLOCK ABTS setup=move_strike prior_bar_ticks=94 threshold=6000
[MOVE_SUB_B] [15:17:57] FIRESTORM_GATE_BLOCK ABTS setup=move_strike prior_bar_ticks=94 threshold=6000
[MOVE_SUB_B] [15:17:57] FIRESTORM_GATE_BLOCK ABTS setup=move_strike prior_bar_ticks=94 threshold=6000
[MOVE_SUB_B] [15:17:57] FIRESTORM_GATE_BLOCK ABTS setup=move_strike prior_bar_ticks=94 threshold=6000
[MOVE_SUB_B] [15:17:57] FIRESTORM_GATE_BLOCK ABTS setup=move_strike prior_bar_ticks=94 threshold=6000
[MOVE_SUB_B] [15:17:57] FIRESTORM_GATE_BLOCK ABTS setup=move_strike prior_bar_ticks=94 threshold=6000
[MOVE_SUB_B] [15:17:57] FIRESTORM_GATE_BLOCK ABTS setup=move_strike prior_bar_ticks=94 threshold=6000
[MOVE_SUB_B] [15:17:58] FIRESTORM_GATE_BLOCK ABTS setup=move_strike prior_bar_ticks=94 threshold=6000
[MOVE_SUB_B] [15:17:58] FIRESTORM_GATE_BLOCK ABTS setup=move_strike prior_bar_ticks=94 threshold=6000
[MOVE_SUB_B] [15:17:58] FIRESTORM_GATE_BLOCK ABTS setup=move_strike prior_bar_ticks=94 threshold=6000
[MOVE_SUB_B] [15:17:58] FIRESTORM_GATE_BLOCK ABTS setup=move_strike prior_bar_ticks=94 threshold=6000
[MOVE_SUB_B] [15:17:58] FIRESTORM_GATE_BLOCK ABTS setup=move_strike prior_bar_ticks=94 threshold=6000
[MOVE_SUB_B] [15:17:58] FIRESTORM_GATE_BLOCK ABTS setup=move_strike prior_bar_ticks=94 threshold=6000
[MOVE_SUB_B] [15:17:58] FIRESTORM_GATE_BLOCK ABTS setup=move_strike prior_bar_ticks=94 threshold=6000
[MOVE_SUB_B] [15:17:58] FIRESTORM_GATE_BLOCK ABTS setup=move_strike prior_bar_ticks=94 threshold=6000
[MOVE_SUB_B] [15:17:58] FIRESTORM_GATE_BLOCK ABTS setup=move_strike prior_bar_ticks=94 threshold=6000
[MOVE_SUB_B] [15:17:58] FIRESTORM_GATE_BLOCK ABTS setup=move_strike prior_bar_ticks=94 threshold=6000
[MOVE_SUB_B] [15:17:58] FIRESTORM_GATE_BLOCK ABTS setup=move_strike prior_bar_ticks=94 threshold=6000
[MOVE_SUB_B] [15:17:58] FIRESTORM_GATE_BLOCK ABTS setup=move_strike prior_bar_ticks=94 threshold=6000
[MOVE_SUB_B] [15:17:58] FIRESTORM_GATE_BLOCK ABTS setup=move_strike prior_bar_ticks=94 threshold=6000
[MOVE_SUB_B] [15:17:58] FIRESTORM_GATE_BLOCK ABTS setup=move_strike prior_bar_ticks=94 threshold=6000
[MOVE_SUB_B] [15:17:58] FIRESTORM_GATE_BLOCK ABTS setup=move_strike prior_bar_ticks=94 threshold=6000
[MOVE_SUB_B] [15:17:58] FIRESTORM_GATE_BLOCK ABTS setup=move_strike prior_bar_ticks=94 threshold=6000
[MOVE_SUB_B] [15:17:58] FIRESTORM_GATE_BLOCK ABTS setup=move_strike prior_bar_ticks=94 threshold=6000
[MOVE_SUB_B] [15:17:58] FIRESTORM_GATE_BLOCK ABTS setup=move_strike prior_bar_ticks=94 threshold=6000
[MOVE_SUB_B] [15:17:58] FIRESTORM_GATE_BLOCK ABTS setup=move_strike prior_bar_ticks=94 threshold=6000
[MOVE_SUB_B] [15:17:58] FIRESTORM_GATE_BLOCK ABTS setup=move_strike prior_bar_ticks=94 threshold=6000
[MOVE_SUB_B] [15:17:58] FIRESTORM_GATE_BLOCK ABTS setup=move_strike prior_bar_ticks=94 threshold=6000
[MOVE_SUB_B] [15:17:58] FIRESTORM_GATE_BLOCK ABTS setup=move_strike prior_bar_ticks=94 threshold=6000
[MOVE_SUB_B] [15:17:58] FIRESTORM_GATE_BLOCK ABTS setup=move_strike prior_bar_ticks=94 threshold=6000
[MOVE_SUB_B] [15:17:58] FIRESTORM_GATE_BLOCK ABTS setup=move_strike prior_bar_ticks=94 threshold=6000
[MOVE_SUB_B] [15:17:58] FIRESTORM_GATE_BLOCK ABTS setup=move_strike prior_bar_ticks=94 threshold=6000
[MOVE_SUB_B] [15:17:58] FIRESTORM_GATE_BLOCK ABTS setup=move_strike prior_bar_ticks=94 threshold=6000
[MOVE_SUB_B] [15:17:58] FIRESTORM_GATE_BLOCK ABTS setup=move_strike prior_bar_ticks=94 threshold=6000
[MOVE_SUB_B] [15:17:58] FIRESTORM_GATE_BLOCK ABTS setup=move_strike prior_bar_ticks=94 threshold=6000
[MOVE_SUB_B] [15:17:58] FIRESTORM_GATE_BLOCK ABTS setup=move_strike prior_bar_ticks=94 threshold=6000
[MOVE_SUB_B] [15:17:58] FIRESTORM_GATE_BLOCK ABTS setup=move_strike prior_bar_ticks=94 threshold=6000
[MOVE_SUB_B] [15:17:58] FIRESTORM_GATE_BLOCK ABTS setup=move_strike prior_bar_ticks=94 threshold=6000
[MOVE_SUB_B] [15:17:58] FIRESTORM_GATE_BLOCK ABTS setup=move_strike prior_bar_ticks=94 threshold=6000
[MOVE_SUB_B] [15:17:58] FIRESTORM_GATE_BLOCK ABTS setup=move_strike prior_bar_ticks=94 threshold=6000
[MOVE_SUB_B] [15:17:58] FIRESTORM_GATE_BLOCK ABTS setup=move_strike prior_bar_ticks=94 threshold=6000
[MOVE_SUB_B] [15:17:58] FIRESTORM_GATE_BLOCK ABTS setup=move_strike prior_bar_ticks=94 threshold=6000
[MOVE_SUB_B] [15:17:58] FIRESTORM_GATE_BLOCK ABTS setup=move_strike prior_bar_ticks=94 threshold=6000
[MOVE_SUB_B] [15:17:58] FIRESTORM_GATE_BLOCK ABTS setup=move_strike prior_bar_ticks=94 threshold=6000
[MOVE_SUB_B] [15:17:58] FIRESTORM_GATE_BLOCK ABTS setup=move_strike prior_bar_ticks=94 threshold=6000
[MOVE_SUB_B] [15:17:58] FIRESTORM_GATE_BLOCK ABTS setup=move_strike prior_bar_ticks=94 threshold=6000
[MOVE_SUB_B] [15:17:58] FIRESTORM_GATE_BLOCK ABTS setup=move_strike prior_bar_ticks=94 threshold=6000
[MOVE_SUB_B] [15:17:58] FIRESTORM_GATE_BLOCK ABTS setup=move_strike prior_bar_ticks=94 threshold=6000
[MOVE_SUB_B] [15:17:58] FIRESTORM_GATE_BLOCK ABTS setup=move_strike prior_bar_ticks=94 threshold=6000
[MOVE_SUB_B] [15:17:58] FIRESTORM_GATE_BLOCK ABTS setup=move_strike prior_bar_ticks=94 threshold=6000
[MOVE_SUB_B] [15:17:58] FIRESTORM_GATE_BLOCK ABTS setup=move_strike prior_bar_ticks=94 threshold=6000
[MOVE_SUB_B] [15:17:58] FIRESTORM_GATE_BLOCK ABTS setup=move_strike prior_bar_ticks=94 threshold=6000
[MOVE_SUB_B] [15:17:58] FIRESTORM_GATE_BLOCK ABTS setup=move_strike prior_bar_ticks=94 threshold=6000
[MOVE_SUB_B] [15:17:58] FIRESTORM_GATE_BLOCK ABTS setup=move_strike prior_bar_ticks=94 threshold=6000
[MOVE_SUB_B] [15:17:58] FIRESTORM_GATE_BLOCK ABTS setup=move_strike prior_bar_ticks=94 threshold=6000
[MOVE_SUB_B] [15:17:58] FIRESTORM_GATE_BLOCK ABTS setup=move_strike prior_bar_ticks=94 threshold=6000
[MOVE_SUB_B] [15:17:58] FIRESTORM_GATE_BLOCK ABTS setup=move_strike prior_bar_ticks=94 threshold=6000
[MOVE_SUB_B] [15:17:58] FIRESTORM_GATE_BLOCK ABTS setup=move_strike prior_bar_ticks=94 threshold=6000
[MOVE_SUB_B] [15:17:58] FIRESTORM_GATE_BLOCK ABTS setup=move_strike prior_bar_ticks=94 threshold=6000
[MOVE_SUB_B] [15:17:58] FIRESTORM_GATE_BLOCK ABTS setup=move_strike prior_bar_ticks=94 threshold=6000
[MOVE_SUB_B] [15:17:58] FIRESTORM_GATE_BLOCK ABTS setup=move_strike prior_bar_ticks=94 threshold=6000
[MOVE_SUB_B] [15:17:58] FIRESTORM_GATE_BLOCK ABTS setup=move_strike prior_bar_ticks=94 threshold=6000
[MOVE_SUB_B] [15:17:58] FIRESTORM_GATE_BLOCK ABTS setup=move_strike prior_bar_ticks=94 threshold=6000
[MOVE_SUB_B] [15:17:58] FIRESTORM_GATE_BLOCK ABTS setup=move_strike prior_bar_ticks=94 threshold=6000
[MOVE_SUB_B] [15:17:58] FIRESTORM_GATE_BLOCK ABTS setup=move_strike prior_bar_ticks=94 threshold=6000
[MOVE_SUB_B] [15:17:58] FIRESTORM_GATE_BLOCK ABTS setup=move_strike prior_bar_ticks=94 threshold=6000
[MOVE_SUB_B] [15:17:58] FIRESTORM_GATE_BLOCK ABTS setup=move_strike prior_bar_ticks=94 threshold=6000
[MOVE_SUB_B] [15:17:58] FIRESTORM_GATE_BLOCK ABTS setup=move_strike prior_bar_ticks=94 threshold=6000
[MOVE_SUB_B] [15:17:58] FIRESTORM_GATE_BLOCK ABTS setup=move_strike prior_bar_ticks=94 threshold=6000
[MOVE_SUB_B] [15:17:58] FIRESTORM_GATE_BLOCK ABTS setup=move_strike prior_bar_ticks=94 threshold=6000
[MOVE_SUB_B] [15:17:58] FIRESTORM_GATE_BLOCK ABTS setup=move_strike prior_bar_ticks=94 threshold=6000
[MOVE_SUB_B] [15:17:58] FIRESTORM_GATE_BLOCK ABTS setup=move_strike prior_bar_ticks=94 threshold=6000
[MOVE_SUB_B] [15:17:58] FIRESTORM_GATE_BLOCK ABTS setup=move_strike prior_bar_ticks=94 threshold=6000
[MOVE_SUB_B] [15:17:58] FIRESTORM_GATE_BLOCK ABTS setup=move_strike prior_bar_ticks=94 threshold=6000
[MOVE_SUB_B] [15:17:58] FIRESTORM_GATE_BLOCK ABTS setup=move_strike prior_bar_ticks=94 threshold=6000
[MOVE_SUB_B] [15:17:58] FIRESTORM_GATE_BLOCK ABTS setup=move_strike prior_bar_ticks=94 threshold=6000
[MOVE_SUB_B] [15:17:58] FIRESTORM_GATE_BLOCK ABTS setup=move_strike prior_bar_ticks=94 threshold=6000
[MOVE_SUB_B] [15:17:58] FIRESTORM_GATE_BLOCK ABTS setup=move_strike prior_bar_ticks=94 threshold=6000
[MOVE_SUB_B] [15:17:58] FIRESTORM_GATE_BLOCK ABTS setup=move_strike prior_bar_ticks=94 threshold=6000
[MOVE_SUB_B] [15:17:58] FIRESTORM_GATE_BLOCK ABTS setup=move_strike prior_bar_ticks=94 threshold=6000
[MOVE_SUB_B] [15:17:58] FIRESTORM_GATE_BLOCK ABTS setup=move_strike prior_bar_ticks=94 threshold=6000
[MOVE_SUB_B] [15:17:58] FIRESTORM_GATE_BLOCK ABTS setup=move_strike prior_bar_ticks=94 threshold=6000
[MOVE_SUB_B] [15:17:58] FIRESTORM_GATE_BLOCK ABTS setup=move_strike prior_bar_ticks=94 threshold=6000
[MOVE_SUB_B] [15:17:58] FIRESTORM_GATE_BLOCK ABTS setup=move_strike prior_bar_ticks=94 threshold=6000
[MOVE_SUB_B] [15:17:58] FIRESTORM_GATE_BLOCK ABTS setup=move_strike prior_bar_ticks=94 threshold=6000
[MOVE_SUB_B] [15:17:58] FIRESTORM_GATE_BLOCK ABTS setup=move_strike prior_bar_ticks=94 threshold=6000
[MOVE_SUB_B] [15:17:58] FIRESTORM_GATE_BLOCK ABTS setup=move_strike prior_bar_ticks=94 threshold=6000
[MOVE_SUB_B] [15:17:58] FIRESTORM_GATE_BLOCK ABTS setup=move_strike prior_bar_ticks=94 threshold=6000
[MOVE_SUB_B] [15:17:58] FIRESTORM_GATE_BLOCK ABTS setup=move_strike prior_bar_ticks=94 threshold=6000
[MOVE_SUB_B] [15:17:58] FIRESTORM_GATE_BLOCK ABTS setup=move_strike prior_bar_ticks=94 threshold=6000
[MOVE_SUB_B] [15:17:58] FIRESTORM_GATE_BLOCK ABTS setup=move_strike prior_bar_ticks=94 threshold=6000
[MOVE_SUB_B] [15:17:58] FIRESTORM_GATE_BLOCK ABTS setup=move_strike prior_bar_ticks=94 threshold=6000
[MOVE_SUB_B] [15:17:58] FIRESTORM_GATE_BLOCK ABTS setup=move_strike prior_bar_ticks=94 threshold=6000
[MOVE_SUB_B] [15:17:58] FIRESTORM_GATE_BLOCK ABTS setup=move_strike prior_bar_ticks=94 threshold=6000
[MOVE_SUB_B] [15:17:58] FIRESTORM_GATE_BLOCK ABTS setup=move_strike prior_bar_ticks=94 threshold=6000
[MOVE_SUB_B] [15:17:58] FIRESTORM_GATE_BLOCK ABTS setup=move_strike prior_bar_ticks=94 threshold=6000
[MOVE_SUB_B] [15:17:59] FIRESTORM_GATE_BLOCK ABTS setup=move_strike prior_bar_ticks=94 threshold=6000
[MOVE_SUB_B] [15:17:59] FIRESTORM_GATE_BLOCK ABTS setup=move_strike prior_bar_ticks=94 threshold=6000
[MOVE_SUB_B] [15:17:59] FIRESTORM_GATE_BLOCK ABTS setup=move_strike prior_bar_ticks=94 threshold=6000
[MOVE_SUB_B] [15:17:59] FIRESTORM_GATE_BLOCK ABTS setup=move_strike prior_bar_ticks=94 threshold=6000
[MOVE_SUB_B] [15:17:59] FIRESTORM_GATE_BLOCK ABTS setup=move_strike prior_bar_ticks=94 threshold=6000
[MOVE_SUB_B] [15:17:59] FIRESTORM_GATE_BLOCK ABTS setup=move_strike prior_bar_ticks=94 threshold=6000
[MOVE_SUB_B] [15:17:59] FIRESTORM_GATE_BLOCK ABTS setup=move_strike prior_bar_ticks=94 threshold=6000
[MOVE_SUB_B] [15:17:59] FIRESTORM_GATE_BLOCK ABTS setup=move_strike prior_bar_ticks=94 threshold=6000
[MOVE_SUB_B] [15:17:59] FIRESTORM_GATE_BLOCK ABTS setup=move_strike prior_bar_ticks=94 threshold=6000
[MOVE_SUB_B] [15:18:00] FIRESTORM_GATE_BLOCK ABTS setup=regime_shift prior_bar_ticks=1176 threshold=6000
[MOVE_SUB_B] [15:18:18] STATS ticks=328742 symbols=84 pos=no daily_pnl=+0 drops=0
[MOVE_SUB_B] [15:19:18] STATS ticks=329836 symbols=84 pos=no daily_pnl=+0 drops=0
[MOVE_SUB_B] [15:20:18] STATS ticks=330771 symbols=84 pos=no daily_pnl=+0 drops=0
[MOVE_SUB_B] [15:21:19] STATS ticks=332465 symbols=84 pos=no daily_pnl=+0 drops=0
[MOVE_SUB_B] [15:22:19] STATS ticks=334286 symbols=84 pos=no daily_pnl=+0 drops=0
[MOVE_SUB_B] [15:23:19] STATS ticks=336359 symbols=84 pos=no daily_pnl=+0 drops=0
[MOVE_SUB_B] [15:24:00] FOFO ARMED entry=5.0200 stop=4.9000 R=0.1200 score=10.0 — movement_strike history reset
[MOVE_SUB_B] [15:24:19] STATS ticks=338503 symbols=84 pos=no daily_pnl=+0 drops=0
[MOVE_SUB_B] [15:25:19] STATS ticks=340581 symbols=84 pos=no daily_pnl=+0 drops=0
[MOVE_SUB_B] [15:26:19] STATS ticks=342340 symbols=84 pos=no daily_pnl=+0 drops=0
[MOVE_SUB_B] [15:26:54] FIRESTORM_GATE_BLOCK ABTS setup=move_strike prior_bar_ticks=97 threshold=6000
[MOVE_SUB_B] [15:26:57] FIRESTORM_GATE_BLOCK ABTS setup=move_strike prior_bar_ticks=97 threshold=6000
[MOVE_SUB_B] [15:26:57] FIRESTORM_GATE_BLOCK ABTS setup=move_strike prior_bar_ticks=97 threshold=6000
[MOVE_SUB_B] [15:26:59] FIRESTORM_GATE_BLOCK ABTS setup=move_strike prior_bar_ticks=97 threshold=6000
[MOVE_SUB_B] [15:26:59] FIRESTORM_GATE_BLOCK ABTS setup=move_strike prior_bar_ticks=97 threshold=6000
[MOVE_SUB_B] [15:26:59] FIRESTORM_GATE_BLOCK ABTS setup=move_strike prior_bar_ticks=97 threshold=6000
[MOVE_SUB_B] [15:26:59] FIRESTORM_GATE_BLOCK ABTS setup=move_strike prior_bar_ticks=97 threshold=6000
[MOVE_SUB_B] [15:26:59] FIRESTORM_GATE_BLOCK ABTS setup=move_strike prior_bar_ticks=97 threshold=6000
[MOVE_SUB_B] [15:26:59] FIRESTORM_GATE_BLOCK ABTS setup=move_strike prior_bar_ticks=97 threshold=6000
[MOVE_SUB_B] [15:27:19] STATS ticks=344020 symbols=84 pos=no daily_pnl=+0 drops=0
[MOVE_SUB_B] [15:28:19] STATS ticks=345225 symbols=84 pos=no daily_pnl=+0 drops=0
[MOVE_SUB_B] [15:29:19] FIRESTORM_GATE_BLOCK ABTS setup=move_strike prior_bar_ticks=87 threshold=6000
[MOVE_SUB_B] [15:29:19] FIRESTORM_GATE_BLOCK ABTS setup=move_strike prior_bar_ticks=87 threshold=6000
[MOVE_SUB_B] [15:29:19] FIRESTORM_GATE_BLOCK ABTS setup=move_strike prior_bar_ticks=87 threshold=6000
[MOVE_SUB_B] [15:29:19] FIRESTORM_GATE_BLOCK ABTS setup=move_strike prior_bar_ticks=87 threshold=6000
[MOVE_SUB_B] [15:29:19] FIRESTORM_GATE_BLOCK ABTS setup=move_strike prior_bar_ticks=87 threshold=6000
[MOVE_SUB_B] [15:29:19] STATS ticks=346479 symbols=84 pos=no daily_pnl=+0 drops=0
[MOVE_SUB_B] [15:29:19] FIRESTORM_GATE_BLOCK ABTS setup=move_strike prior_bar_ticks=87 threshold=6000
[MOVE_SUB_B] [15:29:20] FIRESTORM_GATE_BLOCK ABTS setup=move_strike prior_bar_ticks=87 threshold=6000
[MOVE_SUB_B] [15:29:20] FIRESTORM_GATE_BLOCK ABTS setup=move_strike prior_bar_ticks=87 threshold=6000
[MOVE_SUB_B] [15:29:20] FIRESTORM_GATE_BLOCK ABTS setup=move_strike prior_bar_ticks=87 threshold=6000
[MOVE_SUB_B] [15:29:20] FIRESTORM_GATE_BLOCK ABTS setup=move_strike prior_bar_ticks=87 threshold=6000
[MOVE_SUB_B] [15:29:21] FIRESTORM_GATE_BLOCK ABTS setup=move_strike prior_bar_ticks=87 threshold=6000
[MOVE_SUB_B] [15:29:22] FIRESTORM_GATE_BLOCK ABTS setup=move_strike prior_bar_ticks=87 threshold=6000
[MOVE_SUB_B] [15:29:22] FIRESTORM_GATE_BLOCK ABTS setup=move_strike prior_bar_ticks=87 threshold=6000
[MOVE_SUB_B] [15:29:22] FIRESTORM_GATE_BLOCK ABTS setup=move_strike prior_bar_ticks=87 threshold=6000
[MOVE_SUB_B] [15:29:22] FIRESTORM_GATE_BLOCK ABTS setup=move_strike prior_bar_ticks=87 threshold=6000
[MOVE_SUB_B] [15:29:22] FIRESTORM_GATE_BLOCK ABTS setup=move_strike prior_bar_ticks=87 threshold=6000
[MOVE_SUB_B] [15:29:23] FIRESTORM_GATE_BLOCK ABTS setup=move_strike prior_bar_ticks=87 threshold=6000
[MOVE_SUB_B] [15:29:24] FIRESTORM_GATE_BLOCK ABTS setup=move_strike prior_bar_ticks=87 threshold=6000
[MOVE_SUB_B] [15:29:55] FIRESTORM_GATE_BLOCK ABTS setup=move_strike prior_bar_ticks=87 threshold=6000
[MOVE_SUB_B] [15:29:55] FIRESTORM_GATE_BLOCK ABTS setup=move_strike prior_bar_ticks=87 threshold=6000
[MOVE_SUB_B] [15:29:56] FIRESTORM_GATE_BLOCK ABTS setup=move_strike prior_bar_ticks=87 threshold=6000
[MOVE_SUB_B] [15:29:57] FIRESTORM_GATE_BLOCK ABTS setup=move_strike prior_bar_ticks=87 threshold=6000
[MOVE_SUB_B] [15:29:57] FIRESTORM_GATE_BLOCK ABTS setup=move_strike prior_bar_ticks=87 threshold=6000
[MOVE_SUB_B] [15:29:57] FIRESTORM_GATE_BLOCK ABTS setup=move_strike prior_bar_ticks=87 threshold=6000
[MOVE_SUB_B] [15:29:58] FIRESTORM_GATE_BLOCK ABTS setup=move_strike prior_bar_ticks=87 threshold=6000
[MOVE_SUB_B] [15:29:59] FIRESTORM_GATE_BLOCK ABTS setup=move_strike prior_bar_ticks=87 threshold=6000
[MOVE_SUB_B] [15:30:19] STATS ticks=348072 symbols=84 pos=no daily_pnl=+0 drops=0
[MOVE_SUB_B] [15:31:18] FOFO BELOW-ARM-SKIP (arm preserved) trigger=4.780 arm=5.020 below=4.78% (cap=3.0%)
[MOVE_SUB_B] [15:31:18] FOFO BELOW-ARM-SKIP (arm preserved) trigger=4.780 arm=5.020 below=4.78% (cap=3.0%)
[MOVE_SUB_B] [15:31:18] FOFO BELOW-ARM-SKIP (arm preserved) trigger=4.790 arm=5.020 below=4.58% (cap=3.0%)
[MOVE_SUB_B] [15:31:18] FOFO BELOW-ARM-SKIP (arm preserved) trigger=4.790 arm=5.020 below=4.58% (cap=3.0%)
[MOVE_SUB_B] [15:31:19] FOFO BELOW-ARM-SKIP (arm preserved) trigger=4.780 arm=5.020 below=4.78% (cap=3.0%)
[MOVE_SUB_B] [15:31:19] FOFO BELOW-ARM-SKIP (arm preserved) trigger=4.780 arm=5.020 below=4.78% (cap=3.0%)
[MOVE_SUB_B] [15:31:19] FOFO BELOW-ARM-SKIP (arm preserved) trigger=4.800 arm=5.020 below=4.38% (cap=3.0%)
[MOVE_SUB_B] [15:31:19] FOFO BELOW-ARM-SKIP (arm preserved) trigger=4.800 arm=5.020 below=4.38% (cap=3.0%)
[MOVE_SUB_B] [15:31:19] FOFO BELOW-ARM-SKIP (arm preserved) trigger=4.780 arm=5.020 below=4.78% (cap=3.0%)
[MOVE_SUB_B] [15:31:20] STATS ticks=349776 symbols=84 pos=no daily_pnl=+0 drops=0
[MOVE_SUB_B] [15:31:20] FOFO BELOW-ARM-SKIP (arm preserved) trigger=4.800 arm=5.020 below=4.38% (cap=3.0%)
[MOVE_SUB_B] [15:31:20] FOFO BELOW-ARM-SKIP (arm preserved) trigger=4.790 arm=5.020 below=4.58% (cap=3.0%)
[MOVE_SUB_B] [15:31:20] FOFO BELOW-ARM-SKIP (arm preserved) trigger=4.790 arm=5.020 below=4.58% (cap=3.0%)
[MOVE_SUB_B] [15:31:20] FOFO BELOW-ARM-SKIP (arm preserved) trigger=4.790 arm=5.020 below=4.58% (cap=3.0%)
[MOVE_SUB_B] [15:31:20] FOFO BELOW-ARM-SKIP (arm preserved) trigger=4.780 arm=5.020 below=4.78% (cap=3.0%)
[MOVE_SUB_B] [15:31:20] FOFO BELOW-ARM-SKIP (arm preserved) trigger=4.785 arm=5.020 below=4.69% (cap=3.0%)
[MOVE_SUB_B] [15:31:20] FOFO BELOW-ARM-SKIP (arm preserved) trigger=4.780 arm=5.020 below=4.78% (cap=3.0%)
[MOVE_SUB_B] [15:31:20] FOFO BELOW-ARM-SKIP (arm preserved) trigger=4.780 arm=5.020 below=4.78% (cap=3.0%)
[MOVE_SUB_B] [15:31:20] FOFO BELOW-ARM-SKIP (arm preserved) trigger=4.790 arm=5.020 below=4.58% (cap=3.0%)
[MOVE_SUB_B] [15:31:20] FOFO BELOW-ARM-SKIP (arm preserved) trigger=4.790 arm=5.020 below=4.58% (cap=3.0%)
[MOVE_SUB_B] [15:31:20] FOFO BELOW-ARM-SKIP (arm preserved) trigger=4.790 arm=5.020 below=4.58% (cap=3.0%)
[MOVE_SUB_B] [15:31:20] FOFO BELOW-ARM-SKIP (arm preserved) trigger=4.790 arm=5.020 below=4.58% (cap=3.0%)
[MOVE_SUB_B] [15:31:20] FOFO BELOW-ARM-SKIP (arm preserved) trigger=4.799 arm=5.020 below=4.40% (cap=3.0%)
[MOVE_SUB_B] [15:31:20] FOFO BELOW-ARM-SKIP (arm preserved) trigger=4.800 arm=5.020 below=4.38% (cap=3.0%)
[MOVE_SUB_B] [15:31:20] FOFO BELOW-ARM-SKIP (arm preserved) trigger=4.800 arm=5.020 below=4.38% (cap=3.0%)
[MOVE_SUB_B] [15:31:20] FOFO BELOW-ARM-SKIP (arm preserved) trigger=4.800 arm=5.020 below=4.38% (cap=3.0%)
[MOVE_SUB_B] [15:31:20] FOFO BELOW-ARM-SKIP (arm preserved) trigger=4.800 arm=5.020 below=4.38% (cap=3.0%)
[MOVE_SUB_B] [15:31:20] FOFO BELOW-ARM-SKIP (arm preserved) trigger=4.800 arm=5.020 below=4.38% (cap=3.0%)
[MOVE_SUB_B] [15:31:20] FOFO BELOW-ARM-SKIP (arm preserved) trigger=4.790 arm=5.020 below=4.58% (cap=3.0%)
[MOVE_SUB_B] [15:31:20] FOFO BELOW-ARM-SKIP (arm preserved) trigger=4.790 arm=5.020 below=4.58% (cap=3.0%)
[MOVE_SUB_B] [15:31:20] FOFO BELOW-ARM-SKIP (arm preserved) trigger=4.800 arm=5.020 below=4.38% (cap=3.0%)
[MOVE_SUB_B] [15:31:20] FOFO BELOW-ARM-SKIP (arm preserved) trigger=4.800 arm=5.020 below=4.38% (cap=3.0%)
[MOVE_SUB_B] [15:31:20] FOFO BELOW-ARM-SKIP (arm preserved) trigger=4.800 arm=5.020 below=4.38% (cap=3.0%)
[MOVE_SUB_B] [15:31:20] FOFO BELOW-ARM-SKIP (arm preserved) trigger=4.820 arm=5.020 below=3.98% (cap=3.0%)
[MOVE_SUB_B] [15:31:20] FOFO BELOW-ARM-SKIP (arm preserved) trigger=4.800 arm=5.020 below=4.38% (cap=3.0%)
[MOVE_SUB_B] [15:31:20] FOFO BELOW-ARM-SKIP (arm preserved) trigger=4.810 arm=5.020 below=4.18% (cap=3.0%)
[MOVE_SUB_B] [15:31:20] FOFO BELOW-ARM-SKIP (arm preserved) trigger=4.820 arm=5.020 below=3.98% (cap=3.0%)
[MOVE_SUB_B] [15:31:20] FOFO BELOW-ARM-SKIP (arm preserved) trigger=4.820 arm=5.020 below=3.98% (cap=3.0%)
[MOVE_SUB_B] [15:31:20] FOFO BELOW-ARM-SKIP (arm preserved) trigger=4.820 arm=5.020 below=3.98% (cap=3.0%)
[MOVE_SUB_B] [15:31:20] FOFO BELOW-ARM-SKIP (arm preserved) trigger=4.800 arm=5.020 below=4.38% (cap=3.0%)
[MOVE_SUB_B] [15:31:20] FOFO BELOW-ARM-SKIP (arm preserved) trigger=4.820 arm=5.020 below=3.98% (cap=3.0%)
[MOVE_SUB_B] [15:31:20] FOFO BELOW-ARM-SKIP (arm preserved) trigger=4.820 arm=5.020 below=3.98% (cap=3.0%)
[MOVE_SUB_B] [15:31:20] FOFO BELOW-ARM-SKIP (arm preserved) trigger=4.830 arm=5.020 below=3.78% (cap=3.0%)
[MOVE_SUB_B] [15:31:20] FOFO BELOW-ARM-SKIP (arm preserved) trigger=4.830 arm=5.020 below=3.78% (cap=3.0%)
[MOVE_SUB_B] [15:31:20] FOFO BELOW-ARM-SKIP (arm preserved) trigger=4.780 arm=5.020 below=4.77% (cap=3.0%)
[MOVE_SUB_B] [15:31:20] FOFO BELOW-ARM-SKIP (arm preserved) trigger=4.830 arm=5.020 below=3.78% (cap=3.0%)
[MOVE_SUB_B] [15:31:20] FOFO BELOW-ARM-SKIP (arm preserved) trigger=4.807 arm=5.020 below=4.25% (cap=3.0%)
[MOVE_SUB_B] [15:31:20] FOFO BELOW-ARM-SKIP (arm preserved) trigger=4.790 arm=5.020 below=4.58% (cap=3.0%)
[MOVE_SUB_B] [15:31:20] FOFO BELOW-ARM-SKIP (arm preserved) trigger=4.800 arm=5.020 below=4.38% (cap=3.0%)
[MOVE_SUB_B] [15:31:20] FOFO BELOW-ARM-SKIP (arm preserved) trigger=4.790 arm=5.020 below=4.58% (cap=3.0%)
[MOVE_SUB_B] [15:31:20] FOFO BELOW-ARM-SKIP (arm preserved) trigger=4.780 arm=5.020 below=4.78% (cap=3.0%)
[MOVE_SUB_B] [15:31:20] FOFO BELOW-ARM-SKIP (arm preserved) trigger=4.780 arm=5.020 below=4.78% (cap=3.0%)
[MOVE_SUB_B] [15:31:20] FOFO BELOW-ARM-SKIP (arm preserved) trigger=4.780 arm=5.020 below=4.78% (cap=3.0%)
[MOVE_SUB_B] [15:31:20] FOFO BELOW-ARM-SKIP (arm preserved) trigger=4.782 arm=5.020 below=4.75% (cap=3.0%)
[MOVE_SUB_B] [15:31:21] FOFO BELOW-ARM-SKIP (arm preserved) trigger=4.780 arm=5.020 below=4.78% (cap=3.0%)
[MOVE_SUB_B] [15:31:21] FOFO BELOW-ARM-SKIP (arm preserved) trigger=4.800 arm=5.020 below=4.38% (cap=3.0%)
[MOVE_SUB_B] [15:31:21] FOFO BELOW-ARM-SKIP (arm preserved) trigger=4.790 arm=5.020 below=4.58% (cap=3.0%)
[MOVE_SUB_B] [15:31:21] FOFO BELOW-ARM-SKIP (arm preserved) trigger=4.800 arm=5.020 below=4.38% (cap=3.0%)
[MOVE_SUB_B] [15:31:21] FOFO BELOW-ARM-SKIP (arm preserved) trigger=4.800 arm=5.020 below=4.38% (cap=3.0%)
[MOVE_SUB_B] [15:31:21] FOFO BELOW-ARM-SKIP (arm preserved) trigger=4.820 arm=5.020 below=3.99% (cap=3.0%)
[MOVE_SUB_B] [15:31:21] FOFO BELOW-ARM-SKIP (arm preserved) trigger=4.786 arm=5.020 below=4.66% (cap=3.0%)
[MOVE_SUB_B] [15:31:21] FOFO BELOW-ARM-SKIP (arm preserved) trigger=4.785 arm=5.020 below=4.68% (cap=3.0%)
[MOVE_SUB_B] [15:31:21] FOFO BELOW-ARM-SKIP (arm preserved) trigger=4.780 arm=5.020 below=4.78% (cap=3.0%)
[MOVE_SUB_B] [15:31:21] FOFO BELOW-ARM-SKIP (arm preserved) trigger=4.780 arm=5.020 below=4.78% (cap=3.0%)
[MOVE_SUB_B] [15:31:21] FOFO BELOW-ARM-SKIP (arm preserved) trigger=4.790 arm=5.020 below=4.58% (cap=3.0%)
[MOVE_SUB_B] [15:31:21] FOFO BELOW-ARM-SKIP (arm preserved) trigger=4.790 arm=5.020 below=4.58% (cap=3.0%)
[MOVE_SUB_B] [15:31:21] FOFO BELOW-ARM-SKIP (arm preserved) trigger=4.790 arm=5.020 below=4.58% (cap=3.0%)
[MOVE_SUB_B] [15:31:21] FOFO BELOW-ARM-SKIP (arm preserved) trigger=4.790 arm=5.020 below=4.58% (cap=3.0%)
[MOVE_SUB_B] [15:31:21] FOFO BELOW-ARM-SKIP (arm preserved) trigger=4.790 arm=5.020 below=4.58% (cap=3.0%)
[MOVE_SUB_B] [15:31:21] FOFO BELOW-ARM-SKIP (arm preserved) trigger=4.780 arm=5.020 below=4.78% (cap=3.0%)
[MOVE_SUB_B] [15:31:21] FOFO BELOW-ARM-SKIP (arm preserved) trigger=4.800 arm=5.020 below=4.38% (cap=3.0%)
[MOVE_SUB_B] [15:31:21] FOFO BELOW-ARM-SKIP (arm preserved) trigger=4.800 arm=5.020 below=4.38% (cap=3.0%)
[MOVE_SUB_B] [15:31:21] FOFO BELOW-ARM-SKIP (arm preserved) trigger=4.800 arm=5.020 below=4.38% (cap=3.0%)
[MOVE_SUB_B] [15:31:21] FOFO BELOW-ARM-SKIP (arm preserved) trigger=4.800 arm=5.020 below=4.38% (cap=3.0%)
[MOVE_SUB_B] [15:31:21] FOFO BELOW-ARM-SKIP (arm preserved) trigger=4.800 arm=5.020 below=4.38% (cap=3.0%)
[MOVE_SUB_B] [15:31:21] FOFO BELOW-ARM-SKIP (arm preserved) trigger=4.780 arm=5.020 below=4.78% (cap=3.0%)
[MOVE_SUB_B] [15:31:21] FOFO BELOW-ARM-SKIP (arm preserved) trigger=4.800 arm=5.020 below=4.38% (cap=3.0%)
[MOVE_SUB_B] [15:31:21] FOFO BELOW-ARM-SKIP (arm preserved) trigger=4.800 arm=5.020 below=4.38% (cap=3.0%)
[MOVE_SUB_B] [15:31:21] FOFO BELOW-ARM-SKIP (arm preserved) trigger=4.800 arm=5.020 below=4.38% (cap=3.0%)
[MOVE_SUB_B] [15:31:21] FOFO BELOW-ARM-SKIP (arm preserved) trigger=4.810 arm=5.020 below=4.18% (cap=3.0%)
[MOVE_SUB_B] [15:31:21] FOFO BELOW-ARM-SKIP (arm preserved) trigger=4.810 arm=5.020 below=4.18% (cap=3.0%)
[MOVE_SUB_B] [15:31:21] FOFO BELOW-ARM-SKIP (arm preserved) trigger=4.810 arm=5.020 below=4.18% (cap=3.0%)
[MOVE_SUB_B] [15:31:21] FOFO BELOW-ARM-SKIP (arm preserved) trigger=4.820 arm=5.020 below=3.98% (cap=3.0%)
[MOVE_SUB_B] [15:31:21] FOFO BELOW-ARM-SKIP (arm preserved) trigger=4.820 arm=5.020 below=3.98% (cap=3.0%)
[MOVE_SUB_B] [15:31:21] FOFO BELOW-ARM-SKIP (arm preserved) trigger=4.820 arm=5.020 below=3.98% (cap=3.0%)
[MOVE_SUB_B] [15:31:21] FOFO BELOW-ARM-SKIP (arm preserved) trigger=4.820 arm=5.020 below=3.98% (cap=3.0%)
[MOVE_SUB_B] [15:31:21] FOFO BELOW-ARM-SKIP (arm preserved) trigger=4.820 arm=5.020 below=3.98% (cap=3.0%)
[MOVE_SUB_B] [15:31:21] FOFO BELOW-ARM-SKIP (arm preserved) trigger=4.830 arm=5.020 below=3.78% (cap=3.0%)
[MOVE_SUB_B] [15:31:21] FOFO BELOW-ARM-SKIP (arm preserved) trigger=4.830 arm=5.020 below=3.78% (cap=3.0%)
[MOVE_SUB_B] [15:31:21] FOFO BELOW-ARM-SKIP (arm preserved) trigger=4.830 arm=5.020 below=3.78% (cap=3.0%)
[MOVE_SUB_B] [15:31:21] FOFO BELOW-ARM-SKIP (arm preserved) trigger=4.840 arm=5.020 below=3.59% (cap=3.0%)
[MOVE_SUB_B] [15:31:21] FOFO BELOW-ARM-SKIP (arm preserved) trigger=4.850 arm=5.020 below=3.39% (cap=3.0%)
[MOVE_SUB_B] [15:31:21] FOFO BELOW-ARM-SKIP (arm preserved) trigger=4.840 arm=5.020 below=3.59% (cap=3.0%)
[MOVE_SUB_B] [15:31:21] FOFO BELOW-ARM-SKIP (arm preserved) trigger=4.850 arm=5.020 below=3.39% (cap=3.0%)
[MOVE_SUB_B] [15:31:21] FOFO BELOW-ARM-SKIP (arm preserved) trigger=4.850 arm=5.020 below=3.39% (cap=3.0%)
[MOVE_SUB_B] [15:31:21] FOFO BELOW-ARM-SKIP (arm preserved) trigger=4.850 arm=5.020 below=3.39% (cap=3.0%)
[MOVE_SUB_B] [15:31:21] FIRESTORM_GATE_BLOCK FOFO setup=move_strike prior_bar_ticks=470 threshold=6000
[MOVE_SUB_B] [15:31:21] FIRESTORM_GATE_BLOCK FOFO setup=move_strike prior_bar_ticks=470 threshold=6000
[MOVE_SUB_B] [15:31:21] FIRESTORM_GATE_BLOCK FOFO setup=move_strike prior_bar_ticks=470 threshold=6000
[MOVE_SUB_B] [15:31:21] FIRESTORM_GATE_BLOCK FOFO setup=move_strike prior_bar_ticks=470 threshold=6000
[MOVE_SUB_B] [15:31:21] FIRESTORM_GATE_BLOCK FOFO setup=move_strike prior_bar_ticks=470 threshold=6000
[MOVE_SUB_B] [15:31:21] FIRESTORM_GATE_BLOCK FOFO setup=move_strike prior_bar_ticks=470 threshold=6000
[MOVE_SUB_B] [15:31:21] FIRESTORM_GATE_BLOCK FOFO setup=move_strike prior_bar_ticks=470 threshold=6000
[MOVE_SUB_B] [15:31:21] FIRESTORM_GATE_BLOCK FOFO setup=move_strike prior_bar_ticks=470 threshold=6000
[MOVE_SUB_B] [15:31:21] FIRESTORM_GATE_BLOCK FOFO setup=move_strike prior_bar_ticks=470 threshold=6000
[MOVE_SUB_B] [15:31:21] FIRESTORM_GATE_BLOCK FOFO setup=move_strike prior_bar_ticks=470 threshold=6000
[MOVE_SUB_B] [15:31:21] FIRESTORM_GATE_BLOCK FOFO setup=move_strike prior_bar_ticks=470 threshold=6000
[MOVE_SUB_B] [15:31:21] FIRESTORM_GATE_BLOCK FOFO setup=move_strike prior_bar_ticks=470 threshold=6000
[MOVE_SUB_B] [15:31:21] FIRESTORM_GATE_BLOCK FOFO setup=move_strike prior_bar_ticks=470 threshold=6000
[MOVE_SUB_B] [15:31:21] FIRESTORM_GATE_BLOCK FOFO setup=move_strike prior_bar_ticks=470 threshold=6000
[MOVE_SUB_B] [15:31:21] FIRESTORM_GATE_BLOCK FOFO setup=move_strike prior_bar_ticks=470 threshold=6000
[MOVE_SUB_B] [15:31:21] FIRESTORM_GATE_BLOCK FOFO setup=move_strike prior_bar_ticks=470 threshold=6000
[MOVE_SUB_B] [15:31:21] FIRESTORM_GATE_BLOCK FOFO setup=move_strike prior_bar_ticks=470 threshold=6000
[MOVE_SUB_B] [15:31:21] FIRESTORM_GATE_BLOCK FOFO setup=move_strike prior_bar_ticks=470 threshold=6000
[MOVE_SUB_B] [15:31:21] FIRESTORM_GATE_BLOCK FOFO setup=move_strike prior_bar_ticks=470 threshold=6000
[MOVE_SUB_B] [15:31:21] FIRESTORM_GATE_BLOCK FOFO setup=move_strike prior_bar_ticks=470 threshold=6000
[MOVE_SUB_B] [15:31:22] FIRESTORM_GATE_BLOCK FOFO setup=move_strike prior_bar_ticks=470 threshold=6000
[MOVE_SUB_B] [15:31:22] FIRESTORM_GATE_BLOCK FOFO setup=move_strike prior_bar_ticks=470 threshold=6000
[MOVE_SUB_B] [15:31:22] FIRESTORM_GATE_BLOCK FOFO setup=move_strike prior_bar_ticks=470 threshold=6000
[MOVE_SUB_B] [15:31:22] FIRESTORM_GATE_BLOCK FOFO setup=move_strike prior_bar_ticks=470 threshold=6000
[MOVE_SUB_B] [15:31:22] FIRESTORM_GATE_BLOCK FOFO setup=move_strike prior_bar_ticks=470 threshold=6000
[MOVE_SUB_B] [15:31:22] FIRESTORM_GATE_BLOCK FOFO setup=move_strike prior_bar_ticks=470 threshold=6000
[MOVE_SUB_B] [15:31:22] FIRESTORM_GATE_BLOCK FOFO setup=move_strike prior_bar_ticks=470 threshold=6000
[MOVE_SUB_B] [15:31:22] FIRESTORM_GATE_BLOCK FOFO setup=move_strike prior_bar_ticks=470 threshold=6000
[MOVE_SUB_B] [15:31:22] FIRESTORM_GATE_BLOCK FOFO setup=move_strike prior_bar_ticks=470 threshold=6000
[MOVE_SUB_B] [15:31:22] FIRESTORM_GATE_BLOCK FOFO setup=move_strike prior_bar_ticks=470 threshold=6000
[MOVE_SUB_B] [15:31:22] FIRESTORM_GATE_BLOCK FOFO setup=move_strike prior_bar_ticks=470 threshold=6000
[MOVE_SUB_B] [15:31:22] FIRESTORM_GATE_BLOCK FOFO setup=move_strike prior_bar_ticks=470 threshold=6000
[MOVE_SUB_B] [15:31:22] FIRESTORM_GATE_BLOCK FOFO setup=move_strike prior_bar_ticks=470 threshold=6000
[MOVE_SUB_B] [15:31:22] FIRESTORM_GATE_BLOCK FOFO setup=move_strike prior_bar_ticks=470 threshold=6000
[MOVE_SUB_B] [15:31:22] FIRESTORM_GATE_BLOCK FOFO setup=move_strike prior_bar_ticks=470 threshold=6000
[MOVE_SUB_B] [15:31:22] FIRESTORM_GATE_BLOCK FOFO setup=move_strike prior_bar_ticks=470 threshold=6000
[MOVE_SUB_B] [15:31:22] FIRESTORM_GATE_BLOCK FOFO setup=move_strike prior_bar_ticks=470 threshold=6000
[MOVE_SUB_B] [15:31:22] FIRESTORM_GATE_BLOCK FOFO setup=move_strike prior_bar_ticks=470 threshold=6000
[MOVE_SUB_B] [15:31:22] FIRESTORM_GATE_BLOCK FOFO setup=move_strike prior_bar_ticks=470 threshold=6000
[MOVE_SUB_B] [15:31:22] FIRESTORM_GATE_BLOCK FOFO setup=move_strike prior_bar_ticks=470 threshold=6000
[MOVE_SUB_B] [15:31:22] FIRESTORM_GATE_BLOCK FOFO setup=move_strike prior_bar_ticks=470 threshold=6000
[MOVE_SUB_B] [15:31:22] FIRESTORM_GATE_BLOCK FOFO setup=move_strike prior_bar_ticks=470 threshold=6000
[MOVE_SUB_B] [15:31:22] FIRESTORM_GATE_BLOCK FOFO setup=move_strike prior_bar_ticks=470 threshold=6000
[MOVE_SUB_B] [15:31:22] FIRESTORM_GATE_BLOCK FOFO setup=move_strike prior_bar_ticks=470 threshold=6000
[MOVE_SUB_B] [15:31:22] FIRESTORM_GATE_BLOCK FOFO setup=move_strike prior_bar_ticks=470 threshold=6000
[MOVE_SUB_B] [15:31:22] FIRESTORM_GATE_BLOCK FOFO setup=move_strike prior_bar_ticks=470 threshold=6000
[MOVE_SUB_B] [15:31:22] FIRESTORM_GATE_BLOCK FOFO setup=move_strike prior_bar_ticks=470 threshold=6000
[MOVE_SUB_B] [15:31:22] FIRESTORM_GATE_BLOCK FOFO setup=move_strike prior_bar_ticks=470 threshold=6000
[MOVE_SUB_B] [15:31:22] FIRESTORM_GATE_BLOCK FOFO setup=move_strike prior_bar_ticks=470 threshold=6000
[MOVE_SUB_B] [15:31:22] FIRESTORM_GATE_BLOCK FOFO setup=move_strike prior_bar_ticks=470 threshold=6000
[MOVE_SUB_B] [15:31:22] FIRESTORM_GATE_BLOCK FOFO setup=move_strike prior_bar_ticks=470 threshold=6000
[MOVE_SUB_B] [15:31:22] FIRESTORM_GATE_BLOCK FOFO setup=move_strike prior_bar_ticks=470 threshold=6000
[MOVE_SUB_B] [15:31:22] FIRESTORM_GATE_BLOCK FOFO setup=move_strike prior_bar_ticks=470 threshold=6000
[MOVE_SUB_B] [15:31:22] FIRESTORM_GATE_BLOCK FOFO setup=move_strike prior_bar_ticks=470 threshold=6000
[MOVE_SUB_B] [15:31:22] FIRESTORM_GATE_BLOCK FOFO setup=move_strike prior_bar_ticks=470 threshold=6000
[MOVE_SUB_B] [15:31:22] FIRESTORM_GATE_BLOCK FOFO setup=move_strike prior_bar_ticks=470 threshold=6000
[MOVE_SUB_B] [15:31:22] FIRESTORM_GATE_BLOCK FOFO setup=move_strike prior_bar_ticks=470 threshold=6000
[MOVE_SUB_B] [15:31:22] FIRESTORM_GATE_BLOCK FOFO setup=move_strike prior_bar_ticks=470 threshold=6000
[MOVE_SUB_B] [15:31:22] FIRESTORM_GATE_BLOCK FOFO setup=move_strike prior_bar_ticks=470 threshold=6000
[MOVE_SUB_B] [15:31:22] FIRESTORM_GATE_BLOCK FOFO setup=move_strike prior_bar_ticks=470 threshold=6000
[MOVE_SUB_B] [15:31:22] FIRESTORM_GATE_BLOCK FOFO setup=move_strike prior_bar_ticks=470 threshold=6000
[MOVE_SUB_B] [15:31:22] FIRESTORM_GATE_BLOCK FOFO setup=move_strike prior_bar_ticks=470 threshold=6000
[MOVE_SUB_B] [15:31:22] FIRESTORM_GATE_BLOCK FOFO setup=move_strike prior_bar_ticks=470 threshold=6000
[MOVE_SUB_B] [15:31:22] FIRESTORM_GATE_BLOCK FOFO setup=move_strike prior_bar_ticks=470 threshold=6000
[MOVE_SUB_B] [15:31:22] FIRESTORM_GATE_BLOCK FOFO setup=move_strike prior_bar_ticks=470 threshold=6000
[MOVE_SUB_B] [15:31:22] FIRESTORM_GATE_BLOCK FOFO setup=move_strike prior_bar_ticks=470 threshold=6000
[MOVE_SUB_B] [15:31:22] FIRESTORM_GATE_BLOCK FOFO setup=move_strike prior_bar_ticks=470 threshold=6000
[MOVE_SUB_B] [15:31:23] FIRESTORM_GATE_BLOCK FOFO setup=move_strike prior_bar_ticks=470 threshold=6000
[MOVE_SUB_B] [15:31:23] FIRESTORM_GATE_BLOCK FOFO setup=move_strike prior_bar_ticks=470 threshold=6000
[MOVE_SUB_B] [15:31:23] FIRESTORM_GATE_BLOCK FOFO setup=move_strike prior_bar_ticks=470 threshold=6000
[MOVE_SUB_B] [15:31:23] FIRESTORM_GATE_BLOCK FOFO setup=move_strike prior_bar_ticks=470 threshold=6000
[MOVE_SUB_B] [15:31:23] FIRESTORM_GATE_BLOCK FOFO setup=move_strike prior_bar_ticks=470 threshold=6000
[MOVE_SUB_B] [15:31:23] FIRESTORM_GATE_BLOCK FOFO setup=move_strike prior_bar_ticks=470 threshold=6000
[MOVE_SUB_B] [15:31:23] FIRESTORM_GATE_BLOCK FOFO setup=move_strike prior_bar_ticks=470 threshold=6000
[MOVE_SUB_B] [15:31:23] FIRESTORM_GATE_BLOCK FOFO setup=move_strike prior_bar_ticks=470 threshold=6000
[MOVE_SUB_B] [15:31:23] FIRESTORM_GATE_BLOCK FOFO setup=move_strike prior_bar_ticks=470 threshold=6000
[MOVE_SUB_B] [15:31:23] FIRESTORM_GATE_BLOCK FOFO setup=move_strike prior_bar_ticks=470 threshold=6000
[MOVE_SUB_B] [15:31:23] FIRESTORM_GATE_BLOCK FOFO setup=move_strike prior_bar_ticks=470 threshold=6000
[MOVE_SUB_B] [15:31:23] FIRESTORM_GATE_BLOCK FOFO setup=move_strike prior_bar_ticks=470 threshold=6000
[MOVE_SUB_B] [15:31:23] FIRESTORM_GATE_BLOCK FOFO setup=move_strike prior_bar_ticks=470 threshold=6000
[MOVE_SUB_B] [15:31:23] FIRESTORM_GATE_BLOCK FOFO setup=move_strike prior_bar_ticks=470 threshold=6000
[MOVE_SUB_B] [15:31:23] FIRESTORM_GATE_BLOCK FOFO setup=move_strike prior_bar_ticks=470 threshold=6000
[MOVE_SUB_B] [15:31:23] FIRESTORM_GATE_BLOCK FOFO setup=move_strike prior_bar_ticks=470 threshold=6000
[MOVE_SUB_B] [15:31:23] FIRESTORM_GATE_BLOCK FOFO setup=move_strike prior_bar_ticks=470 threshold=6000
[MOVE_SUB_B] [15:31:23] FIRESTORM_GATE_BLOCK FOFO setup=move_strike prior_bar_ticks=470 threshold=6000
[MOVE_SUB_B] [15:31:23] FIRESTORM_GATE_BLOCK FOFO setup=move_strike prior_bar_ticks=470 threshold=6000
[MOVE_SUB_B] [15:31:23] FIRESTORM_GATE_BLOCK FOFO setup=move_strike prior_bar_ticks=470 threshold=6000
[MOVE_SUB_B] [15:31:23] FIRESTORM_GATE_BLOCK FOFO setup=move_strike prior_bar_ticks=470 threshold=6000
[MOVE_SUB_B] [15:31:23] FIRESTORM_GATE_BLOCK FOFO setup=move_strike prior_bar_ticks=470 threshold=6000
[MOVE_SUB_B] [15:31:23] FIRESTORM_GATE_BLOCK FOFO setup=move_strike prior_bar_ticks=470 threshold=6000
[MOVE_SUB_B] [15:31:23] FIRESTORM_GATE_BLOCK FOFO setup=move_strike prior_bar_ticks=470 threshold=6000
[MOVE_SUB_B] [15:31:23] FIRESTORM_GATE_BLOCK FOFO setup=move_strike prior_bar_ticks=470 threshold=6000
[MOVE_SUB_B] [15:31:23] FIRESTORM_GATE_BLOCK FOFO setup=move_strike prior_bar_ticks=470 threshold=6000
[MOVE_SUB_B] [15:31:23] FIRESTORM_GATE_BLOCK FOFO setup=move_strike prior_bar_ticks=470 threshold=6000
[MOVE_SUB_B] [15:31:23] FIRESTORM_GATE_BLOCK FOFO setup=move_strike prior_bar_ticks=470 threshold=6000
[MOVE_SUB_B] [15:31:23] FIRESTORM_GATE_BLOCK FOFO setup=move_strike prior_bar_ticks=470 threshold=6000
[MOVE_SUB_B] [15:31:24] FIRESTORM_GATE_BLOCK FOFO setup=move_strike prior_bar_ticks=470 threshold=6000
[MOVE_SUB_B] [15:31:24] FIRESTORM_GATE_BLOCK FOFO setup=move_strike prior_bar_ticks=470 threshold=6000
[MOVE_SUB_B] [15:31:24] FIRESTORM_GATE_BLOCK FOFO setup=move_strike prior_bar_ticks=470 threshold=6000
[MOVE_SUB_B] [15:31:24] FIRESTORM_GATE_BLOCK FOFO setup=move_strike prior_bar_ticks=470 threshold=6000
[MOVE_SUB_B] [15:31:24] FIRESTORM_GATE_BLOCK FOFO setup=move_strike prior_bar_ticks=470 threshold=6000
[MOVE_SUB_B] [15:31:24] FIRESTORM_GATE_BLOCK FOFO setup=move_strike prior_bar_ticks=470 threshold=6000
[MOVE_SUB_B] [15:31:24] FIRESTORM_GATE_BLOCK FOFO setup=move_strike prior_bar_ticks=470 threshold=6000
[MOVE_SUB_B] [15:31:24] FIRESTORM_GATE_BLOCK FOFO setup=move_strike prior_bar_ticks=470 threshold=6000
[MOVE_SUB_B] [15:31:24] FIRESTORM_GATE_BLOCK FOFO setup=move_strike prior_bar_ticks=470 threshold=6000
[MOVE_SUB_B] [15:31:24] FIRESTORM_GATE_BLOCK FOFO setup=move_strike prior_bar_ticks=470 threshold=6000
[MOVE_SUB_B] [15:31:24] FIRESTORM_GATE_BLOCK FOFO setup=move_strike prior_bar_ticks=470 threshold=6000
[MOVE_SUB_B] [15:31:24] FIRESTORM_GATE_BLOCK FOFO setup=move_strike prior_bar_ticks=470 threshold=6000
[MOVE_SUB_B] [15:31:24] FIRESTORM_GATE_BLOCK FOFO setup=move_strike prior_bar_ticks=470 threshold=6000
[MOVE_SUB_B] [15:31:24] FIRESTORM_GATE_BLOCK FOFO setup=move_strike prior_bar_ticks=470 threshold=6000
[MOVE_SUB_B] [15:31:24] FIRESTORM_GATE_BLOCK FOFO setup=move_strike prior_bar_ticks=470 threshold=6000
[MOVE_SUB_B] [15:31:24] FIRESTORM_GATE_BLOCK FOFO setup=move_strike prior_bar_ticks=470 threshold=6000
[MOVE_SUB_B] [15:31:24] FIRESTORM_GATE_BLOCK FOFO setup=move_strike prior_bar_ticks=470 threshold=6000
[MOVE_SUB_B] [15:31:24] FIRESTORM_GATE_BLOCK FOFO setup=move_strike prior_bar_ticks=470 threshold=6000
[MOVE_SUB_B] [15:31:24] FIRESTORM_GATE_BLOCK FOFO setup=move_strike prior_bar_ticks=470 threshold=6000
[MOVE_SUB_B] [15:31:24] FIRESTORM_GATE_BLOCK FOFO setup=move_strike prior_bar_ticks=470 threshold=6000
[MOVE_SUB_B] [15:31:24] FIRESTORM_GATE_BLOCK FOFO setup=move_strike prior_bar_ticks=470 threshold=6000
[MOVE_SUB_B] [15:31:24] FIRESTORM_GATE_BLOCK FOFO setup=move_strike prior_bar_ticks=470 threshold=6000
[MOVE_SUB_B] [15:31:24] FIRESTORM_GATE_BLOCK FOFO setup=move_strike prior_bar_ticks=470 threshold=6000
[MOVE_SUB_B] [15:31:24] FIRESTORM_GATE_BLOCK FOFO setup=move_strike prior_bar_ticks=470 threshold=6000
[MOVE_SUB_B] [15:31:24] FIRESTORM_GATE_BLOCK FOFO setup=move_strike prior_bar_ticks=470 threshold=6000
[MOVE_SUB_B] [15:31:24] FIRESTORM_GATE_BLOCK FOFO setup=move_strike prior_bar_ticks=470 threshold=6000
[MOVE_SUB_B] [15:31:24] FIRESTORM_GATE_BLOCK FOFO setup=move_strike prior_bar_ticks=470 threshold=6000
[MOVE_SUB_B] [15:31:24] FIRESTORM_GATE_BLOCK FOFO setup=move_strike prior_bar_ticks=470 threshold=6000
[MOVE_SUB_B] [15:31:24] FIRESTORM_GATE_BLOCK FOFO setup=move_strike prior_bar_ticks=470 threshold=6000
[MOVE_SUB_B] [15:31:24] FIRESTORM_GATE_BLOCK FOFO setup=move_strike prior_bar_ticks=470 threshold=6000
[MOVE_SUB_B] [15:31:24] FIRESTORM_GATE_BLOCK FOFO setup=move_strike prior_bar_ticks=470 threshold=6000
[MOVE_SUB_B] [15:31:24] FIRESTORM_GATE_BLOCK FOFO setup=move_strike prior_bar_ticks=470 threshold=6000
[MOVE_SUB_B] [15:31:24] FIRESTORM_GATE_BLOCK FOFO setup=move_strike prior_bar_ticks=470 threshold=6000
[MOVE_SUB_B] [15:31:24] FIRESTORM_GATE_BLOCK FOFO setup=move_strike prior_bar_ticks=470 threshold=6000
[MOVE_SUB_B] [15:31:24] FIRESTORM_GATE_BLOCK FOFO setup=move_strike prior_bar_ticks=470 threshold=6000
[MOVE_SUB_B] [15:31:24] FIRESTORM_GATE_BLOCK FOFO setup=move_strike prior_bar_ticks=470 threshold=6000
[MOVE_SUB_B] [15:31:24] FIRESTORM_GATE_BLOCK FOFO setup=move_strike prior_bar_ticks=470 threshold=6000
[MOVE_SUB_B] [15:31:24] FIRESTORM_GATE_BLOCK FOFO setup=move_strike prior_bar_ticks=470 threshold=6000
[MOVE_SUB_B] [15:31:24] FIRESTORM_GATE_BLOCK FOFO setup=move_strike prior_bar_ticks=470 threshold=6000
[MOVE_SUB_B] [15:31:24] FIRESTORM_GATE_BLOCK FOFO setup=move_strike prior_bar_ticks=470 threshold=6000
[MOVE_SUB_B] [15:31:24] FIRESTORM_GATE_BLOCK FOFO setup=move_strike prior_bar_ticks=470 threshold=6000
[MOVE_SUB_B] [15:31:24] FIRESTORM_GATE_BLOCK FOFO setup=move_strike prior_bar_ticks=470 threshold=6000
[MOVE_SUB_B] [15:31:24] FIRESTORM_GATE_BLOCK FOFO setup=move_strike prior_bar_ticks=470 threshold=6000
[MOVE_SUB_B] [15:31:24] FIRESTORM_GATE_BLOCK FOFO setup=move_strike prior_bar_ticks=470 threshold=6000
[MOVE_SUB_B] [15:31:24] FIRESTORM_GATE_BLOCK FOFO setup=move_strike prior_bar_ticks=470 threshold=6000
[MOVE_SUB_B] [15:31:24] FIRESTORM_GATE_BLOCK FOFO setup=move_strike prior_bar_ticks=470 threshold=6000
[MOVE_SUB_B] [15:31:24] FIRESTORM_GATE_BLOCK FOFO setup=move_strike prior_bar_ticks=470 threshold=6000
[MOVE_SUB_B] [15:31:24] FIRESTORM_GATE_BLOCK FOFO setup=move_strike prior_bar_ticks=470 threshold=6000
[MOVE_SUB_B] [15:31:24] FIRESTORM_GATE_BLOCK FOFO setup=move_strike prior_bar_ticks=470 threshold=6000
[MOVE_SUB_B] [15:31:24] FIRESTORM_GATE_BLOCK FOFO setup=move_strike prior_bar_ticks=470 threshold=6000
[MOVE_SUB_B] [15:31:25] FIRESTORM_GATE_BLOCK FOFO setup=move_strike prior_bar_ticks=470 threshold=6000
[MOVE_SUB_B] [15:31:25] FIRESTORM_GATE_BLOCK FOFO setup=move_strike prior_bar_ticks=470 threshold=6000
[MOVE_SUB_B] [15:31:25] FIRESTORM_GATE_BLOCK FOFO setup=move_strike prior_bar_ticks=470 threshold=6000
[MOVE_SUB_B] [15:31:25] FIRESTORM_GATE_BLOCK FOFO setup=move_strike prior_bar_ticks=470 threshold=6000
[MOVE_SUB_B] [15:31:25] FIRESTORM_GATE_BLOCK FOFO setup=move_strike prior_bar_ticks=470 threshold=6000
[MOVE_SUB_B] [15:31:25] FIRESTORM_GATE_BLOCK FOFO setup=move_strike prior_bar_ticks=470 threshold=6000
[MOVE_SUB_B] [15:31:25] FIRESTORM_GATE_BLOCK FOFO setup=move_strike prior_bar_ticks=470 threshold=6000
[MOVE_SUB_B] [15:31:25] FIRESTORM_GATE_BLOCK FOFO setup=move_strike prior_bar_ticks=470 threshold=6000
[MOVE_SUB_B] [15:31:25] FIRESTORM_GATE_BLOCK FOFO setup=move_strike prior_bar_ticks=470 threshold=6000
[MOVE_SUB_B] [15:31:25] FIRESTORM_GATE_BLOCK FOFO setup=move_strike prior_bar_ticks=470 threshold=6000
[MOVE_SUB_B] [15:31:25] FIRESTORM_GATE_BLOCK FOFO setup=move_strike prior_bar_ticks=470 threshold=6000
[MOVE_SUB_B] [15:31:25] FIRESTORM_GATE_BLOCK FOFO setup=move_strike prior_bar_ticks=470 threshold=6000
[MOVE_SUB_B] [15:31:25] FIRESTORM_GATE_BLOCK FOFO setup=move_strike prior_bar_ticks=470 threshold=6000
[MOVE_SUB_B] [15:31:25] FIRESTORM_GATE_BLOCK FOFO setup=move_strike prior_bar_ticks=470 threshold=6000
[MOVE_SUB_B] [15:31:26] FIRESTORM_GATE_BLOCK FOFO setup=move_strike prior_bar_ticks=470 threshold=6000
[MOVE_SUB_B] [15:31:26] FIRESTORM_GATE_BLOCK FOFO setup=move_strike prior_bar_ticks=470 threshold=6000
[MOVE_SUB_B] [15:31:26] FIRESTORM_GATE_BLOCK FOFO setup=move_strike prior_bar_ticks=470 threshold=6000
[MOVE_SUB_B] [15:31:26] FIRESTORM_GATE_BLOCK FOFO setup=move_strike prior_bar_ticks=470 threshold=6000
[MOVE_SUB_B] [15:31:26] FIRESTORM_GATE_BLOCK FOFO setup=move_strike prior_bar_ticks=470 threshold=6000
[MOVE_SUB_B] [15:31:26] FIRESTORM_GATE_BLOCK FOFO setup=move_strike prior_bar_ticks=470 threshold=6000
[MOVE_SUB_B] [15:31:26] FIRESTORM_GATE_BLOCK FOFO setup=move_strike prior_bar_ticks=470 threshold=6000
[MOVE_SUB_B] [15:31:26] FIRESTORM_GATE_BLOCK FOFO setup=move_strike prior_bar_ticks=470 threshold=6000
[MOVE_SUB_B] [15:31:26] FIRESTORM_GATE_BLOCK FOFO setup=move_strike prior_bar_ticks=470 threshold=6000
[MOVE_SUB_B] [15:31:26] FIRESTORM_GATE_BLOCK FOFO setup=move_strike prior_bar_ticks=470 threshold=6000
[MOVE_SUB_B] [15:31:26] FIRESTORM_GATE_BLOCK FOFO setup=move_strike prior_bar_ticks=470 threshold=6000
[MOVE_SUB_B] [15:31:26] FIRESTORM_GATE_BLOCK FOFO setup=move_strike prior_bar_ticks=470 threshold=6000
[MOVE_SUB_B] [15:31:26] FIRESTORM_GATE_BLOCK FOFO setup=move_strike prior_bar_ticks=470 threshold=6000
[MOVE_SUB_B] [15:31:26] FIRESTORM_GATE_BLOCK FOFO setup=move_strike prior_bar_ticks=470 threshold=6000
[MOVE_SUB_B] [15:31:26] FIRESTORM_GATE_BLOCK FOFO setup=move_strike prior_bar_ticks=470 threshold=6000
[MOVE_SUB_B] [15:31:26] FIRESTORM_GATE_BLOCK FOFO setup=move_strike prior_bar_ticks=470 threshold=6000
[MOVE_SUB_B] [15:31:26] FIRESTORM_GATE_BLOCK FOFO setup=move_strike prior_bar_ticks=470 threshold=6000
[MOVE_SUB_B] [15:31:26] FIRESTORM_GATE_BLOCK FOFO setup=move_strike prior_bar_ticks=470 threshold=6000
[MOVE_SUB_B] [15:31:26] FIRESTORM_GATE_BLOCK FOFO setup=move_strike prior_bar_ticks=470 threshold=6000
[MOVE_SUB_B] [15:31:26] FIRESTORM_GATE_BLOCK FOFO setup=move_strike prior_bar_ticks=470 threshold=6000
[MOVE_SUB_B] [15:31:26] FIRESTORM_GATE_BLOCK FOFO setup=move_strike prior_bar_ticks=470 threshold=6000
[MOVE_SUB_B] [15:31:26] FIRESTORM_GATE_BLOCK FOFO setup=move_strike prior_bar_ticks=470 threshold=6000
[MOVE_SUB_B] [15:31:26] FIRESTORM_GATE_BLOCK FOFO setup=move_strike prior_bar_ticks=470 threshold=6000
[MOVE_SUB_B] [15:31:26] FIRESTORM_GATE_BLOCK FOFO setup=move_strike prior_bar_ticks=470 threshold=6000
[MOVE_SUB_B] [15:31:26] FIRESTORM_GATE_BLOCK FOFO setup=move_strike prior_bar_ticks=470 threshold=6000
[MOVE_SUB_B] [15:31:26] FIRESTORM_GATE_BLOCK FOFO setup=move_strike prior_bar_ticks=470 threshold=6000
[MOVE_SUB_B] [15:31:27] FIRESTORM_GATE_BLOCK FOFO setup=move_strike prior_bar_ticks=470 threshold=6000
[MOVE_SUB_B] [15:31:27] FIRESTORM_GATE_BLOCK FOFO setup=move_strike prior_bar_ticks=470 threshold=6000
[MOVE_SUB_B] [15:31:27] FIRESTORM_GATE_BLOCK FOFO setup=move_strike prior_bar_ticks=470 threshold=6000
[MOVE_SUB_B] [15:31:27] FIRESTORM_GATE_BLOCK FOFO setup=move_strike prior_bar_ticks=470 threshold=6000
[MOVE_SUB_B] [15:31:27] FIRESTORM_GATE_BLOCK FOFO setup=move_strike prior_bar_ticks=470 threshold=6000
[MOVE_SUB_B] [15:31:27] FIRESTORM_GATE_BLOCK FOFO setup=move_strike prior_bar_ticks=470 threshold=6000
[MOVE_SUB_B] [15:31:27] FIRESTORM_GATE_BLOCK FOFO setup=move_strike prior_bar_ticks=470 threshold=6000
[MOVE_SUB_B] [15:31:27] FIRESTORM_GATE_BLOCK FOFO setup=move_strike prior_bar_ticks=470 threshold=6000
[MOVE_SUB_B] [15:31:27] FIRESTORM_GATE_BLOCK FOFO setup=move_strike prior_bar_ticks=470 threshold=6000
[MOVE_SUB_B] [15:31:27] FIRESTORM_GATE_BLOCK FOFO setup=move_strike prior_bar_ticks=470 threshold=6000
[MOVE_SUB_B] [15:31:27] FIRESTORM_GATE_BLOCK FOFO setup=move_strike prior_bar_ticks=470 threshold=6000
[MOVE_SUB_B] [15:31:27] FIRESTORM_GATE_BLOCK FOFO setup=move_strike prior_bar_ticks=470 threshold=6000
[MOVE_SUB_B] [15:31:27] FIRESTORM_GATE_BLOCK FOFO setup=move_strike prior_bar_ticks=470 threshold=6000
[MOVE_SUB_B] [15:31:27] FIRESTORM_GATE_BLOCK FOFO setup=move_strike prior_bar_ticks=470 threshold=6000
[MOVE_SUB_B] [15:31:27] FIRESTORM_GATE_BLOCK FOFO setup=move_strike prior_bar_ticks=470 threshold=6000
[MOVE_SUB_B] [15:31:27] FIRESTORM_GATE_BLOCK FOFO setup=move_strike prior_bar_ticks=470 threshold=6000
[MOVE_SUB_B] [15:31:27] FIRESTORM_GATE_BLOCK FOFO setup=move_strike prior_bar_ticks=470 threshold=6000
[MOVE_SUB_B] [15:31:27] FIRESTORM_GATE_BLOCK FOFO setup=move_strike prior_bar_ticks=470 threshold=6000
[MOVE_SUB_B] [15:31:27] FIRESTORM_GATE_BLOCK FOFO setup=move_strike prior_bar_ticks=470 threshold=6000
[MOVE_SUB_B] [15:31:27] FIRESTORM_GATE_BLOCK FOFO setup=move_strike prior_bar_ticks=470 threshold=6000
[MOVE_SUB_B] [15:31:27] FIRESTORM_GATE_BLOCK FOFO setup=move_strike prior_bar_ticks=470 threshold=6000
[MOVE_SUB_B] [15:31:27] FIRESTORM_GATE_BLOCK FOFO setup=move_strike prior_bar_ticks=470 threshold=6000
[MOVE_SUB_B] [15:31:27] FIRESTORM_GATE_BLOCK FOFO setup=move_strike prior_bar_ticks=470 threshold=6000
[MOVE_SUB_B] [15:31:27] FIRESTORM_GATE_BLOCK FOFO setup=move_strike prior_bar_ticks=470 threshold=6000
[MOVE_SUB_B] [15:31:27] FIRESTORM_GATE_BLOCK FOFO setup=move_strike prior_bar_ticks=470 threshold=6000
[MOVE_SUB_B] [15:31:27] FIRESTORM_GATE_BLOCK FOFO setup=move_strike prior_bar_ticks=470 threshold=6000
[MOVE_SUB_B] [15:31:27] FIRESTORM_GATE_BLOCK FOFO setup=move_strike prior_bar_ticks=470 threshold=6000
[MOVE_SUB_B] [15:31:27] FIRESTORM_GATE_BLOCK FOFO setup=move_strike prior_bar_ticks=470 threshold=6000
[MOVE_SUB_B] [15:31:27] FIRESTORM_GATE_BLOCK FOFO setup=move_strike prior_bar_ticks=470 threshold=6000
[MOVE_SUB_B] [15:31:27] FIRESTORM_GATE_BLOCK FOFO setup=move_strike prior_bar_ticks=470 threshold=6000
[MOVE_SUB_B] [15:31:27] FIRESTORM_GATE_BLOCK FOFO setup=move_strike prior_bar_ticks=470 threshold=6000
[MOVE_SUB_B] [15:31:27] FIRESTORM_GATE_BLOCK FOFO setup=move_strike prior_bar_ticks=470 threshold=6000
[MOVE_SUB_B] [15:31:27] FIRESTORM_GATE_BLOCK FOFO setup=move_strike prior_bar_ticks=470 threshold=6000
[MOVE_SUB_B] [15:31:27] FIRESTORM_GATE_BLOCK FOFO setup=move_strike prior_bar_ticks=470 threshold=6000
[MOVE_SUB_B] [15:31:27] FIRESTORM_GATE_BLOCK FOFO setup=move_strike prior_bar_ticks=470 threshold=6000
[MOVE_SUB_B] [15:31:27] FIRESTORM_GATE_BLOCK FOFO setup=move_strike prior_bar_ticks=470 threshold=6000
[MOVE_SUB_B] [15:31:28] FIRESTORM_GATE_BLOCK FOFO setup=move_strike prior_bar_ticks=470 threshold=6000
[MOVE_SUB_B] [15:31:28] FIRESTORM_GATE_BLOCK FOFO setup=move_strike prior_bar_ticks=470 threshold=6000
[MOVE_SUB_B] [15:31:28] FIRESTORM_GATE_BLOCK FOFO setup=move_strike prior_bar_ticks=470 threshold=6000
[MOVE_SUB_B] [15:31:28] FIRESTORM_GATE_BLOCK FOFO setup=move_strike prior_bar_ticks=470 threshold=6000
[MOVE_SUB_B] [15:31:28] FIRESTORM_GATE_BLOCK FOFO setup=move_strike prior_bar_ticks=470 threshold=6000
[MOVE_SUB_B] [15:31:28] FIRESTORM_GATE_BLOCK FOFO setup=move_strike prior_bar_ticks=470 threshold=6000
[MOVE_SUB_B] [15:31:28] FIRESTORM_GATE_BLOCK FOFO setup=move_strike prior_bar_ticks=470 threshold=6000
[MOVE_SUB_B] [15:31:28] FIRESTORM_GATE_BLOCK FOFO setup=move_strike prior_bar_ticks=470 threshold=6000
[MOVE_SUB_B] [15:31:28] FIRESTORM_GATE_BLOCK FOFO setup=move_strike prior_bar_ticks=470 threshold=6000
[MOVE_SUB_B] [15:31:28] FIRESTORM_GATE_BLOCK FOFO setup=move_strike prior_bar_ticks=470 threshold=6000
[MOVE_SUB_B] [15:31:28] FIRESTORM_GATE_BLOCK FOFO setup=move_strike prior_bar_ticks=470 threshold=6000
[MOVE_SUB_B] [15:31:28] FIRESTORM_GATE_BLOCK FOFO setup=move_strike prior_bar_ticks=470 threshold=6000
[MOVE_SUB_B] [15:31:28] FIRESTORM_GATE_BLOCK FOFO setup=move_strike prior_bar_ticks=470 threshold=6000
[MOVE_SUB_B] [15:31:28] FIRESTORM_GATE_BLOCK FOFO setup=move_strike prior_bar_ticks=470 threshold=6000
[MOVE_SUB_B] [15:31:29] FIRESTORM_GATE_BLOCK FOFO setup=move_strike prior_bar_ticks=470 threshold=6000
[MOVE_SUB_B] [15:31:29] FIRESTORM_GATE_BLOCK FOFO setup=move_strike prior_bar_ticks=470 threshold=6000
[MOVE_SUB_B] [15:31:29] FIRESTORM_GATE_BLOCK FOFO setup=move_strike prior_bar_ticks=470 threshold=6000
[MOVE_SUB_B] [15:31:29] FIRESTORM_GATE_BLOCK FOFO setup=move_strike prior_bar_ticks=470 threshold=6000
[MOVE_SUB_B] [15:31:29] FIRESTORM_GATE_BLOCK FOFO setup=move_strike prior_bar_ticks=470 threshold=6000
[MOVE_SUB_B] [15:31:29] FIRESTORM_GATE_BLOCK FOFO setup=move_strike prior_bar_ticks=470 threshold=6000
[MOVE_SUB_B] [15:31:29] FIRESTORM_GATE_BLOCK FOFO setup=move_strike prior_bar_ticks=470 threshold=6000
[MOVE_SUB_B] [15:31:29] FIRESTORM_GATE_BLOCK FOFO setup=move_strike prior_bar_ticks=470 threshold=6000
[MOVE_SUB_B] [15:31:29] FIRESTORM_GATE_BLOCK FOFO setup=move_strike prior_bar_ticks=470 threshold=6000
[MOVE_SUB_B] [15:31:29] FIRESTORM_GATE_BLOCK FOFO setup=move_strike prior_bar_ticks=470 threshold=6000
[MOVE_SUB_B] [15:31:29] FIRESTORM_GATE_BLOCK FOFO setup=move_strike prior_bar_ticks=470 threshold=6000
[MOVE_SUB_B] [15:31:29] FIRESTORM_GATE_BLOCK FOFO setup=move_strike prior_bar_ticks=470 threshold=6000
[MOVE_SUB_B] [15:31:29] FIRESTORM_GATE_BLOCK FOFO setup=move_strike prior_bar_ticks=470 threshold=6000
[MOVE_SUB_B] [15:31:29] FIRESTORM_GATE_BLOCK FOFO setup=move_strike prior_bar_ticks=470 threshold=6000
[MOVE_SUB_B] [15:31:29] FIRESTORM_GATE_BLOCK FOFO setup=move_strike prior_bar_ticks=470 threshold=6000
[MOVE_SUB_B] [15:31:29] FIRESTORM_GATE_BLOCK FOFO setup=move_strike prior_bar_ticks=470 threshold=6000
[MOVE_SUB_B] [15:31:29] FIRESTORM_GATE_BLOCK FOFO setup=move_strike prior_bar_ticks=470 threshold=6000
[MOVE_SUB_B] [15:31:29] FIRESTORM_GATE_BLOCK FOFO setup=move_strike prior_bar_ticks=470 threshold=6000
[MOVE_SUB_B] [15:31:29] FIRESTORM_GATE_BLOCK FOFO setup=move_strike prior_bar_ticks=470 threshold=6000
[MOVE_SUB_B] [15:31:29] FIRESTORM_GATE_BLOCK FOFO setup=move_strike prior_bar_ticks=470 threshold=6000
[MOVE_SUB_B] [15:31:29] FIRESTORM_GATE_BLOCK FOFO setup=move_strike prior_bar_ticks=470 threshold=6000
[MOVE_SUB_B] [15:31:29] FIRESTORM_GATE_BLOCK FOFO setup=move_strike prior_bar_ticks=470 threshold=6000
[MOVE_SUB_B] [15:31:29] FIRESTORM_GATE_BLOCK FOFO setup=move_strike prior_bar_ticks=470 threshold=6000
[MOVE_SUB_B] [15:31:29] FIRESTORM_GATE_BLOCK FOFO setup=move_strike prior_bar_ticks=470 threshold=6000
[MOVE_SUB_B] [15:31:29] FIRESTORM_GATE_BLOCK FOFO setup=move_strike prior_bar_ticks=470 threshold=6000
[MOVE_SUB_B] [15:31:29] FIRESTORM_GATE_BLOCK FOFO setup=move_strike prior_bar_ticks=470 threshold=6000
[MOVE_SUB_B] [15:31:29] FIRESTORM_GATE_BLOCK FOFO setup=move_strike prior_bar_ticks=470 threshold=6000
[MOVE_SUB_B] [15:31:29] FIRESTORM_GATE_BLOCK FOFO setup=move_strike prior_bar_ticks=470 threshold=6000
[MOVE_SUB_B] [15:31:29] FIRESTORM_GATE_BLOCK FOFO setup=move_strike prior_bar_ticks=470 threshold=6000
[MOVE_SUB_B] [15:31:29] FIRESTORM_GATE_BLOCK FOFO setup=move_strike prior_bar_ticks=470 threshold=6000
[MOVE_SUB_B] [15:31:29] FIRESTORM_GATE_BLOCK FOFO setup=move_strike prior_bar_ticks=470 threshold=6000
[MOVE_SUB_B] [15:31:29] FIRESTORM_GATE_BLOCK FOFO setup=move_strike prior_bar_ticks=470 threshold=6000
[MOVE_SUB_B] [15:31:29] FIRESTORM_GATE_BLOCK FOFO setup=move_strike prior_bar_ticks=470 threshold=6000
[MOVE_SUB_B] [15:31:29] FIRESTORM_GATE_BLOCK FOFO setup=move_strike prior_bar_ticks=470 threshold=6000
[MOVE_SUB_B] [15:31:29] FIRESTORM_GATE_BLOCK FOFO setup=move_strike prior_bar_ticks=470 threshold=6000
[MOVE_SUB_B] [15:31:29] FIRESTORM_GATE_BLOCK FOFO setup=move_strike prior_bar_ticks=470 threshold=6000
[MOVE_SUB_B] [15:31:29] FIRESTORM_GATE_BLOCK FOFO setup=move_strike prior_bar_ticks=470 threshold=6000
[MOVE_SUB_B] [15:31:29] FIRESTORM_GATE_BLOCK FOFO setup=move_strike prior_bar_ticks=470 threshold=6000
[MOVE_SUB_B] [15:31:29] FIRESTORM_GATE_BLOCK FOFO setup=move_strike prior_bar_ticks=470 threshold=6000
[MOVE_SUB_B] [15:31:29] FIRESTORM_GATE_BLOCK FOFO setup=move_strike prior_bar_ticks=470 threshold=6000
[MOVE_SUB_B] [15:31:29] FIRESTORM_GATE_BLOCK FOFO setup=move_strike prior_bar_ticks=470 threshold=6000
[MOVE_SUB_B] [15:31:29] FIRESTORM_GATE_BLOCK FOFO setup=move_strike prior_bar_ticks=470 threshold=6000
[MOVE_SUB_B] [15:31:29] FIRESTORM_GATE_BLOCK FOFO setup=move_strike prior_bar_ticks=470 threshold=6000
[MOVE_SUB_B] [15:31:29] FIRESTORM_GATE_BLOCK FOFO setup=move_strike prior_bar_ticks=470 threshold=6000
[MOVE_SUB_B] [15:31:29] FIRESTORM_GATE_BLOCK FOFO setup=move_strike prior_bar_ticks=470 threshold=6000
[MOVE_SUB_B] [15:31:29] FIRESTORM_GATE_BLOCK FOFO setup=move_strike prior_bar_ticks=470 threshold=6000
[MOVE_SUB_B] [15:31:29] FIRESTORM_GATE_BLOCK FOFO setup=move_strike prior_bar_ticks=470 threshold=6000
[MOVE_SUB_B] [15:31:29] FIRESTORM_GATE_BLOCK FOFO setup=move_strike prior_bar_ticks=470 threshold=6000
[MOVE_SUB_B] [15:31:29] FIRESTORM_GATE_BLOCK FOFO setup=move_strike prior_bar_ticks=470 threshold=6000
[MOVE_SUB_B] [15:31:29] FIRESTORM_GATE_BLOCK FOFO setup=move_strike prior_bar_ticks=470 threshold=6000
[MOVE_SUB_B] [15:31:29] FIRESTORM_GATE_BLOCK FOFO setup=move_strike prior_bar_ticks=470 threshold=6000
[MOVE_SUB_B] [15:31:29] FIRESTORM_GATE_BLOCK FOFO setup=move_strike prior_bar_ticks=470 threshold=6000
[MOVE_SUB_B] [15:31:29] FIRESTORM_GATE_BLOCK FOFO setup=move_strike prior_bar_ticks=470 threshold=6000
[MOVE_SUB_B] [15:31:29] FIRESTORM_GATE_BLOCK FOFO setup=move_strike prior_bar_ticks=470 threshold=6000
[MOVE_SUB_B] [15:31:29] FIRESTORM_GATE_BLOCK FOFO setup=move_strike prior_bar_ticks=470 threshold=6000
[MOVE_SUB_B] [15:31:29] FIRESTORM_GATE_BLOCK FOFO setup=move_strike prior_bar_ticks=470 threshold=6000
[MOVE_SUB_B] [15:31:29] FIRESTORM_GATE_BLOCK FOFO setup=move_strike prior_bar_ticks=470 threshold=6000
[MOVE_SUB_B] [15:31:29] FIRESTORM_GATE_BLOCK FOFO setup=move_strike prior_bar_ticks=470 threshold=6000
[MOVE_SUB_B] [15:31:29] FIRESTORM_GATE_BLOCK FOFO setup=move_strike prior_bar_ticks=470 threshold=6000
[MOVE_SUB_B] [15:31:29] FIRESTORM_GATE_BLOCK FOFO setup=move_strike prior_bar_ticks=470 threshold=6000
[MOVE_SUB_B] [15:31:29] FIRESTORM_GATE_BLOCK FOFO setup=move_strike prior_bar_ticks=470 threshold=6000
[MOVE_SUB_B] [15:31:29] FIRESTORM_GATE_BLOCK FOFO setup=move_strike prior_bar_ticks=470 threshold=6000
[MOVE_SUB_B] [15:31:29] FIRESTORM_GATE_BLOCK FOFO setup=move_strike prior_bar_ticks=470 threshold=6000
[MOVE_SUB_B] [15:31:29] FIRESTORM_GATE_BLOCK FOFO setup=move_strike prior_bar_ticks=470 threshold=6000
[MOVE_SUB_B] [15:31:29] FIRESTORM_GATE_BLOCK FOFO setup=move_strike prior_bar_ticks=470 threshold=6000
[MOVE_SUB_B] [15:31:29] FIRESTORM_GATE_BLOCK FOFO setup=move_strike prior_bar_ticks=470 threshold=6000
[MOVE_SUB_B] [15:31:29] FIRESTORM_GATE_BLOCK FOFO setup=move_strike prior_bar_ticks=470 threshold=6000
[MOVE_SUB_B] [15:31:29] FIRESTORM_GATE_BLOCK FOFO setup=move_strike prior_bar_ticks=470 threshold=6000
[MOVE_SUB_B] [15:31:29] FIRESTORM_GATE_BLOCK FOFO setup=move_strike prior_bar_ticks=470 threshold=6000
[MOVE_SUB_B] [15:31:29] FIRESTORM_GATE_BLOCK FOFO setup=move_strike prior_bar_ticks=470 threshold=6000
[MOVE_SUB_B] [15:31:29] FIRESTORM_GATE_BLOCK FOFO setup=move_strike prior_bar_ticks=470 threshold=6000
[MOVE_SUB_B] [15:31:29] FIRESTORM_GATE_BLOCK FOFO setup=move_strike prior_bar_ticks=470 threshold=6000
[MOVE_SUB_B] [15:31:29] FIRESTORM_GATE_BLOCK FOFO setup=move_strike prior_bar_ticks=470 threshold=6000
[MOVE_SUB_B] [15:31:29] FIRESTORM_GATE_BLOCK FOFO setup=move_strike prior_bar_ticks=470 threshold=6000
[MOVE_SUB_B] [15:31:29] FIRESTORM_GATE_BLOCK FOFO setup=move_strike prior_bar_ticks=470 threshold=6000
[MOVE_SUB_B] [15:31:29] FIRESTORM_GATE_BLOCK FOFO setup=move_strike prior_bar_ticks=470 threshold=6000
[MOVE_SUB_B] [15:31:29] FIRESTORM_GATE_BLOCK FOFO setup=move_strike prior_bar_ticks=470 threshold=6000
[MOVE_SUB_B] [15:31:30] FIRESTORM_GATE_BLOCK FOFO setup=move_strike prior_bar_ticks=470 threshold=6000
[MOVE_SUB_B] [15:31:30] FIRESTORM_GATE_BLOCK FOFO setup=move_strike prior_bar_ticks=470 threshold=6000
[MOVE_SUB_B] [15:31:30] FIRESTORM_GATE_BLOCK FOFO setup=move_strike prior_bar_ticks=470 threshold=6000
[MOVE_SUB_B] [15:31:30] FIRESTORM_GATE_BLOCK FOFO setup=move_strike prior_bar_ticks=470 threshold=6000
[MOVE_SUB_B] [15:31:30] FIRESTORM_GATE_BLOCK FOFO setup=move_strike prior_bar_ticks=470 threshold=6000
[MOVE_SUB_B] [15:31:30] FIRESTORM_GATE_BLOCK FOFO setup=move_strike prior_bar_ticks=470 threshold=6000
[MOVE_SUB_B] [15:31:30] FIRESTORM_GATE_BLOCK FOFO setup=move_strike prior_bar_ticks=470 threshold=6000
[MOVE_SUB_B] [15:31:30] FIRESTORM_GATE_BLOCK FOFO setup=move_strike prior_bar_ticks=470 threshold=6000
[MOVE_SUB_B] [15:31:30] FIRESTORM_GATE_BLOCK FOFO setup=move_strike prior_bar_ticks=470 threshold=6000
[MOVE_SUB_B] [15:31:30] FIRESTORM_GATE_BLOCK FOFO setup=move_strike prior_bar_ticks=470 threshold=6000
[MOVE_SUB_B] [15:31:30] FIRESTORM_GATE_BLOCK FOFO setup=move_strike prior_bar_ticks=470 threshold=6000
[MOVE_SUB_B] [15:31:30] FIRESTORM_GATE_BLOCK FOFO setup=move_strike prior_bar_ticks=470 threshold=6000
[MOVE_SUB_B] [15:31:30] FIRESTORM_GATE_BLOCK FOFO setup=move_strike prior_bar_ticks=470 threshold=6000
[MOVE_SUB_B] [15:31:30] FIRESTORM_GATE_BLOCK FOFO setup=move_strike prior_bar_ticks=470 threshold=6000
[MOVE_SUB_B] [15:31:30] FIRESTORM_GATE_BLOCK FOFO setup=move_strike prior_bar_ticks=470 threshold=6000
[MOVE_SUB_B] [15:31:30] FIRESTORM_GATE_BLOCK FOFO setup=move_strike prior_bar_ticks=470 threshold=6000
[MOVE_SUB_B] [15:31:30] FIRESTORM_GATE_BLOCK FOFO setup=move_strike prior_bar_ticks=470 threshold=6000
[MOVE_SUB_B] [15:31:30] FIRESTORM_GATE_BLOCK FOFO setup=move_strike prior_bar_ticks=470 threshold=6000
[MOVE_SUB_B] [15:31:30] FIRESTORM_GATE_BLOCK FOFO setup=move_strike prior_bar_ticks=470 threshold=6000
[MOVE_SUB_B] [15:31:30] FIRESTORM_GATE_BLOCK FOFO setup=move_strike prior_bar_ticks=470 threshold=6000
[MOVE_SUB_B] [15:31:30] FIRESTORM_GATE_BLOCK FOFO setup=move_strike prior_bar_ticks=470 threshold=6000
[MOVE_SUB_B] [15:31:30] FIRESTORM_GATE_BLOCK FOFO setup=move_strike prior_bar_ticks=470 threshold=6000
[MOVE_SUB_B] [15:31:30] FIRESTORM_GATE_BLOCK FOFO setup=move_strike prior_bar_ticks=470 threshold=6000
[MOVE_SUB_B] [15:31:30] FIRESTORM_GATE_BLOCK FOFO setup=move_strike prior_bar_ticks=470 threshold=6000
[MOVE_SUB_B] [15:31:30] FIRESTORM_GATE_BLOCK FOFO setup=move_strike prior_bar_ticks=470 threshold=6000
[MOVE_SUB_B] [15:31:30] FIRESTORM_GATE_BLOCK FOFO setup=move_strike prior_bar_ticks=470 threshold=6000
[MOVE_SUB_B] [15:31:30] FIRESTORM_GATE_BLOCK FOFO setup=move_strike prior_bar_ticks=470 threshold=6000
[MOVE_SUB_B] [15:31:30] FIRESTORM_GATE_BLOCK FOFO setup=move_strike prior_bar_ticks=470 threshold=6000
[MOVE_SUB_B] [15:31:30] FIRESTORM_GATE_BLOCK FOFO setup=move_strike prior_bar_ticks=470 threshold=6000
[MOVE_SUB_B] [15:31:30] FIRESTORM_GATE_BLOCK FOFO setup=move_strike prior_bar_ticks=470 threshold=6000
[MOVE_SUB_B] [15:31:30] FIRESTORM_GATE_BLOCK FOFO setup=move_strike prior_bar_ticks=470 threshold=6000
[MOVE_SUB_B] [15:31:30] FIRESTORM_GATE_BLOCK FOFO setup=move_strike prior_bar_ticks=470 threshold=6000
[MOVE_SUB_B] [15:31:30] FIRESTORM_GATE_BLOCK FOFO setup=move_strike prior_bar_ticks=470 threshold=6000
[MOVE_SUB_B] [15:31:30] FIRESTORM_GATE_BLOCK FOFO setup=move_strike prior_bar_ticks=470 threshold=6000
[MOVE_SUB_B] [15:31:30] FIRESTORM_GATE_BLOCK FOFO setup=move_strike prior_bar_ticks=470 threshold=6000
[MOVE_SUB_B] [15:31:30] FIRESTORM_GATE_BLOCK FOFO setup=move_strike prior_bar_ticks=470 threshold=6000
[MOVE_SUB_B] [15:31:30] FIRESTORM_GATE_BLOCK FOFO setup=move_strike prior_bar_ticks=470 threshold=6000
[MOVE_SUB_B] [15:31:30] FIRESTORM_GATE_BLOCK FOFO setup=move_strike prior_bar_ticks=470 threshold=6000
[MOVE_SUB_B] [15:31:30] FIRESTORM_GATE_BLOCK FOFO setup=move_strike prior_bar_ticks=470 threshold=6000
[MOVE_SUB_B] [15:31:30] FIRESTORM_GATE_BLOCK FOFO setup=move_strike prior_bar_ticks=470 threshold=6000
[MOVE_SUB_B] [15:31:30] FIRESTORM_GATE_BLOCK FOFO setup=move_strike prior_bar_ticks=470 threshold=6000
[MOVE_SUB_B] [15:31:30] FIRESTORM_GATE_BLOCK FOFO setup=move_strike prior_bar_ticks=470 threshold=6000
[MOVE_SUB_B] [15:31:30] FIRESTORM_GATE_BLOCK FOFO setup=move_strike prior_bar_ticks=470 threshold=6000
[MOVE_SUB_B] [15:31:30] FIRESTORM_GATE_BLOCK FOFO setup=move_strike prior_bar_ticks=470 threshold=6000
[MOVE_SUB_B] [15:31:30] FIRESTORM_GATE_BLOCK FOFO setup=move_strike prior_bar_ticks=470 threshold=6000
[MOVE_SUB_B] [15:31:30] FIRESTORM_GATE_BLOCK FOFO setup=move_strike prior_bar_ticks=470 threshold=6000
[MOVE_SUB_B] [15:31:30] FIRESTORM_GATE_BLOCK FOFO setup=move_strike prior_bar_ticks=470 threshold=6000
[MOVE_SUB_B] [15:31:30] FIRESTORM_GATE_BLOCK FOFO setup=move_strike prior_bar_ticks=470 threshold=6000
[MOVE_SUB_B] [15:31:30] FIRESTORM_GATE_BLOCK FOFO setup=move_strike prior_bar_ticks=470 threshold=6000
[MOVE_SUB_B] [15:31:30] FIRESTORM_GATE_BLOCK FOFO setup=move_strike prior_bar_ticks=470 threshold=6000
[MOVE_SUB_B] [15:31:30] FIRESTORM_GATE_BLOCK FOFO setup=move_strike prior_bar_ticks=470 threshold=6000
[MOVE_SUB_B] [15:31:30] FIRESTORM_GATE_BLOCK FOFO setup=move_strike prior_bar_ticks=470 threshold=6000
[MOVE_SUB_B] [15:31:30] FIRESTORM_GATE_BLOCK FOFO setup=move_strike prior_bar_ticks=470 threshold=6000
[MOVE_SUB_B] [15:31:30] FIRESTORM_GATE_BLOCK FOFO setup=move_strike prior_bar_ticks=470 threshold=6000
[MOVE_SUB_B] [15:31:30] FIRESTORM_GATE_BLOCK FOFO setup=move_strike prior_bar_ticks=470 threshold=6000
[MOVE_SUB_B] [15:31:30] FIRESTORM_GATE_BLOCK FOFO setup=move_strike prior_bar_ticks=470 threshold=6000
[MOVE_SUB_B] [15:31:30] FIRESTORM_GATE_BLOCK FOFO setup=move_strike prior_bar_ticks=470 threshold=6000
[MOVE_SUB_B] [15:31:30] FIRESTORM_GATE_BLOCK FOFO setup=move_strike prior_bar_ticks=470 threshold=6000
[MOVE_SUB_B] [15:31:30] FIRESTORM_GATE_BLOCK FOFO setup=move_strike prior_bar_ticks=470 threshold=6000
[MOVE_SUB_B] [15:31:30] FIRESTORM_GATE_BLOCK FOFO setup=move_strike prior_bar_ticks=470 threshold=6000
[MOVE_SUB_B] [15:31:30] FIRESTORM_GATE_BLOCK FOFO setup=move_strike prior_bar_ticks=470 threshold=6000
[MOVE_SUB_B] [15:31:30] FIRESTORM_GATE_BLOCK FOFO setup=move_strike prior_bar_ticks=470 threshold=6000
[MOVE_SUB_B] [15:31:30] FIRESTORM_GATE_BLOCK FOFO setup=move_strike prior_bar_ticks=470 threshold=6000
[MOVE_SUB_B] [15:31:30] FIRESTORM_GATE_BLOCK FOFO setup=move_strike prior_bar_ticks=470 threshold=6000
[MOVE_SUB_B] [15:31:30] FIRESTORM_GATE_BLOCK FOFO setup=move_strike prior_bar_ticks=470 threshold=6000
[MOVE_SUB_B] [15:31:30] FIRESTORM_GATE_BLOCK FOFO setup=move_strike prior_bar_ticks=470 threshold=6000
[MOVE_SUB_B] [15:31:30] FIRESTORM_GATE_BLOCK FOFO setup=move_strike prior_bar_ticks=470 threshold=6000
[MOVE_SUB_B] [15:31:31] FIRESTORM_GATE_BLOCK FOFO setup=move_strike prior_bar_ticks=470 threshold=6000
[MOVE_SUB_B] [15:31:31] FIRESTORM_GATE_BLOCK FOFO setup=move_strike prior_bar_ticks=470 threshold=6000
[MOVE_SUB_B] [15:31:31] FIRESTORM_GATE_BLOCK FOFO setup=move_strike prior_bar_ticks=470 threshold=6000
[MOVE_SUB_B] [15:31:31] FIRESTORM_GATE_BLOCK FOFO setup=move_strike prior_bar_ticks=470 threshold=6000
[MOVE_SUB_B] [15:31:31] FIRESTORM_GATE_BLOCK FOFO setup=move_strike prior_bar_ticks=470 threshold=6000
[MOVE_SUB_B] [15:31:31] FIRESTORM_GATE_BLOCK FOFO setup=move_strike prior_bar_ticks=470 threshold=6000
[MOVE_SUB_B] [15:31:31] FIRESTORM_GATE_BLOCK FOFO setup=move_strike prior_bar_ticks=470 threshold=6000
[MOVE_SUB_B] [15:31:31] FIRESTORM_GATE_BLOCK FOFO setup=move_strike prior_bar_ticks=470 threshold=6000
[MOVE_SUB_B] [15:31:31] FIRESTORM_GATE_BLOCK FOFO setup=move_strike prior_bar_ticks=470 threshold=6000
[MOVE_SUB_B] [15:31:31] FIRESTORM_GATE_BLOCK FOFO setup=move_strike prior_bar_ticks=470 threshold=6000
[MOVE_SUB_B] [15:31:31] FIRESTORM_GATE_BLOCK FOFO setup=move_strike prior_bar_ticks=470 threshold=6000
[MOVE_SUB_B] [15:31:31] FIRESTORM_GATE_BLOCK FOFO setup=move_strike prior_bar_ticks=470 threshold=6000
[MOVE_SUB_B] [15:31:31] FIRESTORM_GATE_BLOCK FOFO setup=move_strike prior_bar_ticks=470 threshold=6000
[MOVE_SUB_B] [15:31:31] FIRESTORM_GATE_BLOCK FOFO setup=move_strike prior_bar_ticks=470 threshold=6000
[MOVE_SUB_B] [15:31:31] FIRESTORM_GATE_BLOCK FOFO setup=move_strike prior_bar_ticks=470 threshold=6000
[MOVE_SUB_B] [15:31:31] FIRESTORM_GATE_BLOCK FOFO setup=move_strike prior_bar_ticks=470 threshold=6000
[MOVE_SUB_B] [15:31:31] FIRESTORM_GATE_BLOCK FOFO setup=move_strike prior_bar_ticks=470 threshold=6000
[MOVE_SUB_B] [15:31:31] FIRESTORM_GATE_BLOCK FOFO setup=move_strike prior_bar_ticks=470 threshold=6000
[MOVE_SUB_B] [15:31:31] FIRESTORM_GATE_BLOCK FOFO setup=move_strike prior_bar_ticks=470 threshold=6000
[MOVE_SUB_B] [15:31:31] FIRESTORM_GATE_BLOCK FOFO setup=move_strike prior_bar_ticks=470 threshold=6000
[MOVE_SUB_B] [15:31:31] FIRESTORM_GATE_BLOCK FOFO setup=move_strike prior_bar_ticks=470 threshold=6000
[MOVE_SUB_B] [15:31:31] FIRESTORM_GATE_BLOCK FOFO setup=move_strike prior_bar_ticks=470 threshold=6000
[MOVE_SUB_B] [15:31:31] FIRESTORM_GATE_BLOCK FOFO setup=move_strike prior_bar_ticks=470 threshold=6000
[MOVE_SUB_B] [15:31:31] FIRESTORM_GATE_BLOCK FOFO setup=move_strike prior_bar_ticks=470 threshold=6000
[MOVE_SUB_B] [15:31:31] FIRESTORM_GATE_BLOCK FOFO setup=move_strike prior_bar_ticks=470 threshold=6000
[MOVE_SUB_B] [15:31:31] FIRESTORM_GATE_BLOCK FOFO setup=move_strike prior_bar_ticks=470 threshold=6000
[MOVE_SUB_B] [15:31:31] FIRESTORM_GATE_BLOCK FOFO setup=move_strike prior_bar_ticks=470 threshold=6000
[MOVE_SUB_B] [15:31:31] FIRESTORM_GATE_BLOCK FOFO setup=move_strike prior_bar_ticks=470 threshold=6000
[MOVE_SUB_B] [15:31:32] FIRESTORM_GATE_BLOCK FOFO setup=move_strike prior_bar_ticks=470 threshold=6000
[MOVE_SUB_B] [15:31:32] FIRESTORM_GATE_BLOCK FOFO setup=move_strike prior_bar_ticks=470 threshold=6000
[MOVE_SUB_B] [15:31:32] FIRESTORM_GATE_BLOCK FOFO setup=move_strike prior_bar_ticks=470 threshold=6000
[MOVE_SUB_B] [15:31:32] FIRESTORM_GATE_BLOCK FOFO setup=move_strike prior_bar_ticks=470 threshold=6000
[MOVE_SUB_B] [15:31:32] FIRESTORM_GATE_BLOCK FOFO setup=move_strike prior_bar_ticks=470 threshold=6000
[MOVE_SUB_B] [15:31:32] FIRESTORM_GATE_BLOCK FOFO setup=move_strike prior_bar_ticks=470 threshold=6000
[MOVE_SUB_B] [15:31:32] FIRESTORM_GATE_BLOCK FOFO setup=move_strike prior_bar_ticks=470 threshold=6000
[MOVE_SUB_B] [15:31:32] FIRESTORM_GATE_BLOCK FOFO setup=move_strike prior_bar_ticks=470 threshold=6000
[MOVE_SUB_B] [15:31:32] FIRESTORM_GATE_BLOCK FOFO setup=move_strike prior_bar_ticks=470 threshold=6000
[MOVE_SUB_B] [15:31:32] FIRESTORM_GATE_BLOCK FOFO setup=move_strike prior_bar_ticks=470 threshold=6000
[MOVE_SUB_B] [15:31:32] FIRESTORM_GATE_BLOCK FOFO setup=move_strike prior_bar_ticks=470 threshold=6000
[MOVE_SUB_B] [15:31:32] FIRESTORM_GATE_BLOCK FOFO setup=move_strike prior_bar_ticks=470 threshold=6000
[MOVE_SUB_B] [15:31:32] FIRESTORM_GATE_BLOCK FOFO setup=move_strike prior_bar_ticks=470 threshold=6000
[MOVE_SUB_B] [15:31:32] FIRESTORM_GATE_BLOCK FOFO setup=move_strike prior_bar_ticks=470 threshold=6000
[MOVE_SUB_B] [15:31:32] FIRESTORM_GATE_BLOCK FOFO setup=move_strike prior_bar_ticks=470 threshold=6000
[MOVE_SUB_B] [15:31:32] FIRESTORM_GATE_BLOCK FOFO setup=move_strike prior_bar_ticks=470 threshold=6000
[MOVE_SUB_B] [15:31:32] FIRESTORM_GATE_BLOCK FOFO setup=move_strike prior_bar_ticks=470 threshold=6000
[MOVE_SUB_B] [15:31:32] FIRESTORM_GATE_BLOCK FOFO setup=move_strike prior_bar_ticks=470 threshold=6000
[MOVE_SUB_B] [15:31:32] FIRESTORM_GATE_BLOCK FOFO setup=move_strike prior_bar_ticks=470 threshold=6000
[MOVE_SUB_B] [15:31:32] FIRESTORM_GATE_BLOCK FOFO setup=move_strike prior_bar_ticks=470 threshold=6000
[MOVE_SUB_B] [15:31:32] FIRESTORM_GATE_BLOCK FOFO setup=move_strike prior_bar_ticks=470 threshold=6000
[MOVE_SUB_B] [15:31:32] FIRESTORM_GATE_BLOCK FOFO setup=move_strike prior_bar_ticks=470 threshold=6000
[MOVE_SUB_B] [15:31:32] FIRESTORM_GATE_BLOCK FOFO setup=move_strike prior_bar_ticks=470 threshold=6000
[MOVE_SUB_B] [15:31:32] FIRESTORM_GATE_BLOCK FOFO setup=move_strike prior_bar_ticks=470 threshold=6000
[MOVE_SUB_B] [15:31:32] FIRESTORM_GATE_BLOCK FOFO setup=move_strike prior_bar_ticks=470 threshold=6000
[MOVE_SUB_B] [15:31:32] FIRESTORM_GATE_BLOCK FOFO setup=move_strike prior_bar_ticks=470 threshold=6000
[MOVE_SUB_B] [15:31:32] FIRESTORM_GATE_BLOCK FOFO setup=move_strike prior_bar_ticks=470 threshold=6000
[MOVE_SUB_B] [15:31:32] FIRESTORM_GATE_BLOCK FOFO setup=move_strike prior_bar_ticks=470 threshold=6000
[MOVE_SUB_B] [15:31:32] FIRESTORM_GATE_BLOCK FOFO setup=move_strike prior_bar_ticks=470 threshold=6000
[MOVE_SUB_B] [15:31:32] FIRESTORM_GATE_BLOCK FOFO setup=move_strike prior_bar_ticks=470 threshold=6000
[MOVE_SUB_B] [15:31:32] FIRESTORM_GATE_BLOCK FOFO setup=move_strike prior_bar_ticks=470 threshold=6000
[MOVE_SUB_B] [15:31:32] FIRESTORM_GATE_BLOCK FOFO setup=move_strike prior_bar_ticks=470 threshold=6000
[MOVE_SUB_B] [15:31:32] FIRESTORM_GATE_BLOCK FOFO setup=move_strike prior_bar_ticks=470 threshold=6000
[MOVE_SUB_B] [15:31:32] FIRESTORM_GATE_BLOCK FOFO setup=move_strike prior_bar_ticks=470 threshold=6000
[MOVE_SUB_B] [15:31:32] FIRESTORM_GATE_BLOCK FOFO setup=move_strike prior_bar_ticks=470 threshold=6000
[MOVE_SUB_B] [15:31:32] FIRESTORM_GATE_BLOCK FOFO setup=move_strike prior_bar_ticks=470 threshold=6000
[MOVE_SUB_B] [15:31:32] FIRESTORM_GATE_BLOCK FOFO setup=move_strike prior_bar_ticks=470 threshold=6000
[MOVE_SUB_B] [15:31:32] FIRESTORM_GATE_BLOCK FOFO setup=move_strike prior_bar_ticks=470 threshold=6000
[MOVE_SUB_B] [15:31:32] FIRESTORM_GATE_BLOCK FOFO setup=move_strike prior_bar_ticks=470 threshold=6000
[MOVE_SUB_B] [15:31:32] FIRESTORM_GATE_BLOCK FOFO setup=move_strike prior_bar_ticks=470 threshold=6000
[MOVE_SUB_B] [15:31:33] FIRESTORM_GATE_BLOCK FOFO setup=move_strike prior_bar_ticks=470 threshold=6000
[MOVE_SUB_B] [15:31:33] FIRESTORM_GATE_BLOCK FOFO setup=move_strike prior_bar_ticks=470 threshold=6000
[MOVE_SUB_B] [15:31:33] FIRESTORM_GATE_BLOCK FOFO setup=move_strike prior_bar_ticks=470 threshold=6000
[MOVE_SUB_B] [15:31:33] FIRESTORM_GATE_BLOCK FOFO setup=move_strike prior_bar_ticks=470 threshold=6000
[MOVE_SUB_B] [15:31:33] FIRESTORM_GATE_BLOCK FOFO setup=move_strike prior_bar_ticks=470 threshold=6000
[MOVE_SUB_B] [15:31:33] FIRESTORM_GATE_BLOCK FOFO setup=move_strike prior_bar_ticks=470 threshold=6000
[MOVE_SUB_B] [15:31:33] FIRESTORM_GATE_BLOCK FOFO setup=move_strike prior_bar_ticks=470 threshold=6000
[MOVE_SUB_B] [15:31:33] FIRESTORM_GATE_BLOCK FOFO setup=move_strike prior_bar_ticks=470 threshold=6000
[MOVE_SUB_B] [15:31:33] FIRESTORM_GATE_BLOCK FOFO setup=move_strike prior_bar_ticks=470 threshold=6000
[MOVE_SUB_B] [15:31:33] FIRESTORM_GATE_BLOCK FOFO setup=move_strike prior_bar_ticks=470 threshold=6000
[MOVE_SUB_B] [15:31:33] FIRESTORM_GATE_BLOCK FOFO setup=move_strike prior_bar_ticks=470 threshold=6000
[MOVE_SUB_B] [15:31:34] FIRESTORM_GATE_BLOCK FOFO setup=move_strike prior_bar_ticks=470 threshold=6000
[MOVE_SUB_B] [15:31:34] FIRESTORM_GATE_BLOCK FOFO setup=move_strike prior_bar_ticks=470 threshold=6000
[MOVE_SUB_B] [15:31:34] FIRESTORM_GATE_BLOCK FOFO setup=move_strike prior_bar_ticks=470 threshold=6000
[MOVE_SUB_B] [15:31:34] FIRESTORM_GATE_BLOCK FOFO setup=move_strike prior_bar_ticks=470 threshold=6000
[MOVE_SUB_B] [15:31:34] FIRESTORM_GATE_BLOCK FOFO setup=move_strike prior_bar_ticks=470 threshold=6000
[MOVE_SUB_B] [15:31:34] FIRESTORM_GATE_BLOCK FOFO setup=move_strike prior_bar_ticks=470 threshold=6000
[MOVE_SUB_B] [15:31:34] FIRESTORM_GATE_BLOCK FOFO setup=move_strike prior_bar_ticks=470 threshold=6000
[MOVE_SUB_B] [15:31:34] FIRESTORM_GATE_BLOCK FOFO setup=move_strike prior_bar_ticks=470 threshold=6000
[MOVE_SUB_B] [15:31:34] FIRESTORM_GATE_BLOCK FOFO setup=move_strike prior_bar_ticks=470 threshold=6000
[MOVE_SUB_B] [15:31:34] FIRESTORM_GATE_BLOCK FOFO setup=move_strike prior_bar_ticks=470 threshold=6000
[MOVE_SUB_B] [15:31:34] FIRESTORM_GATE_BLOCK FOFO setup=move_strike prior_bar_ticks=470 threshold=6000
[MOVE_SUB_B] [15:31:34] FIRESTORM_GATE_BLOCK FOFO setup=move_strike prior_bar_ticks=470 threshold=6000
[MOVE_SUB_B] [15:31:34] FIRESTORM_GATE_BLOCK FOFO setup=move_strike prior_bar_ticks=470 threshold=6000
[MOVE_SUB_B] [15:31:34] FIRESTORM_GATE_BLOCK FOFO setup=move_strike prior_bar_ticks=470 threshold=6000
[MOVE_SUB_B] [15:31:34] FIRESTORM_GATE_BLOCK FOFO setup=move_strike prior_bar_ticks=470 threshold=6000
[MOVE_SUB_B] [15:31:34] FIRESTORM_GATE_BLOCK FOFO setup=move_strike prior_bar_ticks=470 threshold=6000
[MOVE_SUB_B] [15:31:34] FIRESTORM_GATE_BLOCK FOFO setup=move_strike prior_bar_ticks=470 threshold=6000
[MOVE_SUB_B] [15:31:34] FIRESTORM_GATE_BLOCK FOFO setup=move_strike prior_bar_ticks=470 threshold=6000
[MOVE_SUB_B] [15:31:34] FIRESTORM_GATE_BLOCK FOFO setup=move_strike prior_bar_ticks=470 threshold=6000
[MOVE_SUB_B] [15:31:34] FIRESTORM_GATE_BLOCK FOFO setup=move_strike prior_bar_ticks=470 threshold=6000
[MOVE_SUB_B] [15:31:34] FIRESTORM_GATE_BLOCK FOFO setup=move_strike prior_bar_ticks=470 threshold=6000
[MOVE_SUB_B] [15:31:34] FIRESTORM_GATE_BLOCK FOFO setup=move_strike prior_bar_ticks=470 threshold=6000
[MOVE_SUB_B] [15:31:34] FIRESTORM_GATE_BLOCK FOFO setup=move_strike prior_bar_ticks=470 threshold=6000
[MOVE_SUB_B] [15:31:34] FIRESTORM_GATE_BLOCK FOFO setup=move_strike prior_bar_ticks=470 threshold=6000
[MOVE_SUB_B] [15:31:34] FIRESTORM_GATE_BLOCK FOFO setup=move_strike prior_bar_ticks=470 threshold=6000
[MOVE_SUB_B] [15:31:34] FIRESTORM_GATE_BLOCK FOFO setup=move_strike prior_bar_ticks=470 threshold=6000
[MOVE_SUB_B] [15:31:34] FIRESTORM_GATE_BLOCK FOFO setup=move_strike prior_bar_ticks=470 threshold=6000
[MOVE_SUB_B] [15:31:34] FIRESTORM_GATE_BLOCK FOFO setup=move_strike prior_bar_ticks=470 threshold=6000
[MOVE_SUB_B] [15:31:34] FIRESTORM_GATE_BLOCK FOFO setup=move_strike prior_bar_ticks=470 threshold=6000
[MOVE_SUB_B] [15:31:34] FIRESTORM_GATE_BLOCK FOFO setup=move_strike prior_bar_ticks=470 threshold=6000
[MOVE_SUB_B] [15:31:34] FIRESTORM_GATE_BLOCK FOFO setup=move_strike prior_bar_ticks=470 threshold=6000
[MOVE_SUB_B] [15:31:34] FIRESTORM_GATE_BLOCK FOFO setup=move_strike prior_bar_ticks=470 threshold=6000
[MOVE_SUB_B] [15:31:34] FIRESTORM_GATE_BLOCK FOFO setup=move_strike prior_bar_ticks=470 threshold=6000
[MOVE_SUB_B] [15:31:34] FIRESTORM_GATE_BLOCK FOFO setup=move_strike prior_bar_ticks=470 threshold=6000
[MOVE_SUB_B] [15:31:34] FIRESTORM_GATE_BLOCK FOFO setup=move_strike prior_bar_ticks=470 threshold=6000
[MOVE_SUB_B] [15:31:34] FIRESTORM_GATE_BLOCK FOFO setup=move_strike prior_bar_ticks=470 threshold=6000
[MOVE_SUB_B] [15:31:34] FIRESTORM_GATE_BLOCK FOFO setup=move_strike prior_bar_ticks=470 threshold=6000
[MOVE_SUB_B] [15:31:34] FIRESTORM_GATE_BLOCK FOFO setup=move_strike prior_bar_ticks=470 threshold=6000
[MOVE_SUB_B] [15:31:34] FIRESTORM_GATE_BLOCK FOFO setup=move_strike prior_bar_ticks=470 threshold=6000
[MOVE_SUB_B] [15:31:34] FIRESTORM_GATE_BLOCK FOFO setup=move_strike prior_bar_ticks=470 threshold=6000
[MOVE_SUB_B] [15:31:34] FIRESTORM_GATE_BLOCK FOFO setup=move_strike prior_bar_ticks=470 threshold=6000
[MOVE_SUB_B] [15:31:34] FIRESTORM_GATE_BLOCK FOFO setup=move_strike prior_bar_ticks=470 threshold=6000
[MOVE_SUB_B] [15:31:34] FIRESTORM_GATE_BLOCK FOFO setup=move_strike prior_bar_ticks=470 threshold=6000
[MOVE_SUB_B] [15:31:34] FIRESTORM_GATE_BLOCK FOFO setup=move_strike prior_bar_ticks=470 threshold=6000
[MOVE_SUB_B] [15:31:34] FIRESTORM_GATE_BLOCK FOFO setup=move_strike prior_bar_ticks=470 threshold=6000
[MOVE_SUB_B] [15:31:34] FIRESTORM_GATE_BLOCK FOFO setup=move_strike prior_bar_ticks=470 threshold=6000
[MOVE_SUB_B] [15:31:34] FIRESTORM_GATE_BLOCK FOFO setup=move_strike prior_bar_ticks=470 threshold=6000
[MOVE_SUB_B] [15:31:35] FIRESTORM_GATE_BLOCK FOFO setup=move_strike prior_bar_ticks=470 threshold=6000
[MOVE_SUB_B] [15:31:35] FIRESTORM_GATE_BLOCK FOFO setup=move_strike prior_bar_ticks=470 threshold=6000
[MOVE_SUB_B] [15:31:35] FIRESTORM_GATE_BLOCK FOFO setup=move_strike prior_bar_ticks=470 threshold=6000
[MOVE_SUB_B] [15:31:35] FIRESTORM_GATE_BLOCK FOFO setup=move_strike prior_bar_ticks=470 threshold=6000
[MOVE_SUB_B] [15:31:35] FIRESTORM_GATE_BLOCK FOFO setup=move_strike prior_bar_ticks=470 threshold=6000
[MOVE_SUB_B] [15:31:35] FIRESTORM_GATE_BLOCK FOFO setup=move_strike prior_bar_ticks=470 threshold=6000
[MOVE_SUB_B] [15:31:35] FIRESTORM_GATE_BLOCK FOFO setup=move_strike prior_bar_ticks=470 threshold=6000
[MOVE_SUB_B] [15:31:35] FIRESTORM_GATE_BLOCK FOFO setup=move_strike prior_bar_ticks=470 threshold=6000
[MOVE_SUB_B] [15:31:35] FIRESTORM_GATE_BLOCK FOFO setup=move_strike prior_bar_ticks=470 threshold=6000
[MOVE_SUB_B] [15:31:35] FIRESTORM_GATE_BLOCK FOFO setup=move_strike prior_bar_ticks=470 threshold=6000
[MOVE_SUB_B] [15:31:35] FIRESTORM_GATE_BLOCK FOFO setup=move_strike prior_bar_ticks=470 threshold=6000
[MOVE_SUB_B] [15:31:35] FIRESTORM_GATE_BLOCK FOFO setup=move_strike prior_bar_ticks=470 threshold=6000
[MOVE_SUB_B] [15:31:35] FIRESTORM_GATE_BLOCK FOFO setup=move_strike prior_bar_ticks=470 threshold=6000
[MOVE_SUB_B] [15:31:35] FIRESTORM_GATE_BLOCK FOFO setup=move_strike prior_bar_ticks=470 threshold=6000
[MOVE_SUB_B] [15:31:35] FIRESTORM_GATE_BLOCK FOFO setup=move_strike prior_bar_ticks=470 threshold=6000
[MOVE_SUB_B] [15:31:35] FIRESTORM_GATE_BLOCK FOFO setup=move_strike prior_bar_ticks=470 threshold=6000
[MOVE_SUB_B] [15:31:35] FIRESTORM_GATE_BLOCK FOFO setup=move_strike prior_bar_ticks=470 threshold=6000
[MOVE_SUB_B] [15:31:35] FIRESTORM_GATE_BLOCK FOFO setup=move_strike prior_bar_ticks=470 threshold=6000
[MOVE_SUB_B] [15:31:35] FIRESTORM_GATE_BLOCK FOFO setup=move_strike prior_bar_ticks=470 threshold=6000
[MOVE_SUB_B] [15:31:35] FIRESTORM_GATE_BLOCK FOFO setup=move_strike prior_bar_ticks=470 threshold=6000
[MOVE_SUB_B] [15:31:35] FIRESTORM_GATE_BLOCK FOFO setup=move_strike prior_bar_ticks=470 threshold=6000
[MOVE_SUB_B] [15:31:35] FIRESTORM_GATE_BLOCK FOFO setup=move_strike prior_bar_ticks=470 threshold=6000
[MOVE_SUB_B] [15:31:35] FIRESTORM_GATE_BLOCK FOFO setup=move_strike prior_bar_ticks=470 threshold=6000
[MOVE_SUB_B] [15:31:35] FIRESTORM_GATE_BLOCK FOFO setup=move_strike prior_bar_ticks=470 threshold=6000
[MOVE_SUB_B] [15:31:36] FIRESTORM_GATE_BLOCK FOFO setup=move_strike prior_bar_ticks=470 threshold=6000
[MOVE_SUB_B] [15:31:36] FIRESTORM_GATE_BLOCK FOFO setup=move_strike prior_bar_ticks=470 threshold=6000
[MOVE_SUB_B] [15:31:36] FIRESTORM_GATE_BLOCK FOFO setup=move_strike prior_bar_ticks=470 threshold=6000
[MOVE_SUB_B] [15:31:36] FIRESTORM_GATE_BLOCK FOFO setup=move_strike prior_bar_ticks=470 threshold=6000
[MOVE_SUB_B] [15:31:36] FIRESTORM_GATE_BLOCK FOFO setup=move_strike prior_bar_ticks=470 threshold=6000
[MOVE_SUB_B] [15:31:36] FIRESTORM_GATE_BLOCK FOFO setup=move_strike prior_bar_ticks=470 threshold=6000
[MOVE_SUB_B] [15:31:36] FIRESTORM_GATE_BLOCK FOFO setup=move_strike prior_bar_ticks=470 threshold=6000
[MOVE_SUB_B] [15:31:36] FIRESTORM_GATE_BLOCK FOFO setup=move_strike prior_bar_ticks=470 threshold=6000
[MOVE_SUB_B] [15:31:36] FIRESTORM_GATE_BLOCK FOFO setup=move_strike prior_bar_ticks=470 threshold=6000
[MOVE_SUB_B] [15:31:36] FIRESTORM_GATE_BLOCK FOFO setup=move_strike prior_bar_ticks=470 threshold=6000
[MOVE_SUB_B] [15:31:36] FIRESTORM_GATE_BLOCK FOFO setup=move_strike prior_bar_ticks=470 threshold=6000
[MOVE_SUB_B] [15:31:36] FIRESTORM_GATE_BLOCK FOFO setup=move_strike prior_bar_ticks=470 threshold=6000
[MOVE_SUB_B] [15:31:36] FIRESTORM_GATE_BLOCK FOFO setup=move_strike prior_bar_ticks=470 threshold=6000
[MOVE_SUB_B] [15:31:36] FIRESTORM_GATE_BLOCK FOFO setup=move_strike prior_bar_ticks=470 threshold=6000
[MOVE_SUB_B] [15:31:36] FIRESTORM_GATE_BLOCK FOFO setup=move_strike prior_bar_ticks=470 threshold=6000
[MOVE_SUB_B] [15:31:36] FIRESTORM_GATE_BLOCK FOFO setup=move_strike prior_bar_ticks=470 threshold=6000
[MOVE_SUB_B] [15:31:36] FIRESTORM_GATE_BLOCK FOFO setup=move_strike prior_bar_ticks=470 threshold=6000
[MOVE_SUB_B] [15:31:36] FIRESTORM_GATE_BLOCK FOFO setup=move_strike prior_bar_ticks=470 threshold=6000
[MOVE_SUB_B] [15:31:36] FIRESTORM_GATE_BLOCK FOFO setup=move_strike prior_bar_ticks=470 threshold=6000
[MOVE_SUB_B] [15:31:36] FIRESTORM_GATE_BLOCK FOFO setup=move_strike prior_bar_ticks=470 threshold=6000
[MOVE_SUB_B] [15:31:36] FIRESTORM_GATE_BLOCK FOFO setup=move_strike prior_bar_ticks=470 threshold=6000
[MOVE_SUB_B] [15:31:36] FIRESTORM_GATE_BLOCK FOFO setup=move_strike prior_bar_ticks=470 threshold=6000
[MOVE_SUB_B] [15:31:36] FIRESTORM_GATE_BLOCK FOFO setup=move_strike prior_bar_ticks=470 threshold=6000
[MOVE_SUB_B] [15:31:36] FIRESTORM_GATE_BLOCK FOFO setup=move_strike prior_bar_ticks=470 threshold=6000
[MOVE_SUB_B] [15:31:36] FIRESTORM_GATE_BLOCK FOFO setup=move_strike prior_bar_ticks=470 threshold=6000
[MOVE_SUB_B] [15:31:36] FIRESTORM_GATE_BLOCK FOFO setup=move_strike prior_bar_ticks=470 threshold=6000
[MOVE_SUB_B] [15:31:36] FIRESTORM_GATE_BLOCK FOFO setup=move_strike prior_bar_ticks=470 threshold=6000
[MOVE_SUB_B] [15:31:36] FIRESTORM_GATE_BLOCK FOFO setup=move_strike prior_bar_ticks=470 threshold=6000
[MOVE_SUB_B] [15:31:36] FIRESTORM_GATE_BLOCK FOFO setup=move_strike prior_bar_ticks=470 threshold=6000
[MOVE_SUB_B] [15:31:36] FIRESTORM_GATE_BLOCK FOFO setup=move_strike prior_bar_ticks=470 threshold=6000
[MOVE_SUB_B] [15:31:36] FIRESTORM_GATE_BLOCK FOFO setup=move_strike prior_bar_ticks=470 threshold=6000
[MOVE_SUB_B] [15:31:36] FIRESTORM_GATE_BLOCK FOFO setup=move_strike prior_bar_ticks=470 threshold=6000
[MOVE_SUB_B] [15:31:36] FIRESTORM_GATE_BLOCK FOFO setup=move_strike prior_bar_ticks=470 threshold=6000
[MOVE_SUB_B] [15:31:36] FIRESTORM_GATE_BLOCK FOFO setup=move_strike prior_bar_ticks=470 threshold=6000
[MOVE_SUB_B] [15:31:36] FIRESTORM_GATE_BLOCK FOFO setup=move_strike prior_bar_ticks=470 threshold=6000
[MOVE_SUB_B] [15:31:36] FIRESTORM_GATE_BLOCK FOFO setup=move_strike prior_bar_ticks=470 threshold=6000
[MOVE_SUB_B] [15:31:36] FIRESTORM_GATE_BLOCK FOFO setup=move_strike prior_bar_ticks=470 threshold=6000
[MOVE_SUB_B] [15:31:36] FIRESTORM_GATE_BLOCK FOFO setup=move_strike prior_bar_ticks=470 threshold=6000
[MOVE_SUB_B] [15:31:36] FIRESTORM_GATE_BLOCK FOFO setup=move_strike prior_bar_ticks=470 threshold=6000
[MOVE_SUB_B] [15:31:36] FIRESTORM_GATE_BLOCK FOFO setup=move_strike prior_bar_ticks=470 threshold=6000
[MOVE_SUB_B] [15:31:36] FIRESTORM_GATE_BLOCK FOFO setup=move_strike prior_bar_ticks=470 threshold=6000
[MOVE_SUB_B] [15:31:36] FIRESTORM_GATE_BLOCK FOFO setup=move_strike prior_bar_ticks=470 threshold=6000
[MOVE_SUB_B] [15:31:36] FIRESTORM_GATE_BLOCK FOFO setup=move_strike prior_bar_ticks=470 threshold=6000
[MOVE_SUB_B] [15:31:36] FIRESTORM_GATE_BLOCK FOFO setup=move_strike prior_bar_ticks=470 threshold=6000
[MOVE_SUB_B] [15:31:36] FIRESTORM_GATE_BLOCK FOFO setup=move_strike prior_bar_ticks=470 threshold=6000
[MOVE_SUB_B] [15:31:36] FIRESTORM_GATE_BLOCK FOFO setup=move_strike prior_bar_ticks=470 threshold=6000
[MOVE_SUB_B] [15:31:36] FIRESTORM_GATE_BLOCK FOFO setup=move_strike prior_bar_ticks=470 threshold=6000
[MOVE_SUB_B] [15:31:36] FIRESTORM_GATE_BLOCK FOFO setup=move_strike prior_bar_ticks=470 threshold=6000
[MOVE_SUB_B] [15:31:36] FIRESTORM_GATE_BLOCK FOFO setup=move_strike prior_bar_ticks=470 threshold=6000
[MOVE_SUB_B] [15:31:36] FIRESTORM_GATE_BLOCK FOFO setup=move_strike prior_bar_ticks=470 threshold=6000
[MOVE_SUB_B] [15:31:36] FIRESTORM_GATE_BLOCK FOFO setup=move_strike prior_bar_ticks=470 threshold=6000
[MOVE_SUB_B] [15:31:36] FIRESTORM_GATE_BLOCK FOFO setup=move_strike prior_bar_ticks=470 threshold=6000
[MOVE_SUB_B] [15:31:36] FIRESTORM_GATE_BLOCK FOFO setup=move_strike prior_bar_ticks=470 threshold=6000
[MOVE_SUB_B] [15:31:36] FIRESTORM_GATE_BLOCK FOFO setup=move_strike prior_bar_ticks=470 threshold=6000
[MOVE_SUB_B] [15:31:36] FIRESTORM_GATE_BLOCK FOFO setup=move_strike prior_bar_ticks=470 threshold=6000
[MOVE_SUB_B] [15:31:36] FIRESTORM_GATE_BLOCK FOFO setup=move_strike prior_bar_ticks=470 threshold=6000
[MOVE_SUB_B] [15:31:36] FIRESTORM_GATE_BLOCK FOFO setup=move_strike prior_bar_ticks=470 threshold=6000
[MOVE_SUB_B] [15:31:36] FIRESTORM_GATE_BLOCK FOFO setup=move_strike prior_bar_ticks=470 threshold=6000
[MOVE_SUB_B] [15:31:36] FIRESTORM_GATE_BLOCK FOFO setup=move_strike prior_bar_ticks=470 threshold=6000
[MOVE_SUB_B] [15:31:36] FIRESTORM_GATE_BLOCK FOFO setup=move_strike prior_bar_ticks=470 threshold=6000
[MOVE_SUB_B] [15:31:36] FIRESTORM_GATE_BLOCK FOFO setup=move_strike prior_bar_ticks=470 threshold=6000
[MOVE_SUB_B] [15:31:36] FIRESTORM_GATE_BLOCK FOFO setup=move_strike prior_bar_ticks=470 threshold=6000
[MOVE_SUB_B] [15:31:36] FIRESTORM_GATE_BLOCK FOFO setup=move_strike prior_bar_ticks=470 threshold=6000
[MOVE_SUB_B] [15:31:36] FIRESTORM_GATE_BLOCK FOFO setup=move_strike prior_bar_ticks=470 threshold=6000
[MOVE_SUB_B] [15:31:36] FIRESTORM_GATE_BLOCK FOFO setup=move_strike prior_bar_ticks=470 threshold=6000
[MOVE_SUB_B] [15:31:36] FIRESTORM_GATE_BLOCK FOFO setup=move_strike prior_bar_ticks=470 threshold=6000
[MOVE_SUB_B] [15:31:36] FIRESTORM_GATE_BLOCK FOFO setup=move_strike prior_bar_ticks=470 threshold=6000
[MOVE_SUB_B] [15:31:36] FIRESTORM_GATE_BLOCK FOFO setup=move_strike prior_bar_ticks=470 threshold=6000
[MOVE_SUB_B] [15:31:36] FIRESTORM_GATE_BLOCK FOFO setup=move_strike prior_bar_ticks=470 threshold=6000
[MOVE_SUB_B] [15:31:36] FIRESTORM_GATE_BLOCK FOFO setup=move_strike prior_bar_ticks=470 threshold=6000
[MOVE_SUB_B] [15:31:36] FIRESTORM_GATE_BLOCK FOFO setup=move_strike prior_bar_ticks=470 threshold=6000
[MOVE_SUB_B] [15:31:36] FIRESTORM_GATE_BLOCK FOFO setup=move_strike prior_bar_ticks=470 threshold=6000
[MOVE_SUB_B] [15:31:36] FIRESTORM_GATE_BLOCK FOFO setup=move_strike prior_bar_ticks=470 threshold=6000
[MOVE_SUB_B] [15:31:36] FIRESTORM_GATE_BLOCK FOFO setup=move_strike prior_bar_ticks=470 threshold=6000
[MOVE_SUB_B] [15:31:36] FIRESTORM_GATE_BLOCK FOFO setup=move_strike prior_bar_ticks=470 threshold=6000
[MOVE_SUB_B] [15:31:36] FIRESTORM_GATE_BLOCK FOFO setup=move_strike prior_bar_ticks=470 threshold=6000
[MOVE_SUB_B] [15:31:36] FIRESTORM_GATE_BLOCK FOFO setup=move_strike prior_bar_ticks=470 threshold=6000
[MOVE_SUB_B] [15:31:36] FIRESTORM_GATE_BLOCK FOFO setup=move_strike prior_bar_ticks=470 threshold=6000
[MOVE_SUB_B] [15:31:36] FIRESTORM_GATE_BLOCK FOFO setup=move_strike prior_bar_ticks=470 threshold=6000
[MOVE_SUB_B] [15:31:36] FIRESTORM_GATE_BLOCK FOFO setup=move_strike prior_bar_ticks=470 threshold=6000
[MOVE_SUB_B] [15:31:36] FIRESTORM_GATE_BLOCK FOFO setup=move_strike prior_bar_ticks=470 threshold=6000
[MOVE_SUB_B] [15:31:36] FIRESTORM_GATE_BLOCK FOFO setup=move_strike prior_bar_ticks=470 threshold=6000
[MOVE_SUB_B] [15:31:36] FIRESTORM_GATE_BLOCK FOFO setup=move_strike prior_bar_ticks=470 threshold=6000
[MOVE_SUB_B] [15:31:37] FIRESTORM_GATE_BLOCK FOFO setup=move_strike prior_bar_ticks=470 threshold=6000
[MOVE_SUB_B] [15:31:37] FIRESTORM_GATE_BLOCK FOFO setup=move_strike prior_bar_ticks=470 threshold=6000
[MOVE_SUB_B] [15:31:37] FIRESTORM_GATE_BLOCK FOFO setup=move_strike prior_bar_ticks=470 threshold=6000
[MOVE_SUB_B] [15:31:37] FIRESTORM_GATE_BLOCK FOFO setup=move_strike prior_bar_ticks=470 threshold=6000
[MOVE_SUB_B] [15:31:37] FIRESTORM_GATE_BLOCK FOFO setup=move_strike prior_bar_ticks=470 threshold=6000
[MOVE_SUB_B] [15:31:37] FIRESTORM_GATE_BLOCK FOFO setup=move_strike prior_bar_ticks=470 threshold=6000
[MOVE_SUB_B] [15:31:37] FIRESTORM_GATE_BLOCK FOFO setup=move_strike prior_bar_ticks=470 threshold=6000
[MOVE_SUB_B] [15:31:37] FIRESTORM_GATE_BLOCK FOFO setup=move_strike prior_bar_ticks=470 threshold=6000
[MOVE_SUB_B] [15:31:37] FIRESTORM_GATE_BLOCK FOFO setup=move_strike prior_bar_ticks=470 threshold=6000
[MOVE_SUB_B] [15:31:37] FIRESTORM_GATE_BLOCK FOFO setup=move_strike prior_bar_ticks=470 threshold=6000
[MOVE_SUB_B] [15:31:37] FIRESTORM_GATE_BLOCK FOFO setup=move_strike prior_bar_ticks=470 threshold=6000
[MOVE_SUB_B] [15:31:37] FIRESTORM_GATE_BLOCK FOFO setup=move_strike prior_bar_ticks=470 threshold=6000
[MOVE_SUB_B] [15:31:37] FIRESTORM_GATE_BLOCK FOFO setup=move_strike prior_bar_ticks=470 threshold=6000
[MOVE_SUB_B] [15:31:37] FIRESTORM_GATE_BLOCK FOFO setup=move_strike prior_bar_ticks=470 threshold=6000
[MOVE_SUB_B] [15:31:37] FIRESTORM_GATE_BLOCK FOFO setup=move_strike prior_bar_ticks=470 threshold=6000
[MOVE_SUB_B] [15:31:37] FIRESTORM_GATE_BLOCK FOFO setup=move_strike prior_bar_ticks=470 threshold=6000
[MOVE_SUB_B] [15:31:37] FIRESTORM_GATE_BLOCK FOFO setup=move_strike prior_bar_ticks=470 threshold=6000
[MOVE_SUB_B] [15:31:37] FIRESTORM_GATE_BLOCK FOFO setup=move_strike prior_bar_ticks=470 threshold=6000
[MOVE_SUB_B] [15:31:37] FIRESTORM_GATE_BLOCK FOFO setup=move_strike prior_bar_ticks=470 threshold=6000
[MOVE_SUB_B] [15:31:37] FIRESTORM_GATE_BLOCK FOFO setup=move_strike prior_bar_ticks=470 threshold=6000
[MOVE_SUB_B] [15:31:37] FIRESTORM_GATE_BLOCK FOFO setup=move_strike prior_bar_ticks=470 threshold=6000
[MOVE_SUB_B] [15:31:37] FIRESTORM_GATE_BLOCK FOFO setup=move_strike prior_bar_ticks=470 threshold=6000
[MOVE_SUB_B] [15:31:37] FIRESTORM_GATE_BLOCK FOFO setup=move_strike prior_bar_ticks=470 threshold=6000
[MOVE_SUB_B] [15:31:37] FIRESTORM_GATE_BLOCK FOFO setup=move_strike prior_bar_ticks=470 threshold=6000
[MOVE_SUB_B] [15:31:37] FIRESTORM_GATE_BLOCK FOFO setup=move_strike prior_bar_ticks=470 threshold=6000
[MOVE_SUB_B] [15:31:37] FIRESTORM_GATE_BLOCK FOFO setup=move_strike prior_bar_ticks=470 threshold=6000
[MOVE_SUB_B] [15:31:38] FIRESTORM_GATE_BLOCK FOFO setup=move_strike prior_bar_ticks=470 threshold=6000
[MOVE_SUB_B] [15:31:38] FIRESTORM_GATE_BLOCK FOFO setup=move_strike prior_bar_ticks=470 threshold=6000
[MOVE_SUB_B] [15:31:38] FIRESTORM_GATE_BLOCK FOFO setup=move_strike prior_bar_ticks=470 threshold=6000
[MOVE_SUB_B] [15:31:38] FIRESTORM_GATE_BLOCK FOFO setup=move_strike prior_bar_ticks=470 threshold=6000
[MOVE_SUB_B] [15:31:38] FIRESTORM_GATE_BLOCK FOFO setup=move_strike prior_bar_ticks=470 threshold=6000
[MOVE_SUB_B] [15:31:38] FIRESTORM_GATE_BLOCK FOFO setup=move_strike prior_bar_ticks=470 threshold=6000
[MOVE_SUB_B] [15:31:38] FIRESTORM_GATE_BLOCK FOFO setup=move_strike prior_bar_ticks=470 threshold=6000
[MOVE_SUB_B] [15:31:39] FIRESTORM_GATE_BLOCK FOFO setup=move_strike prior_bar_ticks=470 threshold=6000
[MOVE_SUB_B] [15:31:39] FIRESTORM_GATE_BLOCK FOFO setup=move_strike prior_bar_ticks=470 threshold=6000
[MOVE_SUB_B] [15:31:39] FIRESTORM_GATE_BLOCK FOFO setup=move_strike prior_bar_ticks=470 threshold=6000
[MOVE_SUB_B] [15:31:39] FIRESTORM_GATE_BLOCK FOFO setup=move_strike prior_bar_ticks=470 threshold=6000
[MOVE_SUB_B] [15:31:39] FIRESTORM_GATE_BLOCK FOFO setup=move_strike prior_bar_ticks=470 threshold=6000
[MOVE_SUB_B] [15:31:39] FIRESTORM_GATE_BLOCK FOFO setup=move_strike prior_bar_ticks=470 threshold=6000
[MOVE_SUB_B] [15:31:39] FIRESTORM_GATE_BLOCK FOFO setup=move_strike prior_bar_ticks=470 threshold=6000
[MOVE_SUB_B] [15:31:39] FIRESTORM_GATE_BLOCK FOFO setup=move_strike prior_bar_ticks=470 threshold=6000
[MOVE_SUB_B] [15:31:40] FIRESTORM_GATE_BLOCK FOFO setup=move_strike prior_bar_ticks=470 threshold=6000
[MOVE_SUB_B] [15:31:40] FIRESTORM_GATE_BLOCK FOFO setup=move_strike prior_bar_ticks=470 threshold=6000
[MOVE_SUB_B] [15:31:40] FIRESTORM_GATE_BLOCK FOFO setup=move_strike prior_bar_ticks=470 threshold=6000
[MOVE_SUB_B] [15:31:40] FIRESTORM_GATE_BLOCK FOFO setup=move_strike prior_bar_ticks=470 threshold=6000
[MOVE_SUB_B] [15:31:40] FIRESTORM_GATE_BLOCK FOFO setup=move_strike prior_bar_ticks=470 threshold=6000
[MOVE_SUB_B] [15:31:40] FIRESTORM_GATE_BLOCK FOFO setup=move_strike prior_bar_ticks=470 threshold=6000
[MOVE_SUB_B] [15:31:40] FIRESTORM_GATE_BLOCK FOFO setup=move_strike prior_bar_ticks=470 threshold=6000
[MOVE_SUB_B] [15:31:40] FIRESTORM_GATE_BLOCK FOFO setup=move_strike prior_bar_ticks=470 threshold=6000
[MOVE_SUB_B] [15:31:40] FIRESTORM_GATE_BLOCK FOFO setup=move_strike prior_bar_ticks=470 threshold=6000
[MOVE_SUB_B] [15:31:40] FIRESTORM_GATE_BLOCK FOFO setup=move_strike prior_bar_ticks=470 threshold=6000
[MOVE_SUB_B] [15:31:40] FIRESTORM_GATE_BLOCK FOFO setup=move_strike prior_bar_ticks=470 threshold=6000
[MOVE_SUB_B] [15:31:40] FIRESTORM_GATE_BLOCK FOFO setup=move_strike prior_bar_ticks=470 threshold=6000
[MOVE_SUB_B] [15:31:40] FIRESTORM_GATE_BLOCK FOFO setup=move_strike prior_bar_ticks=470 threshold=6000
[MOVE_SUB_B] [15:31:40] FIRESTORM_GATE_BLOCK FOFO setup=move_strike prior_bar_ticks=470 threshold=6000
[MOVE_SUB_B] [15:31:40] FIRESTORM_GATE_BLOCK FOFO setup=move_strike prior_bar_ticks=470 threshold=6000
[MOVE_SUB_B] [15:31:40] FIRESTORM_GATE_BLOCK FOFO setup=move_strike prior_bar_ticks=470 threshold=6000
[MOVE_SUB_B] [15:31:40] FIRESTORM_GATE_BLOCK FOFO setup=move_strike prior_bar_ticks=470 threshold=6000
[MOVE_SUB_B] [15:31:40] FIRESTORM_GATE_BLOCK FOFO setup=move_strike prior_bar_ticks=470 threshold=6000
[MOVE_SUB_B] [15:31:40] FIRESTORM_GATE_BLOCK FOFO setup=move_strike prior_bar_ticks=470 threshold=6000
[MOVE_SUB_B] [15:31:40] FIRESTORM_GATE_BLOCK FOFO setup=move_strike prior_bar_ticks=470 threshold=6000
[MOVE_SUB_B] [15:31:40] FIRESTORM_GATE_BLOCK FOFO setup=move_strike prior_bar_ticks=470 threshold=6000
[MOVE_SUB_B] [15:31:40] FIRESTORM_GATE_BLOCK FOFO setup=move_strike prior_bar_ticks=470 threshold=6000
[MOVE_SUB_B] [15:31:40] FIRESTORM_GATE_BLOCK FOFO setup=move_strike prior_bar_ticks=470 threshold=6000
[MOVE_SUB_B] [15:31:40] FIRESTORM_GATE_BLOCK FOFO setup=move_strike prior_bar_ticks=470 threshold=6000
[MOVE_SUB_B] [15:31:40] FIRESTORM_GATE_BLOCK FOFO setup=move_strike prior_bar_ticks=470 threshold=6000
[MOVE_SUB_B] [15:31:41] FIRESTORM_GATE_BLOCK FOFO setup=move_strike prior_bar_ticks=470 threshold=6000
[MOVE_SUB_B] [15:31:41] FIRESTORM_GATE_BLOCK FOFO setup=move_strike prior_bar_ticks=470 threshold=6000
[MOVE_SUB_B] [15:31:41] FIRESTORM_GATE_BLOCK FOFO setup=move_strike prior_bar_ticks=470 threshold=6000
[MOVE_SUB_B] [15:31:41] FIRESTORM_GATE_BLOCK FOFO setup=move_strike prior_bar_ticks=470 threshold=6000
[MOVE_SUB_B] [15:31:43] FIRESTORM_GATE_BLOCK FOFO setup=move_strike prior_bar_ticks=470 threshold=6000
[MOVE_SUB_B] [15:31:43] FIRESTORM_GATE_BLOCK FOFO setup=move_strike prior_bar_ticks=470 threshold=6000
[MOVE_SUB_B] [15:31:43] FIRESTORM_GATE_BLOCK FOFO setup=move_strike prior_bar_ticks=470 threshold=6000
[MOVE_SUB_B] [15:31:44] FIRESTORM_GATE_BLOCK FOFO setup=move_strike prior_bar_ticks=470 threshold=6000
[MOVE_SUB_B] [15:31:44] FIRESTORM_GATE_BLOCK FOFO setup=move_strike prior_bar_ticks=470 threshold=6000
[MOVE_SUB_B] [15:31:45] FIRESTORM_GATE_BLOCK FOFO setup=move_strike prior_bar_ticks=470 threshold=6000
[MOVE_SUB_B] [15:31:45] FIRESTORM_GATE_BLOCK FOFO setup=move_strike prior_bar_ticks=470 threshold=6000
[MOVE_SUB_B] [15:31:45] FIRESTORM_GATE_BLOCK FOFO setup=move_strike prior_bar_ticks=470 threshold=6000
[MOVE_SUB_B] [15:31:45] FIRESTORM_GATE_BLOCK FOFO setup=move_strike prior_bar_ticks=470 threshold=6000
[MOVE_SUB_B] [15:31:45] FIRESTORM_GATE_BLOCK FOFO setup=move_strike prior_bar_ticks=470 threshold=6000
[MOVE_SUB_B] [15:31:45] FIRESTORM_GATE_BLOCK FOFO setup=move_strike prior_bar_ticks=470 threshold=6000
[MOVE_SUB_B] [15:31:45] FIRESTORM_GATE_BLOCK FOFO setup=move_strike prior_bar_ticks=470 threshold=6000
[MOVE_SUB_B] [15:31:45] FIRESTORM_GATE_BLOCK FOFO setup=move_strike prior_bar_ticks=470 threshold=6000
[MOVE_SUB_B] [15:31:45] FIRESTORM_GATE_BLOCK FOFO setup=move_strike prior_bar_ticks=470 threshold=6000
[MOVE_SUB_B] [15:31:45] FIRESTORM_GATE_BLOCK FOFO setup=move_strike prior_bar_ticks=470 threshold=6000
[MOVE_SUB_B] [15:31:45] FIRESTORM_GATE_BLOCK FOFO setup=move_strike prior_bar_ticks=470 threshold=6000
[MOVE_SUB_B] [15:31:45] FIRESTORM_GATE_BLOCK FOFO setup=move_strike prior_bar_ticks=470 threshold=6000
[MOVE_SUB_B] [15:31:45] FIRESTORM_GATE_BLOCK FOFO setup=move_strike prior_bar_ticks=470 threshold=6000
[MOVE_SUB_B] [15:31:45] FIRESTORM_GATE_BLOCK FOFO setup=move_strike prior_bar_ticks=470 threshold=6000
[MOVE_SUB_B] [15:31:45] FIRESTORM_GATE_BLOCK FOFO setup=move_strike prior_bar_ticks=470 threshold=6000
[MOVE_SUB_B] [15:31:45] FIRESTORM_GATE_BLOCK FOFO setup=move_strike prior_bar_ticks=470 threshold=6000
[MOVE_SUB_B] [15:31:45] FIRESTORM_GATE_BLOCK FOFO setup=move_strike prior_bar_ticks=470 threshold=6000
[MOVE_SUB_B] [15:31:45] FIRESTORM_GATE_BLOCK FOFO setup=move_strike prior_bar_ticks=470 threshold=6000
[MOVE_SUB_B] [15:31:45] FIRESTORM_GATE_BLOCK FOFO setup=move_strike prior_bar_ticks=470 threshold=6000
[MOVE_SUB_B] [15:31:45] FIRESTORM_GATE_BLOCK FOFO setup=move_strike prior_bar_ticks=470 threshold=6000
[MOVE_SUB_B] [15:31:45] FIRESTORM_GATE_BLOCK FOFO setup=move_strike prior_bar_ticks=470 threshold=6000
[MOVE_SUB_B] [15:31:45] FIRESTORM_GATE_BLOCK FOFO setup=move_strike prior_bar_ticks=470 threshold=6000
[MOVE_SUB_B] [15:31:45] FIRESTORM_GATE_BLOCK FOFO setup=move_strike prior_bar_ticks=470 threshold=6000
[MOVE_SUB_B] [15:31:45] FIRESTORM_GATE_BLOCK FOFO setup=move_strike prior_bar_ticks=470 threshold=6000
[MOVE_SUB_B] [15:31:45] FIRESTORM_GATE_BLOCK FOFO setup=move_strike prior_bar_ticks=470 threshold=6000
[MOVE_SUB_B] [15:31:45] FIRESTORM_GATE_BLOCK FOFO setup=move_strike prior_bar_ticks=470 threshold=6000
[MOVE_SUB_B] [15:31:45] FIRESTORM_GATE_BLOCK FOFO setup=move_strike prior_bar_ticks=470 threshold=6000
[MOVE_SUB_B] [15:31:45] FIRESTORM_GATE_BLOCK FOFO setup=move_strike prior_bar_ticks=470 threshold=6000
[MOVE_SUB_B] [15:31:45] FIRESTORM_GATE_BLOCK FOFO setup=move_strike prior_bar_ticks=470 threshold=6000
[MOVE_SUB_B] [15:31:45] FIRESTORM_GATE_BLOCK FOFO setup=move_strike prior_bar_ticks=470 threshold=6000
[MOVE_SUB_B] [15:31:45] FIRESTORM_GATE_BLOCK FOFO setup=move_strike prior_bar_ticks=470 threshold=6000
[MOVE_SUB_B] [15:31:45] FIRESTORM_GATE_BLOCK FOFO setup=move_strike prior_bar_ticks=470 threshold=6000
[MOVE_SUB_B] [15:31:45] FIRESTORM_GATE_BLOCK FOFO setup=move_strike prior_bar_ticks=470 threshold=6000
[MOVE_SUB_B] [15:31:45] FIRESTORM_GATE_BLOCK FOFO setup=move_strike prior_bar_ticks=470 threshold=6000
[MOVE_SUB_B] [15:31:45] FIRESTORM_GATE_BLOCK FOFO setup=move_strike prior_bar_ticks=470 threshold=6000
[MOVE_SUB_B] [15:31:45] FIRESTORM_GATE_BLOCK FOFO setup=move_strike prior_bar_ticks=470 threshold=6000
[MOVE_SUB_B] [15:31:45] FIRESTORM_GATE_BLOCK FOFO setup=move_strike prior_bar_ticks=470 threshold=6000
[MOVE_SUB_B] [15:31:45] FIRESTORM_GATE_BLOCK FOFO setup=move_strike prior_bar_ticks=470 threshold=6000
[MOVE_SUB_B] [15:31:45] FIRESTORM_GATE_BLOCK FOFO setup=move_strike prior_bar_ticks=470 threshold=6000
[MOVE_SUB_B] [15:31:45] FIRESTORM_GATE_BLOCK FOFO setup=move_strike prior_bar_ticks=470 threshold=6000
[MOVE_SUB_B] [15:31:45] FIRESTORM_GATE_BLOCK FOFO setup=move_strike prior_bar_ticks=470 threshold=6000
[MOVE_SUB_B] [15:31:45] FIRESTORM_GATE_BLOCK FOFO setup=move_strike prior_bar_ticks=470 threshold=6000
[MOVE_SUB_B] [15:31:45] FIRESTORM_GATE_BLOCK FOFO setup=move_strike prior_bar_ticks=470 threshold=6000
[MOVE_SUB_B] [15:31:45] FIRESTORM_GATE_BLOCK FOFO setup=move_strike prior_bar_ticks=470 threshold=6000
[MOVE_SUB_B] [15:31:46] FIRESTORM_GATE_BLOCK FOFO setup=move_strike prior_bar_ticks=470 threshold=6000
[MOVE_SUB_B] [15:31:46] FIRESTORM_GATE_BLOCK FOFO setup=move_strike prior_bar_ticks=470 threshold=6000
[MOVE_SUB_B] [15:31:46] FIRESTORM_GATE_BLOCK FOFO setup=move_strike prior_bar_ticks=470 threshold=6000
[MOVE_SUB_B] [15:31:46] FIRESTORM_GATE_BLOCK FOFO setup=move_strike prior_bar_ticks=470 threshold=6000
[MOVE_SUB_B] [15:31:46] FIRESTORM_GATE_BLOCK FOFO setup=move_strike prior_bar_ticks=470 threshold=6000
[MOVE_SUB_B] [15:31:46] FIRESTORM_GATE_BLOCK FOFO setup=move_strike prior_bar_ticks=470 threshold=6000
[MOVE_SUB_B] [15:31:46] FIRESTORM_GATE_BLOCK FOFO setup=move_strike prior_bar_ticks=470 threshold=6000
[MOVE_SUB_B] [15:31:46] FIRESTORM_GATE_BLOCK FOFO setup=move_strike prior_bar_ticks=470 threshold=6000
[MOVE_SUB_B] [15:31:46] FIRESTORM_GATE_BLOCK FOFO setup=move_strike prior_bar_ticks=470 threshold=6000
[MOVE_SUB_B] [15:31:46] FIRESTORM_GATE_BLOCK FOFO setup=move_strike prior_bar_ticks=470 threshold=6000
[MOVE_SUB_B] [15:31:46] FIRESTORM_GATE_BLOCK FOFO setup=move_strike prior_bar_ticks=470 threshold=6000
[MOVE_SUB_B] [15:31:46] FIRESTORM_GATE_BLOCK FOFO setup=move_strike prior_bar_ticks=470 threshold=6000
[MOVE_SUB_B] [15:31:46] FIRESTORM_GATE_BLOCK FOFO setup=move_strike prior_bar_ticks=470 threshold=6000
[MOVE_SUB_B] [15:31:46] FIRESTORM_GATE_BLOCK FOFO setup=move_strike prior_bar_ticks=470 threshold=6000
[MOVE_SUB_B] [15:31:46] FIRESTORM_GATE_BLOCK FOFO setup=move_strike prior_bar_ticks=470 threshold=6000
[MOVE_SUB_B] [15:31:46] FIRESTORM_GATE_BLOCK FOFO setup=move_strike prior_bar_ticks=470 threshold=6000
[MOVE_SUB_B] [15:31:46] FIRESTORM_GATE_BLOCK FOFO setup=move_strike prior_bar_ticks=470 threshold=6000
[MOVE_SUB_B] [15:31:47] FIRESTORM_GATE_BLOCK FOFO setup=move_strike prior_bar_ticks=470 threshold=6000
[MOVE_SUB_B] [15:31:47] FIRESTORM_GATE_BLOCK FOFO setup=move_strike prior_bar_ticks=470 threshold=6000
[MOVE_SUB_B] [15:31:47] FIRESTORM_GATE_BLOCK FOFO setup=move_strike prior_bar_ticks=470 threshold=6000
[MOVE_SUB_B] [15:31:47] FIRESTORM_GATE_BLOCK FOFO setup=move_strike prior_bar_ticks=470 threshold=6000
[MOVE_SUB_B] [15:31:47] FIRESTORM_GATE_BLOCK FOFO setup=move_strike prior_bar_ticks=470 threshold=6000
[MOVE_SUB_B] [15:31:47] FIRESTORM_GATE_BLOCK FOFO setup=move_strike prior_bar_ticks=470 threshold=6000
[MOVE_SUB_B] [15:31:47] FIRESTORM_GATE_BLOCK FOFO setup=move_strike prior_bar_ticks=470 threshold=6000
[MOVE_SUB_B] [15:31:47] FIRESTORM_GATE_BLOCK FOFO setup=move_strike prior_bar_ticks=470 threshold=6000
[MOVE_SUB_B] [15:31:47] FIRESTORM_GATE_BLOCK FOFO setup=move_strike prior_bar_ticks=470 threshold=6000
[MOVE_SUB_B] [15:31:47] FIRESTORM_GATE_BLOCK FOFO setup=move_strike prior_bar_ticks=470 threshold=6000
[MOVE_SUB_B] [15:31:47] FIRESTORM_GATE_BLOCK FOFO setup=move_strike prior_bar_ticks=470 threshold=6000
[MOVE_SUB_B] [15:31:47] FIRESTORM_GATE_BLOCK FOFO setup=move_strike prior_bar_ticks=470 threshold=6000
[MOVE_SUB_B] [15:31:47] FIRESTORM_GATE_BLOCK FOFO setup=move_strike prior_bar_ticks=470 threshold=6000
[MOVE_SUB_B] [15:31:47] FIRESTORM_GATE_BLOCK FOFO setup=move_strike prior_bar_ticks=470 threshold=6000
[MOVE_SUB_B] [15:31:47] FIRESTORM_GATE_BLOCK FOFO setup=move_strike prior_bar_ticks=470 threshold=6000
[MOVE_SUB_B] [15:31:47] FIRESTORM_GATE_BLOCK FOFO setup=move_strike prior_bar_ticks=470 threshold=6000
[MOVE_SUB_B] [15:31:47] FIRESTORM_GATE_BLOCK FOFO setup=move_strike prior_bar_ticks=470 threshold=6000
[MOVE_SUB_B] [15:31:47] FIRESTORM_GATE_BLOCK FOFO setup=move_strike prior_bar_ticks=470 threshold=6000
[MOVE_SUB_B] [15:31:47] FIRESTORM_GATE_BLOCK FOFO setup=move_strike prior_bar_ticks=470 threshold=6000
[MOVE_SUB_B] [15:31:48] FIRESTORM_GATE_BLOCK FOFO setup=move_strike prior_bar_ticks=470 threshold=6000
[MOVE_SUB_B] [15:31:48] FIRESTORM_GATE_BLOCK FOFO setup=move_strike prior_bar_ticks=470 threshold=6000
[MOVE_SUB_B] [15:31:48] FIRESTORM_GATE_BLOCK FOFO setup=move_strike prior_bar_ticks=470 threshold=6000
[MOVE_SUB_B] [15:31:48] FIRESTORM_GATE_BLOCK FOFO setup=move_strike prior_bar_ticks=470 threshold=6000
[MOVE_SUB_B] [15:31:48] FIRESTORM_GATE_BLOCK FOFO setup=move_strike prior_bar_ticks=470 threshold=6000
[MOVE_SUB_B] [15:31:48] FIRESTORM_GATE_BLOCK FOFO setup=move_strike prior_bar_ticks=470 threshold=6000
[MOVE_SUB_B] [15:31:48] FIRESTORM_GATE_BLOCK FOFO setup=move_strike prior_bar_ticks=470 threshold=6000
[MOVE_SUB_B] [15:31:48] FIRESTORM_GATE_BLOCK FOFO setup=move_strike prior_bar_ticks=470 threshold=6000
[MOVE_SUB_B] [15:31:48] FIRESTORM_GATE_BLOCK FOFO setup=move_strike prior_bar_ticks=470 threshold=6000
[MOVE_SUB_B] [15:31:48] FIRESTORM_GATE_BLOCK FOFO setup=move_strike prior_bar_ticks=470 threshold=6000
[MOVE_SUB_B] [15:31:48] FIRESTORM_GATE_BLOCK FOFO setup=move_strike prior_bar_ticks=470 threshold=6000
[MOVE_SUB_B] [15:31:48] FIRESTORM_GATE_BLOCK FOFO setup=move_strike prior_bar_ticks=470 threshold=6000
[MOVE_SUB_B] [15:31:48] FIRESTORM_GATE_BLOCK FOFO setup=move_strike prior_bar_ticks=470 threshold=6000
[MOVE_SUB_B] [15:31:48] FIRESTORM_GATE_BLOCK FOFO setup=move_strike prior_bar_ticks=470 threshold=6000
[MOVE_SUB_B] [15:31:48] FIRESTORM_GATE_BLOCK FOFO setup=move_strike prior_bar_ticks=470 threshold=6000
[MOVE_SUB_B] [15:31:48] FIRESTORM_GATE_BLOCK FOFO setup=move_strike prior_bar_ticks=470 threshold=6000
[MOVE_SUB_B] [15:31:48] FIRESTORM_GATE_BLOCK FOFO setup=move_strike prior_bar_ticks=470 threshold=6000
[MOVE_SUB_B] [15:31:49] FIRESTORM_GATE_BLOCK FOFO setup=move_strike prior_bar_ticks=470 threshold=6000
[MOVE_SUB_B] [15:31:49] FIRESTORM_GATE_BLOCK FOFO setup=move_strike prior_bar_ticks=470 threshold=6000
[MOVE_SUB_B] [15:31:49] FIRESTORM_GATE_BLOCK FOFO setup=move_strike prior_bar_ticks=470 threshold=6000
[MOVE_SUB_B] [15:31:49] FIRESTORM_GATE_BLOCK FOFO setup=move_strike prior_bar_ticks=470 threshold=6000
[MOVE_SUB_B] [15:31:49] FIRESTORM_GATE_BLOCK FOFO setup=move_strike prior_bar_ticks=470 threshold=6000
[MOVE_SUB_B] [15:31:49] FIRESTORM_GATE_BLOCK FOFO setup=move_strike prior_bar_ticks=470 threshold=6000
[MOVE_SUB_B] [15:31:49] FIRESTORM_GATE_BLOCK FOFO setup=move_strike prior_bar_ticks=470 threshold=6000
[MOVE_SUB_B] [15:31:49] FIRESTORM_GATE_BLOCK FOFO setup=move_strike prior_bar_ticks=470 threshold=6000
[MOVE_SUB_B] [15:31:49] FIRESTORM_GATE_BLOCK FOFO setup=move_strike prior_bar_ticks=470 threshold=6000
[MOVE_SUB_B] [15:31:49] FIRESTORM_GATE_BLOCK FOFO setup=move_strike prior_bar_ticks=470 threshold=6000
[MOVE_SUB_B] [15:31:49] FIRESTORM_GATE_BLOCK FOFO setup=move_strike prior_bar_ticks=470 threshold=6000
[MOVE_SUB_B] [15:31:49] FIRESTORM_GATE_BLOCK FOFO setup=move_strike prior_bar_ticks=470 threshold=6000
[MOVE_SUB_B] [15:31:49] FIRESTORM_GATE_BLOCK FOFO setup=move_strike prior_bar_ticks=470 threshold=6000
[MOVE_SUB_B] [15:31:49] FIRESTORM_GATE_BLOCK FOFO setup=move_strike prior_bar_ticks=470 threshold=6000
[MOVE_SUB_B] [15:31:49] FIRESTORM_GATE_BLOCK FOFO setup=move_strike prior_bar_ticks=470 threshold=6000
[MOVE_SUB_B] [15:31:49] FIRESTORM_GATE_BLOCK FOFO setup=move_strike prior_bar_ticks=470 threshold=6000
[MOVE_SUB_B] [15:31:49] FIRESTORM_GATE_BLOCK FOFO setup=move_strike prior_bar_ticks=470 threshold=6000
[MOVE_SUB_B] [15:31:49] FIRESTORM_GATE_BLOCK FOFO setup=move_strike prior_bar_ticks=470 threshold=6000
[MOVE_SUB_B] [15:31:49] FIRESTORM_GATE_BLOCK FOFO setup=move_strike prior_bar_ticks=470 threshold=6000
[MOVE_SUB_B] [15:31:49] FIRESTORM_GATE_BLOCK FOFO setup=move_strike prior_bar_ticks=470 threshold=6000
[MOVE_SUB_B] [15:31:49] FIRESTORM_GATE_BLOCK FOFO setup=move_strike prior_bar_ticks=470 threshold=6000
[MOVE_SUB_B] [15:31:49] FIRESTORM_GATE_BLOCK FOFO setup=move_strike prior_bar_ticks=470 threshold=6000
[MOVE_SUB_B] [15:31:49] FIRESTORM_GATE_BLOCK FOFO setup=move_strike prior_bar_ticks=470 threshold=6000
[MOVE_SUB_B] [15:31:49] FIRESTORM_GATE_BLOCK FOFO setup=move_strike prior_bar_ticks=470 threshold=6000
[MOVE_SUB_B] [15:31:49] FIRESTORM_GATE_BLOCK FOFO setup=move_strike prior_bar_ticks=470 threshold=6000
[MOVE_SUB_B] [15:31:49] FIRESTORM_GATE_BLOCK FOFO setup=move_strike prior_bar_ticks=470 threshold=6000
[MOVE_SUB_B] [15:31:49] FIRESTORM_GATE_BLOCK FOFO setup=move_strike prior_bar_ticks=470 threshold=6000
[MOVE_SUB_B] [15:31:49] FIRESTORM_GATE_BLOCK FOFO setup=move_strike prior_bar_ticks=470 threshold=6000
[MOVE_SUB_B] [15:31:49] FIRESTORM_GATE_BLOCK FOFO setup=move_strike prior_bar_ticks=470 threshold=6000
[MOVE_SUB_B] [15:31:49] FIRESTORM_GATE_BLOCK FOFO setup=move_strike prior_bar_ticks=470 threshold=6000
[MOVE_SUB_B] [15:31:50] FIRESTORM_GATE_BLOCK FOFO setup=move_strike prior_bar_ticks=470 threshold=6000
[MOVE_SUB_B] [15:31:50] FIRESTORM_GATE_BLOCK FOFO setup=move_strike prior_bar_ticks=470 threshold=6000
[MOVE_SUB_B] [15:31:50] FIRESTORM_GATE_BLOCK FOFO setup=move_strike prior_bar_ticks=470 threshold=6000
[MOVE_SUB_B] [15:31:50] FIRESTORM_GATE_BLOCK FOFO setup=move_strike prior_bar_ticks=470 threshold=6000
[MOVE_SUB_B] [15:31:50] FIRESTORM_GATE_BLOCK FOFO setup=move_strike prior_bar_ticks=470 threshold=6000
[MOVE_SUB_B] [15:31:50] FIRESTORM_GATE_BLOCK FOFO setup=move_strike prior_bar_ticks=470 threshold=6000
[MOVE_SUB_B] [15:31:50] FIRESTORM_GATE_BLOCK FOFO setup=move_strike prior_bar_ticks=470 threshold=6000
[MOVE_SUB_B] [15:31:50] FIRESTORM_GATE_BLOCK FOFO setup=move_strike prior_bar_ticks=470 threshold=6000
[MOVE_SUB_B] [15:31:50] FIRESTORM_GATE_BLOCK FOFO setup=move_strike prior_bar_ticks=470 threshold=6000
[MOVE_SUB_B] [15:31:50] FIRESTORM_GATE_BLOCK FOFO setup=move_strike prior_bar_ticks=470 threshold=6000
[MOVE_SUB_B] [15:31:50] FIRESTORM_GATE_BLOCK FOFO setup=move_strike prior_bar_ticks=470 threshold=6000
[MOVE_SUB_B] [15:31:50] FIRESTORM_GATE_BLOCK FOFO setup=move_strike prior_bar_ticks=470 threshold=6000
[MOVE_SUB_B] [15:31:50] FIRESTORM_GATE_BLOCK FOFO setup=move_strike prior_bar_ticks=470 threshold=6000
[MOVE_SUB_B] [15:31:50] FIRESTORM_GATE_BLOCK FOFO setup=move_strike prior_bar_ticks=470 threshold=6000
[MOVE_SUB_B] [15:31:50] FIRESTORM_GATE_BLOCK FOFO setup=move_strike prior_bar_ticks=470 threshold=6000
[MOVE_SUB_B] [15:31:51] FIRESTORM_GATE_BLOCK FOFO setup=move_strike prior_bar_ticks=470 threshold=6000
[MOVE_SUB_B] [15:31:51] FIRESTORM_GATE_BLOCK FOFO setup=move_strike prior_bar_ticks=470 threshold=6000
[MOVE_SUB_B] [15:31:51] FIRESTORM_GATE_BLOCK FOFO setup=move_strike prior_bar_ticks=470 threshold=6000
[MOVE_SUB_B] [15:31:51] FIRESTORM_GATE_BLOCK FOFO setup=move_strike prior_bar_ticks=470 threshold=6000
[MOVE_SUB_B] [15:31:52] FIRESTORM_GATE_BLOCK FOFO setup=move_strike prior_bar_ticks=470 threshold=6000
[MOVE_SUB_B] [15:31:52] FIRESTORM_GATE_BLOCK FOFO setup=move_strike prior_bar_ticks=470 threshold=6000
[MOVE_SUB_B] [15:31:52] FIRESTORM_GATE_BLOCK FOFO setup=move_strike prior_bar_ticks=470 threshold=6000
[MOVE_SUB_B] [15:31:52] FIRESTORM_GATE_BLOCK FOFO setup=move_strike prior_bar_ticks=470 threshold=6000
[MOVE_SUB_B] [15:31:52] FIRESTORM_GATE_BLOCK FOFO setup=move_strike prior_bar_ticks=470 threshold=6000
[MOVE_SUB_B] [15:31:52] FIRESTORM_GATE_BLOCK FOFO setup=move_strike prior_bar_ticks=470 threshold=6000
[MOVE_SUB_B] [15:31:52] FIRESTORM_GATE_BLOCK FOFO setup=move_strike prior_bar_ticks=470 threshold=6000
[MOVE_SUB_B] [15:31:52] FIRESTORM_GATE_BLOCK FOFO setup=move_strike prior_bar_ticks=470 threshold=6000
[MOVE_SUB_B] [15:31:52] FIRESTORM_GATE_BLOCK FOFO setup=move_strike prior_bar_ticks=470 threshold=6000
[MOVE_SUB_B] [15:31:52] FIRESTORM_GATE_BLOCK FOFO setup=move_strike prior_bar_ticks=470 threshold=6000
[MOVE_SUB_B] [15:31:52] FIRESTORM_GATE_BLOCK FOFO setup=move_strike prior_bar_ticks=470 threshold=6000
[MOVE_SUB_B] [15:31:52] FIRESTORM_GATE_BLOCK FOFO setup=move_strike prior_bar_ticks=470 threshold=6000
[MOVE_SUB_B] [15:31:52] FIRESTORM_GATE_BLOCK FOFO setup=move_strike prior_bar_ticks=470 threshold=6000
[MOVE_SUB_B] [15:31:52] FIRESTORM_GATE_BLOCK FOFO setup=move_strike prior_bar_ticks=470 threshold=6000
[MOVE_SUB_B] [15:31:52] FIRESTORM_GATE_BLOCK FOFO setup=move_strike prior_bar_ticks=470 threshold=6000
[MOVE_SUB_B] [15:31:52] FIRESTORM_GATE_BLOCK FOFO setup=move_strike prior_bar_ticks=470 threshold=6000
[MOVE_SUB_B] [15:31:52] FIRESTORM_GATE_BLOCK FOFO setup=move_strike prior_bar_ticks=470 threshold=6000
[MOVE_SUB_B] [15:31:52] FIRESTORM_GATE_BLOCK FOFO setup=move_strike prior_bar_ticks=470 threshold=6000
[MOVE_SUB_B] [15:31:52] FIRESTORM_GATE_BLOCK FOFO setup=move_strike prior_bar_ticks=470 threshold=6000
[MOVE_SUB_B] [15:31:52] FIRESTORM_GATE_BLOCK FOFO setup=move_strike prior_bar_ticks=470 threshold=6000
[MOVE_SUB_B] [15:31:52] FIRESTORM_GATE_BLOCK FOFO setup=move_strike prior_bar_ticks=470 threshold=6000
[MOVE_SUB_B] [15:31:52] FIRESTORM_GATE_BLOCK FOFO setup=move_strike prior_bar_ticks=470 threshold=6000
[MOVE_SUB_B] [15:31:52] FIRESTORM_GATE_BLOCK FOFO setup=move_strike prior_bar_ticks=470 threshold=6000
[MOVE_SUB_B] [15:31:52] FIRESTORM_GATE_BLOCK FOFO setup=move_strike prior_bar_ticks=470 threshold=6000
[MOVE_SUB_B] [15:31:52] FIRESTORM_GATE_BLOCK FOFO setup=move_strike prior_bar_ticks=470 threshold=6000
[MOVE_SUB_B] [15:31:52] FIRESTORM_GATE_BLOCK FOFO setup=move_strike prior_bar_ticks=470 threshold=6000
[MOVE_SUB_B] [15:31:52] FIRESTORM_GATE_BLOCK FOFO setup=move_strike prior_bar_ticks=470 threshold=6000
[MOVE_SUB_B] [15:31:52] FIRESTORM_GATE_BLOCK FOFO setup=move_strike prior_bar_ticks=470 threshold=6000
[MOVE_SUB_B] [15:31:52] FIRESTORM_GATE_BLOCK FOFO setup=move_strike prior_bar_ticks=470 threshold=6000
[MOVE_SUB_B] [15:31:52] FIRESTORM_GATE_BLOCK FOFO setup=move_strike prior_bar_ticks=470 threshold=6000
[MOVE_SUB_B] [15:31:52] FIRESTORM_GATE_BLOCK FOFO setup=move_strike prior_bar_ticks=470 threshold=6000
[MOVE_SUB_B] [15:31:52] FIRESTORM_GATE_BLOCK FOFO setup=move_strike prior_bar_ticks=470 threshold=6000
[MOVE_SUB_B] [15:31:52] FIRESTORM_GATE_BLOCK FOFO setup=move_strike prior_bar_ticks=470 threshold=6000
[MOVE_SUB_B] [15:31:52] FIRESTORM_GATE_BLOCK FOFO setup=move_strike prior_bar_ticks=470 threshold=6000
[MOVE_SUB_B] [15:31:52] FIRESTORM_GATE_BLOCK FOFO setup=move_strike prior_bar_ticks=470 threshold=6000
[MOVE_SUB_B] [15:31:52] FIRESTORM_GATE_BLOCK FOFO setup=move_strike prior_bar_ticks=470 threshold=6000
[MOVE_SUB_B] [15:31:53] FIRESTORM_GATE_BLOCK FOFO setup=move_strike prior_bar_ticks=470 threshold=6000
[MOVE_SUB_B] [15:31:53] FIRESTORM_GATE_BLOCK FOFO setup=move_strike prior_bar_ticks=470 threshold=6000
[MOVE_SUB_B] [15:31:53] FIRESTORM_GATE_BLOCK FOFO setup=move_strike prior_bar_ticks=470 threshold=6000
[MOVE_SUB_B] [15:31:53] FIRESTORM_GATE_BLOCK FOFO setup=move_strike prior_bar_ticks=470 threshold=6000
[MOVE_SUB_B] [15:31:53] FIRESTORM_GATE_BLOCK FOFO setup=move_strike prior_bar_ticks=470 threshold=6000
[MOVE_SUB_B] [15:31:53] FIRESTORM_GATE_BLOCK FOFO setup=move_strike prior_bar_ticks=470 threshold=6000
[MOVE_SUB_B] [15:31:53] FIRESTORM_GATE_BLOCK FOFO setup=move_strike prior_bar_ticks=470 threshold=6000
[MOVE_SUB_B] [15:31:53] FIRESTORM_GATE_BLOCK FOFO setup=move_strike prior_bar_ticks=470 threshold=6000
[MOVE_SUB_B] [15:31:53] FIRESTORM_GATE_BLOCK FOFO setup=move_strike prior_bar_ticks=470 threshold=6000
[MOVE_SUB_B] [15:31:53] FIRESTORM_GATE_BLOCK FOFO setup=move_strike prior_bar_ticks=470 threshold=6000
[MOVE_SUB_B] [15:31:53] FIRESTORM_GATE_BLOCK FOFO setup=move_strike prior_bar_ticks=470 threshold=6000
[MOVE_SUB_B] [15:31:53] FIRESTORM_GATE_BLOCK FOFO setup=move_strike prior_bar_ticks=470 threshold=6000
[MOVE_SUB_B] [15:31:53] FIRESTORM_GATE_BLOCK FOFO setup=move_strike prior_bar_ticks=470 threshold=6000
[MOVE_SUB_B] [15:31:53] FIRESTORM_GATE_BLOCK FOFO setup=move_strike prior_bar_ticks=470 threshold=6000
[MOVE_SUB_B] [15:31:53] FIRESTORM_GATE_BLOCK FOFO setup=move_strike prior_bar_ticks=470 threshold=6000
[MOVE_SUB_B] [15:31:53] FIRESTORM_GATE_BLOCK FOFO setup=move_strike prior_bar_ticks=470 threshold=6000
[MOVE_SUB_B] [15:31:53] FIRESTORM_GATE_BLOCK FOFO setup=move_strike prior_bar_ticks=470 threshold=6000
[MOVE_SUB_B] [15:31:54] FIRESTORM_GATE_BLOCK FOFO setup=move_strike prior_bar_ticks=470 threshold=6000
[MOVE_SUB_B] [15:31:54] FIRESTORM_GATE_BLOCK FOFO setup=move_strike prior_bar_ticks=470 threshold=6000
[MOVE_SUB_B] [15:31:54] FIRESTORM_GATE_BLOCK FOFO setup=move_strike prior_bar_ticks=470 threshold=6000
[MOVE_SUB_B] [15:31:54] FIRESTORM_GATE_BLOCK FOFO setup=move_strike prior_bar_ticks=470 threshold=6000
[MOVE_SUB_B] [15:31:54] FIRESTORM_GATE_BLOCK FOFO setup=move_strike prior_bar_ticks=470 threshold=6000
[MOVE_SUB_B] [15:31:54] FIRESTORM_GATE_BLOCK FOFO setup=move_strike prior_bar_ticks=470 threshold=6000
[MOVE_SUB_B] [15:31:54] FIRESTORM_GATE_BLOCK FOFO setup=move_strike prior_bar_ticks=470 threshold=6000
[MOVE_SUB_B] [15:31:54] FIRESTORM_GATE_BLOCK FOFO setup=move_strike prior_bar_ticks=470 threshold=6000
[MOVE_SUB_B] [15:31:55] FIRESTORM_GATE_BLOCK FOFO setup=move_strike prior_bar_ticks=470 threshold=6000
[MOVE_SUB_B] [15:31:55] FIRESTORM_GATE_BLOCK FOFO setup=move_strike prior_bar_ticks=470 threshold=6000
[MOVE_SUB_B] [15:31:55] FIRESTORM_GATE_BLOCK FOFO setup=move_strike prior_bar_ticks=470 threshold=6000
[MOVE_SUB_B] [15:31:55] FIRESTORM_GATE_BLOCK FOFO setup=move_strike prior_bar_ticks=470 threshold=6000
[MOVE_SUB_B] [15:31:55] FIRESTORM_GATE_BLOCK FOFO setup=move_strike prior_bar_ticks=470 threshold=6000
[MOVE_SUB_B] [15:31:55] FIRESTORM_GATE_BLOCK FOFO setup=move_strike prior_bar_ticks=470 threshold=6000
[MOVE_SUB_B] [15:31:55] FIRESTORM_GATE_BLOCK FOFO setup=move_strike prior_bar_ticks=470 threshold=6000
[MOVE_SUB_B] [15:31:55] FIRESTORM_GATE_BLOCK FOFO setup=move_strike prior_bar_ticks=470 threshold=6000
[MOVE_SUB_B] [15:31:55] FIRESTORM_GATE_BLOCK FOFO setup=move_strike prior_bar_ticks=470 threshold=6000
[MOVE_SUB_B] [15:31:55] FIRESTORM_GATE_BLOCK FOFO setup=move_strike prior_bar_ticks=470 threshold=6000
[MOVE_SUB_B] [15:31:55] FIRESTORM_GATE_BLOCK FOFO setup=move_strike prior_bar_ticks=470 threshold=6000
[MOVE_SUB_B] [15:31:55] FIRESTORM_GATE_BLOCK FOFO setup=move_strike prior_bar_ticks=470 threshold=6000
[MOVE_SUB_B] [15:31:55] FIRESTORM_GATE_BLOCK FOFO setup=move_strike prior_bar_ticks=470 threshold=6000
[MOVE_SUB_B] [15:31:55] FIRESTORM_GATE_BLOCK FOFO setup=move_strike prior_bar_ticks=470 threshold=6000
[MOVE_SUB_B] [15:31:55] FIRESTORM_GATE_BLOCK FOFO setup=move_strike prior_bar_ticks=470 threshold=6000
[MOVE_SUB_B] [15:31:55] FIRESTORM_GATE_BLOCK FOFO setup=move_strike prior_bar_ticks=470 threshold=6000
[MOVE_SUB_B] [15:31:55] FIRESTORM_GATE_BLOCK FOFO setup=move_strike prior_bar_ticks=470 threshold=6000
[MOVE_SUB_B] [15:31:55] FIRESTORM_GATE_BLOCK FOFO setup=move_strike prior_bar_ticks=470 threshold=6000
[MOVE_SUB_B] [15:31:55] FIRESTORM_GATE_BLOCK FOFO setup=move_strike prior_bar_ticks=470 threshold=6000
[MOVE_SUB_B] [15:31:55] FIRESTORM_GATE_BLOCK FOFO setup=move_strike prior_bar_ticks=470 threshold=6000
[MOVE_SUB_B] [15:31:55] FIRESTORM_GATE_BLOCK FOFO setup=move_strike prior_bar_ticks=470 threshold=6000
[MOVE_SUB_B] [15:31:55] FIRESTORM_GATE_BLOCK FOFO setup=move_strike prior_bar_ticks=470 threshold=6000
[MOVE_SUB_B] [15:31:55] FIRESTORM_GATE_BLOCK FOFO setup=move_strike prior_bar_ticks=470 threshold=6000
[MOVE_SUB_B] [15:31:55] FIRESTORM_GATE_BLOCK FOFO setup=move_strike prior_bar_ticks=470 threshold=6000
[MOVE_SUB_B] [15:31:55] FIRESTORM_GATE_BLOCK FOFO setup=move_strike prior_bar_ticks=470 threshold=6000
[MOVE_SUB_B] [15:31:55] FIRESTORM_GATE_BLOCK FOFO setup=move_strike prior_bar_ticks=470 threshold=6000
[MOVE_SUB_B] [15:31:55] FIRESTORM_GATE_BLOCK FOFO setup=move_strike prior_bar_ticks=470 threshold=6000
[MOVE_SUB_B] [15:31:55] FIRESTORM_GATE_BLOCK FOFO setup=move_strike prior_bar_ticks=470 threshold=6000
[MOVE_SUB_B] [15:31:55] FIRESTORM_GATE_BLOCK FOFO setup=move_strike prior_bar_ticks=470 threshold=6000
[MOVE_SUB_B] [15:31:55] FIRESTORM_GATE_BLOCK FOFO setup=move_strike prior_bar_ticks=470 threshold=6000
[MOVE_SUB_B] [15:31:56] FIRESTORM_GATE_BLOCK FOFO setup=move_strike prior_bar_ticks=470 threshold=6000
[MOVE_SUB_B] [15:31:56] FIRESTORM_GATE_BLOCK FOFO setup=move_strike prior_bar_ticks=470 threshold=6000
[MOVE_SUB_B] [15:31:56] FIRESTORM_GATE_BLOCK FOFO setup=move_strike prior_bar_ticks=470 threshold=6000
[MOVE_SUB_B] [15:31:56] FIRESTORM_GATE_BLOCK FOFO setup=move_strike prior_bar_ticks=470 threshold=6000
[MOVE_SUB_B] [15:31:56] FIRESTORM_GATE_BLOCK FOFO setup=move_strike prior_bar_ticks=470 threshold=6000
[MOVE_SUB_B] [15:31:56] FIRESTORM_GATE_BLOCK FOFO setup=move_strike prior_bar_ticks=470 threshold=6000
[MOVE_SUB_B] [15:31:56] FIRESTORM_GATE_BLOCK FOFO setup=move_strike prior_bar_ticks=470 threshold=6000
[MOVE_SUB_B] [15:31:56] FIRESTORM_GATE_BLOCK FOFO setup=move_strike prior_bar_ticks=470 threshold=6000
[MOVE_SUB_B] [15:31:56] FIRESTORM_GATE_BLOCK FOFO setup=move_strike prior_bar_ticks=470 threshold=6000
[MOVE_SUB_B] [15:31:56] FIRESTORM_GATE_BLOCK FOFO setup=move_strike prior_bar_ticks=470 threshold=6000
[MOVE_SUB_B] [15:31:56] FIRESTORM_GATE_BLOCK FOFO setup=move_strike prior_bar_ticks=470 threshold=6000
[MOVE_SUB_B] [15:31:56] FIRESTORM_GATE_BLOCK FOFO setup=move_strike prior_bar_ticks=470 threshold=6000
[MOVE_SUB_B] [15:31:56] FIRESTORM_GATE_BLOCK FOFO setup=move_strike prior_bar_ticks=470 threshold=6000
[MOVE_SUB_B] [15:31:56] FIRESTORM_GATE_BLOCK FOFO setup=move_strike prior_bar_ticks=470 threshold=6000
[MOVE_SUB_B] [15:31:56] FIRESTORM_GATE_BLOCK FOFO setup=move_strike prior_bar_ticks=470 threshold=6000
[MOVE_SUB_B] [15:31:56] FIRESTORM_GATE_BLOCK FOFO setup=move_strike prior_bar_ticks=470 threshold=6000
[MOVE_SUB_B] [15:31:56] FIRESTORM_GATE_BLOCK FOFO setup=move_strike prior_bar_ticks=470 threshold=6000
[MOVE_SUB_B] [15:31:56] FIRESTORM_GATE_BLOCK FOFO setup=move_strike prior_bar_ticks=470 threshold=6000
[MOVE_SUB_B] [15:31:56] FIRESTORM_GATE_BLOCK FOFO setup=move_strike prior_bar_ticks=470 threshold=6000
[MOVE_SUB_B] [15:31:56] FIRESTORM_GATE_BLOCK FOFO setup=move_strike prior_bar_ticks=470 threshold=6000
[MOVE_SUB_B] [15:31:56] FIRESTORM_GATE_BLOCK FOFO setup=move_strike prior_bar_ticks=470 threshold=6000
[MOVE_SUB_B] [15:31:56] FIRESTORM_GATE_BLOCK FOFO setup=move_strike prior_bar_ticks=470 threshold=6000
[MOVE_SUB_B] [15:31:56] FIRESTORM_GATE_BLOCK FOFO setup=move_strike prior_bar_ticks=470 threshold=6000
[MOVE_SUB_B] [15:31:57] FIRESTORM_GATE_BLOCK FOFO setup=move_strike prior_bar_ticks=470 threshold=6000
[MOVE_SUB_B] [15:31:57] FIRESTORM_GATE_BLOCK FOFO setup=move_strike prior_bar_ticks=470 threshold=6000
[MOVE_SUB_B] [15:31:57] FIRESTORM_GATE_BLOCK FOFO setup=move_strike prior_bar_ticks=470 threshold=6000
[MOVE_SUB_B] [15:31:57] FIRESTORM_GATE_BLOCK FOFO setup=move_strike prior_bar_ticks=470 threshold=6000
[MOVE_SUB_B] [15:31:57] FIRESTORM_GATE_BLOCK FOFO setup=move_strike prior_bar_ticks=470 threshold=6000
[MOVE_SUB_B] [15:31:57] FIRESTORM_GATE_BLOCK FOFO setup=move_strike prior_bar_ticks=470 threshold=6000
[MOVE_SUB_B] [15:31:57] FIRESTORM_GATE_BLOCK FOFO setup=move_strike prior_bar_ticks=470 threshold=6000
[MOVE_SUB_B] [15:31:57] FIRESTORM_GATE_BLOCK FOFO setup=move_strike prior_bar_ticks=470 threshold=6000
[MOVE_SUB_B] [15:31:57] FIRESTORM_GATE_BLOCK FOFO setup=move_strike prior_bar_ticks=470 threshold=6000
[MOVE_SUB_B] [15:31:57] FIRESTORM_GATE_BLOCK FOFO setup=move_strike prior_bar_ticks=470 threshold=6000
[MOVE_SUB_B] [15:31:57] FIRESTORM_GATE_BLOCK FOFO setup=move_strike prior_bar_ticks=470 threshold=6000
[MOVE_SUB_B] [15:31:57] FIRESTORM_GATE_BLOCK FOFO setup=move_strike prior_bar_ticks=470 threshold=6000
[MOVE_SUB_B] [15:31:57] FIRESTORM_GATE_BLOCK FOFO setup=move_strike prior_bar_ticks=470 threshold=6000
[MOVE_SUB_B] [15:31:57] FIRESTORM_GATE_BLOCK FOFO setup=move_strike prior_bar_ticks=470 threshold=6000
[MOVE_SUB_B] [15:31:57] FIRESTORM_GATE_BLOCK FOFO setup=move_strike prior_bar_ticks=470 threshold=6000
[MOVE_SUB_B] [15:31:57] FIRESTORM_GATE_BLOCK FOFO setup=move_strike prior_bar_ticks=470 threshold=6000
[MOVE_SUB_B] [15:31:57] FIRESTORM_GATE_BLOCK FOFO setup=move_strike prior_bar_ticks=470 threshold=6000
[MOVE_SUB_B] [15:31:57] FIRESTORM_GATE_BLOCK FOFO setup=move_strike prior_bar_ticks=470 threshold=6000
[MOVE_SUB_B] [15:31:57] FIRESTORM_GATE_BLOCK FOFO setup=move_strike prior_bar_ticks=470 threshold=6000
[MOVE_SUB_B] [15:31:57] FIRESTORM_GATE_BLOCK FOFO setup=move_strike prior_bar_ticks=470 threshold=6000
[MOVE_SUB_B] [15:31:57] FIRESTORM_GATE_BLOCK FOFO setup=move_strike prior_bar_ticks=470 threshold=6000
[MOVE_SUB_B] [15:31:57] FIRESTORM_GATE_BLOCK FOFO setup=move_strike prior_bar_ticks=470 threshold=6000
[MOVE_SUB_B] [15:31:57] FIRESTORM_GATE_BLOCK FOFO setup=move_strike prior_bar_ticks=470 threshold=6000
[MOVE_SUB_B] [15:31:57] FIRESTORM_GATE_BLOCK FOFO setup=move_strike prior_bar_ticks=470 threshold=6000
[MOVE_SUB_B] [15:31:57] FIRESTORM_GATE_BLOCK FOFO setup=move_strike prior_bar_ticks=470 threshold=6000
[MOVE_SUB_B] [15:31:57] FIRESTORM_GATE_BLOCK FOFO setup=move_strike prior_bar_ticks=470 threshold=6000
[MOVE_SUB_B] [15:31:57] FIRESTORM_GATE_BLOCK FOFO setup=move_strike prior_bar_ticks=470 threshold=6000
[MOVE_SUB_B] [15:31:57] FIRESTORM_GATE_BLOCK FOFO setup=move_strike prior_bar_ticks=470 threshold=6000
[MOVE_SUB_B] [15:31:57] FIRESTORM_GATE_BLOCK FOFO setup=move_strike prior_bar_ticks=470 threshold=6000
[MOVE_SUB_B] [15:31:57] FIRESTORM_GATE_BLOCK FOFO setup=move_strike prior_bar_ticks=470 threshold=6000
[MOVE_SUB_B] [15:31:57] FIRESTORM_GATE_BLOCK FOFO setup=move_strike prior_bar_ticks=470 threshold=6000
[MOVE_SUB_B] [15:31:57] FIRESTORM_GATE_BLOCK FOFO setup=move_strike prior_bar_ticks=470 threshold=6000
[MOVE_SUB_B] [15:31:57] FIRESTORM_GATE_BLOCK FOFO setup=move_strike prior_bar_ticks=470 threshold=6000
[MOVE_SUB_B] [15:31:57] FIRESTORM_GATE_BLOCK FOFO setup=move_strike prior_bar_ticks=470 threshold=6000
[MOVE_SUB_B] [15:31:57] FIRESTORM_GATE_BLOCK FOFO setup=move_strike prior_bar_ticks=470 threshold=6000
[MOVE_SUB_B] [15:31:57] FIRESTORM_GATE_BLOCK FOFO setup=move_strike prior_bar_ticks=470 threshold=6000
[MOVE_SUB_B] [15:31:57] FIRESTORM_GATE_BLOCK FOFO setup=move_strike prior_bar_ticks=470 threshold=6000
[MOVE_SUB_B] [15:31:57] FIRESTORM_GATE_BLOCK FOFO setup=move_strike prior_bar_ticks=470 threshold=6000
[MOVE_SUB_B] [15:31:57] FIRESTORM_GATE_BLOCK FOFO setup=move_strike prior_bar_ticks=470 threshold=6000
[MOVE_SUB_B] [15:31:57] FIRESTORM_GATE_BLOCK FOFO setup=move_strike prior_bar_ticks=470 threshold=6000
[MOVE_SUB_B] [15:31:57] FIRESTORM_GATE_BLOCK FOFO setup=move_strike prior_bar_ticks=470 threshold=6000
[MOVE_SUB_B] [15:31:57] FIRESTORM_GATE_BLOCK FOFO setup=move_strike prior_bar_ticks=470 threshold=6000
[MOVE_SUB_B] [15:31:57] FIRESTORM_GATE_BLOCK FOFO setup=move_strike prior_bar_ticks=470 threshold=6000
[MOVE_SUB_B] [15:31:57] FIRESTORM_GATE_BLOCK FOFO setup=move_strike prior_bar_ticks=470 threshold=6000
[MOVE_SUB_B] [15:31:57] FIRESTORM_GATE_BLOCK FOFO setup=move_strike prior_bar_ticks=470 threshold=6000
[MOVE_SUB_B] [15:31:57] FIRESTORM_GATE_BLOCK FOFO setup=move_strike prior_bar_ticks=470 threshold=6000
[MOVE_SUB_B] [15:31:57] FIRESTORM_GATE_BLOCK FOFO setup=move_strike prior_bar_ticks=470 threshold=6000
[MOVE_SUB_B] [15:31:57] FIRESTORM_GATE_BLOCK FOFO setup=move_strike prior_bar_ticks=470 threshold=6000
[MOVE_SUB_B] [15:31:57] FIRESTORM_GATE_BLOCK FOFO setup=move_strike prior_bar_ticks=470 threshold=6000
[MOVE_SUB_B] [15:31:57] FIRESTORM_GATE_BLOCK FOFO setup=move_strike prior_bar_ticks=470 threshold=6000
[MOVE_SUB_B] [15:31:57] FIRESTORM_GATE_BLOCK FOFO setup=move_strike prior_bar_ticks=470 threshold=6000
[MOVE_SUB_B] [15:31:57] FIRESTORM_GATE_BLOCK FOFO setup=move_strike prior_bar_ticks=470 threshold=6000
[MOVE_SUB_B] [15:31:57] FIRESTORM_GATE_BLOCK FOFO setup=move_strike prior_bar_ticks=470 threshold=6000
[MOVE_SUB_B] [15:31:57] FIRESTORM_GATE_BLOCK FOFO setup=move_strike prior_bar_ticks=470 threshold=6000
[MOVE_SUB_B] [15:31:57] FIRESTORM_GATE_BLOCK FOFO setup=move_strike prior_bar_ticks=470 threshold=6000
[MOVE_SUB_B] [15:31:57] FIRESTORM_GATE_BLOCK FOFO setup=move_strike prior_bar_ticks=470 threshold=6000
[MOVE_SUB_B] [15:31:57] FIRESTORM_GATE_BLOCK FOFO setup=move_strike prior_bar_ticks=470 threshold=6000
[MOVE_SUB_B] [15:31:57] FIRESTORM_GATE_BLOCK FOFO setup=move_strike prior_bar_ticks=470 threshold=6000
[MOVE_SUB_B] [15:31:57] FIRESTORM_GATE_BLOCK FOFO setup=move_strike prior_bar_ticks=470 threshold=6000
[MOVE_SUB_B] [15:31:57] FIRESTORM_GATE_BLOCK FOFO setup=move_strike prior_bar_ticks=470 threshold=6000
[MOVE_SUB_B] [15:31:57] FIRESTORM_GATE_BLOCK FOFO setup=move_strike prior_bar_ticks=470 threshold=6000
[MOVE_SUB_B] [15:31:57] FIRESTORM_GATE_BLOCK FOFO setup=move_strike prior_bar_ticks=470 threshold=6000
[MOVE_SUB_B] [15:31:58] FIRESTORM_GATE_BLOCK FOFO setup=move_strike prior_bar_ticks=470 threshold=6000
[MOVE_SUB_B] [15:31:58] FIRESTORM_GATE_BLOCK FOFO setup=move_strike prior_bar_ticks=470 threshold=6000
[MOVE_SUB_B] [15:31:58] FIRESTORM_GATE_BLOCK FOFO setup=move_strike prior_bar_ticks=470 threshold=6000
[MOVE_SUB_B] [15:31:58] FIRESTORM_GATE_BLOCK FOFO setup=move_strike prior_bar_ticks=470 threshold=6000
[MOVE_SUB_B] [15:31:58] FIRESTORM_GATE_BLOCK FOFO setup=move_strike prior_bar_ticks=470 threshold=6000
[MOVE_SUB_B] [15:31:58] FIRESTORM_GATE_BLOCK FOFO setup=move_strike prior_bar_ticks=470 threshold=6000
[MOVE_SUB_B] [15:31:58] FIRESTORM_GATE_BLOCK FOFO setup=move_strike prior_bar_ticks=470 threshold=6000
[MOVE_SUB_B] [15:31:58] FIRESTORM_GATE_BLOCK FOFO setup=move_strike prior_bar_ticks=470 threshold=6000
[MOVE_SUB_B] [15:31:58] FIRESTORM_GATE_BLOCK FOFO setup=move_strike prior_bar_ticks=470 threshold=6000
[MOVE_SUB_B] [15:31:58] FIRESTORM_GATE_BLOCK FOFO setup=move_strike prior_bar_ticks=470 threshold=6000
[MOVE_SUB_B] [15:31:58] FIRESTORM_GATE_BLOCK FOFO setup=move_strike prior_bar_ticks=470 threshold=6000
[MOVE_SUB_B] [15:31:58] FIRESTORM_GATE_BLOCK FOFO setup=move_strike prior_bar_ticks=470 threshold=6000
[MOVE_SUB_B] [15:31:58] FIRESTORM_GATE_BLOCK FOFO setup=move_strike prior_bar_ticks=470 threshold=6000
[MOVE_SUB_B] [15:31:58] FIRESTORM_GATE_BLOCK FOFO setup=move_strike prior_bar_ticks=470 threshold=6000
[MOVE_SUB_B] [15:31:58] FIRESTORM_GATE_BLOCK FOFO setup=move_strike prior_bar_ticks=470 threshold=6000
[MOVE_SUB_B] [15:31:58] FIRESTORM_GATE_BLOCK FOFO setup=move_strike prior_bar_ticks=470 threshold=6000
[MOVE_SUB_B] [15:31:58] FIRESTORM_GATE_BLOCK FOFO setup=move_strike prior_bar_ticks=470 threshold=6000
[MOVE_SUB_B] [15:31:58] FIRESTORM_GATE_BLOCK FOFO setup=move_strike prior_bar_ticks=470 threshold=6000
[MOVE_SUB_B] [15:31:58] FIRESTORM_GATE_BLOCK FOFO setup=move_strike prior_bar_ticks=470 threshold=6000
[MOVE_SUB_B] [15:31:58] FIRESTORM_GATE_BLOCK FOFO setup=move_strike prior_bar_ticks=470 threshold=6000
[MOVE_SUB_B] [15:31:58] FIRESTORM_GATE_BLOCK FOFO setup=move_strike prior_bar_ticks=470 threshold=6000
[MOVE_SUB_B] [15:31:58] FIRESTORM_GATE_BLOCK FOFO setup=move_strike prior_bar_ticks=470 threshold=6000
[MOVE_SUB_B] [15:31:58] FIRESTORM_GATE_BLOCK FOFO setup=move_strike prior_bar_ticks=470 threshold=6000
[MOVE_SUB_B] [15:31:58] FIRESTORM_GATE_BLOCK FOFO setup=move_strike prior_bar_ticks=470 threshold=6000
[MOVE_SUB_B] [15:31:58] FIRESTORM_GATE_BLOCK FOFO setup=move_strike prior_bar_ticks=470 threshold=6000
[MOVE_SUB_B] [15:31:58] FIRESTORM_GATE_BLOCK FOFO setup=move_strike prior_bar_ticks=470 threshold=6000
[MOVE_SUB_B] [15:31:58] FIRESTORM_GATE_BLOCK FOFO setup=move_strike prior_bar_ticks=470 threshold=6000
[MOVE_SUB_B] [15:31:58] FIRESTORM_GATE_BLOCK FOFO setup=move_strike prior_bar_ticks=470 threshold=6000
[MOVE_SUB_B] [15:31:58] FIRESTORM_GATE_BLOCK FOFO setup=move_strike prior_bar_ticks=470 threshold=6000
[MOVE_SUB_B] [15:31:58] FIRESTORM_GATE_BLOCK FOFO setup=move_strike prior_bar_ticks=470 threshold=6000
[MOVE_SUB_B] [15:31:58] FIRESTORM_GATE_BLOCK FOFO setup=move_strike prior_bar_ticks=470 threshold=6000
[MOVE_SUB_B] [15:31:58] FIRESTORM_GATE_BLOCK FOFO setup=move_strike prior_bar_ticks=470 threshold=6000
[MOVE_SUB_B] [15:31:58] FIRESTORM_GATE_BLOCK FOFO setup=move_strike prior_bar_ticks=470 threshold=6000
[MOVE_SUB_B] [15:31:58] FIRESTORM_GATE_BLOCK FOFO setup=move_strike prior_bar_ticks=470 threshold=6000
[MOVE_SUB_B] [15:31:58] FIRESTORM_GATE_BLOCK FOFO setup=move_strike prior_bar_ticks=470 threshold=6000
[MOVE_SUB_B] [15:31:58] FIRESTORM_GATE_BLOCK FOFO setup=move_strike prior_bar_ticks=470 threshold=6000
[MOVE_SUB_B] [15:31:58] FIRESTORM_GATE_BLOCK FOFO setup=move_strike prior_bar_ticks=470 threshold=6000
[MOVE_SUB_B] [15:31:58] FIRESTORM_GATE_BLOCK FOFO setup=move_strike prior_bar_ticks=470 threshold=6000
[MOVE_SUB_B] [15:31:58] FIRESTORM_GATE_BLOCK FOFO setup=move_strike prior_bar_ticks=470 threshold=6000
[MOVE_SUB_B] [15:31:58] FIRESTORM_GATE_BLOCK FOFO setup=move_strike prior_bar_ticks=470 threshold=6000
[MOVE_SUB_B] [15:31:59] FIRESTORM_GATE_BLOCK FOFO setup=move_strike prior_bar_ticks=470 threshold=6000
[MOVE_SUB_B] [15:31:59] FIRESTORM_GATE_BLOCK FOFO setup=move_strike prior_bar_ticks=470 threshold=6000
[MOVE_SUB_B] [15:31:59] FIRESTORM_GATE_BLOCK FOFO setup=move_strike prior_bar_ticks=470 threshold=6000
[MOVE_SUB_B] [15:31:59] FIRESTORM_GATE_BLOCK FOFO setup=move_strike prior_bar_ticks=470 threshold=6000
[MOVE_SUB_B] [15:31:59] FIRESTORM_GATE_BLOCK FOFO setup=move_strike prior_bar_ticks=470 threshold=6000
[MOVE_SUB_B] [15:31:59] FIRESTORM_GATE_BLOCK FOFO setup=move_strike prior_bar_ticks=470 threshold=6000
[MOVE_SUB_B] [15:31:59] FIRESTORM_GATE_BLOCK FOFO setup=move_strike prior_bar_ticks=470 threshold=6000
[MOVE_SUB_B] [15:31:59] FIRESTORM_GATE_BLOCK FOFO setup=move_strike prior_bar_ticks=470 threshold=6000
[MOVE_SUB_B] [15:31:59] FIRESTORM_GATE_BLOCK FOFO setup=move_strike prior_bar_ticks=470 threshold=6000
[MOVE_SUB_B] [15:31:59] FIRESTORM_GATE_BLOCK FOFO setup=move_strike prior_bar_ticks=470 threshold=6000
[MOVE_SUB_B] [15:31:59] FIRESTORM_GATE_BLOCK FOFO setup=move_strike prior_bar_ticks=470 threshold=6000
[MOVE_SUB_B] [15:31:59] FIRESTORM_GATE_BLOCK FOFO setup=move_strike prior_bar_ticks=470 threshold=6000
[MOVE_SUB_B] [15:31:59] FIRESTORM_GATE_BLOCK FOFO setup=move_strike prior_bar_ticks=470 threshold=6000
[MOVE_SUB_B] [15:31:59] FIRESTORM_GATE_BLOCK FOFO setup=move_strike prior_bar_ticks=470 threshold=6000
[MOVE_SUB_B] [15:31:59] FIRESTORM_GATE_BLOCK FOFO setup=move_strike prior_bar_ticks=470 threshold=6000
[MOVE_SUB_B] [15:31:59] FIRESTORM_GATE_BLOCK FOFO setup=move_strike prior_bar_ticks=470 threshold=6000
[MOVE_SUB_B] [15:31:59] FIRESTORM_GATE_BLOCK FOFO setup=move_strike prior_bar_ticks=470 threshold=6000
[MOVE_SUB_B] [15:31:59] FIRESTORM_GATE_BLOCK FOFO setup=move_strike prior_bar_ticks=470 threshold=6000
[MOVE_SUB_B] [15:31:59] FIRESTORM_GATE_BLOCK FOFO setup=move_strike prior_bar_ticks=470 threshold=6000
[MOVE_SUB_B] [15:31:59] FIRESTORM_GATE_BLOCK FOFO setup=move_strike prior_bar_ticks=470 threshold=6000
[MOVE_SUB_B] [15:31:59] FIRESTORM_GATE_BLOCK FOFO setup=move_strike prior_bar_ticks=470 threshold=6000
[MOVE_SUB_B] [15:31:59] FIRESTORM_GATE_BLOCK FOFO setup=move_strike prior_bar_ticks=470 threshold=6000
[MOVE_SUB_B] [15:31:59] FIRESTORM_GATE_BLOCK FOFO setup=move_strike prior_bar_ticks=470 threshold=6000
[MOVE_SUB_B] [15:31:59] FIRESTORM_GATE_BLOCK FOFO setup=move_strike prior_bar_ticks=470 threshold=6000
[MOVE_SUB_B] [15:31:59] FIRESTORM_GATE_BLOCK FOFO setup=move_strike prior_bar_ticks=470 threshold=6000
[MOVE_SUB_B] [15:31:59] FIRESTORM_GATE_BLOCK FOFO setup=move_strike prior_bar_ticks=470 threshold=6000
[MOVE_SUB_B] [15:31:59] FIRESTORM_GATE_BLOCK FOFO setup=move_strike prior_bar_ticks=470 threshold=6000
[MOVE_SUB_B] [15:31:59] FIRESTORM_GATE_BLOCK FOFO setup=move_strike prior_bar_ticks=470 threshold=6000
[MOVE_SUB_B] [15:31:59] FIRESTORM_GATE_BLOCK FOFO setup=move_strike prior_bar_ticks=470 threshold=6000
[MOVE_SUB_B] [15:31:59] FIRESTORM_GATE_BLOCK FOFO setup=move_strike prior_bar_ticks=470 threshold=6000
[MOVE_SUB_B] [15:31:59] FIRESTORM_GATE_BLOCK FOFO setup=move_strike prior_bar_ticks=470 threshold=6000
[MOVE_SUB_B] [15:31:59] FIRESTORM_GATE_BLOCK FOFO setup=move_strike prior_bar_ticks=470 threshold=6000
[MOVE_SUB_B] [15:32:20] STATS ticks=352493 symbols=84 pos=no daily_pnl=+0 drops=0
[MOVE_SUB_B] [15:33:20] STATS ticks=354171 symbols=84 pos=no daily_pnl=+0 drops=0
[MOVE_SUB_B] [15:34:20] STATS ticks=355583 symbols=84 pos=no daily_pnl=+0 drops=0
[MOVE_SUB_B] [15:35:20] STATS ticks=357192 symbols=84 pos=no daily_pnl=+0 drops=0
[MOVE_SUB_B] [15:36:20] STATS ticks=358326 symbols=84 pos=no daily_pnl=+0 drops=0
[MOVE_SUB_B] [15:37:20] STATS ticks=359780 symbols=84 pos=no daily_pnl=+0 drops=0
[MOVE_SUB_B] [15:38:20] STATS ticks=361153 symbols=84 pos=no daily_pnl=+0 drops=0
[MOVE_SUB_B] [15:39:20] STATS ticks=362611 symbols=84 pos=no daily_pnl=+0 drops=0
[MOVE_SUB_B] [15:39:23] FIRESTORM_GATE_BLOCK ABTS setup=move_strike prior_bar_ticks=107 threshold=6000
[MOVE_SUB_B] [15:39:23] FIRESTORM_GATE_BLOCK ABTS setup=move_strike prior_bar_ticks=107 threshold=6000
[MOVE_SUB_B] [15:39:24] FIRESTORM_GATE_BLOCK ABTS setup=move_strike prior_bar_ticks=107 threshold=6000
[MOVE_SUB_B] [15:39:24] FIRESTORM_GATE_BLOCK ABTS setup=move_strike prior_bar_ticks=107 threshold=6000
[MOVE_SUB_B] [15:39:24] FIRESTORM_GATE_BLOCK ABTS setup=move_strike prior_bar_ticks=107 threshold=6000
[MOVE_SUB_B] [15:39:26] FIRESTORM_GATE_BLOCK ABTS setup=move_strike prior_bar_ticks=107 threshold=6000
[MOVE_SUB_B] [15:39:26] FIRESTORM_GATE_BLOCK ABTS setup=move_strike prior_bar_ticks=107 threshold=6000
[MOVE_SUB_B] [15:39:26] FIRESTORM_GATE_BLOCK ABTS setup=move_strike prior_bar_ticks=107 threshold=6000
[MOVE_SUB_B] [15:39:28] FIRESTORM_GATE_BLOCK ABTS setup=move_strike prior_bar_ticks=107 threshold=6000
[MOVE_SUB_B] [15:39:28] FIRESTORM_GATE_BLOCK ABTS setup=move_strike prior_bar_ticks=107 threshold=6000
[MOVE_SUB_B] [15:39:28] FIRESTORM_GATE_BLOCK ABTS setup=move_strike prior_bar_ticks=107 threshold=6000
[MOVE_SUB_B] [15:39:29] FIRESTORM_GATE_BLOCK ABTS setup=move_strike prior_bar_ticks=107 threshold=6000
[MOVE_SUB_B] [15:39:29] FIRESTORM_GATE_BLOCK ABTS setup=move_strike prior_bar_ticks=107 threshold=6000
[MOVE_SUB_B] [15:39:29] FIRESTORM_GATE_BLOCK ABTS setup=move_strike prior_bar_ticks=107 threshold=6000
[MOVE_SUB_B] [15:39:29] FIRESTORM_GATE_BLOCK ABTS setup=move_strike prior_bar_ticks=107 threshold=6000
[MOVE_SUB_B] [15:39:29] FIRESTORM_GATE_BLOCK ABTS setup=move_strike prior_bar_ticks=107 threshold=6000
[MOVE_SUB_B] [15:39:29] FIRESTORM_GATE_BLOCK ABTS setup=move_strike prior_bar_ticks=107 threshold=6000
[MOVE_SUB_B] [15:39:29] FIRESTORM_GATE_BLOCK ABTS setup=move_strike prior_bar_ticks=107 threshold=6000
[MOVE_SUB_B] [15:39:30] FIRESTORM_GATE_BLOCK ABTS setup=move_strike prior_bar_ticks=107 threshold=6000
[MOVE_SUB_B] [15:39:30] FIRESTORM_GATE_BLOCK ABTS setup=move_strike prior_bar_ticks=107 threshold=6000
[MOVE_SUB_B] [15:39:31] FIRESTORM_GATE_BLOCK ABTS setup=move_strike prior_bar_ticks=107 threshold=6000
[MOVE_SUB_B] [15:39:32] FIRESTORM_GATE_BLOCK ABTS setup=move_strike prior_bar_ticks=107 threshold=6000
[MOVE_SUB_B] [15:39:32] FIRESTORM_GATE_BLOCK ABTS setup=move_strike prior_bar_ticks=107 threshold=6000
[MOVE_SUB_B] [15:39:32] FIRESTORM_GATE_BLOCK ABTS setup=move_strike prior_bar_ticks=107 threshold=6000
[MOVE_SUB_B] [15:39:33] FIRESTORM_GATE_BLOCK ABTS setup=move_strike prior_bar_ticks=107 threshold=6000
[MOVE_SUB_B] [15:39:33] FIRESTORM_GATE_BLOCK ABTS setup=move_strike prior_bar_ticks=107 threshold=6000
[MOVE_SUB_B] [15:39:33] FIRESTORM_GATE_BLOCK ABTS setup=move_strike prior_bar_ticks=107 threshold=6000
[MOVE_SUB_B] [15:39:33] FIRESTORM_GATE_BLOCK ABTS setup=move_strike prior_bar_ticks=107 threshold=6000
[MOVE_SUB_B] [15:39:33] FIRESTORM_GATE_BLOCK ABTS setup=move_strike prior_bar_ticks=107 threshold=6000
[MOVE_SUB_B] [15:39:33] FIRESTORM_GATE_BLOCK ABTS setup=move_strike prior_bar_ticks=107 threshold=6000
[MOVE_SUB_B] [15:39:34] FIRESTORM_GATE_BLOCK ABTS setup=move_strike prior_bar_ticks=107 threshold=6000
[MOVE_SUB_B] [15:39:34] FIRESTORM_GATE_BLOCK ABTS setup=move_strike prior_bar_ticks=107 threshold=6000
[MOVE_SUB_B] [15:39:35] FIRESTORM_GATE_BLOCK ABTS setup=move_strike prior_bar_ticks=107 threshold=6000
[MOVE_SUB_B] [15:39:35] FIRESTORM_GATE_BLOCK ABTS setup=move_strike prior_bar_ticks=107 threshold=6000
[MOVE_SUB_B] [15:39:35] FIRESTORM_GATE_BLOCK ABTS setup=move_strike prior_bar_ticks=107 threshold=6000
[MOVE_SUB_B] [15:39:36] FIRESTORM_GATE_BLOCK ABTS setup=move_strike prior_bar_ticks=107 threshold=6000
[MOVE_SUB_B] [15:39:39] FIRESTORM_GATE_BLOCK ABTS setup=move_strike prior_bar_ticks=107 threshold=6000
[MOVE_SUB_B] [15:39:39] FIRESTORM_GATE_BLOCK ABTS setup=move_strike prior_bar_ticks=107 threshold=6000
[MOVE_SUB_B] [15:39:39] FIRESTORM_GATE_BLOCK ABTS setup=move_strike prior_bar_ticks=107 threshold=6000
[MOVE_SUB_B] [15:39:39] FIRESTORM_GATE_BLOCK ABTS setup=move_strike prior_bar_ticks=107 threshold=6000
[MOVE_SUB_B] [15:39:39] FIRESTORM_GATE_BLOCK ABTS setup=move_strike prior_bar_ticks=107 threshold=6000
[MOVE_SUB_B] [15:39:40] FIRESTORM_GATE_BLOCK ABTS setup=move_strike prior_bar_ticks=107 threshold=6000
[MOVE_SUB_B] [15:39:40] FIRESTORM_GATE_BLOCK ABTS setup=move_strike prior_bar_ticks=107 threshold=6000
[MOVE_SUB_B] [15:40:20] STATS ticks=365401 symbols=84 pos=no daily_pnl=+0 drops=0
[MOVE_SUB_B] [15:41:20] STATS ticks=367762 symbols=84 pos=no daily_pnl=+0 drops=0
[MOVE_SUB_B] [15:42:20] STATS ticks=370413 symbols=84 pos=no daily_pnl=+0 drops=0
[MOVE_SUB_B] [15:43:21] STATS ticks=373020 symbols=84 pos=no daily_pnl=+0 drops=0
[MOVE_SUB_B] [15:44:21] STATS ticks=374815 symbols=84 pos=no daily_pnl=+0 drops=0
[MOVE_SUB_B] [15:45:03] new symbol SUPX — detector + movement_strike instantiated
[MOVE_SUB_B] [15:45:21] STATS ticks=376590 symbols=85 pos=no daily_pnl=+0 drops=0
[MOVE_SUB_B] [15:46:21] STATS ticks=378112 symbols=85 pos=no daily_pnl=+0 drops=0
[MOVE_SUB_B] [15:47:21] STATS ticks=380334 symbols=85 pos=no daily_pnl=+0 drops=0
[MOVE_SUB_B] [15:48:03] FIRESTORM_GATE_BLOCK FOFO setup=move_strike prior_bar_ticks=123 threshold=6000
[MOVE_SUB_B] [15:48:03] FIRESTORM_GATE_BLOCK FOFO setup=move_strike prior_bar_ticks=123 threshold=6000
[MOVE_SUB_B] [15:48:03] FIRESTORM_GATE_BLOCK FOFO setup=move_strike prior_bar_ticks=123 threshold=6000
[MOVE_SUB_B] [15:48:03] FIRESTORM_GATE_BLOCK FOFO setup=move_strike prior_bar_ticks=123 threshold=6000
[MOVE_SUB_B] [15:48:03] FIRESTORM_GATE_BLOCK FOFO setup=move_strike prior_bar_ticks=123 threshold=6000
[MOVE_SUB_B] [15:48:05] FIRESTORM_GATE_BLOCK FOFO setup=move_strike prior_bar_ticks=123 threshold=6000
[MOVE_SUB_B] [15:48:05] FIRESTORM_GATE_BLOCK FOFO setup=move_strike prior_bar_ticks=123 threshold=6000
[MOVE_SUB_B] [15:48:05] FIRESTORM_GATE_BLOCK FOFO setup=move_strike prior_bar_ticks=123 threshold=6000
[MOVE_SUB_B] [15:48:05] FIRESTORM_GATE_BLOCK FOFO setup=move_strike prior_bar_ticks=123 threshold=6000
[MOVE_SUB_B] [15:48:05] FIRESTORM_GATE_BLOCK FOFO setup=move_strike prior_bar_ticks=123 threshold=6000
[MOVE_SUB_B] [15:48:05] FIRESTORM_GATE_BLOCK FOFO setup=move_strike prior_bar_ticks=123 threshold=6000
[MOVE_SUB_B] [15:48:05] FIRESTORM_GATE_BLOCK FOFO setup=move_strike prior_bar_ticks=123 threshold=6000
[MOVE_SUB_B] [15:48:05] FIRESTORM_GATE_BLOCK FOFO setup=move_strike prior_bar_ticks=123 threshold=6000
[MOVE_SUB_B] [15:48:05] FIRESTORM_GATE_BLOCK FOFO setup=move_strike prior_bar_ticks=123 threshold=6000
[MOVE_SUB_B] [15:48:05] FIRESTORM_GATE_BLOCK FOFO setup=move_strike prior_bar_ticks=123 threshold=6000
[MOVE_SUB_B] [15:48:05] FIRESTORM_GATE_BLOCK FOFO setup=move_strike prior_bar_ticks=123 threshold=6000
[MOVE_SUB_B] [15:48:05] FIRESTORM_GATE_BLOCK FOFO setup=move_strike prior_bar_ticks=123 threshold=6000
[MOVE_SUB_B] [15:48:05] FIRESTORM_GATE_BLOCK FOFO setup=move_strike prior_bar_ticks=123 threshold=6000
[MOVE_SUB_B] [15:48:05] FIRESTORM_GATE_BLOCK FOFO setup=move_strike prior_bar_ticks=123 threshold=6000
[MOVE_SUB_B] [15:48:05] FIRESTORM_GATE_BLOCK FOFO setup=move_strike prior_bar_ticks=123 threshold=6000
[MOVE_SUB_B] [15:48:05] FIRESTORM_GATE_BLOCK FOFO setup=move_strike prior_bar_ticks=123 threshold=6000
[MOVE_SUB_B] [15:48:05] FIRESTORM_GATE_BLOCK FOFO setup=move_strike prior_bar_ticks=123 threshold=6000
[MOVE_SUB_B] [15:48:05] FIRESTORM_GATE_BLOCK FOFO setup=move_strike prior_bar_ticks=123 threshold=6000
[MOVE_SUB_B] [15:48:05] FIRESTORM_GATE_BLOCK FOFO setup=move_strike prior_bar_ticks=123 threshold=6000
[MOVE_SUB_B] [15:48:06] FIRESTORM_GATE_BLOCK FOFO setup=move_strike prior_bar_ticks=123 threshold=6000
[MOVE_SUB_B] [15:48:06] FIRESTORM_GATE_BLOCK FOFO setup=move_strike prior_bar_ticks=123 threshold=6000
[MOVE_SUB_B] [15:48:06] FIRESTORM_GATE_BLOCK FOFO setup=move_strike prior_bar_ticks=123 threshold=6000
[MOVE_SUB_B] [15:48:06] FIRESTORM_GATE_BLOCK FOFO setup=move_strike prior_bar_ticks=123 threshold=6000
[MOVE_SUB_B] [15:48:06] FIRESTORM_GATE_BLOCK FOFO setup=move_strike prior_bar_ticks=123 threshold=6000
[MOVE_SUB_B] [15:48:06] FIRESTORM_GATE_BLOCK FOFO setup=move_strike prior_bar_ticks=123 threshold=6000
[MOVE_SUB_B] [15:48:06] FIRESTORM_GATE_BLOCK FOFO setup=move_strike prior_bar_ticks=123 threshold=6000
[MOVE_SUB_B] [15:48:06] FIRESTORM_GATE_BLOCK FOFO setup=move_strike prior_bar_ticks=123 threshold=6000
[MOVE_SUB_B] [15:48:06] FIRESTORM_GATE_BLOCK FOFO setup=move_strike prior_bar_ticks=123 threshold=6000
[MOVE_SUB_B] [15:48:06] FIRESTORM_GATE_BLOCK FOFO setup=move_strike prior_bar_ticks=123 threshold=6000
[MOVE_SUB_B] [15:48:06] FIRESTORM_GATE_BLOCK FOFO setup=move_strike prior_bar_ticks=123 threshold=6000
[MOVE_SUB_B] [15:48:06] FIRESTORM_GATE_BLOCK FOFO setup=move_strike prior_bar_ticks=123 threshold=6000
[MOVE_SUB_B] [15:48:06] FIRESTORM_GATE_BLOCK FOFO setup=move_strike prior_bar_ticks=123 threshold=6000
[MOVE_SUB_B] [15:48:06] FIRESTORM_GATE_BLOCK FOFO setup=move_strike prior_bar_ticks=123 threshold=6000
[MOVE_SUB_B] [15:48:06] FIRESTORM_GATE_BLOCK FOFO setup=move_strike prior_bar_ticks=123 threshold=6000
[MOVE_SUB_B] [15:48:07] FIRESTORM_GATE_BLOCK FOFO setup=move_strike prior_bar_ticks=123 threshold=6000
[MOVE_SUB_B] [15:48:07] FIRESTORM_GATE_BLOCK FOFO setup=move_strike prior_bar_ticks=123 threshold=6000
[MOVE_SUB_B] [15:48:07] FIRESTORM_GATE_BLOCK FOFO setup=move_strike prior_bar_ticks=123 threshold=6000
[MOVE_SUB_B] [15:48:08] FIRESTORM_GATE_BLOCK FOFO setup=move_strike prior_bar_ticks=123 threshold=6000
[MOVE_SUB_B] [15:48:08] FIRESTORM_GATE_BLOCK FOFO setup=move_strike prior_bar_ticks=123 threshold=6000
[MOVE_SUB_B] [15:48:08] FIRESTORM_GATE_BLOCK FOFO setup=move_strike prior_bar_ticks=123 threshold=6000
[MOVE_SUB_B] [15:48:08] FIRESTORM_GATE_BLOCK FOFO setup=move_strike prior_bar_ticks=123 threshold=6000
[MOVE_SUB_B] [15:48:08] FIRESTORM_GATE_BLOCK FOFO setup=move_strike prior_bar_ticks=123 threshold=6000
[MOVE_SUB_B] [15:48:08] FIRESTORM_GATE_BLOCK FOFO setup=move_strike prior_bar_ticks=123 threshold=6000
[MOVE_SUB_B] [15:48:08] FIRESTORM_GATE_BLOCK FOFO setup=move_strike prior_bar_ticks=123 threshold=6000
[MOVE_SUB_B] [15:48:08] FIRESTORM_GATE_BLOCK FOFO setup=move_strike prior_bar_ticks=123 threshold=6000
[MOVE_SUB_B] [15:48:08] FIRESTORM_GATE_BLOCK FOFO setup=move_strike prior_bar_ticks=123 threshold=6000
[MOVE_SUB_B] [15:48:08] FIRESTORM_GATE_BLOCK FOFO setup=move_strike prior_bar_ticks=123 threshold=6000
[MOVE_SUB_B] [15:48:08] FIRESTORM_GATE_BLOCK FOFO setup=move_strike prior_bar_ticks=123 threshold=6000
[MOVE_SUB_B] [15:48:08] FIRESTORM_GATE_BLOCK FOFO setup=move_strike prior_bar_ticks=123 threshold=6000
[MOVE_SUB_B] [15:48:08] FIRESTORM_GATE_BLOCK FOFO setup=move_strike prior_bar_ticks=123 threshold=6000
[MOVE_SUB_B] [15:48:08] FIRESTORM_GATE_BLOCK FOFO setup=move_strike prior_bar_ticks=123 threshold=6000
[MOVE_SUB_B] [15:48:09] FIRESTORM_GATE_BLOCK FOFO setup=move_strike prior_bar_ticks=123 threshold=6000
[MOVE_SUB_B] [15:48:09] FIRESTORM_GATE_BLOCK FOFO setup=move_strike prior_bar_ticks=123 threshold=6000
[MOVE_SUB_B] [15:48:09] FIRESTORM_GATE_BLOCK FOFO setup=move_strike prior_bar_ticks=123 threshold=6000
[MOVE_SUB_B] [15:48:09] FIRESTORM_GATE_BLOCK FOFO setup=move_strike prior_bar_ticks=123 threshold=6000
[MOVE_SUB_B] [15:48:09] FIRESTORM_GATE_BLOCK FOFO setup=move_strike prior_bar_ticks=123 threshold=6000
[MOVE_SUB_B] [15:48:09] FIRESTORM_GATE_BLOCK FOFO setup=move_strike prior_bar_ticks=123 threshold=6000
[MOVE_SUB_B] [15:48:09] FIRESTORM_GATE_BLOCK FOFO setup=move_strike prior_bar_ticks=123 threshold=6000
[MOVE_SUB_B] [15:48:09] FIRESTORM_GATE_BLOCK FOFO setup=move_strike prior_bar_ticks=123 threshold=6000
[MOVE_SUB_B] [15:48:09] FIRESTORM_GATE_BLOCK FOFO setup=move_strike prior_bar_ticks=123 threshold=6000
[MOVE_SUB_B] [15:48:09] FIRESTORM_GATE_BLOCK FOFO setup=move_strike prior_bar_ticks=123 threshold=6000
[MOVE_SUB_B] [15:48:09] FIRESTORM_GATE_BLOCK FOFO setup=move_strike prior_bar_ticks=123 threshold=6000
[MOVE_SUB_B] [15:48:09] FIRESTORM_GATE_BLOCK FOFO setup=move_strike prior_bar_ticks=123 threshold=6000
[MOVE_SUB_B] [15:48:09] FIRESTORM_GATE_BLOCK FOFO setup=move_strike prior_bar_ticks=123 threshold=6000
[MOVE_SUB_B] [15:48:10] FIRESTORM_GATE_BLOCK FOFO setup=move_strike prior_bar_ticks=123 threshold=6000
[MOVE_SUB_B] [15:48:10] FIRESTORM_GATE_BLOCK FOFO setup=move_strike prior_bar_ticks=123 threshold=6000
[MOVE_SUB_B] [15:48:11] FIRESTORM_GATE_BLOCK FOFO setup=move_strike prior_bar_ticks=123 threshold=6000
[MOVE_SUB_B] [15:48:21] STATS ticks=384744 symbols=85 pos=no daily_pnl=+0 drops=0
[MOVE_SUB_B] [15:48:22] FIRESTORM_GATE_BLOCK FOFO setup=move_strike prior_bar_ticks=123 threshold=6000
[MOVE_SUB_B] [15:48:22] FIRESTORM_GATE_BLOCK FOFO setup=move_strike prior_bar_ticks=123 threshold=6000
[MOVE_SUB_B] [15:48:22] FIRESTORM_GATE_BLOCK FOFO setup=move_strike prior_bar_ticks=123 threshold=6000
[MOVE_SUB_B] [15:48:22] FIRESTORM_GATE_BLOCK FOFO setup=move_strike prior_bar_ticks=123 threshold=6000
[MOVE_SUB_B] [15:48:22] FIRESTORM_GATE_BLOCK FOFO setup=move_strike prior_bar_ticks=123 threshold=6000
[MOVE_SUB_B] [15:48:22] FIRESTORM_GATE_BLOCK FOFO setup=move_strike prior_bar_ticks=123 threshold=6000
[MOVE_SUB_B] [15:48:22] FIRESTORM_GATE_BLOCK FOFO setup=move_strike prior_bar_ticks=123 threshold=6000
[MOVE_SUB_B] [15:48:22] FIRESTORM_GATE_BLOCK FOFO setup=move_strike prior_bar_ticks=123 threshold=6000
[MOVE_SUB_B] [15:48:22] FIRESTORM_GATE_BLOCK FOFO setup=move_strike prior_bar_ticks=123 threshold=6000
[MOVE_SUB_B] [15:48:22] FIRESTORM_GATE_BLOCK FOFO setup=move_strike prior_bar_ticks=123 threshold=6000
[MOVE_SUB_B] [15:48:22] FIRESTORM_GATE_BLOCK FOFO setup=move_strike prior_bar_ticks=123 threshold=6000
[MOVE_SUB_B] [15:48:22] FIRESTORM_GATE_BLOCK FOFO setup=move_strike prior_bar_ticks=123 threshold=6000
[MOVE_SUB_B] [15:48:22] FIRESTORM_GATE_BLOCK FOFO setup=move_strike prior_bar_ticks=123 threshold=6000
[MOVE_SUB_B] [15:48:25] FIRESTORM_GATE_BLOCK FOFO setup=move_strike prior_bar_ticks=123 threshold=6000
[MOVE_SUB_B] [15:48:25] FIRESTORM_GATE_BLOCK FOFO setup=move_strike prior_bar_ticks=123 threshold=6000
[MOVE_SUB_B] [15:48:26] FIRESTORM_GATE_BLOCK FOFO setup=move_strike prior_bar_ticks=123 threshold=6000
[MOVE_SUB_B] [15:48:26] FIRESTORM_GATE_BLOCK FOFO setup=move_strike prior_bar_ticks=123 threshold=6000
[MOVE_SUB_B] [15:48:26] FIRESTORM_GATE_BLOCK FOFO setup=move_strike prior_bar_ticks=123 threshold=6000
[MOVE_SUB_B] [15:48:26] FIRESTORM_GATE_BLOCK FOFO setup=move_strike prior_bar_ticks=123 threshold=6000
[MOVE_SUB_B] [15:48:26] FIRESTORM_GATE_BLOCK FOFO setup=move_strike prior_bar_ticks=123 threshold=6000
[MOVE_SUB_B] [15:48:26] FIRESTORM_GATE_BLOCK FOFO setup=move_strike prior_bar_ticks=123 threshold=6000
[MOVE_SUB_B] [15:48:27] FIRESTORM_GATE_BLOCK FOFO setup=move_strike prior_bar_ticks=123 threshold=6000
[MOVE_SUB_B] [15:48:27] FIRESTORM_GATE_BLOCK FOFO setup=move_strike prior_bar_ticks=123 threshold=6000
[MOVE_SUB_B] [15:48:28] FIRESTORM_GATE_BLOCK FOFO setup=move_strike prior_bar_ticks=123 threshold=6000
[MOVE_SUB_B] [15:48:28] FIRESTORM_GATE_BLOCK FOFO setup=move_strike prior_bar_ticks=123 threshold=6000
[MOVE_SUB_B] [15:48:28] FIRESTORM_GATE_BLOCK FOFO setup=move_strike prior_bar_ticks=123 threshold=6000
[MOVE_SUB_B] [15:48:28] FIRESTORM_GATE_BLOCK FOFO setup=move_strike prior_bar_ticks=123 threshold=6000
[MOVE_SUB_B] [15:48:28] FIRESTORM_GATE_BLOCK FOFO setup=move_strike prior_bar_ticks=123 threshold=6000
[MOVE_SUB_B] [15:48:28] FIRESTORM_GATE_BLOCK FOFO setup=move_strike prior_bar_ticks=123 threshold=6000
[MOVE_SUB_B] [15:48:28] FIRESTORM_GATE_BLOCK FOFO setup=move_strike prior_bar_ticks=123 threshold=6000
[MOVE_SUB_B] [15:48:29] FIRESTORM_GATE_BLOCK FOFO setup=move_strike prior_bar_ticks=123 threshold=6000
[MOVE_SUB_B] [15:48:29] FIRESTORM_GATE_BLOCK FOFO setup=move_strike prior_bar_ticks=123 threshold=6000
[MOVE_SUB_B] [15:48:29] FIRESTORM_GATE_BLOCK FOFO setup=move_strike prior_bar_ticks=123 threshold=6000
[MOVE_SUB_B] [15:48:29] FIRESTORM_GATE_BLOCK FOFO setup=move_strike prior_bar_ticks=123 threshold=6000
[MOVE_SUB_B] [15:48:32] FIRESTORM_GATE_BLOCK FOFO setup=move_strike prior_bar_ticks=123 threshold=6000
[MOVE_SUB_B] [15:48:32] FIRESTORM_GATE_BLOCK FOFO setup=move_strike prior_bar_ticks=123 threshold=6000
[MOVE_SUB_B] [15:48:32] FIRESTORM_GATE_BLOCK FOFO setup=move_strike prior_bar_ticks=123 threshold=6000
[MOVE_SUB_B] [15:48:32] FIRESTORM_GATE_BLOCK FOFO setup=move_strike prior_bar_ticks=123 threshold=6000
[MOVE_SUB_B] [15:48:32] FIRESTORM_GATE_BLOCK FOFO setup=move_strike prior_bar_ticks=123 threshold=6000
[MOVE_SUB_B] [15:48:32] FIRESTORM_GATE_BLOCK FOFO setup=move_strike prior_bar_ticks=123 threshold=6000
[MOVE_SUB_B] [15:48:33] FIRESTORM_GATE_BLOCK FOFO setup=move_strike prior_bar_ticks=123 threshold=6000
[MOVE_SUB_B] [15:48:33] FIRESTORM_GATE_BLOCK FOFO setup=move_strike prior_bar_ticks=123 threshold=6000
[MOVE_SUB_B] [15:48:33] FIRESTORM_GATE_BLOCK FOFO setup=move_strike prior_bar_ticks=123 threshold=6000
[MOVE_SUB_B] [15:48:35] FIRESTORM_GATE_BLOCK FOFO setup=move_strike prior_bar_ticks=123 threshold=6000
[MOVE_SUB_B] [15:48:36] FIRESTORM_GATE_BLOCK FOFO setup=move_strike prior_bar_ticks=123 threshold=6000
[MOVE_SUB_B] [15:48:37] FIRESTORM_GATE_BLOCK FOFO setup=move_strike prior_bar_ticks=123 threshold=6000
[MOVE_SUB_B] [15:48:41] FIRESTORM_GATE_BLOCK FOFO setup=move_strike prior_bar_ticks=123 threshold=6000
[MOVE_SUB_B] [15:48:43] FIRESTORM_GATE_BLOCK FOFO setup=move_strike prior_bar_ticks=123 threshold=6000
[MOVE_SUB_B] [15:48:44] FIRESTORM_GATE_BLOCK FOFO setup=move_strike prior_bar_ticks=123 threshold=6000
[MOVE_SUB_B] [15:48:44] FIRESTORM_GATE_BLOCK FOFO setup=move_strike prior_bar_ticks=123 threshold=6000
[MOVE_SUB_B] [15:48:55] FIRESTORM_GATE_BLOCK FOFO setup=move_strike prior_bar_ticks=123 threshold=6000
[MOVE_SUB_B] [15:48:55] FIRESTORM_GATE_BLOCK FOFO setup=move_strike prior_bar_ticks=123 threshold=6000
[MOVE_SUB_B] [15:48:57] FIRESTORM_GATE_BLOCK FOFO setup=move_strike prior_bar_ticks=123 threshold=6000
[MOVE_SUB_B] [15:48:57] FIRESTORM_GATE_BLOCK FOFO setup=move_strike prior_bar_ticks=123 threshold=6000
[MOVE_SUB_B] [15:48:57] FIRESTORM_GATE_BLOCK FOFO setup=move_strike prior_bar_ticks=123 threshold=6000
[MOVE_SUB_B] [15:48:59] FIRESTORM_GATE_BLOCK FOFO setup=move_strike prior_bar_ticks=123 threshold=6000
[MOVE_SUB_B] [15:49:21] STATS ticks=387024 symbols=85 pos=no daily_pnl=+0 drops=0
[MOVE_SUB_B] [15:50:21] STATS ticks=388598 symbols=85 pos=no daily_pnl=+0 drops=0
[MOVE_SUB_B] [15:51:22] STATS ticks=390011 symbols=85 pos=no daily_pnl=+0 drops=0
[MOVE_SUB_B] [15:51:25] FIRESTORM_GATE_BLOCK ABTS setup=move_strike prior_bar_ticks=194 threshold=6000
[MOVE_SUB_B] [15:51:25] FIRESTORM_GATE_BLOCK ABTS setup=move_strike prior_bar_ticks=194 threshold=6000
[MOVE_SUB_B] [15:51:25] FIRESTORM_GATE_BLOCK ABTS setup=move_strike prior_bar_ticks=194 threshold=6000
[MOVE_SUB_B] [15:51:25] FIRESTORM_GATE_BLOCK ABTS setup=move_strike prior_bar_ticks=194 threshold=6000
[MOVE_SUB_B] [15:51:25] FIRESTORM_GATE_BLOCK ABTS setup=move_strike prior_bar_ticks=194 threshold=6000
[MOVE_SUB_B] [15:51:25] FIRESTORM_GATE_BLOCK ABTS setup=move_strike prior_bar_ticks=194 threshold=6000
[MOVE_SUB_B] [15:51:25] FIRESTORM_GATE_BLOCK ABTS setup=move_strike prior_bar_ticks=194 threshold=6000
[MOVE_SUB_B] [15:51:25] FIRESTORM_GATE_BLOCK ABTS setup=move_strike prior_bar_ticks=194 threshold=6000
[MOVE_SUB_B] [15:51:25] FIRESTORM_GATE_BLOCK ABTS setup=move_strike prior_bar_ticks=194 threshold=6000
[MOVE_SUB_B] [15:51:25] FIRESTORM_GATE_BLOCK ABTS setup=move_strike prior_bar_ticks=194 threshold=6000
[MOVE_SUB_B] [15:51:25] FIRESTORM_GATE_BLOCK ABTS setup=move_strike prior_bar_ticks=194 threshold=6000
[MOVE_SUB_B] [15:51:25] FIRESTORM_GATE_BLOCK ABTS setup=move_strike prior_bar_ticks=194 threshold=6000
[MOVE_SUB_B] [15:51:25] FIRESTORM_GATE_BLOCK ABTS setup=move_strike prior_bar_ticks=194 threshold=6000
[MOVE_SUB_B] [15:51:25] FIRESTORM_GATE_BLOCK ABTS setup=move_strike prior_bar_ticks=194 threshold=6000
[MOVE_SUB_B] [15:51:25] FIRESTORM_GATE_BLOCK ABTS setup=move_strike prior_bar_ticks=194 threshold=6000
[MOVE_SUB_B] [15:51:25] FIRESTORM_GATE_BLOCK ABTS setup=move_strike prior_bar_ticks=194 threshold=6000
[MOVE_SUB_B] [15:51:26] FIRESTORM_GATE_BLOCK ABTS setup=move_strike prior_bar_ticks=194 threshold=6000
[MOVE_SUB_B] [15:51:26] FIRESTORM_GATE_BLOCK ABTS setup=move_strike prior_bar_ticks=194 threshold=6000
[MOVE_SUB_B] [15:51:26] FIRESTORM_GATE_BLOCK ABTS setup=move_strike prior_bar_ticks=194 threshold=6000
[MOVE_SUB_B] [15:51:26] FIRESTORM_GATE_BLOCK ABTS setup=move_strike prior_bar_ticks=194 threshold=6000
[MOVE_SUB_B] [15:51:26] FIRESTORM_GATE_BLOCK ABTS setup=move_strike prior_bar_ticks=194 threshold=6000
[MOVE_SUB_B] [15:51:26] FIRESTORM_GATE_BLOCK ABTS setup=move_strike prior_bar_ticks=194 threshold=6000
[MOVE_SUB_B] [15:51:26] FIRESTORM_GATE_BLOCK ABTS setup=move_strike prior_bar_ticks=194 threshold=6000
[MOVE_SUB_B] [15:51:26] FIRESTORM_GATE_BLOCK ABTS setup=move_strike prior_bar_ticks=194 threshold=6000
[MOVE_SUB_B] [15:51:26] FIRESTORM_GATE_BLOCK ABTS setup=move_strike prior_bar_ticks=194 threshold=6000
[MOVE_SUB_B] [15:51:26] FIRESTORM_GATE_BLOCK ABTS setup=move_strike prior_bar_ticks=194 threshold=6000
[MOVE_SUB_B] [15:51:26] FIRESTORM_GATE_BLOCK ABTS setup=move_strike prior_bar_ticks=194 threshold=6000
[MOVE_SUB_B] [15:51:26] FIRESTORM_GATE_BLOCK ABTS setup=move_strike prior_bar_ticks=194 threshold=6000
[MOVE_SUB_B] [15:51:26] FIRESTORM_GATE_BLOCK ABTS setup=move_strike prior_bar_ticks=194 threshold=6000
[MOVE_SUB_B] [15:51:26] FIRESTORM_GATE_BLOCK ABTS setup=move_strike prior_bar_ticks=194 threshold=6000
[MOVE_SUB_B] [15:51:26] FIRESTORM_GATE_BLOCK ABTS setup=move_strike prior_bar_ticks=194 threshold=6000
[MOVE_SUB_B] [15:51:26] FIRESTORM_GATE_BLOCK ABTS setup=move_strike prior_bar_ticks=194 threshold=6000
[MOVE_SUB_B] [15:51:26] FIRESTORM_GATE_BLOCK ABTS setup=move_strike prior_bar_ticks=194 threshold=6000
[MOVE_SUB_B] [15:51:26] FIRESTORM_GATE_BLOCK ABTS setup=move_strike prior_bar_ticks=194 threshold=6000
[MOVE_SUB_B] [15:52:22] STATS ticks=392456 symbols=85 pos=no daily_pnl=+0 drops=0
[MOVE_SUB_B] [15:53:22] STATS ticks=394085 symbols=85 pos=no daily_pnl=+0 drops=0
[MOVE_SUB_B] [15:54:22] STATS ticks=395553 symbols=85 pos=no daily_pnl=+0 drops=0
[MOVE_SUB_B] [15:55:22] STATS ticks=397595 symbols=85 pos=no daily_pnl=+0 drops=0
[MOVE_SUB_B] [15:55:23] FIRESTORM_GATE_BLOCK FOFO setup=move_strike prior_bar_ticks=62 threshold=6000
[MOVE_SUB_B] [15:55:23] FIRESTORM_GATE_BLOCK FOFO setup=move_strike prior_bar_ticks=62 threshold=6000
[MOVE_SUB_B] [15:55:23] FIRESTORM_GATE_BLOCK FOFO setup=move_strike prior_bar_ticks=62 threshold=6000
[MOVE_SUB_B] [15:55:23] FIRESTORM_GATE_BLOCK FOFO setup=move_strike prior_bar_ticks=62 threshold=6000
[MOVE_SUB_B] [15:55:23] new symbol FJET — detector + movement_strike instantiated
[MOVE_SUB_B] [15:55:24] FIRESTORM_GATE_BLOCK FOFO setup=move_strike prior_bar_ticks=62 threshold=6000
[MOVE_SUB_B] [15:55:24] FIRESTORM_GATE_BLOCK FOFO setup=move_strike prior_bar_ticks=62 threshold=6000
[MOVE_SUB_B] [15:55:25] FIRESTORM_GATE_BLOCK FOFO setup=move_strike prior_bar_ticks=62 threshold=6000
[MOVE_SUB_B] [15:55:25] FIRESTORM_GATE_BLOCK FOFO setup=move_strike prior_bar_ticks=62 threshold=6000
[MOVE_SUB_B] [15:55:25] FIRESTORM_GATE_BLOCK FOFO setup=move_strike prior_bar_ticks=62 threshold=6000
[MOVE_SUB_B] [15:55:25] FIRESTORM_GATE_BLOCK FOFO setup=move_strike prior_bar_ticks=62 threshold=6000
[MOVE_SUB_B] [15:55:27] FIRESTORM_GATE_BLOCK FOFO setup=move_strike prior_bar_ticks=62 threshold=6000
[MOVE_SUB_B] [15:55:27] FIRESTORM_GATE_BLOCK FOFO setup=move_strike prior_bar_ticks=62 threshold=6000
[MOVE_SUB_B] [15:55:28] FIRESTORM_GATE_BLOCK FOFO setup=move_strike prior_bar_ticks=62 threshold=6000
[MOVE_SUB_B] [15:55:29] FIRESTORM_GATE_BLOCK FOFO setup=move_strike prior_bar_ticks=62 threshold=6000
[MOVE_SUB_B] [15:55:31] FIRESTORM_GATE_BLOCK FOFO setup=move_strike prior_bar_ticks=62 threshold=6000
[MOVE_SUB_B] [15:55:31] FIRESTORM_GATE_BLOCK FOFO setup=move_strike prior_bar_ticks=62 threshold=6000
[MOVE_SUB_B] [15:55:31] FIRESTORM_GATE_BLOCK FOFO setup=move_strike prior_bar_ticks=62 threshold=6000
[MOVE_SUB_B] [15:55:31] FIRESTORM_GATE_BLOCK FOFO setup=move_strike prior_bar_ticks=62 threshold=6000
[MOVE_SUB_B] [15:55:31] FIRESTORM_GATE_BLOCK FOFO setup=move_strike prior_bar_ticks=62 threshold=6000
[MOVE_SUB_B] [15:55:31] FIRESTORM_GATE_BLOCK FOFO setup=move_strike prior_bar_ticks=62 threshold=6000
[MOVE_SUB_B] [15:55:31] FIRESTORM_GATE_BLOCK FOFO setup=move_strike prior_bar_ticks=62 threshold=6000
[MOVE_SUB_B] [15:55:31] FIRESTORM_GATE_BLOCK FOFO setup=move_strike prior_bar_ticks=62 threshold=6000
[MOVE_SUB_B] [15:55:32] FIRESTORM_GATE_BLOCK FOFO setup=move_strike prior_bar_ticks=62 threshold=6000
[MOVE_SUB_B] [15:55:32] FIRESTORM_GATE_BLOCK FOFO setup=move_strike prior_bar_ticks=62 threshold=6000
[MOVE_SUB_B] [15:55:32] FIRESTORM_GATE_BLOCK FOFO setup=move_strike prior_bar_ticks=62 threshold=6000
[MOVE_SUB_B] [15:55:36] FIRESTORM_GATE_BLOCK FOFO setup=move_strike prior_bar_ticks=62 threshold=6000
[MOVE_SUB_B] [15:55:36] FIRESTORM_GATE_BLOCK FOFO setup=move_strike prior_bar_ticks=62 threshold=6000
[MOVE_SUB_B] [15:55:37] FIRESTORM_GATE_BLOCK FOFO setup=move_strike prior_bar_ticks=62 threshold=6000
[MOVE_SUB_B] [15:55:39] FIRESTORM_GATE_BLOCK FOFO setup=move_strike prior_bar_ticks=62 threshold=6000
[MOVE_SUB_B] [15:55:39] FIRESTORM_GATE_BLOCK FOFO setup=move_strike prior_bar_ticks=62 threshold=6000
[MOVE_SUB_B] [15:55:39] FIRESTORM_GATE_BLOCK FOFO setup=move_strike prior_bar_ticks=62 threshold=6000
[MOVE_SUB_B] [15:55:41] FIRESTORM_GATE_BLOCK FOFO setup=move_strike prior_bar_ticks=62 threshold=6000
[MOVE_SUB_B] [15:55:42] FIRESTORM_GATE_BLOCK FOFO setup=move_strike prior_bar_ticks=62 threshold=6000
[MOVE_SUB_B] [15:55:51] FIRESTORM_GATE_BLOCK FOFO setup=move_strike prior_bar_ticks=62 threshold=6000
[MOVE_SUB_B] [15:55:51] FIRESTORM_GATE_BLOCK FOFO setup=move_strike prior_bar_ticks=62 threshold=6000
[MOVE_SUB_B] [15:55:51] FIRESTORM_GATE_BLOCK FOFO setup=move_strike prior_bar_ticks=62 threshold=6000
[MOVE_SUB_B] [15:55:53] FIRESTORM_GATE_BLOCK FOFO setup=move_strike prior_bar_ticks=62 threshold=6000
[MOVE_SUB_B] [15:55:54] FIRESTORM_GATE_BLOCK FOFO setup=move_strike prior_bar_ticks=62 threshold=6000
[MOVE_SUB_B] [15:55:55] FIRESTORM_GATE_BLOCK FOFO setup=move_strike prior_bar_ticks=62 threshold=6000
[MOVE_SUB_B] [15:55:55] FIRESTORM_GATE_BLOCK FOFO setup=move_strike prior_bar_ticks=62 threshold=6000
[MOVE_SUB_B] [15:55:56] FIRESTORM_GATE_BLOCK FOFO setup=move_strike prior_bar_ticks=62 threshold=6000
[MOVE_SUB_B] [15:55:56] FIRESTORM_GATE_BLOCK FOFO setup=move_strike prior_bar_ticks=62 threshold=6000
[MOVE_SUB_B] [15:55:56] FIRESTORM_GATE_BLOCK FOFO setup=move_strike prior_bar_ticks=62 threshold=6000
[MOVE_SUB_B] [15:55:56] FIRESTORM_GATE_BLOCK FOFO setup=move_strike prior_bar_ticks=62 threshold=6000
[MOVE_SUB_B] [15:56:22] STATS ticks=399121 symbols=86 pos=no daily_pnl=+0 drops=0
[MOVE_SUB_B] [15:56:32] FIRESTORM_GATE_BLOCK ABTS setup=move_strike prior_bar_ticks=188 threshold=6000
[MOVE_SUB_B] [15:57:09] FIRESTORM_GATE_BLOCK FOFO setup=move_strike prior_bar_ticks=60 threshold=6000
[MOVE_SUB_B] [15:57:10] FIRESTORM_GATE_BLOCK FOFO setup=move_strike prior_bar_ticks=60 threshold=6000
[MOVE_SUB_B] [15:57:15] FIRESTORM_GATE_BLOCK FOFO setup=move_strike prior_bar_ticks=60 threshold=6000
[MOVE_SUB_B] [15:57:15] FIRESTORM_GATE_BLOCK FOFO setup=move_strike prior_bar_ticks=60 threshold=6000
[MOVE_SUB_B] [15:57:16] FIRESTORM_GATE_BLOCK FOFO setup=move_strike prior_bar_ticks=60 threshold=6000
[MOVE_SUB_B] [15:57:17] FIRESTORM_GATE_BLOCK FOFO setup=move_strike prior_bar_ticks=60 threshold=6000
[MOVE_SUB_B] [15:57:17] FIRESTORM_GATE_BLOCK FOFO setup=move_strike prior_bar_ticks=60 threshold=6000
[MOVE_SUB_B] [15:57:18] FIRESTORM_GATE_BLOCK FOFO setup=move_strike prior_bar_ticks=60 threshold=6000
[MOVE_SUB_B] [15:57:19] FIRESTORM_GATE_BLOCK FOFO setup=move_strike prior_bar_ticks=60 threshold=6000
[MOVE_SUB_B] [15:57:20] FIRESTORM_GATE_BLOCK FOFO setup=move_strike prior_bar_ticks=60 threshold=6000
[MOVE_SUB_B] [15:57:22] STATS ticks=400491 symbols=86 pos=no daily_pnl=+0 drops=0
[MOVE_SUB_B] [15:57:26] FIRESTORM_GATE_BLOCK FOFO setup=move_strike prior_bar_ticks=60 threshold=6000
[MOVE_SUB_B] [15:57:26] FIRESTORM_GATE_BLOCK FOFO setup=move_strike prior_bar_ticks=60 threshold=6000
[MOVE_SUB_B] [15:57:26] FIRESTORM_GATE_BLOCK FOFO setup=move_strike prior_bar_ticks=60 threshold=6000
[MOVE_SUB_B] [15:57:26] FIRESTORM_GATE_BLOCK FOFO setup=move_strike prior_bar_ticks=60 threshold=6000
[MOVE_SUB_B] [15:57:29] FIRESTORM_GATE_BLOCK FOFO setup=move_strike prior_bar_ticks=60 threshold=6000
[MOVE_SUB_B] [15:57:29] FIRESTORM_GATE_BLOCK FOFO setup=move_strike prior_bar_ticks=60 threshold=6000
[MOVE_SUB_B] [15:57:29] FIRESTORM_GATE_BLOCK FOFO setup=move_strike prior_bar_ticks=60 threshold=6000
[MOVE_SUB_B] [15:57:29] FIRESTORM_GATE_BLOCK FOFO setup=move_strike prior_bar_ticks=60 threshold=6000
[MOVE_SUB_B] [15:57:30] FIRESTORM_GATE_BLOCK FOFO setup=move_strike prior_bar_ticks=60 threshold=6000
[MOVE_SUB_B] [15:57:31] FIRESTORM_GATE_BLOCK FOFO setup=move_strike prior_bar_ticks=60 threshold=6000
[MOVE_SUB_B] [15:57:31] FIRESTORM_GATE_BLOCK FOFO setup=move_strike prior_bar_ticks=60 threshold=6000
[MOVE_SUB_B] [15:57:31] FIRESTORM_GATE_BLOCK FOFO setup=move_strike prior_bar_ticks=60 threshold=6000
[MOVE_SUB_B] [15:57:31] FIRESTORM_GATE_BLOCK FOFO setup=move_strike prior_bar_ticks=60 threshold=6000
[MOVE_SUB_B] [15:57:31] FIRESTORM_GATE_BLOCK FOFO setup=move_strike prior_bar_ticks=60 threshold=6000
[MOVE_SUB_B] [15:57:32] FIRESTORM_GATE_BLOCK FOFO setup=move_strike prior_bar_ticks=60 threshold=6000
[MOVE_SUB_B] [15:57:32] FIRESTORM_GATE_BLOCK FOFO setup=move_strike prior_bar_ticks=60 threshold=6000
[MOVE_SUB_B] [15:57:33] FIRESTORM_GATE_BLOCK FOFO setup=move_strike prior_bar_ticks=60 threshold=6000
[MOVE_SUB_B] [15:57:34] FIRESTORM_GATE_BLOCK FOFO setup=move_strike prior_bar_ticks=60 threshold=6000
[MOVE_SUB_B] [15:57:34] FIRESTORM_GATE_BLOCK FOFO setup=move_strike prior_bar_ticks=60 threshold=6000
[MOVE_SUB_B] [15:57:35] FIRESTORM_GATE_BLOCK FOFO setup=move_strike prior_bar_ticks=60 threshold=6000
[MOVE_SUB_B] [15:57:35] FIRESTORM_GATE_BLOCK FOFO setup=move_strike prior_bar_ticks=60 threshold=6000
[MOVE_SUB_B] [15:57:35] FIRESTORM_GATE_BLOCK FOFO setup=move_strike prior_bar_ticks=60 threshold=6000
[MOVE_SUB_B] [15:57:36] FIRESTORM_GATE_BLOCK FOFO setup=move_strike prior_bar_ticks=60 threshold=6000
[MOVE_SUB_B] [15:57:36] FIRESTORM_GATE_BLOCK FOFO setup=move_strike prior_bar_ticks=60 threshold=6000
[MOVE_SUB_B] [15:57:36] FIRESTORM_GATE_BLOCK FOFO setup=move_strike prior_bar_ticks=60 threshold=6000
[MOVE_SUB_B] [15:57:36] FIRESTORM_GATE_BLOCK FOFO setup=move_strike prior_bar_ticks=60 threshold=6000
[MOVE_SUB_B] [15:57:38] FIRESTORM_GATE_BLOCK FOFO setup=move_strike prior_bar_ticks=60 threshold=6000
[MOVE_SUB_B] [15:57:40] FIRESTORM_GATE_BLOCK FOFO setup=move_strike prior_bar_ticks=60 threshold=6000
[MOVE_SUB_B] [15:57:40] FIRESTORM_GATE_BLOCK FOFO setup=move_strike prior_bar_ticks=60 threshold=6000
[MOVE_SUB_B] [15:57:40] FIRESTORM_GATE_BLOCK FOFO setup=move_strike prior_bar_ticks=60 threshold=6000
[MOVE_SUB_B] [15:57:41] FIRESTORM_GATE_BLOCK FOFO setup=move_strike prior_bar_ticks=60 threshold=6000
[MOVE_SUB_B] [15:57:41] FIRESTORM_GATE_BLOCK FOFO setup=move_strike prior_bar_ticks=60 threshold=6000
[MOVE_SUB_B] [15:57:50] FIRESTORM_GATE_BLOCK FOFO setup=move_strike prior_bar_ticks=60 threshold=6000
[MOVE_SUB_B] [15:57:50] FIRESTORM_GATE_BLOCK FOFO setup=move_strike prior_bar_ticks=60 threshold=6000
[MOVE_SUB_B] [15:57:50] FIRESTORM_GATE_BLOCK FOFO setup=move_strike prior_bar_ticks=60 threshold=6000
[MOVE_SUB_B] [15:57:51] FIRESTORM_GATE_BLOCK FOFO setup=move_strike prior_bar_ticks=60 threshold=6000
[MOVE_SUB_B] [15:57:53] FIRESTORM_GATE_BLOCK FOFO setup=move_strike prior_bar_ticks=60 threshold=6000
[MOVE_SUB_B] [15:57:54] FIRESTORM_GATE_BLOCK FOFO setup=move_strike prior_bar_ticks=60 threshold=6000
[MOVE_SUB_B] [15:57:54] FIRESTORM_GATE_BLOCK FOFO setup=move_strike prior_bar_ticks=60 threshold=6000
[MOVE_SUB_B] [15:57:54] FIRESTORM_GATE_BLOCK FOFO setup=move_strike prior_bar_ticks=60 threshold=6000
[MOVE_SUB_B] [15:57:54] FIRESTORM_GATE_BLOCK FOFO setup=move_strike prior_bar_ticks=60 threshold=6000
[MOVE_SUB_B] [15:57:55] FIRESTORM_GATE_BLOCK FOFO setup=move_strike prior_bar_ticks=60 threshold=6000
[MOVE_SUB_B] [15:57:55] FIRESTORM_GATE_BLOCK FOFO setup=move_strike prior_bar_ticks=60 threshold=6000
[MOVE_SUB_B] [15:57:55] FIRESTORM_GATE_BLOCK FOFO setup=move_strike prior_bar_ticks=60 threshold=6000
[MOVE_SUB_B] [15:57:55] FIRESTORM_GATE_BLOCK FOFO setup=move_strike prior_bar_ticks=60 threshold=6000
[MOVE_SUB_B] [15:57:56] FIRESTORM_GATE_BLOCK FOFO setup=move_strike prior_bar_ticks=60 threshold=6000
[MOVE_SUB_B] [15:57:57] FIRESTORM_GATE_BLOCK FOFO setup=move_strike prior_bar_ticks=60 threshold=6000
[MOVE_SUB_B] [15:57:57] FIRESTORM_GATE_BLOCK FOFO setup=move_strike prior_bar_ticks=60 threshold=6000
[MOVE_SUB_B] [15:57:57] FIRESTORM_GATE_BLOCK FOFO setup=move_strike prior_bar_ticks=60 threshold=6000
[MOVE_SUB_B] [15:57:59] FIRESTORM_GATE_BLOCK FOFO setup=move_strike prior_bar_ticks=60 threshold=6000
[MOVE_SUB_B] [15:57:59] FIRESTORM_GATE_BLOCK FOFO setup=move_strike prior_bar_ticks=60 threshold=6000
[MOVE_SUB_B] [15:58:22] STATS ticks=402478 symbols=86 pos=no daily_pnl=+0 drops=0
[MOVE_SUB_B] [15:59:23] STATS ticks=404426 symbols=86 pos=no daily_pnl=+0 drops=0
[MOVE_SUB_B] [16:00:23] STATS ticks=406553 symbols=86 pos=no daily_pnl=+0 drops=0
[MOVE_SUB_B] [16:01:23] STATS ticks=407489 symbols=86 pos=no daily_pnl=+0 drops=0
[MOVE_SUB_B] [16:02:23] STATS ticks=408265 symbols=86 pos=no daily_pnl=+0 drops=0
[MOVE_SUB_B] [16:02:33] FIRESTORM_GATE_BLOCK ABTS setup=move_strike prior_bar_ticks=137 threshold=6000
[MOVE_SUB_B] [16:02:33] FIRESTORM_GATE_BLOCK ABTS setup=move_strike prior_bar_ticks=137 threshold=6000
[MOVE_SUB_B] [16:02:33] FIRESTORM_GATE_BLOCK ABTS setup=move_strike prior_bar_ticks=137 threshold=6000
[MOVE_SUB_B] [16:02:33] FIRESTORM_GATE_BLOCK ABTS setup=move_strike prior_bar_ticks=137 threshold=6000
[MOVE_SUB_B] [16:02:33] FIRESTORM_GATE_BLOCK ABTS setup=move_strike prior_bar_ticks=137 threshold=6000
[MOVE_SUB_B] [16:02:33] FIRESTORM_GATE_BLOCK ABTS setup=move_strike prior_bar_ticks=137 threshold=6000
[MOVE_SUB_B] [16:02:34] FIRESTORM_GATE_BLOCK ABTS setup=move_strike prior_bar_ticks=137 threshold=6000
[MOVE_SUB_B] [16:02:34] FIRESTORM_GATE_BLOCK ABTS setup=move_strike prior_bar_ticks=137 threshold=6000
[MOVE_SUB_B] [16:02:35] FIRESTORM_GATE_BLOCK ABTS setup=move_strike prior_bar_ticks=137 threshold=6000
[MOVE_SUB_B] [16:02:36] FIRESTORM_GATE_BLOCK ABTS setup=move_strike prior_bar_ticks=137 threshold=6000
[MOVE_SUB_B] [16:02:37] FIRESTORM_GATE_BLOCK ABTS setup=move_strike prior_bar_ticks=137 threshold=6000
[MOVE_SUB_B] [16:02:37] FIRESTORM_GATE_BLOCK ABTS setup=move_strike prior_bar_ticks=137 threshold=6000
[MOVE_SUB_B] [16:02:38] FIRESTORM_GATE_BLOCK ABTS setup=move_strike prior_bar_ticks=137 threshold=6000
[MOVE_SUB_B] [16:02:38] FIRESTORM_GATE_BLOCK ABTS setup=move_strike prior_bar_ticks=137 threshold=6000
[MOVE_SUB_B] [16:02:38] FIRESTORM_GATE_BLOCK ABTS setup=move_strike prior_bar_ticks=137 threshold=6000
[MOVE_SUB_B] [16:02:38] FIRESTORM_GATE_BLOCK ABTS setup=move_strike prior_bar_ticks=137 threshold=6000
[MOVE_SUB_B] [16:02:38] FIRESTORM_GATE_BLOCK ABTS setup=move_strike prior_bar_ticks=137 threshold=6000
[MOVE_SUB_B] [16:02:38] FIRESTORM_GATE_BLOCK ABTS setup=move_strike prior_bar_ticks=137 threshold=6000
[MOVE_SUB_B] [16:02:38] FIRESTORM_GATE_BLOCK ABTS setup=move_strike prior_bar_ticks=137 threshold=6000
[MOVE_SUB_B] [16:02:39] FIRESTORM_GATE_BLOCK ABTS setup=move_strike prior_bar_ticks=137 threshold=6000
[MOVE_SUB_B] [16:02:39] FIRESTORM_GATE_BLOCK ABTS setup=move_strike prior_bar_ticks=137 threshold=6000
[MOVE_SUB_B] [16:02:39] FIRESTORM_GATE_BLOCK ABTS setup=move_strike prior_bar_ticks=137 threshold=6000
[MOVE_SUB_B] [16:02:39] FIRESTORM_GATE_BLOCK ABTS setup=move_strike prior_bar_ticks=137 threshold=6000
[MOVE_SUB_B] [16:02:40] FIRESTORM_GATE_BLOCK ABTS setup=move_strike prior_bar_ticks=137 threshold=6000
[MOVE_SUB_B] [16:02:40] FIRESTORM_GATE_BLOCK ABTS setup=move_strike prior_bar_ticks=137 threshold=6000
[MOVE_SUB_B] [16:02:40] FIRESTORM_GATE_BLOCK ABTS setup=move_strike prior_bar_ticks=137 threshold=6000
[MOVE_SUB_B] [16:02:40] FIRESTORM_GATE_BLOCK ABTS setup=move_strike prior_bar_ticks=137 threshold=6000
[MOVE_SUB_B] [16:02:41] FIRESTORM_GATE_BLOCK ABTS setup=move_strike prior_bar_ticks=137 threshold=6000
[MOVE_SUB_B] [16:02:41] FIRESTORM_GATE_BLOCK ABTS setup=move_strike prior_bar_ticks=137 threshold=6000
[MOVE_SUB_B] [16:02:41] FIRESTORM_GATE_BLOCK ABTS setup=move_strike prior_bar_ticks=137 threshold=6000
[MOVE_SUB_B] [16:02:41] FIRESTORM_GATE_BLOCK ABTS setup=move_strike prior_bar_ticks=137 threshold=6000
[MOVE_SUB_B] [16:02:41] FIRESTORM_GATE_BLOCK ABTS setup=move_strike prior_bar_ticks=137 threshold=6000
[MOVE_SUB_B] [16:02:42] FIRESTORM_GATE_BLOCK ABTS setup=move_strike prior_bar_ticks=137 threshold=6000
[MOVE_SUB_B] [16:02:42] FIRESTORM_GATE_BLOCK ABTS setup=move_strike prior_bar_ticks=137 threshold=6000
[MOVE_SUB_B] [16:02:42] FIRESTORM_GATE_BLOCK ABTS setup=move_strike prior_bar_ticks=137 threshold=6000
[MOVE_SUB_B] [16:02:42] FIRESTORM_GATE_BLOCK ABTS setup=move_strike prior_bar_ticks=137 threshold=6000
[MOVE_SUB_B] [16:02:42] FIRESTORM_GATE_BLOCK ABTS setup=move_strike prior_bar_ticks=137 threshold=6000
[MOVE_SUB_B] [16:02:42] FIRESTORM_GATE_BLOCK ABTS setup=move_strike prior_bar_ticks=137 threshold=6000
[MOVE_SUB_B] [16:02:43] FIRESTORM_GATE_BLOCK ABTS setup=move_strike prior_bar_ticks=137 threshold=6000
[MOVE_SUB_B] [16:02:43] FIRESTORM_GATE_BLOCK ABTS setup=move_strike prior_bar_ticks=137 threshold=6000
[MOVE_SUB_B] [16:02:44] FIRESTORM_GATE_BLOCK ABTS setup=move_strike prior_bar_ticks=137 threshold=6000
[MOVE_SUB_B] [16:02:45] FIRESTORM_GATE_BLOCK ABTS setup=move_strike prior_bar_ticks=137 threshold=6000
[MOVE_SUB_B] [16:02:45] FIRESTORM_GATE_BLOCK ABTS setup=move_strike prior_bar_ticks=137 threshold=6000
[MOVE_SUB_B] [16:02:45] FIRESTORM_GATE_BLOCK ABTS setup=move_strike prior_bar_ticks=137 threshold=6000
[MOVE_SUB_B] [16:02:46] FIRESTORM_GATE_BLOCK ABTS setup=move_strike prior_bar_ticks=137 threshold=6000
[MOVE_SUB_B] [16:02:46] FIRESTORM_GATE_BLOCK ABTS setup=move_strike prior_bar_ticks=137 threshold=6000
[MOVE_SUB_B] [16:02:49] FIRESTORM_GATE_BLOCK ABTS setup=move_strike prior_bar_ticks=137 threshold=6000
[MOVE_SUB_B] [16:02:49] FIRESTORM_GATE_BLOCK ABTS setup=move_strike prior_bar_ticks=137 threshold=6000
[MOVE_SUB_B] [16:02:50] FIRESTORM_GATE_BLOCK ABTS setup=move_strike prior_bar_ticks=137 threshold=6000
[MOVE_SUB_B] [16:02:50] FIRESTORM_GATE_BLOCK ABTS setup=move_strike prior_bar_ticks=137 threshold=6000
[MOVE_SUB_B] [16:02:50] FIRESTORM_GATE_BLOCK ABTS setup=move_strike prior_bar_ticks=137 threshold=6000
[MOVE_SUB_B] [16:02:50] FIRESTORM_GATE_BLOCK ABTS setup=move_strike prior_bar_ticks=137 threshold=6000
[MOVE_SUB_B] [16:02:50] FIRESTORM_GATE_BLOCK ABTS setup=move_strike prior_bar_ticks=137 threshold=6000
[MOVE_SUB_B] [16:02:50] FIRESTORM_GATE_BLOCK ABTS setup=move_strike prior_bar_ticks=137 threshold=6000
[MOVE_SUB_B] [16:02:50] FIRESTORM_GATE_BLOCK ABTS setup=move_strike prior_bar_ticks=137 threshold=6000
[MOVE_SUB_B] [16:02:50] FIRESTORM_GATE_BLOCK ABTS setup=move_strike prior_bar_ticks=137 threshold=6000
[MOVE_SUB_B] [16:02:50] FIRESTORM_GATE_BLOCK ABTS setup=move_strike prior_bar_ticks=137 threshold=6000
[MOVE_SUB_B] [16:02:50] FIRESTORM_GATE_BLOCK ABTS setup=move_strike prior_bar_ticks=137 threshold=6000
[MOVE_SUB_B] [16:02:51] FIRESTORM_GATE_BLOCK ABTS setup=move_strike prior_bar_ticks=137 threshold=6000
[MOVE_SUB_B] [16:02:51] FIRESTORM_GATE_BLOCK ABTS setup=move_strike prior_bar_ticks=137 threshold=6000
[MOVE_SUB_B] [16:02:51] FIRESTORM_GATE_BLOCK ABTS setup=move_strike prior_bar_ticks=137 threshold=6000
[MOVE_SUB_B] [16:02:51] FIRESTORM_GATE_BLOCK ABTS setup=move_strike prior_bar_ticks=137 threshold=6000
[MOVE_SUB_B] [16:02:51] FIRESTORM_GATE_BLOCK ABTS setup=move_strike prior_bar_ticks=137 threshold=6000
[MOVE_SUB_B] [16:02:51] FIRESTORM_GATE_BLOCK ABTS setup=move_strike prior_bar_ticks=137 threshold=6000
[MOVE_SUB_B] [16:02:52] FIRESTORM_GATE_BLOCK ABTS setup=move_strike prior_bar_ticks=137 threshold=6000
[MOVE_SUB_B] [16:02:52] FIRESTORM_GATE_BLOCK ABTS setup=move_strike prior_bar_ticks=137 threshold=6000
[MOVE_SUB_B] [16:02:56] FIRESTORM_GATE_BLOCK ABTS setup=move_strike prior_bar_ticks=137 threshold=6000
[MOVE_SUB_B] [16:02:56] FIRESTORM_GATE_BLOCK ABTS setup=move_strike prior_bar_ticks=137 threshold=6000
[MOVE_SUB_B] [16:02:56] FIRESTORM_GATE_BLOCK ABTS setup=move_strike prior_bar_ticks=137 threshold=6000
[MOVE_SUB_B] [16:02:56] FIRESTORM_GATE_BLOCK ABTS setup=move_strike prior_bar_ticks=137 threshold=6000
[MOVE_SUB_B] [16:02:56] FIRESTORM_GATE_BLOCK ABTS setup=move_strike prior_bar_ticks=137 threshold=6000
[MOVE_SUB_B] [16:02:59] FIRESTORM_GATE_BLOCK ABTS setup=move_strike prior_bar_ticks=137 threshold=6000
[MOVE_SUB_B] [16:02:59] FIRESTORM_GATE_BLOCK ABTS setup=move_strike prior_bar_ticks=137 threshold=6000
[MOVE_SUB_B] [16:02:59] FIRESTORM_GATE_BLOCK ABTS setup=move_strike prior_bar_ticks=137 threshold=6000
[MOVE_SUB_B] [16:03:23] STATS ticks=409137 symbols=86 pos=no daily_pnl=+0 drops=0
[MOVE_SUB_B] [16:04:23] STATS ticks=411249 symbols=86 pos=no daily_pnl=+0 drops=0
[MOVE_SUB_B] [16:05:24] STATS ticks=412899 symbols=86 pos=no daily_pnl=+0 drops=0
[MOVE_SUB_B] [16:06:24] STATS ticks=414445 symbols=86 pos=no daily_pnl=+0 drops=0
[MOVE_SUB_B] [16:06:51] FIRESTORM_GATE_BLOCK ABTS setup=move_strike prior_bar_ticks=51 threshold=6000
[MOVE_SUB_B] [16:06:51] FIRESTORM_GATE_BLOCK ABTS setup=move_strike prior_bar_ticks=51 threshold=6000
[MOVE_SUB_B] [16:06:51] FIRESTORM_GATE_BLOCK ABTS setup=move_strike prior_bar_ticks=51 threshold=6000
[MOVE_SUB_B] [16:06:52] FIRESTORM_GATE_BLOCK ABTS setup=move_strike prior_bar_ticks=51 threshold=6000
[MOVE_SUB_B] [16:06:52] FIRESTORM_GATE_BLOCK ABTS setup=move_strike prior_bar_ticks=51 threshold=6000
[MOVE_SUB_B] [16:06:52] FIRESTORM_GATE_BLOCK ABTS setup=move_strike prior_bar_ticks=51 threshold=6000
[MOVE_SUB_B] [16:06:52] FIRESTORM_GATE_BLOCK ABTS setup=move_strike prior_bar_ticks=51 threshold=6000
[MOVE_SUB_B] [16:06:52] FIRESTORM_GATE_BLOCK ABTS setup=move_strike prior_bar_ticks=51 threshold=6000
[MOVE_SUB_B] [16:06:52] FIRESTORM_GATE_BLOCK ABTS setup=move_strike prior_bar_ticks=51 threshold=6000
[MOVE_SUB_B] [16:06:52] FIRESTORM_GATE_BLOCK ABTS setup=move_strike prior_bar_ticks=51 threshold=6000
[MOVE_SUB_B] [16:06:53] FIRESTORM_GATE_BLOCK ABTS setup=move_strike prior_bar_ticks=51 threshold=6000
[MOVE_SUB_B] [16:06:53] FIRESTORM_GATE_BLOCK ABTS setup=move_strike prior_bar_ticks=51 threshold=6000
[MOVE_SUB_B] [16:06:53] FIRESTORM_GATE_BLOCK ABTS setup=move_strike prior_bar_ticks=51 threshold=6000
[MOVE_SUB_B] [16:06:53] FIRESTORM_GATE_BLOCK ABTS setup=move_strike prior_bar_ticks=51 threshold=6000
[MOVE_SUB_B] [16:06:54] FIRESTORM_GATE_BLOCK ABTS setup=move_strike prior_bar_ticks=51 threshold=6000
[MOVE_SUB_B] [16:06:54] FIRESTORM_GATE_BLOCK ABTS setup=move_strike prior_bar_ticks=51 threshold=6000
[MOVE_SUB_B] [16:06:54] FIRESTORM_GATE_BLOCK ABTS setup=move_strike prior_bar_ticks=51 threshold=6000
[MOVE_SUB_B] [16:06:55] FIRESTORM_GATE_BLOCK ABTS setup=move_strike prior_bar_ticks=51 threshold=6000
[MOVE_SUB_B] [16:06:55] FIRESTORM_GATE_BLOCK ABTS setup=move_strike prior_bar_ticks=51 threshold=6000
[MOVE_SUB_B] [16:06:55] FIRESTORM_GATE_BLOCK ABTS setup=move_strike prior_bar_ticks=51 threshold=6000
[MOVE_SUB_B] [16:06:55] FIRESTORM_GATE_BLOCK ABTS setup=move_strike prior_bar_ticks=51 threshold=6000
[MOVE_SUB_B] [16:06:55] FIRESTORM_GATE_BLOCK ABTS setup=move_strike prior_bar_ticks=51 threshold=6000
[MOVE_SUB_B] [16:06:55] FIRESTORM_GATE_BLOCK ABTS setup=move_strike prior_bar_ticks=51 threshold=6000
[MOVE_SUB_B] [16:06:55] FIRESTORM_GATE_BLOCK ABTS setup=move_strike prior_bar_ticks=51 threshold=6000
[MOVE_SUB_B] [16:06:56] FIRESTORM_GATE_BLOCK ABTS setup=move_strike prior_bar_ticks=51 threshold=6000
[MOVE_SUB_B] [16:06:56] FIRESTORM_GATE_BLOCK ABTS setup=move_strike prior_bar_ticks=51 threshold=6000
[MOVE_SUB_B] [16:06:57] FIRESTORM_GATE_BLOCK ABTS setup=move_strike prior_bar_ticks=51 threshold=6000
[MOVE_SUB_B] [16:06:57] FIRESTORM_GATE_BLOCK ABTS setup=move_strike prior_bar_ticks=51 threshold=6000
[MOVE_SUB_B] [16:06:57] FIRESTORM_GATE_BLOCK ABTS setup=move_strike prior_bar_ticks=51 threshold=6000
[MOVE_SUB_B] [16:06:57] FIRESTORM_GATE_BLOCK ABTS setup=move_strike prior_bar_ticks=51 threshold=6000
[MOVE_SUB_B] [16:06:57] FIRESTORM_GATE_BLOCK ABTS setup=move_strike prior_bar_ticks=51 threshold=6000
[MOVE_SUB_B] [16:06:57] FIRESTORM_GATE_BLOCK ABTS setup=move_strike prior_bar_ticks=51 threshold=6000
[MOVE_SUB_B] [16:06:57] FIRESTORM_GATE_BLOCK ABTS setup=move_strike prior_bar_ticks=51 threshold=6000
[MOVE_SUB_B] [16:06:57] FIRESTORM_GATE_BLOCK ABTS setup=move_strike prior_bar_ticks=51 threshold=6000
[MOVE_SUB_B] [16:06:57] FIRESTORM_GATE_BLOCK ABTS setup=move_strike prior_bar_ticks=51 threshold=6000
[MOVE_SUB_B] [16:06:57] FIRESTORM_GATE_BLOCK ABTS setup=move_strike prior_bar_ticks=51 threshold=6000
[MOVE_SUB_B] [16:06:58] FIRESTORM_GATE_BLOCK ABTS setup=move_strike prior_bar_ticks=51 threshold=6000
[MOVE_SUB_B] [16:06:58] FIRESTORM_GATE_BLOCK ABTS setup=move_strike prior_bar_ticks=51 threshold=6000
[MOVE_SUB_B] [16:06:58] FIRESTORM_GATE_BLOCK ABTS setup=move_strike prior_bar_ticks=51 threshold=6000
[MOVE_SUB_B] [16:06:58] FIRESTORM_GATE_BLOCK ABTS setup=move_strike prior_bar_ticks=51 threshold=6000
[MOVE_SUB_B] [16:06:59] FIRESTORM_GATE_BLOCK ABTS setup=move_strike prior_bar_ticks=51 threshold=6000
[MOVE_SUB_B] [16:06:59] FIRESTORM_GATE_BLOCK ABTS setup=move_strike prior_bar_ticks=51 threshold=6000
[MOVE_SUB_B] [16:06:59] FIRESTORM_GATE_BLOCK ABTS setup=move_strike prior_bar_ticks=51 threshold=6000
[MOVE_SUB_B] [16:06:59] FIRESTORM_GATE_BLOCK ABTS setup=move_strike prior_bar_ticks=51 threshold=6000
[MOVE_SUB_B] [16:06:59] FIRESTORM_GATE_BLOCK ABTS setup=move_strike prior_bar_ticks=51 threshold=6000
[MOVE_SUB_B] [16:07:24] STATS ticks=416136 symbols=86 pos=no daily_pnl=+0 drops=0
[MOVE_SUB_B] [16:08:24] STATS ticks=417675 symbols=86 pos=no daily_pnl=+0 drops=0
[MOVE_SUB_B] [16:09:24] STATS ticks=419120 symbols=86 pos=no daily_pnl=+0 drops=0
[MOVE_SUB_B] [16:10:25] STATS ticks=420875 symbols=86 pos=no daily_pnl=+0 drops=0
[MOVE_SUB_B] [16:11:25] STATS ticks=422642 symbols=86 pos=no daily_pnl=+0 drops=0
[MOVE_SUB_B] [16:12:25] STATS ticks=424255 symbols=86 pos=no daily_pnl=+0 drops=0
[MOVE_SUB_B] [16:12:45] FIRESTORM_GATE_BLOCK ABTS setup=move_strike prior_bar_ticks=59 threshold=6000
[MOVE_SUB_B] [16:12:46] FIRESTORM_GATE_BLOCK ABTS setup=move_strike prior_bar_ticks=59 threshold=6000
[MOVE_SUB_B] [16:12:47] FIRESTORM_GATE_BLOCK ABTS setup=move_strike prior_bar_ticks=59 threshold=6000
[MOVE_SUB_B] [16:12:48] FIRESTORM_GATE_BLOCK ABTS setup=move_strike prior_bar_ticks=59 threshold=6000
[MOVE_SUB_B] [16:13:25] STATS ticks=425340 symbols=86 pos=no daily_pnl=+0 drops=0
[MOVE_SUB_B] [16:14:25] STATS ticks=426244 symbols=86 pos=no daily_pnl=+0 drops=0
[MOVE_SUB_B] [16:15:26] STATS ticks=427682 symbols=86 pos=no daily_pnl=+0 drops=0
[MOVE_SUB_B] [16:15:34] FIRESTORM_GATE_BLOCK FOFO setup=move_strike prior_bar_ticks=42 threshold=6000
[MOVE_SUB_B] [16:15:34] FIRESTORM_GATE_BLOCK FOFO setup=move_strike prior_bar_ticks=42 threshold=6000
[MOVE_SUB_B] [16:15:34] FIRESTORM_GATE_BLOCK FOFO setup=move_strike prior_bar_ticks=42 threshold=6000
[MOVE_SUB_B] [16:15:34] FIRESTORM_GATE_BLOCK FOFO setup=move_strike prior_bar_ticks=42 threshold=6000
[MOVE_SUB_B] [16:15:36] FIRESTORM_GATE_BLOCK FOFO setup=move_strike prior_bar_ticks=42 threshold=6000
[MOVE_SUB_B] [16:15:39] FIRESTORM_GATE_BLOCK FOFO setup=move_strike prior_bar_ticks=42 threshold=6000
[MOVE_SUB_B] [16:15:40] FIRESTORM_GATE_BLOCK FOFO setup=move_strike prior_bar_ticks=42 threshold=6000
[MOVE_SUB_B] [16:15:40] FIRESTORM_GATE_BLOCK FOFO setup=move_strike prior_bar_ticks=42 threshold=6000
[MOVE_SUB_B] [16:15:40] FIRESTORM_GATE_BLOCK FOFO setup=move_strike prior_bar_ticks=42 threshold=6000
[MOVE_SUB_B] [16:15:41] FIRESTORM_GATE_BLOCK FOFO setup=move_strike prior_bar_ticks=42 threshold=6000
[MOVE_SUB_B] [16:15:44] FIRESTORM_GATE_BLOCK FOFO setup=move_strike prior_bar_ticks=42 threshold=6000
[MOVE_SUB_B] [16:15:44] FIRESTORM_GATE_BLOCK FOFO setup=move_strike prior_bar_ticks=42 threshold=6000
[MOVE_SUB_B] [16:15:44] FIRESTORM_GATE_BLOCK FOFO setup=move_strike prior_bar_ticks=42 threshold=6000
[MOVE_SUB_B] [16:15:44] FIRESTORM_GATE_BLOCK FOFO setup=move_strike prior_bar_ticks=42 threshold=6000
[MOVE_SUB_B] [16:15:44] FIRESTORM_GATE_BLOCK FOFO setup=move_strike prior_bar_ticks=42 threshold=6000
[MOVE_SUB_B] [16:15:45] FIRESTORM_GATE_BLOCK FOFO setup=move_strike prior_bar_ticks=42 threshold=6000
[MOVE_SUB_B] [16:15:45] FIRESTORM_GATE_BLOCK FOFO setup=move_strike prior_bar_ticks=42 threshold=6000
[MOVE_SUB_B] [16:15:45] FIRESTORM_GATE_BLOCK FOFO setup=move_strike prior_bar_ticks=42 threshold=6000
[MOVE_SUB_B] [16:15:49] FIRESTORM_GATE_BLOCK FOFO setup=move_strike prior_bar_ticks=42 threshold=6000
[MOVE_SUB_B] [16:15:50] FIRESTORM_GATE_BLOCK FOFO setup=move_strike prior_bar_ticks=42 threshold=6000
[MOVE_SUB_B] [16:15:52] FIRESTORM_GATE_BLOCK FOFO setup=move_strike prior_bar_ticks=42 threshold=6000
[MOVE_SUB_B] [16:15:54] FIRESTORM_GATE_BLOCK FOFO setup=move_strike prior_bar_ticks=42 threshold=6000
[MOVE_SUB_B] [16:15:55] FIRESTORM_GATE_BLOCK FOFO setup=move_strike prior_bar_ticks=42 threshold=6000
[MOVE_SUB_B] [16:15:55] FIRESTORM_GATE_BLOCK FOFO setup=move_strike prior_bar_ticks=42 threshold=6000
[MOVE_SUB_B] [16:15:55] FIRESTORM_GATE_BLOCK FOFO setup=move_strike prior_bar_ticks=42 threshold=6000
[MOVE_SUB_B] [16:15:58] FIRESTORM_GATE_BLOCK FOFO setup=move_strike prior_bar_ticks=42 threshold=6000
[MOVE_SUB_B] [16:15:59] FIRESTORM_GATE_BLOCK FOFO setup=move_strike prior_bar_ticks=42 threshold=6000
[MOVE_SUB_B] [16:16:26] STATS ticks=429234 symbols=86 pos=no daily_pnl=+0 drops=0
[MOVE_SUB_B] [16:16:36] FIRESTORM_GATE_BLOCK ABTS setup=move_strike prior_bar_ticks=97 threshold=6000
[MOVE_SUB_B] [16:16:36] FIRESTORM_GATE_BLOCK ABTS setup=move_strike prior_bar_ticks=97 threshold=6000
[MOVE_SUB_B] [16:16:36] FIRESTORM_GATE_BLOCK ABTS setup=move_strike prior_bar_ticks=97 threshold=6000
[MOVE_SUB_B] [16:16:36] FIRESTORM_GATE_BLOCK ABTS setup=move_strike prior_bar_ticks=97 threshold=6000
[MOVE_SUB_B] [16:16:36] FIRESTORM_GATE_BLOCK ABTS setup=move_strike prior_bar_ticks=97 threshold=6000
[MOVE_SUB_B] [16:16:36] FIRESTORM_GATE_BLOCK ABTS setup=move_strike prior_bar_ticks=97 threshold=6000
[MOVE_SUB_B] [16:16:36] FIRESTORM_GATE_BLOCK ABTS setup=move_strike prior_bar_ticks=97 threshold=6000
[MOVE_SUB_B] [16:16:36] FIRESTORM_GATE_BLOCK ABTS setup=move_strike prior_bar_ticks=97 threshold=6000
[MOVE_SUB_B] [16:16:36] FIRESTORM_GATE_BLOCK ABTS setup=move_strike prior_bar_ticks=97 threshold=6000
[MOVE_SUB_B] [16:16:36] FIRESTORM_GATE_BLOCK ABTS setup=move_strike prior_bar_ticks=97 threshold=6000
[MOVE_SUB_B] [16:16:36] FIRESTORM_GATE_BLOCK ABTS setup=move_strike prior_bar_ticks=97 threshold=6000
[MOVE_SUB_B] [16:16:36] FIRESTORM_GATE_BLOCK ABTS setup=move_strike prior_bar_ticks=97 threshold=6000
[MOVE_SUB_B] [16:16:36] FIRESTORM_GATE_BLOCK ABTS setup=move_strike prior_bar_ticks=97 threshold=6000
[MOVE_SUB_B] [16:16:36] FIRESTORM_GATE_BLOCK ABTS setup=move_strike prior_bar_ticks=97 threshold=6000
[MOVE_SUB_B] [16:16:36] FIRESTORM_GATE_BLOCK ABTS setup=move_strike prior_bar_ticks=97 threshold=6000
[MOVE_SUB_B] [16:16:36] FIRESTORM_GATE_BLOCK ABTS setup=move_strike prior_bar_ticks=97 threshold=6000
[MOVE_SUB_B] [16:16:37] FIRESTORM_GATE_BLOCK ABTS setup=move_strike prior_bar_ticks=97 threshold=6000
[MOVE_SUB_B] [16:16:37] FIRESTORM_GATE_BLOCK ABTS setup=move_strike prior_bar_ticks=97 threshold=6000
[MOVE_SUB_B] [16:16:37] FIRESTORM_GATE_BLOCK ABTS setup=move_strike prior_bar_ticks=97 threshold=6000
[MOVE_SUB_B] [16:16:37] FIRESTORM_GATE_BLOCK ABTS setup=move_strike prior_bar_ticks=97 threshold=6000
[MOVE_SUB_B] [16:16:38] FIRESTORM_GATE_BLOCK ABTS setup=move_strike prior_bar_ticks=97 threshold=6000
[MOVE_SUB_B] [16:16:38] FIRESTORM_GATE_BLOCK ABTS setup=move_strike prior_bar_ticks=97 threshold=6000
[MOVE_SUB_B] [16:16:38] FIRESTORM_GATE_BLOCK ABTS setup=move_strike prior_bar_ticks=97 threshold=6000
[MOVE_SUB_B] [16:16:38] FIRESTORM_GATE_BLOCK ABTS setup=move_strike prior_bar_ticks=97 threshold=6000
[MOVE_SUB_B] [16:16:38] FIRESTORM_GATE_BLOCK ABTS setup=move_strike prior_bar_ticks=97 threshold=6000
[MOVE_SUB_B] [16:16:39] FIRESTORM_GATE_BLOCK ABTS setup=move_strike prior_bar_ticks=97 threshold=6000
[MOVE_SUB_B] [16:16:40] FIRESTORM_GATE_BLOCK ABTS setup=move_strike prior_bar_ticks=97 threshold=6000
[MOVE_SUB_B] [16:16:40] FIRESTORM_GATE_BLOCK ABTS setup=move_strike prior_bar_ticks=97 threshold=6000
[MOVE_SUB_B] [16:16:40] FIRESTORM_GATE_BLOCK ABTS setup=move_strike prior_bar_ticks=97 threshold=6000
[MOVE_SUB_B] [16:16:42] FIRESTORM_GATE_BLOCK ABTS setup=move_strike prior_bar_ticks=97 threshold=6000
[MOVE_SUB_B] [16:16:42] FIRESTORM_GATE_BLOCK ABTS setup=move_strike prior_bar_ticks=97 threshold=6000
[MOVE_SUB_B] [16:16:42] FIRESTORM_GATE_BLOCK ABTS setup=move_strike prior_bar_ticks=97 threshold=6000
[MOVE_SUB_B] [16:16:42] FIRESTORM_GATE_BLOCK ABTS setup=move_strike prior_bar_ticks=97 threshold=6000
[MOVE_SUB_B] [16:16:42] FIRESTORM_GATE_BLOCK ABTS setup=move_strike prior_bar_ticks=97 threshold=6000
[MOVE_SUB_B] [16:16:42] FIRESTORM_GATE_BLOCK ABTS setup=move_strike prior_bar_ticks=97 threshold=6000
[MOVE_SUB_B] [16:16:42] FIRESTORM_GATE_BLOCK ABTS setup=move_strike prior_bar_ticks=97 threshold=6000
[MOVE_SUB_B] [16:16:42] FIRESTORM_GATE_BLOCK ABTS setup=move_strike prior_bar_ticks=97 threshold=6000
[MOVE_SUB_B] [16:16:44] FIRESTORM_GATE_BLOCK ABTS setup=move_strike prior_bar_ticks=97 threshold=6000
[MOVE_SUB_B] [16:16:44] FIRESTORM_GATE_BLOCK ABTS setup=move_strike prior_bar_ticks=97 threshold=6000
[MOVE_SUB_B] [16:16:44] FIRESTORM_GATE_BLOCK ABTS setup=move_strike prior_bar_ticks=97 threshold=6000
[MOVE_SUB_B] [16:16:44] FIRESTORM_GATE_BLOCK ABTS setup=move_strike prior_bar_ticks=97 threshold=6000
[MOVE_SUB_B] [16:16:44] FIRESTORM_GATE_BLOCK ABTS setup=move_strike prior_bar_ticks=97 threshold=6000
[MOVE_SUB_B] [16:16:44] FIRESTORM_GATE_BLOCK ABTS setup=move_strike prior_bar_ticks=97 threshold=6000
[MOVE_SUB_B] [16:16:44] FIRESTORM_GATE_BLOCK ABTS setup=move_strike prior_bar_ticks=97 threshold=6000
[MOVE_SUB_B] [16:16:44] FIRESTORM_GATE_BLOCK ABTS setup=move_strike prior_bar_ticks=97 threshold=6000
[MOVE_SUB_B] [16:16:44] FIRESTORM_GATE_BLOCK ABTS setup=move_strike prior_bar_ticks=97 threshold=6000
[MOVE_SUB_B] [16:16:44] FIRESTORM_GATE_BLOCK ABTS setup=move_strike prior_bar_ticks=97 threshold=6000
[MOVE_SUB_B] [16:16:44] FIRESTORM_GATE_BLOCK ABTS setup=move_strike prior_bar_ticks=97 threshold=6000
[MOVE_SUB_B] [16:16:44] FIRESTORM_GATE_BLOCK ABTS setup=move_strike prior_bar_ticks=97 threshold=6000
[MOVE_SUB_B] [16:16:44] FIRESTORM_GATE_BLOCK ABTS setup=move_strike prior_bar_ticks=97 threshold=6000
[MOVE_SUB_B] [16:16:45] FIRESTORM_GATE_BLOCK ABTS setup=move_strike prior_bar_ticks=97 threshold=6000
[MOVE_SUB_B] [16:16:45] FIRESTORM_GATE_BLOCK ABTS setup=move_strike prior_bar_ticks=97 threshold=6000
[MOVE_SUB_B] [16:16:45] FIRESTORM_GATE_BLOCK ABTS setup=move_strike prior_bar_ticks=97 threshold=6000
[MOVE_SUB_B] [16:16:45] FIRESTORM_GATE_BLOCK ABTS setup=move_strike prior_bar_ticks=97 threshold=6000
[MOVE_SUB_B] [16:16:45] FIRESTORM_GATE_BLOCK ABTS setup=move_strike prior_bar_ticks=97 threshold=6000
[MOVE_SUB_B] [16:16:45] FIRESTORM_GATE_BLOCK ABTS setup=move_strike prior_bar_ticks=97 threshold=6000
[MOVE_SUB_B] [16:16:45] FIRESTORM_GATE_BLOCK ABTS setup=move_strike prior_bar_ticks=97 threshold=6000
[MOVE_SUB_B] [16:16:45] FIRESTORM_GATE_BLOCK ABTS setup=move_strike prior_bar_ticks=97 threshold=6000
[MOVE_SUB_B] [16:16:45] FIRESTORM_GATE_BLOCK ABTS setup=move_strike prior_bar_ticks=97 threshold=6000
[MOVE_SUB_B] [16:16:46] FIRESTORM_GATE_BLOCK ABTS setup=move_strike prior_bar_ticks=97 threshold=6000
[MOVE_SUB_B] [16:16:46] FIRESTORM_GATE_BLOCK ABTS setup=move_strike prior_bar_ticks=97 threshold=6000
[MOVE_SUB_B] [16:16:46] FIRESTORM_GATE_BLOCK ABTS setup=move_strike prior_bar_ticks=97 threshold=6000
[MOVE_SUB_B] [16:16:46] FIRESTORM_GATE_BLOCK ABTS setup=move_strike prior_bar_ticks=97 threshold=6000
[MOVE_SUB_B] [16:16:46] FIRESTORM_GATE_BLOCK ABTS setup=move_strike prior_bar_ticks=97 threshold=6000
[MOVE_SUB_B] [16:16:46] FIRESTORM_GATE_BLOCK ABTS setup=move_strike prior_bar_ticks=97 threshold=6000
[MOVE_SUB_B] [16:16:46] FIRESTORM_GATE_BLOCK ABTS setup=move_strike prior_bar_ticks=97 threshold=6000
[MOVE_SUB_B] [16:16:46] FIRESTORM_GATE_BLOCK ABTS setup=move_strike prior_bar_ticks=97 threshold=6000
[MOVE_SUB_B] [16:16:46] FIRESTORM_GATE_BLOCK ABTS setup=move_strike prior_bar_ticks=97 threshold=6000
[MOVE_SUB_B] [16:16:46] FIRESTORM_GATE_BLOCK ABTS setup=move_strike prior_bar_ticks=97 threshold=6000
[MOVE_SUB_B] [16:16:46] FIRESTORM_GATE_BLOCK ABTS setup=move_strike prior_bar_ticks=97 threshold=6000
[MOVE_SUB_B] [16:16:46] FIRESTORM_GATE_BLOCK ABTS setup=move_strike prior_bar_ticks=97 threshold=6000
[MOVE_SUB_B] [16:16:46] FIRESTORM_GATE_BLOCK ABTS setup=move_strike prior_bar_ticks=97 threshold=6000
[MOVE_SUB_B] [16:16:46] FIRESTORM_GATE_BLOCK ABTS setup=move_strike prior_bar_ticks=97 threshold=6000
[MOVE_SUB_B] [16:16:46] FIRESTORM_GATE_BLOCK ABTS setup=move_strike prior_bar_ticks=97 threshold=6000
[MOVE_SUB_B] [16:16:46] FIRESTORM_GATE_BLOCK ABTS setup=move_strike prior_bar_ticks=97 threshold=6000
[MOVE_SUB_B] [16:16:46] FIRESTORM_GATE_BLOCK ABTS setup=move_strike prior_bar_ticks=97 threshold=6000
[MOVE_SUB_B] [16:16:47] FIRESTORM_GATE_BLOCK ABTS setup=move_strike prior_bar_ticks=97 threshold=6000
[MOVE_SUB_B] [16:16:47] FIRESTORM_GATE_BLOCK ABTS setup=move_strike prior_bar_ticks=97 threshold=6000
[MOVE_SUB_B] [16:16:47] FIRESTORM_GATE_BLOCK ABTS setup=move_strike prior_bar_ticks=97 threshold=6000
[MOVE_SUB_B] [16:16:48] FIRESTORM_GATE_BLOCK ABTS setup=move_strike prior_bar_ticks=97 threshold=6000
[MOVE_SUB_B] [16:16:48] FIRESTORM_GATE_BLOCK ABTS setup=move_strike prior_bar_ticks=97 threshold=6000
[MOVE_SUB_B] [16:16:48] FIRESTORM_GATE_BLOCK ABTS setup=move_strike prior_bar_ticks=97 threshold=6000
[MOVE_SUB_B] [16:16:48] FIRESTORM_GATE_BLOCK ABTS setup=move_strike prior_bar_ticks=97 threshold=6000
[MOVE_SUB_B] [16:16:48] FIRESTORM_GATE_BLOCK ABTS setup=move_strike prior_bar_ticks=97 threshold=6000
[MOVE_SUB_B] [16:16:48] FIRESTORM_GATE_BLOCK ABTS setup=move_strike prior_bar_ticks=97 threshold=6000
[MOVE_SUB_B] [16:16:48] FIRESTORM_GATE_BLOCK ABTS setup=move_strike prior_bar_ticks=97 threshold=6000
[MOVE_SUB_B] [16:16:48] FIRESTORM_GATE_BLOCK ABTS setup=move_strike prior_bar_ticks=97 threshold=6000
[MOVE_SUB_B] [16:16:49] FIRESTORM_GATE_BLOCK ABTS setup=move_strike prior_bar_ticks=97 threshold=6000
[MOVE_SUB_B] [16:16:49] FIRESTORM_GATE_BLOCK ABTS setup=move_strike prior_bar_ticks=97 threshold=6000
[MOVE_SUB_B] [16:16:50] FIRESTORM_GATE_BLOCK ABTS setup=move_strike prior_bar_ticks=97 threshold=6000
[MOVE_SUB_B] [16:16:50] FIRESTORM_GATE_BLOCK ABTS setup=move_strike prior_bar_ticks=97 threshold=6000
[MOVE_SUB_B] [16:16:50] FIRESTORM_GATE_BLOCK ABTS setup=move_strike prior_bar_ticks=97 threshold=6000
[MOVE_SUB_B] [16:16:50] FIRESTORM_GATE_BLOCK ABTS setup=move_strike prior_bar_ticks=97 threshold=6000
[MOVE_SUB_B] [16:16:50] FIRESTORM_GATE_BLOCK ABTS setup=move_strike prior_bar_ticks=97 threshold=6000
[MOVE_SUB_B] [16:16:50] FIRESTORM_GATE_BLOCK ABTS setup=move_strike prior_bar_ticks=97 threshold=6000
[MOVE_SUB_B] [16:16:50] FIRESTORM_GATE_BLOCK ABTS setup=move_strike prior_bar_ticks=97 threshold=6000
[MOVE_SUB_B] [16:16:50] FIRESTORM_GATE_BLOCK ABTS setup=move_strike prior_bar_ticks=97 threshold=6000
[MOVE_SUB_B] [16:16:50] FIRESTORM_GATE_BLOCK ABTS setup=move_strike prior_bar_ticks=97 threshold=6000
[MOVE_SUB_B] [16:16:50] FIRESTORM_GATE_BLOCK ABTS setup=move_strike prior_bar_ticks=97 threshold=6000
[MOVE_SUB_B] [16:16:50] FIRESTORM_GATE_BLOCK ABTS setup=move_strike prior_bar_ticks=97 threshold=6000
[MOVE_SUB_B] [16:16:50] FIRESTORM_GATE_BLOCK ABTS setup=move_strike prior_bar_ticks=97 threshold=6000
[MOVE_SUB_B] [16:16:50] FIRESTORM_GATE_BLOCK ABTS setup=move_strike prior_bar_ticks=97 threshold=6000
[MOVE_SUB_B] [16:16:50] FIRESTORM_GATE_BLOCK ABTS setup=move_strike prior_bar_ticks=97 threshold=6000
[MOVE_SUB_B] [16:16:50] FIRESTORM_GATE_BLOCK ABTS setup=move_strike prior_bar_ticks=97 threshold=6000
[MOVE_SUB_B] [16:16:50] FIRESTORM_GATE_BLOCK ABTS setup=move_strike prior_bar_ticks=97 threshold=6000
[MOVE_SUB_B] [16:16:50] FIRESTORM_GATE_BLOCK ABTS setup=move_strike prior_bar_ticks=97 threshold=6000
[MOVE_SUB_B] [16:16:50] FIRESTORM_GATE_BLOCK ABTS setup=move_strike prior_bar_ticks=97 threshold=6000
[MOVE_SUB_B] [16:16:50] FIRESTORM_GATE_BLOCK ABTS setup=move_strike prior_bar_ticks=97 threshold=6000
[MOVE_SUB_B] [16:16:50] FIRESTORM_GATE_BLOCK ABTS setup=move_strike prior_bar_ticks=97 threshold=6000
[MOVE_SUB_B] [16:16:50] FIRESTORM_GATE_BLOCK ABTS setup=move_strike prior_bar_ticks=97 threshold=6000
[MOVE_SUB_B] [16:16:50] FIRESTORM_GATE_BLOCK ABTS setup=move_strike prior_bar_ticks=97 threshold=6000
[MOVE_SUB_B] [16:16:50] FIRESTORM_GATE_BLOCK ABTS setup=move_strike prior_bar_ticks=97 threshold=6000
[MOVE_SUB_B] [16:16:50] FIRESTORM_GATE_BLOCK ABTS setup=move_strike prior_bar_ticks=97 threshold=6000
[MOVE_SUB_B] [16:16:50] FIRESTORM_GATE_BLOCK ABTS setup=move_strike prior_bar_ticks=97 threshold=6000
[MOVE_SUB_B] [16:16:50] FIRESTORM_GATE_BLOCK ABTS setup=move_strike prior_bar_ticks=97 threshold=6000
[MOVE_SUB_B] [16:16:50] FIRESTORM_GATE_BLOCK ABTS setup=move_strike prior_bar_ticks=97 threshold=6000
[MOVE_SUB_B] [16:16:50] FIRESTORM_GATE_BLOCK ABTS setup=move_strike prior_bar_ticks=97 threshold=6000
[MOVE_SUB_B] [16:16:50] FIRESTORM_GATE_BLOCK ABTS setup=move_strike prior_bar_ticks=97 threshold=6000
[MOVE_SUB_B] [16:16:50] FIRESTORM_GATE_BLOCK ABTS setup=move_strike prior_bar_ticks=97 threshold=6000
[MOVE_SUB_B] [16:16:50] FIRESTORM_GATE_BLOCK ABTS setup=move_strike prior_bar_ticks=97 threshold=6000
[MOVE_SUB_B] [16:16:50] FIRESTORM_GATE_BLOCK ABTS setup=move_strike prior_bar_ticks=97 threshold=6000
[MOVE_SUB_B] [16:16:50] FIRESTORM_GATE_BLOCK ABTS setup=move_strike prior_bar_ticks=97 threshold=6000
[MOVE_SUB_B] [16:16:50] FIRESTORM_GATE_BLOCK ABTS setup=move_strike prior_bar_ticks=97 threshold=6000
[MOVE_SUB_B] [16:16:50] FIRESTORM_GATE_BLOCK ABTS setup=move_strike prior_bar_ticks=97 threshold=6000
[MOVE_SUB_B] [16:16:50] FIRESTORM_GATE_BLOCK ABTS setup=move_strike prior_bar_ticks=97 threshold=6000
[MOVE_SUB_B] [16:16:51] FIRESTORM_GATE_BLOCK ABTS setup=move_strike prior_bar_ticks=97 threshold=6000
[MOVE_SUB_B] [16:16:52] FIRESTORM_GATE_BLOCK ABTS setup=move_strike prior_bar_ticks=97 threshold=6000
[MOVE_SUB_B] [16:16:52] FIRESTORM_GATE_BLOCK ABTS setup=move_strike prior_bar_ticks=97 threshold=6000
[MOVE_SUB_B] [16:16:52] FIRESTORM_GATE_BLOCK ABTS setup=move_strike prior_bar_ticks=97 threshold=6000
[MOVE_SUB_B] [16:16:52] FIRESTORM_GATE_BLOCK ABTS setup=move_strike prior_bar_ticks=97 threshold=6000
[MOVE_SUB_B] [16:16:52] FIRESTORM_GATE_BLOCK ABTS setup=move_strike prior_bar_ticks=97 threshold=6000
[MOVE_SUB_B] [16:16:52] FIRESTORM_GATE_BLOCK ABTS setup=move_strike prior_bar_ticks=97 threshold=6000
[MOVE_SUB_B] [16:16:53] FIRESTORM_GATE_BLOCK ABTS setup=move_strike prior_bar_ticks=97 threshold=6000
[MOVE_SUB_B] [16:16:54] FIRESTORM_GATE_BLOCK ABTS setup=move_strike prior_bar_ticks=97 threshold=6000
[MOVE_SUB_B] [16:16:54] FIRESTORM_GATE_BLOCK ABTS setup=move_strike prior_bar_ticks=97 threshold=6000
[MOVE_SUB_B] [16:16:54] FIRESTORM_GATE_BLOCK ABTS setup=move_strike prior_bar_ticks=97 threshold=6000
[MOVE_SUB_B] [16:16:55] FIRESTORM_GATE_BLOCK ABTS setup=move_strike prior_bar_ticks=97 threshold=6000
[MOVE_SUB_B] [16:16:55] FIRESTORM_GATE_BLOCK ABTS setup=move_strike prior_bar_ticks=97 threshold=6000
[MOVE_SUB_B] [16:16:55] FIRESTORM_GATE_BLOCK ABTS setup=move_strike prior_bar_ticks=97 threshold=6000
[MOVE_SUB_B] [16:16:55] FIRESTORM_GATE_BLOCK ABTS setup=move_strike prior_bar_ticks=97 threshold=6000
[MOVE_SUB_B] [16:16:55] FIRESTORM_GATE_BLOCK ABTS setup=move_strike prior_bar_ticks=97 threshold=6000
[MOVE_SUB_B] [16:16:55] FIRESTORM_GATE_BLOCK ABTS setup=move_strike prior_bar_ticks=97 threshold=6000
[MOVE_SUB_B] [16:16:55] FIRESTORM_GATE_BLOCK ABTS setup=move_strike prior_bar_ticks=97 threshold=6000
[MOVE_SUB_B] [16:16:56] FIRESTORM_GATE_BLOCK ABTS setup=move_strike prior_bar_ticks=97 threshold=6000
[MOVE_SUB_B] [16:16:56] FIRESTORM_GATE_BLOCK ABTS setup=move_strike prior_bar_ticks=97 threshold=6000
[MOVE_SUB_B] [16:16:56] FIRESTORM_GATE_BLOCK ABTS setup=move_strike prior_bar_ticks=97 threshold=6000
[MOVE_SUB_B] [16:16:56] FIRESTORM_GATE_BLOCK ABTS setup=move_strike prior_bar_ticks=97 threshold=6000
[MOVE_SUB_B] [16:16:56] FIRESTORM_GATE_BLOCK ABTS setup=move_strike prior_bar_ticks=97 threshold=6000
[MOVE_SUB_B] [16:16:56] FIRESTORM_GATE_BLOCK ABTS setup=move_strike prior_bar_ticks=97 threshold=6000
[MOVE_SUB_B] [16:16:57] FIRESTORM_GATE_BLOCK ABTS setup=move_strike prior_bar_ticks=97 threshold=6000
[MOVE_SUB_B] [16:16:57] FIRESTORM_GATE_BLOCK ABTS setup=move_strike prior_bar_ticks=97 threshold=6000
[MOVE_SUB_B] [16:16:57] FIRESTORM_GATE_BLOCK ABTS setup=move_strike prior_bar_ticks=97 threshold=6000
[MOVE_SUB_B] [16:16:57] FIRESTORM_GATE_BLOCK ABTS setup=move_strike prior_bar_ticks=97 threshold=6000
[MOVE_SUB_B] [16:16:58] FIRESTORM_GATE_BLOCK ABTS setup=move_strike prior_bar_ticks=97 threshold=6000
[MOVE_SUB_B] [16:16:58] FIRESTORM_GATE_BLOCK ABTS setup=move_strike prior_bar_ticks=97 threshold=6000
[MOVE_SUB_B] [16:16:58] FIRESTORM_GATE_BLOCK ABTS setup=move_strike prior_bar_ticks=97 threshold=6000
[MOVE_SUB_B] [16:16:58] FIRESTORM_GATE_BLOCK ABTS setup=move_strike prior_bar_ticks=97 threshold=6000
[MOVE_SUB_B] [16:16:58] FIRESTORM_GATE_BLOCK ABTS setup=move_strike prior_bar_ticks=97 threshold=6000
[MOVE_SUB_B] [16:16:58] FIRESTORM_GATE_BLOCK ABTS setup=move_strike prior_bar_ticks=97 threshold=6000
[MOVE_SUB_B] [16:16:59] FIRESTORM_GATE_BLOCK ABTS setup=move_strike prior_bar_ticks=97 threshold=6000
[MOVE_SUB_B] [16:16:59] FIRESTORM_GATE_BLOCK ABTS setup=move_strike prior_bar_ticks=97 threshold=6000
[MOVE_SUB_B] [16:17:05] FIRESTORM_GATE_BLOCK FOFO setup=move_strike prior_bar_ticks=29 threshold=6000
[MOVE_SUB_B] [16:17:05] FIRESTORM_GATE_BLOCK FOFO setup=move_strike prior_bar_ticks=29 threshold=6000
[MOVE_SUB_B] [16:17:05] FIRESTORM_GATE_BLOCK FOFO setup=move_strike prior_bar_ticks=29 threshold=6000
[MOVE_SUB_B] [16:17:08] FIRESTORM_GATE_BLOCK FOFO setup=move_strike prior_bar_ticks=29 threshold=6000
[MOVE_SUB_B] [16:17:08] FIRESTORM_GATE_BLOCK FOFO setup=move_strike prior_bar_ticks=29 threshold=6000
[MOVE_SUB_B] [16:17:08] FIRESTORM_GATE_BLOCK FOFO setup=move_strike prior_bar_ticks=29 threshold=6000
[MOVE_SUB_B] [16:17:08] FIRESTORM_GATE_BLOCK FOFO setup=move_strike prior_bar_ticks=29 threshold=6000
[MOVE_SUB_B] [16:17:09] FIRESTORM_GATE_BLOCK FOFO setup=move_strike prior_bar_ticks=29 threshold=6000
[MOVE_SUB_B] [16:17:10] FIRESTORM_GATE_BLOCK FOFO setup=move_strike prior_bar_ticks=29 threshold=6000
[MOVE_SUB_B] [16:17:10] FIRESTORM_GATE_BLOCK FOFO setup=move_strike prior_bar_ticks=29 threshold=6000
[MOVE_SUB_B] [16:17:20] FIRESTORM_GATE_BLOCK FOFO setup=move_strike prior_bar_ticks=29 threshold=6000
[MOVE_SUB_B] [16:17:20] FIRESTORM_GATE_BLOCK FOFO setup=move_strike prior_bar_ticks=29 threshold=6000
[MOVE_SUB_B] [16:17:20] FIRESTORM_GATE_BLOCK FOFO setup=move_strike prior_bar_ticks=29 threshold=6000
[MOVE_SUB_B] [16:17:20] FIRESTORM_GATE_BLOCK FOFO setup=move_strike prior_bar_ticks=29 threshold=6000
[MOVE_SUB_B] [16:17:20] FIRESTORM_GATE_BLOCK FOFO setup=move_strike prior_bar_ticks=29 threshold=6000
[MOVE_SUB_B] [16:17:21] FIRESTORM_GATE_BLOCK FOFO setup=move_strike prior_bar_ticks=29 threshold=6000
[MOVE_SUB_B] [16:17:25] FIRESTORM_GATE_BLOCK FOFO setup=move_strike prior_bar_ticks=29 threshold=6000
[MOVE_SUB_B] [16:17:26] STATS ticks=430439 symbols=86 pos=no daily_pnl=+0 drops=0
[MOVE_SUB_B] [16:17:28] FIRESTORM_GATE_BLOCK FOFO setup=move_strike prior_bar_ticks=29 threshold=6000
[MOVE_SUB_B] [16:17:28] FIRESTORM_GATE_BLOCK FOFO setup=move_strike prior_bar_ticks=29 threshold=6000
[MOVE_SUB_B] [16:17:34] FIRESTORM_GATE_BLOCK FOFO setup=move_strike prior_bar_ticks=29 threshold=6000
[MOVE_SUB_B] [16:17:34] FIRESTORM_GATE_BLOCK FOFO setup=move_strike prior_bar_ticks=29 threshold=6000
[MOVE_SUB_B] [16:17:34] FIRESTORM_GATE_BLOCK FOFO setup=move_strike prior_bar_ticks=29 threshold=6000
[MOVE_SUB_B] [16:17:37] FIRESTORM_GATE_BLOCK FOFO setup=move_strike prior_bar_ticks=29 threshold=6000
[MOVE_SUB_B] [16:17:42] FIRESTORM_GATE_BLOCK FOFO setup=move_strike prior_bar_ticks=29 threshold=6000
[MOVE_SUB_B] [16:17:57] FIRESTORM_GATE_BLOCK FOFO setup=move_strike prior_bar_ticks=29 threshold=6000
[MOVE_SUB_B] [16:18:26] STATS ticks=431046 symbols=86 pos=no daily_pnl=+0 drops=0
[MOVE_SUB_B] [16:19:27] STATS ticks=431671 symbols=86 pos=no daily_pnl=+0 drops=0
[MOVE_SUB_B] [16:20:27] STATS ticks=432276 symbols=86 pos=no daily_pnl=+0 drops=0
[MOVE_SUB_B] [16:21:27] STATS ticks=432995 symbols=86 pos=no daily_pnl=+0 drops=0
[MOVE_SUB_B] [16:22:28] STATS ticks=433433 symbols=86 pos=no daily_pnl=+0 drops=0
[MOVE_SUB_B] [16:23:05] FIRESTORM_GATE_BLOCK FOFO setup=move_strike prior_bar_ticks=20 threshold=6000
[MOVE_SUB_B] [16:23:05] FIRESTORM_GATE_BLOCK FOFO setup=move_strike prior_bar_ticks=20 threshold=6000
[MOVE_SUB_B] [16:23:16] FIRESTORM_GATE_BLOCK FOFO setup=move_strike prior_bar_ticks=20 threshold=6000
[MOVE_SUB_B] [16:23:17] FIRESTORM_GATE_BLOCK FOFO setup=move_strike prior_bar_ticks=20 threshold=6000
[MOVE_SUB_B] [16:23:25] FIRESTORM_GATE_BLOCK FOFO setup=move_strike prior_bar_ticks=20 threshold=6000
[MOVE_SUB_B] [16:23:26] FIRESTORM_GATE_BLOCK FOFO setup=move_strike prior_bar_ticks=20 threshold=6000
[MOVE_SUB_B] [16:23:28] STATS ticks=433894 symbols=86 pos=no daily_pnl=+0 drops=0
[MOVE_SUB_B] [16:23:46] FIRESTORM_GATE_BLOCK FOFO setup=move_strike prior_bar_ticks=20 threshold=6000
[MOVE_SUB_B] [16:23:55] FIRESTORM_GATE_BLOCK FOFO setup=move_strike prior_bar_ticks=20 threshold=6000
[MOVE_SUB_B] [16:23:58] FIRESTORM_GATE_BLOCK FOFO setup=move_strike prior_bar_ticks=20 threshold=6000
[MOVE_SUB_B] [16:23:59] FIRESTORM_GATE_BLOCK FOFO setup=move_strike prior_bar_ticks=20 threshold=6000
[MOVE_SUB_B] [16:23:59] FIRESTORM_GATE_BLOCK FOFO setup=move_strike prior_bar_ticks=20 threshold=6000
[MOVE_SUB_B] [16:24:28] STATS ticks=434500 symbols=86 pos=no daily_pnl=+0 drops=0
[MOVE_SUB_B] [16:24:31] FIRESTORM_GATE_BLOCK ABTS setup=move_strike prior_bar_ticks=51 threshold=6000
[MOVE_SUB_B] [16:24:32] FIRESTORM_GATE_BLOCK ABTS setup=move_strike prior_bar_ticks=51 threshold=6000
[MOVE_SUB_B] [16:24:32] FIRESTORM_GATE_BLOCK ABTS setup=move_strike prior_bar_ticks=51 threshold=6000
[MOVE_SUB_B] [16:24:32] FIRESTORM_GATE_BLOCK ABTS setup=move_strike prior_bar_ticks=51 threshold=6000
[MOVE_SUB_B] [16:24:32] FIRESTORM_GATE_BLOCK ABTS setup=move_strike prior_bar_ticks=51 threshold=6000
[MOVE_SUB_B] [16:24:32] FIRESTORM_GATE_BLOCK ABTS setup=move_strike prior_bar_ticks=51 threshold=6000
[MOVE_SUB_B] [16:24:32] FIRESTORM_GATE_BLOCK ABTS setup=move_strike prior_bar_ticks=51 threshold=6000
[MOVE_SUB_B] [16:24:33] FIRESTORM_GATE_BLOCK ABTS setup=move_strike prior_bar_ticks=51 threshold=6000
[MOVE_SUB_B] [16:24:33] FIRESTORM_GATE_BLOCK ABTS setup=move_strike prior_bar_ticks=51 threshold=6000
[MOVE_SUB_B] [16:24:34] FIRESTORM_GATE_BLOCK ABTS setup=move_strike prior_bar_ticks=51 threshold=6000
[MOVE_SUB_B] [16:24:34] FIRESTORM_GATE_BLOCK ABTS setup=move_strike prior_bar_ticks=51 threshold=6000
[MOVE_SUB_B] [16:24:34] FIRESTORM_GATE_BLOCK ABTS setup=move_strike prior_bar_ticks=51 threshold=6000
[MOVE_SUB_B] [16:24:35] FIRESTORM_GATE_BLOCK ABTS setup=move_strike prior_bar_ticks=51 threshold=6000
[MOVE_SUB_B] [16:24:35] FIRESTORM_GATE_BLOCK ABTS setup=move_strike prior_bar_ticks=51 threshold=6000
[MOVE_SUB_B] [16:24:35] FIRESTORM_GATE_BLOCK ABTS setup=move_strike prior_bar_ticks=51 threshold=6000
[MOVE_SUB_B] [16:24:35] FIRESTORM_GATE_BLOCK ABTS setup=move_strike prior_bar_ticks=51 threshold=6000
[MOVE_SUB_B] [16:24:35] FIRESTORM_GATE_BLOCK ABTS setup=move_strike prior_bar_ticks=51 threshold=6000
[MOVE_SUB_B] [16:24:35] FIRESTORM_GATE_BLOCK ABTS setup=move_strike prior_bar_ticks=51 threshold=6000
[MOVE_SUB_B] [16:24:36] FIRESTORM_GATE_BLOCK ABTS setup=move_strike prior_bar_ticks=51 threshold=6000
[MOVE_SUB_B] [16:24:36] FIRESTORM_GATE_BLOCK ABTS setup=move_strike prior_bar_ticks=51 threshold=6000
[MOVE_SUB_B] [16:24:36] FIRESTORM_GATE_BLOCK ABTS setup=move_strike prior_bar_ticks=51 threshold=6000
[MOVE_SUB_B] [16:24:36] FIRESTORM_GATE_BLOCK ABTS setup=move_strike prior_bar_ticks=51 threshold=6000
[MOVE_SUB_B] [16:24:37] FIRESTORM_GATE_BLOCK ABTS setup=move_strike prior_bar_ticks=51 threshold=6000
[MOVE_SUB_B] [16:24:37] FIRESTORM_GATE_BLOCK ABTS setup=move_strike prior_bar_ticks=51 threshold=6000
[MOVE_SUB_B] [16:24:37] FIRESTORM_GATE_BLOCK ABTS setup=move_strike prior_bar_ticks=51 threshold=6000
[MOVE_SUB_B] [16:24:38] FIRESTORM_GATE_BLOCK ABTS setup=move_strike prior_bar_ticks=51 threshold=6000
[MOVE_SUB_B] [16:24:38] FIRESTORM_GATE_BLOCK ABTS setup=move_strike prior_bar_ticks=51 threshold=6000
[MOVE_SUB_B] [16:24:38] FIRESTORM_GATE_BLOCK ABTS setup=move_strike prior_bar_ticks=51 threshold=6000
[MOVE_SUB_B] [16:24:38] FIRESTORM_GATE_BLOCK ABTS setup=move_strike prior_bar_ticks=51 threshold=6000
[MOVE_SUB_B] [16:24:38] FIRESTORM_GATE_BLOCK ABTS setup=move_strike prior_bar_ticks=51 threshold=6000
[MOVE_SUB_B] [16:24:38] FIRESTORM_GATE_BLOCK ABTS setup=move_strike prior_bar_ticks=51 threshold=6000
[MOVE_SUB_B] [16:24:38] FIRESTORM_GATE_BLOCK ABTS setup=move_strike prior_bar_ticks=51 threshold=6000
[MOVE_SUB_B] [16:24:38] FIRESTORM_GATE_BLOCK ABTS setup=move_strike prior_bar_ticks=51 threshold=6000
[MOVE_SUB_B] [16:24:39] FIRESTORM_GATE_BLOCK ABTS setup=move_strike prior_bar_ticks=51 threshold=6000
[MOVE_SUB_B] [16:24:39] FIRESTORM_GATE_BLOCK ABTS setup=move_strike prior_bar_ticks=51 threshold=6000
[MOVE_SUB_B] [16:24:40] FIRESTORM_GATE_BLOCK ABTS setup=move_strike prior_bar_ticks=51 threshold=6000
[MOVE_SUB_B] [16:24:40] FIRESTORM_GATE_BLOCK ABTS setup=move_strike prior_bar_ticks=51 threshold=6000
[MOVE_SUB_B] [16:24:40] FIRESTORM_GATE_BLOCK ABTS setup=move_strike prior_bar_ticks=51 threshold=6000
[MOVE_SUB_B] [16:24:40] FIRESTORM_GATE_BLOCK ABTS setup=move_strike prior_bar_ticks=51 threshold=6000
[MOVE_SUB_B] [16:24:40] FIRESTORM_GATE_BLOCK ABTS setup=move_strike prior_bar_ticks=51 threshold=6000
[MOVE_SUB_B] [16:24:40] FIRESTORM_GATE_BLOCK ABTS setup=move_strike prior_bar_ticks=51 threshold=6000
[MOVE_SUB_B] [16:24:40] FIRESTORM_GATE_BLOCK ABTS setup=move_strike prior_bar_ticks=51 threshold=6000
[MOVE_SUB_B] [16:24:40] FIRESTORM_GATE_BLOCK ABTS setup=move_strike prior_bar_ticks=51 threshold=6000
[MOVE_SUB_B] [16:24:40] FIRESTORM_GATE_BLOCK ABTS setup=move_strike prior_bar_ticks=51 threshold=6000
[MOVE_SUB_B] [16:24:41] FIRESTORM_GATE_BLOCK ABTS setup=move_strike prior_bar_ticks=51 threshold=6000
[MOVE_SUB_B] [16:24:41] FIRESTORM_GATE_BLOCK ABTS setup=move_strike prior_bar_ticks=51 threshold=6000
[MOVE_SUB_B] [16:24:42] FIRESTORM_GATE_BLOCK ABTS setup=move_strike prior_bar_ticks=51 threshold=6000
[MOVE_SUB_B] [16:24:42] FIRESTORM_GATE_BLOCK ABTS setup=move_strike prior_bar_ticks=51 threshold=6000
[MOVE_SUB_B] [16:24:42] FIRESTORM_GATE_BLOCK ABTS setup=move_strike prior_bar_ticks=51 threshold=6000
[MOVE_SUB_B] [16:24:43] FIRESTORM_GATE_BLOCK ABTS setup=move_strike prior_bar_ticks=51 threshold=6000
[MOVE_SUB_B] [16:24:43] FIRESTORM_GATE_BLOCK ABTS setup=move_strike prior_bar_ticks=51 threshold=6000
[MOVE_SUB_B] [16:24:43] FIRESTORM_GATE_BLOCK ABTS setup=move_strike prior_bar_ticks=51 threshold=6000
[MOVE_SUB_B] [16:24:43] FIRESTORM_GATE_BLOCK ABTS setup=move_strike prior_bar_ticks=51 threshold=6000
[MOVE_SUB_B] [16:24:43] FIRESTORM_GATE_BLOCK ABTS setup=move_strike prior_bar_ticks=51 threshold=6000
[MOVE_SUB_B] [16:24:43] FIRESTORM_GATE_BLOCK ABTS setup=move_strike prior_bar_ticks=51 threshold=6000
[MOVE_SUB_B] [16:24:43] FIRESTORM_GATE_BLOCK ABTS setup=move_strike prior_bar_ticks=51 threshold=6000
[MOVE_SUB_B] [16:24:43] FIRESTORM_GATE_BLOCK ABTS setup=move_strike prior_bar_ticks=51 threshold=6000
[MOVE_SUB_B] [16:24:43] FIRESTORM_GATE_BLOCK ABTS setup=move_strike prior_bar_ticks=51 threshold=6000
[MOVE_SUB_B] [16:24:44] FIRESTORM_GATE_BLOCK ABTS setup=move_strike prior_bar_ticks=51 threshold=6000
[MOVE_SUB_B] [16:24:46] FIRESTORM_GATE_BLOCK ABTS setup=move_strike prior_bar_ticks=51 threshold=6000
[MOVE_SUB_B] [16:24:46] FIRESTORM_GATE_BLOCK ABTS setup=move_strike prior_bar_ticks=51 threshold=6000
[MOVE_SUB_B] [16:24:46] FIRESTORM_GATE_BLOCK ABTS setup=move_strike prior_bar_ticks=51 threshold=6000
[MOVE_SUB_B] [16:24:47] FIRESTORM_GATE_BLOCK ABTS setup=move_strike prior_bar_ticks=51 threshold=6000
[MOVE_SUB_B] [16:24:47] FIRESTORM_GATE_BLOCK ABTS setup=move_strike prior_bar_ticks=51 threshold=6000
[MOVE_SUB_B] [16:24:47] FIRESTORM_GATE_BLOCK ABTS setup=move_strike prior_bar_ticks=51 threshold=6000
[MOVE_SUB_B] [16:24:47] FIRESTORM_GATE_BLOCK ABTS setup=move_strike prior_bar_ticks=51 threshold=6000
[MOVE_SUB_B] [16:24:48] FIRESTORM_GATE_BLOCK ABTS setup=move_strike prior_bar_ticks=51 threshold=6000
[MOVE_SUB_B] [16:24:48] FIRESTORM_GATE_BLOCK ABTS setup=move_strike prior_bar_ticks=51 threshold=6000
[MOVE_SUB_B] [16:24:49] FIRESTORM_GATE_BLOCK ABTS setup=move_strike prior_bar_ticks=51 threshold=6000
[MOVE_SUB_B] [16:24:49] FIRESTORM_GATE_BLOCK ABTS setup=move_strike prior_bar_ticks=51 threshold=6000
[MOVE_SUB_B] [16:24:49] FIRESTORM_GATE_BLOCK ABTS setup=move_strike prior_bar_ticks=51 threshold=6000
[MOVE_SUB_B] [16:24:49] FIRESTORM_GATE_BLOCK ABTS setup=move_strike prior_bar_ticks=51 threshold=6000
[MOVE_SUB_B] [16:24:50] FIRESTORM_GATE_BLOCK ABTS setup=move_strike prior_bar_ticks=51 threshold=6000
[MOVE_SUB_B] [16:24:53] FIRESTORM_GATE_BLOCK ABTS setup=move_strike prior_bar_ticks=51 threshold=6000
[MOVE_SUB_B] [16:24:53] FIRESTORM_GATE_BLOCK ABTS setup=move_strike prior_bar_ticks=51 threshold=6000
[MOVE_SUB_B] [16:24:53] FIRESTORM_GATE_BLOCK ABTS setup=move_strike prior_bar_ticks=51 threshold=6000
[MOVE_SUB_B] [16:24:54] FIRESTORM_GATE_BLOCK ABTS setup=move_strike prior_bar_ticks=51 threshold=6000
[MOVE_SUB_B] [16:24:54] FIRESTORM_GATE_BLOCK ABTS setup=move_strike prior_bar_ticks=51 threshold=6000
[MOVE_SUB_B] [16:24:54] FIRESTORM_GATE_BLOCK ABTS setup=move_strike prior_bar_ticks=51 threshold=6000
[MOVE_SUB_B] [16:24:54] FIRESTORM_GATE_BLOCK ABTS setup=move_strike prior_bar_ticks=51 threshold=6000
[MOVE_SUB_B] [16:24:54] FIRESTORM_GATE_BLOCK ABTS setup=move_strike prior_bar_ticks=51 threshold=6000
[MOVE_SUB_B] [16:24:54] FIRESTORM_GATE_BLOCK ABTS setup=move_strike prior_bar_ticks=51 threshold=6000
[MOVE_SUB_B] [16:24:55] FIRESTORM_GATE_BLOCK ABTS setup=move_strike prior_bar_ticks=51 threshold=6000
[MOVE_SUB_B] [16:24:56] FIRESTORM_GATE_BLOCK ABTS setup=move_strike prior_bar_ticks=51 threshold=6000
[MOVE_SUB_B] [16:24:57] FIRESTORM_GATE_BLOCK ABTS setup=move_strike prior_bar_ticks=51 threshold=6000
[MOVE_SUB_B] [16:25:29] STATS ticks=435910 symbols=86 pos=no daily_pnl=+0 drops=0
[MOVE_SUB_B] [16:26:29] STATS ticks=437985 symbols=86 pos=no daily_pnl=+0 drops=0
[MOVE_SUB_B] [16:27:29] STATS ticks=439106 symbols=86 pos=no daily_pnl=+0 drops=0
[MOVE_SUB_B] [16:28:30] STATS ticks=440172 symbols=86 pos=no daily_pnl=+0 drops=0
[MOVE_SUB_B] [16:29:20] FIRESTORM_GATE_BLOCK FOFO setup=move_strike prior_bar_ticks=7 threshold=6000
[MOVE_SUB_B] [16:29:20] FIRESTORM_GATE_BLOCK FOFO setup=move_strike prior_bar_ticks=7 threshold=6000
[MOVE_SUB_B] [16:29:20] FIRESTORM_GATE_BLOCK FOFO setup=move_strike prior_bar_ticks=7 threshold=6000
[MOVE_SUB_B] [16:29:20] FIRESTORM_GATE_BLOCK FOFO setup=move_strike prior_bar_ticks=7 threshold=6000
[MOVE_SUB_B] [16:29:23] FIRESTORM_GATE_BLOCK FOFO setup=move_strike prior_bar_ticks=7 threshold=6000
[MOVE_SUB_B] [16:29:25] FIRESTORM_GATE_BLOCK FOFO setup=move_strike prior_bar_ticks=7 threshold=6000
[MOVE_SUB_B] [16:29:26] FIRESTORM_GATE_BLOCK FOFO setup=move_strike prior_bar_ticks=7 threshold=6000
[MOVE_SUB_B] [16:29:28] FIRESTORM_GATE_BLOCK FOFO setup=move_strike prior_bar_ticks=7 threshold=6000
[MOVE_SUB_B] [16:29:30] STATS ticks=441149 symbols=86 pos=no daily_pnl=+0 drops=0
[MOVE_SUB_B] [16:29:33] FIRESTORM_GATE_BLOCK FOFO setup=move_strike prior_bar_ticks=7 threshold=6000
[MOVE_SUB_B] [16:29:33] FIRESTORM_GATE_BLOCK FOFO setup=move_strike prior_bar_ticks=7 threshold=6000
[MOVE_SUB_B] [16:29:36] FIRESTORM_GATE_BLOCK FOFO setup=move_strike prior_bar_ticks=7 threshold=6000
[MOVE_SUB_B] [16:29:36] FIRESTORM_GATE_BLOCK FOFO setup=move_strike prior_bar_ticks=7 threshold=6000
[MOVE_SUB_B] [16:29:38] FIRESTORM_GATE_BLOCK FOFO setup=move_strike prior_bar_ticks=7 threshold=6000
[MOVE_SUB_B] [16:29:44] FIRESTORM_GATE_BLOCK FOFO setup=move_strike prior_bar_ticks=7 threshold=6000
[MOVE_SUB_B] [16:29:45] FIRESTORM_GATE_BLOCK FOFO setup=move_strike prior_bar_ticks=7 threshold=6000
[MOVE_SUB_B] [16:29:48] FIRESTORM_GATE_BLOCK FOFO setup=move_strike prior_bar_ticks=7 threshold=6000
[MOVE_SUB_B] [16:29:49] FIRESTORM_GATE_BLOCK FOFO setup=move_strike prior_bar_ticks=7 threshold=6000
[MOVE_SUB_B] [16:29:49] FIRESTORM_GATE_BLOCK FOFO setup=move_strike prior_bar_ticks=7 threshold=6000
[MOVE_SUB_B] [16:29:55] FIRESTORM_GATE_BLOCK FOFO setup=move_strike prior_bar_ticks=7 threshold=6000
[MOVE_SUB_B] [16:29:59] FIRESTORM_GATE_BLOCK FOFO setup=move_strike prior_bar_ticks=7 threshold=6000
[MOVE_SUB_B] [16:30:30] STATS ticks=442426 symbols=86 pos=no daily_pnl=+0 drops=0
[MOVE_SUB_B] [16:31:30] STATS ticks=443498 symbols=86 pos=no daily_pnl=+0 drops=0
[MOVE_SUB_B] [16:32:31] STATS ticks=444444 symbols=86 pos=no daily_pnl=+0 drops=0
[MOVE_SUB_B] [16:33:31] STATS ticks=445742 symbols=86 pos=no daily_pnl=+0 drops=0
[MOVE_SUB_B] [16:34:18] FIRESTORM_GATE_BLOCK ABTS setup=move_strike prior_bar_ticks=108 threshold=6000
[MOVE_SUB_B] [16:34:26] FIRESTORM_GATE_BLOCK ABTS setup=move_strike prior_bar_ticks=108 threshold=6000
[MOVE_SUB_B] [16:34:31] STATS ticks=447742 symbols=86 pos=no daily_pnl=+0 drops=0
[MOVE_SUB_B] [16:34:32] FIRESTORM_GATE_BLOCK ABTS setup=move_strike prior_bar_ticks=108 threshold=6000
[MOVE_SUB_B] [16:34:37] FIRESTORM_GATE_BLOCK ABTS setup=move_strike prior_bar_ticks=108 threshold=6000
[MOVE_SUB_B] [16:34:37] FIRESTORM_GATE_BLOCK ABTS setup=move_strike prior_bar_ticks=108 threshold=6000
[MOVE_SUB_B] [16:34:41] FIRESTORM_GATE_BLOCK ABTS setup=move_strike prior_bar_ticks=108 threshold=6000
[MOVE_SUB_B] [16:34:42] FIRESTORM_GATE_BLOCK ABTS setup=move_strike prior_bar_ticks=108 threshold=6000
[MOVE_SUB_B] [16:34:42] FIRESTORM_GATE_BLOCK ABTS setup=move_strike prior_bar_ticks=108 threshold=6000
[MOVE_SUB_B] [16:34:47] FIRESTORM_GATE_BLOCK ABTS setup=move_strike prior_bar_ticks=108 threshold=6000
[MOVE_SUB_B] [16:34:53] FIRESTORM_GATE_BLOCK ABTS setup=move_strike prior_bar_ticks=108 threshold=6000
[MOVE_SUB_B] [16:34:54] FIRESTORM_GATE_BLOCK ABTS setup=move_strike prior_bar_ticks=108 threshold=6000
[MOVE_SUB_B] [16:34:54] FIRESTORM_GATE_BLOCK ABTS setup=move_strike prior_bar_ticks=108 threshold=6000
[MOVE_SUB_B] [16:34:54] FIRESTORM_GATE_BLOCK ABTS setup=move_strike prior_bar_ticks=108 threshold=6000
[MOVE_SUB_B] [16:34:54] FIRESTORM_GATE_BLOCK ABTS setup=move_strike prior_bar_ticks=108 threshold=6000
[MOVE_SUB_B] [16:34:56] FIRESTORM_GATE_BLOCK ABTS setup=move_strike prior_bar_ticks=108 threshold=6000
[MOVE_SUB_B] [16:34:58] FIRESTORM_GATE_BLOCK ABTS setup=move_strike prior_bar_ticks=108 threshold=6000
[MOVE_SUB_B] [16:35:32] STATS ticks=449144 symbols=86 pos=no daily_pnl=+0 drops=0
[MOVE_SUB_B] [16:36:32] STATS ticks=451135 symbols=86 pos=no daily_pnl=+0 drops=0
[MOVE_SUB_B] [16:37:32] STATS ticks=453248 symbols=86 pos=no daily_pnl=+0 drops=0
[MOVE_SUB_B] [16:38:32] STATS ticks=455296 symbols=86 pos=no daily_pnl=+0 drops=0
[MOVE_SUB_B] [16:39:32] STATS ticks=456565 symbols=86 pos=no daily_pnl=+0 drops=0
[MOVE_SUB_B] [16:40:33] STATS ticks=457440 symbols=86 pos=no daily_pnl=+0 drops=0
[MOVE_SUB_B] [16:41:21] FIRESTORM_GATE_BLOCK FOFO setup=move_strike prior_bar_ticks=54 threshold=6000
[MOVE_SUB_B] [16:41:21] FIRESTORM_GATE_BLOCK FOFO setup=move_strike prior_bar_ticks=54 threshold=6000
[MOVE_SUB_B] [16:41:22] FIRESTORM_GATE_BLOCK FOFO setup=move_strike prior_bar_ticks=54 threshold=6000
[MOVE_SUB_B] [16:41:22] FIRESTORM_GATE_BLOCK FOFO setup=move_strike prior_bar_ticks=54 threshold=6000
[MOVE_SUB_B] [16:41:22] FIRESTORM_GATE_BLOCK FOFO setup=move_strike prior_bar_ticks=54 threshold=6000
[MOVE_SUB_B] [16:41:25] FIRESTORM_GATE_BLOCK FOFO setup=move_strike prior_bar_ticks=54 threshold=6000
[MOVE_SUB_B] [16:41:25] FIRESTORM_GATE_BLOCK FOFO setup=move_strike prior_bar_ticks=54 threshold=6000
[MOVE_SUB_B] [16:41:25] FIRESTORM_GATE_BLOCK FOFO setup=move_strike prior_bar_ticks=54 threshold=6000
[MOVE_SUB_B] [16:41:26] FIRESTORM_GATE_BLOCK FOFO setup=move_strike prior_bar_ticks=54 threshold=6000
[MOVE_SUB_B] [16:41:26] FIRESTORM_GATE_BLOCK FOFO setup=move_strike prior_bar_ticks=54 threshold=6000
[MOVE_SUB_B] [16:41:28] FIRESTORM_GATE_BLOCK FOFO setup=move_strike prior_bar_ticks=54 threshold=6000
[MOVE_SUB_B] [16:41:29] FIRESTORM_GATE_BLOCK FOFO setup=move_strike prior_bar_ticks=54 threshold=6000
[MOVE_SUB_B] [16:41:32] FIRESTORM_GATE_BLOCK FOFO setup=move_strike prior_bar_ticks=54 threshold=6000
[MOVE_SUB_B] [16:41:33] STATS ticks=458528 symbols=86 pos=no daily_pnl=+0 drops=0
[MOVE_SUB_B] [16:41:33] FIRESTORM_GATE_BLOCK FOFO setup=move_strike prior_bar_ticks=54 threshold=6000
[MOVE_SUB_B] [16:41:34] FIRESTORM_GATE_BLOCK FOFO setup=move_strike prior_bar_ticks=54 threshold=6000
[MOVE_SUB_B] [16:41:34] FIRESTORM_GATE_BLOCK FOFO setup=move_strike prior_bar_ticks=54 threshold=6000
[MOVE_SUB_B] [16:41:34] FIRESTORM_GATE_BLOCK FOFO setup=move_strike prior_bar_ticks=54 threshold=6000
[MOVE_SUB_B] [16:41:35] FIRESTORM_GATE_BLOCK FOFO setup=move_strike prior_bar_ticks=54 threshold=6000
[MOVE_SUB_B] [16:41:41] FIRESTORM_GATE_BLOCK FOFO setup=move_strike prior_bar_ticks=54 threshold=6000
[MOVE_SUB_B] [16:41:43] FIRESTORM_GATE_BLOCK FOFO setup=move_strike prior_bar_ticks=54 threshold=6000
[MOVE_SUB_B] [16:41:50] FIRESTORM_GATE_BLOCK FOFO setup=move_strike prior_bar_ticks=54 threshold=6000
[MOVE_SUB_B] [16:41:55] FIRESTORM_GATE_BLOCK FOFO setup=move_strike prior_bar_ticks=54 threshold=6000
[MOVE_SUB_B] [16:41:56] FIRESTORM_GATE_BLOCK FOFO setup=move_strike prior_bar_ticks=54 threshold=6000
[MOVE_SUB_B] [16:42:33] STATS ticks=459285 symbols=86 pos=no daily_pnl=+0 drops=0
[MOVE_SUB_B] [16:43:34] STATS ticks=459663 symbols=86 pos=no daily_pnl=+0 drops=0
[MOVE_SUB_B] [16:44:34] STATS ticks=460186 symbols=86 pos=no daily_pnl=+0 drops=0
[MOVE_SUB_B] [16:45:34] STATS ticks=460799 symbols=86 pos=no daily_pnl=+0 drops=0
[MOVE_SUB_B] [16:46:34] STATS ticks=462162 symbols=86 pos=no daily_pnl=+0 drops=0
[MOVE_SUB_B] [16:47:34] STATS ticks=463623 symbols=86 pos=no daily_pnl=+0 drops=0
[MOVE_SUB_B] [16:48:35] STATS ticks=464957 symbols=86 pos=no daily_pnl=+0 drops=0
[MOVE_SUB_B] [16:49:35] STATS ticks=465702 symbols=86 pos=no daily_pnl=+0 drops=0
[MOVE_SUB_B] [16:50:36] STATS ticks=466236 symbols=86 pos=no daily_pnl=+0 drops=0
[MOVE_SUB_B] [16:51:36] STATS ticks=466788 symbols=86 pos=no daily_pnl=+0 drops=0
[MOVE_SUB_B] [16:52:37] STATS ticks=467615 symbols=86 pos=no daily_pnl=+0 drops=0
[MOVE_SUB_B] [16:52:49] FIRESTORM_GATE_BLOCK ABTS setup=move_strike prior_bar_ticks=35 threshold=6000
[MOVE_SUB_B] [16:52:49] FIRESTORM_GATE_BLOCK ABTS setup=move_strike prior_bar_ticks=35 threshold=6000
[MOVE_SUB_B] [16:52:51] FIRESTORM_GATE_BLOCK ABTS setup=move_strike prior_bar_ticks=35 threshold=6000
[MOVE_SUB_B] [16:52:56] FIRESTORM_GATE_BLOCK ABTS setup=move_strike prior_bar_ticks=35 threshold=6000
[MOVE_SUB_B] [16:52:57] FIRESTORM_GATE_BLOCK ABTS setup=move_strike prior_bar_ticks=35 threshold=6000
[MOVE_SUB_B] [16:52:57] FIRESTORM_GATE_BLOCK ABTS setup=move_strike prior_bar_ticks=35 threshold=6000
[MOVE_SUB_B] [16:52:59] FIRESTORM_GATE_BLOCK ABTS setup=move_strike prior_bar_ticks=35 threshold=6000
[MOVE_SUB_B] [16:53:37] STATS ticks=468239 symbols=86 pos=no daily_pnl=+0 drops=0
[MOVE_SUB_B] [16:53:58] FIRESTORM_GATE_BLOCK FOFO setup=move_strike prior_bar_ticks=21 threshold=6000
[MOVE_SUB_B] [16:54:09] FIRESTORM_GATE_BLOCK FOFO setup=regime_shift prior_bar_ticks=13 threshold=6000
[MOVE_SUB_B] [16:54:37] STATS ticks=468722 symbols=86 pos=no daily_pnl=+0 drops=0
[MOVE_SUB_B] [16:55:37] STATS ticks=469153 symbols=86 pos=no daily_pnl=+0 drops=0
[MOVE_SUB_B] [16:56:37] STATS ticks=469554 symbols=86 pos=no daily_pnl=+0 drops=0
[MOVE_SUB_B] [16:57:30] FIRESTORM_GATE_BLOCK ABTS setup=move_strike prior_bar_ticks=29 threshold=6000
[MOVE_SUB_B] [16:57:30] FIRESTORM_GATE_BLOCK ABTS setup=move_strike prior_bar_ticks=29 threshold=6000
[MOVE_SUB_B] [16:57:30] FIRESTORM_GATE_BLOCK ABTS setup=move_strike prior_bar_ticks=29 threshold=6000
[MOVE_SUB_B] [16:57:30] FIRESTORM_GATE_BLOCK ABTS setup=move_strike prior_bar_ticks=29 threshold=6000
[MOVE_SUB_B] [16:57:32] FIRESTORM_GATE_BLOCK ABTS setup=move_strike prior_bar_ticks=29 threshold=6000
[MOVE_SUB_B] [16:57:33] FIRESTORM_GATE_BLOCK ABTS setup=move_strike prior_bar_ticks=29 threshold=6000
[MOVE_SUB_B] [16:57:34] FIRESTORM_GATE_BLOCK ABTS setup=move_strike prior_bar_ticks=29 threshold=6000
[MOVE_SUB_B] [16:57:34] FIRESTORM_GATE_BLOCK ABTS setup=move_strike prior_bar_ticks=29 threshold=6000
[MOVE_SUB_B] [16:57:36] FIRESTORM_GATE_BLOCK ABTS setup=move_strike prior_bar_ticks=29 threshold=6000
[MOVE_SUB_B] [16:57:36] FIRESTORM_GATE_BLOCK ABTS setup=move_strike prior_bar_ticks=29 threshold=6000
[MOVE_SUB_B] [16:57:36] FIRESTORM_GATE_BLOCK ABTS setup=move_strike prior_bar_ticks=29 threshold=6000
[MOVE_SUB_B] [16:57:37] FIRESTORM_GATE_BLOCK ABTS setup=move_strike prior_bar_ticks=29 threshold=6000
[MOVE_SUB_B] [16:57:37] STATS ticks=470052 symbols=86 pos=no daily_pnl=+0 drops=0
[MOVE_SUB_B] [16:57:38] FIRESTORM_GATE_BLOCK ABTS setup=move_strike prior_bar_ticks=29 threshold=6000
[MOVE_SUB_B] [16:57:38] FIRESTORM_GATE_BLOCK ABTS setup=move_strike prior_bar_ticks=29 threshold=6000
[MOVE_SUB_B] [16:57:38] FIRESTORM_GATE_BLOCK ABTS setup=move_strike prior_bar_ticks=29 threshold=6000
[MOVE_SUB_B] [16:57:42] FIRESTORM_GATE_BLOCK ABTS setup=move_strike prior_bar_ticks=29 threshold=6000
[MOVE_SUB_B] [16:57:42] FIRESTORM_GATE_BLOCK ABTS setup=move_strike prior_bar_ticks=29 threshold=6000
[MOVE_SUB_B] [16:57:42] FIRESTORM_GATE_BLOCK ABTS setup=move_strike prior_bar_ticks=29 threshold=6000
[MOVE_SUB_B] [16:57:42] FIRESTORM_GATE_BLOCK ABTS setup=move_strike prior_bar_ticks=29 threshold=6000
[MOVE_SUB_B] [16:57:45] FIRESTORM_GATE_BLOCK ABTS setup=move_strike prior_bar_ticks=29 threshold=6000
[MOVE_SUB_B] [16:57:56] FIRESTORM_GATE_BLOCK ABTS setup=move_strike prior_bar_ticks=29 threshold=6000
[MOVE_SUB_B] [16:57:56] FIRESTORM_GATE_BLOCK ABTS setup=move_strike prior_bar_ticks=29 threshold=6000
[MOVE_SUB_B] [16:58:38] STATS ticks=470503 symbols=86 pos=no daily_pnl=+0 drops=0
[MOVE_SUB_B] [16:59:38] STATS ticks=470823 symbols=86 pos=no daily_pnl=+0 drops=0
[MOVE_SUB_B] [17:00:39] STATS ticks=471184 symbols=86 pos=no daily_pnl=+0 drops=0
[MOVE_SUB_B] [17:01:39] STATS ticks=471820 symbols=86 pos=no daily_pnl=+0 drops=0
[MOVE_SUB_B] [17:02:18] FIRESTORM_GATE_BLOCK FOFO setup=move_strike prior_bar_ticks=2 threshold=6000
[MOVE_SUB_B] [17:02:39] STATS ticks=472216 symbols=86 pos=no daily_pnl=+0 drops=0
[MOVE_SUB_B] [17:03:40] STATS ticks=472468 symbols=86 pos=no daily_pnl=+0 drops=0
[MOVE_SUB_B] [17:04:40] STATS ticks=472732 symbols=86 pos=no daily_pnl=+0 drops=0
[MOVE_SUB_B] [17:05:40] STATS ticks=473057 symbols=86 pos=no daily_pnl=+0 drops=0
[MOVE_SUB_B] [17:05:48] FIRESTORM_GATE_BLOCK FOFO setup=move_strike prior_bar_ticks=4 threshold=6000
[MOVE_SUB_B] [17:05:48] FIRESTORM_GATE_BLOCK FOFO setup=move_strike prior_bar_ticks=4 threshold=6000
[MOVE_SUB_B] [17:05:48] FIRESTORM_GATE_BLOCK FOFO setup=move_strike prior_bar_ticks=4 threshold=6000
[MOVE_SUB_B] [17:05:51] FIRESTORM_GATE_BLOCK FOFO setup=move_strike prior_bar_ticks=4 threshold=6000
[MOVE_SUB_B] [17:06:10] FIRESTORM_GATE_BLOCK ABTS setup=move_strike prior_bar_ticks=36 threshold=6000
[MOVE_SUB_B] [17:06:10] FIRESTORM_GATE_BLOCK ABTS setup=move_strike prior_bar_ticks=36 threshold=6000
[MOVE_SUB_B] [17:06:10] FIRESTORM_GATE_BLOCK ABTS setup=move_strike prior_bar_ticks=36 threshold=6000
[MOVE_SUB_B] [17:06:10] FIRESTORM_GATE_BLOCK ABTS setup=move_strike prior_bar_ticks=36 threshold=6000
[MOVE_SUB_B] [17:06:10] FIRESTORM_GATE_BLOCK ABTS setup=move_strike prior_bar_ticks=36 threshold=6000
[MOVE_SUB_B] [17:06:40] STATS ticks=473283 symbols=86 pos=no daily_pnl=+0 drops=0
[MOVE_SUB_B] [17:06:54] FIRESTORM_GATE_BLOCK ABTS setup=move_strike prior_bar_ticks=36 threshold=6000
[MOVE_SUB_B] [17:06:54] FIRESTORM_GATE_BLOCK ABTS setup=move_strike prior_bar_ticks=36 threshold=6000
[MOVE_SUB_B] [17:06:54] FIRESTORM_GATE_BLOCK ABTS setup=move_strike prior_bar_ticks=36 threshold=6000
[MOVE_SUB_B] [17:06:54] FIRESTORM_GATE_BLOCK ABTS setup=move_strike prior_bar_ticks=36 threshold=6000
[MOVE_SUB_B] [17:06:55] FIRESTORM_GATE_BLOCK ABTS setup=move_strike prior_bar_ticks=36 threshold=6000
[MOVE_SUB_B] [17:06:55] FIRESTORM_GATE_BLOCK ABTS setup=move_strike prior_bar_ticks=36 threshold=6000
[MOVE_SUB_B] [17:06:55] FIRESTORM_GATE_BLOCK ABTS setup=move_strike prior_bar_ticks=36 threshold=6000
[MOVE_SUB_B] [17:06:55] FIRESTORM_GATE_BLOCK ABTS setup=move_strike prior_bar_ticks=36 threshold=6000
[MOVE_SUB_B] [17:06:56] FIRESTORM_GATE_BLOCK ABTS setup=move_strike prior_bar_ticks=36 threshold=6000
[MOVE_SUB_B] [17:06:56] FIRESTORM_GATE_BLOCK ABTS setup=move_strike prior_bar_ticks=36 threshold=6000
[MOVE_SUB_B] [17:07:41] STATS ticks=473789 symbols=86 pos=no daily_pnl=+0 drops=0
[MOVE_SUB_B] [17:08:41] STATS ticks=474491 symbols=86 pos=no daily_pnl=+0 drops=0
[MOVE_SUB_B] [17:09:30] FIRESTORM_GATE_BLOCK ABTS setup=move_strike prior_bar_ticks=14 threshold=6000
[MOVE_SUB_B] [17:09:31] FIRESTORM_GATE_BLOCK ABTS setup=move_strike prior_bar_ticks=14 threshold=6000
[MOVE_SUB_B] [17:09:31] FIRESTORM_GATE_BLOCK ABTS setup=move_strike prior_bar_ticks=14 threshold=6000
[MOVE_SUB_B] [17:09:32] FIRESTORM_GATE_BLOCK ABTS setup=move_strike prior_bar_ticks=14 threshold=6000
[MOVE_SUB_B] [17:09:37] FIRESTORM_GATE_BLOCK ABTS setup=move_strike prior_bar_ticks=14 threshold=6000
[MOVE_SUB_B] [17:09:38] FIRESTORM_GATE_BLOCK ABTS setup=move_strike prior_bar_ticks=14 threshold=6000
[MOVE_SUB_B] [17:09:39] FIRESTORM_GATE_BLOCK ABTS setup=move_strike prior_bar_ticks=14 threshold=6000
[MOVE_SUB_B] [17:09:40] FIRESTORM_GATE_BLOCK ABTS setup=move_strike prior_bar_ticks=14 threshold=6000
[MOVE_SUB_B] [17:09:41] FIRESTORM_GATE_BLOCK ABTS setup=move_strike prior_bar_ticks=14 threshold=6000
[MOVE_SUB_B] [17:09:41] FIRESTORM_GATE_BLOCK ABTS setup=move_strike prior_bar_ticks=14 threshold=6000
[MOVE_SUB_B] [17:09:41] STATS ticks=476178 symbols=86 pos=no daily_pnl=+0 drops=0
[MOVE_SUB_B] [17:09:42] FIRESTORM_GATE_BLOCK ABTS setup=move_strike prior_bar_ticks=14 threshold=6000
[MOVE_SUB_B] [17:09:42] FIRESTORM_GATE_BLOCK ABTS setup=move_strike prior_bar_ticks=14 threshold=6000
[MOVE_SUB_B] [17:09:42] FIRESTORM_GATE_BLOCK ABTS setup=move_strike prior_bar_ticks=14 threshold=6000
[MOVE_SUB_B] [17:09:47] FIRESTORM_GATE_BLOCK ABTS setup=move_strike prior_bar_ticks=14 threshold=6000
[MOVE_SUB_B] [17:09:47] FIRESTORM_GATE_BLOCK ABTS setup=move_strike prior_bar_ticks=14 threshold=6000
[MOVE_SUB_B] [17:09:47] FIRESTORM_GATE_BLOCK ABTS setup=move_strike prior_bar_ticks=14 threshold=6000
[MOVE_SUB_B] [17:09:47] FIRESTORM_GATE_BLOCK ABTS setup=move_strike prior_bar_ticks=14 threshold=6000
[MOVE_SUB_B] [17:09:49] FIRESTORM_GATE_BLOCK ABTS setup=move_strike prior_bar_ticks=14 threshold=6000
[MOVE_SUB_B] [17:09:49] FIRESTORM_GATE_BLOCK ABTS setup=move_strike prior_bar_ticks=14 threshold=6000
[MOVE_SUB_B] [17:09:49] FIRESTORM_GATE_BLOCK ABTS setup=move_strike prior_bar_ticks=14 threshold=6000
[MOVE_SUB_B] [17:09:49] FIRESTORM_GATE_BLOCK ABTS setup=move_strike prior_bar_ticks=14 threshold=6000
[MOVE_SUB_B] [17:09:50] FIRESTORM_GATE_BLOCK ABTS setup=move_strike prior_bar_ticks=14 threshold=6000
[MOVE_SUB_B] [17:09:56] FIRESTORM_GATE_BLOCK ABTS setup=move_strike prior_bar_ticks=14 threshold=6000
[MOVE_SUB_B] [17:10:42] STATS ticks=477411 symbols=86 pos=no daily_pnl=+0 drops=0
[MOVE_SUB_B] [17:11:42] STATS ticks=478614 symbols=86 pos=no daily_pnl=+0 drops=0
[MOVE_SUB_B] [17:12:42] STATS ticks=479110 symbols=86 pos=no daily_pnl=+0 drops=0
[MOVE_SUB_B] [17:13:42] STATS ticks=479950 symbols=86 pos=no daily_pnl=+0 drops=0
[MOVE_SUB_B] [17:13:55] FIRESTORM_GATE_BLOCK ABTS setup=move_strike prior_bar_ticks=24 threshold=6000
[MOVE_SUB_B] [17:13:55] FIRESTORM_GATE_BLOCK ABTS setup=move_strike prior_bar_ticks=24 threshold=6000
[MOVE_SUB_B] [17:13:55] FIRESTORM_GATE_BLOCK ABTS setup=move_strike prior_bar_ticks=24 threshold=6000
[MOVE_SUB_B] [17:13:55] FIRESTORM_GATE_BLOCK ABTS setup=move_strike prior_bar_ticks=24 threshold=6000
[MOVE_SUB_B] [17:13:55] FIRESTORM_GATE_BLOCK ABTS setup=move_strike prior_bar_ticks=24 threshold=6000
[MOVE_SUB_B] [17:13:56] FIRESTORM_GATE_BLOCK ABTS setup=move_strike prior_bar_ticks=24 threshold=6000
[MOVE_SUB_B] [17:13:56] FIRESTORM_GATE_BLOCK ABTS setup=move_strike prior_bar_ticks=24 threshold=6000
[MOVE_SUB_B] [17:13:57] FIRESTORM_GATE_BLOCK ABTS setup=move_strike prior_bar_ticks=24 threshold=6000
[MOVE_SUB_B] [17:13:57] FIRESTORM_GATE_BLOCK ABTS setup=move_strike prior_bar_ticks=24 threshold=6000
[MOVE_SUB_B] [17:13:57] FIRESTORM_GATE_BLOCK ABTS setup=move_strike prior_bar_ticks=24 threshold=6000
[MOVE_SUB_B] [17:13:57] FIRESTORM_GATE_BLOCK ABTS setup=move_strike prior_bar_ticks=24 threshold=6000
[MOVE_SUB_B] [17:13:57] FIRESTORM_GATE_BLOCK ABTS setup=move_strike prior_bar_ticks=24 threshold=6000
[MOVE_SUB_B] [17:13:57] FIRESTORM_GATE_BLOCK ABTS setup=move_strike prior_bar_ticks=24 threshold=6000
[MOVE_SUB_B] [17:13:57] FIRESTORM_GATE_BLOCK ABTS setup=move_strike prior_bar_ticks=24 threshold=6000
[MOVE_SUB_B] [17:13:57] FIRESTORM_GATE_BLOCK ABTS setup=move_strike prior_bar_ticks=24 threshold=6000
[MOVE_SUB_B] [17:13:58] FIRESTORM_GATE_BLOCK ABTS setup=move_strike prior_bar_ticks=24 threshold=6000
[MOVE_SUB_B] [17:13:59] FIRESTORM_GATE_BLOCK ABTS setup=move_strike prior_bar_ticks=24 threshold=6000
[MOVE_SUB_B] [17:14:43] STATS ticks=480371 symbols=86 pos=no daily_pnl=+0 drops=0
[MOVE_SUB_B] [17:15:33] FIRESTORM_GATE_BLOCK ABTS setup=move_strike prior_bar_ticks=48 threshold=6000
[MOVE_SUB_B] [17:15:33] FIRESTORM_GATE_BLOCK ABTS setup=move_strike prior_bar_ticks=48 threshold=6000
[MOVE_SUB_B] [17:15:36] FIRESTORM_GATE_BLOCK ABTS setup=move_strike prior_bar_ticks=48 threshold=6000
[MOVE_SUB_B] [17:15:37] FIRESTORM_GATE_BLOCK ABTS setup=move_strike prior_bar_ticks=48 threshold=6000
[MOVE_SUB_B] [17:15:37] FIRESTORM_GATE_BLOCK ABTS setup=move_strike prior_bar_ticks=48 threshold=6000
[MOVE_SUB_B] [17:15:37] FIRESTORM_GATE_BLOCK ABTS setup=move_strike prior_bar_ticks=48 threshold=6000
[MOVE_SUB_B] [17:15:37] FIRESTORM_GATE_BLOCK ABTS setup=move_strike prior_bar_ticks=48 threshold=6000
[MOVE_SUB_B] [17:15:37] FIRESTORM_GATE_BLOCK ABTS setup=move_strike prior_bar_ticks=48 threshold=6000
[MOVE_SUB_B] [17:15:37] FIRESTORM_GATE_BLOCK ABTS setup=move_strike prior_bar_ticks=48 threshold=6000
[MOVE_SUB_B] [17:15:37] FIRESTORM_GATE_BLOCK ABTS setup=move_strike prior_bar_ticks=48 threshold=6000
[MOVE_SUB_B] [17:15:37] FIRESTORM_GATE_BLOCK ABTS setup=move_strike prior_bar_ticks=48 threshold=6000
[MOVE_SUB_B] [17:15:39] FIRESTORM_GATE_BLOCK ABTS setup=move_strike prior_bar_ticks=48 threshold=6000
[MOVE_SUB_B] [17:15:39] FIRESTORM_GATE_BLOCK ABTS setup=move_strike prior_bar_ticks=48 threshold=6000
[MOVE_SUB_B] [17:15:41] FIRESTORM_GATE_BLOCK ABTS setup=move_strike prior_bar_ticks=48 threshold=6000
[MOVE_SUB_B] [17:15:43] FIRESTORM_GATE_BLOCK ABTS setup=move_strike prior_bar_ticks=48 threshold=6000
[MOVE_SUB_B] [17:15:43] STATS ticks=480798 symbols=86 pos=no daily_pnl=+0 drops=0
[MOVE_SUB_B] [17:15:44] FIRESTORM_GATE_BLOCK ABTS setup=move_strike prior_bar_ticks=48 threshold=6000
[MOVE_SUB_B] [17:15:47] FIRESTORM_GATE_BLOCK ABTS setup=move_strike prior_bar_ticks=48 threshold=6000
[MOVE_SUB_B] [17:15:47] FIRESTORM_GATE_BLOCK ABTS setup=move_strike prior_bar_ticks=48 threshold=6000
[MOVE_SUB_B] [17:15:47] FIRESTORM_GATE_BLOCK ABTS setup=move_strike prior_bar_ticks=48 threshold=6000
[MOVE_SUB_B] [17:15:49] FIRESTORM_GATE_BLOCK ABTS setup=move_strike prior_bar_ticks=48 threshold=6000
[MOVE_SUB_B] [17:15:49] FIRESTORM_GATE_BLOCK ABTS setup=move_strike prior_bar_ticks=48 threshold=6000
[MOVE_SUB_B] [17:15:50] FIRESTORM_GATE_BLOCK ABTS setup=move_strike prior_bar_ticks=48 threshold=6000
[MOVE_SUB_B] [17:15:50] FIRESTORM_GATE_BLOCK ABTS setup=move_strike prior_bar_ticks=48 threshold=6000
[MOVE_SUB_B] [17:15:54] FIRESTORM_GATE_BLOCK ABTS setup=move_strike prior_bar_ticks=48 threshold=6000
[MOVE_SUB_B] [17:15:56] FIRESTORM_GATE_BLOCK ABTS setup=move_strike prior_bar_ticks=48 threshold=6000
[MOVE_SUB_B] [17:15:56] FIRESTORM_GATE_BLOCK FOFO setup=move_strike prior_bar_ticks=5 threshold=6000
[MOVE_SUB_B] [17:15:56] FIRESTORM_GATE_BLOCK FOFO setup=move_strike prior_bar_ticks=5 threshold=6000
[MOVE_SUB_B] [17:15:56] FIRESTORM_GATE_BLOCK FOFO setup=move_strike prior_bar_ticks=5 threshold=6000
[MOVE_SUB_B] [17:15:56] FIRESTORM_GATE_BLOCK FOFO setup=move_strike prior_bar_ticks=5 threshold=6000
[MOVE_SUB_B] [17:16:45] STATS ticks=481271 symbols=86 pos=no daily_pnl=+0 drops=0
[MOVE_SUB_B] [17:17:45] STATS ticks=481555 symbols=86 pos=no daily_pnl=+0 drops=0
[MOVE_SUB_B] [17:18:46] STATS ticks=481827 symbols=86 pos=no daily_pnl=+0 drops=0
[MOVE_SUB_B] [17:19:46] STATS ticks=482537 symbols=86 pos=no daily_pnl=+0 drops=0
[MOVE_SUB_B] [17:20:47] STATS ticks=484603 symbols=86 pos=no daily_pnl=+0 drops=0
[MOVE_SUB_B] [17:21:47] STATS ticks=486036 symbols=86 pos=no daily_pnl=+0 drops=0
[MOVE_SUB_B] [17:22:47] STATS ticks=487160 symbols=86 pos=no daily_pnl=+0 drops=0
[MOVE_SUB_B] [17:23:47] STATS ticks=488731 symbols=86 pos=no daily_pnl=+0 drops=0
[MOVE_SUB_B] [17:24:47] STATS ticks=489456 symbols=86 pos=no daily_pnl=+0 drops=0
[MOVE_SUB_B] [17:25:47] STATS ticks=490097 symbols=86 pos=no daily_pnl=+0 drops=0
[MOVE_SUB_B] [17:25:59] FIRESTORM_GATE_BLOCK FOFO setup=move_strike prior_bar_ticks=13 threshold=6000
[MOVE_SUB_B] [17:25:59] FIRESTORM_GATE_BLOCK FOFO setup=move_strike prior_bar_ticks=13 threshold=6000
[MOVE_SUB_B] [17:25:59] FIRESTORM_GATE_BLOCK FOFO setup=move_strike prior_bar_ticks=13 threshold=6000
[MOVE_SUB_B] [17:25:59] FIRESTORM_GATE_BLOCK FOFO setup=move_strike prior_bar_ticks=13 threshold=6000
[MOVE_SUB_B] [17:26:48] STATS ticks=490963 symbols=86 pos=no daily_pnl=+0 drops=0
[MOVE_SUB_B] [17:27:48] STATS ticks=491564 symbols=86 pos=no daily_pnl=+0 drops=0
[MOVE_SUB_B] [17:28:48] STATS ticks=492149 symbols=86 pos=no daily_pnl=+0 drops=0
[MOVE_SUB_B] [17:29:49] STATS ticks=492664 symbols=86 pos=no daily_pnl=+0 drops=0
[MOVE_SUB_B] [17:30:49] STATS ticks=493079 symbols=86 pos=no daily_pnl=+0 drops=0
[MOVE_SUB_B] [17:31:49] STATS ticks=493463 symbols=86 pos=no daily_pnl=+0 drops=0
[MOVE_SUB_B] [17:31:57] FIRESTORM_GATE_BLOCK FOFO setup=move_strike prior_bar_ticks=4 threshold=6000
[MOVE_SUB_B] [17:31:57] FIRESTORM_GATE_BLOCK FOFO setup=move_strike prior_bar_ticks=4 threshold=6000
[MOVE_SUB_B] [17:31:57] FIRESTORM_GATE_BLOCK FOFO setup=move_strike prior_bar_ticks=4 threshold=6000
[MOVE_SUB_B] [17:32:49] STATS ticks=493860 symbols=86 pos=no daily_pnl=+0 drops=0
[MOVE_SUB_B] [17:33:50] STATS ticks=494084 symbols=86 pos=no daily_pnl=+0 drops=0
[MOVE_SUB_B] [17:34:50] STATS ticks=494428 symbols=86 pos=no daily_pnl=+0 drops=0
[MOVE_SUB_B] [17:35:50] STATS ticks=494932 symbols=86 pos=no daily_pnl=+0 drops=0
[MOVE_SUB_B] [17:36:49] FIRESTORM_GATE_BLOCK ABTS setup=move_strike prior_bar_ticks=11 threshold=6000
[MOVE_SUB_B] [17:36:49] FIRESTORM_GATE_BLOCK ABTS setup=move_strike prior_bar_ticks=11 threshold=6000
[MOVE_SUB_B] [17:36:49] FIRESTORM_GATE_BLOCK ABTS setup=move_strike prior_bar_ticks=11 threshold=6000
[MOVE_SUB_B] [17:36:50] STATS ticks=495501 symbols=86 pos=no daily_pnl=+0 drops=0
[MOVE_SUB_B] [17:36:56] FIRESTORM_GATE_BLOCK ABTS setup=move_strike prior_bar_ticks=11 threshold=6000
[MOVE_SUB_B] [17:37:50] STATS ticks=495971 symbols=86 pos=no daily_pnl=+0 drops=0
[MOVE_SUB_B] [17:38:07] FIRESTORM_GATE_BLOCK FOFO setup=move_strike prior_bar_ticks=2 threshold=6000
[MOVE_SUB_B] [17:38:07] FIRESTORM_GATE_BLOCK FOFO setup=move_strike prior_bar_ticks=2 threshold=6000
[MOVE_SUB_B] [17:38:07] FIRESTORM_GATE_BLOCK FOFO setup=move_strike prior_bar_ticks=2 threshold=6000
[MOVE_SUB_B] [17:38:07] FIRESTORM_GATE_BLOCK FOFO setup=move_strike prior_bar_ticks=2 threshold=6000
[MOVE_SUB_B] [17:38:07] FIRESTORM_GATE_BLOCK FOFO setup=move_strike prior_bar_ticks=2 threshold=6000
[MOVE_SUB_B] [17:38:08] FIRESTORM_GATE_BLOCK FOFO setup=move_strike prior_bar_ticks=2 threshold=6000
[MOVE_SUB_B] [17:38:08] FIRESTORM_GATE_BLOCK FOFO setup=move_strike prior_bar_ticks=2 threshold=6000
[MOVE_SUB_B] [17:38:36] FIRESTORM_GATE_BLOCK FOFO setup=move_strike prior_bar_ticks=2 threshold=6000
[MOVE_SUB_B] [17:38:51] STATS ticks=496279 symbols=86 pos=no daily_pnl=+0 drops=0
[MOVE_SUB_B] [17:39:49] FIRESTORM_GATE_BLOCK ABTS setup=move_strike prior_bar_ticks=20 threshold=6000
[MOVE_SUB_B] [17:39:52] STATS ticks=496551 symbols=86 pos=no daily_pnl=+0 drops=0
[MOVE_SUB_B] [17:40:17] FIRESTORM_GATE_BLOCK ABTS setup=move_strike prior_bar_ticks=18 threshold=6000
[MOVE_SUB_B] [17:40:18] FIRESTORM_GATE_BLOCK ABTS setup=move_strike prior_bar_ticks=18 threshold=6000
[MOVE_SUB_B] [17:40:22] FIRESTORM_GATE_BLOCK ABTS setup=move_strike prior_bar_ticks=18 threshold=6000
[MOVE_SUB_B] [17:40:22] FIRESTORM_GATE_BLOCK ABTS setup=move_strike prior_bar_ticks=18 threshold=6000
[MOVE_SUB_B] [17:40:22] FIRESTORM_GATE_BLOCK ABTS setup=move_strike prior_bar_ticks=18 threshold=6000
[MOVE_SUB_B] [17:40:22] FIRESTORM_GATE_BLOCK ABTS setup=move_strike prior_bar_ticks=18 threshold=6000
[MOVE_SUB_B] [17:40:24] FIRESTORM_GATE_BLOCK ABTS setup=move_strike prior_bar_ticks=18 threshold=6000
[MOVE_SUB_B] [17:40:24] FIRESTORM_GATE_BLOCK ABTS setup=move_strike prior_bar_ticks=18 threshold=6000
[MOVE_SUB_B] [17:40:24] FIRESTORM_GATE_BLOCK ABTS setup=move_strike prior_bar_ticks=18 threshold=6000
[MOVE_SUB_B] [17:40:24] FIRESTORM_GATE_BLOCK ABTS setup=move_strike prior_bar_ticks=18 threshold=6000
[MOVE_SUB_B] [17:40:24] FIRESTORM_GATE_BLOCK ABTS setup=move_strike prior_bar_ticks=18 threshold=6000
[MOVE_SUB_B] [17:40:24] FIRESTORM_GATE_BLOCK ABTS setup=move_strike prior_bar_ticks=18 threshold=6000
[MOVE_SUB_B] [17:40:24] FIRESTORM_GATE_BLOCK ABTS setup=move_strike prior_bar_ticks=18 threshold=6000
[MOVE_SUB_B] [17:40:25] FIRESTORM_GATE_BLOCK ABTS setup=move_strike prior_bar_ticks=18 threshold=6000
[MOVE_SUB_B] [17:40:26] FIRESTORM_GATE_BLOCK ABTS setup=move_strike prior_bar_ticks=18 threshold=6000
[MOVE_SUB_B] [17:40:26] FIRESTORM_GATE_BLOCK ABTS setup=move_strike prior_bar_ticks=18 threshold=6000
[MOVE_SUB_B] [17:40:26] FIRESTORM_GATE_BLOCK ABTS setup=move_strike prior_bar_ticks=18 threshold=6000
[MOVE_SUB_B] [17:40:26] FIRESTORM_GATE_BLOCK ABTS setup=move_strike prior_bar_ticks=18 threshold=6000
[MOVE_SUB_B] [17:40:26] FIRESTORM_GATE_BLOCK ABTS setup=move_strike prior_bar_ticks=18 threshold=6000
[MOVE_SUB_B] [17:40:26] FIRESTORM_GATE_BLOCK ABTS setup=move_strike prior_bar_ticks=18 threshold=6000
[MOVE_SUB_B] [17:40:27] FIRESTORM_GATE_BLOCK ABTS setup=move_strike prior_bar_ticks=18 threshold=6000
[MOVE_SUB_B] [17:40:27] FIRESTORM_GATE_BLOCK ABTS setup=move_strike prior_bar_ticks=18 threshold=6000
[MOVE_SUB_B] [17:40:27] FIRESTORM_GATE_BLOCK ABTS setup=move_strike prior_bar_ticks=18 threshold=6000
[MOVE_SUB_B] [17:40:27] FIRESTORM_GATE_BLOCK ABTS setup=move_strike prior_bar_ticks=18 threshold=6000
[MOVE_SUB_B] [17:40:32] FIRESTORM_GATE_BLOCK ABTS setup=move_strike prior_bar_ticks=18 threshold=6000
[MOVE_SUB_B] [17:40:33] FIRESTORM_GATE_BLOCK ABTS setup=move_strike prior_bar_ticks=18 threshold=6000
[MOVE_SUB_B] [17:40:33] FIRESTORM_GATE_BLOCK ABTS setup=move_strike prior_bar_ticks=18 threshold=6000
[MOVE_SUB_B] [17:40:36] FIRESTORM_GATE_BLOCK ABTS setup=move_strike prior_bar_ticks=18 threshold=6000
[MOVE_SUB_B] [17:40:38] FIRESTORM_GATE_BLOCK ABTS setup=move_strike prior_bar_ticks=18 threshold=6000
[MOVE_SUB_B] [17:40:43] FIRESTORM_GATE_BLOCK ABTS setup=move_strike prior_bar_ticks=18 threshold=6000
[MOVE_SUB_B] [17:40:47] FIRESTORM_GATE_BLOCK ABTS setup=move_strike prior_bar_ticks=18 threshold=6000
[MOVE_SUB_B] [17:40:47] FIRESTORM_GATE_BLOCK ABTS setup=move_strike prior_bar_ticks=18 threshold=6000
[MOVE_SUB_B] [17:40:47] FIRESTORM_GATE_BLOCK ABTS setup=move_strike prior_bar_ticks=18 threshold=6000
[MOVE_SUB_B] [17:40:47] FIRESTORM_GATE_BLOCK ABTS setup=move_strike prior_bar_ticks=18 threshold=6000
[MOVE_SUB_B] [17:40:48] FIRESTORM_GATE_BLOCK ABTS setup=move_strike prior_bar_ticks=18 threshold=6000
[MOVE_SUB_B] [17:40:50] FIRESTORM_GATE_BLOCK ABTS setup=move_strike prior_bar_ticks=18 threshold=6000
[MOVE_SUB_B] [17:40:52] STATS ticks=496884 symbols=86 pos=no daily_pnl=+0 drops=0
[MOVE_SUB_B] [17:40:56] FIRESTORM_GATE_BLOCK ABTS setup=move_strike prior_bar_ticks=18 threshold=6000
[MOVE_SUB_B] [17:41:53] STATS ticks=497238 symbols=86 pos=no daily_pnl=+0 drops=0
[MOVE_SUB_B] [17:42:53] STATS ticks=497542 symbols=86 pos=no daily_pnl=+0 drops=0
[MOVE_SUB_B] [17:43:53] STATS ticks=497828 symbols=86 pos=no daily_pnl=+0 drops=0
[MOVE_SUB_B] [17:44:53] STATS ticks=498172 symbols=86 pos=no daily_pnl=+0 drops=0
[MOVE_SUB_B] [17:45:08] FIRESTORM_GATE_BLOCK ABTS setup=move_strike prior_bar_ticks=51 threshold=6000
[MOVE_SUB_B] [17:45:08] FIRESTORM_GATE_BLOCK ABTS setup=move_strike prior_bar_ticks=51 threshold=6000
[MOVE_SUB_B] [17:45:12] FIRESTORM_GATE_BLOCK ABTS setup=move_strike prior_bar_ticks=51 threshold=6000
[MOVE_SUB_B] [17:45:12] FIRESTORM_GATE_BLOCK ABTS setup=move_strike prior_bar_ticks=51 threshold=6000
[MOVE_SUB_B] [17:45:19] FIRESTORM_GATE_BLOCK ABTS setup=move_strike prior_bar_ticks=51 threshold=6000
[MOVE_SUB_B] [17:45:19] FIRESTORM_GATE_BLOCK ABTS setup=move_strike prior_bar_ticks=51 threshold=6000
[MOVE_SUB_B] [17:45:20] FIRESTORM_GATE_BLOCK ABTS setup=move_strike prior_bar_ticks=51 threshold=6000
[MOVE_SUB_B] [17:45:23] FIRESTORM_GATE_BLOCK ABTS setup=move_strike prior_bar_ticks=51 threshold=6000
[MOVE_SUB_B] [17:45:24] FIRESTORM_GATE_BLOCK ABTS setup=move_strike prior_bar_ticks=51 threshold=6000
[MOVE_SUB_B] [17:45:24] FIRESTORM_GATE_BLOCK ABTS setup=move_strike prior_bar_ticks=51 threshold=6000
[MOVE_SUB_B] [17:45:54] STATS ticks=498438 symbols=86 pos=no daily_pnl=+0 drops=0
[MOVE_SUB_B] [17:46:54] STATS ticks=498637 symbols=86 pos=no daily_pnl=+0 drops=0
[MOVE_SUB_B] [17:46:56] FIRESTORM_GATE_BLOCK ABTS setup=move_strike prior_bar_ticks=77 threshold=6000
[MOVE_SUB_B] [17:46:58] FIRESTORM_GATE_BLOCK ABTS setup=move_strike prior_bar_ticks=77 threshold=6000
[MOVE_SUB_B] [17:46:58] FIRESTORM_GATE_BLOCK ABTS setup=move_strike prior_bar_ticks=77 threshold=6000
[MOVE_SUB_B] [17:46:58] FIRESTORM_GATE_BLOCK ABTS setup=move_strike prior_bar_ticks=77 threshold=6000
[MOVE_SUB_B] [17:46:59] FIRESTORM_GATE_BLOCK ABTS setup=move_strike prior_bar_ticks=77 threshold=6000
[MOVE_SUB_B] [17:47:02] FIRESTORM_GATE_BLOCK ABTS setup=move_strike prior_bar_ticks=48 threshold=6000
[MOVE_SUB_B] [17:47:02] FIRESTORM_GATE_BLOCK ABTS setup=move_strike prior_bar_ticks=48 threshold=6000
[MOVE_SUB_B] [17:47:02] FIRESTORM_GATE_BLOCK ABTS setup=move_strike prior_bar_ticks=48 threshold=6000
[MOVE_SUB_B] [17:47:02] FIRESTORM_GATE_BLOCK ABTS setup=move_strike prior_bar_ticks=48 threshold=6000
[MOVE_SUB_B] [17:47:02] FIRESTORM_GATE_BLOCK ABTS setup=move_strike prior_bar_ticks=48 threshold=6000
[MOVE_SUB_B] [17:47:02] FIRESTORM_GATE_BLOCK ABTS setup=move_strike prior_bar_ticks=48 threshold=6000
[MOVE_SUB_B] [17:47:02] FIRESTORM_GATE_BLOCK ABTS setup=move_strike prior_bar_ticks=48 threshold=6000
[MOVE_SUB_B] [17:47:02] FIRESTORM_GATE_BLOCK ABTS setup=move_strike prior_bar_ticks=48 threshold=6000
[MOVE_SUB_B] [17:47:02] FIRESTORM_GATE_BLOCK ABTS setup=move_strike prior_bar_ticks=48 threshold=6000
[MOVE_SUB_B] [17:47:02] FIRESTORM_GATE_BLOCK ABTS setup=move_strike prior_bar_ticks=48 threshold=6000
[MOVE_SUB_B] [17:47:02] FIRESTORM_GATE_BLOCK ABTS setup=move_strike prior_bar_ticks=48 threshold=6000
[MOVE_SUB_B] [17:47:02] FIRESTORM_GATE_BLOCK ABTS setup=move_strike prior_bar_ticks=48 threshold=6000
[MOVE_SUB_B] [17:47:02] FIRESTORM_GATE_BLOCK ABTS setup=move_strike prior_bar_ticks=48 threshold=6000
[MOVE_SUB_B] [17:47:02] FIRESTORM_GATE_BLOCK ABTS setup=move_strike prior_bar_ticks=48 threshold=6000
[MOVE_SUB_B] [17:47:02] FIRESTORM_GATE_BLOCK ABTS setup=move_strike prior_bar_ticks=48 threshold=6000
[MOVE_SUB_B] [17:47:02] FIRESTORM_GATE_BLOCK ABTS setup=move_strike prior_bar_ticks=48 threshold=6000
[MOVE_SUB_B] [17:47:02] FIRESTORM_GATE_BLOCK ABTS setup=move_strike prior_bar_ticks=48 threshold=6000
[MOVE_SUB_B] [17:47:02] FIRESTORM_GATE_BLOCK ABTS setup=move_strike prior_bar_ticks=48 threshold=6000
[MOVE_SUB_B] [17:47:02] FIRESTORM_GATE_BLOCK ABTS setup=move_strike prior_bar_ticks=48 threshold=6000
[MOVE_SUB_B] [17:47:02] FIRESTORM_GATE_BLOCK ABTS setup=move_strike prior_bar_ticks=48 threshold=6000
[MOVE_SUB_B] [17:47:02] FIRESTORM_GATE_BLOCK ABTS setup=move_strike prior_bar_ticks=48 threshold=6000
[MOVE_SUB_B] [17:47:02] FIRESTORM_GATE_BLOCK ABTS setup=move_strike prior_bar_ticks=48 threshold=6000
[MOVE_SUB_B] [17:47:02] FIRESTORM_GATE_BLOCK ABTS setup=move_strike prior_bar_ticks=48 threshold=6000
[MOVE_SUB_B] [17:47:02] FIRESTORM_GATE_BLOCK ABTS setup=move_strike prior_bar_ticks=48 threshold=6000
[MOVE_SUB_B] [17:47:02] FIRESTORM_GATE_BLOCK ABTS setup=move_strike prior_bar_ticks=48 threshold=6000
[MOVE_SUB_B] [17:47:02] FIRESTORM_GATE_BLOCK ABTS setup=move_strike prior_bar_ticks=48 threshold=6000
[MOVE_SUB_B] [17:47:02] FIRESTORM_GATE_BLOCK ABTS setup=move_strike prior_bar_ticks=48 threshold=6000
[MOVE_SUB_B] [17:47:02] FIRESTORM_GATE_BLOCK ABTS setup=move_strike prior_bar_ticks=48 threshold=6000
[MOVE_SUB_B] [17:47:02] FIRESTORM_GATE_BLOCK ABTS setup=move_strike prior_bar_ticks=48 threshold=6000
[MOVE_SUB_B] [17:47:03] FIRESTORM_GATE_BLOCK ABTS setup=move_strike prior_bar_ticks=48 threshold=6000
[MOVE_SUB_B] [17:47:03] FIRESTORM_GATE_BLOCK ABTS setup=move_strike prior_bar_ticks=48 threshold=6000
[MOVE_SUB_B] [17:47:03] FIRESTORM_GATE_BLOCK ABTS setup=move_strike prior_bar_ticks=48 threshold=6000
[MOVE_SUB_B] [17:47:03] FIRESTORM_GATE_BLOCK ABTS setup=move_strike prior_bar_ticks=48 threshold=6000
[MOVE_SUB_B] [17:47:03] FIRESTORM_GATE_BLOCK ABTS setup=move_strike prior_bar_ticks=48 threshold=6000
[MOVE_SUB_B] [17:47:03] FIRESTORM_GATE_BLOCK ABTS setup=move_strike prior_bar_ticks=48 threshold=6000
[MOVE_SUB_B] [17:47:03] FIRESTORM_GATE_BLOCK ABTS setup=move_strike prior_bar_ticks=48 threshold=6000
[MOVE_SUB_B] [17:47:03] FIRESTORM_GATE_BLOCK ABTS setup=move_strike prior_bar_ticks=48 threshold=6000
[MOVE_SUB_B] [17:47:03] FIRESTORM_GATE_BLOCK ABTS setup=move_strike prior_bar_ticks=48 threshold=6000
[MOVE_SUB_B] [17:47:03] FIRESTORM_GATE_BLOCK ABTS setup=move_strike prior_bar_ticks=48 threshold=6000
[MOVE_SUB_B] [17:47:03] FIRESTORM_GATE_BLOCK ABTS setup=move_strike prior_bar_ticks=48 threshold=6000
[MOVE_SUB_B] [17:47:03] FIRESTORM_GATE_BLOCK ABTS setup=move_strike prior_bar_ticks=48 threshold=6000
[MOVE_SUB_B] [17:47:03] FIRESTORM_GATE_BLOCK ABTS setup=move_strike prior_bar_ticks=48 threshold=6000
[MOVE_SUB_B] [17:47:03] FIRESTORM_GATE_BLOCK ABTS setup=move_strike prior_bar_ticks=48 threshold=6000
[MOVE_SUB_B] [17:47:03] FIRESTORM_GATE_BLOCK ABTS setup=move_strike prior_bar_ticks=48 threshold=6000
[MOVE_SUB_B] [17:47:03] FIRESTORM_GATE_BLOCK ABTS setup=move_strike prior_bar_ticks=48 threshold=6000
[MOVE_SUB_B] [17:47:03] FIRESTORM_GATE_BLOCK ABTS setup=move_strike prior_bar_ticks=48 threshold=6000
[MOVE_SUB_B] [17:47:03] FIRESTORM_GATE_BLOCK ABTS setup=move_strike prior_bar_ticks=48 threshold=6000
[MOVE_SUB_B] [17:47:03] FIRESTORM_GATE_BLOCK ABTS setup=move_strike prior_bar_ticks=48 threshold=6000
[MOVE_SUB_B] [17:47:03] FIRESTORM_GATE_BLOCK ABTS setup=move_strike prior_bar_ticks=48 threshold=6000
[MOVE_SUB_B] [17:47:03] FIRESTORM_GATE_BLOCK ABTS setup=move_strike prior_bar_ticks=48 threshold=6000
[MOVE_SUB_B] [17:47:03] FIRESTORM_GATE_BLOCK ABTS setup=move_strike prior_bar_ticks=48 threshold=6000
[MOVE_SUB_B] [17:47:03] FIRESTORM_GATE_BLOCK ABTS setup=move_strike prior_bar_ticks=48 threshold=6000
[MOVE_SUB_B] [17:47:03] FIRESTORM_GATE_BLOCK ABTS setup=move_strike prior_bar_ticks=48 threshold=6000
[MOVE_SUB_B] [17:47:03] FIRESTORM_GATE_BLOCK ABTS setup=move_strike prior_bar_ticks=48 threshold=6000
[MOVE_SUB_B] [17:47:03] FIRESTORM_GATE_BLOCK ABTS setup=move_strike prior_bar_ticks=48 threshold=6000
[MOVE_SUB_B] [17:47:04] FIRESTORM_GATE_BLOCK ABTS setup=move_strike prior_bar_ticks=48 threshold=6000
[MOVE_SUB_B] [17:47:04] FIRESTORM_GATE_BLOCK ABTS setup=move_strike prior_bar_ticks=48 threshold=6000
[MOVE_SUB_B] [17:47:04] FIRESTORM_GATE_BLOCK ABTS setup=move_strike prior_bar_ticks=48 threshold=6000
[MOVE_SUB_B] [17:47:04] FIRESTORM_GATE_BLOCK ABTS setup=move_strike prior_bar_ticks=48 threshold=6000
[MOVE_SUB_B] [17:47:04] FIRESTORM_GATE_BLOCK ABTS setup=move_strike prior_bar_ticks=48 threshold=6000
[MOVE_SUB_B] [17:47:04] FIRESTORM_GATE_BLOCK ABTS setup=move_strike prior_bar_ticks=48 threshold=6000
[MOVE_SUB_B] [17:47:04] FIRESTORM_GATE_BLOCK ABTS setup=move_strike prior_bar_ticks=48 threshold=6000
[MOVE_SUB_B] [17:47:06] FIRESTORM_GATE_BLOCK ABTS setup=move_strike prior_bar_ticks=48 threshold=6000
[MOVE_SUB_B] [17:47:09] FIRESTORM_GATE_BLOCK ABTS setup=move_strike prior_bar_ticks=48 threshold=6000
[MOVE_SUB_B] [17:47:10] FIRESTORM_GATE_BLOCK ABTS setup=move_strike prior_bar_ticks=48 threshold=6000
[MOVE_SUB_B] [17:47:10] FIRESTORM_GATE_BLOCK ABTS setup=move_strike prior_bar_ticks=48 threshold=6000
[MOVE_SUB_B] [17:47:10] FIRESTORM_GATE_BLOCK ABTS setup=move_strike prior_bar_ticks=48 threshold=6000
[MOVE_SUB_B] [17:47:10] FIRESTORM_GATE_BLOCK ABTS setup=move_strike prior_bar_ticks=48 threshold=6000
[MOVE_SUB_B] [17:47:10] FIRESTORM_GATE_BLOCK ABTS setup=move_strike prior_bar_ticks=48 threshold=6000
[MOVE_SUB_B] [17:47:10] FIRESTORM_GATE_BLOCK ABTS setup=move_strike prior_bar_ticks=48 threshold=6000
[MOVE_SUB_B] [17:47:10] FIRESTORM_GATE_BLOCK ABTS setup=move_strike prior_bar_ticks=48 threshold=6000
[MOVE_SUB_B] [17:47:10] FIRESTORM_GATE_BLOCK ABTS setup=move_strike prior_bar_ticks=48 threshold=6000
[MOVE_SUB_B] [17:47:28] FIRESTORM_GATE_BLOCK ABTS setup=move_strike prior_bar_ticks=48 threshold=6000
[MOVE_SUB_B] [17:47:28] FIRESTORM_GATE_BLOCK ABTS setup=move_strike prior_bar_ticks=48 threshold=6000
[MOVE_SUB_B] [17:47:28] FIRESTORM_GATE_BLOCK ABTS setup=move_strike prior_bar_ticks=48 threshold=6000
[MOVE_SUB_B] [17:47:28] FIRESTORM_GATE_BLOCK ABTS setup=move_strike prior_bar_ticks=48 threshold=6000
[MOVE_SUB_B] [17:47:28] FIRESTORM_GATE_BLOCK ABTS setup=move_strike prior_bar_ticks=48 threshold=6000
[MOVE_SUB_B] [17:47:28] FIRESTORM_GATE_BLOCK ABTS setup=move_strike prior_bar_ticks=48 threshold=6000
[MOVE_SUB_B] [17:47:28] FIRESTORM_GATE_BLOCK ABTS setup=move_strike prior_bar_ticks=48 threshold=6000
[MOVE_SUB_B] [17:47:28] FIRESTORM_GATE_BLOCK ABTS setup=move_strike prior_bar_ticks=48 threshold=6000
[MOVE_SUB_B] [17:47:28] FIRESTORM_GATE_BLOCK ABTS setup=move_strike prior_bar_ticks=48 threshold=6000
[MOVE_SUB_B] [17:47:28] FIRESTORM_GATE_BLOCK ABTS setup=move_strike prior_bar_ticks=48 threshold=6000
[MOVE_SUB_B] [17:47:28] FIRESTORM_GATE_BLOCK ABTS setup=move_strike prior_bar_ticks=48 threshold=6000
[MOVE_SUB_B] [17:47:28] FIRESTORM_GATE_BLOCK ABTS setup=move_strike prior_bar_ticks=48 threshold=6000
[MOVE_SUB_B] [17:47:28] FIRESTORM_GATE_BLOCK ABTS setup=move_strike prior_bar_ticks=48 threshold=6000
[MOVE_SUB_B] [17:47:28] FIRESTORM_GATE_BLOCK ABTS setup=move_strike prior_bar_ticks=48 threshold=6000
[MOVE_SUB_B] [17:47:28] FIRESTORM_GATE_BLOCK ABTS setup=move_strike prior_bar_ticks=48 threshold=6000
[MOVE_SUB_B] [17:47:28] FIRESTORM_GATE_BLOCK ABTS setup=move_strike prior_bar_ticks=48 threshold=6000
[MOVE_SUB_B] [17:47:28] FIRESTORM_GATE_BLOCK ABTS setup=move_strike prior_bar_ticks=48 threshold=6000
[MOVE_SUB_B] [17:47:28] FIRESTORM_GATE_BLOCK ABTS setup=move_strike prior_bar_ticks=48 threshold=6000
[MOVE_SUB_B] [17:47:28] FIRESTORM_GATE_BLOCK ABTS setup=move_strike prior_bar_ticks=48 threshold=6000
[MOVE_SUB_B] [17:47:28] FIRESTORM_GATE_BLOCK ABTS setup=move_strike prior_bar_ticks=48 threshold=6000
[MOVE_SUB_B] [17:47:28] FIRESTORM_GATE_BLOCK ABTS setup=move_strike prior_bar_ticks=48 threshold=6000
[MOVE_SUB_B] [17:47:28] FIRESTORM_GATE_BLOCK ABTS setup=move_strike prior_bar_ticks=48 threshold=6000
[MOVE_SUB_B] [17:47:28] FIRESTORM_GATE_BLOCK ABTS setup=move_strike prior_bar_ticks=48 threshold=6000
[MOVE_SUB_B] [17:47:28] FIRESTORM_GATE_BLOCK ABTS setup=move_strike prior_bar_ticks=48 threshold=6000
[MOVE_SUB_B] [17:47:28] FIRESTORM_GATE_BLOCK ABTS setup=move_strike prior_bar_ticks=48 threshold=6000
[MOVE_SUB_B] [17:47:28] FIRESTORM_GATE_BLOCK ABTS setup=move_strike prior_bar_ticks=48 threshold=6000
[MOVE_SUB_B] [17:47:28] FIRESTORM_GATE_BLOCK ABTS setup=move_strike prior_bar_ticks=48 threshold=6000
[MOVE_SUB_B] [17:47:28] FIRESTORM_GATE_BLOCK ABTS setup=move_strike prior_bar_ticks=48 threshold=6000
[MOVE_SUB_B] [17:47:28] FIRESTORM_GATE_BLOCK ABTS setup=move_strike prior_bar_ticks=48 threshold=6000
[MOVE_SUB_B] [17:47:29] FIRESTORM_GATE_BLOCK ABTS setup=move_strike prior_bar_ticks=48 threshold=6000
[MOVE_SUB_B] [17:47:29] FIRESTORM_GATE_BLOCK ABTS setup=move_strike prior_bar_ticks=48 threshold=6000
[MOVE_SUB_B] [17:47:30] FIRESTORM_GATE_BLOCK ABTS setup=move_strike prior_bar_ticks=48 threshold=6000
[MOVE_SUB_B] [17:47:30] FIRESTORM_GATE_BLOCK ABTS setup=move_strike prior_bar_ticks=48 threshold=6000
[MOVE_SUB_B] [17:47:30] FIRESTORM_GATE_BLOCK ABTS setup=move_strike prior_bar_ticks=48 threshold=6000
[MOVE_SUB_B] [17:47:30] FIRESTORM_GATE_BLOCK ABTS setup=move_strike prior_bar_ticks=48 threshold=6000
[MOVE_SUB_B] [17:47:30] FIRESTORM_GATE_BLOCK ABTS setup=move_strike prior_bar_ticks=48 threshold=6000
[MOVE_SUB_B] [17:47:31] FIRESTORM_GATE_BLOCK ABTS setup=move_strike prior_bar_ticks=48 threshold=6000
[MOVE_SUB_B] [17:47:31] FIRESTORM_GATE_BLOCK ABTS setup=move_strike prior_bar_ticks=48 threshold=6000
[MOVE_SUB_B] [17:47:31] FIRESTORM_GATE_BLOCK ABTS setup=move_strike prior_bar_ticks=48 threshold=6000
[MOVE_SUB_B] [17:47:31] FIRESTORM_GATE_BLOCK ABTS setup=move_strike prior_bar_ticks=48 threshold=6000
[MOVE_SUB_B] [17:47:33] FIRESTORM_GATE_BLOCK ABTS setup=move_strike prior_bar_ticks=48 threshold=6000
[MOVE_SUB_B] [17:47:35] FIRESTORM_GATE_BLOCK ABTS setup=move_strike prior_bar_ticks=48 threshold=6000
[MOVE_SUB_B] [17:47:35] FIRESTORM_GATE_BLOCK ABTS setup=move_strike prior_bar_ticks=48 threshold=6000
[MOVE_SUB_B] [17:47:35] FIRESTORM_GATE_BLOCK ABTS setup=move_strike prior_bar_ticks=48 threshold=6000
[MOVE_SUB_B] [17:47:35] FIRESTORM_GATE_BLOCK ABTS setup=move_strike prior_bar_ticks=48 threshold=6000
[MOVE_SUB_B] [17:47:36] FIRESTORM_GATE_BLOCK ABTS setup=move_strike prior_bar_ticks=48 threshold=6000
[MOVE_SUB_B] [17:47:38] FIRESTORM_GATE_BLOCK ABTS setup=move_strike prior_bar_ticks=48 threshold=6000
[MOVE_SUB_B] [17:47:38] FIRESTORM_GATE_BLOCK ABTS setup=move_strike prior_bar_ticks=48 threshold=6000
[MOVE_SUB_B] [17:47:38] FIRESTORM_GATE_BLOCK ABTS setup=move_strike prior_bar_ticks=48 threshold=6000
[MOVE_SUB_B] [17:47:38] FIRESTORM_GATE_BLOCK ABTS setup=move_strike prior_bar_ticks=48 threshold=6000
[MOVE_SUB_B] [17:47:38] FIRESTORM_GATE_BLOCK ABTS setup=move_strike prior_bar_ticks=48 threshold=6000
[MOVE_SUB_B] [17:47:38] FIRESTORM_GATE_BLOCK ABTS setup=move_strike prior_bar_ticks=48 threshold=6000
[MOVE_SUB_B] [17:47:39] FIRESTORM_GATE_BLOCK ABTS setup=move_strike prior_bar_ticks=48 threshold=6000
[MOVE_SUB_B] [17:47:39] FIRESTORM_GATE_BLOCK ABTS setup=move_strike prior_bar_ticks=48 threshold=6000
[MOVE_SUB_B] [17:47:39] FIRESTORM_GATE_BLOCK ABTS setup=move_strike prior_bar_ticks=48 threshold=6000
[MOVE_SUB_B] [17:47:39] FIRESTORM_GATE_BLOCK ABTS setup=move_strike prior_bar_ticks=48 threshold=6000
[MOVE_SUB_B] [17:47:39] FIRESTORM_GATE_BLOCK ABTS setup=move_strike prior_bar_ticks=48 threshold=6000
[MOVE_SUB_B] [17:47:39] FIRESTORM_GATE_BLOCK ABTS setup=move_strike prior_bar_ticks=48 threshold=6000
[MOVE_SUB_B] [17:47:39] FIRESTORM_GATE_BLOCK ABTS setup=move_strike prior_bar_ticks=48 threshold=6000
[MOVE_SUB_B] [17:47:39] FIRESTORM_GATE_BLOCK ABTS setup=move_strike prior_bar_ticks=48 threshold=6000
[MOVE_SUB_B] [17:47:39] FIRESTORM_GATE_BLOCK ABTS setup=move_strike prior_bar_ticks=48 threshold=6000
[MOVE_SUB_B] [17:47:39] FIRESTORM_GATE_BLOCK ABTS setup=move_strike prior_bar_ticks=48 threshold=6000
[MOVE_SUB_B] [17:47:40] FIRESTORM_GATE_BLOCK ABTS setup=move_strike prior_bar_ticks=48 threshold=6000
[MOVE_SUB_B] [17:47:40] FIRESTORM_GATE_BLOCK ABTS setup=move_strike prior_bar_ticks=48 threshold=6000
[MOVE_SUB_B] [17:47:40] FIRESTORM_GATE_BLOCK ABTS setup=move_strike prior_bar_ticks=48 threshold=6000
[MOVE_SUB_B] [17:47:40] FIRESTORM_GATE_BLOCK ABTS setup=move_strike prior_bar_ticks=48 threshold=6000
[MOVE_SUB_B] [17:47:40] FIRESTORM_GATE_BLOCK ABTS setup=move_strike prior_bar_ticks=48 threshold=6000
[MOVE_SUB_B] [17:47:40] FIRESTORM_GATE_BLOCK ABTS setup=move_strike prior_bar_ticks=48 threshold=6000
[MOVE_SUB_B] [17:47:40] FIRESTORM_GATE_BLOCK ABTS setup=move_strike prior_bar_ticks=48 threshold=6000
[MOVE_SUB_B] [17:47:40] FIRESTORM_GATE_BLOCK ABTS setup=move_strike prior_bar_ticks=48 threshold=6000
[MOVE_SUB_B] [17:47:42] FIRESTORM_GATE_BLOCK ABTS setup=move_strike prior_bar_ticks=48 threshold=6000
[MOVE_SUB_B] [17:47:42] FIRESTORM_GATE_BLOCK ABTS setup=move_strike prior_bar_ticks=48 threshold=6000
[MOVE_SUB_B] [17:47:42] FIRESTORM_GATE_BLOCK ABTS setup=move_strike prior_bar_ticks=48 threshold=6000
[MOVE_SUB_B] [17:47:42] FIRESTORM_GATE_BLOCK ABTS setup=move_strike prior_bar_ticks=48 threshold=6000
[MOVE_SUB_B] [17:47:42] FIRESTORM_GATE_BLOCK ABTS setup=move_strike prior_bar_ticks=48 threshold=6000
[MOVE_SUB_B] [17:47:42] FIRESTORM_GATE_BLOCK ABTS setup=move_strike prior_bar_ticks=48 threshold=6000
[MOVE_SUB_B] [17:47:42] FIRESTORM_GATE_BLOCK ABTS setup=move_strike prior_bar_ticks=48 threshold=6000
[MOVE_SUB_B] [17:47:42] FIRESTORM_GATE_BLOCK ABTS setup=move_strike prior_bar_ticks=48 threshold=6000
[MOVE_SUB_B] [17:47:42] FIRESTORM_GATE_BLOCK ABTS setup=move_strike prior_bar_ticks=48 threshold=6000
[MOVE_SUB_B] [17:47:42] FIRESTORM_GATE_BLOCK ABTS setup=move_strike prior_bar_ticks=48 threshold=6000
[MOVE_SUB_B] [17:47:42] FIRESTORM_GATE_BLOCK ABTS setup=move_strike prior_bar_ticks=48 threshold=6000
[MOVE_SUB_B] [17:47:43] FIRESTORM_GATE_BLOCK ABTS setup=move_strike prior_bar_ticks=48 threshold=6000
[MOVE_SUB_B] [17:47:43] FIRESTORM_GATE_BLOCK ABTS setup=move_strike prior_bar_ticks=48 threshold=6000
[MOVE_SUB_B] [17:47:44] FIRESTORM_GATE_BLOCK ABTS setup=move_strike prior_bar_ticks=48 threshold=6000
[MOVE_SUB_B] [17:47:44] FIRESTORM_GATE_BLOCK ABTS setup=move_strike prior_bar_ticks=48 threshold=6000
[MOVE_SUB_B] [17:47:45] FIRESTORM_GATE_BLOCK ABTS setup=move_strike prior_bar_ticks=48 threshold=6000
[MOVE_SUB_B] [17:47:45] FIRESTORM_GATE_BLOCK ABTS setup=move_strike prior_bar_ticks=48 threshold=6000
[MOVE_SUB_B] [17:47:45] FIRESTORM_GATE_BLOCK ABTS setup=move_strike prior_bar_ticks=48 threshold=6000
[MOVE_SUB_B] [17:47:46] FIRESTORM_GATE_BLOCK ABTS setup=move_strike prior_bar_ticks=48 threshold=6000
[MOVE_SUB_B] [17:47:46] FIRESTORM_GATE_BLOCK ABTS setup=move_strike prior_bar_ticks=48 threshold=6000
[MOVE_SUB_B] [17:47:46] FIRESTORM_GATE_BLOCK ABTS setup=move_strike prior_bar_ticks=48 threshold=6000
[MOVE_SUB_B] [17:47:47] FIRESTORM_GATE_BLOCK ABTS setup=move_strike prior_bar_ticks=48 threshold=6000
[MOVE_SUB_B] [17:47:48] FIRESTORM_GATE_BLOCK ABTS setup=move_strike prior_bar_ticks=48 threshold=6000
[MOVE_SUB_B] [17:47:48] FIRESTORM_GATE_BLOCK ABTS setup=move_strike prior_bar_ticks=48 threshold=6000
[MOVE_SUB_B] [17:47:48] FIRESTORM_GATE_BLOCK ABTS setup=move_strike prior_bar_ticks=48 threshold=6000
[MOVE_SUB_B] [17:47:48] FIRESTORM_GATE_BLOCK ABTS setup=move_strike prior_bar_ticks=48 threshold=6000
[MOVE_SUB_B] [17:47:48] FIRESTORM_GATE_BLOCK ABTS setup=move_strike prior_bar_ticks=48 threshold=6000
[MOVE_SUB_B] [17:47:48] FIRESTORM_GATE_BLOCK ABTS setup=move_strike prior_bar_ticks=48 threshold=6000
[MOVE_SUB_B] [17:47:50] FIRESTORM_GATE_BLOCK ABTS setup=move_strike prior_bar_ticks=48 threshold=6000
[MOVE_SUB_B] [17:47:50] FIRESTORM_GATE_BLOCK ABTS setup=move_strike prior_bar_ticks=48 threshold=6000
[MOVE_SUB_B] [17:47:50] FIRESTORM_GATE_BLOCK ABTS setup=move_strike prior_bar_ticks=48 threshold=6000
[MOVE_SUB_B] [17:47:50] FIRESTORM_GATE_BLOCK ABTS setup=move_strike prior_bar_ticks=48 threshold=6000
[MOVE_SUB_B] [17:47:50] FIRESTORM_GATE_BLOCK ABTS setup=move_strike prior_bar_ticks=48 threshold=6000
[MOVE_SUB_B] [17:47:51] FIRESTORM_GATE_BLOCK ABTS setup=move_strike prior_bar_ticks=48 threshold=6000
[MOVE_SUB_B] [17:47:51] FIRESTORM_GATE_BLOCK ABTS setup=move_strike prior_bar_ticks=48 threshold=6000
[MOVE_SUB_B] [17:47:51] FIRESTORM_GATE_BLOCK ABTS setup=move_strike prior_bar_ticks=48 threshold=6000
[MOVE_SUB_B] [17:47:51] FIRESTORM_GATE_BLOCK ABTS setup=move_strike prior_bar_ticks=48 threshold=6000
[MOVE_SUB_B] [17:47:51] FIRESTORM_GATE_BLOCK ABTS setup=move_strike prior_bar_ticks=48 threshold=6000
[MOVE_SUB_B] [17:47:54] STATS ticks=499069 symbols=86 pos=no daily_pnl=+0 drops=0
[MOVE_SUB_B] [17:47:55] FIRESTORM_GATE_BLOCK ABTS setup=move_strike prior_bar_ticks=48 threshold=6000
[MOVE_SUB_B] [17:47:56] FIRESTORM_GATE_BLOCK ABTS setup=move_strike prior_bar_ticks=48 threshold=6000
[MOVE_SUB_B] [17:47:59] FIRESTORM_GATE_BLOCK ABTS setup=move_strike prior_bar_ticks=48 threshold=6000
[MOVE_SUB_B] [17:47:59] FIRESTORM_GATE_BLOCK ABTS setup=move_strike prior_bar_ticks=48 threshold=6000
[MOVE_SUB_B] [17:47:59] FIRESTORM_GATE_BLOCK ABTS setup=move_strike prior_bar_ticks=48 threshold=6000
[MOVE_SUB_B] [17:48:28] FIRESTORM_GATE_BLOCK ABTS setup=move_strike prior_bar_ticks=197 threshold=6000
[MOVE_SUB_B] [17:48:28] FIRESTORM_GATE_BLOCK ABTS setup=move_strike prior_bar_ticks=197 threshold=6000
[MOVE_SUB_B] [17:48:28] FIRESTORM_GATE_BLOCK ABTS setup=move_strike prior_bar_ticks=197 threshold=6000
[MOVE_SUB_B] [17:48:29] FIRESTORM_GATE_BLOCK ABTS setup=move_strike prior_bar_ticks=197 threshold=6000
[MOVE_SUB_B] [17:48:29] FIRESTORM_GATE_BLOCK ABTS setup=move_strike prior_bar_ticks=197 threshold=6000
[MOVE_SUB_B] [17:48:30] FIRESTORM_GATE_BLOCK ABTS setup=move_strike prior_bar_ticks=197 threshold=6000
[MOVE_SUB_B] [17:48:32] FIRESTORM_GATE_BLOCK ABTS setup=move_strike prior_bar_ticks=197 threshold=6000
[MOVE_SUB_B] [17:48:32] FIRESTORM_GATE_BLOCK ABTS setup=move_strike prior_bar_ticks=197 threshold=6000
[MOVE_SUB_B] [17:48:32] FIRESTORM_GATE_BLOCK ABTS setup=move_strike prior_bar_ticks=197 threshold=6000
[MOVE_SUB_B] [17:48:32] FIRESTORM_GATE_BLOCK ABTS setup=move_strike prior_bar_ticks=197 threshold=6000
[MOVE_SUB_B] [17:48:34] FIRESTORM_GATE_BLOCK ABTS setup=move_strike prior_bar_ticks=197 threshold=6000
[MOVE_SUB_B] [17:48:34] FIRESTORM_GATE_BLOCK ABTS setup=move_strike prior_bar_ticks=197 threshold=6000
[MOVE_SUB_B] [17:48:34] FIRESTORM_GATE_BLOCK ABTS setup=move_strike prior_bar_ticks=197 threshold=6000
[MOVE_SUB_B] [17:48:34] FIRESTORM_GATE_BLOCK ABTS setup=move_strike prior_bar_ticks=197 threshold=6000
[MOVE_SUB_B] [17:48:34] FIRESTORM_GATE_BLOCK ABTS setup=move_strike prior_bar_ticks=197 threshold=6000
[MOVE_SUB_B] [17:48:34] FIRESTORM_GATE_BLOCK ABTS setup=move_strike prior_bar_ticks=197 threshold=6000
[MOVE_SUB_B] [17:48:34] FIRESTORM_GATE_BLOCK ABTS setup=move_strike prior_bar_ticks=197 threshold=6000
[MOVE_SUB_B] [17:48:34] FIRESTORM_GATE_BLOCK ABTS setup=move_strike prior_bar_ticks=197 threshold=6000
[MOVE_SUB_B] [17:48:34] FIRESTORM_GATE_BLOCK ABTS setup=move_strike prior_bar_ticks=197 threshold=6000
[MOVE_SUB_B] [17:48:34] FIRESTORM_GATE_BLOCK ABTS setup=move_strike prior_bar_ticks=197 threshold=6000
[MOVE_SUB_B] [17:48:34] FIRESTORM_GATE_BLOCK ABTS setup=move_strike prior_bar_ticks=197 threshold=6000
[MOVE_SUB_B] [17:48:34] FIRESTORM_GATE_BLOCK ABTS setup=move_strike prior_bar_ticks=197 threshold=6000
[MOVE_SUB_B] [17:48:34] FIRESTORM_GATE_BLOCK ABTS setup=move_strike prior_bar_ticks=197 threshold=6000
[MOVE_SUB_B] [17:48:34] FIRESTORM_GATE_BLOCK ABTS setup=move_strike prior_bar_ticks=197 threshold=6000
[MOVE_SUB_B] [17:48:34] FIRESTORM_GATE_BLOCK ABTS setup=move_strike prior_bar_ticks=197 threshold=6000
[MOVE_SUB_B] [17:48:34] FIRESTORM_GATE_BLOCK ABTS setup=move_strike prior_bar_ticks=197 threshold=6000
[MOVE_SUB_B] [17:48:34] FIRESTORM_GATE_BLOCK ABTS setup=move_strike prior_bar_ticks=197 threshold=6000
[MOVE_SUB_B] [17:48:34] FIRESTORM_GATE_BLOCK ABTS setup=move_strike prior_bar_ticks=197 threshold=6000
[MOVE_SUB_B] [17:48:34] FIRESTORM_GATE_BLOCK ABTS setup=move_strike prior_bar_ticks=197 threshold=6000
[MOVE_SUB_B] [17:48:34] FIRESTORM_GATE_BLOCK ABTS setup=move_strike prior_bar_ticks=197 threshold=6000
[MOVE_SUB_B] [17:48:34] FIRESTORM_GATE_BLOCK ABTS setup=move_strike prior_bar_ticks=197 threshold=6000
[MOVE_SUB_B] [17:48:34] FIRESTORM_GATE_BLOCK ABTS setup=move_strike prior_bar_ticks=197 threshold=6000
[MOVE_SUB_B] [17:48:34] FIRESTORM_GATE_BLOCK ABTS setup=move_strike prior_bar_ticks=197 threshold=6000
[MOVE_SUB_B] [17:48:34] FIRESTORM_GATE_BLOCK ABTS setup=move_strike prior_bar_ticks=197 threshold=6000
[MOVE_SUB_B] [17:48:34] FIRESTORM_GATE_BLOCK ABTS setup=move_strike prior_bar_ticks=197 threshold=6000
[MOVE_SUB_B] [17:48:35] FIRESTORM_GATE_BLOCK ABTS setup=move_strike prior_bar_ticks=197 threshold=6000
[MOVE_SUB_B] [17:48:35] FIRESTORM_GATE_BLOCK ABTS setup=move_strike prior_bar_ticks=197 threshold=6000
[MOVE_SUB_B] [17:48:35] FIRESTORM_GATE_BLOCK ABTS setup=move_strike prior_bar_ticks=197 threshold=6000
[MOVE_SUB_B] [17:48:35] FIRESTORM_GATE_BLOCK ABTS setup=move_strike prior_bar_ticks=197 threshold=6000
[MOVE_SUB_B] [17:48:35] FIRESTORM_GATE_BLOCK ABTS setup=move_strike prior_bar_ticks=197 threshold=6000
[MOVE_SUB_B] [17:48:35] FIRESTORM_GATE_BLOCK ABTS setup=move_strike prior_bar_ticks=197 threshold=6000
[MOVE_SUB_B] [17:48:35] FIRESTORM_GATE_BLOCK ABTS setup=move_strike prior_bar_ticks=197 threshold=6000
[MOVE_SUB_B] [17:48:35] FIRESTORM_GATE_BLOCK ABTS setup=move_strike prior_bar_ticks=197 threshold=6000
[MOVE_SUB_B] [17:48:35] FIRESTORM_GATE_BLOCK ABTS setup=move_strike prior_bar_ticks=197 threshold=6000
[MOVE_SUB_B] [17:48:35] FIRESTORM_GATE_BLOCK ABTS setup=move_strike prior_bar_ticks=197 threshold=6000
[MOVE_SUB_B] [17:48:36] FIRESTORM_GATE_BLOCK ABTS setup=move_strike prior_bar_ticks=197 threshold=6000
[MOVE_SUB_B] [17:48:36] FIRESTORM_GATE_BLOCK ABTS setup=move_strike prior_bar_ticks=197 threshold=6000
[MOVE_SUB_B] [17:48:36] FIRESTORM_GATE_BLOCK ABTS setup=move_strike prior_bar_ticks=197 threshold=6000
[MOVE_SUB_B] [17:48:36] FIRESTORM_GATE_BLOCK ABTS setup=move_strike prior_bar_ticks=197 threshold=6000
[MOVE_SUB_B] [17:48:36] FIRESTORM_GATE_BLOCK ABTS setup=move_strike prior_bar_ticks=197 threshold=6000
[MOVE_SUB_B] [17:48:37] FIRESTORM_GATE_BLOCK ABTS setup=move_strike prior_bar_ticks=197 threshold=6000
[MOVE_SUB_B] [17:48:37] FIRESTORM_GATE_BLOCK ABTS setup=move_strike prior_bar_ticks=197 threshold=6000
[MOVE_SUB_B] [17:48:37] FIRESTORM_GATE_BLOCK ABTS setup=move_strike prior_bar_ticks=197 threshold=6000
[MOVE_SUB_B] [17:48:38] FIRESTORM_GATE_BLOCK ABTS setup=move_strike prior_bar_ticks=197 threshold=6000
[MOVE_SUB_B] [17:48:38] FIRESTORM_GATE_BLOCK ABTS setup=move_strike prior_bar_ticks=197 threshold=6000
[MOVE_SUB_B] [17:48:38] FIRESTORM_GATE_BLOCK ABTS setup=move_strike prior_bar_ticks=197 threshold=6000
[MOVE_SUB_B] [17:48:38] FIRESTORM_GATE_BLOCK ABTS setup=move_strike prior_bar_ticks=197 threshold=6000
[MOVE_SUB_B] [17:48:38] FIRESTORM_GATE_BLOCK ABTS setup=move_strike prior_bar_ticks=197 threshold=6000
[MOVE_SUB_B] [17:48:39] FIRESTORM_GATE_BLOCK ABTS setup=move_strike prior_bar_ticks=197 threshold=6000
[MOVE_SUB_B] [17:48:39] FIRESTORM_GATE_BLOCK ABTS setup=move_strike prior_bar_ticks=197 threshold=6000
[MOVE_SUB_B] [17:48:39] FIRESTORM_GATE_BLOCK ABTS setup=move_strike prior_bar_ticks=197 threshold=6000
[MOVE_SUB_B] [17:48:39] FIRESTORM_GATE_BLOCK ABTS setup=move_strike prior_bar_ticks=197 threshold=6000
[MOVE_SUB_B] [17:48:39] FIRESTORM_GATE_BLOCK ABTS setup=move_strike prior_bar_ticks=197 threshold=6000
[MOVE_SUB_B] [17:48:39] FIRESTORM_GATE_BLOCK ABTS setup=move_strike prior_bar_ticks=197 threshold=6000
[MOVE_SUB_B] [17:48:39] FIRESTORM_GATE_BLOCK ABTS setup=move_strike prior_bar_ticks=197 threshold=6000
[MOVE_SUB_B] [17:48:39] FIRESTORM_GATE_BLOCK ABTS setup=move_strike prior_bar_ticks=197 threshold=6000
[MOVE_SUB_B] [17:48:40] FIRESTORM_GATE_BLOCK ABTS setup=move_strike prior_bar_ticks=197 threshold=6000
[MOVE_SUB_B] [17:48:40] FIRESTORM_GATE_BLOCK ABTS setup=move_strike prior_bar_ticks=197 threshold=6000
[MOVE_SUB_B] [17:48:40] FIRESTORM_GATE_BLOCK ABTS setup=move_strike prior_bar_ticks=197 threshold=6000
[MOVE_SUB_B] [17:48:40] FIRESTORM_GATE_BLOCK ABTS setup=move_strike prior_bar_ticks=197 threshold=6000
[MOVE_SUB_B] [17:48:41] FIRESTORM_GATE_BLOCK ABTS setup=move_strike prior_bar_ticks=197 threshold=6000
[MOVE_SUB_B] [17:48:41] FIRESTORM_GATE_BLOCK ABTS setup=move_strike prior_bar_ticks=197 threshold=6000
[MOVE_SUB_B] [17:48:41] FIRESTORM_GATE_BLOCK ABTS setup=move_strike prior_bar_ticks=197 threshold=6000
[MOVE_SUB_B] [17:48:41] FIRESTORM_GATE_BLOCK ABTS setup=move_strike prior_bar_ticks=197 threshold=6000
[MOVE_SUB_B] [17:48:41] FIRESTORM_GATE_BLOCK ABTS setup=move_strike prior_bar_ticks=197 threshold=6000
[MOVE_SUB_B] [17:48:42] FIRESTORM_GATE_BLOCK ABTS setup=move_strike prior_bar_ticks=197 threshold=6000
[MOVE_SUB_B] [17:48:42] FIRESTORM_GATE_BLOCK ABTS setup=move_strike prior_bar_ticks=197 threshold=6000
[MOVE_SUB_B] [17:48:42] FIRESTORM_GATE_BLOCK ABTS setup=move_strike prior_bar_ticks=197 threshold=6000
[MOVE_SUB_B] [17:48:42] FIRESTORM_GATE_BLOCK ABTS setup=move_strike prior_bar_ticks=197 threshold=6000
[MOVE_SUB_B] [17:48:42] FIRESTORM_GATE_BLOCK ABTS setup=move_strike prior_bar_ticks=197 threshold=6000
[MOVE_SUB_B] [17:48:43] FIRESTORM_GATE_BLOCK ABTS setup=move_strike prior_bar_ticks=197 threshold=6000
[MOVE_SUB_B] [17:48:43] FIRESTORM_GATE_BLOCK ABTS setup=move_strike prior_bar_ticks=197 threshold=6000
[MOVE_SUB_B] [17:48:43] FIRESTORM_GATE_BLOCK ABTS setup=move_strike prior_bar_ticks=197 threshold=6000
[MOVE_SUB_B] [17:48:43] FIRESTORM_GATE_BLOCK ABTS setup=move_strike prior_bar_ticks=197 threshold=6000
[MOVE_SUB_B] [17:48:44] FIRESTORM_GATE_BLOCK ABTS setup=move_strike prior_bar_ticks=197 threshold=6000
[MOVE_SUB_B] [17:48:44] FIRESTORM_GATE_BLOCK ABTS setup=move_strike prior_bar_ticks=197 threshold=6000
[MOVE_SUB_B] [17:48:44] FIRESTORM_GATE_BLOCK ABTS setup=move_strike prior_bar_ticks=197 threshold=6000
[MOVE_SUB_B] [17:48:44] FIRESTORM_GATE_BLOCK ABTS setup=move_strike prior_bar_ticks=197 threshold=6000
[MOVE_SUB_B] [17:48:44] FIRESTORM_GATE_BLOCK ABTS setup=move_strike prior_bar_ticks=197 threshold=6000
[MOVE_SUB_B] [17:48:44] FIRESTORM_GATE_BLOCK ABTS setup=move_strike prior_bar_ticks=197 threshold=6000
[MOVE_SUB_B] [17:48:44] FIRESTORM_GATE_BLOCK ABTS setup=move_strike prior_bar_ticks=197 threshold=6000
[MOVE_SUB_B] [17:48:44] FIRESTORM_GATE_BLOCK ABTS setup=move_strike prior_bar_ticks=197 threshold=6000
[MOVE_SUB_B] [17:48:44] FIRESTORM_GATE_BLOCK ABTS setup=move_strike prior_bar_ticks=197 threshold=6000
[MOVE_SUB_B] [17:48:44] FIRESTORM_GATE_BLOCK ABTS setup=move_strike prior_bar_ticks=197 threshold=6000
[MOVE_SUB_B] [17:48:44] FIRESTORM_GATE_BLOCK ABTS setup=move_strike prior_bar_ticks=197 threshold=6000
[MOVE_SUB_B] [17:48:44] FIRESTORM_GATE_BLOCK ABTS setup=move_strike prior_bar_ticks=197 threshold=6000
[MOVE_SUB_B] [17:48:44] FIRESTORM_GATE_BLOCK ABTS setup=move_strike prior_bar_ticks=197 threshold=6000
[MOVE_SUB_B] [17:48:44] FIRESTORM_GATE_BLOCK ABTS setup=move_strike prior_bar_ticks=197 threshold=6000
[MOVE_SUB_B] [17:48:44] FIRESTORM_GATE_BLOCK ABTS setup=move_strike prior_bar_ticks=197 threshold=6000
[MOVE_SUB_B] [17:48:44] FIRESTORM_GATE_BLOCK ABTS setup=move_strike prior_bar_ticks=197 threshold=6000
[MOVE_SUB_B] [17:48:46] FIRESTORM_GATE_BLOCK ABTS setup=move_strike prior_bar_ticks=197 threshold=6000
[MOVE_SUB_B] [17:48:46] FIRESTORM_GATE_BLOCK ABTS setup=move_strike prior_bar_ticks=197 threshold=6000
[MOVE_SUB_B] [17:48:46] FIRESTORM_GATE_BLOCK ABTS setup=move_strike prior_bar_ticks=197 threshold=6000
[MOVE_SUB_B] [17:48:46] FIRESTORM_GATE_BLOCK ABTS setup=move_strike prior_bar_ticks=197 threshold=6000
[MOVE_SUB_B] [17:48:46] FIRESTORM_GATE_BLOCK ABTS setup=move_strike prior_bar_ticks=197 threshold=6000
[MOVE_SUB_B] [17:48:46] FIRESTORM_GATE_BLOCK ABTS setup=move_strike prior_bar_ticks=197 threshold=6000
[MOVE_SUB_B] [17:48:46] FIRESTORM_GATE_BLOCK ABTS setup=move_strike prior_bar_ticks=197 threshold=6000
[MOVE_SUB_B] [17:48:46] FIRESTORM_GATE_BLOCK ABTS setup=move_strike prior_bar_ticks=197 threshold=6000
[MOVE_SUB_B] [17:48:46] FIRESTORM_GATE_BLOCK ABTS setup=move_strike prior_bar_ticks=197 threshold=6000
[MOVE_SUB_B] [17:48:46] FIRESTORM_GATE_BLOCK ABTS setup=move_strike prior_bar_ticks=197 threshold=6000
[MOVE_SUB_B] [17:48:46] FIRESTORM_GATE_BLOCK ABTS setup=move_strike prior_bar_ticks=197 threshold=6000
[MOVE_SUB_B] [17:48:46] FIRESTORM_GATE_BLOCK ABTS setup=move_strike prior_bar_ticks=197 threshold=6000
[MOVE_SUB_B] [17:48:46] FIRESTORM_GATE_BLOCK ABTS setup=move_strike prior_bar_ticks=197 threshold=6000
[MOVE_SUB_B] [17:48:46] FIRESTORM_GATE_BLOCK ABTS setup=move_strike prior_bar_ticks=197 threshold=6000
[MOVE_SUB_B] [17:48:46] FIRESTORM_GATE_BLOCK ABTS setup=move_strike prior_bar_ticks=197 threshold=6000
[MOVE_SUB_B] [17:48:46] FIRESTORM_GATE_BLOCK ABTS setup=move_strike prior_bar_ticks=197 threshold=6000
[MOVE_SUB_B] [17:48:46] FIRESTORM_GATE_BLOCK ABTS setup=move_strike prior_bar_ticks=197 threshold=6000
[MOVE_SUB_B] [17:48:47] FIRESTORM_GATE_BLOCK ABTS setup=move_strike prior_bar_ticks=197 threshold=6000
[MOVE_SUB_B] [17:48:47] FIRESTORM_GATE_BLOCK ABTS setup=move_strike prior_bar_ticks=197 threshold=6000
[MOVE_SUB_B] [17:48:47] FIRESTORM_GATE_BLOCK ABTS setup=move_strike prior_bar_ticks=197 threshold=6000
[MOVE_SUB_B] [17:48:47] FIRESTORM_GATE_BLOCK ABTS setup=move_strike prior_bar_ticks=197 threshold=6000
[MOVE_SUB_B] [17:48:47] FIRESTORM_GATE_BLOCK ABTS setup=move_strike prior_bar_ticks=197 threshold=6000
[MOVE_SUB_B] [17:48:48] FIRESTORM_GATE_BLOCK ABTS setup=move_strike prior_bar_ticks=197 threshold=6000
[MOVE_SUB_B] [17:48:48] FIRESTORM_GATE_BLOCK ABTS setup=move_strike prior_bar_ticks=197 threshold=6000
[MOVE_SUB_B] [17:48:48] FIRESTORM_GATE_BLOCK ABTS setup=move_strike prior_bar_ticks=197 threshold=6000
[MOVE_SUB_B] [17:48:48] FIRESTORM_GATE_BLOCK ABTS setup=move_strike prior_bar_ticks=197 threshold=6000
[MOVE_SUB_B] [17:48:48] FIRESTORM_GATE_BLOCK ABTS setup=move_strike prior_bar_ticks=197 threshold=6000
[MOVE_SUB_B] [17:48:48] FIRESTORM_GATE_BLOCK ABTS setup=move_strike prior_bar_ticks=197 threshold=6000
[MOVE_SUB_B] [17:48:49] FIRESTORM_GATE_BLOCK ABTS setup=move_strike prior_bar_ticks=197 threshold=6000
[MOVE_SUB_B] [17:48:49] FIRESTORM_GATE_BLOCK ABTS setup=move_strike prior_bar_ticks=197 threshold=6000
[MOVE_SUB_B] [17:48:49] FIRESTORM_GATE_BLOCK ABTS setup=move_strike prior_bar_ticks=197 threshold=6000
[MOVE_SUB_B] [17:48:49] FIRESTORM_GATE_BLOCK ABTS setup=move_strike prior_bar_ticks=197 threshold=6000
[MOVE_SUB_B] [17:48:50] FIRESTORM_GATE_BLOCK ABTS setup=move_strike prior_bar_ticks=197 threshold=6000
[MOVE_SUB_B] [17:48:50] FIRESTORM_GATE_BLOCK ABTS setup=move_strike prior_bar_ticks=197 threshold=6000
[MOVE_SUB_B] [17:48:50] FIRESTORM_GATE_BLOCK ABTS setup=move_strike prior_bar_ticks=197 threshold=6000
[MOVE_SUB_B] [17:48:51] FIRESTORM_GATE_BLOCK ABTS setup=move_strike prior_bar_ticks=197 threshold=6000
[MOVE_SUB_B] [17:48:51] FIRESTORM_GATE_BLOCK ABTS setup=move_strike prior_bar_ticks=197 threshold=6000
[MOVE_SUB_B] [17:48:51] FIRESTORM_GATE_BLOCK ABTS setup=move_strike prior_bar_ticks=197 threshold=6000
[MOVE_SUB_B] [17:48:51] FIRESTORM_GATE_BLOCK ABTS setup=move_strike prior_bar_ticks=197 threshold=6000
[MOVE_SUB_B] [17:48:52] FIRESTORM_GATE_BLOCK ABTS setup=move_strike prior_bar_ticks=197 threshold=6000
[MOVE_SUB_B] [17:48:52] FIRESTORM_GATE_BLOCK ABTS setup=move_strike prior_bar_ticks=197 threshold=6000
[MOVE_SUB_B] [17:48:52] FIRESTORM_GATE_BLOCK ABTS setup=move_strike prior_bar_ticks=197 threshold=6000
[MOVE_SUB_B] [17:48:52] FIRESTORM_GATE_BLOCK ABTS setup=move_strike prior_bar_ticks=197 threshold=6000
[MOVE_SUB_B] [17:48:53] FIRESTORM_GATE_BLOCK ABTS setup=move_strike prior_bar_ticks=197 threshold=6000
[MOVE_SUB_B] [17:48:53] FIRESTORM_GATE_BLOCK ABTS setup=move_strike prior_bar_ticks=197 threshold=6000
[MOVE_SUB_B] [17:48:53] FIRESTORM_GATE_BLOCK ABTS setup=move_strike prior_bar_ticks=197 threshold=6000
[MOVE_SUB_B] [17:48:53] FIRESTORM_GATE_BLOCK ABTS setup=move_strike prior_bar_ticks=197 threshold=6000
[MOVE_SUB_B] [17:48:53] FIRESTORM_GATE_BLOCK ABTS setup=move_strike prior_bar_ticks=197 threshold=6000
[MOVE_SUB_B] [17:48:54] FIRESTORM_GATE_BLOCK ABTS setup=move_strike prior_bar_ticks=197 threshold=6000
[MOVE_SUB_B] [17:48:54] STATS ticks=499736 symbols=86 pos=no daily_pnl=+0 drops=0
[MOVE_SUB_B] [17:48:54] FIRESTORM_GATE_BLOCK ABTS setup=move_strike prior_bar_ticks=197 threshold=6000
[MOVE_SUB_B] [17:48:54] FIRESTORM_GATE_BLOCK ABTS setup=move_strike prior_bar_ticks=197 threshold=6000
[MOVE_SUB_B] [17:48:54] FIRESTORM_GATE_BLOCK ABTS setup=move_strike prior_bar_ticks=197 threshold=6000
[MOVE_SUB_B] [17:48:54] FIRESTORM_GATE_BLOCK ABTS setup=move_strike prior_bar_ticks=197 threshold=6000
[MOVE_SUB_B] [17:48:54] FIRESTORM_GATE_BLOCK ABTS setup=move_strike prior_bar_ticks=197 threshold=6000
[MOVE_SUB_B] [17:48:54] FIRESTORM_GATE_BLOCK ABTS setup=move_strike prior_bar_ticks=197 threshold=6000
[MOVE_SUB_B] [17:48:54] FIRESTORM_GATE_BLOCK ABTS setup=move_strike prior_bar_ticks=197 threshold=6000
[MOVE_SUB_B] [17:48:54] FIRESTORM_GATE_BLOCK ABTS setup=move_strike prior_bar_ticks=197 threshold=6000
[MOVE_SUB_B] [17:48:54] FIRESTORM_GATE_BLOCK ABTS setup=move_strike prior_bar_ticks=197 threshold=6000
[MOVE_SUB_B] [17:48:54] FIRESTORM_GATE_BLOCK ABTS setup=move_strike prior_bar_ticks=197 threshold=6000
[MOVE_SUB_B] [17:48:54] FIRESTORM_GATE_BLOCK ABTS setup=move_strike prior_bar_ticks=197 threshold=6000
[MOVE_SUB_B] [17:48:55] FIRESTORM_GATE_BLOCK ABTS setup=move_strike prior_bar_ticks=197 threshold=6000
[MOVE_SUB_B] [17:48:55] FIRESTORM_GATE_BLOCK ABTS setup=move_strike prior_bar_ticks=197 threshold=6000
[MOVE_SUB_B] [17:48:56] FIRESTORM_GATE_BLOCK ABTS setup=move_strike prior_bar_ticks=197 threshold=6000
[MOVE_SUB_B] [17:48:57] FIRESTORM_GATE_BLOCK ABTS setup=move_strike prior_bar_ticks=197 threshold=6000
[MOVE_SUB_B] [17:48:57] FIRESTORM_GATE_BLOCK ABTS setup=move_strike prior_bar_ticks=197 threshold=6000
[MOVE_SUB_B] [17:48:57] FIRESTORM_GATE_BLOCK ABTS setup=move_strike prior_bar_ticks=197 threshold=6000
[MOVE_SUB_B] [17:48:57] FIRESTORM_GATE_BLOCK ABTS setup=move_strike prior_bar_ticks=197 threshold=6000
[MOVE_SUB_B] [17:48:57] FIRESTORM_GATE_BLOCK ABTS setup=move_strike prior_bar_ticks=197 threshold=6000
[MOVE_SUB_B] [17:48:58] FIRESTORM_GATE_BLOCK ABTS setup=move_strike prior_bar_ticks=197 threshold=6000
[MOVE_SUB_B] [17:48:58] FIRESTORM_GATE_BLOCK ABTS setup=move_strike prior_bar_ticks=197 threshold=6000
[MOVE_SUB_B] [17:48:58] FIRESTORM_GATE_BLOCK ABTS setup=move_strike prior_bar_ticks=197 threshold=6000
[MOVE_SUB_B] [17:48:58] FIRESTORM_GATE_BLOCK ABTS setup=move_strike prior_bar_ticks=197 threshold=6000
[MOVE_SUB_B] [17:48:59] FIRESTORM_GATE_BLOCK ABTS setup=move_strike prior_bar_ticks=197 threshold=6000
[MOVE_SUB_B] [17:48:59] FIRESTORM_GATE_BLOCK ABTS setup=move_strike prior_bar_ticks=197 threshold=6000
[MOVE_SUB_B] [17:48:59] FIRESTORM_GATE_BLOCK ABTS setup=move_strike prior_bar_ticks=197 threshold=6000
[MOVE_SUB_B] [17:48:59] FIRESTORM_GATE_BLOCK ABTS setup=move_strike prior_bar_ticks=197 threshold=6000
[MOVE_SUB_B] [17:48:59] FIRESTORM_GATE_BLOCK ABTS setup=move_strike prior_bar_ticks=197 threshold=6000
[MOVE_SUB_B] [17:48:59] FIRESTORM_GATE_BLOCK ABTS setup=move_strike prior_bar_ticks=197 threshold=6000
[MOVE_SUB_B] [17:49:00] FIRESTORM_GATE_BLOCK ABTS setup=regime_shift prior_bar_ticks=277 threshold=6000
[MOVE_SUB_B] [17:49:41] FIRESTORM_GATE_BLOCK ABTS setup=move_strike prior_bar_ticks=277 threshold=6000
[MOVE_SUB_B] [17:49:41] FIRESTORM_GATE_BLOCK ABTS setup=move_strike prior_bar_ticks=277 threshold=6000
[MOVE_SUB_B] [17:49:41] FIRESTORM_GATE_BLOCK ABTS setup=move_strike prior_bar_ticks=277 threshold=6000
[MOVE_SUB_B] [17:49:41] FIRESTORM_GATE_BLOCK ABTS setup=move_strike prior_bar_ticks=277 threshold=6000
[MOVE_SUB_B] [17:49:41] FIRESTORM_GATE_BLOCK ABTS setup=move_strike prior_bar_ticks=277 threshold=6000
[MOVE_SUB_B] [17:49:41] FIRESTORM_GATE_BLOCK ABTS setup=move_strike prior_bar_ticks=277 threshold=6000
[MOVE_SUB_B] [17:49:41] FIRESTORM_GATE_BLOCK ABTS setup=move_strike prior_bar_ticks=277 threshold=6000
[MOVE_SUB_B] [17:49:42] FIRESTORM_GATE_BLOCK ABTS setup=move_strike prior_bar_ticks=277 threshold=6000
[MOVE_SUB_B] [17:49:42] FIRESTORM_GATE_BLOCK ABTS setup=move_strike prior_bar_ticks=277 threshold=6000
[MOVE_SUB_B] [17:49:42] FIRESTORM_GATE_BLOCK ABTS setup=move_strike prior_bar_ticks=277 threshold=6000
[MOVE_SUB_B] [17:49:42] FIRESTORM_GATE_BLOCK ABTS setup=move_strike prior_bar_ticks=277 threshold=6000
[MOVE_SUB_B] [17:49:42] FIRESTORM_GATE_BLOCK ABTS setup=move_strike prior_bar_ticks=277 threshold=6000
[MOVE_SUB_B] [17:49:42] FIRESTORM_GATE_BLOCK ABTS setup=move_strike prior_bar_ticks=277 threshold=6000
[MOVE_SUB_B] [17:49:42] FIRESTORM_GATE_BLOCK ABTS setup=move_strike prior_bar_ticks=277 threshold=6000
[MOVE_SUB_B] [17:49:43] FIRESTORM_GATE_BLOCK ABTS setup=move_strike prior_bar_ticks=277 threshold=6000
[MOVE_SUB_B] [17:49:43] FIRESTORM_GATE_BLOCK ABTS setup=move_strike prior_bar_ticks=277 threshold=6000
[MOVE_SUB_B] [17:49:43] FIRESTORM_GATE_BLOCK ABTS setup=move_strike prior_bar_ticks=277 threshold=6000
[MOVE_SUB_B] [17:49:43] FIRESTORM_GATE_BLOCK ABTS setup=move_strike prior_bar_ticks=277 threshold=6000
[MOVE_SUB_B] [17:49:44] FIRESTORM_GATE_BLOCK ABTS setup=move_strike prior_bar_ticks=277 threshold=6000
[MOVE_SUB_B] [17:49:44] FIRESTORM_GATE_BLOCK ABTS setup=move_strike prior_bar_ticks=277 threshold=6000
[MOVE_SUB_B] [17:49:44] FIRESTORM_GATE_BLOCK ABTS setup=move_strike prior_bar_ticks=277 threshold=6000
[MOVE_SUB_B] [17:49:44] FIRESTORM_GATE_BLOCK ABTS setup=move_strike prior_bar_ticks=277 threshold=6000
[MOVE_SUB_B] [17:49:46] FIRESTORM_GATE_BLOCK ABTS setup=move_strike prior_bar_ticks=277 threshold=6000
[MOVE_SUB_B] [17:49:46] FIRESTORM_GATE_BLOCK ABTS setup=move_strike prior_bar_ticks=277 threshold=6000
[MOVE_SUB_B] [17:49:46] FIRESTORM_GATE_BLOCK ABTS setup=move_strike prior_bar_ticks=277 threshold=6000
[MOVE_SUB_B] [17:49:46] FIRESTORM_GATE_BLOCK ABTS setup=move_strike prior_bar_ticks=277 threshold=6000
[MOVE_SUB_B] [17:49:46] FIRESTORM_GATE_BLOCK ABTS setup=move_strike prior_bar_ticks=277 threshold=6000
[MOVE_SUB_B] [17:49:46] FIRESTORM_GATE_BLOCK ABTS setup=move_strike prior_bar_ticks=277 threshold=6000
[MOVE_SUB_B] [17:49:46] FIRESTORM_GATE_BLOCK ABTS setup=move_strike prior_bar_ticks=277 threshold=6000
[MOVE_SUB_B] [17:49:46] FIRESTORM_GATE_BLOCK ABTS setup=move_strike prior_bar_ticks=277 threshold=6000
[MOVE_SUB_B] [17:49:46] FIRESTORM_GATE_BLOCK ABTS setup=move_strike prior_bar_ticks=277 threshold=6000
[MOVE_SUB_B] [17:49:46] FIRESTORM_GATE_BLOCK ABTS setup=move_strike prior_bar_ticks=277 threshold=6000
[MOVE_SUB_B] [17:49:46] FIRESTORM_GATE_BLOCK ABTS setup=move_strike prior_bar_ticks=277 threshold=6000
[MOVE_SUB_B] [17:49:46] FIRESTORM_GATE_BLOCK ABTS setup=move_strike prior_bar_ticks=277 threshold=6000
[MOVE_SUB_B] [17:49:46] FIRESTORM_GATE_BLOCK ABTS setup=move_strike prior_bar_ticks=277 threshold=6000
[MOVE_SUB_B] [17:49:46] FIRESTORM_GATE_BLOCK ABTS setup=move_strike prior_bar_ticks=277 threshold=6000
[MOVE_SUB_B] [17:49:46] FIRESTORM_GATE_BLOCK ABTS setup=move_strike prior_bar_ticks=277 threshold=6000
[MOVE_SUB_B] [17:49:46] FIRESTORM_GATE_BLOCK ABTS setup=move_strike prior_bar_ticks=277 threshold=6000
[MOVE_SUB_B] [17:49:46] FIRESTORM_GATE_BLOCK ABTS setup=move_strike prior_bar_ticks=277 threshold=6000
[MOVE_SUB_B] [17:49:46] FIRESTORM_GATE_BLOCK ABTS setup=move_strike prior_bar_ticks=277 threshold=6000
[MOVE_SUB_B] [17:49:46] FIRESTORM_GATE_BLOCK ABTS setup=move_strike prior_bar_ticks=277 threshold=6000
[MOVE_SUB_B] [17:49:46] FIRESTORM_GATE_BLOCK ABTS setup=move_strike prior_bar_ticks=277 threshold=6000
[MOVE_SUB_B] [17:49:46] FIRESTORM_GATE_BLOCK ABTS setup=move_strike prior_bar_ticks=277 threshold=6000
[MOVE_SUB_B] [17:49:46] FIRESTORM_GATE_BLOCK ABTS setup=move_strike prior_bar_ticks=277 threshold=6000
[MOVE_SUB_B] [17:49:46] FIRESTORM_GATE_BLOCK ABTS setup=move_strike prior_bar_ticks=277 threshold=6000
[MOVE_SUB_B] [17:49:46] FIRESTORM_GATE_BLOCK ABTS setup=move_strike prior_bar_ticks=277 threshold=6000
[MOVE_SUB_B] [17:49:46] FIRESTORM_GATE_BLOCK ABTS setup=move_strike prior_bar_ticks=277 threshold=6000
[MOVE_SUB_B] [17:49:46] FIRESTORM_GATE_BLOCK ABTS setup=move_strike prior_bar_ticks=277 threshold=6000
[MOVE_SUB_B] [17:49:46] FIRESTORM_GATE_BLOCK ABTS setup=move_strike prior_bar_ticks=277 threshold=6000
[MOVE_SUB_B] [17:49:46] FIRESTORM_GATE_BLOCK ABTS setup=move_strike prior_bar_ticks=277 threshold=6000
[MOVE_SUB_B] [17:49:46] FIRESTORM_GATE_BLOCK ABTS setup=move_strike prior_bar_ticks=277 threshold=6000
[MOVE_SUB_B] [17:49:47] FIRESTORM_GATE_BLOCK ABTS setup=move_strike prior_bar_ticks=277 threshold=6000
[MOVE_SUB_B] [17:49:47] FIRESTORM_GATE_BLOCK ABTS setup=move_strike prior_bar_ticks=277 threshold=6000
[MOVE_SUB_B] [17:49:47] FIRESTORM_GATE_BLOCK ABTS setup=move_strike prior_bar_ticks=277 threshold=6000
[MOVE_SUB_B] [17:49:47] FIRESTORM_GATE_BLOCK ABTS setup=move_strike prior_bar_ticks=277 threshold=6000
[MOVE_SUB_B] [17:49:47] FIRESTORM_GATE_BLOCK ABTS setup=move_strike prior_bar_ticks=277 threshold=6000
[MOVE_SUB_B] [17:49:47] FIRESTORM_GATE_BLOCK ABTS setup=move_strike prior_bar_ticks=277 threshold=6000
[MOVE_SUB_B] [17:49:47] FIRESTORM_GATE_BLOCK ABTS setup=move_strike prior_bar_ticks=277 threshold=6000
[MOVE_SUB_B] [17:49:48] FIRESTORM_GATE_BLOCK ABTS setup=move_strike prior_bar_ticks=277 threshold=6000
[MOVE_SUB_B] [17:49:48] FIRESTORM_GATE_BLOCK ABTS setup=move_strike prior_bar_ticks=277 threshold=6000
[MOVE_SUB_B] [17:49:48] FIRESTORM_GATE_BLOCK ABTS setup=move_strike prior_bar_ticks=277 threshold=6000
[MOVE_SUB_B] [17:49:48] FIRESTORM_GATE_BLOCK ABTS setup=move_strike prior_bar_ticks=277 threshold=6000
[MOVE_SUB_B] [17:49:48] FIRESTORM_GATE_BLOCK ABTS setup=move_strike prior_bar_ticks=277 threshold=6000
[MOVE_SUB_B] [17:49:48] FIRESTORM_GATE_BLOCK ABTS setup=move_strike prior_bar_ticks=277 threshold=6000
[MOVE_SUB_B] [17:49:48] FIRESTORM_GATE_BLOCK ABTS setup=move_strike prior_bar_ticks=277 threshold=6000
[MOVE_SUB_B] [17:49:48] FIRESTORM_GATE_BLOCK ABTS setup=move_strike prior_bar_ticks=277 threshold=6000
[MOVE_SUB_B] [17:49:49] FIRESTORM_GATE_BLOCK ABTS setup=move_strike prior_bar_ticks=277 threshold=6000
[MOVE_SUB_B] [17:49:49] FIRESTORM_GATE_BLOCK ABTS setup=move_strike prior_bar_ticks=277 threshold=6000
[MOVE_SUB_B] [17:49:49] FIRESTORM_GATE_BLOCK ABTS setup=move_strike prior_bar_ticks=277 threshold=6000
[MOVE_SUB_B] [17:49:49] FIRESTORM_GATE_BLOCK ABTS setup=move_strike prior_bar_ticks=277 threshold=6000
[MOVE_SUB_B] [17:49:49] FIRESTORM_GATE_BLOCK ABTS setup=move_strike prior_bar_ticks=277 threshold=6000
[MOVE_SUB_B] [17:49:49] FIRESTORM_GATE_BLOCK ABTS setup=move_strike prior_bar_ticks=277 threshold=6000
[MOVE_SUB_B] [17:49:49] FIRESTORM_GATE_BLOCK ABTS setup=move_strike prior_bar_ticks=277 threshold=6000
[MOVE_SUB_B] [17:49:49] FIRESTORM_GATE_BLOCK ABTS setup=move_strike prior_bar_ticks=277 threshold=6000
[MOVE_SUB_B] [17:49:49] FIRESTORM_GATE_BLOCK ABTS setup=move_strike prior_bar_ticks=277 threshold=6000
[MOVE_SUB_B] [17:49:49] FIRESTORM_GATE_BLOCK ABTS setup=move_strike prior_bar_ticks=277 threshold=6000
[MOVE_SUB_B] [17:49:49] FIRESTORM_GATE_BLOCK ABTS setup=move_strike prior_bar_ticks=277 threshold=6000
[MOVE_SUB_B] [17:49:49] FIRESTORM_GATE_BLOCK ABTS setup=move_strike prior_bar_ticks=277 threshold=6000
[MOVE_SUB_B] [17:49:49] FIRESTORM_GATE_BLOCK ABTS setup=move_strike prior_bar_ticks=277 threshold=6000
[MOVE_SUB_B] [17:49:50] FIRESTORM_GATE_BLOCK ABTS setup=move_strike prior_bar_ticks=277 threshold=6000
[MOVE_SUB_B] [17:49:50] FIRESTORM_GATE_BLOCK ABTS setup=move_strike prior_bar_ticks=277 threshold=6000
[MOVE_SUB_B] [17:49:50] FIRESTORM_GATE_BLOCK ABTS setup=move_strike prior_bar_ticks=277 threshold=6000
[MOVE_SUB_B] [17:49:50] FIRESTORM_GATE_BLOCK ABTS setup=move_strike prior_bar_ticks=277 threshold=6000
[MOVE_SUB_B] [17:49:50] FIRESTORM_GATE_BLOCK ABTS setup=move_strike prior_bar_ticks=277 threshold=6000
[MOVE_SUB_B] [17:49:50] FIRESTORM_GATE_BLOCK ABTS setup=move_strike prior_bar_ticks=277 threshold=6000
[MOVE_SUB_B] [17:49:50] FIRESTORM_GATE_BLOCK ABTS setup=move_strike prior_bar_ticks=277 threshold=6000
[MOVE_SUB_B] [17:49:50] FIRESTORM_GATE_BLOCK ABTS setup=move_strike prior_bar_ticks=277 threshold=6000
[MOVE_SUB_B] [17:49:51] FIRESTORM_GATE_BLOCK ABTS setup=move_strike prior_bar_ticks=277 threshold=6000
[MOVE_SUB_B] [17:49:51] FIRESTORM_GATE_BLOCK ABTS setup=move_strike prior_bar_ticks=277 threshold=6000
[MOVE_SUB_B] [17:49:51] FIRESTORM_GATE_BLOCK ABTS setup=move_strike prior_bar_ticks=277 threshold=6000
[MOVE_SUB_B] [17:49:51] FIRESTORM_GATE_BLOCK ABTS setup=move_strike prior_bar_ticks=277 threshold=6000
[MOVE_SUB_B] [17:49:51] FIRESTORM_GATE_BLOCK ABTS setup=move_strike prior_bar_ticks=277 threshold=6000
[MOVE_SUB_B] [17:49:51] FIRESTORM_GATE_BLOCK ABTS setup=move_strike prior_bar_ticks=277 threshold=6000
[MOVE_SUB_B] [17:49:51] FIRESTORM_GATE_BLOCK ABTS setup=move_strike prior_bar_ticks=277 threshold=6000
[MOVE_SUB_B] [17:49:51] FIRESTORM_GATE_BLOCK ABTS setup=move_strike prior_bar_ticks=277 threshold=6000
[MOVE_SUB_B] [17:49:51] FIRESTORM_GATE_BLOCK ABTS setup=move_strike prior_bar_ticks=277 threshold=6000
[MOVE_SUB_B] [17:49:51] FIRESTORM_GATE_BLOCK ABTS setup=move_strike prior_bar_ticks=277 threshold=6000
[MOVE_SUB_B] [17:49:51] FIRESTORM_GATE_BLOCK ABTS setup=move_strike prior_bar_ticks=277 threshold=6000
[MOVE_SUB_B] [17:49:51] FIRESTORM_GATE_BLOCK ABTS setup=move_strike prior_bar_ticks=277 threshold=6000
[MOVE_SUB_B] [17:49:51] FIRESTORM_GATE_BLOCK ABTS setup=move_strike prior_bar_ticks=277 threshold=6000
[MOVE_SUB_B] [17:49:51] FIRESTORM_GATE_BLOCK ABTS setup=move_strike prior_bar_ticks=277 threshold=6000
[MOVE_SUB_B] [17:49:51] FIRESTORM_GATE_BLOCK ABTS setup=move_strike prior_bar_ticks=277 threshold=6000
[MOVE_SUB_B] [17:49:52] FIRESTORM_GATE_BLOCK ABTS setup=move_strike prior_bar_ticks=277 threshold=6000
[MOVE_SUB_B] [17:49:52] FIRESTORM_GATE_BLOCK ABTS setup=move_strike prior_bar_ticks=277 threshold=6000
[MOVE_SUB_B] [17:49:52] FIRESTORM_GATE_BLOCK ABTS setup=move_strike prior_bar_ticks=277 threshold=6000
[MOVE_SUB_B] [17:49:52] FIRESTORM_GATE_BLOCK ABTS setup=move_strike prior_bar_ticks=277 threshold=6000
[MOVE_SUB_B] [17:49:52] FIRESTORM_GATE_BLOCK ABTS setup=move_strike prior_bar_ticks=277 threshold=6000
[MOVE_SUB_B] [17:49:52] FIRESTORM_GATE_BLOCK ABTS setup=move_strike prior_bar_ticks=277 threshold=6000
[MOVE_SUB_B] [17:49:52] FIRESTORM_GATE_BLOCK ABTS setup=move_strike prior_bar_ticks=277 threshold=6000
[MOVE_SUB_B] [17:49:52] FIRESTORM_GATE_BLOCK ABTS setup=move_strike prior_bar_ticks=277 threshold=6000
[MOVE_SUB_B] [17:49:52] FIRESTORM_GATE_BLOCK ABTS setup=move_strike prior_bar_ticks=277 threshold=6000
[MOVE_SUB_B] [17:49:52] FIRESTORM_GATE_BLOCK ABTS setup=move_strike prior_bar_ticks=277 threshold=6000
[MOVE_SUB_B] [17:49:52] FIRESTORM_GATE_BLOCK ABTS setup=move_strike prior_bar_ticks=277 threshold=6000
[MOVE_SUB_B] [17:49:52] FIRESTORM_GATE_BLOCK ABTS setup=move_strike prior_bar_ticks=277 threshold=6000
[MOVE_SUB_B] [17:49:52] FIRESTORM_GATE_BLOCK ABTS setup=move_strike prior_bar_ticks=277 threshold=6000
[MOVE_SUB_B] [17:49:52] FIRESTORM_GATE_BLOCK ABTS setup=move_strike prior_bar_ticks=277 threshold=6000
[MOVE_SUB_B] [17:49:53] FIRESTORM_GATE_BLOCK ABTS setup=move_strike prior_bar_ticks=277 threshold=6000
[MOVE_SUB_B] [17:49:53] FIRESTORM_GATE_BLOCK ABTS setup=move_strike prior_bar_ticks=277 threshold=6000
[MOVE_SUB_B] [17:49:53] FIRESTORM_GATE_BLOCK ABTS setup=move_strike prior_bar_ticks=277 threshold=6000
[MOVE_SUB_B] [17:49:53] FIRESTORM_GATE_BLOCK ABTS setup=move_strike prior_bar_ticks=277 threshold=6000
[MOVE_SUB_B] [17:49:53] FIRESTORM_GATE_BLOCK ABTS setup=move_strike prior_bar_ticks=277 threshold=6000
[MOVE_SUB_B] [17:49:53] FIRESTORM_GATE_BLOCK ABTS setup=move_strike prior_bar_ticks=277 threshold=6000
[MOVE_SUB_B] [17:49:53] FIRESTORM_GATE_BLOCK ABTS setup=move_strike prior_bar_ticks=277 threshold=6000
[MOVE_SUB_B] [17:49:53] FIRESTORM_GATE_BLOCK ABTS setup=move_strike prior_bar_ticks=277 threshold=6000
[MOVE_SUB_B] [17:49:53] FIRESTORM_GATE_BLOCK ABTS setup=move_strike prior_bar_ticks=277 threshold=6000
[MOVE_SUB_B] [17:49:54] FIRESTORM_GATE_BLOCK ABTS setup=move_strike prior_bar_ticks=277 threshold=6000
[MOVE_SUB_B] [17:49:54] FIRESTORM_GATE_BLOCK ABTS setup=move_strike prior_bar_ticks=277 threshold=6000
[MOVE_SUB_B] [17:49:54] STATS ticks=500617 symbols=86 pos=no daily_pnl=+0 drops=0
[MOVE_SUB_B] [17:49:54] FIRESTORM_GATE_BLOCK ABTS setup=move_strike prior_bar_ticks=277 threshold=6000
[MOVE_SUB_B] [17:49:54] FIRESTORM_GATE_BLOCK ABTS setup=move_strike prior_bar_ticks=277 threshold=6000
[MOVE_SUB_B] [17:49:54] FIRESTORM_GATE_BLOCK ABTS setup=move_strike prior_bar_ticks=277 threshold=6000
[MOVE_SUB_B] [17:49:54] FIRESTORM_GATE_BLOCK ABTS setup=move_strike prior_bar_ticks=277 threshold=6000
[MOVE_SUB_B] [17:49:54] FIRESTORM_GATE_BLOCK ABTS setup=move_strike prior_bar_ticks=277 threshold=6000
[MOVE_SUB_B] [17:49:54] FIRESTORM_GATE_BLOCK ABTS setup=move_strike prior_bar_ticks=277 threshold=6000
[MOVE_SUB_B] [17:49:54] FIRESTORM_GATE_BLOCK ABTS setup=move_strike prior_bar_ticks=277 threshold=6000
[MOVE_SUB_B] [17:49:54] FIRESTORM_GATE_BLOCK ABTS setup=move_strike prior_bar_ticks=277 threshold=6000
[MOVE_SUB_B] [17:49:54] FIRESTORM_GATE_BLOCK ABTS setup=move_strike prior_bar_ticks=277 threshold=6000
[MOVE_SUB_B] [17:49:54] FIRESTORM_GATE_BLOCK ABTS setup=move_strike prior_bar_ticks=277 threshold=6000
[MOVE_SUB_B] [17:49:54] FIRESTORM_GATE_BLOCK ABTS setup=move_strike prior_bar_ticks=277 threshold=6000
[MOVE_SUB_B] [17:49:54] FIRESTORM_GATE_BLOCK ABTS setup=move_strike prior_bar_ticks=277 threshold=6000
[MOVE_SUB_B] [17:49:54] FIRESTORM_GATE_BLOCK ABTS setup=move_strike prior_bar_ticks=277 threshold=6000
[MOVE_SUB_B] [17:49:54] FIRESTORM_GATE_BLOCK ABTS setup=move_strike prior_bar_ticks=277 threshold=6000
[MOVE_SUB_B] [17:49:54] FIRESTORM_GATE_BLOCK ABTS setup=move_strike prior_bar_ticks=277 threshold=6000
[MOVE_SUB_B] [17:49:54] FIRESTORM_GATE_BLOCK ABTS setup=move_strike prior_bar_ticks=277 threshold=6000
[MOVE_SUB_B] [17:49:54] FIRESTORM_GATE_BLOCK ABTS setup=move_strike prior_bar_ticks=277 threshold=6000
[MOVE_SUB_B] [17:49:54] FIRESTORM_GATE_BLOCK ABTS setup=move_strike prior_bar_ticks=277 threshold=6000
[MOVE_SUB_B] [17:49:54] FIRESTORM_GATE_BLOCK ABTS setup=move_strike prior_bar_ticks=277 threshold=6000
[MOVE_SUB_B] [17:49:54] FIRESTORM_GATE_BLOCK ABTS setup=move_strike prior_bar_ticks=277 threshold=6000
[MOVE_SUB_B] [17:49:54] FIRESTORM_GATE_BLOCK ABTS setup=move_strike prior_bar_ticks=277 threshold=6000
[MOVE_SUB_B] [17:49:54] FIRESTORM_GATE_BLOCK ABTS setup=move_strike prior_bar_ticks=277 threshold=6000
[MOVE_SUB_B] [17:49:54] FIRESTORM_GATE_BLOCK ABTS setup=move_strike prior_bar_ticks=277 threshold=6000
[MOVE_SUB_B] [17:49:54] FIRESTORM_GATE_BLOCK ABTS setup=move_strike prior_bar_ticks=277 threshold=6000
[MOVE_SUB_B] [17:49:54] FIRESTORM_GATE_BLOCK ABTS setup=move_strike prior_bar_ticks=277 threshold=6000
[MOVE_SUB_B] [17:49:54] FIRESTORM_GATE_BLOCK ABTS setup=move_strike prior_bar_ticks=277 threshold=6000
[MOVE_SUB_B] [17:49:54] FIRESTORM_GATE_BLOCK ABTS setup=move_strike prior_bar_ticks=277 threshold=6000
[MOVE_SUB_B] [17:49:54] FIRESTORM_GATE_BLOCK ABTS setup=move_strike prior_bar_ticks=277 threshold=6000
[MOVE_SUB_B] [17:49:54] FIRESTORM_GATE_BLOCK ABTS setup=move_strike prior_bar_ticks=277 threshold=6000
[MOVE_SUB_B] [17:49:54] FIRESTORM_GATE_BLOCK ABTS setup=move_strike prior_bar_ticks=277 threshold=6000
[MOVE_SUB_B] [17:49:54] FIRESTORM_GATE_BLOCK ABTS setup=move_strike prior_bar_ticks=277 threshold=6000
[MOVE_SUB_B] [17:50:55] STATS ticks=501356 symbols=86 pos=no daily_pnl=+0 drops=0
[MOVE_SUB_B] [17:51:55] STATS ticks=501832 symbols=86 pos=no daily_pnl=+0 drops=0
[MOVE_SUB_B] [17:52:55] STATS ticks=502169 symbols=86 pos=no daily_pnl=+0 drops=0
[MOVE_SUB_B] [17:53:56] STATS ticks=502564 symbols=86 pos=no daily_pnl=+0 drops=0
[MOVE_SUB_B] [17:54:56] STATS ticks=503074 symbols=86 pos=no daily_pnl=+0 drops=0
[MOVE_SUB_B] [17:55:56] STATS ticks=503708 symbols=86 pos=no daily_pnl=+0 drops=0
[MOVE_SUB_B] [17:56:57] STATS ticks=504309 symbols=86 pos=no daily_pnl=+0 drops=0
[MOVE_SUB_B] [17:57:57] STATS ticks=504856 symbols=86 pos=no daily_pnl=+0 drops=0
[MOVE_SUB_B] [17:58:58] STATS ticks=505298 symbols=86 pos=no daily_pnl=+0 drops=0
[MOVE_SUB_B] [17:59:58] STATS ticks=506340 symbols=86 pos=no daily_pnl=+0 drops=0
[MOVE_SUB_B] [18:00:58] STATS ticks=507137 symbols=86 pos=no daily_pnl=+0 drops=0
[MOVE_SUB_B] [18:01:58] STATS ticks=507678 symbols=86 pos=no daily_pnl=+0 drops=0
[MOVE_SUB_B] [18:02:59] STATS ticks=508279 symbols=86 pos=no daily_pnl=+0 drops=0
[MOVE_SUB_B] [18:03:59] STATS ticks=508866 symbols=86 pos=no daily_pnl=+0 drops=0
[MOVE_SUB_B] [18:04:59] STATS ticks=509307 symbols=86 pos=no daily_pnl=+0 drops=0
[MOVE_SUB_B] [18:05:50] FIRESTORM_GATE_BLOCK ABTS setup=move_strike prior_bar_ticks=148 threshold=6000
[MOVE_SUB_B] [18:05:54] FIRESTORM_GATE_BLOCK ABTS setup=move_strike prior_bar_ticks=148 threshold=6000
[MOVE_SUB_B] [18:05:54] FIRESTORM_GATE_BLOCK ABTS setup=move_strike prior_bar_ticks=148 threshold=6000
[MOVE_SUB_B] [18:05:54] FIRESTORM_GATE_BLOCK ABTS setup=move_strike prior_bar_ticks=148 threshold=6000
[MOVE_SUB_B] [18:05:54] FIRESTORM_GATE_BLOCK ABTS setup=move_strike prior_bar_ticks=148 threshold=6000
[MOVE_SUB_B] [18:05:54] FIRESTORM_GATE_BLOCK ABTS setup=move_strike prior_bar_ticks=148 threshold=6000
[MOVE_SUB_B] [18:05:54] FIRESTORM_GATE_BLOCK ABTS setup=move_strike prior_bar_ticks=148 threshold=6000
[MOVE_SUB_B] [18:05:54] FIRESTORM_GATE_BLOCK ABTS setup=move_strike prior_bar_ticks=148 threshold=6000
[MOVE_SUB_B] [18:05:54] FIRESTORM_GATE_BLOCK ABTS setup=move_strike prior_bar_ticks=148 threshold=6000
[MOVE_SUB_B] [18:05:54] FIRESTORM_GATE_BLOCK ABTS setup=move_strike prior_bar_ticks=148 threshold=6000
[MOVE_SUB_B] [18:05:54] FIRESTORM_GATE_BLOCK ABTS setup=move_strike prior_bar_ticks=148 threshold=6000
[MOVE_SUB_B] [18:05:54] FIRESTORM_GATE_BLOCK ABTS setup=move_strike prior_bar_ticks=148 threshold=6000
[MOVE_SUB_B] [18:05:55] FIRESTORM_GATE_BLOCK ABTS setup=move_strike prior_bar_ticks=148 threshold=6000
[MOVE_SUB_B] [18:05:55] FIRESTORM_GATE_BLOCK ABTS setup=move_strike prior_bar_ticks=148 threshold=6000
[MOVE_SUB_B] [18:05:55] FIRESTORM_GATE_BLOCK ABTS setup=move_strike prior_bar_ticks=148 threshold=6000
[MOVE_SUB_B] [18:05:56] FIRESTORM_GATE_BLOCK ABTS setup=move_strike prior_bar_ticks=148 threshold=6000
[MOVE_SUB_B] [18:05:56] FIRESTORM_GATE_BLOCK ABTS setup=move_strike prior_bar_ticks=148 threshold=6000
[MOVE_SUB_B] [18:05:57] FIRESTORM_GATE_BLOCK ABTS setup=move_strike prior_bar_ticks=148 threshold=6000
[MOVE_SUB_B] [18:05:57] FIRESTORM_GATE_BLOCK ABTS setup=move_strike prior_bar_ticks=148 threshold=6000
[MOVE_SUB_B] [18:05:57] FIRESTORM_GATE_BLOCK ABTS setup=move_strike prior_bar_ticks=148 threshold=6000
[MOVE_SUB_B] [18:05:57] FIRESTORM_GATE_BLOCK ABTS setup=move_strike prior_bar_ticks=148 threshold=6000
[MOVE_SUB_B] [18:05:58] FIRESTORM_GATE_BLOCK ABTS setup=move_strike prior_bar_ticks=148 threshold=6000
[MOVE_SUB_B] [18:05:58] FIRESTORM_GATE_BLOCK ABTS setup=move_strike prior_bar_ticks=148 threshold=6000
[MOVE_SUB_B] [18:05:58] FIRESTORM_GATE_BLOCK ABTS setup=move_strike prior_bar_ticks=148 threshold=6000
[MOVE_SUB_B] [18:05:59] FIRESTORM_GATE_BLOCK ABTS setup=move_strike prior_bar_ticks=148 threshold=6000
[MOVE_SUB_B] [18:05:59] FIRESTORM_GATE_BLOCK ABTS setup=move_strike prior_bar_ticks=148 threshold=6000
[MOVE_SUB_B] [18:05:59] FIRESTORM_GATE_BLOCK ABTS setup=move_strike prior_bar_ticks=148 threshold=6000
[MOVE_SUB_B] [18:05:59] FIRESTORM_GATE_BLOCK ABTS setup=move_strike prior_bar_ticks=148 threshold=6000
[MOVE_SUB_B] [18:05:59] FIRESTORM_GATE_BLOCK ABTS setup=move_strike prior_bar_ticks=148 threshold=6000
[MOVE_SUB_B] [18:05:59] STATS ticks=509712 symbols=86 pos=no daily_pnl=+0 drops=0
[MOVE_SUB_B] [18:07:00] STATS ticks=510275 symbols=86 pos=no daily_pnl=+0 drops=0
[MOVE_SUB_B] [18:08:00] STATS ticks=510811 symbols=86 pos=no daily_pnl=+0 drops=0
[MOVE_SUB_B] [18:09:00] STATS ticks=511209 symbols=86 pos=no daily_pnl=+0 drops=0
[MOVE_SUB_B] [18:10:00] STATS ticks=511602 symbols=86 pos=no daily_pnl=+0 drops=0
[MOVE_SUB_B] [18:11:01] STATS ticks=511965 symbols=86 pos=no daily_pnl=+0 drops=0
[MOVE_SUB_B] [18:12:01] STATS ticks=512302 symbols=86 pos=no daily_pnl=+0 drops=0
[MOVE_SUB_B] [18:12:02] FIRESTORM_GATE_BLOCK FOFO setup=move_strike prior_bar_ticks=3 threshold=6000
[MOVE_SUB_B] [18:12:02] FIRESTORM_GATE_BLOCK FOFO setup=move_strike prior_bar_ticks=3 threshold=6000
[MOVE_SUB_B] [18:13:15] STATS ticks=512809 symbols=86 pos=no daily_pnl=+0 drops=0
[MOVE_SUB_B] [18:14:15] STATS ticks=513877 symbols=86 pos=no daily_pnl=+0 drops=0
[MOVE_SUB_B] [18:15:16] STATS ticks=514283 symbols=86 pos=no daily_pnl=+0 drops=0
[MOVE_SUB_B] [18:16:17] STATS ticks=514556 symbols=86 pos=no daily_pnl=+0 drops=0
[MOVE_SUB_B] [18:17:18] STATS ticks=514820 symbols=86 pos=no daily_pnl=+0 drops=0
[MOVE_SUB_B] [18:18:20] STATS ticks=515071 symbols=86 pos=no daily_pnl=+0 drops=0
[MOVE_SUB_B] [18:19:20] STATS ticks=515250 symbols=86 pos=no daily_pnl=+0 drops=0
[MOVE_SUB_B] [18:20:09] FIRESTORM_GATE_BLOCK FOFO setup=move_strike prior_bar_ticks=4 threshold=6000
[MOVE_SUB_B] [18:20:09] FIRESTORM_GATE_BLOCK FOFO setup=move_strike prior_bar_ticks=4 threshold=6000
[MOVE_SUB_B] [18:20:11] FIRESTORM_GATE_BLOCK FOFO setup=move_strike prior_bar_ticks=4 threshold=6000
[MOVE_SUB_B] [18:20:20] STATS ticks=515622 symbols=86 pos=no daily_pnl=+0 drops=0
[MOVE_SUB_B] [18:21:20] STATS ticks=515996 symbols=86 pos=no daily_pnl=+0 drops=0
[MOVE_SUB_B] [18:22:21] STATS ticks=516478 symbols=86 pos=no daily_pnl=+0 drops=0
[MOVE_SUB_B] [18:23:21] STATS ticks=516812 symbols=86 pos=no daily_pnl=+0 drops=0
[MOVE_SUB_B] [18:24:21] STATS ticks=517089 symbols=86 pos=no daily_pnl=+0 drops=0
[MOVE_SUB_B] [18:25:21] STATS ticks=517372 symbols=86 pos=no daily_pnl=+0 drops=0
[MOVE_SUB_B] [18:26:21] STATS ticks=517808 symbols=86 pos=no daily_pnl=+0 drops=0
[MOVE_SUB_B] [18:27:22] STATS ticks=518260 symbols=86 pos=no daily_pnl=+0 drops=0
[MOVE_SUB_B] [18:28:22] STATS ticks=518670 symbols=86 pos=no daily_pnl=+0 drops=0
[MOVE_SUB_B] [18:29:23] STATS ticks=519013 symbols=86 pos=no daily_pnl=+0 drops=0
[MOVE_SUB_B] [18:30:23] STATS ticks=519485 symbols=86 pos=no daily_pnl=+0 drops=0
[MOVE_SUB_B] [18:30:30] FIRESTORM_GATE_BLOCK ABTS setup=move_strike prior_bar_ticks=195 threshold=6000
[MOVE_SUB_B] [18:30:36] FIRESTORM_GATE_BLOCK ABTS setup=move_strike prior_bar_ticks=195 threshold=6000
[MOVE_SUB_B] [18:30:36] FIRESTORM_GATE_BLOCK ABTS setup=move_strike prior_bar_ticks=195 threshold=6000
[MOVE_SUB_B] [18:30:43] FIRESTORM_GATE_BLOCK ABTS setup=move_strike prior_bar_ticks=195 threshold=6000
[MOVE_SUB_B] [18:30:43] FIRESTORM_GATE_BLOCK ABTS setup=move_strike prior_bar_ticks=195 threshold=6000
[MOVE_SUB_B] [18:30:43] FIRESTORM_GATE_BLOCK ABTS setup=move_strike prior_bar_ticks=195 threshold=6000
[MOVE_SUB_B] [18:30:43] FIRESTORM_GATE_BLOCK ABTS setup=move_strike prior_bar_ticks=195 threshold=6000
[MOVE_SUB_B] [18:30:43] FIRESTORM_GATE_BLOCK ABTS setup=move_strike prior_bar_ticks=195 threshold=6000
[MOVE_SUB_B] [18:31:23] STATS ticks=519844 symbols=86 pos=no daily_pnl=+0 drops=0
[MOVE_SUB_B] [18:32:23] STATS ticks=520008 symbols=86 pos=no daily_pnl=+0 drops=0
[MOVE_SUB_B] [18:33:24] STATS ticks=520289 symbols=86 pos=no daily_pnl=+0 drops=0
[MOVE_SUB_B] [18:34:25] STATS ticks=520574 symbols=86 pos=no daily_pnl=+0 drops=0
[MOVE_SUB_B] [18:35:25] STATS ticks=520966 symbols=86 pos=no daily_pnl=+0 drops=0
[MOVE_SUB_B] [18:36:26] STATS ticks=521328 symbols=86 pos=no daily_pnl=+0 drops=0
[MOVE_SUB_B] [18:37:26] STATS ticks=521642 symbols=86 pos=no daily_pnl=+0 drops=0
[MOVE_SUB_B] [18:38:15] FIRESTORM_GATE_BLOCK ABTS setup=move_strike prior_bar_ticks=38 threshold=6000
[MOVE_SUB_B] [18:38:16] FIRESTORM_GATE_BLOCK ABTS setup=move_strike prior_bar_ticks=38 threshold=6000
[MOVE_SUB_B] [18:38:16] FIRESTORM_GATE_BLOCK ABTS setup=move_strike prior_bar_ticks=38 threshold=6000
[MOVE_SUB_B] [18:38:26] STATS ticks=521881 symbols=86 pos=no daily_pnl=+0 drops=0
[MOVE_SUB_B] [18:38:31] FIRESTORM_GATE_BLOCK ABTS setup=move_strike prior_bar_ticks=38 threshold=6000
[MOVE_SUB_B] [18:38:31] FIRESTORM_GATE_BLOCK ABTS setup=move_strike prior_bar_ticks=38 threshold=6000
[MOVE_SUB_B] [18:38:31] FIRESTORM_GATE_BLOCK ABTS setup=move_strike prior_bar_ticks=38 threshold=6000
[MOVE_SUB_B] [18:38:37] FIRESTORM_GATE_BLOCK ABTS setup=move_strike prior_bar_ticks=38 threshold=6000
[MOVE_SUB_B] [18:38:50] FIRESTORM_GATE_BLOCK ABTS setup=move_strike prior_bar_ticks=38 threshold=6000
[MOVE_SUB_B] [18:38:50] FIRESTORM_GATE_BLOCK ABTS setup=move_strike prior_bar_ticks=38 threshold=6000
[MOVE_SUB_B] [18:38:50] FIRESTORM_GATE_BLOCK ABTS setup=move_strike prior_bar_ticks=38 threshold=6000
[MOVE_SUB_B] [18:38:50] FIRESTORM_GATE_BLOCK ABTS setup=move_strike prior_bar_ticks=38 threshold=6000
[MOVE_SUB_B] [18:38:52] FIRESTORM_GATE_BLOCK ABTS setup=move_strike prior_bar_ticks=38 threshold=6000
[MOVE_SUB_B] [18:38:52] FIRESTORM_GATE_BLOCK ABTS setup=move_strike prior_bar_ticks=38 threshold=6000
[MOVE_SUB_B] [18:38:52] FIRESTORM_GATE_BLOCK ABTS setup=move_strike prior_bar_ticks=38 threshold=6000
[MOVE_SUB_B] [18:38:57] FIRESTORM_GATE_BLOCK ABTS setup=move_strike prior_bar_ticks=38 threshold=6000
[MOVE_SUB_B] [18:38:58] FIRESTORM_GATE_BLOCK ABTS setup=move_strike prior_bar_ticks=38 threshold=6000
[MOVE_SUB_B] [18:38:58] FIRESTORM_GATE_BLOCK ABTS setup=move_strike prior_bar_ticks=38 threshold=6000
[MOVE_SUB_B] [18:39:26] STATS ticks=522054 symbols=86 pos=no daily_pnl=+0 drops=0
[MOVE_SUB_B] [18:39:34] FIRESTORM_GATE_BLOCK ABTS setup=move_strike prior_bar_ticks=27 threshold=6000
[MOVE_SUB_B] [18:39:34] FIRESTORM_GATE_BLOCK ABTS setup=move_strike prior_bar_ticks=27 threshold=6000
[MOVE_SUB_B] [18:39:34] FIRESTORM_GATE_BLOCK ABTS setup=move_strike prior_bar_ticks=27 threshold=6000
[MOVE_SUB_B] [18:39:34] FIRESTORM_GATE_BLOCK ABTS setup=move_strike prior_bar_ticks=27 threshold=6000
[MOVE_SUB_B] [18:39:40] FIRESTORM_GATE_BLOCK ABTS setup=move_strike prior_bar_ticks=27 threshold=6000
[MOVE_SUB_B] [18:39:40] FIRESTORM_GATE_BLOCK ABTS setup=move_strike prior_bar_ticks=27 threshold=6000
[MOVE_SUB_B] [18:39:40] FIRESTORM_GATE_BLOCK ABTS setup=move_strike prior_bar_ticks=27 threshold=6000
[MOVE_SUB_B] [18:39:40] FIRESTORM_GATE_BLOCK ABTS setup=move_strike prior_bar_ticks=27 threshold=6000
[MOVE_SUB_B] [18:39:41] FIRESTORM_GATE_BLOCK ABTS setup=move_strike prior_bar_ticks=27 threshold=6000
[MOVE_SUB_B] [18:39:41] FIRESTORM_GATE_BLOCK ABTS setup=move_strike prior_bar_ticks=27 threshold=6000
[MOVE_SUB_B] [18:39:42] FIRESTORM_GATE_BLOCK ABTS setup=move_strike prior_bar_ticks=27 threshold=6000
[MOVE_SUB_B] [18:39:43] FIRESTORM_GATE_BLOCK ABTS setup=move_strike prior_bar_ticks=27 threshold=6000
[MOVE_SUB_B] [18:39:45] FIRESTORM_GATE_BLOCK ABTS setup=move_strike prior_bar_ticks=27 threshold=6000
[MOVE_SUB_B] [18:39:45] FIRESTORM_GATE_BLOCK ABTS setup=move_strike prior_bar_ticks=27 threshold=6000
[MOVE_SUB_B] [18:39:45] FIRESTORM_GATE_BLOCK ABTS setup=move_strike prior_bar_ticks=27 threshold=6000
[MOVE_SUB_B] [18:39:46] FIRESTORM_GATE_BLOCK ABTS setup=move_strike prior_bar_ticks=27 threshold=6000
[MOVE_SUB_B] [18:39:48] FIRESTORM_GATE_BLOCK ABTS setup=move_strike prior_bar_ticks=27 threshold=6000
[MOVE_SUB_B] [18:39:49] FIRESTORM_GATE_BLOCK ABTS setup=move_strike prior_bar_ticks=27 threshold=6000
[MOVE_SUB_B] [18:39:53] FIRESTORM_GATE_BLOCK ABTS setup=move_strike prior_bar_ticks=27 threshold=6000
[MOVE_SUB_B] [18:39:54] FIRESTORM_GATE_BLOCK ABTS setup=move_strike prior_bar_ticks=27 threshold=6000
[MOVE_SUB_B] [18:39:54] FIRESTORM_GATE_BLOCK ABTS setup=move_strike prior_bar_ticks=27 threshold=6000
[MOVE_SUB_B] [18:39:54] FIRESTORM_GATE_BLOCK ABTS setup=move_strike prior_bar_ticks=27 threshold=6000
[MOVE_SUB_B] [18:39:54] FIRESTORM_GATE_BLOCK ABTS setup=move_strike prior_bar_ticks=27 threshold=6000
[MOVE_SUB_B] [18:39:54] FIRESTORM_GATE_BLOCK ABTS setup=move_strike prior_bar_ticks=27 threshold=6000
[MOVE_SUB_B] [18:39:54] FIRESTORM_GATE_BLOCK ABTS setup=move_strike prior_bar_ticks=27 threshold=6000
[MOVE_SUB_B] [18:39:54] FIRESTORM_GATE_BLOCK ABTS setup=move_strike prior_bar_ticks=27 threshold=6000
[MOVE_SUB_B] [18:39:55] FIRESTORM_GATE_BLOCK ABTS setup=move_strike prior_bar_ticks=27 threshold=6000
[MOVE_SUB_B] [18:39:55] FIRESTORM_GATE_BLOCK ABTS setup=move_strike prior_bar_ticks=27 threshold=6000
[MOVE_SUB_B] [18:39:56] FIRESTORM_GATE_BLOCK ABTS setup=move_strike prior_bar_ticks=27 threshold=6000
[MOVE_SUB_B] [18:39:57] FIRESTORM_GATE_BLOCK ABTS setup=move_strike prior_bar_ticks=27 threshold=6000
[MOVE_SUB_B] [18:40:26] STATS ticks=522283 symbols=86 pos=no daily_pnl=+0 drops=0
[MOVE_SUB_B] [18:41:26] STATS ticks=522470 symbols=86 pos=no daily_pnl=+0 drops=0
[MOVE_SUB_B] [18:42:26] STATS ticks=522655 symbols=86 pos=no daily_pnl=+0 drops=0
[MOVE_SUB_B] [18:43:27] STATS ticks=522837 symbols=86 pos=no daily_pnl=+0 drops=0
[MOVE_SUB_B] [18:44:27] STATS ticks=523068 symbols=86 pos=no daily_pnl=+0 drops=0
[MOVE_SUB_B] [18:45:27] STATS ticks=523259 symbols=86 pos=no daily_pnl=+0 drops=0
[MOVE_SUB_B] [18:46:27] STATS ticks=523487 symbols=86 pos=no daily_pnl=+0 drops=0
[MOVE_SUB_B] [18:47:28] STATS ticks=523630 symbols=86 pos=no daily_pnl=+0 drops=0
[MOVE_SUB_B] [18:47:29] FIRESTORM_GATE_BLOCK ABTS setup=move_strike prior_bar_ticks=38 threshold=6000
[MOVE_SUB_B] [18:47:33] FIRESTORM_GATE_BLOCK ABTS setup=move_strike prior_bar_ticks=38 threshold=6000
[MOVE_SUB_B] [18:47:33] FIRESTORM_GATE_BLOCK ABTS setup=move_strike prior_bar_ticks=38 threshold=6000
[MOVE_SUB_B] [18:47:33] FIRESTORM_GATE_BLOCK ABTS setup=move_strike prior_bar_ticks=38 threshold=6000
[MOVE_SUB_B] [18:47:36] FIRESTORM_GATE_BLOCK ABTS setup=move_strike prior_bar_ticks=38 threshold=6000
[MOVE_SUB_B] [18:47:36] FIRESTORM_GATE_BLOCK ABTS setup=move_strike prior_bar_ticks=38 threshold=6000
[MOVE_SUB_B] [18:47:43] FIRESTORM_GATE_BLOCK ABTS setup=move_strike prior_bar_ticks=38 threshold=6000
[MOVE_SUB_B] [18:47:44] FIRESTORM_GATE_BLOCK ABTS setup=move_strike prior_bar_ticks=38 threshold=6000
[MOVE_SUB_B] [18:47:45] FIRESTORM_GATE_BLOCK ABTS setup=move_strike prior_bar_ticks=38 threshold=6000
[MOVE_SUB_B] [18:47:53] FIRESTORM_GATE_BLOCK ABTS setup=move_strike prior_bar_ticks=38 threshold=6000
[MOVE_SUB_B] [18:47:53] FIRESTORM_GATE_BLOCK ABTS setup=move_strike prior_bar_ticks=38 threshold=6000
[MOVE_SUB_B] [18:47:56] FIRESTORM_GATE_BLOCK ABTS setup=move_strike prior_bar_ticks=38 threshold=6000
[MOVE_SUB_B] [18:47:56] FIRESTORM_GATE_BLOCK ABTS setup=move_strike prior_bar_ticks=38 threshold=6000
[MOVE_SUB_B] [18:48:28] STATS ticks=523851 symbols=86 pos=no daily_pnl=+0 drops=0
[MOVE_SUB_B] [18:49:29] STATS ticks=524098 symbols=86 pos=no daily_pnl=+0 drops=0
[MOVE_SUB_B] [18:49:49] FIRESTORM_GATE_BLOCK FOFO setup=move_strike prior_bar_ticks=2 threshold=6000
[MOVE_SUB_B] [18:49:49] FIRESTORM_GATE_BLOCK FOFO setup=move_strike prior_bar_ticks=2 threshold=6000
[MOVE_SUB_B] [18:49:49] FIRESTORM_GATE_BLOCK FOFO setup=move_strike prior_bar_ticks=2 threshold=6000
[MOVE_SUB_B] [18:50:29] STATS ticks=524369 symbols=86 pos=no daily_pnl=+0 drops=0
[MOVE_SUB_B] [18:51:30] STATS ticks=524614 symbols=86 pos=no daily_pnl=+0 drops=0
[MOVE_SUB_B] [18:51:42] FIRESTORM_GATE_BLOCK ABTS setup=move_strike prior_bar_ticks=29 threshold=6000
[MOVE_SUB_B] [18:51:51] FIRESTORM_GATE_BLOCK ABTS setup=move_strike prior_bar_ticks=29 threshold=6000
[MOVE_SUB_B] [18:52:31] STATS ticks=524880 symbols=86 pos=no daily_pnl=+0 drops=0
[MOVE_SUB_B] [18:53:31] STATS ticks=525223 symbols=86 pos=no daily_pnl=+0 drops=0
[MOVE_SUB_B] [18:54:20] FIRESTORM_GATE_BLOCK ABTS setup=move_strike prior_bar_ticks=62 threshold=6000
[MOVE_SUB_B] [18:54:20] FIRESTORM_GATE_BLOCK ABTS setup=move_strike prior_bar_ticks=62 threshold=6000
[MOVE_SUB_B] [18:54:20] FIRESTORM_GATE_BLOCK ABTS setup=move_strike prior_bar_ticks=62 threshold=6000
[MOVE_SUB_B] [18:54:20] FIRESTORM_GATE_BLOCK ABTS setup=move_strike prior_bar_ticks=62 threshold=6000
[MOVE_SUB_B] [18:54:21] FIRESTORM_GATE_BLOCK ABTS setup=move_strike prior_bar_ticks=62 threshold=6000
[MOVE_SUB_B] [18:54:23] FIRESTORM_GATE_BLOCK ABTS setup=move_strike prior_bar_ticks=62 threshold=6000
[MOVE_SUB_B] [18:54:32] STATS ticks=525467 symbols=86 pos=no daily_pnl=+0 drops=0
[MOVE_SUB_B] [18:55:32] STATS ticks=525648 symbols=86 pos=no daily_pnl=+0 drops=0
[MOVE_SUB_B] [18:56:33] STATS ticks=525910 symbols=86 pos=no daily_pnl=+0 drops=0
[MOVE_SUB_B] [18:57:35] STATS ticks=526117 symbols=86 pos=no daily_pnl=+0 drops=0
[MOVE_SUB_B] [18:58:36] STATS ticks=526346 symbols=86 pos=no daily_pnl=+0 drops=0
[MOVE_SUB_B] [18:59:37] STATS ticks=526542 symbols=86 pos=no daily_pnl=+0 drops=0
[MOVE_SUB_B] [19:00:09] FIRESTORM_GATE_BLOCK ABTS setup=move_strike prior_bar_ticks=36 threshold=6000
[MOVE_SUB_B] [19:00:09] FIRESTORM_GATE_BLOCK ABTS setup=move_strike prior_bar_ticks=36 threshold=6000
[MOVE_SUB_B] [19:00:09] FIRESTORM_GATE_BLOCK ABTS setup=move_strike prior_bar_ticks=36 threshold=6000
[MOVE_SUB_B] [19:00:09] FIRESTORM_GATE_BLOCK ABTS setup=move_strike prior_bar_ticks=36 threshold=6000
[MOVE_SUB_B] [19:00:09] FIRESTORM_GATE_BLOCK ABTS setup=move_strike prior_bar_ticks=36 threshold=6000
[MOVE_SUB_B] [19:00:21] FIRESTORM_GATE_BLOCK ABTS setup=move_strike prior_bar_ticks=36 threshold=6000
[MOVE_SUB_B] [19:00:22] FIRESTORM_GATE_BLOCK ABTS setup=move_strike prior_bar_ticks=36 threshold=6000
[MOVE_SUB_B] [19:00:37] FIRESTORM_GATE_BLOCK ABTS setup=move_strike prior_bar_ticks=36 threshold=6000
[MOVE_SUB_B] [19:00:37] STATS ticks=526740 symbols=86 pos=no daily_pnl=+0 drops=0
[MOVE_SUB_B] [19:00:47] FIRESTORM_GATE_BLOCK ABTS setup=move_strike prior_bar_ticks=36 threshold=6000
[MOVE_SUB_B] [19:00:47] FIRESTORM_GATE_BLOCK ABTS setup=move_strike prior_bar_ticks=36 threshold=6000
[MOVE_SUB_B] [19:01:37] STATS ticks=526879 symbols=86 pos=no daily_pnl=+0 drops=0
[MOVE_SUB_B] [19:02:39] STATS ticks=527042 symbols=86 pos=no daily_pnl=+0 drops=0
[MOVE_SUB_B] [19:03:39] STATS ticks=527178 symbols=86 pos=no daily_pnl=+0 drops=0
[MOVE_SUB_B] [19:04:41] STATS ticks=527329 symbols=86 pos=no daily_pnl=+0 drops=0
[MOVE_SUB_B] [19:05:41] STATS ticks=527480 symbols=86 pos=no daily_pnl=+0 drops=0
[MOVE_SUB_B] [19:06:41] STATS ticks=527628 symbols=86 pos=no daily_pnl=+0 drops=0
[MOVE_SUB_B] [19:07:41] STATS ticks=527813 symbols=86 pos=no daily_pnl=+0 drops=0
[MOVE_SUB_B] [19:08:42] STATS ticks=527998 symbols=86 pos=no daily_pnl=+0 drops=0
[MOVE_SUB_B] [19:09:18] FIRESTORM_GATE_BLOCK FOFO setup=move_strike prior_bar_ticks=2 threshold=6000
[MOVE_SUB_B] [19:09:18] FIRESTORM_GATE_BLOCK FOFO setup=move_strike prior_bar_ticks=2 threshold=6000
[MOVE_SUB_B] [19:09:18] FIRESTORM_GATE_BLOCK FOFO setup=move_strike prior_bar_ticks=2 threshold=6000
[MOVE_SUB_B] [19:09:18] FIRESTORM_GATE_BLOCK FOFO setup=move_strike prior_bar_ticks=2 threshold=6000
[MOVE_SUB_B] [19:09:42] STATS ticks=528189 symbols=86 pos=no daily_pnl=+0 drops=0
[MOVE_SUB_B] [19:10:08] FIRESTORM_GATE_BLOCK ABTS setup=move_strike prior_bar_ticks=29 threshold=6000
[MOVE_SUB_B] [19:10:08] FIRESTORM_GATE_BLOCK ABTS setup=move_strike prior_bar_ticks=29 threshold=6000
[MOVE_SUB_B] [19:10:08] FIRESTORM_GATE_BLOCK ABTS setup=move_strike prior_bar_ticks=29 threshold=6000
[MOVE_SUB_B] [19:10:08] FIRESTORM_GATE_BLOCK ABTS setup=move_strike prior_bar_ticks=29 threshold=6000
[MOVE_SUB_B] [19:10:08] FIRESTORM_GATE_BLOCK ABTS setup=move_strike prior_bar_ticks=29 threshold=6000
[MOVE_SUB_B] [19:10:08] FIRESTORM_GATE_BLOCK ABTS setup=move_strike prior_bar_ticks=29 threshold=6000
[MOVE_SUB_B] [19:10:08] FIRESTORM_GATE_BLOCK ABTS setup=move_strike prior_bar_ticks=29 threshold=6000
[MOVE_SUB_B] [19:10:08] FIRESTORM_GATE_BLOCK ABTS setup=move_strike prior_bar_ticks=29 threshold=6000
[MOVE_SUB_B] [19:10:08] FIRESTORM_GATE_BLOCK ABTS setup=move_strike prior_bar_ticks=29 threshold=6000
[MOVE_SUB_B] [19:10:08] FIRESTORM_GATE_BLOCK ABTS setup=move_strike prior_bar_ticks=29 threshold=6000
[MOVE_SUB_B] [19:10:08] FIRESTORM_GATE_BLOCK ABTS setup=move_strike prior_bar_ticks=29 threshold=6000
[MOVE_SUB_B] [19:10:08] FIRESTORM_GATE_BLOCK ABTS setup=move_strike prior_bar_ticks=29 threshold=6000
[MOVE_SUB_B] [19:10:08] FIRESTORM_GATE_BLOCK ABTS setup=move_strike prior_bar_ticks=29 threshold=6000
[MOVE_SUB_B] [19:10:08] FIRESTORM_GATE_BLOCK ABTS setup=move_strike prior_bar_ticks=29 threshold=6000
[MOVE_SUB_B] [19:10:08] FIRESTORM_GATE_BLOCK ABTS setup=move_strike prior_bar_ticks=29 threshold=6000
[MOVE_SUB_B] [19:10:08] FIRESTORM_GATE_BLOCK ABTS setup=move_strike prior_bar_ticks=29 threshold=6000
[MOVE_SUB_B] [19:10:08] FIRESTORM_GATE_BLOCK ABTS setup=move_strike prior_bar_ticks=29 threshold=6000
[MOVE_SUB_B] [19:10:08] FIRESTORM_GATE_BLOCK ABTS setup=move_strike prior_bar_ticks=29 threshold=6000
[MOVE_SUB_B] [19:10:08] FIRESTORM_GATE_BLOCK ABTS setup=move_strike prior_bar_ticks=29 threshold=6000
[MOVE_SUB_B] [19:10:08] FIRESTORM_GATE_BLOCK ABTS setup=move_strike prior_bar_ticks=29 threshold=6000
[MOVE_SUB_B] [19:10:08] FIRESTORM_GATE_BLOCK ABTS setup=move_strike prior_bar_ticks=29 threshold=6000
[MOVE_SUB_B] [19:10:08] FIRESTORM_GATE_BLOCK ABTS setup=move_strike prior_bar_ticks=29 threshold=6000
[MOVE_SUB_B] [19:10:08] FIRESTORM_GATE_BLOCK ABTS setup=move_strike prior_bar_ticks=29 threshold=6000
[MOVE_SUB_B] [19:10:08] FIRESTORM_GATE_BLOCK ABTS setup=move_strike prior_bar_ticks=29 threshold=6000
[MOVE_SUB_B] [19:10:08] FIRESTORM_GATE_BLOCK ABTS setup=move_strike prior_bar_ticks=29 threshold=6000
[MOVE_SUB_B] [19:10:08] FIRESTORM_GATE_BLOCK ABTS setup=move_strike prior_bar_ticks=29 threshold=6000
[MOVE_SUB_B] [19:10:08] FIRESTORM_GATE_BLOCK ABTS setup=move_strike prior_bar_ticks=29 threshold=6000
[MOVE_SUB_B] [19:10:08] FIRESTORM_GATE_BLOCK ABTS setup=move_strike prior_bar_ticks=29 threshold=6000
[MOVE_SUB_B] [19:10:08] FIRESTORM_GATE_BLOCK ABTS setup=move_strike prior_bar_ticks=29 threshold=6000
[MOVE_SUB_B] [19:10:08] FIRESTORM_GATE_BLOCK ABTS setup=move_strike prior_bar_ticks=29 threshold=6000
[MOVE_SUB_B] [19:10:08] FIRESTORM_GATE_BLOCK ABTS setup=move_strike prior_bar_ticks=29 threshold=6000
[MOVE_SUB_B] [19:10:08] FIRESTORM_GATE_BLOCK ABTS setup=move_strike prior_bar_ticks=29 threshold=6000
[MOVE_SUB_B] [19:10:08] FIRESTORM_GATE_BLOCK ABTS setup=move_strike prior_bar_ticks=29 threshold=6000
[MOVE_SUB_B] [19:10:08] FIRESTORM_GATE_BLOCK ABTS setup=move_strike prior_bar_ticks=29 threshold=6000
[MOVE_SUB_B] [19:10:08] FIRESTORM_GATE_BLOCK ABTS setup=move_strike prior_bar_ticks=29 threshold=6000
[MOVE_SUB_B] [19:10:08] FIRESTORM_GATE_BLOCK ABTS setup=move_strike prior_bar_ticks=29 threshold=6000
[MOVE_SUB_B] [19:10:08] FIRESTORM_GATE_BLOCK ABTS setup=move_strike prior_bar_ticks=29 threshold=6000
[MOVE_SUB_B] [19:10:08] FIRESTORM_GATE_BLOCK ABTS setup=move_strike prior_bar_ticks=29 threshold=6000
[MOVE_SUB_B] [19:10:08] FIRESTORM_GATE_BLOCK ABTS setup=move_strike prior_bar_ticks=29 threshold=6000
[MOVE_SUB_B] [19:10:08] FIRESTORM_GATE_BLOCK ABTS setup=move_strike prior_bar_ticks=29 threshold=6000
[MOVE_SUB_B] [19:10:08] FIRESTORM_GATE_BLOCK ABTS setup=move_strike prior_bar_ticks=29 threshold=6000
[MOVE_SUB_B] [19:10:08] FIRESTORM_GATE_BLOCK ABTS setup=move_strike prior_bar_ticks=29 threshold=6000
[MOVE_SUB_B] [19:10:08] FIRESTORM_GATE_BLOCK ABTS setup=move_strike prior_bar_ticks=29 threshold=6000
[MOVE_SUB_B] [19:10:08] FIRESTORM_GATE_BLOCK ABTS setup=move_strike prior_bar_ticks=29 threshold=6000
[MOVE_SUB_B] [19:10:08] FIRESTORM_GATE_BLOCK ABTS setup=move_strike prior_bar_ticks=29 threshold=6000
[MOVE_SUB_B] [19:10:08] FIRESTORM_GATE_BLOCK ABTS setup=move_strike prior_bar_ticks=29 threshold=6000
[MOVE_SUB_B] [19:10:08] FIRESTORM_GATE_BLOCK ABTS setup=move_strike prior_bar_ticks=29 threshold=6000
[MOVE_SUB_B] [19:10:08] FIRESTORM_GATE_BLOCK ABTS setup=move_strike prior_bar_ticks=29 threshold=6000
[MOVE_SUB_B] [19:10:08] FIRESTORM_GATE_BLOCK ABTS setup=move_strike prior_bar_ticks=29 threshold=6000
[MOVE_SUB_B] [19:10:08] FIRESTORM_GATE_BLOCK ABTS setup=move_strike prior_bar_ticks=29 threshold=6000
[MOVE_SUB_B] [19:10:08] FIRESTORM_GATE_BLOCK ABTS setup=move_strike prior_bar_ticks=29 threshold=6000
[MOVE_SUB_B] [19:10:08] FIRESTORM_GATE_BLOCK ABTS setup=move_strike prior_bar_ticks=29 threshold=6000
[MOVE_SUB_B] [19:10:08] FIRESTORM_GATE_BLOCK ABTS setup=move_strike prior_bar_ticks=29 threshold=6000
[MOVE_SUB_B] [19:10:08] FIRESTORM_GATE_BLOCK ABTS setup=move_strike prior_bar_ticks=29 threshold=6000
[MOVE_SUB_B] [19:10:08] FIRESTORM_GATE_BLOCK ABTS setup=move_strike prior_bar_ticks=29 threshold=6000
[MOVE_SUB_B] [19:10:08] FIRESTORM_GATE_BLOCK ABTS setup=move_strike prior_bar_ticks=29 threshold=6000
[MOVE_SUB_B] [19:10:08] FIRESTORM_GATE_BLOCK ABTS setup=move_strike prior_bar_ticks=29 threshold=6000
[MOVE_SUB_B] [19:10:08] FIRESTORM_GATE_BLOCK ABTS setup=move_strike prior_bar_ticks=29 threshold=6000
[MOVE_SUB_B] [19:10:08] FIRESTORM_GATE_BLOCK ABTS setup=move_strike prior_bar_ticks=29 threshold=6000
[MOVE_SUB_B] [19:10:08] FIRESTORM_GATE_BLOCK ABTS setup=move_strike prior_bar_ticks=29 threshold=6000
[MOVE_SUB_B] [19:10:08] FIRESTORM_GATE_BLOCK ABTS setup=move_strike prior_bar_ticks=29 threshold=6000
[MOVE_SUB_B] [19:10:08] FIRESTORM_GATE_BLOCK ABTS setup=move_strike prior_bar_ticks=29 threshold=6000
[MOVE_SUB_B] [19:10:08] FIRESTORM_GATE_BLOCK ABTS setup=move_strike prior_bar_ticks=29 threshold=6000
[MOVE_SUB_B] [19:10:08] FIRESTORM_GATE_BLOCK ABTS setup=move_strike prior_bar_ticks=29 threshold=6000
[MOVE_SUB_B] [19:10:08] FIRESTORM_GATE_BLOCK ABTS setup=move_strike prior_bar_ticks=29 threshold=6000
[MOVE_SUB_B] [19:10:08] FIRESTORM_GATE_BLOCK ABTS setup=move_strike prior_bar_ticks=29 threshold=6000
[MOVE_SUB_B] [19:10:08] FIRESTORM_GATE_BLOCK ABTS setup=move_strike prior_bar_ticks=29 threshold=6000
[MOVE_SUB_B] [19:10:08] FIRESTORM_GATE_BLOCK ABTS setup=move_strike prior_bar_ticks=29 threshold=6000
[MOVE_SUB_B] [19:10:08] FIRESTORM_GATE_BLOCK ABTS setup=move_strike prior_bar_ticks=29 threshold=6000
[MOVE_SUB_B] [19:10:08] FIRESTORM_GATE_BLOCK ABTS setup=move_strike prior_bar_ticks=29 threshold=6000
[MOVE_SUB_B] [19:10:08] FIRESTORM_GATE_BLOCK ABTS setup=move_strike prior_bar_ticks=29 threshold=6000
[MOVE_SUB_B] [19:10:08] FIRESTORM_GATE_BLOCK ABTS setup=move_strike prior_bar_ticks=29 threshold=6000
[MOVE_SUB_B] [19:10:08] FIRESTORM_GATE_BLOCK ABTS setup=move_strike prior_bar_ticks=29 threshold=6000
[MOVE_SUB_B] [19:10:08] FIRESTORM_GATE_BLOCK ABTS setup=move_strike prior_bar_ticks=29 threshold=6000
[MOVE_SUB_B] [19:10:08] FIRESTORM_GATE_BLOCK ABTS setup=move_strike prior_bar_ticks=29 threshold=6000
[MOVE_SUB_B] [19:10:08] FIRESTORM_GATE_BLOCK ABTS setup=move_strike prior_bar_ticks=29 threshold=6000
[MOVE_SUB_B] [19:10:08] FIRESTORM_GATE_BLOCK ABTS setup=move_strike prior_bar_ticks=29 threshold=6000
[MOVE_SUB_B] [19:10:08] FIRESTORM_GATE_BLOCK ABTS setup=move_strike prior_bar_ticks=29 threshold=6000
[MOVE_SUB_B] [19:10:08] FIRESTORM_GATE_BLOCK ABTS setup=move_strike prior_bar_ticks=29 threshold=6000
[MOVE_SUB_B] [19:10:08] FIRESTORM_GATE_BLOCK ABTS setup=move_strike prior_bar_ticks=29 threshold=6000
[MOVE_SUB_B] [19:10:08] FIRESTORM_GATE_BLOCK ABTS setup=move_strike prior_bar_ticks=29 threshold=6000
[MOVE_SUB_B] [19:10:08] FIRESTORM_GATE_BLOCK ABTS setup=move_strike prior_bar_ticks=29 threshold=6000
[MOVE_SUB_B] [19:10:08] FIRESTORM_GATE_BLOCK ABTS setup=move_strike prior_bar_ticks=29 threshold=6000
[MOVE_SUB_B] [19:10:08] FIRESTORM_GATE_BLOCK ABTS setup=move_strike prior_bar_ticks=29 threshold=6000
[MOVE_SUB_B] [19:10:08] FIRESTORM_GATE_BLOCK ABTS setup=move_strike prior_bar_ticks=29 threshold=6000
[MOVE_SUB_B] [19:10:08] FIRESTORM_GATE_BLOCK ABTS setup=move_strike prior_bar_ticks=29 threshold=6000
[MOVE_SUB_B] [19:10:08] FIRESTORM_GATE_BLOCK ABTS setup=move_strike prior_bar_ticks=29 threshold=6000
[MOVE_SUB_B] [19:10:08] FIRESTORM_GATE_BLOCK ABTS setup=move_strike prior_bar_ticks=29 threshold=6000
[MOVE_SUB_B] [19:10:08] FIRESTORM_GATE_BLOCK ABTS setup=move_strike prior_bar_ticks=29 threshold=6000
[MOVE_SUB_B] [19:10:08] FIRESTORM_GATE_BLOCK ABTS setup=move_strike prior_bar_ticks=29 threshold=6000
[MOVE_SUB_B] [19:10:08] FIRESTORM_GATE_BLOCK ABTS setup=move_strike prior_bar_ticks=29 threshold=6000
[MOVE_SUB_B] [19:10:08] FIRESTORM_GATE_BLOCK ABTS setup=move_strike prior_bar_ticks=29 threshold=6000
[MOVE_SUB_B] [19:10:08] FIRESTORM_GATE_BLOCK ABTS setup=move_strike prior_bar_ticks=29 threshold=6000
[MOVE_SUB_B] [19:10:08] FIRESTORM_GATE_BLOCK ABTS setup=move_strike prior_bar_ticks=29 threshold=6000
[MOVE_SUB_B] [19:10:08] FIRESTORM_GATE_BLOCK ABTS setup=move_strike prior_bar_ticks=29 threshold=6000
[MOVE_SUB_B] [19:10:08] FIRESTORM_GATE_BLOCK ABTS setup=move_strike prior_bar_ticks=29 threshold=6000
[MOVE_SUB_B] [19:10:08] FIRESTORM_GATE_BLOCK ABTS setup=move_strike prior_bar_ticks=29 threshold=6000
[MOVE_SUB_B] [19:10:08] FIRESTORM_GATE_BLOCK ABTS setup=move_strike prior_bar_ticks=29 threshold=6000
[MOVE_SUB_B] [19:10:08] FIRESTORM_GATE_BLOCK ABTS setup=move_strike prior_bar_ticks=29 threshold=6000
[MOVE_SUB_B] [19:10:08] FIRESTORM_GATE_BLOCK ABTS setup=move_strike prior_bar_ticks=29 threshold=6000
[MOVE_SUB_B] [19:10:08] FIRESTORM_GATE_BLOCK ABTS setup=move_strike prior_bar_ticks=29 threshold=6000
[MOVE_SUB_B] [19:10:08] FIRESTORM_GATE_BLOCK ABTS setup=move_strike prior_bar_ticks=29 threshold=6000
[MOVE_SUB_B] [19:10:08] FIRESTORM_GATE_BLOCK ABTS setup=move_strike prior_bar_ticks=29 threshold=6000
[MOVE_SUB_B] [19:10:08] FIRESTORM_GATE_BLOCK ABTS setup=move_strike prior_bar_ticks=29 threshold=6000
[MOVE_SUB_B] [19:10:08] FIRESTORM_GATE_BLOCK ABTS setup=move_strike prior_bar_ticks=29 threshold=6000
[MOVE_SUB_B] [19:10:08] FIRESTORM_GATE_BLOCK ABTS setup=move_strike prior_bar_ticks=29 threshold=6000
[MOVE_SUB_B] [19:10:08] FIRESTORM_GATE_BLOCK ABTS setup=move_strike prior_bar_ticks=29 threshold=6000
[MOVE_SUB_B] [19:10:08] FIRESTORM_GATE_BLOCK ABTS setup=move_strike prior_bar_ticks=29 threshold=6000
[MOVE_SUB_B] [19:10:08] FIRESTORM_GATE_BLOCK ABTS setup=move_strike prior_bar_ticks=29 threshold=6000
[MOVE_SUB_B] [19:10:08] FIRESTORM_GATE_BLOCK ABTS setup=move_strike prior_bar_ticks=29 threshold=6000
[MOVE_SUB_B] [19:10:08] FIRESTORM_GATE_BLOCK ABTS setup=move_strike prior_bar_ticks=29 threshold=6000
[MOVE_SUB_B] [19:10:08] FIRESTORM_GATE_BLOCK ABTS setup=move_strike prior_bar_ticks=29 threshold=6000
[MOVE_SUB_B] [19:10:08] FIRESTORM_GATE_BLOCK ABTS setup=move_strike prior_bar_ticks=29 threshold=6000
[MOVE_SUB_B] [19:10:08] FIRESTORM_GATE_BLOCK ABTS setup=move_strike prior_bar_ticks=29 threshold=6000
[MOVE_SUB_B] [19:10:08] FIRESTORM_GATE_BLOCK ABTS setup=move_strike prior_bar_ticks=29 threshold=6000
[MOVE_SUB_B] [19:10:08] FIRESTORM_GATE_BLOCK ABTS setup=move_strike prior_bar_ticks=29 threshold=6000
[MOVE_SUB_B] [19:10:08] FIRESTORM_GATE_BLOCK ABTS setup=move_strike prior_bar_ticks=29 threshold=6000
[MOVE_SUB_B] [19:10:08] FIRESTORM_GATE_BLOCK ABTS setup=move_strike prior_bar_ticks=29 threshold=6000
[MOVE_SUB_B] [19:10:08] FIRESTORM_GATE_BLOCK ABTS setup=move_strike prior_bar_ticks=29 threshold=6000
[MOVE_SUB_B] [19:10:08] FIRESTORM_GATE_BLOCK ABTS setup=move_strike prior_bar_ticks=29 threshold=6000
[MOVE_SUB_B] [19:10:08] FIRESTORM_GATE_BLOCK ABTS setup=move_strike prior_bar_ticks=29 threshold=6000
[MOVE_SUB_B] [19:10:08] FIRESTORM_GATE_BLOCK ABTS setup=move_strike prior_bar_ticks=29 threshold=6000
[MOVE_SUB_B] [19:10:08] FIRESTORM_GATE_BLOCK ABTS setup=move_strike prior_bar_ticks=29 threshold=6000
[MOVE_SUB_B] [19:10:08] FIRESTORM_GATE_BLOCK ABTS setup=move_strike prior_bar_ticks=29 threshold=6000
[MOVE_SUB_B] [19:10:08] FIRESTORM_GATE_BLOCK ABTS setup=move_strike prior_bar_ticks=29 threshold=6000
[MOVE_SUB_B] [19:10:08] FIRESTORM_GATE_BLOCK ABTS setup=move_strike prior_bar_ticks=29 threshold=6000
[MOVE_SUB_B] [19:10:08] FIRESTORM_GATE_BLOCK ABTS setup=move_strike prior_bar_ticks=29 threshold=6000
[MOVE_SUB_B] [19:10:08] FIRESTORM_GATE_BLOCK ABTS setup=move_strike prior_bar_ticks=29 threshold=6000
[MOVE_SUB_B] [19:10:08] FIRESTORM_GATE_BLOCK ABTS setup=move_strike prior_bar_ticks=29 threshold=6000
[MOVE_SUB_B] [19:10:08] FIRESTORM_GATE_BLOCK ABTS setup=move_strike prior_bar_ticks=29 threshold=6000
[MOVE_SUB_B] [19:10:08] FIRESTORM_GATE_BLOCK ABTS setup=move_strike prior_bar_ticks=29 threshold=6000
[MOVE_SUB_B] [19:10:08] FIRESTORM_GATE_BLOCK ABTS setup=move_strike prior_bar_ticks=29 threshold=6000
[MOVE_SUB_B] [19:10:08] FIRESTORM_GATE_BLOCK ABTS setup=move_strike prior_bar_ticks=29 threshold=6000
[MOVE_SUB_B] [19:10:08] FIRESTORM_GATE_BLOCK ABTS setup=move_strike prior_bar_ticks=29 threshold=6000
[MOVE_SUB_B] [19:10:08] FIRESTORM_GATE_BLOCK ABTS setup=move_strike prior_bar_ticks=29 threshold=6000
[MOVE_SUB_B] [19:10:08] FIRESTORM_GATE_BLOCK ABTS setup=move_strike prior_bar_ticks=29 threshold=6000
[MOVE_SUB_B] [19:10:08] FIRESTORM_GATE_BLOCK ABTS setup=move_strike prior_bar_ticks=29 threshold=6000
[MOVE_SUB_B] [19:10:08] FIRESTORM_GATE_BLOCK ABTS setup=move_strike prior_bar_ticks=29 threshold=6000
[MOVE_SUB_B] [19:10:08] FIRESTORM_GATE_BLOCK ABTS setup=move_strike prior_bar_ticks=29 threshold=6000
[MOVE_SUB_B] [19:10:08] FIRESTORM_GATE_BLOCK ABTS setup=move_strike prior_bar_ticks=29 threshold=6000
[MOVE_SUB_B] [19:10:08] FIRESTORM_GATE_BLOCK ABTS setup=move_strike prior_bar_ticks=29 threshold=6000
[MOVE_SUB_B] [19:10:08] FIRESTORM_GATE_BLOCK ABTS setup=move_strike prior_bar_ticks=29 threshold=6000
[MOVE_SUB_B] [19:10:08] FIRESTORM_GATE_BLOCK ABTS setup=move_strike prior_bar_ticks=29 threshold=6000
[MOVE_SUB_B] [19:10:08] FIRESTORM_GATE_BLOCK ABTS setup=move_strike prior_bar_ticks=29 threshold=6000
[MOVE_SUB_B] [19:10:08] FIRESTORM_GATE_BLOCK ABTS setup=move_strike prior_bar_ticks=29 threshold=6000
[MOVE_SUB_B] [19:10:08] FIRESTORM_GATE_BLOCK ABTS setup=move_strike prior_bar_ticks=29 threshold=6000
[MOVE_SUB_B] [19:10:08] FIRESTORM_GATE_BLOCK ABTS setup=move_strike prior_bar_ticks=29 threshold=6000
[MOVE_SUB_B] [19:10:08] FIRESTORM_GATE_BLOCK ABTS setup=move_strike prior_bar_ticks=29 threshold=6000
[MOVE_SUB_B] [19:10:08] FIRESTORM_GATE_BLOCK ABTS setup=move_strike prior_bar_ticks=29 threshold=6000
[MOVE_SUB_B] [19:10:08] FIRESTORM_GATE_BLOCK ABTS setup=move_strike prior_bar_ticks=29 threshold=6000
[MOVE_SUB_B] [19:10:08] FIRESTORM_GATE_BLOCK ABTS setup=move_strike prior_bar_ticks=29 threshold=6000
[MOVE_SUB_B] [19:10:08] FIRESTORM_GATE_BLOCK ABTS setup=move_strike prior_bar_ticks=29 threshold=6000
[MOVE_SUB_B] [19:10:08] FIRESTORM_GATE_BLOCK ABTS setup=move_strike prior_bar_ticks=29 threshold=6000
[MOVE_SUB_B] [19:10:08] FIRESTORM_GATE_BLOCK ABTS setup=move_strike prior_bar_ticks=29 threshold=6000
[MOVE_SUB_B] [19:10:08] FIRESTORM_GATE_BLOCK ABTS setup=move_strike prior_bar_ticks=29 threshold=6000
[MOVE_SUB_B] [19:10:08] FIRESTORM_GATE_BLOCK ABTS setup=move_strike prior_bar_ticks=29 threshold=6000
[MOVE_SUB_B] [19:10:08] FIRESTORM_GATE_BLOCK ABTS setup=move_strike prior_bar_ticks=29 threshold=6000
[MOVE_SUB_B] [19:10:08] FIRESTORM_GATE_BLOCK ABTS setup=move_strike prior_bar_ticks=29 threshold=6000
[MOVE_SUB_B] [19:10:08] FIRESTORM_GATE_BLOCK ABTS setup=move_strike prior_bar_ticks=29 threshold=6000
[MOVE_SUB_B] [19:10:08] FIRESTORM_GATE_BLOCK ABTS setup=move_strike prior_bar_ticks=29 threshold=6000
[MOVE_SUB_B] [19:10:08] FIRESTORM_GATE_BLOCK ABTS setup=move_strike prior_bar_ticks=29 threshold=6000
[MOVE_SUB_B] [19:10:08] FIRESTORM_GATE_BLOCK ABTS setup=move_strike prior_bar_ticks=29 threshold=6000
[MOVE_SUB_B] [19:10:08] FIRESTORM_GATE_BLOCK ABTS setup=move_strike prior_bar_ticks=29 threshold=6000
[MOVE_SUB_B] [19:10:08] FIRESTORM_GATE_BLOCK ABTS setup=move_strike prior_bar_ticks=29 threshold=6000
[MOVE_SUB_B] [19:10:08] FIRESTORM_GATE_BLOCK ABTS setup=move_strike prior_bar_ticks=29 threshold=6000
[MOVE_SUB_B] [19:10:08] FIRESTORM_GATE_BLOCK ABTS setup=move_strike prior_bar_ticks=29 threshold=6000
[MOVE_SUB_B] [19:10:08] FIRESTORM_GATE_BLOCK ABTS setup=move_strike prior_bar_ticks=29 threshold=6000
[MOVE_SUB_B] [19:10:08] FIRESTORM_GATE_BLOCK ABTS setup=move_strike prior_bar_ticks=29 threshold=6000
[MOVE_SUB_B] [19:10:08] FIRESTORM_GATE_BLOCK ABTS setup=move_strike prior_bar_ticks=29 threshold=6000
[MOVE_SUB_B] [19:10:08] FIRESTORM_GATE_BLOCK ABTS setup=move_strike prior_bar_ticks=29 threshold=6000
[MOVE_SUB_B] [19:10:08] FIRESTORM_GATE_BLOCK ABTS setup=move_strike prior_bar_ticks=29 threshold=6000
[MOVE_SUB_B] [19:10:08] FIRESTORM_GATE_BLOCK ABTS setup=move_strike prior_bar_ticks=29 threshold=6000
[MOVE_SUB_B] [19:10:08] FIRESTORM_GATE_BLOCK ABTS setup=move_strike prior_bar_ticks=29 threshold=6000
[MOVE_SUB_B] [19:10:08] FIRESTORM_GATE_BLOCK ABTS setup=move_strike prior_bar_ticks=29 threshold=6000
[MOVE_SUB_B] [19:10:08] FIRESTORM_GATE_BLOCK ABTS setup=move_strike prior_bar_ticks=29 threshold=6000
[MOVE_SUB_B] [19:10:08] FIRESTORM_GATE_BLOCK ABTS setup=move_strike prior_bar_ticks=29 threshold=6000
[MOVE_SUB_B] [19:10:08] FIRESTORM_GATE_BLOCK ABTS setup=move_strike prior_bar_ticks=29 threshold=6000
[MOVE_SUB_B] [19:10:08] FIRESTORM_GATE_BLOCK ABTS setup=move_strike prior_bar_ticks=29 threshold=6000
[MOVE_SUB_B] [19:10:08] FIRESTORM_GATE_BLOCK ABTS setup=move_strike prior_bar_ticks=29 threshold=6000
[MOVE_SUB_B] [19:10:08] FIRESTORM_GATE_BLOCK ABTS setup=move_strike prior_bar_ticks=29 threshold=6000
[MOVE_SUB_B] [19:10:08] FIRESTORM_GATE_BLOCK ABTS setup=move_strike prior_bar_ticks=29 threshold=6000
[MOVE_SUB_B] [19:10:08] FIRESTORM_GATE_BLOCK ABTS setup=move_strike prior_bar_ticks=29 threshold=6000
[MOVE_SUB_B] [19:10:08] FIRESTORM_GATE_BLOCK ABTS setup=move_strike prior_bar_ticks=29 threshold=6000
[MOVE_SUB_B] [19:10:08] FIRESTORM_GATE_BLOCK ABTS setup=move_strike prior_bar_ticks=29 threshold=6000
[MOVE_SUB_B] [19:10:08] FIRESTORM_GATE_BLOCK ABTS setup=move_strike prior_bar_ticks=29 threshold=6000
[MOVE_SUB_B] [19:10:08] FIRESTORM_GATE_BLOCK ABTS setup=move_strike prior_bar_ticks=29 threshold=6000
[MOVE_SUB_B] [19:10:08] FIRESTORM_GATE_BLOCK ABTS setup=move_strike prior_bar_ticks=29 threshold=6000
[MOVE_SUB_B] [19:10:08] FIRESTORM_GATE_BLOCK ABTS setup=move_strike prior_bar_ticks=29 threshold=6000
[MOVE_SUB_B] [19:10:08] FIRESTORM_GATE_BLOCK ABTS setup=move_strike prior_bar_ticks=29 threshold=6000
[MOVE_SUB_B] [19:10:08] FIRESTORM_GATE_BLOCK ABTS setup=move_strike prior_bar_ticks=29 threshold=6000
[MOVE_SUB_B] [19:10:08] FIRESTORM_GATE_BLOCK ABTS setup=move_strike prior_bar_ticks=29 threshold=6000
[MOVE_SUB_B] [19:10:08] FIRESTORM_GATE_BLOCK ABTS setup=move_strike prior_bar_ticks=29 threshold=6000
[MOVE_SUB_B] [19:10:08] FIRESTORM_GATE_BLOCK ABTS setup=move_strike prior_bar_ticks=29 threshold=6000
[MOVE_SUB_B] [19:10:08] FIRESTORM_GATE_BLOCK ABTS setup=move_strike prior_bar_ticks=29 threshold=6000
[MOVE_SUB_B] [19:10:08] FIRESTORM_GATE_BLOCK ABTS setup=move_strike prior_bar_ticks=29 threshold=6000
[MOVE_SUB_B] [19:10:08] FIRESTORM_GATE_BLOCK ABTS setup=move_strike prior_bar_ticks=29 threshold=6000
[MOVE_SUB_B] [19:10:08] FIRESTORM_GATE_BLOCK ABTS setup=move_strike prior_bar_ticks=29 threshold=6000
[MOVE_SUB_B] [19:10:08] FIRESTORM_GATE_BLOCK ABTS setup=move_strike prior_bar_ticks=29 threshold=6000
[MOVE_SUB_B] [19:10:08] FIRESTORM_GATE_BLOCK ABTS setup=move_strike prior_bar_ticks=29 threshold=6000
[MOVE_SUB_B] [19:10:08] FIRESTORM_GATE_BLOCK ABTS setup=move_strike prior_bar_ticks=29 threshold=6000
[MOVE_SUB_B] [19:10:08] FIRESTORM_GATE_BLOCK ABTS setup=move_strike prior_bar_ticks=29 threshold=6000
[MOVE_SUB_B] [19:10:08] FIRESTORM_GATE_BLOCK ABTS setup=move_strike prior_bar_ticks=29 threshold=6000
[MOVE_SUB_B] [19:10:08] FIRESTORM_GATE_BLOCK ABTS setup=move_strike prior_bar_ticks=29 threshold=6000
[MOVE_SUB_B] [19:10:08] FIRESTORM_GATE_BLOCK ABTS setup=move_strike prior_bar_ticks=29 threshold=6000
[MOVE_SUB_B] [19:10:08] FIRESTORM_GATE_BLOCK ABTS setup=move_strike prior_bar_ticks=29 threshold=6000
[MOVE_SUB_B] [19:10:08] FIRESTORM_GATE_BLOCK ABTS setup=move_strike prior_bar_ticks=29 threshold=6000
[MOVE_SUB_B] [19:10:08] FIRESTORM_GATE_BLOCK ABTS setup=move_strike prior_bar_ticks=29 threshold=6000
[MOVE_SUB_B] [19:10:08] FIRESTORM_GATE_BLOCK ABTS setup=move_strike prior_bar_ticks=29 threshold=6000
[MOVE_SUB_B] [19:10:08] FIRESTORM_GATE_BLOCK ABTS setup=move_strike prior_bar_ticks=29 threshold=6000
[MOVE_SUB_B] [19:10:08] FIRESTORM_GATE_BLOCK ABTS setup=move_strike prior_bar_ticks=29 threshold=6000
[MOVE_SUB_B] [19:10:08] FIRESTORM_GATE_BLOCK ABTS setup=move_strike prior_bar_ticks=29 threshold=6000
[MOVE_SUB_B] [19:10:08] FIRESTORM_GATE_BLOCK ABTS setup=move_strike prior_bar_ticks=29 threshold=6000
[MOVE_SUB_B] [19:10:08] FIRESTORM_GATE_BLOCK ABTS setup=move_strike prior_bar_ticks=29 threshold=6000
[MOVE_SUB_B] [19:10:08] FIRESTORM_GATE_BLOCK ABTS setup=move_strike prior_bar_ticks=29 threshold=6000
[MOVE_SUB_B] [19:10:08] FIRESTORM_GATE_BLOCK ABTS setup=move_strike prior_bar_ticks=29 threshold=6000
[MOVE_SUB_B] [19:10:08] FIRESTORM_GATE_BLOCK ABTS setup=move_strike prior_bar_ticks=29 threshold=6000
[MOVE_SUB_B] [19:10:08] FIRESTORM_GATE_BLOCK ABTS setup=move_strike prior_bar_ticks=29 threshold=6000
[MOVE_SUB_B] [19:10:08] FIRESTORM_GATE_BLOCK ABTS setup=move_strike prior_bar_ticks=29 threshold=6000
[MOVE_SUB_B] [19:10:08] FIRESTORM_GATE_BLOCK ABTS setup=move_strike prior_bar_ticks=29 threshold=6000
[MOVE_SUB_B] [19:10:08] FIRESTORM_GATE_BLOCK ABTS setup=move_strike prior_bar_ticks=29 threshold=6000
[MOVE_SUB_B] [19:10:08] FIRESTORM_GATE_BLOCK ABTS setup=move_strike prior_bar_ticks=29 threshold=6000
[MOVE_SUB_B] [19:10:08] FIRESTORM_GATE_BLOCK ABTS setup=move_strike prior_bar_ticks=29 threshold=6000
[MOVE_SUB_B] [19:10:08] FIRESTORM_GATE_BLOCK ABTS setup=move_strike prior_bar_ticks=29 threshold=6000
[MOVE_SUB_B] [19:10:08] FIRESTORM_GATE_BLOCK ABTS setup=move_strike prior_bar_ticks=29 threshold=6000
[MOVE_SUB_B] [19:10:08] FIRESTORM_GATE_BLOCK ABTS setup=move_strike prior_bar_ticks=29 threshold=6000
[MOVE_SUB_B] [19:10:08] FIRESTORM_GATE_BLOCK ABTS setup=move_strike prior_bar_ticks=29 threshold=6000
[MOVE_SUB_B] [19:10:08] FIRESTORM_GATE_BLOCK ABTS setup=move_strike prior_bar_ticks=29 threshold=6000
[MOVE_SUB_B] [19:10:08] FIRESTORM_GATE_BLOCK ABTS setup=move_strike prior_bar_ticks=29 threshold=6000
[MOVE_SUB_B] [19:10:08] FIRESTORM_GATE_BLOCK ABTS setup=move_strike prior_bar_ticks=29 threshold=6000
[MOVE_SUB_B] [19:10:08] FIRESTORM_GATE_BLOCK ABTS setup=move_strike prior_bar_ticks=29 threshold=6000
[MOVE_SUB_B] [19:10:08] FIRESTORM_GATE_BLOCK ABTS setup=move_strike prior_bar_ticks=29 threshold=6000
[MOVE_SUB_B] [19:10:08] FIRESTORM_GATE_BLOCK ABTS setup=move_strike prior_bar_ticks=29 threshold=6000
[MOVE_SUB_B] [19:10:08] FIRESTORM_GATE_BLOCK ABTS setup=move_strike prior_bar_ticks=29 threshold=6000
[MOVE_SUB_B] [19:10:08] FIRESTORM_GATE_BLOCK ABTS setup=move_strike prior_bar_ticks=29 threshold=6000
[MOVE_SUB_B] [19:10:08] FIRESTORM_GATE_BLOCK ABTS setup=move_strike prior_bar_ticks=29 threshold=6000
[MOVE_SUB_B] [19:10:08] FIRESTORM_GATE_BLOCK ABTS setup=move_strike prior_bar_ticks=29 threshold=6000
[MOVE_SUB_B] [19:10:08] FIRESTORM_GATE_BLOCK ABTS setup=move_strike prior_bar_ticks=29 threshold=6000
[MOVE_SUB_B] [19:10:08] FIRESTORM_GATE_BLOCK ABTS setup=move_strike prior_bar_ticks=29 threshold=6000
[MOVE_SUB_B] [19:10:08] FIRESTORM_GATE_BLOCK ABTS setup=move_strike prior_bar_ticks=29 threshold=6000
[MOVE_SUB_B] [19:10:08] FIRESTORM_GATE_BLOCK ABTS setup=move_strike prior_bar_ticks=29 threshold=6000
[MOVE_SUB_B] [19:10:08] FIRESTORM_GATE_BLOCK ABTS setup=move_strike prior_bar_ticks=29 threshold=6000
[MOVE_SUB_B] [19:10:08] FIRESTORM_GATE_BLOCK ABTS setup=move_strike prior_bar_ticks=29 threshold=6000
[MOVE_SUB_B] [19:10:08] FIRESTORM_GATE_BLOCK ABTS setup=move_strike prior_bar_ticks=29 threshold=6000
[MOVE_SUB_B] [19:10:08] FIRESTORM_GATE_BLOCK ABTS setup=move_strike prior_bar_ticks=29 threshold=6000
[MOVE_SUB_B] [19:10:08] FIRESTORM_GATE_BLOCK ABTS setup=move_strike prior_bar_ticks=29 threshold=6000
[MOVE_SUB_B] [19:10:08] FIRESTORM_GATE_BLOCK ABTS setup=move_strike prior_bar_ticks=29 threshold=6000
[MOVE_SUB_B] [19:10:08] FIRESTORM_GATE_BLOCK ABTS setup=move_strike prior_bar_ticks=29 threshold=6000
[MOVE_SUB_B] [19:10:08] FIRESTORM_GATE_BLOCK ABTS setup=move_strike prior_bar_ticks=29 threshold=6000
[MOVE_SUB_B] [19:10:08] FIRESTORM_GATE_BLOCK ABTS setup=move_strike prior_bar_ticks=29 threshold=6000
[MOVE_SUB_B] [19:10:08] FIRESTORM_GATE_BLOCK ABTS setup=move_strike prior_bar_ticks=29 threshold=6000
[MOVE_SUB_B] [19:10:08] FIRESTORM_GATE_BLOCK ABTS setup=move_strike prior_bar_ticks=29 threshold=6000
[MOVE_SUB_B] [19:10:08] FIRESTORM_GATE_BLOCK ABTS setup=move_strike prior_bar_ticks=29 threshold=6000
[MOVE_SUB_B] [19:10:08] FIRESTORM_GATE_BLOCK ABTS setup=move_strike prior_bar_ticks=29 threshold=6000
[MOVE_SUB_B] [19:10:08] FIRESTORM_GATE_BLOCK ABTS setup=move_strike prior_bar_ticks=29 threshold=6000
[MOVE_SUB_B] [19:10:08] FIRESTORM_GATE_BLOCK ABTS setup=move_strike prior_bar_ticks=29 threshold=6000
[MOVE_SUB_B] [19:10:08] FIRESTORM_GATE_BLOCK ABTS setup=move_strike prior_bar_ticks=29 threshold=6000
[MOVE_SUB_B] [19:10:08] FIRESTORM_GATE_BLOCK ABTS setup=move_strike prior_bar_ticks=29 threshold=6000
[MOVE_SUB_B] [19:10:08] FIRESTORM_GATE_BLOCK ABTS setup=move_strike prior_bar_ticks=29 threshold=6000
[MOVE_SUB_B] [19:10:08] FIRESTORM_GATE_BLOCK ABTS setup=move_strike prior_bar_ticks=29 threshold=6000
[MOVE_SUB_B] [19:10:08] FIRESTORM_GATE_BLOCK ABTS setup=move_strike prior_bar_ticks=29 threshold=6000
[MOVE_SUB_B] [19:10:08] FIRESTORM_GATE_BLOCK ABTS setup=move_strike prior_bar_ticks=29 threshold=6000
[MOVE_SUB_B] [19:10:08] FIRESTORM_GATE_BLOCK ABTS setup=move_strike prior_bar_ticks=29 threshold=6000
[MOVE_SUB_B] [19:10:08] FIRESTORM_GATE_BLOCK ABTS setup=move_strike prior_bar_ticks=29 threshold=6000
[MOVE_SUB_B] [19:10:08] FIRESTORM_GATE_BLOCK ABTS setup=move_strike prior_bar_ticks=29 threshold=6000
[MOVE_SUB_B] [19:10:08] FIRESTORM_GATE_BLOCK ABTS setup=move_strike prior_bar_ticks=29 threshold=6000
[MOVE_SUB_B] [19:10:08] FIRESTORM_GATE_BLOCK ABTS setup=move_strike prior_bar_ticks=29 threshold=6000
[MOVE_SUB_B] [19:10:08] FIRESTORM_GATE_BLOCK ABTS setup=move_strike prior_bar_ticks=29 threshold=6000
[MOVE_SUB_B] [19:10:08] FIRESTORM_GATE_BLOCK ABTS setup=move_strike prior_bar_ticks=29 threshold=6000
[MOVE_SUB_B] [19:10:08] FIRESTORM_GATE_BLOCK ABTS setup=move_strike prior_bar_ticks=29 threshold=6000
[MOVE_SUB_B] [19:10:08] FIRESTORM_GATE_BLOCK ABTS setup=move_strike prior_bar_ticks=29 threshold=6000
[MOVE_SUB_B] [19:10:08] FIRESTORM_GATE_BLOCK ABTS setup=move_strike prior_bar_ticks=29 threshold=6000
[MOVE_SUB_B] [19:10:08] FIRESTORM_GATE_BLOCK ABTS setup=move_strike prior_bar_ticks=29 threshold=6000
[MOVE_SUB_B] [19:10:08] FIRESTORM_GATE_BLOCK ABTS setup=move_strike prior_bar_ticks=29 threshold=6000
[MOVE_SUB_B] [19:10:08] FIRESTORM_GATE_BLOCK ABTS setup=move_strike prior_bar_ticks=29 threshold=6000
[MOVE_SUB_B] [19:10:08] FIRESTORM_GATE_BLOCK ABTS setup=move_strike prior_bar_ticks=29 threshold=6000
[MOVE_SUB_B] [19:10:08] FIRESTORM_GATE_BLOCK ABTS setup=move_strike prior_bar_ticks=29 threshold=6000
[MOVE_SUB_B] [19:10:08] FIRESTORM_GATE_BLOCK ABTS setup=move_strike prior_bar_ticks=29 threshold=6000
[MOVE_SUB_B] [19:10:08] FIRESTORM_GATE_BLOCK ABTS setup=move_strike prior_bar_ticks=29 threshold=6000
[MOVE_SUB_B] [19:10:08] FIRESTORM_GATE_BLOCK ABTS setup=move_strike prior_bar_ticks=29 threshold=6000
[MOVE_SUB_B] [19:10:08] FIRESTORM_GATE_BLOCK ABTS setup=move_strike prior_bar_ticks=29 threshold=6000
[MOVE_SUB_B] [19:10:08] FIRESTORM_GATE_BLOCK ABTS setup=move_strike prior_bar_ticks=29 threshold=6000
[MOVE_SUB_B] [19:10:08] FIRESTORM_GATE_BLOCK ABTS setup=move_strike prior_bar_ticks=29 threshold=6000
[MOVE_SUB_B] [19:10:08] FIRESTORM_GATE_BLOCK ABTS setup=move_strike prior_bar_ticks=29 threshold=6000
[MOVE_SUB_B] [19:10:08] FIRESTORM_GATE_BLOCK ABTS setup=move_strike prior_bar_ticks=29 threshold=6000
[MOVE_SUB_B] [19:10:08] FIRESTORM_GATE_BLOCK ABTS setup=move_strike prior_bar_ticks=29 threshold=6000
[MOVE_SUB_B] [19:10:08] FIRESTORM_GATE_BLOCK ABTS setup=move_strike prior_bar_ticks=29 threshold=6000
[MOVE_SUB_B] [19:10:08] FIRESTORM_GATE_BLOCK ABTS setup=move_strike prior_bar_ticks=29 threshold=6000
[MOVE_SUB_B] [19:10:08] FIRESTORM_GATE_BLOCK ABTS setup=move_strike prior_bar_ticks=29 threshold=6000
[MOVE_SUB_B] [19:10:08] FIRESTORM_GATE_BLOCK ABTS setup=move_strike prior_bar_ticks=29 threshold=6000
[MOVE_SUB_B] [19:10:08] FIRESTORM_GATE_BLOCK ABTS setup=move_strike prior_bar_ticks=29 threshold=6000
[MOVE_SUB_B] [19:10:08] FIRESTORM_GATE_BLOCK ABTS setup=move_strike prior_bar_ticks=29 threshold=6000
[MOVE_SUB_B] [19:10:08] FIRESTORM_GATE_BLOCK ABTS setup=move_strike prior_bar_ticks=29 threshold=6000
[MOVE_SUB_B] [19:10:08] FIRESTORM_GATE_BLOCK ABTS setup=move_strike prior_bar_ticks=29 threshold=6000
[MOVE_SUB_B] [19:10:08] FIRESTORM_GATE_BLOCK ABTS setup=move_strike prior_bar_ticks=29 threshold=6000
[MOVE_SUB_B] [19:10:08] FIRESTORM_GATE_BLOCK ABTS setup=move_strike prior_bar_ticks=29 threshold=6000
[MOVE_SUB_B] [19:10:08] FIRESTORM_GATE_BLOCK ABTS setup=move_strike prior_bar_ticks=29 threshold=6000
[MOVE_SUB_B] [19:10:08] FIRESTORM_GATE_BLOCK ABTS setup=move_strike prior_bar_ticks=29 threshold=6000
[MOVE_SUB_B] [19:10:08] FIRESTORM_GATE_BLOCK ABTS setup=move_strike prior_bar_ticks=29 threshold=6000
[MOVE_SUB_B] [19:10:08] FIRESTORM_GATE_BLOCK ABTS setup=move_strike prior_bar_ticks=29 threshold=6000
[MOVE_SUB_B] [19:10:08] FIRESTORM_GATE_BLOCK ABTS setup=move_strike prior_bar_ticks=29 threshold=6000
[MOVE_SUB_B] [19:10:08] FIRESTORM_GATE_BLOCK ABTS setup=move_strike prior_bar_ticks=29 threshold=6000
[MOVE_SUB_B] [19:10:08] FIRESTORM_GATE_BLOCK ABTS setup=move_strike prior_bar_ticks=29 threshold=6000
[MOVE_SUB_B] [19:10:08] FIRESTORM_GATE_BLOCK ABTS setup=move_strike prior_bar_ticks=29 threshold=6000
[MOVE_SUB_B] [19:10:08] FIRESTORM_GATE_BLOCK ABTS setup=move_strike prior_bar_ticks=29 threshold=6000
[MOVE_SUB_B] [19:10:08] FIRESTORM_GATE_BLOCK ABTS setup=move_strike prior_bar_ticks=29 threshold=6000
[MOVE_SUB_B] [19:10:08] FIRESTORM_GATE_BLOCK ABTS setup=move_strike prior_bar_ticks=29 threshold=6000
[MOVE_SUB_B] [19:10:08] FIRESTORM_GATE_BLOCK ABTS setup=move_strike prior_bar_ticks=29 threshold=6000
[MOVE_SUB_B] [19:10:08] FIRESTORM_GATE_BLOCK ABTS setup=move_strike prior_bar_ticks=29 threshold=6000
[MOVE_SUB_B] [19:10:08] FIRESTORM_GATE_BLOCK ABTS setup=move_strike prior_bar_ticks=29 threshold=6000
[MOVE_SUB_B] [19:10:08] FIRESTORM_GATE_BLOCK ABTS setup=move_strike prior_bar_ticks=29 threshold=6000
[MOVE_SUB_B] [19:10:08] FIRESTORM_GATE_BLOCK ABTS setup=move_strike prior_bar_ticks=29 threshold=6000
[MOVE_SUB_B] [19:10:08] FIRESTORM_GATE_BLOCK ABTS setup=move_strike prior_bar_ticks=29 threshold=6000
[MOVE_SUB_B] [19:10:08] FIRESTORM_GATE_BLOCK ABTS setup=move_strike prior_bar_ticks=29 threshold=6000
[MOVE_SUB_B] [19:10:08] FIRESTORM_GATE_BLOCK ABTS setup=move_strike prior_bar_ticks=29 threshold=6000
[MOVE_SUB_B] [19:10:08] FIRESTORM_GATE_BLOCK ABTS setup=move_strike prior_bar_ticks=29 threshold=6000
[MOVE_SUB_B] [19:10:08] FIRESTORM_GATE_BLOCK ABTS setup=move_strike prior_bar_ticks=29 threshold=6000
[MOVE_SUB_B] [19:10:08] FIRESTORM_GATE_BLOCK ABTS setup=move_strike prior_bar_ticks=29 threshold=6000
[MOVE_SUB_B] [19:10:08] FIRESTORM_GATE_BLOCK ABTS setup=move_strike prior_bar_ticks=29 threshold=6000
[MOVE_SUB_B] [19:10:08] FIRESTORM_GATE_BLOCK ABTS setup=move_strike prior_bar_ticks=29 threshold=6000
[MOVE_SUB_B] [19:10:08] FIRESTORM_GATE_BLOCK ABTS setup=move_strike prior_bar_ticks=29 threshold=6000
[MOVE_SUB_B] [19:10:08] FIRESTORM_GATE_BLOCK ABTS setup=move_strike prior_bar_ticks=29 threshold=6000
[MOVE_SUB_B] [19:10:08] FIRESTORM_GATE_BLOCK ABTS setup=move_strike prior_bar_ticks=29 threshold=6000
[MOVE_SUB_B] [19:10:08] FIRESTORM_GATE_BLOCK ABTS setup=move_strike prior_bar_ticks=29 threshold=6000
[MOVE_SUB_B] [19:10:08] FIRESTORM_GATE_BLOCK ABTS setup=move_strike prior_bar_ticks=29 threshold=6000
[MOVE_SUB_B] [19:10:08] FIRESTORM_GATE_BLOCK ABTS setup=move_strike prior_bar_ticks=29 threshold=6000
[MOVE_SUB_B] [19:10:08] FIRESTORM_GATE_BLOCK ABTS setup=move_strike prior_bar_ticks=29 threshold=6000
[MOVE_SUB_B] [19:10:08] FIRESTORM_GATE_BLOCK ABTS setup=move_strike prior_bar_ticks=29 threshold=6000
[MOVE_SUB_B] [19:10:08] FIRESTORM_GATE_BLOCK ABTS setup=move_strike prior_bar_ticks=29 threshold=6000
[MOVE_SUB_B] [19:10:08] FIRESTORM_GATE_BLOCK ABTS setup=move_strike prior_bar_ticks=29 threshold=6000
[MOVE_SUB_B] [19:10:08] FIRESTORM_GATE_BLOCK ABTS setup=move_strike prior_bar_ticks=29 threshold=6000
[MOVE_SUB_B] [19:10:08] FIRESTORM_GATE_BLOCK ABTS setup=move_strike prior_bar_ticks=29 threshold=6000
[MOVE_SUB_B] [19:10:08] FIRESTORM_GATE_BLOCK ABTS setup=move_strike prior_bar_ticks=29 threshold=6000
[MOVE_SUB_B] [19:10:08] FIRESTORM_GATE_BLOCK ABTS setup=move_strike prior_bar_ticks=29 threshold=6000
[MOVE_SUB_B] [19:10:08] FIRESTORM_GATE_BLOCK ABTS setup=move_strike prior_bar_ticks=29 threshold=6000
[MOVE_SUB_B] [19:10:08] FIRESTORM_GATE_BLOCK ABTS setup=move_strike prior_bar_ticks=29 threshold=6000
[MOVE_SUB_B] [19:10:08] FIRESTORM_GATE_BLOCK ABTS setup=move_strike prior_bar_ticks=29 threshold=6000
[MOVE_SUB_B] [19:10:08] FIRESTORM_GATE_BLOCK ABTS setup=move_strike prior_bar_ticks=29 threshold=6000
[MOVE_SUB_B] [19:10:08] FIRESTORM_GATE_BLOCK ABTS setup=move_strike prior_bar_ticks=29 threshold=6000
[MOVE_SUB_B] [19:10:08] FIRESTORM_GATE_BLOCK ABTS setup=move_strike prior_bar_ticks=29 threshold=6000
[MOVE_SUB_B] [19:10:08] FIRESTORM_GATE_BLOCK ABTS setup=move_strike prior_bar_ticks=29 threshold=6000
[MOVE_SUB_B] [19:10:08] FIRESTORM_GATE_BLOCK ABTS setup=move_strike prior_bar_ticks=29 threshold=6000
[MOVE_SUB_B] [19:10:08] FIRESTORM_GATE_BLOCK ABTS setup=move_strike prior_bar_ticks=29 threshold=6000
[MOVE_SUB_B] [19:10:08] FIRESTORM_GATE_BLOCK ABTS setup=move_strike prior_bar_ticks=29 threshold=6000
[MOVE_SUB_B] [19:10:08] FIRESTORM_GATE_BLOCK ABTS setup=move_strike prior_bar_ticks=29 threshold=6000
[MOVE_SUB_B] [19:10:08] FIRESTORM_GATE_BLOCK ABTS setup=move_strike prior_bar_ticks=29 threshold=6000
[MOVE_SUB_B] [19:10:08] FIRESTORM_GATE_BLOCK ABTS setup=move_strike prior_bar_ticks=29 threshold=6000
[MOVE_SUB_B] [19:10:08] FIRESTORM_GATE_BLOCK ABTS setup=move_strike prior_bar_ticks=29 threshold=6000
[MOVE_SUB_B] [19:10:08] FIRESTORM_GATE_BLOCK ABTS setup=move_strike prior_bar_ticks=29 threshold=6000
[MOVE_SUB_B] [19:10:08] FIRESTORM_GATE_BLOCK ABTS setup=move_strike prior_bar_ticks=29 threshold=6000
[MOVE_SUB_B] [19:10:08] FIRESTORM_GATE_BLOCK ABTS setup=move_strike prior_bar_ticks=29 threshold=6000
[MOVE_SUB_B] [19:10:08] FIRESTORM_GATE_BLOCK ABTS setup=move_strike prior_bar_ticks=29 threshold=6000
[MOVE_SUB_B] [19:10:08] FIRESTORM_GATE_BLOCK ABTS setup=move_strike prior_bar_ticks=29 threshold=6000
[MOVE_SUB_B] [19:10:08] FIRESTORM_GATE_BLOCK ABTS setup=move_strike prior_bar_ticks=29 threshold=6000
[MOVE_SUB_B] [19:10:08] FIRESTORM_GATE_BLOCK ABTS setup=move_strike prior_bar_ticks=29 threshold=6000
[MOVE_SUB_B] [19:10:08] FIRESTORM_GATE_BLOCK ABTS setup=move_strike prior_bar_ticks=29 threshold=6000
[MOVE_SUB_B] [19:10:08] FIRESTORM_GATE_BLOCK ABTS setup=move_strike prior_bar_ticks=29 threshold=6000
[MOVE_SUB_B] [19:10:08] FIRESTORM_GATE_BLOCK ABTS setup=move_strike prior_bar_ticks=29 threshold=6000
[MOVE_SUB_B] [19:10:08] FIRESTORM_GATE_BLOCK ABTS setup=move_strike prior_bar_ticks=29 threshold=6000
[MOVE_SUB_B] [19:10:08] FIRESTORM_GATE_BLOCK ABTS setup=move_strike prior_bar_ticks=29 threshold=6000
[MOVE_SUB_B] [19:10:08] FIRESTORM_GATE_BLOCK ABTS setup=move_strike prior_bar_ticks=29 threshold=6000
[MOVE_SUB_B] [19:10:08] FIRESTORM_GATE_BLOCK ABTS setup=move_strike prior_bar_ticks=29 threshold=6000
[MOVE_SUB_B] [19:10:08] FIRESTORM_GATE_BLOCK ABTS setup=move_strike prior_bar_ticks=29 threshold=6000
[MOVE_SUB_B] [19:10:08] FIRESTORM_GATE_BLOCK ABTS setup=move_strike prior_bar_ticks=29 threshold=6000
[MOVE_SUB_B] [19:10:08] FIRESTORM_GATE_BLOCK ABTS setup=move_strike prior_bar_ticks=29 threshold=6000
[MOVE_SUB_B] [19:10:08] FIRESTORM_GATE_BLOCK ABTS setup=move_strike prior_bar_ticks=29 threshold=6000
[MOVE_SUB_B] [19:10:08] FIRESTORM_GATE_BLOCK ABTS setup=move_strike prior_bar_ticks=29 threshold=6000
[MOVE_SUB_B] [19:10:08] FIRESTORM_GATE_BLOCK ABTS setup=move_strike prior_bar_ticks=29 threshold=6000
[MOVE_SUB_B] [19:10:08] FIRESTORM_GATE_BLOCK ABTS setup=move_strike prior_bar_ticks=29 threshold=6000
[MOVE_SUB_B] [19:10:08] FIRESTORM_GATE_BLOCK ABTS setup=move_strike prior_bar_ticks=29 threshold=6000
[MOVE_SUB_B] [19:10:08] FIRESTORM_GATE_BLOCK ABTS setup=move_strike prior_bar_ticks=29 threshold=6000
[MOVE_SUB_B] [19:10:08] FIRESTORM_GATE_BLOCK ABTS setup=move_strike prior_bar_ticks=29 threshold=6000
[MOVE_SUB_B] [19:10:08] FIRESTORM_GATE_BLOCK ABTS setup=move_strike prior_bar_ticks=29 threshold=6000
[MOVE_SUB_B] [19:10:08] FIRESTORM_GATE_BLOCK ABTS setup=move_strike prior_bar_ticks=29 threshold=6000
[MOVE_SUB_B] [19:10:08] FIRESTORM_GATE_BLOCK ABTS setup=move_strike prior_bar_ticks=29 threshold=6000
[MOVE_SUB_B] [19:10:08] FIRESTORM_GATE_BLOCK ABTS setup=move_strike prior_bar_ticks=29 threshold=6000
[MOVE_SUB_B] [19:10:08] FIRESTORM_GATE_BLOCK ABTS setup=move_strike prior_bar_ticks=29 threshold=6000
[MOVE_SUB_B] [19:10:08] FIRESTORM_GATE_BLOCK ABTS setup=move_strike prior_bar_ticks=29 threshold=6000
[MOVE_SUB_B] [19:10:08] FIRESTORM_GATE_BLOCK ABTS setup=move_strike prior_bar_ticks=29 threshold=6000
[MOVE_SUB_B] [19:10:08] FIRESTORM_GATE_BLOCK ABTS setup=move_strike prior_bar_ticks=29 threshold=6000
[MOVE_SUB_B] [19:10:08] FIRESTORM_GATE_BLOCK ABTS setup=move_strike prior_bar_ticks=29 threshold=6000
[MOVE_SUB_B] [19:10:08] FIRESTORM_GATE_BLOCK ABTS setup=move_strike prior_bar_ticks=29 threshold=6000
[MOVE_SUB_B] [19:10:08] FIRESTORM_GATE_BLOCK ABTS setup=move_strike prior_bar_ticks=29 threshold=6000
[MOVE_SUB_B] [19:10:08] FIRESTORM_GATE_BLOCK ABTS setup=move_strike prior_bar_ticks=29 threshold=6000
[MOVE_SUB_B] [19:10:08] FIRESTORM_GATE_BLOCK ABTS setup=move_strike prior_bar_ticks=29 threshold=6000
[MOVE_SUB_B] [19:10:08] FIRESTORM_GATE_BLOCK ABTS setup=move_strike prior_bar_ticks=29 threshold=6000
[MOVE_SUB_B] [19:10:08] FIRESTORM_GATE_BLOCK ABTS setup=move_strike prior_bar_ticks=29 threshold=6000
[MOVE_SUB_B] [19:10:08] FIRESTORM_GATE_BLOCK ABTS setup=move_strike prior_bar_ticks=29 threshold=6000
[MOVE_SUB_B] [19:10:08] FIRESTORM_GATE_BLOCK ABTS setup=move_strike prior_bar_ticks=29 threshold=6000
[MOVE_SUB_B] [19:10:09] FIRESTORM_GATE_BLOCK ABTS setup=move_strike prior_bar_ticks=29 threshold=6000
[MOVE_SUB_B] [19:10:09] FIRESTORM_GATE_BLOCK ABTS setup=move_strike prior_bar_ticks=29 threshold=6000
[MOVE_SUB_B] [19:10:09] FIRESTORM_GATE_BLOCK ABTS setup=move_strike prior_bar_ticks=29 threshold=6000
[MOVE_SUB_B] [19:10:09] FIRESTORM_GATE_BLOCK ABTS setup=move_strike prior_bar_ticks=29 threshold=6000
[MOVE_SUB_B] [19:10:09] FIRESTORM_GATE_BLOCK ABTS setup=move_strike prior_bar_ticks=29 threshold=6000
[MOVE_SUB_B] [19:10:09] FIRESTORM_GATE_BLOCK ABTS setup=move_strike prior_bar_ticks=29 threshold=6000
[MOVE_SUB_B] [19:10:09] FIRESTORM_GATE_BLOCK ABTS setup=move_strike prior_bar_ticks=29 threshold=6000
[MOVE_SUB_B] [19:10:09] FIRESTORM_GATE_BLOCK ABTS setup=move_strike prior_bar_ticks=29 threshold=6000
[MOVE_SUB_B] [19:10:09] FIRESTORM_GATE_BLOCK ABTS setup=move_strike prior_bar_ticks=29 threshold=6000
[MOVE_SUB_B] [19:10:10] FIRESTORM_GATE_BLOCK ABTS setup=move_strike prior_bar_ticks=29 threshold=6000
[MOVE_SUB_B] [19:10:10] FIRESTORM_GATE_BLOCK ABTS setup=move_strike prior_bar_ticks=29 threshold=6000
[MOVE_SUB_B] [19:10:10] FIRESTORM_GATE_BLOCK ABTS setup=move_strike prior_bar_ticks=29 threshold=6000
[MOVE_SUB_B] [19:10:10] FIRESTORM_GATE_BLOCK ABTS setup=move_strike prior_bar_ticks=29 threshold=6000
[MOVE_SUB_B] [19:10:10] FIRESTORM_GATE_BLOCK ABTS setup=move_strike prior_bar_ticks=29 threshold=6000
[MOVE_SUB_B] [19:10:10] FIRESTORM_GATE_BLOCK ABTS setup=move_strike prior_bar_ticks=29 threshold=6000
[MOVE_SUB_B] [19:10:10] FIRESTORM_GATE_BLOCK ABTS setup=move_strike prior_bar_ticks=29 threshold=6000
[MOVE_SUB_B] [19:10:10] FIRESTORM_GATE_BLOCK ABTS setup=move_strike prior_bar_ticks=29 threshold=6000
[MOVE_SUB_B] [19:10:12] FIRESTORM_GATE_BLOCK ABTS setup=move_strike prior_bar_ticks=29 threshold=6000
[MOVE_SUB_B] [19:10:12] FIRESTORM_GATE_BLOCK ABTS setup=move_strike prior_bar_ticks=29 threshold=6000
[MOVE_SUB_B] [19:10:13] FIRESTORM_GATE_BLOCK ABTS setup=move_strike prior_bar_ticks=29 threshold=6000
[MOVE_SUB_B] [19:10:17] FIRESTORM_GATE_BLOCK ABTS setup=move_strike prior_bar_ticks=29 threshold=6000
[MOVE_SUB_B] [19:10:17] FIRESTORM_GATE_BLOCK ABTS setup=move_strike prior_bar_ticks=29 threshold=6000
[MOVE_SUB_B] [19:10:19] FIRESTORM_GATE_BLOCK ABTS setup=move_strike prior_bar_ticks=29 threshold=6000
[MOVE_SUB_B] [19:10:21] FIRESTORM_GATE_BLOCK ABTS setup=move_strike prior_bar_ticks=29 threshold=6000
[MOVE_SUB_B] [19:10:22] FIRESTORM_GATE_BLOCK ABTS setup=move_strike prior_bar_ticks=29 threshold=6000
[MOVE_SUB_B] [19:10:24] FIRESTORM_GATE_BLOCK ABTS setup=move_strike prior_bar_ticks=29 threshold=6000
[MOVE_SUB_B] [19:10:25] FIRESTORM_GATE_BLOCK ABTS setup=move_strike prior_bar_ticks=29 threshold=6000
[MOVE_SUB_B] [19:10:26] FIRESTORM_GATE_BLOCK ABTS setup=move_strike prior_bar_ticks=29 threshold=6000
[MOVE_SUB_B] [19:10:26] FIRESTORM_GATE_BLOCK ABTS setup=move_strike prior_bar_ticks=29 threshold=6000
[MOVE_SUB_B] [19:10:27] FIRESTORM_GATE_BLOCK ABTS setup=move_strike prior_bar_ticks=29 threshold=6000
[MOVE_SUB_B] [19:10:27] FIRESTORM_GATE_BLOCK ABTS setup=move_strike prior_bar_ticks=29 threshold=6000
[MOVE_SUB_B] [19:10:30] FIRESTORM_GATE_BLOCK ABTS setup=move_strike prior_bar_ticks=29 threshold=6000
[MOVE_SUB_B] [19:10:31] FIRESTORM_GATE_BLOCK ABTS setup=move_strike prior_bar_ticks=29 threshold=6000
[MOVE_SUB_B] [19:10:31] FIRESTORM_GATE_BLOCK ABTS setup=move_strike prior_bar_ticks=29 threshold=6000
[MOVE_SUB_B] [19:10:31] FIRESTORM_GATE_BLOCK ABTS setup=move_strike prior_bar_ticks=29 threshold=6000
[MOVE_SUB_B] [19:10:33] FIRESTORM_GATE_BLOCK ABTS setup=move_strike prior_bar_ticks=29 threshold=6000
[MOVE_SUB_B] [19:10:33] FIRESTORM_GATE_BLOCK ABTS setup=move_strike prior_bar_ticks=29 threshold=6000
[MOVE_SUB_B] [19:10:34] FIRESTORM_GATE_BLOCK ABTS setup=move_strike prior_bar_ticks=29 threshold=6000
[MOVE_SUB_B] [19:10:34] FIRESTORM_GATE_BLOCK ABTS setup=move_strike prior_bar_ticks=29 threshold=6000
[MOVE_SUB_B] [19:10:34] FIRESTORM_GATE_BLOCK ABTS setup=move_strike prior_bar_ticks=29 threshold=6000
[MOVE_SUB_B] [19:10:34] FIRESTORM_GATE_BLOCK ABTS setup=move_strike prior_bar_ticks=29 threshold=6000
[MOVE_SUB_B] [19:10:34] FIRESTORM_GATE_BLOCK ABTS setup=move_strike prior_bar_ticks=29 threshold=6000
[MOVE_SUB_B] [19:10:34] FIRESTORM_GATE_BLOCK ABTS setup=move_strike prior_bar_ticks=29 threshold=6000
[MOVE_SUB_B] [19:10:34] FIRESTORM_GATE_BLOCK ABTS setup=move_strike prior_bar_ticks=29 threshold=6000
[MOVE_SUB_B] [19:10:35] FIRESTORM_GATE_BLOCK ABTS setup=move_strike prior_bar_ticks=29 threshold=6000
[MOVE_SUB_B] [19:10:36] FIRESTORM_GATE_BLOCK ABTS setup=move_strike prior_bar_ticks=29 threshold=6000
[MOVE_SUB_B] [19:10:36] FIRESTORM_GATE_BLOCK ABTS setup=move_strike prior_bar_ticks=29 threshold=6000
[MOVE_SUB_B] [19:10:37] FIRESTORM_GATE_BLOCK ABTS setup=move_strike prior_bar_ticks=29 threshold=6000
[MOVE_SUB_B] [19:10:37] FIRESTORM_GATE_BLOCK ABTS setup=move_strike prior_bar_ticks=29 threshold=6000
[MOVE_SUB_B] [19:10:37] FIRESTORM_GATE_BLOCK ABTS setup=move_strike prior_bar_ticks=29 threshold=6000
[MOVE_SUB_B] [19:10:38] FIRESTORM_GATE_BLOCK ABTS setup=move_strike prior_bar_ticks=29 threshold=6000
[MOVE_SUB_B] [19:10:39] FIRESTORM_GATE_BLOCK ABTS setup=move_strike prior_bar_ticks=29 threshold=6000
[MOVE_SUB_B] [19:10:39] FIRESTORM_GATE_BLOCK ABTS setup=move_strike prior_bar_ticks=29 threshold=6000
[MOVE_SUB_B] [19:10:40] FIRESTORM_GATE_BLOCK ABTS setup=move_strike prior_bar_ticks=29 threshold=6000
[MOVE_SUB_B] [19:10:42] FIRESTORM_GATE_BLOCK ABTS setup=move_strike prior_bar_ticks=29 threshold=6000
[MOVE_SUB_B] [19:10:42] STATS ticks=528782 symbols=86 pos=no daily_pnl=+0 drops=0
[MOVE_SUB_B] [19:10:42] FIRESTORM_GATE_BLOCK ABTS setup=move_strike prior_bar_ticks=29 threshold=6000
[MOVE_SUB_B] [19:10:42] FIRESTORM_GATE_BLOCK ABTS setup=move_strike prior_bar_ticks=29 threshold=6000
[MOVE_SUB_B] [19:10:43] FIRESTORM_GATE_BLOCK ABTS setup=move_strike prior_bar_ticks=29 threshold=6000
[MOVE_SUB_B] [19:10:43] FIRESTORM_GATE_BLOCK ABTS setup=move_strike prior_bar_ticks=29 threshold=6000
[MOVE_SUB_B] [19:10:45] FIRESTORM_GATE_BLOCK ABTS setup=move_strike prior_bar_ticks=29 threshold=6000
[MOVE_SUB_B] [19:10:45] FIRESTORM_GATE_BLOCK ABTS setup=move_strike prior_bar_ticks=29 threshold=6000
[MOVE_SUB_B] [19:10:47] FIRESTORM_GATE_BLOCK ABTS setup=move_strike prior_bar_ticks=29 threshold=6000
[MOVE_SUB_B] [19:10:47] FIRESTORM_GATE_BLOCK ABTS setup=move_strike prior_bar_ticks=29 threshold=6000
[MOVE_SUB_B] [19:10:47] FIRESTORM_GATE_BLOCK ABTS setup=move_strike prior_bar_ticks=29 threshold=6000
[MOVE_SUB_B] [19:10:47] FIRESTORM_GATE_BLOCK ABTS setup=move_strike prior_bar_ticks=29 threshold=6000
[MOVE_SUB_B] [19:10:47] FIRESTORM_GATE_BLOCK ABTS setup=move_strike prior_bar_ticks=29 threshold=6000
[MOVE_SUB_B] [19:10:47] FIRESTORM_GATE_BLOCK ABTS setup=move_strike prior_bar_ticks=29 threshold=6000
[MOVE_SUB_B] [19:10:48] FIRESTORM_GATE_BLOCK ABTS setup=move_strike prior_bar_ticks=29 threshold=6000
[MOVE_SUB_B] [19:10:49] FIRESTORM_GATE_BLOCK ABTS setup=move_strike prior_bar_ticks=29 threshold=6000
[MOVE_SUB_B] [19:10:49] FIRESTORM_GATE_BLOCK ABTS setup=move_strike prior_bar_ticks=29 threshold=6000
[MOVE_SUB_B] [19:10:49] FIRESTORM_GATE_BLOCK ABTS setup=move_strike prior_bar_ticks=29 threshold=6000
[MOVE_SUB_B] [19:10:51] FIRESTORM_GATE_BLOCK ABTS setup=move_strike prior_bar_ticks=29 threshold=6000
[MOVE_SUB_B] [19:10:51] FIRESTORM_GATE_BLOCK ABTS setup=move_strike prior_bar_ticks=29 threshold=6000
[MOVE_SUB_B] [19:10:51] FIRESTORM_GATE_BLOCK ABTS setup=move_strike prior_bar_ticks=29 threshold=6000
[MOVE_SUB_B] [19:10:51] FIRESTORM_GATE_BLOCK ABTS setup=move_strike prior_bar_ticks=29 threshold=6000
[MOVE_SUB_B] [19:10:51] FIRESTORM_GATE_BLOCK ABTS setup=move_strike prior_bar_ticks=29 threshold=6000
[MOVE_SUB_B] [19:10:52] FIRESTORM_GATE_BLOCK ABTS setup=move_strike prior_bar_ticks=29 threshold=6000
[MOVE_SUB_B] [19:10:52] FIRESTORM_GATE_BLOCK ABTS setup=move_strike prior_bar_ticks=29 threshold=6000
[MOVE_SUB_B] [19:10:52] FIRESTORM_GATE_BLOCK ABTS setup=move_strike prior_bar_ticks=29 threshold=6000
[MOVE_SUB_B] [19:10:52] FIRESTORM_GATE_BLOCK ABTS setup=move_strike prior_bar_ticks=29 threshold=6000
[MOVE_SUB_B] [19:10:52] FIRESTORM_GATE_BLOCK ABTS setup=move_strike prior_bar_ticks=29 threshold=6000
[MOVE_SUB_B] [19:10:52] FIRESTORM_GATE_BLOCK ABTS setup=move_strike prior_bar_ticks=29 threshold=6000
[MOVE_SUB_B] [19:10:52] FIRESTORM_GATE_BLOCK ABTS setup=move_strike prior_bar_ticks=29 threshold=6000
[MOVE_SUB_B] [19:10:53] FIRESTORM_GATE_BLOCK ABTS setup=move_strike prior_bar_ticks=29 threshold=6000
[MOVE_SUB_B] [19:10:53] FIRESTORM_GATE_BLOCK ABTS setup=move_strike prior_bar_ticks=29 threshold=6000
[MOVE_SUB_B] [19:10:54] FIRESTORM_GATE_BLOCK ABTS setup=move_strike prior_bar_ticks=29 threshold=6000
[MOVE_SUB_B] [19:10:54] FIRESTORM_GATE_BLOCK ABTS setup=move_strike prior_bar_ticks=29 threshold=6000
[MOVE_SUB_B] [19:10:54] FIRESTORM_GATE_BLOCK ABTS setup=move_strike prior_bar_ticks=29 threshold=6000
[MOVE_SUB_B] [19:10:54] FIRESTORM_GATE_BLOCK ABTS setup=move_strike prior_bar_ticks=29 threshold=6000
[MOVE_SUB_B] [19:10:54] FIRESTORM_GATE_BLOCK ABTS setup=move_strike prior_bar_ticks=29 threshold=6000
[MOVE_SUB_B] [19:10:54] FIRESTORM_GATE_BLOCK ABTS setup=move_strike prior_bar_ticks=29 threshold=6000
[MOVE_SUB_B] [19:10:54] FIRESTORM_GATE_BLOCK ABTS setup=move_strike prior_bar_ticks=29 threshold=6000
[MOVE_SUB_B] [19:10:54] FIRESTORM_GATE_BLOCK ABTS setup=move_strike prior_bar_ticks=29 threshold=6000
[MOVE_SUB_B] [19:10:55] FIRESTORM_GATE_BLOCK ABTS setup=move_strike prior_bar_ticks=29 threshold=6000
[MOVE_SUB_B] [19:10:55] FIRESTORM_GATE_BLOCK ABTS setup=move_strike prior_bar_ticks=29 threshold=6000
[MOVE_SUB_B] [19:10:55] FIRESTORM_GATE_BLOCK ABTS setup=move_strike prior_bar_ticks=29 threshold=6000
[MOVE_SUB_B] [19:10:55] FIRESTORM_GATE_BLOCK ABTS setup=move_strike prior_bar_ticks=29 threshold=6000
[MOVE_SUB_B] [19:10:56] FIRESTORM_GATE_BLOCK ABTS setup=move_strike prior_bar_ticks=29 threshold=6000
[MOVE_SUB_B] [19:10:56] FIRESTORM_GATE_BLOCK ABTS setup=move_strike prior_bar_ticks=29 threshold=6000
[MOVE_SUB_B] [19:10:57] FIRESTORM_GATE_BLOCK ABTS setup=move_strike prior_bar_ticks=29 threshold=6000
[MOVE_SUB_B] [19:10:57] FIRESTORM_GATE_BLOCK ABTS setup=move_strike prior_bar_ticks=29 threshold=6000
[MOVE_SUB_B] [19:10:57] FIRESTORM_GATE_BLOCK ABTS setup=move_strike prior_bar_ticks=29 threshold=6000
[MOVE_SUB_B] [19:10:57] FIRESTORM_GATE_BLOCK ABTS setup=move_strike prior_bar_ticks=29 threshold=6000
[MOVE_SUB_B] [19:10:57] FIRESTORM_GATE_BLOCK ABTS setup=move_strike prior_bar_ticks=29 threshold=6000
[MOVE_SUB_B] [19:10:57] FIRESTORM_GATE_BLOCK ABTS setup=move_strike prior_bar_ticks=29 threshold=6000
[MOVE_SUB_B] [19:10:57] FIRESTORM_GATE_BLOCK ABTS setup=move_strike prior_bar_ticks=29 threshold=6000
[MOVE_SUB_B] [19:10:58] FIRESTORM_GATE_BLOCK ABTS setup=move_strike prior_bar_ticks=29 threshold=6000
[MOVE_SUB_B] [19:10:58] FIRESTORM_GATE_BLOCK ABTS setup=move_strike prior_bar_ticks=29 threshold=6000
[MOVE_SUB_B] [19:10:59] FIRESTORM_GATE_BLOCK ABTS setup=move_strike prior_bar_ticks=29 threshold=6000
[MOVE_SUB_B] [19:11:43] STATS ticks=529118 symbols=86 pos=no daily_pnl=+0 drops=0
[MOVE_SUB_B] [19:12:43] STATS ticks=529427 symbols=86 pos=no daily_pnl=+0 drops=0
[MOVE_SUB_B] [19:13:40] FIRESTORM_GATE_BLOCK ABTS setup=move_strike prior_bar_ticks=172 threshold=6000
[MOVE_SUB_B] [19:13:40] FIRESTORM_GATE_BLOCK ABTS setup=move_strike prior_bar_ticks=172 threshold=6000
[MOVE_SUB_B] [19:13:40] FIRESTORM_GATE_BLOCK ABTS setup=move_strike prior_bar_ticks=172 threshold=6000
[MOVE_SUB_B] [19:13:40] FIRESTORM_GATE_BLOCK ABTS setup=move_strike prior_bar_ticks=172 threshold=6000
[MOVE_SUB_B] [19:13:40] FIRESTORM_GATE_BLOCK ABTS setup=move_strike prior_bar_ticks=172 threshold=6000
[MOVE_SUB_B] [19:13:40] FIRESTORM_GATE_BLOCK ABTS setup=move_strike prior_bar_ticks=172 threshold=6000
[MOVE_SUB_B] [19:13:40] FIRESTORM_GATE_BLOCK ABTS setup=move_strike prior_bar_ticks=172 threshold=6000
[MOVE_SUB_B] [19:13:40] FIRESTORM_GATE_BLOCK ABTS setup=move_strike prior_bar_ticks=172 threshold=6000
[MOVE_SUB_B] [19:13:40] FIRESTORM_GATE_BLOCK ABTS setup=move_strike prior_bar_ticks=172 threshold=6000
[MOVE_SUB_B] [19:13:40] FIRESTORM_GATE_BLOCK ABTS setup=move_strike prior_bar_ticks=172 threshold=6000
[MOVE_SUB_B] [19:13:40] FIRESTORM_GATE_BLOCK ABTS setup=move_strike prior_bar_ticks=172 threshold=6000
[MOVE_SUB_B] [19:13:40] FIRESTORM_GATE_BLOCK ABTS setup=move_strike prior_bar_ticks=172 threshold=6000
[MOVE_SUB_B] [19:13:40] FIRESTORM_GATE_BLOCK ABTS setup=move_strike prior_bar_ticks=172 threshold=6000
[MOVE_SUB_B] [19:13:40] FIRESTORM_GATE_BLOCK ABTS setup=move_strike prior_bar_ticks=172 threshold=6000
[MOVE_SUB_B] [19:13:40] FIRESTORM_GATE_BLOCK ABTS setup=move_strike prior_bar_ticks=172 threshold=6000
[MOVE_SUB_B] [19:13:40] FIRESTORM_GATE_BLOCK ABTS setup=move_strike prior_bar_ticks=172 threshold=6000
[MOVE_SUB_B] [19:13:40] FIRESTORM_GATE_BLOCK ABTS setup=move_strike prior_bar_ticks=172 threshold=6000
[MOVE_SUB_B] [19:13:40] FIRESTORM_GATE_BLOCK ABTS setup=move_strike prior_bar_ticks=172 threshold=6000
[MOVE_SUB_B] [19:13:40] FIRESTORM_GATE_BLOCK ABTS setup=move_strike prior_bar_ticks=172 threshold=6000
[MOVE_SUB_B] [19:13:41] FIRESTORM_GATE_BLOCK ABTS setup=move_strike prior_bar_ticks=172 threshold=6000
[MOVE_SUB_B] [19:13:41] FIRESTORM_GATE_BLOCK ABTS setup=move_strike prior_bar_ticks=172 threshold=6000
[MOVE_SUB_B] [19:13:41] FIRESTORM_GATE_BLOCK ABTS setup=move_strike prior_bar_ticks=172 threshold=6000
[MOVE_SUB_B] [19:13:41] FIRESTORM_GATE_BLOCK ABTS setup=move_strike prior_bar_ticks=172 threshold=6000
[MOVE_SUB_B] [19:13:41] FIRESTORM_GATE_BLOCK ABTS setup=move_strike prior_bar_ticks=172 threshold=6000
[MOVE_SUB_B] [19:13:41] FIRESTORM_GATE_BLOCK ABTS setup=move_strike prior_bar_ticks=172 threshold=6000
[MOVE_SUB_B] [19:13:41] FIRESTORM_GATE_BLOCK ABTS setup=move_strike prior_bar_ticks=172 threshold=6000
[MOVE_SUB_B] [19:13:41] FIRESTORM_GATE_BLOCK ABTS setup=move_strike prior_bar_ticks=172 threshold=6000
[MOVE_SUB_B] [19:13:41] FIRESTORM_GATE_BLOCK ABTS setup=move_strike prior_bar_ticks=172 threshold=6000
[MOVE_SUB_B] [19:13:41] FIRESTORM_GATE_BLOCK ABTS setup=move_strike prior_bar_ticks=172 threshold=6000
[MOVE_SUB_B] [19:13:41] FIRESTORM_GATE_BLOCK ABTS setup=move_strike prior_bar_ticks=172 threshold=6000
[MOVE_SUB_B] [19:13:41] FIRESTORM_GATE_BLOCK ABTS setup=move_strike prior_bar_ticks=172 threshold=6000
[MOVE_SUB_B] [19:13:41] FIRESTORM_GATE_BLOCK ABTS setup=move_strike prior_bar_ticks=172 threshold=6000
[MOVE_SUB_B] [19:13:41] FIRESTORM_GATE_BLOCK ABTS setup=move_strike prior_bar_ticks=172 threshold=6000
[MOVE_SUB_B] [19:13:41] FIRESTORM_GATE_BLOCK ABTS setup=move_strike prior_bar_ticks=172 threshold=6000
[MOVE_SUB_B] [19:13:41] FIRESTORM_GATE_BLOCK ABTS setup=move_strike prior_bar_ticks=172 threshold=6000
[MOVE_SUB_B] [19:13:41] FIRESTORM_GATE_BLOCK ABTS setup=move_strike prior_bar_ticks=172 threshold=6000
[MOVE_SUB_B] [19:13:41] FIRESTORM_GATE_BLOCK ABTS setup=move_strike prior_bar_ticks=172 threshold=6000
[MOVE_SUB_B] [19:13:41] FIRESTORM_GATE_BLOCK ABTS setup=move_strike prior_bar_ticks=172 threshold=6000
[MOVE_SUB_B] [19:13:41] FIRESTORM_GATE_BLOCK ABTS setup=move_strike prior_bar_ticks=172 threshold=6000
[MOVE_SUB_B] [19:13:42] FIRESTORM_GATE_BLOCK ABTS setup=move_strike prior_bar_ticks=172 threshold=6000
[MOVE_SUB_B] [19:13:42] FIRESTORM_GATE_BLOCK ABTS setup=move_strike prior_bar_ticks=172 threshold=6000
[MOVE_SUB_B] [19:13:42] FIRESTORM_GATE_BLOCK ABTS setup=move_strike prior_bar_ticks=172 threshold=6000
[MOVE_SUB_B] [19:13:42] FIRESTORM_GATE_BLOCK ABTS setup=move_strike prior_bar_ticks=172 threshold=6000
[MOVE_SUB_B] [19:13:42] FIRESTORM_GATE_BLOCK ABTS setup=move_strike prior_bar_ticks=172 threshold=6000
[MOVE_SUB_B] [19:13:42] FIRESTORM_GATE_BLOCK ABTS setup=move_strike prior_bar_ticks=172 threshold=6000
[MOVE_SUB_B] [19:13:42] FIRESTORM_GATE_BLOCK ABTS setup=move_strike prior_bar_ticks=172 threshold=6000
[MOVE_SUB_B] [19:13:42] FIRESTORM_GATE_BLOCK ABTS setup=move_strike prior_bar_ticks=172 threshold=6000
[MOVE_SUB_B] [19:13:42] FIRESTORM_GATE_BLOCK ABTS setup=move_strike prior_bar_ticks=172 threshold=6000
[MOVE_SUB_B] [19:13:42] FIRESTORM_GATE_BLOCK ABTS setup=move_strike prior_bar_ticks=172 threshold=6000
[MOVE_SUB_B] [19:13:42] FIRESTORM_GATE_BLOCK ABTS setup=move_strike prior_bar_ticks=172 threshold=6000
[MOVE_SUB_B] [19:13:42] FIRESTORM_GATE_BLOCK ABTS setup=move_strike prior_bar_ticks=172 threshold=6000
[MOVE_SUB_B] [19:13:42] FIRESTORM_GATE_BLOCK ABTS setup=move_strike prior_bar_ticks=172 threshold=6000
[MOVE_SUB_B] [19:13:42] FIRESTORM_GATE_BLOCK ABTS setup=move_strike prior_bar_ticks=172 threshold=6000
[MOVE_SUB_B] [19:13:42] FIRESTORM_GATE_BLOCK ABTS setup=move_strike prior_bar_ticks=172 threshold=6000
[MOVE_SUB_B] [19:13:42] FIRESTORM_GATE_BLOCK ABTS setup=move_strike prior_bar_ticks=172 threshold=6000
[MOVE_SUB_B] [19:13:42] FIRESTORM_GATE_BLOCK ABTS setup=move_strike prior_bar_ticks=172 threshold=6000
[MOVE_SUB_B] [19:13:42] FIRESTORM_GATE_BLOCK ABTS setup=move_strike prior_bar_ticks=172 threshold=6000
[MOVE_SUB_B] [19:13:42] FIRESTORM_GATE_BLOCK ABTS setup=move_strike prior_bar_ticks=172 threshold=6000
[MOVE_SUB_B] [19:13:42] FIRESTORM_GATE_BLOCK ABTS setup=move_strike prior_bar_ticks=172 threshold=6000
[MOVE_SUB_B] [19:13:42] FIRESTORM_GATE_BLOCK ABTS setup=move_strike prior_bar_ticks=172 threshold=6000
[MOVE_SUB_B] [19:13:42] FIRESTORM_GATE_BLOCK ABTS setup=move_strike prior_bar_ticks=172 threshold=6000
[MOVE_SUB_B] [19:13:42] FIRESTORM_GATE_BLOCK ABTS setup=move_strike prior_bar_ticks=172 threshold=6000
[MOVE_SUB_B] [19:13:42] FIRESTORM_GATE_BLOCK ABTS setup=move_strike prior_bar_ticks=172 threshold=6000
[MOVE_SUB_B] [19:13:42] FIRESTORM_GATE_BLOCK ABTS setup=move_strike prior_bar_ticks=172 threshold=6000
[MOVE_SUB_B] [19:13:42] FIRESTORM_GATE_BLOCK ABTS setup=move_strike prior_bar_ticks=172 threshold=6000
[MOVE_SUB_B] [19:13:42] FIRESTORM_GATE_BLOCK ABTS setup=move_strike prior_bar_ticks=172 threshold=6000
[MOVE_SUB_B] [19:13:42] FIRESTORM_GATE_BLOCK ABTS setup=move_strike prior_bar_ticks=172 threshold=6000
[MOVE_SUB_B] [19:13:42] FIRESTORM_GATE_BLOCK ABTS setup=move_strike prior_bar_ticks=172 threshold=6000
[MOVE_SUB_B] [19:13:42] FIRESTORM_GATE_BLOCK ABTS setup=move_strike prior_bar_ticks=172 threshold=6000
[MOVE_SUB_B] [19:13:42] FIRESTORM_GATE_BLOCK ABTS setup=move_strike prior_bar_ticks=172 threshold=6000
[MOVE_SUB_B] [19:13:42] FIRESTORM_GATE_BLOCK ABTS setup=move_strike prior_bar_ticks=172 threshold=6000
[MOVE_SUB_B] [19:13:42] FIRESTORM_GATE_BLOCK ABTS setup=move_strike prior_bar_ticks=172 threshold=6000
[MOVE_SUB_B] [19:13:42] FIRESTORM_GATE_BLOCK ABTS setup=move_strike prior_bar_ticks=172 threshold=6000
[MOVE_SUB_B] [19:13:42] FIRESTORM_GATE_BLOCK ABTS setup=move_strike prior_bar_ticks=172 threshold=6000
[MOVE_SUB_B] [19:13:42] FIRESTORM_GATE_BLOCK ABTS setup=move_strike prior_bar_ticks=172 threshold=6000
[MOVE_SUB_B] [19:13:42] FIRESTORM_GATE_BLOCK ABTS setup=move_strike prior_bar_ticks=172 threshold=6000
[MOVE_SUB_B] [19:13:42] FIRESTORM_GATE_BLOCK ABTS setup=move_strike prior_bar_ticks=172 threshold=6000
[MOVE_SUB_B] [19:13:42] FIRESTORM_GATE_BLOCK ABTS setup=move_strike prior_bar_ticks=172 threshold=6000
[MOVE_SUB_B] [19:13:42] FIRESTORM_GATE_BLOCK ABTS setup=move_strike prior_bar_ticks=172 threshold=6000
[MOVE_SUB_B] [19:13:42] FIRESTORM_GATE_BLOCK ABTS setup=move_strike prior_bar_ticks=172 threshold=6000
[MOVE_SUB_B] [19:13:42] FIRESTORM_GATE_BLOCK ABTS setup=move_strike prior_bar_ticks=172 threshold=6000
[MOVE_SUB_B] [19:13:42] FIRESTORM_GATE_BLOCK ABTS setup=move_strike prior_bar_ticks=172 threshold=6000
[MOVE_SUB_B] [19:13:42] FIRESTORM_GATE_BLOCK ABTS setup=move_strike prior_bar_ticks=172 threshold=6000
[MOVE_SUB_B] [19:13:43] FIRESTORM_GATE_BLOCK ABTS setup=move_strike prior_bar_ticks=172 threshold=6000
[MOVE_SUB_B] [19:13:43] FIRESTORM_GATE_BLOCK ABTS setup=move_strike prior_bar_ticks=172 threshold=6000
[MOVE_SUB_B] [19:13:43] STATS ticks=529818 symbols=86 pos=no daily_pnl=+0 drops=0
[MOVE_SUB_B] [19:13:44] FIRESTORM_GATE_BLOCK ABTS setup=move_strike prior_bar_ticks=172 threshold=6000
[MOVE_SUB_B] [19:13:44] FIRESTORM_GATE_BLOCK ABTS setup=move_strike prior_bar_ticks=172 threshold=6000
[MOVE_SUB_B] [19:13:44] FIRESTORM_GATE_BLOCK ABTS setup=move_strike prior_bar_ticks=172 threshold=6000
[MOVE_SUB_B] [19:13:44] FIRESTORM_GATE_BLOCK ABTS setup=move_strike prior_bar_ticks=172 threshold=6000
[MOVE_SUB_B] [19:13:44] FIRESTORM_GATE_BLOCK ABTS setup=move_strike prior_bar_ticks=172 threshold=6000
[MOVE_SUB_B] [19:13:44] FIRESTORM_GATE_BLOCK ABTS setup=move_strike prior_bar_ticks=172 threshold=6000
[MOVE_SUB_B] [19:13:44] FIRESTORM_GATE_BLOCK ABTS setup=move_strike prior_bar_ticks=172 threshold=6000
[MOVE_SUB_B] [19:13:44] FIRESTORM_GATE_BLOCK ABTS setup=move_strike prior_bar_ticks=172 threshold=6000
[MOVE_SUB_B] [19:13:44] FIRESTORM_GATE_BLOCK ABTS setup=move_strike prior_bar_ticks=172 threshold=6000
[MOVE_SUB_B] [19:13:44] FIRESTORM_GATE_BLOCK ABTS setup=move_strike prior_bar_ticks=172 threshold=6000
[MOVE_SUB_B] [19:13:44] FIRESTORM_GATE_BLOCK ABTS setup=move_strike prior_bar_ticks=172 threshold=6000
[MOVE_SUB_B] [19:13:44] FIRESTORM_GATE_BLOCK ABTS setup=move_strike prior_bar_ticks=172 threshold=6000
[MOVE_SUB_B] [19:13:44] FIRESTORM_GATE_BLOCK ABTS setup=move_strike prior_bar_ticks=172 threshold=6000
[MOVE_SUB_B] [19:13:44] FIRESTORM_GATE_BLOCK ABTS setup=move_strike prior_bar_ticks=172 threshold=6000
[MOVE_SUB_B] [19:13:44] FIRESTORM_GATE_BLOCK ABTS setup=move_strike prior_bar_ticks=172 threshold=6000
[MOVE_SUB_B] [19:13:44] FIRESTORM_GATE_BLOCK ABTS setup=move_strike prior_bar_ticks=172 threshold=6000
[MOVE_SUB_B] [19:13:44] FIRESTORM_GATE_BLOCK ABTS setup=move_strike prior_bar_ticks=172 threshold=6000
[MOVE_SUB_B] [19:13:44] FIRESTORM_GATE_BLOCK ABTS setup=move_strike prior_bar_ticks=172 threshold=6000
[MOVE_SUB_B] [19:13:44] FIRESTORM_GATE_BLOCK ABTS setup=move_strike prior_bar_ticks=172 threshold=6000
[MOVE_SUB_B] [19:13:44] FIRESTORM_GATE_BLOCK ABTS setup=move_strike prior_bar_ticks=172 threshold=6000
[MOVE_SUB_B] [19:13:44] FIRESTORM_GATE_BLOCK ABTS setup=move_strike prior_bar_ticks=172 threshold=6000
[MOVE_SUB_B] [19:13:44] FIRESTORM_GATE_BLOCK ABTS setup=move_strike prior_bar_ticks=172 threshold=6000
[MOVE_SUB_B] [19:13:44] FIRESTORM_GATE_BLOCK ABTS setup=move_strike prior_bar_ticks=172 threshold=6000
[MOVE_SUB_B] [19:13:44] FIRESTORM_GATE_BLOCK ABTS setup=move_strike prior_bar_ticks=172 threshold=6000
[MOVE_SUB_B] [19:13:44] FIRESTORM_GATE_BLOCK ABTS setup=move_strike prior_bar_ticks=172 threshold=6000
[MOVE_SUB_B] [19:13:44] FIRESTORM_GATE_BLOCK ABTS setup=move_strike prior_bar_ticks=172 threshold=6000
[MOVE_SUB_B] [19:13:44] FIRESTORM_GATE_BLOCK ABTS setup=move_strike prior_bar_ticks=172 threshold=6000
[MOVE_SUB_B] [19:13:44] FIRESTORM_GATE_BLOCK ABTS setup=move_strike prior_bar_ticks=172 threshold=6000
[MOVE_SUB_B] [19:13:44] FIRESTORM_GATE_BLOCK ABTS setup=move_strike prior_bar_ticks=172 threshold=6000
[MOVE_SUB_B] [19:13:45] FIRESTORM_GATE_BLOCK ABTS setup=move_strike prior_bar_ticks=172 threshold=6000
[MOVE_SUB_B] [19:13:45] FIRESTORM_GATE_BLOCK ABTS setup=move_strike prior_bar_ticks=172 threshold=6000
[MOVE_SUB_B] [19:13:45] FIRESTORM_GATE_BLOCK ABTS setup=move_strike prior_bar_ticks=172 threshold=6000
[MOVE_SUB_B] [19:13:45] FIRESTORM_GATE_BLOCK ABTS setup=move_strike prior_bar_ticks=172 threshold=6000
[MOVE_SUB_B] [19:13:45] FIRESTORM_GATE_BLOCK ABTS setup=move_strike prior_bar_ticks=172 threshold=6000
[MOVE_SUB_B] [19:13:45] FIRESTORM_GATE_BLOCK ABTS setup=move_strike prior_bar_ticks=172 threshold=6000
[MOVE_SUB_B] [19:13:45] FIRESTORM_GATE_BLOCK ABTS setup=move_strike prior_bar_ticks=172 threshold=6000
[MOVE_SUB_B] [19:13:45] FIRESTORM_GATE_BLOCK ABTS setup=move_strike prior_bar_ticks=172 threshold=6000
[MOVE_SUB_B] [19:13:45] FIRESTORM_GATE_BLOCK ABTS setup=move_strike prior_bar_ticks=172 threshold=6000
[MOVE_SUB_B] [19:13:45] FIRESTORM_GATE_BLOCK ABTS setup=move_strike prior_bar_ticks=172 threshold=6000
[MOVE_SUB_B] [19:13:45] FIRESTORM_GATE_BLOCK ABTS setup=move_strike prior_bar_ticks=172 threshold=6000
[MOVE_SUB_B] [19:13:45] FIRESTORM_GATE_BLOCK ABTS setup=move_strike prior_bar_ticks=172 threshold=6000
[MOVE_SUB_B] [19:13:45] FIRESTORM_GATE_BLOCK ABTS setup=move_strike prior_bar_ticks=172 threshold=6000
[MOVE_SUB_B] [19:13:45] FIRESTORM_GATE_BLOCK ABTS setup=move_strike prior_bar_ticks=172 threshold=6000
[MOVE_SUB_B] [19:13:45] FIRESTORM_GATE_BLOCK ABTS setup=move_strike prior_bar_ticks=172 threshold=6000
[MOVE_SUB_B] [19:13:45] FIRESTORM_GATE_BLOCK ABTS setup=move_strike prior_bar_ticks=172 threshold=6000
[MOVE_SUB_B] [19:13:45] FIRESTORM_GATE_BLOCK ABTS setup=move_strike prior_bar_ticks=172 threshold=6000
[MOVE_SUB_B] [19:13:45] FIRESTORM_GATE_BLOCK ABTS setup=move_strike prior_bar_ticks=172 threshold=6000
[MOVE_SUB_B] [19:13:45] FIRESTORM_GATE_BLOCK ABTS setup=move_strike prior_bar_ticks=172 threshold=6000
[MOVE_SUB_B] [19:13:45] FIRESTORM_GATE_BLOCK ABTS setup=move_strike prior_bar_ticks=172 threshold=6000
[MOVE_SUB_B] [19:13:45] FIRESTORM_GATE_BLOCK ABTS setup=move_strike prior_bar_ticks=172 threshold=6000
[MOVE_SUB_B] [19:13:45] FIRESTORM_GATE_BLOCK ABTS setup=move_strike prior_bar_ticks=172 threshold=6000
[MOVE_SUB_B] [19:13:45] FIRESTORM_GATE_BLOCK ABTS setup=move_strike prior_bar_ticks=172 threshold=6000
[MOVE_SUB_B] [19:13:45] FIRESTORM_GATE_BLOCK ABTS setup=move_strike prior_bar_ticks=172 threshold=6000
[MOVE_SUB_B] [19:13:45] FIRESTORM_GATE_BLOCK ABTS setup=move_strike prior_bar_ticks=172 threshold=6000
[MOVE_SUB_B] [19:13:45] FIRESTORM_GATE_BLOCK ABTS setup=move_strike prior_bar_ticks=172 threshold=6000
[MOVE_SUB_B] [19:13:45] FIRESTORM_GATE_BLOCK ABTS setup=move_strike prior_bar_ticks=172 threshold=6000
[MOVE_SUB_B] [19:13:45] FIRESTORM_GATE_BLOCK ABTS setup=move_strike prior_bar_ticks=172 threshold=6000
[MOVE_SUB_B] [19:13:45] FIRESTORM_GATE_BLOCK ABTS setup=move_strike prior_bar_ticks=172 threshold=6000
[MOVE_SUB_B] [19:13:46] FIRESTORM_GATE_BLOCK ABTS setup=move_strike prior_bar_ticks=172 threshold=6000
[MOVE_SUB_B] [19:13:46] FIRESTORM_GATE_BLOCK ABTS setup=move_strike prior_bar_ticks=172 threshold=6000
[MOVE_SUB_B] [19:13:46] FIRESTORM_GATE_BLOCK ABTS setup=move_strike prior_bar_ticks=172 threshold=6000
[MOVE_SUB_B] [19:13:46] FIRESTORM_GATE_BLOCK ABTS setup=move_strike prior_bar_ticks=172 threshold=6000
[MOVE_SUB_B] [19:13:46] FIRESTORM_GATE_BLOCK ABTS setup=move_strike prior_bar_ticks=172 threshold=6000
[MOVE_SUB_B] [19:13:46] FIRESTORM_GATE_BLOCK ABTS setup=move_strike prior_bar_ticks=172 threshold=6000
[MOVE_SUB_B] [19:13:46] FIRESTORM_GATE_BLOCK ABTS setup=move_strike prior_bar_ticks=172 threshold=6000
[MOVE_SUB_B] [19:13:46] FIRESTORM_GATE_BLOCK ABTS setup=move_strike prior_bar_ticks=172 threshold=6000
[MOVE_SUB_B] [19:13:46] FIRESTORM_GATE_BLOCK ABTS setup=move_strike prior_bar_ticks=172 threshold=6000
[MOVE_SUB_B] [19:13:46] FIRESTORM_GATE_BLOCK ABTS setup=move_strike prior_bar_ticks=172 threshold=6000
[MOVE_SUB_B] [19:13:46] FIRESTORM_GATE_BLOCK ABTS setup=move_strike prior_bar_ticks=172 threshold=6000
[MOVE_SUB_B] [19:13:46] FIRESTORM_GATE_BLOCK ABTS setup=move_strike prior_bar_ticks=172 threshold=6000
[MOVE_SUB_B] [19:13:46] FIRESTORM_GATE_BLOCK ABTS setup=move_strike prior_bar_ticks=172 threshold=6000
[MOVE_SUB_B] [19:13:46] FIRESTORM_GATE_BLOCK ABTS setup=move_strike prior_bar_ticks=172 threshold=6000
[MOVE_SUB_B] [19:13:46] FIRESTORM_GATE_BLOCK ABTS setup=move_strike prior_bar_ticks=172 threshold=6000
[MOVE_SUB_B] [19:13:46] FIRESTORM_GATE_BLOCK ABTS setup=move_strike prior_bar_ticks=172 threshold=6000
[MOVE_SUB_B] [19:13:46] FIRESTORM_GATE_BLOCK ABTS setup=move_strike prior_bar_ticks=172 threshold=6000
[MOVE_SUB_B] [19:13:46] FIRESTORM_GATE_BLOCK ABTS setup=move_strike prior_bar_ticks=172 threshold=6000
[MOVE_SUB_B] [19:13:46] FIRESTORM_GATE_BLOCK ABTS setup=move_strike prior_bar_ticks=172 threshold=6000
[MOVE_SUB_B] [19:13:46] FIRESTORM_GATE_BLOCK ABTS setup=move_strike prior_bar_ticks=172 threshold=6000
[MOVE_SUB_B] [19:13:46] FIRESTORM_GATE_BLOCK ABTS setup=move_strike prior_bar_ticks=172 threshold=6000
[MOVE_SUB_B] [19:13:46] FIRESTORM_GATE_BLOCK ABTS setup=move_strike prior_bar_ticks=172 threshold=6000
[MOVE_SUB_B] [19:13:46] FIRESTORM_GATE_BLOCK ABTS setup=move_strike prior_bar_ticks=172 threshold=6000
[MOVE_SUB_B] [19:13:47] FIRESTORM_GATE_BLOCK ABTS setup=move_strike prior_bar_ticks=172 threshold=6000
[MOVE_SUB_B] [19:13:47] FIRESTORM_GATE_BLOCK ABTS setup=move_strike prior_bar_ticks=172 threshold=6000
[MOVE_SUB_B] [19:13:47] FIRESTORM_GATE_BLOCK ABTS setup=move_strike prior_bar_ticks=172 threshold=6000
[MOVE_SUB_B] [19:13:47] FIRESTORM_GATE_BLOCK ABTS setup=move_strike prior_bar_ticks=172 threshold=6000
[MOVE_SUB_B] [19:13:47] FIRESTORM_GATE_BLOCK ABTS setup=move_strike prior_bar_ticks=172 threshold=6000
[MOVE_SUB_B] [19:13:47] FIRESTORM_GATE_BLOCK ABTS setup=move_strike prior_bar_ticks=172 threshold=6000
[MOVE_SUB_B] [19:13:47] FIRESTORM_GATE_BLOCK ABTS setup=move_strike prior_bar_ticks=172 threshold=6000
[MOVE_SUB_B] [19:13:47] FIRESTORM_GATE_BLOCK ABTS setup=move_strike prior_bar_ticks=172 threshold=6000
[MOVE_SUB_B] [19:13:47] FIRESTORM_GATE_BLOCK ABTS setup=move_strike prior_bar_ticks=172 threshold=6000
[MOVE_SUB_B] [19:13:47] FIRESTORM_GATE_BLOCK ABTS setup=move_strike prior_bar_ticks=172 threshold=6000
[MOVE_SUB_B] [19:13:47] FIRESTORM_GATE_BLOCK ABTS setup=move_strike prior_bar_ticks=172 threshold=6000
[MOVE_SUB_B] [19:13:47] FIRESTORM_GATE_BLOCK ABTS setup=move_strike prior_bar_ticks=172 threshold=6000
[MOVE_SUB_B] [19:13:47] FIRESTORM_GATE_BLOCK ABTS setup=move_strike prior_bar_ticks=172 threshold=6000
[MOVE_SUB_B] [19:13:47] FIRESTORM_GATE_BLOCK ABTS setup=move_strike prior_bar_ticks=172 threshold=6000
[MOVE_SUB_B] [19:13:47] FIRESTORM_GATE_BLOCK ABTS setup=move_strike prior_bar_ticks=172 threshold=6000
[MOVE_SUB_B] [19:13:47] FIRESTORM_GATE_BLOCK ABTS setup=move_strike prior_bar_ticks=172 threshold=6000
[MOVE_SUB_B] [19:13:47] FIRESTORM_GATE_BLOCK ABTS setup=move_strike prior_bar_ticks=172 threshold=6000
[MOVE_SUB_B] [19:13:47] FIRESTORM_GATE_BLOCK ABTS setup=move_strike prior_bar_ticks=172 threshold=6000
[MOVE_SUB_B] [19:13:47] FIRESTORM_GATE_BLOCK ABTS setup=move_strike prior_bar_ticks=172 threshold=6000
[MOVE_SUB_B] [19:13:47] FIRESTORM_GATE_BLOCK ABTS setup=move_strike prior_bar_ticks=172 threshold=6000
[MOVE_SUB_B] [19:13:47] FIRESTORM_GATE_BLOCK ABTS setup=move_strike prior_bar_ticks=172 threshold=6000
[MOVE_SUB_B] [19:13:47] FIRESTORM_GATE_BLOCK ABTS setup=move_strike prior_bar_ticks=172 threshold=6000
[MOVE_SUB_B] [19:13:47] FIRESTORM_GATE_BLOCK ABTS setup=move_strike prior_bar_ticks=172 threshold=6000
[MOVE_SUB_B] [19:13:47] FIRESTORM_GATE_BLOCK ABTS setup=move_strike prior_bar_ticks=172 threshold=6000
[MOVE_SUB_B] [19:13:47] FIRESTORM_GATE_BLOCK ABTS setup=move_strike prior_bar_ticks=172 threshold=6000
[MOVE_SUB_B] [19:13:47] FIRESTORM_GATE_BLOCK ABTS setup=move_strike prior_bar_ticks=172 threshold=6000
[MOVE_SUB_B] [19:13:47] FIRESTORM_GATE_BLOCK ABTS setup=move_strike prior_bar_ticks=172 threshold=6000
[MOVE_SUB_B] [19:13:47] FIRESTORM_GATE_BLOCK ABTS setup=move_strike prior_bar_ticks=172 threshold=6000
[MOVE_SUB_B] [19:13:47] FIRESTORM_GATE_BLOCK ABTS setup=move_strike prior_bar_ticks=172 threshold=6000
[MOVE_SUB_B] [19:13:47] FIRESTORM_GATE_BLOCK ABTS setup=move_strike prior_bar_ticks=172 threshold=6000
[MOVE_SUB_B] [19:13:47] FIRESTORM_GATE_BLOCK ABTS setup=move_strike prior_bar_ticks=172 threshold=6000
[MOVE_SUB_B] [19:13:47] FIRESTORM_GATE_BLOCK ABTS setup=move_strike prior_bar_ticks=172 threshold=6000
[MOVE_SUB_B] [19:13:47] FIRESTORM_GATE_BLOCK ABTS setup=move_strike prior_bar_ticks=172 threshold=6000
[MOVE_SUB_B] [19:13:47] FIRESTORM_GATE_BLOCK ABTS setup=move_strike prior_bar_ticks=172 threshold=6000
[MOVE_SUB_B] [19:13:47] FIRESTORM_GATE_BLOCK ABTS setup=move_strike prior_bar_ticks=172 threshold=6000
[MOVE_SUB_B] [19:13:47] FIRESTORM_GATE_BLOCK ABTS setup=move_strike prior_bar_ticks=172 threshold=6000
[MOVE_SUB_B] [19:13:47] FIRESTORM_GATE_BLOCK ABTS setup=move_strike prior_bar_ticks=172 threshold=6000
[MOVE_SUB_B] [19:13:48] FIRESTORM_GATE_BLOCK ABTS setup=move_strike prior_bar_ticks=172 threshold=6000
[MOVE_SUB_B] [19:13:48] FIRESTORM_GATE_BLOCK ABTS setup=move_strike prior_bar_ticks=172 threshold=6000
[MOVE_SUB_B] [19:13:48] FIRESTORM_GATE_BLOCK ABTS setup=move_strike prior_bar_ticks=172 threshold=6000
[MOVE_SUB_B] [19:13:48] FIRESTORM_GATE_BLOCK ABTS setup=move_strike prior_bar_ticks=172 threshold=6000
[MOVE_SUB_B] [19:13:48] FIRESTORM_GATE_BLOCK ABTS setup=move_strike prior_bar_ticks=172 threshold=6000
[MOVE_SUB_B] [19:13:48] FIRESTORM_GATE_BLOCK ABTS setup=move_strike prior_bar_ticks=172 threshold=6000
[MOVE_SUB_B] [19:13:48] FIRESTORM_GATE_BLOCK ABTS setup=move_strike prior_bar_ticks=172 threshold=6000
[MOVE_SUB_B] [19:13:48] FIRESTORM_GATE_BLOCK ABTS setup=move_strike prior_bar_ticks=172 threshold=6000
[MOVE_SUB_B] [19:13:49] FIRESTORM_GATE_BLOCK ABTS setup=move_strike prior_bar_ticks=172 threshold=6000
[MOVE_SUB_B] [19:13:49] FIRESTORM_GATE_BLOCK ABTS setup=move_strike prior_bar_ticks=172 threshold=6000
[MOVE_SUB_B] [19:13:49] FIRESTORM_GATE_BLOCK ABTS setup=move_strike prior_bar_ticks=172 threshold=6000
[MOVE_SUB_B] [19:13:49] FIRESTORM_GATE_BLOCK ABTS setup=move_strike prior_bar_ticks=172 threshold=6000
[MOVE_SUB_B] [19:13:50] FIRESTORM_GATE_BLOCK ABTS setup=move_strike prior_bar_ticks=172 threshold=6000
[MOVE_SUB_B] [19:13:50] FIRESTORM_GATE_BLOCK ABTS setup=move_strike prior_bar_ticks=172 threshold=6000
[MOVE_SUB_B] [19:13:50] FIRESTORM_GATE_BLOCK ABTS setup=move_strike prior_bar_ticks=172 threshold=6000
[MOVE_SUB_B] [19:13:50] FIRESTORM_GATE_BLOCK ABTS setup=move_strike prior_bar_ticks=172 threshold=6000
[MOVE_SUB_B] [19:13:50] FIRESTORM_GATE_BLOCK ABTS setup=move_strike prior_bar_ticks=172 threshold=6000
[MOVE_SUB_B] [19:13:50] FIRESTORM_GATE_BLOCK ABTS setup=move_strike prior_bar_ticks=172 threshold=6000
[MOVE_SUB_B] [19:13:50] FIRESTORM_GATE_BLOCK ABTS setup=move_strike prior_bar_ticks=172 threshold=6000
[MOVE_SUB_B] [19:13:50] FIRESTORM_GATE_BLOCK ABTS setup=move_strike prior_bar_ticks=172 threshold=6000
[MOVE_SUB_B] [19:13:50] FIRESTORM_GATE_BLOCK ABTS setup=move_strike prior_bar_ticks=172 threshold=6000
[MOVE_SUB_B] [19:13:50] FIRESTORM_GATE_BLOCK ABTS setup=move_strike prior_bar_ticks=172 threshold=6000
[MOVE_SUB_B] [19:13:50] FIRESTORM_GATE_BLOCK ABTS setup=move_strike prior_bar_ticks=172 threshold=6000
[MOVE_SUB_B] [19:13:50] FIRESTORM_GATE_BLOCK ABTS setup=move_strike prior_bar_ticks=172 threshold=6000
[MOVE_SUB_B] [19:13:50] FIRESTORM_GATE_BLOCK ABTS setup=move_strike prior_bar_ticks=172 threshold=6000
[MOVE_SUB_B] [19:13:50] FIRESTORM_GATE_BLOCK ABTS setup=move_strike prior_bar_ticks=172 threshold=6000
[MOVE_SUB_B] [19:13:50] FIRESTORM_GATE_BLOCK ABTS setup=move_strike prior_bar_ticks=172 threshold=6000
[MOVE_SUB_B] [19:13:50] FIRESTORM_GATE_BLOCK ABTS setup=move_strike prior_bar_ticks=172 threshold=6000
[MOVE_SUB_B] [19:13:50] FIRESTORM_GATE_BLOCK ABTS setup=move_strike prior_bar_ticks=172 threshold=6000
[MOVE_SUB_B] [19:13:50] FIRESTORM_GATE_BLOCK ABTS setup=move_strike prior_bar_ticks=172 threshold=6000
[MOVE_SUB_B] [19:13:50] FIRESTORM_GATE_BLOCK ABTS setup=move_strike prior_bar_ticks=172 threshold=6000
[MOVE_SUB_B] [19:13:50] FIRESTORM_GATE_BLOCK ABTS setup=move_strike prior_bar_ticks=172 threshold=6000
[MOVE_SUB_B] [19:13:50] FIRESTORM_GATE_BLOCK ABTS setup=move_strike prior_bar_ticks=172 threshold=6000
[MOVE_SUB_B] [19:13:51] FIRESTORM_GATE_BLOCK ABTS setup=move_strike prior_bar_ticks=172 threshold=6000
[MOVE_SUB_B] [19:13:51] FIRESTORM_GATE_BLOCK ABTS setup=move_strike prior_bar_ticks=172 threshold=6000
[MOVE_SUB_B] [19:13:51] FIRESTORM_GATE_BLOCK ABTS setup=move_strike prior_bar_ticks=172 threshold=6000
[MOVE_SUB_B] [19:13:51] FIRESTORM_GATE_BLOCK ABTS setup=move_strike prior_bar_ticks=172 threshold=6000
[MOVE_SUB_B] [19:13:51] FIRESTORM_GATE_BLOCK ABTS setup=move_strike prior_bar_ticks=172 threshold=6000
[MOVE_SUB_B] [19:13:51] FIRESTORM_GATE_BLOCK ABTS setup=move_strike prior_bar_ticks=172 threshold=6000
[MOVE_SUB_B] [19:13:51] FIRESTORM_GATE_BLOCK ABTS setup=move_strike prior_bar_ticks=172 threshold=6000
[MOVE_SUB_B] [19:13:51] FIRESTORM_GATE_BLOCK ABTS setup=move_strike prior_bar_ticks=172 threshold=6000
[MOVE_SUB_B] [19:13:51] FIRESTORM_GATE_BLOCK ABTS setup=move_strike prior_bar_ticks=172 threshold=6000
[MOVE_SUB_B] [19:13:51] FIRESTORM_GATE_BLOCK ABTS setup=move_strike prior_bar_ticks=172 threshold=6000
[MOVE_SUB_B] [19:13:51] FIRESTORM_GATE_BLOCK ABTS setup=move_strike prior_bar_ticks=172 threshold=6000
[MOVE_SUB_B] [19:13:51] FIRESTORM_GATE_BLOCK ABTS setup=move_strike prior_bar_ticks=172 threshold=6000
[MOVE_SUB_B] [19:13:51] FIRESTORM_GATE_BLOCK ABTS setup=move_strike prior_bar_ticks=172 threshold=6000
[MOVE_SUB_B] [19:13:51] FIRESTORM_GATE_BLOCK ABTS setup=move_strike prior_bar_ticks=172 threshold=6000
[MOVE_SUB_B] [19:13:52] FIRESTORM_GATE_BLOCK ABTS setup=move_strike prior_bar_ticks=172 threshold=6000
[MOVE_SUB_B] [19:13:52] FIRESTORM_GATE_BLOCK ABTS setup=move_strike prior_bar_ticks=172 threshold=6000
[MOVE_SUB_B] [19:13:52] FIRESTORM_GATE_BLOCK ABTS setup=move_strike prior_bar_ticks=172 threshold=6000
[MOVE_SUB_B] [19:13:52] FIRESTORM_GATE_BLOCK ABTS setup=move_strike prior_bar_ticks=172 threshold=6000
[MOVE_SUB_B] [19:13:52] FIRESTORM_GATE_BLOCK ABTS setup=move_strike prior_bar_ticks=172 threshold=6000
[MOVE_SUB_B] [19:13:52] FIRESTORM_GATE_BLOCK ABTS setup=move_strike prior_bar_ticks=172 threshold=6000
[MOVE_SUB_B] [19:13:52] FIRESTORM_GATE_BLOCK ABTS setup=move_strike prior_bar_ticks=172 threshold=6000
[MOVE_SUB_B] [19:13:52] FIRESTORM_GATE_BLOCK ABTS setup=move_strike prior_bar_ticks=172 threshold=6000
[MOVE_SUB_B] [19:13:52] FIRESTORM_GATE_BLOCK ABTS setup=move_strike prior_bar_ticks=172 threshold=6000
[MOVE_SUB_B] [19:13:52] FIRESTORM_GATE_BLOCK ABTS setup=move_strike prior_bar_ticks=172 threshold=6000
[MOVE_SUB_B] [19:13:52] FIRESTORM_GATE_BLOCK ABTS setup=move_strike prior_bar_ticks=172 threshold=6000
[MOVE_SUB_B] [19:13:52] FIRESTORM_GATE_BLOCK ABTS setup=move_strike prior_bar_ticks=172 threshold=6000
[MOVE_SUB_B] [19:13:52] FIRESTORM_GATE_BLOCK ABTS setup=move_strike prior_bar_ticks=172 threshold=6000
[MOVE_SUB_B] [19:13:52] FIRESTORM_GATE_BLOCK ABTS setup=move_strike prior_bar_ticks=172 threshold=6000
[MOVE_SUB_B] [19:13:52] FIRESTORM_GATE_BLOCK ABTS setup=move_strike prior_bar_ticks=172 threshold=6000
[MOVE_SUB_B] [19:13:52] FIRESTORM_GATE_BLOCK ABTS setup=move_strike prior_bar_ticks=172 threshold=6000
[MOVE_SUB_B] [19:13:52] FIRESTORM_GATE_BLOCK ABTS setup=move_strike prior_bar_ticks=172 threshold=6000
[MOVE_SUB_B] [19:13:53] FIRESTORM_GATE_BLOCK ABTS setup=move_strike prior_bar_ticks=172 threshold=6000
[MOVE_SUB_B] [19:13:53] FIRESTORM_GATE_BLOCK ABTS setup=move_strike prior_bar_ticks=172 threshold=6000
[MOVE_SUB_B] [19:13:53] FIRESTORM_GATE_BLOCK ABTS setup=move_strike prior_bar_ticks=172 threshold=6000
[MOVE_SUB_B] [19:13:53] FIRESTORM_GATE_BLOCK ABTS setup=move_strike prior_bar_ticks=172 threshold=6000
[MOVE_SUB_B] [19:13:53] FIRESTORM_GATE_BLOCK ABTS setup=move_strike prior_bar_ticks=172 threshold=6000
[MOVE_SUB_B] [19:13:53] FIRESTORM_GATE_BLOCK ABTS setup=move_strike prior_bar_ticks=172 threshold=6000
[MOVE_SUB_B] [19:13:53] FIRESTORM_GATE_BLOCK ABTS setup=move_strike prior_bar_ticks=172 threshold=6000
[MOVE_SUB_B] [19:13:53] FIRESTORM_GATE_BLOCK ABTS setup=move_strike prior_bar_ticks=172 threshold=6000
[MOVE_SUB_B] [19:13:53] FIRESTORM_GATE_BLOCK ABTS setup=move_strike prior_bar_ticks=172 threshold=6000
[MOVE_SUB_B] [19:13:53] FIRESTORM_GATE_BLOCK ABTS setup=move_strike prior_bar_ticks=172 threshold=6000
[MOVE_SUB_B] [19:13:53] FIRESTORM_GATE_BLOCK ABTS setup=move_strike prior_bar_ticks=172 threshold=6000
[MOVE_SUB_B] [19:13:53] FIRESTORM_GATE_BLOCK ABTS setup=move_strike prior_bar_ticks=172 threshold=6000
[MOVE_SUB_B] [19:13:53] FIRESTORM_GATE_BLOCK ABTS setup=move_strike prior_bar_ticks=172 threshold=6000
[MOVE_SUB_B] [19:13:54] FIRESTORM_GATE_BLOCK ABTS setup=move_strike prior_bar_ticks=172 threshold=6000
[MOVE_SUB_B] [19:13:54] FIRESTORM_GATE_BLOCK ABTS setup=move_strike prior_bar_ticks=172 threshold=6000
[MOVE_SUB_B] [19:13:55] FIRESTORM_GATE_BLOCK ABTS setup=move_strike prior_bar_ticks=172 threshold=6000
[MOVE_SUB_B] [19:13:55] FIRESTORM_GATE_BLOCK ABTS setup=move_strike prior_bar_ticks=172 threshold=6000
[MOVE_SUB_B] [19:13:55] FIRESTORM_GATE_BLOCK ABTS setup=move_strike prior_bar_ticks=172 threshold=6000
[MOVE_SUB_B] [19:13:55] FIRESTORM_GATE_BLOCK ABTS setup=move_strike prior_bar_ticks=172 threshold=6000
[MOVE_SUB_B] [19:13:55] FIRESTORM_GATE_BLOCK ABTS setup=move_strike prior_bar_ticks=172 threshold=6000
[MOVE_SUB_B] [19:13:55] FIRESTORM_GATE_BLOCK ABTS setup=move_strike prior_bar_ticks=172 threshold=6000
[MOVE_SUB_B] [19:13:55] FIRESTORM_GATE_BLOCK ABTS setup=move_strike prior_bar_ticks=172 threshold=6000
[MOVE_SUB_B] [19:13:55] FIRESTORM_GATE_BLOCK ABTS setup=move_strike prior_bar_ticks=172 threshold=6000
[MOVE_SUB_B] [19:13:55] FIRESTORM_GATE_BLOCK ABTS setup=move_strike prior_bar_ticks=172 threshold=6000
[MOVE_SUB_B] [19:13:55] FIRESTORM_GATE_BLOCK ABTS setup=move_strike prior_bar_ticks=172 threshold=6000
[MOVE_SUB_B] [19:13:55] FIRESTORM_GATE_BLOCK ABTS setup=move_strike prior_bar_ticks=172 threshold=6000
[MOVE_SUB_B] [19:13:55] FIRESTORM_GATE_BLOCK ABTS setup=move_strike prior_bar_ticks=172 threshold=6000
[MOVE_SUB_B] [19:13:55] FIRESTORM_GATE_BLOCK ABTS setup=move_strike prior_bar_ticks=172 threshold=6000
[MOVE_SUB_B] [19:13:55] FIRESTORM_GATE_BLOCK ABTS setup=move_strike prior_bar_ticks=172 threshold=6000
[MOVE_SUB_B] [19:13:55] FIRESTORM_GATE_BLOCK ABTS setup=move_strike prior_bar_ticks=172 threshold=6000
[MOVE_SUB_B] [19:13:55] FIRESTORM_GATE_BLOCK ABTS setup=move_strike prior_bar_ticks=172 threshold=6000
[MOVE_SUB_B] [19:13:55] FIRESTORM_GATE_BLOCK ABTS setup=move_strike prior_bar_ticks=172 threshold=6000
[MOVE_SUB_B] [19:13:55] FIRESTORM_GATE_BLOCK ABTS setup=move_strike prior_bar_ticks=172 threshold=6000
[MOVE_SUB_B] [19:13:55] FIRESTORM_GATE_BLOCK ABTS setup=move_strike prior_bar_ticks=172 threshold=6000
[MOVE_SUB_B] [19:13:55] FIRESTORM_GATE_BLOCK ABTS setup=move_strike prior_bar_ticks=172 threshold=6000
[MOVE_SUB_B] [19:13:55] FIRESTORM_GATE_BLOCK ABTS setup=move_strike prior_bar_ticks=172 threshold=6000
[MOVE_SUB_B] [19:13:55] FIRESTORM_GATE_BLOCK ABTS setup=move_strike prior_bar_ticks=172 threshold=6000
[MOVE_SUB_B] [19:13:55] FIRESTORM_GATE_BLOCK ABTS setup=move_strike prior_bar_ticks=172 threshold=6000
[MOVE_SUB_B] [19:13:56] FIRESTORM_GATE_BLOCK ABTS setup=move_strike prior_bar_ticks=172 threshold=6000
[MOVE_SUB_B] [19:13:56] FIRESTORM_GATE_BLOCK ABTS setup=move_strike prior_bar_ticks=172 threshold=6000
[MOVE_SUB_B] [19:13:56] FIRESTORM_GATE_BLOCK ABTS setup=move_strike prior_bar_ticks=172 threshold=6000
[MOVE_SUB_B] [19:13:56] FIRESTORM_GATE_BLOCK ABTS setup=move_strike prior_bar_ticks=172 threshold=6000
[MOVE_SUB_B] [19:13:56] FIRESTORM_GATE_BLOCK ABTS setup=move_strike prior_bar_ticks=172 threshold=6000
[MOVE_SUB_B] [19:13:56] FIRESTORM_GATE_BLOCK ABTS setup=move_strike prior_bar_ticks=172 threshold=6000
[MOVE_SUB_B] [19:13:56] FIRESTORM_GATE_BLOCK ABTS setup=move_strike prior_bar_ticks=172 threshold=6000
[MOVE_SUB_B] [19:13:56] FIRESTORM_GATE_BLOCK ABTS setup=move_strike prior_bar_ticks=172 threshold=6000
[MOVE_SUB_B] [19:13:56] FIRESTORM_GATE_BLOCK ABTS setup=move_strike prior_bar_ticks=172 threshold=6000
[MOVE_SUB_B] [19:13:56] FIRESTORM_GATE_BLOCK ABTS setup=move_strike prior_bar_ticks=172 threshold=6000
[MOVE_SUB_B] [19:13:56] FIRESTORM_GATE_BLOCK ABTS setup=move_strike prior_bar_ticks=172 threshold=6000
[MOVE_SUB_B] [19:13:56] FIRESTORM_GATE_BLOCK ABTS setup=move_strike prior_bar_ticks=172 threshold=6000
[MOVE_SUB_B] [19:13:56] FIRESTORM_GATE_BLOCK ABTS setup=move_strike prior_bar_ticks=172 threshold=6000
[MOVE_SUB_B] [19:13:56] FIRESTORM_GATE_BLOCK ABTS setup=move_strike prior_bar_ticks=172 threshold=6000
[MOVE_SUB_B] [19:13:56] FIRESTORM_GATE_BLOCK ABTS setup=move_strike prior_bar_ticks=172 threshold=6000
[MOVE_SUB_B] [19:13:56] FIRESTORM_GATE_BLOCK ABTS setup=move_strike prior_bar_ticks=172 threshold=6000
[MOVE_SUB_B] [19:13:56] FIRESTORM_GATE_BLOCK ABTS setup=move_strike prior_bar_ticks=172 threshold=6000
[MOVE_SUB_B] [19:13:56] FIRESTORM_GATE_BLOCK ABTS setup=move_strike prior_bar_ticks=172 threshold=6000
[MOVE_SUB_B] [19:13:56] FIRESTORM_GATE_BLOCK ABTS setup=move_strike prior_bar_ticks=172 threshold=6000
[MOVE_SUB_B] [19:13:56] FIRESTORM_GATE_BLOCK ABTS setup=move_strike prior_bar_ticks=172 threshold=6000
[MOVE_SUB_B] [19:13:57] FIRESTORM_GATE_BLOCK ABTS setup=move_strike prior_bar_ticks=172 threshold=6000
[MOVE_SUB_B] [19:13:57] FIRESTORM_GATE_BLOCK ABTS setup=move_strike prior_bar_ticks=172 threshold=6000
[MOVE_SUB_B] [19:13:57] FIRESTORM_GATE_BLOCK ABTS setup=move_strike prior_bar_ticks=172 threshold=6000
[MOVE_SUB_B] [19:13:58] FIRESTORM_GATE_BLOCK ABTS setup=move_strike prior_bar_ticks=172 threshold=6000
[MOVE_SUB_B] [19:13:58] FIRESTORM_GATE_BLOCK ABTS setup=move_strike prior_bar_ticks=172 threshold=6000
[MOVE_SUB_B] [19:13:58] FIRESTORM_GATE_BLOCK ABTS setup=move_strike prior_bar_ticks=172 threshold=6000
[MOVE_SUB_B] [19:13:58] FIRESTORM_GATE_BLOCK ABTS setup=move_strike prior_bar_ticks=172 threshold=6000
[MOVE_SUB_B] [19:13:58] FIRESTORM_GATE_BLOCK ABTS setup=move_strike prior_bar_ticks=172 threshold=6000
[MOVE_SUB_B] [19:13:58] FIRESTORM_GATE_BLOCK ABTS setup=move_strike prior_bar_ticks=172 threshold=6000
[MOVE_SUB_B] [19:13:58] FIRESTORM_GATE_BLOCK ABTS setup=move_strike prior_bar_ticks=172 threshold=6000
[MOVE_SUB_B] [19:13:58] FIRESTORM_GATE_BLOCK ABTS setup=move_strike prior_bar_ticks=172 threshold=6000
[MOVE_SUB_B] [19:13:58] FIRESTORM_GATE_BLOCK ABTS setup=move_strike prior_bar_ticks=172 threshold=6000
[MOVE_SUB_B] [19:13:58] FIRESTORM_GATE_BLOCK ABTS setup=move_strike prior_bar_ticks=172 threshold=6000
[MOVE_SUB_B] [19:13:58] FIRESTORM_GATE_BLOCK ABTS setup=move_strike prior_bar_ticks=172 threshold=6000
[MOVE_SUB_B] [19:13:58] FIRESTORM_GATE_BLOCK ABTS setup=move_strike prior_bar_ticks=172 threshold=6000
[MOVE_SUB_B] [19:13:58] FIRESTORM_GATE_BLOCK ABTS setup=move_strike prior_bar_ticks=172 threshold=6000
[MOVE_SUB_B] [19:13:58] FIRESTORM_GATE_BLOCK ABTS setup=move_strike prior_bar_ticks=172 threshold=6000
[MOVE_SUB_B] [19:13:58] FIRESTORM_GATE_BLOCK ABTS setup=move_strike prior_bar_ticks=172 threshold=6000
[MOVE_SUB_B] [19:13:58] FIRESTORM_GATE_BLOCK ABTS setup=move_strike prior_bar_ticks=172 threshold=6000
[MOVE_SUB_B] [19:13:58] FIRESTORM_GATE_BLOCK ABTS setup=move_strike prior_bar_ticks=172 threshold=6000
[MOVE_SUB_B] [19:13:58] FIRESTORM_GATE_BLOCK ABTS setup=move_strike prior_bar_ticks=172 threshold=6000
[MOVE_SUB_B] [19:13:58] FIRESTORM_GATE_BLOCK ABTS setup=move_strike prior_bar_ticks=172 threshold=6000
[MOVE_SUB_B] [19:13:59] FIRESTORM_GATE_BLOCK ABTS setup=move_strike prior_bar_ticks=172 threshold=6000
[MOVE_SUB_B] [19:13:59] FIRESTORM_GATE_BLOCK ABTS setup=move_strike prior_bar_ticks=172 threshold=6000
[MOVE_SUB_B] [19:13:59] FIRESTORM_GATE_BLOCK ABTS setup=move_strike prior_bar_ticks=172 threshold=6000
[MOVE_SUB_B] [19:13:59] FIRESTORM_GATE_BLOCK ABTS setup=move_strike prior_bar_ticks=172 threshold=6000
[MOVE_SUB_B] [19:14:00] FIRESTORM_GATE_BLOCK ABTS setup=regime_shift prior_bar_ticks=523 threshold=6000
[MOVE_SUB_B] [19:14:44] STATS ticks=530620 symbols=86 pos=no daily_pnl=+0 drops=0
[MOVE_SUB_B] [19:15:44] STATS ticks=531332 symbols=86 pos=no daily_pnl=+0 drops=0
[MOVE_SUB_B] [19:16:44] STATS ticks=532347 symbols=86 pos=no daily_pnl=+0 drops=0
[MOVE_SUB_B] [19:17:45] STATS ticks=533199 symbols=86 pos=no daily_pnl=+0 drops=0
[MOVE_SUB_B] [19:18:45] STATS ticks=534167 symbols=86 pos=no daily_pnl=+0 drops=0
[MOVE_SUB_B] [19:19:45] STATS ticks=534834 symbols=86 pos=no daily_pnl=+0 drops=0
[MOVE_SUB_B] [19:20:45] STATS ticks=535546 symbols=86 pos=no daily_pnl=+0 drops=0
[MOVE_SUB_B] [19:21:46] STATS ticks=535980 symbols=86 pos=no daily_pnl=+0 drops=0
[MOVE_SUB_B] [19:22:46] STATS ticks=536313 symbols=86 pos=no daily_pnl=+0 drops=0
[MOVE_SUB_B] [19:23:46] STATS ticks=536678 symbols=86 pos=no daily_pnl=+0 drops=0
[MOVE_SUB_B] [19:24:47] STATS ticks=537027 symbols=86 pos=no daily_pnl=+0 drops=0
[MOVE_SUB_B] [19:25:47] STATS ticks=537428 symbols=86 pos=no daily_pnl=+0 drops=0
[MOVE_SUB_B] [19:26:47] STATS ticks=537626 symbols=86 pos=no daily_pnl=+0 drops=0
[MOVE_SUB_B] [19:27:47] STATS ticks=537829 symbols=86 pos=no daily_pnl=+0 drops=0
[MOVE_SUB_B] [19:28:49] STATS ticks=538163 symbols=86 pos=no daily_pnl=+0 drops=0
[MOVE_SUB_B] [19:29:49] STATS ticks=538350 symbols=86 pos=no daily_pnl=+0 drops=0
[MOVE_SUB_B] [19:30:49] STATS ticks=538648 symbols=86 pos=no daily_pnl=+0 drops=0
[MOVE_SUB_B] [19:31:50] STATS ticks=538873 symbols=86 pos=no daily_pnl=+0 drops=0
[MOVE_SUB_B] [19:32:52] STATS ticks=539082 symbols=86 pos=no daily_pnl=+0 drops=0
[MOVE_SUB_B] [19:33:55] STATS ticks=539215 symbols=86 pos=no daily_pnl=+0 drops=0
[MOVE_SUB_B] [19:34:55] STATS ticks=539409 symbols=86 pos=no daily_pnl=+0 drops=0
[MOVE_SUB_B] [19:35:56] STATS ticks=539652 symbols=86 pos=no daily_pnl=+0 drops=0
[MOVE_SUB_B] [19:36:56] STATS ticks=539898 symbols=86 pos=no daily_pnl=+0 drops=0
[MOVE_SUB_B] [19:37:57] STATS ticks=540190 symbols=86 pos=no daily_pnl=+0 drops=0
[MOVE_SUB_B] [19:38:58] STATS ticks=540382 symbols=86 pos=no daily_pnl=+0 drops=0
[MOVE_SUB_B] [19:39:58] STATS ticks=540552 symbols=86 pos=no daily_pnl=+0 drops=0
[MOVE_SUB_B] [19:40:59] STATS ticks=540787 symbols=86 pos=no daily_pnl=+0 drops=0
[MOVE_SUB_B] [19:41:59] STATS ticks=540934 symbols=86 pos=no daily_pnl=+0 drops=0
[MOVE_SUB_B] [19:43:00] STATS ticks=541122 symbols=86 pos=no daily_pnl=+0 drops=0
[MOVE_SUB_B] [19:44:00] STATS ticks=541264 symbols=86 pos=no daily_pnl=+0 drops=0
[MOVE_SUB_B] [19:45:01] STATS ticks=541419 symbols=86 pos=no daily_pnl=+0 drops=0
[MOVE_SUB_B] [19:46:01] STATS ticks=541593 symbols=86 pos=no daily_pnl=+0 drops=0
[MOVE_SUB_B] [19:47:01] STATS ticks=541733 symbols=86 pos=no daily_pnl=+0 drops=0
[MOVE_SUB_B] [19:48:01] STATS ticks=541873 symbols=86 pos=no daily_pnl=+0 drops=0
[MOVE_SUB_B] [19:49:04] STATS ticks=542054 symbols=86 pos=no daily_pnl=+0 drops=0
[MOVE_SUB_B] [19:50:05] STATS ticks=542258 symbols=86 pos=no daily_pnl=+0 drops=0
[MOVE_SUB_B] [19:51:06] STATS ticks=542409 symbols=86 pos=no daily_pnl=+0 drops=0
[MOVE_SUB_B] [19:52:07] STATS ticks=542519 symbols=86 pos=no daily_pnl=+0 drops=0
[MOVE_SUB_B] [19:53:07] STATS ticks=542702 symbols=86 pos=no daily_pnl=+0 drops=0
[MOVE_SUB_B] [19:54:08] STATS ticks=542800 symbols=86 pos=no daily_pnl=+0 drops=0
[MOVE_SUB_B] [19:55:09] STATS ticks=542978 symbols=86 pos=no daily_pnl=+0 drops=0
[MOVE_SUB_B] [19:56:09] STATS ticks=543165 symbols=86 pos=no daily_pnl=+0 drops=0
[MOVE_SUB_B] [19:57:09] STATS ticks=543267 symbols=86 pos=no daily_pnl=+0 drops=0
[MOVE_SUB_B] [19:58:10] STATS ticks=543417 symbols=86 pos=no daily_pnl=+0 drops=0
[MOVE_SUB_B] [19:59:10] STATS ticks=543674 symbols=86 pos=no daily_pnl=+0 drops=0
[MOVE_SUB_B] socket closed by peer — reconnecting
[MOVE_SUB_B] engine socket not ready yet (ConnectionRefusedError(61, 'Connection refused')) — retrying every 2s
[MOVE_SUB_B] signal 15 received — stopping
[MOVE_SUB_B] consume loop exited
