05:20:03  Alpaca gapper scanner: price $2.0-$20.0, gap>=5.0%, every 45s until 20:00 ET (IEX feed).
05:20:05  Wrote 7 gappers: ['JEM', 'CUPR', 'SLBT', 'AVXX', 'CRCD', 'FGRU', 'GVH']
05:20:50  Wrote 7 gappers: ['JEM', 'CUPR', 'SLBT', 'AVXX', 'CRCD', 'FGRU', 'GVH']
05:21:36  Wrote 7 gappers: ['JEM', 'CUPR', 'SLBT', 'AVXX', 'CRCD', 'FGRU', 'GVH']
05:22:22  Wrote 7 gappers: ['JEM', 'CUPR', 'SLBT', 'AVXX', 'CRCD', 'FGRU', 'GVH']
05:23:08  Wrote 7 gappers: ['JEM', 'CUPR', 'SLBT', 'AVXX', 'CRCD', 'FGRU', 'GVH']
05:23:54  Wrote 7 gappers: ['JEM', 'CUPR', 'SLBT', 'AVXX', 'CRCD', 'FGRU', 'GVH']
05:24:40  Wrote 7 gappers: ['JEM', 'CUPR', 'SLBT', 'AVXX', 'CRCD', 'FGRU', 'GVH']
05:25:26  Wrote 7 gappers: ['JEM', 'CUPR', 'SLBT', 'AVXX', 'CRCD', 'FGRU', 'GVH']
05:26:12  Wrote 7 gappers: ['JEM', 'CUPR', 'SLBT', 'AVXX', 'CRCD', 'FGRU', 'GVH']
05:26:58  Wrote 7 gappers: ['JEM', 'CUPR', 'SLBT', 'AVXX', 'CRCD', 'FGRU', 'GVH']
05:27:44  Wrote 7 gappers: ['JEM', 'CUPR', 'SLBT', 'AVXX', 'CRCD', 'FGRU', 'GVH']
05:28:30  Wrote 7 gappers: ['JEM', 'CUPR', 'SLBT', 'AVXX', 'CRCD', 'FGRU', 'GVH']
05:29:15  Wrote 7 gappers: ['JEM', 'CUPR', 'SLBT', 'AVXX', 'CRCD', 'FGRU', 'GVH']
05:30:01  Wrote 7 gappers: ['JEM', 'CUPR', 'SLBT', 'AVXX', 'CRCD', 'FGRU', 'GVH']
05:30:47  Wrote 7 gappers: ['JEM', 'CUPR', 'SLBT', 'AVXX', 'CRCD', 'FGRU', 'GVH']
05:31:33  Wrote 7 gappers: ['JEM', 'CUPR', 'SLBT', 'AVXX', 'CRCD', 'FGRU', 'GVH']
05:32:19  Wrote 7 gappers: ['JEM', 'CUPR', 'SLBT', 'AVXX', 'CRCD', 'FGRU', 'GVH']
05:33:05  Wrote 7 gappers: ['JEM', 'CUPR', 'SLBT', 'AVXX', 'CRCD', 'FGRU', 'GVH']
05:33:51  Wrote 7 gappers: ['JEM', 'CUPR', 'SLBT', 'AVXX', 'CRCD', 'FGRU', 'GVH']
05:34:37  Wrote 7 gappers: ['JEM', 'CUPR', 'SLBT', 'AVXX', 'CRCD', 'FGRU', 'GVH']
05:35:23  Wrote 7 gappers: ['JEM', 'CUPR', 'SLBT', 'AVXX', 'CRCD', 'FGRU', 'GVH']
05:36:09  Wrote 7 gappers: ['JEM', 'CUPR', 'SLBT', 'AVXX', 'CRCD', 'FGRU', 'GVH']
05:36:54  Wrote 7 gappers: ['JEM', 'CUPR', 'SLBT', 'AVXX', 'CRCD', 'FGRU', 'GVH']
05:37:40  Wrote 7 gappers: ['JEM', 'CUPR', 'SLBT', 'AVXX', 'CRCD', 'FGRU', 'GVH']
05:38:26  Wrote 7 gappers: ['JEM', 'CUPR', 'SLBT', 'AVXX', 'CRCD', 'FGRU', 'GVH']
05:39:12  Wrote 7 gappers: ['JEM', 'CUPR', 'SLBT', 'AVXX', 'CRCD', 'FGRU', 'GVH']
05:39:58  Wrote 7 gappers: ['JEM', 'CUPR', 'SLBT', 'AVXX', 'CRCD', 'FGRU', 'GVH']
05:40:15  Alpaca gapper scanner: price $2.0-$20.0, gap>=5.0%, every 45s until 20:00 ET (IEX feed).
05:40:16  snapshot chunk failed: 403 Client Error: Forbidden for url: https://data.alpaca.markets/v2/stocks/snapshots?symbols=PFE,BACCR,INTC,ENRD,VZ,AVXX,RKT,AAL,BYND,CELZ,JEM,NVDA,SNDC,SQQQ,TSLL,T,INLF,YOUL,CRCD,TOST,CUPR,SPCX,BIYA,LAZR,AMBA,NVD,OPEN,GRAB,SMCC,YOOV,ONDS,INTZ,SLBT,FGRU,BITO,AMZN,NOK,YHC,IBIT,GVH,UMAL,LIMN,NKE,QXO,ABVX,CMCSA,TQQQ,F,SOXS,SOC,GIBO,LGCL,AAPL,PLUG,BTCT,TZA,EDBL,SMCI,NEOV,MSTU,PATH,BGMS,RIG,JOBY,SNDQ,SPY,SOFI,GPUS&feed=sip
05:40:16  Wrote 0 gappers: []
05:41:02  snapshot chunk failed: 403 Client Error: Forbidden for url: https://data.alpaca.markets/v2/stocks/snapshots?symbols=PFE,BACCR,INTC,ENRD,VZ,AVXX,RKT,AAL,BYND,CELZ,JEM,NVDA,SNDC,SQQQ,TSLL,T,INLF,YOUL,CRCD,TOST,CUPR,SPCX,BIYA,LAZR,AMBA,NVD,OPEN,GRAB,SMCC,YOOV,ONDS,INTZ,SLBT,FGRU,BITO,AMZN,NOK,YHC,IBIT,GVH,UMAL,LIMN,NKE,QXO,ABVX,CMCSA,TQQQ,F,SOXS,SOC,GIBO,LGCL,AAPL,PLUG,BTCT,TZA,EDBL,SMCI,NEOV,MSTU,PATH,BGMS,RIG,JOBY,SNDQ,SPY,SOFI,GPUS&feed=sip
05:41:02  Wrote 0 gappers: []
05:41:47  snapshot chunk failed: 403 Client Error: Forbidden for url: https://data.alpaca.markets/v2/stocks/snapshots?symbols=PFE,BACCR,INTC,ENRD,VZ,AVXX,RKT,AAL,BYND,CELZ,JEM,NVDA,SNDC,SQQQ,TSLL,T,INLF,YOUL,CRCD,TOST,CUPR,SPCX,BIYA,LAZR,AMBA,NVD,OPEN,GRAB,SMCC,YOOV,ONDS,INTZ,SLBT,FGRU,BITO,AMZN,NOK,YHC,IBIT,GVH,UMAL,LIMN,NKE,QXO,ABVX,CMCSA,TQQQ,F,SOXS,SOC,GIBO,LGCL,AAPL,PLUG,BTCT,TZA,EDBL,SMCI,NEOV,MSTU,PATH,BGMS,RIG,JOBY,SNDQ,SPY,SOFI,GPUS&feed=sip
05:41:47  Wrote 0 gappers: []
05:42:33  Wrote 8 gappers: ['JEM', 'AVXX', 'GVH', 'UMAL', 'SLBT', 'CUPR', 'CRCD', 'FGRU']
05:42:58  Alpaca gapper scanner: price $2.0-$20.0, gap>=5.0%, every 45s until 20:00 ET (feed=sip).
05:42:59  Wrote 8 gappers: ['JEM', 'AVXX', 'GVH', 'UMAL', 'SLBT', 'CUPR', 'CRCD', 'FGRU']
05:43:45  Wrote 8 gappers: ['JEM', 'AVXX', 'GVH', 'UMAL', 'SLBT', 'CUPR', 'CRCD', 'FGRU']
05:44:31  Alpaca gapper scanner: price $2.0-$20.0, gap>=5.0%, every 45s until 20:00 ET (feed=sip).
05:44:33  Wrote 8 gappers: ['JEM', 'AVXX', 'GVH', 'UMAL', 'SLBT', 'CUPR', 'CRCD', 'FGRU']
05:45:19  Wrote 8 gappers: ['JEM', 'AVXX', 'GVH', 'UMAL', 'SLBT', 'CUPR', 'CRCD', 'FGRU']
05:46:05  Wrote 8 gappers: ['JEM', 'AVXX', 'GVH', 'UMAL', 'SLBT', 'CUPR', 'CRCD', 'FGRU']
05:46:52  Wrote 8 gappers: ['JEM', 'AVXX', 'GVH', 'UMAL', 'SLBT', 'CUPR', 'CRCD', 'FGRU']
05:47:38  Wrote 8 gappers: ['JEM', 'AVXX', 'GVH', 'UMAL', 'SLBT', 'CUPR', 'CRCD', 'FGRU']
05:48:24  Wrote 8 gappers: ['JEM', 'AVXX', 'GVH', 'UMAL', 'SLBT', 'CUPR', 'CRCD', 'FGRU']
05:49:10  Wrote 8 gappers: ['JEM', 'AVXX', 'GVH', 'UMAL', 'SLBT', 'CUPR', 'CRCD', 'FGRU']
05:49:56  Wrote 8 gappers: ['JEM', 'AVXX', 'GVH', 'UMAL', 'SLBT', 'CUPR', 'CRCD', 'FGRU']
05:50:42  Wrote 8 gappers: ['JEM', 'AVXX', 'GVH', 'UMAL', 'SLBT', 'CUPR', 'CRCD', 'FGRU']
05:51:29  Wrote 8 gappers: ['JEM', 'AVXX', 'GVH', 'UMAL', 'SLBT', 'CUPR', 'CRCD', 'FGRU']
05:52:15  Wrote 8 gappers: ['JEM', 'AVXX', 'GVH', 'UMAL', 'SLBT', 'CUPR', 'CRCD', 'FGRU']
05:53:01  Wrote 8 gappers: ['JEM', 'AVXX', 'GVH', 'UMAL', 'CUPR', 'SLBT', 'CRCD', 'FGRU']
05:53:45  Alpaca gapper scanner: price $2.0-$20.0, gap>=5.0%, every 45s until 20:00 ET (feed=sip).
05:53:47  Wrote 8 gappers (8 kept): ['JEM', 'AVXX', 'GVH', 'UMAL', 'CUPR', 'SLBT', 'CRCD', 'FGRU']
05:54:43  Wrote 8 gappers (8 kept): ['JEM', 'AVXX', 'UMAL', 'GVH', 'CUPR', 'SLBT', 'CRCD', 'FGRU']
05:55:29  Wrote 8 gappers (8 kept): ['JEM', 'AVXX', 'UMAL', 'GVH', 'CUPR', 'SLBT', 'CRCD', 'FGRU']
05:56:15  Wrote 8 gappers (8 kept): ['JEM', 'AVXX', 'UMAL', 'GVH', 'SLBT', 'CUPR', 'CRCD', 'FGRU']
05:57:01  Wrote 8 gappers (8 kept): ['JEM', 'AVXX', 'GVH', 'UMAL', 'SLBT', 'CUPR', 'CRCD', 'FGRU']
05:57:48  Wrote 8 gappers (8 kept): ['JEM', 'AVXX', 'GVH', 'UMAL', 'SLBT', 'CUPR', 'CRCD', 'FGRU']
05:58:34  Wrote 8 gappers (8 kept): ['JEM', 'AVXX', 'GVH', 'UMAL', 'CUPR', 'SLBT', 'CRCD', 'FGRU']
05:59:20  Wrote 8 gappers (8 kept): ['JEM', 'AVXX', 'GVH', 'UMAL', 'CUPR', 'SLBT', 'CRCD', 'FGRU']
06:00:06  Wrote 8 gappers (8 kept): ['JEM', 'AVXX', 'GVH', 'UMAL', 'SLBT', 'CUPR', 'CRCD', 'FGRU']
06:00:53  Wrote 8 gappers (8 kept): ['JEM', 'AVXX', 'GVH', 'UMAL', 'SLBT', 'CUPR', 'CRCD', 'FGRU']
06:01:39  Wrote 8 gappers (8 kept): ['JEM', 'AVXX', 'GVH', 'UMAL', 'SLBT', 'CUPR', 'CRCD', 'FGRU']
06:02:25  Wrote 8 gappers (8 kept): ['JEM', 'AVXX', 'GVH', 'UMAL', 'SLBT', 'CUPR', 'CRCD', 'FGRU']
06:03:11  Wrote 8 gappers (8 kept): ['JEM', 'AVXX', 'GVH', 'UMAL', 'SLBT', 'CUPR', 'CRCD', 'FGRU']
06:03:57  Wrote 8 gappers (8 kept): ['JEM', 'AVXX', 'GVH', 'UMAL', 'SLBT', 'CUPR', 'CRCD', 'FGRU']
06:04:44  Wrote 8 gappers (8 kept): ['JEM', 'AVXX', 'GVH', 'UMAL', 'SLBT', 'CUPR', 'CRCD', 'FGRU']
06:05:30  Wrote 8 gappers (8 kept): ['JEM', 'AVXX', 'GVH', 'UMAL', 'SLBT', 'CUPR', 'CRCD', 'FGRU']
06:06:16  Wrote 8 gappers (8 kept): ['JEM', 'AVXX', 'GVH', 'UMAL', 'SLBT', 'CUPR', 'CRCD', 'FGRU']
06:07:02  Wrote 8 gappers (8 kept): ['JEM', 'AVXX', 'GVH', 'UMAL', 'SLBT', 'CUPR', 'CRCD', 'FGRU']
06:07:48  Wrote 8 gappers (8 kept): ['JEM', 'AVXX', 'GVH', 'UMAL', 'SLBT', 'CUPR', 'CRCD', 'FGRU']
06:08:35  Wrote 8 gappers (8 kept): ['JEM', 'AVXX', 'GVH', 'UMAL', 'SLBT', 'CUPR', 'CRCD', 'FGRU']
06:09:21  Wrote 8 gappers (8 kept): ['JEM', 'AVXX', 'GVH', 'UMAL', 'SLBT', 'CUPR', 'CRCD', 'FGRU']
06:10:07  Wrote 8 gappers (8 kept): ['JEM', 'AVXX', 'GVH', 'UMAL', 'SLBT', 'CUPR', 'CRCD', 'FGRU']
06:10:53  Wrote 8 gappers (8 kept): ['JEM', 'AVXX', 'GVH', 'UMAL', 'SLBT', 'CUPR', 'CRCD', 'FGRU']
06:11:40  Wrote 8 gappers (8 kept): ['JEM', 'AVXX', 'GVH', 'UMAL', 'SLBT', 'CUPR', 'CRCD', 'FGRU']
06:12:26  Wrote 8 gappers (8 kept): ['JEM', 'AVXX', 'GVH', 'UMAL', 'SLBT', 'CUPR', 'CRCD', 'FGRU']
06:13:12  Wrote 8 gappers (8 kept): ['JEM', 'AVXX', 'GVH', 'UMAL', 'SLBT', 'CUPR', 'CRCD', 'FGRU']
06:13:58  Wrote 8 gappers (8 kept): ['JEM', 'AVXX', 'GVH', 'UMAL', 'SLBT', 'CUPR', 'CRCD', 'FGRU']
06:14:45  Wrote 8 gappers (8 kept): ['JEM', 'AVXX', 'GVH', 'UMAL', 'SLBT', 'CUPR', 'CRCD', 'FGRU']
06:15:31  Wrote 8 gappers (8 kept): ['JEM', 'AVXX', 'GVH', 'UMAL', 'SLBT', 'CUPR', 'CRCD', 'FGRU']
06:16:17  Wrote 8 gappers (8 kept): ['JEM', 'AVXX', 'GVH', 'UMAL', 'SLBT', 'CUPR', 'CRCD', 'FGRU']
06:17:03  Wrote 8 gappers (8 kept): ['JEM', 'GVH', 'AVXX', 'UMAL', 'SLBT', 'CUPR', 'CRCD', 'FGRU']
06:17:49  Wrote 8 gappers (8 kept): ['JEM', 'GVH', 'AVXX', 'UMAL', 'SLBT', 'CUPR', 'CRCD', 'FGRU']
06:18:36  Wrote 8 gappers (8 kept): ['JEM', 'GVH', 'AVXX', 'UMAL', 'SLBT', 'CUPR', 'CRCD', 'FGRU']
06:19:22  Wrote 8 gappers (8 kept): ['JEM', 'AVXX', 'UMAL', 'SLBT', 'GVH', 'CUPR', 'CRCD', 'FGRU']
06:20:08  Wrote 8 gappers (8 kept): ['JEM', 'AVXX', 'UMAL', 'SLBT', 'GVH', 'CUPR', 'CRCD', 'FGRU']
06:20:54  Wrote 8 gappers (8 kept): ['JEM', 'AVXX', 'UMAL', 'SLBT', 'GVH', 'CUPR', 'CRCD', 'FGRU']
06:21:41  Wrote 8 gappers (8 kept): ['JEM', 'AVXX', 'UMAL', 'SLBT', 'GVH', 'CUPR', 'CRCD', 'FGRU']
06:22:27  Wrote 8 gappers (8 kept): ['JEM', 'AVXX', 'UMAL', 'GVH', 'SLBT', 'CUPR', 'CRCD', 'FGRU']
06:23:13  Wrote 8 gappers (8 kept): ['JEM', 'AVXX', 'UMAL', 'GVH', 'SLBT', 'CUPR', 'CRCD', 'FGRU']
06:23:59  Wrote 8 gappers (8 kept): ['JEM', 'AVXX', 'UMAL', 'GVH', 'SLBT', 'CUPR', 'CRCD', 'FGRU']
06:24:45  Wrote 8 gappers (8 kept): ['JEM', 'AVXX', 'UMAL', 'SLBT', 'GVH', 'CUPR', 'CRCD', 'FGRU']
06:25:32  Wrote 8 gappers (8 kept): ['JEM', 'AVXX', 'UMAL', 'SLBT', 'GVH', 'CUPR', 'CRCD', 'FGRU']
06:26:18  Wrote 8 gappers (8 kept): ['JEM', 'AVXX', 'UMAL', 'SLBT', 'GVH', 'CUPR', 'CRCD', 'FGRU']
06:27:04  Wrote 8 gappers (8 kept): ['JEM', 'AVXX', 'UMAL', 'SLBT', 'GVH', 'CUPR', 'CRCD', 'FGRU']
06:27:51  Wrote 8 gappers (8 kept): ['JEM', 'AVXX', 'UMAL', 'SLBT', 'GVH', 'CUPR', 'CRCD', 'FGRU']
06:28:37  Wrote 8 gappers (8 kept): ['JEM', 'AVXX', 'UMAL', 'SLBT', 'GVH', 'CUPR', 'CRCD', 'FGRU']
06:29:23  Wrote 8 gappers (8 kept): ['JEM', 'AVXX', 'UMAL', 'SLBT', 'CUPR', 'GVH', 'CRCD', 'FGRU']
06:30:09  Wrote 8 gappers (8 kept): ['JEM', 'AVXX', 'UMAL', 'SLBT', 'CUPR', 'GVH', 'CRCD', 'FGRU']
06:30:55  Wrote 8 gappers (8 kept): ['JEM', 'AVXX', 'UMAL', 'SLBT', 'CUPR', 'GVH', 'CRCD', 'FGRU']
06:31:42  Wrote 8 gappers (8 kept): ['JEM', 'AVXX', 'UMAL', 'SLBT', 'GVH', 'CUPR', 'CRCD', 'FGRU']
06:32:28  Wrote 8 gappers (8 kept): ['JEM', 'AVXX', 'UMAL', 'GVH', 'CUPR', 'SLBT', 'CRCD', 'FGRU']
06:33:14  Wrote 8 gappers (8 kept): ['JEM', 'AVXX', 'UMAL', 'GVH', 'CUPR', 'SLBT', 'CRCD', 'FGRU']
06:34:00  Wrote 8 gappers (8 kept): ['JEM', 'AVXX', 'UMAL', 'GVH', 'CUPR', 'SLBT', 'CRCD', 'FGRU']
06:34:47  Wrote 8 gappers (8 kept): ['JEM', 'AVXX', 'UMAL', 'GVH', 'CUPR', 'SLBT', 'CRCD', 'FGRU']
06:35:33  Wrote 8 gappers (8 kept): ['JEM', 'AVXX', 'UMAL', 'CUPR', 'GVH', 'SLBT', 'CRCD', 'FGRU']
06:36:19  Wrote 8 gappers (8 kept): ['JEM', 'AVXX', 'UMAL', 'CUPR', 'GVH', 'SLBT', 'CRCD', 'FGRU']
06:37:05  Wrote 8 gappers (8 kept): ['JEM', 'AVXX', 'UMAL', 'CUPR', 'GVH', 'SLBT', 'CRCD', 'FGRU']
06:37:52  Wrote 8 gappers (8 kept): ['JEM', 'AVXX', 'CUPR', 'GVH', 'SLBT', 'CRCD', 'UMAL', 'FGRU']
06:38:38  Wrote 8 gappers (8 kept): ['JEM', 'GVH', 'AVXX', 'CUPR', 'SLBT', 'CRCD', 'UMAL', 'FGRU']
06:39:24  Wrote 8 gappers (8 kept): ['JEM', 'GVH', 'AVXX', 'SLBT', 'CUPR', 'CRCD', 'UMAL', 'FGRU']
06:40:10  Wrote 8 gappers (8 kept): ['JEM', 'GVH', 'AVXX', 'SLBT', 'CUPR', 'CRCD', 'UMAL', 'FGRU']
06:40:57  Wrote 8 gappers (8 kept): ['JEM', 'GVH', 'AVXX', 'SLBT', 'CUPR', 'CRCD', 'UMAL', 'FGRU']
06:41:43  Wrote 8 gappers (8 kept): ['JEM', 'GVH', 'AVXX', 'SLBT', 'CUPR', 'CRCD', 'UMAL', 'FGRU']
06:42:29  Wrote 8 gappers (8 kept): ['JEM', 'GVH', 'AVXX', 'SLBT', 'CUPR', 'CRCD', 'UMAL', 'FGRU']
06:43:15  Wrote 8 gappers (8 kept): ['JEM', 'GVH', 'AVXX', 'SLBT', 'CUPR', 'CRCD', 'UMAL', 'FGRU']
06:44:02  Wrote 8 gappers (8 kept): ['JEM', 'AVXX', 'GVH', 'CUPR', 'SLBT', 'CRCD', 'UMAL', 'FGRU']
06:44:48  Wrote 8 gappers (8 kept): ['JEM', 'AVXX', 'CUPR', 'GVH', 'SLBT', 'CRCD', 'UMAL', 'FGRU']
06:45:34  Wrote 8 gappers (8 kept): ['JEM', 'AVXX', 'CUPR', 'GVH', 'SLBT', 'CRCD', 'UMAL', 'FGRU']
06:46:20  Wrote 8 gappers (8 kept): ['JEM', 'AVXX', 'CUPR', 'GVH', 'SLBT', 'CRCD', 'UMAL', 'FGRU']
06:47:07  Wrote 8 gappers (8 kept): ['JEM', 'AVXX', 'CUPR', 'GVH', 'SLBT', 'CRCD', 'UMAL', 'FGRU']
06:47:53  Wrote 8 gappers (8 kept): ['JEM', 'AVXX', 'CUPR', 'GVH', 'SLBT', 'CRCD', 'UMAL', 'FGRU']
06:48:39  Wrote 8 gappers (8 kept): ['JEM', 'GVH', 'AVXX', 'SLBT', 'CUPR', 'CRCD', 'UMAL', 'FGRU']
06:49:25  Wrote 8 gappers (8 kept): ['JEM', 'GVH', 'AVXX', 'CUPR', 'CRCD', 'SLBT', 'UMAL', 'FGRU']
06:50:11  Wrote 8 gappers (8 kept): ['JEM', 'GVH', 'AVXX', 'CUPR', 'CRCD', 'SLBT', 'UMAL', 'FGRU']
06:50:58  Wrote 8 gappers (8 kept): ['JEM', 'GVH', 'AVXX', 'CUPR', 'CRCD', 'SLBT', 'UMAL', 'FGRU']
06:51:44  Wrote 8 gappers (8 kept): ['JEM', 'GVH', 'AVXX', 'CUPR', 'SLBT', 'CRCD', 'UMAL', 'FGRU']
06:52:30  Wrote 8 gappers (8 kept): ['JEM', 'GVH', 'AVXX', 'CUPR', 'SLBT', 'CRCD', 'UMAL', 'FGRU']
06:53:16  Wrote 8 gappers (8 kept): ['JEM', 'AVXX', 'GVH', 'CUPR', 'SLBT', 'CRCD', 'UMAL', 'FGRU']
06:54:03  Wrote 8 gappers (8 kept): ['JEM', 'AVXX', 'GVH', 'CUPR', 'SLBT', 'CRCD', 'UMAL', 'FGRU']
06:54:49  Wrote 8 gappers (8 kept): ['JEM', 'GVH', 'AVXX', 'CUPR', 'CRCD', 'SLBT', 'UMAL', 'FGRU']
06:55:35  Wrote 8 gappers (8 kept): ['JEM', 'CUPR', 'GVH', 'AVXX', 'CRCD', 'SLBT', 'FGRU', 'UMAL']
06:56:21  Wrote 8 gappers (8 kept): ['JEM', 'CUPR', 'AVXX', 'GVH', 'CRCD', 'SLBT', 'FGRU', 'UMAL']
06:57:07  Wrote 8 gappers (8 kept): ['JEM', 'AVXX', 'GVH', 'CUPR', 'CRCD', 'SLBT', 'FGRU', 'UMAL']
06:57:54  Wrote 8 gappers (8 kept): ['JEM', 'GVH', 'AVXX', 'CUPR', 'CRCD', 'SLBT', 'FGRU', 'UMAL']
06:58:40  Wrote 8 gappers (8 kept): ['JEM', 'CUPR', 'GVH', 'AVXX', 'CRCD', 'SLBT', 'FGRU', 'UMAL']
06:59:26  Wrote 8 gappers (8 kept): ['JEM', 'CUPR', 'GVH', 'AVXX', 'CRCD', 'SLBT', 'FGRU', 'UMAL']
07:00:13  Wrote 8 gappers (8 kept): ['JEM', 'CUPR', 'GVH', 'AVXX', 'SLBT', 'CRCD', 'FGRU', 'UMAL']
07:00:59  Wrote 8 gappers (8 kept): ['JEM', 'CUPR', 'GVH', 'AVXX', 'SLBT', 'CRCD', 'FGRU', 'UMAL']
07:01:45  Wrote 8 gappers (8 kept): ['JEM', 'CUPR', 'GVH', 'AVXX', 'SLBT', 'CRCD', 'FGRU', 'UMAL']
07:02:31  Wrote 8 gappers (8 kept): ['JEM', 'CUPR', 'GVH', 'AVXX', 'SLBT', 'CRCD', 'FGRU', 'UMAL']
07:03:18  Wrote 8 gappers (8 kept): ['JEM', 'CUPR', 'GVH', 'AVXX', 'SLBT', 'CRCD', 'FGRU', 'UMAL']
07:04:04  Wrote 8 gappers (8 kept): ['JEM', 'CUPR', 'GVH', 'AVXX', 'SLBT', 'CRCD', 'FGRU', 'UMAL']
07:04:50  Wrote 8 gappers (8 kept): ['JEM', 'CUPR', 'GVH', 'AVXX', 'SLBT', 'CRCD', 'FGRU', 'UMAL']
07:05:36  Wrote 8 gappers (8 kept): ['JEM', 'GVH', 'CUPR', 'AVXX', 'SLBT', 'CRCD', 'FGRU', 'UMAL']
07:06:22  Wrote 8 gappers (8 kept): ['JEM', 'CUPR', 'GVH', 'AVXX', 'SLBT', 'CRCD', 'FGRU', 'UMAL']
07:07:09  Wrote 8 gappers (8 kept): ['JEM', 'CUPR', 'GVH', 'AVXX', 'SLBT', 'CRCD', 'FGRU', 'UMAL']
07:07:55  Wrote 8 gappers (8 kept): ['JEM', 'CUPR', 'GVH', 'AVXX', 'SLBT', 'CRCD', 'FGRU', 'UMAL']
07:08:41  Wrote 8 gappers (8 kept): ['JEM', 'CUPR', 'GVH', 'AVXX', 'SLBT', 'CRCD', 'FGRU', 'UMAL']
07:09:27  Wrote 8 gappers (8 kept): ['JEM', 'CUPR', 'GVH', 'AVXX', 'SLBT', 'CRCD', 'FGRU', 'UMAL']
07:10:14  Wrote 8 gappers (8 kept): ['JEM', 'CUPR', 'GVH', 'AVXX', 'SLBT', 'CRCD', 'FGRU', 'UMAL']
07:11:00  Wrote 8 gappers (8 kept): ['JEM', 'CUPR', 'GVH', 'AVXX', 'SLBT', 'CRCD', 'FGRU', 'UMAL']
07:11:46  Wrote 8 gappers (8 kept): ['JEM', 'CUPR', 'GVH', 'AVXX', 'SLBT', 'CRCD', 'FGRU', 'UMAL']
07:12:33  Wrote 8 gappers (8 kept): ['JEM', 'CUPR', 'GVH', 'AVXX', 'SLBT', 'CRCD', 'FGRU', 'UMAL']
07:13:19  Wrote 8 gappers (8 kept): ['JEM', 'CUPR', 'GVH', 'AVXX', 'SLBT', 'CRCD', 'FGRU', 'UMAL']
07:14:05  Wrote 8 gappers (8 kept): ['JEM', 'CUPR', 'GVH', 'AVXX', 'SLBT', 'CRCD', 'FGRU', 'UMAL']
07:14:51  Wrote 8 gappers (8 kept): ['JEM', 'GVH', 'CUPR', 'AVXX', 'SLBT', 'CRCD', 'FGRU', 'UMAL']
07:15:38  Wrote 8 gappers (8 kept): ['JEM', 'GVH', 'CUPR', 'AVXX', 'SLBT', 'CRCD', 'FGRU', 'UMAL']
07:16:24  Wrote 8 gappers (8 kept): ['JEM', 'GVH', 'CUPR', 'AVXX', 'SLBT', 'CRCD', 'FGRU', 'UMAL']
07:17:10  Wrote 8 gappers (8 kept): ['JEM', 'GVH', 'AVXX', 'CUPR', 'SLBT', 'CRCD', 'FGRU', 'UMAL']
07:17:56  Wrote 8 gappers (8 kept): ['JEM', 'GVH', 'AVXX', 'CUPR', 'SLBT', 'CRCD', 'FGRU', 'UMAL']
07:18:42  Wrote 8 gappers (8 kept): ['JEM', 'GVH', 'AVXX', 'CUPR', 'SLBT', 'CRCD', 'FGRU', 'UMAL']
07:19:29  Wrote 8 gappers (8 kept): ['JEM', 'GVH', 'AVXX', 'CUPR', 'SLBT', 'CRCD', 'FGRU', 'UMAL']
07:20:15  Wrote 8 gappers (8 kept): ['JEM', 'GVH', 'AVXX', 'CUPR', 'SLBT', 'CRCD', 'FGRU', 'UMAL']
07:21:01  Wrote 8 gappers (8 kept): ['JEM', 'GVH', 'AVXX', 'CUPR', 'SLBT', 'CRCD', 'FGRU', 'UMAL']
07:21:47  Wrote 8 gappers (8 kept): ['JEM', 'GVH', 'AVXX', 'CUPR', 'SLBT', 'CRCD', 'FGRU', 'UMAL']
07:22:34  Wrote 8 gappers (8 kept): ['JEM', 'GVH', 'AVXX', 'CUPR', 'SLBT', 'CRCD', 'FGRU', 'UMAL']
07:23:20  Wrote 8 gappers (8 kept): ['JEM', 'GVH', 'CUPR', 'AVXX', 'SLBT', 'CRCD', 'FGRU', 'UMAL']
07:24:07  Wrote 8 gappers (8 kept): ['JEM', 'GVH', 'AVXX', 'CUPR', 'SLBT', 'CRCD', 'FGRU', 'UMAL']
07:24:53  Wrote 8 gappers (8 kept): ['JEM', 'GVH', 'AVXX', 'CUPR', 'SLBT', 'CRCD', 'FGRU', 'UMAL']
07:25:40  Wrote 8 gappers (8 kept): ['JEM', 'GVH', 'AVXX', 'CUPR', 'SLBT', 'CRCD', 'FGRU', 'UMAL']
07:26:26  Wrote 8 gappers (8 kept): ['JEM', 'GVH', 'AVXX', 'CUPR', 'SLBT', 'CRCD', 'FGRU', 'UMAL']
07:27:12  Wrote 8 gappers (8 kept): ['JEM', 'GVH', 'AVXX', 'CUPR', 'SLBT', 'CRCD', 'FGRU', 'UMAL']
07:27:58  Wrote 8 gappers (8 kept): ['JEM', 'GVH', 'AVXX', 'CUPR', 'SLBT', 'CRCD', 'FGRU', 'UMAL']
07:28:44  Wrote 8 gappers (8 kept): ['JEM', 'AVXX', 'GVH', 'CUPR', 'SLBT', 'CRCD', 'FGRU', 'UMAL']
07:29:31  Wrote 8 gappers (8 kept): ['JEM', 'AVXX', 'GVH', 'SLBT', 'CUPR', 'CRCD', 'FGRU', 'UMAL']
07:30:18  Wrote 8 gappers (8 kept): ['JEM', 'AVXX', 'GVH', 'CUPR', 'CRCD', 'SLBT', 'FGRU', 'UMAL']
07:31:04  Wrote 12 gappers (12 kept): ['JEM', 'CANF', 'RAAQ', 'GVH', 'EDZ', 'SMU', 'AVXX', 'CRCD', 'FGRU', 'UMAL', 'CUPR', 'SLBT']
07:31:55  Wrote 21 gappers (21 kept): ['JEM', 'EHGO', 'CANF', 'NBIZ', 'CORD', 'CEPO', 'SNDQ', 'YDES', 'MUZ', 'RAAQ', 'IREZ', 'SMCZ', 'EDZ', 'GVH', 'SMU', 'FGRU', 'CRCD', 'AVXX', 'UMAL', 'CUPR']
07:32:43  Wrote 23 gappers (23 kept): ['JEM', 'EHGO', 'CANF', 'NBIZ', 'CORD', 'CEPO', 'SNDQ', 'YDES', 'MUZ', 'IREZ', 'LITZ', 'RAAQ', 'NOWL', 'SMCZ', 'GVH', 'EDZ', 'SMU', 'FGRU', 'AVXX', 'UMAL']
07:33:31  Wrote 26 gappers (26 kept): ['JEM', 'EHGO', 'CANF', 'NBIZ', 'CORD', 'CEPO', 'SNDQ', 'YDES', 'AMCI', 'MUZ', 'CTW', 'IREZ', 'RAAQ', 'LITZ', 'CODX', 'SMCZ', 'NOWL', 'EDZ', 'GVH', 'FGRU']
07:34:18  Wrote 26 gappers (26 kept): ['JEM', 'EHGO', 'CANF', 'NBIZ', 'CORD', 'CEPO', 'SNDQ', 'AMCI', 'YDES', 'MUZ', 'IREZ', 'CTW', 'LITZ', 'RAAQ', 'CODX', 'SMCZ', 'GVH', 'NOWL', 'EDZ', 'AVXX']
07:35:07  Wrote 27 gappers (27 kept): ['JEM', 'EHGO', 'CANF', 'NBIZ', 'CORD', 'CEPO', 'SNDQ', 'YDES', 'MUZ', 'AMCI', 'WZRD', 'IREZ', 'RAAQ', 'LITZ', 'CTW', 'CODX', 'SMCZ', 'NOWL', 'GVH', 'EDZ']
07:35:55  Wrote 27 gappers (27 kept): ['JEM', 'EHGO', 'CANF', 'NBIZ', 'CORD', 'AMCI', 'CEPO', 'SNDQ', 'YDES', 'MUZ', 'WZRD', 'IREZ', 'RAAQ', 'LITZ', 'CODX', 'SMCZ', 'GVH', 'NOWL', 'EDZ', 'CTW']
07:36:43  Wrote 27 gappers (27 kept): ['JEM', 'EHGO', 'CANF', 'NBIZ', 'YDES', 'CORD', 'CEPO', 'AMCI', 'SNDQ', 'MUZ', 'WZRD', 'GVH', 'RAAQ', 'IREZ', 'LITZ', 'SMCZ', 'NOWL', 'EDZ', 'CODX', 'AVXX']
07:37:31  Wrote 28 gappers (28 kept): ['JEM', 'EHGO', 'CANF', 'NBIZ', 'AMCI', 'YDES', 'CEPO', 'CORD', 'SNDQ', 'GVH', 'WZRD', 'CSTE', 'MUZ', 'IREZ', 'CODX', 'RAAQ', 'LITZ', 'SMCZ', 'NOWL', 'EDZ']
07:38:18  Wrote 29 gappers (29 kept): ['JEM', 'EHGO', 'CANF', 'NBIZ', 'AMCI', 'YDES', 'CORD', 'CEPO', 'SNDQ', 'MUZ', 'WZRD', 'IREZ', 'GVH', 'PLTG', 'CSTE', 'CODX', 'NOWL', 'LITZ', 'RAAQ', 'SMCZ']
07:39:06  Wrote 30 gappers (30 kept): ['JEM', 'EHGO', 'CANF', 'YDES', 'NBIZ', 'AMCI', 'CORD', 'CEPO', 'SNDQ', 'ZSTK', 'CODX', 'MUZ', 'WZRD', 'PLTG', 'IREZ', 'GVH', 'LITZ', 'CSTE', 'NOWL', 'SMCZ']
07:39:53  Wrote 30 gappers (30 kept): ['EHGO', 'JEM', 'CANF', 'NBIZ', 'YDES', 'AMCI', 'CORD', 'CEPO', 'CODX', 'ZSTK', 'SNDQ', 'MUZ', 'WZRD', 'PLTG', 'IREZ', 'SMCZ', 'GVH', 'CSTE', 'LITZ', 'NOWL']
07:40:41  Wrote 32 gappers (32 kept): ['EHGO', 'JEM', 'CANF', 'CODX', 'NBIZ', 'AMCI', 'CORD', 'CEPO', 'ZSTK', 'SNDQ', 'ELTX', 'WZRD', 'MUZ', 'YDES', 'PLTG', 'IREZ', 'RAAQ', 'SKIL', 'SMCZ', 'GVH']
07:41:29  Wrote 32 gappers (32 kept): ['EHGO', 'JEM', 'CANF', 'CODX', 'AMCI', 'NBIZ', 'CORD', 'CEPO', 'YDES', 'ZSTK', 'ELTX', 'SNDQ', 'WZRD', 'MUZ', 'PLTG', 'RAAQ', 'NOWL', 'SKIL', 'SMCZ', 'IREZ']
07:42:17  Wrote 33 gappers (33 kept): ['JEM', 'EHGO', 'CANF', 'CODX', 'NBIZ', 'AMCI', 'CORD', 'CEPO', 'ELTX', 'YDES', 'ZSTK', 'SNDQ', 'PLTG', 'FIGG', 'WZRD', 'MUZ', 'IREZ', 'RAAQ', 'SKIL', 'SMCZ']
07:43:04  Wrote 34 gappers (34 kept): ['JEM', 'EHGO', 'CANF', 'CODX', 'NBIZ', 'AMCI', 'CORD', 'CEPO', 'ELTX', 'YDES', 'ZSTK', 'SNDQ', 'MUZ', 'FIGG', 'WZRD', 'PLTG', 'PLTA', 'IREZ', 'AVXX', 'NOWL']
07:43:51  Wrote 34 gappers (34 kept): ['JEM', 'EHGO', 'CANF', 'CODX', 'NBIZ', 'AMCI', 'YDES', 'CORD', 'CEPO', 'ZSTK', 'SNDQ', 'ELTX', 'FIGG', 'WZRD', 'MUZ', 'PLTG', 'PLTA', 'IREZ', 'NOWL', 'SMCZ']
07:44:39  Wrote 34 gappers (34 kept): ['JEM', 'EHGO', 'CANF', 'CODX', 'NBIZ', 'AMCI', 'CORD', 'YDES', 'CEPO', 'CTW', 'ELTX', 'ZSTK', 'SNDQ', 'FIGG', 'WZRD', 'PLTA', 'MUZ', 'PLTG', 'IREZ', 'NOWL']
07:45:28  Wrote 35 gappers (35 kept): ['JEM', 'EHGO', 'CANF', 'CODX', 'NBIZ', 'AMCI', 'YDES', 'CORD', 'CEPO', 'CTW', 'ZSTK', 'ELTX', 'SNDQ', 'PCLA', 'FIGG', 'WZRD', 'PLTA', 'PLTG', 'MUZ', 'IREZ']
07:46:18  Wrote 36 gappers (36 kept): ['JEM', 'EHGO', 'CANF', 'CODX', 'AMCI', 'NBIZ', 'YDES', 'CORD', 'CEPO', 'ELTX', 'CTW', 'PCLA', 'ZSTK', 'FIGG', 'SNDQ', 'WZRD', 'MSTP', 'PLTG', 'PLTA', 'MUZ']
07:47:06  Wrote 37 gappers (37 kept): ['JEM', 'EHGO', 'CANF', 'CODX', 'NBIZ', 'AMCI', 'CORD', 'ELTX', 'CEPO', 'ZSTK', 'FIGG', 'PCLA', 'SNDQ', 'WZRD', 'MSTP', 'PLTA', 'PLTG', 'YDES', 'MUZ', 'RAAQ']
07:47:53  Wrote 37 gappers (37 kept): ['JEM', 'EHGO', 'CANF', 'CODX', 'NBIZ', 'AMCI', 'CORD', 'ELTX', 'YDES', 'CEPO', 'ZSTK', 'FIGG', 'PCLA', 'SNDQ', 'MSTP', 'WZRD', 'PLTG', 'PLTA', 'MUZ', 'RAAQ']
07:48:41  Wrote 37 gappers (37 kept): ['JEM', 'EHGO', 'CANF', 'CODX', 'NBIZ', 'CORD', 'AMCI', 'ELTX', 'YDES', 'CEPO', 'PCLA', 'FIGG', 'ZSTK', 'MSTP', 'WZRD', 'PLTA', 'SNDQ', 'PLTG', 'MUZ', 'SKIL']
07:49:29  Wrote 38 gappers (38 kept): ['JEM', 'EHGO', 'CANF', 'CODX', 'NBIZ', 'CORD', 'ELTX', 'YDES', 'CEPO', 'PCLA', 'AMCI', 'FIGG', 'ZSTK', 'SNDQ', 'MSTP', 'WZRD', 'PLTA', 'PLTG', 'MUZ', 'IREZ']
07:50:17  Wrote 38 gappers (38 kept): ['JEM', 'EHGO', 'CANF', 'CODX', 'NBIZ', 'CORD', 'YDES', 'ELTX', 'AMCI', 'CEPO', 'FIGG', 'ZSTK', 'SNDQ', 'MSTP', 'PLTA', 'PLTG', 'MUZ', 'IREZ', 'ASTC', 'RAAQ']
07:51:06  Wrote 38 gappers (38 kept): ['JEM', 'CANF', 'EHGO', 'CODX', 'NBIZ', 'CORD', 'YDES', 'ELTX', 'AMCI', 'CEPO', 'FIGG', 'ZSTK', 'MSTP', 'SNDQ', 'PLTA', 'PLTG', 'MUZ', 'CTW', 'IREZ', 'RAAQ']
07:51:53  Wrote 38 gappers (38 kept): ['JEM', 'CANF', 'EHGO', 'CODX', 'NBIZ', 'YDES', 'CORD', 'AMCI', 'CEPO', 'ELTX', 'PCLA', 'FIGG', 'ZSTK', 'SNDQ', 'MSTP', 'PLTA', 'PLTG', 'CTW', 'MUZ', 'IREZ']
07:52:41  Wrote 38 gappers (38 kept): ['JEM', 'CANF', 'EHGO', 'CODX', 'AMCI', 'NBIZ', 'CORD', 'CEPO', 'YDES', 'ELTX', 'FIGG', 'ZSTK', 'SNDQ', 'MSTP', 'PLTA', 'PLTG', 'MUZ', 'RAAQ', 'WZRD', 'PCLA']
07:53:28  Wrote 38 gappers (38 kept): ['JEM', 'CANF', 'EHGO', 'CODX', 'AMCI', 'NBIZ', 'CORD', 'CEPO', 'ELTX', 'FIGG', 'ZSTK', 'SNDQ', 'MSTP', 'PLTA', 'MUZ', 'PLTG', 'YDES', 'SSPC', 'RAAQ', 'WZRD']
07:54:16  Wrote 38 gappers (38 kept): ['JEM', 'CANF', 'EHGO', 'CODX', 'NBIZ', 'AMCI', 'CORD', 'CEPO', 'ELTX', 'FIGG', 'SNDQ', 'ZSTK', 'MUZ', 'PCLA', 'MSTP', 'PLTG', 'PLTA', 'YDES', 'SSPC', 'RAAQ']
07:55:04  Wrote 38 gappers (38 kept): ['JEM', 'CANF', 'EHGO', 'CODX', 'AMCI', 'NBIZ', 'CORD', 'CEPO', 'ELTX', 'FIGG', 'PCLA', 'SNDQ', 'ZSTK', 'PLTG', 'MSTP', 'PLTA', 'MUZ', 'WZRD', 'RAAQ', 'SMCZ']
07:55:52  Wrote 38 gappers (38 kept): ['JEM', 'CANF', 'EHGO', 'NBIZ', 'CODX', 'AMCI', 'CORD', 'CEPO', 'PCLA', 'ELTX', 'FIGG', 'SNDQ', 'ZSTK', 'PLTG', 'MSTP', 'PLTA', 'MUZ', 'RAAQ', 'IREZ', 'WZRD']
07:56:39  Wrote 38 gappers (38 kept): ['JEM', 'CANF', 'EHGO', 'AMCI', 'NBIZ', 'CORD', 'CODX', 'CEPO', 'ELTX', 'YDES', 'FIGG', 'SNDQ', 'ZSTK', 'PLTG', 'MSTP', 'MUZ', 'PLTA', 'PCLA', 'WZRD', 'IREZ']
07:57:26  Wrote 38 gappers (38 kept): ['JEM', 'CANF', 'EHGO', 'NBIZ', 'CORD', 'AMCI', 'CODX', 'CEPO', 'YDES', 'ELTX', 'FIGG', 'SNDQ', 'ZSTK', 'PLTG', 'MUZ', 'PCLA', 'MSTP', 'PLTA', 'IREZ', 'SSPC']
07:58:13  Wrote 38 gappers (38 kept): ['JEM', 'CANF', 'EHGO', 'NBIZ', 'AMCI', 'CORD', 'CODX', 'CEPO', 'YDES', 'ELTX', 'FIGG', 'SNDQ', 'ZSTK', 'PLTG', 'MUZ', 'PCLA', 'MSTP', 'PLTA', 'CTW', 'IREZ']
07:59:01  Wrote 38 gappers (38 kept): ['JEM', 'CANF', 'EHGO', 'NBIZ', 'AMCI', 'CORD', 'CODX', 'CEPO', 'YDES', 'SNDQ', 'ELTX', 'FIGG', 'ZSTK', 'MUZ', 'PLTG', 'PLTA', 'MSTP', 'PCLA', 'AVXX', 'SSPC']
07:59:48  Wrote 38 gappers (38 kept): ['JEM', 'CANF', 'EHGO', 'NBIZ', 'AMCI', 'CORD', 'CODX', 'ELTX', 'CEPO', 'YDES', 'FIGG', 'SNDQ', 'PLTA', 'PLTG', 'ZSTK', 'MSTP', 'MUZ', 'PCLA', 'AVXX', 'SSPC']
08:00:37  Wrote 38 gappers (38 kept): ['JEM', 'CANF', 'EHGO', 'NBIZ', 'CORD', 'AMCI', 'CODX', 'CEPO', 'ELTX', 'FIGG', 'SNDQ', 'MSTP', 'PLTG', 'PLTA', 'ZSTK', 'PCLA', 'MUZ', 'AVXX', 'YDES', 'CTW']
08:01:26  Wrote 38 gappers (38 kept): ['JEM', 'CANF', 'EHGO', 'NBIZ', 'CORD', 'AMCI', 'CODX', 'CEPO', 'ELTX', 'SNDQ', 'FIGG', 'MSTP', 'PCLA', 'PLTG', 'PLTA', 'ZSTK', 'MUZ', 'YDES', 'AVXX', 'SSPC']
08:02:14  Wrote 38 gappers (38 kept): ['JEM', 'CANF', 'EHGO', 'NBIZ', 'CODX', 'CORD', 'AMCI', 'CEPO', 'FIGG', 'SNDQ', 'ELTX', 'MSTP', 'PCLA', 'PLTG', 'PLTA', 'ZSTK', 'MUZ', 'YDES', 'SSPC', 'AVXX']
08:03:02  Wrote 38 gappers (38 kept): ['JEM', 'EHGO', 'CANF', 'NBIZ', 'CORD', 'CODX', 'AMCI', 'CEPO', 'ELTX', 'FIGG', 'SNDQ', 'SKIL', 'MSTP', 'PCLA', 'PLTA', 'PLTG', 'MUZ', 'ZSTK', 'SSPC', 'YDES']
08:03:50  Wrote 38 gappers (38 kept): ['JEM', 'EHGO', 'CANF', 'NBIZ', 'CORD', 'AMCI', 'ELTX', 'CODX', 'CEPO', 'PCLA', 'FIGG', 'SNDQ', 'MSTP', 'SKIL', 'PLTG', 'PLTA', 'MUZ', 'ZSTK', 'YDES', 'CTW']
08:04:37  Wrote 38 gappers (38 kept): ['JEM', 'EHGO', 'CANF', 'NBIZ', 'CORD', 'YDES', 'AMCI', 'ELTX', 'CEPO', 'FIGG', 'SNDQ', 'MSTP', 'CODX', 'PCLA', 'PLTA', 'PLTG', 'ZSTK', 'MUZ', 'SKIL', 'AVXX']
08:05:25  Wrote 38 gappers (38 kept): ['JEM', 'CANF', 'EHGO', 'NBIZ', 'AMCI', 'CORD', 'ELTX', 'CEPO', 'FIGG', 'MSTP', 'PCLA', 'SNDQ', 'PLTA', 'CODX', 'PLTG', 'ZSTK', 'SKIL', 'MUZ', 'YDES', 'ASTC']
08:06:13  Wrote 38 gappers (38 kept): ['JEM', 'CANF', 'EHGO', 'NBIZ', 'AMCI', 'CORD', 'ELTX', 'CEPO', 'PCLA', 'FIGG', 'MSTP', 'CODX', 'SNDQ', 'PLTA', 'PLTG', 'ZSTK', 'SKIL', 'MUZ', 'YDES', 'AVXX']
08:07:00  Wrote 38 gappers (38 kept): ['JEM', 'EHGO', 'CANF', 'NBIZ', 'AMCI', 'ELTX', 'CORD', 'CEPO', 'FIGG', 'PCLA', 'ASTC', 'YDES', 'MSTP', 'CODX', 'SNDQ', 'PLTA', 'PLTG', 'ZSTK', 'SKIL', 'MUZ']
08:07:47  Wrote 38 gappers (38 kept): ['JEM', 'EHGO', 'CANF', 'NBIZ', 'AMCI', 'ELTX', 'CORD', 'CEPO', 'FIGG', 'CODX', 'YDES', 'MSTP', 'SNDQ', 'PLTG', 'PLTA', 'ASTC', 'PCLA', 'ZSTK', 'UMAL', 'MUZ']
08:08:34  Wrote 38 gappers (38 kept): ['JEM', 'CANF', 'EHGO', 'NBIZ', 'AMCI', 'ELTX', 'CORD', 'YDES', 'CEPO', 'FIGG', 'MSTP', 'ASTC', 'PLTA', 'SNDQ', 'UMAL', 'PCLA', 'PLTG', 'CODX', 'ZSTK', 'SKIL']
08:09:21  Wrote 38 gappers (38 kept): ['JEM', 'CANF', 'EHGO', 'NBIZ', 'ELTX', 'AMCI', 'CORD', 'YDES', 'CEPO', 'FIGG', 'MSTP', 'CODX', 'ASTC', 'UMAL', 'SNDQ', 'PCLA', 'PLTG', 'PLTA', 'FGRU', 'ZSTK']
08:10:09  Wrote 38 gappers (38 kept): ['JEM', 'CANF', 'EHGO', 'NBIZ', 'AMCI', 'CORD', 'ELTX', 'CEPO', 'FIGG', 'MSTP', 'ASTC', 'CODX', 'UMAL', 'SNDQ', 'PLTG', 'PCLA', 'PLTA', 'FGRU', 'YDES', 'ZSTK']
08:10:56  Wrote 38 gappers (38 kept): ['JEM', 'CANF', 'EHGO', 'NBIZ', 'AMCI', 'CORD', 'ELTX', 'CEPO', 'MSTP', 'FIGG', 'ASTC', 'CODX', 'UMAL', 'SNDQ', 'PLTA', 'PLTG', 'PCLA', 'ZSTK', 'FGRU', 'MUZ']
08:11:44  Wrote 38 gappers (38 kept): ['JEM', 'CANF', 'EHGO', 'AMCI', 'NBIZ', 'CORD', 'MSTP', 'ELTX', 'CEPO', 'FIGG', 'UMAL', 'CODX', 'ASTC', 'SNDQ', 'PLTA', 'PLTG', 'PCLA', 'AVXX', 'ZSTK', 'FGRU']
08:12:31  Wrote 38 gappers (38 kept): ['JEM', 'EHGO', 'CANF', 'AMCI', 'NBIZ', 'CORD', 'MSTP', 'CEPO', 'FIGG', 'ELTX', 'UMAL', 'SNDQ', 'ASTC', 'CODX', 'PLTG', 'PCLA', 'GVH', 'PLTA', 'ZSTK', 'AVXX']
08:13:18  Wrote 38 gappers (38 kept): ['JEM', 'CANF', 'EHGO', 'AMCI', 'NBIZ', 'CORD', 'MSTP', 'CEPO', 'ELTX', 'FIGG', 'UMAL', 'ZSTK', 'ASTC', 'SNDQ', 'GVH', 'CODX', 'PLTG', 'PCLA', 'AVXX', 'PLTA']
08:14:05  Wrote 38 gappers (38 kept): ['JEM', 'EHGO', 'CANF', 'AMCI', 'NBIZ', 'CORD', 'MSTP', 'CEPO', 'FIGG', 'UMAL', 'ELTX', 'ZSTK', 'ASTC', 'SNDQ', 'PLTG', 'PCLA', 'PLTA', 'AVXX', 'GVH', 'CODX']
08:14:52  Wrote 38 gappers (38 kept): ['JEM', 'EHGO', 'CANF', 'AMCI', 'NBIZ', 'CORD', 'MSTP', 'UMAL', 'CEPO', 'FIGG', 'ELTX', 'ASTC', 'ZSTK', 'SNDQ', 'PLTG', 'PCLA', 'AVXX', 'PLTA', 'GVH', 'MUZ']
08:15:40  Wrote 39 gappers (39 kept): ['JEM', 'EHGO', 'CANF', 'NBIZ', 'AMCI', 'CORD', 'MSTP', 'ASTC', 'UMAL', 'CEPO', 'ELTX', 'FIGG', 'ZSTK', 'MST', 'PLTG', 'PLTA', 'SNDQ', 'GVH', 'AVXX', 'PCLA']
08:16:28  Wrote 39 gappers (39 kept): ['JEM', 'EHGO', 'CANF', 'NBIZ', 'AMCI', 'CORD', 'UMAL', 'MSTP', 'CEPO', 'ASTC', 'FIGG', 'GVH', 'ELTX', 'ZSTK', 'SNDQ', 'MST', 'PLTG', 'PLTA', 'PCLA', 'AVXX']
08:17:16  Wrote 39 gappers (39 kept): ['EHGO', 'JEM', 'CANF', 'AMCI', 'NBIZ', 'CORD', 'UMAL', 'MSTP', 'CEPO', 'FIGG', 'ASTC', 'GVH', 'ELTX', 'ZSTK', 'AVXX', 'PLTG', 'SNDQ', 'PLTA', 'MST', 'PCLA']
08:18:03  Wrote 39 gappers (39 kept): ['EHGO', 'JEM', 'CANF', 'NBIZ', 'AMCI', 'CORD', 'UMAL', 'CEPO', 'MSTP', 'AVXX', 'ELTX', 'FIGG', 'PCLA', 'ZSTK', 'ASTC', 'PLTG', 'PLTA', 'FGRU', 'GVH', 'MST']
08:18:52  Wrote 39 gappers (39 kept): ['EHGO', 'JEM', 'CANF', 'NBIZ', 'AMCI', 'CORD', 'UMAL', 'CEPO', 'MSTP', 'FIGG', 'GVH', 'AVXX', 'ELTX', 'PCLA', 'ASTC', 'ZSTK', 'PLTG', 'PLTA', 'FGRU', 'SNDQ']
08:19:39  Wrote 39 gappers (39 kept): ['EHGO', 'JEM', 'CANF', 'NBIZ', 'CORD', 'AMCI', 'UMAL', 'ASTC', 'AVXX', 'CEPO', 'MSTP', 'FIGG', 'ELTX', 'PCLA', 'ZSTK', 'SNDQ', 'PLTG', 'GVH', 'PLTA', 'FGRU']
08:20:26  Wrote 39 gappers (39 kept): ['EHGO', 'JEM', 'CANF', 'NBIZ', 'AMCI', 'CORD', 'UMAL', 'AVXX', 'FIGG', 'CEPO', 'MSTP', 'ELTX', 'ZSTK', 'ASTC', 'FGRU', 'PCLA', 'SNDQ', 'GVH', 'PLTG', 'PLTA']
08:21:14  Wrote 41 gappers (41 kept): ['EHGO', 'JEM', 'CANF', 'NBIZ', 'CORD', 'AMCI', 'UMAL', 'MSTP', 'FIGG', 'CEPO', 'ASTC', 'AVXX', 'ELTX', 'CRDX', 'KTUP', 'ZSTK', 'SNDQ', 'PLTA', 'PLTG', 'FGRU']
08:22:01  Wrote 41 gappers (41 kept): ['EHGO', 'JEM', 'CANF', 'NBIZ', 'AMCI', 'CORD', 'UMAL', 'MSTP', 'CEPO', 'FIGG', 'AVXX', 'CRDX', 'ASTC', 'ELTX', 'KTUP', 'ZSTK', 'SNDQ', 'PLTG', 'PLTA', 'FGRU']
08:22:48  Wrote 41 gappers (41 kept): ['EHGO', 'JEM', 'CANF', 'NBIZ', 'CORD', 'AMCI', 'MSTP', 'ELTX', 'CEPO', 'FIGG', 'UMAL', 'CRDX', 'ZSTK', 'KTUP', 'AVXX', 'SNDQ', 'PLTG', 'PLTA', 'FGRU', 'MST']
08:23:35  Wrote 41 gappers (41 kept): ['EHGO', 'CANF', 'JEM', 'NBIZ', 'AMCI', 'CORD', 'CEPO', 'MSTP', 'FIGG', 'ELTX', 'UMAL', 'CRDX', 'KTUP', 'SKIL', 'ZSTK', 'ASTC', 'AVXX', 'PLTG', 'SNDQ', 'PLTA']
08:24:22  Wrote 41 gappers (41 kept): ['EHGO', 'CANF', 'JEM', 'NBIZ', 'AMCI', 'CORD', 'FIGG', 'CEPO', 'ELTX', 'MSTP', 'UMAL', 'GVH', 'CRDX', 'ASTC', 'ZSTK', 'YDES', 'KTUP', 'SKIL', 'SNDQ', 'PLTG']
08:25:10  Wrote 41 gappers (41 kept): ['EHGO', 'CANF', 'JEM', 'NBIZ', 'AMCI', 'CORD', 'FIGG', 'CEPO', 'MSTP', 'ELTX', 'YDES', 'ASTC', 'CRDX', 'ZSTK', 'GVH', 'SKIL', 'SNDQ', 'KTUP', 'UMAL', 'PLTA']
08:25:57  Wrote 41 gappers (41 kept): ['EHGO', 'CANF', 'JEM', 'NBIZ', 'AMCI', 'CORD', 'FIGG', 'CEPO', 'MSTP', 'ELTX', 'YDES', 'CRDX', 'GVH', 'ASTC', 'SKIL', 'ZSTK', 'AVXX', 'KTUP', 'UMAL', 'SNDQ']
08:26:44  Wrote 41 gappers (41 kept): ['EHGO', 'CANF', 'JEM', 'NBIZ', 'AMCI', 'CORD', 'CEPO', 'ELTX', 'MSTP', 'YDES', 'CRDX', 'ASTC', 'SKIL', 'FIGG', 'KTUP', 'ZSTK', 'GVH', 'PCLA', 'AVXX', 'SNDQ']
08:27:31  Wrote 41 gappers (41 kept): ['EHGO', 'CANF', 'JEM', 'NBIZ', 'CORD', 'AMCI', 'CEPO', 'MSTP', 'YDES', 'ELTX', 'CRDX', 'ASTC', 'GVH', 'SKIL', 'FIGG', 'ZSTK', 'UMAL', 'PCLA', 'KTUP', 'PLTA']
08:28:19  Wrote 41 gappers (41 kept): ['EHGO', 'CANF', 'JEM', 'NBIZ', 'CORD', 'AMCI', 'PCLA', 'CEPO', 'ELTX', 'MSTP', 'YDES', 'SKIL', 'CRDX', 'ASTC', 'FIGG', 'ZSTK', 'GVH', 'SNDQ', 'UMAL', 'KTUP']
08:29:06  Wrote 41 gappers (41 kept): ['EHGO', 'CANF', 'JEM', 'NBIZ', 'CORD', 'AMCI', 'CEPO', 'ELTX', 'MSTP', 'YDES', 'PCLA', 'CRDX', 'SKIL', 'ASTC', 'FIGG', 'SNDQ', 'ZSTK', 'GVH', 'FGRU', 'PLTA']
08:29:53  Wrote 41 gappers (41 kept): ['EHGO', 'CANF', 'JEM', 'NBIZ', 'CORD', 'AMCI', 'CEPO', 'ELTX', 'MSTP', 'YDES', 'PCLA', 'GVH', 'CRDX', 'SKIL', 'FIGG', 'SNDQ', 'ZSTK', 'ASTC', 'FGRU', 'PLTA']
08:30:42  Wrote 41 gappers (41 kept): ['EHGO', 'CANF', 'JEM', 'NBIZ', 'AMCI', 'CORD', 'GVH', 'ELTX', 'CEPO', 'MSTP', 'YDES', 'PCLA', 'CRDX', 'FIGG', 'SNDQ', 'ZSTK', 'SKIL', 'KTUP', 'PLTA', 'UMAL']
08:31:30  Wrote 41 gappers (41 kept): ['EHGO', 'CANF', 'JEM', 'NBIZ', 'CORD', 'AMCI', 'ELTX', 'CEPO', 'GVH', 'MSTP', 'YDES', 'PCLA', 'SNDQ', 'FIGG', 'SKIL', 'ZSTK', 'ASTC', 'PLTA', 'UMAL', 'MUZ']
08:32:18  Wrote 41 gappers (41 kept): ['EHGO', 'CANF', 'JEM', 'NBIZ', 'CORD', 'AMCI', 'ELTX', 'GVH', 'CEPO', 'MSTP', 'YDES', 'PCLA', 'SNDQ', 'FIGG', 'SKIL', 'ZSTK', 'ASTC', 'MUZ', 'PLTA', 'UMAL']
08:33:05  Wrote 42 gappers (42 kept): ['EHGO', 'CANF', 'JEM', 'NBIZ', 'CORD', 'AMCI', 'AHMA', 'ELTX', 'CEPO', 'GVH', 'MSTP', 'YDES', 'PCLA', 'SNDQ', 'FIGG', 'SKIL', 'ZSTK', 'ASTC', 'MUZ', 'PLTA']
08:33:53  Wrote 42 gappers (42 kept): ['EHGO', 'CANF', 'JEM', 'AHMA', 'NBIZ', 'CORD', 'AMCI', 'ELTX', 'CEPO', 'SNDQ', 'MSTP', 'YDES', 'PCLA', 'GVH', 'FIGG', 'ZSTK', 'SKIL', 'MUZ', 'UMAL', 'FGRU']
08:34:40  Wrote 42 gappers (42 kept): ['EHGO', 'CANF', 'JEM', 'NBIZ', 'AHMA', 'CORD', 'AMCI', 'ELTX', 'CEPO', 'SNDQ', 'PCLA', 'GVH', 'FIGG', 'MSTP', 'ZSTK', 'SKIL', 'MUZ', 'UMAL', 'MST', 'SSPC']
08:35:28  Wrote 42 gappers (42 kept): ['EHGO', 'CANF', 'JEM', 'NBIZ', 'AHMA', 'CORD', 'AMCI', 'ELTX', 'CEPO', 'SNDQ', 'PCLA', 'GVH', 'FIGG', 'MSTP', 'ZSTK', 'SKIL', 'MUZ', 'UMAL', 'PLTG', 'SSPC']
08:36:16  Wrote 42 gappers (42 kept): ['EHGO', 'CANF', 'JEM', 'NBIZ', 'CORD', 'AMCI', 'AHMA', 'SNDQ', 'ELTX', 'CEPO', 'PCLA', 'FIGG', 'MSTP', 'ZSTK', 'MUZ', 'GVH', 'SKIL', 'UMAL', 'PLTG', 'MST']
08:37:03  Wrote 42 gappers (42 kept): ['EHGO', 'CANF', 'JEM', 'NBIZ', 'CORD', 'AMCI', 'AHMA', 'SNDQ', 'ELTX', 'CEPO', 'GVH', 'PCLA', 'FIGG', 'MSTP', 'ZSTK', 'MUZ', 'SKIL', 'PLTG', 'MST', 'FGRU']
08:37:51  Wrote 42 gappers (42 kept): ['EHGO', 'JEM', 'CANF', 'NBIZ', 'CORD', 'AMCI', 'ELTX', 'CEPO', 'SNDQ', 'GVH', 'AHMA', 'FIGG', 'PCLA', 'MSTP', 'ZSTK', 'MUZ', 'SKIL', 'PLTG', 'MST', 'FGRU']
08:38:38  Wrote 42 gappers (42 kept): ['EHGO', 'JEM', 'CANF', 'NBIZ', 'CORD', 'AMCI', 'ELTX', 'AHMA', 'SNDQ', 'CEPO', 'FIGG', 'PCLA', 'GVH', 'MSTP', 'ZSTK', 'FGRU', 'MUZ', 'PLTA', 'SKIL', 'PLTG']
08:39:25  Wrote 43 gappers (43 kept): ['EHGO', 'JEM', 'CANF', 'NBIZ', 'CORD', 'AMCI', 'AHMA', 'ELTX', 'CEPO', 'SNDQ', 'WFCF', 'PCLA', 'FIGG', 'GVH', 'MSTP', 'ZSTK', 'FGRU', 'SKIL', 'MUZ', 'PLTA']
08:40:14  Wrote 44 gappers (44 kept): ['EHGO', 'JEM', 'CANF', 'NBIZ', 'CORD', 'AMCI', 'ELTX', 'CEPO', 'SNDQ', 'ICU', 'AHMA', 'FIGG', 'WFCF', 'PCLA', 'GVH', 'MSTP', 'ZSTK', 'PLTG', 'PLTA', 'SKIL']
08:41:02  Wrote 44 gappers (44 kept): ['EHGO', 'JEM', 'CANF', 'NBIZ', 'CORD', 'AMCI', 'ELTX', 'GVH', 'SNDQ', 'AHMA', 'CEPO', 'PCLA', 'ICU', 'FIGG', 'WFCF', 'MSTP', 'SKIL', 'ZSTK', 'PLTA', 'FGRU']
08:41:49  Wrote 44 gappers (44 kept): ['EHGO', 'JEM', 'CANF', 'NBIZ', 'CORD', 'AMCI', 'AHMA', 'SNDQ', 'GVH', 'ELTX', 'CEPO', 'PCLA', 'ICU', 'FIGG', 'WFCF', 'MSTP', 'SKIL', 'ZSTK', 'PLTG', 'MUZ']
08:42:36  Wrote 44 gappers (44 kept): ['EHGO', 'JEM', 'CANF', 'NBIZ', 'CORD', 'AMCI', 'AHMA', 'GVH', 'ELTX', 'PCLA', 'SNDQ', 'CEPO', 'ICU', 'FIGG', 'WFCF', 'MSTP', 'PLTG', 'SKIL', 'MUZ', 'ZSTK']
08:43:23  Wrote 45 gappers (45 kept): ['EHGO', 'JEM', 'CANF', 'NBIZ', 'AHMA', 'CORD', 'AMCI', 'PCLA', 'GVH', 'SNDQ', 'ELTX', 'CEPO', 'WFCF', 'CRVO', 'ICU', 'FIGG', 'MSTP', 'PLTG', 'SKIL', 'MUZ']
08:44:11  Wrote 45 gappers (45 kept): ['EHGO', 'JEM', 'CANF', 'NBIZ', 'CORD', 'AMCI', 'AHMA', 'PCLA', 'SNDQ', 'GVH', 'ELTX', 'CEPO', 'WFCF', 'CRVO', 'FIGG', 'PLTG', 'MSTP', 'ICU', 'MUZ', 'SKIL']
08:44:58  Wrote 45 gappers (45 kept): ['EHGO', 'JEM', 'CANF', 'NBIZ', 'CORD', 'AMCI', 'AHMA', 'PCLA', 'SNDQ', 'GVH', 'CEPO', 'ELTX', 'WFCF', 'PLTG', 'FIGG', 'CRVO', 'MSTP', 'ICU', 'MUZ', 'SKIL']
08:45:47  Wrote 45 gappers (45 kept): ['EHGO', 'JEM', 'CANF', 'NBIZ', 'CORD', 'AMCI', 'AHMA', 'SNDQ', 'PCLA', 'GVH', 'ELTX', 'CEPO', 'WFCF', 'ICU', 'FIGG', 'MSTP', 'PLTA', 'MUZ', 'PLTG', 'SKIL']
08:46:34  Wrote 45 gappers (45 kept): ['EHGO', 'JEM', 'CANF', 'NBIZ', 'CORD', 'AMCI', 'PCLA', 'SNDQ', 'AHMA', 'GVH', 'CEPO', 'ELTX', 'ICU', 'FIGG', 'MSTP', 'MUZ', 'PLTA', 'PLTG', 'SKIL', 'CRVO']
08:47:22  Wrote 45 gappers (45 kept): ['EHGO', 'JEM', 'CANF', 'NBIZ', 'CORD', 'AMCI', 'PCLA', 'AHMA', 'SNDQ', 'ELTX', 'GVH', 'CEPO', 'ICU', 'PLTA', 'PLTG', 'MSTP', 'FIGG', 'SKIL', 'MUZ', 'ZSTK']
08:48:09  Wrote 45 gappers (45 kept): ['EHGO', 'JEM', 'CANF', 'NBIZ', 'CORD', 'AMCI', 'PCLA', 'AHMA', 'SNDQ', 'GVH', 'ELTX', 'CEPO', 'PLTG', 'CRVO', 'PLTA', 'FIGG', 'MUZ', 'SKIL', 'ICU', 'ZSTK']
08:48:57  Wrote 45 gappers (45 kept): ['EHGO', 'JEM', 'CANF', 'NBIZ', 'PCLA', 'CORD', 'AMCI', 'GVH', 'AHMA', 'SNDQ', 'ELTX', 'CEPO', 'PLTA', 'PLTG', 'FIGG', 'CRVO', 'ICU', 'MUZ', 'MSTP', 'SKIL']
08:49:44  Wrote 45 gappers (45 kept): ['EHGO', 'JEM', 'CANF', 'NBIZ', 'PCLA', 'CORD', 'AMCI', 'AHMA', 'SNDQ', 'ELTX', 'GVH', 'CEPO', 'PLTG', 'PLTA', 'FIGG', 'CRVO', 'ICU', 'ASTC', 'MSTP', 'MUZ']
08:50:32  Wrote 45 gappers (45 kept): ['EHGO', 'JEM', 'CANF', 'NBIZ', 'CORD', 'WFCF', 'PCLA', 'AMCI', 'SNDQ', 'ELTX', 'AHMA', 'GVH', 'CEPO', 'PLTG', 'FIGG', 'PLTA', 'ICU', 'MSTP', 'ASTC', 'SKIL']
08:51:19  Wrote 45 gappers (45 kept): ['EHGO', 'JEM', 'CANF', 'NBIZ', 'PCLA', 'CORD', 'WFCF', 'AMCI', 'SNDQ', 'ELTX', 'AHMA', 'CEPO', 'PLTA', 'PLTG', 'FIGG', 'ICU', 'GVH', 'MSTP', 'ASTC', 'SKIL']
08:52:07  Wrote 44 gappers (44 kept): ['EHGO', 'JEM', 'CANF', 'PCLA', 'NBIZ', 'CORD', 'AMCI', 'WFCF', 'SNDQ', 'ELTX', 'CEPO', 'PLTA', 'PLTG', 'GVH', 'FIGG', 'ICU', 'MSTP', 'SKIL', 'MUZ', 'CRVO']
08:52:55  Wrote 44 gappers (44 kept): ['EHGO', 'JEM', 'CANF', 'PCLA', 'NBIZ', 'CORD', 'AMCI', 'WFCF', 'ELTX', 'SNDQ', 'CEPO', 'PLTG', 'GVH', 'PLTA', 'FIGG', 'ICU', 'MSTP', 'MUZ', 'SKIL', 'ZSTK']
08:53:42  Wrote 46 gappers (46 kept): ['EHGO', 'JEM', 'CANF', 'PCLA', 'NBIZ', 'CORD', 'WFCF', 'AMCI', 'RYOJ', 'ELTX', 'AHMA', 'SNDQ', 'GVH', 'CEPO', 'PLTG', 'PLTA', 'FIGG', 'ICU', 'MSTP', 'CRVO']
08:54:30  Wrote 46 gappers (46 kept): ['EHGO', 'JEM', 'CANF', 'PCLA', 'NBIZ', 'CORD', 'AMCI', 'WFCF', 'ELTX', 'RYOJ', 'SNDQ', 'GVH', 'CEPO', 'PLTA', 'ICU', 'PLTG', 'FIGG', 'AHMA', 'MSTP', 'MUZ']
08:55:19  Wrote 46 gappers (46 kept): ['EHGO', 'JEM', 'CANF', 'PCLA', 'NBIZ', 'WFCF', 'CORD', 'AMCI', 'ELTX', 'RYOJ', 'SNDQ', 'GVH', 'CEPO', 'PLTA', 'PLTG', 'AHMA', 'ICU', 'MSTP', 'FIGG', 'MUZ']
08:56:07  Wrote 46 gappers (46 kept): ['EHGO', 'JEM', 'CANF', 'PCLA', 'NBIZ', 'WFCF', 'CORD', 'AMCI', 'RYOJ', 'ELTX', 'SNDQ', 'AHMA', 'GVH', 'CEPO', 'PLTG', 'PLTA', 'MUZ', 'FIGG', 'IREZ', 'SKIL']
08:56:55  Wrote 46 gappers (46 kept): ['EHGO', 'JEM', 'CANF', 'PCLA', 'WFCF', 'NBIZ', 'CORD', 'AMCI', 'RYOJ', 'SNDQ', 'AHMA', 'GVH', 'ELTX', 'CEPO', 'PLTA', 'PLTG', 'ICU', 'MUZ', 'FIGG', 'SKIL']
08:57:43  Wrote 46 gappers (46 kept): ['EHGO', 'JEM', 'CANF', 'WFCF', 'PCLA', 'NBIZ', 'CORD', 'AMCI', 'RYOJ', 'AHMA', 'SNDQ', 'ELTX', 'GVH', 'CEPO', 'PLTG', 'ICU', 'PLTA', 'MUZ', 'FIGG', 'IREZ']
08:58:30  Wrote 46 gappers (46 kept): ['EHGO', 'JEM', 'CANF', 'WFCF', 'PCLA', 'NBIZ', 'CORD', 'AMCI', 'RYOJ', 'AHMA', 'SNDQ', 'GVH', 'ELTX', 'CEPO', 'PLTG', 'ICU', 'PLTA', 'MUZ', 'FIGG', 'CRVO']
08:59:18  Wrote 46 gappers (46 kept): ['EHGO', 'JEM', 'WFCF', 'CANF', 'PCLA', 'NBIZ', 'CORD', 'AMCI', 'RYOJ', 'AHMA', 'SNDQ', 'GVH', 'ELTX', 'CEPO', 'PLTG', 'ICU', 'PLTA', 'MUZ', 'FIGG', 'LITZ']
09:00:08  Wrote 46 gappers (46 kept): ['EHGO', 'JEM', 'CANF', 'PCLA', 'WFCF', 'NBIZ', 'CORD', 'RYOJ', 'AMCI', 'ELTX', 'AHMA', 'SNDQ', 'GVH', 'CEPO', 'PLTG', 'ICU', 'PLTA', 'FIGG', 'MUZ', 'CRVO']
09:00:58  Wrote 46 gappers (46 kept): ['EHGO', 'JEM', 'CANF', 'PCLA', 'WFCF', 'NBIZ', 'CORD', 'RYOJ', 'AMCI', 'ELTX', 'AHMA', 'SNDQ', 'CEPO', 'GVH', 'PLTG', 'ICU', 'PLTA', 'FIGG', 'CRVO', 'MUZ']
09:01:47  Wrote 46 gappers (46 kept): ['EHGO', 'JEM', 'CANF', 'PCLA', 'WFCF', 'NBIZ', 'CORD', 'AMCI', 'RYOJ', 'AHMA', 'ELTX', 'SNDQ', 'GVH', 'CEPO', 'PLTA', 'PLTG', 'ICU', 'MSTP', 'CRVO', 'FIGG']
09:02:36  Wrote 46 gappers (46 kept): ['EHGO', 'PCLA', 'JEM', 'WFCF', 'CANF', 'NBIZ', 'CORD', 'RYOJ', 'AMCI', 'ELTX', 'AHMA', 'SNDQ', 'ICU', 'GVH', 'CEPO', 'PLTG', 'PLTA', 'MSTP', 'CRVO', 'FIGG']
09:03:23  Wrote 46 gappers (46 kept): ['EHGO', 'PCLA', 'JEM', 'WFCF', 'CANF', 'NBIZ', 'AMCI', 'CORD', 'ELTX', 'RYOJ', 'AHMA', 'GVH', 'ICU', 'SNDQ', 'MSTP', 'CEPO', 'PLTG', 'PLTA', 'FIGG', 'CRVO']
09:04:11  Wrote 46 gappers (46 kept): ['EHGO', 'JEM', 'WFCF', 'PCLA', 'CANF', 'NBIZ', 'AMCI', 'CORD', 'ELTX', 'RYOJ', 'AHMA', 'GVH', 'SNDQ', 'MSTP', 'ICU', 'CEPO', 'PLTG', 'PLTA', 'FIGG', 'CRVO']
09:04:59  Wrote 46 gappers (46 kept): ['EHGO', 'JEM', 'WFCF', 'PCLA', 'CANF', 'NBIZ', 'AMCI', 'CORD', 'GVH', 'ELTX', 'RYOJ', 'ICU', 'AHMA', 'SNDQ', 'MSTP', 'CEPO', 'FIGG', 'PLTA', 'PLTG', 'CRVO']
09:05:48  Wrote 46 gappers (46 kept): ['EHGO', 'WFCF', 'JEM', 'CANF', 'PCLA', 'AMCI', 'NBIZ', 'CORD', 'GVH', 'RYOJ', 'ELTX', 'AHMA', 'MSTP', 'SNDQ', 'ICU', 'FIGG', 'CEPO', 'PLTG', 'PLTA', 'CRVO']
09:06:36  Wrote 46 gappers (46 kept): ['EHGO', 'JEM', 'WFCF', 'CANF', 'PCLA', 'NBIZ', 'AMCI', 'CORD', 'GVH', 'ELTX', 'RYOJ', 'AHMA', 'SNDQ', 'MSTP', 'ICU', 'FIGG', 'CEPO', 'PLTA', 'PLTG', 'CRVO']
09:07:24  Wrote 46 gappers (46 kept): ['EHGO', 'JEM', 'WFCF', 'CANF', 'PCLA', 'NBIZ', 'AMCI', 'CORD', 'GVH', 'ELTX', 'AHMA', 'RYOJ', 'SNDQ', 'MSTP', 'PLTG', 'ICU', 'FIGG', 'CEPO', 'PLTA', 'SKIL']
09:08:11  Wrote 47 gappers (47 kept): ['EHGO', 'JEM', 'WFCF', 'CANF', 'PCLA', 'NBIZ', 'AMCI', 'CORD', 'GVH', 'ELTX', 'AHMA', 'SNDQ', 'ICU', 'MSTP', 'CONX', 'RYOJ', 'CEPO', 'FIGG', 'PLTG', 'PLTA']
09:08:59  Wrote 47 gappers (47 kept): ['EHGO', 'JEM', 'WFCF', 'CANF', 'PCLA', 'NBIZ', 'AMCI', 'CORD', 'GVH', 'ELTX', 'SNDQ', 'ICU', 'AHMA', 'RYOJ', 'MSTP', 'CONX', 'CEPO', 'FIGG', 'PLTA', 'PLTG']
09:09:46  Wrote 47 gappers (47 kept): ['EHGO', 'JEM', 'WFCF', 'CANF', 'PCLA', 'NBIZ', 'AMCI', 'CORD', 'GVH', 'ELTX', 'RYOJ', 'ICU', 'AHMA', 'SNDQ', 'MSTP', 'CONX', 'CEPO', 'FIGG', 'FGRU', 'PLTA']
09:10:35  Wrote 47 gappers (47 kept): ['EHGO', 'JEM', 'CANF', 'WFCF', 'PCLA', 'NBIZ', 'AMCI', 'CORD', 'GVH', 'ELTX', 'ICU', 'AHMA', 'SNDQ', 'RYOJ', 'MSTP', 'CONX', 'CEPO', 'FIGG', 'PLTA', 'FGRU']
09:11:23  Wrote 47 gappers (47 kept): ['EHGO', 'JEM', 'WFCF', 'CANF', 'PCLA', 'NBIZ', 'AMCI', 'CORD', 'GVH', 'AHMA', 'RYOJ', 'ELTX', 'MSTP', 'ICU', 'SNDQ', 'FIGG', 'CONX', 'CEPO', 'PLTA', 'FGRU']
09:12:10  Wrote 47 gappers (47 kept): ['JEM', 'EHGO', 'CANF', 'WFCF', 'PCLA', 'NBIZ', 'AMCI', 'CORD', 'GVH', 'RYOJ', 'AHMA', 'ELTX', 'MSTP', 'ICU', 'SNDQ', 'FIGG', 'CONX', 'CEPO', 'PLTG', 'PLTA']
09:12:58  Wrote 47 gappers (47 kept): ['JEM', 'EHGO', 'CANF', 'PCLA', 'NBIZ', 'AMCI', 'CORD', 'WFCF', 'AHMA', 'ELTX', 'GVH', 'MSTP', 'ICU', 'SNDQ', 'CONX', 'RYOJ', 'FGRU', 'FIGG', 'CEPO', 'PLTA']
09:13:45  Wrote 47 gappers (47 kept): ['JEM', 'EHGO', 'CANF', 'PCLA', 'NBIZ', 'AMCI', 'WFCF', 'CORD', 'ELTX', 'GVH', 'ICU', 'MSTP', 'AHMA', 'RYOJ', 'CONX', 'SNDQ', 'FGRU', 'FIGG', 'CEPO', 'PLTA']
09:14:32  Wrote 47 gappers (47 kept): ['JEM', 'EHGO', 'CANF', 'PCLA', 'NBIZ', 'AMCI', 'WFCF', 'CORD', 'ELTX', 'ICU', 'GVH', 'MSTP', 'AHMA', 'CONX', 'SNDQ', 'FGRU', 'FIGG', 'RYOJ', 'CEPO', 'PLTA']
09:15:21  Wrote 47 gappers (47 kept): ['JEM', 'EHGO', 'CANF', 'PCLA', 'AMCI', 'WFCF', 'NBIZ', 'CORD', 'GVH', 'RYOJ', 'ELTX', 'ICU', 'MSTP', 'AHMA', 'CONX', 'FIGG', 'FGRU', 'SNDQ', 'CEPO', 'PLTA']
09:16:10  Wrote 47 gappers (47 kept): ['JEM', 'EHGO', 'CANF', 'PCLA', 'AMCI', 'WFCF', 'NBIZ', 'CORD', 'RYOJ', 'GVH', 'AHMA', 'ICU', 'MSTP', 'ELTX', 'CONX', 'FIGG', 'FGRU', 'SNDQ', 'CEPO', 'PLTA']
09:16:57  Wrote 47 gappers (47 kept): ['JEM', 'EHGO', 'CANF', 'WFCF', 'PCLA', 'AMCI', 'NBIZ', 'CORD', 'GVH', 'AHMA', 'ICU', 'MSTP', 'RYOJ', 'ELTX', 'CONX', 'FIGG', 'FGRU', 'SNDQ', 'CEPO', 'PLTG']
09:17:45  Wrote 47 gappers (47 kept): ['JEM', 'EHGO', 'CANF', 'WFCF', 'AMCI', 'PCLA', 'NBIZ', 'CORD', 'AHMA', 'GVH', 'ICU', 'MSTP', 'RYOJ', 'ELTX', 'FIGG', 'CONX', 'FGRU', 'SNDQ', 'CEPO', 'PLTG']
09:18:32  Wrote 47 gappers (47 kept): ['JEM', 'EHGO', 'CANF', 'WFCF', 'NBIZ', 'AMCI', 'RYOJ', 'ICU', 'CORD', 'GVH', 'PCLA', 'AHMA', 'MSTP', 'ELTX', 'FIGG', 'CONX', 'FGRU', 'CEPO', 'PLTA', 'SNDQ']
09:19:20  Wrote 47 gappers (47 kept): ['EHGO', 'JEM', 'CANF', 'WFCF', 'PCLA', 'NBIZ', 'CORD', 'AMCI', 'RYOJ', 'GVH', 'ICU', 'AHMA', 'MSTP', 'ELTX', 'FGRU', 'FIGG', 'CONX', 'CEPO', 'PLTG', 'PLTA']
09:20:08  Wrote 47 gappers (47 kept): ['EHGO', 'JEM', 'CANF', 'WFCF', 'NBIZ', 'PCLA', 'AMCI', 'CORD', 'RYOJ', 'ICU', 'GVH', 'MSTP', 'FGRU', 'AHMA', 'ELTX', 'CONX', 'FIGG', 'CEPO', 'PLTA', 'SNDQ']
09:20:56  Wrote 47 gappers (47 kept): ['EHGO', 'JEM', 'CANF', 'WFCF', 'PCLA', 'RYOJ', 'ICU', 'NBIZ', 'AMCI', 'GVH', 'CORD', 'MSTP', 'FGRU', 'ELTX', 'AHMA', 'FIGG', 'CONX', 'CEPO', 'PLTA', 'SNDQ']
09:21:43  Wrote 47 gappers (47 kept): ['EHGO', 'JEM', 'CANF', 'WFCF', 'PCLA', 'NBIZ', 'AMCI', 'GVH', 'RYOJ', 'ICU', 'CORD', 'MSTP', 'ELTX', 'FGRU', 'AHMA', 'FIGG', 'CONX', 'CEPO', 'PLTG', 'SNDQ']
09:22:30  Wrote 47 gappers (47 kept): ['JEM', 'EHGO', 'CANF', 'WFCF', 'PCLA', 'NBIZ', 'AMCI', 'ICU', 'GVH', 'CORD', 'RYOJ', 'MSTP', 'FGRU', 'AHMA', 'ELTX', 'FIGG', 'CONX', 'CEPO', 'PLTG', 'PLTA']
09:23:18  Wrote 47 gappers (47 kept): ['JEM', 'EHGO', 'CANF', 'WFCF', 'AMCI', 'ICU', 'NBIZ', 'CORD', 'GVH', 'RYOJ', 'PCLA', 'MSTP', 'ELTX', 'FGRU', 'AHMA', 'FIGG', 'CONX', 'MST', 'CEPO', 'PLTG']
09:24:06  Wrote 48 gappers (48 kept): ['EHGO', 'JEM', 'CANF', 'WFCF', 'RYOJ', 'NBIZ', 'AMCI', 'CORD', 'GVH', 'PCLA', 'ICU', 'MSTP', 'COIA', 'ELTX', 'FGRU', 'AHMA', 'FIGG', 'CONX', 'SNDQ', 'MST']
09:24:53  Wrote 48 gappers (48 kept): ['JEM', 'EHGO', 'CANF', 'WFCF', 'AMCI', 'RYOJ', 'NBIZ', 'CORD', 'ICU', 'MSTP', 'PCLA', 'GVH', 'ELTX', 'COIA', 'FGRU', 'AHMA', 'FIGG', 'MST', 'CONX', 'SNDQ']
09:25:41  Wrote 48 gappers (48 kept): ['EHGO', 'JEM', 'CANF', 'WFCF', 'AMCI', 'NBIZ', 'ICU', 'CORD', 'PCLA', 'MSTP', 'RYOJ', 'ELTX', 'COIA', 'GVH', 'AHMA', 'FGRU', 'FIGG', 'CONX', 'SNDQ', 'MST']
09:26:29  Wrote 48 gappers (48 kept): ['EHGO', 'JEM', 'CANF', 'WFCF', 'AMCI', 'ICU', 'CORD', 'NBIZ', 'RYOJ', 'MSTP', 'PCLA', 'ELTX', 'COIA', 'FGRU', 'AHMA', 'GVH', 'CONX', 'FIGG', 'CEPO', 'CRVO']
09:27:16  Wrote 49 gappers (49 kept): ['EHGO', 'JEM', 'CANF', 'WFCF', 'AMCI', 'ICU', 'NBIZ', 'CORD', 'RYOJ', 'MSTP', 'PCLA', 'COIA', 'ELTX', 'FGRU', 'COIG', 'CONX', 'FIGG', 'AHMA', 'CRVO', 'GVH']
09:28:04  Wrote 49 gappers (49 kept): ['JEM', 'EHGO', 'CANF', 'WFCF', 'AMCI', 'ICU', 'NBIZ', 'CORD', 'MSTP', 'RYOJ', 'ELTX', 'PCLA', 'COIG', 'COIA', 'FGRU', 'CONX', 'FIGG', 'CRVO', 'AHMA', 'PLTA']
09:28:51  Wrote 49 gappers (49 kept): ['JEM', 'EHGO', 'CANF', 'WFCF', 'AMCI', 'ICU', 'RYOJ', 'CORD', 'NBIZ', 'MSTP', 'ELTX', 'COIG', 'COIA', 'FGRU', 'AHMA', 'CRVO', 'CONX', 'FIGG', 'PCLA', 'PLTA']
09:29:40  Wrote 49 gappers (49 kept): ['JEM', 'EHGO', 'CANF', 'WFCF', 'AMCI', 'ICU', 'NBIZ', 'CORD', 'RYOJ', 'MSTP', 'ELTX', 'CRVO', 'COIA', 'FGRU', 'COIG', 'AHMA', 'CONX', 'FIGG', 'GVH', 'MST']
09:30:29  Wrote 49 gappers (49 kept): ['EHGO', 'JEM', 'CANF', 'AMCI', 'WFCF', 'ICU', 'NBIZ', 'CORD', 'RYOJ', 'MSTP', 'ELTX', 'FGRU', 'CRVO', 'COIA', 'COIG', 'PCLA', 'CONX', 'FIGG', 'AHMA', 'GVH']
09:31:22  Wrote 49 gappers (49 kept): ['JEM', 'EHGO', 'CANF', 'ICU', 'AMCI', 'WFCF', 'NBIZ', 'CORD', 'PCLA', 'MSTP', 'GVH', 'ELTX', 'FGRU', 'RYOJ', 'COIG', 'COIA', 'CONX', 'AHMA', 'PLTA', 'FIGG']
09:32:10  Wrote 49 gappers (49 kept): ['JEM', 'EHGO', 'CANF', 'AMCI', 'WFCF', 'ICU', 'RYOJ', 'NBIZ', 'CORD', 'MSTP', 'ELTX', 'COIG', 'COIA', 'PCLA', 'FGRU', 'AHMA', 'CONX', 'FIGG', 'GVH', 'PLTA']
09:32:58  Wrote 49 gappers (49 kept): ['JEM', 'EHGO', 'CANF', 'WFCF', 'AMCI', 'NBIZ', 'ICU', 'RYOJ', 'CORD', 'MSTP', 'PCLA', 'ELTX', 'COIG', 'COIA', 'GVH', 'FGRU', 'CONX', 'CRVO', 'FIGG', 'PLTA']
09:33:46  Wrote 49 gappers (49 kept): ['JEM', 'EHGO', 'CANF', 'WFCF', 'AMCI', 'NBIZ', 'ICU', 'RYOJ', 'CORD', 'MSTP', 'PCLA', 'GVH', 'ELTX', 'COIG', 'COIA', 'CONX', 'AHMA', 'CRVO', 'FGRU', 'FIGG']
09:34:33  Wrote 49 gappers (49 kept): ['JEM', 'EHGO', 'CANF', 'WFCF', 'AMCI', 'NBIZ', 'ICU', 'CORD', 'MSTP', 'RYOJ', 'PCLA', 'ELTX', 'COIG', 'COIA', 'GVH', 'CONX', 'FGRU', 'FIGG', 'AHMA', 'PLTA']
09:35:22  Wrote 49 gappers (49 kept): ['EHGO', 'JEM', 'CANF', 'WFCF', 'AMCI', 'NBIZ', 'ICU', 'RYOJ', 'CORD', 'MSTP', 'PCLA', 'ELTX', 'COIG', 'COIA', 'CONX', 'FGRU', 'FIGG', 'AHMA', 'CRVO', 'PLTA']
09:36:10  Wrote 49 gappers (49 kept): ['EHGO', 'JEM', 'CANF', 'WFCF', 'AMCI', 'NBIZ', 'RYOJ', 'PCLA', 'ICU', 'CORD', 'MSTP', 'ELTX', 'COIA', 'COIG', 'CONX', 'AHMA', 'CRVO', 'FGRU', 'PLTA', 'FIGG']
09:36:57  Wrote 49 gappers (49 kept): ['EHGO', 'JEM', 'CANF', 'WFCF', 'AMCI', 'NBIZ', 'PCLA', 'ICU', 'CORD', 'MSTP', 'RYOJ', 'ELTX', 'COIA', 'COIG', 'CRVO', 'CONX', 'AHMA', 'FIGG', 'GVH', 'PLTA']
09:37:45  Wrote 49 gappers (49 kept): ['EHGO', 'JEM', 'CANF', 'WFCF', 'AMCI', 'PCLA', 'NBIZ', 'ICU', 'RYOJ', 'CORD', 'MSTP', 'ELTX', 'CRVO', 'COIA', 'COIG', 'CONX', 'GVH', 'FIGG', 'PLTA', 'AHMA']
09:38:32  Wrote 49 gappers (49 kept): ['EHGO', 'JEM', 'CANF', 'AMCI', 'WFCF', 'NBIZ', 'ICU', 'RYOJ', 'CORD', 'PCLA', 'MSTP', 'ELTX', 'COIA', 'COIG', 'CRVO', 'CONX', 'FIGG', 'PLTA', 'AHMA', 'CEPO']
09:39:19  Wrote 49 gappers (49 kept): ['EHGO', 'JEM', 'CANF', 'WFCF', 'AMCI', 'NBIZ', 'PCLA', 'ICU', 'CORD', 'RYOJ', 'MSTP', 'ELTX', 'COIA', 'COIG', 'AHMA', 'CRVO', 'CONX', 'FIGG', 'CEPO', 'MST']
09:40:07  Wrote 49 gappers (49 kept): ['EHGO', 'JEM', 'CANF', 'AMCI', 'WFCF', 'ICU', 'NBIZ', 'PCLA', 'CORD', 'RYOJ', 'MSTP', 'ELTX', 'COIA', 'COIG', 'AHMA', 'CRVO', 'CONX', 'FIGG', 'MST', 'CEPO']
09:40:55  Wrote 49 gappers (49 kept): ['EHGO', 'JEM', 'CANF', 'WFCF', 'AMCI', 'NBIZ', 'PCLA', 'ICU', 'CORD', 'RYOJ', 'MSTP', 'ELTX', 'COIA', 'COIG', 'AHMA', 'CONX', 'CRVO', 'FIGG', 'MST', 'CEPO']
09:41:42  Wrote 49 gappers (49 kept): ['EHGO', 'JEM', 'CANF', 'AMCI', 'WFCF', 'PCLA', 'ICU', 'NBIZ', 'CORD', 'RYOJ', 'MSTP', 'ELTX', 'COIA', 'AHMA', 'CONX', 'COIG', 'CEPO', 'MST', 'SNDQ', 'FIGG']
09:42:30  Wrote 49 gappers (49 kept): ['EHGO', 'JEM', 'CANF', 'AMCI', 'WFCF', 'PCLA', 'ICU', 'NBIZ', 'RYOJ', 'CORD', 'AHMA', 'MSTP', 'ELTX', 'COIA', 'CONX', 'COIG', 'CRVO', 'CEPO', 'MST', 'FIGG']
09:43:17  Wrote 49 gappers (49 kept): ['JEM', 'EHGO', 'CANF', 'WFCF', 'AMCI', 'PCLA', 'NBIZ', 'ICU', 'RYOJ', 'CORD', 'MSTP', 'COIA', 'COIG', 'AHMA', 'CONX', 'ELTX', 'CRVO', 'CEPO', 'MST', 'FIGG']
09:44:05  Wrote 49 gappers (49 kept): ['JEM', 'EHGO', 'CANF', 'WFCF', 'PCLA', 'AMCI', 'NBIZ', 'ICU', 'RYOJ', 'CORD', 'MSTP', 'CONX', 'COIA', 'COIG', 'AHMA', 'ELTX', 'CRVO', 'FIGG', 'CEPO', 'MST']
09:44:52  Wrote 49 gappers (49 kept): ['EHGO', 'JEM', 'CANF', 'PCLA', 'WFCF', 'AMCI', 'NBIZ', 'CORD', 'RYOJ', 'ICU', 'MSTP', 'AHMA', 'CONX', 'COIA', 'COIG', 'ELTX', 'CRVO', 'FIGG', 'PLTG', 'CEPO']
09:45:40  Wrote 49 gappers (49 kept): ['EHGO', 'JEM', 'CANF', 'PCLA', 'WFCF', 'AMCI', 'NBIZ', 'CORD', 'ICU', 'RYOJ', 'MSTP', 'CONX', 'COIG', 'COIA', 'AHMA', 'ELTX', 'CRVO', 'FIGG', 'SNDQ', 'CEPO']
09:46:28  Wrote 49 gappers (49 kept): ['EHGO', 'JEM', 'CANF', 'PCLA', 'WFCF', 'AMCI', 'NBIZ', 'CORD', 'RYOJ', 'MSTP', 'AHMA', 'ICU', 'CONX', 'COIG', 'COIA', 'ELTX', 'FIGG', 'CRVO', 'SNDQ', 'CEPO']
09:47:16  Wrote 49 gappers (49 kept): ['EHGO', 'JEM', 'CANF', 'PCLA', 'AMCI', 'WFCF', 'NBIZ', 'RYOJ', 'CORD', 'ICU', 'MSTP', 'AHMA', 'CONX', 'COIG', 'COIA', 'ELTX', 'CRVO', 'FIGG', 'GVH', 'CEPO']
09:48:04  Wrote 49 gappers (49 kept): ['EHGO', 'JEM', 'CANF', 'PCLA', 'AMCI', 'WFCF', 'NBIZ', 'CORD', 'RYOJ', 'ICU', 'MSTP', 'AHMA', 'CONX', 'COIG', 'COIA', 'CRVO', 'FIGG', 'ELTX', 'MST', 'SNDQ']
09:48:52  Wrote 49 gappers (49 kept): ['EHGO', 'JEM', 'CANF', 'AMCI', 'WFCF', 'PCLA', 'NBIZ', 'CORD', 'RYOJ', 'MSTP', 'ICU', 'AHMA', 'CONX', 'COIG', 'COIA', 'CRVO', 'FIGG', 'ELTX', 'PLTG', 'MST']
09:49:39  Wrote 49 gappers (49 kept): ['EHGO', 'JEM', 'CANF', 'PCLA', 'WFCF', 'AMCI', 'NBIZ', 'CORD', 'MSTP', 'RYOJ', 'ICU', 'CONX', 'COIG', 'COIA', 'AHMA', 'FIGG', 'CRVO', 'ELTX', 'SNDQ', 'CEPO']
09:50:28  Wrote 49 gappers (49 kept): ['EHGO', 'JEM', 'CANF', 'WFCF', 'PCLA', 'NBIZ', 'CORD', 'AMCI', 'RYOJ', 'MSTP', 'ICU', 'AHMA', 'CONX', 'COIA', 'COIG', 'FIGG', 'ELTX', 'CRVO', 'SNDQ', 'GVH']
09:51:16  Wrote 49 gappers (49 kept): ['EHGO', 'JEM', 'CANF', 'WFCF', 'PCLA', 'NBIZ', 'CORD', 'AMCI', 'RYOJ', 'ICU', 'AHMA', 'MSTP', 'CONX', 'COIA', 'COIG', 'GVH', 'CRVO', 'FIGG', 'ELTX', 'CEPO']
09:52:04  Wrote 49 gappers (49 kept): ['EHGO', 'JEM', 'CANF', 'WFCF', 'PCLA', 'NBIZ', 'CORD', 'AMCI', 'ICU', 'RYOJ', 'MSTP', 'CONX', 'COIA', 'GVH', 'AHMA', 'COIG', 'CRVO', 'ELTX', 'FIGG', 'SNDQ']
09:52:52  Wrote 49 gappers (49 kept): ['EHGO', 'JEM', 'CANF', 'WFCF', 'PCLA', 'NBIZ', 'AMCI', 'CORD', 'ICU', 'RYOJ', 'AHMA', 'MSTP', 'CONX', 'COIA', 'COIG', 'ELTX', 'CRVO', 'FIGG', 'GVH', 'SNDQ']
09:53:39  Wrote 49 gappers (49 kept): ['EHGO', 'JEM', 'CANF', 'WFCF', 'NBIZ', 'CORD', 'AMCI', 'PCLA', 'ICU', 'MSTP', 'RYOJ', 'COIG', 'AHMA', 'CONX', 'COIA', 'CRVO', 'ELTX', 'FIGG', 'CEPO', 'SNDQ']
09:54:27  Wrote 49 gappers (49 kept): ['EHGO', 'JEM', 'CANF', 'WFCF', 'PCLA', 'NBIZ', 'CORD', 'AMCI', 'ICU', 'AHMA', 'MSTP', 'RYOJ', 'COIG', 'CONX', 'ELTX', 'COIA', 'FIGG', 'CRVO', 'CEPO', 'SNDQ']
09:55:15  Wrote 49 gappers (49 kept): ['EHGO', 'JEM', 'CANF', 'WFCF', 'NBIZ', 'PCLA', 'CORD', 'AMCI', 'ICU', 'RYOJ', 'AHMA', 'MSTP', 'CONX', 'COIG', 'COIA', 'ELTX', 'CRVO', 'FIGG', 'SNDQ', 'CEPO']
09:56:04  Wrote 49 gappers (49 kept): ['EHGO', 'JEM', 'CANF', 'PCLA', 'WFCF', 'NBIZ', 'AMCI', 'CORD', 'ICU', 'MSTP', 'RYOJ', 'COIG', 'CONX', 'AHMA', 'ELTX', 'COIA', 'CRVO', 'FIGG', 'SNDQ', 'CEPO']
09:56:52  Wrote 49 gappers (49 kept): ['EHGO', 'JEM', 'CANF', 'WFCF', 'PCLA', 'NBIZ', 'CORD', 'ICU', 'MSTP', 'RYOJ', 'COIG', 'CONX', 'AHMA', 'ELTX', 'COIA', 'AMCI', 'FIGG', 'CRVO', 'SNDQ', 'GVH']
09:57:40  Wrote 49 gappers (49 kept): ['EHGO', 'JEM', 'CANF', 'WFCF', 'PCLA', 'NBIZ', 'CORD', 'AMCI', 'ICU', 'MSTP', 'RYOJ', 'COIG', 'CONX', 'AHMA', 'ELTX', 'COIA', 'FIGG', 'CRVO', 'SKIL', 'GVH']
09:58:28  Wrote 49 gappers (49 kept): ['EHGO', 'JEM', 'CANF', 'WFCF', 'PCLA', 'NBIZ', 'CORD', 'ICU', 'MSTP', 'COIA', 'COIG', 'CONX', 'ELTX', 'AHMA', 'AMCI', 'GVH', 'RYOJ', 'FIGG', 'SKIL', 'CRVO']
09:59:16  Wrote 49 gappers (49 kept): ['EHGO', 'JEM', 'CANF', 'WFCF', 'PCLA', 'NBIZ', 'CORD', 'AMCI', 'ICU', 'COIG', 'CONX', 'MSTP', 'COIA', 'ELTX', 'RYOJ', 'GVH', 'FIGG', 'CRVO', 'AHMA', 'SKIL']
10:00:06  Wrote 49 gappers (49 kept): ['EHGO', 'JEM', 'CANF', 'WFCF', 'NBIZ', 'PCLA', 'CORD', 'ICU', 'CONX', 'COIG', 'AMCI', 'MSTP', 'COIA', 'ELTX', 'RYOJ', 'FIGG', 'CRVO', 'AHMA', 'SKIL', 'PLTG']
10:00:58  Wrote 49 gappers (49 kept): ['EHGO', 'JEM', 'CANF', 'WFCF', 'NBIZ', 'PCLA', 'CORD', 'CONX', 'COIG', 'ICU', 'MSTP', 'COIA', 'RYOJ', 'ELTX', 'AMCI', 'FIGG', 'CRVO', 'AHMA', 'SKIL', 'PLTA']
10:01:48  Wrote 49 gappers (49 kept): ['EHGO', 'JEM', 'CANF', 'WFCF', 'NBIZ', 'PCLA', 'CORD', 'AMCI', 'COIG', 'CONX', 'ICU', 'MSTP', 'RYOJ', 'COIA', 'ELTX', 'FIGG', 'CRVO', 'AHMA', 'SKIL', 'PLTA']
10:02:37  Wrote 49 gappers (49 kept): ['EHGO', 'JEM', 'CANF', 'WFCF', 'NBIZ', 'CORD', 'AMCI', 'MSTP', 'COIG', 'CONX', 'ICU', 'RYOJ', 'COIA', 'ELTX', 'PCLA', 'CRVO', 'FIGG', 'AHMA', 'SKIL', 'PLTA']
10:03:26  Wrote 49 gappers (49 kept): ['EHGO', 'JEM', 'CANF', 'WFCF', 'NBIZ', 'CORD', 'MSTP', 'AMCI', 'COIG', 'CONX', 'ICU', 'RYOJ', 'CRVO', 'COIA', 'ELTX', 'FIGG', 'PCLA', 'AHMA', 'SKIL', 'PLTA']
10:04:15  Wrote 49 gappers (49 kept): ['EHGO', 'JEM', 'CANF', 'WFCF', 'NBIZ', 'ICU', 'CORD', 'AMCI', 'MSTP', 'COIG', 'PCLA', 'CONX', 'CRVO', 'RYOJ', 'COIA', 'ELTX', 'FIGG', 'AHMA', 'SKIL', 'PLTA']
10:05:04  Wrote 49 gappers (49 kept): ['EHGO', 'JEM', 'CANF', 'WFCF', 'NBIZ', 'ICU', 'CORD', 'AMCI', 'MSTP', 'COIG', 'CRVO', 'CONX', 'ELTX', 'RYOJ', 'COIA', 'AHMA', 'FIGG', 'SKIL', 'PLTA', 'MST']
10:05:53  Wrote 49 gappers (49 kept): ['EHGO', 'JEM', 'CANF', 'WFCF', 'NBIZ', 'ICU', 'AMCI', 'CORD', 'MSTP', 'COIG', 'CONX', 'CRVO', 'PCLA', 'RYOJ', 'COIA', 'ELTX', 'AHMA', 'FIGG', 'SKIL', 'PLTA']
10:06:41  Wrote 49 gappers (49 kept): ['EHGO', 'JEM', 'CANF', 'WFCF', 'NBIZ', 'ICU', 'AMCI', 'CORD', 'MSTP', 'PCLA', 'COIG', 'CONX', 'ELTX', 'CRVO', 'COIA', 'RYOJ', 'AHMA', 'FIGG', 'PLTA', 'MST']
10:07:29  Wrote 49 gappers (49 kept): ['EHGO', 'JEM', 'CANF', 'WFCF', 'NBIZ', 'ICU', 'CORD', 'MSTP', 'COIG', 'AMCI', 'PCLA', 'ELTX', 'CONX', 'CRVO', 'COIA', 'RYOJ', 'AHMA', 'FIGG', 'PLTA', 'MST']
10:08:17  Wrote 49 gappers (49 kept): ['EHGO', 'JEM', 'CANF', 'WFCF', 'NBIZ', 'MSTP', 'CORD', 'ICU', 'COIG', 'CRVO', 'AMCI', 'ELTX', 'CONX', 'COIA', 'AHMA', 'PCLA', 'RYOJ', 'FIGG', 'PLTA', 'MST']
10:09:04  Wrote 49 gappers (49 kept): ['EHGO', 'JEM', 'CANF', 'WFCF', 'NBIZ', 'MSTP', 'CORD', 'ICU', 'CRVO', 'AMCI', 'COIG', 'ELTX', 'CONX', 'PCLA', 'COIA', 'AHMA', 'RYOJ', 'FIGG', 'PLTA', 'MST']
10:09:52  Wrote 49 gappers (49 kept): ['JEM', 'EHGO', 'CANF', 'WFCF', 'NBIZ', 'MSTP', 'CORD', 'AMCI', 'COIG', 'CONX', 'CRVO', 'ICU', 'COIA', 'PCLA', 'ELTX', 'AHMA', 'RYOJ', 'FIGG', 'PLTA', 'MST']
10:10:40  Wrote 49 gappers (49 kept): ['EHGO', 'JEM', 'CANF', 'WFCF', 'NBIZ', 'CRVO', 'CORD', 'MSTP', 'AMCI', 'CONX', 'COIG', 'ICU', 'COIA', 'ELTX', 'AHMA', 'RYOJ', 'FIGG', 'PCLA', 'PLTA', 'MST']
10:11:28  Wrote 49 gappers (49 kept): ['EHGO', 'JEM', 'CANF', 'WFCF', 'NBIZ', 'CRVO', 'CORD', 'MSTP', 'AMCI', 'CONX', 'COIG', 'ICU', 'COIA', 'ELTX', 'GVH', 'RYOJ', 'AHMA', 'PCLA', 'PLTA', 'FIGG']
10:12:16  Wrote 49 gappers (49 kept): ['EHGO', 'JEM', 'CANF', 'WFCF', 'NBIZ', 'CRVO', 'CORD', 'MSTP', 'AMCI', 'COIG', 'CONX', 'ICU', 'COIA', 'ELTX', 'PCLA', 'RYOJ', 'SKIL', 'AHMA', 'PLTA', 'MST']
10:13:04  Wrote 49 gappers (49 kept): ['EHGO', 'JEM', 'CANF', 'WFCF', 'NBIZ', 'AMCI', 'MSTP', 'CORD', 'CRVO', 'COIG', 'CONX', 'ICU', 'COIA', 'ELTX', 'PCLA', 'RYOJ', 'AHMA', 'PLTA', 'MST', 'SKIL']
10:13:52  Wrote 49 gappers (49 kept): ['EHGO', 'JEM', 'CANF', 'WFCF', 'NBIZ', 'AMCI', 'MSTP', 'CORD', 'COIG', 'CONX', 'CRVO', 'ICU', 'COIA', 'ELTX', 'PCLA', 'SKIL', 'RYOJ', 'MST', 'UMAL', 'AHMA']
10:14:39  Wrote 49 gappers (49 kept): ['EHGO', 'JEM', 'CANF', 'WFCF', 'NBIZ', 'AMCI', 'MSTP', 'CORD', 'COIG', 'CONX', 'CRVO', 'ICU', 'COIA', 'PCLA', 'ELTX', 'SKIL', 'MST', 'UMAL', 'AHMA', 'PLTA']
10:15:28  Wrote 49 gappers (49 kept): ['EHGO', 'JEM', 'WFCF', 'CANF', 'NBIZ', 'MSTP', 'AMCI', 'CORD', 'ICU', 'COIG', 'CONX', 'CRVO', 'COIA', 'PCLA', 'ELTX', 'SKIL', 'MST', 'UMAL', 'AHMA', 'PLTA']
10:16:16  Wrote 49 gappers (49 kept): ['EHGO', 'JEM', 'WFCF', 'CANF', 'NBIZ', 'PCLA', 'AMCI', 'ICU', 'MSTP', 'CORD', 'CRVO', 'COIG', 'COIA', 'CONX', 'ELTX', 'SKIL', 'MST', 'UMAL', 'AHMA', 'PLTA']
10:17:04  Wrote 49 gappers (49 kept): ['JEM', 'EHGO', 'CANF', 'WFCF', 'NBIZ', 'PCLA', 'AMCI', 'ICU', 'MSTP', 'CORD', 'CRVO', 'COIG', 'COIA', 'CONX', 'ELTX', 'SKIL', 'MST', 'UMAL', 'AHMA', 'PLTA']
10:17:51  Wrote 49 gappers (49 kept): ['JEM', 'EHGO', 'CANF', 'WFCF', 'NBIZ', 'MSTP', 'AMCI', 'CRVO', 'ICU', 'CORD', 'PCLA', 'COIG', 'COIA', 'CONX', 'ELTX', 'SKIL', 'MST', 'UMAL', 'AHMA', 'PLTA']
10:18:39  Wrote 49 gappers (49 kept): ['JEM', 'EHGO', 'CANF', 'WFCF', 'NBIZ', 'MSTP', 'AMCI', 'ICU', 'CORD', 'CRVO', 'PCLA', 'COIG', 'COIA', 'CONX', 'ELTX', 'SKIL', 'MST', 'UMAL', 'SNDQ', 'PLTA']
10:19:26  Wrote 49 gappers (49 kept): ['JEM', 'EHGO', 'CANF', 'WFCF', 'NBIZ', 'AMCI', 'MSTP', 'ICU', 'CORD', 'CRVO', 'COIG', 'COIA', 'CONX', 'PCLA', 'GVH', 'ELTX', 'SKIL', 'MST', 'UMAL', 'CEPO']
10:20:15  Wrote 49 gappers (49 kept): ['JEM', 'EHGO', 'CANF', 'WFCF', 'NBIZ', 'MSTP', 'AMCI', 'ICU', 'CORD', 'CRVO', 'COIG', 'COIA', 'CONX', 'PCLA', 'ELTX', 'SKIL', 'MST', 'UMAL', 'GVH', 'CEPO']
10:21:03  Wrote 49 gappers (49 kept): ['JEM', 'EHGO', 'CANF', 'WFCF', 'NBIZ', 'MSTP', 'AMCI', 'ICU', 'CORD', 'CRVO', 'COIG', 'COIA', 'CONX', 'ELTX', 'PCLA', 'SKIL', 'MST', 'UMAL', 'GVH', 'CEPO']
10:21:50  Wrote 49 gappers (49 kept): ['JEM', 'EHGO', 'CANF', 'WFCF', 'NBIZ', 'MSTP', 'AMCI', 'ICU', 'CORD', 'PCLA', 'CRVO', 'COIG', 'COIA', 'CONX', 'ELTX', 'SKIL', 'MST', 'GVH', 'UMAL', 'CEPO']
10:22:38  Wrote 49 gappers (49 kept): ['JEM', 'EHGO', 'CANF', 'WFCF', 'NBIZ', 'ICU', 'AMCI', 'MSTP', 'CORD', 'PCLA', 'CRVO', 'COIG', 'COIA', 'CONX', 'ELTX', 'SKIL', 'MST', 'UMAL', 'CEPO', 'AHMA']
10:23:26  Wrote 49 gappers (49 kept): ['JEM', 'EHGO', 'CANF', 'WFCF', 'NBIZ', 'PCLA', 'ICU', 'AMCI', 'CORD', 'MSTP', 'CRVO', 'COIG', 'COIA', 'CONX', 'ELTX', 'SKIL', 'UMAL', 'AHMA', 'CEPO', 'MST']
10:24:13  Wrote 49 gappers (49 kept): ['JEM', 'EHGO', 'CANF', 'WFCF', 'NBIZ', 'CRVO', 'AMCI', 'CORD', 'MSTP', 'PCLA', 'ICU', 'COIG', 'COIA', 'CONX', 'SKIL', 'ELTX', 'UMAL', 'AHMA', 'CEPO', 'MST']
10:25:01  Wrote 49 gappers (49 kept): ['JEM', 'EHGO', 'CANF', 'WFCF', 'NBIZ', 'PCLA', 'AMCI', 'CORD', 'MSTP', 'CRVO', 'ICU', 'COIG', 'CONX', 'COIA', 'ELTX', 'SKIL', 'UMAL', 'AHMA', 'CEPO', 'MST']
10:25:49  Wrote 49 gappers (49 kept): ['JEM', 'EHGO', 'CANF', 'WFCF', 'AMCI', 'NBIZ', 'PCLA', 'CORD', 'ICU', 'MSTP', 'CRVO', 'COIG', 'CONX', 'ELTX', 'COIA', 'SKIL', 'AHMA', 'CEPO', 'SNDQ', 'MST']
10:26:36  Wrote 49 gappers (49 kept): ['JEM', 'EHGO', 'CANF', 'WFCF', 'AMCI', 'NBIZ', 'PCLA', 'CORD', 'ICU', 'MSTP', 'CRVO', 'COIG', 'CONX', 'ELTX', 'COIA', 'SKIL', 'AHMA', 'CEPO', 'MST', 'SNDQ']
10:27:23  Wrote 49 gappers (49 kept): ['JEM', 'EHGO', 'CANF', 'WFCF', 'NBIZ', 'AMCI', 'CORD', 'PCLA', 'ICU', 'MSTP', 'CRVO', 'ELTX', 'COIG', 'CONX', 'COIA', 'SKIL', 'SNDQ', 'AHMA', 'CEPO', 'MST']
10:28:11  Wrote 49 gappers (49 kept): ['JEM', 'EHGO', 'CANF', 'WFCF', 'AMCI', 'NBIZ', 'PCLA', 'CORD', 'ICU', 'MSTP', 'CRVO', 'COIG', 'CONX', 'ELTX', 'COIA', 'SKIL', 'CEPO', 'MST', 'SNDQ', 'AHMA']
10:28:58  Wrote 49 gappers (49 kept): ['JEM', 'EHGO', 'CANF', 'WFCF', 'AMCI', 'NBIZ', 'PCLA', 'CORD', 'ICU', 'MSTP', 'CRVO', 'COIG', 'ELTX', 'CONX', 'COIA', 'SKIL', 'SNDQ', 'CEPO', 'MST', 'AHMA']
10:29:46  Wrote 49 gappers (49 kept): ['JEM', 'EHGO', 'CANF', 'WFCF', 'NBIZ', 'PCLA', 'CORD', 'AMCI', 'ICU', 'MSTP', 'ELTX', 'COIG', 'CRVO', 'CONX', 'COIA', 'SKIL', 'SNDQ', 'AHMA', 'CEPO', 'MST']
10:30:36  Wrote 49 gappers (49 kept): ['JEM', 'EHGO', 'CANF', 'WFCF', 'AMCI', 'NBIZ', 'CORD', 'PCLA', 'ICU', 'MSTP', 'ELTX', 'COIG', 'CRVO', 'CONX', 'COIA', 'SKIL', 'GVH', 'SNDQ', 'AHMA', 'CEPO']
10:31:26  Wrote 49 gappers (49 kept): ['JEM', 'EHGO', 'CANF', 'WFCF', 'AMCI', 'NBIZ', 'PCLA', 'CORD', 'MSTP', 'ICU', 'COIG', 'ELTX', 'CONX', 'COIA', 'CRVO', 'SKIL', 'AHMA', 'SNDQ', 'CEPO', 'MST']
10:32:15  Wrote 49 gappers (49 kept): ['JEM', 'EHGO', 'CANF', 'WFCF', 'AMCI', 'NBIZ', 'PCLA', 'MSTP', 'CORD', 'ICU', 'COIG', 'ELTX', 'CONX', 'COIA', 'CRVO', 'SKIL', 'AHMA', 'SNDQ', 'CEPO', 'MST']
10:33:03  Wrote 49 gappers (49 kept): ['JEM', 'EHGO', 'CANF', 'WFCF', 'AMCI', 'NBIZ', 'MSTP', 'CORD', 'PCLA', 'ICU', 'COIG', 'ELTX', 'CONX', 'COIA', 'CRVO', 'SKIL', 'AHMA', 'SNDQ', 'CEPO', 'MST']
10:33:51  Wrote 49 gappers (49 kept): ['JEM', 'EHGO', 'CANF', 'WFCF', 'AMCI', 'NBIZ', 'MSTP', 'PCLA', 'CORD', 'ICU', 'COIG', 'ELTX', 'CONX', 'COIA', 'CRVO', 'SKIL', 'SNDQ', 'CEPO', 'MST', 'AHMA']
10:34:38  Wrote 49 gappers (49 kept): ['JEM', 'EHGO', 'CANF', 'WFCF', 'AMCI', 'NBIZ', 'MSTP', 'CORD', 'PCLA', 'ICU', 'COIG', 'ELTX', 'CONX', 'COIA', 'CRVO', 'SKIL', 'SNDQ', 'CEPO', 'MST', 'UMAL']
10:35:26  Wrote 49 gappers (49 kept): ['JEM', 'EHGO', 'CANF', 'WFCF', 'AMCI', 'NBIZ', 'CORD', 'MSTP', 'PCLA', 'ICU', 'COIG', 'ELTX', 'CONX', 'COIA', 'CRVO', 'SKIL', 'SNDQ', 'CEPO', 'MST', 'UMAL']
10:36:15  Wrote 49 gappers (49 kept): ['JEM', 'EHGO', 'CANF', 'WFCF', 'AMCI', 'NBIZ', 'CORD', 'MSTP', 'PCLA', 'ICU', 'COIG', 'ELTX', 'CONX', 'COIA', 'SKIL', 'CRVO', 'GVH', 'CEPO', 'MST', 'UMAL']
10:37:02  Wrote 49 gappers (49 kept): ['JEM', 'EHGO', 'CANF', 'WFCF', 'NBIZ', 'AMCI', 'CORD', 'PCLA', 'MSTP', 'ICU', 'COIG', 'ELTX', 'CONX', 'COIA', 'SKIL', 'CRVO', 'SNDQ', 'CEPO', 'MST', 'UMAL']
10:37:50  Wrote 49 gappers (49 kept): ['JEM', 'EHGO', 'CANF', 'WFCF', 'NBIZ', 'PCLA', 'AMCI', 'CORD', 'MSTP', 'ICU', 'COIG', 'ELTX', 'CONX', 'COIA', 'CRVO', 'SKIL', 'SNDQ', 'CEPO', 'MST', 'UMAL']
10:38:37  Wrote 48 gappers (48 kept): ['JEM', 'EHGO', 'CANF', 'WFCF', 'AMCI', 'NBIZ', 'PCLA', 'CORD', 'MSTP', 'ICU', 'COIG', 'ELTX', 'CONX', 'COIA', 'CRVO', 'SKIL', 'CEPO', 'MST', 'UMAL', 'SNDQ']
10:39:24  Wrote 48 gappers (48 kept): ['JEM', 'EHGO', 'CANF', 'WFCF', 'AMCI', 'NBIZ', 'PCLA', 'ICU', 'CORD', 'MSTP', 'ELTX', 'COIG', 'CONX', 'COIA', 'CRVO', 'GVH', 'SKIL', 'CEPO', 'MST', 'UMAL']
10:40:12  Wrote 48 gappers (48 kept): ['JEM', 'EHGO', 'CANF', 'WFCF', 'NBIZ', 'AMCI', 'PCLA', 'ICU', 'MSTP', 'CORD', 'ELTX', 'COIG', 'CRVO', 'CONX', 'COIA', 'SKIL', 'CEPO', 'SNDQ', 'MST', 'GVH']
10:41:00  Wrote 48 gappers (48 kept): ['JEM', 'EHGO', 'CANF', 'WFCF', 'NBIZ', 'AMCI', 'ICU', 'CORD', 'MSTP', 'PCLA', 'COIG', 'ELTX', 'CONX', 'COIA', 'CRVO', 'SKIL', 'SNDQ', 'CEPO', 'MST', 'FGRU']
10:41:47  Wrote 48 gappers (48 kept): ['JEM', 'EHGO', 'CANF', 'WFCF', 'NBIZ', 'AMCI', 'ICU', 'CORD', 'MSTP', 'PCLA', 'COIG', 'ELTX', 'CONX', 'COIA', 'CRVO', 'SKIL', 'CEPO', 'MST', 'SNDQ', 'FGRU']
10:42:35  Wrote 48 gappers (48 kept): ['JEM', 'EHGO', 'CANF', 'WFCF', 'NBIZ', 'AMCI', 'ICU', 'CORD', 'MSTP', 'PCLA', 'ELTX', 'COIG', 'CONX', 'COIA', 'CRVO', 'SKIL', 'CEPO', 'MST', 'SNDQ', 'FGRU']
10:43:22  Wrote 48 gappers (48 kept): ['JEM', 'EHGO', 'CANF', 'WFCF', 'ICU', 'NBIZ', 'AMCI', 'CORD', 'PCLA', 'MSTP', 'ELTX', 'COIG', 'CONX', 'COIA', 'CRVO', 'SKIL', 'GVH', 'CEPO', 'MST', 'SNDQ']
10:44:10  Wrote 48 gappers (48 kept): ['JEM', 'EHGO', 'CANF', 'WFCF', 'ICU', 'NBIZ', 'AMCI', 'CORD', 'MSTP', 'PCLA', 'COIG', 'ELTX', 'CONX', 'COIA', 'CRVO', 'SKIL', 'GVH', 'CEPO', 'SNDQ', 'MST']
10:44:57  Wrote 48 gappers (48 kept): ['JEM', 'EHGO', 'CANF', 'WFCF', 'NBIZ', 'ICU', 'AMCI', 'PCLA', 'CORD', 'MSTP', 'COIG', 'ELTX', 'CONX', 'COIA', 'CRVO', 'SKIL', 'GVH', 'CEPO', 'MST', 'SNDQ']
10:45:45  Wrote 48 gappers (48 kept): ['JEM', 'EHGO', 'CANF', 'WFCF', 'ICU', 'NBIZ', 'AMCI', 'PCLA', 'CORD', 'MSTP', 'ELTX', 'COIG', 'CONX', 'COIA', 'CRVO', 'SKIL', 'GVH', 'CEPO', 'MST', 'SNDQ']
10:46:33  Wrote 48 gappers (48 kept): ['JEM', 'EHGO', 'CANF', 'WFCF', 'ICU', 'NBIZ', 'PCLA', 'AMCI', 'CORD', 'MSTP', 'COIG', 'CONX', 'ELTX', 'COIA', 'CRVO', 'SKIL', 'GVH', 'CEPO', 'MST', 'SNDQ']
10:47:21  Wrote 48 gappers (48 kept): ['JEM', 'EHGO', 'CANF', 'WFCF', 'NBIZ', 'PCLA', 'AMCI', 'ICU', 'CORD', 'MSTP', 'COIG', 'COIA', 'CONX', 'ELTX', 'CRVO', 'SKIL', 'GVH', 'CEPO', 'MST', 'FGRU']
10:48:08  Wrote 48 gappers (48 kept): ['JEM', 'EHGO', 'CANF', 'WFCF', 'NBIZ', 'ICU', 'PCLA', 'CORD', 'MSTP', 'ELTX', 'AMCI', 'COIG', 'COIA', 'CONX', 'CRVO', 'SKIL', 'GVH', 'CEPO', 'MST', 'FGRU']
10:48:55  Wrote 48 gappers (48 kept): ['JEM', 'EHGO', 'CANF', 'WFCF', 'NBIZ', 'ICU', 'PCLA', 'AMCI', 'CORD', 'MSTP', 'ELTX', 'COIG', 'COIA', 'CONX', 'CRVO', 'SKIL', 'CEPO', 'MST', 'FGRU', 'GVH']
10:49:43  Wrote 48 gappers (48 kept): ['JEM', 'EHGO', 'CANF', 'WFCF', 'NBIZ', 'ICU', 'PCLA', 'AMCI', 'CORD', 'MSTP', 'ELTX', 'COIA', 'CONX', 'COIG', 'RYOJ', 'CRVO', 'SKIL', 'CEPO', 'MST', 'FGRU']
10:50:30  Wrote 48 gappers (48 kept): ['JEM', 'EHGO', 'CANF', 'WFCF', 'NBIZ', 'AMCI', 'ICU', 'PCLA', 'CORD', 'MSTP', 'ELTX', 'COIA', 'CONX', 'COIG', 'RYOJ', 'CRVO', 'SKIL', 'CEPO', 'MST', 'SNDQ']
10:51:18  Wrote 48 gappers (48 kept): ['JEM', 'EHGO', 'CANF', 'WFCF', 'PCLA', 'NBIZ', 'ICU', 'AMCI', 'CORD', 'MSTP', 'ELTX', 'COIA', 'CONX', 'RYOJ', 'COIG', 'CRVO', 'SKIL', 'CEPO', 'MST', 'SNDQ']
10:52:05  Wrote 48 gappers (48 kept): ['JEM', 'EHGO', 'CANF', 'WFCF', 'NBIZ', 'ICU', 'PCLA', 'CORD', 'AMCI', 'MSTP', 'ELTX', 'COIA', 'CONX', 'RYOJ', 'COIG', 'SKIL', 'CRVO', 'GVH', 'FGRU', 'CEPO']
10:52:53  Wrote 48 gappers (48 kept): ['JEM', 'EHGO', 'CANF', 'WFCF', 'NBIZ', 'ICU', 'PCLA', 'CORD', 'AMCI', 'MSTP', 'ELTX', 'COIA', 'CONX', 'RYOJ', 'COIG', 'SKIL', 'CRVO', 'GVH', 'FGRU', 'SNDQ']
10:53:40  Wrote 48 gappers (48 kept): ['JEM', 'EHGO', 'CANF', 'WFCF', 'NBIZ', 'ICU', 'PCLA', 'AMCI', 'CORD', 'MSTP', 'ELTX', 'SKIL', 'COIA', 'CONX', 'RYOJ', 'COIG', 'CRVO', 'FGRU', 'SNDQ', 'CEPO']
10:54:27  Wrote 48 gappers (48 kept): ['JEM', 'EHGO', 'CANF', 'WFCF', 'NBIZ', 'PCLA', 'AMCI', 'CORD', 'ICU', 'ELTX', 'SKIL', 'MSTP', 'COIA', 'CONX', 'RYOJ', 'COIG', 'CRVO', 'FGRU', 'SNDQ', 'CEPO']
10:55:14  Wrote 48 gappers (48 kept): ['JEM', 'EHGO', 'CANF', 'WFCF', 'NBIZ', 'PCLA', 'AMCI', 'ICU', 'CORD', 'ELTX', 'SKIL', 'MSTP', 'COIA', 'CONX', 'RYOJ', 'COIG', 'CRVO', 'FGRU', 'MST', 'SNDQ']
10:56:03  Wrote 48 gappers (48 kept): ['JEM', 'EHGO', 'CANF', 'WFCF', 'NBIZ', 'PCLA', 'CORD', 'AMCI', 'ICU', 'ELTX', 'MSTP', 'COIA', 'SKIL', 'CONX', 'RYOJ', 'COIG', 'CRVO', 'GVH', 'FGRU', 'SNDQ']
10:56:50  Wrote 48 gappers (48 kept): ['JEM', 'EHGO', 'CANF', 'WFCF', 'NBIZ', 'PCLA', 'CORD', 'AMCI', 'ICU', 'ELTX', 'MSTP', 'COIA', 'SKIL', 'CONX', 'RYOJ', 'CRVO', 'COIG', 'SNDQ', 'MST', 'CEPO']
10:57:37  Wrote 48 gappers (48 kept): ['JEM', 'EHGO', 'CANF', 'WFCF', 'NBIZ', 'PCLA', 'CORD', 'AMCI', 'ICU', 'ELTX', 'SKIL', 'MSTP', 'COIA', 'CONX', 'RYOJ', 'COIG', 'CRVO', 'SNDQ', 'MST', 'CEPO']
10:58:25  Wrote 49 gappers (49 kept): ['JEM', 'EHGO', 'CANF', 'WFCF', 'NBIZ', 'PCLA', 'CORD', 'AMCI', 'ICU', 'ELTX', 'SKIL', 'MSTP', 'COIA', 'CONX', 'COIG', 'CRVO', 'RGNT', 'SNDQ', 'MST', 'CEPO']
10:59:12  Wrote 49 gappers (49 kept): ['JEM', 'EHGO', 'CANF', 'WFCF', 'NBIZ', 'PCLA', 'CORD', 'AMCI', 'ICU', 'ELTX', 'SKIL', 'MSTP', 'COIA', 'COIG', 'CONX', 'RGNT', 'CRVO', 'SNDQ', 'MST', 'CEPO']
10:59:59  Wrote 49 gappers (49 kept): ['JEM', 'EHGO', 'CANF', 'WFCF', 'NBIZ', 'PCLA', 'CORD', 'ICU', 'ELTX', 'AMCI', 'SKIL', 'MSTP', 'COIA', 'COIG', 'CONX', 'CRVO', 'RGNT', 'SNDQ', 'MST', 'CEPO']
11:00:49  Wrote 49 gappers (49 kept): ['JEM', 'EHGO', 'CANF', 'WFCF', 'PCLA', 'NBIZ', 'ICU', 'CORD', 'ELTX', 'AMCI', 'MSTP', 'SKIL', 'COIA', 'COIG', 'CONX', 'CRVO', 'RGNT', 'SNDQ', 'MST', 'CEPO']
11:01:38  Wrote 49 gappers (49 kept): ['JEM', 'EHGO', 'CANF', 'WFCF', 'PCLA', 'NBIZ', 'AMCI', 'ICU', 'CORD', 'ELTX', 'MSTP', 'SKIL', 'COIA', 'COIG', 'CONX', 'CRVO', 'RGNT', 'RYOJ', 'SNDQ', 'MST']
11:02:26  Wrote 49 gappers (49 kept): ['JEM', 'EHGO', 'CANF', 'WFCF', 'PCLA', 'NBIZ', 'AMCI', 'CORD', 'ICU', 'MSTP', 'ELTX', 'SKIL', 'COIA', 'COIG', 'CONX', 'RGNT', 'CRVO', 'RYOJ', 'SNDQ', 'MST']
11:03:14  Wrote 49 gappers (49 kept): ['JEM', 'EHGO', 'CANF', 'WFCF', 'PCLA', 'NBIZ', 'AMCI', 'CORD', 'ICU', 'MSTP', 'ELTX', 'COIA', 'SKIL', 'COIG', 'CONX', 'RGNT', 'CRVO', 'RYOJ', 'SNDQ', 'MST']
11:04:03  Wrote 49 gappers (49 kept): ['JEM', 'EHGO', 'CANF', 'WFCF', 'PCLA', 'NBIZ', 'AMCI', 'CORD', 'ICU', 'RGNT', 'MSTP', 'ELTX', 'COIA', 'SKIL', 'COIG', 'CONX', 'SNDQ', 'CRVO', 'RYOJ', 'FIGG']
11:04:50  Wrote 49 gappers (49 kept): ['JEM', 'EHGO', 'CANF', 'WFCF', 'PCLA', 'NBIZ', 'AMCI', 'CORD', 'RGNT', 'ICU', 'ELTX', 'SKIL', 'MSTP', 'COIG', 'COIA', 'CONX', 'CRVO', 'SNDQ', 'RYOJ', 'FIGG']
11:05:39  Wrote 49 gappers (49 kept): ['JEM', 'EHGO', 'CANF', 'WFCF', 'PCLA', 'NBIZ', 'AMCI', 'CORD', 'RGNT', 'ICU', 'ELTX', 'SKIL', 'MSTP', 'COIG', 'COIA', 'CONX', 'SNDQ', 'CRVO', 'RYOJ', 'FIGG']
11:06:26  Wrote 49 gappers (49 kept): ['JEM', 'EHGO', 'CANF', 'WFCF', 'PCLA', 'NBIZ', 'CORD', 'ICU', 'AMCI', 'RGNT', 'ELTX', 'SKIL', 'MSTP', 'COIG', 'COIA', 'CONX', 'SNDQ', 'RYOJ', 'GVH', 'CRVO']
11:07:14  Wrote 49 gappers (49 kept): ['JEM', 'EHGO', 'CANF', 'WFCF', 'PCLA', 'NBIZ', 'CORD', 'ICU', 'AMCI', 'RGNT', 'SKIL', 'ELTX', 'MSTP', 'COIG', 'COIA', 'CONX', 'SNDQ', 'RYOJ', 'GVH', 'CRVO']
11:08:02  Wrote 49 gappers (49 kept): ['JEM', 'EHGO', 'CANF', 'WFCF', 'PCLA', 'NBIZ', 'CORD', 'ICU', 'AMCI', 'SKIL', 'MSTP', 'RGNT', 'ELTX', 'COIG', 'COIA', 'CONX', 'RYOJ', 'CRVO', 'SNDQ', 'GVH']
11:08:49  Wrote 50 gappers (50 kept): ['JEM', 'EHGO', 'CANF', 'WFCF', 'PCLA', 'NBIZ', 'ICU', 'CORD', 'AMCI', 'RGNT', 'SKIL', 'AHMA', 'MSTP', 'ELTX', 'COIG', 'COIA', 'CONX', 'RYOJ', 'SNDQ', 'GVH']
11:09:36  Wrote 50 gappers (50 kept): ['JEM', 'EHGO', 'CANF', 'WFCF', 'PCLA', 'NBIZ', 'AMCI', 'ICU', 'CORD', 'SKIL', 'ELTX', 'MSTP', 'COIG', 'COIA', 'RGNT', 'CONX', 'AHMA', 'RYOJ', 'SNDQ', 'GVH']
11:10:25  Wrote 50 gappers (50 kept): ['JEM', 'EHGO', 'CANF', 'WFCF', 'NBIZ', 'AMCI', 'ICU', 'CORD', 'SKIL', 'RGNT', 'PCLA', 'ELTX', 'MSTP', 'COIG', 'COIA', 'CONX', 'AHMA', 'RYOJ', 'SNDQ', 'CRVO']
11:11:12  Wrote 51 gappers (51 kept): ['JEM', 'EHGO', 'CANF', 'WFCF', 'NBIZ', 'AMCI', 'ICU', 'CORD', 'PCLA', 'SKIL', 'AIOS', 'RGNT', 'ELTX', 'MSTP', 'COIG', 'COIA', 'CONX', 'SNDQ', 'CRVO', 'GVH']
11:12:00  Wrote 51 gappers (51 kept): ['JEM', 'EHGO', 'CANF', 'WFCF', 'NBIZ', 'ICU', 'AMCI', 'CORD', 'PCLA', 'AIOS', 'SKIL', 'ELTX', 'MSTP', 'COIG', 'COIA', 'CONX', 'RGNT', 'SNDQ', 'CRVO', 'AHMA']
11:12:47  Wrote 51 gappers (51 kept): ['JEM', 'EHGO', 'CANF', 'WFCF', 'NBIZ', 'ICU', 'AMCI', 'CORD', 'PCLA', 'SKIL', 'ELTX', 'MSTP', 'RGNT', 'COIG', 'COIA', 'CONX', 'SNDQ', 'CRVO', 'AHMA', 'MST']
11:13:35  Wrote 51 gappers (51 kept): ['JEM', 'EHGO', 'CANF', 'WFCF', 'NBIZ', 'ICU', 'AMCI', 'CORD', 'PCLA', 'SKIL', 'ELTX', 'MSTP', 'COIG', 'RGNT', 'CONX', 'COIA', 'SNDQ', 'CRVO', 'AHMA', 'MST']
11:14:22  Wrote 51 gappers (51 kept): ['JEM', 'EHGO', 'CANF', 'WFCF', 'NBIZ', 'PCLA', 'AMCI', 'CORD', 'ICU', 'SKIL', 'ELTX', 'MSTP', 'COIG', 'COIA', 'CONX', 'AHMA', 'RGNT', 'CRVO', 'SNDQ', 'GVH']
11:15:11  Wrote 51 gappers (51 kept): ['JEM', 'EHGO', 'CANF', 'WFCF', 'NBIZ', 'AMCI', 'PCLA', 'CORD', 'ICU', 'SKIL', 'ELTX', 'MSTP', 'COIG', 'COIA', 'CONX', 'AHMA', 'RGNT', 'CRVO', 'SNDQ', 'GVH']
11:15:59  Wrote 51 gappers (51 kept): ['JEM', 'EHGO', 'CANF', 'WFCF', 'NBIZ', 'AMCI', 'CORD', 'PCLA', 'ICU', 'SKIL', 'ELTX', 'MSTP', 'COIG', 'COIA', 'CONX', 'AHMA', 'CRVO', 'RGNT', 'SNDQ', 'GVH']
11:16:47  Wrote 51 gappers (51 kept): ['JEM', 'EHGO', 'CANF', 'WFCF', 'AMCI', 'NBIZ', 'PCLA', 'CORD', 'ICU', 'SKIL', 'ELTX', 'MSTP', 'COIG', 'COIA', 'CONX', 'CRVO', 'AHMA', 'RGNT', 'GVH', 'SNDQ']
11:17:34  Wrote 51 gappers (51 kept): ['JEM', 'EHGO', 'CANF', 'WFCF', 'AMCI', 'NBIZ', 'PCLA', 'CORD', 'ELTX', 'ICU', 'SKIL', 'MSTP', 'AHMA', 'COIG', 'COIA', 'CONX', 'RGNT', 'SNDQ', 'GVH', 'CRVO']
11:18:22  Wrote 51 gappers (51 kept): ['JEM', 'EHGO', 'CANF', 'WFCF', 'AMCI', 'NBIZ', 'ICU', 'PCLA', 'CORD', 'ELTX', 'SKIL', 'MSTP', 'AHMA', 'COIG', 'COIA', 'CONX', 'RGNT', 'CRVO', 'SNDQ', 'GVH']
11:19:09  Wrote 51 gappers (51 kept): ['JEM', 'EHGO', 'CANF', 'WFCF', 'AMCI', 'NBIZ', 'ICU', 'PCLA', 'CORD', 'ELTX', 'SKIL', 'MSTP', 'COIG', 'AHMA', 'COIA', 'CONX', 'RGNT', 'CRVO', 'SNDQ', 'GVH']
11:19:56  Wrote 51 gappers (51 kept): ['JEM', 'EHGO', 'CANF', 'WFCF', 'AMCI', 'NBIZ', 'ICU', 'PCLA', 'CORD', 'ELTX', 'SKIL', 'MSTP', 'AHMA', 'COIG', 'CONX', 'COIA', 'GVH', 'RGNT', 'CRVO', 'SNDQ']
11:20:44  Wrote 51 gappers (51 kept): ['JEM', 'EHGO', 'CANF', 'AMCI', 'PCLA', 'WFCF', 'NBIZ', 'ICU', 'CORD', 'ELTX', 'SKIL', 'AHMA', 'MSTP', 'COIG', 'CONX', 'COIA', 'RGNT', 'CRVO', 'SNDQ', 'GVH']
11:21:32  Wrote 51 gappers (51 kept): ['JEM', 'EHGO', 'CANF', 'AMCI', 'WFCF', 'NBIZ', 'ICU', 'PCLA', 'CORD', 'ELTX', 'SKIL', 'AHMA', 'MSTP', 'CONX', 'COIG', 'COIA', 'RGNT', 'GVH', 'SNDQ', 'CRVO']
11:22:20  Wrote 51 gappers (51 kept): ['JEM', 'EHGO', 'CANF', 'AMCI', 'NBIZ', 'WFCF', 'PCLA', 'ICU', 'CORD', 'AHMA', 'ELTX', 'GVH', 'SKIL', 'MSTP', 'CONX', 'COIG', 'COIA', 'RGNT', 'SNDQ', 'CRVO']
11:23:07  Wrote 51 gappers (51 kept): ['JEM', 'EHGO', 'CANF', 'AMCI', 'WFCF', 'NBIZ', 'ICU', 'PCLA', 'CORD', 'AHMA', 'ELTX', 'SKIL', 'MSTP', 'CONX', 'COIG', 'GVH', 'COIA', 'RGNT', 'CRVO', 'MST']
11:23:54  Wrote 51 gappers (51 kept): ['JEM', 'EHGO', 'CANF', 'AMCI', 'WFCF', 'NBIZ', 'ICU', 'PCLA', 'CORD', 'AHMA', 'SKIL', 'ELTX', 'MSTP', 'GVH', 'CONX', 'COIG', 'COIA', 'RGNT', 'CRVO', 'MST']
11:24:42  Wrote 51 gappers (51 kept): ['JEM', 'EHGO', 'CANF', 'AMCI', 'WFCF', 'ICU', 'NBIZ', 'PCLA', 'CORD', 'AHMA', 'SKIL', 'ELTX', 'MSTP', 'GVH', 'CONX', 'COIG', 'COIA', 'RGNT', 'CRVO', 'MST']
11:25:30  Wrote 51 gappers (51 kept): ['JEM', 'EHGO', 'CANF', 'WFCF', 'AMCI', 'NBIZ', 'ICU', 'PCLA', 'CORD', 'AHMA', 'SKIL', 'ELTX', 'MSTP', 'GVH', 'CONX', 'COIG', 'COIA', 'MST', 'RGNT', 'CRVO']
11:26:17  Wrote 51 gappers (51 kept): ['JEM', 'EHGO', 'CANF', 'WFCF', 'AMCI', 'NBIZ', 'ICU', 'MSTP', 'PCLA', 'CORD', 'AHMA', 'SKIL', 'ELTX', 'GVH', 'CONX', 'COIG', 'COIA', 'CRVO', 'SNDQ', 'MST']
11:27:05  Wrote 51 gappers (51 kept): ['JEM', 'EHGO', 'CANF', 'AMCI', 'WFCF', 'NBIZ', 'ICU', 'MSTP', 'PCLA', 'CORD', 'SKIL', 'AHMA', 'ELTX', 'GVH', 'CONX', 'COIG', 'COIA', 'MST', 'CRVO', 'SNDQ']
11:27:53  Wrote 51 gappers (51 kept): ['JEM', 'EHGO', 'CANF', 'WFCF', 'AMCI', 'NBIZ', 'ICU', 'MSTP', 'PCLA', 'CORD', 'SKIL', 'AHMA', 'GVH', 'ELTX', 'CONX', 'COIG', 'COIA', 'MST', 'SNDQ', 'UMAL']
11:28:40  Wrote 51 gappers (51 kept): ['JEM', 'EHGO', 'CANF', 'WFCF', 'AMCI', 'NBIZ', 'ICU', 'MSTP', 'PCLA', 'CORD', 'ELTX', 'SKIL', 'AHMA', 'GVH', 'CONX', 'COIG', 'COIA', 'MST', 'SNDQ', 'UMAL']
11:29:28  Wrote 51 gappers (51 kept): ['JEM', 'EHGO', 'CANF', 'WFCF', 'AMCI', 'NBIZ', 'ICU', 'MSTP', 'PCLA', 'CORD', 'ELTX', 'AHMA', 'CONX', 'SKIL', 'GVH', 'COIG', 'COIA', 'MST', 'RGNT', 'SNDQ']
11:30:18  Wrote 51 gappers (51 kept): ['JEM', 'EHGO', 'CANF', 'WFCF', 'AMCI', 'NBIZ', 'ICU', 'MSTP', 'PCLA', 'CORD', 'AHMA', 'GVH', 'ELTX', 'CONX', 'SKIL', 'COIG', 'COIA', 'CRVO', 'MST', 'SNDQ']
11:31:08  Wrote 51 gappers (51 kept): ['JEM', 'EHGO', 'CANF', 'WFCF', 'AMCI', 'NBIZ', 'PCLA', 'ICU', 'MSTP', 'CORD', 'AHMA', 'SKIL', 'ELTX', 'CONX', 'COIG', 'GVH', 'COIA', 'MST', 'CRVO', 'SNDQ']
11:31:56  Wrote 51 gappers (51 kept): ['JEM', 'EHGO', 'CANF', 'WFCF', 'AMCI', 'NBIZ', 'ICU', 'MSTP', 'PCLA', 'CORD', 'AHMA', 'ELTX', 'SKIL', 'CONX', 'GVH', 'COIG', 'COIA', 'CRVO', 'MST', 'SNDQ']
11:32:44  Wrote 51 gappers (51 kept): ['JEM', 'EHGO', 'CANF', 'WFCF', 'AMCI', 'NBIZ', 'MSTP', 'ICU', 'PCLA', 'CORD', 'AHMA', 'GVH', 'ELTX', 'SKIL', 'CONX', 'COIG', 'COIA', 'CRVO', 'SNDQ', 'MST']
11:33:32  Wrote 51 gappers (51 kept): ['JEM', 'EHGO', 'CANF', 'WFCF', 'AMCI', 'NBIZ', 'ICU', 'MSTP', 'PCLA', 'CORD', 'GVH', 'AHMA', 'ELTX', 'SKIL', 'CONX', 'COIG', 'COIA', 'CRVO', 'SNDQ', 'MST']
11:34:20  Wrote 51 gappers (51 kept): ['JEM', 'EHGO', 'CANF', 'WFCF', 'AMCI', 'NBIZ', 'ICU', 'MSTP', 'PCLA', 'CORD', 'AHMA', 'GVH', 'ELTX', 'COIA', 'SKIL', 'CONX', 'COIG', 'CRVO', 'MST', 'SNDQ']
11:35:09  Wrote 51 gappers (51 kept): ['JEM', 'EHGO', 'CANF', 'WFCF', 'AMCI', 'NBIZ', 'ICU', 'MSTP', 'PCLA', 'CORD', 'AHMA', 'ELTX', 'COIA', 'GVH', 'SKIL', 'CONX', 'COIG', 'CRVO', 'MST', 'SNDQ']
11:35:56  Wrote 51 gappers (51 kept): ['JEM', 'EHGO', 'CANF', 'WFCF', 'ICU', 'AMCI', 'NBIZ', 'MSTP', 'PCLA', 'CORD', 'AHMA', 'COIG', 'ELTX', 'COIA', 'GVH', 'SKIL', 'CONX', 'CRVO', 'SNDQ', 'MST']
11:36:44  Wrote 51 gappers (51 kept): ['JEM', 'EHGO', 'CANF', 'WFCF', 'NBIZ', 'ICU', 'AMCI', 'MSTP', 'CORD', 'AHMA', 'COIG', 'ELTX', 'COIA', 'GVH', 'PCLA', 'SKIL', 'CONX', 'CRVO', 'SNDQ', 'MST']
11:37:31  Wrote 51 gappers (51 kept): ['JEM', 'EHGO', 'CANF', 'WFCF', 'AMCI', 'NBIZ', 'ICU', 'MSTP', 'ELTX', 'CORD', 'AHMA', 'COIG', 'COIA', 'SKIL', 'PCLA', 'GVH', 'CONX', 'SNDQ', 'CRVO', 'MST']
11:38:19  Wrote 51 gappers (51 kept): ['EHGO', 'JEM', 'CANF', 'WFCF', 'AMCI', 'NBIZ', 'ICU', 'MSTP', 'CORD', 'AHMA', 'PCLA', 'COIG', 'COIA', 'SKIL', 'GVH', 'ELTX', 'CONX', 'CRVO', 'MST', 'SNDQ']
11:39:07  Wrote 51 gappers (51 kept): ['EHGO', 'JEM', 'CANF', 'WFCF', 'AMCI', 'NBIZ', 'ICU', 'MSTP', 'AHMA', 'COIG', 'CORD', 'COIA', 'SKIL', 'GVH', 'ELTX', 'CONX', 'PCLA', 'RAAQ', 'SNDQ', 'CRVO']
11:39:54  Wrote 51 gappers (51 kept): ['JEM', 'EHGO', 'CANF', 'WFCF', 'AMCI', 'NBIZ', 'ICU', 'MSTP', 'CORD', 'AHMA', 'COIG', 'COIA', 'GVH', 'SKIL', 'ELTX', 'CONX', 'PCLA', 'RAAQ', 'CRVO', 'MST']
11:40:43  Wrote 51 gappers (51 kept): ['EHGO', 'JEM', 'CANF', 'WFCF', 'AMCI', 'NBIZ', 'ICU', 'MSTP', 'CORD', 'AHMA', 'COIG', 'GVH', 'COIA', 'SKIL', 'ELTX', 'CONX', 'PCLA', 'RAAQ', 'CRVO', 'SNDQ']
11:41:30  Wrote 51 gappers (51 kept): ['EHGO', 'JEM', 'CANF', 'WFCF', 'AMCI', 'NBIZ', 'ICU', 'MSTP', 'PCLA', 'CORD', 'AHMA', 'COIG', 'COIA', 'SKIL', 'GVH', 'CONX', 'ELTX', 'RAAQ', 'SNDQ', 'MST']
11:42:18  Wrote 51 gappers (51 kept): ['JEM', 'EHGO', 'CANF', 'WFCF', 'AMCI', 'ICU', 'NBIZ', 'PCLA', 'MSTP', 'CORD', 'GVH', 'AHMA', 'COIG', 'COIA', 'SKIL', 'ELTX', 'CONX', 'RAAQ', 'SNDQ', 'MST']
11:43:05  Wrote 51 gappers (51 kept): ['EHGO', 'JEM', 'CANF', 'WFCF', 'AMCI', 'NBIZ', 'ICU', 'MSTP', 'CORD', 'GVH', 'PCLA', 'AHMA', 'COIG', 'COIA', 'SKIL', 'CONX', 'ELTX', 'RAAQ', 'SNDQ', 'MST']
11:43:53  Wrote 51 gappers (51 kept): ['EHGO', 'JEM', 'CANF', 'WFCF', 'AMCI', 'ICU', 'NBIZ', 'PCLA', 'MSTP', 'CORD', 'COIG', 'GVH', 'COIA', 'AHMA', 'SKIL', 'CONX', 'ELTX', 'RAAQ', 'CRVO', 'SNDQ']
11:44:40  Wrote 51 gappers (51 kept): ['EHGO', 'JEM', 'CANF', 'WFCF', 'AMCI', 'ICU', 'PCLA', 'NBIZ', 'MSTP', 'CORD', 'COIG', 'COIA', 'GVH', 'AHMA', 'CONX', 'SKIL', 'ELTX', 'RAAQ', 'SNDQ', 'MST']
11:45:29  Wrote 51 gappers (51 kept): ['EHGO', 'JEM', 'CANF', 'WFCF', 'AMCI', 'ICU', 'NBIZ', 'MSTP', 'CORD', 'COIG', 'GVH', 'COIA', 'SKIL', 'CONX', 'AHMA', 'ELTX', 'SNDQ', 'RAAQ', 'MST', 'PCLA']
11:46:17  Wrote 51 gappers (51 kept): ['EHGO', 'JEM', 'CANF', 'WFCF', 'ICU', 'AMCI', 'NBIZ', 'MSTP', 'PCLA', 'CORD', 'COIG', 'COIA', 'GVH', 'SKIL', 'CONX', 'AHMA', 'ELTX', 'SNDQ', 'RAAQ', 'CRVO']
11:47:05  Wrote 51 gappers (51 kept): ['JEM', 'EHGO', 'CANF', 'WFCF', 'ICU', 'AMCI', 'NBIZ', 'PCLA', 'MSTP', 'GVH', 'CORD', 'COIG', 'COIA', 'SKIL', 'CONX', 'AHMA', 'ELTX', 'RAAQ', 'SNDQ', 'CRVO']
11:47:52  Wrote 51 gappers (51 kept): ['JEM', 'EHGO', 'CANF', 'WFCF', 'ICU', 'NBIZ', 'AMCI', 'PCLA', 'MSTP', 'CORD', 'GVH', 'COIG', 'COIA', 'AHMA', 'ELTX', 'CONX', 'SKIL', 'SNDQ', 'CRVO', 'MST']
11:48:40  Wrote 51 gappers (51 kept): ['JEM', 'EHGO', 'CANF', 'WFCF', 'NBIZ', 'ICU', 'AMCI', 'PCLA', 'MSTP', 'CORD', 'COIG', 'COIA', 'GVH', 'AHMA', 'ELTX', 'CONX', 'SKIL', 'SNDQ', 'RAAQ', 'CRVO']
11:49:27  Wrote 51 gappers (51 kept): ['JEM', 'EHGO', 'CANF', 'WFCF', 'AMCI', 'ICU', 'NBIZ', 'MSTP', 'CORD', 'COIG', 'COIA', 'AHMA', 'GVH', 'CONX', 'PCLA', 'ELTX', 'SKIL', 'SNDQ', 'RAAQ', 'CRVO']
11:50:15  Wrote 51 gappers (51 kept): ['JEM', 'EHGO', 'CANF', 'WFCF', 'AMCI', 'ICU', 'NBIZ', 'MSTP', 'CORD', 'PCLA', 'COIG', 'GVH', 'COIA', 'AHMA', 'CONX', 'ELTX', 'SKIL', 'CRVO', 'SNDQ', 'RAAQ']
11:51:03  Wrote 51 gappers (51 kept): ['JEM', 'EHGO', 'CANF', 'WFCF', 'AMCI', 'ICU', 'NBIZ', 'AHMA', 'CORD', 'MSTP', 'PCLA', 'COIG', 'COIA', 'CONX', 'ELTX', 'GVH', 'SKIL', 'CRVO', 'SNDQ', 'MST']
11:51:51  Wrote 51 gappers (51 kept): ['JEM', 'EHGO', 'CANF', 'AMCI', 'ICU', 'WFCF', 'NBIZ', 'PCLA', 'AHMA', 'MSTP', 'CORD', 'COIG', 'COIA', 'GVH', 'CONX', 'RGNT', 'ELTX', 'SKIL', 'SNDQ', 'CRVO']
11:52:38  Wrote 51 gappers (51 kept): ['JEM', 'EHGO', 'CANF', 'AMCI', 'ICU', 'WFCF', 'NBIZ', 'PCLA', 'AHMA', 'MSTP', 'GVH', 'CORD', 'COIG', 'RGNT', 'COIA', 'CONX', 'ELTX', 'SKIL', 'CRVO', 'SNDQ']
11:53:26  Wrote 51 gappers (51 kept): ['JEM', 'EHGO', 'CANF', 'AMCI', 'ICU', 'WFCF', 'NBIZ', 'PCLA', 'AHMA', 'MSTP', 'RGNT', 'GVH', 'CORD', 'COIG', 'COIA', 'CONX', 'ELTX', 'SKIL', 'SNDQ', 'CRVO']
11:54:13  Wrote 51 gappers (51 kept): ['JEM', 'EHGO', 'CANF', 'AMCI', 'WFCF', 'NBIZ', 'ICU', 'PCLA', 'AHMA', 'MSTP', 'RGNT', 'GVH', 'CORD', 'COIG', 'COIA', 'CONX', 'SKIL', 'ELTX', 'SNDQ', 'CRVO']
11:55:00  Wrote 51 gappers (51 kept): ['JEM', 'EHGO', 'CANF', 'AMCI', 'WFCF', 'ICU', 'NBIZ', 'AHMA', 'PCLA', 'MSTP', 'RGNT', 'CORD', 'COIG', 'COIA', 'CONX', 'GVH', 'CRVO', 'SKIL', 'ELTX', 'SNDQ']
11:55:48  Wrote 51 gappers (51 kept): ['JEM', 'EHGO', 'CANF', 'ICU', 'AMCI', 'WFCF', 'NBIZ', 'AHMA', 'RGNT', 'PCLA', 'MSTP', 'CORD', 'COIG', 'GVH', 'COIA', 'CONX', 'SKIL', 'ELTX', 'CRVO', 'SNDQ']
11:56:35  Wrote 51 gappers (51 kept): ['EHGO', 'JEM', 'CANF', 'ICU', 'AMCI', 'RGNT', 'WFCF', 'NBIZ', 'SKIL', 'PCLA', 'AHMA', 'MSTP', 'GVH', 'CORD', 'COIG', 'COIA', 'CONX', 'ELTX', 'CRVO', 'SNDQ']
11:57:23  Wrote 51 gappers (51 kept): ['JEM', 'EHGO', 'CANF', 'AMCI', 'ICU', 'WFCF', 'SKIL', 'NBIZ', 'AHMA', 'PCLA', 'MSTP', 'GVH', 'CORD', 'COIG', 'RGNT', 'COIA', 'CONX', 'ELTX', 'CRVO', 'SNDQ']
11:58:10  Wrote 51 gappers (51 kept): ['JEM', 'EHGO', 'CANF', 'AMCI', 'ICU', 'NBIZ', 'WFCF', 'SKIL', 'PCLA', 'AHMA', 'RGNT', 'MSTP', 'CORD', 'COIG', 'COIA', 'CONX', 'GVH', 'ELTX', 'CRVO', 'SNDQ']
11:58:57  Wrote 51 gappers (51 kept): ['JEM', 'EHGO', 'CANF', 'AMCI', 'NBIZ', 'WFCF', 'ICU', 'SKIL', 'AHMA', 'PCLA', 'MSTP', 'RGNT', 'CORD', 'COIA', 'GVH', 'COIG', 'CONX', 'ELTX', 'SNDQ', 'CRVO']
11:59:45  Wrote 51 gappers (51 kept): ['JEM', 'EHGO', 'CANF', 'AMCI', 'NBIZ', 'ICU', 'WFCF', 'AHMA', 'SKIL', 'RGNT', 'CORD', 'MSTP', 'COIA', 'COIG', 'PCLA', 'CONX', 'GVH', 'ELTX', 'SNDQ', 'RAAQ']
12:00:35  Wrote 51 gappers (51 kept): ['JEM', 'EHGO', 'CANF', 'AMCI', 'NBIZ', 'ICU', 'WFCF', 'RGNT', 'AHMA', 'SKIL', 'MSTP', 'CORD', 'GVH', 'COIA', 'COIG', 'PCLA', 'CONX', 'ELTX', 'SNDQ', 'CRVO']
12:01:25  Wrote 51 gappers (51 kept): ['EHGO', 'JEM', 'CANF', 'AMCI', 'NBIZ', 'ICU', 'WFCF', 'RGNT', 'AHMA', 'SKIL', 'MSTP', 'CORD', 'GVH', 'COIA', 'COIG', 'PCLA', 'CONX', 'ELTX', 'SNDQ', 'RAAQ']
12:02:13  Wrote 51 gappers (51 kept): ['JEM', 'EHGO', 'CANF', 'AHMA', 'NBIZ', 'ICU', 'WFCF', 'AMCI', 'SKIL', 'RGNT', 'MSTP', 'GVH', 'CORD', 'COIA', 'COIG', 'PCLA', 'CONX', 'RAAQ', 'ELTX', 'SNDQ']
12:03:01  Wrote 51 gappers (51 kept): ['JEM', 'EHGO', 'CANF', 'ICU', 'NBIZ', 'AHMA', 'AMCI', 'SKIL', 'RGNT', 'MSTP', 'GVH', 'CORD', 'COIA', 'COIG', 'PCLA', 'WFCF', 'CONX', 'ELTX', 'RAAQ', 'SNDQ']
12:03:49  Wrote 51 gappers (51 kept): ['JEM', 'EHGO', 'CANF', 'AHMA', 'AMCI', 'RGNT', 'ICU', 'NBIZ', 'SKIL', 'MSTP', 'GVH', 'CORD', 'COIA', 'RAAQ', 'COIG', 'PCLA', 'WFCF', 'CONX', 'ELTX', 'CRVO']
12:04:37  Wrote 51 gappers (51 kept): ['JEM', 'EHGO', 'CANF', 'AHMA', 'AMCI', 'RGNT', 'ICU', 'NBIZ', 'SKIL', 'WFCF', 'MSTP', 'CORD', 'COIA', 'RAAQ', 'COIG', 'PCLA', 'GVH', 'CONX', 'ELTX', 'SNDQ']
12:05:25  Wrote 51 gappers (51 kept): ['JEM', 'EHGO', 'CANF', 'AHMA', 'AMCI', 'ICU', 'RGNT', 'NBIZ', 'SKIL', 'WFCF', 'MSTP', 'RAAQ', 'CORD', 'COIA', 'GVH', 'COIG', 'PCLA', 'CONX', 'CRVO', 'ELTX']
12:06:13  Wrote 51 gappers (51 kept): ['EHGO', 'JEM', 'CANF', 'AHMA', 'ICU', 'NBIZ', 'SKIL', 'AMCI', 'WFCF', 'RGNT', 'GVH', 'RAAQ', 'MSTP', 'COIA', 'CORD', 'COIG', 'PCLA', 'CONX', 'CRVO', 'ELTX']
12:07:00  Wrote 51 gappers (51 kept): ['JEM', 'EHGO', 'CANF', 'AHMA', 'ICU', 'NBIZ', 'RGNT', 'AMCI', 'SKIL', 'WFCF', 'CORD', 'RAAQ', 'GVH', 'MSTP', 'COIA', 'COIG', 'PCLA', 'ELTX', 'CONX', 'CRVO']
12:07:48  Wrote 51 gappers (51 kept): ['JEM', 'EHGO', 'CANF', 'AHMA', 'ICU', 'NBIZ', 'AMCI', 'RGNT', 'SKIL', 'CORD', 'GVH', 'MSTP', 'COIA', 'RAAQ', 'COIG', 'PCLA', 'ELTX', 'CONX', 'WFCF', 'CRVO']
12:08:35  Wrote 51 gappers (51 kept): ['JEM', 'EHGO', 'CANF', 'AHMA', 'ICU', 'NBIZ', 'AMCI', 'SKIL', 'RGNT', 'CORD', 'GVH', 'MSTP', 'COIA', 'COIG', 'PCLA', 'RAAQ', 'ELTX', 'CONX', 'CRVO', 'WFCF']
12:09:23  Wrote 51 gappers (51 kept): ['JEM', 'EHGO', 'CANF', 'AHMA', 'ICU', 'NBIZ', 'AMCI', 'SKIL', 'RGNT', 'GVH', 'CORD', 'MSTP', 'COIA', 'COIG', 'PCLA', 'CONX', 'ELTX', 'RAAQ', 'CRVO', 'WFCF']
12:10:12  Wrote 51 gappers (51 kept): ['JEM', 'EHGO', 'CANF', 'AHMA', 'ICU', 'NBIZ', 'SKIL', 'AMCI', 'RGNT', 'GVH', 'CORD', 'MSTP', 'COIA', 'COIG', 'PCLA', 'RAAQ', 'CONX', 'ELTX', 'WFCF', 'CRVO']
12:11:00  Wrote 51 gappers (51 kept): ['JEM', 'EHGO', 'CANF', 'AHMA', 'ICU', 'NBIZ', 'SKIL', 'AMCI', 'RGNT', 'CORD', 'MSTP', 'GVH', 'WFCF', 'COIA', 'COIG', 'PCLA', 'RAAQ', 'CONX', 'ELTX', 'CRVO']
12:11:48  Wrote 51 gappers (51 kept): ['EHGO', 'JEM', 'CANF', 'AHMA', 'ICU', 'NBIZ', 'AMCI', 'SKIL', 'RGNT', 'PCLA', 'GVH', 'CORD', 'MSTP', 'WFCF', 'COIA', 'COIG', 'RAAQ', 'CONX', 'ELTX', 'CRVO']
12:12:36  Wrote 51 gappers (51 kept): ['EHGO', 'JEM', 'CANF', 'AHMA', 'ICU', 'NBIZ', 'AMCI', 'SKIL', 'RGNT', 'WFCF', 'PCLA', 'GVH', 'CORD', 'MSTP', 'COIA', 'COIG', 'RAAQ', 'CONX', 'CRVO', 'ELTX']
12:13:23  Wrote 51 gappers (51 kept): ['EHGO', 'JEM', 'CANF', 'AMCI', 'AHMA', 'ICU', 'NBIZ', 'SKIL', 'GVH', 'PCLA', 'RGNT', 'WFCF', 'CORD', 'MSTP', 'COIA', 'COIG', 'CRVO', 'CONX', 'RAAQ', 'SNDQ']
12:14:11  Wrote 51 gappers (51 kept): ['EHGO', 'JEM', 'CANF', 'AHMA', 'AMCI', 'ICU', 'NBIZ', 'SKIL', 'RGNT', 'GVH', 'WFCF', 'CORD', 'PCLA', 'MSTP', 'COIA', 'COIG', 'CRVO', 'CONX', 'SNDQ', 'RAAQ']
12:14:58  Wrote 51 gappers (51 kept): ['EHGO', 'JEM', 'CANF', 'AHMA', 'AMCI', 'ICU', 'NBIZ', 'SKIL', 'RGNT', 'GVH', 'WFCF', 'CORD', 'PCLA', 'MSTP', 'COIA', 'COIG', 'CRVO', 'CONX', 'ELTX', 'SNDQ']
12:15:47  Wrote 51 gappers (51 kept): ['EHGO', 'JEM', 'CANF', 'AHMA', 'AMCI', 'GVH', 'ICU', 'NBIZ', 'SKIL', 'RGNT', 'WFCF', 'CORD', 'PCLA', 'MSTP', 'COIA', 'COIG', 'ELTX', 'CONX', 'SNDQ', 'CRVO']
12:16:35  Wrote 51 gappers (51 kept): ['EHGO', 'JEM', 'CANF', 'AMCI', 'AHMA', 'ICU', 'NBIZ', 'GVH', 'SKIL', 'RGNT', 'WFCF', 'CORD', 'MSTP', 'COIA', 'COIG', 'PCLA', 'CONX', 'ELTX', 'CRVO', 'SNDQ']
12:17:23  Wrote 51 gappers (51 kept): ['EHGO', 'JEM', 'CANF', 'AMCI', 'AHMA', 'ICU', 'NBIZ', 'GVH', 'SKIL', 'RGNT', 'WFCF', 'MSTP', 'COIA', 'CORD', 'COIG', 'PCLA', 'CONX', 'SNDQ', 'ELTX', 'CRVO']
12:18:11  Wrote 51 gappers (51 kept): ['EHGO', 'JEM', 'CANF', 'AMCI', 'AHMA', 'NBIZ', 'ICU', 'SKIL', 'RGNT', 'GVH', 'WFCF', 'MSTP', 'COIA', 'COIG', 'CORD', 'CONX', 'PCLA', 'RAAQ', 'CRVO', 'ELTX']
12:18:59  Wrote 51 gappers (51 kept): ['EHGO', 'JEM', 'CANF', 'AHMA', 'NBIZ', 'AMCI', 'SKIL', 'ICU', 'RGNT', 'GVH', 'WFCF', 'MSTP', 'COIA', 'CORD', 'COIG', 'PCLA', 'CONX', 'RAAQ', 'CRVO', 'SNDQ']
12:19:46  Wrote 51 gappers (51 kept): ['EHGO', 'JEM', 'CANF', 'AHMA', 'AMCI', 'NBIZ', 'SKIL', 'ICU', 'RGNT', 'WFCF', 'GVH', 'MSTP', 'COIA', 'COIG', 'CORD', 'PCLA', 'CONX', 'RAAQ', 'SNDQ', 'CRVO']
12:20:35  Wrote 51 gappers (51 kept): ['EHGO', 'JEM', 'CANF', 'AHMA', 'AMCI', 'NBIZ', 'ICU', 'SKIL', 'RGNT', 'WFCF', 'GVH', 'MSTP', 'COIA', 'COIG', 'CORD', 'CRVO', 'CONX', 'RAAQ', 'PCLA', 'SNDQ']
12:21:23  Wrote 51 gappers (51 kept): ['EHGO', 'JEM', 'CANF', 'AHMA', 'AMCI', 'NBIZ', 'ICU', 'SKIL', 'GVH', 'WFCF', 'RGNT', 'MSTP', 'COIA', 'COIG', 'CORD', 'CRVO', 'PCLA', 'CONX', 'RAAQ', 'SNDQ']
12:22:11  Wrote 51 gappers (51 kept): ['EHGO', 'JEM', 'CANF', 'AMCI', 'AHMA', 'NBIZ', 'ICU', 'SKIL', 'GVH', 'WFCF', 'RGNT', 'MSTP', 'COIA', 'CORD', 'COIG', 'CRVO', 'PCLA', 'CONX', 'RAAQ', 'ELTX']
12:22:58  Wrote 51 gappers (51 kept): ['EHGO', 'JEM', 'CANF', 'AHMA', 'NBIZ', 'ICU', 'AMCI', 'SKIL', 'RGNT', 'GVH', 'WFCF', 'MSTP', 'COIA', 'CORD', 'COIG', 'CRVO', 'PCLA', 'CONX', 'RAAQ', 'ELTX']
12:23:45  Wrote 51 gappers (51 kept): ['EHGO', 'JEM', 'CANF', 'AHMA', 'NBIZ', 'AMCI', 'ICU', 'SKIL', 'GVH', 'RGNT', 'WFCF', 'MSTP', 'COIA', 'COIG', 'CORD', 'CRVO', 'PCLA', 'CONX', 'RAAQ', 'ELTX']
12:24:33  Wrote 51 gappers (51 kept): ['EHGO', 'JEM', 'CANF', 'AHMA', 'NBIZ', 'AMCI', 'ICU', 'SKIL', 'GVH', 'RGNT', 'WFCF', 'MSTP', 'COIA', 'COIG', 'CORD', 'CRVO', 'PCLA', 'CONX', 'ELTX', 'RAAQ']
12:25:21  Wrote 51 gappers (51 kept): ['EHGO', 'JEM', 'CANF', 'AHMA', 'AMCI', 'NBIZ', 'ICU', 'SKIL', 'GVH', 'RGNT', 'WFCF', 'MSTP', 'COIA', 'COIG', 'CORD', 'PCLA', 'CRVO', 'CONX', 'ELTX', 'RAAQ']
12:26:09  Wrote 51 gappers (51 kept): ['EHGO', 'JEM', 'CANF', 'AHMA', 'NBIZ', 'ICU', 'SKIL', 'GVH', 'WFCF', 'RGNT', 'MSTP', 'AMCI', 'COIA', 'COIG', 'CORD', 'PCLA', 'RAAQ', 'CONX', 'SNDQ', 'CRVO']
12:26:57  Wrote 51 gappers (51 kept): ['EHGO', 'JEM', 'CANF', 'AHMA', 'NBIZ', 'ICU', 'SKIL', 'RGNT', 'GVH', 'PCLA', 'MSTP', 'COIA', 'COIG', 'CORD', 'CRVO', 'CONX', 'RAAQ', 'WFCF', 'SNDQ', 'AMCI']
12:27:44  Wrote 51 gappers (51 kept): ['EHGO', 'JEM', 'CANF', 'AHMA', 'NBIZ', 'ICU', 'GVH', 'SKIL', 'RGNT', 'PCLA', 'MSTP', 'COIA', 'COIG', 'CORD', 'CRVO', 'RAAQ', 'CONX', 'WFCF', 'ELTX', 'SNDQ']
12:28:32  Wrote 51 gappers (51 kept): ['EHGO', 'JEM', 'CANF', 'AHMA', 'NBIZ', 'ICU', 'SKIL', 'GVH', 'PCLA', 'MSTP', 'COIA', 'COIG', 'RGNT', 'CORD', 'RAAQ', 'CONX', 'CRVO', 'WFCF', 'ELTX', 'SNDQ']
12:29:19  Wrote 51 gappers (51 kept): ['EHGO', 'JEM', 'CANF', 'AHMA', 'ICU', 'NBIZ', 'SKIL', 'GVH', 'PCLA', 'RGNT', 'MSTP', 'COIA', 'CORD', 'AMCI', 'RAAQ', 'COIG', 'CONX', 'ELTX', 'CRVO', 'SNDQ']
12:30:10  Wrote 51 gappers (51 kept): ['EHGO', 'JEM', 'CANF', 'AHMA', 'ICU', 'NBIZ', 'SKIL', 'GVH', 'PCLA', 'MSTP', 'RGNT', 'COIA', 'CORD', 'COIG', 'ELTX', 'CONX', 'RAAQ', 'SNDQ', 'CRVO', 'PLTG']
12:30:59  Wrote 51 gappers (51 kept): ['EHGO', 'JEM', 'CANF', 'AHMA', 'ICU', 'NBIZ', 'SKIL', 'GVH', 'RGNT', 'PCLA', 'MSTP', 'COIA', 'CORD', 'COIG', 'ELTX', 'SNDQ', 'RAAQ', 'CONX', 'CRVO', 'PLTG']
12:31:48  Wrote 51 gappers (51 kept): ['EHGO', 'CANF', 'JEM', 'AHMA', 'NBIZ', 'ICU', 'SKIL', 'RGNT', 'GVH', 'MSTP', 'COIA', 'CORD', 'PCLA', 'SNDQ', 'COIG', 'ELTX', 'RAAQ', 'CONX', 'CRVO', 'PLTG']
12:32:36  Wrote 51 gappers (51 kept): ['EHGO', 'CANF', 'JEM', 'AHMA', 'NBIZ', 'ICU', 'SKIL', 'GVH', 'RGNT', 'COIA', 'CORD', 'SNDQ', 'COIG', 'ELTX', 'MSTP', 'RAAQ', 'CONX', 'CRVO', 'PCLA', 'PLTA']
12:33:24  Wrote 51 gappers (51 kept): ['EHGO', 'CANF', 'JEM', 'AHMA', 'NBIZ', 'ICU', 'GVH', 'SKIL', 'RGNT', 'COIA', 'CORD', 'ELTX', 'SNDQ', 'MSTP', 'CRVO', 'RAAQ', 'COIG', 'CONX', 'PLTA', 'PLTG']
12:34:12  Wrote 51 gappers (51 kept): ['EHGO', 'CANF', 'AHMA', 'JEM', 'NBIZ', 'ICU', 'GVH', 'RGNT', 'SKIL', 'COIA', 'CORD', 'SNDQ', 'ELTX', 'RAAQ', 'MSTP', 'COIG', 'CRVO', 'CONX', 'PCLA', 'PLTA']
12:34:59  Wrote 51 gappers (51 kept): ['EHGO', 'CANF', 'AHMA', 'JEM', 'NBIZ', 'ICU', 'GVH', 'RGNT', 'SKIL', 'COIA', 'CORD', 'SNDQ', 'ELTX', 'RAAQ', 'MSTP', 'COIG', 'CONX', 'CRVO', 'WFCF', 'PLTG']
12:35:47  Wrote 51 gappers (51 kept): ['EHGO', 'CANF', 'AHMA', 'NBIZ', 'SKIL', 'ICU', 'GVH', 'JEM', 'RGNT', 'COIA', 'CORD', 'PCLA', 'SNDQ', 'ELTX', 'MSTP', 'COIG', 'RAAQ', 'CONX', 'CRVO', 'WFCF']
12:36:35  Wrote 51 gappers (51 kept): ['EHGO', 'CANF', 'AHMA', 'NBIZ', 'SKIL', 'ICU', 'JEM', 'GVH', 'RGNT', 'COIA', 'PCLA', 'CORD', 'ELTX', 'RAAQ', 'SNDQ', 'COIG', 'MSTP', 'CONX', 'WFCF', 'CRVO']
12:37:23  Wrote 51 gappers (51 kept): ['EHGO', 'CANF', 'AHMA', 'NBIZ', 'SKIL', 'ICU', 'JEM', 'RGNT', 'GVH', 'COIA', 'PCLA', 'CORD', 'SNDQ', 'ELTX', 'COIG', 'RAAQ', 'MSTP', 'CONX', 'WFCF', 'CRVO']
12:38:11  Wrote 51 gappers (51 kept): ['EHGO', 'CANF', 'AHMA', 'NBIZ', 'SKIL', 'GVH', 'JEM', 'RGNT', 'ICU', 'COIA', 'SNDQ', 'CORD', 'COIG', 'RAAQ', 'MSTP', 'CRVO', 'CONX', 'ELTX', 'PCLA', 'WFCF']
12:38:58  Wrote 51 gappers (51 kept): ['EHGO', 'CANF', 'AHMA', 'NBIZ', 'GVH', 'SKIL', 'JEM', 'RGNT', 'ICU', 'COIA', 'CORD', 'RAAQ', 'SNDQ', 'COIG', 'MSTP', 'CRVO', 'CONX', 'WFCF', 'ELTX', 'PLTG']
12:39:46  Wrote 51 gappers (51 kept): ['EHGO', 'CANF', 'AHMA', 'NBIZ', 'SKIL', 'JEM', 'GVH', 'RGNT', 'ICU', 'COIA', 'CORD', 'RAAQ', 'SNDQ', 'COIG', 'MSTP', 'CRVO', 'CONX', 'WFCF', 'ELTX', 'PLTG']
12:40:34  Wrote 51 gappers (51 kept): ['EHGO', 'CANF', 'AHMA', 'SKIL', 'NBIZ', 'GVH', 'JEM', 'RGNT', 'ICU', 'COIA', 'CORD', 'RAAQ', 'SNDQ', 'COIG', 'MSTP', 'CONX', 'WFCF', 'CRVO', 'ELTX', 'PLTG']
12:41:22  Wrote 51 gappers (51 kept): ['EHGO', 'CANF', 'JEM', 'AHMA', 'NBIZ', 'SKIL', 'GVH', 'ICU', 'RGNT', 'COIA', 'CORD', 'RAAQ', 'SNDQ', 'COIG', 'MSTP', 'CONX', 'CRVO', 'ELTX', 'PLTA', 'CEPO']
12:42:09  Wrote 51 gappers (51 kept): ['EHGO', 'CANF', 'JEM', 'AHMA', 'NBIZ', 'SKIL', 'GVH', 'ICU', 'RGNT', 'CORD', 'COIA', 'SNDQ', 'RAAQ', 'COIG', 'MSTP', 'CONX', 'CRVO', 'ELTX', 'PLTA', 'MUZ']
12:42:57  Wrote 51 gappers (51 kept): ['EHGO', 'CANF', 'JEM', 'AHMA', 'NBIZ', 'ICU', 'SKIL', 'GVH', 'RGNT', 'CORD', 'COIA', 'RAAQ', 'SNDQ', 'COIG', 'MSTP', 'CONX', 'PCLA', 'CRVO', 'ELTX', 'PLTA']
12:43:44  Wrote 51 gappers (51 kept): ['EHGO', 'CANF', 'JEM', 'AHMA', 'NBIZ', 'SKIL', 'ICU', 'GVH', 'RGNT', 'CORD', 'COIA', 'SNDQ', 'RAAQ', 'COIG', 'MSTP', 'CONX', 'PCLA', 'ELTX', 'CRVO', 'PLTA']
12:44:31  Wrote 51 gappers (51 kept): ['EHGO', 'CANF', 'JEM', 'AHMA', 'NBIZ', 'GVH', 'ICU', 'SKIL', 'CORD', 'COIA', 'RAAQ', 'SNDQ', 'COIG', 'MSTP', 'RGNT', 'CONX', 'WFCF', 'CRVO', 'ELTX', 'PLTA']
12:45:20  Wrote 51 gappers (51 kept): ['EHGO', 'CANF', 'JEM', 'AHMA', 'NBIZ', 'SKIL', 'GVH', 'ICU', 'CORD', 'RGNT', 'COIA', 'RAAQ', 'SNDQ', 'MSTP', 'CONX', 'COIG', 'WFCF', 'CRVO', 'ELTX', 'PLTA']
12:46:10  Wrote 51 gappers (51 kept): ['EHGO', 'CANF', 'JEM', 'AHMA', 'NBIZ', 'GVH', 'ICU', 'SKIL', 'RGNT', 'CORD', 'COIA', 'SNDQ', 'RAAQ', 'MSTP', 'CONX', 'COIG', 'WFCF', 'CRVO', 'ELTX', 'PLTA']
12:46:58  Wrote 51 gappers (51 kept): ['EHGO', 'CANF', 'JEM', 'AHMA', 'NBIZ', 'GVH', 'ICU', 'SKIL', 'RGNT', 'CORD', 'COIA', 'SNDQ', 'RAAQ', 'MSTP', 'CONX', 'COIG', 'CRVO', 'WFCF', 'ELTX', 'PLTA']
12:47:45  Wrote 51 gappers (51 kept): ['EHGO', 'JEM', 'CANF', 'AHMA', 'NBIZ', 'GVH', 'ICU', 'SKIL', 'RGNT', 'CORD', 'COIA', 'RAAQ', 'SNDQ', 'MSTP', 'CONX', 'COIG', 'WFCF', 'ELTX', 'CRVO', 'PLTA']
12:48:33  Wrote 51 gappers (51 kept): ['EHGO', 'JEM', 'CANF', 'NBIZ', 'AHMA', 'GVH', 'ICU', 'SKIL', 'CORD', 'RGNT', 'COIA', 'SNDQ', 'RAAQ', 'MSTP', 'CONX', 'COIG', 'WFCF', 'CRVO', 'ELTX', 'MUZ']
12:49:20  Wrote 51 gappers (51 kept): ['EHGO', 'CANF', 'JEM', 'NBIZ', 'AHMA', 'GVH', 'ICU', 'SKIL', 'CORD', 'COIA', 'RAAQ', 'RGNT', 'SNDQ', 'MSTP', 'CONX', 'CRVO', 'RYOJ', 'COIG', 'WFCF', 'ELTX']
12:50:09  Wrote 51 gappers (51 kept): ['EHGO', 'CANF', 'JEM', 'NBIZ', 'AHMA', 'GVH', 'ICU', 'SKIL', 'CORD', 'RGNT', 'COIA', 'SNDQ', 'RAAQ', 'MSTP', 'CONX', 'COIG', 'CRVO', 'WFCF', 'ELTX', 'RYOJ']
12:50:56  Wrote 51 gappers (51 kept): ['EHGO', 'CANF', 'AHMA', 'NBIZ', 'JEM', 'GVH', 'SKIL', 'ICU', 'CORD', 'RGNT', 'COIA', 'SNDQ', 'RAAQ', 'MSTP', 'CONX', 'COIG', 'WFCF', 'ELTX', 'CRVO', 'RYOJ']
12:51:44  Wrote 51 gappers (51 kept): ['EHGO', 'CANF', 'ICU', 'JEM', 'NBIZ', 'AHMA', 'SKIL', 'GVH', 'CORD', 'RGNT', 'COIA', 'RAAQ', 'SNDQ', 'MSTP', 'CONX', 'COIG', 'CRVO', 'ELTX', 'WFCF', 'RYOJ']
12:52:31  Wrote 51 gappers (51 kept): ['EHGO', 'CANF', 'ICU', 'AHMA', 'NBIZ', 'SKIL', 'GVH', 'JEM', 'CORD', 'COIA', 'RGNT', 'SNDQ', 'RAAQ', 'MSTP', 'CONX', 'COIG', 'CRVO', 'ELTX', 'WFCF', 'PLTA']
12:53:18  Wrote 51 gappers (51 kept): ['EHGO', 'CANF', 'NBIZ', 'AHMA', 'ICU', 'SKIL', 'GVH', 'CORD', 'COIA', 'RGNT', 'SNDQ', 'RAAQ', 'JEM', 'MSTP', 'CONX', 'COIG', 'ELTX', 'WFCF', 'CRVO', 'PLTA']
12:54:06  Wrote 51 gappers (51 kept): ['EHGO', 'CANF', 'NBIZ', 'AHMA', 'ICU', 'SKIL', 'GVH', 'CORD', 'JEM', 'COIA', 'RGNT', 'RAAQ', 'SNDQ', 'CONX', 'COIG', 'CRVO', 'ELTX', 'WFCF', 'MSTP', 'CEPO']
12:54:54  Wrote 51 gappers (51 kept): ['EHGO', 'CANF', 'NBIZ', 'AHMA', 'ICU', 'SKIL', 'CORD', 'GVH', 'COIA', 'RAAQ', 'SNDQ', 'RGNT', 'CONX', 'COIG', 'WFCF', 'ELTX', 'MSTP', 'CRVO', 'MUZ', 'CEPO']
12:55:41  Wrote 51 gappers (51 kept): ['EHGO', 'CANF', 'NBIZ', 'AHMA', 'ICU', 'SKIL', 'CORD', 'COIA', 'GVH', 'SNDQ', 'RGNT', 'CONX', 'RAAQ', 'WFCF', 'ELTX', 'MSTP', 'COIG', 'CRVO', 'MUZ', 'CEPO']
12:56:28  Wrote 51 gappers (51 kept): ['EHGO', 'CANF', 'NBIZ', 'AHMA', 'ICU', 'SKIL', 'CORD', 'RGNT', 'COIA', 'SNDQ', 'GVH', 'RAAQ', 'CONX', 'WFCF', 'MSTP', 'COIG', 'ELTX', 'MUZ', 'CEPO', 'PLTA']
12:57:16  Wrote 51 gappers (51 kept): ['EHGO', 'CANF', 'NBIZ', 'AHMA', 'ICU', 'SKIL', 'CORD', 'RGNT', 'COIA', 'SNDQ', 'GVH', 'RAAQ', 'CONX', 'ELTX', 'MSTP', 'COIG', 'MUZ', 'CEPO', 'PCLA', 'WFCF']
12:58:04  Wrote 51 gappers (51 kept): ['EHGO', 'CANF', 'NBIZ', 'AHMA', 'ICU', 'SKIL', 'CORD', 'RGNT', 'GVH', 'COIA', 'SNDQ', 'RAAQ', 'CONX', 'MSTP', 'COIG', 'ELTX', 'CEPO', 'WFCF', 'MUZ', 'PLTG']
12:58:52  Wrote 51 gappers (51 kept): ['EHGO', 'CANF', 'NBIZ', 'AHMA', 'ICU', 'SKIL', 'CORD', 'GVH', 'COIA', 'RGNT', 'SNDQ', 'RAAQ', 'CONX', 'MSTP', 'COIG', 'ELTX', 'CEPO', 'WFCF', 'MUZ', 'PLTG']
12:59:39  Wrote 51 gappers (51 kept): ['EHGO', 'CANF', 'AHMA', 'ICU', 'NBIZ', 'SKIL', 'CORD', 'RGNT', 'GVH', 'COIA', 'SNDQ', 'CONX', 'RAAQ', 'MSTP', 'COIG', 'ELTX', 'CEPO', 'WFCF', 'MUZ', 'PLTG']
13:00:29  Wrote 51 gappers (51 kept): ['EHGO', 'CANF', 'AHMA', 'ICU', 'NBIZ', 'SKIL', 'CORD', 'RGNT', 'COIA', 'SNDQ', 'RAAQ', 'CONX', 'MSTP', 'GVH', 'COIG', 'PCLA', 'ELTX', 'CEPO', 'WFCF', 'CRVO']
13:01:19  Wrote 51 gappers (51 kept): ['EHGO', 'CANF', 'AHMA', 'NBIZ', 'ICU', 'SKIL', 'CORD', 'COIA', 'RAAQ', 'RGNT', 'CONX', 'SNDQ', 'COIG', 'MSTP', 'GVH', 'ELTX', 'PCLA', 'CEPO', 'WFCF', 'CRVO']
13:02:08  Wrote 51 gappers (51 kept): ['EHGO', 'CANF', 'AHMA', 'NBIZ', 'ICU', 'SKIL', 'CORD', 'COIA', 'RGNT', 'RAAQ', 'CONX', 'SNDQ', 'GVH', 'ELTX', 'MSTP', 'COIG', 'PCLA', 'CEPO', 'CRVO', 'WFCF']
13:02:56  Wrote 51 gappers (51 kept): ['EHGO', 'CANF', 'ICU', 'AHMA', 'NBIZ', 'SKIL', 'CORD', 'COIA', 'RGNT', 'RAAQ', 'CONX', 'SNDQ', 'ELTX', 'MSTP', 'COIG', 'CRVO', 'GVH', 'PCLA', 'CEPO', 'WFCF']
13:03:44  Wrote 51 gappers (51 kept): ['EHGO', 'CANF', 'ICU', 'NBIZ', 'AHMA', 'SKIL', 'CORD', 'COIA', 'RAAQ', 'RGNT', 'CONX', 'SNDQ', 'ELTX', 'MSTP', 'COIG', 'PCLA', 'CEPO', 'WFCF', 'GVH', 'PLTG']
13:04:31  Wrote 51 gappers (51 kept): ['EHGO', 'CANF', 'AHMA', 'NBIZ', 'ICU', 'SKIL', 'CORD', 'COIA', 'RAAQ', 'RGNT', 'CONX', 'SNDQ', 'MSTP', 'COIG', 'ELTX', 'PCLA', 'GVH', 'CEPO', 'WFCF', 'PLTG']
13:05:20  Wrote 51 gappers (51 kept): ['EHGO', 'CANF', 'AHMA', 'NBIZ', 'ICU', 'SKIL', 'CORD', 'COIA', 'RAAQ', 'GVH', 'RGNT', 'PCLA', 'CONX', 'SNDQ', 'COIG', 'MSTP', 'ELTX', 'CEPO', 'WFCF', 'PLTG']
13:06:09  Wrote 52 gappers (52 kept): ['EHGO', 'CANF', 'AHMA', 'ICU', 'NBIZ', 'SKIL', 'CORD', 'RGNT', 'COIA', 'RAAQ', 'WTO', 'GVH', 'PCLA', 'CONX', 'SNDQ', 'COIG', 'MSTP', 'ELTX', 'CEPO', 'WFCF']
13:06:56  Wrote 52 gappers (52 kept): ['EHGO', 'CANF', 'AHMA', 'ICU', 'NBIZ', 'SKIL', 'CORD', 'RGNT', 'COIA', 'RAAQ', 'WTO', 'GVH', 'PCLA', 'CONX', 'SNDQ', 'COIG', 'MSTP', 'CEPO', 'WFCF', 'PLTG']
13:07:45  Wrote 52 gappers (52 kept): ['EHGO', 'CANF', 'AHMA', 'ICU', 'NBIZ', 'SKIL', 'CORD', 'RGNT', 'COIA', 'GVH', 'RAAQ', 'WTO', 'PCLA', 'CONX', 'SNDQ', 'COIG', 'MSTP', 'CEPO', 'WFCF', 'PLTG']
13:08:33  Wrote 52 gappers (52 kept): ['EHGO', 'CANF', 'ICU', 'NBIZ', 'AHMA', 'SKIL', 'RGNT', 'CORD', 'COIA', 'GVH', 'RAAQ', 'WTO', 'PCLA', 'CONX', 'SNDQ', 'COIG', 'MSTP', 'CEPO', 'ELTX', 'WFCF']
13:09:22  Wrote 52 gappers (52 kept): ['EHGO', 'CANF', 'ICU', 'NBIZ', 'AHMA', 'SKIL', 'RGNT', 'CORD', 'PCLA', 'COIA', 'WTO', 'RAAQ', 'GVH', 'CONX', 'SNDQ', 'COIG', 'MSTP', 'CEPO', 'ELTX', 'WFCF']
13:10:11  Wrote 52 gappers (52 kept): ['EHGO', 'CANF', 'ICU', 'NBIZ', 'AHMA', 'SKIL', 'CORD', 'RGNT', 'GVH', 'COIA', 'PCLA', 'RAAQ', 'WTO', 'CONX', 'SNDQ', 'COIG', 'MSTP', 'AIOS', 'CEPO', 'ELTX']
13:11:00  Wrote 52 gappers (52 kept): ['EHGO', 'CANF', 'ICU', 'NBIZ', 'AHMA', 'SKIL', 'CORD', 'RGNT', 'COIA', 'PCLA', 'WTO', 'RAAQ', 'GVH', 'CONX', 'SNDQ', 'COIG', 'MSTP', 'ELTX', 'AIOS', 'CEPO']
13:11:48  Wrote 52 gappers (52 kept): ['EHGO', 'CANF', 'ICU', 'NBIZ', 'AHMA', 'SKIL', 'CORD', 'RGNT', 'COIA', 'GVH', 'PCLA', 'WTO', 'RAAQ', 'CONX', 'SNDQ', 'COIG', 'MSTP', 'ELTX', 'AIOS', 'CEPO']
13:12:35  Wrote 52 gappers (52 kept): ['EHGO', 'CANF', 'ICU', 'NBIZ', 'AHMA', 'SKIL', 'CORD', 'RGNT', 'COIA', 'PCLA', 'GVH', 'WTO', 'RAAQ', 'CONX', 'SNDQ', 'COIG', 'MSTP', 'ELTX', 'CEPO', 'WFCF']
13:13:23  Wrote 52 gappers (52 kept): ['EHGO', 'CANF', 'ICU', 'NBIZ', 'AHMA', 'SKIL', 'CORD', 'RGNT', 'COIA', 'PCLA', 'WTO', 'RAAQ', 'GVH', 'CONX', 'SNDQ', 'COIG', 'WFCF', 'CEPO', 'MSTP', 'PLTA']
13:14:11  Wrote 52 gappers (52 kept): ['EHGO', 'CANF', 'ICU', 'NBIZ', 'AHMA', 'SKIL', 'CORD', 'RGNT', 'COIA', 'PCLA', 'WTO', 'RAAQ', 'GVH', 'CONX', 'SNDQ', 'COIG', 'WFCF', 'ELTX', 'CEPO', 'MSTP']
13:14:59  Wrote 52 gappers (52 kept): ['EHGO', 'CANF', 'ICU', 'NBIZ', 'AHMA', 'SKIL', 'CORD', 'RGNT', 'COIA', 'PCLA', 'RAAQ', 'WTO', 'GVH', 'CONX', 'SNDQ', 'COIG', 'ELTX', 'WFCF', 'CEPO', 'MSTP']
13:15:48  Wrote 52 gappers (52 kept): ['EHGO', 'CANF', 'ICU', 'NBIZ', 'AHMA', 'SKIL', 'CORD', 'RGNT', 'COIA', 'PCLA', 'RAAQ', 'WTO', 'GVH', 'CONX', 'SNDQ', 'COIG', 'ELTX', 'WFCF', 'CEPO', 'MSTP']
13:16:36  Wrote 52 gappers (52 kept): ['EHGO', 'CANF', 'ICU', 'NBIZ', 'SKIL', 'AHMA', 'CORD', 'RGNT', 'COIA', 'PCLA', 'WTO', 'RAAQ', 'GVH', 'CONX', 'SNDQ', 'COIG', 'ELTX', 'CEPO', 'WFCF', 'MSTP']
13:17:24  Wrote 52 gappers (52 kept): ['EHGO', 'CANF', 'ICU', 'NBIZ', 'SKIL', 'AHMA', 'CORD', 'RGNT', 'COIA', 'WTO', 'RAAQ', 'GVH', 'CONX', 'COIG', 'SNDQ', 'ELTX', 'CEPO', 'WFCF', 'MSTP', 'PLTA']
13:18:11  Wrote 52 gappers (52 kept): ['EHGO', 'CANF', 'ICU', 'NBIZ', 'SKIL', 'AHMA', 'CORD', 'RGNT', 'COIA', 'WTO', 'RAAQ', 'GVH', 'CONX', 'COIG', 'SNDQ', 'ELTX', 'CEPO', 'WFCF', 'MSTP', 'PLTA']
13:18:59  Wrote 52 gappers (52 kept): ['EHGO', 'CANF', 'ICU', 'NBIZ', 'SKIL', 'AHMA', 'CORD', 'RGNT', 'COIA', 'RAAQ', 'WTO', 'GVH', 'CONX', 'COIG', 'SNDQ', 'CEPO', 'WFCF', 'MSTP', 'PLTA', 'PLTG']
13:19:46  Wrote 52 gappers (52 kept): ['EHGO', 'CANF', 'ICU', 'NBIZ', 'SKIL', 'AHMA', 'WTO', 'CORD', 'COIA', 'RGNT', 'GVH', 'RAAQ', 'CONX', 'COIG', 'SNDQ', 'CEPO', 'WFCF', 'MSTP', 'PLTA', 'PLTG']
13:20:34  Wrote 52 gappers (52 kept): ['EHGO', 'CANF', 'ICU', 'NBIZ', 'SKIL', 'AHMA', 'WTO', 'CORD', 'RGNT', 'COIA', 'PCLA', 'GVH', 'RAAQ', 'CONX', 'ELTX', 'COIG', 'RYOJ', 'SNDQ', 'CEPO', 'WFCF']
13:21:23  Wrote 52 gappers (52 kept): ['EHGO', 'CANF', 'ICU', 'NBIZ', 'SKIL', 'AHMA', 'RGNT', 'WTO', 'CORD', 'COIA', 'PCLA', 'RAAQ', 'GVH', 'CONX', 'COIG', 'RYOJ', 'SNDQ', 'ELTX', 'CEPO', 'WFCF']
13:22:10  Wrote 52 gappers (52 kept): ['EHGO', 'CANF', 'ICU', 'NBIZ', 'SKIL', 'AHMA', 'RGNT', 'CORD', 'COIA', 'PCLA', 'WTO', 'RAAQ', 'GVH', 'CONX', 'COIG', 'RYOJ', 'ELTX', 'SNDQ', 'CEPO', 'MSTP']
13:22:58  Wrote 52 gappers (52 kept): ['EHGO', 'CANF', 'ICU', 'NBIZ', 'SKIL', 'AHMA', 'CORD', 'RGNT', 'COIA', 'PCLA', 'WTO', 'RAAQ', 'GVH', 'CONX', 'COIG', 'RYOJ', 'ELTX', 'SNDQ', 'CEPO', 'MSTP']
13:23:46  Wrote 52 gappers (52 kept): ['EHGO', 'CANF', 'ICU', 'NBIZ', 'SKIL', 'AHMA', 'CORD', 'RGNT', 'COIA', 'PCLA', 'WTO', 'RAAQ', 'CONX', 'COIG', 'RYOJ', 'GVH', 'SNDQ', 'ELTX', 'CEPO', 'MSTP']
13:24:33  Wrote 53 gappers (53 kept): ['EHGO', 'CANF', 'ICU', 'NBIZ', 'SKIL', 'WTO', 'AHMA', 'RGNT', 'RNAZ', 'CORD', 'COIA', 'PCLA', 'RAAQ', 'GVH', 'COIG', 'RYOJ', 'CONX', 'SNDQ', 'ELTX', 'CEPO']
13:25:21  Wrote 53 gappers (53 kept): ['EHGO', 'CANF', 'ICU', 'NBIZ', 'WTO', 'SKIL', 'AHMA', 'RGNT', 'RNAZ', 'CORD', 'COIA', 'PCLA', 'RAAQ', 'GVH', 'COIG', 'RYOJ', 'CONX', 'SNDQ', 'WFCF', 'ELTX']
13:26:09  Wrote 53 gappers (53 kept): ['EHGO', 'CANF', 'ICU', 'NBIZ', 'WTO', 'SKIL', 'AHMA', 'RGNT', 'RNAZ', 'CORD', 'COIA', 'PCLA', 'RAAQ', 'GVH', 'COIG', 'RYOJ', 'CONX', 'SNDQ', 'WFCF', 'ELTX']
13:26:57  Wrote 53 gappers (53 kept): ['EHGO', 'CANF', 'ICU', 'NBIZ', 'WTO', 'SKIL', 'AHMA', 'RGNT', 'RNAZ', 'CORD', 'PCLA', 'COIA', 'RAAQ', 'GVH', 'RYOJ', 'CONX', 'SNDQ', 'COIG', 'WFCF', 'ELTX']
13:27:44  Wrote 53 gappers (53 kept): ['EHGO', 'CANF', 'ICU', 'NBIZ', 'WTO', 'SKIL', 'AHMA', 'RGNT', 'RNAZ', 'CORD', 'COIA', 'RAAQ', 'RYOJ', 'CONX', 'GVH', 'SNDQ', 'COIG', 'ELTX', 'WFCF', 'CEPO']
13:28:32  Wrote 53 gappers (53 kept): ['EHGO', 'CANF', 'ICU', 'NBIZ', 'WTO', 'AHMA', 'SKIL', 'RNAZ', 'RGNT', 'CORD', 'RYOJ', 'COIA', 'RAAQ', 'CONX', 'GVH', 'PCLA', 'COIG', 'SNDQ', 'ELTX', 'WFCF']
13:29:20  Wrote 53 gappers (53 kept): ['EHGO', 'CANF', 'ICU', 'NBIZ', 'WTO', 'AHMA', 'SKIL', 'RNAZ', 'RGNT', 'CORD', 'COIA', 'RAAQ', 'CONX', 'PCLA', 'COIG', 'RYOJ', 'GVH', 'WFCF', 'ELTX', 'SNDQ']
13:30:11  Wrote 53 gappers (53 kept): ['EHGO', 'CANF', 'ICU', 'NBIZ', 'WTO', 'AHMA', 'SKIL', 'RNAZ', 'RGNT', 'CORD', 'COIA', 'RYOJ', 'RAAQ', 'CONX', 'GVH', 'PCLA', 'COIG', 'WFCF', 'ELTX', 'CEPO']
13:31:00  Wrote 53 gappers (53 kept): ['EHGO', 'CANF', 'ICU', 'AHMA', 'NBIZ', 'WTO', 'SKIL', 'RNAZ', 'RGNT', 'CORD', 'COIA', 'RYOJ', 'RAAQ', 'CONX', 'PCLA', 'COIG', 'GVH', 'WFCF', 'ELTX', 'CEPO']
13:31:48  Wrote 53 gappers (53 kept): ['EHGO', 'CANF', 'ICU', 'AHMA', 'NBIZ', 'WTO', 'SKIL', 'RGNT', 'RNAZ', 'CORD', 'COIA', 'RYOJ', 'RAAQ', 'CONX', 'PCLA', 'COIG', 'GVH', 'CEPO', 'ELTX', 'MSTP']
13:32:36  Wrote 53 gappers (53 kept): ['EHGO', 'CANF', 'ICU', 'AHMA', 'NBIZ', 'WTO', 'SKIL', 'RGNT', 'RNAZ', 'CORD', 'PCLA', 'COIA', 'RAAQ', 'CONX', 'COIG', 'ELTX', 'GVH', 'CEPO', 'MSTP', 'FGRU']
13:33:24  Wrote 53 gappers (53 kept): ['EHGO', 'CANF', 'ICU', 'NBIZ', 'SKIL', 'WTO', 'AHMA', 'RGNT', 'RNAZ', 'CORD', 'PCLA', 'COIA', 'RAAQ', 'RYOJ', 'CONX', 'ELTX', 'COIG', 'GVH', 'SNDQ', 'CEPO']
13:34:12  Wrote 53 gappers (53 kept): ['EHGO', 'CANF', 'ICU', 'AHMA', 'NBIZ', 'SKIL', 'WTO', 'RGNT', 'RNAZ', 'CORD', 'RAAQ', 'PCLA', 'COIA', 'RYOJ', 'GVH', 'CONX', 'ELTX', 'COIG', 'CEPO', 'MSTP']
13:34:59  Wrote 53 gappers (53 kept): ['EHGO', 'CANF', 'ICU', 'AHMA', 'NBIZ', 'SKIL', 'RGNT', 'WTO', 'RNAZ', 'CORD', 'RAAQ', 'PCLA', 'COIA', 'RYOJ', 'GVH', 'CONX', 'ELTX', 'COIG', 'CEPO', 'MSTP']
13:35:47  Wrote 53 gappers (53 kept): ['EHGO', 'CANF', 'ICU', 'AHMA', 'NBIZ', 'WTO', 'SKIL', 'ELTX', 'RGNT', 'RNAZ', 'CORD', 'RAAQ', 'PCLA', 'COIA', 'RYOJ', 'GVH', 'CONX', 'COIG', 'SNDQ', 'CEPO']
13:36:35  Wrote 53 gappers (53 kept): ['EHGO', 'CANF', 'ICU', 'AHMA', 'NBIZ', 'SKIL', 'ELTX', 'CORD', 'RNAZ', 'WTO', 'RAAQ', 'RGNT', 'COIA', 'RYOJ', 'GVH', 'CONX', 'PCLA', 'COIG', 'SNDQ', 'CEPO']
13:37:23  Wrote 53 gappers (53 kept): ['EHGO', 'CANF', 'ICU', 'NBIZ', 'AHMA', 'SKIL', 'ELTX', 'RGNT', 'RNAZ', 'WTO', 'CORD', 'RAAQ', 'COIA', 'RYOJ', 'PCLA', 'CONX', 'GVH', 'COIG', 'SNDQ', 'CEPO']
13:38:11  Wrote 53 gappers (53 kept): ['EHGO', 'CANF', 'ICU', 'AHMA', 'NBIZ', 'SKIL', 'ELTX', 'RGNT', 'RNAZ', 'WTO', 'CORD', 'RAAQ', 'COIA', 'RYOJ', 'PCLA', 'CONX', 'SNDQ', 'COIG', 'GVH', 'CEPO']
13:38:58  Wrote 53 gappers (53 kept): ['EHGO', 'CANF', 'ICU', 'NBIZ', 'AHMA', 'ELTX', 'SKIL', 'RGNT', 'RNAZ', 'WTO', 'CORD', 'RAAQ', 'COIA', 'RYOJ', 'PCLA', 'CONX', 'COIG', 'SNDQ', 'GVH', 'CEPO']
13:39:46  Wrote 53 gappers (53 kept): ['EHGO', 'CANF', 'NBIZ', 'ICU', 'ELTX', 'SKIL', 'AHMA', 'RGNT', 'CORD', 'RNAZ', 'RAAQ', 'PCLA', 'WTO', 'CONX', 'SNDQ', 'COIA', 'COIG', 'GVH', 'CEPO', 'MSTP']
13:40:34  Wrote 53 gappers (53 kept): ['EHGO', 'CANF', 'NBIZ', 'ICU', 'ELTX', 'SKIL', 'WTO', 'AHMA', 'RGNT', 'CORD', 'RNAZ', 'RAAQ', 'PCLA', 'GVH', 'COIG', 'CONX', 'SNDQ', 'COIA', 'CEPO', 'MSTP']
13:41:22  Wrote 54 gappers (54 kept): ['LHAI', 'EHGO', 'CANF', 'NBIZ', 'ICU', 'ELTX', 'SKIL', 'WTO', 'AHMA', 'RGNT', 'CORD', 'RNAZ', 'RAAQ', 'PCLA', 'SNDQ', 'COIG', 'CONX', 'COIA', 'GVH', 'RYOJ']
13:42:10  Wrote 54 gappers (54 kept): ['LHAI', 'EHGO', 'CANF', 'NBIZ', 'ICU', 'SKIL', 'ELTX', 'WTO', 'AHMA', 'CORD', 'RGNT', 'RNAZ', 'RAAQ', 'PCLA', 'GVH', 'SNDQ', 'COIG', 'CONX', 'COIA', 'RYOJ']
13:42:57  Wrote 54 gappers (54 kept): ['LHAI', 'EHGO', 'CANF', 'NBIZ', 'SKIL', 'ICU', 'ELTX', 'WTO', 'AHMA', 'CORD', 'RGNT', 'RNAZ', 'RAAQ', 'PCLA', 'GVH', 'SNDQ', 'COIG', 'CONX', 'COIA', 'RYOJ']
13:43:44  Wrote 54 gappers (54 kept): ['LHAI', 'EHGO', 'CANF', 'NBIZ', 'SKIL', 'ICU', 'ELTX', 'WTO', 'AHMA', 'CORD', 'RGNT', 'RNAZ', 'RAAQ', 'PCLA', 'GVH', 'COIG', 'CONX', 'COIA', 'RYOJ', 'SNDQ']
13:44:32  Wrote 54 gappers (54 kept): ['LHAI', 'EHGO', 'CANF', 'NBIZ', 'ICU', 'SKIL', 'AHMA', 'WTO', 'ELTX', 'CORD', 'RNAZ', 'RGNT', 'RAAQ', 'PCLA', 'GVH', 'COIG', 'CONX', 'SNDQ', 'COIA', 'RYOJ']
13:45:20  Wrote 54 gappers (54 kept): ['LHAI', 'EHGO', 'CANF', 'NBIZ', 'SKIL', 'ELTX', 'ICU', 'AHMA', 'CORD', 'RNAZ', 'RGNT', 'WTO', 'RYOJ', 'PCLA', 'RAAQ', 'GVH', 'SNDQ', 'COIG', 'CONX', 'COIA']
13:46:09  Wrote 54 gappers (54 kept): ['LHAI', 'EHGO', 'CANF', 'NBIZ', 'SKIL', 'ICU', 'ELTX', 'CORD', 'AHMA', 'RGNT', 'RNAZ', 'WTO', 'RAAQ', 'PCLA', 'GVH', 'COIG', 'COIA', 'SNDQ', 'CONX', 'CEPO']
13:46:57  Wrote 54 gappers (54 kept): ['LHAI', 'EHGO', 'CANF', 'NBIZ', 'ICU', 'SKIL', 'ELTX', 'CORD', 'AHMA', 'RGNT', 'RNAZ', 'WTO', 'RAAQ', 'PCLA', 'GVH', 'COIA', 'SNDQ', 'COIG', 'CONX', 'CEPO']
13:47:44  Wrote 54 gappers (54 kept): ['LHAI', 'EHGO', 'CANF', 'NBIZ', 'SKIL', 'ICU', 'ELTX', 'CORD', 'AHMA', 'WTO', 'RGNT', 'RNAZ', 'RYOJ', 'RAAQ', 'PCLA', 'GVH', 'COIA', 'SNDQ', 'COIG', 'CONX']
13:48:32  Wrote 55 gappers (55 kept): ['LHAI', 'EHGO', 'CANF', 'NBIZ', 'ICU', 'SKIL', 'ELTX', 'CORD', 'AHMA', 'RGNT', 'NXTC', 'RNAZ', 'WTO', 'RAAQ', 'GVH', 'RYOJ', 'PCLA', 'COIA', 'COIG', 'SNDQ']
13:49:19  Wrote 55 gappers (55 kept): ['LHAI', 'EHGO', 'CANF', 'NBIZ', 'SKIL', 'ICU', 'ELTX', 'CORD', 'AHMA', 'RGNT', 'NXTC', 'RNAZ', 'WTO', 'RAAQ', 'RYOJ', 'GVH', 'PCLA', 'COIA', 'SNDQ', 'COIG']
13:50:08  Wrote 55 gappers (55 kept): ['LHAI', 'EHGO', 'CANF', 'NBIZ', 'ICU', 'SKIL', 'ELTX', 'CORD', 'AHMA', 'RGNT', 'NXTC', 'RNAZ', 'WTO', 'RAAQ', 'RYOJ', 'PCLA', 'COIA', 'COIG', 'GVH', 'CONX']
13:50:56  Wrote 55 gappers (55 kept): ['LHAI', 'EHGO', 'CANF', 'NBIZ', 'ICU', 'ELTX', 'SKIL', 'WTO', 'CORD', 'AHMA', 'RGNT', 'NXTC', 'RAAQ', 'RYOJ', 'PCLA', 'GVH', 'RNAZ', 'COIA', 'COIG', 'CONX']
13:51:43  Wrote 55 gappers (55 kept): ['LHAI', 'EHGO', 'CANF', 'NBIZ', 'ICU', 'SKIL', 'WTO', 'CORD', 'ELTX', 'AHMA', 'RGNT', 'NXTC', 'RAAQ', 'RNAZ', 'COIA', 'COIG', 'GVH', 'CONX', 'SNDQ', 'CEPO']
13:52:30  Wrote 55 gappers (55 kept): ['LHAI', 'EHGO', 'CANF', 'NBIZ', 'ICU', 'WTO', 'SKIL', 'ELTX', 'AHMA', 'CORD', 'RGNT', 'NXTC', 'RAAQ', 'RNAZ', 'GVH', 'COIA', 'COIG', 'SNDQ', 'CONX', 'CEPO']
13:53:18  Wrote 55 gappers (55 kept): ['LHAI', 'EHGO', 'CANF', 'NBIZ', 'ICU', 'WTO', 'SKIL', 'CORD', 'AHMA', 'ELTX', 'NXTC', 'RGNT', 'RAAQ', 'RYOJ', 'RNAZ', 'GVH', 'COIA', 'COIG', 'CONX', 'SNDQ']
13:54:05  Wrote 55 gappers (55 kept): ['LHAI', 'EHGO', 'CANF', 'NBIZ', 'ICU', 'WTO', 'SKIL', 'AHMA', 'ELTX', 'CORD', 'NXTC', 'RGNT', 'RAAQ', 'RNAZ', 'GVH', 'COIA', 'COIG', 'CONX', 'SNDQ', 'CEPO']
13:54:52  Wrote 55 gappers (55 kept): ['LHAI', 'EHGO', 'CANF', 'NBIZ', 'ICU', 'WTO', 'SKIL', 'AHMA', 'ELTX', 'CORD', 'NXTC', 'RGNT', 'RAAQ', 'RNAZ', 'SNDQ', 'COIA', 'COIG', 'GVH', 'CONX', 'CRVO']
13:55:40  Wrote 55 gappers (55 kept): ['LHAI', 'EHGO', 'CANF', 'ELTX', 'NBIZ', 'ICU', 'AHMA', 'WTO', 'SKIL', 'CORD', 'NXTC', 'RGNT', 'RAAQ', 'PCLA', 'GVH', 'RNAZ', 'SNDQ', 'MUZ', 'CEPO', 'CONX']
13:56:27  Wrote 55 gappers (55 kept): ['LHAI', 'EHGO', 'CANF', 'NBIZ', 'ELTX', 'ICU', 'WTO', 'RGNT', 'AHMA', 'SKIL', 'NXTC', 'CORD', 'RAAQ', 'GVH', 'RNAZ', 'PCLA', 'SNDQ', 'MUZ', 'CEPO', 'CRVO']
13:57:15  Wrote 55 gappers (55 kept): ['LHAI', 'EHGO', 'CANF', 'NBIZ', 'ICU', 'ELTX', 'RGNT', 'WTO', 'AHMA', 'SKIL', 'CORD', 'NXTC', 'RAAQ', 'RNAZ', 'GVH', 'SNDQ', 'CRVO', 'MUZ', 'CEPO', 'COIG']
13:58:02  Wrote 54 gappers (54 kept): ['LHAI', 'EHGO', 'CANF', 'NBIZ', 'ELTX', 'ICU', 'AHMA', 'WTO', 'RGNT', 'SKIL', 'CORD', 'RAAQ', 'RNAZ', 'SNDQ', 'GVH', 'MUZ', 'CRVO', 'CEPO', 'COIA', 'RYOJ']
13:58:49  Wrote 55 gappers (55 kept): ['LHAI', 'EHGO', 'CANF', 'NBIZ', 'RGNT', 'ICU', 'ELTX', 'AHMA', 'SKIL', 'WTO', 'CORD', 'NXTC', 'RNAZ', 'RAAQ', 'SNDQ', 'RYOJ', 'GVH', 'MUZ', 'CEPO', 'PCLA']
13:59:37  Wrote 55 gappers (55 kept): ['LHAI', 'EHGO', 'CANF', 'NBIZ', 'ICU', 'ELTX', 'RGNT', 'WTO', 'SKIL', 'CORD', 'AHMA', 'RNAZ', 'NXTC', 'RAAQ', 'GVH', 'PCLA', 'SNDQ', 'MUZ', 'CEPO', 'CONX']
14:00:26  Wrote 54 gappers (54 kept): ['LHAI', 'EHGO', 'CANF', 'NBIZ', 'WTO', 'ICU', 'RGNT', 'ELTX', 'SKIL', 'CORD', 'AHMA', 'GVH', 'RAAQ', 'RNAZ', 'RYOJ', 'PCLA', 'AIOS', 'SNDQ', 'CRVO', 'CEPO']
14:01:14  Wrote 54 gappers (54 kept): ['LHAI', 'EHGO', 'CANF', 'NBIZ', 'WTO', 'ICU', 'RGNT', 'ELTX', 'SKIL', 'CORD', 'RAAQ', 'GVH', 'AHMA', 'RNAZ', 'RYOJ', 'SNDQ', 'AIOS', 'MUZ', 'CRVO', 'CEPO']
14:02:02  Wrote 54 gappers (54 kept): ['LHAI', 'EHGO', 'CANF', 'WTO', 'NBIZ', 'ELTX', 'ICU', 'SKIL', 'CORD', 'RGNT', 'AHMA', 'RAAQ', 'GVH', 'RNAZ', 'RYOJ', 'SNDQ', 'AIOS', 'MUZ', 'CRVO', 'CEPO']
14:02:49  Wrote 54 gappers (54 kept): ['LHAI', 'EHGO', 'CANF', 'WTO', 'NBIZ', 'ELTX', 'ICU', 'CORD', 'SKIL', 'AHMA', 'RAAQ', 'GVH', 'RGNT', 'RNAZ', 'SNDQ', 'MUZ', 'AIOS', 'CRVO', 'CEPO', 'COIG']
14:03:36  Wrote 54 gappers (54 kept): ['LHAI', 'EHGO', 'CANF', 'WTO', 'NBIZ', 'ELTX', 'ICU', 'PCLA', 'SKIL', 'CORD', 'RAAQ', 'GVH', 'AHMA', 'RGNT', 'RNAZ', 'SNDQ', 'MUZ', 'AIOS', 'CRVO', 'CEPO']
14:04:23  Wrote 54 gappers (54 kept): ['LHAI', 'EHGO', 'CANF', 'NBIZ', 'WTO', 'ELTX', 'ICU', 'PCLA', 'SKIL', 'CORD', 'GVH', 'AHMA', 'RAAQ', 'RGNT', 'RNAZ', 'SNDQ', 'MUZ', 'AIOS', 'CRVO', 'CEPO']
14:05:11  Wrote 54 gappers (54 kept): ['LHAI', 'EHGO', 'CANF', 'NBIZ', 'WTO', 'ELTX', 'ICU', 'PCLA', 'SKIL', 'CORD', 'AHMA', 'RAAQ', 'GVH', 'RGNT', 'RNAZ', 'SNDQ', 'MUZ', 'RYOJ', 'AIOS', 'CRVO']
14:05:58  Wrote 54 gappers (54 kept): ['LHAI', 'EHGO', 'CANF', 'NBIZ', 'WTO', 'ELTX', 'CORD', 'ICU', 'PCLA', 'SKIL', 'AHMA', 'RAAQ', 'GVH', 'SNDQ', 'RGNT', 'RNAZ', 'RYOJ', 'MUZ', 'AIOS', 'CRVO']
14:06:45  Wrote 54 gappers (54 kept): ['LHAI', 'EHGO', 'CANF', 'NBIZ', 'WTO', 'CORD', 'ICU', 'SKIL', 'ELTX', 'RGNT', 'AHMA', 'PCLA', 'GVH', 'RNAZ', 'SNDQ', 'MUZ', 'RAAQ', 'AIOS', 'CRVO', 'CEPO']
14:07:32  Wrote 54 gappers (54 kept): ['LHAI', 'EHGO', 'CANF', 'NBIZ', 'WTO', 'ICU', 'CORD', 'SKIL', 'ELTX', 'RGNT', 'AHMA', 'GVH', 'PCLA', 'SNDQ', 'RNAZ', 'MUZ', 'RAAQ', 'AIOS', 'CRVO', 'CEPO']
14:08:19  Wrote 54 gappers (54 kept): ['LHAI', 'EHGO', 'CANF', 'NBIZ', 'ICU', 'CORD', 'SKIL', 'ELTX', 'RGNT', 'AHMA', 'GVH', 'PCLA', 'RNAZ', 'WTO', 'SNDQ', 'MUZ', 'RAAQ', 'AIOS', 'CRVO', 'CEPO']
14:09:06  Wrote 54 gappers (54 kept): ['LHAI', 'EHGO', 'CANF', 'NBIZ', 'ICU', 'CORD', 'SKIL', 'ELTX', 'AHMA', 'WTO', 'GVH', 'PCLA', 'RGNT', 'RNAZ', 'MUZ', 'SNDQ', 'RAAQ', 'AIOS', 'CRVO', 'CEPO']
14:09:53  Wrote 54 gappers (54 kept): ['LHAI', 'EHGO', 'CANF', 'NBIZ', 'ICU', 'SKIL', 'ELTX', 'CORD', 'WTO', 'AHMA', 'GVH', 'PCLA', 'RGNT', 'MUZ', 'RNAZ', 'SNDQ', 'RAAQ', 'AIOS', 'CRVO', 'CEPO']
14:10:40  Wrote 54 gappers (54 kept): ['LHAI', 'EHGO', 'CANF', 'NBIZ', 'ICU', 'RGNT', 'SKIL', 'ELTX', 'CORD', 'WTO', 'AHMA', 'GVH', 'PCLA', 'RNAZ', 'SNDQ', 'MUZ', 'RAAQ', 'AIOS', 'CEPO', 'COIG']
14:11:27  Wrote 54 gappers (54 kept): ['LHAI', 'EHGO', 'CANF', 'NBIZ', 'ICU', 'WTO', 'RGNT', 'SKIL', 'ELTX', 'CORD', 'AHMA', 'GVH', 'PCLA', 'RNAZ', 'SNDQ', 'MUZ', 'RAAQ', 'AIOS', 'CEPO', 'COIG']
14:12:14  Wrote 54 gappers (54 kept): ['LHAI', 'EHGO', 'CANF', 'NBIZ', 'ICU', 'WTO', 'RGNT', 'SKIL', 'ELTX', 'CORD', 'AHMA', 'GVH', 'PCLA', 'RAAQ', 'RNAZ', 'MUZ', 'SNDQ', 'AIOS', 'CEPO', 'COIG']
14:13:02  Wrote 54 gappers (54 kept): ['LHAI', 'EHGO', 'CANF', 'NBIZ', 'ICU', 'WTO', 'RGNT', 'SKIL', 'ELTX', 'CORD', 'AHMA', 'PCLA', 'RAAQ', 'RNAZ', 'SNDQ', 'MUZ', 'GVH', 'AIOS', 'CEPO', 'COIG']
14:13:49  Wrote 54 gappers (54 kept): ['LHAI', 'EHGO', 'CANF', 'NBIZ', 'WTO', 'ICU', 'ELTX', 'RGNT', 'SKIL', 'CORD', 'AHMA', 'PCLA', 'RAAQ', 'RNAZ', 'MUZ', 'SNDQ', 'GVH', 'AIOS', 'CEPO', 'COIG']
14:14:36  Wrote 54 gappers (54 kept): ['LHAI', 'EHGO', 'CANF', 'WTO', 'NBIZ', 'ICU', 'ELTX', 'RGNT', 'SKIL', 'CORD', 'AHMA', 'PCLA', 'RAAQ', 'RNAZ', 'SNDQ', 'MUZ', 'GVH', 'AIOS', 'CEPO', 'CRVO']
14:15:23  Wrote 54 gappers (54 kept): ['LHAI', 'EHGO', 'CANF', 'WTO', 'NBIZ', 'ICU', 'ELTX', 'RGNT', 'SKIL', 'CORD', 'AHMA', 'PCLA', 'RAAQ', 'RNAZ', 'SNDQ', 'MUZ', 'AIOS', 'GVH', 'CEPO', 'CRVO']
14:16:11  Wrote 54 gappers (54 kept): ['LHAI', 'EHGO', 'CANF', 'NBIZ', 'WTO', 'ICU', 'CORD', 'ELTX', 'SKIL', 'RGNT', 'AHMA', 'RAAQ', 'RNAZ', 'MUZ', 'SNDQ', 'AIOS', 'PCLA', 'GVH', 'CEPO', 'CRVO']
14:16:58  Wrote 54 gappers (54 kept): ['LHAI', 'EHGO', 'CANF', 'NBIZ', 'WTO', 'ICU', 'CORD', 'ELTX', 'SKIL', 'RGNT', 'AHMA', 'RAAQ', 'RNAZ', 'SNDQ', 'MUZ', 'AIOS', 'CEPO', 'GVH', 'PCLA', 'CRVO']
14:17:45  Wrote 54 gappers (54 kept): ['LHAI', 'EHGO', 'CANF', 'NBIZ', 'WTO', 'ICU', 'CORD', 'ELTX', 'SKIL', 'RGNT', 'AHMA', 'RAAQ', 'RNAZ', 'SNDQ', 'MUZ', 'AIOS', 'CEPO', 'PCLA', 'CRVO', 'RYOJ']
14:18:32  Wrote 54 gappers (54 kept): ['LHAI', 'EHGO', 'CANF', 'NBIZ', 'WTO', 'ICU', 'CORD', 'ELTX', 'SKIL', 'RGNT', 'AHMA', 'RAAQ', 'RNAZ', 'MUZ', 'SNDQ', 'AIOS', 'CEPO', 'PCLA', 'GVH', 'CRVO']
14:19:19  Wrote 54 gappers (54 kept): ['LHAI', 'EHGO', 'CANF', 'NBIZ', 'WTO', 'ICU', 'CORD', 'ELTX', 'SKIL', 'RGNT', 'AHMA', 'RAAQ', 'RNAZ', 'MUZ', 'SNDQ', 'AIOS', 'CEPO', 'PCLA', 'GVH', 'CRVO']
14:20:06  Wrote 54 gappers (54 kept): ['LHAI', 'EHGO', 'CANF', 'NBIZ', 'WTO', 'ICU', 'CORD', 'ELTX', 'SKIL', 'RGNT', 'AHMA', 'RAAQ', 'RNAZ', 'SNDQ', 'MUZ', 'AIOS', 'CEPO', 'PCLA', 'GVH', 'CRVO']
14:20:53  Wrote 54 gappers (54 kept): ['LHAI', 'EHGO', 'CANF', 'NBIZ', 'WTO', 'ICU', 'CORD', 'ELTX', 'SKIL', 'RGNT', 'AHMA', 'RAAQ', 'RNAZ', 'MUZ', 'SNDQ', 'AIOS', 'CEPO', 'CRVO', 'PCLA', 'GVH']
14:21:40  Wrote 54 gappers (54 kept): ['LHAI', 'EHGO', 'CANF', 'NBIZ', 'WTO', 'ICU', 'ELTX', 'CORD', 'SKIL', 'RGNT', 'AHMA', 'RAAQ', 'RNAZ', 'MUZ', 'SNDQ', 'AIOS', 'CEPO', 'CRVO', 'PCLA', 'RYOJ']
14:22:27  Wrote 54 gappers (54 kept): ['LHAI', 'EHGO', 'CANF', 'NBIZ', 'WTO', 'ICU', 'CORD', 'ELTX', 'SKIL', 'RGNT', 'AHMA', 'RAAQ', 'RNAZ', 'MUZ', 'SNDQ', 'AIOS', 'CEPO', 'CRVO', 'PCLA', 'RYOJ']
14:23:15  Wrote 54 gappers (54 kept): ['LHAI', 'EHGO', 'CANF', 'WTO', 'NBIZ', 'ICU', 'CORD', 'ELTX', 'SKIL', 'RGNT', 'AHMA', 'RAAQ', 'RNAZ', 'MUZ', 'SNDQ', 'AIOS', 'CEPO', 'CRVO', 'PCLA', 'RYOJ']
14:24:02  Wrote 54 gappers (54 kept): ['LHAI', 'EHGO', 'CANF', 'WTO', 'NBIZ', 'ICU', 'CORD', 'ELTX', 'SKIL', 'RGNT', 'AHMA', 'RAAQ', 'RNAZ', 'MUZ', 'SNDQ', 'AIOS', 'CEPO', 'PCLA', 'CRVO', 'RYOJ']
14:24:49  Wrote 54 gappers (54 kept): ['LHAI', 'EHGO', 'CANF', 'WTO', 'NBIZ', 'ICU', 'CORD', 'ELTX', 'SKIL', 'RGNT', 'AHMA', 'RAAQ', 'RNAZ', 'MUZ', 'SNDQ', 'AIOS', 'CEPO', 'PCLA', 'CRVO', 'RYOJ']
14:25:36  Wrote 54 gappers (54 kept): ['LHAI', 'EHGO', 'CANF', 'NBIZ', 'ICU', 'WTO', 'CORD', 'ELTX', 'SKIL', 'RGNT', 'AHMA', 'RAAQ', 'RNAZ', 'MUZ', 'SNDQ', 'AIOS', 'CEPO', 'PCLA', 'CRVO', 'RYOJ']
14:26:23  Wrote 54 gappers (54 kept): ['LHAI', 'EHGO', 'CANF', 'NBIZ', 'ICU', 'WTO', 'CORD', 'ELTX', 'SKIL', 'RGNT', 'AHMA', 'RNAZ', 'RAAQ', 'MUZ', 'SNDQ', 'AIOS', 'CEPO', 'PCLA', 'CRVO', 'RYOJ']
14:27:10  Wrote 54 gappers (54 kept): ['LHAI', 'EHGO', 'CANF', 'NBIZ', 'ICU', 'WTO', 'CORD', 'ELTX', 'SKIL', 'RGNT', 'AHMA', 'RNAZ', 'RAAQ', 'MUZ', 'SNDQ', 'AIOS', 'CEPO', 'PCLA', 'CRVO', 'RYOJ']
14:27:57  Wrote 54 gappers (54 kept): ['LHAI', 'EHGO', 'CANF', 'NBIZ', 'ICU', 'WTO', 'CORD', 'ELTX', 'SKIL', 'RGNT', 'AHMA', 'RNAZ', 'RAAQ', 'MUZ', 'SNDQ', 'AIOS', 'CEPO', 'PCLA', 'CRVO', 'RYOJ']
14:28:44  Wrote 54 gappers (54 kept): ['LHAI', 'EHGO', 'CANF', 'NBIZ', 'ICU', 'WTO', 'CORD', 'ELTX', 'SKIL', 'RGNT', 'AHMA', 'RNAZ', 'RAAQ', 'MUZ', 'SNDQ', 'AIOS', 'CEPO', 'PCLA', 'CRVO', 'RYOJ']
14:29:31  Wrote 54 gappers (54 kept): ['LHAI', 'EHGO', 'CANF', 'NBIZ', 'ICU', 'WTO', 'CORD', 'ELTX', 'SKIL', 'RGNT', 'AHMA', 'RNAZ', 'RAAQ', 'MUZ', 'SNDQ', 'AIOS', 'CEPO', 'PCLA', 'CRVO', 'RYOJ']
14:30:19  Wrote 54 gappers (54 kept): ['LHAI', 'EHGO', 'CANF', 'NBIZ', 'ICU', 'WTO', 'CORD', 'ELTX', 'SKIL', 'AHMA', 'RGNT', 'RNAZ', 'RAAQ', 'MUZ', 'SNDQ', 'AIOS', 'CEPO', 'PCLA', 'CRVO', 'RYOJ']
14:31:07  Wrote 54 gappers (54 kept): ['LHAI', 'EHGO', 'CANF', 'NBIZ', 'ICU', 'WTO', 'CORD', 'ELTX', 'SKIL', 'AHMA', 'RGNT', 'RNAZ', 'RAAQ', 'MUZ', 'SNDQ', 'AIOS', 'CEPO', 'PCLA', 'CRVO', 'RYOJ']
14:31:54  Wrote 54 gappers (54 kept): ['LHAI', 'EHGO', 'CANF', 'NBIZ', 'ICU', 'WTO', 'CORD', 'ELTX', 'SKIL', 'AHMA', 'RGNT', 'RNAZ', 'RAAQ', 'MUZ', 'SNDQ', 'AIOS', 'CEPO', 'PCLA', 'CRVO', 'RYOJ']
14:32:41  Wrote 54 gappers (54 kept): ['LHAI', 'EHGO', 'CANF', 'NBIZ', 'ICU', 'WTO', 'CORD', 'ELTX', 'SKIL', 'AHMA', 'RGNT', 'RNAZ', 'RAAQ', 'MUZ', 'SNDQ', 'AIOS', 'CEPO', 'PCLA', 'CRVO', 'RYOJ']
14:33:28  Wrote 54 gappers (54 kept): ['LHAI', 'EHGO', 'CANF', 'NBIZ', 'ICU', 'CORD', 'WTO', 'ELTX', 'SKIL', 'AHMA', 'RGNT', 'RNAZ', 'RAAQ', 'MUZ', 'SNDQ', 'AIOS', 'CEPO', 'PCLA', 'CRVO', 'RYOJ']
14:34:15  Wrote 54 gappers (54 kept): ['LHAI', 'EHGO', 'CANF', 'NBIZ', 'ICU', 'CORD', 'WTO', 'ELTX', 'SKIL', 'AHMA', 'RGNT', 'RNAZ', 'RAAQ', 'MUZ', 'SNDQ', 'AIOS', 'CEPO', 'PCLA', 'CRVO', 'RYOJ']
14:35:02  Wrote 54 gappers (54 kept): ['LHAI', 'EHGO', 'CANF', 'NBIZ', 'ICU', 'WTO', 'CORD', 'ELTX', 'SKIL', 'AHMA', 'RGNT', 'RNAZ', 'RAAQ', 'MUZ', 'SNDQ', 'AIOS', 'CEPO', 'PCLA', 'CRVO', 'RYOJ']
14:35:49  Wrote 54 gappers (54 kept): ['LHAI', 'EHGO', 'CANF', 'NBIZ', 'WTO', 'ICU', 'CORD', 'ELTX', 'SKIL', 'AHMA', 'RGNT', 'RNAZ', 'RAAQ', 'SNDQ', 'MUZ', 'AIOS', 'CEPO', 'PCLA', 'CRVO', 'RYOJ']
14:36:37  Wrote 54 gappers (54 kept): ['LHAI', 'EHGO', 'CANF', 'NBIZ', 'WTO', 'ICU', 'CORD', 'ELTX', 'SKIL', 'RGNT', 'AHMA', 'RAAQ', 'RNAZ', 'MUZ', 'SNDQ', 'AIOS', 'CEPO', 'PCLA', 'CRVO', 'RYOJ']
14:37:24  Wrote 54 gappers (54 kept): ['LHAI', 'EHGO', 'CANF', 'NBIZ', 'WTO', 'ICU', 'CORD', 'ELTX', 'SKIL', 'RGNT', 'AHMA', 'RAAQ', 'RNAZ', 'MUZ', 'SNDQ', 'AIOS', 'CEPO', 'PCLA', 'CRVO', 'RYOJ']
14:38:11  Wrote 54 gappers (54 kept): ['LHAI', 'EHGO', 'CANF', 'NBIZ', 'WTO', 'ICU', 'ELTX', 'CORD', 'SKIL', 'RGNT', 'AHMA', 'RAAQ', 'RNAZ', 'MUZ', 'SNDQ', 'AIOS', 'CEPO', 'PCLA', 'CRVO', 'GVH']
14:38:58  Wrote 54 gappers (54 kept): ['LHAI', 'EHGO', 'CANF', 'NBIZ', 'WTO', 'ICU', 'ELTX', 'CORD', 'SKIL', 'RGNT', 'AHMA', 'RAAQ', 'RNAZ', 'MUZ', 'SNDQ', 'AIOS', 'CEPO', 'PCLA', 'CRVO', 'GVH']
14:39:45  Wrote 54 gappers (54 kept): ['LHAI', 'EHGO', 'CANF', 'NBIZ', 'WTO', 'ICU', 'CORD', 'ELTX', 'SKIL', 'RGNT', 'AHMA', 'RAAQ', 'RNAZ', 'MUZ', 'SNDQ', 'AIOS', 'CEPO', 'PCLA', 'CRVO', 'GVH']
14:40:32  Wrote 54 gappers (54 kept): ['LHAI', 'EHGO', 'CANF', 'NBIZ', 'WTO', 'ICU', 'CORD', 'ELTX', 'SKIL', 'RGNT', 'AHMA', 'RAAQ', 'RNAZ', 'MUZ', 'SNDQ', 'AIOS', 'CEPO', 'CRVO', 'GVH', 'CONX']
14:41:19  Wrote 54 gappers (54 kept): ['LHAI', 'EHGO', 'CANF', 'NBIZ', 'WTO', 'ICU', 'CORD', 'ELTX', 'SKIL', 'RGNT', 'AHMA', 'RAAQ', 'RNAZ', 'MUZ', 'SNDQ', 'AIOS', 'GVH', 'CEPO', 'CRVO', 'CONX']
14:42:06  Wrote 54 gappers (54 kept): ['LHAI', 'EHGO', 'CANF', 'NBIZ', 'ICU', 'CORD', 'SKIL', 'RGNT', 'AHMA', 'ELTX', 'WTO', 'RAAQ', 'RNAZ', 'MUZ', 'SNDQ', 'AIOS', 'GVH', 'CEPO', 'CRVO', 'CONX']
14:42:53  Wrote 54 gappers (54 kept): ['LHAI', 'EHGO', 'CANF', 'NBIZ', 'ICU', 'CORD', 'SKIL', 'RGNT', 'AHMA', 'ELTX', 'WTO', 'RAAQ', 'RNAZ', 'MUZ', 'SNDQ', 'AIOS', 'GVH', 'CEPO', 'CRVO', 'CONX']
14:43:40  Wrote 54 gappers (54 kept): ['LHAI', 'EHGO', 'CANF', 'NBIZ', 'ICU', 'CORD', 'SKIL', 'RGNT', 'AHMA', 'ELTX', 'WTO', 'RAAQ', 'RNAZ', 'MUZ', 'AIOS', 'SNDQ', 'GVH', 'CEPO', 'CRVO', 'MST']
14:44:27  Wrote 54 gappers (54 kept): ['LHAI', 'EHGO', 'CANF', 'NBIZ', 'ICU', 'CORD', 'SKIL', 'RGNT', 'AHMA', 'ELTX', 'WTO', 'RAAQ', 'RNAZ', 'AIOS', 'SNDQ', 'GVH', 'MUZ', 'CEPO', 'CRVO', 'CONX']
14:45:15  Wrote 54 gappers (54 kept): ['LHAI', 'EHGO', 'CANF', 'NBIZ', 'ICU', 'WTO', 'CORD', 'SKIL', 'RGNT', 'AHMA', 'ELTX', 'RAAQ', 'RNAZ', 'MUZ', 'AIOS', 'GVH', 'SNDQ', 'CEPO', 'CRVO', 'MST']
14:46:02  Wrote 54 gappers (54 kept): ['LHAI', 'EHGO', 'CANF', 'NBIZ', 'ICU', 'WTO', 'SKIL', 'CORD', 'RGNT', 'AHMA', 'ELTX', 'RAAQ', 'RNAZ', 'MUZ', 'AIOS', 'SNDQ', 'GVH', 'CEPO', 'CRVO', 'MST']
14:46:49  Wrote 54 gappers (54 kept): ['LHAI', 'EHGO', 'CANF', 'NBIZ', 'ICU', 'WTO', 'SKIL', 'CORD', 'AHMA', 'ELTX', 'RGNT', 'RAAQ', 'RNAZ', 'AIOS', 'SNDQ', 'MUZ', 'GVH', 'CEPO', 'CRVO', 'MST']
14:47:36  Wrote 54 gappers (54 kept): ['LHAI', 'EHGO', 'CANF', 'NBIZ', 'ICU', 'WTO', 'SKIL', 'CORD', 'AHMA', 'ELTX', 'RGNT', 'RAAQ', 'RNAZ', 'AIOS', 'SNDQ', 'GVH', 'MUZ', 'CEPO', 'CRVO', 'MST']
14:48:23  Wrote 54 gappers (54 kept): ['LHAI', 'EHGO', 'CANF', 'NBIZ', 'ICU', 'WTO', 'SKIL', 'CORD', 'AHMA', 'ELTX', 'RGNT', 'RAAQ', 'RNAZ', 'AIOS', 'GVH', 'MUZ', 'SNDQ', 'CEPO', 'JEM', 'CRVO']
14:49:10  Wrote 54 gappers (54 kept): ['LHAI', 'EHGO', 'CANF', 'NBIZ', 'ICU', 'JEM', 'WTO', 'SKIL', 'AHMA', 'CORD', 'ELTX', 'RGNT', 'RAAQ', 'RNAZ', 'AIOS', 'GVH', 'MUZ', 'SNDQ', 'CEPO', 'CRVO']
14:49:57  Wrote 54 gappers (54 kept): ['LHAI', 'EHGO', 'CANF', 'NBIZ', 'ICU', 'SKIL', 'CORD', 'AHMA', 'WTO', 'ELTX', 'JEM', 'RGNT', 'RAAQ', 'RNAZ', 'AIOS', 'GVH', 'MUZ', 'SNDQ', 'CEPO', 'CRVO']
14:50:44  Wrote 54 gappers (54 kept): ['LHAI', 'EHGO', 'CANF', 'NBIZ', 'ICU', 'JEM', 'SKIL', 'AHMA', 'WTO', 'CORD', 'ELTX', 'RGNT', 'RAAQ', 'RNAZ', 'AIOS', 'MUZ', 'SNDQ', 'CEPO', 'CRVO', 'GVH']
14:51:31  Wrote 54 gappers (54 kept): ['LHAI', 'EHGO', 'CANF', 'NBIZ', 'JEM', 'ICU', 'SKIL', 'AHMA', 'CORD', 'WTO', 'ELTX', 'RGNT', 'RAAQ', 'RNAZ', 'AIOS', 'SNDQ', 'MUZ', 'CEPO', 'CRVO', 'GVH']
14:52:18  Wrote 54 gappers (54 kept): ['LHAI', 'EHGO', 'CANF', 'JEM', 'NBIZ', 'ICU', 'SKIL', 'AHMA', 'CORD', 'WTO', 'ELTX', 'RGNT', 'RAAQ', 'RNAZ', 'AIOS', 'MUZ', 'SNDQ', 'CEPO', 'CRVO', 'PCLA']
14:53:05  Wrote 54 gappers (54 kept): ['LHAI', 'EHGO', 'CANF', 'NBIZ', 'JEM', 'ICU', 'SKIL', 'CORD', 'AHMA', 'WTO', 'ELTX', 'RGNT', 'RAAQ', 'RNAZ', 'AIOS', 'MUZ', 'SNDQ', 'CEPO', 'CRVO', 'GVH']
14:53:52  Wrote 54 gappers (54 kept): ['LHAI', 'EHGO', 'CANF', 'NBIZ', 'ICU', 'SKIL', 'JEM', 'CORD', 'AHMA', 'WTO', 'ELTX', 'RGNT', 'RAAQ', 'RNAZ', 'AIOS', 'MUZ', 'SNDQ', 'CEPO', 'CRVO', 'GVH']
14:54:39  Wrote 54 gappers (54 kept): ['LHAI', 'EHGO', 'CANF', 'NBIZ', 'ICU', 'SKIL', 'CORD', 'AHMA', 'WTO', 'JEM', 'ELTX', 'RGNT', 'RAAQ', 'RNAZ', 'AIOS', 'MUZ', 'SNDQ', 'CRVO', 'CEPO', 'GVH']
14:55:26  Wrote 54 gappers (54 kept): ['LHAI', 'EHGO', 'CANF', 'NBIZ', 'ICU', 'JEM', 'SKIL', 'CORD', 'WTO', 'AHMA', 'ELTX', 'RGNT', 'RAAQ', 'RNAZ', 'AIOS', 'MUZ', 'SNDQ', 'CRVO', 'CEPO', 'GVH']
14:56:13  Wrote 54 gappers (54 kept): ['LHAI', 'EHGO', 'CANF', 'NBIZ', 'ICU', 'JEM', 'SKIL', 'CORD', 'WTO', 'AHMA', 'ELTX', 'RGNT', 'RAAQ', 'RNAZ', 'AIOS', 'MUZ', 'SNDQ', 'CRVO', 'CEPO', 'GVH']
14:57:00  Wrote 54 gappers (54 kept): ['LHAI', 'EHGO', 'CANF', 'NBIZ', 'ICU', 'JEM', 'SKIL', 'CORD', 'WTO', 'AHMA', 'ELTX', 'RGNT', 'RAAQ', 'RNAZ', 'AIOS', 'MUZ', 'SNDQ', 'CRVO', 'CEPO', 'GVH']
14:57:47  Wrote 54 gappers (54 kept): ['LHAI', 'EHGO', 'CANF', 'NBIZ', 'ICU', 'JEM', 'SKIL', 'CORD', 'WTO', 'AHMA', 'ELTX', 'RGNT', 'RAAQ', 'RNAZ', 'AIOS', 'SNDQ', 'MUZ', 'CRVO', 'CEPO', 'GVH']
14:58:34  Wrote 54 gappers (54 kept): ['LHAI', 'EHGO', 'CANF', 'NBIZ', 'ICU', 'JEM', 'SKIL', 'CORD', 'WTO', 'AHMA', 'ELTX', 'RGNT', 'RAAQ', 'RNAZ', 'AIOS', 'SNDQ', 'MUZ', 'CRVO', 'CEPO', 'GVH']
14:59:21  Wrote 54 gappers (54 kept): ['LHAI', 'EHGO', 'CANF', 'NBIZ', 'ICU', 'AHMA', 'JEM', 'SKIL', 'WTO', 'CORD', 'ELTX', 'RGNT', 'RAAQ', 'RNAZ', 'AIOS', 'MUZ', 'SNDQ', 'CRVO', 'CEPO', 'GVH']
15:00:10  Wrote 54 gappers (54 kept): ['LHAI', 'EHGO', 'CANF', 'NBIZ', 'ICU', 'JEM', 'AHMA', 'SKIL', 'WTO', 'CORD', 'ELTX', 'RGNT', 'RAAQ', 'RNAZ', 'AIOS', 'MUZ', 'SNDQ', 'CRVO', 'CEPO', 'GVH']
15:00:57  Wrote 54 gappers (54 kept): ['LHAI', 'EHGO', 'CANF', 'NBIZ', 'ICU', 'AHMA', 'JEM', 'SKIL', 'WTO', 'CORD', 'RGNT', 'RAAQ', 'RNAZ', 'ELTX', 'AIOS', 'MUZ', 'SNDQ', 'CRVO', 'CEPO', 'GVH']
15:01:44  Wrote 54 gappers (54 kept): ['LHAI', 'EHGO', 'CANF', 'NBIZ', 'ICU', 'JEM', 'SKIL', 'WTO', 'AHMA', 'CORD', 'RGNT', 'RAAQ', 'RNAZ', 'ELTX', 'AIOS', 'MUZ', 'SNDQ', 'CRVO', 'CEPO', 'GVH']
15:02:31  Wrote 54 gappers (54 kept): ['LHAI', 'EHGO', 'CANF', 'NBIZ', 'ICU', 'SKIL', 'WTO', 'AHMA', 'JEM', 'CORD', 'RGNT', 'RAAQ', 'RNAZ', 'ELTX', 'AIOS', 'MUZ', 'SNDQ', 'CRVO', 'CEPO', 'GVH']
15:03:18  Wrote 54 gappers (54 kept): ['LHAI', 'EHGO', 'CANF', 'NBIZ', 'WTO', 'ICU', 'SKIL', 'CORD', 'AHMA', 'RGNT', 'ELTX', 'RAAQ', 'RNAZ', 'AIOS', 'SNDQ', 'MUZ', 'JEM', 'CRVO', 'CEPO', 'GVH']
15:04:05  Wrote 54 gappers (54 kept): ['LHAI', 'EHGO', 'CANF', 'NBIZ', 'WTO', 'ICU', 'SKIL', 'CORD', 'AHMA', 'RGNT', 'ELTX', 'RAAQ', 'RNAZ', 'SNDQ', 'JEM', 'AIOS', 'MUZ', 'CRVO', 'CEPO', 'GVH']
15:04:52  Wrote 54 gappers (54 kept): ['LHAI', 'EHGO', 'CANF', 'NBIZ', 'WTO', 'ICU', 'SKIL', 'CORD', 'AHMA', 'RGNT', 'ELTX', 'RAAQ', 'RNAZ', 'JEM', 'AIOS', 'SNDQ', 'MUZ', 'CRVO', 'CEPO', 'GVH']
15:05:39  Wrote 54 gappers (54 kept): ['LHAI', 'EHGO', 'CANF', 'NBIZ', 'WTO', 'ICU', 'SKIL', 'CORD', 'AHMA', 'RGNT', 'ELTX', 'RAAQ', 'RNAZ', 'JEM', 'AIOS', 'SNDQ', 'MUZ', 'CEPO', 'CRVO', 'GVH']
15:06:26  Wrote 54 gappers (54 kept): ['LHAI', 'EHGO', 'CANF', 'NBIZ', 'WTO', 'ICU', 'SKIL', 'CORD', 'AHMA', 'RGNT', 'ELTX', 'JEM', 'RAAQ', 'RNAZ', 'AIOS', 'SNDQ', 'MUZ', 'CEPO', 'CRVO', 'GVH']
15:07:13  Wrote 54 gappers (54 kept): ['LHAI', 'EHGO', 'CANF', 'NBIZ', 'WTO', 'ICU', 'SKIL', 'CORD', 'AHMA', 'JEM', 'RGNT', 'ELTX', 'RAAQ', 'RNAZ', 'SNDQ', 'AIOS', 'MUZ', 'CEPO', 'CRVO', 'GVH']
15:08:00  Wrote 54 gappers (54 kept): ['LHAI', 'EHGO', 'CANF', 'NBIZ', 'WTO', 'ICU', 'SKIL', 'CORD', 'JEM', 'AHMA', 'RGNT', 'ELTX', 'RAAQ', 'RNAZ', 'AIOS', 'SNDQ', 'MUZ', 'CEPO', 'CRVO', 'GVH']
15:08:47  Wrote 54 gappers (54 kept): ['LHAI', 'EHGO', 'CANF', 'NBIZ', 'WTO', 'ICU', 'JEM', 'SKIL', 'CORD', 'AHMA', 'ELTX', 'RGNT', 'RAAQ', 'RNAZ', 'AIOS', 'SNDQ', 'MUZ', 'CEPO', 'CRVO', 'MST']
15:09:35  Wrote 54 gappers (54 kept): ['LHAI', 'EHGO', 'CANF', 'NBIZ', 'WTO', 'ICU', 'JEM', 'SKIL', 'CORD', 'AHMA', 'RGNT', 'ELTX', 'RAAQ', 'RNAZ', 'AIOS', 'SNDQ', 'MUZ', 'CEPO', 'CRVO', 'MST']
15:10:22  Wrote 54 gappers (54 kept): ['LHAI', 'EHGO', 'CANF', 'NBIZ', 'WTO', 'ICU', 'SKIL', 'CORD', 'AHMA', 'RGNT', 'ELTX', 'JEM', 'RAAQ', 'RNAZ', 'AIOS', 'SNDQ', 'MUZ', 'CEPO', 'CRVO', 'MST']
15:11:09  Wrote 54 gappers (54 kept): ['LHAI', 'EHGO', 'CANF', 'NBIZ', 'WTO', 'ICU', 'SKIL', 'CORD', 'AHMA', 'JEM', 'RGNT', 'ELTX', 'RAAQ', 'RNAZ', 'AIOS', 'SNDQ', 'MUZ', 'CEPO', 'CRVO', 'MST']
15:11:56  Wrote 54 gappers (54 kept): ['LHAI', 'EHGO', 'CANF', 'WTO', 'ICU', 'NBIZ', 'SKIL', 'CORD', 'AHMA', 'RGNT', 'ELTX', 'JEM', 'RAAQ', 'RNAZ', 'AIOS', 'SNDQ', 'MUZ', 'CEPO', 'CRVO', 'MST']
15:12:43  Wrote 54 gappers (54 kept): ['LHAI', 'EHGO', 'CANF', 'WTO', 'ICU', 'NBIZ', 'SKIL', 'CORD', 'AHMA', 'JEM', 'RGNT', 'ELTX', 'RAAQ', 'RNAZ', 'AIOS', 'SNDQ', 'CEPO', 'MUZ', 'CRVO', 'MST']
15:13:30  Wrote 54 gappers (54 kept): ['LHAI', 'EHGO', 'CANF', 'WTO', 'ICU', 'NBIZ', 'SKIL', 'CORD', 'AHMA', 'RGNT', 'ELTX', 'RAAQ', 'RNAZ', 'JEM', 'AIOS', 'CEPO', 'SNDQ', 'CRVO', 'MUZ', 'MST']
15:14:17  Wrote 54 gappers (54 kept): ['LHAI', 'EHGO', 'CANF', 'WTO', 'ICU', 'NBIZ', 'SKIL', 'CORD', 'AHMA', 'RGNT', 'ELTX', 'RAAQ', 'RNAZ', 'JEM', 'AIOS', 'SNDQ', 'CEPO', 'MUZ', 'CRVO', 'MST']
15:15:05  Wrote 54 gappers (54 kept): ['LHAI', 'EHGO', 'CANF', 'WTO', 'ICU', 'NBIZ', 'SKIL', 'CORD', 'AHMA', 'RGNT', 'ELTX', 'RAAQ', 'RNAZ', 'JEM', 'AIOS', 'GVH', 'MSTP', 'SNDQ', 'CEPO', 'MUZ']
15:15:52  Wrote 54 gappers (54 kept): ['LHAI', 'EHGO', 'CANF', 'WTO', 'ICU', 'NBIZ', 'SKIL', 'CORD', 'AHMA', 'RGNT', 'ELTX', 'RAAQ', 'RNAZ', 'JEM', 'AIOS', 'GVH', 'SNDQ', 'MSTP', 'CEPO', 'MUZ']
15:16:39  Wrote 54 gappers (54 kept): ['LHAI', 'EHGO', 'CANF', 'WTO', 'ICU', 'NBIZ', 'SKIL', 'CORD', 'AHMA', 'RGNT', 'ELTX', 'RAAQ', 'RNAZ', 'AIOS', 'GVH', 'JEM', 'SNDQ', 'MSTP', 'CEPO', 'MUZ']
15:17:27  Wrote 54 gappers (54 kept): ['LHAI', 'EHGO', 'CANF', 'WTO', 'ICU', 'NBIZ', 'SKIL', 'CORD', 'AHMA', 'RGNT', 'ELTX', 'RAAQ', 'RNAZ', 'JEM', 'AIOS', 'GVH', 'MUZ', 'MSTP', 'SNDQ', 'CEPO']
15:18:14  Wrote 54 gappers (54 kept): ['LHAI', 'EHGO', 'CANF', 'WTO', 'ICU', 'NBIZ', 'SKIL', 'CORD', 'AHMA', 'RGNT', 'ELTX', 'RAAQ', 'RNAZ', 'JEM', 'AIOS', 'GVH', 'MUZ', 'SNDQ', 'MSTP', 'CEPO']
15:19:01  Wrote 54 gappers (54 kept): ['LHAI', 'EHGO', 'CANF', 'WTO', 'ICU', 'NBIZ', 'SKIL', 'CORD', 'AHMA', 'RGNT', 'ELTX', 'JEM', 'RAAQ', 'RNAZ', 'AIOS', 'GVH', 'MUZ', 'SNDQ', 'MSTP', 'CEPO']
15:19:48  Wrote 54 gappers (54 kept): ['LHAI', 'EHGO', 'CANF', 'WTO', 'ICU', 'NBIZ', 'SKIL', 'CORD', 'AHMA', 'RGNT', 'ELTX', 'RAAQ', 'RNAZ', 'JEM', 'AIOS', 'MUZ', 'SNDQ', 'MSTP', 'CEPO', 'CRVO']
15:20:35  Wrote 54 gappers (54 kept): ['LHAI', 'EHGO', 'CANF', 'WTO', 'ICU', 'NBIZ', 'SKIL', 'CORD', 'AHMA', 'RGNT', 'ELTX', 'RAAQ', 'RNAZ', 'AIOS', 'JEM', 'MUZ', 'SNDQ', 'MSTP', 'CEPO', 'CRVO']
15:21:22  Wrote 54 gappers (54 kept): ['LHAI', 'EHGO', 'CANF', 'WTO', 'ICU', 'NBIZ', 'SKIL', 'CORD', 'AHMA', 'RGNT', 'ELTX', 'RAAQ', 'RNAZ', 'AIOS', 'MSTP', 'MUZ', 'SNDQ', 'CEPO', 'COIG', 'CRVO']
15:22:09  Wrote 54 gappers (54 kept): ['LHAI', 'EHGO', 'CANF', 'WTO', 'ICU', 'NBIZ', 'SKIL', 'CORD', 'AHMA', 'RGNT', 'ELTX', 'RAAQ', 'RNAZ', 'AIOS', 'MSTP', 'MUZ', 'SNDQ', 'CEPO', 'COIG', 'CRVO']
15:22:56  Wrote 54 gappers (54 kept): ['LHAI', 'EHGO', 'CANF', 'WTO', 'ICU', 'NBIZ', 'SKIL', 'CORD', 'AHMA', 'RGNT', 'ELTX', 'RAAQ', 'RNAZ', 'AIOS', 'MSTP', 'MUZ', 'SNDQ', 'CEPO', 'COIG', 'CRVO']
15:23:43  Wrote 54 gappers (54 kept): ['LHAI', 'EHGO', 'CANF', 'WTO', 'ICU', 'NBIZ', 'SKIL', 'CORD', 'AHMA', 'RGNT', 'ELTX', 'RAAQ', 'RNAZ', 'AIOS', 'MSTP', 'MUZ', 'CEPO', 'COIG', 'CRVO', 'SNDQ']
15:24:30  Wrote 54 gappers (54 kept): ['LHAI', 'EHGO', 'CANF', 'WTO', 'ICU', 'NBIZ', 'SKIL', 'CORD', 'AHMA', 'RGNT', 'ELTX', 'RAAQ', 'RNAZ', 'AIOS', 'MSTP', 'MUZ', 'CEPO', 'COIG', 'SNDQ', 'CRVO']
15:25:17  Wrote 54 gappers (54 kept): ['LHAI', 'EHGO', 'CANF', 'WTO', 'NBIZ', 'ICU', 'SKIL', 'CORD', 'AHMA', 'RGNT', 'ELTX', 'RAAQ', 'RNAZ', 'AIOS', 'MSTP', 'MUZ', 'SNDQ', 'CEPO', 'COIG', 'CRVO']
15:26:04  Wrote 54 gappers (54 kept): ['LHAI', 'EHGO', 'CANF', 'WTO', 'NBIZ', 'ICU', 'SKIL', 'AHMA', 'CORD', 'RGNT', 'ELTX', 'RAAQ', 'RNAZ', 'AIOS', 'MSTP', 'MUZ', 'SNDQ', 'CEPO', 'COIG', 'CRVO']
15:26:51  Wrote 54 gappers (54 kept): ['LHAI', 'EHGO', 'CANF', 'WTO', 'NBIZ', 'ICU', 'SKIL', 'AHMA', 'CORD', 'RGNT', 'ELTX', 'RAAQ', 'RNAZ', 'AIOS', 'MSTP', 'MUZ', 'SNDQ', 'CEPO', 'COIG', 'CRVO']
15:27:38  Wrote 54 gappers (54 kept): ['LHAI', 'EHGO', 'CANF', 'WTO', 'NBIZ', 'ICU', 'SKIL', 'AHMA', 'CORD', 'RGNT', 'ELTX', 'RNAZ', 'RAAQ', 'AIOS', 'MSTP', 'MUZ', 'SNDQ', 'CEPO', 'COIG', 'CRVO']
15:28:26  Wrote 54 gappers (54 kept): ['LHAI', 'EHGO', 'CANF', 'WTO', 'NBIZ', 'ICU', 'SKIL', 'AHMA', 'CORD', 'RGNT', 'ELTX', 'RNAZ', 'RAAQ', 'AIOS', 'MSTP', 'MUZ', 'SNDQ', 'CEPO', 'COIG', 'CRVO']
15:29:13  Wrote 54 gappers (54 kept): ['LHAI', 'EHGO', 'CANF', 'WTO', 'NBIZ', 'ICU', 'SKIL', 'AHMA', 'CORD', 'RGNT', 'ELTX', 'RAAQ', 'AIOS', 'RNAZ', 'MSTP', 'MUZ', 'SNDQ', 'CEPO', 'COIG', 'CRVO']
15:30:00  Wrote 54 gappers (54 kept): ['LHAI', 'EHGO', 'CANF', 'WTO', 'NBIZ', 'ICU', 'SKIL', 'AHMA', 'CORD', 'RGNT', 'ELTX', 'RAAQ', 'AIOS', 'RNAZ', 'MSTP', 'MUZ', 'SNDQ', 'CEPO', 'COIG', 'CRVO']
15:30:47  Wrote 54 gappers (54 kept): ['LHAI', 'EHGO', 'CANF', 'WTO', 'NBIZ', 'ICU', 'SKIL', 'AHMA', 'CORD', 'RGNT', 'ELTX', 'RAAQ', 'AIOS', 'RNAZ', 'MSTP', 'MUZ', 'CEPO', 'COIG', 'JEM', 'SNDQ']
15:31:34  Wrote 54 gappers (54 kept): ['LHAI', 'EHGO', 'CANF', 'WTO', 'NBIZ', 'ELTX', 'ICU', 'SKIL', 'AHMA', 'CORD', 'RGNT', 'RAAQ', 'AIOS', 'RNAZ', 'JEM', 'MSTP', 'MUZ', 'SNDQ', 'CEPO', 'COIG']
15:32:21  Wrote 54 gappers (54 kept): ['LHAI', 'EHGO', 'CANF', 'WTO', 'NBIZ', 'ELTX', 'ICU', 'SKIL', 'AHMA', 'CORD', 'RGNT', 'RAAQ', 'AIOS', 'RNAZ', 'MSTP', 'MUZ', 'SNDQ', 'CEPO', 'COIG', 'JEM']
15:33:08  Wrote 54 gappers (54 kept): ['LHAI', 'EHGO', 'CANF', 'WTO', 'NBIZ', 'ELTX', 'ICU', 'SKIL', 'AHMA', 'CORD', 'RGNT', 'RAAQ', 'AIOS', 'RNAZ', 'MSTP', 'MUZ', 'CEPO', 'COIG', 'SNDQ', 'JEM']
15:33:55  Wrote 54 gappers (54 kept): ['LHAI', 'EHGO', 'CANF', 'WTO', 'NBIZ', 'ELTX', 'ICU', 'SKIL', 'AHMA', 'CORD', 'RGNT', 'RAAQ', 'AIOS', 'RNAZ', 'MSTP', 'MUZ', 'SNDQ', 'CEPO', 'COIG', 'CRVO']
15:34:42  Wrote 54 gappers (54 kept): ['LHAI', 'EHGO', 'CANF', 'WTO', 'ELTX', 'NBIZ', 'ICU', 'SKIL', 'AHMA', 'CORD', 'RGNT', 'RAAQ', 'AIOS', 'RNAZ', 'MSTP', 'MUZ', 'SNDQ', 'CEPO', 'COIG', 'CRVO']
15:35:30  Wrote 54 gappers (54 kept): ['LHAI', 'EHGO', 'CANF', 'WTO', 'NBIZ', 'ICU', 'SKIL', 'AHMA', 'CORD', 'RGNT', 'ELTX', 'RAAQ', 'AIOS', 'RNAZ', 'MSTP', 'MUZ', 'SNDQ', 'CEPO', 'COIG', 'CRVO']
15:36:17  Wrote 54 gappers (54 kept): ['LHAI', 'EHGO', 'CANF', 'NBIZ', 'ICU', 'SKIL', 'WTO', 'AHMA', 'CORD', 'RGNT', 'ELTX', 'RAAQ', 'AIOS', 'RNAZ', 'MUZ', 'MSTP', 'SNDQ', 'CEPO', 'COIG', 'CRVO']
15:37:04  Wrote 54 gappers (54 kept): ['LHAI', 'EHGO', 'CANF', 'NBIZ', 'ICU', 'SKIL', 'WTO', 'AHMA', 'CORD', 'RGNT', 'ELTX', 'RAAQ', 'AIOS', 'RNAZ', 'MUZ', 'MSTP', 'SNDQ', 'CEPO', 'COIG', 'CRVO']
15:37:51  Wrote 54 gappers (54 kept): ['LHAI', 'EHGO', 'CANF', 'NBIZ', 'ICU', 'SKIL', 'WTO', 'AHMA', 'CORD', 'RGNT', 'ELTX', 'RAAQ', 'AIOS', 'MUZ', 'RNAZ', 'MSTP', 'SNDQ', 'CEPO', 'COIG', 'CRVO']
15:38:38  Wrote 54 gappers (54 kept): ['LHAI', 'EHGO', 'CANF', 'NBIZ', 'ICU', 'SKIL', 'WTO', 'AHMA', 'CORD', 'RGNT', 'ELTX', 'RAAQ', 'AIOS', 'MUZ', 'RNAZ', 'MSTP', 'SNDQ', 'CEPO', 'COIG', 'CRVO']
15:39:25  Wrote 54 gappers (54 kept): ['LHAI', 'EHGO', 'CANF', 'ELTX', 'NBIZ', 'ICU', 'SKIL', 'WTO', 'AHMA', 'CORD', 'RGNT', 'RAAQ', 'AIOS', 'MUZ', 'RNAZ', 'MSTP', 'SNDQ', 'CEPO', 'COIG', 'CRVO']
15:40:12  Wrote 54 gappers (54 kept): ['LHAI', 'EHGO', 'CANF', 'ELTX', 'NBIZ', 'ICU', 'SKIL', 'WTO', 'AHMA', 'CORD', 'RGNT', 'RAAQ', 'AIOS', 'RNAZ', 'MSTP', 'MUZ', 'SNDQ', 'CEPO', 'COIG', 'CRVO']
15:40:59  Wrote 54 gappers (54 kept): ['LHAI', 'EHGO', 'CANF', 'ELTX', 'NBIZ', 'ICU', 'SKIL', 'WTO', 'AHMA', 'CORD', 'RGNT', 'RAAQ', 'AIOS', 'RNAZ', 'MUZ', 'MSTP', 'SNDQ', 'CEPO', 'COIG', 'CRVO']
15:41:46  Wrote 54 gappers (54 kept): ['LHAI', 'EHGO', 'CANF', 'ELTX', 'NBIZ', 'ICU', 'SKIL', 'WTO', 'AHMA', 'CORD', 'RGNT', 'RAAQ', 'AIOS', 'RNAZ', 'MUZ', 'MSTP', 'SNDQ', 'CEPO', 'COIG', 'JEM']
15:42:33  Wrote 54 gappers (54 kept): ['LHAI', 'EHGO', 'CANF', 'ELTX', 'NBIZ', 'ICU', 'SKIL', 'WTO', 'AHMA', 'CORD', 'RGNT', 'RAAQ', 'AIOS', 'JEM', 'RNAZ', 'MUZ', 'COIG', 'MSTP', 'SNDQ', 'CEPO']
15:43:20  Wrote 54 gappers (54 kept): ['LHAI', 'EHGO', 'CANF', 'ELTX', 'NBIZ', 'ICU', 'SKIL', 'WTO', 'AHMA', 'CORD', 'RGNT', 'RAAQ', 'AIOS', 'MUZ', 'RNAZ', 'COIG', 'MSTP', 'SNDQ', 'CEPO', 'CRVO']
15:44:07  Wrote 54 gappers (54 kept): ['LHAI', 'EHGO', 'CANF', 'ICU', 'ELTX', 'NBIZ', 'SKIL', 'WTO', 'AHMA', 'CORD', 'RGNT', 'RAAQ', 'AIOS', 'MUZ', 'RNAZ', 'COIG', 'MSTP', 'SNDQ', 'CEPO', 'JEM']
15:44:54  Wrote 54 gappers (54 kept): ['LHAI', 'EHGO', 'CANF', 'ICU', 'ELTX', 'NBIZ', 'SKIL', 'WTO', 'AHMA', 'CORD', 'RGNT', 'RAAQ', 'AIOS', 'RNAZ', 'COIG', 'MSTP', 'MUZ', 'SNDQ', 'CEPO', 'CRVO']
15:45:41  Wrote 54 gappers (54 kept): ['LHAI', 'EHGO', 'CANF', 'ICU', 'ELTX', 'NBIZ', 'SKIL', 'WTO', 'AHMA', 'CORD', 'RGNT', 'RAAQ', 'AIOS', 'RNAZ', 'COIG', 'MUZ', 'MSTP', 'SNDQ', 'CEPO', 'JEM']
15:46:28  Wrote 54 gappers (54 kept): ['LHAI', 'EHGO', 'CANF', 'ICU', 'ELTX', 'NBIZ', 'SKIL', 'WTO', 'AHMA', 'CORD', 'RGNT', 'RAAQ', 'AIOS', 'RNAZ', 'COIG', 'MSTP', 'MUZ', 'SNDQ', 'CEPO', 'JEM']
15:47:15  Wrote 54 gappers (54 kept): ['LHAI', 'EHGO', 'CANF', 'ICU', 'ELTX', 'NBIZ', 'SKIL', 'WTO', 'AHMA', 'CORD', 'RGNT', 'RAAQ', 'AIOS', 'RNAZ', 'COIG', 'MSTP', 'MUZ', 'SNDQ', 'CEPO', 'JEM']
15:48:02  Wrote 54 gappers (54 kept): ['LHAI', 'EHGO', 'CANF', 'ICU', 'ELTX', 'NBIZ', 'SKIL', 'WTO', 'AHMA', 'CORD', 'RGNT', 'RAAQ', 'AIOS', 'RNAZ', 'COIG', 'MSTP', 'MUZ', 'SNDQ', 'CEPO', 'CRVO']
15:48:49  Wrote 54 gappers (54 kept): ['LHAI', 'EHGO', 'CANF', 'ICU', 'NBIZ', 'ELTX', 'SKIL', 'WTO', 'AHMA', 'CORD', 'RGNT', 'RAAQ', 'AIOS', 'RNAZ', 'COIG', 'MSTP', 'MUZ', 'SNDQ', 'CEPO', 'CRVO']
15:49:37  Wrote 54 gappers (54 kept): ['LHAI', 'EHGO', 'CANF', 'ICU', 'NBIZ', 'ELTX', 'SKIL', 'WTO', 'AHMA', 'CORD', 'RGNT', 'RAAQ', 'AIOS', 'RNAZ', 'COIG', 'MSTP', 'MUZ', 'SNDQ', 'CEPO', 'CRVO']
15:50:24  Wrote 54 gappers (54 kept): ['LHAI', 'EHGO', 'CANF', 'ICU', 'NBIZ', 'ELTX', 'WTO', 'SKIL', 'AHMA', 'CORD', 'RGNT', 'RAAQ', 'AIOS', 'RNAZ', 'COIG', 'MSTP', 'MUZ', 'SNDQ', 'CEPO', 'CRVO']
15:51:11  Wrote 54 gappers (54 kept): ['LHAI', 'EHGO', 'CANF', 'ICU', 'NBIZ', 'ELTX', 'WTO', 'SKIL', 'AHMA', 'CORD', 'RGNT', 'RAAQ', 'AIOS', 'RNAZ', 'COIG', 'MSTP', 'MUZ', 'SNDQ', 'CEPO', 'CRVO']
15:51:58  Wrote 54 gappers (54 kept): ['LHAI', 'EHGO', 'CANF', 'ICU', 'ELTX', 'NBIZ', 'WTO', 'SKIL', 'AHMA', 'CORD', 'RGNT', 'RAAQ', 'AIOS', 'RNAZ', 'MUZ', 'COIG', 'MSTP', 'CEPO', 'SNDQ', 'CRVO']
15:52:45  Wrote 54 gappers (54 kept): ['LHAI', 'EHGO', 'CANF', 'ICU', 'ELTX', 'NBIZ', 'WTO', 'SKIL', 'AHMA', 'CORD', 'RGNT', 'RAAQ', 'AIOS', 'RNAZ', 'MUZ', 'COIG', 'MSTP', 'CEPO', 'SNDQ', 'CRVO']
15:53:32  Wrote 54 gappers (54 kept): ['LHAI', 'EHGO', 'CANF', 'ICU', 'ELTX', 'NBIZ', 'WTO', 'SKIL', 'AHMA', 'CORD', 'RGNT', 'RAAQ', 'AIOS', 'RNAZ', 'MUZ', 'COIG', 'MSTP', 'CEPO', 'SNDQ', 'CRVO']
15:54:19  Wrote 54 gappers (54 kept): ['LHAI', 'EHGO', 'CANF', 'ICU', 'WTO', 'ELTX', 'NBIZ', 'SKIL', 'AHMA', 'CORD', 'RGNT', 'RAAQ', 'AIOS', 'RNAZ', 'COIG', 'MSTP', 'MUZ', 'SNDQ', 'CEPO', 'CRVO']
15:55:06  Wrote 54 gappers (54 kept): ['LHAI', 'EHGO', 'CANF', 'ICU', 'WTO', 'ELTX', 'NBIZ', 'AHMA', 'SKIL', 'CORD', 'RGNT', 'RAAQ', 'AIOS', 'RNAZ', 'COIG', 'MSTP', 'MUZ', 'CEPO', 'SNDQ', 'CRVO']
15:55:53  Wrote 54 gappers (54 kept): ['LHAI', 'EHGO', 'CANF', 'ICU', 'WTO', 'ELTX', 'NBIZ', 'SKIL', 'AHMA', 'CORD', 'RGNT', 'RAAQ', 'AIOS', 'RNAZ', 'COIG', 'MSTP', 'MUZ', 'CEPO', 'SNDQ', 'CRVO']
15:56:40  Wrote 54 gappers (54 kept): ['LHAI', 'EHGO', 'CANF', 'ICU', 'WTO', 'ELTX', 'NBIZ', 'SKIL', 'AHMA', 'CORD', 'RGNT', 'RAAQ', 'AIOS', 'RNAZ', 'MUZ', 'COIG', 'MSTP', 'CEPO', 'SNDQ', 'CRVO']
15:57:27  Wrote 54 gappers (54 kept): ['LHAI', 'EHGO', 'CANF', 'ICU', 'WTO', 'ELTX', 'NBIZ', 'SKIL', 'RGNT', 'AHMA', 'CORD', 'RAAQ', 'AIOS', 'RNAZ', 'MUZ', 'COIG', 'MSTP', 'SNDQ', 'CEPO', 'CRVO']
15:58:14  Wrote 54 gappers (54 kept): ['LHAI', 'EHGO', 'CANF', 'ICU', 'WTO', 'ELTX', 'NBIZ', 'SKIL', 'RGNT', 'AHMA', 'CORD', 'RAAQ', 'AIOS', 'RNAZ', 'MUZ', 'COIG', 'MSTP', 'CEPO', 'SNDQ', 'CRVO']
15:59:01  Wrote 54 gappers (54 kept): ['LHAI', 'EHGO', 'CANF', 'ICU', 'WTO', 'ELTX', 'NBIZ', 'SKIL', 'RGNT', 'AHMA', 'CORD', 'RAAQ', 'AIOS', 'RNAZ', 'COIG', 'MSTP', 'MUZ', 'CEPO', 'SNDQ', 'CRVO']
15:59:48  Wrote 54 gappers (54 kept): ['LHAI', 'EHGO', 'CANF', 'ICU', 'WTO', 'ELTX', 'NBIZ', 'SKIL', 'RGNT', 'AHMA', 'CORD', 'RAAQ', 'AIOS', 'RNAZ', 'COIG', 'MSTP', 'MUZ', 'CEPO', 'SNDQ', 'CRVO']
16:00:36  Wrote 54 gappers (54 kept): ['LHAI', 'EHGO', 'CANF', 'ICU', 'WTO', 'ELTX', 'NBIZ', 'SKIL', 'RGNT', 'AHMA', 'CORD', 'RAAQ', 'AIOS', 'RNAZ', 'COIG', 'MSTP', 'MUZ', 'CEPO', 'SNDQ', 'CRVO']
16:01:23  Wrote 54 gappers (54 kept): ['LHAI', 'EHGO', 'CANF', 'ICU', 'WTO', 'NBIZ', 'SKIL', 'RGNT', 'AHMA', 'CORD', 'ELTX', 'RAAQ', 'AIOS', 'RNAZ', 'COIG', 'MSTP', 'MUZ', 'SNDQ', 'CEPO', 'CRVO']
16:02:10  Wrote 54 gappers (54 kept): ['LHAI', 'EHGO', 'CANF', 'ICU', 'WTO', 'NBIZ', 'SKIL', 'RGNT', 'AHMA', 'CORD', 'ELTX', 'RAAQ', 'AIOS', 'RNAZ', 'COIG', 'MSTP', 'MUZ', 'SNDQ', 'CEPO', 'CRVO']
16:02:57  Wrote 54 gappers (54 kept): ['LHAI', 'EHGO', 'CANF', 'ICU', 'WTO', 'NBIZ', 'SKIL', 'AHMA', 'RGNT', 'CORD', 'ELTX', 'RAAQ', 'AIOS', 'RNAZ', 'COIG', 'MSTP', 'MUZ', 'CEPO', 'SNDQ', 'CRVO']
16:03:44  Wrote 54 gappers (54 kept): ['LHAI', 'EHGO', 'CANF', 'ICU', 'NBIZ', 'WTO', 'SKIL', 'AHMA', 'RGNT', 'CORD', 'RAAQ', 'ELTX', 'MSTP', 'AIOS', 'RNAZ', 'COIG', 'MUZ', 'CEPO', 'SNDQ', 'CRVO']
16:04:31  Wrote 54 gappers (54 kept): ['LHAI', 'EHGO', 'CANF', 'ICU', 'NBIZ', 'WTO', 'SKIL', 'AHMA', 'RGNT', 'CORD', 'RAAQ', 'ELTX', 'MSTP', 'AIOS', 'RNAZ', 'COIG', 'SNDQ', 'MUZ', 'CEPO', 'CRVO']
16:05:19  Wrote 54 gappers (54 kept): ['LHAI', 'EHGO', 'CANF', 'ICU', 'NBIZ', 'WTO', 'SKIL', 'AHMA', 'RGNT', 'CORD', 'RAAQ', 'ELTX', 'MSTP', 'AIOS', 'RNAZ', 'COIG', 'SNDQ', 'MUZ', 'CEPO', 'CRVO']
16:06:06  Wrote 54 gappers (54 kept): ['LHAI', 'EHGO', 'CANF', 'ICU', 'NBIZ', 'WTO', 'SKIL', 'AHMA', 'RGNT', 'CORD', 'RAAQ', 'ELTX', 'MSTP', 'AIOS', 'RNAZ', 'COIG', 'SNDQ', 'MUZ', 'CEPO', 'CRVO']
16:06:53  Wrote 54 gappers (54 kept): ['LHAI', 'EHGO', 'CANF', 'ICU', 'NBIZ', 'WTO', 'SKIL', 'AHMA', 'RGNT', 'CORD', 'RAAQ', 'ELTX', 'MSTP', 'AIOS', 'MUZ', 'RNAZ', 'COIG', 'SNDQ', 'CEPO', 'CRVO']
16:07:40  Wrote 54 gappers (54 kept): ['LHAI', 'EHGO', 'CANF', 'ICU', 'NBIZ', 'WTO', 'SKIL', 'AHMA', 'RGNT', 'CORD', 'RAAQ', 'ELTX', 'MSTP', 'AIOS', 'MUZ', 'RNAZ', 'COIG', 'SNDQ', 'CEPO', 'CRVO']
16:08:27  Wrote 54 gappers (54 kept): ['LHAI', 'EHGO', 'CANF', 'ICU', 'NBIZ', 'WTO', 'SKIL', 'AHMA', 'RGNT', 'CORD', 'RAAQ', 'ELTX', 'MSTP', 'AIOS', 'MUZ', 'RNAZ', 'COIG', 'SNDQ', 'CEPO', 'CRVO']
16:09:14  Wrote 54 gappers (54 kept): ['LHAI', 'EHGO', 'CANF', 'ICU', 'NBIZ', 'WTO', 'SKIL', 'AHMA', 'RGNT', 'CORD', 'RAAQ', 'ELTX', 'MSTP', 'AIOS', 'RNAZ', 'MUZ', 'COIG', 'SNDQ', 'CEPO', 'GVH']
16:10:02  Wrote 54 gappers (54 kept): ['LHAI', 'EHGO', 'CANF', 'ICU', 'NBIZ', 'WTO', 'SKIL', 'AHMA', 'RGNT', 'CORD', 'RAAQ', 'ELTX', 'MSTP', 'AIOS', 'RNAZ', 'MUZ', 'COIG', 'SNDQ', 'CEPO', 'GVH']
16:10:49  Wrote 54 gappers (54 kept): ['LHAI', 'EHGO', 'CANF', 'ICU', 'NBIZ', 'WTO', 'SKIL', 'ELTX', 'AHMA', 'RGNT', 'CORD', 'RAAQ', 'MSTP', 'AIOS', 'RNAZ', 'MUZ', 'COIG', 'SNDQ', 'CEPO', 'CRVO']
16:11:36  Wrote 54 gappers (54 kept): ['LHAI', 'EHGO', 'CANF', 'ICU', 'NBIZ', 'WTO', 'SKIL', 'ELTX', 'AHMA', 'RGNT', 'CORD', 'RAAQ', 'MSTP', 'AIOS', 'RNAZ', 'MUZ', 'COIG', 'SNDQ', 'CEPO', 'CRVO']
16:12:23  Wrote 54 gappers (54 kept): ['LHAI', 'EHGO', 'CANF', 'ICU', 'NBIZ', 'WTO', 'AHMA', 'SKIL', 'ELTX', 'RGNT', 'CORD', 'RAAQ', 'MSTP', 'AIOS', 'RNAZ', 'MUZ', 'COIG', 'SNDQ', 'CEPO', 'CRVO']
16:13:10  Wrote 54 gappers (54 kept): ['LHAI', 'EHGO', 'CANF', 'ICU', 'NBIZ', 'WTO', 'AHMA', 'SKIL', 'ELTX', 'RGNT', 'CORD', 'RAAQ', 'MSTP', 'AIOS', 'RNAZ', 'MUZ', 'COIG', 'SNDQ', 'CEPO', 'CRVO']
16:13:57  Wrote 54 gappers (54 kept): ['LHAI', 'EHGO', 'CANF', 'ICU', 'NBIZ', 'WTO', 'AHMA', 'SKIL', 'ELTX', 'RGNT', 'CORD', 'RAAQ', 'MSTP', 'AIOS', 'MUZ', 'RNAZ', 'COIG', 'SNDQ', 'CEPO', 'CRVO']
16:14:44  Wrote 54 gappers (54 kept): ['LHAI', 'EHGO', 'CANF', 'NBIZ', 'WTO', 'ICU', 'AHMA', 'SKIL', 'ELTX', 'RGNT', 'CORD', 'RAAQ', 'MSTP', 'AIOS', 'MUZ', 'RNAZ', 'COIG', 'SNDQ', 'CEPO', 'CRVO']
16:15:31  Wrote 54 gappers (54 kept): ['LHAI', 'EHGO', 'CANF', 'NBIZ', 'WTO', 'ICU', 'AHMA', 'SKIL', 'ELTX', 'RGNT', 'CORD', 'RAAQ', 'MSTP', 'AIOS', 'MUZ', 'RNAZ', 'COIG', 'SNDQ', 'CEPO', 'CRVO']
16:16:19  Wrote 54 gappers (54 kept): ['LHAI', 'EHGO', 'CANF', 'NBIZ', 'WTO', 'ICU', 'AHMA', 'SKIL', 'ELTX', 'RGNT', 'CORD', 'RAAQ', 'MSTP', 'AIOS', 'MUZ', 'RNAZ', 'COIG', 'SNDQ', 'CEPO', 'CRVO']
16:17:06  Wrote 54 gappers (54 kept): ['LHAI', 'EHGO', 'CANF', 'NBIZ', 'WTO', 'ICU', 'AHMA', 'SKIL', 'ELTX', 'RGNT', 'CORD', 'RAAQ', 'MSTP', 'AIOS', 'MUZ', 'RNAZ', 'COIG', 'SNDQ', 'CEPO', 'CRVO']
16:17:53  Wrote 54 gappers (54 kept): ['LHAI', 'EHGO', 'CANF', 'NBIZ', 'WTO', 'ICU', 'AHMA', 'SKIL', 'ELTX', 'RGNT', 'CORD', 'RAAQ', 'MSTP', 'AIOS', 'MUZ', 'SNDQ', 'RNAZ', 'COIG', 'CEPO', 'CRVO']
16:18:40  Wrote 54 gappers (54 kept): ['LHAI', 'EHGO', 'CANF', 'NBIZ', 'WTO', 'ICU', 'AHMA', 'SKIL', 'RGNT', 'CORD', 'RAAQ', 'ELTX', 'MSTP', 'AIOS', 'MUZ', 'SNDQ', 'RNAZ', 'COIG', 'CEPO', 'CRVO']
16:19:27  Wrote 54 gappers (54 kept): ['LHAI', 'EHGO', 'CANF', 'NBIZ', 'WTO', 'ICU', 'AHMA', 'SKIL', 'RGNT', 'CORD', 'RAAQ', 'ELTX', 'MSTP', 'AIOS', 'MUZ', 'SNDQ', 'RNAZ', 'COIG', 'CEPO', 'CRVO']
16:20:14  Wrote 54 gappers (54 kept): ['LHAI', 'EHGO', 'CANF', 'NBIZ', 'WTO', 'ICU', 'AHMA', 'SKIL', 'RGNT', 'CORD', 'RAAQ', 'ELTX', 'MSTP', 'AIOS', 'MUZ', 'RNAZ', 'COIG', 'SNDQ', 'CEPO', 'CRVO']
16:21:01  Wrote 54 gappers (54 kept): ['LHAI', 'EHGO', 'CANF', 'NBIZ', 'WTO', 'ICU', 'AHMA', 'SKIL', 'RGNT', 'CORD', 'RAAQ', 'ELTX', 'MSTP', 'AIOS', 'MUZ', 'RNAZ', 'COIG', 'SNDQ', 'CEPO', 'CRVO']
16:21:48  Wrote 54 gappers (54 kept): ['LHAI', 'EHGO', 'CANF', 'WTO', 'NBIZ', 'ICU', 'AHMA', 'SKIL', 'RGNT', 'CORD', 'RAAQ', 'ELTX', 'MSTP', 'AIOS', 'MUZ', 'RNAZ', 'COIG', 'CEPO', 'SNDQ', 'CRVO']
16:22:36  Wrote 54 gappers (54 kept): ['LHAI', 'EHGO', 'CANF', 'WTO', 'ICU', 'AHMA', 'NBIZ', 'SKIL', 'RGNT', 'CORD', 'RAAQ', 'ELTX', 'MSTP', 'AIOS', 'RNAZ', 'COIG', 'MUZ', 'CEPO', 'SNDQ', 'CRVO']
16:23:23  Wrote 54 gappers (54 kept): ['LHAI', 'EHGO', 'CANF', 'WTO', 'ICU', 'NBIZ', 'SKIL', 'AHMA', 'RGNT', 'CORD', 'RAAQ', 'ELTX', 'MSTP', 'AIOS', 'MUZ', 'RNAZ', 'COIG', 'CEPO', 'SNDQ', 'CRVO']
16:24:10  Wrote 54 gappers (54 kept): ['LHAI', 'EHGO', 'CANF', 'WTO', 'ICU', 'NBIZ', 'SKIL', 'AHMA', 'RGNT', 'CORD', 'RAAQ', 'ELTX', 'MSTP', 'AIOS', 'RNAZ', 'COIG', 'MUZ', 'CEPO', 'SNDQ', 'CRVO']
16:24:57  Wrote 54 gappers (54 kept): ['LHAI', 'EHGO', 'CANF', 'WTO', 'ICU', 'NBIZ', 'SKIL', 'AHMA', 'RGNT', 'CORD', 'RAAQ', 'ELTX', 'MSTP', 'AIOS', 'RNAZ', 'COIG', 'MUZ', 'CEPO', 'SNDQ', 'CRVO']
16:25:44  Wrote 54 gappers (54 kept): ['LHAI', 'EHGO', 'CANF', 'WTO', 'NBIZ', 'ICU', 'SKIL', 'AHMA', 'RGNT', 'CORD', 'RAAQ', 'ELTX', 'MSTP', 'AIOS', 'RNAZ', 'COIG', 'MUZ', 'CEPO', 'SNDQ', 'CRVO']
16:26:31  Wrote 54 gappers (54 kept): ['LHAI', 'EHGO', 'CANF', 'WTO', 'NBIZ', 'ICU', 'SKIL', 'RGNT', 'AHMA', 'CORD', 'ELTX', 'RAAQ', 'MSTP', 'AIOS', 'RNAZ', 'COIG', 'MUZ', 'CEPO', 'SNDQ', 'CRVO']
16:27:18  Wrote 54 gappers (54 kept): ['LHAI', 'EHGO', 'CANF', 'WTO', 'NBIZ', 'ICU', 'SKIL', 'RGNT', 'AHMA', 'CORD', 'MSTP', 'ELTX', 'RAAQ', 'AIOS', 'RNAZ', 'COIG', 'MUZ', 'CEPO', 'SNDQ', 'CRVO']
16:28:05  Wrote 54 gappers (54 kept): ['LHAI', 'EHGO', 'CANF', 'WTO', 'NBIZ', 'ICU', 'SKIL', 'RGNT', 'AHMA', 'CORD', 'MSTP', 'ELTX', 'RAAQ', 'AIOS', 'RNAZ', 'COIG', 'MUZ', 'CEPO', 'SNDQ', 'CRVO']
16:28:52  Wrote 54 gappers (54 kept): ['LHAI', 'EHGO', 'CANF', 'WTO', 'NBIZ', 'ICU', 'SKIL', 'RGNT', 'AHMA', 'CORD', 'MSTP', 'ELTX', 'RAAQ', 'AIOS', 'RNAZ', 'COIG', 'MUZ', 'CEPO', 'SNDQ', 'CRVO']
16:29:39  Wrote 54 gappers (54 kept): ['LHAI', 'EHGO', 'CANF', 'WTO', 'ICU', 'NBIZ', 'SKIL', 'RGNT', 'AHMA', 'CORD', 'MSTP', 'ELTX', 'RAAQ', 'AIOS', 'RNAZ', 'COIG', 'MUZ', 'CEPO', 'SNDQ', 'CRVO']
16:30:27  Wrote 54 gappers (54 kept): ['LHAI', 'EHGO', 'CANF', 'NBIZ', 'WTO', 'RGNT', 'ICU', 'SKIL', 'CORD', 'AHMA', 'MSTP', 'ELTX', 'RAAQ', 'AIOS', 'SNDQ', 'MUZ', 'RNAZ', 'COIG', 'CEPO', 'CRVO']
16:31:14  Wrote 54 gappers (54 kept): ['LHAI', 'EHGO', 'CANF', 'NBIZ', 'WTO', 'ICU', 'SKIL', 'CORD', 'AHMA', 'RGNT', 'MSTP', 'ELTX', 'RAAQ', 'AIOS', 'RNAZ', 'COIG', 'MUZ', 'CEPO', 'SNDQ', 'CRVO']
16:32:01  Wrote 54 gappers (54 kept): ['LHAI', 'EHGO', 'CANF', 'NBIZ', 'WTO', 'ICU', 'SKIL', 'CORD', 'AHMA', 'RGNT', 'MSTP', 'ELTX', 'RAAQ', 'AIOS', 'RNAZ', 'COIG', 'MUZ', 'CEPO', 'SNDQ', 'CRVO']
16:32:48  Wrote 54 gappers (54 kept): ['LHAI', 'EHGO', 'CANF', 'NBIZ', 'WTO', 'ICU', 'SKIL', 'CORD', 'AHMA', 'RGNT', 'MSTP', 'ELTX', 'RAAQ', 'AIOS', 'MUZ', 'RNAZ', 'COIG', 'CEPO', 'SNDQ', 'CRVO']
16:33:35  Wrote 54 gappers (54 kept): ['LHAI', 'EHGO', 'CANF', 'NBIZ', 'WTO', 'ICU', 'SKIL', 'AHMA', 'RGNT', 'MSTP', 'CORD', 'ELTX', 'RAAQ', 'COIG', 'AIOS', 'MUZ', 'RNAZ', 'CEPO', 'SNDQ', 'CRVO']
16:34:22  Wrote 54 gappers (54 kept): ['LHAI', 'EHGO', 'CANF', 'NBIZ', 'WTO', 'ICU', 'SKIL', 'AHMA', 'RGNT', 'MSTP', 'CORD', 'ELTX', 'RAAQ', 'COIG', 'AIOS', 'MUZ', 'RNAZ', 'CEPO', 'SNDQ', 'CRVO']
16:35:09  Wrote 54 gappers (54 kept): ['LHAI', 'EHGO', 'CANF', 'NBIZ', 'WTO', 'ICU', 'SKIL', 'AHMA', 'RGNT', 'MSTP', 'CORD', 'ELTX', 'RAAQ', 'COIG', 'AIOS', 'RNAZ', 'MUZ', 'CEPO', 'SNDQ', 'CRVO']
16:35:56  Wrote 54 gappers (54 kept): ['LHAI', 'EHGO', 'CANF', 'NBIZ', 'WTO', 'ICU', 'SKIL', 'AHMA', 'ELTX', 'RGNT', 'MSTP', 'CORD', 'RAAQ', 'COIG', 'AIOS', 'RNAZ', 'MUZ', 'CEPO', 'SNDQ', 'CRVO']
16:36:43  Wrote 54 gappers (54 kept): ['LHAI', 'EHGO', 'CANF', 'NBIZ', 'WTO', 'ICU', 'SKIL', 'AHMA', 'ELTX', 'RGNT', 'MSTP', 'CORD', 'RAAQ', 'COIG', 'AIOS', 'RNAZ', 'MUZ', 'CEPO', 'GVH', 'SNDQ']
16:37:30  Wrote 54 gappers (54 kept): ['LHAI', 'EHGO', 'CANF', 'NBIZ', 'WTO', 'ICU', 'SKIL', 'AHMA', 'ELTX', 'RGNT', 'CORD', 'RAAQ', 'COIG', 'MSTP', 'AIOS', 'RNAZ', 'MUZ', 'GVH', 'CEPO', 'SNDQ']
16:38:17  Wrote 54 gappers (54 kept): ['LHAI', 'EHGO', 'CANF', 'NBIZ', 'WTO', 'ICU', 'SKIL', 'AHMA', 'ELTX', 'RGNT', 'CORD', 'RAAQ', 'COIG', 'MSTP', 'AIOS', 'GVH', 'RNAZ', 'MUZ', 'CEPO', 'SNDQ']
16:39:04  Wrote 54 gappers (54 kept): ['LHAI', 'EHGO', 'CANF', 'NBIZ', 'WTO', 'ICU', 'SKIL', 'AHMA', 'ELTX', 'RGNT', 'CORD', 'RAAQ', 'MSTP', 'AIOS', 'GVH', 'RNAZ', 'COIG', 'MUZ', 'CEPO', 'SNDQ']
16:39:51  Wrote 54 gappers (54 kept): ['LHAI', 'EHGO', 'CANF', 'NBIZ', 'WTO', 'ICU', 'SKIL', 'AHMA', 'ELTX', 'RGNT', 'CORD', 'RAAQ', 'MSTP', 'AIOS', 'GVH', 'RNAZ', 'COIG', 'MUZ', 'CEPO', 'SNDQ']
16:40:39  Wrote 54 gappers (54 kept): ['LHAI', 'EHGO', 'CANF', 'NBIZ', 'WTO', 'ICU', 'SKIL', 'AHMA', 'ELTX', 'RGNT', 'CORD', 'RAAQ', 'MSTP', 'AIOS', 'RNAZ', 'COIG', 'MUZ', 'CEPO', 'SNDQ', 'COIA']
16:41:26  Wrote 54 gappers (54 kept): ['LHAI', 'EHGO', 'CANF', 'NBIZ', 'WTO', 'AHMA', 'ICU', 'SKIL', 'ELTX', 'RGNT', 'CORD', 'RAAQ', 'MSTP', 'AIOS', 'RNAZ', 'COIG', 'MUZ', 'CEPO', 'SNDQ', 'COIA']
16:42:13  Wrote 54 gappers (54 kept): ['LHAI', 'EHGO', 'CANF', 'NBIZ', 'WTO', 'AHMA', 'ICU', 'SKIL', 'ELTX', 'RGNT', 'CORD', 'RAAQ', 'MSTP', 'AIOS', 'RNAZ', 'COIG', 'MUZ', 'CEPO', 'SNDQ', 'COIA']
16:43:00  Wrote 54 gappers (54 kept): ['LHAI', 'EHGO', 'CANF', 'NBIZ', 'WTO', 'ICU', 'SKIL', 'ELTX', 'AHMA', 'RGNT', 'CORD', 'RAAQ', 'MSTP', 'AIOS', 'RNAZ', 'COIG', 'MUZ', 'CEPO', 'SNDQ', 'MST']
16:43:47  Wrote 54 gappers (54 kept): ['LHAI', 'EHGO', 'CANF', 'NBIZ', 'WTO', 'ICU', 'SKIL', 'ELTX', 'AHMA', 'RGNT', 'CORD', 'RAAQ', 'MSTP', 'AIOS', 'RNAZ', 'COIG', 'GVH', 'MUZ', 'CEPO', 'SNDQ']
16:44:34  Wrote 54 gappers (54 kept): ['LHAI', 'EHGO', 'CANF', 'NBIZ', 'WTO', 'ICU', 'SKIL', 'ELTX', 'AHMA', 'RGNT', 'CORD', 'RAAQ', 'MSTP', 'AIOS', 'RNAZ', 'COIG', 'GVH', 'MUZ', 'CEPO', 'SNDQ']
16:45:21  Wrote 54 gappers (54 kept): ['LHAI', 'EHGO', 'CANF', 'NBIZ', 'WTO', 'ICU', 'SKIL', 'PCLA', 'ELTX', 'AHMA', 'RGNT', 'CORD', 'RAAQ', 'MSTP', 'AIOS', 'RNAZ', 'COIG', 'GVH', 'MUZ', 'CEPO']
16:46:08  Wrote 54 gappers (54 kept): ['LHAI', 'EHGO', 'CANF', 'NBIZ', 'WTO', 'ICU', 'PCLA', 'SKIL', 'ELTX', 'AHMA', 'RGNT', 'CORD', 'RAAQ', 'MSTP', 'AIOS', 'RNAZ', 'COIG', 'GVH', 'MUZ', 'CEPO']
16:46:55  Wrote 54 gappers (54 kept): ['LHAI', 'EHGO', 'CANF', 'NBIZ', 'PCLA', 'WTO', 'ICU', 'SKIL', 'ELTX', 'AHMA', 'RGNT', 'CORD', 'RAAQ', 'MSTP', 'AIOS', 'RNAZ', 'COIG', 'GVH', 'MUZ', 'CEPO']
16:47:42  Wrote 54 gappers (54 kept): ['LHAI', 'EHGO', 'CANF', 'PCLA', 'WTO', 'NBIZ', 'ICU', 'SKIL', 'ELTX', 'AHMA', 'RGNT', 'CORD', 'RAAQ', 'MSTP', 'AIOS', 'RNAZ', 'COIG', 'GVH', 'MUZ', 'CEPO']
16:48:29  Wrote 54 gappers (54 kept): ['LHAI', 'EHGO', 'PCLA', 'CANF', 'WTO', 'NBIZ', 'ICU', 'SKIL', 'ELTX', 'AHMA', 'RGNT', 'CORD', 'RAAQ', 'MSTP', 'RYOJ', 'AIOS', 'RNAZ', 'COIG', 'GVH', 'MUZ']
16:49:16  Wrote 54 gappers (54 kept): ['LHAI', 'EHGO', 'PCLA', 'CANF', 'WTO', 'NBIZ', 'ICU', 'SKIL', 'ELTX', 'AHMA', 'RGNT', 'CORD', 'RAAQ', 'RYOJ', 'MSTP', 'AIOS', 'RNAZ', 'COIG', 'GVH', 'MUZ']
16:50:03  Wrote 54 gappers (54 kept): ['LHAI', 'EHGO', 'CANF', 'PCLA', 'WTO', 'NBIZ', 'ICU', 'SKIL', 'ELTX', 'AHMA', 'RGNT', 'CORD', 'RAAQ', 'RYOJ', 'MSTP', 'AIOS', 'RNAZ', 'MUZ', 'COIG', 'GVH']
16:50:50  Wrote 54 gappers (54 kept): ['LHAI', 'EHGO', 'CANF', 'PCLA', 'WTO', 'NBIZ', 'ICU', 'SKIL', 'ELTX', 'AHMA', 'RGNT', 'CORD', 'RAAQ', 'RYOJ', 'MSTP', 'AIOS', 'RNAZ', 'MUZ', 'COIG', 'GVH']
16:51:37  Wrote 54 gappers (54 kept): ['LHAI', 'EHGO', 'CANF', 'PCLA', 'WTO', 'NBIZ', 'ICU', 'SKIL', 'ELTX', 'AHMA', 'RGNT', 'CORD', 'RAAQ', 'RYOJ', 'MSTP', 'AIOS', 'RNAZ', 'MUZ', 'COIG', 'GVH']
16:52:25  Wrote 54 gappers (54 kept): ['LHAI', 'EHGO', 'CANF', 'PCLA', 'WTO', 'NBIZ', 'ICU', 'SKIL', 'ELTX', 'AHMA', 'RGNT', 'CORD', 'RAAQ', 'RYOJ', 'MSTP', 'AIOS', 'RNAZ', 'MUZ', 'COIG', 'GVH']
16:53:12  Wrote 54 gappers (54 kept): ['LHAI', 'EHGO', 'CANF', 'WTO', 'PCLA', 'NBIZ', 'ICU', 'SKIL', 'ELTX', 'AHMA', 'RGNT', 'CORD', 'RAAQ', 'RYOJ', 'MSTP', 'AIOS', 'RNAZ', 'MUZ', 'COIG', 'GVH']
16:53:59  Wrote 54 gappers (54 kept): ['LHAI', 'EHGO', 'CANF', 'WTO', 'NBIZ', 'ICU', 'SKIL', 'ELTX', 'RGNT', 'AHMA', 'PCLA', 'CORD', 'RAAQ', 'RYOJ', 'MSTP', 'AIOS', 'RNAZ', 'MUZ', 'COIG', 'GVH']
16:54:46  Wrote 54 gappers (54 kept): ['LHAI', 'EHGO', 'CANF', 'WTO', 'NBIZ', 'ICU', 'SKIL', 'ELTX', 'RGNT', 'AHMA', 'CORD', 'PCLA', 'RAAQ', 'RYOJ', 'MSTP', 'RNAZ', 'AIOS', 'COIG', 'GVH', 'MUZ']
16:55:33  Wrote 54 gappers (54 kept): ['LHAI', 'EHGO', 'CANF', 'WTO', 'NBIZ', 'ICU', 'SKIL', 'ELTX', 'RGNT', 'AHMA', 'CORD', 'PCLA', 'RAAQ', 'RYOJ', 'MSTP', 'RNAZ', 'AIOS', 'GVH', 'COIG', 'MUZ']
16:56:20  Wrote 54 gappers (54 kept): ['LHAI', 'EHGO', 'CANF', 'WTO', 'NBIZ', 'ICU', 'SKIL', 'ELTX', 'RGNT', 'AHMA', 'CORD', 'RAAQ', 'PCLA', 'MSTP', 'RNAZ', 'AIOS', 'GVH', 'COIG', 'MUZ', 'CEPO']
16:57:07  Wrote 54 gappers (54 kept): ['LHAI', 'EHGO', 'CANF', 'WTO', 'ICU', 'NBIZ', 'SKIL', 'ELTX', 'RGNT', 'AHMA', 'CORD', 'RAAQ', 'PCLA', 'MSTP', 'RNAZ', 'AIOS', 'COIG', 'GVH', 'MUZ', 'SNDQ']
16:57:54  Wrote 54 gappers (54 kept): ['LHAI', 'EHGO', 'CANF', 'WTO', 'ICU', 'NBIZ', 'SKIL', 'ELTX', 'RGNT', 'AHMA', 'CORD', 'RAAQ', 'PCLA', 'MSTP', 'RNAZ', 'AIOS', 'COIG', 'GVH', 'MUZ', 'CEPO']
16:58:41  Wrote 54 gappers (54 kept): ['LHAI', 'EHGO', 'CANF', 'WTO', 'ICU', 'NBIZ', 'SKIL', 'ELTX', 'RGNT', 'AHMA', 'CORD', 'RAAQ', 'PCLA', 'MSTP', 'RNAZ', 'AIOS', 'COIG', 'GVH', 'MUZ', 'CEPO']
16:59:28  Wrote 54 gappers (54 kept): ['LHAI', 'EHGO', 'CANF', 'WTO', 'ICU', 'NBIZ', 'SKIL', 'ELTX', 'RGNT', 'AHMA', 'CORD', 'RAAQ', 'MSTP', 'RNAZ', 'AIOS', 'COIG', 'GVH', 'PCLA', 'MUZ', 'CEPO']
17:00:15  Wrote 54 gappers (54 kept): ['LHAI', 'EHGO', 'CANF', 'WTO', 'ICU', 'NBIZ', 'SKIL', 'ELTX', 'RGNT', 'AHMA', 'CORD', 'RAAQ', 'MSTP', 'PCLA', 'RNAZ', 'AIOS', 'COIG', 'GVH', 'MUZ', 'CEPO']
17:01:02  Wrote 54 gappers (54 kept): ['LHAI', 'EHGO', 'CANF', 'WTO', 'ICU', 'NBIZ', 'SKIL', 'ELTX', 'RGNT', 'AHMA', 'CORD', 'RAAQ', 'MSTP', 'PCLA', 'RNAZ', 'AIOS', 'MUZ', 'COIG', 'GVH', 'CEPO']
17:01:49  Wrote 54 gappers (54 kept): ['LHAI', 'EHGO', 'CANF', 'WTO', 'ICU', 'NBIZ', 'SKIL', 'ELTX', 'RGNT', 'AHMA', 'CORD', 'RAAQ', 'MSTP', 'PCLA', 'RNAZ', 'AIOS', 'MUZ', 'COIG', 'CEPO', 'SNDQ']
17:02:36  Wrote 54 gappers (54 kept): ['LHAI', 'EHGO', 'CANF', 'WTO', 'ICU', 'NBIZ', 'SKIL', 'ELTX', 'RGNT', 'AHMA', 'CORD', 'RAAQ', 'MSTP', 'PCLA', 'RNAZ', 'AIOS', 'MUZ', 'COIG', 'CEPO', 'SNDQ']
17:03:24  Wrote 54 gappers (54 kept): ['LHAI', 'EHGO', 'CANF', 'WTO', 'ICU', 'NBIZ', 'SKIL', 'ELTX', 'RGNT', 'AHMA', 'CORD', 'RAAQ', 'MSTP', 'RNAZ', 'AIOS', 'MUZ', 'COIG', 'SNDQ', 'CEPO', 'MST']
17:04:11  Wrote 54 gappers (54 kept): ['LHAI', 'EHGO', 'CANF', 'WTO', 'ICU', 'NBIZ', 'SKIL', 'ELTX', 'RGNT', 'AHMA', 'CORD', 'RAAQ', 'MSTP', 'RNAZ', 'AIOS', 'MUZ', 'COIG', 'SNDQ', 'CEPO', 'MST']
17:04:58  Wrote 54 gappers (54 kept): ['LHAI', 'EHGO', 'CANF', 'WTO', 'ICU', 'NBIZ', 'SKIL', 'ELTX', 'RGNT', 'AHMA', 'CORD', 'RAAQ', 'MSTP', 'RNAZ', 'AIOS', 'MUZ', 'COIG', 'SNDQ', 'CEPO', 'MST']
17:05:45  Wrote 54 gappers (54 kept): ['LHAI', 'EHGO', 'CANF', 'WTO', 'ICU', 'NBIZ', 'SKIL', 'ELTX', 'AHMA', 'RGNT', 'CORD', 'RAAQ', 'MSTP', 'RNAZ', 'AIOS', 'MUZ', 'SNDQ', 'COIG', 'CEPO', 'MST']
17:06:32  Wrote 54 gappers (54 kept): ['LHAI', 'EHGO', 'CANF', 'WTO', 'ICU', 'NBIZ', 'SKIL', 'ELTX', 'AHMA', 'RGNT', 'CORD', 'RAAQ', 'MSTP', 'AIOS', 'RNAZ', 'MUZ', 'SNDQ', 'COIG', 'CEPO', 'MST']
17:07:20  Wrote 54 gappers (54 kept): ['LHAI', 'EHGO', 'CANF', 'WTO', 'ICU', 'NBIZ', 'SKIL', 'ELTX', 'AHMA', 'RGNT', 'CORD', 'RAAQ', 'MSTP', 'AIOS', 'RNAZ', 'MUZ', 'SNDQ', 'COIG', 'CEPO', 'MST']
17:08:07  Wrote 54 gappers (54 kept): ['LHAI', 'EHGO', 'CANF', 'WTO', 'ICU', 'NBIZ', 'SKIL', 'ELTX', 'AHMA', 'RGNT', 'CORD', 'RAAQ', 'MSTP', 'AIOS', 'RNAZ', 'MUZ', 'SNDQ', 'COIG', 'CEPO', 'MST']
17:08:54  Wrote 54 gappers (54 kept): ['LHAI', 'EHGO', 'CANF', 'WTO', 'ICU', 'NBIZ', 'SKIL', 'ELTX', 'AHMA', 'RGNT', 'CORD', 'RAAQ', 'MSTP', 'AIOS', 'RNAZ', 'MUZ', 'SNDQ', 'COIG', 'CEPO', 'MST']
17:09:41  Wrote 54 gappers (54 kept): ['LHAI', 'EHGO', 'CANF', 'WTO', 'ICU', 'NBIZ', 'SKIL', 'ELTX', 'AHMA', 'RGNT', 'CORD', 'RAAQ', 'MSTP', 'AIOS', 'RNAZ', 'MUZ', 'SNDQ', 'COIG', 'CEPO', 'MST']
17:10:28  Wrote 54 gappers (54 kept): ['LHAI', 'EHGO', 'CANF', 'WTO', 'ICU', 'NBIZ', 'SKIL', 'ELTX', 'AHMA', 'RGNT', 'CORD', 'RAAQ', 'MSTP', 'AIOS', 'RNAZ', 'MUZ', 'COIG', 'SNDQ', 'CEPO', 'MST']
17:11:15  Wrote 54 gappers (54 kept): ['LHAI', 'EHGO', 'CANF', 'WTO', 'ICU', 'NBIZ', 'SKIL', 'ELTX', 'AHMA', 'RGNT', 'CORD', 'RAAQ', 'MSTP', 'AIOS', 'RNAZ', 'MUZ', 'COIG', 'SNDQ', 'CEPO', 'MST']
17:12:02  Wrote 54 gappers (54 kept): ['LHAI', 'EHGO', 'CANF', 'WTO', 'ICU', 'NBIZ', 'SKIL', 'ELTX', 'AHMA', 'RGNT', 'CORD', 'RAAQ', 'PCLA', 'MSTP', 'AIOS', 'RNAZ', 'MUZ', 'SNDQ', 'COIG', 'CEPO']
17:12:49  Wrote 54 gappers (54 kept): ['LHAI', 'EHGO', 'CANF', 'WTO', 'NBIZ', 'ICU', 'SKIL', 'ELTX', 'AHMA', 'RGNT', 'CORD', 'RAAQ', 'PCLA', 'MSTP', 'MUZ', 'AIOS', 'RNAZ', 'SNDQ', 'COIG', 'CEPO']
17:13:36  Wrote 54 gappers (54 kept): ['LHAI', 'EHGO', 'CANF', 'WTO', 'NBIZ', 'ICU', 'SKIL', 'ELTX', 'AHMA', 'PCLA', 'RGNT', 'CORD', 'RAAQ', 'MSTP', 'MUZ', 'AIOS', 'RNAZ', 'SNDQ', 'COIG', 'CEPO']
17:14:23  Wrote 54 gappers (54 kept): ['LHAI', 'EHGO', 'CANF', 'WTO', 'NBIZ', 'ICU', 'SKIL', 'ELTX', 'AHMA', 'PCLA', 'RGNT', 'CORD', 'RAAQ', 'MUZ', 'MSTP', 'SNDQ', 'AIOS', 'RNAZ', 'COIG', 'CEPO']
17:15:10  Wrote 54 gappers (54 kept): ['LHAI', 'EHGO', 'CANF', 'WTO', 'NBIZ', 'ICU', 'SKIL', 'ELTX', 'AHMA', 'PCLA', 'RGNT', 'CORD', 'RAAQ', 'MUZ', 'MSTP', 'SNDQ', 'AIOS', 'RNAZ', 'COIG', 'CEPO']
17:15:57  Wrote 54 gappers (54 kept): ['LHAI', 'EHGO', 'CANF', 'WTO', 'NBIZ', 'ICU', 'SKIL', 'AHMA', 'ELTX', 'PCLA', 'RGNT', 'CORD', 'RAAQ', 'MUZ', 'MSTP', 'SNDQ', 'AIOS', 'RNAZ', 'COIG', 'CEPO']
17:16:44  Wrote 54 gappers (54 kept): ['LHAI', 'EHGO', 'CANF', 'WTO', 'NBIZ', 'ICU', 'SKIL', 'AHMA', 'ELTX', 'PCLA', 'RGNT', 'CORD', 'MUZ', 'RAAQ', 'SNDQ', 'MSTP', 'AIOS', 'RNAZ', 'COIG', 'CEPO']
17:17:32  Wrote 54 gappers (54 kept): ['LHAI', 'EHGO', 'CANF', 'WTO', 'NBIZ', 'ICU', 'SKIL', 'AHMA', 'ELTX', 'PCLA', 'RGNT', 'CORD', 'RAAQ', 'MUZ', 'SNDQ', 'MSTP', 'AIOS', 'RNAZ', 'COIG', 'CEPO']
17:18:19  Wrote 54 gappers (54 kept): ['LHAI', 'EHGO', 'CANF', 'WTO', 'NBIZ', 'ICU', 'SKIL', 'AHMA', 'ELTX', 'PCLA', 'RGNT', 'CORD', 'MUZ', 'RAAQ', 'SNDQ', 'MSTP', 'AIOS', 'RNAZ', 'COIG', 'CEPO']
17:19:06  Wrote 54 gappers (54 kept): ['LHAI', 'EHGO', 'CANF', 'WTO', 'NBIZ', 'ICU', 'SKIL', 'AHMA', 'ELTX', 'PCLA', 'RGNT', 'CORD', 'MUZ', 'RAAQ', 'SNDQ', 'MSTP', 'AIOS', 'RNAZ', 'COIG', 'CEPO']
17:19:53  Wrote 54 gappers (54 kept): ['LHAI', 'EHGO', 'CANF', 'WTO', 'NBIZ', 'ICU', 'SKIL', 'AHMA', 'ELTX', 'PCLA', 'RGNT', 'CORD', 'MUZ', 'RAAQ', 'SNDQ', 'MSTP', 'AIOS', 'RNAZ', 'COIG', 'CEPO']
17:20:40  Wrote 54 gappers (54 kept): ['LHAI', 'EHGO', 'CANF', 'WTO', 'NBIZ', 'ICU', 'SKIL', 'AHMA', 'ELTX', 'RGNT', 'CORD', 'MUZ', 'RAAQ', 'PCLA', 'SNDQ', 'MSTP', 'AIOS', 'RNAZ', 'COIG', 'CEPO']
17:21:27  Wrote 54 gappers (54 kept): ['LHAI', 'EHGO', 'CANF', 'WTO', 'NBIZ', 'ICU', 'SKIL', 'AHMA', 'ELTX', 'RGNT', 'CORD', 'RAAQ', 'MUZ', 'PCLA', 'SNDQ', 'MSTP', 'AIOS', 'RNAZ', 'COIG', 'CEPO']
17:22:14  Wrote 54 gappers (54 kept): ['LHAI', 'EHGO', 'CANF', 'WTO', 'NBIZ', 'ICU', 'SKIL', 'AHMA', 'ELTX', 'CORD', 'RGNT', 'RAAQ', 'PCLA', 'MUZ', 'MSTP', 'SNDQ', 'AIOS', 'RNAZ', 'COIG', 'CEPO']
17:23:01  Wrote 54 gappers (54 kept): ['LHAI', 'EHGO', 'CANF', 'WTO', 'NBIZ', 'ICU', 'SKIL', 'AHMA', 'ELTX', 'CORD', 'RGNT', 'RAAQ', 'PCLA', 'MUZ', 'MSTP', 'AIOS', 'SNDQ', 'RNAZ', 'COIG', 'CEPO']
17:23:48  Wrote 54 gappers (54 kept): ['LHAI', 'EHGO', 'CANF', 'WTO', 'NBIZ', 'ICU', 'SKIL', 'AHMA', 'ELTX', 'CORD', 'RGNT', 'RAAQ', 'PCLA', 'MUZ', 'MSTP', 'SNDQ', 'AIOS', 'RNAZ', 'COIG', 'CEPO']
17:24:35  Wrote 54 gappers (54 kept): ['LHAI', 'EHGO', 'CANF', 'NBIZ', 'ICU', 'WTO', 'AHMA', 'SKIL', 'ELTX', 'CORD', 'RGNT', 'RAAQ', 'PCLA', 'SNDQ', 'MUZ', 'MSTP', 'AIOS', 'RNAZ', 'COIG', 'CONX']
17:25:22  Wrote 54 gappers (54 kept): ['LHAI', 'EHGO', 'CANF', 'NBIZ', 'ICU', 'WTO', 'AHMA', 'SKIL', 'ELTX', 'CORD', 'RGNT', 'RAAQ', 'PCLA', 'SNDQ', 'MUZ', 'MSTP', 'AIOS', 'RNAZ', 'COIG', 'CONX']
17:26:09  Wrote 54 gappers (54 kept): ['LHAI', 'EHGO', 'CANF', 'NBIZ', 'ICU', 'WTO', 'AHMA', 'SKIL', 'ELTX', 'CORD', 'RGNT', 'RAAQ', 'SNDQ', 'PCLA', 'MUZ', 'MSTP', 'AIOS', 'RNAZ', 'COIG', 'CONX']
17:26:56  Wrote 54 gappers (54 kept): ['LHAI', 'EHGO', 'CANF', 'NBIZ', 'ICU', 'WTO', 'AHMA', 'SKIL', 'ELTX', 'CORD', 'RGNT', 'RAAQ', 'MUZ', 'PCLA', 'SNDQ', 'MSTP', 'AIOS', 'RNAZ', 'COIG', 'CONX']
17:27:43  Wrote 54 gappers (54 kept): ['LHAI', 'EHGO', 'CANF', 'NBIZ', 'ICU', 'WTO', 'AHMA', 'SKIL', 'ELTX', 'CORD', 'RGNT', 'RAAQ', 'MUZ', 'PCLA', 'SNDQ', 'MSTP', 'AIOS', 'RNAZ', 'COIG', 'CONX']
17:28:31  Wrote 54 gappers (54 kept): ['LHAI', 'EHGO', 'CANF', 'NBIZ', 'ICU', 'WTO', 'AHMA', 'SKIL', 'ELTX', 'CORD', 'RGNT', 'MUZ', 'RAAQ', 'PCLA', 'SNDQ', 'MSTP', 'AIOS', 'RNAZ', 'COIG', 'CONX']
17:29:18  Wrote 54 gappers (54 kept): ['LHAI', 'EHGO', 'CANF', 'WTO', 'NBIZ', 'ICU', 'AHMA', 'SKIL', 'ELTX', 'CORD', 'RGNT', 'RAAQ', 'MUZ', 'SNDQ', 'PCLA', 'MSTP', 'AIOS', 'RNAZ', 'COIG', 'CONX']
17:30:05  Wrote 54 gappers (54 kept): ['LHAI', 'EHGO', 'CANF', 'WTO', 'NBIZ', 'ICU', 'AHMA', 'SKIL', 'ELTX', 'CORD', 'RGNT', 'RAAQ', 'MUZ', 'SNDQ', 'PCLA', 'MSTP', 'AIOS', 'RNAZ', 'COIG', 'CONX']
17:30:52  Wrote 54 gappers (54 kept): ['LHAI', 'EHGO', 'CANF', 'WTO', 'NBIZ', 'ICU', 'AHMA', 'SKIL', 'ELTX', 'CORD', 'RGNT', 'RAAQ', 'MUZ', 'PCLA', 'SNDQ', 'MSTP', 'AIOS', 'RNAZ', 'COIG', 'CONX']
17:31:40  Wrote 54 gappers (54 kept): ['LHAI', 'EHGO', 'CANF', 'WTO', 'NBIZ', 'ICU', 'AHMA', 'SKIL', 'ELTX', 'CORD', 'RGNT', 'RAAQ', 'MUZ', 'SNDQ', 'PCLA', 'MSTP', 'AIOS', 'RNAZ', 'COIG', 'CONX']
17:32:27  Wrote 54 gappers (54 kept): ['LHAI', 'EHGO', 'CANF', 'WTO', 'NBIZ', 'ICU', 'AHMA', 'SKIL', 'ELTX', 'CORD', 'RGNT', 'RAAQ', 'MUZ', 'SNDQ', 'PCLA', 'MSTP', 'AIOS', 'RNAZ', 'COIG', 'CONX']
17:33:14  Wrote 54 gappers (54 kept): ['LHAI', 'EHGO', 'CANF', 'WTO', 'NBIZ', 'ICU', 'AHMA', 'SKIL', 'ELTX', 'CORD', 'RGNT', 'MUZ', 'RAAQ', 'SNDQ', 'PCLA', 'MSTP', 'AIOS', 'RNAZ', 'COIG', 'CONX']
17:34:01  Wrote 54 gappers (54 kept): ['LHAI', 'EHGO', 'CANF', 'WTO', 'NBIZ', 'ICU', 'AHMA', 'SKIL', 'ELTX', 'CORD', 'RGNT', 'MUZ', 'SNDQ', 'RAAQ', 'PCLA', 'MSTP', 'AIOS', 'RNAZ', 'COIG', 'CONX']
17:34:48  Wrote 54 gappers (54 kept): ['LHAI', 'EHGO', 'CANF', 'WTO', 'NBIZ', 'ICU', 'AHMA', 'SKIL', 'ELTX', 'CORD', 'RGNT', 'MUZ', 'SNDQ', 'RAAQ', 'PCLA', 'MSTP', 'AIOS', 'RNAZ', 'COIG', 'CONX']
17:35:35  Wrote 54 gappers (54 kept): ['LHAI', 'EHGO', 'CANF', 'WTO', 'NBIZ', 'ICU', 'AHMA', 'SKIL', 'ELTX', 'CORD', 'RGNT', 'MUZ', 'SNDQ', 'RAAQ', 'PCLA', 'MSTP', 'AIOS', 'RNAZ', 'COIG', 'CONX']
17:36:22  Wrote 54 gappers (54 kept): ['LHAI', 'EHGO', 'CANF', 'WTO', 'NBIZ', 'ICU', 'AHMA', 'SKIL', 'ELTX', 'CORD', 'RGNT', 'PCLA', 'SNDQ', 'MUZ', 'RAAQ', 'MSTP', 'AIOS', 'RNAZ', 'COIG', 'CONX']
17:37:09  Wrote 54 gappers (54 kept): ['LHAI', 'EHGO', 'CANF', 'WTO', 'NBIZ', 'ICU', 'AHMA', 'SKIL', 'ELTX', 'CORD', 'RGNT', 'PCLA', 'SNDQ', 'MUZ', 'RAAQ', 'MSTP', 'AIOS', 'RNAZ', 'COIG', 'CONX']
17:37:56  Wrote 54 gappers (54 kept): ['LHAI', 'EHGO', 'CANF', 'WTO', 'NBIZ', 'ICU', 'AHMA', 'SKIL', 'CORD', 'ELTX', 'RGNT', 'PCLA', 'MUZ', 'SNDQ', 'RAAQ', 'MSTP', 'AIOS', 'RNAZ', 'COIG', 'CONX']
17:38:43  Wrote 54 gappers (54 kept): ['LHAI', 'EHGO', 'CANF', 'WTO', 'NBIZ', 'ICU', 'AHMA', 'SKIL', 'CORD', 'ELTX', 'RGNT', 'PCLA', 'SNDQ', 'MUZ', 'RAAQ', 'MSTP', 'AIOS', 'RNAZ', 'COIG', 'CONX']
17:39:30  Wrote 54 gappers (54 kept): ['LHAI', 'EHGO', 'CANF', 'WTO', 'NBIZ', 'ICU', 'AHMA', 'SKIL', 'CORD', 'ELTX', 'RGNT', 'PCLA', 'SNDQ', 'RAAQ', 'MUZ', 'MSTP', 'AIOS', 'RNAZ', 'COIG', 'CONX']
17:40:17  Wrote 54 gappers (54 kept): ['LHAI', 'EHGO', 'CANF', 'WTO', 'NBIZ', 'ICU', 'AHMA', 'SKIL', 'CORD', 'ELTX', 'RGNT', 'RAAQ', 'PCLA', 'SNDQ', 'MUZ', 'MSTP', 'AIOS', 'RNAZ', 'COIG', 'CONX']
17:41:04  Wrote 54 gappers (54 kept): ['LHAI', 'EHGO', 'CANF', 'WTO', 'NBIZ', 'ICU', 'AHMA', 'SKIL', 'CORD', 'ELTX', 'RGNT', 'PCLA', 'RAAQ', 'SNDQ', 'MUZ', 'MSTP', 'AIOS', 'RNAZ', 'COIG', 'CONX']
17:41:51  Wrote 54 gappers (54 kept): ['LHAI', 'EHGO', 'CANF', 'WTO', 'NBIZ', 'ICU', 'AHMA', 'SKIL', 'CORD', 'ELTX', 'RGNT', 'PCLA', 'RAAQ', 'MUZ', 'SNDQ', 'MSTP', 'AIOS', 'RNAZ', 'COIG', 'CONX']
17:42:38  Wrote 54 gappers (54 kept): ['LHAI', 'EHGO', 'CANF', 'WTO', 'NBIZ', 'ICU', 'AHMA', 'SKIL', 'CORD', 'ELTX', 'RGNT', 'PCLA', 'RAAQ', 'MUZ', 'SNDQ', 'MSTP', 'AIOS', 'RNAZ', 'COIG', 'CONX']
17:43:25  Wrote 54 gappers (54 kept): ['LHAI', 'EHGO', 'CANF', 'WTO', 'NBIZ', 'ICU', 'AHMA', 'SKIL', 'CORD', 'ELTX', 'RGNT', 'PCLA', 'RAAQ', 'MUZ', 'SNDQ', 'MSTP', 'AIOS', 'RNAZ', 'COIG', 'CONX']
17:44:12  Wrote 54 gappers (54 kept): ['LHAI', 'EHGO', 'CANF', 'WTO', 'NBIZ', 'ICU', 'AHMA', 'SKIL', 'CORD', 'ELTX', 'RGNT', 'PCLA', 'MUZ', 'RAAQ', 'SNDQ', 'MSTP', 'AIOS', 'RNAZ', 'COIG', 'CONX']
17:44:59  Wrote 54 gappers (54 kept): ['LHAI', 'EHGO', 'CANF', 'WTO', 'NBIZ', 'ICU', 'AHMA', 'SKIL', 'CORD', 'ELTX', 'RGNT', 'PCLA', 'RAAQ', 'MUZ', 'SNDQ', 'MSTP', 'AIOS', 'RNAZ', 'COIG', 'CONX']
17:45:46  Wrote 54 gappers (54 kept): ['LHAI', 'EHGO', 'CANF', 'WTO', 'NBIZ', 'ICU', 'AHMA', 'SKIL', 'PCLA', 'CORD', 'ELTX', 'RGNT', 'MUZ', 'RAAQ', 'SNDQ', 'MSTP', 'AIOS', 'RNAZ', 'COIG', 'CONX']
17:46:33  Wrote 54 gappers (54 kept): ['LHAI', 'EHGO', 'CANF', 'WTO', 'NBIZ', 'ICU', 'AHMA', 'SKIL', 'PCLA', 'CORD', 'ELTX', 'RGNT', 'MUZ', 'SNDQ', 'RAAQ', 'MSTP', 'AIOS', 'RNAZ', 'COIG', 'CONX']
17:47:21  Wrote 54 gappers (54 kept): ['LHAI', 'EHGO', 'CANF', 'NBIZ', 'WTO', 'ICU', 'AHMA', 'SKIL', 'WFCF', 'ELTX', 'PCLA', 'CORD', 'RGNT', 'MUZ', 'SNDQ', 'RAAQ', 'MSTP', 'AIOS', 'RNAZ', 'COIG']
17:48:08  Wrote 54 gappers (54 kept): ['LHAI', 'EHGO', 'CANF', 'NBIZ', 'WTO', 'ICU', 'AHMA', 'SKIL', 'WFCF', 'ELTX', 'PCLA', 'CORD', 'RGNT', 'MUZ', 'SNDQ', 'RAAQ', 'MSTP', 'AIOS', 'RNAZ', 'COIG']
17:48:55  Wrote 54 gappers (54 kept): ['LHAI', 'EHGO', 'CANF', 'NBIZ', 'WTO', 'ICU', 'AHMA', 'SKIL', 'WFCF', 'ELTX', 'PCLA', 'CORD', 'RGNT', 'MUZ', 'RAAQ', 'SNDQ', 'MSTP', 'AIOS', 'RNAZ', 'COIG']
17:49:42  Wrote 54 gappers (54 kept): ['LHAI', 'EHGO', 'CANF', 'NBIZ', 'WTO', 'ICU', 'AHMA', 'SKIL', 'WFCF', 'ELTX', 'PCLA', 'CORD', 'RGNT', 'MUZ', 'SNDQ', 'RAAQ', 'MSTP', 'AIOS', 'RNAZ', 'CONX']
17:50:29  Wrote 54 gappers (54 kept): ['LHAI', 'EHGO', 'CANF', 'NBIZ', 'WTO', 'ICU', 'AHMA', 'SKIL', 'WFCF', 'ELTX', 'PCLA', 'CORD', 'RGNT', 'MUZ', 'SNDQ', 'RAAQ', 'MSTP', 'AIOS', 'RNAZ', 'CONX']
17:51:16  Wrote 54 gappers (54 kept): ['LHAI', 'EHGO', 'CANF', 'NBIZ', 'WTO', 'ICU', 'AHMA', 'SKIL', 'WFCF', 'PCLA', 'CORD', 'ELTX', 'RGNT', 'MUZ', 'SNDQ', 'RAAQ', 'MSTP', 'AIOS', 'RNAZ', 'CONX']
17:52:03  Wrote 54 gappers (54 kept): ['LHAI', 'EHGO', 'CANF', 'NBIZ', 'WTO', 'ICU', 'AHMA', 'SKIL', 'WFCF', 'PCLA', 'CORD', 'ELTX', 'RGNT', 'MUZ', 'SNDQ', 'RAAQ', 'MSTP', 'AIOS', 'RNAZ', 'CONX']
17:52:50  Wrote 54 gappers (54 kept): ['LHAI', 'EHGO', 'CANF', 'NBIZ', 'WTO', 'ICU', 'AHMA', 'SKIL', 'WFCF', 'CORD', 'ELTX', 'PCLA', 'RGNT', 'MUZ', 'SNDQ', 'RAAQ', 'MSTP', 'AIOS', 'RNAZ', 'CONX']
17:53:37  Wrote 54 gappers (54 kept): ['LHAI', 'EHGO', 'CANF', 'NBIZ', 'WTO', 'ICU', 'AHMA', 'WFCF', 'SKIL', 'CORD', 'ELTX', 'PCLA', 'RGNT', 'MUZ', 'SNDQ', 'RAAQ', 'MSTP', 'AIOS', 'RNAZ', 'CONX']
17:54:24  Wrote 54 gappers (54 kept): ['LHAI', 'EHGO', 'CANF', 'NBIZ', 'WTO', 'ICU', 'AHMA', 'WFCF', 'SKIL', 'CORD', 'ELTX', 'PCLA', 'RGNT', 'MUZ', 'RAAQ', 'SNDQ', 'MSTP', 'AIOS', 'RNAZ', 'CONX']
17:55:11  Wrote 54 gappers (54 kept): ['LHAI', 'EHGO', 'CANF', 'NBIZ', 'WTO', 'ICU', 'AHMA', 'WFCF', 'SKIL', 'ELTX', 'CORD', 'PCLA', 'RGNT', 'MUZ', 'RAAQ', 'SNDQ', 'MSTP', 'AIOS', 'RNAZ', 'CONX']
17:55:58  Wrote 54 gappers (54 kept): ['LHAI', 'EHGO', 'CANF', 'NBIZ', 'WTO', 'ICU', 'AHMA', 'WFCF', 'SKIL', 'CORD', 'ELTX', 'PCLA', 'RGNT', 'MUZ', 'RAAQ', 'SNDQ', 'MSTP', 'AIOS', 'RNAZ', 'CONX']
17:56:45  Wrote 54 gappers (54 kept): ['LHAI', 'EHGO', 'CANF', 'NBIZ', 'WTO', 'ICU', 'AHMA', 'WFCF', 'SKIL', 'CORD', 'ELTX', 'PCLA', 'RGNT', 'MUZ', 'SNDQ', 'RAAQ', 'MSTP', 'AIOS', 'RNAZ', 'CONX']
17:57:32  Wrote 54 gappers (54 kept): ['LHAI', 'EHGO', 'CANF', 'NBIZ', 'WTO', 'ICU', 'AHMA', 'WFCF', 'SKIL', 'CORD', 'ELTX', 'PCLA', 'RGNT', 'MUZ', 'SNDQ', 'RAAQ', 'MSTP', 'AIOS', 'RNAZ', 'CONX']
17:58:19  Wrote 54 gappers (54 kept): ['LHAI', 'EHGO', 'CANF', 'NBIZ', 'WTO', 'ICU', 'AHMA', 'WFCF', 'SKIL', 'CORD', 'ELTX', 'PCLA', 'RGNT', 'MUZ', 'SNDQ', 'RAAQ', 'MSTP', 'AIOS', 'RNAZ', 'CONX']
17:59:06  Wrote 54 gappers (54 kept): ['LHAI', 'EHGO', 'CANF', 'NBIZ', 'WTO', 'ICU', 'AHMA', 'WFCF', 'SKIL', 'CORD', 'ELTX', 'PCLA', 'RGNT', 'MUZ', 'SNDQ', 'RAAQ', 'MSTP', 'AIOS', 'RNAZ', 'CONX']
17:59:54  Wrote 54 gappers (54 kept): ['LHAI', 'EHGO', 'CANF', 'WTO', 'NBIZ', 'ICU', 'AHMA', 'WFCF', 'SKIL', 'CORD', 'ELTX', 'RGNT', 'PCLA', 'MUZ', 'SNDQ', 'RAAQ', 'MSTP', 'AIOS', 'RNAZ', 'CONX']
18:00:39  Cutoff reached — stopping.
