02:00:11  Alpaca gapper scanner: price $2.0-$20.0, gap>=5.0%, every 45s until 20:00 ET (feed=sip).
02:00:15  universe: 0 from IBKR scanner + 77 extra from Alpaca
02:00:16  Wrote 14 gappers (14 kept): ['VRAX', 'RYOJ', 'FXHO', 'AEHG', 'RPGL', 'SNWV', 'CNTB', 'HPEL', 'SUNE', 'OPEG', 'LITU', 'PTLE', 'ZSQR', 'RNAZ']
02:01:03  universe: 10 from IBKR scanner + 72 extra from Alpaca
02:01:04  Wrote 15 gappers (15 kept): ['VRAX', 'RYOJ', 'FXHO', 'RPGL', 'AEHG', 'OPEG', 'SNWV', 'CNTB', 'HPEL', 'LITU', 'PTLE', 'SUNE', 'ZSQR', 'RNAZ', 'RAM']
02:01:51  universe: 20 from IBKR scanner + 72 extra from Alpaca
02:01:52  Wrote 16 gappers (16 kept): ['VRAX', 'RYOJ', 'FXHO', 'RPGL', 'AEHG', 'HPEL', 'SNWV', 'CNTB', 'OPEG', 'LITU', 'PTLE', 'ZSQR', 'RNAZ', 'SUNE', 'WOK', 'RAM']
02:02:39  universe: 43 from IBKR scanner + 68 extra from Alpaca
02:02:41  Wrote 22 gappers (22 kept): ['VRAX', 'RYOJ', 'FXHO', 'AEHG', 'HPEL', 'RPGL', 'SNWV', 'CNTB', 'OPEG', 'LITU', 'PTLE', 'CBRG', 'ZSQR', 'RNAZ', 'BNC', 'WOK', 'SUNE', 'AAOX', 'SNDG', 'OKLL']
02:03:27  universe: 43 from IBKR scanner + 68 extra from Alpaca
02:03:28  Wrote 22 gappers (22 kept): ['VRAX', 'RYOJ', 'FXHO', 'AEHG', 'SUNE', 'RPGL', 'HPEL', 'SNWV', 'CNTB', 'OPEG', 'LITU', 'PTLE', 'WOK', 'CBRG', 'ZSQR', 'BNC', 'RNAZ', 'OKLL', 'AAOX', 'SNDG']
02:04:16  universe: 45 from IBKR scanner + 67 extra from Alpaca
02:04:17  Wrote 22 gappers (22 kept): ['VRAX', 'RYOJ', 'FXHO', 'AEHG', 'RPGL', 'HPEL', 'SNWV', 'CNTB', 'OPEG', 'WOK', 'LITU', 'PTLE', 'BNC', 'SUNE', 'CBRG', 'ZSQR', 'RNAZ', 'WNW', 'OKLL', 'AAOX']
02:05:04  universe: 45 from IBKR scanner + 67 extra from Alpaca
02:05:05  Wrote 22 gappers (22 kept): ['VRAX', 'RYOJ', 'FXHO', 'RPGL', 'AEHG', 'HPEL', 'WOK', 'SNWV', 'CNTB', 'OPEG', 'LITU', 'PTLE', 'CBRG', 'ZSQR', 'RNAZ', 'SUNE', 'BNC', 'WNW', 'OKLL', 'AAOX']
02:05:52  universe: 47 from IBKR scanner + 66 extra from Alpaca
02:05:53  Wrote 23 gappers (23 kept): ['VRAX', 'RYOJ', 'FXHO', 'WOK', 'AEHG', 'RPGL', 'HPEL', 'SNWV', 'CNTB', 'OPEG', 'LITU', 'PTLE', 'CBRG', 'ZSQR', 'RNAZ', 'BNC', 'SUNE', 'WNW', 'OKLL', 'AAOX']
02:06:40  universe: 48 from IBKR scanner + 66 extra from Alpaca
02:06:42  Wrote 24 gappers (24 kept): ['JLHL', 'VRAX', 'RYOJ', 'FXHO', 'AEHG', 'RPGL', 'HPEL', 'WOK', 'SNWV', 'CNTB', 'OPEG', 'LITU', 'PTLE', 'CBRG', 'ZSQR', 'RNAZ', 'BNC', 'SUNE', 'WNW', 'OKLL']
02:07:28  universe: 48 from IBKR scanner + 66 extra from Alpaca
02:07:30  Wrote 23 gappers (23 kept): ['VRAX', 'RYOJ', 'FXHO', 'AEHG', 'RPGL', 'HPEL', 'SNWV', 'CNTB', 'OPEG', 'LITU', 'PTLE', 'CBRG', 'ZSQR', 'RNAZ', 'BNC', 'SUNE', 'WOK', 'WNW', 'OKLL', 'AAOX']
02:08:17  universe: 48 from IBKR scanner + 66 extra from Alpaca
02:08:18  Wrote 23 gappers (23 kept): ['VRAX', 'RYOJ', 'FXHO', 'RPGL', 'AEHG', 'HPEL', 'SNWV', 'CNTB', 'OPEG', 'LITU', 'PTLE', 'CBRG', 'ZSQR', 'RNAZ', 'BNC', 'WOK', 'SUNE', 'OKLL', 'AAOX', 'SNDG']
02:09:04  universe: 48 from IBKR scanner + 66 extra from Alpaca
02:09:06  Wrote 23 gappers (23 kept): ['VRAX', 'RYOJ', 'FXHO', 'RPGL', 'AEHG', 'HPEL', 'SNWV', 'CNTB', 'OPEG', 'LITU', 'PTLE', 'CBRG', 'ZSQR', 'RNAZ', 'SUNE', 'BNC', 'WOK', 'OKLL', 'AAOX', 'SNDG']
02:09:53  universe: 49 from IBKR scanner + 66 extra from Alpaca
02:09:54  Wrote 23 gappers (23 kept): ['VRAX', 'RYOJ', 'FXHO', 'RPGL', 'AEHG', 'HPEL', 'SNWV', 'CNTB', 'OPEG', 'LITU', 'PTLE', 'BNC', 'ZSQR', 'RNAZ', 'CBRG', 'SUNE', 'WOK', 'OKLL', 'AAOX', 'SNDG']
02:10:40  universe: 50 from IBKR scanner + 66 extra from Alpaca
02:10:42  Wrote 23 gappers (23 kept): ['VRAX', 'RYOJ', 'FXHO', 'RPGL', 'AEHG', 'HPEL', 'SNWV', 'CNTB', 'OPEG', 'LITU', 'PTLE', 'BNC', 'ZSQR', 'RNAZ', 'CBRG', 'SUNE', 'WOK', 'OKLL', 'AAOX', 'SNDG']
02:11:28  universe: 50 from IBKR scanner + 66 extra from Alpaca
02:11:30  Wrote 23 gappers (23 kept): ['VRAX', 'RYOJ', 'FXHO', 'RPGL', 'AEHG', 'HPEL', 'SNWV', 'CNTB', 'OPEG', 'LITU', 'PTLE', 'CBRG', 'BNC', 'ZSQR', 'RNAZ', 'SUNE', 'WOK', 'OKLL', 'WNW', 'AAOX']
02:12:16  universe: 51 from IBKR scanner + 65 extra from Alpaca
02:12:18  Wrote 23 gappers (23 kept): ['VRAX', 'RYOJ', 'FXHO', 'RPGL', 'AEHG', 'HPEL', 'SNWV', 'CNTB', 'OPEG', 'WOK', 'LITU', 'PTLE', 'CBRG', 'BNC', 'ZSQR', 'RNAZ', 'SUNE', 'OKLL', 'WNW', 'AAOX']
02:13:04  universe: 52 from IBKR scanner + 65 extra from Alpaca
02:13:05  Wrote 23 gappers (23 kept): ['VRAX', 'RYOJ', 'FXHO', 'AEHG', 'RPGL', 'HPEL', 'SNWV', 'CNTB', 'OPEG', 'LITU', 'PTLE', 'CBRG', 'BNC', 'ZSQR', 'WOK', 'RNAZ', 'SUNE', 'OKLL', 'WNW', 'AAOX']
02:13:52  universe: 52 from IBKR scanner + 65 extra from Alpaca
02:13:54  Wrote 23 gappers (23 kept): ['VRAX', 'RYOJ', 'FXHO', 'AEHG', 'RPGL', 'HPEL', 'SNWV', 'CNTB', 'OPEG', 'LITU', 'PTLE', 'CBRG', 'ZSQR', 'BNC', 'RNAZ', 'SUNE', 'WOK', 'OKLL', 'WNW', 'AAOX']
02:14:41  universe: 53 from IBKR scanner + 64 extra from Alpaca
02:14:42  Wrote 24 gappers (24 kept): ['JLHL', 'VRAX', 'RYOJ', 'FXHO', 'AEHG', 'RPGL', 'HPEL', 'SNWV', 'CNTB', 'OPEG', 'BNC', 'LITU', 'PTLE', 'CBRG', 'ZSQR', 'RNAZ', 'SUNE', 'WOK', 'OKLL', 'AAOX']
02:15:28  universe: 53 from IBKR scanner + 65 extra from Alpaca
02:15:30  Wrote 23 gappers (23 kept): ['VRAX', 'RYOJ', 'FXHO', 'AEHG', 'RPGL', 'HPEL', 'WOK', 'BNC', 'SNWV', 'CNTB', 'OPEG', 'LITU', 'PTLE', 'CBRG', 'ZSQR', 'RNAZ', 'SUNE', 'OKLL', 'AAOX', 'NOWL']
02:16:16  universe: 53 from IBKR scanner + 65 extra from Alpaca
02:16:17  Wrote 24 gappers (24 kept): ['JLHL', 'VRAX', 'WOK', 'RYOJ', 'FXHO', 'AEHG', 'RPGL', 'HPEL', 'SNWV', 'CNTB', 'OPEG', 'BNC', 'LITU', 'PTLE', 'CBRG', 'ZSQR', 'RNAZ', 'SUNE', 'OKLL', 'AAOX']
02:17:04  universe: 53 from IBKR scanner + 64 extra from Alpaca
02:17:05  Wrote 23 gappers (23 kept): ['VRAX', 'WOK', 'RYOJ', 'FXHO', 'AEHG', 'RPGL', 'HPEL', 'SNWV', 'CNTB', 'OPEG', 'BNC', 'LITU', 'PTLE', 'CBRG', 'ZSQR', 'RNAZ', 'SUNE', 'OKLL', 'AAOX', 'SNDG']
02:17:52  universe: 55 from IBKR scanner + 63 extra from Alpaca
02:17:53  Wrote 24 gappers (24 kept): ['JLHL', 'VRAX', 'WOK', 'FXHO', 'AEHG', 'RYOJ', 'HPEL', 'RPGL', 'SNWV', 'CNTB', 'OPEG', 'BNC', 'LITU', 'PTLE', 'CBRG', 'ZSQR', 'RNAZ', 'SUNE', 'OKLL', 'AAOX']
02:18:40  universe: 55 from IBKR scanner + 63 extra from Alpaca
02:18:41  Wrote 24 gappers (24 kept): ['JLHL', 'VRAX', 'WOK', 'FXHO', 'AEHG', 'RYOJ', 'HPEL', 'RPGL', 'SNWV', 'CNTB', 'BNC', 'OPEG', 'LITU', 'PTLE', 'CBRG', 'ZSQR', 'RNAZ', 'SUNE', 'OKLL', 'AAOX']
02:19:28  universe: 55 from IBKR scanner + 63 extra from Alpaca
02:19:29  Wrote 24 gappers (24 kept): ['JLHL', 'VRAX', 'WOK', 'FXHO', 'AEHG', 'RYOJ', 'RPGL', 'HPEL', 'SNWV', 'CNTB', 'OPEG', 'LITU', 'PTLE', 'BNC', 'CBRG', 'ZSQR', 'RNAZ', 'SUNE', 'OKLL', 'AAOX']
02:20:17  universe: 55 from IBKR scanner + 63 extra from Alpaca
02:20:18  Wrote 24 gappers (24 kept): ['JLHL', 'VRAX', 'WOK', 'FXHO', 'AEHG', 'RYOJ', 'HPEL', 'RPGL', 'SNWV', 'CNTB', 'OPEG', 'LITU', 'PTLE', 'BNC', 'CBRG', 'ZSQR', 'RNAZ', 'SUNE', 'OKLL', 'AAOX']
02:21:05  universe: 55 from IBKR scanner + 63 extra from Alpaca
02:21:07  Wrote 24 gappers (24 kept): ['JLHL', 'VRAX', 'WOK', 'FXHO', 'AEHG', 'RYOJ', 'HPEL', 'RPGL', 'SNWV', 'CNTB', 'OPEG', 'LITU', 'PTLE', 'BNC', 'CBRG', 'RNAZ', 'SUNE', 'ZSQR', 'AAOX', 'OKLL']
02:21:53  universe: 55 from IBKR scanner + 63 extra from Alpaca
02:21:54  Wrote 24 gappers (24 kept): ['JLHL', 'VRAX', 'WOK', 'FXHO', 'AEHG', 'RYOJ', 'HPEL', 'RPGL', 'SNWV', 'CNTB', 'OPEG', 'LITU', 'PTLE', 'BNC', 'CBRG', 'RNAZ', 'ZSQR', 'SUNE', 'OKLL', 'AAOX']
02:22:41  universe: 55 from IBKR scanner + 63 extra from Alpaca
02:22:42  Wrote 24 gappers (24 kept): ['JLHL', 'VRAX', 'WOK', 'FXHO', 'AEHG', 'RYOJ', 'HPEL', 'RPGL', 'SNWV', 'CNTB', 'OPEG', 'LITU', 'PTLE', 'CBRG', 'RNAZ', 'ZSQR', 'SUNE', 'BNC', 'OKLL', 'AAOX']
02:23:29  universe: 55 from IBKR scanner + 63 extra from Alpaca
02:23:31  Wrote 24 gappers (24 kept): ['JLHL', 'VRAX', 'WOK', 'FXHO', 'AEHG', 'RYOJ', 'HPEL', 'RPGL', 'SNWV', 'CNTB', 'OPEG', 'LITU', 'PTLE', 'RNAZ', 'CBRG', 'SUNE', 'ZSQR', 'BNC', 'WNW', 'OKLL']
02:24:17  universe: 56 from IBKR scanner + 62 extra from Alpaca
02:24:19  Wrote 24 gappers (24 kept): ['JLHL', 'VRAX', 'WOK', 'FXHO', 'AEHG', 'RYOJ', 'HPEL', 'RPGL', 'SNWV', 'CNTB', 'OPEG', 'LITU', 'PTLE', 'BNC', 'RNAZ', 'CBRG', 'SUNE', 'ZSQR', 'WNW', 'OKLL']
02:25:05  universe: 56 from IBKR scanner + 62 extra from Alpaca
02:25:06  Wrote 25 gappers (25 kept): ['JLHL', 'VRAX', 'WOK', 'FXHO', 'AEHG', 'RYOJ', 'HPEL', 'RPGL', 'SNWV', 'CNTB', 'OPEG', 'LITU', 'PTLE', 'BNC', 'WNW', 'RNAZ', 'CBRG', 'SUNE', 'ZSQR', 'OKLL']
02:25:53  universe: 57 from IBKR scanner + 62 extra from Alpaca
02:25:55  Wrote 25 gappers (25 kept): ['JLHL', 'VRAX', 'WOK', 'FXHO', 'AEHG', 'RYOJ', 'HPEL', 'RPGL', 'SNWV', 'CNTB', 'OPEG', 'LITU', 'PTLE', 'BNC', 'RNAZ', 'CBRG', 'SUNE', 'ZSQR', 'WNW', 'OKLL']
02:26:41  universe: 57 from IBKR scanner + 62 extra from Alpaca
02:26:42  Wrote 25 gappers (25 kept): ['JLHL', 'VRAX', 'WOK', 'FXHO', 'AEHG', 'RYOJ', 'HPEL', 'RPGL', 'SNWV', 'CNTB', 'OPEG', 'LITU', 'PTLE', 'RNAZ', 'CBRG', 'BNC', 'SUNE', 'ZSQR', 'WNW', 'OKLL']
02:27:29  universe: 57 from IBKR scanner + 62 extra from Alpaca
02:27:30  Wrote 25 gappers (25 kept): ['JLHL', 'VRAX', 'FXHO', 'AEHG', 'RYOJ', 'WOK', 'HPEL', 'RPGL', 'SNWV', 'CNTB', 'OPEG', 'LITU', 'PTLE', 'RNAZ', 'CBRG', 'BNC', 'SUNE', 'ZSQR', 'OKLL', 'AAOX']
02:28:17  universe: 57 from IBKR scanner + 62 extra from Alpaca
02:28:18  Wrote 25 gappers (25 kept): ['JLHL', 'VRAX', 'FXHO', 'AEHG', 'RYOJ', 'WOK', 'HPEL', 'SNWV', 'CNTB', 'OPEG', 'LITU', 'PTLE', 'RNAZ', 'CBRG', 'BNC', 'RPGL', 'ZSQR', 'SUNE', 'OKLL', 'AAOX']
02:29:05  universe: 58 from IBKR scanner + 62 extra from Alpaca
02:29:06  Wrote 25 gappers (25 kept): ['JLHL', 'VRAX', 'FXHO', 'AEHG', 'RYOJ', 'HPEL', 'WOK', 'SNWV', 'CNTB', 'OPEG', 'BNC', 'LITU', 'PTLE', 'RNAZ', 'CBRG', 'RPGL', 'ZSQR', 'SUNE', 'OKLL', 'AAOX']
02:29:53  universe: 59 from IBKR scanner + 62 extra from Alpaca
02:29:54  Wrote 26 gappers (26 kept): ['JLHL', 'VRAX', 'FXHO', 'AEHG', 'RYOJ', 'HPEL', 'WOK', 'SNWV', 'CNTB', 'OPEG', 'BNC', 'LITU', 'PTLE', 'RNAZ', 'CBRG', 'RPGL', 'ZSQR', 'SUNE', 'OKLL', 'WNW']
02:30:41  universe: 59 from IBKR scanner + 62 extra from Alpaca
02:30:42  Wrote 26 gappers (26 kept): ['JLHL', 'VRAX', 'FXHO', 'AEHG', 'RYOJ', 'WOK', 'HPEL', 'SNWV', 'CNTB', 'OPEG', 'BNC', 'LITU', 'PTLE', 'RNAZ', 'CBRG', 'ZSQR', 'SUNE', 'RPGL', 'CDTG', 'OKLL']
02:31:29  universe: 59 from IBKR scanner + 63 extra from Alpaca
02:31:31  Wrote 26 gappers (26 kept): ['JLHL', 'VRAX', 'FXHO', 'AEHG', 'RYOJ', 'CDTG', 'WOK', 'HPEL', 'SNWV', 'CNTB', 'BNC', 'OPEG', 'LITU', 'PTLE', 'RNAZ', 'CBRG', 'ZSQR', 'SUNE', 'RPGL', 'OKLL']
02:32:17  universe: 59 from IBKR scanner + 63 extra from Alpaca
02:32:19  Wrote 26 gappers (26 kept): ['JLHL', 'VRAX', 'FXHO', 'AEHG', 'RYOJ', 'HPEL', 'WOK', 'SNWV', 'CNTB', 'BNC', 'OPEG', 'LITU', 'PTLE', 'CDTG', 'RNAZ', 'CBRG', 'ZSQR', 'SUNE', 'RPGL', 'OKLL']
02:33:05  universe: 59 from IBKR scanner + 63 extra from Alpaca
02:33:07  Wrote 26 gappers (26 kept): ['JLHL', 'VRAX', 'FXHO', 'RYOJ', 'AEHG', 'HPEL', 'SNWV', 'CNTB', 'WOK', 'OPEG', 'BNC', 'LITU', 'PTLE', 'CDTG', 'RNAZ', 'CBRG', 'ZSQR', 'SUNE', 'RPGL', 'OKLL']
02:33:53  universe: 59 from IBKR scanner + 63 extra from Alpaca
02:33:55  Wrote 26 gappers (26 kept): ['JLHL', 'VRAX', 'FXHO', 'RYOJ', 'AEHG', 'HPEL', 'SNWV', 'CNTB', 'WOK', 'OPEG', 'BNC', 'LITU', 'PTLE', 'RNAZ', 'CBRG', 'ZSQR', 'SUNE', 'CDTG', 'RPGL', 'OKLL']
02:34:42  universe: 59 from IBKR scanner + 63 extra from Alpaca
02:34:43  Wrote 26 gappers (26 kept): ['JLHL', 'VRAX', 'FXHO', 'RYOJ', 'AEHG', 'HPEL', 'WOK', 'SNWV', 'CNTB', 'OPEG', 'BNC', 'LITU', 'PTLE', 'RNAZ', 'CBRG', 'ZSQR', 'SUNE', 'RPGL', 'CDTG', 'OKLL']
02:35:30  universe: 59 from IBKR scanner + 63 extra from Alpaca
02:35:31  Wrote 26 gappers (26 kept): ['JLHL', 'VRAX', 'FXHO', 'RYOJ', 'AEHG', 'HPEL', 'SNWV', 'CNTB', 'WOK', 'OPEG', 'LITU', 'PTLE', 'BNC', 'RNAZ', 'CBRG', 'ZSQR', 'SUNE', 'RPGL', 'CDTG', 'OKLL']
02:36:18  universe: 59 from IBKR scanner + 63 extra from Alpaca
02:36:19  Wrote 26 gappers (26 kept): ['JLHL', 'VRAX', 'FXHO', 'RYOJ', 'HPEL', 'AEHG', 'WOK', 'SNWV', 'CNTB', 'OPEG', 'LITU', 'PTLE', 'BNC', 'RNAZ', 'CBRG', 'ZSQR', 'SUNE', 'RPGL', 'CDTG', 'OKLL']
02:37:06  universe: 61 from IBKR scanner + 63 extra from Alpaca
02:37:08  Wrote 26 gappers (26 kept): ['JLHL', 'VRAX', 'FXHO', 'RYOJ', 'HPEL', 'AEHG', 'SNWV', 'WOK', 'OPEG', 'CNTB', 'LITU', 'PTLE', 'BNC', 'RNAZ', 'CBRG', 'ZSQR', 'SUNE', 'RPGL', 'CDTG', 'OKLL']
02:37:55  universe: 60 from IBKR scanner + 63 extra from Alpaca
02:37:57  Wrote 26 gappers (26 kept): ['JLHL', 'VRAX', 'FXHO', 'RYOJ', 'HPEL', 'WOK', 'AEHG', 'SNWV', 'OPEG', 'CNTB', 'BNC', 'LITU', 'PTLE', 'RNAZ', 'CBRG', 'ZSQR', 'RPGL', 'SUNE', 'CDTG', 'OKLL']
02:38:44  universe: 60 from IBKR scanner + 63 extra from Alpaca
02:38:45  Wrote 26 gappers (26 kept): ['JLHL', 'VRAX', 'FXHO', 'RYOJ', 'HPEL', 'WOK', 'SNWV', 'AEHG', 'OPEG', 'CNTB', 'BNC', 'LITU', 'PTLE', 'RNAZ', 'CBRG', 'RPGL', 'ZSQR', 'SUNE', 'CDTG', 'OKLL']
02:39:32  universe: 60 from IBKR scanner + 63 extra from Alpaca
02:39:33  Wrote 26 gappers (26 kept): ['JLHL', 'VRAX', 'FXHO', 'RYOJ', 'WOK', 'HPEL', 'SNWV', 'AEHG', 'OPEG', 'CNTB', 'BNC', 'LITU', 'PTLE', 'RNAZ', 'CBRG', 'RPGL', 'ZSQR', 'SUNE', 'CDTG', 'OKLL']
02:40:20  universe: 61 from IBKR scanner + 63 extra from Alpaca
02:40:21  Wrote 26 gappers (26 kept): ['JLHL', 'VRAX', 'FXHO', 'RYOJ', 'WOK', 'HPEL', 'SNWV', 'AEHG', 'OPEG', 'CNTB', 'BNC', 'LITU', 'PTLE', 'RNAZ', 'CBRG', 'RPGL', 'ZSQR', 'SUNE', 'CDTG', 'OKLL']
02:41:08  universe: 61 from IBKR scanner + 63 extra from Alpaca
02:41:09  Wrote 26 gappers (26 kept): ['JLHL', 'VRAX', 'FXHO', 'RYOJ', 'WOK', 'HPEL', 'SNWV', 'AEHG', 'OPEG', 'CNTB', 'BNC', 'LITU', 'PTLE', 'CBRG', 'RNAZ', 'RPGL', 'SUNE', 'ZSQR', 'OKLL', 'AAOX']
02:41:56  universe: 62 from IBKR scanner + 63 extra from Alpaca
02:41:57  Wrote 26 gappers (26 kept): ['JLHL', 'VRAX', 'FXHO', 'WOK', 'RYOJ', 'HPEL', 'SNWV', 'AEHG', 'OPEG', 'CNTB', 'BNC', 'LITU', 'PTLE', 'CBRG', 'RNAZ', 'RPGL', 'SUNE', 'ZSQR', 'CDTG', 'OKLL']
02:42:44  universe: 63 from IBKR scanner + 63 extra from Alpaca
02:42:46  Wrote 26 gappers (26 kept): ['JLHL', 'VRAX', 'FXHO', 'RYOJ', 'HPEL', 'WOK', 'SNWV', 'AEHG', 'OPEG', 'CNTB', 'LITU', 'PTLE', 'BNC', 'CBRG', 'RNAZ', 'RPGL', 'SUNE', 'ZSQR', 'CDTG', 'OKLL']
02:43:32  universe: 64 from IBKR scanner + 63 extra from Alpaca
02:43:34  Wrote 26 gappers (26 kept): ['JLHL', 'VRAX', 'FXHO', 'RYOJ', 'HPEL', 'SNWV', 'AEHG', 'OPEG', 'WOK', 'CNTB', 'LITU', 'PTLE', 'BNC', 'CBRG', 'RNAZ', 'RPGL', 'SUNE', 'ZSQR', 'CDTG', 'OKLL']
02:44:21  universe: 65 from IBKR scanner + 63 extra from Alpaca
02:44:22  Wrote 26 gappers (26 kept): ['JLHL', 'VRAX', 'FXHO', 'RYOJ', 'HPEL', 'SNWV', 'AEHG', 'OPEG', 'CNTB', 'LITU', 'PTLE', 'BNC', 'CBRG', 'RNAZ', 'WOK', 'SUNE', 'ZSQR', 'RPGL', 'CDTG', 'AAOX']
02:45:09  universe: 66 from IBKR scanner + 63 extra from Alpaca
02:45:11  Wrote 27 gappers (27 kept): ['JLHL', 'VRAX', 'FXHO', 'RYOJ', 'HPEL', 'SNWV', 'AEHG', 'OPEG', 'CNTB', 'LITU', 'PTLE', 'BNC', 'WOK', 'RPGL', 'CBRG', 'RNAZ', 'SUNE', 'ZSQR', 'CDTG', 'OKLL']
02:45:58  universe: 66 from IBKR scanner + 63 extra from Alpaca
02:45:59  Wrote 27 gappers (27 kept): ['JLHL', 'VRAX', 'FXHO', 'RYOJ', 'HPEL', 'SNWV', 'AEHG', 'OPEG', 'CNTB', 'LITU', 'PTLE', 'BNC', 'WOK', 'RPGL', 'CBRG', 'RNAZ', 'ZSQR', 'SUNE', 'CDTG', 'OKLL']
02:46:46  universe: 67 from IBKR scanner + 63 extra from Alpaca
02:46:48  Wrote 27 gappers (27 kept): ['JLHL', 'VRAX', 'FXHO', 'RYOJ', 'HPEL', 'SNWV', 'AEHG', 'OPEG', 'CNTB', 'BNC', 'LITU', 'PTLE', 'WOK', 'RPGL', 'CBRG', 'RNAZ', 'ZSQR', 'SUNE', 'CDTG', 'OKLL']
02:47:34  universe: 67 from IBKR scanner + 63 extra from Alpaca
02:47:36  Wrote 27 gappers (27 kept): ['JLHL', 'VRAX', 'FXHO', 'RYOJ', 'HPEL', 'SNWV', 'AEHG', 'OPEG', 'CNTB', 'LITU', 'PTLE', 'BNC', 'WOK', 'RPGL', 'CBRG', 'RNAZ', 'ZSQR', 'SUNE', 'CDTG', 'AAOX']
02:48:23  universe: 68 from IBKR scanner + 63 extra from Alpaca
02:48:25  Wrote 27 gappers (27 kept): ['JLHL', 'VRAX', 'FXHO', 'RYOJ', 'HPEL', 'SNWV', 'WOK', 'AEHG', 'OPEG', 'CNTB', 'LITU', 'PTLE', 'BNC', 'RPGL', 'CBRG', 'RNAZ', 'ZSQR', 'SUNE', 'CDTG', 'AAOX']
02:49:12  universe: 68 from IBKR scanner + 63 extra from Alpaca
02:49:14  Wrote 27 gappers (27 kept): ['JLHL', 'VRAX', 'FXHO', 'RYOJ', 'HPEL', 'SNWV', 'AEHG', 'OPEG', 'WOK', 'CNTB', 'LITU', 'PTLE', 'BNC', 'RPGL', 'CBRG', 'RNAZ', 'ZSQR', 'SUNE', 'AAOX', 'OKLL']
02:50:00  universe: 68 from IBKR scanner + 63 extra from Alpaca
02:50:02  Wrote 27 gappers (27 kept): ['JLHL', 'VRAX', 'FXHO', 'RYOJ', 'HPEL', 'SNWV', 'AEHG', 'OPEG', 'CNTB', 'LITU', 'PTLE', 'BNC', 'RPGL', 'CBRG', 'RNAZ', 'ZSQR', 'WOK', 'SUNE', 'AAOX', 'OKLL']
02:50:48  universe: 68 from IBKR scanner + 63 extra from Alpaca
02:50:50  Wrote 27 gappers (27 kept): ['JLHL', 'VRAX', 'FXHO', 'RYOJ', 'HPEL', 'SNWV', 'AEHG', 'OPEG', 'CNTB', 'LITU', 'PTLE', 'BNC', 'CBRG', 'RNAZ', 'WOK', 'ZSQR', 'RPGL', 'SUNE', 'AAOX', 'OKLL']
02:51:37  universe: 68 from IBKR scanner + 63 extra from Alpaca
02:51:38  Wrote 27 gappers (27 kept): ['JLHL', 'VRAX', 'FXHO', 'RYOJ', 'HPEL', 'SNWV', 'AEHG', 'OPEG', 'CNTB', 'LITU', 'PTLE', 'BNC', 'CBRG', 'RNAZ', 'ZSQR', 'RPGL', 'WOK', 'SUNE', 'OKLL', 'AAOX']
02:52:25  universe: 68 from IBKR scanner + 63 extra from Alpaca
02:52:27  Wrote 27 gappers (27 kept): ['JLHL', 'VRAX', 'FXHO', 'RYOJ', 'HPEL', 'SNWV', 'AEHG', 'OPEG', 'CNTB', 'LITU', 'PTLE', 'BNC', 'CBRG', 'RNAZ', 'ZSQR', 'RPGL', 'WOK', 'SUNE', 'ORCU', 'OKLL']
02:53:14  universe: 68 from IBKR scanner + 63 extra from Alpaca
02:53:16  Wrote 27 gappers (27 kept): ['JLHL', 'VRAX', 'FXHO', 'RYOJ', 'HPEL', 'SNWV', 'AEHG', 'OPEG', 'CNTB', 'LITU', 'PTLE', 'BNC', 'CBRG', 'RNAZ', 'WOK', 'ZSQR', 'RPGL', 'SUNE', 'ORCU', 'OKLL']
02:54:02  universe: 68 from IBKR scanner + 63 extra from Alpaca
02:54:04  Wrote 27 gappers (27 kept): ['JLHL', 'VRAX', 'FXHO', 'RYOJ', 'HPEL', 'SNWV', 'AEHG', 'OPEG', 'CNTB', 'LITU', 'PTLE', 'BNC', 'CBRG', 'RNAZ', 'WOK', 'ZSQR', 'RPGL', 'SUNE', 'ORCU', 'OKLL']
02:54:51  universe: 68 from IBKR scanner + 63 extra from Alpaca
02:54:55  Wrote 27 gappers (27 kept): ['JLHL', 'VRAX', 'FXHO', 'RYOJ', 'HPEL', 'SNWV', 'AEHG', 'OPEG', 'CNTB', 'LITU', 'PTLE', 'BNC', 'CBRG', 'WOK', 'RNAZ', 'ZSQR', 'RPGL', 'SUNE', 'ORCU', 'OKLL']
02:55:42  universe: 68 from IBKR scanner + 63 extra from Alpaca
02:55:43  Wrote 27 gappers (27 kept): ['JLHL', 'VRAX', 'FXHO', 'RYOJ', 'HPEL', 'SNWV', 'AEHG', 'OPEG', 'CNTB', 'LITU', 'PTLE', 'BNC', 'WOK', 'CBRG', 'RNAZ', 'ZSQR', 'RPGL', 'SUNE', 'ORCU', 'OKLL']
02:56:30  universe: 69 from IBKR scanner + 63 extra from Alpaca
02:56:32  Wrote 27 gappers (27 kept): ['JLHL', 'VRAX', 'FXHO', 'RYOJ', 'HPEL', 'SNWV', 'AEHG', 'OPEG', 'WOK', 'CNTB', 'LITU', 'PTLE', 'BNC', 'CBRG', 'RNAZ', 'ZSQR', 'RPGL', 'SUNE', 'ORCU', 'OKLL']
02:57:18  universe: 69 from IBKR scanner + 63 extra from Alpaca
02:57:20  Wrote 27 gappers (27 kept): ['JLHL', 'VRAX', 'FXHO', 'RYOJ', 'HPEL', 'SNWV', 'AEHG', 'OPEG', 'CNTB', 'LITU', 'PTLE', 'BNC', 'CBRG', 'WOK', 'RNAZ', 'RPGL', 'ZSQR', 'SUNE', 'ORCU', 'OKLL']
02:58:07  universe: 69 from IBKR scanner + 63 extra from Alpaca
02:58:08  Wrote 27 gappers (27 kept): ['JLHL', 'VRAX', 'FXHO', 'RYOJ', 'HPEL', 'SNWV', 'AEHG', 'OPEG', 'CNTB', 'PTLE', 'BNC', 'CBRG', 'WOK', 'RNAZ', 'ZSQR', 'LITU', 'RPGL', 'SUNE', 'ORCU', 'OKLL']
02:58:55  universe: 69 from IBKR scanner + 63 extra from Alpaca
02:58:57  Wrote 27 gappers (27 kept): ['JLHL', 'VRAX', 'FXHO', 'RYOJ', 'HPEL', 'SNWV', 'AEHG', 'OPEG', 'CNTB', 'PTLE', 'BNC', 'CBRG', 'WOK', 'RNAZ', 'ZSQR', 'LITU', 'RPGL', 'SUNE', 'ORCU', 'OKLL']
02:59:44  universe: 70 from IBKR scanner + 63 extra from Alpaca
02:59:45  Wrote 27 gappers (27 kept): ['JLHL', 'VRAX', 'FXHO', 'RYOJ', 'HPEL', 'SNWV', 'AEHG', 'OPEG', 'CNTB', 'PTLE', 'BNC', 'WOK', 'CBRG', 'RNAZ', 'ZSQR', 'LITU', 'RPGL', 'SUNE', 'ORCU', 'OKLL']
03:00:32  universe: 69 from IBKR scanner + 63 extra from Alpaca
03:00:34  Wrote 27 gappers (27 kept): ['JLHL', 'VRAX', 'FXHO', 'RYOJ', 'HPEL', 'SNWV', 'AEHG', 'OPEG', 'CNTB', 'PTLE', 'BNC', 'CBRG', 'RNAZ', 'WOK', 'CDTG', 'ZSQR', 'RPGL', 'LITU', 'SUNE', 'ORCU']
03:01:21  universe: 70 from IBKR scanner + 63 extra from Alpaca
03:01:22  Wrote 27 gappers (27 kept): ['JLHL', 'VRAX', 'FXHO', 'RYOJ', 'HPEL', 'SNWV', 'AEHG', 'OPEG', 'CNTB', 'PTLE', 'BNC', 'RNAZ', 'WOK', 'CBRG', 'RPGL', 'CDTG', 'ZSQR', 'LITU', 'SUNE', 'ORCU']
03:02:09  universe: 66 from IBKR scanner + 63 extra from Alpaca
03:02:11  Wrote 27 gappers (27 kept): ['JLHL', 'VRAX', 'FXHO', 'RYOJ', 'HPEL', 'SNWV', 'AEHG', 'OPEG', 'CNTB', 'PTLE', 'BNC', 'RNAZ', 'CBRG', 'WOK', 'RPGL', 'CDTG', 'ZSQR', 'LITU', 'SUNE', 'ORCU']
03:02:58  universe: 67 from IBKR scanner + 63 extra from Alpaca
03:02:59  Wrote 27 gappers (27 kept): ['JLHL', 'VRAX', 'FXHO', 'RYOJ', 'HPEL', 'SNWV', 'AEHG', 'OPEG', 'CNTB', 'PTLE', 'BNC', 'RNAZ', 'CBRG', 'RPGL', 'CDTG', 'ZSQR', 'LITU', 'WOK', 'SUNE', 'ORCU']
03:03:46  universe: 67 from IBKR scanner + 63 extra from Alpaca
03:03:48  Wrote 27 gappers (27 kept): ['JLHL', 'VRAX', 'FXHO', 'RYOJ', 'HPEL', 'SNWV', 'AEHG', 'OPEG', 'CNTB', 'PTLE', 'RNAZ', 'BNC', 'CBRG', 'RPGL', 'CDTG', 'ZSQR', 'LITU', 'WOK', 'SUNE', 'ORCU']
03:04:34  universe: 66 from IBKR scanner + 64 extra from Alpaca
03:04:36  Wrote 27 gappers (27 kept): ['JLHL', 'VRAX', 'FXHO', 'RYOJ', 'HPEL', 'SNWV', 'AEHG', 'OPEG', 'CNTB', 'PTLE', 'BNC', 'RNAZ', 'CDTG', 'CBRG', 'RPGL', 'ZSQR', 'LITU', 'WOK', 'SUNE', 'ORCU']
03:05:23  universe: 67 from IBKR scanner + 63 extra from Alpaca
03:05:25  Wrote 27 gappers (27 kept): ['JLHL', 'VRAX', 'FXHO', 'RYOJ', 'HPEL', 'SNWV', 'AEHG', 'OPEG', 'CNTB', 'PTLE', 'BNC', 'RNAZ', 'CDTG', 'CBRG', 'RPGL', 'ZSQR', 'LITU', 'WOK', 'SUNE', 'ORCU']
03:06:12  universe: 67 from IBKR scanner + 63 extra from Alpaca
03:06:13  Wrote 27 gappers (27 kept): ['JLHL', 'VRAX', 'FXHO', 'RYOJ', 'HPEL', 'SNWV', 'AEHG', 'OPEG', 'CNTB', 'PTLE', 'BNC', 'RNAZ', 'CBRG', 'CDTG', 'ZSQR', 'RPGL', 'LITU', 'WOK', 'SUNE', 'ORCU']
03:07:00  universe: 67 from IBKR scanner + 63 extra from Alpaca
03:07:02  Wrote 27 gappers (27 kept): ['JLHL', 'VRAX', 'FXHO', 'RYOJ', 'HPEL', 'SNWV', 'AEHG', 'OPEG', 'CNTB', 'PTLE', 'BNC', 'RNAZ', 'WOK', 'CBRG', 'CDTG', 'RPGL', 'ZSQR', 'LITU', 'SUNE', 'ORCU']
03:07:48  universe: 67 from IBKR scanner + 63 extra from Alpaca
03:07:50  Wrote 27 gappers (27 kept): ['JLHL', 'VRAX', 'FXHO', 'RYOJ', 'HPEL', 'SNWV', 'AEHG', 'OPEG', 'CNTB', 'PTLE', 'BNC', 'RPGL', 'RNAZ', 'CBRG', 'CDTG', 'WOK', 'ZSQR', 'LITU', 'SUNE', 'ORCU']
03:08:37  universe: 67 from IBKR scanner + 63 extra from Alpaca
03:08:38  Wrote 27 gappers (27 kept): ['JLHL', 'VRAX', 'FXHO', 'RYOJ', 'HPEL', 'SNWV', 'AEHG', 'OPEG', 'CNTB', 'PTLE', 'BNC', 'WOK', 'RPGL', 'RNAZ', 'CBRG', 'CDTG', 'ZSQR', 'LITU', 'SUNE', 'ORCU']
03:09:25  universe: 67 from IBKR scanner + 63 extra from Alpaca
03:09:27  Wrote 27 gappers (27 kept): ['JLHL', 'VRAX', 'FXHO', 'RYOJ', 'HPEL', 'SNWV', 'AEHG', 'OPEG', 'CNTB', 'PTLE', 'BNC', 'RNAZ', 'WOK', 'CBRG', 'CDTG', 'ZSQR', 'RPGL', 'LITU', 'SUNE', 'ORCU']
03:10:13  universe: 67 from IBKR scanner + 63 extra from Alpaca
03:10:15  Wrote 27 gappers (27 kept): ['JLHL', 'VRAX', 'FXHO', 'RYOJ', 'HPEL', 'SNWV', 'AEHG', 'OPEG', 'CNTB', 'PTLE', 'BNC', 'WOK', 'RNAZ', 'CBRG', 'CDTG', 'RPGL', 'ZSQR', 'LITU', 'SUNE', 'ORCU']
03:11:02  universe: 67 from IBKR scanner + 63 extra from Alpaca
03:11:03  Wrote 27 gappers (27 kept): ['JLHL', 'VRAX', 'FXHO', 'RYOJ', 'HPEL', 'SNWV', 'AEHG', 'OPEG', 'CNTB', 'PTLE', 'BNC', 'RNAZ', 'WOK', 'CBRG', 'CDTG', 'RPGL', 'ZSQR', 'LITU', 'SUNE', 'ORCU']
03:11:50  universe: 67 from IBKR scanner + 63 extra from Alpaca
03:11:52  Wrote 28 gappers (28 kept): ['JLHL', 'VRAX', 'FXHO', 'RYOJ', 'HPEL', 'SNWV', 'AEHG', 'OPEG', 'CNTB', 'PTLE', 'BNC', 'RNAZ', 'WOK', 'CBRG', 'CDTG', 'RPGL', 'ZSQR', 'LITU', 'SUNE', 'ORCU']
03:12:39  universe: 68 from IBKR scanner + 63 extra from Alpaca
03:12:40  Wrote 28 gappers (28 kept): ['JLHL', 'VRAX', 'FXHO', 'RYOJ', 'HPEL', 'SNWV', 'AEHG', 'OPEG', 'CNTB', 'PTLE', 'BNC', 'RNAZ', 'WOK', 'CBRG', 'CDTG', 'RPGL', 'ZSQR', 'LITU', 'SUNE', 'ORCU']
03:13:27  universe: 67 from IBKR scanner + 63 extra from Alpaca
03:13:29  Wrote 28 gappers (28 kept): ['JLHL', 'VRAX', 'FXHO', 'RYOJ', 'HPEL', 'SNWV', 'AEHG', 'OPEG', 'CNTB', 'PTLE', 'BNC', 'RNAZ', 'WOK', 'CBRG', 'CDTG', 'RPGL', 'ZSQR', 'LITU', 'SUNE', 'ORCU']
03:14:16  universe: 69 from IBKR scanner + 63 extra from Alpaca
03:14:17  Wrote 28 gappers (28 kept): ['JLHL', 'VRAX', 'FXHO', 'RYOJ', 'HPEL', 'SNWV', 'AEHG', 'OPEG', 'CNTB', 'PTLE', 'BNC', 'RNAZ', 'CBRG', 'CDTG', 'WOK', 'RPGL', 'ZSQR', 'LITU', 'SUNE', 'ORCU']
03:15:04  universe: 69 from IBKR scanner + 63 extra from Alpaca
03:15:06  Wrote 28 gappers (28 kept): ['JLHL', 'VRAX', 'FXHO', 'RYOJ', 'HPEL', 'SNWV', 'AEHG', 'OPEG', 'CNTB', 'PTLE', 'BNC', 'RNAZ', 'CBRG', 'CDTG', 'RPGL', 'ZSQR', 'LITU', 'WOK', 'SUNE', 'ORCU']
03:15:53  universe: 69 from IBKR scanner + 63 extra from Alpaca
03:15:54  Wrote 28 gappers (28 kept): ['JLHL', 'VRAX', 'FXHO', 'RYOJ', 'HPEL', 'SNWV', 'AEHG', 'OPEG', 'CNTB', 'PTLE', 'BNC', 'RNAZ', 'CBRG', 'RPGL', 'ZSQR', 'LITU', 'WOK', 'CDTG', 'SUNE', 'ORCU']
03:16:41  universe: 69 from IBKR scanner + 63 extra from Alpaca
03:16:43  Wrote 28 gappers (28 kept): ['JLHL', 'VRAX', 'FXHO', 'RYOJ', 'HPEL', 'SNWV', 'AEHG', 'OPEG', 'CNTB', 'PTLE', 'BNC', 'RNAZ', 'CBRG', 'RPGL', 'WOK', 'ZSQR', 'LITU', 'CDTG', 'SUNE', 'ORCU']
03:17:29  universe: 69 from IBKR scanner + 63 extra from Alpaca
03:17:31  Wrote 28 gappers (28 kept): ['JLHL', 'VRAX', 'FXHO', 'RYOJ', 'HPEL', 'SNWV', 'AEHG', 'OPEG', 'CNTB', 'PTLE', 'BNC', 'RNAZ', 'CBRG', 'RPGL', 'WOK', 'ZSQR', 'CDTG', 'LITU', 'SUNE', 'ORCU']
03:18:18  universe: 69 from IBKR scanner + 63 extra from Alpaca
03:18:20  Wrote 28 gappers (28 kept): ['JLHL', 'VRAX', 'FXHO', 'RYOJ', 'HPEL', 'SNWV', 'AEHG', 'OPEG', 'CNTB', 'PTLE', 'RPGL', 'BNC', 'RNAZ', 'CBRG', 'WOK', 'ZSQR', 'CDTG', 'LITU', 'SUNE', 'ORCU']
03:19:06  universe: 69 from IBKR scanner + 63 extra from Alpaca
03:19:08  Wrote 28 gappers (28 kept): ['JLHL', 'VRAX', 'FXHO', 'RYOJ', 'HPEL', 'SNWV', 'AEHG', 'OPEG', 'CNTB', 'PTLE', 'BNC', 'RPGL', 'RNAZ', 'CBRG', 'ZSQR', 'WOK', 'CDTG', 'LITU', 'SUNE', 'ORCU']
03:19:55  universe: 69 from IBKR scanner + 63 extra from Alpaca
03:19:56  Wrote 28 gappers (28 kept): ['JLHL', 'VRAX', 'FXHO', 'RYOJ', 'HPEL', 'SNWV', 'AEHG', 'OPEG', 'CNTB', 'PTLE', 'BNC', 'RNAZ', 'RPGL', 'CBRG', 'ZSQR', 'CDTG', 'LITU', 'WOK', 'SUNE', 'ORCU']
03:20:43  universe: 69 from IBKR scanner + 63 extra from Alpaca
03:20:45  Wrote 28 gappers (28 kept): ['JLHL', 'VRAX', 'FXHO', 'RYOJ', 'HPEL', 'SNWV', 'AEHG', 'OPEG', 'CNTB', 'PTLE', 'RPGL', 'BNC', 'RNAZ', 'CBRG', 'ZSQR', 'WOK', 'CDTG', 'LITU', 'SUNE', 'ORCU']
03:21:31  universe: 68 from IBKR scanner + 63 extra from Alpaca
03:21:33  Wrote 28 gappers (28 kept): ['JLHL', 'VRAX', 'FXHO', 'RYOJ', 'HPEL', 'SNWV', 'AEHG', 'OPEG', 'CNTB', 'PTLE', 'RPGL', 'BNC', 'RNAZ', 'CBRG', 'ZSQR', 'WOK', 'CDTG', 'LITU', 'SUNE', 'ORCU']
03:22:20  universe: 68 from IBKR scanner + 63 extra from Alpaca
03:22:22  Wrote 29 gappers (29 kept): ['JLHL', 'VRAX', 'FXHO', 'RYOJ', 'HPEL', 'SNWV', 'AEHG', 'OPEG', 'CNTB', 'PTLE', 'RPGL', 'BNC', 'RNAZ', 'CBRG', 'ZSQR', 'WOK', 'CDTG', 'LITU', 'SUNE', 'ORCU']
03:23:08  universe: 69 from IBKR scanner + 63 extra from Alpaca
03:23:10  Wrote 29 gappers (29 kept): ['JLHL', 'VRAX', 'FXHO', 'RYOJ', 'HPEL', 'SNWV', 'AEHG', 'OPEG', 'CNTB', 'PTLE', 'ZCMD', 'BNC', 'RNAZ', 'CBRG', 'RPGL', 'ZSQR', 'CDTG', 'LITU', 'WOK', 'SUNE']
03:23:57  universe: 69 from IBKR scanner + 63 extra from Alpaca
03:23:58  Wrote 29 gappers (29 kept): ['JLHL', 'VRAX', 'FXHO', 'RYOJ', 'HPEL', 'ZCMD', 'SNWV', 'AEHG', 'OPEG', 'CNTB', 'PTLE', 'RPGL', 'BNC', 'RNAZ', 'CBRG', 'ZSQR', 'CDTG', 'LITU', 'WOK', 'SUNE']
03:24:45  universe: 69 from IBKR scanner + 63 extra from Alpaca
03:24:47  Wrote 29 gappers (29 kept): ['JLHL', 'VRAX', 'FXHO', 'RYOJ', 'HPEL', 'SNWV', 'AEHG', 'OPEG', 'CNTB', 'PTLE', 'RPGL', 'BNC', 'RNAZ', 'CBRG', 'ZSQR', 'CDTG', 'LITU', 'WOK', 'SUNE', 'ZCMD']
03:25:34  universe: 69 from IBKR scanner + 63 extra from Alpaca
03:25:35  Wrote 29 gappers (29 kept): ['JLHL', 'VRAX', 'FXHO', 'RYOJ', 'HPEL', 'SNWV', 'AEHG', 'OPEG', 'CNTB', 'PTLE', 'RPGL', 'BNC', 'RNAZ', 'CBRG', 'WOK', 'ZSQR', 'CDTG', 'LITU', 'SUNE', 'ORCU']
03:26:22  universe: 69 from IBKR scanner + 62 extra from Alpaca
03:26:24  Wrote 29 gappers (29 kept): ['JLHL', 'VRAX', 'FXHO', 'RYOJ', 'HPEL', 'SNWV', 'AEHG', 'OPEG', 'CNTB', 'PTLE', 'RPGL', 'BNC', 'RNAZ', 'WOK', 'CBRG', 'ZSQR', 'CDTG', 'LITU', 'SUNE', 'ORCU']
03:27:10  universe: 69 from IBKR scanner + 62 extra from Alpaca
03:27:12  Wrote 29 gappers (29 kept): ['JLHL', 'VRAX', 'FXHO', 'RYOJ', 'HPEL', 'SNWV', 'AEHG', 'OPEG', 'CNTB', 'PTLE', 'RPGL', 'BNC', 'RNAZ', 'CDTG', 'WOK', 'CBRG', 'ZSQR', 'LITU', 'SUNE', 'ORCU']
03:27:59  universe: 69 from IBKR scanner + 63 extra from Alpaca
03:28:01  Wrote 29 gappers (29 kept): ['JLHL', 'VRAX', 'FXHO', 'RYOJ', 'HPEL', 'SNWV', 'AEHG', 'OPEG', 'CNTB', 'PTLE', 'BNC', 'RPGL', 'RNAZ', 'CDTG', 'CBRG', 'WOK', 'ZSQR', 'LITU', 'SUNE', 'ORCU']
03:28:47  universe: 69 from IBKR scanner + 62 extra from Alpaca
03:28:49  Wrote 29 gappers (29 kept): ['JLHL', 'VRAX', 'FXHO', 'RYOJ', 'HPEL', 'SNWV', 'AEHG', 'OPEG', 'CNTB', 'PTLE', 'WOK', 'RPGL', 'BNC', 'RNAZ', 'CDTG', 'CBRG', 'ZSQR', 'LITU', 'SUNE', 'ORCU']
03:29:36  universe: 68 from IBKR scanner + 63 extra from Alpaca
03:29:37  Wrote 30 gappers (30 kept): ['JLHL', 'VRAX', 'FXHO', 'RYOJ', 'HPEL', 'SNWV', 'AEHG', 'OPEG', 'CNTB', 'WOK', 'PTLE', 'RPGL', 'BNC', 'RNAZ', 'CDTG', 'CBRG', 'ZSQR', 'LITU', 'SUNE', 'ORCU']
03:30:26  universe: 68 from IBKR scanner + 63 extra from Alpaca
03:30:28  Wrote 30 gappers (30 kept): ['JLHL', 'VRAX', 'FXHO', 'RYOJ', 'HPEL', 'SNWV', 'AEHG', 'OPEG', 'CNTB', 'PTLE', 'WOK', 'RPGL', 'BNC', 'RNAZ', 'CDTG', 'CBRG', 'ZSQR', 'LITU', 'SUNE', 'ORCU']
03:31:15  universe: 69 from IBKR scanner + 63 extra from Alpaca
03:31:16  Wrote 30 gappers (30 kept): ['JLHL', 'VRAX', 'FXHO', 'RYOJ', 'HPEL', 'WOK', 'SNWV', 'AEHG', 'OPEG', 'CNTB', 'PTLE', 'BNC', 'RPGL', 'RNAZ', 'CDTG', 'CBRG', 'ZSQR', 'LITU', 'SUNE', 'ORCU']
03:32:03  universe: 69 from IBKR scanner + 63 extra from Alpaca
03:32:05  Wrote 30 gappers (30 kept): ['JLHL', 'VRAX', 'FXHO', 'RYOJ', 'HPEL', 'SNWV', 'AEHG', 'OPEG', 'CNTB', 'PTLE', 'WOK', 'BNC', 'RPGL', 'RNAZ', 'CDTG', 'CBRG', 'ZSQR', 'LITU', 'SUNE', 'ORCU']
03:32:52  universe: 69 from IBKR scanner + 63 extra from Alpaca
03:32:53  Wrote 30 gappers (30 kept): ['JLHL', 'VRAX', 'FXHO', 'RYOJ', 'HPEL', 'SNWV', 'AEHG', 'OPEG', 'CNTB', 'PTLE', 'WOK', 'BNC', 'RPGL', 'RNAZ', 'CDTG', 'CBRG', 'ZSQR', 'LITU', 'SUNE', 'ORCU']
03:33:40  universe: 70 from IBKR scanner + 63 extra from Alpaca
03:33:42  Wrote 30 gappers (30 kept): ['JLHL', 'VRAX', 'FXHO', 'RYOJ', 'HPEL', 'SNWV', 'AEHG', 'OPEG', 'CNTB', 'PTLE', 'WOK', 'BNC', 'RPGL', 'RNAZ', 'CDTG', 'CBRG', 'ZSQR', 'LITU', 'SUNE', 'ORCU']
03:34:29  universe: 71 from IBKR scanner + 63 extra from Alpaca
03:34:30  Wrote 30 gappers (30 kept): ['JLHL', 'VRAX', 'FXHO', 'RYOJ', 'HPEL', 'SNWV', 'WOK', 'AEHG', 'OPEG', 'CNTB', 'PTLE', 'BNC', 'RPGL', 'RNAZ', 'CDTG', 'CBRG', 'ZSQR', 'LITU', 'SUNE', 'AAOX']
03:35:17  universe: 71 from IBKR scanner + 63 extra from Alpaca
03:35:19  Wrote 30 gappers (30 kept): ['JLHL', 'VRAX', 'FXHO', 'RYOJ', 'WOK', 'HPEL', 'SNWV', 'AEHG', 'OPEG', 'CNTB', 'PTLE', 'BNC', 'RPGL', 'RNAZ', 'CDTG', 'CBRG', 'ZSQR', 'LITU', 'SUNE', 'WNW']
03:36:06  universe: 71 from IBKR scanner + 63 extra from Alpaca
03:36:07  Wrote 30 gappers (30 kept): ['JLHL', 'VRAX', 'FXHO', 'RYOJ', 'WOK', 'HPEL', 'SNWV', 'AEHG', 'OPEG', 'CNTB', 'PTLE', 'RPGL', 'BNC', 'RNAZ', 'CDTG', 'CBRG', 'ZSQR', 'LITU', 'SUNE', 'AAOX']
03:36:54  universe: 70 from IBKR scanner + 64 extra from Alpaca
03:36:56  Wrote 30 gappers (30 kept): ['JLHL', 'VRAX', 'FXHO', 'RYOJ', 'WOK', 'HPEL', 'SNWV', 'AEHG', 'OPEG', 'CNTB', 'PTLE', 'RPGL', 'BNC', 'RNAZ', 'CDTG', 'CBRG', 'ZSQR', 'LITU', 'SUNE', 'ORCU']
03:37:43  universe: 70 from IBKR scanner + 64 extra from Alpaca
03:37:45  Wrote 30 gappers (30 kept): ['JLHL', 'VRAX', 'FXHO', 'RYOJ', 'WOK', 'HPEL', 'SNWV', 'AEHG', 'OPEG', 'CNTB', 'PTLE', 'CDTG', 'RPGL', 'BNC', 'RNAZ', 'CBRG', 'ZSQR', 'LITU', 'SUNE', 'ORCU']
03:38:32  universe: 72 from IBKR scanner + 63 extra from Alpaca
03:38:33  Wrote 30 gappers (30 kept): ['JLHL', 'VRAX', 'FXHO', 'RYOJ', 'HPEL', 'SNWV', 'WOK', 'AEHG', 'OPEG', 'CNTB', 'PTLE', 'CDTG', 'RPGL', 'BNC', 'RNAZ', 'CBRG', 'ZSQR', 'LITU', 'SUNE', 'ORCU']
03:39:20  universe: 72 from IBKR scanner + 63 extra from Alpaca
03:39:22  Wrote 30 gappers (30 kept): ['JLHL', 'VRAX', 'FXHO', 'RYOJ', 'HPEL', 'SNWV', 'AEHG', 'OPEG', 'CNTB', 'PTLE', 'CDTG', 'RPGL', 'BNC', 'RNAZ', 'CBRG', 'WOK', 'ZSQR', 'LITU', 'SUNE', 'ORCU']
03:40:08  universe: 72 from IBKR scanner + 64 extra from Alpaca
03:40:10  Wrote 30 gappers (30 kept): ['JLHL', 'VRAX', 'FXHO', 'RYOJ', 'HPEL', 'SNWV', 'AEHG', 'OPEG', 'CNTB', 'PTLE', 'CDTG', 'RPGL', 'BNC', 'RNAZ', 'CBRG', 'WOK', 'ZSQR', 'LITU', 'SUNE', 'ORCU']
03:40:57  universe: 72 from IBKR scanner + 64 extra from Alpaca
03:40:58  Wrote 30 gappers (30 kept): ['JLHL', 'VRAX', 'FXHO', 'RYOJ', 'HPEL', 'SNWV', 'AEHG', 'OPEG', 'CNTB', 'PTLE', 'RPGL', 'BNC', 'RNAZ', 'CBRG', 'WOK', 'CDTG', 'ZSQR', 'LITU', 'SUNE', 'SNDG']
03:41:45  universe: 71 from IBKR scanner + 65 extra from Alpaca
03:41:47  Wrote 30 gappers (30 kept): ['JLHL', 'VRAX', 'FXHO', 'RYOJ', 'HPEL', 'SNWV', 'AEHG', 'OPEG', 'CNTB', 'PTLE', 'BNC', 'RPGL', 'RNAZ', 'CBRG', 'CDTG', 'ZSQR', 'WOK', 'LITU', 'SUNE', 'SNDG']
03:42:33  universe: 71 from IBKR scanner + 65 extra from Alpaca
03:42:35  Wrote 30 gappers (30 kept): ['JLHL', 'VRAX', 'FXHO', 'RYOJ', 'HPEL', 'SNWV', 'AEHG', 'OPEG', 'CNTB', 'BNC', 'PTLE', 'RPGL', 'RNAZ', 'CBRG', 'CDTG', 'ZSQR', 'WOK', 'LITU', 'SUNE', 'SNDG']
03:43:22  universe: 71 from IBKR scanner + 65 extra from Alpaca
03:43:23  Wrote 30 gappers (30 kept): ['JLHL', 'VRAX', 'FXHO', 'RYOJ', 'HPEL', 'SNWV', 'AEHG', 'OPEG', 'CNTB', 'PTLE', 'BNC', 'RPGL', 'RNAZ', 'CBRG', 'WOK', 'CDTG', 'ZSQR', 'LITU', 'SUNE', 'SNDG']
03:44:10  universe: 71 from IBKR scanner + 65 extra from Alpaca
03:44:11  Wrote 30 gappers (30 kept): ['JLHL', 'VRAX', 'FXHO', 'RYOJ', 'HPEL', 'SNWV', 'AEHG', 'OPEG', 'CNTB', 'PTLE', 'RPGL', 'RNAZ', 'CBRG', 'BNC', 'WOK', 'CDTG', 'ZSQR', 'LITU', 'SUNE', 'SNDG']
03:44:58  universe: 71 from IBKR scanner + 65 extra from Alpaca
03:45:00  Wrote 30 gappers (30 kept): ['JLHL', 'VRAX', 'FXHO', 'RYOJ', 'HPEL', 'SNWV', 'AEHG', 'OPEG', 'CNTB', 'PTLE', 'RPGL', 'BNC', 'RNAZ', 'CBRG', 'CDTG', 'ZSQR', 'WOK', 'LITU', 'SUNE', 'SNDG']
03:45:46  universe: 71 from IBKR scanner + 65 extra from Alpaca
03:45:48  Wrote 30 gappers (30 kept): ['JLHL', 'VRAX', 'FXHO', 'RYOJ', 'HPEL', 'SNWV', 'AEHG', 'OPEG', 'CNTB', 'PTLE', 'LITU', 'BNC', 'RPGL', 'RNAZ', 'CBRG', 'WOK', 'CDTG', 'ZSQR', 'SUNE', 'SNDG']
03:46:35  universe: 71 from IBKR scanner + 64 extra from Alpaca
03:46:37  Wrote 30 gappers (30 kept): ['JLHL', 'VRAX', 'FXHO', 'RYOJ', 'HPEL', 'SNWV', 'AEHG', 'OPEG', 'CNTB', 'PTLE', 'LITU', 'BNC', 'RPGL', 'RNAZ', 'CBRG', 'WOK', 'CDTG', 'ZSQR', 'SUNE', 'SNDG']
03:47:24  universe: 71 from IBKR scanner + 64 extra from Alpaca
03:47:25  Wrote 30 gappers (30 kept): ['JLHL', 'VRAX', 'FXHO', 'RYOJ', 'HPEL', 'SNWV', 'AEHG', 'OPEG', 'CNTB', 'PTLE', 'LITU', 'BNC', 'RPGL', 'RNAZ', 'CBRG', 'WOK', 'CDTG', 'ZSQR', 'SUNE', 'SNDG']
03:48:13  universe: 71 from IBKR scanner + 63 extra from Alpaca
03:48:14  Wrote 30 gappers (30 kept): ['JLHL', 'VRAX', 'FXHO', 'RYOJ', 'HPEL', 'SNWV', 'AEHG', 'OPEG', 'CNTB', 'PTLE', 'LITU', 'RPGL', 'RNAZ', 'CBRG', 'BNC', 'WOK', 'CDTG', 'ZSQR', 'SUNE', 'SNDG']
03:49:01  universe: 70 from IBKR scanner + 64 extra from Alpaca
03:49:02  Wrote 30 gappers (30 kept): ['JLHL', 'VRAX', 'FXHO', 'RYOJ', 'HPEL', 'SNWV', 'AEHG', 'OPEG', 'CNTB', 'PTLE', 'LITU', 'RPGL', 'WOK', 'RNAZ', 'CBRG', 'BNC', 'CDTG', 'ZSQR', 'SUNE', 'SNDG']
03:49:49  universe: 70 from IBKR scanner + 64 extra from Alpaca
03:49:51  Wrote 30 gappers (30 kept): ['JLHL', 'VRAX', 'FXHO', 'RYOJ', 'HPEL', 'SNWV', 'AEHG', 'OPEG', 'CNTB', 'PTLE', 'WOK', 'LITU', 'RNAZ', 'CBRG', 'RPGL', 'BNC', 'CDTG', 'ZSQR', 'SUNE', 'SNDG']
03:50:38  universe: 70 from IBKR scanner + 63 extra from Alpaca
03:50:39  Wrote 30 gappers (30 kept): ['JLHL', 'VRAX', 'FXHO', 'RYOJ', 'HPEL', 'SNWV', 'AEHG', 'OPEG', 'CNTB', 'PTLE', 'LITU', 'WOK', 'RNAZ', 'CBRG', 'RPGL', 'CDTG', 'ZSQR', 'BNC', 'SUNE', 'SNDG']
03:51:26  universe: 70 from IBKR scanner + 63 extra from Alpaca
03:51:28  Wrote 30 gappers (30 kept): ['JLHL', 'VRAX', 'FXHO', 'RYOJ', 'HPEL', 'SNWV', 'AEHG', 'OPEG', 'CNTB', 'PTLE', 'LITU', 'RNAZ', 'CBRG', 'WOK', 'RPGL', 'CDTG', 'BNC', 'ZSQR', 'SUNE', 'SNDG']
03:52:15  universe: 71 from IBKR scanner + 63 extra from Alpaca
03:52:16  Wrote 30 gappers (30 kept): ['JLHL', 'VRAX', 'FXHO', 'RYOJ', 'HPEL', 'SNWV', 'AEHG', 'OPEG', 'CNTB', 'PTLE', 'LITU', 'WOK', 'RNAZ', 'CBRG', 'RPGL', 'CDTG', 'BNC', 'ZSQR', 'SUNE', 'SNDG']
03:53:03  universe: 70 from IBKR scanner + 64 extra from Alpaca
03:53:05  Wrote 30 gappers (30 kept): ['JLHL', 'VRAX', 'FXHO', 'RYOJ', 'HPEL', 'SNWV', 'AEHG', 'OPEG', 'CNTB', 'PTLE', 'WOK', 'LITU', 'RNAZ', 'CBRG', 'RPGL', 'BNC', 'CDTG', 'ZSQR', 'SUNE', 'SNDG']
03:53:51  universe: 70 from IBKR scanner + 64 extra from Alpaca
03:53:53  Wrote 30 gappers (30 kept): ['JLHL', 'VRAX', 'FXHO', 'RYOJ', 'HPEL', 'WOK', 'SNWV', 'AEHG', 'OPEG', 'CNTB', 'PTLE', 'LITU', 'RNAZ', 'CBRG', 'RPGL', 'BNC', 'CDTG', 'ZSQR', 'SUNE', 'SNDG']
03:54:40  universe: 70 from IBKR scanner + 64 extra from Alpaca
03:54:41  Wrote 30 gappers (30 kept): ['JLHL', 'VRAX', 'FXHO', 'RYOJ', 'HPEL', 'WOK', 'SNWV', 'AEHG', 'OPEG', 'CNTB', 'PTLE', 'LITU', 'RNAZ', 'CBRG', 'BNC', 'CDTG', 'ZSQR', 'RPGL', 'SUNE', 'SNDG']
03:55:28  universe: 70 from IBKR scanner + 64 extra from Alpaca
03:55:30  Wrote 30 gappers (30 kept): ['JLHL', 'VRAX', 'FXHO', 'RYOJ', 'HPEL', 'SNWV', 'WOK', 'AEHG', 'OPEG', 'CNTB', 'PTLE', 'LITU', 'RNAZ', 'CBRG', 'BNC', 'CDTG', 'ZSQR', 'SUNE', 'RPGL', 'SNDG']
03:56:17  universe: 69 from IBKR scanner + 64 extra from Alpaca
03:56:18  Wrote 30 gappers (30 kept): ['JLHL', 'VRAX', 'FXHO', 'RYOJ', 'HPEL', 'WOK', 'SNWV', 'AEHG', 'OPEG', 'CNTB', 'PTLE', 'LITU', 'RNAZ', 'CBRG', 'BNC', 'CDTG', 'ZSQR', 'SUNE', 'RPGL', 'SNDG']
03:57:05  universe: 69 from IBKR scanner + 64 extra from Alpaca
03:57:06  Wrote 30 gappers (30 kept): ['JLHL', 'VRAX', 'FXHO', 'RYOJ', 'WOK', 'HPEL', 'SNWV', 'AEHG', 'OPEG', 'CNTB', 'PTLE', 'LITU', 'RNAZ', 'CBRG', 'BNC', 'CDTG', 'ZSQR', 'SUNE', 'RPGL', 'SNDG']
03:57:53  universe: 70 from IBKR scanner + 64 extra from Alpaca
03:57:55  Wrote 31 gappers (31 kept): ['JLHL', 'VRAX', 'FXHO', 'RYOJ', 'WOK', 'HPEL', 'SNWV', 'AEHG', 'OPEG', 'CNTB', 'PTLE', 'LITU', 'RNAZ', 'CBRG', 'BNC', 'ZSQR', 'SUNE', 'RPGL', 'CDTG', 'SNDG']
03:58:42  universe: 70 from IBKR scanner + 64 extra from Alpaca
03:58:43  Wrote 31 gappers (31 kept): ['JLHL', 'VRAX', 'FXHO', 'RYOJ', 'WOK', 'HPEL', 'SNWV', 'AEHG', 'OPEG', 'CNTB', 'PTLE', 'LITU', 'RNAZ', 'CBRG', 'BNC', 'ZSQR', 'RPGL', 'SUNE', 'CDTG', 'SNDG']
03:59:30  universe: 71 from IBKR scanner + 63 extra from Alpaca
03:59:32  Wrote 31 gappers (31 kept): ['JLHL', 'VRAX', 'FXHO', 'RYOJ', 'WOK', 'HPEL', 'SNWV', 'AEHG', 'OPEG', 'CNTB', 'PTLE', 'LITU', 'RNAZ', 'CBRG', 'BNC', 'ZSQR', 'RPGL', 'SUNE', 'SNDG', 'AAOX']
04:00:19  universe: 70 from IBKR scanner + 64 extra from Alpaca
04:00:21  Wrote 31 gappers (31 kept): ['JLHL', 'VRAX', 'FXHO', 'RYOJ', 'HPEL', 'WOK', 'SNWV', 'AEHG', 'OPEG', 'CNTB', 'PTLE', 'LITU', 'RNAZ', 'CBRG', 'BNC', 'ZSQR', 'SUNE', 'SNDG', 'AAOX', 'CDTG']
04:01:07  universe: 70 from IBKR scanner + 65 extra from Alpaca
04:01:09  Wrote 32 gappers (32 kept): ['JLHL', 'VRAX', 'FXHO', 'RYOJ', 'HPEL', 'SNWV', 'WOK', 'AEHG', 'OPEG', 'CNTB', 'PTLE', 'LITU', 'RNAZ', 'CBRG', 'BNC', 'ZSQR', 'SUNE', 'SNDG', 'AAOX', 'CDTG']
04:01:56  universe: 70 from IBKR scanner + 65 extra from Alpaca
04:01:58  Wrote 32 gappers (32 kept): ['JLHL', 'VRAX', 'FXHO', 'RYOJ', 'HPEL', 'WOK', 'SNWV', 'AEHG', 'OPEG', 'CNTB', 'PTLE', 'LITU', 'RNAZ', 'CBRG', 'BNC', 'ZSQR', 'SUNE', 'SNDG', 'AAOX', 'OKLL']
04:02:44  universe: 70 from IBKR scanner + 65 extra from Alpaca
04:02:46  Wrote 32 gappers (32 kept): ['JLHL', 'VRAX', 'FXHO', 'RYOJ', 'HPEL', 'SNWV', 'AEHG', 'OPEG', 'CNTB', 'PTLE', 'CBRG', 'WOK', 'LITU', 'RNAZ', 'BNC', 'ZSQR', 'SUNE', 'SNDG', 'ORCU', 'AAOX']
04:03:34  universe: 71 from IBKR scanner + 64 extra from Alpaca
04:03:36  Wrote 32 gappers (32 kept): ['JLHL', 'VRAX', 'FXHO', 'RYOJ', 'HPEL', 'WOK', 'SNWV', 'AEHG', 'OPEG', 'CBRG', 'CNTB', 'PTLE', 'LITU', 'RNAZ', 'BNC', 'ZSQR', 'SUNE', 'SNDG', 'ORCU', 'AAOX']
04:04:23  universe: 71 from IBKR scanner + 64 extra from Alpaca
04:04:25  Wrote 32 gappers (32 kept): ['JLHL', 'VRAX', 'FXHO', 'RYOJ', 'HPEL', 'WOK', 'SNWV', 'AEHG', 'OPEG', 'CBRG', 'CNTB', 'PTLE', 'LITU', 'RNAZ', 'BNC', 'ZSQR', 'SUNE', 'SNDG', 'ORCU', 'AAOX']
04:05:11  universe: 70 from IBKR scanner + 65 extra from Alpaca
04:05:13  Wrote 32 gappers (32 kept): ['JLHL', 'VRAX', 'FXHO', 'RYOJ', 'HPEL', 'WOK', 'SNWV', 'AEHG', 'OPEG', 'CBRG', 'CNTB', 'PTLE', 'LITU', 'RNAZ', 'BNC', 'ZSQR', 'SUNE', 'SNDG', 'ORCU', 'AAOX']
04:06:00  universe: 70 from IBKR scanner + 65 extra from Alpaca
04:06:01  Wrote 32 gappers (32 kept): ['JLHL', 'VRAX', 'FXHO', 'RYOJ', 'HPEL', 'WOK', 'SNWV', 'AEHG', 'OPEG', 'CBRG', 'CNTB', 'PTLE', 'LITU', 'RNAZ', 'BNC', 'ZSQR', 'SUNE', 'SNDG', 'ORCU', 'AAOX']
04:06:48  universe: 72 from IBKR scanner + 64 extra from Alpaca
04:06:50  Wrote 32 gappers (32 kept): ['JLHL', 'VRAX', 'FXHO', 'RYOJ', 'HPEL', 'WOK', 'SNWV', 'AEHG', 'OPEG', 'CBRG', 'CNTB', 'PTLE', 'LITU', 'RNAZ', 'BNC', 'ZSQR', 'SUNE', 'SNDG', 'ORCU', 'AAOX']
04:07:37  universe: 71 from IBKR scanner + 66 extra from Alpaca
04:07:39  Wrote 31 gappers (31 kept): ['VRAX', 'FXHO', 'RYOJ', 'HPEL', 'WOK', 'SNWV', 'AEHG', 'OPEG', 'CBRG', 'CNTB', 'PTLE', 'LITU', 'RNAZ', 'BNC', 'ZSQR', 'SUNE', 'CRCA', 'CRCG', 'SNDG', 'ORCU']
04:08:26  universe: 71 from IBKR scanner + 66 extra from Alpaca
04:08:27  Wrote 32 gappers (32 kept): ['JLHL', 'VRAX', 'FXHO', 'RYOJ', 'HPEL', 'WOK', 'SNWV', 'AEHG', 'OPEG', 'CBRG', 'CNTB', 'PTLE', 'LITU', 'RNAZ', 'BNC', 'ZSQR', 'SUNE', 'CRCA', 'CRCG', 'SNDG']
04:09:14  universe: 71 from IBKR scanner + 67 extra from Alpaca
04:09:16  Wrote 32 gappers (32 kept): ['JLHL', 'VRAX', 'FXHO', 'RYOJ', 'WOK', 'HPEL', 'SNWV', 'AEHG', 'CBRG', 'OPEG', 'CNTB', 'PTLE', 'LITU', 'RNAZ', 'BNC', 'ZSQR', 'SUNE', 'CRCA', 'SNDG', 'CRCG']
04:10:03  universe: 70 from IBKR scanner + 66 extra from Alpaca
04:10:05  Wrote 32 gappers (32 kept): ['JLHL', 'VRAX', 'WOK', 'FXHO', 'RYOJ', 'HPEL', 'SNWV', 'AEHG', 'CBRG', 'OPEG', 'CNTB', 'PTLE', 'LITU', 'RNAZ', 'BNC', 'ZSQR', 'SUNE', 'SNDG', 'CRCA', 'CRCG']
04:10:52  universe: 71 from IBKR scanner + 66 extra from Alpaca
04:10:53  Wrote 32 gappers (32 kept): ['JLHL', 'VRAX', 'WOK', 'FXHO', 'RYOJ', 'HPEL', 'SNWV', 'AEHG', 'CBRG', 'OPEG', 'CNTB', 'PTLE', 'LITU', 'RNAZ', 'BNC', 'ZSQR', 'CDTG', 'SUNE', 'SNDG', 'CRCA']
04:11:40  universe: 70 from IBKR scanner + 66 extra from Alpaca
04:11:42  Wrote 32 gappers (32 kept): ['JLHL', 'VRAX', 'FXHO', 'WOK', 'RYOJ', 'HPEL', 'SNWV', 'AEHG', 'CBRG', 'OPEG', 'CNTB', 'PTLE', 'LITU', 'RNAZ', 'BNC', 'ZSQR', 'SUNE', 'CDTG', 'SNDG', 'CRCA']
04:12:29  universe: 70 from IBKR scanner + 65 extra from Alpaca
04:12:31  Wrote 32 gappers (32 kept): ['JLHL', 'VRAX', 'FXHO', 'WOK', 'RYOJ', 'HPEL', 'SNWV', 'AEHG', 'CBRG', 'OPEG', 'CNTB', 'PTLE', 'LITU', 'RNAZ', 'BNC', 'ZSQR', 'SUNE', 'CDTG', 'SNDG', 'ORCU']
04:13:17  universe: 70 from IBKR scanner + 65 extra from Alpaca
04:13:19  Wrote 32 gappers (32 kept): ['JLHL', 'VRAX', 'WOK', 'FXHO', 'RYOJ', 'HPEL', 'OPEG', 'SNWV', 'AEHG', 'CNTB', 'CBRG', 'PTLE', 'LITU', 'RNAZ', 'BNC', 'ZSQR', 'SUNE', 'CDTG', 'SNDG', 'ORCU']
04:14:06  universe: 69 from IBKR scanner + 65 extra from Alpaca
04:14:08  Wrote 33 gappers (33 kept): ['JLHL', 'VRAX', 'WOK', 'FXHO', 'RYOJ', 'HPEL', 'OPEG', 'SNWV', 'AEHG', 'CNTB', 'CBRG', 'PTLE', 'RNAZ', 'LITU', 'BNC', 'ZSQR', 'CDTG', 'SUNE', 'SNDG', 'TKLF']
04:14:55  universe: 69 from IBKR scanner + 65 extra from Alpaca
04:14:56  Wrote 33 gappers (33 kept): ['JLHL', 'VRAX', 'WOK', 'FXHO', 'RYOJ', 'HPEL', 'OPEG', 'SNWV', 'AEHG', 'CNTB', 'CBRG', 'PTLE', 'RNAZ', 'LITU', 'BNC', 'ZSQR', 'CDTG', 'SUNE', 'TKLF', 'SNDG']
04:15:43  universe: 69 from IBKR scanner + 65 extra from Alpaca
04:15:45  Wrote 33 gappers (33 kept): ['JLHL', 'VRAX', 'FXHO', 'WOK', 'RYOJ', 'HPEL', 'OPEG', 'SNWV', 'AEHG', 'CNTB', 'CBRG', 'PTLE', 'RNAZ', 'LITU', 'BNC', 'ZSQR', 'TKLF', 'CDTG', 'SUNE', 'CRCA']
04:16:31  universe: 69 from IBKR scanner + 65 extra from Alpaca
04:16:33  Wrote 33 gappers (33 kept): ['JLHL', 'VRAX', 'FXHO', 'RYOJ', 'HPEL', 'OPEG', 'SNWV', 'AEHG', 'CNTB', 'CBRG', 'PTLE', 'WOK', 'RNAZ', 'LITU', 'BNC', 'ZSQR', 'TKLF', 'CDTG', 'SUNE', 'CRCA']
04:17:20  universe: 69 from IBKR scanner + 65 extra from Alpaca
04:17:22  Wrote 33 gappers (33 kept): ['JLHL', 'VRAX', 'FXHO', 'RYOJ', 'HPEL', 'OPEG', 'SNWV', 'AEHG', 'CNTB', 'CBRG', 'PTLE', 'RNAZ', 'WOK', 'LITU', 'BNC', 'ZSQR', 'TKLF', 'CDTG', 'CRCA', 'SUNE']
04:18:08  universe: 69 from IBKR scanner + 65 extra from Alpaca
04:18:10  Wrote 33 gappers (33 kept): ['JLHL', 'VRAX', 'FXHO', 'RYOJ', 'HPEL', 'OPEG', 'SNWV', 'AEHG', 'CNTB', 'CBRG', 'PTLE', 'RNAZ', 'LITU', 'WOK', 'BNC', 'ZSQR', 'TKLF', 'CDTG', 'CRCA', 'CRCG']
04:18:57  universe: 70 from IBKR scanner + 65 extra from Alpaca
04:18:59  Wrote 33 gappers (33 kept): ['JLHL', 'VRAX', 'FXHO', 'RYOJ', 'HPEL', 'OPEG', 'SNWV', 'AEHG', 'CNTB', 'CBRG', 'PTLE', 'RNAZ', 'LITU', 'BNC', 'ZSQR', 'WOK', 'CDTG', 'CRCA', 'CRCG', 'SUNE']
04:19:46  universe: 70 from IBKR scanner + 65 extra from Alpaca
04:19:47  Wrote 35 gappers (35 kept): ['JLHL', 'VRAX', 'FXHO', 'RYOJ', 'HPEL', 'OPEG', 'SNWV', 'AEHG', 'CNTB', 'CBRG', 'PTLE', 'CDTG', 'RNAZ', 'LITU', 'WOK', 'BNC', 'ZSQR', 'CRCA', 'CRCG', 'RPGL']
04:20:34  universe: 70 from IBKR scanner + 66 extra from Alpaca
04:20:36  Wrote 35 gappers (35 kept): ['JLHL', 'VRAX', 'FXHO', 'CDTG', 'RYOJ', 'HPEL', 'OPEG', 'SNWV', 'AEHG', 'CNTB', 'CBRG', 'PTLE', 'RNAZ', 'LITU', 'BNC', 'ZSQR', 'WOK', 'CRCA', 'CRCG', 'RPGL']
04:21:23  universe: 70 from IBKR scanner + 65 extra from Alpaca
04:21:25  Wrote 33 gappers (33 kept): ['JLHL', 'VRAX', 'FXHO', 'RYOJ', 'HPEL', 'OPEG', 'SNWV', 'AEHG', 'CNTB', 'CBRG', 'PTLE', 'RNAZ', 'LITU', 'BNC', 'ZSQR', 'WOK', 'CRCA', 'CRCG', 'SUNE', 'CDTG']
04:22:11  universe: 69 from IBKR scanner + 66 extra from Alpaca
04:22:13  Wrote 33 gappers (33 kept): ['JLHL', 'VRAX', 'FXHO', 'RYOJ', 'HPEL', 'OPEG', 'SNWV', 'AEHG', 'CNTB', 'CBRG', 'PTLE', 'RNAZ', 'LITU', 'BNC', 'ZSQR', 'CRCG', 'WOK', 'CRCA', 'SUNE', 'CDTG']
04:23:00  universe: 71 from IBKR scanner + 66 extra from Alpaca
04:23:01  Wrote 33 gappers (33 kept): ['JLHL', 'VRAX', 'FXHO', 'RYOJ', 'HPEL', 'OPEG', 'SNWV', 'AEHG', 'CNTB', 'PTLE', 'CBRG', 'RNAZ', 'CRCA', 'LITU', 'CRCG', 'BNC', 'ZSQR', 'WOK', 'CDTG', 'SUNE']
04:23:48  universe: 70 from IBKR scanner + 65 extra from Alpaca
04:23:50  Wrote 33 gappers (33 kept): ['JLHL', 'VRAX', 'FXHO', 'RYOJ', 'HPEL', 'OPEG', 'SNWV', 'AEHG', 'CRCA', 'CNTB', 'PTLE', 'CBRG', 'CRCG', 'RNAZ', 'LITU', 'BNC', 'ZSQR', 'WOK', 'CDTG', 'SUNE']
04:24:37  universe: 71 from IBKR scanner + 64 extra from Alpaca
04:24:39  Wrote 33 gappers (33 kept): ['JLHL', 'VRAX', 'FXHO', 'RYOJ', 'HPEL', 'OPEG', 'SNWV', 'AEHG', 'CNTB', 'PTLE', 'CBRG', 'CRCA', 'RNAZ', 'LITU', 'CRCG', 'BNC', 'ZSQR', 'WOK', 'SUNE', 'AAOX']
04:25:25  universe: 71 from IBKR scanner + 64 extra from Alpaca
04:25:27  Wrote 33 gappers (33 kept): ['JLHL', 'VRAX', 'FXHO', 'RYOJ', 'HPEL', 'OPEG', 'SNWV', 'AEHG', 'CNTB', 'PTLE', 'CBRG', 'RNAZ', 'CRCA', 'LITU', 'CRCG', 'BNC', 'ZSQR', 'WOK', 'SUNE', 'ORCU']
04:26:17  universe: 71 from IBKR scanner + 64 extra from Alpaca
04:26:19  Wrote 33 gappers (33 kept): ['JLHL', 'VRAX', 'FXHO', 'RYOJ', 'HPEL', 'OPEG', 'SNWV', 'AEHG', 'CNTB', 'PTLE', 'CBRG', 'CRCA', 'RNAZ', 'CRCG', 'LITU', 'BNC', 'ZSQR', 'WOK', 'SUNE', 'CDTG']
04:27:06  universe: 71 from IBKR scanner + 64 extra from Alpaca
04:27:08  Wrote 33 gappers (33 kept): ['JLHL', 'VRAX', 'FXHO', 'RYOJ', 'HPEL', 'CRCA', 'CRCG', 'OPEG', 'SNWV', 'AEHG', 'CNTB', 'PTLE', 'CBRG', 'RNAZ', 'LITU', 'BNC', 'ZSQR', 'WOK', 'SUNE', 'AAOX']
04:27:55  universe: 71 from IBKR scanner + 65 extra from Alpaca
04:27:56  Wrote 33 gappers (33 kept): ['JLHL', 'VRAX', 'FXHO', 'RYOJ', 'HPEL', 'OPEG', 'SNWV', 'AEHG', 'CRCA', 'CNTB', 'PTLE', 'CBRG', 'CRCG', 'RNAZ', 'LITU', 'BNC', 'ZSQR', 'WOK', 'SUNE', 'AAOX']
04:28:43  universe: 71 from IBKR scanner + 65 extra from Alpaca
04:28:45  Wrote 33 gappers (33 kept): ['JLHL', 'VRAX', 'FXHO', 'RYOJ', 'HPEL', 'OPEG', 'SNWV', 'AEHG', 'CNTB', 'CRCA', 'PTLE', 'CBRG', 'CRCG', 'RNAZ', 'LITU', 'BNC', 'ZSQR', 'WOK', 'SUNE', 'AAOX']
04:29:32  universe: 71 from IBKR scanner + 66 extra from Alpaca
04:29:34  Wrote 33 gappers (33 kept): ['JLHL', 'VRAX', 'FXHO', 'RYOJ', 'HPEL', 'OPEG', 'SNWV', 'AEHG', 'CRCA', 'CNTB', 'PTLE', 'CBRG', 'CRCG', 'RNAZ', 'LITU', 'WOK', 'BNC', 'ZSQR', 'SUNE', 'AAOX']
04:30:21  universe: 71 from IBKR scanner + 65 extra from Alpaca
04:30:23  Wrote 33 gappers (33 kept): ['JLHL', 'VRAX', 'FXHO', 'RYOJ', 'HPEL', 'OPEG', 'SNWV', 'AEHG', 'CRCA', 'CNTB', 'PTLE', 'CBRG', 'CRCG', 'RNAZ', 'LITU', 'BNC', 'ZSQR', 'WOK', 'SUNE', 'AAOX']
04:31:10  universe: 73 from IBKR scanner + 64 extra from Alpaca
04:31:12  Wrote 33 gappers (33 kept): ['JLHL', 'VRAX', 'FXHO', 'RYOJ', 'HPEL', 'OPEG', 'SNWV', 'CRCA', 'AEHG', 'CNTB', 'PTLE', 'CBRG', 'CRCG', 'RNAZ', 'LITU', 'BNC', 'ZSQR', 'WOK', 'SUNE', 'AAOX']
04:31:58  universe: 72 from IBKR scanner + 64 extra from Alpaca
04:32:00  Wrote 34 gappers (34 kept): ['JLHL', 'VRAX', 'FXHO', 'RYOJ', 'HPEL', 'OPEG', 'SNWV', 'AEHG', 'CNTB', 'CBRG', 'PTLE', 'CRCA', 'CRCG', 'RNAZ', 'LITU', 'ZSQR', 'BNC', 'WOK', 'RPGL', 'SUNE']
04:32:47  universe: 72 from IBKR scanner + 64 extra from Alpaca
04:32:49  Wrote 34 gappers (34 kept): ['JLHL', 'VRAX', 'FXHO', 'RYOJ', 'HPEL', 'OPEG', 'SNWV', 'AEHG', 'CNTB', 'CRCA', 'CBRG', 'PTLE', 'CRCG', 'RNAZ', 'LITU', 'ZSQR', 'BNC', 'RPGL', 'WOK', 'SUNE']
04:33:36  universe: 72 from IBKR scanner + 64 extra from Alpaca
04:33:37  Wrote 34 gappers (34 kept): ['JLHL', 'VRAX', 'FXHO', 'RYOJ', 'HPEL', 'OPEG', 'SNWV', 'AEHG', 'CNTB', 'CBRG', 'PTLE', 'CRCA', 'CRCG', 'RNAZ', 'LITU', 'ZSQR', 'BNC', 'RPGL', 'WOK', 'SNDG']
04:34:24  universe: 73 from IBKR scanner + 63 extra from Alpaca
04:34:26  Wrote 34 gappers (34 kept): ['JLHL', 'VRAX', 'FXHO', 'RYOJ', 'HPEL', 'OPEG', 'SNWV', 'AEHG', 'CNTB', 'CBRG', 'PTLE', 'RNAZ', 'LITU', 'CRCA', 'ZSQR', 'CRCG', 'WOK', 'RPGL', 'BNC', 'SNDG']
04:35:13  universe: 73 from IBKR scanner + 63 extra from Alpaca
04:35:15  Wrote 34 gappers (34 kept): ['JLHL', 'VRAX', 'FXHO', 'RYOJ', 'HPEL', 'OPEG', 'SNWV', 'AEHG', 'CNTB', 'CBRG', 'PTLE', 'RNAZ', 'LITU', 'CRCA', 'ZSQR', 'CRCG', 'WOK', 'BNC', 'RPGL', 'SNDG']
04:36:01  universe: 73 from IBKR scanner + 63 extra from Alpaca
04:36:03  Wrote 34 gappers (34 kept): ['JLHL', 'VRAX', 'FXHO', 'RYOJ', 'HPEL', 'OPEG', 'SNWV', 'AEHG', 'CNTB', 'PTLE', 'CBRG', 'RNAZ', 'LITU', 'WOK', 'CRCA', 'CRCG', 'ZSQR', 'BNC', 'RPGL', 'SNDG']
04:36:50  universe: 73 from IBKR scanner + 64 extra from Alpaca
04:36:52  Wrote 34 gappers (34 kept): ['JLHL', 'VRAX', 'FXHO', 'RYOJ', 'HPEL', 'OPEG', 'SNWV', 'AEHG', 'CNTB', 'PTLE', 'CBRG', 'RNAZ', 'LITU', 'CRCA', 'ZSQR', 'CRCG', 'WOK', 'BNC', 'RPGL', 'SUNE']
04:37:38  universe: 73 from IBKR scanner + 64 extra from Alpaca
04:37:40  Wrote 34 gappers (34 kept): ['JLHL', 'VRAX', 'FXHO', 'RYOJ', 'HPEL', 'OPEG', 'SNWV', 'AEHG', 'CNTB', 'PTLE', 'CBRG', 'RNAZ', 'LITU', 'CRCA', 'ZSQR', 'CRCG', 'BNC', 'WOK', 'RPGL', 'SUNE']
04:38:27  universe: 73 from IBKR scanner + 63 extra from Alpaca
04:38:29  Wrote 34 gappers (34 kept): ['JLHL', 'VRAX', 'FXHO', 'RYOJ', 'HPEL', 'OPEG', 'SNWV', 'AEHG', 'CNTB', 'PTLE', 'CBRG', 'RNAZ', 'CRCA', 'LITU', 'CRCG', 'ZSQR', 'BNC', 'WOK', 'RPGL', 'SUNE']
04:39:15  universe: 73 from IBKR scanner + 64 extra from Alpaca
04:39:17  Wrote 34 gappers (34 kept): ['JLHL', 'VRAX', 'FXHO', 'RYOJ', 'HPEL', 'OPEG', 'SNWV', 'AEHG', 'CNTB', 'PTLE', 'CBRG', 'RNAZ', 'LITU', 'CRCA', 'ZSQR', 'CRCG', 'BNC', 'RPGL', 'WOK', 'SUNE']
04:40:04  universe: 73 from IBKR scanner + 64 extra from Alpaca
04:40:06  Wrote 34 gappers (34 kept): ['JLHL', 'VRAX', 'FXHO', 'RYOJ', 'HPEL', 'OPEG', 'SNWV', 'AEHG', 'CNTB', 'PTLE', 'CBRG', 'RNAZ', 'LITU', 'CRCA', 'ZSQR', 'CRCG', 'BNC', 'RPGL', 'WOK', 'SUNE']
04:40:53  universe: 73 from IBKR scanner + 63 extra from Alpaca
04:40:54  Wrote 33 gappers (33 kept): ['JLHL', 'VRAX', 'FXHO', 'RYOJ', 'HPEL', 'OPEG', 'SNWV', 'AEHG', 'CNTB', 'PTLE', 'CBRG', 'RNAZ', 'LITU', 'CRCA', 'ZSQR', 'BNC', 'CRCG', 'RPGL', 'WOK', 'SUNE']
04:41:41  universe: 73 from IBKR scanner + 64 extra from Alpaca
04:41:43  Wrote 33 gappers (33 kept): ['JLHL', 'VRAX', 'FXHO', 'RYOJ', 'HPEL', 'OPEG', 'SNWV', 'AEHG', 'CNTB', 'PTLE', 'CBRG', 'RNAZ', 'LITU', 'ZSQR', 'WOK', 'CRCA', 'BNC', 'CRCG', 'RPGL', 'SUNE']
04:42:30  universe: 72 from IBKR scanner + 64 extra from Alpaca
04:42:32  Wrote 33 gappers (33 kept): ['JLHL', 'VRAX', 'FXHO', 'RYOJ', 'HPEL', 'OPEG', 'SNWV', 'AEHG', 'CNTB', 'PTLE', 'CBRG', 'RNAZ', 'LITU', 'ZSQR', 'WOK', 'CRCA', 'BNC', 'CRCG', 'RPGL', 'SUNE']
04:43:19  universe: 72 from IBKR scanner + 64 extra from Alpaca
04:43:20  Wrote 33 gappers (33 kept): ['JLHL', 'VRAX', 'FXHO', 'RYOJ', 'HPEL', 'OPEG', 'SNWV', 'AEHG', 'CNTB', 'PTLE', 'CBRG', 'RNAZ', 'LITU', 'ZSQR', 'WOK', 'CRCA', 'BNC', 'CRCG', 'RPGL', 'SUNE']
04:44:07  universe: 72 from IBKR scanner + 64 extra from Alpaca
04:44:09  Wrote 33 gappers (33 kept): ['JLHL', 'VRAX', 'FXHO', 'RYOJ', 'HPEL', 'OPEG', 'SNWV', 'AEHG', 'CNTB', 'PTLE', 'CBRG', 'RNAZ', 'LITU', 'CRCA', 'ZSQR', 'CRCG', 'BNC', 'WOK', 'RPGL', 'SUNE']
04:44:55  universe: 72 from IBKR scanner + 63 extra from Alpaca
04:44:57  Wrote 33 gappers (33 kept): ['JLHL', 'VRAX', 'FXHO', 'RYOJ', 'HPEL', 'OPEG', 'SNWV', 'AEHG', 'CNTB', 'PTLE', 'CBRG', 'RNAZ', 'LITU', 'CRCA', 'CRCG', 'ZSQR', 'WOK', 'BNC', 'RPGL', 'SUNE']
04:45:44  universe: 72 from IBKR scanner + 63 extra from Alpaca
04:45:46  Wrote 33 gappers (33 kept): ['JLHL', 'VRAX', 'FXHO', 'RYOJ', 'HPEL', 'OPEG', 'SNWV', 'AEHG', 'CNTB', 'PTLE', 'CBRG', 'CRCA', 'RNAZ', 'CRCG', 'LITU', 'ZSQR', 'WOK', 'BNC', 'RPGL', 'SUNE']
04:46:32  universe: 72 from IBKR scanner + 63 extra from Alpaca
04:46:34  Wrote 33 gappers (33 kept): ['JLHL', 'VRAX', 'FXHO', 'RYOJ', 'HPEL', 'OPEG', 'SNWV', 'AEHG', 'CNTB', 'PTLE', 'CBRG', 'CRCA', 'RNAZ', 'CRCG', 'LITU', 'ZSQR', 'BNC', 'WOK', 'RPGL', 'SUNE']
04:47:21  universe: 72 from IBKR scanner + 63 extra from Alpaca
04:47:23  Wrote 33 gappers (33 kept): ['JLHL', 'VRAX', 'FXHO', 'RYOJ', 'HPEL', 'OPEG', 'SNWV', 'AEHG', 'CNTB', 'CRCA', 'PTLE', 'CRCG', 'CBRG', 'RNAZ', 'LITU', 'ZSQR', 'BNC', 'RPGL', 'WOK', 'SUNE']
04:48:10  universe: 73 from IBKR scanner + 63 extra from Alpaca
04:48:12  Wrote 33 gappers (33 kept): ['JLHL', 'VRAX', 'FXHO', 'RYOJ', 'HPEL', 'OPEG', 'SNWV', 'AEHG', 'CNTB', 'PTLE', 'CBRG', 'CRCA', 'RNAZ', 'CRCG', 'LITU', 'ZSQR', 'BNC', 'WOK', 'RPGL', 'SUNE']
04:48:59  universe: 72 from IBKR scanner + 64 extra from Alpaca
04:49:01  Wrote 33 gappers (33 kept): ['JLHL', 'VRAX', 'FXHO', 'RYOJ', 'HPEL', 'OPEG', 'SNWV', 'AEHG', 'CNTB', 'PTLE', 'CBRG', 'CRCA', 'RNAZ', 'CRCG', 'LITU', 'ZSQR', 'WOK', 'RPGL', 'BNC', 'SUNE']
04:49:52  universe: 72 from IBKR scanner + 64 extra from Alpaca
04:49:54  Wrote 33 gappers (33 kept): ['JLHL', 'VRAX', 'FXHO', 'RYOJ', 'HPEL', 'OPEG', 'SNWV', 'AEHG', 'CNTB', 'PTLE', 'CBRG', 'CRCA', 'RNAZ', 'CRCG', 'LITU', 'ZSQR', 'WOK', 'RPGL', 'BNC', 'SUNE']
04:50:40  universe: 72 from IBKR scanner + 66 extra from Alpaca
04:50:42  Wrote 33 gappers (33 kept): ['JLHL', 'VRAX', 'FXHO', 'RYOJ', 'HPEL', 'OPEG', 'SNWV', 'AEHG', 'CNTB', 'PTLE', 'CBRG', 'CRCA', 'RNAZ', 'CRCG', 'LITU', 'ZSQR', 'WOK', 'RPGL', 'BNC', 'SUNE']
04:51:29  universe: 72 from IBKR scanner + 65 extra from Alpaca
04:51:31  Wrote 33 gappers (33 kept): ['JLHL', 'VRAX', 'FXHO', 'RYOJ', 'HPEL', 'OPEG', 'SNWV', 'AEHG', 'CNTB', 'PTLE', 'CBRG', 'RNAZ', 'CRCA', 'LITU', 'WOK', 'CRCG', 'ZSQR', 'RPGL', 'BNC', 'SUNE']
04:52:18  universe: 72 from IBKR scanner + 64 extra from Alpaca
04:52:20  Wrote 33 gappers (33 kept): ['JLHL', 'VRAX', 'FXHO', 'RYOJ', 'HPEL', 'OPEG', 'SNWV', 'AEHG', 'CNTB', 'CRCA', 'PTLE', 'CBRG', 'CRCG', 'RNAZ', 'LITU', 'WOK', 'ZSQR', 'RPGL', 'BNC', 'SUNE']
04:53:06  universe: 71 from IBKR scanner + 65 extra from Alpaca
04:53:08  Wrote 33 gappers (33 kept): ['JLHL', 'VRAX', 'FXHO', 'RYOJ', 'HPEL', 'OPEG', 'SNWV', 'CRCA', 'AEHG', 'CNTB', 'PTLE', 'CRCG', 'CBRG', 'RNAZ', 'LITU', 'ZSQR', 'WOK', 'RPGL', 'SUNE', 'BNC']
04:53:55  universe: 71 from IBKR scanner + 65 extra from Alpaca
04:53:57  Wrote 33 gappers (33 kept): ['JLHL', 'VRAX', 'FXHO', 'RYOJ', 'HPEL', 'OPEG', 'SNWV', 'AEHG', 'CNTB', 'CRCA', 'PTLE', 'CRCG', 'CBRG', 'RNAZ', 'LITU', 'ZSQR', 'WOK', 'RPGL', 'SUNE', 'BNC']
04:54:43  universe: 71 from IBKR scanner + 65 extra from Alpaca
04:54:45  Wrote 33 gappers (33 kept): ['JLHL', 'VRAX', 'FXHO', 'RYOJ', 'HPEL', 'OPEG', 'SNWV', 'AEHG', 'CNTB', 'CRCA', 'PTLE', 'CRCG', 'RNAZ', 'CBRG', 'LITU', 'ZSQR', 'WOK', 'RPGL', 'SUNE', 'BNC']
04:55:32  universe: 71 from IBKR scanner + 65 extra from Alpaca
04:55:34  Wrote 33 gappers (33 kept): ['JLHL', 'VRAX', 'FXHO', 'RYOJ', 'OPEG', 'SNWV', 'HPEL', 'AEHG', 'CNTB', 'PTLE', 'CRCA', 'CRCG', 'RNAZ', 'CBRG', 'LITU', 'WOK', 'ZSQR', 'RPGL', 'SUNE', 'BNC']
04:56:21  universe: 71 from IBKR scanner + 65 extra from Alpaca
04:56:22  Wrote 33 gappers (33 kept): ['JLHL', 'VRAX', 'FXHO', 'RYOJ', 'OPEG', 'SNWV', 'HPEL', 'AEHG', 'CNTB', 'CRCA', 'CRCG', 'PTLE', 'CBRG', 'RNAZ', 'LITU', 'ZSQR', 'WOK', 'RPGL', 'SUNE', 'BNC']
04:57:09  universe: 71 from IBKR scanner + 65 extra from Alpaca
04:57:11  Wrote 33 gappers (33 kept): ['JLHL', 'VRAX', 'FXHO', 'RYOJ', 'OPEG', 'SNWV', 'CRCA', 'HPEL', 'AEHG', 'CNTB', 'PTLE', 'CRCG', 'CBRG', 'RNAZ', 'LITU', 'WOK', 'ZSQR', 'RPGL', 'SUNE', 'BNC']
04:57:58  universe: 71 from IBKR scanner + 66 extra from Alpaca
04:57:59  Wrote 33 gappers (33 kept): ['JLHL', 'VRAX', 'FXHO', 'RYOJ', 'OPEG', 'SNWV', 'HPEL', 'AEHG', 'CNTB', 'CRCA', 'PTLE', 'CRCG', 'CBRG', 'RNAZ', 'LITU', 'WOK', 'ZSQR', 'RPGL', 'SUNE', 'BNC']
04:58:46  universe: 71 from IBKR scanner + 66 extra from Alpaca
04:58:48  Wrote 33 gappers (33 kept): ['JLHL', 'VRAX', 'FXHO', 'RYOJ', 'OPEG', 'SNWV', 'CRCA', 'HPEL', 'AEHG', 'CNTB', 'PTLE', 'CRCG', 'CBRG', 'RNAZ', 'LITU', 'WOK', 'ZSQR', 'RPGL', 'SUNE', 'BNC']
04:59:36  universe: 71 from IBKR scanner + 66 extra from Alpaca
04:59:39  Wrote 33 gappers (33 kept): ['JLHL', 'VRAX', 'FXHO', 'RYOJ', 'OPEG', 'SNWV', 'HPEL', 'AEHG', 'CNTB', 'CRCA', 'PTLE', 'CRCG', 'CBRG', 'RNAZ', 'LITU', 'WOK', 'ZSQR', 'RPGL', 'SUNE', 'BNC']
05:00:26  universe: 69 from IBKR scanner + 66 extra from Alpaca
05:00:31  Wrote 33 gappers (33 kept): ['JLHL', 'VRAX', 'FXHO', 'RYOJ', 'CRCA', 'OPEG', 'SNWV', 'HPEL', 'AEHG', 'CNTB', 'CRCG', 'PTLE', 'CBRG', 'LITU', 'RNAZ', 'ZSQR', 'WOK', 'SUNE', 'RPGL', 'BNC']
05:01:17  universe: 69 from IBKR scanner + 66 extra from Alpaca
05:01:19  Wrote 32 gappers (32 kept): ['JLHL', 'VRAX', 'FXHO', 'RYOJ', 'OPEG', 'SNWV', 'HPEL', 'AEHG', 'CNTB', 'CRCA', 'PTLE', 'CBRG', 'CRCG', 'LITU', 'WOK', 'RNAZ', 'ZSQR', 'SUNE', 'SNDG', 'BNC']
05:02:06  universe: 69 from IBKR scanner + 66 extra from Alpaca
05:02:08  Wrote 33 gappers (33 kept): ['JLHL', 'VRAX', 'FXHO', 'RYOJ', 'OPEG', 'SNWV', 'HPEL', 'AEHG', 'CNTB', 'CRCA', 'PTLE', 'CBRG', 'CRCG', 'WOK', 'LITU', 'RNAZ', 'ZSQR', 'SUNE', 'RPGL', 'SNDG']
05:02:55  universe: 70 from IBKR scanner + 65 extra from Alpaca
05:02:56  Wrote 33 gappers (33 kept): ['JLHL', 'VRAX', 'FXHO', 'RYOJ', 'AEHG', 'OPEG', 'SNWV', 'HPEL', 'CNTB', 'PTLE', 'CBRG', 'CRCA', 'CRCG', 'WOK', 'LITU', 'RNAZ', 'ZSQR', 'SUNE', 'RPGL', 'SNDG']
05:03:43  universe: 69 from IBKR scanner + 65 extra from Alpaca
05:03:45  Wrote 32 gappers (32 kept): ['JLHL', 'VRAX', 'FXHO', 'RYOJ', 'AEHG', 'OPEG', 'SNWV', 'HPEL', 'CNTB', 'CBRG', 'CRCA', 'PTLE', 'CRCG', 'WOK', 'LITU', 'RNAZ', 'ZSQR', 'SUNE', 'SNDG', 'BNC']
05:04:32  universe: 70 from IBKR scanner + 65 extra from Alpaca
05:04:34  Wrote 32 gappers (32 kept): ['JLHL', 'VRAX', 'FXHO', 'RYOJ', 'AEHG', 'OPEG', 'SNWV', 'HPEL', 'CNTB', 'CBRG', 'CRCA', 'PTLE', 'CRCG', 'LITU', 'RNAZ', 'ZSQR', 'WOK', 'SUNE', 'SNDG', 'BNC']
05:05:21  universe: 70 from IBKR scanner + 65 extra from Alpaca
05:05:22  Wrote 32 gappers (32 kept): ['JLHL', 'VRAX', 'FXHO', 'RYOJ', 'AEHG', 'OPEG', 'SNWV', 'HPEL', 'CNTB', 'CRCA', 'CBRG', 'PTLE', 'CRCG', 'LITU', 'RNAZ', 'ZSQR', 'WOK', 'SUNE', 'SNDG', 'BNC']
05:06:09  universe: 70 from IBKR scanner + 66 extra from Alpaca
05:06:11  Wrote 32 gappers (32 kept): ['JLHL', 'VRAX', 'FXHO', 'RYOJ', 'AEHG', 'OPEG', 'SNWV', 'HPEL', 'CNTB', 'CRCA', 'CBRG', 'PTLE', 'CRCG', 'LITU', 'WOK', 'RNAZ', 'ZSQR', 'SUNE', 'SNDG', 'BNC']
05:06:58  universe: 72 from IBKR scanner + 65 extra from Alpaca
05:07:00  Wrote 32 gappers (32 kept): ['JLHL', 'VRAX', 'FXHO', 'RYOJ', 'AEHG', 'OPEG', 'CRCA', 'SNWV', 'HPEL', 'CNTB', 'CRCG', 'CBRG', 'PTLE', 'LITU', 'WOK', 'RNAZ', 'ZSQR', 'SUNE', 'SNDG', 'BNC']
05:07:46  universe: 71 from IBKR scanner + 65 extra from Alpaca
05:07:48  Wrote 32 gappers (32 kept): ['JLHL', 'VRAX', 'FXHO', 'RYOJ', 'AEHG', 'CRCA', 'OPEG', 'SNWV', 'HPEL', 'CRCG', 'CNTB', 'CBRG', 'PTLE', 'LITU', 'WOK', 'RNAZ', 'ZSQR', 'SUNE', 'SNDG', 'BNC']
05:08:35  universe: 71 from IBKR scanner + 66 extra from Alpaca
05:08:37  Wrote 32 gappers (32 kept): ['JLHL', 'VRAX', 'FXHO', 'RYOJ', 'AEHG', 'CRCA', 'CRCG', 'OPEG', 'SNWV', 'HPEL', 'CNTB', 'CBRG', 'PTLE', 'LITU', 'WOK', 'RNAZ', 'ZSQR', 'SUNE', 'SNDG', 'BNC']
05:09:23  universe: 69 from IBKR scanner + 66 extra from Alpaca
05:09:25  Wrote 34 gappers (34 kept): ['JLHL', 'VRAX', 'FXHO', 'RYOJ', 'CRCA', 'CRCG', 'AEHG', 'OPEG', 'SNWV', 'HPEL', 'CNTB', 'CBRG', 'PTLE', 'CRE', 'WOK', 'LITU', 'RNAZ', 'ZSQR', 'RPGL', 'SUNE']
05:10:12  universe: 69 from IBKR scanner + 67 extra from Alpaca
05:10:14  Wrote 33 gappers (33 kept): ['JLHL', 'VRAX', 'FXHO', 'RYOJ', 'CRCA', 'CRCG', 'CRE', 'AEHG', 'OPEG', 'SNWV', 'HPEL', 'CNTB', 'CBRG', 'PTLE', 'WOK', 'LITU', 'RNAZ', 'ZSQR', 'SUNE', 'SNDG']
05:11:00  universe: 69 from IBKR scanner + 67 extra from Alpaca
05:11:02  Wrote 33 gappers (33 kept): ['JLHL', 'VRAX', 'RYOJ', 'FXHO', 'CRCA', 'CRCG', 'AEHG', 'OPEG', 'SNWV', 'HPEL', 'CNTB', 'CBRG', 'PTLE', 'LITU', 'RNAZ', 'ZSQR', 'WOK', 'CRE', 'SUNE', 'SNDG']
05:11:49  universe: 70 from IBKR scanner + 66 extra from Alpaca
05:11:51  Wrote 33 gappers (33 kept): ['JLHL', 'VRAX', 'RYOJ', 'FXHO', 'CRCA', 'CRCG', 'AEHG', 'OPEG', 'SNWV', 'HPEL', 'CNTB', 'CBRG', 'PTLE', 'WOK', 'LITU', 'RNAZ', 'ZSQR', 'SUNE', 'SNDG', 'OKLL']
05:12:37  universe: 71 from IBKR scanner + 67 extra from Alpaca
05:12:39  Wrote 32 gappers (32 kept): ['VRAX', 'CRCA', 'RYOJ', 'CRCG', 'FXHO', 'AEHG', 'OPEG', 'SNWV', 'HPEL', 'CNTB', 'CBRG', 'LITU', 'PTLE', 'RNAZ', 'ZSQR', 'WOK', 'SUNE', 'SNDG', 'OKLL', 'BNC']
05:13:26  universe: 71 from IBKR scanner + 66 extra from Alpaca
05:13:28  Wrote 33 gappers (33 kept): ['VRAX', 'RYOJ', 'CRCA', 'FXHO', 'CRCG', 'AEHG', 'OPEG', 'SNWV', 'HPEL', 'CBRG', 'LITU', 'PTLE', 'CNTB', 'RNAZ', 'ZSQR', 'WOK', 'SUNE', 'CRE', 'RPGL', 'SNDG']
05:14:15  universe: 70 from IBKR scanner + 68 extra from Alpaca
05:14:16  Wrote 33 gappers (33 kept): ['VRAX', 'RYOJ', 'CRCA', 'FXHO', 'CRCG', 'AEHG', 'OPEG', 'SNWV', 'HPEL', 'CBRG', 'LITU', 'PTLE', 'CNTB', 'RNAZ', 'ZSQR', 'WOK', 'SUNE', 'RPGL', 'SNDG', 'BNC']
05:15:03  universe: 71 from IBKR scanner + 68 extra from Alpaca
05:15:05  Wrote 33 gappers (33 kept): ['VRAX', 'RYOJ', 'CRCA', 'CRCG', 'FXHO', 'AEHG', 'OPEG', 'SNWV', 'CBRG', 'HPEL', 'LITU', 'CNTB', 'PTLE', 'RNAZ', 'ZSQR', 'WOK', 'RPGL', 'SUNE', 'SNDG', 'OKLL']
05:15:52  universe: 70 from IBKR scanner + 68 extra from Alpaca
05:15:54  Wrote 33 gappers (33 kept): ['VRAX', 'RYOJ', 'CRCA', 'CRCG', 'FXHO', 'AEHG', 'OPEG', 'CBRG', 'SNWV', 'HPEL', 'LITU', 'CNTB', 'PTLE', 'RNAZ', 'ZSQR', 'WOK', 'SUNE', 'SNDG', 'RPGL', 'OKLL']
05:16:40  universe: 71 from IBKR scanner + 68 extra from Alpaca
05:16:42  Wrote 33 gappers (33 kept): ['JLHL', 'VRAX', 'CRCA', 'RYOJ', 'CRCG', 'FXHO', 'AEHG', 'OPEG', 'CBRG', 'SNWV', 'HPEL', 'LITU', 'CNTB', 'PTLE', 'RNAZ', 'ZSQR', 'WOK', 'SUNE', 'SNDG', 'OKLL']
05:17:30  universe: 70 from IBKR scanner + 68 extra from Alpaca
05:17:32  Wrote 32 gappers (32 kept): ['VRAX', 'RYOJ', 'FXHO', 'CRCA', 'CRCG', 'AEHG', 'OPEG', 'CBRG', 'SNWV', 'HPEL', 'LITU', 'CNTB', 'PTLE', 'RNAZ', 'ZSQR', 'WOK', 'SUNE', 'SNDG', 'OKLL', 'BNC']
05:18:20  universe: 70 from IBKR scanner + 69 extra from Alpaca
05:18:21  Wrote 34 gappers (34 kept): ['JLHL', 'VRAX', 'RYOJ', 'FXHO', 'CRCA', 'CRCG', 'AEHG', 'OPEG', 'CBRG', 'SNWV', 'HPEL', 'LITU', 'CNTB', 'PTLE', 'RNAZ', 'ZSQR', 'WOK', 'SUNE', 'SNDG', 'RPGL']
05:19:08  universe: 71 from IBKR scanner + 68 extra from Alpaca
05:19:10  Wrote 33 gappers (33 kept): ['VRAX', 'RYOJ', 'FXHO', 'CRCA', 'CRCG', 'AEHG', 'OPEG', 'CBRG', 'SNWV', 'HPEL', 'LITU', 'PTLE', 'CNTB', 'RNAZ', 'ZSQR', 'WOK', 'SUNE', 'RPGL', 'SNDG', 'OKLL']
05:19:59  universe: 71 from IBKR scanner + 67 extra from Alpaca
05:20:01  Wrote 33 gappers (33 kept): ['VRAX', 'RYOJ', 'FXHO', 'CRCA', 'CRCG', 'CBRG', 'AEHG', 'OPEG', 'SNWV', 'HPEL', 'LITU', 'PTLE', 'CNTB', 'RNAZ', 'ZSQR', 'WOK', 'RPGL', 'SUNE', 'SNDG', 'OKLL']
05:20:48  universe: 69 from IBKR scanner + 69 extra from Alpaca
05:20:50  Wrote 33 gappers (33 kept): ['VRAX', 'RYOJ', 'FXHO', 'CRCA', 'CRCG', 'CBRG', 'AEHG', 'OPEG', 'SNWV', 'HPEL', 'LITU', 'PTLE', 'CNTB', 'RNAZ', 'ZSQR', 'WOK', 'RPGL', 'SNDG', 'SUNE', 'OKLL']
05:21:36  universe: 71 from IBKR scanner + 68 extra from Alpaca
05:21:38  Wrote 33 gappers (33 kept): ['VRAX', 'RYOJ', 'FXHO', 'CRCA', 'CRCG', 'CBRG', 'AEHG', 'OPEG', 'SNWV', 'HPEL', 'LITU', 'PTLE', 'CNTB', 'RNAZ', 'ZSQR', 'RPGL', 'WOK', 'SNDG', 'SUNE', 'OKLL']
05:22:25  universe: 71 from IBKR scanner + 69 extra from Alpaca
05:22:27  Wrote 33 gappers (33 kept): ['VRAX', 'RYOJ', 'FXHO', 'CRCA', 'CRCG', 'CBRG', 'AEHG', 'OPEG', 'SNWV', 'HPEL', 'LITU', 'PTLE', 'CNTB', 'RPGL', 'RNAZ', 'ZSQR', 'WOK', 'SNDG', 'SUNE', 'OKLL']
05:23:14  universe: 72 from IBKR scanner + 69 extra from Alpaca
05:23:16  Wrote 34 gappers (34 kept): ['JLHL', 'VRAX', 'RYOJ', 'FXHO', 'CRCA', 'CRCG', 'CBRG', 'AEHG', 'OPEG', 'SNWV', 'HPEL', 'LITU', 'PTLE', 'CNTB', 'RPGL', 'RNAZ', 'ZSQR', 'WOK', 'SNDG', 'SUNE']
05:24:02  universe: 72 from IBKR scanner + 69 extra from Alpaca
05:24:04  Wrote 35 gappers (35 kept): ['JLHL', 'VRAX', 'RYOJ', 'FXHO', 'CRCA', 'CRCG', 'CBRG', 'AEHG', 'OPEG', 'SNWV', 'HPEL', 'LITU', 'PTLE', 'CNTB', 'RPGL', 'RNAZ', 'ZSQR', 'WOK', 'SNDG', 'SUNE']
05:24:51  universe: 72 from IBKR scanner + 69 extra from Alpaca
05:24:53  Wrote 35 gappers (35 kept): ['JLHL', 'VRAX', 'RYOJ', 'FXHO', 'CRCA', 'CRCG', 'CBRG', 'AEHG', 'OPEG', 'SNWV', 'HPEL', 'LITU', 'PTLE', 'CNTB', 'RPGL', 'RNAZ', 'ZSQR', 'WOK', 'SNDG', 'SUNE']
05:25:40  universe: 71 from IBKR scanner + 69 extra from Alpaca
05:25:42  Wrote 35 gappers (35 kept): ['JLHL', 'VRAX', 'RYOJ', 'FXHO', 'CRCA', 'CRCG', 'CBRG', 'AEHG', 'OPEG', 'SNWV', 'HPEL', 'LITU', 'PTLE', 'RPGL', 'RNAZ', 'ZSQR', 'CNTB', 'WOK', 'SNDG', 'SUNE']
05:26:29  universe: 72 from IBKR scanner + 69 extra from Alpaca
05:26:30  Wrote 35 gappers (35 kept): ['JLHL', 'VRAX', 'RYOJ', 'FXHO', 'AEHG', 'CRCA', 'CRCG', 'OPEG', 'CBRG', 'SNWV', 'HPEL', 'LITU', 'PTLE', 'RPGL', 'RNAZ', 'ZSQR', 'CNTB', 'WOK', 'SUNE', 'BNC']
05:27:17  universe: 71 from IBKR scanner + 69 extra from Alpaca
05:27:19  Wrote 35 gappers (35 kept): ['JLHL', 'VRAX', 'RYOJ', 'FXHO', 'AEHG', 'CRCA', 'CRCG', 'OPEG', 'CBRG', 'SNWV', 'HPEL', 'LITU', 'PTLE', 'RPGL', 'RNAZ', 'ZSQR', 'CNTB', 'WOK', 'SUNE', 'BNC']
05:28:06  universe: 71 from IBKR scanner + 68 extra from Alpaca
05:28:07  Wrote 35 gappers (35 kept): ['JLHL', 'VRAX', 'RYOJ', 'FXHO', 'AEHG', 'CRCA', 'CRCG', 'OPEG', 'CBRG', 'SNWV', 'HPEL', 'LITU', 'PTLE', 'RPGL', 'RNAZ', 'ZSQR', 'CNTB', 'WOK', 'SUNE', 'BNC']
05:28:54  universe: 71 from IBKR scanner + 69 extra from Alpaca
05:28:56  Wrote 35 gappers (35 kept): ['JLHL', 'VRAX', 'RYOJ', 'FXHO', 'AEHG', 'CRCA', 'CRCG', 'OPEG', 'CBRG', 'SNWV', 'HPEL', 'LITU', 'PTLE', 'RPGL', 'WOK', 'RNAZ', 'ZSQR', 'CNTB', 'SNDG', 'SUNE']
05:29:45  universe: 70 from IBKR scanner + 69 extra from Alpaca
05:29:46  Wrote 35 gappers (35 kept): ['JLHL', 'VRAX', 'RYOJ', 'FXHO', 'CRCA', 'AEHG', 'CRCG', 'OPEG', 'CBRG', 'SNWV', 'HPEL', 'LITU', 'PTLE', 'WOK', 'RNAZ', 'ZSQR', 'CNTB', 'RPGL', 'SUNE', 'BNC']
05:30:33  universe: 69 from IBKR scanner + 69 extra from Alpaca
05:30:35  Wrote 35 gappers (35 kept): ['JLHL', 'VRAX', 'RYOJ', 'FXHO', 'AEHG', 'CRCA', 'CRCG', 'OPEG', 'SNWV', 'CBRG', 'HPEL', 'LITU', 'PTLE', 'WOK', 'RNAZ', 'ZSQR', 'CNTB', 'RPGL', 'BNC', 'SNDG']
05:31:22  universe: 69 from IBKR scanner + 69 extra from Alpaca
05:31:24  Wrote 35 gappers (35 kept): ['JLHL', 'VRAX', 'RYOJ', 'FXHO', 'AEHG', 'CRCA', 'CRCG', 'OPEG', 'SNWV', 'HPEL', 'CBRG', 'LITU', 'PTLE', 'WOK', 'RNAZ', 'ZSQR', 'CNTB', 'RPGL', 'BNC', 'SUNE']
05:32:11  universe: 70 from IBKR scanner + 69 extra from Alpaca
05:32:13  Wrote 35 gappers (35 kept): ['JLHL', 'VRAX', 'RYOJ', 'FXHO', 'AEHG', 'CRCA', 'CRCG', 'OPEG', 'SNWV', 'HPEL', 'CBRG', 'LITU', 'PTLE', 'RNAZ', 'ZSQR', 'CNTB', 'WOK', 'RPGL', 'BNC', 'SUNE']
05:33:03  universe: 71 from IBKR scanner + 69 extra from Alpaca
05:33:05  Wrote 35 gappers (35 kept): ['JLHL', 'VRAX', 'RYOJ', 'FXHO', 'AEHG', 'CRCA', 'CRCG', 'OPEG', 'SNWV', 'HPEL', 'CBRG', 'LITU', 'PTLE', 'WOK', 'RNAZ', 'ZSQR', 'CNTB', 'RPGL', 'BNC', 'SUNE']
05:33:53  universe: 72 from IBKR scanner + 69 extra from Alpaca
05:33:54  Wrote 35 gappers (35 kept): ['JLHL', 'VRAX', 'RYOJ', 'FXHO', 'AEHG', 'CRCA', 'CRCG', 'OPEG', 'SNWV', 'HPEL', 'CBRG', 'LITU', 'PTLE', 'WOK', 'RNAZ', 'ZSQR', 'CNTB', 'RPGL', 'SUNE', 'BNC']
05:34:56  universe: 71 from IBKR scanner + 70 extra from Alpaca
05:34:58  Wrote 34 gappers (34 kept): ['VRAX', 'RYOJ', 'FXHO', 'AEHG', 'CRCA', 'CRCG', 'OPEG', 'SNWV', 'HPEL', 'LITU', 'CBRG', 'PTLE', 'WOK', 'RNAZ', 'ZSQR', 'CNTB', 'RPGL', 'BNC', 'SUNE', 'SNDG']
05:35:45  universe: 71 from IBKR scanner + 69 extra from Alpaca
05:35:47  Wrote 34 gappers (34 kept): ['VRAX', 'RYOJ', 'FXHO', 'AEHG', 'CRCA', 'CRCG', 'OPEG', 'SNWV', 'HPEL', 'LITU', 'CBRG', 'PTLE', 'WOK', 'RNAZ', 'ZSQR', 'CNTB', 'RPGL', 'BNC', 'SUNE', 'SNDG']
05:36:34  universe: 70 from IBKR scanner + 70 extra from Alpaca
05:36:35  Wrote 34 gappers (34 kept): ['VRAX', 'RYOJ', 'FXHO', 'AEHG', 'CRCA', 'CRCG', 'OPEG', 'SNWV', 'HPEL', 'LITU', 'CBRG', 'PTLE', 'WOK', 'RNAZ', 'ZSQR', 'CNTB', 'RPGL', 'SUNE', 'BNC', 'SNDG']
05:37:22  universe: 73 from IBKR scanner + 69 extra from Alpaca
05:37:24  Wrote 35 gappers (35 kept): ['JLHL', 'VRAX', 'RYOJ', 'FXHO', 'AEHG', 'CRCA', 'CRCG', 'OPEG', 'SNWV', 'HPEL', 'LITU', 'CBRG', 'PTLE', 'WOK', 'RNAZ', 'ZSQR', 'CNTB', 'RPGL', 'SUNE', 'BNC']
05:38:11  universe: 72 from IBKR scanner + 70 extra from Alpaca
05:38:13  Wrote 35 gappers (35 kept): ['VRAX', 'RYOJ', 'FXHO', 'AEHG', 'CRCA', 'CRCG', 'OPEG', 'SNWV', 'HPEL', 'LITU', 'CBRG', 'PTLE', 'WOK', 'RNAZ', 'ZSQR', 'CNTB', 'RPGL', 'SUNE', 'BNC', 'AAOX']
05:38:59  universe: 72 from IBKR scanner + 70 extra from Alpaca
05:39:01  Wrote 35 gappers (35 kept): ['VRAX', 'RYOJ', 'FXHO', 'AEHG', 'CRCA', 'CRCG', 'OPEG', 'SNWV', 'HPEL', 'LITU', 'CBRG', 'PTLE', 'WOK', 'RNAZ', 'ZSQR', 'CNTB', 'RPGL', 'SUNE', 'BNC', 'AAOX']
05:39:48  universe: 72 from IBKR scanner + 69 extra from Alpaca
05:39:50  Wrote 36 gappers (36 kept): ['JLHL', 'VRAX', 'RYOJ', 'FXHO', 'AEHG', 'CRCA', 'CRCG', 'OPEG', 'SNWV', 'HPEL', 'LITU', 'PTLE', 'CBRG', 'WOK', 'RNAZ', 'ZSQR', 'CNTB', 'RPGL', 'SUNE', 'AAOX']
05:40:36  universe: 73 from IBKR scanner + 69 extra from Alpaca
05:40:38  Wrote 36 gappers (36 kept): ['JLHL', 'VRAX', 'RYOJ', 'FXHO', 'AEHG', 'CRCA', 'CRCG', 'OPEG', 'SNWV', 'HPEL', 'LITU', 'PTLE', 'CBRG', 'WOK', 'RNAZ', 'ZSQR', 'CNTB', 'RPGL', 'SUNE', 'SNDG']
05:41:25  universe: 74 from IBKR scanner + 69 extra from Alpaca
05:41:27  Wrote 36 gappers (36 kept): ['JLHL', 'VRAX', 'RYOJ', 'FXHO', 'AEHG', 'CRCA', 'CRCG', 'OPEG', 'SNWV', 'HPEL', 'CBRG', 'LITU', 'PTLE', 'WOK', 'RNAZ', 'ZSQR', 'CNTB', 'RPGL', 'SUNE', 'SNDG']
05:42:14  universe: 73 from IBKR scanner + 69 extra from Alpaca
05:42:16  Wrote 35 gappers (35 kept): ['JLHL', 'VRAX', 'RYOJ', 'FXHO', 'AEHG', 'CRCA', 'CRCG', 'OPEG', 'SNWV', 'HPEL', 'CBRG', 'LITU', 'PTLE', 'WOK', 'RNAZ', 'ZSQR', 'CNTB', 'RPGL', 'SUNE', 'SNDG']
05:43:02  universe: 73 from IBKR scanner + 70 extra from Alpaca
05:43:04  Wrote 34 gappers (34 kept): ['JLHL', 'VRAX', 'RYOJ', 'FXHO', 'AEHG', 'CRCA', 'CRCG', 'OPEG', 'SNWV', 'HPEL', 'CBRG', 'LITU', 'PTLE', 'WOK', 'RNAZ', 'ZSQR', 'CNTB', 'SUNE', 'SNDG', 'OKLL']
05:43:51  universe: 73 from IBKR scanner + 69 extra from Alpaca
05:43:53  Wrote 35 gappers (35 kept): ['JLHL', 'VRAX', 'RYOJ', 'FXHO', 'AEHG', 'WOK', 'CRCA', 'CRCG', 'OPEG', 'SNWV', 'HPEL', 'CBRG', 'LITU', 'PTLE', 'RNAZ', 'ZSQR', 'CNTB', 'RPGL', 'SUNE', 'SNDG']
05:44:40  universe: 72 from IBKR scanner + 69 extra from Alpaca
05:44:42  Wrote 35 gappers (35 kept): ['JLHL', 'VRAX', 'RYOJ', 'FXHO', 'AEHG', 'WOK', 'CRCA', 'CRCG', 'OPEG', 'SNWV', 'HPEL', 'CBRG', 'LITU', 'PTLE', 'RNAZ', 'ZSQR', 'CNTB', 'RPGL', 'SUNE', 'SNDG']
05:45:29  universe: 72 from IBKR scanner + 68 extra from Alpaca
05:45:31  Wrote 35 gappers (35 kept): ['JLHL', 'VRAX', 'FXHO', 'RYOJ', 'AEHG', 'CRCA', 'CRCG', 'WOK', 'OPEG', 'SNWV', 'HPEL', 'CBRG', 'LITU', 'PTLE', 'RPGL', 'RNAZ', 'ZSQR', 'CNTB', 'SUNE', 'SNDG']
05:46:17  universe: 72 from IBKR scanner + 68 extra from Alpaca
05:46:19  Wrote 35 gappers (35 kept): ['JLHL', 'VRAX', 'FXHO', 'RYOJ', 'AEHG', 'CRCA', 'CRCG', 'WOK', 'OPEG', 'SNWV', 'CBRG', 'HPEL', 'LITU', 'PTLE', 'RNAZ', 'ZSQR', 'CNTB', 'RPGL', 'SUNE', 'SNDG']
05:47:06  universe: 72 from IBKR scanner + 68 extra from Alpaca
05:47:08  Wrote 36 gappers (36 kept): ['JLHL', 'VRAX', 'FXHO', 'RYOJ', 'AEHG', 'CRCA', 'CRCG', 'OPEG', 'SNWV', 'CBRG', 'HPEL', 'LITU', 'PTLE', 'WOK', 'RPGL', 'RNAZ', 'ZSQR', 'CNTB', 'SUNE', 'TKLF']
05:47:55  universe: 70 from IBKR scanner + 69 extra from Alpaca
05:47:56  Wrote 37 gappers (37 kept): ['JLHL', 'HAO', 'VRAX', 'FXHO', 'RYOJ', 'AEHG', 'CRCA', 'CRCG', 'OPEG', 'SNWV', 'CBRG', 'LITU', 'PTLE', 'WOK', 'HPEL', 'RPGL', 'RNAZ', 'ZSQR', 'CNTB', 'TKLF']
05:48:43  universe: 71 from IBKR scanner + 69 extra from Alpaca
05:48:45  Wrote 36 gappers (36 kept): ['JLHL', 'VRAX', 'FXHO', 'RYOJ', 'AEHG', 'CRCA', 'CRCG', 'OPEG', 'SNWV', 'CBRG', 'WOK', 'LITU', 'PTLE', 'HPEL', 'RPGL', 'RNAZ', 'ZSQR', 'CNTB', 'SNDG', 'SUNE']
05:49:32  universe: 71 from IBKR scanner + 69 extra from Alpaca
05:49:34  Wrote 36 gappers (36 kept): ['JLHL', 'VRAX', 'FXHO', 'RYOJ', 'AEHG', 'CRCA', 'CRCG', 'OPEG', 'SNWV', 'CBRG', 'LITU', 'PTLE', 'WOK', 'HPEL', 'RPGL', 'RNAZ', 'ZSQR', 'CNTB', 'SNDG', 'SUNE']
05:50:21  universe: 71 from IBKR scanner + 69 extra from Alpaca
05:50:23  Wrote 37 gappers (37 kept): ['JLHL', 'VRAX', 'FXHO', 'RYOJ', 'AEHG', 'CRCA', 'CRCG', 'OPEG', 'SNWV', 'CBRG', 'TKLF', 'LITU', 'PTLE', 'WOK', 'HPEL', 'RPGL', 'RNAZ', 'ZSQR', 'CNTB', 'SNDG']
05:51:10  universe: 73 from IBKR scanner + 69 extra from Alpaca
05:51:11  Wrote 37 gappers (37 kept): ['JLHL', 'VRAX', 'RYOJ', 'TKLF', 'FXHO', 'AEHG', 'CRCA', 'CRCG', 'WOK', 'OPEG', 'SNWV', 'CBRG', 'LITU', 'PTLE', 'HPEL', 'RNAZ', 'ZSQR', 'CNTB', 'RPGL', 'SNDG']
05:51:58  universe: 72 from IBKR scanner + 69 extra from Alpaca
05:52:00  Wrote 37 gappers (37 kept): ['JLHL', 'VRAX', 'RYOJ', 'FXHO', 'AEHG', 'CRCA', 'CRCG', 'OPEG', 'SNWV', 'WOK', 'CBRG', 'LITU', 'PTLE', 'HPEL', 'RNAZ', 'ZSQR', 'CNTB', 'RPGL', 'SUNE', 'SNDG']
05:52:47  universe: 72 from IBKR scanner + 69 extra from Alpaca
05:52:49  Wrote 37 gappers (37 kept): ['JLHL', 'VRAX', 'RYOJ', 'FXHO', 'AEHG', 'CRCA', 'CRCG', 'OPEG', 'SNWV', 'CBRG', 'WOK', 'LITU', 'PTLE', 'HPEL', 'RNAZ', 'RPGL', 'ZSQR', 'CNTB', 'SUNE', 'SNDG']
05:53:36  universe: 73 from IBKR scanner + 69 extra from Alpaca
05:53:38  Wrote 37 gappers (37 kept): ['JLHL', 'VRAX', 'RYOJ', 'FXHO', 'AEHG', 'CRCA', 'OPEG', 'SNWV', 'CRCG', 'CBRG', 'LITU', 'PTLE', 'WOK', 'HPEL', 'RNAZ', 'ZSQR', 'CNTB', 'RPGL', 'SUNE', 'SNDG']
05:54:24  universe: 74 from IBKR scanner + 69 extra from Alpaca
05:54:26  Wrote 37 gappers (37 kept): ['JLHL', 'VRAX', 'RYOJ', 'FXHO', 'AEHG', 'CRCA', 'CRCG', 'OPEG', 'SNWV', 'CBRG', 'WOK', 'LITU', 'PTLE', 'HPEL', 'RNAZ', 'ZSQR', 'CNTB', 'RPGL', 'SUNE', 'SNDG']
05:55:13  universe: 72 from IBKR scanner + 69 extra from Alpaca
05:55:15  Wrote 37 gappers (37 kept): ['JLHL', 'VRAX', 'RYOJ', 'FXHO', 'AEHG', 'CRCA', 'CRCG', 'OPEG', 'SNWV', 'CBRG', 'LITU', 'PTLE', 'WOK', 'HPEL', 'RNAZ', 'ZSQR', 'CNTB', 'RPGL', 'SUNE', 'SNDG']
05:56:02  universe: 73 from IBKR scanner + 69 extra from Alpaca
05:56:04  Wrote 37 gappers (37 kept): ['JLHL', 'VRAX', 'RYOJ', 'FXHO', 'AEHG', 'CRCA', 'CRCG', 'OPEG', 'SNWV', 'CBRG', 'LITU', 'PTLE', 'CNTB', 'WOK', 'HPEL', 'RNAZ', 'ZSQR', 'RPGL', 'SUNE', 'SNDG']
05:56:50  universe: 72 from IBKR scanner + 69 extra from Alpaca
05:56:52  Wrote 37 gappers (37 kept): ['JLHL', 'VRAX', 'RYOJ', 'FXHO', 'AEHG', 'CRCA', 'CRCG', 'OPEG', 'SNWV', 'LITU', 'PTLE', 'CBRG', 'CNTB', 'WOK', 'HPEL', 'RNAZ', 'ZSQR', 'RPGL', 'SUNE', 'SNDG']
05:57:39  universe: 72 from IBKR scanner + 69 extra from Alpaca
05:57:41  Wrote 37 gappers (37 kept): ['JLHL', 'VRAX', 'RYOJ', 'FXHO', 'AEHG', 'CRCA', 'ZSQR', 'OPEG', 'CRCG', 'SNWV', 'LITU', 'PTLE', 'CNTB', 'CBRG', 'WOK', 'HPEL', 'RNAZ', 'RPGL', 'SUNE', 'SNDG']
05:58:27  universe: 72 from IBKR scanner + 69 extra from Alpaca
05:58:29  Wrote 37 gappers (37 kept): ['JLHL', 'VRAX', 'RYOJ', 'FXHO', 'AEHG', 'ZSQR', 'CRCA', 'CRCG', 'OPEG', 'SNWV', 'LITU', 'PTLE', 'CNTB', 'CBRG', 'WOK', 'HPEL', 'RNAZ', 'RPGL', 'SUNE', 'SNDG']
05:59:16  universe: 73 from IBKR scanner + 69 extra from Alpaca
05:59:18  Wrote 37 gappers (37 kept): ['JLHL', 'VRAX', 'RYOJ', 'FXHO', 'AEHG', 'ZSQR', 'CRCA', 'CRCG', 'OPEG', 'SNWV', 'LITU', 'PTLE', 'WOK', 'CNTB', 'CBRG', 'HPEL', 'RNAZ', 'RPGL', 'SUNE', 'SNDG']
06:00:05  universe: 73 from IBKR scanner + 69 extra from Alpaca
06:00:07  Wrote 37 gappers (37 kept): ['JLHL', 'VRAX', 'RYOJ', 'FXHO', 'AEHG', 'ZSQR', 'CRCA', 'CRCG', 'OPEG', 'SNWV', 'LITU', 'WOK', 'PTLE', 'CNTB', 'CBRG', 'HPEL', 'RNAZ', 'RPGL', 'SUNE', 'SNDG']
06:00:54  universe: 73 from IBKR scanner + 69 extra from Alpaca
06:00:56  Wrote 37 gappers (37 kept): ['JLHL', 'VRAX', 'RYOJ', 'FXHO', 'AEHG', 'ZSQR', 'CRCA', 'OPEG', 'WOK', 'CRCG', 'SNWV', 'LITU', 'PTLE', 'CNTB', 'CBRG', 'HPEL', 'RNAZ', 'RPGL', 'SUNE', 'SNDG']
06:01:43  universe: 73 from IBKR scanner + 69 extra from Alpaca
06:01:45  Wrote 37 gappers (37 kept): ['JLHL', 'VRAX', 'RYOJ', 'FXHO', 'AEHG', 'ZSQR', 'CRCA', 'CRCG', 'OPEG', 'SNWV', 'WOK', 'LITU', 'PTLE', 'CNTB', 'CBRG', 'HPEL', 'RNAZ', 'RPGL', 'SUNE', 'SNDG']
06:02:32  universe: 73 from IBKR scanner + 69 extra from Alpaca
06:02:34  Wrote 36 gappers (36 kept): ['JLHL', 'VRAX', 'RYOJ', 'FXHO', 'AEHG', 'ZSQR', 'CRCA', 'OPEG', 'SNWV', 'CRCG', 'LITU', 'PTLE', 'WOK', 'CNTB', 'CBRG', 'HPEL', 'RPGL', 'RNAZ', 'SUNE', 'SNDG']
06:03:21  universe: 72 from IBKR scanner + 69 extra from Alpaca
06:03:23  Wrote 36 gappers (36 kept): ['JLHL', 'VRAX', 'RYOJ', 'FXHO', 'AEHG', 'ZSQR', 'CRCA', 'OPEG', 'CRCG', 'SNWV', 'LITU', 'PTLE', 'WOK', 'CNTB', 'CBRG', 'HPEL', 'RPGL', 'RNAZ', 'SUNE', 'SNDG']
06:04:10  universe: 72 from IBKR scanner + 69 extra from Alpaca
06:04:12  Wrote 36 gappers (36 kept): ['JLHL', 'VRAX', 'RYOJ', 'FXHO', 'AEHG', 'ZSQR', 'CRCA', 'OPEG', 'CRCG', 'SNWV', 'LITU', 'PTLE', 'WOK', 'CNTB', 'CBRG', 'HPEL', 'RNAZ', 'RPGL', 'SUNE', 'WNW']
06:04:58  universe: 73 from IBKR scanner + 69 extra from Alpaca
06:05:00  Wrote 36 gappers (36 kept): ['JLHL', 'VRAX', 'RYOJ', 'FXHO', 'ZSQR', 'AEHG', 'CRCA', 'OPEG', 'SNWV', 'CRCG', 'LITU', 'PTLE', 'CNTB', 'CBRG', 'WOK', 'HPEL', 'RNAZ', 'RPGL', 'SUNE', 'SNDG']
06:05:47  universe: 73 from IBKR scanner + 69 extra from Alpaca
06:05:49  Wrote 36 gappers (36 kept): ['JLHL', 'VRAX', 'RYOJ', 'FXHO', 'ZSQR', 'AEHG', 'CRCA', 'OPEG', 'SNWV', 'CRCG', 'LITU', 'PTLE', 'CNTB', 'CBRG', 'HPEL', 'WOK', 'RNAZ', 'RPGL', 'SUNE', 'WNW']
06:06:36  universe: 72 from IBKR scanner + 69 extra from Alpaca
06:06:38  Wrote 36 gappers (36 kept): ['JLHL', 'VRAX', 'RYOJ', 'FXHO', 'ZSQR', 'AEHG', 'CRCA', 'OPEG', 'SNWV', 'CRCG', 'LITU', 'PTLE', 'CNTB', 'WOK', 'CBRG', 'HPEL', 'RPGL', 'RNAZ', 'SUNE', 'SNDG']
06:07:25  universe: 72 from IBKR scanner + 68 extra from Alpaca
06:07:27  Wrote 36 gappers (36 kept): ['JLHL', 'VRAX', 'RYOJ', 'FXHO', 'ZSQR', 'AEHG', 'CRCA', 'OPEG', 'CRCG', 'SNWV', 'LITU', 'PTLE', 'CNTB', 'WOK', 'CBRG', 'HPEL', 'RPGL', 'RNAZ', 'SUNE', 'SNDG']
06:08:14  universe: 71 from IBKR scanner + 68 extra from Alpaca
06:08:16  Wrote 36 gappers (36 kept): ['JLHL', 'VRAX', 'RYOJ', 'FXHO', 'ZSQR', 'AEHG', 'CRCA', 'OPEG', 'CRCG', 'SNWV', 'LITU', 'PTLE', 'CNTB', 'CBRG', 'HPEL', 'WOK', 'RPGL', 'RNAZ', 'SUNE', 'WNW']
06:09:02  universe: 72 from IBKR scanner + 68 extra from Alpaca
06:09:04  Wrote 36 gappers (36 kept): ['JLHL', 'VRAX', 'RYOJ', 'FXHO', 'ZSQR', 'AEHG', 'OPEG', 'SNWV', 'CRCA', 'LITU', 'PTLE', 'CRCG', 'CNTB', 'CBRG', 'WOK', 'HPEL', 'RPGL', 'RNAZ', 'SUNE', 'SNDG']
06:09:51  universe: 73 from IBKR scanner + 68 extra from Alpaca
06:09:53  Wrote 38 gappers (38 kept): ['JLHL', 'VRAX', 'RYOJ', 'FXHO', 'ZSQR', 'AEHG', 'OPEG', 'SNWV', 'CRCA', 'LITU', 'CRCG', 'RPGL', 'PTLE', 'CNTB', 'CBRG', 'WOK', 'HPEL', 'RNAZ', 'SUNE', 'IQMX']
06:10:40  universe: 73 from IBKR scanner + 68 extra from Alpaca
06:10:42  Wrote 38 gappers (38 kept): ['JLHL', 'VRAX', 'RYOJ', 'FXHO', 'ZSQR', 'AEHG', 'CRCA', 'OPEG', 'SNWV', 'CRCG', 'LITU', 'RPGL', 'PTLE', 'CNTB', 'CBRG', 'WOK', 'HPEL', 'RNAZ', 'SUNE', 'IQMX']
06:11:29  universe: 73 from IBKR scanner + 68 extra from Alpaca
06:11:30  Wrote 38 gappers (38 kept): ['JLHL', 'VRAX', 'RYOJ', 'FXHO', 'ZSQR', 'AEHG', 'OPEG', 'SNWV', 'CRCA', 'RPGL', 'LITU', 'PTLE', 'CRCG', 'CNTB', 'CBRG', 'HPEL', 'WOK', 'RNAZ', 'SUNE', 'IQMX']
06:12:18  universe: 72 from IBKR scanner + 69 extra from Alpaca
06:12:20  Wrote 38 gappers (38 kept): ['JLHL', 'VRAX', 'RYOJ', 'FXHO', 'ZSQR', 'AEHG', 'OPEG', 'SNWV', 'RPGL', 'LITU', 'PTLE', 'CRCA', 'CNTB', 'CBRG', 'WOK', 'HPEL', 'CRCG', 'RNAZ', 'SUNE', 'IQMX']
06:13:06  universe: 72 from IBKR scanner + 68 extra from Alpaca
06:13:08  Wrote 38 gappers (38 kept): ['JLHL', 'VRAX', 'RYOJ', 'FXHO', 'ZSQR', 'OPEG', 'SNWV', 'LITU', 'RPGL', 'PTLE', 'AEHG', 'CRCA', 'CNTB', 'CBRG', 'CRCG', 'HPEL', 'WOK', 'RNAZ', 'SUNE', 'IQMX']
06:13:55  universe: 74 from IBKR scanner + 69 extra from Alpaca
06:13:57  Wrote 37 gappers (37 kept): ['JLHL', 'VRAX', 'RYOJ', 'FXHO', 'ZSQR', 'OPEG', 'SNWV', 'RPGL', 'PTLE', 'AEHG', 'CBRG', 'CRCA', 'CNTB', 'LITU', 'CRCG', 'WOK', 'HPEL', 'RNAZ', 'SUNE', 'IQMX']
06:14:44  universe: 75 from IBKR scanner + 69 extra from Alpaca
06:14:46  Wrote 37 gappers (37 kept): ['JLHL', 'VRAX', 'RYOJ', 'FXHO', 'ZSQR', 'OPEG', 'SNWV', 'RPGL', 'CBRG', 'PTLE', 'AEHG', 'CRCA', 'CNTB', 'CRCG', 'LITU', 'HPEL', 'WOK', 'RNAZ', 'SUNE', 'SNDG']
06:15:33  universe: 75 from IBKR scanner + 69 extra from Alpaca
06:15:35  Wrote 37 gappers (37 kept): ['JLHL', 'VRAX', 'RYOJ', 'FXHO', 'ZSQR', 'OPEG', 'SNWV', 'RPGL', 'CBRG', 'PTLE', 'AEHG', 'CNTB', 'CRCA', 'LITU', 'HPEL', 'CRCG', 'WOK', 'RNAZ', 'SUNE', 'SNDG']
06:16:22  universe: 75 from IBKR scanner + 69 extra from Alpaca
06:16:24  Wrote 37 gappers (37 kept): ['JLHL', 'VRAX', 'RYOJ', 'FXHO', 'ZSQR', 'OPEG', 'SNWV', 'RPGL', 'CBRG', 'PTLE', 'AEHG', 'CNTB', 'LITU', 'CRCA', 'HPEL', 'WOK', 'CRCG', 'RNAZ', 'SUNE', 'SNDG']
06:17:10  universe: 75 from IBKR scanner + 69 extra from Alpaca
06:17:12  Wrote 37 gappers (37 kept): ['JLHL', 'VRAX', 'RYOJ', 'FXHO', 'ZSQR', 'OPEG', 'SNWV', 'RPGL', 'PTLE', 'AEHG', 'CBRG', 'CNTB', 'LITU', 'WOK', 'HPEL', 'CRCA', 'CRCG', 'RNAZ', 'SUNE', 'SNDG']
06:17:59  universe: 75 from IBKR scanner + 69 extra from Alpaca
06:18:01  Wrote 37 gappers (37 kept): ['JLHL', 'VRAX', 'RYOJ', 'FXHO', 'ZSQR', 'OPEG', 'SNWV', 'RPGL', 'PTLE', 'AEHG', 'CBRG', 'CNTB', 'LITU', 'HPEL', 'CRCA', 'CRCG', 'WOK', 'RNAZ', 'SUNE', 'SNDG']
06:18:48  universe: 75 from IBKR scanner + 69 extra from Alpaca
06:18:50  Wrote 37 gappers (37 kept): ['JLHL', 'VRAX', 'RYOJ', 'FXHO', 'ZSQR', 'OPEG', 'SNWV', 'RPGL', 'PTLE', 'AEHG', 'CBRG', 'CNTB', 'LITU', 'HPEL', 'WOK', 'CRCA', 'RNAZ', 'CRCG', 'SUNE', 'SNDG']
06:19:37  universe: 75 from IBKR scanner + 69 extra from Alpaca
06:19:39  Wrote 37 gappers (37 kept): ['JLHL', 'VRAX', 'RYOJ', 'FXHO', 'ZSQR', 'OPEG', 'SNWV', 'RPGL', 'PTLE', 'AEHG', 'CBRG', 'CNTB', 'LITU', 'HPEL', 'CRCA', 'WOK', 'RNAZ', 'CRCG', 'SUNE', 'SNDG']
06:20:25  universe: 74 from IBKR scanner + 69 extra from Alpaca
06:20:27  Wrote 38 gappers (38 kept): ['JLHL', 'VRAX', 'RYOJ', 'FXHO', 'ZSQR', 'OPEG', 'SNWV', 'RPGL', 'PTLE', 'AEHG', 'CBRG', 'CNTB', 'LITU', 'HPEL', 'CRCA', 'CRCG', 'WOK', 'RNAZ', 'SUNE', 'IQMX']
06:21:14  universe: 75 from IBKR scanner + 69 extra from Alpaca
06:21:16  Wrote 38 gappers (38 kept): ['JLHL', 'VRAX', 'RYOJ', 'FXHO', 'ZSQR', 'OPEG', 'SNWV', 'PTLE', 'AEHG', 'CBRG', 'RPGL', 'CNTB', 'CRCA', 'LITU', 'WOK', 'HPEL', 'CRCG', 'RNAZ', 'BNC', 'SUNE']
06:22:03  universe: 75 from IBKR scanner + 69 extra from Alpaca
06:22:04  Wrote 39 gappers (39 kept): ['JLHL', 'VRAX', 'RYOJ', 'FXHO', 'RPGL', 'ZSQR', 'OPEG', 'SNWV', 'PTLE', 'AEHG', 'CBRG', 'CNTB', 'CRCA', 'LITU', 'WOK', 'HPEL', 'CRCG', 'RNAZ', 'BNC', 'SUNE']
06:22:51  universe: 76 from IBKR scanner + 69 extra from Alpaca
06:22:53  Wrote 40 gappers (40 kept): ['JLHL', 'VRAX', 'RYOJ', 'FXHO', 'RPGL', 'ZSQR', 'OPEG', 'SNWV', 'WOK', 'PTLE', 'AEHG', 'CBRG', 'CRCA', 'CNTB', 'LITU', 'HPEL', 'CRCG', 'RNAZ', 'SUNE', 'SOFX']
06:23:40  universe: 74 from IBKR scanner + 70 extra from Alpaca
06:23:42  Wrote 40 gappers (40 kept): ['JLHL', 'VRAX', 'RYOJ', 'FXHO', 'RPGL', 'ZSQR', 'OPEG', 'SNWV', 'PTLE', 'AEHG', 'CBRG', 'WOK', 'CNTB', 'CRCA', 'LITU', 'HPEL', 'CRCG', 'RNAZ', 'SOFX', 'SUNE']
06:24:28  universe: 74 from IBKR scanner + 70 extra from Alpaca
06:24:30  Wrote 40 gappers (40 kept): ['JLHL', 'VRAX', 'RYOJ', 'FXHO', 'ZSQR', 'RPGL', 'OPEG', 'SNWV', 'WOK', 'PTLE', 'AEHG', 'CBRG', 'CRCA', 'CNTB', 'LITU', 'CRCG', 'HPEL', 'RNAZ', 'SOFX', 'SUNE']
06:25:17  universe: 75 from IBKR scanner + 69 extra from Alpaca
06:25:19  Wrote 40 gappers (40 kept): ['JLHL', 'VRAX', 'RYOJ', 'FXHO', 'ZSQR', 'RPGL', 'OPEG', 'SNWV', 'CNTB', 'CRCA', 'PTLE', 'AEHG', 'CBRG', 'WOK', 'CRCG', 'LITU', 'HPEL', 'RNAZ', 'SOFX', 'SUNE']
06:26:05  universe: 75 from IBKR scanner + 69 extra from Alpaca
06:26:07  Wrote 40 gappers (40 kept): ['JLHL', 'VRAX', 'RYOJ', 'FXHO', 'ZSQR', 'RPGL', 'OPEG', 'WOK', 'SNWV', 'CNTB', 'PTLE', 'AEHG', 'CBRG', 'CRCA', 'LITU', 'CRCG', 'HPEL', 'RNAZ', 'SUNE', 'SOFX']
06:26:54  universe: 76 from IBKR scanner + 69 extra from Alpaca
06:26:56  Wrote 40 gappers (40 kept): ['JLHL', 'VRAX', 'RYOJ', 'FXHO', 'ZSQR', 'RPGL', 'OPEG', 'CRCA', 'SNWV', 'CRCG', 'WOK', 'CNTB', 'PTLE', 'AEHG', 'CBRG', 'LITU', 'HPEL', 'RNAZ', 'SUNE', 'SOFX']
06:27:43  universe: 74 from IBKR scanner + 70 extra from Alpaca
06:27:45  Wrote 40 gappers (40 kept): ['JLHL', 'VRAX', 'RYOJ', 'FXHO', 'ZSQR', 'WOK', 'RPGL', 'CRCA', 'OPEG', 'CRCG', 'SNWV', 'CNTB', 'PTLE', 'AEHG', 'CBRG', 'LITU', 'HPEL', 'RNAZ', 'SUNE', 'SOFX']
06:28:31  universe: 74 from IBKR scanner + 69 extra from Alpaca
06:28:33  Wrote 40 gappers (40 kept): ['JLHL', 'VRAX', 'RYOJ', 'FXHO', 'WOK', 'ZSQR', 'RPGL', 'CRCA', 'OPEG', 'CRCG', 'SNWV', 'AEHG', 'CNTB', 'PTLE', 'CBRG', 'LITU', 'HPEL', 'RNAZ', 'SUNE', 'SOFX']
06:29:21  universe: 74 from IBKR scanner + 70 extra from Alpaca
06:29:23  Wrote 40 gappers (40 kept): ['JLHL', 'VRAX', 'RYOJ', 'WOK', 'FXHO', 'ZSQR', 'CRCA', 'RPGL', 'OPEG', 'CRCG', 'SNWV', 'AEHG', 'CNTB', 'PTLE', 'CBRG', 'LITU', 'TKLF', 'HPEL', 'RNAZ', 'SUNE']
06:30:09  universe: 74 from IBKR scanner + 70 extra from Alpaca
06:30:11  Wrote 40 gappers (40 kept): ['JLHL', 'VRAX', 'RYOJ', 'FXHO', 'WOK', 'CRCA', 'ZSQR', 'RPGL', 'CRCG', 'OPEG', 'SNWV', 'AEHG', 'CNTB', 'PTLE', 'LITU', 'CBRG', 'HPEL', 'RNAZ', 'TKLF', 'SUNE']
06:30:58  universe: 74 from IBKR scanner + 69 extra from Alpaca
06:31:00  Wrote 40 gappers (40 kept): ['JLHL', 'VRAX', 'RYOJ', 'FXHO', 'ZSQR', 'WOK', 'RPGL', 'CRCA', 'OPEG', 'CRCG', 'SNWV', 'AEHG', 'CNTB', 'PTLE', 'LITU', 'CBRG', 'HPEL', 'RNAZ', 'TKLF', 'SUNE']
06:31:47  universe: 74 from IBKR scanner + 69 extra from Alpaca
06:31:49  Wrote 40 gappers (40 kept): ['JLHL', 'VRAX', 'RYOJ', 'FXHO', 'CRCG', 'CRCA', 'ZSQR', 'TKLF', 'WOK', 'OPEG', 'RPGL', 'SNWV', 'AEHG', 'CNTB', 'PTLE', 'LITU', 'CBRG', 'HPEL', 'RNAZ', 'SUNE']
06:32:36  universe: 74 from IBKR scanner + 69 extra from Alpaca
06:32:37  Wrote 40 gappers (40 kept): ['JLHL', 'VRAX', 'RYOJ', 'FXHO', 'CRCA', 'CRCG', 'OPEG', 'RPGL', 'WOK', 'SNWV', 'AEHG', 'CNTB', 'ZSQR', 'PTLE', 'LITU', 'TKLF', 'CBRG', 'HPEL', 'RNAZ', 'SUNE']
06:33:24  universe: 74 from IBKR scanner + 69 extra from Alpaca
06:33:26  Wrote 40 gappers (40 kept): ['JLHL', 'VRAX', 'RYOJ', 'FXHO', 'CRCA', 'CRCG', 'RPGL', 'OPEG', 'WOK', 'SNWV', 'AEHG', 'CNTB', 'ZSQR', 'PTLE', 'LITU', 'CBRG', 'HPEL', 'RNAZ', 'SUNE', 'TKLF']
06:34:13  universe: 74 from IBKR scanner + 69 extra from Alpaca
06:34:15  Wrote 40 gappers (40 kept): ['JLHL', 'VRAX', 'RYOJ', 'CRCA', 'FXHO', 'CRCG', 'RPGL', 'OPEG', 'WOK', 'SNWV', 'AEHG', 'CNTB', 'ZSQR', 'PTLE', 'LITU', 'CBRG', 'HPEL', 'RNAZ', 'SUNE', 'TKLF']
06:35:02  universe: 74 from IBKR scanner + 69 extra from Alpaca
06:35:04  Wrote 40 gappers (40 kept): ['JLHL', 'VRAX', 'RYOJ', 'CRCA', 'FXHO', 'CRCG', 'RPGL', 'OPEG', 'WOK', 'SNWV', 'AEHG', 'CNTB', 'ZSQR', 'PTLE', 'LITU', 'CBRG', 'HPEL', 'RNAZ', 'SUNE', 'TKLF']
06:35:51  universe: 74 from IBKR scanner + 69 extra from Alpaca
06:35:53  Wrote 40 gappers (40 kept): ['JLHL', 'VRAX', 'RYOJ', 'CRCA', 'FXHO', 'CRCG', 'OPEG', 'RPGL', 'SNWV', 'AEHG', 'WOK', 'CNTB', 'ZSQR', 'PTLE', 'LITU', 'CBRG', 'HPEL', 'RNAZ', 'SUNE', 'TKLF']
06:36:40  universe: 74 from IBKR scanner + 69 extra from Alpaca
06:36:41  Wrote 40 gappers (40 kept): ['JLHL', 'VRAX', 'RYOJ', 'CRCA', 'FXHO', 'CRCG', 'OPEG', 'RPGL', 'SNWV', 'AEHG', 'WOK', 'CNTB', 'ZSQR', 'PTLE', 'LITU', 'HPEL', 'CBRG', 'RNAZ', 'TKLF', 'SUNE']
06:37:29  universe: 74 from IBKR scanner + 69 extra from Alpaca
06:37:30  Wrote 40 gappers (40 kept): ['JLHL', 'VRAX', 'RYOJ', 'CRCA', 'FXHO', 'CRCG', 'OPEG', 'RPGL', 'SNWV', 'AEHG', 'WOK', 'CNTB', 'ZSQR', 'PTLE', 'LITU', 'HPEL', 'CBRG', 'RNAZ', 'TKLF', 'SUNE']
06:38:17  universe: 74 from IBKR scanner + 69 extra from Alpaca
06:38:19  Wrote 40 gappers (40 kept): ['JLHL', 'VRAX', 'RYOJ', 'FXHO', 'CRCA', 'CRCG', 'OPEG', 'SNWV', 'AEHG', 'CNTB', 'ZSQR', 'PTLE', 'WOK', 'RPGL', 'LITU', 'HPEL', 'CBRG', 'RNAZ', 'TKLF', 'SUNE']
06:39:06  universe: 74 from IBKR scanner + 69 extra from Alpaca
06:39:08  Wrote 40 gappers (40 kept): ['JLHL', 'VRAX', 'RYOJ', 'CRCA', 'FXHO', 'CRCG', 'OPEG', 'TKLF', 'SNWV', 'AEHG', 'ZSQR', 'PTLE', 'CNTB', 'RPGL', 'LITU', 'WOK', 'HPEL', 'CBRG', 'RNAZ', 'SUNE']
06:39:55  universe: 75 from IBKR scanner + 69 extra from Alpaca
06:39:56  Wrote 40 gappers (40 kept): ['JLHL', 'VRAX', 'RYOJ', 'CRCA', 'FXHO', 'CRCG', 'OPEG', 'SNWV', 'AEHG', 'ZSQR', 'PTLE', 'CNTB', 'LITU', 'RPGL', 'WOK', 'HPEL', 'CBRG', 'RNAZ', 'SUNE', 'TKLF']
06:40:43  universe: 75 from IBKR scanner + 68 extra from Alpaca
06:40:45  Wrote 40 gappers (40 kept): ['JLHL', 'VRAX', 'RYOJ', 'CRCA', 'CRCG', 'FXHO', 'RPGL', 'OPEG', 'SNWV', 'AEHG', 'TKLF', 'WOK', 'ZSQR', 'PTLE', 'CNTB', 'LITU', 'HPEL', 'CBRG', 'RNAZ', 'SUNE']
06:41:32  universe: 75 from IBKR scanner + 69 extra from Alpaca
06:41:34  Wrote 40 gappers (40 kept): ['JLHL', 'VRAX', 'RYOJ', 'CRCA', 'FXHO', 'CRCG', 'RPGL', 'OPEG', 'SNWV', 'AEHG', 'TKLF', 'ZSQR', 'PTLE', 'CNTB', 'WOK', 'LITU', 'HPEL', 'CBRG', 'RNAZ', 'SUNE']
06:42:21  universe: 74 from IBKR scanner + 69 extra from Alpaca
06:42:23  Wrote 40 gappers (40 kept): ['JLHL', 'VRAX', 'RYOJ', 'TKLF', 'FXHO', 'CRCA', 'CRCG', 'RPGL', 'OPEG', 'SNWV', 'AEHG', 'ZSQR', 'PTLE', 'CNTB', 'WOK', 'LITU', 'HPEL', 'CBRG', 'SUNE', 'RNAZ']
06:43:10  universe: 75 from IBKR scanner + 68 extra from Alpaca
06:43:12  Wrote 40 gappers (40 kept): ['JLHL', 'VRAX', 'RYOJ', 'FXHO', 'CRCA', 'CRCG', 'RPGL', 'TKLF', 'OPEG', 'SNWV', 'AEHG', 'SUNE', 'ZSQR', 'PTLE', 'CNTB', 'WOK', 'LITU', 'HPEL', 'CBRG', 'RNAZ']
06:43:59  universe: 75 from IBKR scanner + 68 extra from Alpaca
06:44:01  Wrote 40 gappers (40 kept): ['JLHL', 'VRAX', 'RYOJ', 'FXHO', 'CRCA', 'RPGL', 'CRCG', 'OPEG', 'SNWV', 'AEHG', 'TKLF', 'SUNE', 'ZSQR', 'PTLE', 'CNTB', 'LITU', 'WOK', 'HPEL', 'CBRG', 'RNAZ']
06:44:48  universe: 74 from IBKR scanner + 69 extra from Alpaca
06:44:49  Wrote 40 gappers (40 kept): ['JLHL', 'VRAX', 'RYOJ', 'FXHO', 'CRCA', 'RPGL', 'CRCG', 'OPEG', 'SNWV', 'AEHG', 'SUNE', 'ZSQR', 'PTLE', 'CNTB', 'LITU', 'WOK', 'HPEL', 'CBRG', 'TKLF', 'RNAZ']
06:45:37  universe: 74 from IBKR scanner + 70 extra from Alpaca
06:45:39  Wrote 40 gappers (40 kept): ['JLHL', 'VRAX', 'RYOJ', 'FXHO', 'CRCA', 'RPGL', 'CRCG', 'OPEG', 'SNWV', 'AEHG', 'ZSQR', 'PTLE', 'CNTB', 'LITU', 'SUNE', 'WOK', 'HPEL', 'CBRG', 'TKLF', 'RNAZ']
06:46:26  universe: 74 from IBKR scanner + 69 extra from Alpaca
06:46:28  Wrote 40 gappers (40 kept): ['JLHL', 'VRAX', 'RYOJ', 'FXHO', 'CRCA', 'CRCG', 'RPGL', 'OPEG', 'SNWV', 'AEHG', 'ZSQR', 'PTLE', 'CNTB', 'WOK', 'LITU', 'SUNE', 'TKLF', 'HPEL', 'CBRG', 'RNAZ']
06:47:14  universe: 73 from IBKR scanner + 70 extra from Alpaca
06:47:16  Wrote 40 gappers (40 kept): ['JLHL', 'VRAX', 'RYOJ', 'FXHO', 'RPGL', 'CRCA', 'CRCG', 'OPEG', 'SUNE', 'SNWV', 'AEHG', 'ZSQR', 'PTLE', 'CNTB', 'WOK', 'LITU', 'HPEL', 'CBRG', 'RNAZ', 'SOFX']
06:48:03  universe: 72 from IBKR scanner + 70 extra from Alpaca
06:48:05  Wrote 41 gappers (41 kept): ['JLHL', 'VRAX', 'RYOJ', 'FXHO', 'RPGL', 'CRCA', 'SUNE', 'OPEG', 'CRCG', 'SNWV', 'AEHG', 'ZSQR', 'PTLE', 'WOK', 'CNTB', 'LITU', 'HPEL', 'CBRG', 'RNAZ', 'SOFX']
06:48:52  universe: 72 from IBKR scanner + 70 extra from Alpaca
06:48:53  Wrote 41 gappers (41 kept): ['JLHL', 'VRAX', 'RYOJ', 'FXHO', 'RPGL', 'CRCA', 'CRCG', 'OPEG', 'SNWV', 'AEHG', 'SUNE', 'WOK', 'ZSQR', 'PTLE', 'CNTB', 'LITU', 'HPEL', 'CBRG', 'RNAZ', 'SOFX']
06:49:41  universe: 72 from IBKR scanner + 70 extra from Alpaca
06:49:43  Wrote 41 gappers (41 kept): ['JLHL', 'VRAX', 'RYOJ', 'FXHO', 'RPGL', 'CRCA', 'SUNE', 'CRCG', 'OPEG', 'WOK', 'SNWV', 'AEHG', 'ZSQR', 'PTLE', 'CNTB', 'LITU', 'HPEL', 'CBRG', 'RNAZ', 'SOFX']
06:50:30  universe: 72 from IBKR scanner + 70 extra from Alpaca
06:50:31  Wrote 41 gappers (41 kept): ['JLHL', 'VRAX', 'RYOJ', 'FXHO', 'SUNE', 'CRCA', 'OPEG', 'RPGL', 'CRCG', 'WOK', 'SNWV', 'AEHG', 'ZSQR', 'PTLE', 'CNTB', 'LITU', 'HPEL', 'CBRG', 'RNAZ', 'SOFX']
06:51:19  universe: 73 from IBKR scanner + 70 extra from Alpaca
06:51:20  Wrote 41 gappers (41 kept): ['JLHL', 'VRAX', 'RYOJ', 'FXHO', 'WOK', 'SUNE', 'CRCA', 'OPEG', 'RPGL', 'SNWV', 'CRCG', 'AEHG', 'ZSQR', 'PTLE', 'CNTB', 'LITU', 'HPEL', 'CBRG', 'RNAZ', 'SOFX']
06:52:07  universe: 73 from IBKR scanner + 70 extra from Alpaca
06:52:09  Wrote 41 gappers (41 kept): ['JLHL', 'VRAX', 'RYOJ', 'FXHO', 'WOK', 'CRCA', 'SUNE', 'OPEG', 'CRCG', 'SNWV', 'AEHG', 'RPGL', 'ZSQR', 'PTLE', 'CNTB', 'LITU', 'HPEL', 'RNAZ', 'CBRG', 'SOFX']
06:52:56  universe: 74 from IBKR scanner + 70 extra from Alpaca
06:52:58  Wrote 41 gappers (41 kept): ['JLHL', 'VRAX', 'RYOJ', 'FXHO', 'WOK', 'OPEG', 'SUNE', 'CRCA', 'SNWV', 'AEHG', 'RPGL', 'CRCG', 'ZSQR', 'PTLE', 'CNTB', 'LITU', 'HPEL', 'RNAZ', 'CBRG', 'CRE']
06:53:45  universe: 74 from IBKR scanner + 70 extra from Alpaca
06:53:47  Wrote 41 gappers (41 kept): ['JLHL', 'VRAX', 'RYOJ', 'FXHO', 'WOK', 'SUNE', 'OPEG', 'CRCA', 'SNWV', 'AEHG', 'CRCG', 'RPGL', 'PTLE', 'CNTB', 'LITU', 'HPEL', 'ZSQR', 'RNAZ', 'CBRG', 'TKLF']
06:54:33  universe: 74 from IBKR scanner + 70 extra from Alpaca
06:54:35  Wrote 41 gappers (41 kept): ['JLHL', 'VRAX', 'RYOJ', 'FXHO', 'WOK', 'OPEG', 'CRCA', 'SUNE', 'SNWV', 'CRCG', 'AEHG', 'RPGL', 'PTLE', 'CNTB', 'LITU', 'HPEL', 'ZSQR', 'RNAZ', 'CBRG', 'TKLF']
06:55:22  universe: 74 from IBKR scanner + 70 extra from Alpaca
06:55:24  Wrote 41 gappers (41 kept): ['JLHL', 'VRAX', 'RYOJ', 'FXHO', 'WOK', 'OPEG', 'SUNE', 'CRCA', 'SNWV', 'AEHG', 'CRCG', 'RPGL', 'PTLE', 'CNTB', 'LITU', 'TKLF', 'HPEL', 'ZSQR', 'RNAZ', 'CBRG']
06:56:11  universe: 74 from IBKR scanner + 70 extra from Alpaca
06:56:13  Wrote 41 gappers (41 kept): ['JLHL', 'VRAX', 'RYOJ', 'WOK', 'FXHO', 'CRCA', 'OPEG', 'CRCG', 'SNWV', 'RPGL', 'AEHG', 'SUNE', 'PTLE', 'CNTB', 'LITU', 'TKLF', 'HPEL', 'ZSQR', 'RNAZ', 'CBRG']
06:57:00  universe: 74 from IBKR scanner + 70 extra from Alpaca
06:57:02  Wrote 41 gappers (41 kept): ['JLHL', 'VRAX', 'RYOJ', 'FXHO', 'WOK', 'OPEG', 'CRCA', 'SUNE', 'SNWV', 'RPGL', 'CRCG', 'AEHG', 'PTLE', 'CNTB', 'LITU', 'HPEL', 'ZSQR', 'TKLF', 'RNAZ', 'CBRG']
06:57:48  universe: 73 from IBKR scanner + 71 extra from Alpaca
06:57:50  Wrote 41 gappers (41 kept): ['JLHL', 'VRAX', 'RYOJ', 'WOK', 'FXHO', 'OPEG', 'CRCA', 'SUNE', 'SNWV', 'RPGL', 'AEHG', 'CRCG', 'PTLE', 'CNTB', 'LITU', 'HPEL', 'ZSQR', 'TKLF', 'RNAZ', 'CBRG']
06:58:37  universe: 74 from IBKR scanner + 70 extra from Alpaca
06:58:39  Wrote 41 gappers (41 kept): ['JLHL', 'VRAX', 'RYOJ', 'FXHO', 'WOK', 'OPEG', 'CRCA', 'SNWV', 'RPGL', 'AEHG', 'CRCG', 'PTLE', 'CNTB', 'LITU', 'SUNE', 'TKLF', 'HPEL', 'ZSQR', 'RNAZ', 'CBRG']
06:59:26  universe: 72 from IBKR scanner + 71 extra from Alpaca
06:59:28  Wrote 41 gappers (41 kept): ['JLHL', 'VRAX', 'RYOJ', 'FXHO', 'WOK', 'OPEG', 'CRCA', 'CRCG', 'SNWV', 'RPGL', 'AEHG', 'PTLE', 'SUNE', 'CNTB', 'LITU', 'HPEL', 'ZSQR', 'RNAZ', 'CBRG', 'TKLF']
07:00:15  universe: 73 from IBKR scanner + 70 extra from Alpaca
07:00:19  Wrote 41 gappers (41 kept): ['JLHL', 'VRAX', 'RYOJ', 'WOK', 'FXHO', 'CRCA', 'OPEG', 'CRCG', 'SNWV', 'RPGL', 'AEHG', 'SUNE', 'PTLE', 'CNTB', 'HPEL', 'ZSQR', 'LITU', 'RNAZ', 'CBRG', 'TKLF']
07:01:05  universe: 72 from IBKR scanner + 70 extra from Alpaca
07:01:07  Wrote 41 gappers (41 kept): ['JLHL', 'VRAX', 'RYOJ', 'WOK', 'FXHO', 'CRCA', 'OPEG', 'CRCG', 'SUNE', 'SNWV', 'RPGL', 'AEHG', 'PTLE', 'CNTB', 'HPEL', 'ZSQR', 'LITU', 'RNAZ', 'CBRG', 'SOFX']
07:01:54  universe: 72 from IBKR scanner + 71 extra from Alpaca
07:01:56  Wrote 41 gappers (41 kept): ['JLHL', 'VRAX', 'RYOJ', 'WOK', 'FXHO', 'OPEG', 'CRCA', 'SUNE', 'SNWV', 'RPGL', 'CRCG', 'AEHG', 'PTLE', 'CNTB', 'HPEL', 'ZSQR', 'LITU', 'RNAZ', 'CBRG', 'TKLF']
07:02:43  universe: 72 from IBKR scanner + 70 extra from Alpaca
07:02:45  Wrote 41 gappers (41 kept): ['JLHL', 'VRAX', 'RYOJ', 'FXHO', 'WOK', 'CRCA', 'OPEG', 'CRCG', 'SNWV', 'RPGL', 'AEHG', 'SUNE', 'PTLE', 'CNTB', 'HPEL', 'ZSQR', 'LITU', 'RNAZ', 'CBRG', 'SOFX']
07:03:32  universe: 72 from IBKR scanner + 70 extra from Alpaca
07:03:33  Wrote 41 gappers (41 kept): ['JLHL', 'VRAX', 'RYOJ', 'FXHO', 'WOK', 'CRCA', 'OPEG', 'SNWV', 'AEHG', 'SUNE', 'CRCG', 'RPGL', 'PTLE', 'CNTB', 'HPEL', 'ZSQR', 'LITU', 'RNAZ', 'CBRG', 'SOFX']
07:04:21  universe: 73 from IBKR scanner + 71 extra from Alpaca
07:04:23  Wrote 41 gappers (41 kept): ['JLHL', 'VRAX', 'RYOJ', 'FXHO', 'WOK', 'CRCA', 'OPEG', 'CRCG', 'SNWV', 'AEHG', 'SUNE', 'RPGL', 'PTLE', 'CNTB', 'HPEL', 'ZSQR', 'LITU', 'RNAZ', 'CBRG', 'SOFX']
07:05:09  universe: 74 from IBKR scanner + 70 extra from Alpaca
07:05:11  Wrote 41 gappers (41 kept): ['JLHL', 'VRAX', 'RYOJ', 'FXHO', 'WOK', 'CRCA', 'CRCG', 'OPEG', 'SNWV', 'AEHG', 'RPGL', 'SUNE', 'PTLE', 'CNTB', 'HPEL', 'ZSQR', 'LITU', 'RNAZ', 'CBRG', 'SOFX']
07:05:58  universe: 74 from IBKR scanner + 70 extra from Alpaca
07:06:00  Wrote 41 gappers (41 kept): ['JLHL', 'VRAX', 'RYOJ', 'FXHO', 'WOK', 'CRCA', 'CRCG', 'OPEG', 'SUNE', 'SNWV', 'AEHG', 'RPGL', 'PTLE', 'CNTB', 'HPEL', 'ZSQR', 'LITU', 'RNAZ', 'CBRG', 'SOFX']
07:06:47  universe: 74 from IBKR scanner + 70 extra from Alpaca
07:06:49  Wrote 41 gappers (41 kept): ['JLHL', 'VRAX', 'RYOJ', 'FXHO', 'WOK', 'CRCA', 'CRCG', 'OPEG', 'SUNE', 'SNWV', 'AEHG', 'RPGL', 'PTLE', 'CNTB', 'HPEL', 'ZSQR', 'LITU', 'RNAZ', 'CBRG', 'SOFX']
07:07:36  universe: 74 from IBKR scanner + 70 extra from Alpaca
07:07:38  Wrote 41 gappers (41 kept): ['JLHL', 'VRAX', 'RYOJ', 'FXHO', 'WOK', 'CRCA', 'CRCG', 'OPEG', 'RPGL', 'SNWV', 'AEHG', 'SUNE', 'PTLE', 'CNTB', 'HPEL', 'ZSQR', 'LITU', 'RNAZ', 'CBRG', 'SOFX']
07:08:24  universe: 74 from IBKR scanner + 70 extra from Alpaca
07:08:26  Wrote 41 gappers (41 kept): ['JLHL', 'VRAX', 'RYOJ', 'FXHO', 'WOK', 'CRCA', 'OPEG', 'CRCG', 'RPGL', 'SNWV', 'AEHG', 'SUNE', 'PTLE', 'CNTB', 'HPEL', 'ZSQR', 'LITU', 'RNAZ', 'CBRG', 'SOFX']
07:09:13  universe: 75 from IBKR scanner + 69 extra from Alpaca
07:09:15  Wrote 41 gappers (41 kept): ['JLHL', 'VRAX', 'RYOJ', 'FXHO', 'WOK', 'CRCA', 'CRCG', 'RPGL', 'OPEG', 'SNWV', 'AEHG', 'SUNE', 'PTLE', 'CNTB', 'HPEL', 'ZSQR', 'LITU', 'RNAZ', 'CBRG', 'SOFX']
07:10:02  universe: 76 from IBKR scanner + 69 extra from Alpaca
07:10:04  Wrote 41 gappers (41 kept): ['JLHL', 'VRAX', 'RYOJ', 'WOK', 'FXHO', 'CRCA', 'CRCG', 'RPGL', 'OPEG', 'SUNE', 'SNWV', 'AEHG', 'PTLE', 'CNTB', 'HPEL', 'ZSQR', 'LITU', 'RNAZ', 'CBRG', 'SOFX']
07:10:51  universe: 75 from IBKR scanner + 70 extra from Alpaca
07:10:53  Wrote 41 gappers (41 kept): ['JLHL', 'VRAX', 'RYOJ', 'FXHO', 'WOK', 'CRCA', 'SUNE', 'CRCG', 'OPEG', 'SNWV', 'RPGL', 'AEHG', 'PTLE', 'CNTB', 'HPEL', 'ZSQR', 'LITU', 'RNAZ', 'CBRG', 'SOFX']
07:11:41  universe: 74 from IBKR scanner + 70 extra from Alpaca
07:11:43  Wrote 41 gappers (41 kept): ['JLHL', 'VRAX', 'RYOJ', 'FXHO', 'WOK', 'CRCA', 'SUNE', 'OPEG', 'CRCG', 'SNWV', 'RPGL', 'AEHG', 'PTLE', 'CNTB', 'HPEL', 'ZSQR', 'LITU', 'RNAZ', 'CBRG', 'SOFX']
07:12:30  universe: 75 from IBKR scanner + 70 extra from Alpaca
07:12:31  Wrote 41 gappers (41 kept): ['JLHL', 'VRAX', 'RYOJ', 'FXHO', 'WOK', 'CRCA', 'OPEG', 'SUNE', 'CRCG', 'SNWV', 'AEHG', 'PTLE', 'CNTB', 'RPGL', 'HPEL', 'ZSQR', 'LITU', 'RNAZ', 'CBRG', 'SOFX']
07:13:19  universe: 75 from IBKR scanner + 70 extra from Alpaca
07:13:20  Wrote 41 gappers (41 kept): ['JLHL', 'VRAX', 'RYOJ', 'FXHO', 'WOK', 'CRCA', 'OPEG', 'SUNE', 'CRCG', 'SNWV', 'AEHG', 'RPGL', 'PTLE', 'CNTB', 'HPEL', 'ZSQR', 'LITU', 'RNAZ', 'CBRG', 'SOFX']
07:14:07  universe: 75 from IBKR scanner + 71 extra from Alpaca
07:14:09  Wrote 41 gappers (41 kept): ['JLHL', 'VRAX', 'RYOJ', 'FXHO', 'WOK', 'CRCA', 'OPEG', 'CRCG', 'SUNE', 'SNWV', 'AEHG', 'RPGL', 'PTLE', 'CNTB', 'HPEL', 'ZSQR', 'LITU', 'RNAZ', 'CBRG', 'SOFX']
07:14:56  universe: 75 from IBKR scanner + 71 extra from Alpaca
07:14:57  Wrote 41 gappers (41 kept): ['JLHL', 'VRAX', 'RYOJ', 'FXHO', 'WOK', 'CRCA', 'OPEG', 'SNWV', 'CRCG', 'AEHG', 'SUNE', 'RPGL', 'PTLE', 'CNTB', 'HPEL', 'ZSQR', 'LITU', 'RNAZ', 'CBRG', 'SOFX']
07:15:44  universe: 75 from IBKR scanner + 70 extra from Alpaca
07:15:46  Wrote 41 gappers (41 kept): ['JLHL', 'VRAX', 'RYOJ', 'FXHO', 'CRCA', 'WOK', 'CRCG', 'OPEG', 'SNWV', 'AEHG', 'RPGL', 'PTLE', 'CNTB', 'SUNE', 'HPEL', 'ZSQR', 'LITU', 'RNAZ', 'CBRG', 'SOFX']
07:16:33  universe: 75 from IBKR scanner + 70 extra from Alpaca
07:16:35  Wrote 41 gappers (41 kept): ['JLHL', 'VRAX', 'RYOJ', 'FXHO', 'CRCA', 'CRCG', 'WOK', 'OPEG', 'SNWV', 'RPGL', 'AEHG', 'PTLE', 'SUNE', 'CNTB', 'HPEL', 'ZSQR', 'LITU', 'RNAZ', 'CBRG', 'SOFX']
07:17:22  universe: 74 from IBKR scanner + 70 extra from Alpaca
07:17:24  Wrote 41 gappers (41 kept): ['JLHL', 'VRAX', 'RYOJ', 'FXHO', 'CRCA', 'WOK', 'SUNE', 'OPEG', 'SNWV', 'CRCG', 'RPGL', 'AEHG', 'PTLE', 'CNTB', 'HPEL', 'ZSQR', 'LITU', 'RNAZ', 'CBRG', 'SOFX']
07:18:11  universe: 74 from IBKR scanner + 70 extra from Alpaca
07:18:13  Wrote 41 gappers (41 kept): ['JLHL', 'VRAX', 'RYOJ', 'FXHO', 'CRCA', 'SUNE', 'CRCG', 'OPEG', 'WOK', 'SNWV', 'AEHG', 'RPGL', 'PTLE', 'CNTB', 'HPEL', 'ZSQR', 'LITU', 'RNAZ', 'CBRG', 'SOFX']
07:19:00  universe: 73 from IBKR scanner + 71 extra from Alpaca
07:19:01  Wrote 41 gappers (41 kept): ['JLHL', 'VRAX', 'RYOJ', 'FXHO', 'WOK', 'CRCA', 'CRCG', 'OPEG', 'SUNE', 'SNWV', 'AEHG', 'RPGL', 'PTLE', 'CNTB', 'HPEL', 'ZSQR', 'LITU', 'RNAZ', 'CBRG', 'SOFX']
07:19:49  universe: 74 from IBKR scanner + 70 extra from Alpaca
07:19:51  Wrote 41 gappers (41 kept): ['JLHL', 'VRAX', 'RYOJ', 'FXHO', 'CRCA', 'CRCG', 'WOK', 'OPEG', 'SUNE', 'SNWV', 'AEHG', 'RPGL', 'PTLE', 'CNTB', 'HPEL', 'ZSQR', 'LITU', 'RNAZ', 'CBRG', 'SOFX']
07:20:38  universe: 73 from IBKR scanner + 71 extra from Alpaca
07:20:40  Wrote 41 gappers (41 kept): ['JLHL', 'VRAX', 'RYOJ', 'FXHO', 'CRCA', 'CRCG', 'WOK', 'OPEG', 'SNWV', 'SUNE', 'AEHG', 'RPGL', 'PTLE', 'CNTB', 'HPEL', 'ZSQR', 'LITU', 'RNAZ', 'CBRG', 'SOFX']
07:21:27  universe: 74 from IBKR scanner + 70 extra from Alpaca
07:21:29  Wrote 41 gappers (41 kept): ['JLHL', 'VRAX', 'RYOJ', 'FXHO', 'CRCA', 'WOK', 'CRCG', 'RPGL', 'OPEG', 'SNWV', 'SUNE', 'AEHG', 'PTLE', 'CNTB', 'HPEL', 'ZSQR', 'LITU', 'RNAZ', 'CBRG', 'SOFX']
07:22:16  universe: 73 from IBKR scanner + 71 extra from Alpaca
07:22:18  Wrote 41 gappers (41 kept): ['JLHL', 'VRAX', 'RYOJ', 'FXHO', 'CRCA', 'CRCG', 'RPGL', 'OPEG', 'WOK', 'SNWV', 'AEHG', 'PTLE', 'SUNE', 'CNTB', 'HPEL', 'ZSQR', 'LITU', 'RNAZ', 'CBRG', 'SOFX']
07:23:05  universe: 75 from IBKR scanner + 71 extra from Alpaca
07:23:06  Wrote 41 gappers (41 kept): ['JLHL', 'VRAX', 'RYOJ', 'FXHO', 'CRCA', 'CRCG', 'RPGL', 'OPEG', 'SNWV', 'AEHG', 'SUNE', 'PTLE', 'WOK', 'CNTB', 'HPEL', 'ZSQR', 'LITU', 'RNAZ', 'CBRG', 'SOFX']
07:23:53  universe: 73 from IBKR scanner + 71 extra from Alpaca
07:23:55  Wrote 41 gappers (41 kept): ['JLHL', 'VRAX', 'RYOJ', 'FXHO', 'CRCA', 'CRCG', 'RPGL', 'OPEG', 'SUNE', 'SNWV', 'AEHG', 'WOK', 'PTLE', 'CNTB', 'HPEL', 'ZSQR', 'LITU', 'RNAZ', 'CBRG', 'SOFX']
07:24:42  universe: 73 from IBKR scanner + 71 extra from Alpaca
07:24:44  Wrote 42 gappers (42 kept): ['JLHL', 'VRAX', 'RYOJ', 'FXHO', 'CRCA', 'CRCG', 'OPEG', 'SUNE', 'SNWV', 'AEHG', 'RPGL', 'PTLE', 'WOK', 'CNTB', 'HPEL', 'ZSQR', 'LITU', 'RNAZ', 'CBRG', 'SOFX']
07:25:31  universe: 74 from IBKR scanner + 71 extra from Alpaca
07:25:33  Wrote 42 gappers (42 kept): ['JLHL', 'VRAX', 'RYOJ', 'FXHO', 'CRCA', 'CRCG', 'RPGL', 'OPEG', 'WOK', 'SNWV', 'AEHG', 'SUNE', 'PTLE', 'CNTB', 'HPEL', 'ZSQR', 'CBRG', 'LITU', 'RNAZ', 'SOFX']
07:26:20  universe: 73 from IBKR scanner + 71 extra from Alpaca
07:26:22  Wrote 42 gappers (42 kept): ['JLHL', 'VRAX', 'RYOJ', 'FXHO', 'CRCA', 'CRCG', 'WOK', 'SUNE', 'RPGL', 'OPEG', 'SNWV', 'AEHG', 'PTLE', 'CNTB', 'HPEL', 'ZSQR', 'CBRG', 'LITU', 'RNAZ', 'SOFX']
07:27:09  universe: 73 from IBKR scanner + 70 extra from Alpaca
07:27:11  Wrote 42 gappers (42 kept): ['JLHL', 'VRAX', 'RYOJ', 'FXHO', 'CRCA', 'CRCG', 'SUNE', 'RPGL', 'OPEG', 'SNWV', 'AEHG', 'WOK', 'CNTB', 'PTLE', 'HPEL', 'ZSQR', 'CBRG', 'LITU', 'RNAZ', 'SOFX']
07:27:58  universe: 74 from IBKR scanner + 70 extra from Alpaca
07:28:00  Wrote 42 gappers (42 kept): ['JLHL', 'VRAX', 'RYOJ', 'FXHO', 'CRCA', 'WOK', 'CRCG', 'SUNE', 'OPEG', 'SNWV', 'AEHG', 'CNTB', 'RPGL', 'PTLE', 'HPEL', 'ZSQR', 'CBRG', 'LITU', 'RNAZ', 'SOFX']
07:28:48  universe: 73 from IBKR scanner + 70 extra from Alpaca
07:28:49  Wrote 42 gappers (42 kept): ['JLHL', 'VRAX', 'RYOJ', 'FXHO', 'WOK', 'CRCA', 'CRCG', 'OPEG', 'SNWV', 'RPGL', 'SUNE', 'CNTB', 'PTLE', 'HPEL', 'ZSQR', 'AEHG', 'LITU', 'RNAZ', 'SOFX', 'CBRG']
07:29:36  universe: 71 from IBKR scanner + 70 extra from Alpaca
07:29:38  Wrote 43 gappers (43 kept): ['JLHL', 'VRAX', 'RYOJ', 'FXHO', 'CRCA', 'WOK', 'SUNE', 'OPEG', 'CRCG', 'SNWV', 'CNTB', 'RPGL', 'PTLE', 'HPEL', 'ZSQR', 'AEHG', 'LITU', 'RNAZ', 'SOFX', 'CBRG']
07:30:26  universe: 76 from IBKR scanner + 71 extra from Alpaca
07:30:33  Wrote 48 gappers (48 kept): ['JLHL', 'VRAX', 'RYOJ', 'OPEG', 'FXHO', 'SNWV', 'RNAZ', 'SUNE', 'LITU', 'PTLE', 'ZSQR', 'WOK', 'RPGL', 'CRCA', 'HPEL', 'AEHG', 'CNTB', 'CRCG', 'SOFX', 'NVVE']
07:31:21  universe: 76 from IBKR scanner + 57 extra from Alpaca
07:31:28  Wrote 55 gappers (55 kept): ['YMAT', 'CRCA', 'CRCG', 'PTLE', 'NVVE', 'CRE', 'WNW', 'WOK', 'COIA', 'CONX', 'SHPU', 'BMNG', 'COIG', 'JLHL', 'DFSC', 'BOXL', 'SOFX', 'ETHT', 'SNDQ', 'BNC']
07:32:15  universe: 77 from IBKR scanner + 58 extra from Alpaca
07:32:24  Wrote 56 gappers (56 kept): ['YMAT', 'CRCA', 'CRCG', 'PTLE', 'NVVE', 'DFSC', 'WOK', 'SHPU', 'COIA', 'CONX', 'CRE', 'COIG', 'JLHL', 'PDC', 'WNW', 'BMNG', 'SOFX', 'BOXL', 'CNTB', 'ETHT']
07:33:11  universe: 78 from IBKR scanner + 58 extra from Alpaca
07:33:15  Wrote 60 gappers (60 kept): ['YMAT', 'CRCA', 'CRCG', 'PTLE', 'NVVE', 'WOK', 'CRE', 'WNW', 'DFSC', 'COIG', 'INTJ', 'SHPU', 'CONX', 'PDC', 'COIA', 'UUUG', 'JLHL', 'BMNG', 'SOFX', 'BEZ']
07:34:03  universe: 77 from IBKR scanner + 57 extra from Alpaca
07:34:07  Wrote 62 gappers (62 kept): ['YMAT', 'JZXN', 'CRCA', 'CRCG', 'PTLE', 'NVVE', 'WOK', 'WNW', 'COIG', 'SHPU', 'INTJ', 'CONX', 'COIA', 'PDC', 'CRE', 'BMNG', 'DFSC', 'BEZ', 'UUUG', 'SOFX']
07:34:54  universe: 76 from IBKR scanner + 57 extra from Alpaca
07:34:57  Wrote 63 gappers (63 kept): ['YMAT', 'JZXN', 'CRCA', 'CRCG', 'PTLE', 'NVVE', 'WOK', 'INTJ', 'DFSC', 'WNW', 'UUUG', 'COIA', 'COIG', 'PDC', 'CONX', 'CRE', 'SHPU', 'BMNG', 'BOXL', 'SOFX']
07:35:44  universe: 77 from IBKR scanner + 54 extra from Alpaca
07:35:50  Wrote 63 gappers (63 kept): ['YMAT', 'JZXN', 'CRCA', 'CRCG', 'PTLE', 'NVVE', 'CRE', 'WOK', 'INTJ', 'DFSC', 'UUUG', 'COIA', 'BMNG', 'COIG', 'SHPU', 'CONX', 'SOFX', 'WNW', 'SECZ', 'BEZ']
07:36:38  universe: 75 from IBKR scanner + 55 extra from Alpaca
07:36:44  Wrote 65 gappers (65 kept): ['YMAT', 'JZXN', 'CRCA', 'CRCG', 'NVVE', 'PTLE', 'CRE', 'DFSC', 'MSTP', 'WOK', 'SOFX', 'JLHL', 'COIA', 'INTJ', 'COIG', 'BMNG', 'UUUG', 'CONX', 'SHPU', 'SBTU']
07:37:31  universe: 78 from IBKR scanner + 58 extra from Alpaca
07:37:37  Wrote 67 gappers (67 kept): ['YMAT', 'JZXN', 'CRCA', 'CRCG', 'NVVE', 'PTLE', 'PUR', 'WNW', 'MSTP', 'SOFA', 'CRE', 'SOFX', 'CONX', 'DFSC', 'COIG', 'BMNG', 'WOK', 'COIA', 'INTJ', 'SBTU']
07:38:24  universe: 79 from IBKR scanner + 59 extra from Alpaca
07:38:28  Wrote 68 gappers (68 kept): ['YMAT', 'JZXN', 'CRCA', 'CRCG', 'NVVE', 'PTLE', 'PUR', 'CRE', 'WOK', 'MSTP', 'NDRA', 'CONX', 'SOFA', 'DFSC', 'WNW', 'SOFX', 'COIG', 'COIA', 'UUUG', 'BMNG']
07:39:15  universe: 79 from IBKR scanner + 59 extra from Alpaca
07:39:20  Wrote 68 gappers (68 kept): ['YMAT', 'JZXN', 'NVVE', 'CRCA', 'CRCG', 'PTLE', 'CRE', 'PUR', 'DFSC', 'MSTP', 'WNW', 'WOK', 'NDRA', 'CONX', 'SOFA', 'SOFX', 'INTJ', 'SBTU', 'BMNG', 'LABD']
07:40:07  universe: 79 from IBKR scanner + 57 extra from Alpaca
07:40:13  Wrote 69 gappers (69 kept): ['YMAT', 'JZXN', 'NVVE', 'CRCA', 'CRCG', 'PTLE', 'CRE', 'PUR', 'INTJ', 'MSTP', 'WNW', 'WOK', 'SOFA', 'NDRA', 'BEZ', 'LABD', 'SOFX', 'DFSC', 'SHPU', 'BMNG']
07:41:00  universe: 79 from IBKR scanner + 56 extra from Alpaca
07:41:05  Wrote 69 gappers (69 kept): ['YMAT', 'JZXN', 'NVVE', 'CRCA', 'PTLE', 'CRCG', 'PUR', 'INTJ', 'CRE', 'BEZ', 'WOK', 'WNW', 'LABD', 'SOFA', 'MSTP', 'DFSC', 'NDRA', 'SOFX', 'SHPU', 'BMNG']
07:41:52  universe: 77 from IBKR scanner + 56 extra from Alpaca
07:41:56  Wrote 71 gappers (71 kept): ['YMAT', 'JZXN', 'NVVE', 'PTLE', 'CRCA', 'CRCG', 'PUR', 'INTJ', 'CRE', 'DFSC', 'WOK', 'BEZ', 'WNW', 'MSTP', 'LABD', 'BNC', 'NDRA', 'SHPU', 'SBTU', 'BMNG']
07:42:44  universe: 79 from IBKR scanner + 57 extra from Alpaca
07:42:48  Wrote 73 gappers (73 kept): ['YMAT', 'JZXN', 'NVVE', 'PTLE', 'CRCA', 'CRCG', 'CRE', 'PUR', 'INTJ', 'WNW', 'DFSC', 'BEZ', 'NSRX', 'LABD', 'MSTP', 'NDRA', 'SOFX', 'SHPU', 'CONX', 'BNC']
07:43:35  universe: 77 from IBKR scanner + 57 extra from Alpaca
07:43:38  Wrote 73 gappers (73 kept): ['YMAT', 'JZXN', 'NVVE', 'PTLE', 'CRCA', 'CRCG', 'PUR', 'INTJ', 'WNW', 'CRE', 'DFSC', 'BEZ', 'NSRX', 'LABD', 'MSTP', 'NDRA', 'SOFA', 'SOFX', 'SHPU', 'BNC']
07:44:25  universe: 77 from IBKR scanner + 58 extra from Alpaca
07:44:29  Wrote 74 gappers (74 kept): ['YMAT', 'JZXN', 'NVVE', 'PTLE', 'CRCA', 'CRCG', 'INTJ', 'PUR', 'WNW', 'DFSC', 'CRE', 'METG', 'BEZ', 'NSRX', 'MSTP', 'LABD', 'SOFX', 'NDRA', 'SOFA', 'SHPU']
07:45:16  universe: 79 from IBKR scanner + 58 extra from Alpaca
07:45:33  avg-vol fetch failed: HTTPSConnectionPool(host='data.alpaca.markets', port=443): Read timed out. (read timeout=15)
07:45:36  Wrote 74 gappers (74 kept): ['YMAT', 'JZXN', 'NVVE', 'INTJ', 'PTLE', 'CRCA', 'CRCG', 'PUR', 'WNW', 'DFSC', 'METG', 'NSRX', 'CRE', 'MSTP', 'BEZ', 'CBRG', 'LABD', 'NDRA', 'SOFA', 'BMNG']
07:46:38  movers fetch failed: HTTPSConnectionPool(host='data.alpaca.markets', port=443): Max retries exceeded with url: /v1beta1/screener/stocks/movers?top=50 (Caused by ConnectTimeoutError(<HTTPSConnection(host='data.alpaca.markets', port=443) at 0x10fd3ec60>, 'Connection to data.alpaca.markets timed out. (connect timeout=15)'))
07:46:53  most-actives fetch failed: HTTPSConnectionPool(host='data.alpaca.markets', port=443): Read timed out. (read timeout=15)
07:46:53  universe: 78 from IBKR scanner + 0 extra from Alpaca
07:47:14  Wrote 74 gappers (74 kept): ['YMAT', 'JZXN', 'NVVE', 'PTLE', 'CRCA', 'CRCG', 'PUR', 'INTJ', 'CBRG', 'CRE', 'DFSC', 'METG', 'BEZ', 'NSRX', 'WNW', 'MSTP', 'NDRA', 'BNC', 'BMNG', 'LABD']
07:48:01  universe: 79 from IBKR scanner + 60 extra from Alpaca
07:48:07  Wrote 74 gappers (74 kept): ['YMAT', 'JZXN', 'NVVE', 'PTLE', 'INTJ', 'CRCA', 'CRCG', 'PUR', 'DFSC', 'WNW', 'METG', 'BEZ', 'CRE', 'NSRX', 'CBRG', 'MSTP', 'NDRA', 'BMNG', 'BNC', 'LABD']
07:48:54  universe: 79 from IBKR scanner + 60 extra from Alpaca
07:48:58  Wrote 74 gappers (74 kept): ['YMAT', 'JZXN', 'NVVE', 'PTLE', 'CRCA', 'CRCG', 'INTJ', 'DFSC', 'WNW', 'CBRG', 'METG', 'NSRX', 'BEZ', 'PUR', 'CRE', 'MSTP', 'BMNG', 'NDRA', 'BNC', 'LABD']
07:49:45  universe: 79 from IBKR scanner + 59 extra from Alpaca
07:49:48  Wrote 75 gappers (75 kept): ['YMAT', 'JZXN', 'NVVE', 'PTLE', 'CRCA', 'CRCG', 'INTJ', 'NTCL', 'WNW', 'DFSC', 'METG', 'NSRX', 'PUR', 'BMNG', 'MSTP', 'CRE', 'NDRA', 'BEZ', 'CBRG', 'LABD']
07:50:35  universe: 78 from IBKR scanner + 61 extra from Alpaca
07:50:40  Wrote 77 gappers (77 kept): ['YMAT', 'JZXN', 'NVVE', 'PTLE', 'CRCA', 'NTCL', 'INTJ', 'CRCG', 'DFSC', 'WNW', 'METG', 'CRE', 'NSRX', 'PUR', 'MSTP', 'NDRA', 'BEZ', 'LABD', 'BMNG', 'BNC']
07:51:27  universe: 77 from IBKR scanner + 60 extra from Alpaca
07:51:32  Wrote 78 gappers (78 kept): ['YMAT', 'JZXN', 'NVVE', 'PTLE', 'CRCA', 'CRCG', 'INTJ', 'NTCL', 'WNW', 'DFSC', 'METG', 'NSRX', 'PUR', 'NDRA', 'CRE', 'MSTP', 'BMNG', 'CBRG', 'BNC', 'LABD']
07:52:19  universe: 79 from IBKR scanner + 59 extra from Alpaca
07:52:24  Wrote 79 gappers (79 kept): ['YMAT', 'JZXN', 'NVVE', 'NTCL', 'INTJ', 'PTLE', 'CRCA', 'CRCG', 'DFSC', 'WNW', 'BMNG', 'METG', 'NSRX', 'PUR', 'CRE', 'NDRA', 'MSTP', 'BEZ', 'CBRG', 'LABD']
07:53:11  universe: 79 from IBKR scanner + 61 extra from Alpaca
07:53:15  Wrote 81 gappers (81 kept): ['YMAT', 'JZXN', 'NVVE', 'NTCL', 'INTJ', 'CRCA', 'PTLE', 'CRCG', 'DFSC', 'PUR', 'BMNG', 'GLXU', 'GLGG', 'METG', 'NSRX', 'NDRA', 'CRE', 'WNW', 'MSTP', 'CBRG']
07:54:03  universe: 81 from IBKR scanner + 61 extra from Alpaca
07:54:08  Wrote 83 gappers (83 kept): ['YMAT', 'JZXN', 'NVVE', 'NTCL', 'INTJ', 'PTLE', 'CRCA', 'CRCG', 'DFSC', 'PUR', 'GLXU', 'GLGG', 'METG', 'NSRX', 'NDRA', 'BMNG', 'WNW', 'MSTP', 'CBRG', 'SBTU']
07:54:55  universe: 79 from IBKR scanner + 62 extra from Alpaca
07:54:58  Wrote 85 gappers (85 kept): ['YMAT', 'JZXN', 'NVVE', 'NTCL', 'INTJ', 'PTLE', 'CRCA', 'PUR', 'DFSC', 'CRCG', 'GLXU', 'METG', 'BEZ', 'NDRA', 'GLGG', 'WNW', 'MSTP', 'SBTU', 'LABD', 'BMNG']
07:55:45  universe: 80 from IBKR scanner + 63 extra from Alpaca
07:55:51  Wrote 86 gappers (86 kept): ['YMAT', 'JZXN', 'NVVE', 'NTCL', 'INTJ', 'PTLE', 'WNW', 'NDRA', 'PUR', 'CRCA', 'CRCG', 'GLXU', 'METG', 'DFSC', 'BEZ', 'GLGG', 'MSTP', 'LABD', 'IONZ', 'ANNA']
07:56:38  universe: 79 from IBKR scanner + 65 extra from Alpaca
07:56:44  Wrote 88 gappers (88 kept): ['YMAT', 'JZXN', 'NVVE', 'INTJ', 'PTLE', 'NTCL', 'WNW', 'CRCA', 'CRCG', 'NDRA', 'PUR', 'WXM', 'GLXU', 'METG', 'BEZ', 'DFSC', 'MSTP', 'LABD', 'ANNA', 'BMNG']
07:57:31  universe: 77 from IBKR scanner + 64 extra from Alpaca
07:57:35  Wrote 87 gappers (87 kept): ['JZXN', 'NVVE', 'INTJ', 'PTLE', 'NTCL', 'CRCA', 'WNW', 'CRCG', 'NDRA', 'PUR', 'BEZ', 'GLXU', 'METG', 'DFSC', 'LABD', 'MSTP', 'WXM', 'BNC', 'IONZ', 'SHPU']
07:58:23  universe: 78 from IBKR scanner + 64 extra from Alpaca
07:58:27  Wrote 88 gappers (88 kept): ['JZXN', 'NVVE', 'INTJ', 'PTLE', 'NTCL', 'CRCA', 'CRCG', 'NDRA', 'PUR', 'WNW', 'BEZ', 'GLXU', 'METG', 'DFSC', 'WXM', 'CRE', 'LABD', 'MSTP', 'BNC', 'WOK']
07:59:14  universe: 78 from IBKR scanner + 64 extra from Alpaca
07:59:18  Wrote 88 gappers (88 kept): ['JZXN', 'NVVE', 'INTJ', 'PTLE', 'NTCL', 'CRCA', 'CRCG', 'NDRA', 'PUR', 'WNW', 'BEZ', 'METG', 'DFSC', 'CRE', 'WXM', 'ZCMD', 'LABD', 'MSTP', 'BNC', 'BMNG']
08:00:06  universe: 79 from IBKR scanner + 63 extra from Alpaca
08:00:19  Wrote 88 gappers (88 kept): ['JZXN', 'NVVE', 'INTJ', 'PTLE', 'NTCL', 'NDRA', 'CRCA', 'CRCG', 'BEZ', 'PUR', 'METG', 'ZCMD', 'DFSC', 'WNW', 'WXM', 'CRE', 'LABD', 'MSTP', 'BNC', 'BMNG']
08:01:06  universe: 79 from IBKR scanner + 62 extra from Alpaca
08:01:19  Wrote 89 gappers (89 kept): ['JZXN', 'NVVE', 'PTLE', 'NTCL', 'INTJ', 'NDRA', 'CRCA', 'CRCG', 'ZCMD', 'BEZ', 'PUR', 'METG', 'DFSC', 'CRE', 'WNW', 'LABD', 'MSTP', 'IONZ', 'WXM', 'TKLF']
08:02:06  universe: 79 from IBKR scanner + 63 extra from Alpaca
08:02:16  Wrote 91 gappers (91 kept): ['YMAT', 'JZXN', 'NVVE', 'NTCL', 'PTLE', 'INTJ', 'CRCA', 'CRCG', 'METG', 'CRE', 'ZCMD', 'BEZ', 'PUR', 'NDRA', 'DFSC', 'WNW', 'MSTP', 'LABD', 'IONZ', 'SNAL']
08:03:03  universe: 78 from IBKR scanner + 62 extra from Alpaca
08:03:10  Wrote 93 gappers (93 kept): ['YMAT', 'JZXN', 'NVVE', 'NTCL', 'PTLE', 'INTJ', 'CRCA', 'CRCG', 'WNW', 'METG', 'XBP', 'NDRA', 'PUR', 'BEZ', 'CRE', 'ZCMD', 'WOK', 'DFSC', 'LABD', 'MSTP']
08:03:58  universe: 79 from IBKR scanner + 62 extra from Alpaca
08:04:04  Wrote 93 gappers (93 kept): ['YMAT', 'JZXN', 'NVVE', 'NTCL', 'PTLE', 'CRCA', 'XBP', 'CRCG', 'WNW', 'INTJ', 'BNC', 'METG', 'NDRA', 'BEZ', 'PUR', 'CRE', 'DFSC', 'WOK', 'LABD', 'MSTP']
08:04:51  universe: 79 from IBKR scanner + 63 extra from Alpaca
08:04:56  Wrote 94 gappers (94 kept): ['YMAT', 'JZXN', 'NVVE', 'PTLE', 'NTCL', 'XBP', 'WNW', 'CRCA', 'INTJ', 'CRCG', 'METG', 'NDRA', 'BNC', 'BEZ', 'PUR', 'CRE', 'DFSC', 'LABD', 'WOK', 'MSTP']
08:05:43  universe: 80 from IBKR scanner + 62 extra from Alpaca
08:05:49  Wrote 93 gappers (93 kept): ['YMAT', 'JZXN', 'NVVE', 'PTLE', 'NTCL', 'CRCA', 'XBP', 'NDRA', 'WNW', 'CRCG', 'INTJ', 'METG', 'BNC', 'PUR', 'DFSC', 'CRE', 'WOK', 'BEZ', 'LABD', 'MSTP']
08:06:36  universe: 80 from IBKR scanner + 61 extra from Alpaca
08:06:41  Wrote 93 gappers (93 kept): ['YMAT', 'JZXN', 'NVVE', 'NTCL', 'PTLE', 'WOK', 'CRCA', 'CRCG', 'XBP', 'NDRA', 'BNC', 'METG', 'DFSC', 'PUR', 'INTJ', 'WNW', 'BEZ', 'CRE', 'LABD', 'MSTP']
08:07:29  universe: 79 from IBKR scanner + 62 extra from Alpaca
08:07:33  Wrote 93 gappers (93 kept): ['YMAT', 'JZXN', 'NVVE', 'PTLE', 'NTCL', 'CRCA', 'WOK', 'XBP', 'CRCG', 'NDRA', 'BNC', 'DFSC', 'PUR', 'LABD', 'INTJ', 'TKLF', 'CRE', 'BEZ', 'METG', 'WNW']
08:08:21  universe: 78 from IBKR scanner + 62 extra from Alpaca
08:08:25  Wrote 94 gappers (94 kept): ['YMAT', 'JZXN', 'NVVE', 'NTCL', 'XBP', 'NDRA', 'CRCA', 'WOK', 'INTJ', 'CRCG', 'DFSC', 'PUR', 'BNC', 'LABD', 'SNAL', 'BEZ', 'CRE', 'METG', 'WNW', 'BMNG']
08:09:13  universe: 80 from IBKR scanner + 60 extra from Alpaca
08:09:17  Wrote 94 gappers (94 kept): ['YMAT', 'JZXN', 'NVVE', 'NTCL', 'WOK', 'CRCA', 'CRCG', 'INTJ', 'NDRA', 'XBP', 'PUR', 'DFSC', 'METG', 'BNC', 'CRE', 'SNAL', 'LABD', 'BEZ', 'WNW', 'BMNG']
08:10:05  universe: 80 from IBKR scanner + 59 extra from Alpaca
08:10:12  Wrote 95 gappers (95 kept): ['YMAT', 'JZXN', 'NVVE', 'WOK', 'CRCA', 'CRCG', 'INTJ', 'SNAL', 'XBP', 'PUR', 'BNC', 'DFSC', 'METG', 'CRE', 'LABD', 'NDRA', 'BEZ', 'NTCL', 'BMNG', 'PTLE']
08:10:59  universe: 80 from IBKR scanner + 61 extra from Alpaca
08:11:05  Wrote 95 gappers (95 kept): ['YMAT', 'JZXN', 'NVVE', 'CRCA', 'WOK', 'CRCG', 'INTJ', 'SNAL', 'PTLE', 'XBP', 'PUR', 'CRE', 'LABD', 'DFSC', 'METG', 'BNC', 'BEZ', 'NDRA', 'RNAZ', 'TKLF']
08:11:52  universe: 81 from IBKR scanner + 61 extra from Alpaca
08:11:56  Wrote 94 gappers (94 kept): ['YMAT', 'JZXN', 'NVVE', 'CRCA', 'WOK', 'CRCG', 'INTJ', 'NTCL', 'SNAL', 'PTLE', 'XBP', 'LABD', 'PUR', 'DFSC', 'METG', 'BNC', 'RNAZ', 'CRE', 'BEZ', 'NDRA']
08:12:44  universe: 80 from IBKR scanner + 62 extra from Alpaca
08:12:47  Wrote 94 gappers (94 kept): ['YMAT', 'JZXN', 'NVVE', 'CRCA', 'INTJ', 'NTCL', 'CRCG', 'WOK', 'CRE', 'PTLE', 'SNAL', 'XBP', 'PUR', 'LABD', 'DFSC', 'METG', 'RNAZ', 'BNC', 'BEZ', 'BMNG']
08:13:34  universe: 80 from IBKR scanner + 61 extra from Alpaca
08:13:38  Wrote 97 gappers (97 kept): ['YMAT', 'JZXN', 'NVVE', 'CRCA', 'CRCG', 'INTJ', 'NTCL', 'WOK', 'PTLE', 'SNAL', 'PUR', 'LABD', 'DFSC', 'STFS', 'METG', 'RNAZ', 'CRE', 'BNC', 'NDRA', 'EVTV']
08:14:25  universe: 80 from IBKR scanner + 62 extra from Alpaca
08:14:29  Wrote 98 gappers (98 kept): ['YMAT', 'JZXN', 'NVVE', 'CRCA', 'NTCL', 'CRCG', 'WOK', 'SNAL', 'INTJ', 'CRE', 'PTLE', 'PUR', 'LABD', 'STFS', 'METG', 'RNAZ', 'DFSC', 'BNC', 'NDRA', 'EVTV']
08:15:16  universe: 80 from IBKR scanner + 62 extra from Alpaca
08:15:24  Wrote 98 gappers (98 kept): ['YMAT', 'JZXN', 'NVVE', 'TKLF', 'NTCL', 'WOK', 'SNAL', 'NDRA', 'CRCA', 'CRCG', 'INTJ', 'PTLE', 'CRE', 'LABD', 'PUR', 'STFS', 'METG', 'BNC', 'DFSC', 'EVTV']
08:16:11  universe: 81 from IBKR scanner + 61 extra from Alpaca
08:16:17  Wrote 99 gappers (99 kept): ['YMAT', 'JZXN', 'NVVE', 'SNAL', 'NTCL', 'WOK', 'CRCA', 'CRCG', 'NDRA', 'TKLF', 'CRE', 'PTLE', 'LABD', 'PUR', 'STFS', 'METG', 'BNC', 'DFSC', 'EVTV', 'BEZ']
08:17:03  universe: 80 from IBKR scanner + 61 extra from Alpaca
08:17:09  Wrote 99 gappers (99 kept): ['YMAT', 'JZXN', 'NVVE', 'WOK', 'NTCL', 'TKLF', 'CRCA', 'SNAL', 'CRE', 'CRCG', 'NDRA', 'PTLE', 'PUR', 'LABD', 'BNC', 'METG', 'DFSC', 'STFS', 'BEZ', 'EVTV']
08:17:55  universe: 81 from IBKR scanner + 60 extra from Alpaca
08:18:00  Wrote 99 gappers (99 kept): ['YMAT', 'JZXN', 'NVVE', 'SNAL', 'CRCA', 'NTCL', 'WOK', 'CRCG', 'CRE', 'NDRA', 'LABD', 'PTLE', 'PUR', 'TKLF', 'METG', 'BNC', 'DFSC', 'STFS', 'EVTV', 'BEZ']
08:18:47  universe: 81 from IBKR scanner + 62 extra from Alpaca
08:18:51  Wrote 99 gappers (99 kept): ['YMAT', 'JZXN', 'NVVE', 'PTLE', 'SNAL', 'CRCA', 'CRE', 'NTCL', 'WOK', 'CRCG', 'NDRA', 'LABD', 'PUR', 'METG', 'DFSC', 'TKLF', 'BNC', 'STFS', 'EVTV', 'BEZ']
08:19:38  universe: 82 from IBKR scanner + 63 extra from Alpaca
08:19:43  Wrote 99 gappers (99 kept): ['YMAT', 'JZXN', 'NVVE', 'SNAL', 'CRE', 'NTCL', 'WOK', 'CRCA', 'NDRA', 'CRCG', 'LABD', 'PTLE', 'PUR', 'METG', 'BNC', 'STFS', 'DFSC', 'BEZ', 'EVTV', 'WNW']
08:20:30  universe: 82 from IBKR scanner + 63 extra from Alpaca
08:20:36  Wrote 99 gappers (99 kept): ['YMAT', 'JZXN', 'NVVE', 'CRE', 'SNAL', 'WOK', 'CRCA', 'NDRA', 'CRCG', 'LABD', 'PTLE', 'NTCL', 'PUR', 'BEZ', 'METG', 'DFSC', 'TKLF', 'BNC', 'STFS', 'EVTV']
08:21:22  universe: 82 from IBKR scanner + 61 extra from Alpaca
08:21:27  Wrote 99 gappers (99 kept): ['YMAT', 'JZXN', 'NVVE', 'CRE', 'SNAL', 'WOK', 'CRCA', 'NDRA', 'CRCG', 'NTCL', 'LABD', 'BEZ', 'PTLE', 'PUR', 'STFS', 'METG', 'EVTV', 'DWSN', 'DFSC', 'TKLF']
08:22:14  universe: 83 from IBKR scanner + 58 extra from Alpaca
08:22:19  Wrote 99 gappers (99 kept): ['YMAT', 'JZXN', 'NVVE', 'CRE', 'SNAL', 'WOK', 'CRCA', 'NDRA', 'LABD', 'CRCG', 'NTCL', 'PTLE', 'BEZ', 'PUR', 'STFS', 'METG', 'DFSC', 'DWSN', 'BCTX', 'TKLF']
08:23:05  universe: 81 from IBKR scanner + 59 extra from Alpaca
08:23:09  Wrote 100 gappers (100 kept): ['YMAT', 'JZXN', 'NVVE', 'CRE', 'SNAL', 'WOK', 'PTLE', 'CRCA', 'NTCL', 'NDRA', 'CRCG', 'LABD', 'BEZ', 'PUR', 'METG', 'STFS', 'DFSC', 'DWSN', 'BCTX', 'RNAZ']
08:23:57  universe: 80 from IBKR scanner + 59 extra from Alpaca
08:24:02  Wrote 100 gappers (100 kept): ['YMAT', 'JZXN', 'NVVE', 'CRE', 'SNAL', 'WOK', 'PTLE', 'CRCA', 'NTCL', 'CRCG', 'NDRA', 'LABD', 'PUR', 'BEZ', 'METG', 'INTJ', 'STFS', 'DFSC', 'DWSN', 'RNAZ']
08:24:49  universe: 80 from IBKR scanner + 59 extra from Alpaca
08:24:53  Wrote 100 gappers (100 kept): ['YMAT', 'JZXN', 'NVVE', 'CRE', 'SNAL', 'WOK', 'PTLE', 'CRCA', 'CRCG', 'NDRA', 'LABD', 'PUR', 'BEZ', 'METG', 'NTCL', 'STFS', 'DFSC', 'DWSN', 'TKLF', 'WNW']
08:25:40  universe: 81 from IBKR scanner + 60 extra from Alpaca
08:25:45  Wrote 100 gappers (100 kept): ['YMAT', 'JZXN', 'NVVE', 'SNAL', 'WOK', 'PTLE', 'CRCA', 'BEZ', 'CRCG', 'LABD', 'PUR', 'CRE', 'METG', 'NTCL', 'NDRA', 'STFS', 'DFSC', 'DWSN', 'TKLF', 'WNW']
08:26:33  universe: 82 from IBKR scanner + 58 extra from Alpaca
08:26:38  Wrote 101 gappers (101 kept): ['YMAT', 'JZXN', 'NVVE', 'WOK', 'SNAL', 'CRCA', 'CRCG', 'BEZ', 'LABD', 'PTLE', 'CRE', 'PUR', 'NTCL', 'STFS', 'METG', 'NDRA', 'DFSC', 'DWSN', 'TKLF', 'WNW']
08:27:25  universe: 82 from IBKR scanner + 59 extra from Alpaca
08:27:30  Wrote 100 gappers (100 kept): ['YMAT', 'JZXN', 'NVVE', 'SNAL', 'WOK', 'CRCA', 'CRCG', 'CRE', 'BEZ', 'PTLE', 'LABD', 'PUR', 'DFSC', 'NTCL', 'METG', 'NDRA', 'STFS', 'BCTX', 'DWSN', 'WNW']
08:28:17  universe: 82 from IBKR scanner + 61 extra from Alpaca
08:28:22  Wrote 100 gappers (100 kept): ['YMAT', 'JZXN', 'NVVE', 'WOK', 'SNAL', 'CRCA', 'CRCG', 'CRE', 'BEZ', 'PUR', 'LABD', 'DFSC', 'NTCL', 'METG', 'NDRA', 'STFS', 'BCTX', 'TKLF', 'ZCMD', 'RNAZ']
08:29:09  universe: 82 from IBKR scanner + 59 extra from Alpaca
08:29:14  Wrote 102 gappers (102 kept): ['YMAT', 'JZXN', 'NVVE', 'WOK', 'SNAL', 'CRCA', 'CRCG', 'BEZ', 'PUR', 'DFSC', 'LABD', 'FGI', 'NTCL', 'CRE', 'METG', 'NDRA', 'BCTX', 'ZCMD', 'DWSN', 'TKLF']
08:30:00  universe: 82 from IBKR scanner + 60 extra from Alpaca
08:30:10  Wrote 103 gappers (103 kept): ['YMAT', 'JZXN', 'NVVE', 'WOK', 'SNAL', 'CRCA', 'CRCG', 'BEZ', 'PUR', 'SLAI', 'DFSC', 'LABD', 'FGI', 'NTCL', 'METG', 'STFS', 'BCTX', 'NDRA', 'DWSN', 'TKLF']
08:30:57  universe: 82 from IBKR scanner + 60 extra from Alpaca
08:31:08  Wrote 103 gappers (103 kept): ['YMAT', 'JZXN', 'NVVE', 'WOK', 'SNAL', 'CRCA', 'CRCG', 'NDRA', 'BEZ', 'PUR', 'SLAI', 'DFSC', 'FGI', 'LABD', 'NTCL', 'WNW', 'METG', 'CRE', 'STFS', 'BCTX']
08:31:54  universe: 81 from IBKR scanner + 62 extra from Alpaca
08:32:02  Wrote 105 gappers (105 kept): ['YMAT', 'JZXN', 'NVVE', 'WOK', 'CRCA', 'CRCG', 'SNAL', 'BEZ', 'NDRA', 'PUR', 'SLAI', 'LABD', 'FGI', 'NTCL', 'DFSC', 'METG', 'EVTV', 'STFS', 'ZCMD', 'BCTX']
08:32:50  universe: 82 from IBKR scanner + 62 extra from Alpaca
08:32:57  Wrote 104 gappers (104 kept): ['YMAT', 'JZXN', 'NVVE', 'WOK', 'SNAL', 'CRCA', 'BEZ', 'LABD', 'CRCG', 'NDRA', 'PUR', 'SLAI', 'FGI', 'NTCL', 'DFSC', 'METG', 'SLBT', 'STFS', 'HOOZ', 'DWSN']
08:33:44  universe: 84 from IBKR scanner + 62 extra from Alpaca
08:33:50  Wrote 105 gappers (105 kept): ['YMAT', 'JZXN', 'NVVE', 'WOK', 'SNAL', 'BEZ', 'LABD', 'CRCA', 'PUR', 'SLAI', 'FGI', 'CRCG', 'NTCL', 'NDRA', 'DFSC', 'METG', 'XBP', 'SLBT', 'STFS', 'HOOZ']
08:34:38  universe: 84 from IBKR scanner + 62 extra from Alpaca
08:34:43  Wrote 106 gappers (106 kept): ['YMAT', 'JZXN', 'NVVE', 'WOK', 'SNAL', 'BEZ', 'NDRA', 'LABD', 'PUR', 'SLAI', 'CRCA', 'DFSC', 'FGI', 'CRCG', 'NTCL', 'METG', 'XBP', 'SLBT', 'STFS', 'PLBL']
08:35:30  universe: 83 from IBKR scanner + 63 extra from Alpaca
08:35:37  Wrote 106 gappers (106 kept): ['YMAT', 'JZXN', 'NVVE', 'WOK', 'SNAL', 'BEZ', 'CRCA', 'NDRA', 'LABD', 'CRCG', 'PUR', 'SLAI', 'DFSC', 'FGI', 'NTCL', 'METG', 'XBP', 'SLBT', 'STFS', 'PTLE']
08:36:25  universe: 85 from IBKR scanner + 64 extra from Alpaca
08:36:32  Wrote 107 gappers (107 kept): ['YMAT', 'JZXN', 'NVVE', 'WOK', 'SNAL', 'BEZ', 'LABD', 'CRCA', 'CRCG', 'PUR', 'SLAI', 'NDRA', 'DFSC', 'FGI', 'NTCL', 'SLBT', 'PTLE', 'METG', 'XBP', 'STFS']
08:37:19  universe: 85 from IBKR scanner + 61 extra from Alpaca
08:37:24  Wrote 107 gappers (107 kept): ['YMAT', 'JZXN', 'NVVE', 'WOK', 'SNAL', 'BEZ', 'CRCA', 'LABD', 'CRCG', 'PUR', 'SLAI', 'DFSC', 'FGI', 'NTCL', 'SLBT', 'PTLE', 'METG', 'STFS', 'SECZ', 'ZCMD']
08:38:11  universe: 85 from IBKR scanner + 63 extra from Alpaca
08:38:16  Wrote 107 gappers (107 kept): ['YMAT', 'JZXN', 'NVVE', 'WOK', 'SNAL', 'BEZ', 'CRCA', 'LABD', 'CRCG', 'PUR', 'SLAI', 'FGI', 'DFSC', 'NTCL', 'PTLE', 'SLBT', 'METG', 'STFS', 'SECZ', 'ZCMD']
08:39:03  universe: 84 from IBKR scanner + 63 extra from Alpaca
08:39:10  Wrote 107 gappers (107 kept): ['YMAT', 'JZXN', 'NVVE', 'WOK', 'SNAL', 'BEZ', 'CRCA', 'CRCG', 'LABD', 'NTCL', 'PUR', 'SLAI', 'DFSC', 'STFS', 'FGI', 'PTLE', 'SLBT', 'METG', 'SECZ', 'WNW']
08:39:57  universe: 84 from IBKR scanner + 63 extra from Alpaca
08:40:05  Wrote 107 gappers (107 kept): ['YMAT', 'JZXN', 'NVVE', 'WOK', 'SNAL', 'BEZ', 'CRCA', 'CRCG', 'NTCL', 'LABD', 'PUR', 'SLAI', 'DFSC', 'STFS', 'FGI', 'NDRA', 'SLBT', 'METG', 'SECZ', 'WNW']
08:40:52  universe: 85 from IBKR scanner + 63 extra from Alpaca
08:40:59  Wrote 108 gappers (108 kept): ['YMAT', 'JZXN', 'NVVE', 'WOK', 'SNAL', 'CRCA', 'BEZ', 'CRCG', 'NTCL', 'NDRA', 'LABD', 'PUR', 'SLAI', 'DFSC', 'STFS', 'FGI', 'SLBT', 'SECZ', 'METG', 'WNW']
08:41:46  universe: 85 from IBKR scanner + 63 extra from Alpaca
08:41:51  Wrote 108 gappers (108 kept): ['YMAT', 'NVVE', 'JZXN', 'WOK', 'BEZ', 'SNAL', 'CRCA', 'CRCG', 'NDRA', 'LABD', 'STFS', 'NTCL', 'PUR', 'SLAI', 'SECZ', 'DFSC', 'FGI', 'SLBT', 'METG', 'IONZ']
08:42:39  universe: 86 from IBKR scanner + 62 extra from Alpaca
08:42:43  Wrote 108 gappers (108 kept): ['YMAT', 'NVVE', 'JZXN', 'SNAL', 'BEZ', 'CRCA', 'CRCG', 'NDRA', 'WOK', 'LABD', 'STFS', 'NTCL', 'PUR', 'DFSC', 'METG', 'SECZ', 'FGI', 'SLBT', 'WNW', 'SLAI']
08:43:30  universe: 86 from IBKR scanner + 63 extra from Alpaca
08:43:35  Wrote 108 gappers (108 kept): ['YMAT', 'NVVE', 'JZXN', 'STFS', 'SNAL', 'BEZ', 'CRCA', 'WOK', 'NDRA', 'CRCG', 'LABD', 'NTCL', 'PUR', 'DFSC', 'METG', 'FGI', 'WNW', 'PLBL', 'SECZ', 'SLBT']
08:44:22  universe: 87 from IBKR scanner + 63 extra from Alpaca
08:44:27  Wrote 108 gappers (108 kept): ['YMAT', 'NVVE', 'JZXN', 'STFS', 'SNAL', 'BEZ', 'CRCA', 'WOK', 'CRCG', 'NDRA', 'LABD', 'DFSC', 'NTCL', 'PUR', 'METG', 'FGI', 'PLBL', 'WNW', 'SECZ', 'SLBT']
08:45:14  universe: 85 from IBKR scanner + 63 extra from Alpaca
08:45:25  Wrote 107 gappers (107 kept): ['YMAT', 'NVVE', 'JZXN', 'STFS', 'SNAL', 'PLBL', 'BEZ', 'CRCA', 'CRCG', 'WOK', 'NTCL', 'PUR', 'LABD', 'DFSC', 'NDRA', 'METG', 'FGI', 'WNW', 'SECZ', 'SLBT']
08:46:12  universe: 86 from IBKR scanner + 62 extra from Alpaca
08:46:19  Wrote 107 gappers (107 kept): ['YMAT', 'NVVE', 'JZXN', 'STFS', 'SNAL', 'BEZ', 'CRCA', 'CRCG', 'PLBL', 'WOK', 'LABD', 'PUR', 'DFSC', 'NDRA', 'METG', 'FGI', 'NTCL', 'SECZ', 'WNW', 'SLBT']
08:47:06  universe: 86 from IBKR scanner + 63 extra from Alpaca
08:47:13  Wrote 108 gappers (108 kept): ['YMAT', 'JZXN', 'NVVE', 'SNAL', 'BEZ', 'WOK', 'CRCA', 'CRCG', 'PUR', 'LABD', 'DFSC', 'STFS', 'NDRA', 'METG', 'FGI', 'NTCL', 'SECZ', 'PLBL', 'WNW', 'SLBT']
08:48:00  universe: 85 from IBKR scanner + 63 extra from Alpaca
08:48:06  Wrote 108 gappers (108 kept): ['YMAT', 'NVVE', 'JZXN', 'SNAL', 'WOK', 'BEZ', 'CRCA', 'CRCG', 'LABD', 'PUR', 'DFSC', 'STFS', 'NDRA', 'METG', 'FGI', 'NTCL', 'SECZ', 'WNW', 'SLBT', 'SLAI']
08:48:53  universe: 87 from IBKR scanner + 63 extra from Alpaca
08:48:58  Wrote 108 gappers (108 kept): ['YMAT', 'NVVE', 'JZXN', 'STFS', 'SNAL', 'BEZ', 'CRCA', 'WOK', 'CRCG', 'DFSC', 'LABD', 'PUR', 'NDRA', 'METG', 'FGI', 'NTCL', 'SECZ', 'WNW', 'SLAI', 'BOXL']
08:49:45  universe: 85 from IBKR scanner + 63 extra from Alpaca
08:49:49  Wrote 108 gappers (108 kept): ['YMAT', 'JZXN', 'NVVE', 'STFS', 'SNAL', 'CRCA', 'BEZ', 'CRCG', 'WOK', 'PUR', 'LABD', 'NDRA', 'METG', 'FGI', 'NTCL', 'SECZ', 'PLBL', 'WNW', 'DFSC', 'SLAI']
08:50:36  universe: 84 from IBKR scanner + 65 extra from Alpaca
08:50:43  Wrote 108 gappers (108 kept): ['YMAT', 'NVVE', 'JZXN', 'STFS', 'SNAL', 'BEZ', 'CRCA', 'CRCG', 'WOK', 'PUR', 'LABD', 'NDRA', 'METG', 'FGI', 'NTCL', 'PLBL', 'SECZ', 'DFSC', 'SLBT', 'WNW']
08:51:30  universe: 84 from IBKR scanner + 65 extra from Alpaca
08:51:36  Wrote 108 gappers (108 kept): ['YMAT', 'JZXN', 'NVVE', 'STFS', 'SNAL', 'BEZ', 'CRCA', 'CRCG', 'WOK', 'PUR', 'LABD', 'NDRA', 'METG', 'PLBL', 'FGI', 'NTCL', 'SECZ', 'DFSC', 'SLBT', 'WNW']
08:52:22  universe: 83 from IBKR scanner + 64 extra from Alpaca
08:52:28  Wrote 108 gappers (108 kept): ['YMAT', 'JZXN', 'NVVE', 'STFS', 'SNAL', 'BEZ', 'CRCA', 'CRCG', 'SUNE', 'NTCL', 'WOK', 'LABD', 'PUR', 'METG', 'FGI', 'SECZ', 'VEEE', 'DFSC', 'SLBT', 'WNW']
08:53:15  universe: 84 from IBKR scanner + 63 extra from Alpaca
08:53:20  Wrote 108 gappers (108 kept): ['YMAT', 'NVVE', 'JZXN', 'SNAL', 'STFS', 'BEZ', 'CRCA', 'NTCL', 'LABD', 'WOK', 'CRCG', 'PUR', 'METG', 'FGI', 'SUNE', 'SECZ', 'NDRA', 'DFSC', 'WNW', 'SLBT']
08:54:07  universe: 83 from IBKR scanner + 63 extra from Alpaca
08:54:12  Wrote 108 gappers (108 kept): ['YMAT', 'NVVE', 'JZXN', 'STFS', 'SNAL', 'BEZ', 'SUNE', 'NTCL', 'LABD', 'CRCA', 'PUR', 'CRCG', 'METG', 'FGI', 'NDRA', 'SECZ', 'PLBL', 'DFSC', 'WOK', 'SLBT']
08:54:59  universe: 85 from IBKR scanner + 63 extra from Alpaca
08:55:06  Wrote 108 gappers (108 kept): ['YMAT', 'NVVE', 'JZXN', 'STFS', 'SNAL', 'NTCL', 'BEZ', 'SUNE', 'CRCA', 'LABD', 'PLBL', 'PTLE', 'CRCG', 'PUR', 'METG', 'FGI', 'WOK', 'DFSC', 'NDRA', 'WNW']
08:55:53  universe: 84 from IBKR scanner + 64 extra from Alpaca
08:55:59  Wrote 108 gappers (108 kept): ['YMAT', 'NVVE', 'JZXN', 'SUNE', 'SNAL', 'BEZ', 'NTCL', 'LABD', 'CRCA', 'PLBL', 'WOK', 'CRCG', 'PUR', 'PTLE', 'METG', 'FGI', 'DFSC', 'SECZ', 'NDRA', 'IONZ']
08:56:46  universe: 85 from IBKR scanner + 63 extra from Alpaca
08:56:52  Wrote 108 gappers (108 kept): ['YMAT', 'JZXN', 'NVVE', 'SUNE', 'SNAL', 'BEZ', 'NTCL', 'LABD', 'CRCA', 'PLBL', 'CRCG', 'PUR', 'PTLE', 'WOK', 'METG', 'FGI', 'STFS', 'DFSC', 'NDRA', 'IONZ']
08:57:39  universe: 85 from IBKR scanner + 64 extra from Alpaca
08:57:44  Wrote 108 gappers (108 kept): ['YMAT', 'NVVE', 'JZXN', 'SUNE', 'BEZ', 'SNAL', 'NTCL', 'LABD', 'CRCA', 'WOK', 'CRCG', 'PUR', 'PTLE', 'METG', 'FGI', 'STFS', 'NDRA', 'PLBL', 'IONZ', 'DFSC']
08:58:31  universe: 84 from IBKR scanner + 66 extra from Alpaca
08:58:36  Wrote 108 gappers (108 kept): ['YMAT', 'NVVE', 'JZXN', 'SUNE', 'BEZ', 'SNAL', 'NTCL', 'LABD', 'CRCA', 'WOK', 'CRCG', 'PUR', 'PTLE', 'PLBL', 'METG', 'FGI', 'NDRA', 'SECZ', 'SLBT', 'QBTZ']
08:59:22  universe: 83 from IBKR scanner + 65 extra from Alpaca
08:59:27  Wrote 108 gappers (108 kept): ['YMAT', 'NVVE', 'JZXN', 'SUNE', 'BEZ', 'SNAL', 'NTCL', 'LABD', 'CRCA', 'WOK', 'CRCG', 'PUR', 'PTLE', 'PLBL', 'METG', 'FGI', 'NDRA', 'STFS', 'SECZ', 'SLBT']
09:00:14  universe: 83 from IBKR scanner + 66 extra from Alpaca
09:00:31  Wrote 108 gappers (108 kept): ['YMAT', 'JZXN', 'NVVE', 'BEZ', 'SNAL', 'SUNE', 'LABD', 'NTCL', 'CRCA', 'WOK', 'CRCG', 'PUR', 'PTLE', 'METG', 'FGI', 'NDRA', 'SECZ', 'STFS', 'SLBT', 'DFSC']
09:01:18  universe: 83 from IBKR scanner + 64 extra from Alpaca
09:01:31  Wrote 108 gappers (108 kept): ['YMAT', 'JZXN', 'NVVE', 'BEZ', 'SUNE', 'WOK', 'NTCL', 'SNAL', 'LABD', 'CRCA', 'CRCG', 'PUR', 'PTLE', 'METG', 'PLBL', 'FGI', 'NDRA', 'STFS', 'SECZ', 'SLBT']
09:02:18  universe: 83 from IBKR scanner + 64 extra from Alpaca
09:02:28  Wrote 108 gappers (108 kept): ['YMAT', 'JZXN', 'NVVE', 'BEZ', 'SUNE', 'SNAL', 'WOK', 'LABD', 'NTCL', 'CRCA', 'CRCG', 'PUR', 'METG', 'PLBL', 'WNW', 'CRE', 'SECZ', 'SLBT', 'DFSC', 'IONZ']
09:03:16  universe: 84 from IBKR scanner + 61 extra from Alpaca
09:03:23  Wrote 108 gappers (108 kept): ['YMAT', 'JZXN', 'NVVE', 'SUNE', 'BEZ', 'SNAL', 'LABD', 'WOK', 'CRCA', 'NTCL', 'CRCG', 'PUR', 'METG', 'PLBL', 'WNW', 'SECZ', 'SLBT', 'FGI', 'IONZ', 'DFSC']
09:04:10  universe: 84 from IBKR scanner + 62 extra from Alpaca
09:04:18  Wrote 109 gappers (109 kept): ['YMAT', 'JZXN', 'NVVE', 'RETO', 'BEZ', 'SUNE', 'SNAL', 'WOK', 'NTCL', 'LABD', 'CRCA', 'CRCG', 'PUR', 'METG', 'PLBL', 'CRE', 'SECZ', 'SLBT', 'FGI', 'DFSC']
09:05:06  universe: 82 from IBKR scanner + 63 extra from Alpaca
09:05:16  Wrote 110 gappers (110 kept): ['YMAT', 'JZXN', 'NVVE', 'PMA', 'BEZ', 'SUNE', 'SNAL', 'WOK', 'LABD', 'NTCL', 'CRCA', 'CRCG', 'PUR', 'METG', 'QBTZ', 'PLBL', 'IONZ', 'SECZ', 'SLBT', 'FGI']
09:06:03  universe: 82 from IBKR scanner + 62 extra from Alpaca
09:06:12  Wrote 109 gappers (109 kept): ['YMAT', 'JZXN', 'NVVE', 'SUNE', 'BEZ', 'SNAL', 'NTCL', 'LABD', 'WOK', 'CRCA', 'CRCG', 'PUR', 'METG', 'QBTZ', 'IONZ', 'SECZ', 'BNED', 'FGI', 'WNW', 'PLBL']
09:06:59  universe: 82 from IBKR scanner + 62 extra from Alpaca
09:07:08  Wrote 109 gappers (109 kept): ['YMAT', 'JZXN', 'NVVE', 'SUNE', 'BEZ', 'SNAL', 'NTCL', 'LABD', 'WOK', 'CRCA', 'CRCG', 'PUR', 'METG', 'QBTZ', 'SECZ', 'BNED', 'FGI', 'IONZ', 'PLBL', 'DFSC']
09:07:55  universe: 82 from IBKR scanner + 62 extra from Alpaca
09:08:01  Wrote 109 gappers (109 kept): ['YMAT', 'JZXN', 'NVVE', 'SUNE', 'BEZ', 'SNAL', 'CRCA', 'CRCG', 'WOK', 'LABD', 'PUR', 'METG', 'NTCL', 'QBTZ', 'BNED', 'SECZ', 'FGI', 'PLBL', 'DFSC', 'RETO']
09:08:48  universe: 82 from IBKR scanner + 63 extra from Alpaca
09:08:54  Wrote 109 gappers (109 kept): ['YMAT', 'JZXN', 'NVVE', 'SUNE', 'BEZ', 'SNAL', 'CRCA', 'CRCG', 'WOK', 'LABD', 'PUR', 'METG', 'NTCL', 'SECZ', 'BNED', 'QBTZ', 'FGI', 'PLBL', 'SLBT', 'WXM']
09:09:41  universe: 83 from IBKR scanner + 62 extra from Alpaca
09:09:47  Wrote 109 gappers (109 kept): ['YMAT', 'JZXN', 'NVVE', 'SUNE', 'BEZ', 'SNAL', 'CRCA', 'WOK', 'CRCG', 'LABD', 'BNED', 'PUR', 'METG', 'NTCL', 'QBTZ', 'SECZ', 'FGI', 'PLBL', 'CRE', 'WXM']
09:10:35  universe: 84 from IBKR scanner + 61 extra from Alpaca
09:10:45  Wrote 109 gappers (109 kept): ['YMAT', 'JZXN', 'NVVE', 'SUNE', 'SNAL', 'BEZ', 'CRCA', 'WOK', 'CRCG', 'LABD', 'BNED', 'PUR', 'METG', 'PLBL', 'NTCL', 'SECZ', 'FGI', 'QBTZ', 'CRE', 'WXM']
09:11:32  universe: 83 from IBKR scanner + 62 extra from Alpaca
09:11:41  Wrote 109 gappers (109 kept): ['YMAT', 'JZXN', 'NVVE', 'SUNE', 'SNAL', 'BEZ', 'WOK', 'CRCA', 'LABD', 'CRCG', 'PUR', 'METG', 'BNED', 'NTCL', 'STFS', 'FGI', 'PLBL', 'QBTZ', 'SECZ', 'IONZ']
09:12:29  universe: 83 from IBKR scanner + 63 extra from Alpaca
09:12:35  Wrote 109 gappers (109 kept): ['YMAT', 'JZXN', 'NVVE', 'BEZ', 'SUNE', 'SNAL', 'CRCA', 'WOK', 'LABD', 'CRCG', 'NTCL', 'PUR', 'METG', 'BNED', 'FGI', 'QBTZ', 'PLBL', 'SECZ', 'CRE', 'IONZ']
09:13:23  universe: 83 from IBKR scanner + 62 extra from Alpaca
09:13:29  Wrote 109 gappers (109 kept): ['YMAT', 'JZXN', 'NVVE', 'SUNE', 'BEZ', 'SNAL', 'LABD', 'WOK', 'CRCA', 'CRCG', 'PUR', 'METG', 'BNED', 'NTCL', 'QBTZ', 'PLBL', 'DFSC', 'FGI', 'SECZ', 'IONZ']
09:14:16  universe: 83 from IBKR scanner + 62 extra from Alpaca
09:14:22  Wrote 110 gappers (110 kept): ['YMAT', 'JZXN', 'NVVE', 'SUNE', 'BEZ', 'SNAL', 'LABD', 'WOK', 'CRCA', 'NTCL', 'PUR', 'CRCG', 'METG', 'PLBL', 'BNED', 'SLBT', 'QBTZ', 'DFSC', 'FGI', 'CBRG']
09:15:08  universe: 85 from IBKR scanner + 63 extra from Alpaca
09:15:21  Wrote 110 gappers (110 kept): ['YMAT', 'JZXN', 'NVVE', 'SUNE', 'BEZ', 'SNAL', 'LABD', 'NTCL', 'CRCA', 'PUR', 'CRCG', 'METG', 'WOK', 'BNED', 'PLBL', 'SLBT', 'QBTZ', 'DFSC', 'FGI', 'CBRG']
09:16:08  universe: 84 from IBKR scanner + 62 extra from Alpaca
09:16:17  Wrote 111 gappers (111 kept): ['YMAT', 'JZXN', 'NVVE', 'SUNE', 'BEZ', 'SNAL', 'LABD', 'CRCA', 'NTCL', 'WOK', 'CRCG', 'CBRG', 'PUR', 'CBRX', 'METG', 'BNED', 'PLBL', 'WXM', 'SLBT', 'DFSC']
09:17:05  universe: 84 from IBKR scanner + 62 extra from Alpaca
09:17:15  Wrote 111 gappers (111 kept): ['YMAT', 'JZXN', 'NVVE', 'SUNE', 'SNAL', 'BEZ', 'CBRG', 'LABD', 'CRCA', 'NTCL', 'CBRX', 'CRCG', 'PUR', 'WOK', 'METG', 'BNED', 'PLBL', 'INLF', 'SLBT', 'WXM']
09:18:02  universe: 82 from IBKR scanner + 60 extra from Alpaca
09:18:10  Wrote 111 gappers (111 kept): ['YMAT', 'JZXN', 'NVVE', 'SUNE', 'BEZ', 'SNAL', 'CBRG', 'CBRX', 'LABD', 'NTCL', 'WOK', 'PUR', 'CRCA', 'METG', 'CRCG', 'BNED', 'PLBL', 'SLBT', 'WNW', 'INLF']
09:18:57  universe: 81 from IBKR scanner + 60 extra from Alpaca
09:19:04  Wrote 111 gappers (111 kept): ['YMAT', 'JZXN', 'NVVE', 'SUNE', 'BEZ', 'SNAL', 'CBRX', 'CBRG', 'LABD', 'WOK', 'NTCL', 'PUR', 'METG', 'BNED', 'CRCA', 'PLBL', 'CRCG', 'SLBT', 'WNW', 'INLF']
09:19:50  universe: 80 from IBKR scanner + 61 extra from Alpaca
09:19:57  Wrote 111 gappers (111 kept): ['YMAT', 'JZXN', 'NVVE', 'SUNE', 'BEZ', 'SNAL', 'CBRX', 'CBRG', 'WOK', 'LABD', 'NTCL', 'PUR', 'CRCA', 'BNED', 'METG', 'CRCG', 'PLBL', 'WNW', 'INLF', 'DFSC']
09:20:44  universe: 79 from IBKR scanner + 60 extra from Alpaca
09:20:53  Wrote 111 gappers (111 kept): ['YMAT', 'JZXN', 'NVVE', 'SUNE', 'SNAL', 'BEZ', 'CBRG', 'CBRX', 'WOK', 'LABD', 'PUR', 'CRCA', 'CRCG', 'BNED', 'METG', 'PLBL', 'NTCL', 'WNW', 'DFSC', 'QBTZ']
09:21:40  universe: 80 from IBKR scanner + 61 extra from Alpaca
09:21:48  Wrote 110 gappers (110 kept): ['YMAT', 'JZXN', 'NVVE', 'SUNE', 'SNAL', 'BEZ', 'CBRG', 'CBRX', 'WOK', 'LABD', 'METG', 'CRCA', 'PUR', 'BNED', 'PLBL', 'CRCG', 'NTCL', 'SLBT', 'WNW', 'DFSC']
09:22:35  universe: 81 from IBKR scanner + 61 extra from Alpaca
09:22:41  Wrote 110 gappers (110 kept): ['YMAT', 'JZXN', 'NVVE', 'SUNE', 'SNAL', 'BEZ', 'CBRG', 'CBRX', 'WOK', 'LABD', 'METG', 'CRCA', 'PUR', 'BNED', 'CRCG', 'PLBL', 'NTCL', 'SECZ', 'SLBT', 'WNW']
09:23:28  universe: 79 from IBKR scanner + 60 extra from Alpaca
09:23:33  Wrote 111 gappers (111 kept): ['YMAT', 'JZXN', 'NVVE', 'SUNE', 'SNAL', 'BEZ', 'CBRG', 'CBRX', 'WOK', 'LABD', 'METG', 'BNED', 'PUR', 'CRCA', 'PLBL', 'CRCG', 'NTCL', 'SLBT', 'SECZ', 'DFSC']
09:24:20  universe: 79 from IBKR scanner + 61 extra from Alpaca
09:24:27  Wrote 111 gappers (111 kept): ['YMAT', 'JZXN', 'NVVE', 'SUNE', 'SNAL', 'BEZ', 'CBRG', 'CBRX', 'LABD', 'WOK', 'METG', 'CRCA', 'BNED', 'PUR', 'CRCG', 'PLBL', 'NTCL', 'SLBT', 'DFSC', 'SECZ']
09:25:14  universe: 80 from IBKR scanner + 60 extra from Alpaca
09:25:23  Wrote 111 gappers (111 kept): ['YMAT', 'JZXN', 'NVVE', 'SUNE', 'SNAL', 'BEZ', 'CBRG', 'CBRX', 'WOK', 'LABD', 'METG', 'CRCA', 'CRCG', 'PUR', 'BNED', 'PLBL', 'NTCL', 'SLBT', 'DFSC', 'FGI']
09:26:10  universe: 83 from IBKR scanner + 61 extra from Alpaca
09:26:19  Wrote 111 gappers (111 kept): ['YMAT', 'JZXN', 'NVVE', 'SUNE', 'SNAL', 'BEZ', 'CBRX', 'CBRG', 'WOK', 'LABD', 'METG', 'CRCA', 'PUR', 'BNED', 'CRCG', 'PLBL', 'NTCL', 'DFSC', 'FGI', 'SECZ']
09:27:06  universe: 81 from IBKR scanner + 61 extra from Alpaca
09:27:13  Wrote 111 gappers (111 kept): ['YMAT', 'JZXN', 'NVVE', 'SUNE', 'SNAL', 'BEZ', 'CBRX', 'CBRG', 'LABD', 'WOK', 'METG', 'PUR', 'CRCA', 'BNED', 'CRCG', 'PLBL', 'DFSC', 'FGI', 'SECZ', 'OFRM']
09:28:01  universe: 81 from IBKR scanner + 62 extra from Alpaca
09:28:08  Wrote 111 gappers (111 kept): ['YMAT', 'JZXN', 'NVVE', 'SUNE', 'SNAL', 'BEZ', 'CBRG', 'CBRX', 'WOK', 'LABD', 'METG', 'PUR', 'CRCA', 'BNED', 'CRCG', 'PLBL', 'DFSC', 'FGI', 'SECZ', 'OFRM']
09:28:55  universe: 81 from IBKR scanner + 62 extra from Alpaca
09:28:59  Wrote 111 gappers (111 kept): ['YMAT', 'JZXN', 'NVVE', 'SUNE', 'SNAL', 'BEZ', 'CBRG', 'CBRX', 'WOK', 'METG', 'LABD', 'PUR', 'BNED', 'CRCA', 'CRCG', 'SECZ', 'PLBL', 'DFSC', 'FGI', 'OFRM']
09:29:46  universe: 82 from IBKR scanner + 61 extra from Alpaca
09:29:51  Wrote 111 gappers (111 kept): ['YMAT', 'JZXN', 'NVVE', 'SUNE', 'SNAL', 'BEZ', 'CBRG', 'CBRX', 'METG', 'WOK', 'LABD', 'BNED', 'PUR', 'CRCA', 'CRCG', 'PLBL', 'SECZ', 'DFSC', 'FGI', 'OFRM']
09:30:38  universe: 82 from IBKR scanner + 61 extra from Alpaca
09:30:50  Wrote 112 gappers (112 kept): ['YMAT', 'JZXN', 'NVVE', 'SUNE', 'SNAL', 'BEZ', 'CBRG', 'CBRX', 'METG', 'LABD', 'BNED', 'WOK', 'PUR', 'CRCA', 'CRCG', 'SECZ', 'PLBL', 'DFSC', 'FGI', 'OFRM']
09:31:37  universe: 81 from IBKR scanner + 61 extra from Alpaca
09:31:49  Wrote 112 gappers (112 kept): ['YMAT', 'JZXN', 'NVVE', 'SUNE', 'SNAL', 'BEZ', 'CBRG', 'CBRX', 'LABD', 'METG', 'WOK', 'PUR', 'BNED', 'CRCA', 'CRCG', 'SECZ', 'PLBL', 'WNW', 'DFSC', 'FGI']
09:32:36  universe: 82 from IBKR scanner + 63 extra from Alpaca
09:32:44  Wrote 114 gappers (114 kept): ['YMAT', 'JZXN', 'NVVE', 'SUNE', 'SNAL', 'BEZ', 'CBRG', 'CBRX', 'WOK', 'METG', 'LABD', 'BNED', 'PUR', 'CRCA', 'CRCG', 'SLAI', 'PLBL', 'SECZ', 'WNW', 'FGI']
09:33:31  universe: 82 from IBKR scanner + 60 extra from Alpaca
09:33:37  Wrote 114 gappers (114 kept): ['YMAT', 'JZXN', 'NVVE', 'SUNE', 'SNAL', 'BEZ', 'CBRX', 'CBRG', 'WOK', 'METG', 'BNED', 'LABD', 'PUR', 'CRCA', 'CRCG', 'SLAI', 'SECZ', 'WNW', 'PLBL', 'FGI']
09:34:25  universe: 82 from IBKR scanner + 61 extra from Alpaca
09:34:31  Wrote 114 gappers (114 kept): ['YMAT', 'JZXN', 'NVVE', 'SUNE', 'SNAL', 'BEZ', 'CBRG', 'CBRX', 'WOK', 'BNED', 'METG', 'CRCA', 'PUR', 'LABD', 'CRCG', 'PLBL', 'SECZ', 'WNW', 'FGI', 'QBTZ']
09:35:18  universe: 83 from IBKR scanner + 60 extra from Alpaca
09:35:30  Wrote 114 gappers (114 kept): ['YMAT', 'JZXN', 'NVVE', 'SUNE', 'SNAL', 'BEZ', 'CBRG', 'CBRX', 'BNED', 'METG', 'CRCA', 'WOK', 'CRCG', 'LABD', 'PUR', 'PLBL', 'SECZ', 'FGI', 'CRE', 'WNW']
09:36:17  universe: 82 from IBKR scanner + 60 extra from Alpaca
09:36:26  Wrote 114 gappers (114 kept): ['YMAT', 'JZXN', 'NVVE', 'SUNE', 'BEZ', 'SNAL', 'CBRX', 'LABD', 'CBRG', 'METG', 'WOK', 'CRCA', 'BNED', 'PUR', 'CRCG', 'PLBL', 'SECZ', 'FGI', 'QBTZ', 'WNW']
09:37:13  universe: 83 from IBKR scanner + 61 extra from Alpaca
09:37:21  Wrote 114 gappers (114 kept): ['YMAT', 'JZXN', 'NVVE', 'SUNE', 'BEZ', 'SNAL', 'CBRG', 'CBRX', 'LABD', 'METG', 'WOK', 'CRCA', 'BNED', 'PUR', 'CRCG', 'CRE', 'PLBL', 'FGI', 'QBTZ', 'SECZ']
09:38:08  universe: 84 from IBKR scanner + 61 extra from Alpaca
09:38:15  Wrote 114 gappers (114 kept): ['YMAT', 'JZXN', 'NVVE', 'SUNE', 'BEZ', 'SNAL', 'CBRG', 'CBRX', 'LABD', 'METG', 'CRCA', 'BNED', 'PUR', 'CRCG', 'WOK', 'CRE', 'PLBL', 'QBTZ', 'WNW', 'FGI']
09:39:01  universe: 83 from IBKR scanner + 61 extra from Alpaca
09:39:09  Wrote 114 gappers (114 kept): ['YMAT', 'JZXN', 'NVVE', 'SUNE', 'BEZ', 'SNAL', 'CBRG', 'CBRX', 'LABD', 'METG', 'WOK', 'BNED', 'PUR', 'CRCA', 'CRE', 'WXM', 'CRCG', 'PLBL', 'QBTZ', 'WNW']
09:39:56  universe: 82 from IBKR scanner + 61 extra from Alpaca
09:40:01  Wrote 114 gappers (114 kept): ['YMAT', 'JZXN', 'NVVE', 'SUNE', 'BEZ', 'SNAL', 'CBRG', 'CBRX', 'LABD', 'METG', 'BNED', 'WOK', 'PUR', 'CRCA', 'CRE', 'WXM', 'CRCG', 'QBTZ', 'PLBL', 'WNW']
09:40:48  universe: 82 from IBKR scanner + 60 extra from Alpaca
09:40:57  Wrote 114 gappers (114 kept): ['YMAT', 'JZXN', 'NVVE', 'SUNE', 'BEZ', 'SNAL', 'CBRG', 'CBRX', 'LABD', 'METG', 'BNED', 'PUR', 'CRE', 'CRCA', 'WOK', 'CRCG', 'PLBL', 'SECZ', 'QBTZ', 'WNW']
09:41:44  universe: 84 from IBKR scanner + 61 extra from Alpaca
09:41:51  Wrote 114 gappers (114 kept): ['YMAT', 'JZXN', 'NVVE', 'SUNE', 'BEZ', 'SNAL', 'CBRG', 'CBRX', 'LABD', 'METG', 'BNED', 'PUR', 'CRCA', 'CRE', 'CRCG', 'PLBL', 'QBTZ', 'SECZ', 'FGI', 'WOK']
09:42:38  universe: 84 from IBKR scanner + 61 extra from Alpaca
09:42:45  Wrote 114 gappers (114 kept): ['YMAT', 'JZXN', 'NVVE', 'SUNE', 'BEZ', 'SNAL', 'CBRG', 'CBRX', 'LABD', 'BNED', 'METG', 'PUR', 'CRCA', 'WXM', 'CRCG', 'CRE', 'QBTZ', 'PLBL', 'SECZ', 'FGI']
09:43:31  universe: 83 from IBKR scanner + 61 extra from Alpaca
09:43:38  Wrote 114 gappers (114 kept): ['YMAT', 'JZXN', 'NVVE', 'SUNE', 'BEZ', 'SNAL', 'CBRG', 'CBRX', 'LABD', 'BNED', 'METG', 'PUR', 'CRCA', 'CRE', 'CRCG', 'PLBL', 'WOK', 'QBTZ', 'SECZ', 'FGI']
09:44:25  universe: 83 from IBKR scanner + 61 extra from Alpaca
09:44:31  Wrote 114 gappers (114 kept): ['YMAT', 'JZXN', 'NVVE', 'SUNE', 'BEZ', 'SNAL', 'CBRG', 'CBRX', 'METG', 'LABD', 'CRE', 'BNED', 'PUR', 'CRCA', 'CRCG', 'WOK', 'PLBL', 'SECZ', 'QBTZ', 'DFSC']
09:45:18  universe: 84 from IBKR scanner + 59 extra from Alpaca
09:45:31  Wrote 114 gappers (114 kept): ['YMAT', 'JZXN', 'NVVE', 'SUNE', 'SNAL', 'BEZ', 'CBRG', 'CBRX', 'CRE', 'METG', 'LABD', 'CRCA', 'PUR', 'BNED', 'CRCG', 'PLBL', 'SECZ', 'DFSC', 'QBTZ', 'FGI']
09:46:18  universe: 84 from IBKR scanner + 60 extra from Alpaca
09:46:28  Wrote 114 gappers (114 kept): ['YMAT', 'JZXN', 'NVVE', 'SUNE', 'SNAL', 'BEZ', 'CBRG', 'CBRX', 'LABD', 'METG', 'CRE', 'PUR', 'CRCA', 'CRCG', 'BNED', 'SECZ', 'PLBL', 'FGI', 'QBTZ', 'WOK']
09:47:15  universe: 83 from IBKR scanner + 60 extra from Alpaca
09:47:29  Wrote 114 gappers (114 kept): ['YMAT', 'JZXN', 'NVVE', 'SUNE', 'SNAL', 'BEZ', 'CBRX', 'CBRG', 'CRE', 'LABD', 'METG', 'SECZ', 'PUR', 'BNED', 'CRCA', 'CRCG', 'PLBL', 'QBTZ', 'FGI', 'WOK']
09:48:17  universe: 83 from IBKR scanner + 60 extra from Alpaca
09:48:33  snapshot chunk failed: HTTPSConnectionPool(host='data.alpaca.markets', port=443): Read timed out. (read timeout=15)
09:48:43  Wrote 88 gappers (88 kept): ['YMAT', 'SUNE', 'BEZ', 'SNAL', 'CBRG', 'CRE', 'CBRX', 'LABD', 'METG', 'CRCA', 'BNED', 'SECZ', 'PUR', 'PLBL', 'QBTZ', 'WOK', 'WNW', 'DFSC', 'SLBT', 'OFRM']
09:49:29  universe: 85 from IBKR scanner + 61 extra from Alpaca
09:49:34  Wrote 96 gappers (96 kept): ['YMAT', 'JZXN', 'NVVE', 'SUNE', 'SNAL', 'BEZ', 'CRE', 'CBRX', 'CBRG', 'LABD', 'METG', 'BNED', 'SECZ', 'PUR', 'CRCA', 'CRCG', 'PLBL', 'WOK', 'QBTZ', 'WNW']
09:50:21  universe: 83 from IBKR scanner + 59 extra from Alpaca
09:50:29  Wrote 97 gappers (97 kept): ['YMAT', 'JZXN', 'NVVE', 'SUNE', 'SNAL', 'BEZ', 'CRE', 'CBRX', 'CBRG', 'LABD', 'METG', 'CRCA', 'BNED', 'SECZ', 'PUR', 'CRCG', 'PLBL', 'WOK', 'QBTZ', 'IONZ']
09:51:16  universe: 83 from IBKR scanner + 60 extra from Alpaca
09:51:22  Wrote 98 gappers (98 kept): ['YMAT', 'JZXN', 'NVVE', 'SUNE', 'SNAL', 'BEZ', 'CBRX', 'LABD', 'CBRG', 'CRE', 'METG', 'PLBL', 'BNED', 'CRCA', 'SECZ', 'PUR', 'CRCG', 'WOK', 'QBTZ', 'IONZ']
09:52:09  universe: 82 from IBKR scanner + 59 extra from Alpaca
09:52:15  Wrote 98 gappers (98 kept): ['YMAT', 'JZXN', 'NVVE', 'SUNE', 'SNAL', 'BEZ', 'LABD', 'METG', 'CBRG', 'CBRX', 'BNED', 'CRE', 'PUR', 'CRCA', 'SECZ', 'CRCG', 'PLBL', 'WOK', 'QBTZ', 'IONZ']
09:53:02  universe: 81 from IBKR scanner + 59 extra from Alpaca
09:53:08  Wrote 98 gappers (98 kept): ['YMAT', 'JZXN', 'NVVE', 'SUNE', 'SNAL', 'BEZ', 'LABD', 'METG', 'CBRG', 'CBRX', 'BNED', 'CRE', 'PUR', 'CRCA', 'WOK', 'CRCG', 'SECZ', 'PLBL', 'QBTZ', 'WNW']
09:53:55  universe: 81 from IBKR scanner + 59 extra from Alpaca
09:53:59  Wrote 98 gappers (98 kept): ['YMAT', 'JZXN', 'NVVE', 'SUNE', 'SNAL', 'BEZ', 'LABD', 'METG', 'CBRG', 'BNED', 'WOK', 'PUR', 'CBRX', 'CRCA', 'CRCG', 'SECZ', 'PLBL', 'DFSC', 'QBTZ', 'LNAI']
09:54:46  universe: 80 from IBKR scanner + 59 extra from Alpaca
09:54:51  Wrote 98 gappers (98 kept): ['YMAT', 'JZXN', 'NVVE', 'SUNE', 'SNAL', 'BEZ', 'BNED', 'WOK', 'CBRG', 'LABD', 'METG', 'CRCA', 'CRE', 'PUR', 'CBRX', 'CRCG', 'PLBL', 'SECZ', 'DFSC', 'QBTZ']
09:55:38  universe: 80 from IBKR scanner + 59 extra from Alpaca
09:55:43  Wrote 98 gappers (98 kept): ['YMAT', 'JZXN', 'NVVE', 'SUNE', 'SNAL', 'BEZ', 'CBRG', 'CBRX', 'BNED', 'WOK', 'LABD', 'METG', 'CRCA', 'CRE', 'PUR', 'CRCG', 'PLBL', 'SECZ', 'DFSC', 'QBTZ']
09:56:30  universe: 81 from IBKR scanner + 58 extra from Alpaca
09:56:35  Wrote 98 gappers (98 kept): ['YMAT', 'JZXN', 'NVVE', 'SUNE', 'SNAL', 'BEZ', 'WOK', 'CBRG', 'CBRX', 'BNED', 'LABD', 'METG', 'CRCA', 'PUR', 'CRCG', 'PLBL', 'SECZ', 'CRE', 'DFSC', 'QBTZ']
09:57:22  universe: 81 from IBKR scanner + 58 extra from Alpaca
09:57:28  Wrote 98 gappers (98 kept): ['YMAT', 'JZXN', 'NVVE', 'SUNE', 'SNAL', 'BEZ', 'BNED', 'CBRX', 'CBRG', 'METG', 'LABD', 'CRCA', 'CRE', 'PUR', 'WOK', 'CRCG', 'PLBL', 'SECZ', 'QBTZ', 'IONZ']
09:58:14  universe: 81 from IBKR scanner + 59 extra from Alpaca
09:58:19  Wrote 98 gappers (98 kept): ['YMAT', 'JZXN', 'NVVE', 'SUNE', 'SNAL', 'BEZ', 'CBRX', 'CBRG', 'BNED', 'METG', 'LABD', 'CRCA', 'PLBL', 'WOK', 'PUR', 'CRCG', 'CRE', 'SECZ', 'QBTZ', 'IONZ']
09:59:06  universe: 81 from IBKR scanner + 59 extra from Alpaca
09:59:11  Wrote 98 gappers (98 kept): ['YMAT', 'JZXN', 'NVVE', 'SUNE', 'SNAL', 'BEZ', 'CBRX', 'CBRG', 'WOK', 'BNED', 'METG', 'LABD', 'PUR', 'CRE', 'CRCA', 'PLBL', 'CRCG', 'SECZ', 'QBTZ', 'IONZ']
09:59:58  universe: 82 from IBKR scanner + 59 extra from Alpaca
10:00:08  Wrote 97 gappers (97 kept): ['YMAT', 'JZXN', 'NVVE', 'SUNE', 'SNAL', 'STFS', 'BEZ', 'CBRX', 'CBRG', 'BNED', 'METG', 'LABD', 'WOK', 'PUR', 'CRCA', 'CRCG', 'PLBL', 'SECZ', 'CRE', 'QBTZ']
10:00:54  universe: 82 from IBKR scanner + 57 extra from Alpaca
10:01:09  Wrote 98 gappers (98 kept): ['YMAT', 'JZXN', 'NVVE', 'SUNE', 'SNAL', 'STFS', 'BEZ', 'CBRX', 'CBRG', 'WOK', 'BNED', 'METG', 'LABD', 'CRCA', 'PUR', 'CRCG', 'PLBL', 'PTLE', 'SECZ', 'CRE']
10:01:56  universe: 83 from IBKR scanner + 57 extra from Alpaca
10:02:07  Wrote 97 gappers (97 kept): ['YMAT', 'NVVE', 'SUNE', 'SNAL', 'BEZ', 'CBRX', 'WOK', 'BNED', 'PLBL', 'METG', 'LABD', 'CBRG', 'CRCA', 'PUR', 'CRCG', 'PTLE', 'SECZ', 'CRE', 'QBTZ', 'IONZ']
10:02:54  universe: 83 from IBKR scanner + 57 extra from Alpaca
10:03:02  Wrote 97 gappers (97 kept): ['YMAT', 'NVVE', 'SUNE', 'SNAL', 'BEZ', 'CBRX', 'BNED', 'WOK', 'METG', 'CBRG', 'LABD', 'CRE', 'PUR', 'PLBL', 'CRCA', 'CRCG', 'SECZ', 'PTLE', 'QBTZ', 'IONZ']
10:03:49  universe: 83 from IBKR scanner + 58 extra from Alpaca
10:03:56  Wrote 97 gappers (97 kept): ['YMAT', 'NVVE', 'SUNE', 'SNAL', 'BEZ', 'PLBL', 'CBRX', 'CRE', 'BNED', 'WOK', 'CBRG', 'METG', 'LABD', 'PUR', 'CRCA', 'CRCG', 'PTLE', 'SECZ', 'QBTZ', 'IONZ']
10:04:43  universe: 83 from IBKR scanner + 57 extra from Alpaca
10:04:49  Wrote 97 gappers (97 kept): ['YMAT', 'NVVE', 'SUNE', 'SNAL', 'BEZ', 'PLBL', 'CBRX', 'WOK', 'CRE', 'CBRG', 'BNED', 'METG', 'LABD', 'PUR', 'CRCA', 'CRCG', 'PTLE', 'SECZ', 'QBTZ', 'IONZ']
10:05:37  universe: 83 from IBKR scanner + 57 extra from Alpaca
10:06:49  avg-vol fetch failed: HTTPSConnectionPool(host='data.alpaca.markets', port=443): Read timed out. (read timeout=15)
10:06:49  Wrote 97 gappers (97 kept): ['YMAT', 'SUNE', 'NVVE', 'SNAL', 'BEZ', 'WOK', 'BNED', 'CBRG', 'CBRX', 'METG', 'CRE', 'PLBL', 'LABD', 'PUR', 'CRCA', 'SECZ', 'CRCG', 'QBTZ', 'IONZ', 'PTLE']
10:07:37  universe: 82 from IBKR scanner + 57 extra from Alpaca
10:07:53  snapshot chunk failed: HTTPSConnectionPool(host='data.alpaca.markets', port=443): Max retries exceeded with url: /v2/stocks/snapshots?symbols=ELPW,FTPA,FNGR,SPDN,OPTX,SSPC,YHC,NOWL,STFS,OPEX,SMU,SLBT,CBUS,LULG,SNWV,NEXA,ETHT,RGTZ,RNAZ,CRE,EOSER,CCAQ,FXHO,MSTU,BMNU,INTC,SCAG,GMM,WNW,CSAN,ADBG,TZA,ORCU,BKD,PUR,DRAM,DWSN,LITU,VEEE,RFAM&feed=sip (Caused by ConnectTimeoutError(<HTTPSConnection(host='data.alpaca.markets', port=443) at 0x10ffd5850>, 'Connection to data.alpaca.markets timed out. (connect timeout=15)'))
10:08:14  Wrote 75 gappers (75 kept): ['YMAT', 'NVVE', 'SUNE', 'SNAL', 'BEZ', 'WOK', 'CBRG', 'PLBL', 'CBRX', 'METG', 'LABD', 'BNED', 'CRCA', 'SECZ', 'CRCG', 'QBTZ', 'IONZ', 'PTLE', 'DFSC', 'OFRM']
10:09:02  universe: 82 from IBKR scanner + 58 extra from Alpaca
10:09:08  Wrote 82 gappers (82 kept): ['YMAT', 'NVVE', 'SUNE', 'SNAL', 'WOK', 'BEZ', 'CBRX', 'CBRG', 'PLBL', 'METG', 'LABD', 'PUR', 'BNED', 'CRCA', 'CRCG', 'SECZ', 'CRE', 'QBTZ', 'PTLE', 'DFSC']
10:09:54  universe: 82 from IBKR scanner + 58 extra from Alpaca
10:10:00  Wrote 82 gappers (82 kept): ['YMAT', 'NVVE', 'SUNE', 'SNAL', 'WOK', 'PLBL', 'CBRG', 'BEZ', 'CBRX', 'METG', 'LABD', 'PUR', 'BNED', 'CRCA', 'CRCG', 'CRE', 'SECZ', 'QBTZ', 'PTLE', 'DFSC']
10:10:47  universe: 82 from IBKR scanner + 58 extra from Alpaca
10:10:55  Wrote 83 gappers (83 kept): ['YMAT', 'NVVE', 'SUNE', 'SNAL', 'WOK', 'BEZ', 'CBRG', 'CBRX', 'METG', 'BNED', 'LABD', 'CRCA', 'CRE', 'PUR', 'CRCG', 'SECZ', 'QBTZ', 'PTLE', 'DFSC', 'PLBL']
10:11:42  universe: 82 from IBKR scanner + 56 extra from Alpaca
10:11:50  Wrote 83 gappers (83 kept): ['YMAT', 'NVVE', 'SUNE', 'SNAL', 'WOK', 'CBRG', 'BEZ', 'CBRX', 'METG', 'BNED', 'CRE', 'PUR', 'CRCA', 'LABD', 'CRCG', 'PLBL', 'SECZ', 'QBTZ', 'PTLE', 'DFSC']
10:12:37  universe: 82 from IBKR scanner + 56 extra from Alpaca
10:12:43  Wrote 83 gappers (83 kept): ['YMAT', 'NVVE', 'SUNE', 'SNAL', 'WOK', 'BEZ', 'CBRG', 'CBRX', 'METG', 'CRE', 'BNED', 'CRCA', 'PUR', 'LABD', 'CRCG', 'SECZ', 'QBTZ', 'WNW', 'PTLE', 'DFSC']
10:13:30  universe: 81 from IBKR scanner + 57 extra from Alpaca
10:13:36  Wrote 82 gappers (82 kept): ['YMAT', 'NVVE', 'SUNE', 'SNAL', 'WOK', 'CBRG', 'BEZ', 'CBRX', 'METG', 'BNED', 'CRE', 'CRCA', 'PUR', 'LABD', 'CRCG', 'SECZ', 'QBTZ', 'WNW', 'PTLE', 'DFSC']
10:14:23  universe: 81 from IBKR scanner + 57 extra from Alpaca
10:14:27  Wrote 82 gappers (82 kept): ['YMAT', 'NVVE', 'SUNE', 'SNAL', 'WOK', 'CBRG', 'BEZ', 'CBRX', 'METG', 'BNED', 'CRE', 'CRCA', 'PUR', 'LABD', 'CRCG', 'PLBL', 'SECZ', 'JLHL', 'QBTZ', 'PTLE']
10:15:14  universe: 81 from IBKR scanner + 56 extra from Alpaca
10:15:23  Wrote 82 gappers (82 kept): ['YMAT', 'NVVE', 'SUNE', 'SNAL', 'WOK', 'BEZ', 'CBRG', 'CBRX', 'CRE', 'CRCA', 'METG', 'BNED', 'CRCG', 'PUR', 'LABD', 'SECZ', 'PLBL', 'JLHL', 'QBTZ', 'PTLE']
10:16:11  universe: 81 from IBKR scanner + 56 extra from Alpaca
10:16:19  Wrote 83 gappers (83 kept): ['YMAT', 'NVVE', 'SUNE', 'SNAL', 'WOK', 'CBRG', 'CBRX', 'BEZ', 'METG', 'CRCA', 'CRE', 'BNED', 'PUR', 'CRCG', 'LABD', 'SECZ', 'PLBL', 'TKLF', 'PTLE', 'QBTZ']
10:17:06  universe: 82 from IBKR scanner + 56 extra from Alpaca
10:17:12  Wrote 83 gappers (83 kept): ['YMAT', 'NVVE', 'SUNE', 'SNAL', 'CBRG', 'WOK', 'CBRX', 'BNED', 'BEZ', 'METG', 'CRCA', 'CRE', 'PUR', 'CRCG', 'LABD', 'PLBL', 'SECZ', 'TKLF', 'PTLE', 'QBTZ']
10:17:59  universe: 83 from IBKR scanner + 56 extra from Alpaca
10:18:06  Wrote 83 gappers (83 kept): ['YMAT', 'NVVE', 'SUNE', 'SNAL', 'CBRG', 'WOK', 'CBRX', 'BNED', 'CRE', 'BEZ', 'METG', 'CRCA', 'PUR', 'CRCG', 'LABD', 'PLBL', 'SECZ', 'TKLF', 'PTLE', 'QBTZ']
10:18:52  universe: 82 from IBKR scanner + 57 extra from Alpaca
10:18:57  Wrote 83 gappers (83 kept): ['YMAT', 'NVVE', 'SUNE', 'SNAL', 'WOK', 'CBRG', 'CBRX', 'BNED', 'BEZ', 'METG', 'CRCA', 'CRE', 'PUR', 'LABD', 'CRCG', 'SECZ', 'JLHL', 'QBTZ', 'PLBL', 'PTLE']
10:19:43  universe: 82 from IBKR scanner + 56 extra from Alpaca
10:19:48  Wrote 84 gappers (84 kept): ['YMAT', 'NVVE', 'SUNE', 'SNAL', 'CBRG', 'WOK', 'CBRX', 'STFS', 'BNED', 'METG', 'BEZ', 'CRE', 'PUR', 'LABD', 'PLBL', 'CRCA', 'CRCG', 'SECZ', 'PTLE', 'JLHL']
10:20:35  universe: 82 from IBKR scanner + 55 extra from Alpaca
10:20:42  Wrote 84 gappers (84 kept): ['YMAT', 'NVVE', 'SUNE', 'SNAL', 'CBRG', 'WOK', 'CBRX', 'CRE', 'STFS', 'METG', 'BNED', 'BEZ', 'PUR', 'CRCA', 'LABD', 'CRCG', 'PLBL', 'SECZ', 'PTLE', 'JLHL']
10:21:29  universe: 82 from IBKR scanner + 55 extra from Alpaca
10:21:34  Wrote 85 gappers (85 kept): ['YMAT', 'NVVE', 'SUNE', 'SNAL', 'CBRG', 'CBRX', 'WOK', 'STFS', 'CRE', 'BNED', 'METG', 'BEZ', 'PUR', 'LABD', 'CRCA', 'CRCG', 'JLHL', 'PLBL', 'SECZ', 'PTLE']
10:22:21  universe: 82 from IBKR scanner + 55 extra from Alpaca
10:22:27  Wrote 85 gappers (85 kept): ['YMAT', 'NVVE', 'SUNE', 'SNAL', 'CBRG', 'WOK', 'CBRX', 'CRE', 'STFS', 'BNED', 'METG', 'BEZ', 'LABD', 'PUR', 'JLHL', 'CRCA', 'CRCG', 'PLBL', 'SECZ', 'PTLE']
10:23:14  universe: 83 from IBKR scanner + 54 extra from Alpaca
10:23:19  Wrote 84 gappers (84 kept): ['YMAT', 'NVVE', 'SUNE', 'SNAL', 'JLHL', 'CBRG', 'WOK', 'CBRX', 'CRE', 'STFS', 'BNED', 'METG', 'BEZ', 'PUR', 'LABD', 'PLBL', 'CRCA', 'CRCG', 'SECZ', 'PTLE']
10:24:06  universe: 83 from IBKR scanner + 54 extra from Alpaca
10:24:13  Wrote 84 gappers (84 kept): ['YMAT', 'NVVE', 'SUNE', 'JLHL', 'SNAL', 'CBRG', 'CBRX', 'WOK', 'CRE', 'STFS', 'BNED', 'METG', 'BEZ', 'PUR', 'LABD', 'PLBL', 'CRCA', 'CRCG', 'TKLF', 'SECZ']
10:24:59  universe: 84 from IBKR scanner + 54 extra from Alpaca
10:25:07  Wrote 85 gappers (85 kept): ['YMAT', 'NVVE', 'SUNE', 'JLHL', 'SNAL', 'WOK', 'CBRG', 'CBRX', 'CRE', 'STFS', 'BNED', 'TKLF', 'METG', 'BEZ', 'LABD', 'PUR', 'CRCA', 'CRCG', 'PTLE', 'QBTZ']
10:25:53  universe: 83 from IBKR scanner + 54 extra from Alpaca
10:26:00  Wrote 86 gappers (86 kept): ['YMAT', 'NVVE', 'SUNE', 'JLHL', 'SNAL', 'WOK', 'CRE', 'CBRX', 'CBRG', 'STFS', 'BNED', 'TKLF', 'METG', 'BEZ', 'LABD', 'PUR', 'CRCA', 'CRCG', 'PTLE', 'PLBL']
10:26:47  universe: 83 from IBKR scanner + 55 extra from Alpaca
10:26:52  Wrote 86 gappers (86 kept): ['YMAT', 'NVVE', 'SUNE', 'JLHL', 'SNAL', 'WOK', 'CBRX', 'CBRG', 'CRE', 'STFS', 'BNED', 'METG', 'LABD', 'PUR', 'BEZ', 'TKLF', 'CRCA', 'CRCG', 'PTLE', 'PLBL']
10:27:39  universe: 81 from IBKR scanner + 56 extra from Alpaca
10:27:44  Wrote 87 gappers (87 kept): ['YMAT', 'NVVE', 'SUNE', 'JLHL', 'SNAL', 'WOK', 'CBRX', 'CBRG', 'CRE', 'STFS', 'BNED', 'METG', 'LABD', 'PUR', 'BEZ', 'CRCA', 'CRCG', 'TKLF', 'PTLE', 'PLBL']
10:28:31  universe: 81 from IBKR scanner + 57 extra from Alpaca
10:28:36  Wrote 87 gappers (87 kept): ['YMAT', 'NVVE', 'SUNE', 'JLHL', 'SNAL', 'WOK', 'CBRX', 'CBRG', 'CRE', 'BNED', 'METG', 'PUR', 'BEZ', 'LABD', 'CRCA', 'CRCG', 'PLBL', 'TKLF', 'PTLE', 'SLBT']
10:29:22  universe: 82 from IBKR scanner + 56 extra from Alpaca
10:29:27  Wrote 87 gappers (87 kept): ['YMAT', 'NVVE', 'SUNE', 'JLHL', 'SNAL', 'WOK', 'CRE', 'CBRX', 'CBRG', 'BNED', 'METG', 'BEZ', 'PUR', 'LABD', 'TKLF', 'CRCA', 'PLBL', 'CRCG', 'PTLE', 'SLBT']
10:30:14  universe: 82 from IBKR scanner + 56 extra from Alpaca
10:30:27  Wrote 87 gappers (87 kept): ['YMAT', 'NVVE', 'SUNE', 'JLHL', 'SNAL', 'WOK', 'CRE', 'CBRX', 'CBRG', 'BNED', 'METG', 'BEZ', 'PUR', 'LABD', 'TKLF', 'CRCA', 'PLBL', 'CRCG', 'PTLE', 'SLBT']
10:31:15  universe: 82 from IBKR scanner + 55 extra from Alpaca
10:31:27  Wrote 87 gappers (87 kept): ['YMAT', 'NVVE', 'SUNE', 'JLHL', 'SNAL', 'WOK', 'CBRX', 'CBRG', 'CRE', 'BNED', 'METG', 'BEZ', 'PUR', 'LABD', 'CRCA', 'TKLF', 'PLBL', 'CRCG', 'PTLE', 'SLBT']
10:32:14  universe: 83 from IBKR scanner + 54 extra from Alpaca
10:32:23  Wrote 87 gappers (87 kept): ['YMAT', 'NVVE', 'SUNE', 'JLHL', 'SNAL', 'WOK', 'CBRX', 'CRE', 'CBRG', 'BNED', 'METG', 'PUR', 'BEZ', 'LABD', 'CRCA', 'PLBL', 'TKLF', 'CRCG', 'PTLE', 'SLBT']
10:33:10  universe: 83 from IBKR scanner + 55 extra from Alpaca
10:33:18  Wrote 87 gappers (87 kept): ['YMAT', 'NVVE', 'SUNE', 'JLHL', 'SNAL', 'WOK', 'CRE', 'CBRX', 'CBRG', 'METG', 'BNED', 'BEZ', 'PUR', 'LABD', 'PLBL', 'CRCA', 'CRCG', 'TKLF', 'PTLE', 'DFSC']
10:34:05  universe: 83 from IBKR scanner + 55 extra from Alpaca
10:34:12  Wrote 87 gappers (87 kept): ['YMAT', 'NVVE', 'SUNE', 'JLHL', 'SNAL', 'WOK', 'CBRX', 'CRE', 'CBRG', 'METG', 'BNED', 'BEZ', 'PUR', 'PLBL', 'LABD', 'CRCA', 'TKLF', 'CRCG', 'PTLE', 'DFSC']
10:34:58  universe: 83 from IBKR scanner + 55 extra from Alpaca
10:35:06  Wrote 87 gappers (87 kept): ['YMAT', 'NVVE', 'SUNE', 'JLHL', 'SNAL', 'WOK', 'CBRX', 'CRE', 'CBRG', 'BNED', 'METG', 'TKLF', 'PUR', 'LABD', 'BEZ', 'CRCA', 'PLBL', 'CRCG', 'PTLE', 'DFSC']
10:35:53  universe: 81 from IBKR scanner + 54 extra from Alpaca
10:36:00  Wrote 87 gappers (87 kept): ['YMAT', 'NVVE', 'SUNE', 'SNAL', 'JLHL', 'WOK', 'CBRX', 'CRE', 'CBRG', 'PLBL', 'BNED', 'METG', 'PUR', 'LABD', 'CRCA', 'BEZ', 'TKLF', 'CRCG', 'PTLE', 'DFSC']
10:36:46  universe: 82 from IBKR scanner + 54 extra from Alpaca
10:36:53  Wrote 87 gappers (87 kept): ['YMAT', 'NVVE', 'SUNE', 'SNAL', 'JLHL', 'WOK', 'CBRX', 'CRE', 'CBRG', 'PLBL', 'BNED', 'METG', 'PUR', 'LABD', 'CRCA', 'BEZ', 'TKLF', 'CRCG', 'PTLE', 'DFSC']
10:37:39  universe: 82 from IBKR scanner + 54 extra from Alpaca
10:37:45  Wrote 87 gappers (87 kept): ['YMAT', 'NVVE', 'SUNE', 'SNAL', 'JLHL', 'WOK', 'CRE', 'PLBL', 'CBRX', 'CBRG', 'BNED', 'METG', 'PUR', 'TKLF', 'LABD', 'BEZ', 'CRCA', 'CRCG', 'PTLE', 'DFSC']
10:38:32  universe: 82 from IBKR scanner + 54 extra from Alpaca
10:38:37  Wrote 87 gappers (87 kept): ['YMAT', 'NVVE', 'SUNE', 'SNAL', 'JLHL', 'CRE', 'PLBL', 'CBRX', 'WOK', 'CBRG', 'BNED', 'METG', 'TKLF', 'PUR', 'LABD', 'BEZ', 'CRCA', 'PTLE', 'DFSC', 'CRCG']
10:39:24  universe: 82 from IBKR scanner + 54 extra from Alpaca
10:39:30  Wrote 87 gappers (87 kept): ['YMAT', 'NVVE', 'SUNE', 'SNAL', 'CRE', 'WOK', 'CBRX', 'PLBL', 'JLHL', 'CBRG', 'BNED', 'METG', 'PUR', 'LABD', 'BEZ', 'CRCA', 'TKLF', 'PTLE', 'CRCG', 'DFSC']
10:40:17  universe: 82 from IBKR scanner + 55 extra from Alpaca
10:40:27  Wrote 87 gappers (87 kept): ['YMAT', 'NVVE', 'SUNE', 'SNAL', 'CRE', 'CBRX', 'WOK', 'PLBL', 'CBRG', 'STFS', 'BNED', 'METG', 'PUR', 'BEZ', 'LABD', 'TKLF', 'CRCA', 'CRCG', 'PTLE', 'DFSC']
10:41:14  universe: 82 from IBKR scanner + 55 extra from Alpaca
10:41:20  Wrote 87 gappers (87 kept): ['YMAT', 'NVVE', 'SUNE', 'SNAL', 'WOK', 'CRE', 'STFS', 'CBRX', 'PLBL', 'CBRG', 'BNED', 'METG', 'PUR', 'BEZ', 'TKLF', 'LABD', 'WNW', 'CRCA', 'CRCG', 'PTLE']
10:42:07  universe: 83 from IBKR scanner + 55 extra from Alpaca
10:42:14  Wrote 87 gappers (87 kept): ['YMAT', 'NVVE', 'SUNE', 'SNAL', 'WOK', 'PLBL', 'CRE', 'STFS', 'CBRX', 'CBRG', 'METG', 'BEZ', 'PUR', 'LABD', 'BNED', 'TKLF', 'CRCA', 'WNW', 'CRCG', 'DFSC']
10:43:00  universe: 83 from IBKR scanner + 55 extra from Alpaca
10:43:07  Wrote 87 gappers (87 kept): ['YMAT', 'NVVE', 'SUNE', 'SNAL', 'WOK', 'CRE', 'PLBL', 'CBRX', 'CBRG', 'METG', 'BNED', 'PUR', 'BEZ', 'LABD', 'TKLF', 'STFS', 'CRCA', 'WNW', 'DFSC', 'UFI']
10:43:54  universe: 83 from IBKR scanner + 55 extra from Alpaca
10:43:58  Wrote 87 gappers (87 kept): ['YMAT', 'NVVE', 'SUNE', 'SNAL', 'WOK', 'PLBL', 'CBRX', 'CRE', 'CBRG', 'METG', 'BEZ', 'PUR', 'BNED', 'LABD', 'TKLF', 'STFS', 'CRCA', 'UFI', 'WNW', 'CRCG']
10:44:45  universe: 83 from IBKR scanner + 55 extra from Alpaca
10:44:49  Wrote 87 gappers (87 kept): ['YMAT', 'NVVE', 'SUNE', 'SNAL', 'WOK', 'CRE', 'CBRX', 'PLBL', 'METG', 'CBRG', 'PUR', 'BNED', 'STFS', 'BEZ', 'LABD', 'TKLF', 'CRCA', 'UFI', 'WNW', 'DFSC']
10:45:37  universe: 84 from IBKR scanner + 56 extra from Alpaca
10:45:45  Wrote 87 gappers (87 kept): ['YMAT', 'NVVE', 'SUNE', 'SNAL', 'WOK', 'CRE', 'CBRX', 'PLBL', 'METG', 'CBRG', 'PUR', 'STFS', 'BEZ', 'TKLF', 'BNED', 'LABD', 'UFI', 'CRCA', 'DFSC', 'SLAI']
10:46:32  universe: 84 from IBKR scanner + 56 extra from Alpaca
10:46:40  Wrote 87 gappers (87 kept): ['YMAT', 'NVVE', 'SUNE', 'SNAL', 'WOK', 'CRE', 'CBRX', 'PLBL', 'CBRG', 'METG', 'PUR', 'STFS', 'BEZ', 'LABD', 'TKLF', 'BNED', 'CRCA', 'DFSC', 'UFI', 'SLAI']
10:47:27  universe: 84 from IBKR scanner + 57 extra from Alpaca
10:47:34  Wrote 87 gappers (87 kept): ['YMAT', 'NVVE', 'SUNE', 'SNAL', 'PLBL', 'CRE', 'WOK', 'CBRX', 'STFS', 'CBRG', 'TKLF', 'METG', 'PUR', 'BEZ', 'LABD', 'BNED', 'CRCA', 'DFSC', 'UFI', 'CRCG']
10:48:21  universe: 84 from IBKR scanner + 57 extra from Alpaca
10:48:28  Wrote 88 gappers (88 kept): ['YMAT', 'NVVE', 'SUNE', 'SNAL', 'YYAI', 'CRE', 'WOK', 'PLBL', 'STFS', 'TKLF', 'CBRG', 'CBRX', 'METG', 'PUR', 'BEZ', 'LABD', 'CRCA', 'BNED', 'CRCG', 'UFI']
10:49:15  universe: 84 from IBKR scanner + 58 extra from Alpaca
10:49:20  Wrote 88 gappers (88 kept): ['YMAT', 'NVVE', 'SUNE', 'SNAL', 'YYAI', 'WOK', 'CRE', 'PLBL', 'STFS', 'CBRG', 'CBRX', 'METG', 'TKLF', 'PUR', 'BEZ', 'LABD', 'CRCA', 'BNED', 'CRCG', 'UFI']
10:50:07  universe: 83 from IBKR scanner + 57 extra from Alpaca
10:50:14  Wrote 89 gappers (89 kept): ['YMAT', 'JZXN', 'NVVE', 'SNAL', 'SUNE', 'YYAI', 'CRE', 'WOK', 'PLBL', 'CBRX', 'CBRG', 'METG', 'TKLF', 'PUR', 'BEZ', 'STFS', 'LABD', 'CRCA', 'CRCG', 'BNED']
10:51:01  universe: 83 from IBKR scanner + 57 extra from Alpaca
10:51:09  Wrote 90 gappers (90 kept): ['YMAT', 'JZXN', 'NVVE', 'SNAL', 'SUNE', 'CRE', 'PLBL', 'WOK', 'YYAI', 'CBRG', 'CBRX', 'STFS', 'METG', 'PUR', 'CRCA', 'TKLF', 'BNED', 'LABD', 'CRCG', 'BEZ']
10:51:56  universe: 83 from IBKR scanner + 56 extra from Alpaca
10:52:02  Wrote 89 gappers (89 kept): ['YMAT', 'NVVE', 'SNAL', 'SUNE', 'WOK', 'PLBL', 'CRE', 'YYAI', 'CBRG', 'CBRX', 'STFS', 'METG', 'CRCA', 'PUR', 'CRCG', 'TKLF', 'BNED', 'LABD', 'BEZ', 'UFI']
10:52:49  universe: 83 from IBKR scanner + 56 extra from Alpaca
10:52:53  Wrote 89 gappers (89 kept): ['YMAT', 'NVVE', 'SNAL', 'SUNE', 'WOK', 'CRE', 'PLBL', 'YYAI', 'CBRG', 'CBRX', 'STFS', 'METG', 'CRCA', 'PUR', 'CRCG', 'TKLF', 'LABD', 'BNED', 'BEZ', 'UFI']
10:53:40  universe: 84 from IBKR scanner + 56 extra from Alpaca
10:53:45  Wrote 89 gappers (89 kept): ['YMAT', 'NVVE', 'SUNE', 'SNAL', 'WOK', 'CRE', 'PLBL', 'YYAI', 'CBRG', 'CBRX', 'STFS', 'METG', 'CRCA', 'PUR', 'CRCG', 'LABD', 'BNED', 'BEZ', 'TKLF', 'UFI']
10:54:32  universe: 84 from IBKR scanner + 57 extra from Alpaca
10:54:37  Wrote 89 gappers (89 kept): ['YMAT', 'NVVE', 'SUNE', 'SNAL', 'WOK', 'YYAI', 'PLBL', 'CRE', 'STFS', 'CBRX', 'CBRG', 'METG', 'CRCA', 'PUR', 'BNED', 'CRCG', 'BEZ', 'TKLF', 'LABD', 'UFI']
10:55:24  universe: 84 from IBKR scanner + 56 extra from Alpaca
10:55:32  Wrote 89 gappers (89 kept): ['YMAT', 'NVVE', 'SUNE', 'SNAL', 'PLBL', 'WOK', 'YYAI', 'CRE', 'STFS', 'CBRX', 'METG', 'CBRG', 'CRCA', 'PUR', 'BNED', 'CRCG', 'BEZ', 'LABD', 'TKLF', 'UFI']
10:56:19  universe: 84 from IBKR scanner + 56 extra from Alpaca
10:56:25  Wrote 89 gappers (89 kept): ['YMAT', 'NVVE', 'SUNE', 'SNAL', 'PLBL', 'WOK', 'CRE', 'YYAI', 'STFS', 'CBRX', 'METG', 'CBRG', 'CRCA', 'PUR', 'BNED', 'CRCG', 'BEZ', 'LABD', 'TKLF', 'UFI']
10:57:11  universe: 84 from IBKR scanner + 56 extra from Alpaca
10:57:17  Wrote 89 gappers (89 kept): ['YMAT', 'NVVE', 'SUNE', 'YYAI', 'SNAL', 'PLBL', 'WOK', 'CRE', 'STFS', 'CBRX', 'CBRG', 'METG', 'CRCA', 'PUR', 'BNED', 'CRCG', 'LABD', 'TKLF', 'BEZ', 'UFI']
10:58:03  universe: 84 from IBKR scanner + 56 extra from Alpaca
10:58:09  Wrote 89 gappers (89 kept): ['YMAT', 'NVVE', 'SUNE', 'YYAI', 'SNAL', 'PLBL', 'WOK', 'CRE', 'STFS', 'CBRX', 'CBRG', 'METG', 'CRCA', 'PUR', 'CRCG', 'BNED', 'LABD', 'TKLF', 'BEZ', 'UFI']
10:58:56  universe: 84 from IBKR scanner + 56 extra from Alpaca
10:59:01  Wrote 89 gappers (89 kept): ['YMAT', 'NVVE', 'SUNE', 'SNAL', 'YYAI', 'PLBL', 'WOK', 'CRE', 'STFS', 'CBRG', 'CBRX', 'CRCA', 'METG', 'PUR', 'CRCG', 'BEZ', 'BNED', 'LABD', 'TKLF', 'UFI']
10:59:48  universe: 84 from IBKR scanner + 55 extra from Alpaca
10:59:52  Wrote 89 gappers (89 kept): ['YMAT', 'NVVE', 'SUNE', 'SNAL', 'YYAI', 'PLBL', 'WOK', 'CRE', 'STFS', 'CBRG', 'CBRX', 'CRCA', 'METG', 'CRCG', 'BNED', 'PUR', 'BEZ', 'LABD', 'TKLF', 'UFI']
11:00:39  universe: 84 from IBKR scanner + 56 extra from Alpaca
11:00:51  Wrote 89 gappers (89 kept): ['YMAT', 'NVVE', 'SUNE', 'SNAL', 'PLBL', 'CRE', 'WOK', 'YYAI', 'CBRG', 'CBRX', 'CRCA', 'METG', 'CRCG', 'PUR', 'BNED', 'LABD', 'BEZ', 'STFS', 'UFI', 'TKLF']
11:01:38  universe: 84 from IBKR scanner + 56 extra from Alpaca
11:01:49  Wrote 89 gappers (89 kept): ['YMAT', 'NVVE', 'SUNE', 'SNAL', 'PLBL', 'CRE', 'WOK', 'YYAI', 'CRCA', 'CBRG', 'CBRX', 'CRCG', 'METG', 'PUR', 'BNED', 'LABD', 'BEZ', 'STFS', 'UFI', 'SLAI']
11:02:36  universe: 84 from IBKR scanner + 55 extra from Alpaca
11:02:44  Wrote 89 gappers (89 kept): ['YMAT', 'NVVE', 'SUNE', 'SNAL', 'YYAI', 'CRE', 'PLBL', 'WOK', 'CRCA', 'CRCG', 'CBRX', 'METG', 'CBRG', 'PUR', 'BNED', 'BEZ', 'LABD', 'TKLF', 'STFS', 'UFI']
11:03:31  universe: 84 from IBKR scanner + 57 extra from Alpaca
11:03:38  Wrote 89 gappers (89 kept): ['YMAT', 'NVVE', 'SUNE', 'SNAL', 'PLBL', 'CRE', 'YYAI', 'WOK', 'CRCA', 'CBRX', 'METG', 'CRCG', 'CBRG', 'PUR', 'STFS', 'BEZ', 'BNED', 'TKLF', 'LABD', 'UFI']
11:04:25  universe: 84 from IBKR scanner + 56 extra from Alpaca
11:04:32  Wrote 89 gappers (89 kept): ['YMAT', 'NVVE', 'SUNE', 'PLBL', 'SNAL', 'YYAI', 'CRE', 'WOK', 'CRCA', 'CRCG', 'CBRX', 'METG', 'PUR', 'STFS', 'BEZ', 'CBRG', 'BNED', 'LABD', 'UFI', 'SLAI']
11:05:19  universe: 84 from IBKR scanner + 57 extra from Alpaca
11:05:27  Wrote 89 gappers (89 kept): ['YMAT', 'NVVE', 'SUNE', 'CRE', 'PLBL', 'SNAL', 'YYAI', 'WOK', 'CRCA', 'CRCG', 'CBRX', 'METG', 'PUR', 'STFS', 'CBRG', 'BEZ', 'LABD', 'BNED', 'TKLF', 'UFI']
11:06:23  universe: 84 from IBKR scanner + 58 extra from Alpaca
11:06:49  snapshot chunk failed: HTTPSConnectionPool(host='data.alpaca.markets', port=443): Max retries exceeded with url: /v2/stocks/snapshots?symbols=PACK,NTRP,BYRN,DFSC,SLAI,FBRX,LITZ,IREZ,T,GPUS,COIG,BABX,MSTW,BOXL,MSTP,PBHC,PLTD,TTRX,SNAL,POWW,AFJK,ARCI,SQQQ,TQQQ,UUUG,JLHL,LNAI,RFAMR,QADR,ASTN&feed=sip (Caused by ConnectTimeoutError(<HTTPSConnection(host='data.alpaca.markets', port=443) at 0x10ffb85f0>, 'Connection to data.alpaca.markets timed out. (connect timeout=15)'))
11:06:53  Wrote 72 gappers (72 kept): ['YMAT', 'NVVE', 'SUNE', 'PLBL', 'CRE', 'YYAI', 'WOK', 'CRCA', 'CRCG', 'METG', 'PUR', 'STFS', 'CBRG', 'BNED', 'BEZ', 'LABD', 'UFI', 'CBRX', 'TKLF', 'DWSN']
11:07:40  universe: 84 from IBKR scanner + 60 extra from Alpaca
11:07:45  Wrote 76 gappers (76 kept): ['YMAT', 'NVVE', 'SUNE', 'PLBL', 'SNAL', 'CRE', 'YYAI', 'WOK', 'CRCA', 'METG', 'CRCG', 'PUR', 'STFS', 'BNED', 'CBRG', 'BEZ', 'LABD', 'TKLF', 'UFI', 'CBRX']
11:08:32  universe: 83 from IBKR scanner + 57 extra from Alpaca
11:08:38  Wrote 77 gappers (77 kept): ['YMAT', 'NVVE', 'SUNE', 'CRE', 'PLBL', 'SNAL', 'YYAI', 'RPID', 'WOK', 'CRCA', 'METG', 'CRCG', 'PUR', 'STFS', 'BNED', 'CBRG', 'BEZ', 'LABD', 'TKLF', 'UFI']
11:09:25  universe: 83 from IBKR scanner + 57 extra from Alpaca
11:09:30  Wrote 77 gappers (77 kept): ['YMAT', 'NVVE', 'SUNE', 'CRE', 'PLBL', 'SNAL', 'YYAI', 'WOK', 'RPID', 'METG', 'CRCA', 'STFS', 'CBRG', 'CRCG', 'BNED', 'BEZ', 'LABD', 'TKLF', 'UFI', 'CBRX']
11:10:17  universe: 81 from IBKR scanner + 58 extra from Alpaca
11:10:25  Wrote 77 gappers (77 kept): ['YMAT', 'NVVE', 'SUNE', 'PLBL', 'CRE', 'SNAL', 'YYAI', 'WOK', 'METG', 'STFS', 'BNED', 'CRCA', 'CBRG', 'BEZ', 'CRCG', 'LABD', 'TKLF', 'UFI', 'CBRX', 'DFSC']
11:11:12  universe: 81 from IBKR scanner + 58 extra from Alpaca
11:11:19  Wrote 77 gappers (77 kept): ['YMAT', 'NVVE', 'SUNE', 'PLBL', 'CRE', 'SNAL', 'YYAI', 'WOK', 'METG', 'STFS', 'BEZ', 'CRCA', 'BNED', 'CBRG', 'TKLF', 'LABD', 'CRCG', 'UFI', 'CBRX', 'DFSC']
11:12:06  universe: 82 from IBKR scanner + 58 extra from Alpaca
11:12:12  Wrote 78 gappers (78 kept): ['YMAT', 'NVVE', 'SUNE', 'PLBL', 'SNAL', 'YYAI', 'CRE', 'WOK', 'METG', 'STFS', 'BEZ', 'CRCA', 'BNED', 'CBRG', 'CRCG', 'TKLF', 'LABD', 'UFI', 'CBRX', 'AARD']
11:12:59  universe: 81 from IBKR scanner + 57 extra from Alpaca
11:13:05  Wrote 79 gappers (79 kept): ['YMAT', 'NVVE', 'SUNE', 'PLBL', 'CRE', 'SNAL', 'YYAI', 'WOK', 'RPID', 'STFS', 'BEZ', 'BNED', 'CRCA', 'CBRG', 'TKLF', 'LABD', 'CRCG', 'UFI', 'CBRX', 'METG']
11:13:56  universe: 80 from IBKR scanner + 56 extra from Alpaca
11:14:01  Wrote 78 gappers (78 kept): ['YMAT', 'NVVE', 'SUNE', 'PLBL', 'SNAL', 'CRE', 'YYAI', 'WOK', 'TKLF', 'BEZ', 'STFS', 'BNED', 'CBRG', 'LABD', 'CRCA', 'UFI', 'CBRX', 'METG', 'CRCG', 'AARD']
11:14:48  universe: 81 from IBKR scanner + 56 extra from Alpaca
11:14:53  Wrote 79 gappers (79 kept): ['YMAT', 'NVVE', 'SUNE', 'PLBL', 'YYAI', 'SNAL', 'CRE', 'WOK', 'JLHL', 'TKLF', 'BEZ', 'STFS', 'BNED', 'CRCA', 'LABD', 'UFI', 'CBRG', 'AARD', 'CBRX', 'METG']
11:15:40  universe: 82 from IBKR scanner + 57 extra from Alpaca
11:15:50  Wrote 79 gappers (79 kept): ['YMAT', 'NVVE', 'SUNE', 'PLBL', 'SNAL', 'CRE', 'YYAI', 'WOK', 'TKLF', 'STFS', 'CBRG', 'BNED', 'BEZ', 'CRCG', 'UFI', 'AARD', 'CRCA', 'LABD', 'CBRX', 'METG']
11:16:37  universe: 81 from IBKR scanner + 56 extra from Alpaca
11:16:44  Wrote 80 gappers (80 kept): ['YMAT', 'NVVE', 'SUNE', 'PLBL', 'SNAL', 'YYAI', 'CRE', 'WOK', 'RPID', 'TKLF', 'STFS', 'CBRG', 'CRCA', 'BNED', 'BEZ', 'AARD', 'CBRX', 'LABD', 'CRCG', 'METG']
11:17:30  universe: 82 from IBKR scanner + 57 extra from Alpaca
11:17:37  Wrote 79 gappers (79 kept): ['YMAT', 'NVVE', 'SUNE', 'PLBL', 'SNAL', 'YYAI', 'CRE', 'WOK', 'TKLF', 'STFS', 'CBRG', 'CRCA', 'BNED', 'CBRX', 'AARD', 'BEZ', 'CRCG', 'METG', 'LABD', 'UFI']
11:18:24  universe: 82 from IBKR scanner + 57 extra from Alpaca
11:18:30  Wrote 79 gappers (79 kept): ['YMAT', 'NVVE', 'SUNE', 'PLBL', 'SNAL', 'YYAI', 'WOK', 'TKLF', 'CRE', 'STFS', 'CBRG', 'CRCA', 'BNED', 'CBRX', 'AARD', 'BEZ', 'CRCG', 'UFI', 'METG', 'LABD']
11:19:17  universe: 81 from IBKR scanner + 55 extra from Alpaca
11:19:25  Wrote 81 gappers (81 kept): ['YMAT', 'NVVE', 'SUNE', 'PLBL', 'SNAL', 'YYAI', 'CRE', 'WOK', 'TKLF', 'RPID', 'AARD', 'STFS', 'CRCA', 'BNED', 'JLHL', 'CBRX', 'UFI', 'BEZ', 'CBRG', 'METG']
11:20:11  universe: 81 from IBKR scanner + 56 extra from Alpaca
11:20:21  Wrote 81 gappers (81 kept): ['YMAT', 'NVVE', 'SUNE', 'PLBL', 'SNAL', 'CRE', 'YYAI', 'WOK', 'TKLF', 'AARD', 'STFS', 'BNED', 'CBRX', 'UFI', 'BEZ', 'METG', 'CBRG', 'CRCA', 'LABD', 'JLHL']
11:21:08  universe: 81 from IBKR scanner + 57 extra from Alpaca
11:21:18  Wrote 82 gappers (82 kept): ['YMAT', 'JZXN', 'NVVE', 'SUNE', 'PLBL', 'SNAL', 'YYAI', 'CRE', 'WOK', 'TKLF', 'AARD', 'STFS', 'BNED', 'CBRX', 'CRCA', 'BEZ', 'UFI', 'METG', 'CBRG', 'CRCG']
11:22:05  universe: 82 from IBKR scanner + 57 extra from Alpaca
11:22:12  Wrote 82 gappers (82 kept): ['YMAT', 'JZXN', 'NVVE', 'SUNE', 'PLBL', 'SNAL', 'YYAI', 'WOK', 'CRE', 'TKLF', 'AARD', 'STFS', 'BNED', 'CBRX', 'SECZ', 'CRCA', 'SCLX', 'UFI', 'METG', 'CBRG']
11:22:59  universe: 82 from IBKR scanner + 57 extra from Alpaca
11:23:06  Wrote 83 gappers (83 kept): ['YMAT', 'JZXN', 'NVVE', 'SUNE', 'PLBL', 'SNAL', 'YYAI', 'WOK', 'CRE', 'TKLF', 'AARD', 'STFS', 'BNED', 'CRCA', 'CBRX', 'CRCG', 'UFI', 'METG', 'CBRG', 'BEZ']
11:23:53  universe: 81 from IBKR scanner + 55 extra from Alpaca
11:23:59  Wrote 83 gappers (83 kept): ['YMAT', 'JZXN', 'NVVE', 'SUNE', 'PLBL', 'SNAL', 'YYAI', 'CRE', 'WOK', 'TKLF', 'AARD', 'STFS', 'BNED', 'CBRX', 'SCLX', 'UFI', 'CRCA', 'CBRG', 'METG', 'JLHL']
11:24:46  universe: 81 from IBKR scanner + 55 extra from Alpaca
11:24:50  Wrote 84 gappers (84 kept): ['YMAT', 'JZXN', 'NVVE', 'SUNE', 'PLBL', 'SNAL', 'YYAI', 'CRE', 'WOK', 'RPID', 'JLHL', 'AARD', 'BNED', 'STFS', 'TKLF', 'SCLX', 'CRCA', 'CBRG', 'CBRX', 'CRCG']
11:25:38  universe: 81 from IBKR scanner + 57 extra from Alpaca
11:25:46  Wrote 84 gappers (84 kept): ['YMAT', 'JZXN', 'NVVE', 'SUNE', 'PLBL', 'SNAL', 'YYAI', 'CRE', 'WOK', 'JLHL', 'RPID', 'AARD', 'STFS', 'BNED', 'TKLF', 'CRCA', 'CBRG', 'CBRX', 'METG', 'SCLX']
11:26:32  universe: 81 from IBKR scanner + 56 extra from Alpaca
11:26:40  Wrote 83 gappers (83 kept): ['YMAT', 'JZXN', 'NVVE', 'SUNE', 'SNAL', 'PLBL', 'YYAI', 'CRE', 'WOK', 'JLHL', 'AARD', 'BNED', 'STFS', 'CRCA', 'SCLX', 'CBRG', 'TKLF', 'CBRX', 'METG', 'CRCG']
11:27:26  universe: 81 from IBKR scanner + 57 extra from Alpaca
11:27:31  Wrote 83 gappers (83 kept): ['YMAT', 'JZXN', 'NVVE', 'SUNE', 'PLBL', 'SNAL', 'YYAI', 'CRE', 'WOK', 'JLHL', 'AARD', 'TKLF', 'BNED', 'STFS', 'SCLX', 'CBRG', 'CBRX', 'METG', 'CRCA', 'CRCG']
11:28:32  movers fetch failed: HTTPSConnectionPool(host='data.alpaca.markets', port=443): Max retries exceeded with url: /v1beta1/screener/stocks/movers?top=50 (Caused by ConnectTimeoutError(<HTTPSConnection(host='data.alpaca.markets', port=443) at 0x10ffcdd60>, 'Connection to data.alpaca.markets timed out. (connect timeout=15)'))
11:28:33  universe: 81 from IBKR scanner + 44 extra from Alpaca
11:28:38  Wrote 83 gappers (83 kept): ['YMAT', 'JZXN', 'NVVE', 'SUNE', 'PLBL', 'SNAL', 'YYAI', 'CRE', 'WOK', 'AARD', 'TKLF', 'BNED', 'STFS', 'CBRG', 'SCLX', 'CBRX', 'METG', 'CRCA', 'LABD', 'CRCG']
11:29:25  universe: 81 from IBKR scanner + 56 extra from Alpaca
11:29:31  Wrote 85 gappers (85 kept): ['YMAT', 'JZXN', 'NVVE', 'SUNE', 'SNAL', 'PLBL', 'CRE', 'YYAI', 'WOK', 'RPID', 'AARD', 'TKLF', 'BNED', 'STFS', 'CBRG', 'SCLX', 'CBRX', 'METG', 'CRCA', 'JLHL']
11:30:18  universe: 82 from IBKR scanner + 56 extra from Alpaca
11:30:29  Wrote 85 gappers (85 kept): ['YMAT', 'JZXN', 'NVVE', 'PLBL', 'SUNE', 'SNAL', 'CRE', 'YYAI', 'WOK', 'RPID', 'AARD', 'TKLF', 'BNED', 'STFS', 'CBRG', 'CBRX', 'METG', 'LABD', 'CRCA', 'BEZ']
11:31:16  universe: 82 from IBKR scanner + 56 extra from Alpaca
11:31:27  Wrote 85 gappers (85 kept): ['YMAT', 'JZXN', 'NVVE', 'SUNE', 'PLBL', 'SNAL', 'CRE', 'WOK', 'YYAI', 'RPID', 'AARD', 'TKLF', 'CBRG', 'STFS', 'BNED', 'CBRX', 'METG', 'CRCA', 'LABD', 'BEZ']
11:32:14  universe: 82 from IBKR scanner + 56 extra from Alpaca
11:32:23  Wrote 85 gappers (85 kept): ['YMAT', 'JZXN', 'NVVE', 'PLBL', 'SUNE', 'SNAL', 'CRE', 'WOK', 'YYAI', 'RPID', 'AARD', 'TKLF', 'CBRG', 'STFS', 'BNED', 'CBRX', 'SCLX', 'METG', 'LABD', 'BEZ']
11:33:10  universe: 82 from IBKR scanner + 56 extra from Alpaca
11:33:18  Wrote 85 gappers (85 kept): ['YMAT', 'JZXN', 'NVVE', 'PLBL', 'SUNE', 'SNAL', 'CRE', 'WOK', 'YYAI', 'TKLF', 'AARD', 'RPID', 'CBRG', 'STFS', 'BNED', 'CBRX', 'METG', 'SCLX', 'LABD', 'BEZ']
11:34:05  universe: 82 from IBKR scanner + 56 extra from Alpaca
11:34:11  Wrote 85 gappers (85 kept): ['YMAT', 'JZXN', 'NVVE', 'SUNE', 'PLBL', 'SNAL', 'CRE', 'YYAI', 'WOK', 'TKLF', 'RPID', 'AARD', 'STFS', 'CBRG', 'CBRX', 'BNED', 'METG', 'BEZ', 'LABD', 'SCLX']
11:34:58  universe: 81 from IBKR scanner + 56 extra from Alpaca
11:35:06  Wrote 85 gappers (85 kept): ['YMAT', 'JZXN', 'NVVE', 'PLBL', 'SUNE', 'SNAL', 'YYAI', 'WOK', 'CRE', 'TKLF', 'AARD', 'RPID', 'CBRG', 'STFS', 'BNED', 'CBRX', 'METG', 'BEZ', 'LABD', 'SCLX']
11:35:53  universe: 81 from IBKR scanner + 56 extra from Alpaca
11:36:00  Wrote 86 gappers (86 kept): ['YMAT', 'JZXN', 'NVVE', 'SUNE', 'PLBL', 'SNAL', 'YYAI', 'WOK', 'TKLF', 'RPID', 'CRE', 'AARD', 'STFS', 'BNED', 'CBRX', 'CBRG', 'METG', 'BEZ', 'LABD', 'EVTV']
11:36:47  universe: 81 from IBKR scanner + 56 extra from Alpaca
11:36:53  Wrote 86 gappers (86 kept): ['YMAT', 'JZXN', 'NVVE', 'SUNE', 'PLBL', 'SNAL', 'YYAI', 'CRE', 'WOK', 'RPID', 'TKLF', 'AARD', 'CBRG', 'STFS', 'BNED', 'CBRX', 'METG', 'EVTV', 'LABD', 'BEZ']
11:37:40  universe: 81 from IBKR scanner + 56 extra from Alpaca
11:37:46  Wrote 86 gappers (86 kept): ['YMAT', 'JZXN', 'NVVE', 'SUNE', 'PLBL', 'SNAL', 'YYAI', 'CRE', 'WOK', 'RPID', 'TKLF', 'AARD', 'CBRG', 'STFS', 'BNED', 'CBRX', 'METG', 'EVTV', 'WNW', 'LABD']
11:38:33  universe: 82 from IBKR scanner + 57 extra from Alpaca
11:38:38  Wrote 84 gappers (84 kept): ['YMAT', 'JZXN', 'NVVE', 'SUNE', 'PLBL', 'SNAL', 'YYAI', 'CRE', 'WOK', 'TKLF', 'AARD', 'CBRG', 'STFS', 'BNED', 'CBRX', 'METG', 'WNW', 'LABD', 'UFI', 'BEZ']
11:39:25  universe: 82 from IBKR scanner + 57 extra from Alpaca
11:39:30  Wrote 84 gappers (84 kept): ['YMAT', 'JZXN', 'NVVE', 'SUNE', 'PLBL', 'SNAL', 'YYAI', 'CRE', 'WOK', 'AARD', 'CBRG', 'TKLF', 'STFS', 'BNED', 'CBRX', 'METG', 'WNW', 'LABD', 'BEZ', 'UFI']
11:40:17  universe: 82 from IBKR scanner + 57 extra from Alpaca
11:40:26  Wrote 84 gappers (84 kept): ['YMAT', 'JZXN', 'NVVE', 'SUNE', 'PLBL', 'YYAI', 'SNAL', 'CRE', 'WOK', 'AARD', 'CBRG', 'TKLF', 'BNED', 'STFS', 'CBRX', 'METG', 'LABD', 'WNW', 'BEZ', 'UFI']
11:41:13  universe: 82 from IBKR scanner + 57 extra from Alpaca
11:41:19  Wrote 86 gappers (86 kept): ['YMAT', 'JZXN', 'NVVE', 'SUNE', 'PLBL', 'SNAL', 'YYAI', 'CRE', 'WOK', 'RPID', 'NTCL', 'AARD', 'CBRG', 'TKLF', 'BNED', 'STFS', 'CBRX', 'METG', 'WNW', 'BEZ']
11:42:06  universe: 81 from IBKR scanner + 56 extra from Alpaca
11:42:13  Wrote 86 gappers (86 kept): ['YMAT', 'JZXN', 'NVVE', 'SUNE', 'PLBL', 'SNAL', 'YYAI', 'CRE', 'RPID', 'WOK', 'AARD', 'CBRG', 'TKLF', 'BNED', 'STFS', 'CBRX', 'NTCL', 'METG', 'WNW', 'SCLX']
11:43:00  universe: 81 from IBKR scanner + 56 extra from Alpaca
11:43:07  Wrote 86 gappers (86 kept): ['YMAT', 'JZXN', 'NVVE', 'PLBL', 'SUNE', 'SNAL', 'YYAI', 'CRE', 'WOK', 'RPID', 'CBRG', 'AARD', 'CBRX', 'BNED', 'STFS', 'TKLF', 'TTRX', 'NTCL', 'METG', 'WNW']
11:43:53  universe: 82 from IBKR scanner + 57 extra from Alpaca
11:43:58  Wrote 85 gappers (85 kept): ['YMAT', 'JZXN', 'NVVE', 'PLBL', 'SNAL', 'SUNE', 'YYAI', 'CRE', 'WOK', 'CBRG', 'CBRX', 'TKLF', 'AARD', 'BNED', 'STFS', 'TTRX', 'METG', 'WNW', 'SCLX', 'LABD']
11:44:45  universe: 81 from IBKR scanner + 55 extra from Alpaca
11:44:50  Wrote 87 gappers (87 kept): ['YMAT', 'JZXN', 'NVVE', 'PLBL', 'SUNE', 'SNAL', 'YYAI', 'CRE', 'WOK', 'RPID', 'CBRX', 'AARD', 'CBRG', 'TKLF', 'BNED', 'STFS', 'TTRX', 'METG', 'WNW', 'SCLX']
11:45:37  universe: 81 from IBKR scanner + 55 extra from Alpaca
11:45:47  Wrote 87 gappers (87 kept): ['YMAT', 'JZXN', 'NVVE', 'PLBL', 'SNAL', 'SUNE', 'YYAI', 'CRE', 'RPID', 'WOK', 'AARD', 'CBRX', 'CBRG', 'TKLF', 'BNED', 'STFS', 'METG', 'WNW', 'BEZ', 'SCLX']
11:46:33  universe: 82 from IBKR scanner + 56 extra from Alpaca
11:46:41  Wrote 86 gappers (86 kept): ['YMAT', 'JZXN', 'NVVE', 'PLBL', 'SNAL', 'SUNE', 'YYAI', 'CRE', 'WOK', 'AARD', 'CBRX', 'CBRG', 'TKLF', 'BNED', 'STFS', 'METG', 'LTRN', 'CRCA', 'WNW', 'BEZ']
11:47:28  universe: 82 from IBKR scanner + 56 extra from Alpaca
11:47:34  Wrote 86 gappers (86 kept): ['YMAT', 'JZXN', 'NVVE', 'SNAL', 'PLBL', 'SUNE', 'YYAI', 'CRE', 'WOK', 'AARD', 'CBRG', 'TKLF', 'CBRX', 'BNED', 'STFS', 'CRCA', 'METG', 'LTRN', 'BEZ', 'SCLX']
11:48:21  universe: 82 from IBKR scanner + 56 extra from Alpaca
11:48:27  Wrote 86 gappers (86 kept): ['YMAT', 'JZXN', 'NVVE', 'SNAL', 'PLBL', 'SUNE', 'YYAI', 'CRE', 'WOK', 'AARD', 'CBRX', 'CBRG', 'BNED', 'STFS', 'TKLF', 'METG', 'LTRN', 'BEZ', 'SCLX', 'CRCA']
11:49:14  universe: 81 from IBKR scanner + 57 extra from Alpaca
11:49:19  Wrote 86 gappers (86 kept): ['YMAT', 'JZXN', 'NVVE', 'PLBL', 'SNAL', 'SUNE', 'YYAI', 'CRE', 'WOK', 'TKLF', 'AARD', 'CBRX', 'CBRG', 'BNED', 'STFS', 'WXM', 'TTRX', 'METG', 'CRCA', 'BEZ']
11:50:06  universe: 81 from IBKR scanner + 57 extra from Alpaca
11:50:14  Wrote 86 gappers (86 kept): ['YMAT', 'JZXN', 'NVVE', 'PLBL', 'SNAL', 'SUNE', 'YYAI', 'CRE', 'WOK', 'AARD', 'CBRX', 'CBRG', 'TKLF', 'BNED', 'STFS', 'METG', 'WXM', 'CRCA', 'SCLX', 'UFI']
11:51:00  universe: 81 from IBKR scanner + 56 extra from Alpaca
11:51:08  Wrote 86 gappers (86 kept): ['YMAT', 'JZXN', 'NVVE', 'PLBL', 'SNAL', 'SUNE', 'YYAI', 'CRE', 'WOK', 'AARD', 'CBRX', 'CBRG', 'TKLF', 'JLHL', 'BNED', 'STFS', 'METG', 'WXM', 'CRCA', 'UFI']
11:51:55  universe: 81 from IBKR scanner + 56 extra from Alpaca
11:51:59  Wrote 86 gappers (86 kept): ['YMAT', 'JZXN', 'NVVE', 'PLBL', 'YYAI', 'SNAL', 'SUNE', 'CRE', 'WOK', 'AARD', 'TKLF', 'CBRX', 'CBRG', 'BNED', 'STFS', 'NTCL', 'LTRN', 'JLHL', 'METG', 'WXM']
11:52:46  universe: 81 from IBKR scanner + 57 extra from Alpaca
11:52:51  Wrote 86 gappers (86 kept): ['YMAT', 'JZXN', 'NVVE', 'PLBL', 'YYAI', 'SNAL', 'SUNE', 'CRE', 'WOK', 'AARD', 'TKLF', 'CBRX', 'CBRG', 'BNED', 'STFS', 'NTCL', 'UFI', 'METG', 'WXM', 'BEZ']
11:53:38  universe: 80 from IBKR scanner + 55 extra from Alpaca
11:53:55  avg-vol fetch failed: HTTPSConnectionPool(host='data.alpaca.markets', port=443): Read timed out. (read timeout=15)
11:54:11  avg-vol fetch failed: HTTPSConnectionPool(host='data.alpaca.markets', port=443): Read timed out. (read timeout=15)
11:54:11  Wrote 86 gappers (86 kept): ['YMAT', 'JZXN', 'NVVE', 'YYAI', 'PLBL', 'SNAL', 'SUNE', 'CRE', 'WOK', 'AARD', 'CBRG', 'TKLF', 'CBRX', 'BNED', 'STFS', 'NTCL', 'UFI', 'METG', 'WXM', 'BEZ']
11:54:58  universe: 80 from IBKR scanner + 56 extra from Alpaca
11:55:04  Wrote 86 gappers (86 kept): ['YMAT', 'NVVE', 'PLBL', 'SNAL', 'SUNE', 'YYAI', 'CRE', 'WOK', 'AARD', 'FGI', 'CBRG', 'TKLF', 'BNED', 'STFS', 'CBRX', 'NTCL', 'JLHL', 'BEZ', 'METG', 'WXM']
11:55:51  universe: 80 from IBKR scanner + 57 extra from Alpaca
11:55:57  Wrote 87 gappers (87 kept): ['YMAT', 'JZXN', 'NVVE', 'PLBL', 'SNAL', 'SUNE', 'YYAI', 'CRE', 'WOK', 'AARD', 'FGI', 'TKLF', 'BNED', 'CBRG', 'STFS', 'CBRX', 'JLHL', 'NTCL', 'BEZ', 'UFI']
11:56:44  universe: 81 from IBKR scanner + 57 extra from Alpaca
11:56:48  Wrote 87 gappers (87 kept): ['YMAT', 'JZXN', 'NVVE', 'PLBL', 'SNAL', 'SUNE', 'YYAI', 'WOK', 'CRE', 'AARD', 'FGI', 'CBRG', 'TKLF', 'STFS', 'BNED', 'CBRX', 'NTCL', 'UFI', 'BEZ', 'METG']
11:57:35  universe: 82 from IBKR scanner + 57 extra from Alpaca
11:57:40  Wrote 87 gappers (87 kept): ['YMAT', 'JZXN', 'NVVE', 'PLBL', 'SNAL', 'SUNE', 'CRE', 'WOK', 'YYAI', 'AARD', 'TKLF', 'STFS', 'CBRG', 'BNED', 'CBRX', 'FGI', 'NTCL', 'BEZ', 'UFI', 'METG']
11:58:27  universe: 83 from IBKR scanner + 57 extra from Alpaca
11:58:31  Wrote 87 gappers (87 kept): ['YMAT', 'JZXN', 'NVVE', 'PLBL', 'SNAL', 'SUNE', 'CRE', 'WOK', 'AARD', 'TKLF', 'CBRG', 'STFS', 'BNED', 'CBRX', 'FGI', 'NTCL', 'YYAI', 'BEZ', 'UFI', 'METG']
11:59:18  universe: 83 from IBKR scanner + 56 extra from Alpaca
11:59:23  Wrote 87 gappers (87 kept): ['YMAT', 'JZXN', 'NVVE', 'PLBL', 'SNAL', 'SUNE', 'CRE', 'WOK', 'AARD', 'TKLF', 'CBRG', 'BNED', 'STFS', 'CBRX', 'FGI', 'YYAI', 'NTCL', 'BEZ', 'UFI', 'METG']
12:00:10  universe: 83 from IBKR scanner + 56 extra from Alpaca
12:00:22  Wrote 87 gappers (87 kept): ['YMAT', 'JZXN', 'NVVE', 'SUNE', 'PLBL', 'SNAL', 'WOK', 'CRE', 'YYAI', 'AARD', 'TKLF', 'CBRG', 'STFS', 'BNED', 'CBRX', 'FGI', 'NTCL', 'UFI', 'BEZ', 'METG']
12:01:09  universe: 83 from IBKR scanner + 56 extra from Alpaca
12:01:22  Wrote 87 gappers (87 kept): ['YMAT', 'JZXN', 'NVVE', 'SUNE', 'PLBL', 'SNAL', 'WOK', 'YYAI', 'CRE', 'AARD', 'CBRG', 'BNED', 'STFS', 'CBRX', 'TKLF', 'FGI', 'NTCL', 'BEZ', 'METG', 'LABD']
12:02:09  universe: 83 from IBKR scanner + 55 extra from Alpaca
12:02:19  Wrote 87 gappers (87 kept): ['YMAT', 'JZXN', 'NVVE', 'SUNE', 'SNAL', 'PLBL', 'CRE', 'WOK', 'YYAI', 'AARD', 'CBRG', 'TKLF', 'BNED', 'STFS', 'CBRX', 'FGI', 'NTCL', 'METG', 'BEZ', 'CRCA']
12:03:06  universe: 83 from IBKR scanner + 55 extra from Alpaca
12:03:14  Wrote 87 gappers (87 kept): ['YMAT', 'JZXN', 'NVVE', 'SUNE', 'SNAL', 'PLBL', 'CRE', 'WOK', 'YYAI', 'TKLF', 'AARD', 'CBRG', 'BNED', 'STFS', 'CBRX', 'FGI', 'NTCL', 'BEZ', 'METG', 'CRCA']
12:04:01  universe: 83 from IBKR scanner + 54 extra from Alpaca
12:04:09  Wrote 87 gappers (87 kept): ['YMAT', 'JZXN', 'NVVE', 'SUNE', 'SNAL', 'PLBL', 'CRE', 'WOK', 'YYAI', 'TKLF', 'AARD', 'CBRG', 'BNED', 'STFS', 'CBRX', 'FGI', 'METG', 'NTCL', 'CRCA', 'BEZ']
12:04:56  universe: 83 from IBKR scanner + 54 extra from Alpaca
12:05:03  Wrote 87 gappers (87 kept): ['YMAT', 'JZXN', 'NVVE', 'SUNE', 'SNAL', 'PLBL', 'CRE', 'YYAI', 'WOK', 'TKLF', 'AARD', 'CBRG', 'BNED', 'STFS', 'CBRX', 'FGI', 'METG', 'NTCL', 'BEZ', 'CRCA']
12:05:50  universe: 83 from IBKR scanner + 55 extra from Alpaca
12:05:59  Wrote 88 gappers (88 kept): ['YMAT', 'JZXN', 'NVVE', 'SUNE', 'SNAL', 'PLBL', 'YYAI', 'CRE', 'WOK', 'AARD', 'CBRG', 'TKLF', 'PCSA', 'BNED', 'STFS', 'CBRX', 'FGI', 'NTCL', 'METG', 'CRCA']
12:06:45  universe: 83 from IBKR scanner + 55 extra from Alpaca
12:06:54  Wrote 88 gappers (88 kept): ['YMAT', 'JZXN', 'NVVE', 'SNAL', 'SUNE', 'PLBL', 'CRE', 'WOK', 'YYAI', 'AARD', 'CBRG', 'PCSA', 'TKLF', 'BNED', 'STFS', 'CBRX', 'FGI', 'CRCA', 'NTCL', 'METG']
12:07:41  universe: 83 from IBKR scanner + 55 extra from Alpaca
12:07:48  Wrote 88 gappers (88 kept): ['YMAT', 'JZXN', 'NVVE', 'SUNE', 'SNAL', 'PLBL', 'CRE', 'WOK', 'YYAI', 'AARD', 'CBRG', 'BNED', 'STFS', 'CBRX', 'TKLF', 'FGI', 'PCSA', 'CRCA', 'NTCL', 'CRCG']
12:08:48  universe: 83 from IBKR scanner + 55 extra from Alpaca
12:09:11  avg-vol fetch failed: HTTPSConnectionPool(host='data.alpaca.markets', port=443): Read timed out. (read timeout=15)
12:09:26  avg-vol fetch failed: HTTPSConnectionPool(host='data.alpaca.markets', port=443): Max retries exceeded with url: /v2/stocks/bars?symbols=YYAI,XFOR,CCC,BBD,ANNA,BMNG,NVDX,ZSQR,BEZ,OFRM,OKLL,IONZ,CONX,PCSA,JZXN,OPRT,FGI,USIO,ROLR,TTRX,DFSC,CDZI,JLHL,BOXL,LNAI,SNAL&timeframe=1Day&start=2026-05-31&limit=1000&feed=sip&adjustment=split (Caused by ConnectTimeoutError(<HTTPSConnection(host='data.alpaca.markets', port=443) at 0x1100720f0>, 'Connection to data.alpaca.markets timed out. (connect timeout=15)'))
12:09:26  Wrote 89 gappers (89 kept): ['YMAT', 'JZXN', 'NVVE', 'SUNE', 'SNAL', 'PLBL', 'CRE', 'WOK', 'CBRG', 'AARD', 'CBRX', 'YYAI', 'TKLF', 'BNED', 'STFS', 'PCSA', 'FGI', 'CRCA', 'NTCL', 'CRCG']
12:10:13  universe: 84 from IBKR scanner + 53 extra from Alpaca
12:10:23  Wrote 88 gappers (88 kept): ['YMAT', 'NVVE', 'SUNE', 'SNAL', 'PLBL', 'CRE', 'WOK', 'CBRG', 'AARD', 'CBRX', 'YYAI', 'TKLF', 'BNED', 'STFS', 'PCSA', 'FGI', 'CRCA', 'NTCL', 'METG', 'CRCG']
12:11:09  universe: 83 from IBKR scanner + 53 extra from Alpaca
12:11:18  Wrote 89 gappers (89 kept): ['YMAT', 'JZXN', 'NVVE', 'SUNE', 'SNAL', 'PLBL', 'WOK', 'CRE', 'CBRG', 'CBRX', 'AARD', 'YYAI', 'TKLF', 'BNED', 'STFS', 'PCSA', 'FGI', 'CRCA', 'NTCL', 'CRCG']
12:12:05  universe: 84 from IBKR scanner + 54 extra from Alpaca
12:12:12  Wrote 88 gappers (88 kept): ['YMAT', 'NVVE', 'SNAL', 'SUNE', 'PLBL', 'CRE', 'WOK', 'YYAI', 'CBRX', 'CBRG', 'AARD', 'TKLF', 'BNED', 'STFS', 'PCSA', 'FGI', 'CRCA', 'NTCL', 'METG', 'CRCG']
12:13:08  universe: 85 from IBKR scanner + 55 extra from Alpaca
12:13:13  Wrote 88 gappers (88 kept): ['YMAT', 'NVVE', 'SUNE', 'SNAL', 'PLBL', 'CRE', 'WOK', 'YYAI', 'CBRX', 'CBRG', 'AARD', 'TKLF', 'BNED', 'STFS', 'PCSA', 'FGI', 'CRCA', 'NTCL', 'METG', 'UFI']
12:14:00  universe: 85 from IBKR scanner + 55 extra from Alpaca
12:14:06  Wrote 88 gappers (88 kept): ['YMAT', 'NVVE', 'SNAL', 'SUNE', 'PLBL', 'CRE', 'WOK', 'YYAI', 'CBRX', 'CBRG', 'AARD', 'FGI', 'BNED', 'STFS', 'TKLF', 'PCSA', 'METG', 'CRCA', 'BEZ', 'UFI']
12:14:53  universe: 85 from IBKR scanner + 56 extra from Alpaca
12:14:57  Wrote 88 gappers (88 kept): ['YMAT', 'NVVE', 'SUNE', 'SNAL', 'PLBL', 'CRE', 'WOK', 'YYAI', 'CBRX', 'CBRG', 'AARD', 'FGI', 'STFS', 'PCSA', 'BNED', 'METG', 'TKLF', 'CRCA', 'BEZ', 'UFI']
12:15:44  universe: 86 from IBKR scanner + 56 extra from Alpaca
12:15:54  Wrote 89 gappers (89 kept): ['YMAT', 'NVVE', 'SNAL', 'SUNE', 'PLBL', 'CRE', 'WOK', 'FGI', 'YYAI', 'CBRG', 'CBRX', 'NA', 'AARD', 'STFS', 'PCSA', 'BNED', 'METG', 'TKLF', 'BEZ', 'WXM']
12:16:41  universe: 85 from IBKR scanner + 55 extra from Alpaca
12:16:48  Wrote 90 gappers (90 kept): ['YMAT', 'JZXN', 'NVVE', 'SUNE', 'SNAL', 'PLBL', 'AARD', 'CRE', 'WOK', 'FGI', 'CBRX', 'CBRG', 'NA', 'YYAI', 'STFS', 'TKLF', 'BNED', 'PCSA', 'METG', 'BEZ']
12:17:36  universe: 85 from IBKR scanner + 54 extra from Alpaca
12:17:42  Wrote 90 gappers (90 kept): ['YMAT', 'JZXN', 'NVVE', 'SUNE', 'SNAL', 'PLBL', 'CRE', 'AARD', 'FGI', 'WOK', 'CBRX', 'CBRG', 'NA', 'YYAI', 'WXM', 'STFS', 'TKLF', 'PCSA', 'BNED', 'METG']
12:18:28  universe: 86 from IBKR scanner + 56 extra from Alpaca
12:18:34  Wrote 90 gappers (90 kept): ['YMAT', 'NVVE', 'SUNE', 'SNAL', 'PLBL', 'AARD', 'CRE', 'WOK', 'FGI', 'CBRX', 'CBRG', 'YYAI', 'WXM', 'STFS', 'TKLF', 'NA', 'PCSA', 'BNED', 'METG', 'BEZ']
12:19:21  universe: 86 from IBKR scanner + 56 extra from Alpaca
12:19:27  Wrote 90 gappers (90 kept): ['YMAT', 'NVVE', 'SUNE', 'SNAL', 'PLBL', 'AARD', 'CRE', 'FGI', 'CBRX', 'WOK', 'CBRG', 'TKLF', 'YYAI', 'WXM', 'STFS', 'NA', 'PCSA', 'BNED', 'METG', 'BEZ']
12:20:13  universe: 86 from IBKR scanner + 56 extra from Alpaca
12:20:20  Wrote 90 gappers (90 kept): ['YMAT', 'NVVE', 'SUNE', 'SNAL', 'PLBL', 'AARD', 'CRE', 'FGI', 'WOK', 'CBRX', 'CBRG', 'YYAI', 'WXM', 'TKLF', 'STFS', 'NA', 'PCSA', 'BNED', 'METG', 'BEZ']
12:21:08  universe: 85 from IBKR scanner + 55 extra from Alpaca
12:21:24  Wrote 90 gappers (90 kept): ['YMAT', 'NVVE', 'SUNE', 'SNAL', 'PLBL', 'AARD', 'CRE', 'FGI', 'WOK', 'CBRX', 'YYAI', 'CBRG', 'TKLF', 'STFS', 'WXM', 'NA', 'PCSA', 'BNED', 'METG', 'BEZ']
12:22:20  universe: 85 from IBKR scanner + 56 extra from Alpaca
12:22:31  Wrote 90 gappers (90 kept): ['YMAT', 'NVVE', 'SUNE', 'SNAL', 'PLBL', 'AARD', 'CRE', 'WOK', 'FGI', 'CBRX', 'YYAI', 'NA', 'CBRG', 'TKLF', 'STFS', 'WXM', 'PCSA', 'BNED', 'METG', 'CRCA']
12:23:18  universe: 83 from IBKR scanner + 56 extra from Alpaca
12:23:24  Wrote 90 gappers (90 kept): ['YMAT', 'NVVE', 'SNAL', 'SUNE', 'PLBL', 'AARD', 'CRE', 'FGI', 'WOK', 'CBRX', 'YYAI', 'NA', 'CBRG', 'TKLF', 'STFS', 'BNED', 'METG', 'PCSA', 'WXM', 'CRCA']
12:24:10  universe: 84 from IBKR scanner + 57 extra from Alpaca
12:24:16  Wrote 90 gappers (90 kept): ['YMAT', 'NVVE', 'SNAL', 'SUNE', 'PLBL', 'AARD', 'CRE', 'FGI', 'WOK', 'CBRX', 'YYAI', 'NA', 'CBRG', 'STFS', 'BNED', 'METG', 'PCSA', 'WXM', 'TKLF', 'CRCA']
12:25:03  universe: 84 from IBKR scanner + 56 extra from Alpaca
12:25:13  Wrote 90 gappers (90 kept): ['YMAT', 'NVVE', 'SNAL', 'SUNE', 'PLBL', 'AARD', 'CRE', 'WOK', 'FGI', 'CBRX', 'YYAI', 'NA', 'CBRG', 'TKLF', 'STFS', 'WXM', 'BNED', 'METG', 'PCSA', 'CRCA']
12:26:00  universe: 85 from IBKR scanner + 56 extra from Alpaca
12:26:21  avg-vol fetch failed: HTTPSConnectionPool(host='data.alpaca.markets', port=443): Read timed out. (read timeout=15)
12:26:36  avg-vol fetch failed: HTTPSConnectionPool(host='data.alpaca.markets', port=443): Read timed out. (read timeout=15)
12:26:38  Wrote 91 gappers (91 kept): ['YMAT', 'NVVE', 'SUNE', 'SNAL', 'PLBL', 'AARD', 'CRE', 'WOK', 'FGI', 'CBRX', 'YYAI', 'CBRG', 'TKLF', 'WXM', 'STFS', 'NA', 'METG', 'PCSA', 'BNED', 'CRCA']
12:27:25  universe: 85 from IBKR scanner + 55 extra from Alpaca
12:27:31  Wrote 92 gappers (92 kept): ['YMAT', 'JZXN', 'NVVE', 'SNAL', 'SUNE', 'PLBL', 'AARD', 'CRE', 'WOK', 'FGI', 'CBRX', 'CBRG', 'YYAI', 'TKLF', 'WXM', 'STFS', 'NTCL', 'NA', 'METG', 'BNED']
12:28:18  universe: 85 from IBKR scanner + 54 extra from Alpaca
12:28:23  Wrote 92 gappers (92 kept): ['YMAT', 'JZXN', 'NVVE', 'SNAL', 'SUNE', 'PLBL', 'AARD', 'CRE', 'FGI', 'WOK', 'CBRX', 'CBRG', 'YYAI', 'TKLF', 'WXM', 'STFS', 'NTCL', 'NA', 'METG', 'BNED']
12:29:10  universe: 83 from IBKR scanner + 54 extra from Alpaca
12:29:15  Wrote 92 gappers (92 kept): ['YMAT', 'JZXN', 'NVVE', 'SNAL', 'SUNE', 'PLBL', 'AARD', 'CRE', 'WOK', 'FGI', 'CBRX', 'CBRG', 'YYAI', 'TKLF', 'STFS', 'WXM', 'NTCL', 'NA', 'METG', 'BNED']
12:30:02  universe: 84 from IBKR scanner + 53 extra from Alpaca
12:30:13  Wrote 93 gappers (93 kept): ['YMAT', 'JZXN', 'NVVE', 'SNAL', 'SUNE', 'PLBL', 'AARD', 'CRE', 'FGI', 'WOK', 'CBRX', 'CBRG', 'RPID', 'YYAI', 'WXM', 'TKLF', 'STFS', 'PCSA', 'NTCL', 'NA']
12:31:00  universe: 84 from IBKR scanner + 55 extra from Alpaca
12:31:11  Wrote 91 gappers (91 kept): ['YMAT', 'NVVE', 'SNAL', 'PLBL', 'SUNE', 'AARD', 'CRE', 'WOK', 'FGI', 'CBRG', 'CBRX', 'YYAI', 'WXM', 'TKLF', 'STFS', 'PCSA', 'NTCL', 'NA', 'CRCA', 'METG']
12:31:58  universe: 84 from IBKR scanner + 54 extra from Alpaca
12:32:08  Wrote 91 gappers (91 kept): ['YMAT', 'NVVE', 'SNAL', 'PLBL', 'SUNE', 'AARD', 'CRE', 'FGI', 'WOK', 'CBRG', 'CBRX', 'YYAI', 'TKLF', 'STFS', 'PCSA', 'NA', 'METG', 'WXM', 'CRCA', 'BNED']
12:32:54  universe: 84 from IBKR scanner + 54 extra from Alpaca
12:33:01  Wrote 91 gappers (91 kept): ['YMAT', 'NVVE', 'SNAL', 'SUNE', 'PLBL', 'AARD', 'CRE', 'FGI', 'WOK', 'CBRG', 'CBRX', 'YYAI', 'WXM', 'STFS', 'PCSA', 'TKLF', 'NA', 'METG', 'CRCA', 'BNED']
12:33:48  universe: 84 from IBKR scanner + 56 extra from Alpaca
12:33:55  Wrote 92 gappers (92 kept): ['YMAT', 'NVVE', 'SNAL', 'SUNE', 'PLBL', 'AARD', 'CRE', 'FGI', 'WOK', 'CBRG', 'CBRX', 'KXIN', 'YYAI', 'WXM', 'TKLF', 'STFS', 'PCSA', 'NA', 'CRCA', 'METG']
12:34:42  universe: 84 from IBKR scanner + 56 extra from Alpaca
12:34:47  Wrote 93 gappers (93 kept): ['YMAT', 'JZXN', 'NVVE', 'SNAL', 'SUNE', 'PLBL', 'AARD', 'CRE', 'FGI', 'KXIN', 'CBRG', 'WOK', 'CBRX', 'YYAI', 'WXM', 'TKLF', 'STFS', 'PCSA', 'NA', 'CRCA']
12:35:34  universe: 83 from IBKR scanner + 56 extra from Alpaca
12:35:41  Wrote 93 gappers (93 kept): ['YMAT', 'JZXN', 'NVVE', 'SNAL', 'SUNE', 'PLBL', 'AARD', 'CRE', 'FGI', 'KXIN', 'WOK', 'CBRG', 'CBRX', 'YYAI', 'WXM', 'TKLF', 'STFS', 'PCSA', 'NA', 'CRCA']
12:36:28  universe: 83 from IBKR scanner + 55 extra from Alpaca
12:36:33  Wrote 93 gappers (93 kept): ['YMAT', 'JZXN', 'NVVE', 'SNAL', 'SUNE', 'PLBL', 'AARD', 'CRE', 'FGI', 'KXIN', 'WOK', 'CBRG', 'CBRX', 'YYAI', 'PCSA', 'WXM', 'TKLF', 'STFS', 'METG', 'BNED']
12:37:20  universe: 83 from IBKR scanner + 54 extra from Alpaca
12:37:26  Wrote 93 gappers (93 kept): ['YMAT', 'JZXN', 'NVVE', 'SNAL', 'PLBL', 'SUNE', 'AARD', 'CRE', 'FGI', 'CBRG', 'WOK', 'CBRX', 'NA', 'YYAI', 'KXIN', 'WXM', 'TKLF', 'STFS', 'PCSA', 'METG']
12:38:13  universe: 83 from IBKR scanner + 54 extra from Alpaca
12:38:19  Wrote 93 gappers (93 kept): ['YMAT', 'JZXN', 'NVVE', 'SNAL', 'SUNE', 'PLBL', 'AARD', 'CRE', 'FGI', 'CBRX', 'CBRG', 'WOK', 'NA', 'YYAI', 'WXM', 'TKLF', 'STFS', 'PCSA', 'KXIN', 'BEZ']
12:39:06  universe: 83 from IBKR scanner + 54 extra from Alpaca
12:39:11  Wrote 94 gappers (94 kept): ['YMAT', 'JZXN', 'NVVE', 'SNAL', 'PLBL', 'SUNE', 'AARD', 'CRE', 'FGI', 'WOK', 'CBRX', 'CBRG', 'NA', 'YYAI', 'WXM', 'TKLF', 'STFS', 'PCSA', 'KXIN', 'BEZ']
12:39:58  universe: 84 from IBKR scanner + 55 extra from Alpaca
12:40:05  Wrote 93 gappers (93 kept): ['YMAT', 'NVVE', 'SNAL', 'PLBL', 'SUNE', 'AARD', 'CRE', 'FGI', 'WOK', 'CBRX', 'CBRG', 'YYAI', 'NA', 'WXM', 'TKLF', 'STFS', 'PCSA', 'BEZ', 'METG', 'BNED']
12:40:51  universe: 84 from IBKR scanner + 56 extra from Alpaca
12:40:58  Wrote 93 gappers (93 kept): ['YMAT', 'NVVE', 'SNAL', 'SUNE', 'PLBL', 'AARD', 'FGI', 'CRE', 'WOK', 'CBRX', 'CBRG', 'YYAI', 'NA', 'WXM', 'TKLF', 'STFS', 'PCSA', 'BEZ', 'METG', 'BNED']
12:41:45  universe: 84 from IBKR scanner + 56 extra from Alpaca
12:41:51  Wrote 93 gappers (93 kept): ['YMAT', 'NVVE', 'SNAL', 'SUNE', 'PLBL', 'AARD', 'CRE', 'FGI', 'WOK', 'CBRX', 'CBRG', 'YYAI', 'NA', 'WXM', 'TKLF', 'STFS', 'BEZ', 'METG', 'BNED', 'PCSA']
12:42:38  universe: 84 from IBKR scanner + 56 extra from Alpaca
12:42:43  Wrote 93 gappers (93 kept): ['YMAT', 'NVVE', 'SNAL', 'SUNE', 'PLBL', 'AARD', 'CRE', 'FGI', 'WOK', 'CBRG', 'CBRX', 'YYAI', 'WXM', 'NA', 'TKLF', 'STFS', 'BEZ', 'METG', 'BNED', 'PCSA']
12:43:30  universe: 83 from IBKR scanner + 56 extra from Alpaca
12:43:35  Wrote 93 gappers (93 kept): ['YMAT', 'NVVE', 'SNAL', 'SUNE', 'PLBL', 'AARD', 'CRE', 'FGI', 'WOK', 'YYAI', 'CBRG', 'CBRX', 'WXM', 'TKLF', 'STFS', 'BEZ', 'NA', 'METG', 'BNED', 'PCSA']
12:44:22  universe: 83 from IBKR scanner + 55 extra from Alpaca
12:44:27  Wrote 93 gappers (93 kept): ['YMAT', 'NVVE', 'SNAL', 'SUNE', 'PLBL', 'AARD', 'FGI', 'WOK', 'YYAI', 'CBRG', 'CRE', 'CBRX', 'WXM', 'TKLF', 'STFS', 'BEZ', 'NA', 'METG', 'BNED', 'PCSA']
12:45:14  universe: 83 from IBKR scanner + 55 extra from Alpaca
12:45:25  Wrote 94 gappers (94 kept): ['YMAT', 'JZXN', 'NVVE', 'SNAL', 'SUNE', 'PLBL', 'AARD', 'WOK', 'CRE', 'FGI', 'YYAI', 'CBRG', 'CBRX', 'WXM', 'TKLF', 'STFS', 'BEZ', 'NA', 'METG', 'BNED']
12:46:12  universe: 83 from IBKR scanner + 55 extra from Alpaca
12:46:22  Wrote 94 gappers (94 kept): ['YMAT', 'JZXN', 'NVVE', 'SNAL', 'PLBL', 'SUNE', 'AARD', 'CRE', 'FGI', 'WOK', 'CBRX', 'WXM', 'CBRG', 'YYAI', 'TKLF', 'STFS', 'BEZ', 'NA', 'METG', 'BNED']
12:47:08  universe: 83 from IBKR scanner + 54 extra from Alpaca
12:47:17  Wrote 95 gappers (95 kept): ['YMAT', 'JZXN', 'NVVE', 'SUNE', 'SNAL', 'PLBL', 'AARD', 'WOK', 'FGI', 'CRE', 'CBRX', 'WXM', 'CBRG', 'RPID', 'YYAI', 'TKLF', 'STFS', 'BEZ', 'METG', 'NA']
12:48:04  universe: 83 from IBKR scanner + 55 extra from Alpaca
12:48:12  Wrote 94 gappers (94 kept): ['YMAT', 'NVVE', 'SUNE', 'SNAL', 'PLBL', 'AARD', 'WOK', 'FGI', 'CRE', 'CBRX', 'CBRG', 'WXM', 'RPID', 'YYAI', 'STFS', 'BEZ', 'METG', 'NA', 'PCSA', 'TKLF']
12:48:59  universe: 84 from IBKR scanner + 56 extra from Alpaca
12:49:06  Wrote 93 gappers (93 kept): ['YMAT', 'NVVE', 'SUNE', 'SNAL', 'PLBL', 'AARD', 'WOK', 'FGI', 'CRE', 'WXM', 'CBRG', 'CBRX', 'YYAI', 'NA', 'STFS', 'METG', 'BEZ', 'TKLF', 'PCSA', 'LABD']
12:49:53  universe: 85 from IBKR scanner + 55 extra from Alpaca
12:49:59  Wrote 93 gappers (93 kept): ['YMAT', 'NVVE', 'SUNE', 'SNAL', 'PLBL', 'AARD', 'WOK', 'FGI', 'CRE', 'WXM', 'CBRG', 'CBRX', 'YYAI', 'NA', 'STFS', 'BEZ', 'METG', 'TKLF', 'PCSA', 'LABD']
12:50:46  universe: 84 from IBKR scanner + 55 extra from Alpaca
12:50:54  Wrote 93 gappers (93 kept): ['YMAT', 'NVVE', 'SNAL', 'SUNE', 'PLBL', 'AARD', 'WXM', 'WOK', 'FGI', 'CRE', 'CBRG', 'CBRX', 'YYAI', 'NA', 'STFS', 'BEZ', 'METG', 'TKLF', 'PCSA', 'UFI']
12:51:40  universe: 84 from IBKR scanner + 57 extra from Alpaca
12:51:47  Wrote 93 gappers (93 kept): ['YMAT', 'NVVE', 'SNAL', 'SUNE', 'PLBL', 'AARD', 'WOK', 'FGI', 'WXM', 'CRE', 'CBRG', 'CBRX', 'YYAI', 'NA', 'STFS', 'BEZ', 'METG', 'KXIN', 'TKLF', 'PCSA']
12:52:34  universe: 85 from IBKR scanner + 57 extra from Alpaca
12:52:40  Wrote 93 gappers (93 kept): ['YMAT', 'NVVE', 'SNAL', 'SUNE', 'PLBL', 'AARD', 'WOK', 'FGI', 'WXM', 'CBRG', 'CRE', 'CBRX', 'YYAI', 'NA', 'STFS', 'BEZ', 'METG', 'KXIN', 'TKLF', 'PCSA']
12:53:27  universe: 83 from IBKR scanner + 57 extra from Alpaca
12:53:33  Wrote 94 gappers (94 kept): ['YMAT', 'NVVE', 'SNAL', 'SUNE', 'PLBL', 'AARD', 'WOK', 'WXM', 'FGI', 'CRE', 'CBRG', 'CBRX', 'YYAI', 'NA', 'STFS', 'METG', 'BEZ', 'KXIN', 'PCSA', 'TKLF']
12:54:19  universe: 83 from IBKR scanner + 56 extra from Alpaca
12:54:25  Wrote 94 gappers (94 kept): ['YMAT', 'NVVE', 'SNAL', 'SUNE', 'PLBL', 'AARD', 'WOK', 'WXM', 'FGI', 'CRE', 'CBRG', 'CBRX', 'YYAI', 'NA', 'UBXG', 'STFS', 'METG', 'BEZ', 'KXIN', 'PCSA']
12:55:12  universe: 83 from IBKR scanner + 56 extra from Alpaca
12:55:20  Wrote 95 gappers (95 kept): ['YMAT', 'JZXN', 'NVVE', 'SUNE', 'SNAL', 'PLBL', 'AARD', 'WXM', 'WOK', 'FGI', 'CRE', 'CBRG', 'CBRX', 'UBXG', 'YYAI', 'NA', 'STFS', 'METG', 'BEZ', 'KXIN']
12:56:07  universe: 84 from IBKR scanner + 54 extra from Alpaca
12:56:15  Wrote 95 gappers (95 kept): ['YMAT', 'JZXN', 'NVVE', 'SNAL', 'SUNE', 'PLBL', 'AARD', 'WXM', 'FGI', 'WOK', 'CRE', 'CBRG', 'CBRX', 'YYAI', 'NA', 'STFS', 'WNW', 'METG', 'BEZ', 'KXIN']
12:57:02  universe: 83 from IBKR scanner + 55 extra from Alpaca
12:57:09  Wrote 95 gappers (95 kept): ['YMAT', 'JZXN', 'NVVE', 'SNAL', 'SUNE', 'PLBL', 'AARD', 'FGI', 'WOK', 'WXM', 'CRE', 'CBRG', 'CBRX', 'YYAI', 'TKLF', 'STFS', 'NA', 'WNW', 'METG', 'KXIN']
12:57:56  universe: 82 from IBKR scanner + 55 extra from Alpaca
12:58:01  Wrote 95 gappers (95 kept): ['YMAT', 'JZXN', 'NVVE', 'SUNE', 'SNAL', 'WXM', 'PLBL', 'AARD', 'FGI', 'WOK', 'UBXG', 'CRE', 'CBRG', 'CBRX', 'YYAI', 'NA', 'TKLF', 'STFS', 'WNW', 'METG']
12:58:48  universe: 83 from IBKR scanner + 55 extra from Alpaca
12:58:53  Wrote 95 gappers (95 kept): ['YMAT', 'JZXN', 'NVVE', 'SUNE', 'SNAL', 'WXM', 'PLBL', 'AARD', 'FGI', 'WOK', 'CBRG', 'CRE', 'CBRX', 'UBXG', 'WNW', 'YYAI', 'STFS', 'METG', 'NA', 'BEZ']
12:59:41  universe: 83 from IBKR scanner + 56 extra from Alpaca
12:59:46  Wrote 95 gappers (95 kept): ['YMAT', 'JZXN', 'NVVE', 'SNAL', 'SUNE', 'PLBL', 'WXM', 'AARD', 'FGI', 'CRE', 'CBRG', 'WNW', 'WOK', 'KXIN', 'CBRX', 'UBXG', 'YYAI', 'TKLF', 'STFS', 'METG']
13:00:32  universe: 83 from IBKR scanner + 56 extra from Alpaca
13:00:45  Wrote 95 gappers (95 kept): ['YMAT', 'JZXN', 'NVVE', 'SUNE', 'SNAL', 'WXM', 'AARD', 'PLBL', 'FGI', 'UBXG', 'CRE', 'CBRG', 'WOK', 'CBRX', 'KXIN', 'YYAI', 'WNW', 'TKLF', 'STFS', 'METG']
13:01:32  universe: 84 from IBKR scanner + 57 extra from Alpaca
13:01:46  Wrote 95 gappers (95 kept): ['YMAT', 'NVVE', 'SUNE', 'SNAL', 'WXM', 'PLBL', 'AARD', 'FGI', 'UBXG', 'CRE', 'WOK', 'CBRG', 'CBRX', 'KXIN', 'WNW', 'YYAI', 'METG', 'NA', 'BEZ', 'PCSA']
13:02:33  universe: 84 from IBKR scanner + 57 extra from Alpaca
13:02:42  Wrote 97 gappers (97 kept): ['YMAT', 'NVVE', 'SUNE', 'SNAL', 'SORA', 'AARD', 'PLBL', 'WXM', 'FGI', 'WNW', 'WOK', 'CRE', 'CBRG', 'CBRX', 'RPID', 'KXIN', 'YYAI', 'METG', 'NA', 'TKLF']
13:03:29  universe: 82 from IBKR scanner + 56 extra from Alpaca
13:03:35  Wrote 96 gappers (96 kept): ['YMAT', 'NVVE', 'SUNE', 'SNAL', 'AARD', 'SORA', 'PLBL', 'FGI', 'WNW', 'CRE', 'WOK', 'RPID', 'CBRG', 'CBRX', 'KXIN', 'YYAI', 'METG', 'BEZ', 'UBXG', 'PCSA']
13:04:22  universe: 83 from IBKR scanner + 56 extra from Alpaca
13:04:28  Wrote 97 gappers (97 kept): ['YMAT', 'JZXN', 'NVVE', 'SUNE', 'SNAL', 'AARD', 'SORA', 'PLBL', 'FGI', 'WNW', 'CRE', 'RPID', 'CBRG', 'CBRX', 'KXIN', 'WOK', 'YYAI', 'METG', 'BEZ', 'WXM']
13:05:15  universe: 81 from IBKR scanner + 56 extra from Alpaca
13:05:25  Wrote 97 gappers (97 kept): ['YMAT', 'JZXN', 'SUNE', 'NVVE', 'AARD', 'SORA', 'SNAL', 'PLBL', 'FGI', 'CRE', 'RPID', 'CBRG', 'CBRX', 'WOK', 'WNW', 'KXIN', 'YYAI', 'WXM', 'METG', 'TKLF']
13:06:12  universe: 80 from IBKR scanner + 56 extra from Alpaca
13:06:21  Wrote 97 gappers (97 kept): ['YMAT', 'JZXN', 'SUNE', 'NVVE', 'AARD', 'SORA', 'SNAL', 'PLBL', 'FGI', 'CBRG', 'RPID', 'CRE', 'WOK', 'CBRX', 'KXIN', 'WNW', 'YYAI', 'WXM', 'METG', 'BEZ']
13:07:07  universe: 80 from IBKR scanner + 55 extra from Alpaca
13:07:14  Wrote 97 gappers (97 kept): ['YMAT', 'JZXN', 'SUNE', 'NVVE', 'SORA', 'AARD', 'SNAL', 'PLBL', 'FGI', 'RPID', 'CBRG', 'WOK', 'CBRX', 'CRE', 'KXIN', 'WNW', 'YYAI', 'WXM', 'METG', 'BEZ']
13:08:01  universe: 80 from IBKR scanner + 56 extra from Alpaca
13:08:07  Wrote 97 gappers (97 kept): ['YMAT', 'JZXN', 'SUNE', 'NVVE', 'AARD', 'SORA', 'SNAL', 'PLBL', 'FGI', 'CBRG', 'WOK', 'RPID', 'CBRX', 'KXIN', 'WNW', 'YYAI', 'CRE', 'WXM', 'METG', 'UFI']
13:08:54  universe: 79 from IBKR scanner + 56 extra from Alpaca
13:08:58  Wrote 96 gappers (96 kept): ['YMAT', 'SUNE', 'NVVE', 'AARD', 'SORA', 'SNAL', 'PLBL', 'FGI', 'WOK', 'CBRG', 'RPID', 'KXIN', 'CBRX', 'YYAI', 'CRE', 'WNW', 'METG', 'BEZ', 'TKLF', 'BNED']
13:09:45  universe: 79 from IBKR scanner + 57 extra from Alpaca
13:09:49  Wrote 96 gappers (96 kept): ['YMAT', 'SUNE', 'NVVE', 'AARD', 'SORA', 'SNAL', 'PLBL', 'FGI', 'CBRG', 'CBRX', 'WOK', 'KXIN', 'RPID', 'YYAI', 'WNW', 'METG', 'BEZ', 'CRE', 'BNED', 'UFI']
13:10:36  universe: 79 from IBKR scanner + 57 extra from Alpaca
13:10:43  Wrote 96 gappers (96 kept): ['YMAT', 'NVVE', 'SUNE', 'AARD', 'SORA', 'PLBL', 'SNAL', 'FGI', 'CBRG', 'CBRX', 'RPID', 'KXIN', 'WOK', 'YYAI', 'WNW', 'METG', 'BEZ', 'BNED', 'UFI', 'PCSA']
13:11:30  universe: 79 from IBKR scanner + 56 extra from Alpaca
13:11:35  Wrote 97 gappers (97 kept): ['YMAT', 'JZXN', 'SUNE', 'NVVE', 'AARD', 'SORA', 'PLBL', 'SNAL', 'FGI', 'CBRG', 'CBRX', 'RPID', 'KXIN', 'WOK', 'YYAI', 'WNW', 'METG', 'CRE', 'UBXG', 'BEZ']
13:12:22  universe: 79 from IBKR scanner + 56 extra from Alpaca
13:12:27  Wrote 97 gappers (97 kept): ['YMAT', 'JZXN', 'SUNE', 'NVVE', 'AARD', 'SORA', 'PLBL', 'FGI', 'SNAL', 'CBRG', 'CBRX', 'RPID', 'KXIN', 'WOK', 'YYAI', 'WNW', 'CRE', 'METG', 'BEZ', 'BNED']
13:13:13  universe: 79 from IBKR scanner + 57 extra from Alpaca
13:13:19  Wrote 97 gappers (97 kept): ['YMAT', 'JZXN', 'SUNE', 'NVVE', 'AARD', 'SORA', 'PLBL', 'FGI', 'SNAL', 'CBRG', 'CBRX', 'RPID', 'KXIN', 'WOK', 'YYAI', 'WNW', 'CRE', 'METG', 'BEZ', 'BNED']
13:14:06  universe: 78 from IBKR scanner + 56 extra from Alpaca
13:14:10  Wrote 97 gappers (97 kept): ['YMAT', 'JZXN', 'SUNE', 'NVVE', 'AARD', 'SORA', 'PLBL', 'FGI', 'SNAL', 'CBRG', 'CBRX', 'WNW', 'RPID', 'KXIN', 'WOK', 'YYAI', 'METG', 'CRE', 'BEZ', 'BNED']
13:14:57  universe: 77 from IBKR scanner + 56 extra from Alpaca
13:15:02  Wrote 97 gappers (97 kept): ['YMAT', 'JZXN', 'SUNE', 'NVVE', 'AARD', 'SORA', 'SNAL', 'PLBL', 'FGI', 'CBRG', 'RPID', 'CBRX', 'WNW', 'KXIN', 'WOK', 'YYAI', 'METG', 'CRE', 'BEZ', 'UBXG']
13:15:49  universe: 78 from IBKR scanner + 55 extra from Alpaca
13:15:56  Wrote 97 gappers (97 kept): ['YMAT', 'JZXN', 'SUNE', 'NVVE', 'AARD', 'SORA', 'PLBL', 'SNAL', 'FGI', 'CBRX', 'WNW', 'CBRG', 'RPID', 'KXIN', 'WOK', 'YYAI', 'CRE', 'METG', 'BEZ', 'BNED']
13:16:43  universe: 79 from IBKR scanner + 57 extra from Alpaca
13:16:49  Wrote 96 gappers (96 kept): ['YMAT', 'JZXN', 'SUNE', 'NVVE', 'AARD', 'SORA', 'FGI', 'PLBL', 'SNAL', 'CBRX', 'CBRG', 'WNW', 'KXIN', 'WOK', 'CRE', 'YYAI', 'METG', 'BEZ', 'NTCL', 'BNED']
13:17:36  universe: 79 from IBKR scanner + 56 extra from Alpaca
13:17:41  Wrote 96 gappers (96 kept): ['YMAT', 'JZXN', 'SUNE', 'NVVE', 'AARD', 'SORA', 'PLBL', 'FGI', 'SNAL', 'CBRX', 'WNW', 'CBRG', 'WOK', 'YYAI', 'KXIN', 'CRE', 'METG', 'BEZ', 'NTCL', 'BNED']
13:18:27  universe: 78 from IBKR scanner + 57 extra from Alpaca
13:18:31  Wrote 96 gappers (96 kept): ['YMAT', 'JZXN', 'SUNE', 'NVVE', 'AARD', 'SORA', 'PLBL', 'FGI', 'SNAL', 'CBRX', 'CBRG', 'WOK', 'CRE', 'WNW', 'WXM', 'YYAI', 'KXIN', 'METG', 'BEZ', 'NTCL']
13:19:18  universe: 80 from IBKR scanner + 56 extra from Alpaca
13:19:23  Wrote 96 gappers (96 kept): ['YMAT', 'JZXN', 'SUNE', 'NVVE', 'AARD', 'PLBL', 'SORA', 'SNAL', 'FGI', 'CBRX', 'CBRG', 'CRE', 'WNW', 'WOK', 'YYAI', 'KXIN', 'METG', 'WXM', 'NTCL', 'BEZ']
13:20:09  universe: 80 from IBKR scanner + 56 extra from Alpaca
13:20:16  Wrote 96 gappers (96 kept): ['YMAT', 'JZXN', 'SUNE', 'NVVE', 'AARD', 'SORA', 'PLBL', 'SNAL', 'FGI', 'CBRG', 'CBRX', 'WOK', 'CRE', 'WNW', 'YYAI', 'KXIN', 'METG', 'NTCL', 'BEZ', 'PCSA']
13:21:02  universe: 81 from IBKR scanner + 58 extra from Alpaca
13:21:09  Wrote 95 gappers (95 kept): ['YMAT', 'JZXN', 'SUNE', 'NVVE', 'AARD', 'PLBL', 'SNAL', 'FGI', 'CBRG', 'CBRX', 'WOK', 'WNW', 'CRE', 'YYAI', 'KXIN', 'METG', 'BEZ', 'NTCL', 'PCSA', 'QBTZ']
13:21:56  universe: 81 from IBKR scanner + 58 extra from Alpaca
13:22:01  Wrote 95 gappers (95 kept): ['YMAT', 'JZXN', 'SUNE', 'NVVE', 'AARD', 'PLBL', 'SNAL', 'FGI', 'CBRG', 'CBRX', 'WNW', 'WOK', 'CRE', 'YYAI', 'KXIN', 'METG', 'NTCL', 'BEZ', 'PCSA', 'BNED']
13:22:48  universe: 82 from IBKR scanner + 58 extra from Alpaca
13:22:52  Wrote 96 gappers (96 kept): ['YMAT', 'JZXN', 'SUNE', 'NVVE', 'AARD', 'PLBL', 'SNAL', 'FGI', 'KXIN', 'CBRX', 'CBRG', 'WOK', 'CRE', 'WNW', 'YYAI', 'METG', 'NTCL', 'BEZ', 'PCSA', 'TKLF']
13:23:39  universe: 82 from IBKR scanner + 58 extra from Alpaca
13:23:44  Wrote 96 gappers (96 kept): ['YMAT', 'JZXN', 'SUNE', 'NVVE', 'AARD', 'PLBL', 'SNAL', 'FGI', 'WNW', 'KXIN', 'CBRX', 'CBRG', 'WOK', 'CRE', 'YYAI', 'METG', 'NTCL', 'BEZ', 'PCSA', 'LABD']
13:24:30  universe: 79 from IBKR scanner + 57 extra from Alpaca
13:24:34  Wrote 97 gappers (97 kept): ['YMAT', 'JZXN', 'SUNE', 'NVVE', 'AARD', 'PLBL', 'SNAL', 'FGI', 'WNW', 'KXIN', 'RPID', 'CBRG', 'CBRX', 'WOK', 'YYAI', 'CRE', 'METG', 'NTCL', 'PCSA', 'BEZ']
13:25:21  universe: 79 from IBKR scanner + 56 extra from Alpaca
13:25:27  Wrote 99 gappers (99 kept): ['YMAT', 'JZXN', 'SUNE', 'NVVE', 'AARD', 'PLBL', 'SNAL', 'FGI', 'SORA', 'WNW', 'RPID', 'CBRG', 'CRE', 'CBRX', 'WOK', 'KXIN', 'YYAI', 'METG', 'NTCL', 'BEZ']
13:26:13  universe: 79 from IBKR scanner + 56 extra from Alpaca
13:26:17  Wrote 99 gappers (99 kept): ['YMAT', 'JZXN', 'SUNE', 'NVVE', 'AARD', 'PLBL', 'FGI', 'SNAL', 'SORA', 'WNW', 'RPID', 'CBRG', 'CBRX', 'WOK', 'KXIN', 'CRE', 'YYAI', 'METG', 'NTCL', 'BEZ']
13:27:03  universe: 79 from IBKR scanner + 57 extra from Alpaca
13:27:08  Wrote 98 gappers (98 kept): ['YMAT', 'JZXN', 'SUNE', 'NVVE', 'AARD', 'PLBL', 'FGI', 'SNAL', 'WNW', 'CBRG', 'RPID', 'CBRX', 'WOK', 'KXIN', 'CRE', 'YYAI', 'METG', 'NTCL', 'BEZ', 'UFI']
13:27:55  universe: 79 from IBKR scanner + 57 extra from Alpaca
13:27:58  Wrote 98 gappers (98 kept): ['YMAT', 'JZXN', 'SUNE', 'NVVE', 'AARD', 'PLBL', 'FGI', 'SNAL', 'CBRG', 'RPID', 'CBRX', 'WOK', 'KXIN', 'CRE', 'WNW', 'YYAI', 'METG', 'NTCL', 'BEZ', 'UFI']
13:28:45  universe: 80 from IBKR scanner + 58 extra from Alpaca
13:28:48  Wrote 98 gappers (98 kept): ['YMAT', 'JZXN', 'SUNE', 'NVVE', 'AARD', 'PLBL', 'FGI', 'SNAL', 'WNW', 'CBRG', 'RPID', 'WOK', 'CBRX', 'CRE', 'KXIN', 'YYAI', 'METG', 'NTCL', 'BEZ', 'QBTZ']
13:29:35  universe: 80 from IBKR scanner + 57 extra from Alpaca
13:29:39  Wrote 97 gappers (97 kept): ['YMAT', 'SUNE', 'NVVE', 'AARD', 'PLBL', 'FGI', 'SNAL', 'WNW', 'WOK', 'CBRG', 'RPID', 'CBRX', 'KXIN', 'CRE', 'YYAI', 'METG', 'NTCL', 'QBTZ', 'UFI', 'NA']
13:30:26  universe: 78 from IBKR scanner + 56 extra from Alpaca
13:30:37  Wrote 98 gappers (98 kept): ['YMAT', 'JZXN', 'SUNE', 'AARD', 'NVVE', 'PLBL', 'FGI', 'SNAL', 'WNW', 'WOK', 'CBRG', 'KXIN', 'RPID', 'CBRX', 'YYAI', 'CRE', 'METG', 'NTCL', 'QBTZ', 'UFI']
13:31:24  universe: 78 from IBKR scanner + 56 extra from Alpaca
13:31:34  Wrote 98 gappers (98 kept): ['YMAT', 'JZXN', 'SUNE', 'AARD', 'NVVE', 'PLBL', 'FGI', 'SNAL', 'WNW', 'WOK', 'KXIN', 'RPID', 'CBRG', 'CBRX', 'YYAI', 'CRE', 'METG', 'NTCL', 'QBTZ', 'UFI']
13:32:21  universe: 80 from IBKR scanner + 59 extra from Alpaca
13:32:28  Wrote 98 gappers (98 kept): ['YMAT', 'JZXN', 'SUNE', 'AARD', 'NVVE', 'FGI', 'PLBL', 'SNAL', 'WNW', 'KXIN', 'RPID', 'WOK', 'CBRG', 'CBRX', 'CRE', 'YYAI', 'METG', 'NTCL', 'TKLF', 'QBTZ']
13:33:15  universe: 80 from IBKR scanner + 58 extra from Alpaca
13:33:21  Wrote 98 gappers (98 kept): ['YMAT', 'JZXN', 'SUNE', 'AARD', 'NVVE', 'FGI', 'PLBL', 'SNAL', 'WNW', 'KXIN', 'WOK', 'RPID', 'CBRG', 'CBRX', 'CRE', 'METG', 'TKLF', 'QBTZ', 'UFI', 'NA']
13:34:08  universe: 80 from IBKR scanner + 59 extra from Alpaca
13:34:14  Wrote 98 gappers (98 kept): ['YMAT', 'JZXN', 'SUNE', 'AARD', 'NVVE', 'FGI', 'PLBL', 'SNAL', 'WNW', 'KXIN', 'CBRG', 'WOK', 'RPID', 'CBRX', 'CRE', 'METG', 'TKLF', 'QBTZ', 'UFI', 'NA']
13:35:01  universe: 80 from IBKR scanner + 58 extra from Alpaca
13:35:10  Wrote 98 gappers (98 kept): ['YMAT', 'JZXN', 'SUNE', 'AARD', 'NVVE', 'FGI', 'PLBL', 'SNAL', 'WNW', 'CBRG', 'KXIN', 'WOK', 'RPID', 'CBRX', 'CRE', 'METG', 'UFI', 'QBTZ', 'NA', 'PCSA']
13:35:57  universe: 80 from IBKR scanner + 58 extra from Alpaca
13:36:04  Wrote 98 gappers (98 kept): ['YMAT', 'JZXN', 'SUNE', 'AARD', 'NVVE', 'FGI', 'PLBL', 'SNAL', 'WNW', 'WOK', 'CBRG', 'KXIN', 'RPID', 'CBRX', 'CRE', 'METG', 'UFI', 'QBTZ', 'NA', 'BNED']
13:36:51  universe: 81 from IBKR scanner + 57 extra from Alpaca
13:36:56  Wrote 98 gappers (98 kept): ['YMAT', 'JZXN', 'SUNE', 'AARD', 'NVVE', 'PLBL', 'FGI', 'SNAL', 'WNW', 'WOK', 'RPID', 'KXIN', 'CBRG', 'CBRX', 'CRE', 'METG', 'UFI', 'QBTZ', 'NA', 'BNED']
13:37:43  universe: 80 from IBKR scanner + 57 extra from Alpaca
13:37:47  Wrote 97 gappers (97 kept): ['YMAT', 'JZXN', 'SUNE', 'AARD', 'NVVE', 'PLBL', 'FGI', 'SNAL', 'WOK', 'KXIN', 'CBRG', 'RPID', 'CBRX', 'WNW', 'CRE', 'METG', 'UFI', 'BNED', 'PCSA', 'QBTZ']
13:38:35  universe: 81 from IBKR scanner + 57 extra from Alpaca
13:38:39  Wrote 97 gappers (97 kept): ['YMAT', 'JZXN', 'SUNE', 'AARD', 'NVVE', 'PLBL', 'FGI', 'SNAL', 'WOK', 'CBRG', 'RPID', 'KXIN', 'WNW', 'CBRX', 'CRE', 'METG', 'UFI', 'QBTZ', 'PCSA', 'CRCA']
13:39:26  universe: 80 from IBKR scanner + 56 extra from Alpaca
13:39:31  Wrote 97 gappers (97 kept): ['YMAT', 'JZXN', 'SUNE', 'AARD', 'NVVE', 'PLBL', 'FGI', 'SNAL', 'CBRG', 'RPID', 'WOK', 'KXIN', 'WNW', 'CBRX', 'CRE', 'METG', 'UFI', 'CRCA', 'QBTZ', 'PCSA']
13:40:17  universe: 82 from IBKR scanner + 57 extra from Alpaca
13:40:25  Wrote 97 gappers (97 kept): ['YMAT', 'JZXN', 'SUNE', 'AARD', 'NVVE', 'PLBL', 'FGI', 'SNAL', 'RPID', 'CBRG', 'KXIN', 'WNW', 'CBRX', 'WOK', 'CRE', 'METG', 'QBTZ', 'UFI', 'PCSA', 'LABD']
13:41:12  universe: 82 from IBKR scanner + 57 extra from Alpaca
13:41:19  Wrote 97 gappers (97 kept): ['YMAT', 'JZXN', 'AARD', 'SUNE', 'NVVE', 'PLBL', 'FGI', 'SNAL', 'RPID', 'WNW', 'KXIN', 'CBRG', 'WOK', 'CBRX', 'CRE', 'PCSA', 'METG', 'QBTZ', 'UFI', 'CRCA']
13:42:06  universe: 81 from IBKR scanner + 57 extra from Alpaca
13:42:12  Wrote 97 gappers (97 kept): ['YMAT', 'JZXN', 'SUNE', 'AARD', 'NVVE', 'PLBL', 'FGI', 'SNAL', 'RPID', 'KXIN', 'CBRG', 'CBRX', 'WNW', 'WOK', 'PCSA', 'CRE', 'METG', 'QBTZ', 'UFI', 'LABD']
13:42:59  universe: 81 from IBKR scanner + 57 extra from Alpaca
13:43:04  Wrote 97 gappers (97 kept): ['YMAT', 'JZXN', 'SUNE', 'AARD', 'NVVE', 'PLBL', 'FGI', 'SNAL', 'RPID', 'CBRG', 'KXIN', 'WNW', 'CBRX', 'WOK', 'PCSA', 'CRE', 'METG', 'QBTZ', 'UFI', 'LABD']
13:43:51  universe: 81 from IBKR scanner + 57 extra from Alpaca
13:43:55  Wrote 97 gappers (97 kept): ['YMAT', 'JZXN', 'SUNE', 'AARD', 'NVVE', 'PLBL', 'FGI', 'SNAL', 'RPID', 'KXIN', 'CBRG', 'WNW', 'CBRX', 'WOK', 'CRE', 'METG', 'PCSA', 'QBTZ', 'UFI', 'LABD']
13:44:41  universe: 81 from IBKR scanner + 56 extra from Alpaca
13:44:45  Wrote 97 gappers (97 kept): ['YMAT', 'JZXN', 'SUNE', 'AARD', 'NVVE', 'PLBL', 'FGI', 'SNAL', 'RPID', 'CBRG', 'KXIN', 'WNW', 'CBRX', 'WOK', 'METG', 'PCSA', 'QBTZ', 'UFI', 'CRE', 'LABD']
13:45:32  universe: 81 from IBKR scanner + 56 extra from Alpaca
13:45:38  Wrote 97 gappers (97 kept): ['YMAT', 'JZXN', 'SUNE', 'AARD', 'NVVE', 'PLBL', 'FGI', 'SNAL', 'CBRG', 'KXIN', 'RPID', 'WNW', 'CBRX', 'WOK', 'YYAI', 'METG', 'PCSA', 'QBTZ', 'CRE', 'CRCA']
13:46:25  universe: 81 from IBKR scanner + 56 extra from Alpaca
13:46:30  Wrote 97 gappers (97 kept): ['YMAT', 'JZXN', 'SUNE', 'AARD', 'NVVE', 'PLBL', 'SNAL', 'FGI', 'CBRG', 'RPID', 'WNW', 'CBRX', 'KXIN', 'WOK', 'YYAI', 'METG', 'PCSA', 'QBTZ', 'CRCA', 'CRE']
13:47:18  universe: 82 from IBKR scanner + 57 extra from Alpaca
13:47:23  Wrote 97 gappers (97 kept): ['YMAT', 'JZXN', 'SUNE', 'AARD', 'NVVE', 'PLBL', 'FGI', 'SNAL', 'RPID', 'CBRG', 'WNW', 'CBRX', 'KXIN', 'WOK', 'YYAI', 'METG', 'PCSA', 'CRE', 'CRCA', 'QBTZ']
13:48:10  universe: 82 from IBKR scanner + 56 extra from Alpaca
13:48:14  Wrote 97 gappers (97 kept): ['YMAT', 'JZXN', 'SUNE', 'AARD', 'NVVE', 'PLBL', 'SNAL', 'FGI', 'RPID', 'CBRG', 'WNW', 'CBRX', 'KXIN', 'YYAI', 'METG', 'PCSA', 'QBTZ', 'CRE', 'WOK', 'CRCA']
13:49:01  universe: 82 from IBKR scanner + 56 extra from Alpaca
13:49:05  Wrote 98 gappers (98 kept): ['YMAT', 'JZXN', 'SUNE', 'AARD', 'NVVE', 'PLBL', 'SNAL', 'FGI', 'CBRG', 'RPID', 'WNW', 'CBRX', 'KXIN', 'WOK', 'CRE', 'METG', 'PCSA', 'QBTZ', 'CRCA', 'LABD']
13:49:52  universe: 83 from IBKR scanner + 56 extra from Alpaca
13:49:55  Wrote 99 gappers (99 kept): ['YMAT', 'JZXN', 'SUNE', 'AARD', 'NVVE', 'PLBL', 'SNAL', 'FGI', 'CBRG', 'RPID', 'CBRX', 'WNW', 'WOK', 'KXIN', 'CRE', 'METG', 'PCSA', 'QBTZ', 'BNED', 'LABD']
13:50:42  universe: 82 from IBKR scanner + 55 extra from Alpaca
13:50:47  Wrote 99 gappers (99 kept): ['YMAT', 'JZXN', 'SUNE', 'AARD', 'NVVE', 'PLBL', 'SNAL', 'FGI', 'CBRG', 'RPID', 'WNW', 'CBRX', 'UBXG', 'WOK', 'KXIN', 'CRE', 'METG', 'PCSA', 'QBTZ', 'BNED']
13:51:33  universe: 82 from IBKR scanner + 55 extra from Alpaca
13:51:39  Wrote 99 gappers (99 kept): ['YMAT', 'JZXN', 'SUNE', 'AARD', 'NVVE', 'PLBL', 'FGI', 'SNAL', 'RPID', 'WNW', 'CBRX', 'CBRG', 'KXIN', 'WOK', 'YYAI', 'CRE', 'METG', 'PCSA', 'QBTZ', 'UBXG']
13:52:25  universe: 82 from IBKR scanner + 55 extra from Alpaca
13:52:30  Wrote 99 gappers (99 kept): ['YMAT', 'JZXN', 'SUNE', 'AARD', 'NVVE', 'PLBL', 'FGI', 'SNAL', 'RPID', 'CBRX', 'CBRG', 'WNW', 'KXIN', 'WOK', 'YYAI', 'CRE', 'METG', 'PCSA', 'QBTZ', 'UBXG']
13:53:17  universe: 82 from IBKR scanner + 55 extra from Alpaca
13:53:22  Wrote 99 gappers (99 kept): ['YMAT', 'JZXN', 'SUNE', 'AARD', 'NVVE', 'PLBL', 'FGI', 'SNAL', 'RPID', 'CBRX', 'CBRG', 'WNW', 'KXIN', 'WOK', 'YYAI', 'METG', 'PCSA', 'QBTZ', 'BNED', 'CRE']
13:54:09  universe: 81 from IBKR scanner + 55 extra from Alpaca
13:54:13  Wrote 99 gappers (99 kept): ['YMAT', 'JZXN', 'SUNE', 'AARD', 'NVVE', 'PLBL', 'FGI', 'SNAL', 'RPID', 'KXIN', 'CBRX', 'CBRG', 'WNW', 'YYAI', 'WOK', 'CRE', 'PCSA', 'METG', 'QBTZ', 'BNED']
13:55:01  universe: 82 from IBKR scanner + 55 extra from Alpaca
13:55:07  Wrote 99 gappers (99 kept): ['YMAT', 'JZXN', 'NVVE', 'SUNE', 'AARD', 'PLBL', 'FGI', 'SNAL', 'RPID', 'KXIN', 'CBRG', 'WNW', 'CBRX', 'WOK', 'UBXG', 'YYAI', 'PCSA', 'CRE', 'METG', 'QBTZ']
13:55:54  universe: 82 from IBKR scanner + 55 extra from Alpaca
13:55:58  Wrote 101 gappers (101 kept): ['YMAT', 'JZXN', 'NVVE', 'SUNE', 'AARD', 'PLBL', 'SNAL', 'FGI', 'RPID', 'KXIN', 'WNW', 'CBRX', 'CBRG', 'WOK', 'YYAI', 'CRE', 'PCSA', 'UBXG', 'METG', 'QBTZ']
13:56:45  universe: 82 from IBKR scanner + 54 extra from Alpaca
13:56:49  Wrote 101 gappers (101 kept): ['YMAT', 'JZXN', 'SUNE', 'NVVE', 'AARD', 'PLBL', 'SNAL', 'FGI', 'RPID', 'KXIN', 'WNW', 'CBRG', 'CBRX', 'WOK', 'CRE', 'UBXG', 'YYAI', 'PCSA', 'QBTZ', 'METG']
13:57:36  universe: 82 from IBKR scanner + 54 extra from Alpaca
13:57:40  Wrote 101 gappers (101 kept): ['YMAT', 'JZXN', 'SUNE', 'NVVE', 'AARD', 'PLBL', 'SNAL', 'FGI', 'RPID', 'KXIN', 'CBRG', 'CBRX', 'WNW', 'CRE', 'WOK', 'UBXG', 'YYAI', 'BNED', 'PCSA', 'METG']
13:58:27  universe: 83 from IBKR scanner + 56 extra from Alpaca
13:58:31  Wrote 102 gappers (102 kept): ['YMAT', 'JZXN', 'SUNE', 'NVVE', 'AARD', 'PLBL', 'SNAL', 'RPID', 'FGI', 'KXIN', 'WNW', 'CBRG', 'CBRX', 'CRE', 'WOK', 'UBXG', 'BNED', 'PCSA', 'METG', 'NA']
13:59:17  universe: 83 from IBKR scanner + 55 extra from Alpaca
13:59:22  Wrote 101 gappers (101 kept): ['YMAT', 'JZXN', 'SUNE', 'NVVE', 'AARD', 'PLBL', 'SNAL', 'FGI', 'KXIN', 'RPID', 'WNW', 'CBRG', 'CBRX', 'UBXG', 'WOK', 'BNED', 'CRE', 'PCSA', 'CRCA', 'METG']
14:00:08  universe: 81 from IBKR scanner + 56 extra from Alpaca
14:00:15  Wrote 101 gappers (101 kept): ['YMAT', 'JZXN', 'AARD', 'NVVE', 'SUNE', 'SNAL', 'PLBL', 'FGI', 'KXIN', 'RPID', 'WNW', 'CBRX', 'CBRG', 'WOK', 'UBXG', 'BNED', 'METG', 'CRE', 'YYAI', 'CRCA']
14:01:02  universe: 81 from IBKR scanner + 55 extra from Alpaca
14:01:09  Wrote 101 gappers (101 kept): ['YMAT', 'JZXN', 'SUNE', 'AARD', 'NVVE', 'KXIN', 'PLBL', 'SNAL', 'FGI', 'RPID', 'CBRX', 'CBRG', 'UBXG', 'BNED', 'WNW', 'WOK', 'METG', 'CRE', 'YYAI', 'CRCA']
14:01:56  universe: 81 from IBKR scanner + 55 extra from Alpaca
14:02:00  Wrote 101 gappers (101 kept): ['YMAT', 'JZXN', 'SUNE', 'AARD', 'NVVE', 'KXIN', 'PLBL', 'SNAL', 'FGI', 'RPID', 'CBRX', 'CBRG', 'UBXG', 'BNED', 'WNW', 'WOK', 'METG', 'YYAI', 'BEZ', 'CRE']
14:02:55  universe: 81 from IBKR scanner + 55 extra from Alpaca
14:02:59  Wrote 101 gappers (101 kept): ['YMAT', 'JZXN', 'AARD', 'SUNE', 'NVVE', 'KXIN', 'SNAL', 'PLBL', 'FGI', 'RPID', 'CBRX', 'CBRG', 'UBXG', 'BNED', 'WNW', 'WOK', 'METG', 'YYAI', 'RYOJ', 'QBTZ']
14:03:46  universe: 81 from IBKR scanner + 55 extra from Alpaca
14:03:49  Wrote 101 gappers (101 kept): ['YMAT', 'JZXN', 'AARD', 'SUNE', 'NVVE', 'SNAL', 'FGI', 'PLBL', 'RPID', 'CBRX', 'CBRG', 'KXIN', 'UBXG', 'BNED', 'WNW', 'WOK', 'METG', 'YYAI', 'RYOJ', 'QBTZ']
14:04:36  universe: 81 from IBKR scanner + 55 extra from Alpaca
14:04:39  Wrote 101 gappers (101 kept): ['YMAT', 'JZXN', 'AARD', 'SUNE', 'NVVE', 'FGI', 'PLBL', 'SNAL', 'RPID', 'CBRX', 'CBRG', 'UBXG', 'BNED', 'WNW', 'KXIN', 'WOK', 'METG', 'YYAI', 'CRCA', 'CRCG']
14:05:26  universe: 81 from IBKR scanner + 55 extra from Alpaca
14:05:30  Wrote 102 gappers (102 kept): ['YMAT', 'JZXN', 'AARD', 'NVVE', 'SUNE', 'FGI', 'PLBL', 'SNAL', 'RPID', 'CBRG', 'CBRX', 'UBXG', 'BNED', 'WNW', 'KXIN', 'RYOJ', 'WOK', 'METG', 'YYAI', 'CRCA']
14:06:17  universe: 81 from IBKR scanner + 55 extra from Alpaca
14:06:21  Wrote 102 gappers (102 kept): ['YMAT', 'JZXN', 'AARD', 'NVVE', 'SUNE', 'PLBL', 'FGI', 'SNAL', 'CBRG', 'RPID', 'CBRX', 'KXIN', 'UBXG', 'BNED', 'WNW', 'WOK', 'METG', 'YYAI', 'CRCA', 'BEZ']
14:07:08  universe: 81 from IBKR scanner + 56 extra from Alpaca
14:07:11  Wrote 102 gappers (102 kept): ['YMAT', 'JZXN', 'NVVE', 'AARD', 'SUNE', 'PLBL', 'FGI', 'SNAL', 'RPID', 'CBRG', 'CBRX', 'KXIN', 'UBXG', 'BNED', 'WNW', 'WOK', 'METG', 'YYAI', 'CRCA', 'RYOJ']
14:07:58  universe: 81 from IBKR scanner + 56 extra from Alpaca
14:08:01  Wrote 101 gappers (101 kept): ['YMAT', 'NVVE', 'AARD', 'SUNE', 'PLBL', 'FGI', 'SNAL', 'RPID', 'CBRG', 'CBRX', 'KXIN', 'UBXG', 'BNED', 'WNW', 'RYOJ', 'WOK', 'METG', 'YYAI', 'CRCA', 'BEZ']
14:08:47  universe: 81 from IBKR scanner + 56 extra from Alpaca
14:08:50  Wrote 101 gappers (101 kept): ['YMAT', 'NVVE', 'AARD', 'SUNE', 'PLBL', 'FGI', 'SNAL', 'RPID', 'CBRG', 'CBRX', 'KXIN', 'UBXG', 'BNED', 'WNW', 'WOK', 'RYOJ', 'METG', 'YYAI', 'CRCA', 'BEZ']
14:09:37  universe: 81 from IBKR scanner + 56 extra from Alpaca
14:09:39  Wrote 101 gappers (101 kept): ['YMAT', 'NVVE', 'AARD', 'SUNE', 'PLBL', 'FGI', 'SNAL', 'RPID', 'CBRG', 'CBRX', 'KXIN', 'BNED', 'UBXG', 'WNW', 'WOK', 'RYOJ', 'METG', 'YYAI', 'CRCA', 'BEZ']
14:10:26  universe: 81 from IBKR scanner + 56 extra from Alpaca
14:10:29  Wrote 101 gappers (101 kept): ['YMAT', 'NVVE', 'AARD', 'SUNE', 'PLBL', 'FGI', 'SNAL', 'RPID', 'CBRG', 'CBRX', 'KXIN', 'BNED', 'WNW', 'RYOJ', 'METG', 'YYAI', 'WOK', 'UBXG', 'CRCA', 'LABD']
14:11:16  universe: 81 from IBKR scanner + 55 extra from Alpaca
14:11:19  Wrote 102 gappers (102 kept): ['YMAT', 'JZXN', 'NVVE', 'AARD', 'SUNE', 'PLBL', 'FGI', 'SNAL', 'RPID', 'CBRG', 'CBRX', 'KXIN', 'BNED', 'RYOJ', 'WNW', 'METG', 'YYAI', 'UBXG', 'CRCA', 'LABD']
14:12:05  universe: 81 from IBKR scanner + 55 extra from Alpaca
14:12:08  Wrote 101 gappers (101 kept): ['YMAT', 'NVVE', 'AARD', 'SUNE', 'PLBL', 'FGI', 'SNAL', 'RPID', 'CBRG', 'CBRX', 'KXIN', 'BNED', 'RYOJ', 'WNW', 'METG', 'YYAI', 'UBXG', 'CRCA', 'LABD', 'QBTZ']
14:12:55  universe: 81 from IBKR scanner + 56 extra from Alpaca
14:12:58  Wrote 101 gappers (101 kept): ['YMAT', 'NVVE', 'AARD', 'SUNE', 'PLBL', 'FGI', 'SNAL', 'RPID', 'CBRG', 'CBRX', 'KXIN', 'UBXG', 'BNED', 'RYOJ', 'WNW', 'METG', 'YYAI', 'LABD', 'CRCA', 'QBTZ']
14:13:44  universe: 81 from IBKR scanner + 56 extra from Alpaca
14:13:47  Wrote 101 gappers (101 kept): ['YMAT', 'NVVE', 'AARD', 'SUNE', 'PLBL', 'FGI', 'SNAL', 'RPID', 'CBRG', 'CBRX', 'KXIN', 'UBXG', 'BNED', 'WNW', 'METG', 'YYAI', 'LABD', 'CRCA', 'QBTZ', 'CRCG']
14:14:34  universe: 81 from IBKR scanner + 56 extra from Alpaca
14:14:36  Wrote 101 gappers (101 kept): ['YMAT', 'AARD', 'NVVE', 'SUNE', 'PLBL', 'FGI', 'SNAL', 'RPID', 'CBRG', 'CBRX', 'KXIN', 'UBXG', 'BNED', 'WNW', 'METG', 'YYAI', 'WOK', 'LABD', 'CRCA', 'QBTZ']
14:15:30  universe: 82 from IBKR scanner + 56 extra from Alpaca
14:15:45  snapshot chunk failed: HTTPSConnectionPool(host='data.alpaca.markets', port=443): Read timed out. (read timeout=15)
14:15:57  Wrote 80 gappers (80 kept): ['YMAT', 'AARD', 'NVVE', 'FGI', 'SNAL', 'KXIN', 'UBXG', 'BNED', 'WNW', 'METG', 'YYAI', 'CRCA', 'QBTZ', 'PCSA', 'WOK', 'CRCG', 'CRE', 'UFI', 'BEZ', 'ZKH']
14:16:44  universe: 82 from IBKR scanner + 56 extra from Alpaca
14:16:47  Wrote 89 gappers (89 kept): ['YMAT', 'AARD', 'NVVE', 'SUNE', 'PLBL', 'FGI', 'SNAL', 'RPID', 'CBRG', 'CBRX', 'KXIN', 'UBXG', 'BNED', 'WNW', 'METG', 'YYAI', 'LABD', 'WOK', 'QBTZ', 'PCSA']
14:17:34  universe: 82 from IBKR scanner + 56 extra from Alpaca
14:17:36  Wrote 90 gappers (90 kept): ['YMAT', 'JZXN', 'AARD', 'NVVE', 'SUNE', 'PLBL', 'FGI', 'RPID', 'CBRG', 'CBRX', 'KXIN', 'SNAL', 'UBXG', 'BNED', 'WNW', 'METG', 'YYAI', 'LABD', 'QBTZ', 'PCSA']
14:18:23  universe: 81 from IBKR scanner + 55 extra from Alpaca
14:18:26  Wrote 90 gappers (90 kept): ['YMAT', 'JZXN', 'AARD', 'NVVE', 'SUNE', 'PLBL', 'FGI', 'RPID', 'CBRG', 'CBRX', 'KXIN', 'SNAL', 'UBXG', 'BNED', 'WNW', 'METG', 'YYAI', 'LABD', 'QBTZ', 'PCSA']
14:19:12  universe: 81 from IBKR scanner + 55 extra from Alpaca
14:19:15  Wrote 89 gappers (89 kept): ['YMAT', 'AARD', 'NVVE', 'SUNE', 'PLBL', 'FGI', 'RPID', 'CBRG', 'CBRX', 'KXIN', 'UBXG', 'SNAL', 'BNED', 'WNW', 'METG', 'YYAI', 'LABD', 'QBTZ', 'CRCA', 'PCSA']
14:20:02  universe: 82 from IBKR scanner + 56 extra from Alpaca
14:20:05  Wrote 89 gappers (89 kept): ['YMAT', 'AARD', 'NVVE', 'SUNE', 'PLBL', 'FGI', 'SNAL', 'RPID', 'CBRG', 'CBRX', 'KXIN', 'UBXG', 'BNED', 'WNW', 'METG', 'YYAI', 'LABD', 'QBTZ', 'CRCA', 'PCSA']
14:20:52  universe: 81 from IBKR scanner + 55 extra from Alpaca
14:20:55  Wrote 90 gappers (90 kept): ['YMAT', 'JZXN', 'AARD', 'NVVE', 'SUNE', 'PLBL', 'FGI', 'SNAL', 'RPID', 'CBRX', 'CBRG', 'KXIN', 'UBXG', 'WNW', 'BNED', 'METG', 'YYAI', 'LABD', 'CRCA', 'QBTZ']
14:21:41  universe: 81 from IBKR scanner + 55 extra from Alpaca
14:21:44  Wrote 90 gappers (90 kept): ['YMAT', 'JZXN', 'AARD', 'NVVE', 'SUNE', 'PLBL', 'FGI', 'RPID', 'CBRX', 'CBRG', 'KXIN', 'SNAL', 'UBXG', 'WNW', 'BNED', 'METG', 'YYAI', 'LABD', 'WOK', 'QBTZ']
14:22:30  universe: 82 from IBKR scanner + 56 extra from Alpaca
14:22:33  Wrote 89 gappers (89 kept): ['YMAT', 'AARD', 'NVVE', 'SUNE', 'PLBL', 'FGI', 'RPID', 'CBRX', 'CBRG', 'KXIN', 'SNAL', 'UBXG', 'WNW', 'BNED', 'METG', 'YYAI', 'LABD', 'QBTZ', 'CRCA', 'PCSA']
14:23:20  universe: 81 from IBKR scanner + 55 extra from Alpaca
14:23:23  Wrote 89 gappers (89 kept): ['YMAT', 'AARD', 'NVVE', 'SUNE', 'PLBL', 'FGI', 'RPID', 'CBRX', 'CBRG', 'SNAL', 'UBXG', 'WNW', 'BNED', 'KXIN', 'METG', 'LABD', 'QBTZ', 'CRCA', 'PCSA', 'LTRN']
14:24:09  universe: 82 from IBKR scanner + 56 extra from Alpaca
14:24:12  Wrote 89 gappers (89 kept): ['YMAT', 'AARD', 'NVVE', 'SUNE', 'PLBL', 'FGI', 'RPID', 'CBRG', 'CBRX', 'SNAL', 'UBXG', 'WNW', 'BNED', 'METG', 'KXIN', 'LABD', 'QBTZ', 'CRCA', 'CRCG', 'PCSA']
14:24:59  universe: 82 from IBKR scanner + 56 extra from Alpaca
14:25:01  Wrote 89 gappers (89 kept): ['YMAT', 'AARD', 'NVVE', 'SUNE', 'PLBL', 'FGI', 'RPID', 'CBRG', 'CBRX', 'UBXG', 'SNAL', 'WNW', 'BNED', 'METG', 'KXIN', 'LABD', 'QBTZ', 'CRCA', 'CRCG', 'PCSA']
14:25:48  universe: 82 from IBKR scanner + 56 extra from Alpaca
14:25:51  Wrote 89 gappers (89 kept): ['YMAT', 'AARD', 'NVVE', 'SUNE', 'PLBL', 'FGI', 'RPID', 'CBRG', 'CBRX', 'SNAL', 'UBXG', 'WNW', 'BNED', 'METG', 'KXIN', 'LABD', 'QBTZ', 'CRCA', 'PCSA', 'LTRN']
14:26:38  universe: 82 from IBKR scanner + 56 extra from Alpaca
14:26:40  Wrote 89 gappers (89 kept): ['YMAT', 'AARD', 'NVVE', 'SUNE', 'PLBL', 'FGI', 'RPID', 'CBRG', 'CBRX', 'UBXG', 'SNAL', 'WNW', 'BNED', 'METG', 'KXIN', 'LABD', 'QBTZ', 'CRCA', 'PCSA', 'LTRN']
14:27:27  universe: 82 from IBKR scanner + 56 extra from Alpaca
14:27:30  Wrote 89 gappers (89 kept): ['YMAT', 'AARD', 'NVVE', 'SUNE', 'PLBL', 'FGI', 'RPID', 'CBRG', 'CBRX', 'SNAL', 'UBXG', 'WNW', 'BNED', 'METG', 'KXIN', 'LABD', 'QBTZ', 'CRCA', 'PCSA', 'LTRN']
14:28:16  universe: 82 from IBKR scanner + 56 extra from Alpaca
14:28:19  Wrote 90 gappers (90 kept): ['YMAT', 'AARD', 'NVVE', 'SUNE', 'PLBL', 'MIMI', 'FGI', 'RPID', 'CBRG', 'CBRX', 'SNAL', 'UBXG', 'WNW', 'BNED', 'METG', 'KXIN', 'LABD', 'QBTZ', 'CRCA', 'PCSA']
14:29:05  universe: 82 from IBKR scanner + 56 extra from Alpaca
14:29:08  Wrote 90 gappers (90 kept): ['YMAT', 'AARD', 'NVVE', 'SUNE', 'PLBL', 'FGI', 'MIMI', 'RPID', 'CBRG', 'CBRX', 'SNAL', 'UBXG', 'WNW', 'BNED', 'METG', 'KXIN', 'LABD', 'QBTZ', 'CRCA', 'PCSA']
14:29:55  universe: 82 from IBKR scanner + 56 extra from Alpaca
14:29:58  Wrote 90 gappers (90 kept): ['YMAT', 'AARD', 'NVVE', 'SUNE', 'MIMI', 'PLBL', 'FGI', 'RPID', 'CBRG', 'CBRX', 'SNAL', 'UBXG', 'WNW', 'BNED', 'METG', 'KXIN', 'LABD', 'QBTZ', 'CRCA', 'PCSA']
14:30:45  universe: 82 from IBKR scanner + 56 extra from Alpaca
14:30:49  Wrote 90 gappers (90 kept): ['YMAT', 'AARD', 'NVVE', 'SUNE', 'MIMI', 'PLBL', 'FGI', 'RPID', 'CBRG', 'CBRX', 'SNAL', 'UBXG', 'WNW', 'BNED', 'METG', 'KXIN', 'LABD', 'QBTZ', 'CRCA', 'PCSA']
14:31:36  universe: 82 from IBKR scanner + 56 extra from Alpaca
14:31:39  Wrote 90 gappers (90 kept): ['YMAT', 'AARD', 'NVVE', 'SUNE', 'MIMI', 'PLBL', 'FGI', 'RPID', 'CBRG', 'CBRX', 'SNAL', 'UBXG', 'WNW', 'BNED', 'METG', 'KXIN', 'LABD', 'QBTZ', 'CRCA', 'PCSA']
14:32:25  universe: 82 from IBKR scanner + 56 extra from Alpaca
14:32:28  Wrote 90 gappers (90 kept): ['YMAT', 'AARD', 'NVVE', 'SUNE', 'MIMI', 'PLBL', 'FGI', 'RPID', 'CBRG', 'CBRX', 'SNAL', 'WNW', 'BNED', 'METG', 'KXIN', 'LABD', 'UBXG', 'QBTZ', 'CRCA', 'PCSA']
14:33:14  universe: 82 from IBKR scanner + 56 extra from Alpaca
14:33:17  Wrote 90 gappers (90 kept): ['YMAT', 'AARD', 'NVVE', 'SUNE', 'MIMI', 'PLBL', 'FGI', 'RPID', 'CBRG', 'CBRX', 'SNAL', 'WNW', 'BNED', 'KXIN', 'METG', 'LABD', 'WOK', 'UBXG', 'QBTZ', 'CRCA']
14:34:04  universe: 82 from IBKR scanner + 56 extra from Alpaca
14:34:07  Wrote 90 gappers (90 kept): ['YMAT', 'AARD', 'NVVE', 'SUNE', 'MIMI', 'PLBL', 'FGI', 'RPID', 'SNAL', 'CBRG', 'CBRX', 'WNW', 'BNED', 'KXIN', 'METG', 'LABD', 'UBXG', 'QBTZ', 'CRCA', 'PCSA']
14:34:54  universe: 82 from IBKR scanner + 56 extra from Alpaca
14:34:56  Wrote 90 gappers (90 kept): ['YMAT', 'AARD', 'NVVE', 'SUNE', 'MIMI', 'PLBL', 'FGI', 'RPID', 'SNAL', 'CBRG', 'CBRX', 'WNW', 'BNED', 'KXIN', 'METG', 'LABD', 'UBXG', 'QBTZ', 'CRCA', 'PCSA']
14:35:43  universe: 82 from IBKR scanner + 56 extra from Alpaca
14:35:46  Wrote 90 gappers (90 kept): ['YMAT', 'AARD', 'NVVE', 'SUNE', 'MIMI', 'PLBL', 'FGI', 'RPID', 'CBRG', 'SNAL', 'CBRX', 'WNW', 'BNED', 'KXIN', 'METG', 'UBXG', 'CRCA', 'LABD', 'QBTZ', 'CRCG']
14:36:32  universe: 82 from IBKR scanner + 56 extra from Alpaca
14:36:35  Wrote 90 gappers (90 kept): ['YMAT', 'AARD', 'NVVE', 'SUNE', 'MIMI', 'PLBL', 'FGI', 'RPID', 'CBRG', 'SNAL', 'CBRX', 'WNW', 'BNED', 'KXIN', 'METG', 'UBXG', 'CRCA', 'LABD', 'WOK', 'QBTZ']
14:37:21  universe: 82 from IBKR scanner + 56 extra from Alpaca
14:37:24  Wrote 90 gappers (90 kept): ['YMAT', 'AARD', 'NVVE', 'SUNE', 'MIMI', 'PLBL', 'FGI', 'RPID', 'CBRG', 'CBRX', 'SNAL', 'WNW', 'BNED', 'KXIN', 'METG', 'CRCA', 'UBXG', 'LABD', 'WOK', 'QBTZ']
14:38:10  universe: 82 from IBKR scanner + 56 extra from Alpaca
14:38:13  Wrote 90 gappers (90 kept): ['YMAT', 'AARD', 'NVVE', 'SUNE', 'MIMI', 'PLBL', 'FGI', 'RPID', 'CBRG', 'CBRX', 'SNAL', 'WNW', 'BNED', 'KXIN', 'METG', 'CRCA', 'UBXG', 'LABD', 'WOK', 'QBTZ']
14:39:00  universe: 82 from IBKR scanner + 56 extra from Alpaca
14:39:02  Wrote 90 gappers (90 kept): ['YMAT', 'AARD', 'NVVE', 'SUNE', 'PLBL', 'FGI', 'MIMI', 'RPID', 'CBRG', 'CBRX', 'SNAL', 'WNW', 'BNED', 'KXIN', 'METG', 'UBXG', 'CRCA', 'LABD', 'QBTZ', 'CRCG']
14:39:49  universe: 82 from IBKR scanner + 56 extra from Alpaca
14:39:51  Wrote 90 gappers (90 kept): ['YMAT', 'AARD', 'NVVE', 'SUNE', 'PLBL', 'FGI', 'MIMI', 'RPID', 'CBRG', 'CBRX', 'SNAL', 'WNW', 'BNED', 'KXIN', 'METG', 'CRCA', 'LABD', 'WOK', 'QBTZ', 'PCSA']
14:40:38  universe: 82 from IBKR scanner + 56 extra from Alpaca
14:40:41  Wrote 91 gappers (91 kept): ['YMAT', 'AARD', 'NVVE', 'SUNE', 'QTTB', 'PLBL', 'FGI', 'MIMI', 'RPID', 'CBRG', 'CBRX', 'SNAL', 'WNW', 'BNED', 'KXIN', 'METG', 'CRCA', 'QBTZ', 'LABD', 'WOK']
14:41:27  universe: 82 from IBKR scanner + 56 extra from Alpaca
14:41:30  Wrote 91 gappers (91 kept): ['YMAT', 'AARD', 'NVVE', 'SUNE', 'QTTB', 'MIMI', 'PLBL', 'FGI', 'RPID', 'CBRG', 'CBRX', 'SNAL', 'WNW', 'BNED', 'KXIN', 'METG', 'QBTZ', 'LABD', 'CRCA', 'WOK']
14:42:18  universe: 81 from IBKR scanner + 55 extra from Alpaca
14:42:22  Wrote 92 gappers (92 kept): ['YMAT', 'JZXN', 'AARD', 'NVVE', 'SUNE', 'QTTB', 'PLBL', 'FGI', 'MIMI', 'RPID', 'CBRG', 'CBRX', 'SNAL', 'WNW', 'BNED', 'KXIN', 'METG', 'WOK', 'QBTZ', 'LABD']
14:43:08  universe: 82 from IBKR scanner + 56 extra from Alpaca
14:43:11  Wrote 91 gappers (91 kept): ['YMAT', 'AARD', 'NVVE', 'SUNE', 'QTTB', 'MIMI', 'PLBL', 'FGI', 'RPID', 'CBRG', 'CBRX', 'SNAL', 'WNW', 'BNED', 'KXIN', 'METG', 'WOK', 'QBTZ', 'LABD', 'CRCA']
14:43:57  universe: 82 from IBKR scanner + 56 extra from Alpaca
14:44:00  Wrote 91 gappers (91 kept): ['YMAT', 'AARD', 'NVVE', 'SUNE', 'QTTB', 'MIMI', 'PLBL', 'FGI', 'RPID', 'CBRG', 'CBRX', 'SNAL', 'WNW', 'BNED', 'KXIN', 'METG', 'CRCA', 'WOK', 'QBTZ', 'LABD']
14:44:47  universe: 82 from IBKR scanner + 56 extra from Alpaca
14:44:49  Wrote 91 gappers (91 kept): ['YMAT', 'AARD', 'NVVE', 'SUNE', 'QTTB', 'MIMI', 'PLBL', 'FGI', 'RPID', 'CBRG', 'CBRX', 'SNAL', 'WNW', 'BNED', 'KXIN', 'METG', 'CRCA', 'LABD', 'QBTZ', 'WOK']
14:45:36  universe: 82 from IBKR scanner + 56 extra from Alpaca
14:45:42  Wrote 91 gappers (91 kept): ['YMAT', 'AARD', 'NVVE', 'SUNE', 'QTTB', 'PLBL', 'MIMI', 'FGI', 'RPID', 'CBRG', 'CBRX', 'SNAL', 'WNW', 'BNED', 'KXIN', 'METG', 'WOK', 'CRCA', 'LABD', 'QBTZ']
14:46:31  universe: 82 from IBKR scanner + 56 extra from Alpaca
14:46:35  Wrote 91 gappers (91 kept): ['YMAT', 'AARD', 'NVVE', 'SUNE', 'QTTB', 'MIMI', 'PLBL', 'FGI', 'RPID', 'CBRG', 'CBRX', 'SNAL', 'WNW', 'BNED', 'KXIN', 'METG', 'WOK', 'CRCA', 'LABD', 'QBTZ']
14:47:48  movers fetch failed: HTTPSConnectionPool(host='data.alpaca.markets', port=443): Read timed out. (read timeout=15)
14:47:48  universe: 82 from IBKR scanner + 45 extra from Alpaca
14:47:52  Wrote 91 gappers (91 kept): ['YMAT', 'AARD', 'NVVE', 'SUNE', 'QTTB', 'PLBL', 'MIMI', 'FGI', 'RPID', 'CBRG', 'CBRX', 'SNAL', 'WNW', 'BNED', 'WOK', 'KXIN', 'METG', 'CRCA', 'LABD', 'QBTZ']
14:48:38  universe: 82 from IBKR scanner + 56 extra from Alpaca
14:48:41  Wrote 91 gappers (91 kept): ['YMAT', 'AARD', 'NVVE', 'SUNE', 'QTTB', 'MIMI', 'PLBL', 'FGI', 'RPID', 'CBRG', 'CBRX', 'SNAL', 'WNW', 'BNED', 'WOK', 'KXIN', 'METG', 'CRCA', 'LABD', 'QBTZ']
14:49:28  universe: 82 from IBKR scanner + 56 extra from Alpaca
14:49:30  Wrote 91 gappers (91 kept): ['YMAT', 'AARD', 'NVVE', 'SUNE', 'QTTB', 'PLBL', 'MIMI', 'FGI', 'RPID', 'CBRG', 'CBRX', 'SNAL', 'WNW', 'BNED', 'KXIN', 'METG', 'WOK', 'UFI', 'CRCA', 'QBTZ']
14:50:17  universe: 82 from IBKR scanner + 56 extra from Alpaca
14:50:20  Wrote 91 gappers (91 kept): ['YMAT', 'AARD', 'NVVE', 'SUNE', 'QTTB', 'PLBL', 'MIMI', 'FGI', 'RPID', 'CBRG', 'CBRX', 'SNAL', 'WNW', 'BNED', 'KXIN', 'METG', 'WOK', 'UFI', 'CRCA', 'QBTZ']
14:51:06  universe: 0 from IBKR scanner + 71 extra from Alpaca
14:51:08  Wrote 91 gappers (91 kept): ['YMAT', 'AARD', 'NVVE', 'SUNE', 'QTTB', 'PLBL', 'MIMI', 'FGI', 'RPID', 'CBRG', 'CBRX', 'SNAL', 'WNW', 'BNED', 'WOK', 'KXIN', 'METG', 'UFI', 'QBTZ', 'CRCA']
14:51:55  universe: 0 from IBKR scanner + 71 extra from Alpaca
14:51:57  Wrote 91 gappers (91 kept): ['YMAT', 'AARD', 'NVVE', 'SUNE', 'QTTB', 'MIMI', 'PLBL', 'FGI', 'RPID', 'CBRG', 'CBRX', 'SNAL', 'WNW', 'BNED', 'KXIN', 'METG', 'UFI', 'WOK', 'LABD', 'QBTZ']
14:52:43  universe: 0 from IBKR scanner + 71 extra from Alpaca
14:52:45  Wrote 91 gappers (91 kept): ['YMAT', 'AARD', 'NVVE', 'SUNE', 'MIMI', 'QTTB', 'PLBL', 'FGI', 'RPID', 'CBRG', 'CBRX', 'SNAL', 'WNW', 'BNED', 'KXIN', 'METG', 'WOK', 'UFI', 'LABD', 'QBTZ']
14:53:32  universe: 0 from IBKR scanner + 71 extra from Alpaca
14:53:34  Wrote 91 gappers (91 kept): ['YMAT', 'AARD', 'NVVE', 'SUNE', 'MIMI', 'QTTB', 'PLBL', 'FGI', 'RPID', 'CBRG', 'CBRX', 'SNAL', 'WNW', 'BNED', 'KXIN', 'METG', 'WOK', 'UFI', 'LABD', 'QBTZ']
14:54:20  universe: 0 from IBKR scanner + 71 extra from Alpaca
14:54:22  Wrote 91 gappers (91 kept): ['YMAT', 'AARD', 'NVVE', 'SUNE', 'MIMI', 'QTTB', 'PLBL', 'FGI', 'RPID', 'CBRG', 'CBRX', 'SNAL', 'RYOJ', 'BNED', 'WNW', 'KXIN', 'METG', 'WOK', 'UFI', 'LABD']
14:55:08  universe: 0 from IBKR scanner + 71 extra from Alpaca
14:55:11  Wrote 91 gappers (91 kept): ['YMAT', 'AARD', 'NVVE', 'SUNE', 'MIMI', 'PLBL', 'QTTB', 'FGI', 'RPID', 'CBRG', 'CBRX', 'SNAL', 'RYOJ', 'BNED', 'WNW', 'KXIN', 'METG', 'WOK', 'UFI', 'CRCA']
14:55:57  universe: 0 from IBKR scanner + 71 extra from Alpaca
14:55:59  Wrote 91 gappers (91 kept): ['YMAT', 'AARD', 'NVVE', 'SUNE', 'MIMI', 'QTTB', 'PLBL', 'FGI', 'RPID', 'CBRG', 'CBRX', 'SNAL', 'WOK', 'RYOJ', 'BNED', 'WNW', 'KXIN', 'METG', 'UFI', 'CRCA']
14:56:46  universe: 82 from IBKR scanner + 56 extra from Alpaca
14:56:49  Wrote 91 gappers (91 kept): ['YMAT', 'AARD', 'NVVE', 'SUNE', 'MIMI', 'PLBL', 'QTTB', 'FGI', 'RPID', 'CBRG', 'CBRX', 'SNAL', 'RYOJ', 'BNED', 'WNW', 'KXIN', 'METG', 'WOK', 'UFI', 'CRCA']
14:57:35  universe: 82 from IBKR scanner + 56 extra from Alpaca
14:57:38  Wrote 91 gappers (91 kept): ['YMAT', 'AARD', 'NVVE', 'SUNE', 'MIMI', 'QTTB', 'PLBL', 'FGI', 'RPID', 'CBRG', 'CBRX', 'UBXG', 'SNAL', 'RYOJ', 'BNED', 'WNW', 'KXIN', 'WOK', 'METG', 'UFI']
14:58:24  universe: 82 from IBKR scanner + 56 extra from Alpaca
14:58:26  Wrote 91 gappers (91 kept): ['YMAT', 'AARD', 'NVVE', 'SUNE', 'MIMI', 'QTTB', 'PLBL', 'FGI', 'UBXG', 'RPID', 'CBRG', 'CBRX', 'SNAL', 'WOK', 'RYOJ', 'BNED', 'WNW', 'KXIN', 'METG', 'UFI']
