[MOVE_SUB_A] Alpaca PAPER connected — account=PA3RRCLS7OMI equity=$5,206
[MOVE_SUB_A] starting consume loop
[MOVE_SUB_A] [04:00:34] connected to engine (/tmp/warrior_engine.sock) attempt=1
[MOVE_SUB_A] [04:01:34] STATS ticks=0 symbols=0 pos=no daily_pnl=+0 drops=0
[MOVE_SUB_A] [04:02:35] STATS ticks=0 symbols=0 pos=no daily_pnl=+0 drops=0
[MOVE_SUB_A] [04:03:35] STATS ticks=0 symbols=0 pos=no daily_pnl=+0 drops=0
[MOVE_SUB_A] [04:04:36] STATS ticks=0 symbols=0 pos=no daily_pnl=+0 drops=0
[MOVE_SUB_A] [04:05:20] new symbol RDGT — detector + movement_strike instantiated
[MOVE_SUB_A] [04:05:23] new symbol ADVB — detector + movement_strike instantiated
[MOVE_SUB_A] [04:05:26] new symbol SNXX — detector + movement_strike instantiated
[MOVE_SUB_A] [04:05:29] new symbol SNDG — detector + movement_strike instantiated
[MOVE_SUB_A] [04:05:32] new symbol AXTX — detector + movement_strike instantiated
[MOVE_SUB_A] [04:05:35] new symbol SKHX — detector + movement_strike instantiated
[MOVE_SUB_A] [04:05:37] STATS ticks=17 symbols=6 pos=no daily_pnl=+0 drops=0
[MOVE_SUB_A] [04:05:39] new symbol SKHL — detector + movement_strike instantiated
[MOVE_SUB_A] [04:05:41] new symbol RAM — detector + movement_strike instantiated
[MOVE_SUB_A] [04:05:45] new symbol NBIG — detector + movement_strike instantiated
[MOVE_SUB_A] [04:05:48] new symbol IRE — detector + movement_strike instantiated
[MOVE_SUB_A] [04:05:50] new symbol IREG — detector + movement_strike instantiated
[MOVE_SUB_A] [04:05:53] new symbol AAOX — detector + movement_strike instantiated
[MOVE_SUB_A] [04:05:56] new symbol CRCG — detector + movement_strike instantiated
[MOVE_SUB_A] [04:05:59] new symbol CRWU — detector + movement_strike instantiated
[MOVE_SUB_A] [04:06:02] new symbol IONL — detector + movement_strike instantiated
[MOVE_SUB_A] [04:06:05] new symbol MSTX — detector + movement_strike instantiated
[MOVE_SUB_A] [04:06:08] new symbol MSTU — detector + movement_strike instantiated
[MOVE_SUB_A] [04:06:11] new symbol RKLX — detector + movement_strike instantiated
[MOVE_SUB_A] [04:06:14] new symbol ASTX — detector + movement_strike instantiated
[MOVE_SUB_A] [04:06:17] new symbol CONL — detector + movement_strike instantiated
[MOVE_SUB_A] [04:06:39] STATS ticks=53 symbols=20 pos=no daily_pnl=+0 drops=0
[MOVE_SUB_A] [04:07:40] STATS ticks=53 symbols=20 pos=no daily_pnl=+0 drops=0
[MOVE_SUB_A] [04:08:42] STATS ticks=53 symbols=20 pos=no daily_pnl=+0 drops=0
[MOVE_SUB_A] [04:09:43] STATS ticks=53 symbols=20 pos=no daily_pnl=+0 drops=0
[MOVE_SUB_A] [04:10:43] STATS ticks=70 symbols=20 pos=no daily_pnl=+0 drops=0
[MOVE_SUB_A] [04:11:14] new symbol BMNU — detector + movement_strike instantiated
[MOVE_SUB_A] [04:11:46] STATS ticks=93 symbols=21 pos=no daily_pnl=+0 drops=0
[MOVE_SUB_A] [04:12:48] STATS ticks=93 symbols=21 pos=no daily_pnl=+0 drops=0
[MOVE_SUB_A] [04:13:49] STATS ticks=93 symbols=21 pos=no daily_pnl=+0 drops=0
[MOVE_SUB_A] [04:14:51] STATS ticks=93 symbols=21 pos=no daily_pnl=+0 drops=0
[MOVE_SUB_A] [04:15:34] new symbol DRAL — detector + movement_strike instantiated
[MOVE_SUB_A] [04:15:49] new symbol IREX — detector + movement_strike instantiated
[MOVE_SUB_A] [04:15:52] STATS ticks=113 symbols=23 pos=no daily_pnl=+0 drops=0
[MOVE_SUB_A] [04:15:57] new symbol CRCA — detector + movement_strike instantiated
[MOVE_SUB_A] [04:16:06] new symbol RDWU — detector + movement_strike instantiated
[MOVE_SUB_A] [04:16:54] STATS ticks=130 symbols=25 pos=no daily_pnl=+0 drops=0
[MOVE_SUB_A] [04:17:55] STATS ticks=130 symbols=25 pos=no daily_pnl=+0 drops=0
[MOVE_SUB_A] [04:18:56] STATS ticks=130 symbols=25 pos=no daily_pnl=+0 drops=0
[MOVE_SUB_A] [04:19:58] STATS ticks=130 symbols=25 pos=no daily_pnl=+0 drops=0
[MOVE_SUB_A] [04:20:50] new symbol GLWG — detector + movement_strike instantiated
[MOVE_SUB_A] [04:20:59] STATS ticks=157 symbols=26 pos=no daily_pnl=+0 drops=0
[MOVE_SUB_A] [04:22:01] STATS ticks=170 symbols=26 pos=no daily_pnl=+0 drops=0
[MOVE_SUB_A] [04:23:02] STATS ticks=170 symbols=26 pos=no daily_pnl=+0 drops=0
[MOVE_SUB_A] [04:24:04] STATS ticks=170 symbols=26 pos=no daily_pnl=+0 drops=0
[MOVE_SUB_A] [04:25:05] STATS ticks=170 symbols=26 pos=no daily_pnl=+0 drops=0
[MOVE_SUB_A] [04:26:05] STATS ticks=201 symbols=26 pos=no daily_pnl=+0 drops=0
[MOVE_SUB_A] [04:27:08] STATS ticks=210 symbols=26 pos=no daily_pnl=+0 drops=0
[MOVE_SUB_A] [04:28:09] STATS ticks=210 symbols=26 pos=no daily_pnl=+0 drops=0
[MOVE_SUB_A] [04:29:11] STATS ticks=210 symbols=26 pos=no daily_pnl=+0 drops=0
[MOVE_SUB_A] [04:30:13] STATS ticks=210 symbols=26 pos=no daily_pnl=+0 drops=0
  QUALITY_GATE symbol=ASTX gate=no_reentry result=PASS losses=0/1 trades=0/2
[MOVE_SUB_A] [04:31:04] ASTX ARMED entry=11.4600 stop=11.4200 R=0.0400 score=4.5 — movement_strike history reset
[MOVE_SUB_A] [04:31:04] ASTX FLOAT_GATE_BLOCK float=NoneM cap=5.0M
[MOVE_SUB_A] [04:31:10] new symbol INFH — detector + movement_strike instantiated
[MOVE_SUB_A] [04:31:13] STATS ticks=247 symbols=27 pos=no daily_pnl=+0 drops=0
[MOVE_SUB_A] [04:32:15] STATS ticks=250 symbols=27 pos=no daily_pnl=+0 drops=0
[MOVE_SUB_A] [04:33:16] STATS ticks=250 symbols=27 pos=no daily_pnl=+0 drops=0
[MOVE_SUB_A] [04:34:18] STATS ticks=250 symbols=27 pos=no daily_pnl=+0 drops=0
[MOVE_SUB_A] [04:35:19] STATS ticks=250 symbols=27 pos=no daily_pnl=+0 drops=0
  QUALITY_GATE symbol=ASTX gate=no_reentry result=PASS losses=0/1 trades=0/2
[MOVE_SUB_A] [04:36:08] ASTX ARMED entry=11.4900 stop=11.4200 R=0.0700 score=5.0 — movement_strike history reset
[MOVE_SUB_A] [04:36:14] new symbol RGTX — detector + movement_strike instantiated
[MOVE_SUB_A] [04:36:21] STATS ticks=290 symbols=28 pos=no daily_pnl=+0 drops=0
[MOVE_SUB_A] [04:37:22] STATS ticks=290 symbols=28 pos=no daily_pnl=+0 drops=0
[MOVE_SUB_A] [04:38:23] STATS ticks=290 symbols=28 pos=no daily_pnl=+0 drops=0
[MOVE_SUB_A] [04:39:25] STATS ticks=290 symbols=28 pos=no daily_pnl=+0 drops=0
[MOVE_SUB_A] [04:40:26] STATS ticks=293 symbols=28 pos=no daily_pnl=+0 drops=0
[MOVE_SUB_A] [04:41:28] STATS ticks=330 symbols=28 pos=no daily_pnl=+0 drops=0
[MOVE_SUB_A] [04:42:29] STATS ticks=330 symbols=28 pos=no daily_pnl=+0 drops=0
[MOVE_SUB_A] [04:43:31] STATS ticks=330 symbols=28 pos=no daily_pnl=+0 drops=0
[MOVE_SUB_A] [04:44:32] STATS ticks=330 symbols=28 pos=no daily_pnl=+0 drops=0
[MOVE_SUB_A] [04:45:32] STATS ticks=337 symbols=28 pos=no daily_pnl=+0 drops=0
  QUALITY_GATE symbol=GLWG gate=no_reentry result=PASS losses=0/1 trades=0/2
[MOVE_SUB_A] [04:45:49] GLWG ARMED entry=16.7400 stop=16.7100 R=0.0300 score=4.5 — movement_strike history reset
[MOVE_SUB_A] [04:45:52] new symbol LMFA — detector + movement_strike instantiated
[MOVE_SUB_A] [04:46:35] STATS ticks=369 symbols=29 pos=no daily_pnl=+0 drops=0
[MOVE_SUB_A] [04:47:37] STATS ticks=369 symbols=29 pos=no daily_pnl=+0 drops=0
[MOVE_SUB_A] [04:48:38] STATS ticks=369 symbols=29 pos=no daily_pnl=+0 drops=0
[MOVE_SUB_A] [04:49:40] STATS ticks=369 symbols=29 pos=no daily_pnl=+0 drops=0
[MOVE_SUB_A] [04:50:25] new symbol WNW — detector + movement_strike instantiated
[MOVE_SUB_A] [04:50:42] STATS ticks=380 symbols=30 pos=no daily_pnl=+0 drops=0
[MOVE_SUB_A] [04:51:43] STATS ticks=408 symbols=30 pos=no daily_pnl=+0 drops=0
[MOVE_SUB_A] [04:52:45] STATS ticks=408 symbols=30 pos=no daily_pnl=+0 drops=0
[MOVE_SUB_A] [04:53:46] STATS ticks=408 symbols=30 pos=no daily_pnl=+0 drops=0
[MOVE_SUB_A] [04:54:48] STATS ticks=408 symbols=30 pos=no daily_pnl=+0 drops=0
[MOVE_SUB_A] [04:55:48] STATS ticks=425 symbols=30 pos=no daily_pnl=+0 drops=0
[MOVE_SUB_A] [04:55:56] new symbol APLX — detector + movement_strike instantiated
[MOVE_SUB_A] [04:56:50] STATS ticks=446 symbols=31 pos=no daily_pnl=+0 drops=0
[MOVE_SUB_A] [04:57:52] STATS ticks=446 symbols=31 pos=no daily_pnl=+0 drops=0
[MOVE_SUB_A] [04:58:54] STATS ticks=446 symbols=31 pos=no daily_pnl=+0 drops=0
[MOVE_SUB_A] [04:59:55] STATS ticks=446 symbols=31 pos=no daily_pnl=+0 drops=0
[MOVE_SUB_A] [05:00:56] STATS ticks=468 symbols=31 pos=no daily_pnl=+0 drops=0
[MOVE_SUB_A] [05:01:58] STATS ticks=485 symbols=31 pos=no daily_pnl=+0 drops=0
[MOVE_SUB_A] [05:02:59] STATS ticks=485 symbols=31 pos=no daily_pnl=+0 drops=0
[MOVE_SUB_A] [05:04:01] STATS ticks=485 symbols=31 pos=no daily_pnl=+0 drops=0
[MOVE_SUB_A] [05:05:02] STATS ticks=485 symbols=31 pos=no daily_pnl=+0 drops=0
[MOVE_SUB_A] [05:06:03] STATS ticks=512 symbols=31 pos=no daily_pnl=+0 drops=0
[MOVE_SUB_A] [05:07:05] STATS ticks=525 symbols=31 pos=no daily_pnl=+0 drops=0
[MOVE_SUB_A] [05:08:07] STATS ticks=525 symbols=31 pos=no daily_pnl=+0 drops=0
[MOVE_SUB_A] [05:09:08] STATS ticks=525 symbols=31 pos=no daily_pnl=+0 drops=0
[MOVE_SUB_A] [05:10:10] STATS ticks=525 symbols=31 pos=no daily_pnl=+0 drops=0
[MOVE_SUB_A] [05:10:50] new symbol AAOG — detector + movement_strike instantiated
[MOVE_SUB_A] [05:11:10] STATS ticks=556 symbols=32 pos=no daily_pnl=+0 drops=0
[MOVE_SUB_A] [05:12:12] STATS ticks=565 symbols=32 pos=no daily_pnl=+0 drops=0
[MOVE_SUB_A] [05:13:14] STATS ticks=565 symbols=32 pos=no daily_pnl=+0 drops=0
[MOVE_SUB_A] [05:14:16] STATS ticks=565 symbols=32 pos=no daily_pnl=+0 drops=0
[MOVE_SUB_A] [05:15:17] STATS ticks=565 symbols=32 pos=no daily_pnl=+0 drops=0
[MOVE_SUB_A] [05:16:18] STATS ticks=598 symbols=32 pos=no daily_pnl=+0 drops=0
[MOVE_SUB_A] [05:17:20] STATS ticks=604 symbols=32 pos=no daily_pnl=+0 drops=0
[MOVE_SUB_A] [05:18:21] STATS ticks=604 symbols=32 pos=no daily_pnl=+0 drops=0
[MOVE_SUB_A] [05:19:23] STATS ticks=604 symbols=32 pos=no daily_pnl=+0 drops=0
[MOVE_SUB_A] [05:20:24] STATS ticks=604 symbols=32 pos=no daily_pnl=+0 drops=0
[MOVE_SUB_A] [05:21:26] STATS ticks=642 symbols=32 pos=no daily_pnl=+0 drops=0
[MOVE_SUB_A] [05:22:27] STATS ticks=642 symbols=32 pos=no daily_pnl=+0 drops=0
[MOVE_SUB_A] [05:23:29] STATS ticks=642 symbols=32 pos=no daily_pnl=+0 drops=0
[MOVE_SUB_A] [05:24:30] STATS ticks=642 symbols=32 pos=no daily_pnl=+0 drops=0
[MOVE_SUB_A] [05:25:31] STATS ticks=644 symbols=32 pos=no daily_pnl=+0 drops=0
[MOVE_SUB_A] [05:26:33] STATS ticks=679 symbols=32 pos=no daily_pnl=+0 drops=0
[MOVE_SUB_A] [05:27:34] STATS ticks=679 symbols=32 pos=no daily_pnl=+0 drops=0
[MOVE_SUB_A] [05:28:36] STATS ticks=679 symbols=32 pos=no daily_pnl=+0 drops=0
[MOVE_SUB_A] [05:29:37] STATS ticks=679 symbols=32 pos=no daily_pnl=+0 drops=0
[MOVE_SUB_A] [05:30:38] STATS ticks=685 symbols=32 pos=no daily_pnl=+0 drops=0
[MOVE_SUB_A] [05:31:40] STATS ticks=717 symbols=32 pos=no daily_pnl=+0 drops=0
[MOVE_SUB_A] [05:32:42] STATS ticks=717 symbols=32 pos=no daily_pnl=+0 drops=0
[MOVE_SUB_A] [05:33:43] STATS ticks=717 symbols=32 pos=no daily_pnl=+0 drops=0
[MOVE_SUB_A] [05:34:45] STATS ticks=717 symbols=32 pos=no daily_pnl=+0 drops=0
[MOVE_SUB_A] [05:35:47] STATS ticks=728 symbols=32 pos=no daily_pnl=+0 drops=0
[MOVE_SUB_A] [05:36:14] new symbol FXHO — detector + movement_strike instantiated
[MOVE_SUB_A] [05:36:48] STATS ticks=755 symbols=33 pos=no daily_pnl=+0 drops=0
[MOVE_SUB_A] [05:37:50] STATS ticks=755 symbols=33 pos=no daily_pnl=+0 drops=0
[MOVE_SUB_A] [05:38:51] STATS ticks=755 symbols=33 pos=no daily_pnl=+0 drops=0
[MOVE_SUB_A] [05:39:53] STATS ticks=755 symbols=33 pos=no daily_pnl=+0 drops=0
[MOVE_SUB_A] [05:40:55] STATS ticks=773 symbols=33 pos=no daily_pnl=+0 drops=0
[MOVE_SUB_A] [05:41:56] STATS ticks=792 symbols=33 pos=no daily_pnl=+0 drops=0
[MOVE_SUB_A] [05:42:57] STATS ticks=792 symbols=33 pos=no daily_pnl=+0 drops=0
[MOVE_SUB_A] [05:43:59] STATS ticks=792 symbols=33 pos=no daily_pnl=+0 drops=0
[MOVE_SUB_A] [05:45:00] STATS ticks=792 symbols=33 pos=no daily_pnl=+0 drops=0
[MOVE_SUB_A] [05:46:01] STATS ticks=814 symbols=33 pos=no daily_pnl=+0 drops=0
[MOVE_SUB_A] [05:47:03] STATS ticks=830 symbols=33 pos=no daily_pnl=+0 drops=0
[MOVE_SUB_A] [05:48:04] STATS ticks=830 symbols=33 pos=no daily_pnl=+0 drops=0
[MOVE_SUB_A] [05:49:06] STATS ticks=830 symbols=33 pos=no daily_pnl=+0 drops=0
[MOVE_SUB_A] [05:50:07] STATS ticks=830 symbols=33 pos=no daily_pnl=+0 drops=0
[MOVE_SUB_A] [05:51:09] STATS ticks=854 symbols=33 pos=no daily_pnl=+0 drops=0
[MOVE_SUB_A] [05:52:10] STATS ticks=866 symbols=33 pos=no daily_pnl=+0 drops=0
[MOVE_SUB_A] [05:53:11] STATS ticks=866 symbols=33 pos=no daily_pnl=+0 drops=0
[MOVE_SUB_A] [05:54:13] STATS ticks=866 symbols=33 pos=no daily_pnl=+0 drops=0
[MOVE_SUB_A] [05:55:15] STATS ticks=866 symbols=33 pos=no daily_pnl=+0 drops=0
[MOVE_SUB_A] [05:56:15] STATS ticks=888 symbols=33 pos=no daily_pnl=+0 drops=0
[MOVE_SUB_A] [05:57:18] STATS ticks=898 symbols=33 pos=no daily_pnl=+0 drops=0
[MOVE_SUB_A] [05:58:19] STATS ticks=898 symbols=33 pos=no daily_pnl=+0 drops=0
[MOVE_SUB_A] [05:59:20] STATS ticks=898 symbols=33 pos=no daily_pnl=+0 drops=0
[MOVE_SUB_A] [06:00:22] STATS ticks=898 symbols=33 pos=no daily_pnl=+0 drops=0
[MOVE_SUB_A] [06:01:11] new symbol SHPH — detector + movement_strike instantiated
[MOVE_SUB_A] [06:01:22] STATS ticks=930 symbols=34 pos=no daily_pnl=+0 drops=0
[MOVE_SUB_A] [06:02:24] STATS ticks=932 symbols=34 pos=no daily_pnl=+0 drops=0
[MOVE_SUB_A] [06:03:26] STATS ticks=932 symbols=34 pos=no daily_pnl=+0 drops=0
[MOVE_SUB_A] [06:04:27] STATS ticks=932 symbols=34 pos=no daily_pnl=+0 drops=0
[MOVE_SUB_A] [06:05:29] STATS ticks=932 symbols=34 pos=no daily_pnl=+0 drops=0
[MOVE_SUB_A] [06:05:55] new symbol CRNT — detector + movement_strike instantiated
[MOVE_SUB_A] [06:06:30] STATS ticks=967 symbols=35 pos=no daily_pnl=+0 drops=0
[MOVE_SUB_A] [06:07:32] STATS ticks=967 symbols=35 pos=no daily_pnl=+0 drops=0
[MOVE_SUB_A] [06:08:33] STATS ticks=967 symbols=35 pos=no daily_pnl=+0 drops=0
[MOVE_SUB_A] [06:09:35] STATS ticks=967 symbols=35 pos=no daily_pnl=+0 drops=0
[MOVE_SUB_A] [06:10:35] STATS ticks=969 symbols=35 pos=no daily_pnl=+0 drops=0
[MOVE_SUB_A] [06:11:38] STATS ticks=998 symbols=35 pos=no daily_pnl=+0 drops=0
[MOVE_SUB_A] [06:12:39] STATS ticks=1001 symbols=35 pos=no daily_pnl=+0 drops=0
[MOVE_SUB_A] [06:13:40] STATS ticks=1001 symbols=35 pos=no daily_pnl=+0 drops=0
[MOVE_SUB_A] [06:14:42] STATS ticks=1001 symbols=35 pos=no daily_pnl=+0 drops=0
[MOVE_SUB_A] [06:15:43] STATS ticks=1008 symbols=35 pos=no daily_pnl=+0 drops=0
[MOVE_SUB_A] [06:16:45] STATS ticks=1033 symbols=35 pos=no daily_pnl=+0 drops=0
[MOVE_SUB_A] [06:17:46] STATS ticks=1033 symbols=35 pos=no daily_pnl=+0 drops=0
[MOVE_SUB_A] [06:18:48] STATS ticks=1033 symbols=35 pos=no daily_pnl=+0 drops=0
[MOVE_SUB_A] [06:19:49] STATS ticks=1033 symbols=35 pos=no daily_pnl=+0 drops=0
[MOVE_SUB_A] [06:20:50] STATS ticks=1044 symbols=35 pos=no daily_pnl=+0 drops=0
[MOVE_SUB_A] [06:21:52] STATS ticks=1066 symbols=35 pos=no daily_pnl=+0 drops=0
[MOVE_SUB_A] [06:22:54] STATS ticks=1066 symbols=35 pos=no daily_pnl=+0 drops=0
[MOVE_SUB_A] [06:23:55] STATS ticks=1066 symbols=35 pos=no daily_pnl=+0 drops=0
[MOVE_SUB_A] [06:24:57] STATS ticks=1066 symbols=35 pos=no daily_pnl=+0 drops=0
[MOVE_SUB_A] [06:25:59] STATS ticks=1078 symbols=35 pos=no daily_pnl=+0 drops=0
[MOVE_SUB_A] [06:27:00] STATS ticks=1096 symbols=35 pos=no daily_pnl=+0 drops=0
[MOVE_SUB_A] [06:28:02] STATS ticks=1096 symbols=35 pos=no daily_pnl=+0 drops=0
[MOVE_SUB_A] [06:29:03] STATS ticks=1096 symbols=35 pos=no daily_pnl=+0 drops=0
[MOVE_SUB_A] [06:30:04] STATS ticks=1096 symbols=35 pos=no daily_pnl=+0 drops=0
[MOVE_SUB_A] [06:31:06] STATS ticks=1114 symbols=35 pos=no daily_pnl=+0 drops=0
[MOVE_SUB_A] [06:32:08] STATS ticks=1131 symbols=35 pos=no daily_pnl=+0 drops=0
[MOVE_SUB_A] [06:33:09] STATS ticks=1131 symbols=35 pos=no daily_pnl=+0 drops=0
[MOVE_SUB_A] [06:34:10] STATS ticks=1131 symbols=35 pos=no daily_pnl=+0 drops=0
[MOVE_SUB_A] [06:35:11] STATS ticks=1131 symbols=35 pos=no daily_pnl=+0 drops=0
[MOVE_SUB_A] [06:36:12] STATS ticks=1152 symbols=35 pos=no daily_pnl=+0 drops=0
[MOVE_SUB_A] [06:37:14] STATS ticks=1164 symbols=35 pos=no daily_pnl=+0 drops=0
[MOVE_SUB_A] [06:38:16] STATS ticks=1164 symbols=35 pos=no daily_pnl=+0 drops=0
[MOVE_SUB_A] [06:39:17] STATS ticks=1164 symbols=35 pos=no daily_pnl=+0 drops=0
[MOVE_SUB_A] [06:40:19] STATS ticks=1164 symbols=35 pos=no daily_pnl=+0 drops=0
[MOVE_SUB_A] [06:41:20] STATS ticks=1191 symbols=35 pos=no daily_pnl=+0 drops=0
[MOVE_SUB_A] [06:42:22] STATS ticks=1197 symbols=35 pos=no daily_pnl=+0 drops=0
[MOVE_SUB_A] [06:43:23] STATS ticks=1197 symbols=35 pos=no daily_pnl=+0 drops=0
[MOVE_SUB_A] [06:44:25] STATS ticks=1197 symbols=35 pos=no daily_pnl=+0 drops=0
[MOVE_SUB_A] [06:45:26] STATS ticks=1197 symbols=35 pos=no daily_pnl=+0 drops=0
[MOVE_SUB_A] [06:46:27] STATS ticks=1225 symbols=35 pos=no daily_pnl=+0 drops=0
[MOVE_SUB_A] [06:47:29] STATS ticks=1227 symbols=35 pos=no daily_pnl=+0 drops=0
[MOVE_SUB_A] [06:48:31] STATS ticks=1227 symbols=35 pos=no daily_pnl=+0 drops=0
[MOVE_SUB_A] [06:49:32] STATS ticks=1227 symbols=35 pos=no daily_pnl=+0 drops=0
[MOVE_SUB_A] [06:50:34] STATS ticks=1227 symbols=35 pos=no daily_pnl=+0 drops=0
[MOVE_SUB_A] [06:51:35] STATS ticks=1256 symbols=35 pos=no daily_pnl=+0 drops=0
[MOVE_SUB_A] [06:52:37] STATS ticks=1256 symbols=35 pos=no daily_pnl=+0 drops=0
[MOVE_SUB_A] [06:53:38] STATS ticks=1256 symbols=35 pos=no daily_pnl=+0 drops=0
[MOVE_SUB_A] [06:54:39] STATS ticks=1256 symbols=35 pos=no daily_pnl=+0 drops=0
[MOVE_SUB_A] [06:55:41] STATS ticks=1257 symbols=35 pos=no daily_pnl=+0 drops=0
[MOVE_SUB_A] [06:56:42] STATS ticks=1285 symbols=35 pos=no daily_pnl=+0 drops=0
[MOVE_SUB_A] [06:57:44] STATS ticks=1285 symbols=35 pos=no daily_pnl=+0 drops=0
[MOVE_SUB_A] [06:58:45] STATS ticks=1285 symbols=35 pos=no daily_pnl=+0 drops=0
[MOVE_SUB_A] [06:59:47] STATS ticks=1285 symbols=35 pos=no daily_pnl=+0 drops=0
[MOVE_SUB_A] [07:00:48] STATS ticks=1288 symbols=35 pos=no daily_pnl=+0 drops=0
[MOVE_SUB_A] [07:01:49] STATS ticks=1311 symbols=35 pos=no daily_pnl=+0 drops=0
[MOVE_SUB_A] [07:02:51] STATS ticks=1311 symbols=35 pos=no daily_pnl=+0 drops=0
[MOVE_SUB_A] [07:03:52] STATS ticks=1311 symbols=35 pos=no daily_pnl=+0 drops=0
[MOVE_SUB_A] [07:04:54] STATS ticks=1311 symbols=35 pos=no daily_pnl=+0 drops=0
[MOVE_SUB_A] [07:05:55] STATS ticks=1318 symbols=35 pos=no daily_pnl=+0 drops=0
[MOVE_SUB_A] [07:06:57] STATS ticks=1339 symbols=35 pos=no daily_pnl=+0 drops=0
[MOVE_SUB_A] [07:07:58] STATS ticks=1339 symbols=35 pos=no daily_pnl=+0 drops=0
[MOVE_SUB_A] [07:09:00] STATS ticks=1339 symbols=35 pos=no daily_pnl=+0 drops=0
[MOVE_SUB_A] [07:10:01] STATS ticks=1339 symbols=35 pos=no daily_pnl=+0 drops=0
[MOVE_SUB_A] [07:11:02] STATS ticks=1351 symbols=35 pos=no daily_pnl=+0 drops=0
[MOVE_SUB_A] [07:11:30] new symbol CWVX — detector + movement_strike instantiated
[MOVE_SUB_A] [07:12:04] STATS ticks=1365 symbols=36 pos=no daily_pnl=+0 drops=0
[MOVE_SUB_A] [07:13:05] STATS ticks=1365 symbols=36 pos=no daily_pnl=+0 drops=0
[MOVE_SUB_A] [07:14:07] STATS ticks=1365 symbols=36 pos=no daily_pnl=+0 drops=0
[MOVE_SUB_A] [07:15:09] STATS ticks=1365 symbols=36 pos=no daily_pnl=+0 drops=0
[MOVE_SUB_A] [07:16:10] STATS ticks=1383 symbols=36 pos=no daily_pnl=+0 drops=0
[MOVE_SUB_A] [07:16:19] new symbol CRWG — detector + movement_strike instantiated
[MOVE_SUB_A] [07:17:12] STATS ticks=1397 symbols=37 pos=no daily_pnl=+0 drops=0
[MOVE_SUB_A] [07:18:13] STATS ticks=1397 symbols=37 pos=no daily_pnl=+0 drops=0
[MOVE_SUB_A] [07:19:15] STATS ticks=1397 symbols=37 pos=no daily_pnl=+0 drops=0
[MOVE_SUB_A] [07:20:16] STATS ticks=1397 symbols=37 pos=no daily_pnl=+0 drops=0
[MOVE_SUB_A] [07:21:17] STATS ticks=1418 symbols=37 pos=no daily_pnl=+0 drops=0
[MOVE_SUB_A] [07:22:19] STATS ticks=1426 symbols=37 pos=no daily_pnl=+0 drops=0
[MOVE_SUB_A] [07:23:20] STATS ticks=1426 symbols=37 pos=no daily_pnl=+0 drops=0
[MOVE_SUB_A] [07:24:22] STATS ticks=1426 symbols=37 pos=no daily_pnl=+0 drops=0
[MOVE_SUB_A] [07:25:23] STATS ticks=1426 symbols=37 pos=no daily_pnl=+0 drops=0
[MOVE_SUB_A] [07:26:24] STATS ticks=1446 symbols=37 pos=no daily_pnl=+0 drops=0
[MOVE_SUB_A] [07:27:26] STATS ticks=1453 symbols=37 pos=no daily_pnl=+0 drops=0
[MOVE_SUB_A] [07:28:27] STATS ticks=1453 symbols=37 pos=no daily_pnl=+0 drops=0
[MOVE_SUB_A] [07:29:28] STATS ticks=1453 symbols=37 pos=no daily_pnl=+0 drops=0
[MOVE_SUB_A] [07:30:30] STATS ticks=1453 symbols=37 pos=no daily_pnl=+0 drops=0
[MOVE_SUB_A] [07:31:31] STATS ticks=1482 symbols=37 pos=no daily_pnl=+0 drops=0
[MOVE_SUB_A] [07:32:33] STATS ticks=1485 symbols=37 pos=no daily_pnl=+0 drops=0
[MOVE_SUB_A] [07:33:34] STATS ticks=1485 symbols=37 pos=no daily_pnl=+0 drops=0
[MOVE_SUB_A] [07:34:36] STATS ticks=1485 symbols=37 pos=no daily_pnl=+0 drops=0
[MOVE_SUB_A] [07:35:37] STATS ticks=1485 symbols=37 pos=no daily_pnl=+0 drops=0
[MOVE_SUB_A] [07:35:43] new symbol UONEK — detector + movement_strike instantiated
  QUALITY_GATE symbol=CWVX gate=no_reentry result=PASS losses=0/1 trades=0/2
[MOVE_SUB_A] [07:36:30] CWVX ARMED entry=14.6000 stop=14.5400 R=0.0600 score=5.0 — movement_strike history reset
[MOVE_SUB_A] [07:36:30] CWVX FLOAT_GATE_BLOCK float=NoneM cap=5.0M
[MOVE_SUB_A] [07:36:38] STATS ticks=1514 symbols=38 pos=no daily_pnl=+0 drops=0
[MOVE_SUB_A] [07:37:41] STATS ticks=1515 symbols=38 pos=no daily_pnl=+0 drops=0
[MOVE_SUB_A] [07:38:42] STATS ticks=1515 symbols=38 pos=no daily_pnl=+0 drops=0
[MOVE_SUB_A] [07:39:43] STATS ticks=1515 symbols=38 pos=no daily_pnl=+0 drops=0
[MOVE_SUB_A] [07:40:45] STATS ticks=1517 symbols=38 pos=no daily_pnl=+0 drops=0
  QUALITY_GATE symbol=CWVX gate=no_reentry result=PASS losses=0/1 trades=0/2
[MOVE_SUB_A] [07:41:28] CWVX ARMED entry=14.7100 stop=14.5400 R=0.1700 score=5.5 — movement_strike history reset
[MOVE_SUB_A] [07:41:28] CWVX FLOAT_GATE_BLOCK float=NoneM cap=5.0M
[MOVE_SUB_A] [07:41:46] STATS ticks=1546 symbols=38 pos=no daily_pnl=+0 drops=0
[MOVE_SUB_A] [07:42:48] STATS ticks=1546 symbols=38 pos=no daily_pnl=+0 drops=0
[MOVE_SUB_A] [07:43:49] STATS ticks=1546 symbols=38 pos=no daily_pnl=+0 drops=0
[MOVE_SUB_A] [07:44:51] STATS ticks=1546 symbols=38 pos=no daily_pnl=+0 drops=0
[MOVE_SUB_A] [07:45:52] STATS ticks=1553 symbols=38 pos=no daily_pnl=+0 drops=0
[MOVE_SUB_A] [07:45:58] new symbol RPT — detector + movement_strike instantiated
[MOVE_SUB_A] [07:46:54] STATS ticks=1581 symbols=39 pos=no daily_pnl=+0 drops=0
[MOVE_SUB_A] [07:47:55] STATS ticks=1581 symbols=39 pos=no daily_pnl=+0 drops=0
[MOVE_SUB_A] [07:48:57] STATS ticks=1581 symbols=39 pos=no daily_pnl=+0 drops=0
[MOVE_SUB_A] [07:49:58] STATS ticks=1581 symbols=39 pos=no daily_pnl=+0 drops=0
[MOVE_SUB_A] [07:51:00] STATS ticks=1591 symbols=39 pos=no daily_pnl=+0 drops=0
[MOVE_SUB_A] [07:52:02] STATS ticks=1613 symbols=39 pos=no daily_pnl=+0 drops=0
[MOVE_SUB_A] [07:53:03] STATS ticks=1613 symbols=39 pos=no daily_pnl=+0 drops=0
[MOVE_SUB_A] [07:54:04] STATS ticks=1613 symbols=39 pos=no daily_pnl=+0 drops=0
[MOVE_SUB_A] [07:55:06] STATS ticks=1613 symbols=39 pos=no daily_pnl=+0 drops=0
[MOVE_SUB_A] [07:56:07] STATS ticks=1625 symbols=39 pos=no daily_pnl=+0 drops=0
[MOVE_SUB_A] [07:56:16] new symbol CRDU — detector + movement_strike instantiated
[MOVE_SUB_A] [07:57:09] STATS ticks=1642 symbols=40 pos=no daily_pnl=+0 drops=0
[MOVE_SUB_A] [07:58:10] STATS ticks=1642 symbols=40 pos=no daily_pnl=+0 drops=0
[MOVE_SUB_A] [07:59:11] STATS ticks=1642 symbols=40 pos=no daily_pnl=+0 drops=0
[MOVE_SUB_A] [08:00:13] STATS ticks=1642 symbols=40 pos=no daily_pnl=+0 drops=0
[MOVE_SUB_A] [08:00:46] new symbol UTZ — detector + movement_strike instantiated
[MOVE_SUB_A] [08:01:14] STATS ticks=1659 symbols=41 pos=no daily_pnl=+0 drops=0
[MOVE_SUB_A] [08:02:15] STATS ticks=1675 symbols=41 pos=no daily_pnl=+0 drops=0
[MOVE_SUB_A] [08:03:17] STATS ticks=1675 symbols=41 pos=no daily_pnl=+0 drops=0
[MOVE_SUB_A] [08:04:18] STATS ticks=1675 symbols=41 pos=no daily_pnl=+0 drops=0
[MOVE_SUB_A] [08:05:20] STATS ticks=1675 symbols=41 pos=no daily_pnl=+0 drops=0
[MOVE_SUB_A] [08:06:21] STATS ticks=1698 symbols=41 pos=no daily_pnl=+0 drops=0
[MOVE_SUB_A] [08:07:22] STATS ticks=1709 symbols=41 pos=no daily_pnl=+0 drops=0
[MOVE_SUB_A] [08:08:24] STATS ticks=1709 symbols=41 pos=no daily_pnl=+0 drops=0
[MOVE_SUB_A] [08:09:25] STATS ticks=1709 symbols=41 pos=no daily_pnl=+0 drops=0
[MOVE_SUB_A] [08:10:27] STATS ticks=1709 symbols=41 pos=no daily_pnl=+0 drops=0
[MOVE_SUB_A] [08:11:28] STATS ticks=1734 symbols=41 pos=no daily_pnl=+0 drops=0
[MOVE_SUB_A] [08:12:30] STATS ticks=1741 symbols=41 pos=no daily_pnl=+0 drops=0
[MOVE_SUB_A] [08:13:31] STATS ticks=1741 symbols=41 pos=no daily_pnl=+0 drops=0
[MOVE_SUB_A] [08:14:33] STATS ticks=1741 symbols=41 pos=no daily_pnl=+0 drops=0
[MOVE_SUB_A] [08:15:34] STATS ticks=1741 symbols=41 pos=no daily_pnl=+0 drops=0
[MOVE_SUB_A] [08:16:34] STATS ticks=1766 symbols=41 pos=no daily_pnl=+0 drops=0
[MOVE_SUB_A] [08:17:37] STATS ticks=1769 symbols=41 pos=no daily_pnl=+0 drops=0
[MOVE_SUB_A] [08:18:39] STATS ticks=1769 symbols=41 pos=no daily_pnl=+0 drops=0
[MOVE_SUB_A] [08:19:40] STATS ticks=1769 symbols=41 pos=no daily_pnl=+0 drops=0
[MOVE_SUB_A] [08:20:42] STATS ticks=1769 symbols=41 pos=no daily_pnl=+0 drops=0
[MOVE_SUB_A] [08:21:26] new symbol POEL — detector + movement_strike instantiated
[MOVE_SUB_A] [08:21:43] STATS ticks=1796 symbols=42 pos=no daily_pnl=+0 drops=0
[MOVE_SUB_A] [08:22:45] STATS ticks=1796 symbols=42 pos=no daily_pnl=+0 drops=0
[MOVE_SUB_A] [08:23:45] STATS ticks=1796 symbols=42 pos=no daily_pnl=+0 drops=0
[MOVE_SUB_A] [08:24:46] STATS ticks=1796 symbols=42 pos=no daily_pnl=+0 drops=0
[MOVE_SUB_A] [08:25:47] STATS ticks=1796 symbols=42 pos=no daily_pnl=+0 drops=0
[MOVE_SUB_A] [08:26:13] new symbol SKHU — detector + movement_strike instantiated
[MOVE_SUB_A] [08:26:47] STATS ticks=1827 symbols=43 pos=no daily_pnl=+0 drops=0
[MOVE_SUB_A] [08:27:48] STATS ticks=1827 symbols=43 pos=no daily_pnl=+0 drops=0
[MOVE_SUB_A] [08:28:49] STATS ticks=1827 symbols=43 pos=no daily_pnl=+0 drops=0
[MOVE_SUB_A] [08:29:49] STATS ticks=1827 symbols=43 pos=no daily_pnl=+0 drops=0
[MOVE_SUB_A] [08:30:50] STATS ticks=1829 symbols=43 pos=no daily_pnl=+0 drops=0
[MOVE_SUB_A] [08:31:51] STATS ticks=1861 symbols=43 pos=no daily_pnl=+0 drops=0
[MOVE_SUB_A] [08:32:51] STATS ticks=1861 symbols=43 pos=no daily_pnl=+0 drops=0
[MOVE_SUB_A] [08:33:52] STATS ticks=1861 symbols=43 pos=no daily_pnl=+0 drops=0
[MOVE_SUB_A] [08:34:52] STATS ticks=1861 symbols=43 pos=no daily_pnl=+0 drops=0
[MOVE_SUB_A] [08:35:53] STATS ticks=1864 symbols=43 pos=no daily_pnl=+0 drops=0
[MOVE_SUB_A] [08:36:54] STATS ticks=1890 symbols=43 pos=no daily_pnl=+0 drops=0
[MOVE_SUB_A] [08:37:54] STATS ticks=1890 symbols=43 pos=no daily_pnl=+0 drops=0
[MOVE_SUB_A] [08:38:55] STATS ticks=1890 symbols=43 pos=no daily_pnl=+0 drops=0
[MOVE_SUB_A] [08:39:56] STATS ticks=1890 symbols=43 pos=no daily_pnl=+0 drops=0
[MOVE_SUB_A] [08:40:52] new symbol FWRD — detector + movement_strike instantiated
[MOVE_SUB_A] [08:40:57] STATS ticks=1897 symbols=44 pos=no daily_pnl=+0 drops=0
  QUALITY_GATE symbol=CONL gate=no_reentry result=PASS losses=0/1 trades=0/2
[MOVE_SUB_A] [08:41:31] CONL ARMED entry=5.4100 stop=5.3800 R=0.0300 score=4.5 — movement_strike history reset
[MOVE_SUB_A] [08:41:31] CONL FLOAT_GATE_BLOCK float=36.66546M cap=5.0M
[MOVE_SUB_A] [08:41:59] STATS ticks=1921 symbols=44 pos=no daily_pnl=+0 drops=0
[MOVE_SUB_A] [08:43:01] STATS ticks=1921 symbols=44 pos=no daily_pnl=+0 drops=0
[MOVE_SUB_A] [08:44:02] STATS ticks=1921 symbols=44 pos=no daily_pnl=+0 drops=0
[MOVE_SUB_A] [08:45:03] STATS ticks=1921 symbols=44 pos=no daily_pnl=+0 drops=0
[MOVE_SUB_A] [08:46:05] STATS ticks=1930 symbols=44 pos=no daily_pnl=+0 drops=0
  QUALITY_GATE symbol=CONL gate=no_reentry result=PASS losses=0/1 trades=0/2
[MOVE_SUB_A] [08:46:34] CONL ARMED entry=5.4500 stop=5.3800 R=0.0700 score=5.0 — movement_strike history reset
[MOVE_SUB_A] [08:47:06] STATS ticks=1952 symbols=44 pos=no daily_pnl=+0 drops=0
[MOVE_SUB_A] [08:48:08] STATS ticks=1952 symbols=44 pos=no daily_pnl=+0 drops=0
[MOVE_SUB_A] [08:49:09] STATS ticks=1952 symbols=44 pos=no daily_pnl=+0 drops=0
[MOVE_SUB_A] [08:50:11] STATS ticks=1952 symbols=44 pos=no daily_pnl=+0 drops=0
[MOVE_SUB_A] [08:51:11] STATS ticks=1964 symbols=44 pos=no daily_pnl=+0 drops=0
[MOVE_SUB_A] [08:51:14] new symbol LABX — detector + movement_strike instantiated
[MOVE_SUB_A] [08:51:40] new symbol COIG — detector + movement_strike instantiated
[MOVE_SUB_A] [08:52:14] STATS ticks=1984 symbols=46 pos=no daily_pnl=+0 drops=0
[MOVE_SUB_A] [08:53:15] STATS ticks=1984 symbols=46 pos=no daily_pnl=+0 drops=0
[MOVE_SUB_A] [08:54:16] STATS ticks=1984 symbols=46 pos=no daily_pnl=+0 drops=0
[MOVE_SUB_A] [08:55:18] STATS ticks=1984 symbols=46 pos=no daily_pnl=+0 drops=0
[MOVE_SUB_A] [08:56:18] STATS ticks=2003 symbols=46 pos=no daily_pnl=+0 drops=0
[MOVE_SUB_A] [08:57:21] STATS ticks=2017 symbols=46 pos=no daily_pnl=+0 drops=0
[MOVE_SUB_A] [08:58:22] STATS ticks=2017 symbols=46 pos=no daily_pnl=+0 drops=0
[MOVE_SUB_A] [08:59:24] STATS ticks=2017 symbols=46 pos=no daily_pnl=+0 drops=0
[MOVE_SUB_A] [09:00:26] STATS ticks=2017 symbols=46 pos=no daily_pnl=+0 drops=0
[MOVE_SUB_A] [09:01:26] STATS ticks=2037 symbols=46 pos=no daily_pnl=+0 drops=0
[MOVE_SUB_A] [09:02:29] STATS ticks=2047 symbols=46 pos=no daily_pnl=+0 drops=0
[MOVE_SUB_A] [09:03:30] STATS ticks=2047 symbols=46 pos=no daily_pnl=+0 drops=0
[MOVE_SUB_A] [09:04:32] STATS ticks=2047 symbols=46 pos=no daily_pnl=+0 drops=0
[MOVE_SUB_A] [09:05:33] STATS ticks=2047 symbols=46 pos=no daily_pnl=+0 drops=0
[MOVE_SUB_A] [09:05:53] new symbol IMNN — detector + movement_strike instantiated
[MOVE_SUB_A] [09:06:35] STATS ticks=2073 symbols=47 pos=no daily_pnl=+0 drops=0
[MOVE_SUB_A] [09:07:37] STATS ticks=2080 symbols=47 pos=no daily_pnl=+0 drops=0
[MOVE_SUB_A] [09:08:38] STATS ticks=2080 symbols=47 pos=no daily_pnl=+0 drops=0
[MOVE_SUB_A] [09:09:40] STATS ticks=2080 symbols=47 pos=no daily_pnl=+0 drops=0
[MOVE_SUB_A] [09:10:41] STATS ticks=2080 symbols=47 pos=no daily_pnl=+0 drops=0
[MOVE_SUB_A] [09:11:43] STATS ticks=2113 symbols=47 pos=no daily_pnl=+0 drops=0
[MOVE_SUB_A] [09:12:44] STATS ticks=2114 symbols=47 pos=no daily_pnl=+0 drops=0
[MOVE_SUB_A] [09:13:45] STATS ticks=2114 symbols=47 pos=no daily_pnl=+0 drops=0
[MOVE_SUB_A] [09:14:47] STATS ticks=2114 symbols=47 pos=no daily_pnl=+0 drops=0
[MOVE_SUB_A] [09:15:48] STATS ticks=2114 symbols=47 pos=no daily_pnl=+0 drops=0
[MOVE_SUB_A] [09:15:55] new symbol VIVK — detector + movement_strike instantiated
[MOVE_SUB_A] [09:16:50] STATS ticks=2147 symbols=48 pos=no daily_pnl=+0 drops=0
[MOVE_SUB_A] [09:17:52] STATS ticks=2147 symbols=48 pos=no daily_pnl=+0 drops=0
[MOVE_SUB_A] [09:18:53] STATS ticks=2147 symbols=48 pos=no daily_pnl=+0 drops=0
[MOVE_SUB_A] [09:19:54] STATS ticks=2147 symbols=48 pos=no daily_pnl=+0 drops=0
[MOVE_SUB_A] [09:20:55] STATS ticks=2150 symbols=48 pos=no daily_pnl=+0 drops=0
  QUALITY_GATE symbol=LABX gate=no_reentry result=PASS losses=0/1 trades=0/2
[MOVE_SUB_A] [09:21:29] LABX ARMED entry=15.5900 stop=15.5400 R=0.0500 score=2.1 — movement_strike history reset
[MOVE_SUB_A] [09:21:57] STATS ticks=2176 symbols=48 pos=no daily_pnl=+0 drops=0
[MOVE_SUB_A] [09:22:59] STATS ticks=2176 symbols=48 pos=no daily_pnl=+0 drops=0
[MOVE_SUB_A] [09:24:00] STATS ticks=2176 symbols=48 pos=no daily_pnl=+0 drops=0
[MOVE_SUB_A] [09:25:02] STATS ticks=2176 symbols=48 pos=no daily_pnl=+0 drops=0
[MOVE_SUB_A] [09:26:03] STATS ticks=2183 symbols=48 pos=no daily_pnl=+0 drops=0
[MOVE_SUB_A] [09:26:06] new symbol COHH — detector + movement_strike instantiated
[MOVE_SUB_A] [09:27:05] STATS ticks=2210 symbols=49 pos=no daily_pnl=+0 drops=0
[MOVE_SUB_A] [09:28:06] STATS ticks=2210 symbols=49 pos=no daily_pnl=+0 drops=0
[MOVE_SUB_A] [09:29:08] STATS ticks=2210 symbols=49 pos=no daily_pnl=+0 drops=0
[MOVE_SUB_A] [09:30:09] STATS ticks=2210 symbols=49 pos=no daily_pnl=+0 drops=0
[MOVE_SUB_A] [09:30:59] new symbol AXTL — detector + movement_strike instantiated
[MOVE_SUB_A] [09:31:02] new symbol AXTU — detector + movement_strike instantiated
[MOVE_SUB_A] [09:31:10] new symbol SNDC — detector + movement_strike instantiated
[MOVE_SUB_A] [09:31:10] STATS ticks=2224 symbols=52 pos=no daily_pnl=+0 drops=0
[MOVE_SUB_A] [09:32:12] STATS ticks=2247 symbols=52 pos=no daily_pnl=+0 drops=0
[MOVE_SUB_A] [09:33:14] STATS ticks=2247 symbols=52 pos=no daily_pnl=+0 drops=0
[MOVE_SUB_A] [09:34:14] STATS ticks=2247 symbols=52 pos=no daily_pnl=+0 drops=0
[MOVE_SUB_A] [09:35:15] STATS ticks=2247 symbols=52 pos=no daily_pnl=+0 drops=0
[MOVE_SUB_A] [09:36:00] new symbol AEHG — detector + movement_strike instantiated
[MOVE_SUB_A] [09:36:11] new symbol COIA — detector + movement_strike instantiated
[MOVE_SUB_A] [09:36:16] STATS ticks=2262 symbols=54 pos=no daily_pnl=+0 drops=0
[MOVE_SUB_A] [09:36:19] new symbol GREE — detector + movement_strike instantiated
[MOVE_SUB_A] [09:36:28] new symbol CONX — detector + movement_strike instantiated
[MOVE_SUB_A] [09:37:16] STATS ticks=2283 symbols=56 pos=no daily_pnl=+0 drops=0
[MOVE_SUB_A] [09:38:17] STATS ticks=2283 symbols=56 pos=no daily_pnl=+0 drops=0
[MOVE_SUB_A] [09:39:18] STATS ticks=2283 symbols=56 pos=no daily_pnl=+0 drops=0
[MOVE_SUB_A] [09:40:19] STATS ticks=2283 symbols=56 pos=no daily_pnl=+0 drops=0
[MOVE_SUB_A] [09:41:19] STATS ticks=2300 symbols=56 pos=no daily_pnl=+0 drops=0
[MOVE_SUB_A] [09:42:20] STATS ticks=2319 symbols=56 pos=no daily_pnl=+0 drops=0
[MOVE_SUB_A] [09:43:20] STATS ticks=2319 symbols=56 pos=no daily_pnl=+0 drops=0
[MOVE_SUB_A] [09:44:21] STATS ticks=2319 symbols=56 pos=no daily_pnl=+0 drops=0
[MOVE_SUB_A] [09:45:22] STATS ticks=2319 symbols=56 pos=no daily_pnl=+0 drops=0
[MOVE_SUB_A] [09:46:20] new symbol PFSA — detector + movement_strike instantiated
[MOVE_SUB_A] [09:46:23] STATS ticks=2339 symbols=57 pos=no daily_pnl=+0 drops=0
  QUALITY_GATE symbol=VIVK gate=no_reentry result=PASS losses=0/1 trades=0/2
[MOVE_SUB_A] [09:46:52] VIVK ARMED entry=6.5635 stop=6.2900 R=0.2735 score=4.0 — movement_strike history reset
[MOVE_SUB_A] [09:46:52] VIVK MP CHASE-SKIP price=6.871 trigger=6.564 gap=4.7% (cap=2.0%)
[MOVE_SUB_A] [09:46:52] VIVK MP CHASE-SKIP price=6.871 trigger=6.564 gap=4.7% (cap=2.0%)
[MOVE_SUB_A] [09:46:56] new symbol BEX — detector + movement_strike instantiated
[MOVE_SUB_A] [09:47:00] new symbol SNDU — detector + movement_strike instantiated
[MOVE_SUB_A] [09:47:16] new symbol SKUU — detector + movement_strike instantiated
[MOVE_SUB_A] [09:47:21] new symbol MULL — detector + movement_strike instantiated
[MOVE_SUB_A] [09:47:23] STATS ticks=2387 symbols=61 pos=no daily_pnl=+0 drops=0
[MOVE_SUB_A] [09:47:27] new symbol CBRG — detector + movement_strike instantiated
[MOVE_SUB_A] [09:47:29] new symbol NEBX — detector + movement_strike instantiated
[MOVE_SUB_A] [09:47:31] new symbol NBIL — detector + movement_strike instantiated
[MOVE_SUB_A] [09:47:37] new symbol LITX — detector + movement_strike instantiated
[MOVE_SUB_A] [09:47:39] new symbol KORU — detector + movement_strike instantiated
[MOVE_SUB_A] [09:47:41] new symbol INTW — detector + movement_strike instantiated
[MOVE_SUB_A] [09:47:43] new symbol MVLL — detector + movement_strike instantiated
[MOVE_SUB_A] [09:47:48] new symbol HELP — detector + movement_strike instantiated
[MOVE_SUB_A] [09:48:24] STATS ticks=2413 symbols=69 pos=no daily_pnl=+0 drops=0
[MOVE_SUB_A] [09:49:25] STATS ticks=2413 symbols=69 pos=no daily_pnl=+0 drops=0
[MOVE_SUB_A] [09:50:27] STATS ticks=2413 symbols=69 pos=no daily_pnl=+0 drops=0
  QUALITY_GATE symbol=COIG gate=no_reentry result=PASS losses=0/1 trades=0/2
[MOVE_SUB_A] [09:51:21] COIG ARMED entry=5.7500 stop=5.6400 R=0.1100 score=5.5 — movement_strike history reset
[MOVE_SUB_A] [09:51:21] 🟩 ENTRY COIG qty=1183 limit=$5.93 (anomaly@$5.86) stop=$5.64 R=$0.2200 score=5.5
[MOVE_SUB_A] [09:51:23] COIG entry FILLED @ $5.8800 qty=1183 (limit was $5.93)
[MOVE_SUB_A] [09:51:27] STATS ticks=2433 symbols=69 pos=YES daily_pnl=+0 drops=0
[MOVE_SUB_A] [09:51:37] new symbol CBRX — detector + movement_strike instantiated
[MOVE_SUB_A] [09:52:28] STATS ticks=2447 symbols=70 pos=YES daily_pnl=+0 drops=0
[MOVE_SUB_A] [09:53:29] STATS ticks=2447 symbols=70 pos=YES daily_pnl=+0 drops=0
[MOVE_SUB_A] [09:54:29] STATS ticks=2447 symbols=70 pos=YES daily_pnl=+0 drops=0
[MOVE_SUB_A] [09:55:30] STATS ticks=2447 symbols=70 pos=YES daily_pnl=+0 drops=0
[MOVE_SUB_A] [09:56:31] STATS ticks=2472 symbols=70 pos=YES daily_pnl=+0 drops=0
[MOVE_SUB_A] [09:56:35] new symbol CIFG — detector + movement_strike instantiated
[MOVE_SUB_A] signal 15 received — stopping
[MOVE_SUB_A] socket closed by peer — reconnecting
[MOVE_SUB_A] consume loop exited
[MOVE_SUB_A] Alpaca PAPER connected — account=PA3RRCLS7OMI equity=$5,230
[MOVE_SUB_A] starting consume loop
[MOVE_SUB_A] [09:58:47] connected to engine (/tmp/warrior_engine.sock) attempt=1
[MOVE_SUB_A] [09:58:48] new symbol BITO — detector + movement_strike instantiated
[MOVE_SUB_A] [09:58:50] new symbol BMNR — detector + movement_strike instantiated
[MOVE_SUB_A] [09:58:52] new symbol CBRX — detector + movement_strike instantiated
[MOVE_SUB_A] SEED CBRX replayed 2 ticks from cache
[MOVE_SUB_A] [09:58:53] new symbol CIFG — detector + movement_strike instantiated
[MOVE_SUB_A] SEED CIFG replayed 1 ticks from cache
[MOVE_SUB_A] [09:58:55] new symbol CLBK — detector + movement_strike instantiated
[MOVE_SUB_A] [09:58:57] new symbol COIA — detector + movement_strike instantiated
[MOVE_SUB_A] SEED COIA replayed 10 ticks from cache
[MOVE_SUB_A] [09:58:58] new symbol COIG — detector + movement_strike instantiated
  QUALITY_GATE symbol=COIG gate=no_reentry result=PASS losses=0/1 trades=0/2
[MOVE_SUB_A] [09:58:58] COIG ARMED entry=5.7500 stop=5.6400 R=0.1100 score=5.5 — movement_strike history reset
[MOVE_SUB_A] SEED COIG replayed 16 ticks from cache
[MOVE_SUB_A] [09:59:00] new symbol CONL — detector + movement_strike instantiated
  QUALITY_GATE symbol=CONL gate=no_reentry result=PASS losses=0/1 trades=0/2
[MOVE_SUB_A] [09:59:00] CONL ARMED entry=5.4100 stop=5.3800 R=0.0300 score=4.5 — movement_strike history reset
[MOVE_SUB_A] SEED CONL replayed 32 ticks from cache
[MOVE_SUB_A] [09:59:02] new symbol CONX — detector + movement_strike instantiated
[MOVE_SUB_A] SEED CONX replayed 7 ticks from cache
[MOVE_SUB_A] [09:59:04] new symbol COPY — detector + movement_strike instantiated
[MOVE_SUB_A] [09:59:05] new symbol CRNT — detector + movement_strike instantiated
[MOVE_SUB_A] SEED CRNT replayed 59 ticks from cache
[MOVE_SUB_A] [09:59:07] new symbol CUB — detector + movement_strike instantiated
[MOVE_SUB_A] [09:59:09] new symbol FSI — detector + movement_strike instantiated
[MOVE_SUB_A] [09:59:10] new symbol FWRD — detector + movement_strike instantiated
[MOVE_SUB_A] SEED FWRD replayed 32 ticks from cache
[MOVE_SUB_A] [09:59:12] new symbol GREE — detector + movement_strike instantiated
[MOVE_SUB_A] SEED GREE replayed 11 ticks from cache
[MOVE_SUB_A] [09:59:14] new symbol IPCX — detector + movement_strike instantiated
[MOVE_SUB_A] [09:59:15] new symbol KEEL — detector + movement_strike instantiated
[MOVE_SUB_A] [09:59:17] new symbol LMFA — detector + movement_strike instantiated
[MOVE_SUB_A] SEED LMFA replayed 69 ticks from cache
[MOVE_SUB_A] [09:59:18] new symbol MARA — detector + movement_strike instantiated
[MOVE_SUB_A] [09:59:20] new symbol MSTU — detector + movement_strike instantiated
[MOVE_SUB_A] SEED MSTU replayed 23 ticks from cache
[MOVE_SUB_A] [09:59:22] new symbol MUA — detector + movement_strike instantiated
[MOVE_SUB_A] [09:59:23] new symbol NOK — detector + movement_strike instantiated
[MOVE_SUB_A] [09:59:25] new symbol NU — detector + movement_strike instantiated
[MOVE_SUB_A] [09:59:27] new symbol ONDS — detector + movement_strike instantiated
[MOVE_SUB_A] [09:59:29] new symbol PFSA — detector + movement_strike instantiated
[MOVE_SUB_A] SEED PFSA replayed 2 ticks from cache
[MOVE_SUB_A] [09:59:30] new symbol PYPD — detector + movement_strike instantiated
[MOVE_SUB_A] [09:59:32] new symbol RAM — detector + movement_strike instantiated
[MOVE_SUB_A] SEED RAM replayed 122 ticks from cache
[MOVE_SUB_A] [09:59:33] new symbol RPT — detector + movement_strike instantiated
[MOVE_SUB_A] SEED RPT replayed 41 ticks from cache
[MOVE_SUB_A] [09:59:35] new symbol SKHL — detector + movement_strike instantiated
[MOVE_SUB_A] SEED SKHL replayed 131 ticks from cache
[MOVE_SUB_A] [09:59:37] new symbol SKHX — detector + movement_strike instantiated
[MOVE_SUB_A] SEED SKHX replayed 126 ticks from cache
[MOVE_SUB_A] [09:59:38] new symbol SNDC — detector + movement_strike instantiated
[MOVE_SUB_A] SEED SNDC replayed 11 ticks from cache
[MOVE_SUB_A] [09:59:40] new symbol SNDG — detector + movement_strike instantiated
[MOVE_SUB_A] SEED SNDG replayed 118 ticks from cache
[MOVE_SUB_A] [09:59:42] new symbol SNXX — detector + movement_strike instantiated
[MOVE_SUB_A] SEED SNXX replayed 126 ticks from cache
[MOVE_SUB_A] [09:59:43] new symbol SOFI — detector + movement_strike instantiated
[MOVE_SUB_A] [09:59:45] new symbol SPCH — detector + movement_strike instantiated
[MOVE_SUB_A] [09:59:47] new symbol TSLL — detector + movement_strike instantiated
[MOVE_SUB_A] [09:59:48] new symbol UTZ — detector + movement_strike instantiated
[MOVE_SUB_A] SEED UTZ replayed 47 ticks from cache
[MOVE_SUB_A] [09:59:48] STATS ticks=111 symbols=37 pos=no daily_pnl=+0 drops=0
[MOVE_SUB_A] RECONCILE ADOPT COIG qty=1183 avg=$5.8800 stop=$5.5860 setup=orphan_adopted — managing residual until exit
[MOVE_SUB_A] [09:59:50] new symbol VIVK — detector + movement_strike instantiated
  QUALITY_GATE symbol=VIVK gate=no_reentry result=PASS losses=0/1 trades=0/2
[MOVE_SUB_A] [09:59:50] VIVK ARMED entry=6.5635 stop=6.2900 R=0.2735 score=4.0 — movement_strike history reset
[MOVE_SUB_A] SEED VIVK replayed 18 ticks from cache
[MOVE_SUB_A] [09:59:52] new symbol VOC — detector + movement_strike instantiated
[MOVE_SUB_A] [09:59:53] new symbol ZYBT — detector + movement_strike instantiated
[MOVE_SUB_A] [10:00:27] new symbol BEX — detector + movement_strike instantiated
[MOVE_SUB_A] SEED BEX replayed 2 ticks from cache
[MOVE_SUB_A] [10:00:29] new symbol WDCX — detector + movement_strike instantiated
[MOVE_SUB_A] [10:00:36] new symbol SNDU — detector + movement_strike instantiated
[MOVE_SUB_A] SEED SNDU replayed 2 ticks from cache
[MOVE_SUB_A] [10:00:42] new symbol AXTX — detector + movement_strike instantiated
[MOVE_SUB_A] SEED AXTX replayed 109 ticks from cache
[MOVE_SUB_A] [10:00:44] new symbol CBRG — detector + movement_strike instantiated
[MOVE_SUB_A] SEED CBRG replayed 4 ticks from cache
[MOVE_SUB_A] [10:00:46] new symbol NEBX — detector + movement_strike instantiated
[MOVE_SUB_A] SEED NEBX replayed 2 ticks from cache
[MOVE_SUB_A] [10:00:48] new symbol SKHU — detector + movement_strike instantiated
[MOVE_SUB_A] SEED SKHU replayed 9 ticks from cache
[MOVE_SUB_A] [10:00:48] STATS ticks=1517 symbols=47 pos=YES daily_pnl=+0 drops=0
[MOVE_SUB_A] [10:00:50] new symbol HYNX — detector + movement_strike instantiated
[MOVE_SUB_A] [10:00:54] new symbol SKUU — detector + movement_strike instantiated
[MOVE_SUB_A] SEED SKUU replayed 2 ticks from cache
[MOVE_SUB_A] [10:00:59] new symbol NBIL — detector + movement_strike instantiated
[MOVE_SUB_A] SEED NBIL replayed 2 ticks from cache
[MOVE_SUB_A] [10:01:01] new symbol NBIG — detector + movement_strike instantiated
[MOVE_SUB_A] SEED NBIG replayed 109 ticks from cache
[MOVE_SUB_A] [10:01:03] new symbol AAOX — detector + movement_strike instantiated
[MOVE_SUB_A] SEED AAOX replayed 90 ticks from cache
[MOVE_SUB_A] [10:01:07] new symbol MULL — detector + movement_strike instantiated
[MOVE_SUB_A] SEED MULL replayed 2 ticks from cache
[MOVE_SUB_A] [10:01:09] new symbol ASTX — detector + movement_strike instantiated
  QUALITY_GATE symbol=ASTX gate=no_reentry result=PASS losses=0/1 trades=0/2
[MOVE_SUB_A] [10:01:09] ASTX ARMED entry=11.4600 stop=11.4200 R=0.0400 score=4.5 — movement_strike history reset
[MOVE_SUB_A] SEED ASTX replayed 16 ticks from cache
[MOVE_SUB_A] [10:01:11] new symbol CRCA — detector + movement_strike instantiated
[MOVE_SUB_A] SEED CRCA replayed 113 ticks from cache
[MOVE_SUB_A] [10:01:13] new symbol CRCG — detector + movement_strike instantiated
[MOVE_SUB_A] SEED CRCG replayed 102 ticks from cache
[MOVE_SUB_A] [10:01:16] new symbol LITX — detector + movement_strike instantiated
[MOVE_SUB_A] SEED LITX replayed 1 ticks from cache
[MOVE_SUB_A] [10:01:18] new symbol KORU — detector + movement_strike instantiated
[MOVE_SUB_A] SEED KORU replayed 2 ticks from cache
[MOVE_SUB_A] [10:01:20] new symbol ONDG — detector + movement_strike instantiated
[MOVE_SUB_A] [10:01:22] new symbol INTW — detector + movement_strike instantiated
[MOVE_SUB_A] SEED INTW replayed 3 ticks from cache
[MOVE_SUB_A] [10:01:49] STATS ticks=7587 symbols=60 pos=YES daily_pnl=+0 drops=0
[MOVE_SUB_A] [10:02:49] STATS ticks=14541 symbols=60 pos=YES daily_pnl=+0 drops=0
  QUALITY_GATE symbol=SPCH gate=no_reentry result=PASS losses=0/1 trades=0/2
[MOVE_SUB_A] [10:03:40] new symbol AEHG — detector + movement_strike instantiated
[MOVE_SUB_A] SEED AEHG replayed 13 ticks from cache
[MOVE_SUB_A] [10:03:49] STATS ticks=28187 symbols=61 pos=YES daily_pnl=+0 drops=0
  QUALITY_GATE symbol=CONX gate=no_reentry result=PASS losses=0/1 trades=0/2
[MOVE_SUB_A] [10:03:52] CONX ARMED entry=7.2700 stop=7.2300 R=0.0400 score=4.5 — movement_strike history reset
  QUALITY_GATE symbol=SPCH gate=no_reentry result=PASS losses=0/1 trades=0/2
[MOVE_SUB_A] [10:04:00] SPCH ARMED entry=8.0800 stop=7.9900 R=0.0900 score=5.5 — movement_strike history reset
[MOVE_SUB_A] [10:04:49] STATS ticks=37547 symbols=61 pos=YES daily_pnl=+0 drops=0
[MOVE_SUB_A] [10:05:49] STATS ticks=64296 symbols=61 pos=YES daily_pnl=+0 drops=0
[MOVE_SUB_A] [10:06:49] STATS ticks=80987 symbols=61 pos=YES daily_pnl=+0 drops=0
[MOVE_SUB_A] [10:07:49] STATS ticks=90505 symbols=61 pos=YES daily_pnl=+0 drops=0
  QUALITY_GATE symbol=AEHG gate=no_reentry result=PASS losses=0/1 trades=0/2
[MOVE_SUB_A] [10:08:40] AEHG ARMED entry=11.0400 stop=10.9900 R=0.0500 score=3.0 — movement_strike history reset
[MOVE_SUB_A] [10:08:49] STATS ticks=105420 symbols=61 pos=YES daily_pnl=+0 drops=0
[MOVE_SUB_A] [10:09:19] new symbol POEL — detector + movement_strike instantiated
[MOVE_SUB_A] SEED POEL replayed 5 ticks from cache
[MOVE_SUB_A] [10:09:22] new symbol HODU — detector + movement_strike instantiated
[MOVE_SUB_A] [10:09:25] new symbol AAOG — detector + movement_strike instantiated
[MOVE_SUB_A] SEED AAOG replayed 65 ticks from cache
[MOVE_SUB_A] [10:09:49] STATS ticks=125714 symbols=64 pos=YES daily_pnl=+0 drops=0
[MOVE_SUB_A] RECONCILE FLATTEN COIG: bot tracked but broker has no shares — clearing local state
[MOVE_SUB_A] [10:10:50] STATS ticks=129856 symbols=64 pos=no daily_pnl=+0 drops=0
[MOVE_SUB_A] [10:11:50] STATS ticks=131487 symbols=64 pos=no daily_pnl=+0 drops=0
[MOVE_SUB_A] [10:12:50] STATS ticks=133369 symbols=64 pos=no daily_pnl=+0 drops=0
[MOVE_SUB_A] [10:13:47] new symbol FEMY — detector + movement_strike instantiated
[MOVE_SUB_A] [10:13:50] STATS ticks=134829 symbols=65 pos=no daily_pnl=+0 drops=0
[MOVE_SUB_A] [10:14:01] new symbol BANL — detector + movement_strike instantiated
[MOVE_SUB_A] [10:14:50] STATS ticks=136630 symbols=66 pos=no daily_pnl=+0 drops=0
[MOVE_SUB_A] [10:15:47] new symbol APLX — detector + movement_strike instantiated
[MOVE_SUB_A] SEED APLX replayed 78 ticks from cache
[MOVE_SUB_A] [10:15:50] STATS ticks=150246 symbols=67 pos=no daily_pnl=+0 drops=0
[MOVE_SUB_A] [10:15:51] new symbol ONDL — detector + movement_strike instantiated
[MOVE_SUB_A] [10:16:19] new symbol MSTX — detector + movement_strike instantiated
[MOVE_SUB_A] SEED MSTX replayed 32 ticks from cache
[MOVE_SUB_A] [10:16:50] STATS ticks=163652 symbols=69 pos=no daily_pnl=+0 drops=0
[MOVE_SUB_A] [10:17:50] STATS ticks=176122 symbols=69 pos=no daily_pnl=+0 drops=0
  QUALITY_GATE symbol=SPCH gate=no_reentry result=PASS losses=0/1 trades=0/2
[MOVE_SUB_A] [10:18:00] SPCH ARMED entry=8.1800 stop=8.0700 R=0.1100 score=6.1 — movement_strike history reset
[MOVE_SUB_A] [10:18:06] SPCH FLOAT_GATE_BLOCK float=NoneM cap=5.0M
[MOVE_SUB_A] [10:18:50] STATS ticks=181987 symbols=69 pos=no daily_pnl=+0 drops=0
  QUALITY_GATE symbol=SPCH gate=no_reentry result=PASS losses=0/1 trades=0/2
[MOVE_SUB_A] [10:19:00] SPCH ARMED entry=8.2100 stop=8.0700 R=0.1400 score=8.5 — movement_strike history reset
[MOVE_SUB_A] [10:19:00] SPCH FLOAT_GATE_BLOCK float=NoneM cap=5.0M
[MOVE_SUB_A] [10:19:24] new symbol UMAL — detector + movement_strike instantiated
[MOVE_SUB_A] [10:19:50] STATS ticks=194576 symbols=70 pos=no daily_pnl=+0 drops=0
[MOVE_SUB_A] [10:20:50] STATS ticks=205143 symbols=70 pos=no daily_pnl=+0 drops=0
[MOVE_SUB_A] [10:21:50] STATS ticks=211553 symbols=70 pos=no daily_pnl=+0 drops=0
[MOVE_SUB_A] signal 15 received — stopping
[MOVE_SUB_A] consume loop exited
=== relaunch A PURE_MP @ 10:22:09 ET ===
Traceback (most recent call last):
  File "/Users/duffy/warrior_bot_v2/move_strike_subbot.py", line 55, in <module>
    from dotenv import load_dotenv
ModuleNotFoundError: No module named 'dotenv'
=== relaunch A PURE_MP @ 10:22:54 ET ===
[MOVE_SUB_A] Alpaca PAPER connected — account=PA3RRCLS7OMI equity=$5,348
[MOVE_SUB_A] starting consume loop
[MOVE_SUB_A] engine socket not ready yet (ConnectionRefusedError(61, 'Connection refused')) — retrying every 2s
[MOVE_SUB_A] signal 15 received — stopping
[MOVE_SUB_A] could not connect to engine — exiting
[MOVE_SUB_A] consume loop exited
[MOVE_SUB_A] Alpaca PAPER connected — account=PA3RRCLS7OMI equity=$5,348
[MOVE_SUB_A] starting consume loop
[MOVE_SUB_A] [10:41:45] connected to engine (/tmp/warrior_engine.sock) attempt=1
[MOVE_SUB_A] [10:41:46] new symbol BMNR — detector + movement_strike instantiated
[MOVE_SUB_A] SEED BMNR replayed 4 ticks from cache
[MOVE_SUB_A] [10:41:48] new symbol CBRG — detector + movement_strike instantiated
[MOVE_SUB_A] SEED CBRG replayed 24 ticks from cache
[MOVE_SUB_A] [10:41:49] new symbol CBRX — detector + movement_strike instantiated
  QUALITY_GATE symbol=CBRX gate=no_reentry result=PASS losses=0/1 trades=0/2
[MOVE_SUB_A] [10:41:49] CBRX ARMED entry=12.3100 stop=12.1900 R=0.1200 score=5.5 — movement_strike history reset
[MOVE_SUB_A] SEED CBRX replayed 25 ticks from cache
[MOVE_SUB_A] [10:41:51] new symbol CEPV — detector + movement_strike instantiated
[MOVE_SUB_A] [10:41:52] new symbol COIA — detector + movement_strike instantiated
[MOVE_SUB_A] SEED COIA replayed 30 ticks from cache
[MOVE_SUB_A] [10:41:54] new symbol COIG — detector + movement_strike instantiated
  QUALITY_GATE symbol=COIG gate=no_reentry result=PASS losses=0/1 trades=0/2
[MOVE_SUB_A] [10:41:54] COIG ARMED entry=5.7500 stop=5.6400 R=0.1100 score=5.5 — movement_strike history reset
[MOVE_SUB_A] SEED COIG replayed 37 ticks from cache
[MOVE_SUB_A] [10:41:55] new symbol CONL — detector + movement_strike instantiated
  QUALITY_GATE symbol=CONL gate=no_reentry result=PASS losses=0/1 trades=0/2
[MOVE_SUB_A] [10:41:55] CONL ARMED entry=5.4100 stop=5.3800 R=0.0300 score=4.5 — movement_strike history reset
[MOVE_SUB_A] SEED CONL replayed 59 ticks from cache
[MOVE_SUB_A] [10:41:57] new symbol CONX — detector + movement_strike instantiated
  QUALITY_GATE symbol=CONX gate=no_reentry result=PASS losses=0/1 trades=0/2
[MOVE_SUB_A] [10:41:57] CONX ARMED entry=7.2700 stop=7.2300 R=0.0400 score=4.5 — movement_strike history reset
[MOVE_SUB_A] SEED CONX replayed 27 ticks from cache
[MOVE_SUB_A] [10:41:58] new symbol CRNT — detector + movement_strike instantiated
[MOVE_SUB_A] SEED CRNT replayed 63 ticks from cache
[MOVE_SUB_A] [10:42:00] new symbol DFNS — detector + movement_strike instantiated
[MOVE_SUB_A] SEED DFNS replayed 8 ticks from cache
[MOVE_SUB_A] [10:42:02] new symbol DSM — detector + movement_strike instantiated
[MOVE_SUB_A] [10:42:03] new symbol FEMY — detector + movement_strike instantiated
[MOVE_SUB_A] SEED FEMY replayed 4 ticks from cache
[MOVE_SUB_A] [10:42:05] new symbol FSI — detector + movement_strike instantiated
[MOVE_SUB_A] SEED FSI replayed 4 ticks from cache
[MOVE_SUB_A] [10:42:06] new symbol GREE — detector + movement_strike instantiated
[MOVE_SUB_A] SEED GREE replayed 41 ticks from cache
[MOVE_SUB_A] [10:42:08] new symbol IPCX — detector + movement_strike instantiated
[MOVE_SUB_A] SEED IPCX replayed 2 ticks from cache
[MOVE_SUB_A] [10:42:09] new symbol LMFA — detector + movement_strike instantiated
[MOVE_SUB_A] SEED LMFA replayed 76 ticks from cache
[MOVE_SUB_A] [10:42:11] new symbol MSTU — detector + movement_strike instantiated
[MOVE_SUB_A] SEED MSTU replayed 27 ticks from cache
[MOVE_SUB_A] [10:42:12] new symbol MUA — detector + movement_strike instantiated
[MOVE_SUB_A] SEED MUA replayed 2 ticks from cache
[MOVE_SUB_A] [10:42:13] new symbol NBIG — detector + movement_strike instantiated
[MOVE_SUB_A] SEED NBIG replayed 137 ticks from cache
[MOVE_SUB_A] [10:42:15] new symbol NMT — detector + movement_strike instantiated
[MOVE_SUB_A] [10:42:17] new symbol NOK — detector + movement_strike instantiated
[MOVE_SUB_A] SEED NOK replayed 4 ticks from cache
[MOVE_SUB_A] [10:42:18] new symbol NU — detector + movement_strike instantiated
[MOVE_SUB_A] SEED NU replayed 4 ticks from cache
[MOVE_SUB_A] [10:42:20] new symbol NVD — detector + movement_strike instantiated
[MOVE_SUB_A] [10:42:21] new symbol ONDG — detector + movement_strike instantiated
[MOVE_SUB_A] SEED ONDG replayed 15 ticks from cache
[MOVE_SUB_A] [10:42:23] new symbol ONDL — detector + movement_strike instantiated
[MOVE_SUB_A] SEED ONDL replayed 13 ticks from cache
[MOVE_SUB_A] [10:42:24] new symbol ONDS — detector + movement_strike instantiated
[MOVE_SUB_A] SEED ONDS replayed 3 ticks from cache
[MOVE_SUB_A] [10:42:26] new symbol ONDU — detector + movement_strike instantiated
[MOVE_SUB_A] SEED ONDU replayed 12 ticks from cache
[MOVE_SUB_A] [10:42:28] new symbol PATH — detector + movement_strike instantiated
[MOVE_SUB_A] [10:42:29] new symbol PYPD — detector + movement_strike instantiated
[MOVE_SUB_A] SEED PYPD replayed 2 ticks from cache
[MOVE_SUB_A] [10:42:30] new symbol RPT — detector + movement_strike instantiated
[MOVE_SUB_A] SEED RPT replayed 53 ticks from cache
[MOVE_SUB_A] [10:42:32] new symbol SMHB — detector + movement_strike instantiated
[MOVE_SUB_A] [10:42:34] new symbol SNDC — detector + movement_strike instantiated
[MOVE_SUB_A] SEED SNDC replayed 20 ticks from cache
[MOVE_SUB_A] [10:42:35] new symbol SNXX — detector + movement_strike instantiated
[MOVE_SUB_A] SEED SNXX replayed 46,993 ticks from cache
[MOVE_SUB_A] [10:42:37] new symbol SOFI — detector + movement_strike instantiated
[MOVE_SUB_A] SEED SOFI replayed 3 ticks from cache
[MOVE_SUB_A] [10:42:38] new symbol SPDN — detector + movement_strike instantiated
[MOVE_SUB_A] [10:42:40] new symbol TSLG — detector + movement_strike instantiated
[MOVE_SUB_A] [10:42:41] new symbol TSLL — detector + movement_strike instantiated
[MOVE_SUB_A] SEED TSLL replayed 3 ticks from cache
[MOVE_SUB_A] [10:42:43] new symbol UTZ — detector + movement_strike instantiated
[MOVE_SUB_A] SEED UTZ replayed 77 ticks from cache
[MOVE_SUB_A] [10:42:44] new symbol VIVK — detector + movement_strike instantiated
  QUALITY_GATE symbol=VIVK gate=no_reentry result=PASS losses=0/1 trades=0/2
[MOVE_SUB_A] [10:42:45] VIVK ARMED entry=6.5635 stop=6.2900 R=0.2735 score=4.0 — movement_strike history reset
[MOVE_SUB_A] SEED VIVK replayed 281,100 ticks from cache
[MOVE_SUB_A] [10:42:45] STATS ticks=67 symbols=39 pos=no daily_pnl=+0 drops=0
[MOVE_SUB_A] [10:42:46] new symbol WGRX — detector + movement_strike instantiated
[MOVE_SUB_A] SEED WGRX replayed 3 ticks from cache
[MOVE_SUB_A] [10:42:48] new symbol XXI — detector + movement_strike instantiated
[MOVE_SUB_A] [10:42:49] new symbol ZYBT — detector + movement_strike instantiated
[MOVE_SUB_A] SEED ZYBT replayed 3 ticks from cache
  QUALITY_GATE symbol=DFNS gate=no_reentry result=PASS losses=0/1 trades=0/2
[MOVE_SUB_A] [10:43:18] new symbol AEHG — detector + movement_strike instantiated
  QUALITY_GATE symbol=AEHG gate=no_reentry result=PASS losses=0/1 trades=0/2
[MOVE_SUB_A] [10:43:18] AEHG ARMED entry=11.0400 stop=10.9900 R=0.0500 score=3.0 — movement_strike history reset
[MOVE_SUB_A] SEED AEHG replayed 36 ticks from cache
[MOVE_SUB_A] [10:43:22] new symbol NEBX — detector + movement_strike instantiated
[MOVE_SUB_A] SEED NEBX replayed 6 ticks from cache
[MOVE_SUB_A] [10:43:24] new symbol NBIL — detector + movement_strike instantiated
[MOVE_SUB_A] SEED NBIL replayed 11 ticks from cache
[MOVE_SUB_A] [10:43:28] new symbol BEX — detector + movement_strike instantiated
[MOVE_SUB_A] SEED BEX replayed 9 ticks from cache
[MOVE_SUB_A] [10:43:32] new symbol WDCX — detector + movement_strike instantiated
[MOVE_SUB_A] SEED WDCX replayed 10 ticks from cache
[MOVE_SUB_A] [10:43:40] new symbol AAOX — detector + movement_strike instantiated
[MOVE_SUB_A] SEED AAOX replayed 109 ticks from cache
[MOVE_SUB_A] [10:43:44] new symbol SNDG — detector + movement_strike instantiated
[MOVE_SUB_A] SEED SNDG replayed 135 ticks from cache
[MOVE_SUB_A] [10:43:45] STATS ticks=1240 symbols=49 pos=no daily_pnl=+0 drops=0
[MOVE_SUB_A] [10:43:46] new symbol SNDU — detector + movement_strike instantiated
[MOVE_SUB_A] SEED SNDU replayed 9 ticks from cache
[MOVE_SUB_A] [10:43:49] new symbol AAOG — detector + movement_strike instantiated
[MOVE_SUB_A] SEED AAOG replayed 69 ticks from cache
[MOVE_SUB_A] [10:43:50] new symbol ASTX — detector + movement_strike instantiated
  QUALITY_GATE symbol=ASTX gate=no_reentry result=PASS losses=0/1 trades=0/2
[MOVE_SUB_A] [10:43:50] ASTX ARMED entry=11.4600 stop=11.4200 R=0.0400 score=4.5 — movement_strike history reset
[MOVE_SUB_A] SEED ASTX replayed 32 ticks from cache
[MOVE_SUB_A] [10:43:52] new symbol SKUU — detector + movement_strike instantiated
[MOVE_SUB_A] SEED SKUU replayed 11 ticks from cache
[MOVE_SUB_A] [10:43:54] new symbol HYNX — detector + movement_strike instantiated
[MOVE_SUB_A] SEED HYNX replayed 6 ticks from cache
[MOVE_SUB_A] [10:43:57] new symbol AXTX — detector + movement_strike instantiated
[MOVE_SUB_A] SEED AXTX replayed 116 ticks from cache
[MOVE_SUB_A] [10:43:58] new symbol SKHL — detector + movement_strike instantiated
[MOVE_SUB_A] SEED SKHL replayed 146 ticks from cache
[MOVE_SUB_A] [10:44:01] new symbol SKHX — detector + movement_strike instantiated
[MOVE_SUB_A] SEED SKHX replayed 143 ticks from cache
[MOVE_SUB_A] [10:44:02] new symbol SKHU — detector + movement_strike instantiated
[MOVE_SUB_A] SEED SKHU replayed 15 ticks from cache
[MOVE_SUB_A] [10:44:04] new symbol FWRD — detector + movement_strike instantiated
[MOVE_SUB_A] SEED FWRD replayed 51 ticks from cache
[MOVE_SUB_A] [10:44:06] new symbol RAM — detector + movement_strike instantiated
[MOVE_SUB_A] SEED RAM replayed 8,976 ticks from cache
[MOVE_SUB_A] [10:44:08] new symbol MULL — detector + movement_strike instantiated
[MOVE_SUB_A] SEED MULL replayed 4 ticks from cache
[MOVE_SUB_A] [10:44:11] new symbol APLX — detector + movement_strike instantiated
[MOVE_SUB_A] SEED APLX replayed 82 ticks from cache
[MOVE_SUB_A] [10:44:45] STATS ticks=2688 symbols=62 pos=no daily_pnl=+0 drops=0
[MOVE_SUB_A] [10:45:45] STATS ticks=6666 symbols=62 pos=no daily_pnl=+0 drops=0
[MOVE_SUB_A] [10:46:45] STATS ticks=9379 symbols=62 pos=no daily_pnl=+0 drops=0
[MOVE_SUB_A] [10:46:51] new symbol BANL — detector + movement_strike instantiated
[MOVE_SUB_A] SEED BANL replayed 11 ticks from cache
[MOVE_SUB_A] [10:47:45] STATS ticks=13342 symbols=63 pos=no daily_pnl=+0 drops=0
[MOVE_SUB_A] [10:48:46] STATS ticks=16875 symbols=63 pos=no daily_pnl=+0 drops=0
[MOVE_SUB_A] [10:49:46] STATS ticks=20132 symbols=63 pos=no daily_pnl=+0 drops=0
[MOVE_SUB_A] [10:50:46] STATS ticks=22487 symbols=63 pos=no daily_pnl=+0 drops=0
[MOVE_SUB_A] [10:51:46] STATS ticks=23988 symbols=63 pos=no daily_pnl=+0 drops=0
[MOVE_SUB_A] [10:52:19] new symbol ASTY — detector + movement_strike instantiated
[MOVE_SUB_A] SEED ASTY replayed 11 ticks from cache
[MOVE_SUB_A] [10:52:24] new symbol CIFG — detector + movement_strike instantiated
[MOVE_SUB_A] SEED CIFG replayed 15 ticks from cache
[MOVE_SUB_A] [10:52:46] STATS ticks=25511 symbols=65 pos=no daily_pnl=+0 drops=0
[MOVE_SUB_A] [10:53:46] STATS ticks=26943 symbols=65 pos=no daily_pnl=+0 drops=0
[MOVE_SUB_A] [10:54:46] STATS ticks=28772 symbols=65 pos=no daily_pnl=+0 drops=0
[MOVE_SUB_A] [10:55:46] STATS ticks=30916 symbols=65 pos=no daily_pnl=+0 drops=0
[MOVE_SUB_A] [10:56:46] STATS ticks=32607 symbols=65 pos=no daily_pnl=+0 drops=0
[MOVE_SUB_A] [10:57:46] STATS ticks=34268 symbols=65 pos=no daily_pnl=+0 drops=0
[MOVE_SUB_A] [10:58:46] STATS ticks=36336 symbols=65 pos=no daily_pnl=+0 drops=0
[MOVE_SUB_A] [10:59:11] new symbol LPTH — detector + movement_strike instantiated
[MOVE_SUB_A] SEED LPTH replayed 3 ticks from cache
[MOVE_SUB_A] [10:59:47] STATS ticks=37947 symbols=66 pos=no daily_pnl=+0 drops=0
[MOVE_SUB_A] [11:00:47] STATS ticks=39644 symbols=66 pos=no daily_pnl=+0 drops=0
[MOVE_SUB_A] [11:01:36] new symbol CPHI — detector + movement_strike instantiated
[MOVE_SUB_A] [11:01:47] STATS ticks=41301 symbols=67 pos=no daily_pnl=+0 drops=0
[MOVE_SUB_A] [11:02:26] new symbol AXTU — detector + movement_strike instantiated
[MOVE_SUB_A] SEED AXTU replayed 4 ticks from cache
[MOVE_SUB_A] [11:02:47] STATS ticks=43345 symbols=68 pos=no daily_pnl=+0 drops=0
[MOVE_SUB_A] [11:03:47] STATS ticks=44867 symbols=68 pos=no daily_pnl=+0 drops=0
[MOVE_SUB_A] [11:04:47] STATS ticks=46867 symbols=68 pos=no daily_pnl=+0 drops=0
[MOVE_SUB_A] [11:05:48] STATS ticks=50101 symbols=68 pos=no daily_pnl=+0 drops=0
[MOVE_SUB_A] [11:06:48] STATS ticks=55501 symbols=68 pos=no daily_pnl=+0 drops=0
[MOVE_SUB_A] [11:07:17] new symbol HOVR — detector + movement_strike instantiated
[MOVE_SUB_A] [11:07:48] STATS ticks=61364 symbols=69 pos=no daily_pnl=+0 drops=0
[MOVE_SUB_A] [11:08:48] STATS ticks=64518 symbols=69 pos=no daily_pnl=+0 drops=0
[MOVE_SUB_A] [11:09:48] STATS ticks=68604 symbols=69 pos=no daily_pnl=+0 drops=0
[MOVE_SUB_A] [11:10:48] STATS ticks=72074 symbols=69 pos=no daily_pnl=+0 drops=0
[MOVE_SUB_A] [11:11:48] STATS ticks=75649 symbols=69 pos=no daily_pnl=+0 drops=0
[MOVE_SUB_A] [11:12:07] new symbol AXTL — detector + movement_strike instantiated
[MOVE_SUB_A] SEED AXTL replayed 2 ticks from cache
[MOVE_SUB_A] [11:12:27] new symbol OUSL — detector + movement_strike instantiated
[MOVE_SUB_A] [11:12:48] STATS ticks=81413 symbols=71 pos=no daily_pnl=+0 drops=0
[MOVE_SUB_A] [11:13:49] STATS ticks=88397 symbols=71 pos=no daily_pnl=+0 drops=0
[MOVE_SUB_A] [11:14:49] STATS ticks=92359 symbols=71 pos=no daily_pnl=+0 drops=0
[MOVE_SUB_A] [11:15:49] STATS ticks=95439 symbols=71 pos=no daily_pnl=+0 drops=0
[MOVE_SUB_A] [11:16:49] STATS ticks=99226 symbols=71 pos=no daily_pnl=+0 drops=0
[MOVE_SUB_A] [11:17:27] new symbol POEL — detector + movement_strike instantiated
[MOVE_SUB_A] SEED POEL replayed 23 ticks from cache
[MOVE_SUB_A] [11:17:49] STATS ticks=102757 symbols=72 pos=no daily_pnl=+0 drops=0
[MOVE_SUB_A] [11:18:49] STATS ticks=106482 symbols=72 pos=no daily_pnl=+0 drops=0
[MOVE_SUB_A] [11:19:49] STATS ticks=109924 symbols=72 pos=no daily_pnl=+0 drops=0
[MOVE_SUB_A] [11:20:49] STATS ticks=112610 symbols=72 pos=no daily_pnl=+0 drops=0
[MOVE_SUB_A] [11:21:50] STATS ticks=119671 symbols=72 pos=no daily_pnl=+0 drops=0
[MOVE_SUB_A] [11:22:28] new symbol ASTG — detector + movement_strike instantiated
[MOVE_SUB_A] [11:22:50] STATS ticks=123956 symbols=73 pos=no daily_pnl=+0 drops=0
[MOVE_SUB_A] [11:23:50] STATS ticks=129441 symbols=73 pos=no daily_pnl=+0 drops=0
[MOVE_SUB_A] [11:24:50] STATS ticks=136451 symbols=73 pos=no daily_pnl=+0 drops=0
[MOVE_SUB_A] [11:25:50] STATS ticks=144431 symbols=73 pos=no daily_pnl=+0 drops=0
  QUALITY_GATE symbol=CPHI gate=no_reentry result=PASS losses=0/1 trades=0/2
[MOVE_SUB_A] [11:26:50] STATS ticks=149873 symbols=73 pos=no daily_pnl=+0 drops=0
[MOVE_SUB_A] [11:27:51] STATS ticks=153061 symbols=73 pos=no daily_pnl=+0 drops=0
[MOVE_SUB_A] [11:28:51] STATS ticks=156567 symbols=73 pos=no daily_pnl=+0 drops=0
[MOVE_SUB_A] [11:29:51] STATS ticks=159782 symbols=73 pos=no daily_pnl=+0 drops=0
[MOVE_SUB_A] [11:30:51] STATS ticks=164068 symbols=73 pos=no daily_pnl=+0 drops=0
[MOVE_SUB_A] [11:31:51] STATS ticks=166139 symbols=73 pos=no daily_pnl=+0 drops=0
[MOVE_SUB_A] [11:32:51] STATS ticks=168475 symbols=73 pos=no daily_pnl=+0 drops=0
[MOVE_SUB_A] [11:33:51] STATS ticks=170435 symbols=73 pos=no daily_pnl=+0 drops=0
[MOVE_SUB_A] [11:34:51] STATS ticks=172444 symbols=73 pos=no daily_pnl=+0 drops=0
[MOVE_SUB_A] [11:35:51] STATS ticks=175898 symbols=73 pos=no daily_pnl=+0 drops=0
[MOVE_SUB_A] [11:36:52] STATS ticks=178550 symbols=73 pos=no daily_pnl=+0 drops=0
[MOVE_SUB_A] [11:37:52] STATS ticks=182712 symbols=73 pos=no daily_pnl=+0 drops=0
[MOVE_SUB_A] [11:38:52] STATS ticks=185856 symbols=73 pos=no daily_pnl=+0 drops=0
[MOVE_SUB_A] [11:39:52] STATS ticks=189794 symbols=73 pos=no daily_pnl=+0 drops=0
[MOVE_SUB_A] [11:40:52] STATS ticks=194399 symbols=73 pos=no daily_pnl=+0 drops=0
[MOVE_SUB_A] [11:41:52] STATS ticks=197993 symbols=73 pos=no daily_pnl=+0 drops=0
[MOVE_SUB_A] [11:42:52] STATS ticks=200914 symbols=73 pos=no daily_pnl=+0 drops=0
[MOVE_SUB_A] [11:43:53] STATS ticks=204899 symbols=73 pos=no daily_pnl=+0 drops=0
[MOVE_SUB_A] [11:44:53] STATS ticks=208487 symbols=73 pos=no daily_pnl=+0 drops=0
[MOVE_SUB_A] [11:45:54] STATS ticks=210292 symbols=73 pos=no daily_pnl=+0 drops=0
[MOVE_SUB_A] [11:46:54] STATS ticks=212193 symbols=73 pos=no daily_pnl=+0 drops=0
[MOVE_SUB_A] [11:47:54] STATS ticks=213544 symbols=73 pos=no daily_pnl=+0 drops=0
[MOVE_SUB_A] [11:48:54] STATS ticks=215195 symbols=73 pos=no daily_pnl=+0 drops=0
  QUALITY_GATE symbol=GREE gate=no_reentry result=PASS losses=0/1 trades=0/2
[MOVE_SUB_A] [11:49:05] GREE ARMED entry=2.9400 stop=2.8900 R=0.0500 score=8.3 — movement_strike history reset
[MOVE_SUB_A] [11:49:18] GREE FLOAT_GATE_BLOCK float=10.732606M cap=5.0M
[MOVE_SUB_A] [11:49:54] STATS ticks=216848 symbols=73 pos=no daily_pnl=+0 drops=0
[MOVE_SUB_A] [11:50:54] STATS ticks=219682 symbols=73 pos=no daily_pnl=+0 drops=0
[MOVE_SUB_A] [11:51:54] STATS ticks=222006 symbols=73 pos=no daily_pnl=+0 drops=0
[MOVE_SUB_A] [11:52:54] STATS ticks=224260 symbols=73 pos=no daily_pnl=+0 drops=0
[MOVE_SUB_A] [11:53:55] STATS ticks=229107 symbols=73 pos=no daily_pnl=+0 drops=0
[MOVE_SUB_A] [11:54:55] STATS ticks=232505 symbols=73 pos=no daily_pnl=+0 drops=0
[MOVE_SUB_A] [11:55:55] STATS ticks=236924 symbols=73 pos=no daily_pnl=+0 drops=0
[MOVE_SUB_A] [11:56:55] STATS ticks=244154 symbols=73 pos=no daily_pnl=+0 drops=0
[MOVE_SUB_A] [11:57:55] STATS ticks=250394 symbols=73 pos=no daily_pnl=+0 drops=0
[MOVE_SUB_A] [11:58:55] STATS ticks=252752 symbols=73 pos=no daily_pnl=+0 drops=0
[MOVE_SUB_A] [11:59:55] STATS ticks=255841 symbols=73 pos=no daily_pnl=+0 drops=0
[MOVE_SUB_A] [12:00:56] STATS ticks=259457 symbols=73 pos=no daily_pnl=+0 drops=0
[MOVE_SUB_A] [12:01:56] STATS ticks=267246 symbols=73 pos=no daily_pnl=+0 drops=0
[MOVE_SUB_A] [12:02:56] STATS ticks=270376 symbols=73 pos=no daily_pnl=+0 drops=0
[MOVE_SUB_A] [12:03:56] STATS ticks=273476 symbols=73 pos=no daily_pnl=+0 drops=0
[MOVE_SUB_A] [12:04:56] STATS ticks=275509 symbols=73 pos=no daily_pnl=+0 drops=0
[MOVE_SUB_A] [12:05:56] STATS ticks=277021 symbols=73 pos=no daily_pnl=+0 drops=0
[MOVE_SUB_A] [12:06:56] STATS ticks=281692 symbols=73 pos=no daily_pnl=+0 drops=0
[MOVE_SUB_A] [12:07:56] STATS ticks=286523 symbols=73 pos=no daily_pnl=+0 drops=0
[MOVE_SUB_A] [12:08:56] STATS ticks=289606 symbols=73 pos=no daily_pnl=+0 drops=0
[MOVE_SUB_A] [12:09:57] STATS ticks=291742 symbols=73 pos=no daily_pnl=+0 drops=0
[MOVE_SUB_A] [12:10:57] STATS ticks=293700 symbols=73 pos=no daily_pnl=+0 drops=0
[MOVE_SUB_A] [12:11:57] STATS ticks=296426 symbols=73 pos=no daily_pnl=+0 drops=0
[MOVE_SUB_A] [12:12:57] STATS ticks=298319 symbols=73 pos=no daily_pnl=+0 drops=0
[MOVE_SUB_A] [12:13:57] STATS ticks=302003 symbols=73 pos=no daily_pnl=+0 drops=0
[MOVE_SUB_A] [12:14:14] new symbol KORU — detector + movement_strike instantiated
[MOVE_SUB_A] SEED KORU replayed 3 ticks from cache
[MOVE_SUB_A] [12:14:58] STATS ticks=305923 symbols=74 pos=no daily_pnl=+0 drops=0
[MOVE_SUB_A] [12:15:58] STATS ticks=308363 symbols=74 pos=no daily_pnl=+0 drops=0
[MOVE_SUB_A] [12:16:58] STATS ticks=310513 symbols=74 pos=no daily_pnl=+0 drops=0
[MOVE_SUB_A] [12:17:58] STATS ticks=314277 symbols=74 pos=no daily_pnl=+0 drops=0
[MOVE_SUB_A] [12:18:58] STATS ticks=316452 symbols=74 pos=no daily_pnl=+0 drops=0
[MOVE_SUB_A] [12:19:58] STATS ticks=319772 symbols=74 pos=no daily_pnl=+0 drops=0
[MOVE_SUB_A] [12:20:58] STATS ticks=322343 symbols=74 pos=no daily_pnl=+0 drops=0
  QUALITY_GATE symbol=SNXX gate=no_reentry result=PASS losses=0/1 trades=0/2
[MOVE_SUB_A] [12:21:00] SNXX ARMED entry=17.4800 stop=17.3600 R=0.1200 score=8.5 — movement_strike history reset
[MOVE_SUB_A] [12:21:00] SNXX FLOAT_GATE_BLOCK float=8175.0M cap=5.0M
[MOVE_SUB_A] [12:21:59] STATS ticks=324607 symbols=74 pos=no daily_pnl=+0 drops=0
[MOVE_SUB_A] [12:22:59] STATS ticks=328928 symbols=74 pos=no daily_pnl=+0 drops=0
  QUALITY_GATE symbol=SNXX gate=no_reentry result=PASS losses=0/1 trades=0/2
[MOVE_SUB_A] [12:23:00] SNXX ARMED entry=17.5400 stop=17.3600 R=0.1800 score=8.5 — movement_strike history reset
[MOVE_SUB_A] [12:23:02] SNXX FLOAT_GATE_BLOCK float=8175.0M cap=5.0M
[MOVE_SUB_A] [12:23:59] STATS ticks=331644 symbols=74 pos=no daily_pnl=+0 drops=0
[MOVE_SUB_A] [12:24:59] STATS ticks=333645 symbols=74 pos=no daily_pnl=+0 drops=0
[MOVE_SUB_A] [12:25:59] STATS ticks=335623 symbols=74 pos=no daily_pnl=+0 drops=0
[MOVE_SUB_A] [12:26:59] STATS ticks=337769 symbols=74 pos=no daily_pnl=+0 drops=0
[MOVE_SUB_A] [12:28:00] STATS ticks=339006 symbols=74 pos=no daily_pnl=+0 drops=0
[MOVE_SUB_A] [12:29:00] STATS ticks=340359 symbols=74 pos=no daily_pnl=+0 drops=0
[MOVE_SUB_A] [12:30:00] STATS ticks=341402 symbols=74 pos=no daily_pnl=+0 drops=0
[MOVE_SUB_A] [12:31:00] STATS ticks=342804 symbols=74 pos=no daily_pnl=+0 drops=0
  QUALITY_GATE symbol=CBRG gate=no_reentry result=PASS losses=0/1 trades=0/2
[MOVE_SUB_A] [12:31:00] CBRG ARMED entry=4.4400 stop=4.3700 R=0.0700 score=10.3 — movement_strike history reset
[MOVE_SUB_A] [12:31:01] 🟩 ENTRY CBRG qty=3819 limit=$4.51 (anomaly@$4.44) stop=$4.37 R=$0.0700 score=10.3
[MOVE_SUB_A] [12:31:03] CBRG entry FILLED @ $4.4500 qty=3819 (limit was $4.51)
[MOVE_SUB_A] [12:32:00] STATS ticks=343979 symbols=74 pos=YES daily_pnl=+0 drops=0
[MOVE_SUB_A] [12:33:00] STATS ticks=345151 symbols=74 pos=YES daily_pnl=+0 drops=0
[MOVE_SUB_A] [12:34:00] STATS ticks=346721 symbols=74 pos=YES daily_pnl=+0 drops=0
[MOVE_SUB_A] [12:35:00] STATS ticks=348117 symbols=74 pos=YES daily_pnl=+0 drops=0
[MOVE_SUB_A] [12:36:01] STATS ticks=349104 symbols=74 pos=YES daily_pnl=+0 drops=0
[MOVE_SUB_A] [12:37:01] STATS ticks=350369 symbols=74 pos=YES daily_pnl=+0 drops=0
[MOVE_SUB_A] [12:38:01] STATS ticks=351930 symbols=74 pos=YES daily_pnl=+0 drops=0
[MOVE_SUB_A] [12:39:01] STATS ticks=353300 symbols=74 pos=YES daily_pnl=+0 drops=0
[MOVE_SUB_A] [12:40:01] STATS ticks=354754 symbols=74 pos=YES daily_pnl=+0 drops=0
[MOVE_SUB_A] [12:41:01] STATS ticks=356454 symbols=74 pos=YES daily_pnl=+0 drops=0
[MOVE_SUB_A] [12:42:01] STATS ticks=357965 symbols=74 pos=YES daily_pnl=+0 drops=0
[MOVE_SUB_A] [12:43:01] STATS ticks=359277 symbols=74 pos=YES daily_pnl=+0 drops=0
[MOVE_SUB_A] [12:44:01] STATS ticks=361016 symbols=74 pos=YES daily_pnl=+0 drops=0
[MOVE_SUB_A] [12:45:01] STATS ticks=362029 symbols=74 pos=YES daily_pnl=+0 drops=0
[MOVE_SUB_A] [12:46:01] STATS ticks=363187 symbols=74 pos=YES daily_pnl=+0 drops=0
[MOVE_SUB_A] [12:47:01] STATS ticks=364415 symbols=74 pos=YES daily_pnl=+0 drops=0
[MOVE_SUB_A] [12:48:02] STATS ticks=365525 symbols=74 pos=YES daily_pnl=+0 drops=0
[MOVE_SUB_A] [12:49:02] STATS ticks=366416 symbols=74 pos=YES daily_pnl=+0 drops=0
[MOVE_SUB_A] [12:50:02] STATS ticks=368559 symbols=74 pos=YES daily_pnl=+0 drops=0
[MOVE_SUB_A] [12:51:02] STATS ticks=370354 symbols=74 pos=YES daily_pnl=+0 drops=0
[MOVE_SUB_A] [12:52:02] STATS ticks=371632 symbols=74 pos=YES daily_pnl=+0 drops=0
[MOVE_SUB_A] [12:53:02] STATS ticks=373251 symbols=74 pos=YES daily_pnl=+0 drops=0
[MOVE_SUB_A] [12:54:02] STATS ticks=374875 symbols=74 pos=YES daily_pnl=+0 drops=0
[MOVE_SUB_A] [12:55:02] STATS ticks=376325 symbols=74 pos=YES daily_pnl=+0 drops=0
[MOVE_SUB_A] [12:56:02] STATS ticks=377564 symbols=74 pos=YES daily_pnl=+0 drops=0
[MOVE_SUB_A] [12:57:02] STATS ticks=378754 symbols=74 pos=YES daily_pnl=+0 drops=0
[MOVE_SUB_A] [12:58:03] STATS ticks=380188 symbols=74 pos=YES daily_pnl=+0 drops=0
[MOVE_SUB_A] [12:59:03] STATS ticks=381307 symbols=74 pos=YES daily_pnl=+0 drops=0
[MOVE_SUB_A] [13:00:03] STATS ticks=382521 symbols=74 pos=YES daily_pnl=+0 drops=0
[MOVE_SUB_A] [13:01:03] STATS ticks=383961 symbols=74 pos=YES daily_pnl=+0 drops=0
[MOVE_SUB_A] [13:02:03] STATS ticks=386027 symbols=74 pos=YES daily_pnl=+0 drops=0
[MOVE_SUB_A] [13:03:03] STATS ticks=387448 symbols=74 pos=YES daily_pnl=+0 drops=0
  QUALITY_GATE symbol=SNXX gate=no_reentry result=PASS losses=0/1 trades=0/2
[MOVE_SUB_A] [13:04:00] SNXX ARMED entry=17.7100 stop=17.5800 R=0.1300 score=10.8 — movement_strike history reset
[MOVE_SUB_A] [13:04:03] STATS ticks=388298 symbols=74 pos=YES daily_pnl=+0 drops=0
[MOVE_SUB_A] [13:05:03] STATS ticks=389259 symbols=74 pos=YES daily_pnl=+0 drops=0
[MOVE_SUB_A] [13:06:03] STATS ticks=390052 symbols=74 pos=YES daily_pnl=+0 drops=0
[MOVE_SUB_A] [13:07:04] STATS ticks=391177 symbols=74 pos=YES daily_pnl=+0 drops=0
[MOVE_SUB_A] [13:08:04] STATS ticks=392292 symbols=74 pos=YES daily_pnl=+0 drops=0
[MOVE_SUB_A] [13:09:04] STATS ticks=393188 symbols=74 pos=YES daily_pnl=+0 drops=0
[MOVE_SUB_A] [13:09:59] 🟥 EXIT MOVE_STRIKE CBRG qty=3819 limit=$4.62 (ref=$4.67) reason=mp_trail_exit(peakR=4.3,trail=1)
[MOVE_SUB_A] real P&L=+878 daily=+878 (trade #1) entry=$4.4500 exit=$4.6800 qty=3819
[MOVE_SUB_A] [13:10:04] STATS ticks=394154 symbols=74 pos=no daily_pnl=+878 drops=0
[MOVE_SUB_A] [13:11:04] STATS ticks=395489 symbols=74 pos=no daily_pnl=+878 drops=0
[MOVE_SUB_A] [13:12:04] STATS ticks=396632 symbols=74 pos=no daily_pnl=+878 drops=0
[MOVE_SUB_A] [13:13:04] STATS ticks=397755 symbols=74 pos=no daily_pnl=+878 drops=0
[MOVE_SUB_A] [13:14:04] STATS ticks=398839 symbols=74 pos=no daily_pnl=+878 drops=0
[MOVE_SUB_A] [13:15:04] STATS ticks=400001 symbols=74 pos=no daily_pnl=+878 drops=0
[MOVE_SUB_A] [13:16:04] STATS ticks=400975 symbols=74 pos=no daily_pnl=+878 drops=0
[MOVE_SUB_A] [13:17:04] STATS ticks=402282 symbols=74 pos=no daily_pnl=+878 drops=0
[MOVE_SUB_A] [13:18:05] STATS ticks=403247 symbols=74 pos=no daily_pnl=+878 drops=0
[MOVE_SUB_A] [13:19:05] STATS ticks=404240 symbols=74 pos=no daily_pnl=+878 drops=0
[MOVE_SUB_A] [13:20:05] STATS ticks=405237 symbols=74 pos=no daily_pnl=+878 drops=0
[MOVE_SUB_A] [13:21:05] STATS ticks=406240 symbols=74 pos=no daily_pnl=+878 drops=0
[MOVE_SUB_A] [13:22:05] STATS ticks=407280 symbols=74 pos=no daily_pnl=+878 drops=0
[MOVE_SUB_A] [13:23:05] STATS ticks=408971 symbols=74 pos=no daily_pnl=+878 drops=0
[MOVE_SUB_A] [13:24:05] STATS ticks=410129 symbols=74 pos=no daily_pnl=+878 drops=0
[MOVE_SUB_A] [13:25:05] STATS ticks=410861 symbols=74 pos=no daily_pnl=+878 drops=0
[MOVE_SUB_A] [13:26:05] STATS ticks=411694 symbols=74 pos=no daily_pnl=+878 drops=0
[MOVE_SUB_A] [13:27:05] STATS ticks=412423 symbols=74 pos=no daily_pnl=+878 drops=0
[MOVE_SUB_A] [13:27:38] new symbol NIPG — detector + movement_strike instantiated
[MOVE_SUB_A] [13:27:43] new symbol UMAL — detector + movement_strike instantiated
[MOVE_SUB_A] SEED UMAL replayed 4 ticks from cache
[MOVE_SUB_A] [13:28:05] STATS ticks=413455 symbols=76 pos=no daily_pnl=+878 drops=0
[MOVE_SUB_A] [13:29:05] STATS ticks=414261 symbols=76 pos=no daily_pnl=+878 drops=0
[MOVE_SUB_A] [13:30:05] STATS ticks=417420 symbols=76 pos=no daily_pnl=+878 drops=0
[MOVE_SUB_A] [13:31:05] STATS ticks=421406 symbols=76 pos=no daily_pnl=+878 drops=0
[MOVE_SUB_A] [13:32:06] STATS ticks=426190 symbols=76 pos=no daily_pnl=+878 drops=0
[MOVE_SUB_A] [13:33:06] STATS ticks=428620 symbols=76 pos=no daily_pnl=+878 drops=0
[MOVE_SUB_A] [13:34:06] STATS ticks=431788 symbols=76 pos=no daily_pnl=+878 drops=0
[MOVE_SUB_A] [13:35:06] STATS ticks=434503 symbols=76 pos=no daily_pnl=+878 drops=0
[MOVE_SUB_A] [13:36:06] STATS ticks=436364 symbols=76 pos=no daily_pnl=+878 drops=0
[MOVE_SUB_A] [13:37:06] STATS ticks=437325 symbols=76 pos=no daily_pnl=+878 drops=0
[MOVE_SUB_A] [13:38:06] STATS ticks=438560 symbols=76 pos=no daily_pnl=+878 drops=0
[MOVE_SUB_A] [13:39:06] STATS ticks=440314 symbols=76 pos=no daily_pnl=+878 drops=0
[MOVE_SUB_A] [13:40:06] STATS ticks=441796 symbols=76 pos=no daily_pnl=+878 drops=0
[MOVE_SUB_A] [13:41:06] STATS ticks=443250 symbols=76 pos=no daily_pnl=+878 drops=0
[MOVE_SUB_A] [13:42:06] STATS ticks=444194 symbols=76 pos=no daily_pnl=+878 drops=0
[MOVE_SUB_A] [13:43:07] STATS ticks=445235 symbols=76 pos=no daily_pnl=+878 drops=0
[MOVE_SUB_A] [13:44:07] STATS ticks=446732 symbols=76 pos=no daily_pnl=+878 drops=0
[MOVE_SUB_A] [13:44:17] new symbol RDWU — detector + movement_strike instantiated
[MOVE_SUB_A] SEED RDWU replayed 37 ticks from cache
[MOVE_SUB_A] [13:45:07] STATS ticks=448053 symbols=77 pos=no daily_pnl=+878 drops=0
[MOVE_SUB_A] [13:46:07] STATS ticks=449610 symbols=77 pos=no daily_pnl=+878 drops=0
[MOVE_SUB_A] [13:47:07] STATS ticks=450502 symbols=77 pos=no daily_pnl=+878 drops=0
[MOVE_SUB_A] [13:48:07] STATS ticks=451665 symbols=77 pos=no daily_pnl=+878 drops=0
[MOVE_SUB_A] [13:49:07] STATS ticks=452928 symbols=77 pos=no daily_pnl=+878 drops=0
[MOVE_SUB_A] [13:50:07] STATS ticks=453748 symbols=77 pos=no daily_pnl=+878 drops=0
[MOVE_SUB_A] [13:51:07] STATS ticks=454695 symbols=77 pos=no daily_pnl=+878 drops=0
[MOVE_SUB_A] [13:52:07] STATS ticks=455874 symbols=77 pos=no daily_pnl=+878 drops=0
[MOVE_SUB_A] [13:53:08] STATS ticks=456731 symbols=77 pos=no daily_pnl=+878 drops=0
[MOVE_SUB_A] [13:54:08] STATS ticks=458554 symbols=77 pos=no daily_pnl=+878 drops=0
[MOVE_SUB_A] [13:55:08] STATS ticks=459621 symbols=77 pos=no daily_pnl=+878 drops=0
[MOVE_SUB_A] [13:56:08] STATS ticks=464989 symbols=77 pos=no daily_pnl=+878 drops=0
[MOVE_SUB_A] [13:57:08] STATS ticks=468853 symbols=77 pos=no daily_pnl=+878 drops=0
[MOVE_SUB_A] [13:58:08] STATS ticks=471163 symbols=77 pos=no daily_pnl=+878 drops=0
[MOVE_SUB_A] [13:59:08] STATS ticks=473015 symbols=77 pos=no daily_pnl=+878 drops=0
[MOVE_SUB_A] [14:00:08] STATS ticks=475148 symbols=77 pos=no daily_pnl=+878 drops=0
[MOVE_SUB_A] [14:01:08] STATS ticks=476631 symbols=77 pos=no daily_pnl=+878 drops=0
[MOVE_SUB_A] [14:02:08] STATS ticks=478001 symbols=77 pos=no daily_pnl=+878 drops=0
[MOVE_SUB_A] [14:03:08] STATS ticks=479006 symbols=77 pos=no daily_pnl=+878 drops=0
[MOVE_SUB_A] [14:04:08] STATS ticks=480554 symbols=77 pos=no daily_pnl=+878 drops=0
[MOVE_SUB_A] [14:05:09] STATS ticks=481404 symbols=77 pos=no daily_pnl=+878 drops=0
[MOVE_SUB_A] [14:06:09] STATS ticks=483204 symbols=77 pos=no daily_pnl=+878 drops=0
[MOVE_SUB_A] [14:07:09] STATS ticks=484539 symbols=77 pos=no daily_pnl=+878 drops=0
[MOVE_SUB_A] [14:08:09] STATS ticks=486914 symbols=77 pos=no daily_pnl=+878 drops=0
[MOVE_SUB_A] [14:09:09] STATS ticks=490545 symbols=77 pos=no daily_pnl=+878 drops=0
[MOVE_SUB_A] [14:10:09] STATS ticks=494172 symbols=77 pos=no daily_pnl=+878 drops=0
[MOVE_SUB_A] [14:11:09] STATS ticks=497210 symbols=77 pos=no daily_pnl=+878 drops=0
[MOVE_SUB_A] [14:12:09] STATS ticks=500105 symbols=77 pos=no daily_pnl=+878 drops=0
[MOVE_SUB_A] [14:13:09] STATS ticks=502421 symbols=77 pos=no daily_pnl=+878 drops=0
[MOVE_SUB_A] [14:14:10] STATS ticks=507577 symbols=77 pos=no daily_pnl=+878 drops=0
[MOVE_SUB_A] [14:15:10] STATS ticks=512494 symbols=77 pos=no daily_pnl=+878 drops=0
[MOVE_SUB_A] [14:16:10] STATS ticks=515799 symbols=77 pos=no daily_pnl=+878 drops=0
[MOVE_SUB_A] [14:17:10] STATS ticks=518898 symbols=77 pos=no daily_pnl=+878 drops=0
[MOVE_SUB_A] [14:18:10] STATS ticks=521332 symbols=77 pos=no daily_pnl=+878 drops=0
[MOVE_SUB_A] [14:19:10] STATS ticks=522981 symbols=77 pos=no daily_pnl=+878 drops=0
[MOVE_SUB_A] [14:20:10] STATS ticks=524420 symbols=77 pos=no daily_pnl=+878 drops=0
[MOVE_SUB_A] [14:21:10] STATS ticks=528503 symbols=77 pos=no daily_pnl=+878 drops=0
[MOVE_SUB_A] [14:22:10] STATS ticks=530926 symbols=77 pos=no daily_pnl=+878 drops=0
[MOVE_SUB_A] [14:23:10] STATS ticks=533116 symbols=77 pos=no daily_pnl=+878 drops=0
[MOVE_SUB_A] [14:24:11] STATS ticks=534488 symbols=77 pos=no daily_pnl=+878 drops=0
[MOVE_SUB_A] [14:25:11] STATS ticks=535709 symbols=77 pos=no daily_pnl=+878 drops=0
[MOVE_SUB_A] [14:26:11] STATS ticks=536681 symbols=77 pos=no daily_pnl=+878 drops=0
[MOVE_SUB_A] [14:27:11] STATS ticks=537708 symbols=77 pos=no daily_pnl=+878 drops=0
[MOVE_SUB_A] [14:28:11] STATS ticks=541393 symbols=77 pos=no daily_pnl=+878 drops=0
[MOVE_SUB_A] [14:29:11] STATS ticks=542967 symbols=77 pos=no daily_pnl=+878 drops=0
[MOVE_SUB_A] [14:30:11] STATS ticks=544437 symbols=77 pos=no daily_pnl=+878 drops=0
[MOVE_SUB_A] [14:31:11] STATS ticks=545634 symbols=77 pos=no daily_pnl=+878 drops=0
[MOVE_SUB_A] [14:32:11] STATS ticks=546900 symbols=77 pos=no daily_pnl=+878 drops=0
[MOVE_SUB_A] [14:33:11] STATS ticks=547948 symbols=77 pos=no daily_pnl=+878 drops=0
[MOVE_SUB_A] [14:34:12] STATS ticks=549097 symbols=77 pos=no daily_pnl=+878 drops=0
[MOVE_SUB_A] [14:35:12] STATS ticks=551712 symbols=77 pos=no daily_pnl=+878 drops=0
[MOVE_SUB_A] [14:36:12] STATS ticks=555938 symbols=77 pos=no daily_pnl=+878 drops=0
[MOVE_SUB_A] [14:37:12] STATS ticks=558482 symbols=77 pos=no daily_pnl=+878 drops=0
[MOVE_SUB_A] [14:37:21] new symbol MLEC — detector + movement_strike instantiated
[MOVE_SUB_A] [14:38:12] STATS ticks=560551 symbols=78 pos=no daily_pnl=+878 drops=0
[MOVE_SUB_A] [14:39:12] STATS ticks=562668 symbols=78 pos=no daily_pnl=+878 drops=0
[MOVE_SUB_A] [14:40:12] STATS ticks=564248 symbols=78 pos=no daily_pnl=+878 drops=0
[MOVE_SUB_A] [14:41:12] STATS ticks=566234 symbols=78 pos=no daily_pnl=+878 drops=0
[MOVE_SUB_A] [14:42:12] STATS ticks=567421 symbols=78 pos=no daily_pnl=+878 drops=0
[MOVE_SUB_A] [14:43:12] STATS ticks=568834 symbols=78 pos=no daily_pnl=+878 drops=0
[MOVE_SUB_A] [14:44:12] STATS ticks=572389 symbols=78 pos=no daily_pnl=+878 drops=0
[MOVE_SUB_A] [14:45:12] STATS ticks=574534 symbols=78 pos=no daily_pnl=+878 drops=0
[MOVE_SUB_A] [14:46:13] STATS ticks=576953 symbols=78 pos=no daily_pnl=+878 drops=0
[MOVE_SUB_A] [14:47:13] STATS ticks=578381 symbols=78 pos=no daily_pnl=+878 drops=0
[MOVE_SUB_A] [14:47:47] new symbol CHR — detector + movement_strike instantiated
[MOVE_SUB_A] [14:48:13] STATS ticks=579285 symbols=79 pos=no daily_pnl=+878 drops=0
[MOVE_SUB_A] [14:49:13] STATS ticks=580868 symbols=79 pos=no daily_pnl=+878 drops=0
[MOVE_SUB_A] [14:50:13] STATS ticks=585366 symbols=79 pos=no daily_pnl=+878 drops=0
[MOVE_SUB_A] [14:51:13] STATS ticks=587590 symbols=79 pos=no daily_pnl=+878 drops=0
[MOVE_SUB_A] [14:52:13] STATS ticks=588795 symbols=79 pos=no daily_pnl=+878 drops=0
[MOVE_SUB_A] [14:53:13] STATS ticks=590158 symbols=79 pos=no daily_pnl=+878 drops=0
[MOVE_SUB_A] [14:54:13] STATS ticks=591264 symbols=79 pos=no daily_pnl=+878 drops=0
[MOVE_SUB_A] [14:55:13] STATS ticks=592453 symbols=79 pos=no daily_pnl=+878 drops=0
[MOVE_SUB_A] [14:56:14] STATS ticks=593432 symbols=79 pos=no daily_pnl=+878 drops=0
[MOVE_SUB_A] [14:57:06] new symbol JZXN — detector + movement_strike instantiated
[MOVE_SUB_A] [14:57:14] STATS ticks=594364 symbols=80 pos=no daily_pnl=+878 drops=0
[MOVE_SUB_A] [14:57:52] new symbol MTC — detector + movement_strike instantiated
[MOVE_SUB_A] [14:58:14] STATS ticks=595336 symbols=81 pos=no daily_pnl=+878 drops=0
[MOVE_SUB_A] [14:59:14] STATS ticks=596495 symbols=81 pos=no daily_pnl=+878 drops=0
[MOVE_SUB_A] [15:00:14] STATS ticks=597568 symbols=81 pos=no daily_pnl=+878 drops=0
[MOVE_SUB_A] [15:01:14] STATS ticks=598480 symbols=81 pos=no daily_pnl=+878 drops=0
[MOVE_SUB_A] [15:02:14] STATS ticks=599461 symbols=81 pos=no daily_pnl=+878 drops=0
  QUALITY_GATE symbol=MLEC gate=no_reentry result=PASS losses=0/1 trades=0/2
[MOVE_SUB_A] [15:02:21] MLEC ARMED entry=8.7600 stop=8.6900 R=0.0700 score=5.0 — movement_strike history reset
[MOVE_SUB_A] [15:02:21] MLEC FLOAT_GATE_BLOCK float=NoneM cap=5.0M
[MOVE_SUB_A] [15:03:14] STATS ticks=600313 symbols=81 pos=no daily_pnl=+878 drops=0
[MOVE_SUB_A] [15:04:14] STATS ticks=600888 symbols=81 pos=no daily_pnl=+878 drops=0
[MOVE_SUB_A] [15:05:15] STATS ticks=601782 symbols=81 pos=no daily_pnl=+878 drops=0
[MOVE_SUB_A] [15:06:15] STATS ticks=603374 symbols=81 pos=no daily_pnl=+878 drops=0
[MOVE_SUB_A] [15:07:15] STATS ticks=605264 symbols=81 pos=no daily_pnl=+878 drops=0
  QUALITY_GATE symbol=MLEC gate=no_reentry result=PASS losses=0/1 trades=0/2
[MOVE_SUB_A] [15:07:19] MLEC ARMED entry=8.9000 stop=8.6900 R=0.2100 score=5.5 — movement_strike history reset
[MOVE_SUB_A] [15:07:19] MLEC FLOAT_GATE_BLOCK float=NoneM cap=5.0M
[MOVE_SUB_A] [15:08:15] STATS ticks=606680 symbols=81 pos=no daily_pnl=+878 drops=0
[MOVE_SUB_A] [15:09:15] STATS ticks=607787 symbols=81 pos=no daily_pnl=+878 drops=0
[MOVE_SUB_A] [15:10:15] STATS ticks=608493 symbols=81 pos=no daily_pnl=+878 drops=0
[MOVE_SUB_A] [15:11:15] STATS ticks=609808 symbols=81 pos=no daily_pnl=+878 drops=0
[MOVE_SUB_A] [15:12:15] STATS ticks=610536 symbols=81 pos=no daily_pnl=+878 drops=0
[MOVE_SUB_A] [15:13:15] STATS ticks=611145 symbols=81 pos=no daily_pnl=+878 drops=0
[MOVE_SUB_A] [15:14:12] new symbol DRAL — detector + movement_strike instantiated
[MOVE_SUB_A] SEED DRAL replayed 122 ticks from cache
[MOVE_SUB_A] [15:14:16] STATS ticks=612042 symbols=82 pos=no daily_pnl=+878 drops=0
[MOVE_SUB_A] [15:15:16] STATS ticks=613575 symbols=82 pos=no daily_pnl=+878 drops=0
[MOVE_SUB_A] [15:16:16] STATS ticks=614676 symbols=82 pos=no daily_pnl=+878 drops=0
[MOVE_SUB_A] [15:17:16] STATS ticks=615677 symbols=82 pos=no daily_pnl=+878 drops=0
[MOVE_SUB_A] [15:18:16] STATS ticks=616593 symbols=82 pos=no daily_pnl=+878 drops=0
[MOVE_SUB_A] [15:19:16] STATS ticks=617493 symbols=82 pos=no daily_pnl=+878 drops=0
[MOVE_SUB_A] [15:20:16] STATS ticks=618676 symbols=82 pos=no daily_pnl=+878 drops=0
[MOVE_SUB_A] [15:21:16] STATS ticks=619486 symbols=82 pos=no daily_pnl=+878 drops=0
[MOVE_SUB_A] [15:22:16] STATS ticks=620224 symbols=82 pos=no daily_pnl=+878 drops=0
[MOVE_SUB_A] [15:23:16] STATS ticks=621423 symbols=82 pos=no daily_pnl=+878 drops=0
[MOVE_SUB_A] [15:24:16] STATS ticks=622397 symbols=82 pos=no daily_pnl=+878 drops=0
[MOVE_SUB_A] [15:25:17] STATS ticks=623406 symbols=82 pos=no daily_pnl=+878 drops=0
[MOVE_SUB_A] [15:26:17] STATS ticks=624455 symbols=82 pos=no daily_pnl=+878 drops=0
[MOVE_SUB_A] [15:27:17] STATS ticks=625254 symbols=82 pos=no daily_pnl=+878 drops=0
[MOVE_SUB_A] [15:28:17] STATS ticks=626020 symbols=82 pos=no daily_pnl=+878 drops=0
[MOVE_SUB_A] [15:29:17] STATS ticks=626807 symbols=82 pos=no daily_pnl=+878 drops=0
[MOVE_SUB_A] [15:30:17] STATS ticks=627540 symbols=82 pos=no daily_pnl=+878 drops=0
[MOVE_SUB_A] [15:31:17] STATS ticks=628115 symbols=82 pos=no daily_pnl=+878 drops=0
[MOVE_SUB_A] [15:32:17] STATS ticks=628914 symbols=82 pos=no daily_pnl=+878 drops=0
[MOVE_SUB_A] [15:33:17] STATS ticks=630981 symbols=82 pos=no daily_pnl=+878 drops=0
[MOVE_SUB_A] [15:34:17] STATS ticks=631610 symbols=82 pos=no daily_pnl=+878 drops=0
[MOVE_SUB_A] [15:35:18] STATS ticks=632421 symbols=82 pos=no daily_pnl=+878 drops=0
[MOVE_SUB_A] [15:36:18] STATS ticks=633066 symbols=82 pos=no daily_pnl=+878 drops=0
[MOVE_SUB_A] [15:37:18] STATS ticks=633639 symbols=82 pos=no daily_pnl=+878 drops=0
[MOVE_SUB_A] [15:38:18] STATS ticks=634515 symbols=82 pos=no daily_pnl=+878 drops=0
[MOVE_SUB_A] [15:39:18] STATS ticks=635489 symbols=82 pos=no daily_pnl=+878 drops=0
[MOVE_SUB_A] [15:40:18] STATS ticks=636438 symbols=82 pos=no daily_pnl=+878 drops=0
[MOVE_SUB_A] [15:41:18] STATS ticks=637489 symbols=82 pos=no daily_pnl=+878 drops=0
[MOVE_SUB_A] [15:42:18] STATS ticks=638284 symbols=82 pos=no daily_pnl=+878 drops=0
[MOVE_SUB_A] [15:43:18] STATS ticks=638941 symbols=82 pos=no daily_pnl=+878 drops=0
[MOVE_SUB_A] [15:44:18] STATS ticks=639866 symbols=82 pos=no daily_pnl=+878 drops=0
[MOVE_SUB_A] [15:45:18] STATS ticks=640874 symbols=82 pos=no daily_pnl=+878 drops=0
[MOVE_SUB_A] [15:46:19] STATS ticks=641722 symbols=82 pos=no daily_pnl=+878 drops=0
[MOVE_SUB_A] [15:47:19] STATS ticks=642519 symbols=82 pos=no daily_pnl=+878 drops=0
[MOVE_SUB_A] [15:48:19] STATS ticks=643634 symbols=82 pos=no daily_pnl=+878 drops=0
[MOVE_SUB_A] [15:49:19] STATS ticks=644657 symbols=82 pos=no daily_pnl=+878 drops=0
[MOVE_SUB_A] [15:50:19] STATS ticks=645779 symbols=82 pos=no daily_pnl=+878 drops=0
[MOVE_SUB_A] [15:51:19] STATS ticks=646614 symbols=82 pos=no daily_pnl=+878 drops=0
[MOVE_SUB_A] [15:52:19] STATS ticks=647768 symbols=82 pos=no daily_pnl=+878 drops=0
[MOVE_SUB_A] [15:53:19] STATS ticks=649186 symbols=82 pos=no daily_pnl=+878 drops=0
[MOVE_SUB_A] [15:54:19] STATS ticks=651134 symbols=82 pos=no daily_pnl=+878 drops=0
[MOVE_SUB_A] [15:55:19] STATS ticks=654011 symbols=82 pos=no daily_pnl=+878 drops=0
[MOVE_SUB_A] [15:56:19] STATS ticks=656118 symbols=82 pos=no daily_pnl=+878 drops=0
[MOVE_SUB_A] [15:57:20] STATS ticks=657365 symbols=82 pos=no daily_pnl=+878 drops=0
[MOVE_SUB_A] [15:58:20] STATS ticks=659441 symbols=82 pos=no daily_pnl=+878 drops=0
[MOVE_SUB_A] [15:59:20] STATS ticks=661572 symbols=82 pos=no daily_pnl=+878 drops=0
[MOVE_SUB_A] [16:00:20] STATS ticks=662915 symbols=82 pos=no daily_pnl=+878 drops=0
[MOVE_SUB_A] [16:01:20] STATS ticks=663671 symbols=82 pos=no daily_pnl=+878 drops=0
[MOVE_SUB_A] [16:02:20] STATS ticks=664305 symbols=82 pos=no daily_pnl=+878 drops=0
[MOVE_SUB_A] [16:03:20] STATS ticks=664755 symbols=82 pos=no daily_pnl=+878 drops=0
[MOVE_SUB_A] [16:04:20] STATS ticks=665536 symbols=82 pos=no daily_pnl=+878 drops=0
  QUALITY_GATE symbol=SNXX gate=no_reentry result=PASS losses=0/1 trades=0/2
[MOVE_SUB_A] [16:05:20] STATS ticks=665956 symbols=82 pos=no daily_pnl=+878 drops=0
[MOVE_SUB_A] [16:06:20] STATS ticks=666321 symbols=82 pos=no daily_pnl=+878 drops=0
[MOVE_SUB_A] [16:07:20] STATS ticks=666700 symbols=82 pos=no daily_pnl=+878 drops=0
[MOVE_SUB_A] [16:08:20] STATS ticks=666993 symbols=82 pos=no daily_pnl=+878 drops=0
[MOVE_SUB_A] [16:09:20] STATS ticks=667306 symbols=82 pos=no daily_pnl=+878 drops=0
[MOVE_SUB_A] [16:10:20] STATS ticks=667713 symbols=82 pos=no daily_pnl=+878 drops=0
[MOVE_SUB_A] [16:11:21] STATS ticks=668145 symbols=82 pos=no daily_pnl=+878 drops=0
[MOVE_SUB_A] [16:12:21] STATS ticks=668588 symbols=82 pos=no daily_pnl=+878 drops=0
[MOVE_SUB_A] [16:13:21] STATS ticks=669749 symbols=82 pos=no daily_pnl=+878 drops=0
[MOVE_SUB_A] [16:14:21] STATS ticks=672061 symbols=82 pos=no daily_pnl=+878 drops=0
[MOVE_SUB_A] [16:15:21] STATS ticks=674205 symbols=82 pos=no daily_pnl=+878 drops=0
[MOVE_SUB_A] [16:16:21] STATS ticks=675428 symbols=82 pos=no daily_pnl=+878 drops=0
[MOVE_SUB_A] [16:17:21] STATS ticks=676344 symbols=82 pos=no daily_pnl=+878 drops=0
[MOVE_SUB_A] [16:18:21] STATS ticks=677119 symbols=82 pos=no daily_pnl=+878 drops=0
[MOVE_SUB_A] [16:19:22] STATS ticks=677982 symbols=82 pos=no daily_pnl=+878 drops=0
[MOVE_SUB_A] [16:20:22] STATS ticks=678947 symbols=82 pos=no daily_pnl=+878 drops=0
[MOVE_SUB_A] [16:21:22] STATS ticks=679714 symbols=82 pos=no daily_pnl=+878 drops=0
[MOVE_SUB_A] [16:22:22] STATS ticks=680332 symbols=82 pos=no daily_pnl=+878 drops=0
[MOVE_SUB_A] [16:23:22] STATS ticks=681082 symbols=82 pos=no daily_pnl=+878 drops=0
[MOVE_SUB_A] [16:24:22] STATS ticks=681595 symbols=82 pos=no daily_pnl=+878 drops=0
[MOVE_SUB_A] [16:25:22] STATS ticks=682069 symbols=82 pos=no daily_pnl=+878 drops=0
[MOVE_SUB_A] [16:26:22] STATS ticks=682433 symbols=82 pos=no daily_pnl=+878 drops=0
[MOVE_SUB_A] [16:27:22] STATS ticks=682837 symbols=82 pos=no daily_pnl=+878 drops=0
[MOVE_SUB_A] [16:28:22] STATS ticks=683501 symbols=82 pos=no daily_pnl=+878 drops=0
[MOVE_SUB_A] [16:29:22] STATS ticks=684104 symbols=82 pos=no daily_pnl=+878 drops=0
[MOVE_SUB_A] [16:30:23] STATS ticks=684620 symbols=82 pos=no daily_pnl=+878 drops=0
[MOVE_SUB_A] [16:31:23] STATS ticks=684961 symbols=82 pos=no daily_pnl=+878 drops=0
[MOVE_SUB_A] [16:32:23] STATS ticks=685400 symbols=82 pos=no daily_pnl=+878 drops=0
  QUALITY_GATE symbol=SNXX gate=no_reentry result=PASS losses=0/1 trades=0/2
[MOVE_SUB_A] [16:33:00] SNXX ARMED entry=18.2700 stop=18.1700 R=0.1000 score=9.3 — movement_strike history reset
[MOVE_SUB_A] [16:33:00] SNXX FLOAT_GATE_BLOCK float=8175.0M cap=5.0M
[MOVE_SUB_A] [16:33:23] STATS ticks=685824 symbols=82 pos=no daily_pnl=+878 drops=0
[MOVE_SUB_A] [16:34:23] STATS ticks=686318 symbols=82 pos=no daily_pnl=+878 drops=0
[MOVE_SUB_A] [16:35:23] STATS ticks=686978 symbols=82 pos=no daily_pnl=+878 drops=0
[MOVE_SUB_A] [16:36:23] STATS ticks=687464 symbols=82 pos=no daily_pnl=+878 drops=0
[MOVE_SUB_A] [16:37:23] STATS ticks=687678 symbols=82 pos=no daily_pnl=+878 drops=0
[MOVE_SUB_A] [16:38:23] STATS ticks=687916 symbols=82 pos=no daily_pnl=+878 drops=0
[MOVE_SUB_A] [16:39:23] STATS ticks=688202 symbols=82 pos=no daily_pnl=+878 drops=0
[MOVE_SUB_A] [16:40:23] STATS ticks=688437 symbols=82 pos=no daily_pnl=+878 drops=0
[MOVE_SUB_A] [16:41:24] STATS ticks=688774 symbols=82 pos=no daily_pnl=+878 drops=0
[MOVE_SUB_A] [16:42:24] STATS ticks=689133 symbols=82 pos=no daily_pnl=+878 drops=0
[MOVE_SUB_A] [16:43:24] STATS ticks=689422 symbols=82 pos=no daily_pnl=+878 drops=0
[MOVE_SUB_A] [16:44:24] STATS ticks=689725 symbols=82 pos=no daily_pnl=+878 drops=0
[MOVE_SUB_A] [16:45:24] STATS ticks=690096 symbols=82 pos=no daily_pnl=+878 drops=0
[MOVE_SUB_A] [16:46:24] STATS ticks=690661 symbols=82 pos=no daily_pnl=+878 drops=0
[MOVE_SUB_A] [16:47:24] STATS ticks=690951 symbols=82 pos=no daily_pnl=+878 drops=0
  QUALITY_GATE symbol=GREE gate=no_reentry result=PASS losses=0/1 trades=0/2
[MOVE_SUB_A] [16:48:24] STATS ticks=691251 symbols=82 pos=no daily_pnl=+878 drops=0
[MOVE_SUB_A] [16:49:24] STATS ticks=691498 symbols=82 pos=no daily_pnl=+878 drops=0
[MOVE_SUB_A] [16:50:25] STATS ticks=691745 symbols=82 pos=no daily_pnl=+878 drops=0
[MOVE_SUB_A] [16:51:25] STATS ticks=691893 symbols=82 pos=no daily_pnl=+878 drops=0
[MOVE_SUB_A] [16:52:25] STATS ticks=692060 symbols=82 pos=no daily_pnl=+878 drops=0
[MOVE_SUB_A] [16:53:25] STATS ticks=692228 symbols=82 pos=no daily_pnl=+878 drops=0
[MOVE_SUB_A] [16:54:25] STATS ticks=692364 symbols=82 pos=no daily_pnl=+878 drops=0
[MOVE_SUB_A] [16:55:25] STATS ticks=692516 symbols=82 pos=no daily_pnl=+878 drops=0
[MOVE_SUB_A] [16:56:25] STATS ticks=692686 symbols=82 pos=no daily_pnl=+878 drops=0
[MOVE_SUB_A] [16:57:25] STATS ticks=693131 symbols=82 pos=no daily_pnl=+878 drops=0
[MOVE_SUB_A] [16:58:25] STATS ticks=693345 symbols=82 pos=no daily_pnl=+878 drops=0
[MOVE_SUB_A] [16:59:25] STATS ticks=693630 symbols=82 pos=no daily_pnl=+878 drops=0
[MOVE_SUB_A] [17:00:26] STATS ticks=694065 symbols=82 pos=no daily_pnl=+878 drops=0
[MOVE_SUB_A] [17:01:26] STATS ticks=694669 symbols=82 pos=no daily_pnl=+878 drops=0
[MOVE_SUB_A] [17:02:26] STATS ticks=695118 symbols=82 pos=no daily_pnl=+878 drops=0
[MOVE_SUB_A] [17:03:26] STATS ticks=695557 symbols=82 pos=no daily_pnl=+878 drops=0
[MOVE_SUB_A] [17:04:26] STATS ticks=695946 symbols=82 pos=no daily_pnl=+878 drops=0
[MOVE_SUB_A] [17:05:26] STATS ticks=696237 symbols=82 pos=no daily_pnl=+878 drops=0
[MOVE_SUB_A] [17:06:26] STATS ticks=696730 symbols=82 pos=no daily_pnl=+878 drops=0
[MOVE_SUB_A] [17:07:26] STATS ticks=696925 symbols=82 pos=no daily_pnl=+878 drops=0
[MOVE_SUB_A] [17:08:26] STATS ticks=697230 symbols=82 pos=no daily_pnl=+878 drops=0
[MOVE_SUB_A] [17:09:26] STATS ticks=697473 symbols=82 pos=no daily_pnl=+878 drops=0
[MOVE_SUB_A] [17:10:26] STATS ticks=697691 symbols=82 pos=no daily_pnl=+878 drops=0
[MOVE_SUB_A] [17:11:26] STATS ticks=697959 symbols=82 pos=no daily_pnl=+878 drops=0
[MOVE_SUB_A] [17:12:27] STATS ticks=698347 symbols=82 pos=no daily_pnl=+878 drops=0
[MOVE_SUB_A] [17:13:27] STATS ticks=698572 symbols=82 pos=no daily_pnl=+878 drops=0
[MOVE_SUB_A] [17:14:27] STATS ticks=698760 symbols=82 pos=no daily_pnl=+878 drops=0
[MOVE_SUB_A] [17:15:27] STATS ticks=699003 symbols=82 pos=no daily_pnl=+878 drops=0
[MOVE_SUB_A] [17:16:27] STATS ticks=699197 symbols=82 pos=no daily_pnl=+878 drops=0
[MOVE_SUB_A] [17:17:27] STATS ticks=699391 symbols=82 pos=no daily_pnl=+878 drops=0
[MOVE_SUB_A] [17:18:27] STATS ticks=699558 symbols=82 pos=no daily_pnl=+878 drops=0
[MOVE_SUB_A] [17:19:27] STATS ticks=699729 symbols=82 pos=no daily_pnl=+878 drops=0
[MOVE_SUB_A] [17:20:27] STATS ticks=699932 symbols=82 pos=no daily_pnl=+878 drops=0
[MOVE_SUB_A] [17:21:27] STATS ticks=700093 symbols=82 pos=no daily_pnl=+878 drops=0
[MOVE_SUB_A] [17:22:27] STATS ticks=700253 symbols=82 pos=no daily_pnl=+878 drops=0
[MOVE_SUB_A] [17:23:27] STATS ticks=700409 symbols=82 pos=no daily_pnl=+878 drops=0
[MOVE_SUB_A] [17:24:28] STATS ticks=700565 symbols=82 pos=no daily_pnl=+878 drops=0
[MOVE_SUB_A] [17:25:28] STATS ticks=700754 symbols=82 pos=no daily_pnl=+878 drops=0
[MOVE_SUB_A] [17:26:28] STATS ticks=701077 symbols=82 pos=no daily_pnl=+878 drops=0
[MOVE_SUB_A] [17:27:28] STATS ticks=701603 symbols=82 pos=no daily_pnl=+878 drops=0
[MOVE_SUB_A] [17:28:28] STATS ticks=701963 symbols=82 pos=no daily_pnl=+878 drops=0
[MOVE_SUB_A] [17:29:28] STATS ticks=702152 symbols=82 pos=no daily_pnl=+878 drops=0
  QUALITY_GATE symbol=SNXX gate=no_reentry result=PASS losses=0/1 trades=0/2
[MOVE_SUB_A] [17:30:28] STATS ticks=702571 symbols=82 pos=no daily_pnl=+878 drops=0
[MOVE_SUB_A] [17:31:28] STATS ticks=702874 symbols=82 pos=no daily_pnl=+878 drops=0
[MOVE_SUB_A] [17:32:28] STATS ticks=703235 symbols=82 pos=no daily_pnl=+878 drops=0
[MOVE_SUB_A] [17:33:28] STATS ticks=703428 symbols=82 pos=no daily_pnl=+878 drops=0
[MOVE_SUB_A] [17:34:29] STATS ticks=703610 symbols=82 pos=no daily_pnl=+878 drops=0
[MOVE_SUB_A] [17:35:29] STATS ticks=703831 symbols=82 pos=no daily_pnl=+878 drops=0
[MOVE_SUB_A] [17:36:29] STATS ticks=703955 symbols=82 pos=no daily_pnl=+878 drops=0
[MOVE_SUB_A] [17:37:29] STATS ticks=704168 symbols=82 pos=no daily_pnl=+878 drops=0
[MOVE_SUB_A] [17:38:29] STATS ticks=704322 symbols=82 pos=no daily_pnl=+878 drops=0
[MOVE_SUB_A] [17:39:29] STATS ticks=704465 symbols=82 pos=no daily_pnl=+878 drops=0
[MOVE_SUB_A] [17:40:29] STATS ticks=704741 symbols=82 pos=no daily_pnl=+878 drops=0
[MOVE_SUB_A] [17:41:29] STATS ticks=704947 symbols=82 pos=no daily_pnl=+878 drops=0
[MOVE_SUB_A] [17:42:29] STATS ticks=705144 symbols=82 pos=no daily_pnl=+878 drops=0
[MOVE_SUB_A] [17:43:29] STATS ticks=705317 symbols=82 pos=no daily_pnl=+878 drops=0
[MOVE_SUB_A] [17:44:30] STATS ticks=705509 symbols=82 pos=no daily_pnl=+878 drops=0
[MOVE_SUB_A] [17:45:30] STATS ticks=705768 symbols=82 pos=no daily_pnl=+878 drops=0
[MOVE_SUB_A] [17:46:30] STATS ticks=705957 symbols=82 pos=no daily_pnl=+878 drops=0
[MOVE_SUB_A] [17:47:30] STATS ticks=706114 symbols=82 pos=no daily_pnl=+878 drops=0
[MOVE_SUB_A] [17:48:30] STATS ticks=706306 symbols=82 pos=no daily_pnl=+878 drops=0
[MOVE_SUB_A] [17:49:30] STATS ticks=706498 symbols=82 pos=no daily_pnl=+878 drops=0
[MOVE_SUB_A] [17:50:30] STATS ticks=706672 symbols=82 pos=no daily_pnl=+878 drops=0
[MOVE_SUB_A] [17:51:30] STATS ticks=706914 symbols=82 pos=no daily_pnl=+878 drops=0
[MOVE_SUB_A] [17:52:30] STATS ticks=707098 symbols=82 pos=no daily_pnl=+878 drops=0
[MOVE_SUB_A] [17:53:30] STATS ticks=707313 symbols=82 pos=no daily_pnl=+878 drops=0
[MOVE_SUB_A] [17:54:31] STATS ticks=707514 symbols=82 pos=no daily_pnl=+878 drops=0
[MOVE_SUB_A] [17:55:31] STATS ticks=707672 symbols=82 pos=no daily_pnl=+878 drops=0
[MOVE_SUB_A] [17:56:31] STATS ticks=708005 symbols=82 pos=no daily_pnl=+878 drops=0
[MOVE_SUB_A] [17:57:31] STATS ticks=708383 symbols=82 pos=no daily_pnl=+878 drops=0
[MOVE_SUB_A] [17:58:31] STATS ticks=708729 symbols=82 pos=no daily_pnl=+878 drops=0
[MOVE_SUB_A] [17:59:31] STATS ticks=709125 symbols=82 pos=no daily_pnl=+878 drops=0
[MOVE_SUB_A] [18:00:31] STATS ticks=709621 symbols=82 pos=no daily_pnl=+878 drops=0
[MOVE_SUB_A] [18:01:31] STATS ticks=710015 symbols=82 pos=no daily_pnl=+878 drops=0
[MOVE_SUB_A] [18:02:31] STATS ticks=710352 symbols=82 pos=no daily_pnl=+878 drops=0
[MOVE_SUB_A] [18:03:31] STATS ticks=710826 symbols=82 pos=no daily_pnl=+878 drops=0
[MOVE_SUB_A] [18:04:31] STATS ticks=711167 symbols=82 pos=no daily_pnl=+878 drops=0
[MOVE_SUB_A] [18:05:31] STATS ticks=711369 symbols=82 pos=no daily_pnl=+878 drops=0
[MOVE_SUB_A] [18:06:31] STATS ticks=711538 symbols=82 pos=no daily_pnl=+878 drops=0
[MOVE_SUB_A] [18:07:31] STATS ticks=711784 symbols=82 pos=no daily_pnl=+878 drops=0
[MOVE_SUB_A] [18:08:32] STATS ticks=711989 symbols=82 pos=no daily_pnl=+878 drops=0
[MOVE_SUB_A] [18:09:32] STATS ticks=712202 symbols=82 pos=no daily_pnl=+878 drops=0
[MOVE_SUB_A] [18:10:32] STATS ticks=712398 symbols=82 pos=no daily_pnl=+878 drops=0
[MOVE_SUB_A] [18:11:32] STATS ticks=712578 symbols=82 pos=no daily_pnl=+878 drops=0
[MOVE_SUB_A] [18:12:32] STATS ticks=712775 symbols=82 pos=no daily_pnl=+878 drops=0
[MOVE_SUB_A] [18:13:32] STATS ticks=713014 symbols=82 pos=no daily_pnl=+878 drops=0
[MOVE_SUB_A] [18:14:32] STATS ticks=713146 symbols=82 pos=no daily_pnl=+878 drops=0
[MOVE_SUB_A] [18:15:32] STATS ticks=713401 symbols=82 pos=no daily_pnl=+878 drops=0
[MOVE_SUB_A] [18:16:32] STATS ticks=713549 symbols=82 pos=no daily_pnl=+878 drops=0
[MOVE_SUB_A] [18:17:32] STATS ticks=713664 symbols=82 pos=no daily_pnl=+878 drops=0
[MOVE_SUB_A] [18:18:32] STATS ticks=713785 symbols=82 pos=no daily_pnl=+878 drops=0
[MOVE_SUB_A] [18:19:32] STATS ticks=713894 symbols=82 pos=no daily_pnl=+878 drops=0
[MOVE_SUB_A] [18:20:33] STATS ticks=714033 symbols=82 pos=no daily_pnl=+878 drops=0
[MOVE_SUB_A] [18:21:33] STATS ticks=714128 symbols=82 pos=no daily_pnl=+878 drops=0
[MOVE_SUB_A] [18:22:33] STATS ticks=714223 symbols=82 pos=no daily_pnl=+878 drops=0
[MOVE_SUB_A] [18:23:33] STATS ticks=714388 symbols=82 pos=no daily_pnl=+878 drops=0
[MOVE_SUB_A] [18:24:33] STATS ticks=714522 symbols=82 pos=no daily_pnl=+878 drops=0
[MOVE_SUB_A] [18:25:33] STATS ticks=714731 symbols=82 pos=no daily_pnl=+878 drops=0
[MOVE_SUB_A] [18:26:33] STATS ticks=714859 symbols=82 pos=no daily_pnl=+878 drops=0
[MOVE_SUB_A] [18:27:33] STATS ticks=714989 symbols=82 pos=no daily_pnl=+878 drops=0
[MOVE_SUB_A] [18:28:34] STATS ticks=715152 symbols=82 pos=no daily_pnl=+878 drops=0
[MOVE_SUB_A] [18:29:34] STATS ticks=715285 symbols=82 pos=no daily_pnl=+878 drops=0
[MOVE_SUB_A] [18:30:34] STATS ticks=715409 symbols=82 pos=no daily_pnl=+878 drops=0
[MOVE_SUB_A] [18:31:34] STATS ticks=715565 symbols=82 pos=no daily_pnl=+878 drops=0
[MOVE_SUB_A] [18:32:34] STATS ticks=715708 symbols=82 pos=no daily_pnl=+878 drops=0
[MOVE_SUB_A] [18:33:34] STATS ticks=715908 symbols=82 pos=no daily_pnl=+878 drops=0
[MOVE_SUB_A] [18:34:34] STATS ticks=716012 symbols=82 pos=no daily_pnl=+878 drops=0
[MOVE_SUB_A] [18:35:34] STATS ticks=716169 symbols=82 pos=no daily_pnl=+878 drops=0
[MOVE_SUB_A] [18:36:34] STATS ticks=716278 symbols=82 pos=no daily_pnl=+878 drops=0
[MOVE_SUB_A] [18:37:35] STATS ticks=716383 symbols=82 pos=no daily_pnl=+878 drops=0
[MOVE_SUB_A] [18:38:35] STATS ticks=716534 symbols=82 pos=no daily_pnl=+878 drops=0
[MOVE_SUB_A] [18:39:35] STATS ticks=716649 symbols=82 pos=no daily_pnl=+878 drops=0
[MOVE_SUB_A] [18:40:35] STATS ticks=716767 symbols=82 pos=no daily_pnl=+878 drops=0
[MOVE_SUB_A] [18:41:35] STATS ticks=716868 symbols=82 pos=no daily_pnl=+878 drops=0
[MOVE_SUB_A] [18:42:35] STATS ticks=717025 symbols=82 pos=no daily_pnl=+878 drops=0
[MOVE_SUB_A] [18:43:35] STATS ticks=717140 symbols=82 pos=no daily_pnl=+878 drops=0
[MOVE_SUB_A] [18:44:35] STATS ticks=717375 symbols=82 pos=no daily_pnl=+878 drops=0
[MOVE_SUB_A] [18:45:35] STATS ticks=717570 symbols=82 pos=no daily_pnl=+878 drops=0
[MOVE_SUB_A] [18:46:35] STATS ticks=717688 symbols=82 pos=no daily_pnl=+878 drops=0
[MOVE_SUB_A] [18:47:35] STATS ticks=717872 symbols=82 pos=no daily_pnl=+878 drops=0
[MOVE_SUB_A] [18:48:36] STATS ticks=717987 symbols=82 pos=no daily_pnl=+878 drops=0
[MOVE_SUB_A] [18:49:36] STATS ticks=718089 symbols=82 pos=no daily_pnl=+878 drops=0
[MOVE_SUB_A] [18:50:36] STATS ticks=718355 symbols=82 pos=no daily_pnl=+878 drops=0
[MOVE_SUB_A] [18:51:36] STATS ticks=718479 symbols=82 pos=no daily_pnl=+878 drops=0
[MOVE_SUB_A] [18:52:36] STATS ticks=718598 symbols=82 pos=no daily_pnl=+878 drops=0
[MOVE_SUB_A] [18:53:36] STATS ticks=718747 symbols=82 pos=no daily_pnl=+878 drops=0
[MOVE_SUB_A] [18:54:36] STATS ticks=718851 symbols=82 pos=no daily_pnl=+878 drops=0
[MOVE_SUB_A] [18:55:36] STATS ticks=718985 symbols=82 pos=no daily_pnl=+878 drops=0
[MOVE_SUB_A] [18:56:36] STATS ticks=719104 symbols=82 pos=no daily_pnl=+878 drops=0
[MOVE_SUB_A] [18:57:36] STATS ticks=719235 symbols=82 pos=no daily_pnl=+878 drops=0
[MOVE_SUB_A] [18:58:36] STATS ticks=719355 symbols=82 pos=no daily_pnl=+878 drops=0
[MOVE_SUB_A] [18:59:36] STATS ticks=719460 symbols=82 pos=no daily_pnl=+878 drops=0
[MOVE_SUB_A] [19:00:36] STATS ticks=719657 symbols=82 pos=no daily_pnl=+878 drops=0
[MOVE_SUB_A] [19:01:36] STATS ticks=719756 symbols=82 pos=no daily_pnl=+878 drops=0
[MOVE_SUB_A] [19:02:36] STATS ticks=719860 symbols=82 pos=no daily_pnl=+878 drops=0
[MOVE_SUB_A] [19:03:36] STATS ticks=719977 symbols=82 pos=no daily_pnl=+878 drops=0
[MOVE_SUB_A] [19:04:36] STATS ticks=720061 symbols=82 pos=no daily_pnl=+878 drops=0
[MOVE_SUB_A] [19:05:36] STATS ticks=720197 symbols=82 pos=no daily_pnl=+878 drops=0
[MOVE_SUB_A] [19:06:36] STATS ticks=720264 symbols=82 pos=no daily_pnl=+878 drops=0
[MOVE_SUB_A] [19:07:37] STATS ticks=720335 symbols=82 pos=no daily_pnl=+878 drops=0
[MOVE_SUB_A] [19:08:37] STATS ticks=720458 symbols=82 pos=no daily_pnl=+878 drops=0
[MOVE_SUB_A] [19:09:37] STATS ticks=720544 symbols=82 pos=no daily_pnl=+878 drops=0
[MOVE_SUB_A] [19:10:37] STATS ticks=720671 symbols=82 pos=no daily_pnl=+878 drops=0
[MOVE_SUB_A] [19:11:37] STATS ticks=720793 symbols=82 pos=no daily_pnl=+878 drops=0
[MOVE_SUB_A] [19:12:37] STATS ticks=720896 symbols=82 pos=no daily_pnl=+878 drops=0
[MOVE_SUB_A] [19:13:37] STATS ticks=721062 symbols=82 pos=no daily_pnl=+878 drops=0
[MOVE_SUB_A] [19:14:37] STATS ticks=721152 symbols=82 pos=no daily_pnl=+878 drops=0
[MOVE_SUB_A] [19:15:37] STATS ticks=721247 symbols=82 pos=no daily_pnl=+878 drops=0
[MOVE_SUB_A] [19:16:37] STATS ticks=721342 symbols=82 pos=no daily_pnl=+878 drops=0
[MOVE_SUB_A] [19:17:37] STATS ticks=721478 symbols=82 pos=no daily_pnl=+878 drops=0
[MOVE_SUB_A] [19:18:37] STATS ticks=721634 symbols=82 pos=no daily_pnl=+878 drops=0
[MOVE_SUB_A] [19:19:37] STATS ticks=721717 symbols=82 pos=no daily_pnl=+878 drops=0
[MOVE_SUB_A] [19:20:37] STATS ticks=721873 symbols=82 pos=no daily_pnl=+878 drops=0
[MOVE_SUB_A] [19:21:37] STATS ticks=721966 symbols=82 pos=no daily_pnl=+878 drops=0
  QUALITY_GATE symbol=SNXX gate=no_reentry result=PASS losses=0/1 trades=0/2
[MOVE_SUB_A] [19:22:03] SNXX ARMED entry=18.7700 stop=18.7200 R=0.0500 score=8.3 — movement_strike history reset
[MOVE_SUB_A] [19:22:03] SNXX FLOAT_GATE_BLOCK float=8175.0M cap=5.0M
[MOVE_SUB_A] [19:22:38] STATS ticks=722040 symbols=82 pos=no daily_pnl=+878 drops=0
[MOVE_SUB_A] [19:23:38] STATS ticks=722167 symbols=82 pos=no daily_pnl=+878 drops=0
[MOVE_SUB_A] [19:24:38] STATS ticks=722291 symbols=82 pos=no daily_pnl=+878 drops=0
[MOVE_SUB_A] [19:25:38] STATS ticks=722419 symbols=82 pos=no daily_pnl=+878 drops=0
[MOVE_SUB_A] [19:26:38] STATS ticks=722524 symbols=82 pos=no daily_pnl=+878 drops=0
[MOVE_SUB_A] [19:27:38] STATS ticks=722620 symbols=82 pos=no daily_pnl=+878 drops=0
[MOVE_SUB_A] [19:28:38] STATS ticks=722786 symbols=82 pos=no daily_pnl=+878 drops=0
  QUALITY_GATE symbol=GREE gate=no_reentry result=PASS losses=0/1 trades=0/2
[MOVE_SUB_A] [19:29:38] STATS ticks=722943 symbols=82 pos=no daily_pnl=+878 drops=0
[MOVE_SUB_A] [19:30:38] STATS ticks=723101 symbols=82 pos=no daily_pnl=+878 drops=0
[MOVE_SUB_A] [19:31:39] STATS ticks=723260 symbols=82 pos=no daily_pnl=+878 drops=0
[MOVE_SUB_A] [19:32:39] STATS ticks=723478 symbols=82 pos=no daily_pnl=+878 drops=0
[MOVE_SUB_A] [19:33:39] STATS ticks=723670 symbols=82 pos=no daily_pnl=+878 drops=0
[MOVE_SUB_A] [19:34:39] STATS ticks=723943 symbols=82 pos=no daily_pnl=+878 drops=0
[MOVE_SUB_A] [19:35:39] STATS ticks=724161 symbols=82 pos=no daily_pnl=+878 drops=0
[MOVE_SUB_A] [19:36:39] STATS ticks=724341 symbols=82 pos=no daily_pnl=+878 drops=0
[MOVE_SUB_A] [19:37:39] STATS ticks=724499 symbols=82 pos=no daily_pnl=+878 drops=0
[MOVE_SUB_A] [19:38:39] STATS ticks=724639 symbols=82 pos=no daily_pnl=+878 drops=0
[MOVE_SUB_A] [19:39:39] STATS ticks=724765 symbols=82 pos=no daily_pnl=+878 drops=0
[MOVE_SUB_A] [19:40:39] STATS ticks=724889 symbols=82 pos=no daily_pnl=+878 drops=0
[MOVE_SUB_A] [19:41:40] STATS ticks=725014 symbols=82 pos=no daily_pnl=+878 drops=0
[MOVE_SUB_A] [19:42:40] STATS ticks=725179 symbols=82 pos=no daily_pnl=+878 drops=0
[MOVE_SUB_A] [19:43:40] STATS ticks=725294 symbols=82 pos=no daily_pnl=+878 drops=0
[MOVE_SUB_A] [19:44:40] STATS ticks=725485 symbols=82 pos=no daily_pnl=+878 drops=0
[MOVE_SUB_A] [19:45:40] STATS ticks=725613 symbols=82 pos=no daily_pnl=+878 drops=0
[MOVE_SUB_A] [19:46:40] STATS ticks=725783 symbols=82 pos=no daily_pnl=+878 drops=0
[MOVE_SUB_A] [19:47:40] STATS ticks=725960 symbols=82 pos=no daily_pnl=+878 drops=0
[MOVE_SUB_A] [19:48:40] STATS ticks=726090 symbols=82 pos=no daily_pnl=+878 drops=0
[MOVE_SUB_A] [19:49:40] STATS ticks=726211 symbols=82 pos=no daily_pnl=+878 drops=0
[MOVE_SUB_A] [19:50:41] STATS ticks=726358 symbols=82 pos=no daily_pnl=+878 drops=0
[MOVE_SUB_A] [19:51:41] STATS ticks=726455 symbols=82 pos=no daily_pnl=+878 drops=0
[MOVE_SUB_A] [19:52:41] STATS ticks=726564 symbols=82 pos=no daily_pnl=+878 drops=0
[MOVE_SUB_A] [19:53:41] STATS ticks=726717 symbols=82 pos=no daily_pnl=+878 drops=0
[MOVE_SUB_A] [19:54:41] STATS ticks=726813 symbols=82 pos=no daily_pnl=+878 drops=0
[MOVE_SUB_A] [19:55:41] STATS ticks=726901 symbols=82 pos=no daily_pnl=+878 drops=0
[MOVE_SUB_A] [19:56:41] STATS ticks=727002 symbols=82 pos=no daily_pnl=+878 drops=0
[MOVE_SUB_A] [19:57:41] STATS ticks=727150 symbols=82 pos=no daily_pnl=+878 drops=0
[MOVE_SUB_A] [19:58:41] STATS ticks=727264 symbols=82 pos=no daily_pnl=+878 drops=0
[MOVE_SUB_A] [19:59:41] STATS ticks=727445 symbols=82 pos=no daily_pnl=+878 drops=0
[MOVE_SUB_A] socket closed by peer — reconnecting
[MOVE_SUB_A] engine socket not ready yet (ConnectionRefusedError(61, 'Connection refused')) — retrying every 2s
[MOVE_SUB_A] signal 15 received — stopping
[MOVE_SUB_A] consume loop exited
