[MOVE_SUB_C] Alpaca PAPER connected — account=PA3EJCP9X2UC equity=$2,701
[MOVE_SUB_C] filters: equity_pct=0.7 block_windows=[(570, 660), (780, 840)] loss_lockout=True
[MOVE_SUB_C] starting consume loop
[MOVE_SUB_C] [04:00:34] connected to engine (/tmp/warrior_engine.sock) attempt=1
[MOVE_SUB_C] [04:01:35] STATS ticks=0 symbols=0 pos=no daily_pnl=+0 drops=0
[MOVE_SUB_C] [04:02:35] STATS ticks=0 symbols=0 pos=no daily_pnl=+0 drops=0
[MOVE_SUB_C] [04:03:36] STATS ticks=0 symbols=0 pos=no daily_pnl=+0 drops=0
[MOVE_SUB_C] [04:04:36] STATS ticks=0 symbols=0 pos=no daily_pnl=+0 drops=0
[MOVE_SUB_C] [04:05:20] new symbol UPC — detector + movement_strike instantiated
[MOVE_SUB_C] [04:05:24] new symbol TVRD — detector + movement_strike instantiated
[MOVE_SUB_C] [04:05:27] new symbol NUWE — detector + movement_strike instantiated
[MOVE_SUB_C] [04:05:30] new symbol MBRX — detector + movement_strike instantiated
[MOVE_SUB_C] [04:05:33] new symbol CCXI — detector + movement_strike instantiated
[MOVE_SUB_C] [04:05:35] new symbol WSHP — detector + movement_strike instantiated
[MOVE_SUB_C] [04:05:37] STATS ticks=13 symbols=6 pos=no daily_pnl=+0 drops=0
[MOVE_SUB_C] [04:05:38] new symbol LRMR — detector + movement_strike instantiated
[MOVE_SUB_C] [04:05:41] new symbol VIVO — detector + movement_strike instantiated
[MOVE_SUB_C] [04:05:44] new symbol CBRG — detector + movement_strike instantiated
[MOVE_SUB_C] [04:05:47] new symbol SKYQ — detector + movement_strike instantiated
[MOVE_SUB_C] [04:05:50] new symbol RDWU — detector + movement_strike instantiated
[MOVE_SUB_C] [04:05:53] new symbol ASTX — detector + movement_strike instantiated
[MOVE_SUB_C] [04:05:56] new symbol IRE — detector + movement_strike instantiated
[MOVE_SUB_C] [04:05:59] new symbol OKLL — detector + movement_strike instantiated
[MOVE_SUB_C] [04:06:02] new symbol RCAT — detector + movement_strike instantiated
[MOVE_SUB_C] [04:06:05] new symbol ABCL — detector + movement_strike instantiated
[MOVE_SUB_C] [04:06:07] new symbol SIDU — detector + movement_strike instantiated
[MOVE_SUB_C] [04:06:10] new symbol SPCH — detector + movement_strike instantiated
[MOVE_SUB_C] [04:06:13] new symbol SLS — detector + movement_strike instantiated
[MOVE_SUB_C] [04:06:16] new symbol SLDP — detector + movement_strike instantiated
[MOVE_SUB_C] [04:06:39] STATS ticks=43 symbols=20 pos=no daily_pnl=+0 drops=0
[MOVE_SUB_C] [04:07:40] STATS ticks=43 symbols=20 pos=no daily_pnl=+0 drops=0
[MOVE_SUB_C] [04:08:41] STATS ticks=43 symbols=20 pos=no daily_pnl=+0 drops=0
[MOVE_SUB_C] [04:09:43] STATS ticks=43 symbols=20 pos=no daily_pnl=+0 drops=0
[MOVE_SUB_C] [04:10:24] new symbol DCOY — detector + movement_strike instantiated
[MOVE_SUB_C] [04:10:44] STATS ticks=60 symbols=21 pos=no daily_pnl=+0 drops=0
[MOVE_SUB_C] [04:11:08] new symbol SMCX — detector + movement_strike instantiated
[MOVE_SUB_C] [04:11:14] new symbol SMU — detector + movement_strike instantiated
[MOVE_SUB_C] [04:11:46] STATS ticks=83 symbols=23 pos=no daily_pnl=+0 drops=0
[MOVE_SUB_C] [04:12:47] STATS ticks=83 symbols=23 pos=no daily_pnl=+0 drops=0
[MOVE_SUB_C] [04:13:49] STATS ticks=83 symbols=23 pos=no daily_pnl=+0 drops=0
[MOVE_SUB_C] [04:14:50] STATS ticks=83 symbols=23 pos=no daily_pnl=+0 drops=0
[MOVE_SUB_C] [04:15:51] STATS ticks=104 symbols=23 pos=no daily_pnl=+0 drops=0
[MOVE_SUB_C] [04:16:53] STATS ticks=122 symbols=23 pos=no daily_pnl=+0 drops=0
[MOVE_SUB_C] [04:17:54] STATS ticks=122 symbols=23 pos=no daily_pnl=+0 drops=0
[MOVE_SUB_C] [04:18:55] STATS ticks=122 symbols=23 pos=no daily_pnl=+0 drops=0
[MOVE_SUB_C] [04:19:57] STATS ticks=122 symbols=23 pos=no daily_pnl=+0 drops=0
[MOVE_SUB_C] [04:20:30] new symbol WNW — detector + movement_strike instantiated
[MOVE_SUB_C] [04:20:58] STATS ticks=147 symbols=24 pos=no daily_pnl=+0 drops=0
[MOVE_SUB_C] [04:21:09] new symbol SATL — detector + movement_strike instantiated
[MOVE_SUB_C] [04:21:59] STATS ticks=161 symbols=25 pos=no daily_pnl=+0 drops=0
[MOVE_SUB_C] [04:23:01] STATS ticks=161 symbols=25 pos=no daily_pnl=+0 drops=0
[MOVE_SUB_C] [04:24:02] STATS ticks=161 symbols=25 pos=no daily_pnl=+0 drops=0
[MOVE_SUB_C] [04:25:04] STATS ticks=161 symbols=25 pos=no daily_pnl=+0 drops=0
[MOVE_SUB_C] [04:25:40] new symbol AMSS — detector + movement_strike instantiated
[MOVE_SUB_C] [04:26:05] STATS ticks=191 symbols=26 pos=no daily_pnl=+0 drops=0
[MOVE_SUB_C] [04:26:13] new symbol RGTX — detector + movement_strike instantiated
[MOVE_SUB_C] [04:27:06] STATS ticks=200 symbols=27 pos=no daily_pnl=+0 drops=0
[MOVE_SUB_C] [04:28:07] STATS ticks=200 symbols=27 pos=no daily_pnl=+0 drops=0
[MOVE_SUB_C] [04:29:09] STATS ticks=200 symbols=27 pos=no daily_pnl=+0 drops=0
[MOVE_SUB_C] [04:30:10] STATS ticks=200 symbols=27 pos=no daily_pnl=+0 drops=0
[MOVE_SUB_C] [04:31:07] new symbol USGG — detector + movement_strike instantiated
[MOVE_SUB_C] [04:31:11] STATS ticks=235 symbols=28 pos=no daily_pnl=+0 drops=0
[MOVE_SUB_C] [04:31:13] new symbol PTIR — detector + movement_strike instantiated
[MOVE_SUB_C] [04:32:13] STATS ticks=239 symbols=29 pos=no daily_pnl=+0 drops=0
[MOVE_SUB_C] [04:33:14] STATS ticks=239 symbols=29 pos=no daily_pnl=+0 drops=0
[MOVE_SUB_C] [04:34:15] STATS ticks=239 symbols=29 pos=no daily_pnl=+0 drops=0
[MOVE_SUB_C] [04:35:16] STATS ticks=239 symbols=29 pos=no daily_pnl=+0 drops=0
[MOVE_SUB_C] [04:36:16] new symbol ORCU — detector + movement_strike instantiated
[MOVE_SUB_C] [04:36:18] STATS ticks=278 symbols=30 pos=no daily_pnl=+0 drops=0
[MOVE_SUB_C] [04:37:19] STATS ticks=278 symbols=30 pos=no daily_pnl=+0 drops=0
[MOVE_SUB_C] [04:38:20] STATS ticks=278 symbols=30 pos=no daily_pnl=+0 drops=0
[MOVE_SUB_C] [04:39:22] STATS ticks=278 symbols=30 pos=no daily_pnl=+0 drops=0
[MOVE_SUB_C] [04:40:23] STATS ticks=278 symbols=30 pos=no daily_pnl=+0 drops=0
[MOVE_SUB_C] [04:41:25] STATS ticks=317 symbols=30 pos=no daily_pnl=+0 drops=0
[MOVE_SUB_C] [04:42:26] STATS ticks=317 symbols=30 pos=no daily_pnl=+0 drops=0
[MOVE_SUB_C] [04:43:28] STATS ticks=317 symbols=30 pos=no daily_pnl=+0 drops=0
[MOVE_SUB_C] [04:44:29] STATS ticks=317 symbols=30 pos=no daily_pnl=+0 drops=0
[MOVE_SUB_C] [04:45:30] new symbol STI — detector + movement_strike instantiated
[MOVE_SUB_C] [04:45:30] STATS ticks=322 symbols=31 pos=no daily_pnl=+0 drops=0
[MOVE_SUB_C] [04:45:36] new symbol QH — detector + movement_strike instantiated
[MOVE_SUB_C] [04:46:32] STATS ticks=356 symbols=32 pos=no daily_pnl=+0 drops=0
[MOVE_SUB_C] [04:47:33] STATS ticks=356 symbols=32 pos=no daily_pnl=+0 drops=0
[MOVE_SUB_C] [04:48:34] STATS ticks=356 symbols=32 pos=no daily_pnl=+0 drops=0
[MOVE_SUB_C] [04:49:36] STATS ticks=356 symbols=32 pos=no daily_pnl=+0 drops=0
[MOVE_SUB_C] [04:50:37] STATS ticks=366 symbols=32 pos=no daily_pnl=+0 drops=0
[MOVE_SUB_C] [04:51:12] new symbol RZLV — detector + movement_strike instantiated
[MOVE_SUB_C] [04:51:39] STATS ticks=395 symbols=33 pos=no daily_pnl=+0 drops=0
[MOVE_SUB_C] [04:52:40] STATS ticks=395 symbols=33 pos=no daily_pnl=+0 drops=0
[MOVE_SUB_C] [04:53:41] STATS ticks=395 symbols=33 pos=no daily_pnl=+0 drops=0
[MOVE_SUB_C] [04:54:42] STATS ticks=395 symbols=33 pos=no daily_pnl=+0 drops=0
[MOVE_SUB_C] [04:55:44] STATS ticks=408 symbols=33 pos=no daily_pnl=+0 drops=0
[MOVE_SUB_C] [04:56:45] STATS ticks=432 symbols=33 pos=no daily_pnl=+0 drops=0
[MOVE_SUB_C] [04:57:46] STATS ticks=432 symbols=33 pos=no daily_pnl=+0 drops=0
[MOVE_SUB_C] [04:58:48] STATS ticks=432 symbols=33 pos=no daily_pnl=+0 drops=0
[MOVE_SUB_C] [04:59:49] STATS ticks=432 symbols=33 pos=no daily_pnl=+0 drops=0
[MOVE_SUB_C] [05:00:51] STATS ticks=449 symbols=33 pos=no daily_pnl=+0 drops=0
[MOVE_SUB_C] [05:01:51] STATS ticks=643 symbols=33 pos=no daily_pnl=+0 drops=0
[MOVE_SUB_C] [05:02:51] STATS ticks=1122 symbols=33 pos=no daily_pnl=+0 drops=0
[MOVE_SUB_C] [05:03:51] STATS ticks=4019 symbols=33 pos=no daily_pnl=+0 drops=0
[MOVE_SUB_C] [05:04:51] STATS ticks=5791 symbols=33 pos=no daily_pnl=+0 drops=0
[MOVE_SUB_C] [05:05:52] STATS ticks=8253 symbols=33 pos=no daily_pnl=+0 drops=0
[MOVE_SUB_C] [05:05:54] new symbol LWLG — detector + movement_strike instantiated
[MOVE_SUB_C] [05:06:52] STATS ticks=9959 symbols=34 pos=no daily_pnl=+0 drops=0
[MOVE_SUB_C] [05:07:52] STATS ticks=11112 symbols=34 pos=no daily_pnl=+0 drops=0
[MOVE_SUB_C] [05:08:53] STATS ticks=12171 symbols=34 pos=no daily_pnl=+0 drops=0
[MOVE_SUB_C] [05:09:53] STATS ticks=12727 symbols=34 pos=no daily_pnl=+0 drops=0
[MOVE_SUB_C] [05:10:54] STATS ticks=14899 symbols=34 pos=no daily_pnl=+0 drops=0
[MOVE_SUB_C] [05:11:54] STATS ticks=16814 symbols=34 pos=no daily_pnl=+0 drops=0
[MOVE_SUB_C] [05:12:54] STATS ticks=19224 symbols=34 pos=no daily_pnl=+0 drops=0
[MOVE_SUB_C] [05:13:54] STATS ticks=20311 symbols=34 pos=no daily_pnl=+0 drops=0
[MOVE_SUB_C] [05:14:55] STATS ticks=21662 symbols=34 pos=no daily_pnl=+0 drops=0
[MOVE_SUB_C] [05:15:55] STATS ticks=22930 symbols=34 pos=no daily_pnl=+0 drops=0
[MOVE_SUB_C] [05:16:55] STATS ticks=23666 symbols=34 pos=no daily_pnl=+0 drops=0
[MOVE_SUB_C] [05:17:55] STATS ticks=25044 symbols=34 pos=no daily_pnl=+0 drops=0
[MOVE_SUB_C] [05:18:55] STATS ticks=26143 symbols=34 pos=no daily_pnl=+0 drops=0
[MOVE_SUB_C] [05:19:56] STATS ticks=26804 symbols=34 pos=no daily_pnl=+0 drops=0
[MOVE_SUB_C] [05:20:58] STATS ticks=27127 symbols=34 pos=no daily_pnl=+0 drops=0
[MOVE_SUB_C] [05:21:59] STATS ticks=27392 symbols=34 pos=no daily_pnl=+0 drops=0
[MOVE_SUB_C] [05:22:59] STATS ticks=28338 symbols=34 pos=no daily_pnl=+0 drops=0
[MOVE_SUB_C] [05:24:00] STATS ticks=28896 symbols=34 pos=no daily_pnl=+0 drops=0
[MOVE_SUB_C] [05:25:00] STATS ticks=29613 symbols=34 pos=no daily_pnl=+0 drops=0
[MOVE_SUB_C] [05:26:01] STATS ticks=29939 symbols=34 pos=no daily_pnl=+0 drops=0
[MOVE_SUB_C] [05:27:02] STATS ticks=30432 symbols=34 pos=no daily_pnl=+0 drops=0
[MOVE_SUB_C] [05:28:02] STATS ticks=30698 symbols=34 pos=no daily_pnl=+0 drops=0
[MOVE_SUB_C] [05:29:02] STATS ticks=31727 symbols=34 pos=no daily_pnl=+0 drops=0
[MOVE_SUB_C] [05:30:03] STATS ticks=32944 symbols=34 pos=no daily_pnl=+0 drops=0
[MOVE_SUB_C] [05:31:03] STATS ticks=33838 symbols=34 pos=no daily_pnl=+0 drops=0
[MOVE_SUB_C] [05:32:03] STATS ticks=34481 symbols=34 pos=no daily_pnl=+0 drops=0
[MOVE_SUB_C] [05:33:03] STATS ticks=35723 symbols=34 pos=no daily_pnl=+0 drops=0
[MOVE_SUB_C] [05:34:04] STATS ticks=36880 symbols=34 pos=no daily_pnl=+0 drops=0
[MOVE_SUB_C] [05:35:04] STATS ticks=37486 symbols=34 pos=no daily_pnl=+0 drops=0
[MOVE_SUB_C] [05:36:05] STATS ticks=38110 symbols=34 pos=no daily_pnl=+0 drops=0
[MOVE_SUB_C] [05:37:05] STATS ticks=39154 symbols=34 pos=no daily_pnl=+0 drops=0
[MOVE_SUB_C] [05:38:06] STATS ticks=39871 symbols=34 pos=no daily_pnl=+0 drops=0
[MOVE_SUB_C] [05:39:07] STATS ticks=40508 symbols=34 pos=no daily_pnl=+0 drops=0
[MOVE_SUB_C] [05:40:08] STATS ticks=40844 symbols=34 pos=no daily_pnl=+0 drops=0
[MOVE_SUB_C] [05:41:09] STATS ticks=41355 symbols=34 pos=no daily_pnl=+0 drops=0
[MOVE_SUB_C] [05:42:09] STATS ticks=41741 symbols=34 pos=no daily_pnl=+0 drops=0
[MOVE_SUB_C] [05:43:09] STATS ticks=42488 symbols=34 pos=no daily_pnl=+0 drops=0
[MOVE_SUB_C] [05:44:10] STATS ticks=42973 symbols=34 pos=no daily_pnl=+0 drops=0
[MOVE_SUB_C] [05:45:10] STATS ticks=44155 symbols=34 pos=no daily_pnl=+0 drops=0
[MOVE_SUB_C] [05:46:11] STATS ticks=44696 symbols=34 pos=no daily_pnl=+0 drops=0
[MOVE_SUB_C] [05:47:11] STATS ticks=45955 symbols=34 pos=no daily_pnl=+0 drops=0
[MOVE_SUB_C] [05:48:12] STATS ticks=46583 symbols=34 pos=no daily_pnl=+0 drops=0
[MOVE_SUB_C] [05:49:13] STATS ticks=47194 symbols=34 pos=no daily_pnl=+0 drops=0
[MOVE_SUB_C] [05:50:14] STATS ticks=48880 symbols=34 pos=no daily_pnl=+0 drops=0
[MOVE_SUB_C] [05:51:14] STATS ticks=51355 symbols=34 pos=no daily_pnl=+0 drops=0
[MOVE_SUB_C] [05:52:14] STATS ticks=53344 symbols=34 pos=no daily_pnl=+0 drops=0
[MOVE_SUB_C] [05:53:14] STATS ticks=54440 symbols=34 pos=no daily_pnl=+0 drops=0
[MOVE_SUB_C] [05:54:15] STATS ticks=56401 symbols=34 pos=no daily_pnl=+0 drops=0
[MOVE_SUB_C] [05:55:15] STATS ticks=58167 symbols=34 pos=no daily_pnl=+0 drops=0
[MOVE_SUB_C] [05:56:15] STATS ticks=60023 symbols=34 pos=no daily_pnl=+0 drops=0
[MOVE_SUB_C] [05:57:16] STATS ticks=61710 symbols=34 pos=no daily_pnl=+0 drops=0
[MOVE_SUB_C] [05:58:16] STATS ticks=62901 symbols=34 pos=no daily_pnl=+0 drops=0
[MOVE_SUB_C] [05:59:17] STATS ticks=63974 symbols=34 pos=no daily_pnl=+0 drops=0
[MOVE_SUB_C] [06:00:18] STATS ticks=64951 symbols=34 pos=no daily_pnl=+0 drops=0
[MOVE_SUB_C] [06:01:18] STATS ticks=66364 symbols=34 pos=no daily_pnl=+0 drops=0
[MOVE_SUB_C] [06:02:18] STATS ticks=67807 symbols=34 pos=no daily_pnl=+0 drops=0
[MOVE_SUB_C] [06:03:18] STATS ticks=69175 symbols=34 pos=no daily_pnl=+0 drops=0
[MOVE_SUB_C] [06:04:19] STATS ticks=70215 symbols=34 pos=no daily_pnl=+0 drops=0
[MOVE_SUB_C] [06:05:19] STATS ticks=71214 symbols=34 pos=no daily_pnl=+0 drops=0
[MOVE_SUB_C] [06:06:20] STATS ticks=72368 symbols=34 pos=no daily_pnl=+0 drops=0
[MOVE_SUB_C] [06:07:20] STATS ticks=73142 symbols=34 pos=no daily_pnl=+0 drops=0
[MOVE_SUB_C] [06:08:20] STATS ticks=74083 symbols=34 pos=no daily_pnl=+0 drops=0
[MOVE_SUB_C] [06:09:21] STATS ticks=75406 symbols=34 pos=no daily_pnl=+0 drops=0
[MOVE_SUB_C] [06:10:21] STATS ticks=76788 symbols=34 pos=no daily_pnl=+0 drops=0
[MOVE_SUB_C] [06:11:13] new symbol LUNL — detector + movement_strike instantiated
[MOVE_SUB_C] [06:11:21] STATS ticks=77711 symbols=35 pos=no daily_pnl=+0 drops=0
[MOVE_SUB_C] [06:12:21] STATS ticks=78208 symbols=35 pos=no daily_pnl=+0 drops=0
[MOVE_SUB_C] [06:13:21] STATS ticks=79361 symbols=35 pos=no daily_pnl=+0 drops=0
[MOVE_SUB_C] [06:14:22] STATS ticks=80210 symbols=35 pos=no daily_pnl=+0 drops=0
[MOVE_SUB_C] [06:15:22] STATS ticks=81250 symbols=35 pos=no daily_pnl=+0 drops=0
[MOVE_SUB_C] [06:16:19] new symbol UNCY — detector + movement_strike instantiated
[MOVE_SUB_C] [06:16:22] STATS ticks=83307 symbols=36 pos=no daily_pnl=+0 drops=0
[MOVE_SUB_C] [06:17:22] STATS ticks=84400 symbols=36 pos=no daily_pnl=+0 drops=0
[MOVE_SUB_C] [06:18:23] STATS ticks=85445 symbols=36 pos=no daily_pnl=+0 drops=0
[MOVE_SUB_C] [06:19:23] STATS ticks=86641 symbols=36 pos=no daily_pnl=+0 drops=0
[MOVE_SUB_C] [06:20:23] STATS ticks=87536 symbols=36 pos=no daily_pnl=+0 drops=0
[MOVE_SUB_C] [06:21:23] STATS ticks=88187 symbols=36 pos=no daily_pnl=+0 drops=0
[MOVE_SUB_C] [06:22:23] STATS ticks=89311 symbols=36 pos=no daily_pnl=+0 drops=0
[MOVE_SUB_C] [06:23:24] STATS ticks=90205 symbols=36 pos=no daily_pnl=+0 drops=0
[MOVE_SUB_C] [06:24:24] STATS ticks=91797 symbols=36 pos=no daily_pnl=+0 drops=0
[MOVE_SUB_C] [06:25:24] STATS ticks=93480 symbols=36 pos=no daily_pnl=+0 drops=0
[MOVE_SUB_C] [06:26:25] STATS ticks=97435 symbols=36 pos=no daily_pnl=+0 drops=0
[MOVE_SUB_C] [06:27:25] STATS ticks=102670 symbols=36 pos=no daily_pnl=+0 drops=0
[MOVE_SUB_C] [06:28:25] STATS ticks=104634 symbols=36 pos=no daily_pnl=+0 drops=0
[MOVE_SUB_C] [06:29:26] STATS ticks=105967 symbols=36 pos=no daily_pnl=+0 drops=0
[MOVE_SUB_C] [06:30:26] STATS ticks=109523 symbols=36 pos=no daily_pnl=+0 drops=0
[MOVE_SUB_C] [06:31:27] STATS ticks=111441 symbols=36 pos=no daily_pnl=+0 drops=0
[MOVE_SUB_C] [06:32:27] STATS ticks=112981 symbols=36 pos=no daily_pnl=+0 drops=0
[MOVE_SUB_C] [06:33:28] STATS ticks=113697 symbols=36 pos=no daily_pnl=+0 drops=0
[MOVE_SUB_C] [06:34:28] STATS ticks=114535 symbols=36 pos=no daily_pnl=+0 drops=0
[MOVE_SUB_C] [06:35:28] STATS ticks=115981 symbols=36 pos=no daily_pnl=+0 drops=0
[MOVE_SUB_C] [06:36:28] STATS ticks=118152 symbols=36 pos=no daily_pnl=+0 drops=0
[MOVE_SUB_C] [06:37:29] STATS ticks=120129 symbols=36 pos=no daily_pnl=+0 drops=0
[MOVE_SUB_C] [06:38:29] STATS ticks=121343 symbols=36 pos=no daily_pnl=+0 drops=0
[MOVE_SUB_C] [06:39:29] STATS ticks=125539 symbols=36 pos=no daily_pnl=+0 drops=0
[MOVE_SUB_C] [06:40:00] DCOY ARMED entry=14.0200 stop=13.9000 R=0.1200 score=7.9 — movement_strike history reset
[MOVE_SUB_C] [06:40:29] STATS ticks=129428 symbols=36 pos=no daily_pnl=+0 drops=0
[MOVE_SUB_C] [06:41:25] new symbol SPAX — detector + movement_strike instantiated
[MOVE_SUB_C] [06:41:30] STATS ticks=131742 symbols=37 pos=no daily_pnl=+0 drops=0
[MOVE_SUB_C] [06:42:30] STATS ticks=134633 symbols=37 pos=no daily_pnl=+0 drops=0
[MOVE_SUB_C] [06:43:30] STATS ticks=136967 symbols=37 pos=no daily_pnl=+0 drops=0
[MOVE_SUB_C] [06:44:31] STATS ticks=140125 symbols=37 pos=no daily_pnl=+0 drops=0
[MOVE_SUB_C] [06:45:31] STATS ticks=142195 symbols=37 pos=no daily_pnl=+0 drops=0
[MOVE_SUB_C] [06:46:17] new symbol SPCU — detector + movement_strike instantiated
[MOVE_SUB_C] [06:46:31] STATS ticks=144151 symbols=38 pos=no daily_pnl=+0 drops=0
[MOVE_SUB_C] [06:47:31] STATS ticks=145441 symbols=38 pos=no daily_pnl=+0 drops=0
[MOVE_SUB_C] [06:47:45] FIRESTORM_GATE_BLOCK DCOY setup=move_strike prior_bar_ticks=1539 threshold=6000
[MOVE_SUB_C] [06:47:46] FIRESTORM_GATE_BLOCK DCOY setup=move_strike prior_bar_ticks=1539 threshold=6000
[MOVE_SUB_C] [06:47:46] FIRESTORM_GATE_BLOCK DCOY setup=move_strike prior_bar_ticks=1539 threshold=6000
[MOVE_SUB_C] [06:47:46] FIRESTORM_GATE_BLOCK DCOY setup=move_strike prior_bar_ticks=1539 threshold=6000
[MOVE_SUB_C] [06:47:46] FIRESTORM_GATE_BLOCK DCOY setup=move_strike prior_bar_ticks=1539 threshold=6000
[MOVE_SUB_C] [06:47:46] FIRESTORM_GATE_BLOCK DCOY setup=move_strike prior_bar_ticks=1539 threshold=6000
[MOVE_SUB_C] [06:47:46] FIRESTORM_GATE_BLOCK DCOY setup=move_strike prior_bar_ticks=1539 threshold=6000
[MOVE_SUB_C] [06:47:46] FIRESTORM_GATE_BLOCK DCOY setup=move_strike prior_bar_ticks=1539 threshold=6000
[MOVE_SUB_C] [06:47:47] FIRESTORM_GATE_BLOCK DCOY setup=move_strike prior_bar_ticks=1539 threshold=6000
[MOVE_SUB_C] [06:47:47] FIRESTORM_GATE_BLOCK DCOY setup=move_strike prior_bar_ticks=1539 threshold=6000
[MOVE_SUB_C] [06:47:47] FIRESTORM_GATE_BLOCK DCOY setup=move_strike prior_bar_ticks=1539 threshold=6000
[MOVE_SUB_C] [06:47:47] FIRESTORM_GATE_BLOCK DCOY setup=move_strike prior_bar_ticks=1539 threshold=6000
[MOVE_SUB_C] [06:47:47] FIRESTORM_GATE_BLOCK DCOY setup=move_strike prior_bar_ticks=1539 threshold=6000
[MOVE_SUB_C] [06:47:47] FIRESTORM_GATE_BLOCK DCOY setup=move_strike prior_bar_ticks=1539 threshold=6000
[MOVE_SUB_C] [06:47:47] FIRESTORM_GATE_BLOCK DCOY setup=move_strike prior_bar_ticks=1539 threshold=6000
[MOVE_SUB_C] [06:47:47] FIRESTORM_GATE_BLOCK DCOY setup=move_strike prior_bar_ticks=1539 threshold=6000
[MOVE_SUB_C] [06:47:47] FIRESTORM_GATE_BLOCK DCOY setup=move_strike prior_bar_ticks=1539 threshold=6000
[MOVE_SUB_C] [06:47:47] FIRESTORM_GATE_BLOCK DCOY setup=move_strike prior_bar_ticks=1539 threshold=6000
[MOVE_SUB_C] [06:47:47] FIRESTORM_GATE_BLOCK DCOY setup=move_strike prior_bar_ticks=1539 threshold=6000
[MOVE_SUB_C] [06:47:47] FIRESTORM_GATE_BLOCK DCOY setup=move_strike prior_bar_ticks=1539 threshold=6000
[MOVE_SUB_C] [06:47:47] FIRESTORM_GATE_BLOCK DCOY setup=move_strike prior_bar_ticks=1539 threshold=6000
[MOVE_SUB_C] [06:47:47] FIRESTORM_GATE_BLOCK DCOY setup=move_strike prior_bar_ticks=1539 threshold=6000
[MOVE_SUB_C] [06:47:47] FIRESTORM_GATE_BLOCK DCOY setup=move_strike prior_bar_ticks=1539 threshold=6000
[MOVE_SUB_C] [06:47:47] FIRESTORM_GATE_BLOCK DCOY setup=move_strike prior_bar_ticks=1539 threshold=6000
[MOVE_SUB_C] [06:47:47] FIRESTORM_GATE_BLOCK DCOY setup=move_strike prior_bar_ticks=1539 threshold=6000
[MOVE_SUB_C] [06:47:47] FIRESTORM_GATE_BLOCK DCOY setup=move_strike prior_bar_ticks=1539 threshold=6000
[MOVE_SUB_C] [06:47:47] FIRESTORM_GATE_BLOCK DCOY setup=move_strike prior_bar_ticks=1539 threshold=6000
[MOVE_SUB_C] [06:47:47] FIRESTORM_GATE_BLOCK DCOY setup=move_strike prior_bar_ticks=1539 threshold=6000
[MOVE_SUB_C] [06:47:47] FIRESTORM_GATE_BLOCK DCOY setup=move_strike prior_bar_ticks=1539 threshold=6000
[MOVE_SUB_C] [06:47:47] FIRESTORM_GATE_BLOCK DCOY setup=move_strike prior_bar_ticks=1539 threshold=6000
[MOVE_SUB_C] [06:47:47] FIRESTORM_GATE_BLOCK DCOY setup=move_strike prior_bar_ticks=1539 threshold=6000
[MOVE_SUB_C] [06:47:47] FIRESTORM_GATE_BLOCK DCOY setup=move_strike prior_bar_ticks=1539 threshold=6000
[MOVE_SUB_C] [06:47:47] FIRESTORM_GATE_BLOCK DCOY setup=move_strike prior_bar_ticks=1539 threshold=6000
[MOVE_SUB_C] [06:47:47] FIRESTORM_GATE_BLOCK DCOY setup=move_strike prior_bar_ticks=1539 threshold=6000
[MOVE_SUB_C] [06:47:47] FIRESTORM_GATE_BLOCK DCOY setup=move_strike prior_bar_ticks=1539 threshold=6000
[MOVE_SUB_C] [06:47:47] FIRESTORM_GATE_BLOCK DCOY setup=move_strike prior_bar_ticks=1539 threshold=6000
[MOVE_SUB_C] [06:47:47] FIRESTORM_GATE_BLOCK DCOY setup=move_strike prior_bar_ticks=1539 threshold=6000
[MOVE_SUB_C] [06:47:47] FIRESTORM_GATE_BLOCK DCOY setup=move_strike prior_bar_ticks=1539 threshold=6000
[MOVE_SUB_C] [06:47:47] FIRESTORM_GATE_BLOCK DCOY setup=move_strike prior_bar_ticks=1539 threshold=6000
[MOVE_SUB_C] [06:47:47] FIRESTORM_GATE_BLOCK DCOY setup=move_strike prior_bar_ticks=1539 threshold=6000
[MOVE_SUB_C] [06:47:47] FIRESTORM_GATE_BLOCK DCOY setup=move_strike prior_bar_ticks=1539 threshold=6000
[MOVE_SUB_C] [06:47:47] FIRESTORM_GATE_BLOCK DCOY setup=move_strike prior_bar_ticks=1539 threshold=6000
[MOVE_SUB_C] [06:47:47] FIRESTORM_GATE_BLOCK DCOY setup=move_strike prior_bar_ticks=1539 threshold=6000
[MOVE_SUB_C] [06:47:47] FIRESTORM_GATE_BLOCK DCOY setup=move_strike prior_bar_ticks=1539 threshold=6000
[MOVE_SUB_C] [06:47:48] FIRESTORM_GATE_BLOCK DCOY setup=move_strike prior_bar_ticks=1539 threshold=6000
[MOVE_SUB_C] [06:47:48] FIRESTORM_GATE_BLOCK DCOY setup=move_strike prior_bar_ticks=1539 threshold=6000
[MOVE_SUB_C] [06:47:48] FIRESTORM_GATE_BLOCK DCOY setup=move_strike prior_bar_ticks=1539 threshold=6000
[MOVE_SUB_C] [06:47:48] FIRESTORM_GATE_BLOCK DCOY setup=move_strike prior_bar_ticks=1539 threshold=6000
[MOVE_SUB_C] [06:47:48] FIRESTORM_GATE_BLOCK DCOY setup=move_strike prior_bar_ticks=1539 threshold=6000
[MOVE_SUB_C] [06:47:48] FIRESTORM_GATE_BLOCK DCOY setup=move_strike prior_bar_ticks=1539 threshold=6000
[MOVE_SUB_C] [06:47:48] FIRESTORM_GATE_BLOCK DCOY setup=move_strike prior_bar_ticks=1539 threshold=6000
[MOVE_SUB_C] [06:47:48] FIRESTORM_GATE_BLOCK DCOY setup=move_strike prior_bar_ticks=1539 threshold=6000
[MOVE_SUB_C] [06:47:48] FIRESTORM_GATE_BLOCK DCOY setup=move_strike prior_bar_ticks=1539 threshold=6000
[MOVE_SUB_C] [06:47:48] FIRESTORM_GATE_BLOCK DCOY setup=move_strike prior_bar_ticks=1539 threshold=6000
[MOVE_SUB_C] [06:47:48] FIRESTORM_GATE_BLOCK DCOY setup=move_strike prior_bar_ticks=1539 threshold=6000
[MOVE_SUB_C] [06:47:48] FIRESTORM_GATE_BLOCK DCOY setup=move_strike prior_bar_ticks=1539 threshold=6000
[MOVE_SUB_C] [06:47:48] FIRESTORM_GATE_BLOCK DCOY setup=move_strike prior_bar_ticks=1539 threshold=6000
[MOVE_SUB_C] [06:47:48] FIRESTORM_GATE_BLOCK DCOY setup=move_strike prior_bar_ticks=1539 threshold=6000
[MOVE_SUB_C] [06:47:48] FIRESTORM_GATE_BLOCK DCOY setup=move_strike prior_bar_ticks=1539 threshold=6000
[MOVE_SUB_C] [06:47:48] FIRESTORM_GATE_BLOCK DCOY setup=move_strike prior_bar_ticks=1539 threshold=6000
[MOVE_SUB_C] [06:47:48] FIRESTORM_GATE_BLOCK DCOY setup=move_strike prior_bar_ticks=1539 threshold=6000
[MOVE_SUB_C] [06:47:48] FIRESTORM_GATE_BLOCK DCOY setup=move_strike prior_bar_ticks=1539 threshold=6000
[MOVE_SUB_C] [06:47:48] FIRESTORM_GATE_BLOCK DCOY setup=move_strike prior_bar_ticks=1539 threshold=6000
[MOVE_SUB_C] [06:47:48] FIRESTORM_GATE_BLOCK DCOY setup=move_strike prior_bar_ticks=1539 threshold=6000
[MOVE_SUB_C] [06:47:49] FIRESTORM_GATE_BLOCK DCOY setup=move_strike prior_bar_ticks=1539 threshold=6000
[MOVE_SUB_C] [06:47:49] FIRESTORM_GATE_BLOCK DCOY setup=move_strike prior_bar_ticks=1539 threshold=6000
[MOVE_SUB_C] [06:47:49] FIRESTORM_GATE_BLOCK DCOY setup=move_strike prior_bar_ticks=1539 threshold=6000
[MOVE_SUB_C] [06:47:49] FIRESTORM_GATE_BLOCK DCOY setup=move_strike prior_bar_ticks=1539 threshold=6000
[MOVE_SUB_C] [06:47:49] FIRESTORM_GATE_BLOCK DCOY setup=move_strike prior_bar_ticks=1539 threshold=6000
[MOVE_SUB_C] [06:47:49] FIRESTORM_GATE_BLOCK DCOY setup=move_strike prior_bar_ticks=1539 threshold=6000
[MOVE_SUB_C] [06:47:49] FIRESTORM_GATE_BLOCK DCOY setup=move_strike prior_bar_ticks=1539 threshold=6000
[MOVE_SUB_C] [06:47:49] FIRESTORM_GATE_BLOCK DCOY setup=move_strike prior_bar_ticks=1539 threshold=6000
[MOVE_SUB_C] [06:47:49] FIRESTORM_GATE_BLOCK DCOY setup=move_strike prior_bar_ticks=1539 threshold=6000
[MOVE_SUB_C] [06:47:49] FIRESTORM_GATE_BLOCK DCOY setup=move_strike prior_bar_ticks=1539 threshold=6000
[MOVE_SUB_C] [06:47:49] FIRESTORM_GATE_BLOCK DCOY setup=move_strike prior_bar_ticks=1539 threshold=6000
[MOVE_SUB_C] [06:47:49] FIRESTORM_GATE_BLOCK DCOY setup=move_strike prior_bar_ticks=1539 threshold=6000
[MOVE_SUB_C] [06:47:49] FIRESTORM_GATE_BLOCK DCOY setup=move_strike prior_bar_ticks=1539 threshold=6000
[MOVE_SUB_C] [06:47:49] FIRESTORM_GATE_BLOCK DCOY setup=move_strike prior_bar_ticks=1539 threshold=6000
[MOVE_SUB_C] [06:47:49] FIRESTORM_GATE_BLOCK DCOY setup=move_strike prior_bar_ticks=1539 threshold=6000
[MOVE_SUB_C] [06:47:49] FIRESTORM_GATE_BLOCK DCOY setup=move_strike prior_bar_ticks=1539 threshold=6000
[MOVE_SUB_C] [06:47:49] FIRESTORM_GATE_BLOCK DCOY setup=move_strike prior_bar_ticks=1539 threshold=6000
[MOVE_SUB_C] [06:47:49] FIRESTORM_GATE_BLOCK DCOY setup=move_strike prior_bar_ticks=1539 threshold=6000
[MOVE_SUB_C] [06:47:49] FIRESTORM_GATE_BLOCK DCOY setup=move_strike prior_bar_ticks=1539 threshold=6000
[MOVE_SUB_C] [06:47:49] FIRESTORM_GATE_BLOCK DCOY setup=move_strike prior_bar_ticks=1539 threshold=6000
[MOVE_SUB_C] [06:47:49] FIRESTORM_GATE_BLOCK DCOY setup=move_strike prior_bar_ticks=1539 threshold=6000
[MOVE_SUB_C] [06:47:49] FIRESTORM_GATE_BLOCK DCOY setup=move_strike prior_bar_ticks=1539 threshold=6000
[MOVE_SUB_C] [06:47:49] FIRESTORM_GATE_BLOCK DCOY setup=move_strike prior_bar_ticks=1539 threshold=6000
[MOVE_SUB_C] [06:47:49] FIRESTORM_GATE_BLOCK DCOY setup=move_strike prior_bar_ticks=1539 threshold=6000
[MOVE_SUB_C] [06:47:49] FIRESTORM_GATE_BLOCK DCOY setup=move_strike prior_bar_ticks=1539 threshold=6000
[MOVE_SUB_C] [06:47:49] FIRESTORM_GATE_BLOCK DCOY setup=move_strike prior_bar_ticks=1539 threshold=6000
[MOVE_SUB_C] [06:47:49] FIRESTORM_GATE_BLOCK DCOY setup=move_strike prior_bar_ticks=1539 threshold=6000
[MOVE_SUB_C] [06:47:49] FIRESTORM_GATE_BLOCK DCOY setup=move_strike prior_bar_ticks=1539 threshold=6000
[MOVE_SUB_C] [06:47:49] FIRESTORM_GATE_BLOCK DCOY setup=move_strike prior_bar_ticks=1539 threshold=6000
[MOVE_SUB_C] [06:47:49] FIRESTORM_GATE_BLOCK DCOY setup=move_strike prior_bar_ticks=1539 threshold=6000
[MOVE_SUB_C] [06:47:49] FIRESTORM_GATE_BLOCK DCOY setup=move_strike prior_bar_ticks=1539 threshold=6000
[MOVE_SUB_C] [06:47:49] FIRESTORM_GATE_BLOCK DCOY setup=move_strike prior_bar_ticks=1539 threshold=6000
[MOVE_SUB_C] [06:47:50] FIRESTORM_GATE_BLOCK DCOY setup=move_strike prior_bar_ticks=1539 threshold=6000
[MOVE_SUB_C] [06:47:50] FIRESTORM_GATE_BLOCK DCOY setup=move_strike prior_bar_ticks=1539 threshold=6000
[MOVE_SUB_C] [06:47:50] FIRESTORM_GATE_BLOCK DCOY setup=move_strike prior_bar_ticks=1539 threshold=6000
[MOVE_SUB_C] [06:47:50] FIRESTORM_GATE_BLOCK DCOY setup=move_strike prior_bar_ticks=1539 threshold=6000
[MOVE_SUB_C] [06:47:50] FIRESTORM_GATE_BLOCK DCOY setup=move_strike prior_bar_ticks=1539 threshold=6000
[MOVE_SUB_C] [06:47:50] FIRESTORM_GATE_BLOCK DCOY setup=move_strike prior_bar_ticks=1539 threshold=6000
[MOVE_SUB_C] [06:47:50] FIRESTORM_GATE_BLOCK DCOY setup=move_strike prior_bar_ticks=1539 threshold=6000
[MOVE_SUB_C] [06:47:50] FIRESTORM_GATE_BLOCK DCOY setup=move_strike prior_bar_ticks=1539 threshold=6000
[MOVE_SUB_C] [06:47:50] FIRESTORM_GATE_BLOCK DCOY setup=move_strike prior_bar_ticks=1539 threshold=6000
[MOVE_SUB_C] [06:47:50] FIRESTORM_GATE_BLOCK DCOY setup=move_strike prior_bar_ticks=1539 threshold=6000
[MOVE_SUB_C] [06:47:50] FIRESTORM_GATE_BLOCK DCOY setup=move_strike prior_bar_ticks=1539 threshold=6000
[MOVE_SUB_C] [06:47:50] FIRESTORM_GATE_BLOCK DCOY setup=move_strike prior_bar_ticks=1539 threshold=6000
[MOVE_SUB_C] [06:47:50] FIRESTORM_GATE_BLOCK DCOY setup=move_strike prior_bar_ticks=1539 threshold=6000
[MOVE_SUB_C] [06:47:50] FIRESTORM_GATE_BLOCK DCOY setup=move_strike prior_bar_ticks=1539 threshold=6000
[MOVE_SUB_C] [06:47:51] FIRESTORM_GATE_BLOCK DCOY setup=move_strike prior_bar_ticks=1539 threshold=6000
[MOVE_SUB_C] [06:47:51] FIRESTORM_GATE_BLOCK DCOY setup=move_strike prior_bar_ticks=1539 threshold=6000
[MOVE_SUB_C] [06:47:51] FIRESTORM_GATE_BLOCK DCOY setup=move_strike prior_bar_ticks=1539 threshold=6000
[MOVE_SUB_C] [06:47:51] FIRESTORM_GATE_BLOCK DCOY setup=move_strike prior_bar_ticks=1539 threshold=6000
[MOVE_SUB_C] [06:47:51] FIRESTORM_GATE_BLOCK DCOY setup=move_strike prior_bar_ticks=1539 threshold=6000
[MOVE_SUB_C] [06:47:51] FIRESTORM_GATE_BLOCK DCOY setup=move_strike prior_bar_ticks=1539 threshold=6000
[MOVE_SUB_C] [06:47:51] FIRESTORM_GATE_BLOCK DCOY setup=move_strike prior_bar_ticks=1539 threshold=6000
[MOVE_SUB_C] [06:47:51] FIRESTORM_GATE_BLOCK DCOY setup=move_strike prior_bar_ticks=1539 threshold=6000
[MOVE_SUB_C] [06:47:51] FIRESTORM_GATE_BLOCK DCOY setup=move_strike prior_bar_ticks=1539 threshold=6000
[MOVE_SUB_C] [06:47:51] FIRESTORM_GATE_BLOCK DCOY setup=move_strike prior_bar_ticks=1539 threshold=6000
[MOVE_SUB_C] [06:47:51] FIRESTORM_GATE_BLOCK DCOY setup=move_strike prior_bar_ticks=1539 threshold=6000
[MOVE_SUB_C] [06:47:51] FIRESTORM_GATE_BLOCK DCOY setup=move_strike prior_bar_ticks=1539 threshold=6000
[MOVE_SUB_C] [06:47:51] FIRESTORM_GATE_BLOCK DCOY setup=move_strike prior_bar_ticks=1539 threshold=6000
[MOVE_SUB_C] [06:47:51] FIRESTORM_GATE_BLOCK DCOY setup=move_strike prior_bar_ticks=1539 threshold=6000
[MOVE_SUB_C] [06:47:51] FIRESTORM_GATE_BLOCK DCOY setup=move_strike prior_bar_ticks=1539 threshold=6000
[MOVE_SUB_C] [06:47:51] FIRESTORM_GATE_BLOCK DCOY setup=move_strike prior_bar_ticks=1539 threshold=6000
[MOVE_SUB_C] [06:47:51] FIRESTORM_GATE_BLOCK DCOY setup=move_strike prior_bar_ticks=1539 threshold=6000
[MOVE_SUB_C] [06:47:51] FIRESTORM_GATE_BLOCK DCOY setup=move_strike prior_bar_ticks=1539 threshold=6000
[MOVE_SUB_C] [06:47:51] FIRESTORM_GATE_BLOCK DCOY setup=move_strike prior_bar_ticks=1539 threshold=6000
[MOVE_SUB_C] [06:47:51] FIRESTORM_GATE_BLOCK DCOY setup=move_strike prior_bar_ticks=1539 threshold=6000
[MOVE_SUB_C] [06:47:51] FIRESTORM_GATE_BLOCK DCOY setup=move_strike prior_bar_ticks=1539 threshold=6000
[MOVE_SUB_C] [06:47:51] FIRESTORM_GATE_BLOCK DCOY setup=move_strike prior_bar_ticks=1539 threshold=6000
[MOVE_SUB_C] [06:47:51] FIRESTORM_GATE_BLOCK DCOY setup=move_strike prior_bar_ticks=1539 threshold=6000
[MOVE_SUB_C] [06:47:51] FIRESTORM_GATE_BLOCK DCOY setup=move_strike prior_bar_ticks=1539 threshold=6000
[MOVE_SUB_C] [06:47:51] FIRESTORM_GATE_BLOCK DCOY setup=move_strike prior_bar_ticks=1539 threshold=6000
[MOVE_SUB_C] [06:47:51] FIRESTORM_GATE_BLOCK DCOY setup=move_strike prior_bar_ticks=1539 threshold=6000
[MOVE_SUB_C] [06:47:51] FIRESTORM_GATE_BLOCK DCOY setup=move_strike prior_bar_ticks=1539 threshold=6000
[MOVE_SUB_C] [06:47:51] FIRESTORM_GATE_BLOCK DCOY setup=move_strike prior_bar_ticks=1539 threshold=6000
[MOVE_SUB_C] [06:47:51] FIRESTORM_GATE_BLOCK DCOY setup=move_strike prior_bar_ticks=1539 threshold=6000
[MOVE_SUB_C] [06:47:51] FIRESTORM_GATE_BLOCK DCOY setup=move_strike prior_bar_ticks=1539 threshold=6000
[MOVE_SUB_C] [06:47:51] FIRESTORM_GATE_BLOCK DCOY setup=move_strike prior_bar_ticks=1539 threshold=6000
[MOVE_SUB_C] [06:47:51] FIRESTORM_GATE_BLOCK DCOY setup=move_strike prior_bar_ticks=1539 threshold=6000
[MOVE_SUB_C] [06:47:51] FIRESTORM_GATE_BLOCK DCOY setup=move_strike prior_bar_ticks=1539 threshold=6000
[MOVE_SUB_C] [06:47:51] FIRESTORM_GATE_BLOCK DCOY setup=move_strike prior_bar_ticks=1539 threshold=6000
[MOVE_SUB_C] [06:47:51] FIRESTORM_GATE_BLOCK DCOY setup=move_strike prior_bar_ticks=1539 threshold=6000
[MOVE_SUB_C] [06:47:52] FIRESTORM_GATE_BLOCK DCOY setup=move_strike prior_bar_ticks=1539 threshold=6000
[MOVE_SUB_C] [06:47:52] FIRESTORM_GATE_BLOCK DCOY setup=move_strike prior_bar_ticks=1539 threshold=6000
[MOVE_SUB_C] [06:47:52] FIRESTORM_GATE_BLOCK DCOY setup=move_strike prior_bar_ticks=1539 threshold=6000
[MOVE_SUB_C] [06:47:52] FIRESTORM_GATE_BLOCK DCOY setup=move_strike prior_bar_ticks=1539 threshold=6000
[MOVE_SUB_C] [06:47:52] FIRESTORM_GATE_BLOCK DCOY setup=move_strike prior_bar_ticks=1539 threshold=6000
[MOVE_SUB_C] [06:47:52] FIRESTORM_GATE_BLOCK DCOY setup=move_strike prior_bar_ticks=1539 threshold=6000
[MOVE_SUB_C] [06:47:52] FIRESTORM_GATE_BLOCK DCOY setup=move_strike prior_bar_ticks=1539 threshold=6000
[MOVE_SUB_C] [06:47:52] FIRESTORM_GATE_BLOCK DCOY setup=move_strike prior_bar_ticks=1539 threshold=6000
[MOVE_SUB_C] [06:47:52] FIRESTORM_GATE_BLOCK DCOY setup=move_strike prior_bar_ticks=1539 threshold=6000
[MOVE_SUB_C] [06:47:52] FIRESTORM_GATE_BLOCK DCOY setup=move_strike prior_bar_ticks=1539 threshold=6000
[MOVE_SUB_C] [06:47:52] FIRESTORM_GATE_BLOCK DCOY setup=move_strike prior_bar_ticks=1539 threshold=6000
[MOVE_SUB_C] [06:47:52] FIRESTORM_GATE_BLOCK DCOY setup=move_strike prior_bar_ticks=1539 threshold=6000
[MOVE_SUB_C] [06:47:52] FIRESTORM_GATE_BLOCK DCOY setup=move_strike prior_bar_ticks=1539 threshold=6000
[MOVE_SUB_C] [06:47:52] FIRESTORM_GATE_BLOCK DCOY setup=move_strike prior_bar_ticks=1539 threshold=6000
[MOVE_SUB_C] [06:47:52] FIRESTORM_GATE_BLOCK DCOY setup=move_strike prior_bar_ticks=1539 threshold=6000
[MOVE_SUB_C] [06:47:52] FIRESTORM_GATE_BLOCK DCOY setup=move_strike prior_bar_ticks=1539 threshold=6000
[MOVE_SUB_C] [06:47:52] FIRESTORM_GATE_BLOCK DCOY setup=move_strike prior_bar_ticks=1539 threshold=6000
[MOVE_SUB_C] [06:47:52] FIRESTORM_GATE_BLOCK DCOY setup=move_strike prior_bar_ticks=1539 threshold=6000
[MOVE_SUB_C] [06:47:52] FIRESTORM_GATE_BLOCK DCOY setup=move_strike prior_bar_ticks=1539 threshold=6000
[MOVE_SUB_C] [06:47:52] FIRESTORM_GATE_BLOCK DCOY setup=move_strike prior_bar_ticks=1539 threshold=6000
[MOVE_SUB_C] [06:47:52] FIRESTORM_GATE_BLOCK DCOY setup=move_strike prior_bar_ticks=1539 threshold=6000
[MOVE_SUB_C] [06:47:53] FIRESTORM_GATE_BLOCK DCOY setup=move_strike prior_bar_ticks=1539 threshold=6000
[MOVE_SUB_C] [06:47:53] FIRESTORM_GATE_BLOCK DCOY setup=move_strike prior_bar_ticks=1539 threshold=6000
[MOVE_SUB_C] [06:47:53] FIRESTORM_GATE_BLOCK DCOY setup=move_strike prior_bar_ticks=1539 threshold=6000
[MOVE_SUB_C] [06:47:53] FIRESTORM_GATE_BLOCK DCOY setup=move_strike prior_bar_ticks=1539 threshold=6000
[MOVE_SUB_C] [06:47:53] FIRESTORM_GATE_BLOCK DCOY setup=move_strike prior_bar_ticks=1539 threshold=6000
[MOVE_SUB_C] [06:47:53] FIRESTORM_GATE_BLOCK DCOY setup=move_strike prior_bar_ticks=1539 threshold=6000
[MOVE_SUB_C] [06:47:53] FIRESTORM_GATE_BLOCK DCOY setup=move_strike prior_bar_ticks=1539 threshold=6000
[MOVE_SUB_C] [06:47:53] FIRESTORM_GATE_BLOCK DCOY setup=move_strike prior_bar_ticks=1539 threshold=6000
[MOVE_SUB_C] [06:47:53] FIRESTORM_GATE_BLOCK DCOY setup=move_strike prior_bar_ticks=1539 threshold=6000
[MOVE_SUB_C] [06:47:53] FIRESTORM_GATE_BLOCK DCOY setup=move_strike prior_bar_ticks=1539 threshold=6000
[MOVE_SUB_C] [06:47:53] FIRESTORM_GATE_BLOCK DCOY setup=move_strike prior_bar_ticks=1539 threshold=6000
[MOVE_SUB_C] [06:47:53] FIRESTORM_GATE_BLOCK DCOY setup=move_strike prior_bar_ticks=1539 threshold=6000
[MOVE_SUB_C] [06:47:53] FIRESTORM_GATE_BLOCK DCOY setup=move_strike prior_bar_ticks=1539 threshold=6000
[MOVE_SUB_C] [06:47:53] FIRESTORM_GATE_BLOCK DCOY setup=move_strike prior_bar_ticks=1539 threshold=6000
[MOVE_SUB_C] [06:47:53] FIRESTORM_GATE_BLOCK DCOY setup=move_strike prior_bar_ticks=1539 threshold=6000
[MOVE_SUB_C] [06:47:53] FIRESTORM_GATE_BLOCK DCOY setup=move_strike prior_bar_ticks=1539 threshold=6000
[MOVE_SUB_C] [06:47:53] FIRESTORM_GATE_BLOCK DCOY setup=move_strike prior_bar_ticks=1539 threshold=6000
[MOVE_SUB_C] [06:47:53] FIRESTORM_GATE_BLOCK DCOY setup=move_strike prior_bar_ticks=1539 threshold=6000
[MOVE_SUB_C] [06:47:53] FIRESTORM_GATE_BLOCK DCOY setup=move_strike prior_bar_ticks=1539 threshold=6000
[MOVE_SUB_C] [06:47:53] FIRESTORM_GATE_BLOCK DCOY setup=move_strike prior_bar_ticks=1539 threshold=6000
[MOVE_SUB_C] [06:47:53] FIRESTORM_GATE_BLOCK DCOY setup=move_strike prior_bar_ticks=1539 threshold=6000
[MOVE_SUB_C] [06:47:53] FIRESTORM_GATE_BLOCK DCOY setup=move_strike prior_bar_ticks=1539 threshold=6000
[MOVE_SUB_C] [06:47:53] FIRESTORM_GATE_BLOCK DCOY setup=move_strike prior_bar_ticks=1539 threshold=6000
[MOVE_SUB_C] [06:47:53] FIRESTORM_GATE_BLOCK DCOY setup=move_strike prior_bar_ticks=1539 threshold=6000
[MOVE_SUB_C] [06:47:53] FIRESTORM_GATE_BLOCK DCOY setup=move_strike prior_bar_ticks=1539 threshold=6000
[MOVE_SUB_C] [06:47:53] FIRESTORM_GATE_BLOCK DCOY setup=move_strike prior_bar_ticks=1539 threshold=6000
[MOVE_SUB_C] [06:47:53] FIRESTORM_GATE_BLOCK DCOY setup=move_strike prior_bar_ticks=1539 threshold=6000
[MOVE_SUB_C] [06:47:53] FIRESTORM_GATE_BLOCK DCOY setup=move_strike prior_bar_ticks=1539 threshold=6000
[MOVE_SUB_C] [06:47:53] FIRESTORM_GATE_BLOCK DCOY setup=move_strike prior_bar_ticks=1539 threshold=6000
[MOVE_SUB_C] [06:47:53] FIRESTORM_GATE_BLOCK DCOY setup=move_strike prior_bar_ticks=1539 threshold=6000
[MOVE_SUB_C] [06:47:53] FIRESTORM_GATE_BLOCK DCOY setup=move_strike prior_bar_ticks=1539 threshold=6000
[MOVE_SUB_C] [06:47:53] FIRESTORM_GATE_BLOCK DCOY setup=move_strike prior_bar_ticks=1539 threshold=6000
[MOVE_SUB_C] [06:47:53] FIRESTORM_GATE_BLOCK DCOY setup=move_strike prior_bar_ticks=1539 threshold=6000
[MOVE_SUB_C] [06:47:53] FIRESTORM_GATE_BLOCK DCOY setup=move_strike prior_bar_ticks=1539 threshold=6000
[MOVE_SUB_C] [06:47:53] FIRESTORM_GATE_BLOCK DCOY setup=move_strike prior_bar_ticks=1539 threshold=6000
[MOVE_SUB_C] [06:47:53] FIRESTORM_GATE_BLOCK DCOY setup=move_strike prior_bar_ticks=1539 threshold=6000
[MOVE_SUB_C] [06:47:53] FIRESTORM_GATE_BLOCK DCOY setup=move_strike prior_bar_ticks=1539 threshold=6000
[MOVE_SUB_C] [06:47:53] FIRESTORM_GATE_BLOCK DCOY setup=move_strike prior_bar_ticks=1539 threshold=6000
[MOVE_SUB_C] [06:47:53] FIRESTORM_GATE_BLOCK DCOY setup=move_strike prior_bar_ticks=1539 threshold=6000
[MOVE_SUB_C] [06:47:54] FIRESTORM_GATE_BLOCK DCOY setup=move_strike prior_bar_ticks=1539 threshold=6000
[MOVE_SUB_C] [06:47:54] FIRESTORM_GATE_BLOCK DCOY setup=move_strike prior_bar_ticks=1539 threshold=6000
[MOVE_SUB_C] [06:47:54] FIRESTORM_GATE_BLOCK DCOY setup=move_strike prior_bar_ticks=1539 threshold=6000
[MOVE_SUB_C] [06:47:54] FIRESTORM_GATE_BLOCK DCOY setup=move_strike prior_bar_ticks=1539 threshold=6000
[MOVE_SUB_C] [06:47:54] FIRESTORM_GATE_BLOCK DCOY setup=move_strike prior_bar_ticks=1539 threshold=6000
[MOVE_SUB_C] [06:47:54] FIRESTORM_GATE_BLOCK DCOY setup=move_strike prior_bar_ticks=1539 threshold=6000
[MOVE_SUB_C] [06:47:54] FIRESTORM_GATE_BLOCK DCOY setup=move_strike prior_bar_ticks=1539 threshold=6000
[MOVE_SUB_C] [06:47:54] FIRESTORM_GATE_BLOCK DCOY setup=move_strike prior_bar_ticks=1539 threshold=6000
[MOVE_SUB_C] [06:47:54] FIRESTORM_GATE_BLOCK DCOY setup=move_strike prior_bar_ticks=1539 threshold=6000
[MOVE_SUB_C] [06:47:54] FIRESTORM_GATE_BLOCK DCOY setup=move_strike prior_bar_ticks=1539 threshold=6000
[MOVE_SUB_C] [06:47:54] FIRESTORM_GATE_BLOCK DCOY setup=move_strike prior_bar_ticks=1539 threshold=6000
[MOVE_SUB_C] [06:47:54] FIRESTORM_GATE_BLOCK DCOY setup=move_strike prior_bar_ticks=1539 threshold=6000
[MOVE_SUB_C] [06:47:54] FIRESTORM_GATE_BLOCK DCOY setup=move_strike prior_bar_ticks=1539 threshold=6000
[MOVE_SUB_C] [06:47:54] FIRESTORM_GATE_BLOCK DCOY setup=move_strike prior_bar_ticks=1539 threshold=6000
[MOVE_SUB_C] [06:47:54] FIRESTORM_GATE_BLOCK DCOY setup=move_strike prior_bar_ticks=1539 threshold=6000
[MOVE_SUB_C] [06:47:54] FIRESTORM_GATE_BLOCK DCOY setup=move_strike prior_bar_ticks=1539 threshold=6000
[MOVE_SUB_C] [06:47:54] FIRESTORM_GATE_BLOCK DCOY setup=move_strike prior_bar_ticks=1539 threshold=6000
[MOVE_SUB_C] [06:47:54] FIRESTORM_GATE_BLOCK DCOY setup=move_strike prior_bar_ticks=1539 threshold=6000
[MOVE_SUB_C] [06:47:54] FIRESTORM_GATE_BLOCK DCOY setup=move_strike prior_bar_ticks=1539 threshold=6000
[MOVE_SUB_C] [06:47:54] FIRESTORM_GATE_BLOCK DCOY setup=move_strike prior_bar_ticks=1539 threshold=6000
[MOVE_SUB_C] [06:47:54] FIRESTORM_GATE_BLOCK DCOY setup=move_strike prior_bar_ticks=1539 threshold=6000
[MOVE_SUB_C] [06:47:54] FIRESTORM_GATE_BLOCK DCOY setup=move_strike prior_bar_ticks=1539 threshold=6000
[MOVE_SUB_C] [06:47:54] FIRESTORM_GATE_BLOCK DCOY setup=move_strike prior_bar_ticks=1539 threshold=6000
[MOVE_SUB_C] [06:47:54] FIRESTORM_GATE_BLOCK DCOY setup=move_strike prior_bar_ticks=1539 threshold=6000
[MOVE_SUB_C] [06:47:54] FIRESTORM_GATE_BLOCK DCOY setup=move_strike prior_bar_ticks=1539 threshold=6000
[MOVE_SUB_C] [06:47:54] FIRESTORM_GATE_BLOCK DCOY setup=move_strike prior_bar_ticks=1539 threshold=6000
[MOVE_SUB_C] [06:47:54] FIRESTORM_GATE_BLOCK DCOY setup=move_strike prior_bar_ticks=1539 threshold=6000
[MOVE_SUB_C] [06:47:54] FIRESTORM_GATE_BLOCK DCOY setup=move_strike prior_bar_ticks=1539 threshold=6000
[MOVE_SUB_C] [06:47:54] FIRESTORM_GATE_BLOCK DCOY setup=move_strike prior_bar_ticks=1539 threshold=6000
[MOVE_SUB_C] [06:47:54] FIRESTORM_GATE_BLOCK DCOY setup=move_strike prior_bar_ticks=1539 threshold=6000
[MOVE_SUB_C] [06:47:54] FIRESTORM_GATE_BLOCK DCOY setup=move_strike prior_bar_ticks=1539 threshold=6000
[MOVE_SUB_C] [06:47:54] FIRESTORM_GATE_BLOCK DCOY setup=move_strike prior_bar_ticks=1539 threshold=6000
[MOVE_SUB_C] [06:47:54] FIRESTORM_GATE_BLOCK DCOY setup=move_strike prior_bar_ticks=1539 threshold=6000
[MOVE_SUB_C] [06:47:54] FIRESTORM_GATE_BLOCK DCOY setup=move_strike prior_bar_ticks=1539 threshold=6000
[MOVE_SUB_C] [06:47:54] FIRESTORM_GATE_BLOCK DCOY setup=move_strike prior_bar_ticks=1539 threshold=6000
[MOVE_SUB_C] [06:47:54] FIRESTORM_GATE_BLOCK DCOY setup=move_strike prior_bar_ticks=1539 threshold=6000
[MOVE_SUB_C] [06:47:54] FIRESTORM_GATE_BLOCK DCOY setup=move_strike prior_bar_ticks=1539 threshold=6000
[MOVE_SUB_C] [06:47:54] FIRESTORM_GATE_BLOCK DCOY setup=move_strike prior_bar_ticks=1539 threshold=6000
[MOVE_SUB_C] [06:47:54] FIRESTORM_GATE_BLOCK DCOY setup=move_strike prior_bar_ticks=1539 threshold=6000
[MOVE_SUB_C] [06:47:54] FIRESTORM_GATE_BLOCK DCOY setup=move_strike prior_bar_ticks=1539 threshold=6000
[MOVE_SUB_C] [06:47:54] FIRESTORM_GATE_BLOCK DCOY setup=move_strike prior_bar_ticks=1539 threshold=6000
[MOVE_SUB_C] [06:47:54] FIRESTORM_GATE_BLOCK DCOY setup=move_strike prior_bar_ticks=1539 threshold=6000
[MOVE_SUB_C] [06:47:54] FIRESTORM_GATE_BLOCK DCOY setup=move_strike prior_bar_ticks=1539 threshold=6000
[MOVE_SUB_C] [06:47:54] FIRESTORM_GATE_BLOCK DCOY setup=move_strike prior_bar_ticks=1539 threshold=6000
[MOVE_SUB_C] [06:47:54] FIRESTORM_GATE_BLOCK DCOY setup=move_strike prior_bar_ticks=1539 threshold=6000
[MOVE_SUB_C] [06:47:54] FIRESTORM_GATE_BLOCK DCOY setup=move_strike prior_bar_ticks=1539 threshold=6000
[MOVE_SUB_C] [06:47:54] FIRESTORM_GATE_BLOCK DCOY setup=move_strike prior_bar_ticks=1539 threshold=6000
[MOVE_SUB_C] [06:47:54] FIRESTORM_GATE_BLOCK DCOY setup=move_strike prior_bar_ticks=1539 threshold=6000
[MOVE_SUB_C] [06:47:54] FIRESTORM_GATE_BLOCK DCOY setup=move_strike prior_bar_ticks=1539 threshold=6000
[MOVE_SUB_C] [06:47:54] FIRESTORM_GATE_BLOCK DCOY setup=move_strike prior_bar_ticks=1539 threshold=6000
[MOVE_SUB_C] [06:47:54] FIRESTORM_GATE_BLOCK DCOY setup=move_strike prior_bar_ticks=1539 threshold=6000
[MOVE_SUB_C] [06:47:54] FIRESTORM_GATE_BLOCK DCOY setup=move_strike prior_bar_ticks=1539 threshold=6000
[MOVE_SUB_C] [06:47:54] FIRESTORM_GATE_BLOCK DCOY setup=move_strike prior_bar_ticks=1539 threshold=6000
[MOVE_SUB_C] [06:47:54] FIRESTORM_GATE_BLOCK DCOY setup=move_strike prior_bar_ticks=1539 threshold=6000
[MOVE_SUB_C] [06:47:54] FIRESTORM_GATE_BLOCK DCOY setup=move_strike prior_bar_ticks=1539 threshold=6000
[MOVE_SUB_C] [06:47:54] FIRESTORM_GATE_BLOCK DCOY setup=move_strike prior_bar_ticks=1539 threshold=6000
[MOVE_SUB_C] [06:47:54] FIRESTORM_GATE_BLOCK DCOY setup=move_strike prior_bar_ticks=1539 threshold=6000
[MOVE_SUB_C] [06:47:54] FIRESTORM_GATE_BLOCK DCOY setup=move_strike prior_bar_ticks=1539 threshold=6000
[MOVE_SUB_C] [06:47:54] FIRESTORM_GATE_BLOCK DCOY setup=move_strike prior_bar_ticks=1539 threshold=6000
[MOVE_SUB_C] [06:47:54] FIRESTORM_GATE_BLOCK DCOY setup=move_strike prior_bar_ticks=1539 threshold=6000
[MOVE_SUB_C] [06:47:54] FIRESTORM_GATE_BLOCK DCOY setup=move_strike prior_bar_ticks=1539 threshold=6000
[MOVE_SUB_C] [06:47:54] FIRESTORM_GATE_BLOCK DCOY setup=move_strike prior_bar_ticks=1539 threshold=6000
[MOVE_SUB_C] [06:47:54] FIRESTORM_GATE_BLOCK DCOY setup=move_strike prior_bar_ticks=1539 threshold=6000
[MOVE_SUB_C] [06:47:54] FIRESTORM_GATE_BLOCK DCOY setup=move_strike prior_bar_ticks=1539 threshold=6000
[MOVE_SUB_C] [06:47:54] FIRESTORM_GATE_BLOCK DCOY setup=move_strike prior_bar_ticks=1539 threshold=6000
[MOVE_SUB_C] [06:47:54] FIRESTORM_GATE_BLOCK DCOY setup=move_strike prior_bar_ticks=1539 threshold=6000
[MOVE_SUB_C] [06:47:54] FIRESTORM_GATE_BLOCK DCOY setup=move_strike prior_bar_ticks=1539 threshold=6000
[MOVE_SUB_C] [06:47:54] FIRESTORM_GATE_BLOCK DCOY setup=move_strike prior_bar_ticks=1539 threshold=6000
[MOVE_SUB_C] [06:47:54] FIRESTORM_GATE_BLOCK DCOY setup=move_strike prior_bar_ticks=1539 threshold=6000
[MOVE_SUB_C] [06:47:54] FIRESTORM_GATE_BLOCK DCOY setup=move_strike prior_bar_ticks=1539 threshold=6000
[MOVE_SUB_C] [06:47:54] FIRESTORM_GATE_BLOCK DCOY setup=move_strike prior_bar_ticks=1539 threshold=6000
[MOVE_SUB_C] [06:47:54] FIRESTORM_GATE_BLOCK DCOY setup=move_strike prior_bar_ticks=1539 threshold=6000
[MOVE_SUB_C] [06:47:55] FIRESTORM_GATE_BLOCK DCOY setup=move_strike prior_bar_ticks=1539 threshold=6000
[MOVE_SUB_C] [06:47:55] FIRESTORM_GATE_BLOCK DCOY setup=move_strike prior_bar_ticks=1539 threshold=6000
[MOVE_SUB_C] [06:47:55] FIRESTORM_GATE_BLOCK DCOY setup=move_strike prior_bar_ticks=1539 threshold=6000
[MOVE_SUB_C] [06:47:55] FIRESTORM_GATE_BLOCK DCOY setup=move_strike prior_bar_ticks=1539 threshold=6000
[MOVE_SUB_C] [06:47:55] FIRESTORM_GATE_BLOCK DCOY setup=move_strike prior_bar_ticks=1539 threshold=6000
[MOVE_SUB_C] [06:47:55] FIRESTORM_GATE_BLOCK DCOY setup=move_strike prior_bar_ticks=1539 threshold=6000
[MOVE_SUB_C] [06:47:55] FIRESTORM_GATE_BLOCK DCOY setup=move_strike prior_bar_ticks=1539 threshold=6000
[MOVE_SUB_C] [06:47:55] FIRESTORM_GATE_BLOCK DCOY setup=move_strike prior_bar_ticks=1539 threshold=6000
[MOVE_SUB_C] [06:47:55] FIRESTORM_GATE_BLOCK DCOY setup=move_strike prior_bar_ticks=1539 threshold=6000
[MOVE_SUB_C] [06:47:55] FIRESTORM_GATE_BLOCK DCOY setup=move_strike prior_bar_ticks=1539 threshold=6000
[MOVE_SUB_C] [06:47:55] FIRESTORM_GATE_BLOCK DCOY setup=move_strike prior_bar_ticks=1539 threshold=6000
[MOVE_SUB_C] [06:47:55] FIRESTORM_GATE_BLOCK DCOY setup=move_strike prior_bar_ticks=1539 threshold=6000
[MOVE_SUB_C] [06:47:55] FIRESTORM_GATE_BLOCK DCOY setup=move_strike prior_bar_ticks=1539 threshold=6000
[MOVE_SUB_C] [06:47:55] FIRESTORM_GATE_BLOCK DCOY setup=move_strike prior_bar_ticks=1539 threshold=6000
[MOVE_SUB_C] [06:47:55] FIRESTORM_GATE_BLOCK DCOY setup=move_strike prior_bar_ticks=1539 threshold=6000
[MOVE_SUB_C] [06:47:55] FIRESTORM_GATE_BLOCK DCOY setup=move_strike prior_bar_ticks=1539 threshold=6000
[MOVE_SUB_C] [06:47:55] FIRESTORM_GATE_BLOCK DCOY setup=move_strike prior_bar_ticks=1539 threshold=6000
[MOVE_SUB_C] [06:47:55] FIRESTORM_GATE_BLOCK DCOY setup=move_strike prior_bar_ticks=1539 threshold=6000
[MOVE_SUB_C] [06:47:55] FIRESTORM_GATE_BLOCK DCOY setup=move_strike prior_bar_ticks=1539 threshold=6000
[MOVE_SUB_C] [06:47:55] FIRESTORM_GATE_BLOCK DCOY setup=move_strike prior_bar_ticks=1539 threshold=6000
[MOVE_SUB_C] [06:47:55] FIRESTORM_GATE_BLOCK DCOY setup=move_strike prior_bar_ticks=1539 threshold=6000
[MOVE_SUB_C] [06:47:55] FIRESTORM_GATE_BLOCK DCOY setup=move_strike prior_bar_ticks=1539 threshold=6000
[MOVE_SUB_C] [06:47:55] FIRESTORM_GATE_BLOCK DCOY setup=move_strike prior_bar_ticks=1539 threshold=6000
[MOVE_SUB_C] [06:47:55] FIRESTORM_GATE_BLOCK DCOY setup=move_strike prior_bar_ticks=1539 threshold=6000
[MOVE_SUB_C] [06:47:55] FIRESTORM_GATE_BLOCK DCOY setup=move_strike prior_bar_ticks=1539 threshold=6000
[MOVE_SUB_C] [06:47:55] FIRESTORM_GATE_BLOCK DCOY setup=move_strike prior_bar_ticks=1539 threshold=6000
[MOVE_SUB_C] [06:47:55] FIRESTORM_GATE_BLOCK DCOY setup=move_strike prior_bar_ticks=1539 threshold=6000
[MOVE_SUB_C] [06:47:55] FIRESTORM_GATE_BLOCK DCOY setup=move_strike prior_bar_ticks=1539 threshold=6000
[MOVE_SUB_C] [06:47:55] FIRESTORM_GATE_BLOCK DCOY setup=move_strike prior_bar_ticks=1539 threshold=6000
[MOVE_SUB_C] [06:47:55] FIRESTORM_GATE_BLOCK DCOY setup=move_strike prior_bar_ticks=1539 threshold=6000
[MOVE_SUB_C] [06:47:55] FIRESTORM_GATE_BLOCK DCOY setup=move_strike prior_bar_ticks=1539 threshold=6000
[MOVE_SUB_C] [06:47:55] FIRESTORM_GATE_BLOCK DCOY setup=move_strike prior_bar_ticks=1539 threshold=6000
[MOVE_SUB_C] [06:47:55] FIRESTORM_GATE_BLOCK DCOY setup=move_strike prior_bar_ticks=1539 threshold=6000
[MOVE_SUB_C] [06:47:55] FIRESTORM_GATE_BLOCK DCOY setup=move_strike prior_bar_ticks=1539 threshold=6000
[MOVE_SUB_C] [06:47:55] FIRESTORM_GATE_BLOCK DCOY setup=move_strike prior_bar_ticks=1539 threshold=6000
[MOVE_SUB_C] [06:47:55] FIRESTORM_GATE_BLOCK DCOY setup=move_strike prior_bar_ticks=1539 threshold=6000
[MOVE_SUB_C] [06:47:55] FIRESTORM_GATE_BLOCK DCOY setup=move_strike prior_bar_ticks=1539 threshold=6000
[MOVE_SUB_C] [06:47:55] FIRESTORM_GATE_BLOCK DCOY setup=move_strike prior_bar_ticks=1539 threshold=6000
[MOVE_SUB_C] [06:47:55] FIRESTORM_GATE_BLOCK DCOY setup=move_strike prior_bar_ticks=1539 threshold=6000
[MOVE_SUB_C] [06:47:55] FIRESTORM_GATE_BLOCK DCOY setup=move_strike prior_bar_ticks=1539 threshold=6000
[MOVE_SUB_C] [06:47:55] FIRESTORM_GATE_BLOCK DCOY setup=move_strike prior_bar_ticks=1539 threshold=6000
[MOVE_SUB_C] [06:47:55] FIRESTORM_GATE_BLOCK DCOY setup=move_strike prior_bar_ticks=1539 threshold=6000
[MOVE_SUB_C] [06:47:55] FIRESTORM_GATE_BLOCK DCOY setup=move_strike prior_bar_ticks=1539 threshold=6000
[MOVE_SUB_C] [06:47:55] FIRESTORM_GATE_BLOCK DCOY setup=move_strike prior_bar_ticks=1539 threshold=6000
[MOVE_SUB_C] [06:47:55] FIRESTORM_GATE_BLOCK DCOY setup=move_strike prior_bar_ticks=1539 threshold=6000
[MOVE_SUB_C] [06:47:55] FIRESTORM_GATE_BLOCK DCOY setup=move_strike prior_bar_ticks=1539 threshold=6000
[MOVE_SUB_C] [06:47:55] FIRESTORM_GATE_BLOCK DCOY setup=move_strike prior_bar_ticks=1539 threshold=6000
[MOVE_SUB_C] [06:47:55] FIRESTORM_GATE_BLOCK DCOY setup=move_strike prior_bar_ticks=1539 threshold=6000
[MOVE_SUB_C] [06:47:55] FIRESTORM_GATE_BLOCK DCOY setup=move_strike prior_bar_ticks=1539 threshold=6000
[MOVE_SUB_C] [06:47:55] FIRESTORM_GATE_BLOCK DCOY setup=move_strike prior_bar_ticks=1539 threshold=6000
[MOVE_SUB_C] [06:47:55] FIRESTORM_GATE_BLOCK DCOY setup=move_strike prior_bar_ticks=1539 threshold=6000
[MOVE_SUB_C] [06:47:55] FIRESTORM_GATE_BLOCK DCOY setup=move_strike prior_bar_ticks=1539 threshold=6000
[MOVE_SUB_C] [06:47:56] FIRESTORM_GATE_BLOCK DCOY setup=move_strike prior_bar_ticks=1539 threshold=6000
[MOVE_SUB_C] [06:47:56] FIRESTORM_GATE_BLOCK DCOY setup=move_strike prior_bar_ticks=1539 threshold=6000
[MOVE_SUB_C] [06:47:56] FIRESTORM_GATE_BLOCK DCOY setup=move_strike prior_bar_ticks=1539 threshold=6000
[MOVE_SUB_C] [06:47:56] FIRESTORM_GATE_BLOCK DCOY setup=move_strike prior_bar_ticks=1539 threshold=6000
[MOVE_SUB_C] [06:47:56] FIRESTORM_GATE_BLOCK DCOY setup=move_strike prior_bar_ticks=1539 threshold=6000
[MOVE_SUB_C] [06:47:56] FIRESTORM_GATE_BLOCK DCOY setup=move_strike prior_bar_ticks=1539 threshold=6000
[MOVE_SUB_C] [06:47:56] FIRESTORM_GATE_BLOCK DCOY setup=move_strike prior_bar_ticks=1539 threshold=6000
[MOVE_SUB_C] [06:47:56] FIRESTORM_GATE_BLOCK DCOY setup=move_strike prior_bar_ticks=1539 threshold=6000
[MOVE_SUB_C] [06:47:56] FIRESTORM_GATE_BLOCK DCOY setup=move_strike prior_bar_ticks=1539 threshold=6000
[MOVE_SUB_C] [06:47:56] FIRESTORM_GATE_BLOCK DCOY setup=move_strike prior_bar_ticks=1539 threshold=6000
[MOVE_SUB_C] [06:47:56] FIRESTORM_GATE_BLOCK DCOY setup=move_strike prior_bar_ticks=1539 threshold=6000
[MOVE_SUB_C] [06:47:56] FIRESTORM_GATE_BLOCK DCOY setup=move_strike prior_bar_ticks=1539 threshold=6000
[MOVE_SUB_C] [06:47:56] FIRESTORM_GATE_BLOCK DCOY setup=move_strike prior_bar_ticks=1539 threshold=6000
[MOVE_SUB_C] [06:47:56] FIRESTORM_GATE_BLOCK DCOY setup=move_strike prior_bar_ticks=1539 threshold=6000
[MOVE_SUB_C] [06:47:56] FIRESTORM_GATE_BLOCK DCOY setup=move_strike prior_bar_ticks=1539 threshold=6000
[MOVE_SUB_C] [06:47:56] FIRESTORM_GATE_BLOCK DCOY setup=move_strike prior_bar_ticks=1539 threshold=6000
[MOVE_SUB_C] [06:47:56] FIRESTORM_GATE_BLOCK DCOY setup=move_strike prior_bar_ticks=1539 threshold=6000
[MOVE_SUB_C] [06:47:56] FIRESTORM_GATE_BLOCK DCOY setup=move_strike prior_bar_ticks=1539 threshold=6000
[MOVE_SUB_C] [06:47:56] FIRESTORM_GATE_BLOCK DCOY setup=move_strike prior_bar_ticks=1539 threshold=6000
[MOVE_SUB_C] [06:47:56] FIRESTORM_GATE_BLOCK DCOY setup=move_strike prior_bar_ticks=1539 threshold=6000
[MOVE_SUB_C] [06:47:56] FIRESTORM_GATE_BLOCK DCOY setup=move_strike prior_bar_ticks=1539 threshold=6000
[MOVE_SUB_C] [06:47:56] FIRESTORM_GATE_BLOCK DCOY setup=move_strike prior_bar_ticks=1539 threshold=6000
[MOVE_SUB_C] [06:47:56] FIRESTORM_GATE_BLOCK DCOY setup=move_strike prior_bar_ticks=1539 threshold=6000
[MOVE_SUB_C] [06:47:56] FIRESTORM_GATE_BLOCK DCOY setup=move_strike prior_bar_ticks=1539 threshold=6000
[MOVE_SUB_C] [06:47:56] FIRESTORM_GATE_BLOCK DCOY setup=move_strike prior_bar_ticks=1539 threshold=6000
[MOVE_SUB_C] [06:47:56] FIRESTORM_GATE_BLOCK DCOY setup=move_strike prior_bar_ticks=1539 threshold=6000
[MOVE_SUB_C] [06:47:56] FIRESTORM_GATE_BLOCK DCOY setup=move_strike prior_bar_ticks=1539 threshold=6000
[MOVE_SUB_C] [06:47:56] FIRESTORM_GATE_BLOCK DCOY setup=move_strike prior_bar_ticks=1539 threshold=6000
[MOVE_SUB_C] [06:47:56] FIRESTORM_GATE_BLOCK DCOY setup=move_strike prior_bar_ticks=1539 threshold=6000
[MOVE_SUB_C] [06:47:56] FIRESTORM_GATE_BLOCK DCOY setup=move_strike prior_bar_ticks=1539 threshold=6000
[MOVE_SUB_C] [06:47:56] FIRESTORM_GATE_BLOCK DCOY setup=move_strike prior_bar_ticks=1539 threshold=6000
[MOVE_SUB_C] [06:47:56] FIRESTORM_GATE_BLOCK DCOY setup=move_strike prior_bar_ticks=1539 threshold=6000
[MOVE_SUB_C] [06:47:56] FIRESTORM_GATE_BLOCK DCOY setup=move_strike prior_bar_ticks=1539 threshold=6000
[MOVE_SUB_C] [06:47:56] FIRESTORM_GATE_BLOCK DCOY setup=move_strike prior_bar_ticks=1539 threshold=6000
[MOVE_SUB_C] [06:47:56] FIRESTORM_GATE_BLOCK DCOY setup=move_strike prior_bar_ticks=1539 threshold=6000
[MOVE_SUB_C] [06:47:56] FIRESTORM_GATE_BLOCK DCOY setup=move_strike prior_bar_ticks=1539 threshold=6000
[MOVE_SUB_C] [06:47:56] FIRESTORM_GATE_BLOCK DCOY setup=move_strike prior_bar_ticks=1539 threshold=6000
[MOVE_SUB_C] [06:47:56] FIRESTORM_GATE_BLOCK DCOY setup=move_strike prior_bar_ticks=1539 threshold=6000
[MOVE_SUB_C] [06:47:56] FIRESTORM_GATE_BLOCK DCOY setup=move_strike prior_bar_ticks=1539 threshold=6000
[MOVE_SUB_C] [06:47:56] FIRESTORM_GATE_BLOCK DCOY setup=move_strike prior_bar_ticks=1539 threshold=6000
[MOVE_SUB_C] [06:47:56] FIRESTORM_GATE_BLOCK DCOY setup=move_strike prior_bar_ticks=1539 threshold=6000
[MOVE_SUB_C] [06:47:56] FIRESTORM_GATE_BLOCK DCOY setup=move_strike prior_bar_ticks=1539 threshold=6000
[MOVE_SUB_C] [06:47:56] FIRESTORM_GATE_BLOCK DCOY setup=move_strike prior_bar_ticks=1539 threshold=6000
[MOVE_SUB_C] [06:47:56] FIRESTORM_GATE_BLOCK DCOY setup=move_strike prior_bar_ticks=1539 threshold=6000
[MOVE_SUB_C] [06:47:56] FIRESTORM_GATE_BLOCK DCOY setup=move_strike prior_bar_ticks=1539 threshold=6000
[MOVE_SUB_C] [06:47:56] FIRESTORM_GATE_BLOCK DCOY setup=move_strike prior_bar_ticks=1539 threshold=6000
[MOVE_SUB_C] [06:47:56] FIRESTORM_GATE_BLOCK DCOY setup=move_strike prior_bar_ticks=1539 threshold=6000
[MOVE_SUB_C] [06:47:56] FIRESTORM_GATE_BLOCK DCOY setup=move_strike prior_bar_ticks=1539 threshold=6000
[MOVE_SUB_C] [06:47:56] FIRESTORM_GATE_BLOCK DCOY setup=move_strike prior_bar_ticks=1539 threshold=6000
[MOVE_SUB_C] [06:47:56] FIRESTORM_GATE_BLOCK DCOY setup=move_strike prior_bar_ticks=1539 threshold=6000
[MOVE_SUB_C] [06:47:56] FIRESTORM_GATE_BLOCK DCOY setup=move_strike prior_bar_ticks=1539 threshold=6000
[MOVE_SUB_C] [06:47:56] FIRESTORM_GATE_BLOCK DCOY setup=move_strike prior_bar_ticks=1539 threshold=6000
[MOVE_SUB_C] [06:47:56] FIRESTORM_GATE_BLOCK DCOY setup=move_strike prior_bar_ticks=1539 threshold=6000
[MOVE_SUB_C] [06:47:56] FIRESTORM_GATE_BLOCK DCOY setup=move_strike prior_bar_ticks=1539 threshold=6000
[MOVE_SUB_C] [06:47:56] FIRESTORM_GATE_BLOCK DCOY setup=move_strike prior_bar_ticks=1539 threshold=6000
[MOVE_SUB_C] [06:47:56] FIRESTORM_GATE_BLOCK DCOY setup=move_strike prior_bar_ticks=1539 threshold=6000
[MOVE_SUB_C] [06:47:56] FIRESTORM_GATE_BLOCK DCOY setup=move_strike prior_bar_ticks=1539 threshold=6000
[MOVE_SUB_C] [06:47:56] FIRESTORM_GATE_BLOCK DCOY setup=move_strike prior_bar_ticks=1539 threshold=6000
[MOVE_SUB_C] [06:47:56] FIRESTORM_GATE_BLOCK DCOY setup=move_strike prior_bar_ticks=1539 threshold=6000
[MOVE_SUB_C] [06:47:56] FIRESTORM_GATE_BLOCK DCOY setup=move_strike prior_bar_ticks=1539 threshold=6000
[MOVE_SUB_C] [06:47:56] FIRESTORM_GATE_BLOCK DCOY setup=move_strike prior_bar_ticks=1539 threshold=6000
[MOVE_SUB_C] [06:47:56] FIRESTORM_GATE_BLOCK DCOY setup=move_strike prior_bar_ticks=1539 threshold=6000
[MOVE_SUB_C] [06:47:56] FIRESTORM_GATE_BLOCK DCOY setup=move_strike prior_bar_ticks=1539 threshold=6000
[MOVE_SUB_C] [06:47:56] FIRESTORM_GATE_BLOCK DCOY setup=move_strike prior_bar_ticks=1539 threshold=6000
[MOVE_SUB_C] [06:47:56] FIRESTORM_GATE_BLOCK DCOY setup=move_strike prior_bar_ticks=1539 threshold=6000
[MOVE_SUB_C] [06:47:56] FIRESTORM_GATE_BLOCK DCOY setup=move_strike prior_bar_ticks=1539 threshold=6000
[MOVE_SUB_C] [06:47:56] FIRESTORM_GATE_BLOCK DCOY setup=move_strike prior_bar_ticks=1539 threshold=6000
[MOVE_SUB_C] [06:47:56] FIRESTORM_GATE_BLOCK DCOY setup=move_strike prior_bar_ticks=1539 threshold=6000
[MOVE_SUB_C] [06:47:56] FIRESTORM_GATE_BLOCK DCOY setup=move_strike prior_bar_ticks=1539 threshold=6000
[MOVE_SUB_C] [06:47:56] FIRESTORM_GATE_BLOCK DCOY setup=move_strike prior_bar_ticks=1539 threshold=6000
[MOVE_SUB_C] [06:47:56] FIRESTORM_GATE_BLOCK DCOY setup=move_strike prior_bar_ticks=1539 threshold=6000
[MOVE_SUB_C] [06:47:56] FIRESTORM_GATE_BLOCK DCOY setup=move_strike prior_bar_ticks=1539 threshold=6000
[MOVE_SUB_C] [06:47:56] FIRESTORM_GATE_BLOCK DCOY setup=move_strike prior_bar_ticks=1539 threshold=6000
[MOVE_SUB_C] [06:47:56] FIRESTORM_GATE_BLOCK DCOY setup=move_strike prior_bar_ticks=1539 threshold=6000
[MOVE_SUB_C] [06:47:56] FIRESTORM_GATE_BLOCK DCOY setup=move_strike prior_bar_ticks=1539 threshold=6000
[MOVE_SUB_C] [06:47:56] FIRESTORM_GATE_BLOCK DCOY setup=move_strike prior_bar_ticks=1539 threshold=6000
[MOVE_SUB_C] [06:47:56] FIRESTORM_GATE_BLOCK DCOY setup=move_strike prior_bar_ticks=1539 threshold=6000
[MOVE_SUB_C] [06:47:56] FIRESTORM_GATE_BLOCK DCOY setup=move_strike prior_bar_ticks=1539 threshold=6000
[MOVE_SUB_C] [06:47:56] FIRESTORM_GATE_BLOCK DCOY setup=move_strike prior_bar_ticks=1539 threshold=6000
[MOVE_SUB_C] [06:47:56] FIRESTORM_GATE_BLOCK DCOY setup=move_strike prior_bar_ticks=1539 threshold=6000
[MOVE_SUB_C] [06:47:56] FIRESTORM_GATE_BLOCK DCOY setup=move_strike prior_bar_ticks=1539 threshold=6000
[MOVE_SUB_C] [06:47:56] FIRESTORM_GATE_BLOCK DCOY setup=move_strike prior_bar_ticks=1539 threshold=6000
[MOVE_SUB_C] [06:47:56] FIRESTORM_GATE_BLOCK DCOY setup=move_strike prior_bar_ticks=1539 threshold=6000
[MOVE_SUB_C] [06:47:56] FIRESTORM_GATE_BLOCK DCOY setup=move_strike prior_bar_ticks=1539 threshold=6000
[MOVE_SUB_C] [06:47:56] FIRESTORM_GATE_BLOCK DCOY setup=move_strike prior_bar_ticks=1539 threshold=6000
[MOVE_SUB_C] [06:47:56] FIRESTORM_GATE_BLOCK DCOY setup=move_strike prior_bar_ticks=1539 threshold=6000
[MOVE_SUB_C] [06:47:56] FIRESTORM_GATE_BLOCK DCOY setup=move_strike prior_bar_ticks=1539 threshold=6000
[MOVE_SUB_C] [06:47:56] FIRESTORM_GATE_BLOCK DCOY setup=move_strike prior_bar_ticks=1539 threshold=6000
[MOVE_SUB_C] [06:47:56] FIRESTORM_GATE_BLOCK DCOY setup=move_strike prior_bar_ticks=1539 threshold=6000
[MOVE_SUB_C] [06:47:56] FIRESTORM_GATE_BLOCK DCOY setup=move_strike prior_bar_ticks=1539 threshold=6000
[MOVE_SUB_C] [06:47:56] FIRESTORM_GATE_BLOCK DCOY setup=move_strike prior_bar_ticks=1539 threshold=6000
[MOVE_SUB_C] [06:47:56] FIRESTORM_GATE_BLOCK DCOY setup=move_strike prior_bar_ticks=1539 threshold=6000
[MOVE_SUB_C] [06:47:56] FIRESTORM_GATE_BLOCK DCOY setup=move_strike prior_bar_ticks=1539 threshold=6000
[MOVE_SUB_C] [06:47:56] FIRESTORM_GATE_BLOCK DCOY setup=move_strike prior_bar_ticks=1539 threshold=6000
[MOVE_SUB_C] [06:47:56] FIRESTORM_GATE_BLOCK DCOY setup=move_strike prior_bar_ticks=1539 threshold=6000
[MOVE_SUB_C] [06:47:56] FIRESTORM_GATE_BLOCK DCOY setup=move_strike prior_bar_ticks=1539 threshold=6000
[MOVE_SUB_C] [06:47:56] FIRESTORM_GATE_BLOCK DCOY setup=move_strike prior_bar_ticks=1539 threshold=6000
[MOVE_SUB_C] [06:47:56] FIRESTORM_GATE_BLOCK DCOY setup=move_strike prior_bar_ticks=1539 threshold=6000
[MOVE_SUB_C] [06:47:56] FIRESTORM_GATE_BLOCK DCOY setup=move_strike prior_bar_ticks=1539 threshold=6000
[MOVE_SUB_C] [06:47:56] FIRESTORM_GATE_BLOCK DCOY setup=move_strike prior_bar_ticks=1539 threshold=6000
[MOVE_SUB_C] [06:47:56] FIRESTORM_GATE_BLOCK DCOY setup=move_strike prior_bar_ticks=1539 threshold=6000
[MOVE_SUB_C] [06:47:56] FIRESTORM_GATE_BLOCK DCOY setup=move_strike prior_bar_ticks=1539 threshold=6000
[MOVE_SUB_C] [06:47:56] FIRESTORM_GATE_BLOCK DCOY setup=move_strike prior_bar_ticks=1539 threshold=6000
[MOVE_SUB_C] [06:47:56] FIRESTORM_GATE_BLOCK DCOY setup=move_strike prior_bar_ticks=1539 threshold=6000
[MOVE_SUB_C] [06:47:56] FIRESTORM_GATE_BLOCK DCOY setup=move_strike prior_bar_ticks=1539 threshold=6000
[MOVE_SUB_C] [06:47:56] FIRESTORM_GATE_BLOCK DCOY setup=move_strike prior_bar_ticks=1539 threshold=6000
[MOVE_SUB_C] [06:47:56] FIRESTORM_GATE_BLOCK DCOY setup=move_strike prior_bar_ticks=1539 threshold=6000
[MOVE_SUB_C] [06:47:56] FIRESTORM_GATE_BLOCK DCOY setup=move_strike prior_bar_ticks=1539 threshold=6000
[MOVE_SUB_C] [06:47:56] FIRESTORM_GATE_BLOCK DCOY setup=move_strike prior_bar_ticks=1539 threshold=6000
[MOVE_SUB_C] [06:47:56] FIRESTORM_GATE_BLOCK DCOY setup=move_strike prior_bar_ticks=1539 threshold=6000
[MOVE_SUB_C] [06:47:56] FIRESTORM_GATE_BLOCK DCOY setup=move_strike prior_bar_ticks=1539 threshold=6000
[MOVE_SUB_C] [06:47:56] FIRESTORM_GATE_BLOCK DCOY setup=move_strike prior_bar_ticks=1539 threshold=6000
[MOVE_SUB_C] [06:47:56] FIRESTORM_GATE_BLOCK DCOY setup=move_strike prior_bar_ticks=1539 threshold=6000
[MOVE_SUB_C] [06:47:56] FIRESTORM_GATE_BLOCK DCOY setup=move_strike prior_bar_ticks=1539 threshold=6000
[MOVE_SUB_C] [06:47:56] FIRESTORM_GATE_BLOCK DCOY setup=move_strike prior_bar_ticks=1539 threshold=6000
[MOVE_SUB_C] [06:47:56] FIRESTORM_GATE_BLOCK DCOY setup=move_strike prior_bar_ticks=1539 threshold=6000
[MOVE_SUB_C] [06:47:56] FIRESTORM_GATE_BLOCK DCOY setup=move_strike prior_bar_ticks=1539 threshold=6000
[MOVE_SUB_C] [06:47:56] FIRESTORM_GATE_BLOCK DCOY setup=move_strike prior_bar_ticks=1539 threshold=6000
[MOVE_SUB_C] [06:47:56] FIRESTORM_GATE_BLOCK DCOY setup=move_strike prior_bar_ticks=1539 threshold=6000
[MOVE_SUB_C] [06:47:56] FIRESTORM_GATE_BLOCK DCOY setup=move_strike prior_bar_ticks=1539 threshold=6000
[MOVE_SUB_C] [06:47:56] FIRESTORM_GATE_BLOCK DCOY setup=move_strike prior_bar_ticks=1539 threshold=6000
[MOVE_SUB_C] [06:47:56] FIRESTORM_GATE_BLOCK DCOY setup=move_strike prior_bar_ticks=1539 threshold=6000
[MOVE_SUB_C] [06:47:56] FIRESTORM_GATE_BLOCK DCOY setup=move_strike prior_bar_ticks=1539 threshold=6000
[MOVE_SUB_C] [06:47:56] FIRESTORM_GATE_BLOCK DCOY setup=move_strike prior_bar_ticks=1539 threshold=6000
[MOVE_SUB_C] [06:47:56] FIRESTORM_GATE_BLOCK DCOY setup=move_strike prior_bar_ticks=1539 threshold=6000
[MOVE_SUB_C] [06:47:56] FIRESTORM_GATE_BLOCK DCOY setup=move_strike prior_bar_ticks=1539 threshold=6000
[MOVE_SUB_C] [06:47:56] FIRESTORM_GATE_BLOCK DCOY setup=move_strike prior_bar_ticks=1539 threshold=6000
[MOVE_SUB_C] [06:47:56] FIRESTORM_GATE_BLOCK DCOY setup=move_strike prior_bar_ticks=1539 threshold=6000
[MOVE_SUB_C] [06:47:56] FIRESTORM_GATE_BLOCK DCOY setup=move_strike prior_bar_ticks=1539 threshold=6000
[MOVE_SUB_C] [06:47:56] FIRESTORM_GATE_BLOCK DCOY setup=move_strike prior_bar_ticks=1539 threshold=6000
[MOVE_SUB_C] [06:47:56] FIRESTORM_GATE_BLOCK DCOY setup=move_strike prior_bar_ticks=1539 threshold=6000
[MOVE_SUB_C] [06:47:56] FIRESTORM_GATE_BLOCK DCOY setup=move_strike prior_bar_ticks=1539 threshold=6000
[MOVE_SUB_C] [06:47:56] FIRESTORM_GATE_BLOCK DCOY setup=move_strike prior_bar_ticks=1539 threshold=6000
[MOVE_SUB_C] [06:47:56] FIRESTORM_GATE_BLOCK DCOY setup=move_strike prior_bar_ticks=1539 threshold=6000
[MOVE_SUB_C] [06:47:56] FIRESTORM_GATE_BLOCK DCOY setup=move_strike prior_bar_ticks=1539 threshold=6000
[MOVE_SUB_C] [06:47:56] FIRESTORM_GATE_BLOCK DCOY setup=move_strike prior_bar_ticks=1539 threshold=6000
[MOVE_SUB_C] [06:47:56] FIRESTORM_GATE_BLOCK DCOY setup=move_strike prior_bar_ticks=1539 threshold=6000
[MOVE_SUB_C] [06:47:56] FIRESTORM_GATE_BLOCK DCOY setup=move_strike prior_bar_ticks=1539 threshold=6000
[MOVE_SUB_C] [06:47:56] FIRESTORM_GATE_BLOCK DCOY setup=move_strike prior_bar_ticks=1539 threshold=6000
[MOVE_SUB_C] [06:47:56] FIRESTORM_GATE_BLOCK DCOY setup=move_strike prior_bar_ticks=1539 threshold=6000
[MOVE_SUB_C] [06:47:56] FIRESTORM_GATE_BLOCK DCOY setup=move_strike prior_bar_ticks=1539 threshold=6000
[MOVE_SUB_C] [06:47:56] FIRESTORM_GATE_BLOCK DCOY setup=move_strike prior_bar_ticks=1539 threshold=6000
[MOVE_SUB_C] [06:47:56] FIRESTORM_GATE_BLOCK DCOY setup=move_strike prior_bar_ticks=1539 threshold=6000
[MOVE_SUB_C] [06:47:56] FIRESTORM_GATE_BLOCK DCOY setup=move_strike prior_bar_ticks=1539 threshold=6000
[MOVE_SUB_C] [06:47:56] FIRESTORM_GATE_BLOCK DCOY setup=move_strike prior_bar_ticks=1539 threshold=6000
[MOVE_SUB_C] [06:47:56] FIRESTORM_GATE_BLOCK DCOY setup=move_strike prior_bar_ticks=1539 threshold=6000
[MOVE_SUB_C] [06:47:57] FIRESTORM_GATE_BLOCK DCOY setup=move_strike prior_bar_ticks=1539 threshold=6000
[MOVE_SUB_C] [06:47:57] FIRESTORM_GATE_BLOCK DCOY setup=move_strike prior_bar_ticks=1539 threshold=6000
[MOVE_SUB_C] [06:47:57] FIRESTORM_GATE_BLOCK DCOY setup=move_strike prior_bar_ticks=1539 threshold=6000
[MOVE_SUB_C] [06:47:57] FIRESTORM_GATE_BLOCK DCOY setup=move_strike prior_bar_ticks=1539 threshold=6000
[MOVE_SUB_C] [06:47:57] FIRESTORM_GATE_BLOCK DCOY setup=move_strike prior_bar_ticks=1539 threshold=6000
[MOVE_SUB_C] [06:47:57] FIRESTORM_GATE_BLOCK DCOY setup=move_strike prior_bar_ticks=1539 threshold=6000
[MOVE_SUB_C] [06:47:57] FIRESTORM_GATE_BLOCK DCOY setup=move_strike prior_bar_ticks=1539 threshold=6000
[MOVE_SUB_C] [06:47:57] FIRESTORM_GATE_BLOCK DCOY setup=move_strike prior_bar_ticks=1539 threshold=6000
[MOVE_SUB_C] [06:47:57] FIRESTORM_GATE_BLOCK DCOY setup=move_strike prior_bar_ticks=1539 threshold=6000
[MOVE_SUB_C] [06:47:57] FIRESTORM_GATE_BLOCK DCOY setup=move_strike prior_bar_ticks=1539 threshold=6000
[MOVE_SUB_C] [06:47:57] FIRESTORM_GATE_BLOCK DCOY setup=move_strike prior_bar_ticks=1539 threshold=6000
[MOVE_SUB_C] [06:47:57] FIRESTORM_GATE_BLOCK DCOY setup=move_strike prior_bar_ticks=1539 threshold=6000
[MOVE_SUB_C] [06:47:57] FIRESTORM_GATE_BLOCK DCOY setup=move_strike prior_bar_ticks=1539 threshold=6000
[MOVE_SUB_C] [06:47:57] FIRESTORM_GATE_BLOCK DCOY setup=move_strike prior_bar_ticks=1539 threshold=6000
[MOVE_SUB_C] [06:47:57] FIRESTORM_GATE_BLOCK DCOY setup=move_strike prior_bar_ticks=1539 threshold=6000
[MOVE_SUB_C] [06:47:57] FIRESTORM_GATE_BLOCK DCOY setup=move_strike prior_bar_ticks=1539 threshold=6000
[MOVE_SUB_C] [06:47:57] FIRESTORM_GATE_BLOCK DCOY setup=move_strike prior_bar_ticks=1539 threshold=6000
[MOVE_SUB_C] [06:47:57] FIRESTORM_GATE_BLOCK DCOY setup=move_strike prior_bar_ticks=1539 threshold=6000
[MOVE_SUB_C] [06:47:57] FIRESTORM_GATE_BLOCK DCOY setup=move_strike prior_bar_ticks=1539 threshold=6000
[MOVE_SUB_C] [06:47:57] FIRESTORM_GATE_BLOCK DCOY setup=move_strike prior_bar_ticks=1539 threshold=6000
[MOVE_SUB_C] [06:47:57] FIRESTORM_GATE_BLOCK DCOY setup=move_strike prior_bar_ticks=1539 threshold=6000
[MOVE_SUB_C] [06:47:57] FIRESTORM_GATE_BLOCK DCOY setup=move_strike prior_bar_ticks=1539 threshold=6000
[MOVE_SUB_C] [06:47:57] FIRESTORM_GATE_BLOCK DCOY setup=move_strike prior_bar_ticks=1539 threshold=6000
[MOVE_SUB_C] [06:47:57] FIRESTORM_GATE_BLOCK DCOY setup=move_strike prior_bar_ticks=1539 threshold=6000
[MOVE_SUB_C] [06:47:57] FIRESTORM_GATE_BLOCK DCOY setup=move_strike prior_bar_ticks=1539 threshold=6000
[MOVE_SUB_C] [06:47:57] FIRESTORM_GATE_BLOCK DCOY setup=move_strike prior_bar_ticks=1539 threshold=6000
[MOVE_SUB_C] [06:47:57] FIRESTORM_GATE_BLOCK DCOY setup=move_strike prior_bar_ticks=1539 threshold=6000
[MOVE_SUB_C] [06:47:57] FIRESTORM_GATE_BLOCK DCOY setup=move_strike prior_bar_ticks=1539 threshold=6000
[MOVE_SUB_C] [06:47:57] FIRESTORM_GATE_BLOCK DCOY setup=move_strike prior_bar_ticks=1539 threshold=6000
[MOVE_SUB_C] [06:47:57] FIRESTORM_GATE_BLOCK DCOY setup=move_strike prior_bar_ticks=1539 threshold=6000
[MOVE_SUB_C] [06:47:57] FIRESTORM_GATE_BLOCK DCOY setup=move_strike prior_bar_ticks=1539 threshold=6000
[MOVE_SUB_C] [06:47:57] FIRESTORM_GATE_BLOCK DCOY setup=move_strike prior_bar_ticks=1539 threshold=6000
[MOVE_SUB_C] [06:47:57] FIRESTORM_GATE_BLOCK DCOY setup=move_strike prior_bar_ticks=1539 threshold=6000
[MOVE_SUB_C] [06:47:57] FIRESTORM_GATE_BLOCK DCOY setup=move_strike prior_bar_ticks=1539 threshold=6000
[MOVE_SUB_C] [06:47:57] FIRESTORM_GATE_BLOCK DCOY setup=move_strike prior_bar_ticks=1539 threshold=6000
[MOVE_SUB_C] [06:47:57] FIRESTORM_GATE_BLOCK DCOY setup=move_strike prior_bar_ticks=1539 threshold=6000
[MOVE_SUB_C] [06:47:57] FIRESTORM_GATE_BLOCK DCOY setup=move_strike prior_bar_ticks=1539 threshold=6000
[MOVE_SUB_C] [06:47:57] FIRESTORM_GATE_BLOCK DCOY setup=move_strike prior_bar_ticks=1539 threshold=6000
[MOVE_SUB_C] [06:47:57] FIRESTORM_GATE_BLOCK DCOY setup=move_strike prior_bar_ticks=1539 threshold=6000
[MOVE_SUB_C] [06:47:57] FIRESTORM_GATE_BLOCK DCOY setup=move_strike prior_bar_ticks=1539 threshold=6000
[MOVE_SUB_C] [06:47:57] FIRESTORM_GATE_BLOCK DCOY setup=move_strike prior_bar_ticks=1539 threshold=6000
[MOVE_SUB_C] [06:47:57] FIRESTORM_GATE_BLOCK DCOY setup=move_strike prior_bar_ticks=1539 threshold=6000
[MOVE_SUB_C] [06:47:57] FIRESTORM_GATE_BLOCK DCOY setup=move_strike prior_bar_ticks=1539 threshold=6000
[MOVE_SUB_C] [06:47:57] FIRESTORM_GATE_BLOCK DCOY setup=move_strike prior_bar_ticks=1539 threshold=6000
[MOVE_SUB_C] [06:47:57] FIRESTORM_GATE_BLOCK DCOY setup=move_strike prior_bar_ticks=1539 threshold=6000
[MOVE_SUB_C] [06:47:57] FIRESTORM_GATE_BLOCK DCOY setup=move_strike prior_bar_ticks=1539 threshold=6000
[MOVE_SUB_C] [06:47:57] FIRESTORM_GATE_BLOCK DCOY setup=move_strike prior_bar_ticks=1539 threshold=6000
[MOVE_SUB_C] [06:47:57] FIRESTORM_GATE_BLOCK DCOY setup=move_strike prior_bar_ticks=1539 threshold=6000
[MOVE_SUB_C] [06:47:57] FIRESTORM_GATE_BLOCK DCOY setup=move_strike prior_bar_ticks=1539 threshold=6000
[MOVE_SUB_C] [06:47:57] FIRESTORM_GATE_BLOCK DCOY setup=move_strike prior_bar_ticks=1539 threshold=6000
[MOVE_SUB_C] [06:47:57] FIRESTORM_GATE_BLOCK DCOY setup=move_strike prior_bar_ticks=1539 threshold=6000
[MOVE_SUB_C] [06:47:58] FIRESTORM_GATE_BLOCK DCOY setup=move_strike prior_bar_ticks=1539 threshold=6000
[MOVE_SUB_C] [06:47:58] FIRESTORM_GATE_BLOCK DCOY setup=move_strike prior_bar_ticks=1539 threshold=6000
[MOVE_SUB_C] [06:47:58] FIRESTORM_GATE_BLOCK DCOY setup=move_strike prior_bar_ticks=1539 threshold=6000
[MOVE_SUB_C] [06:47:58] FIRESTORM_GATE_BLOCK DCOY setup=move_strike prior_bar_ticks=1539 threshold=6000
[MOVE_SUB_C] [06:47:58] FIRESTORM_GATE_BLOCK DCOY setup=move_strike prior_bar_ticks=1539 threshold=6000
[MOVE_SUB_C] [06:47:58] FIRESTORM_GATE_BLOCK DCOY setup=move_strike prior_bar_ticks=1539 threshold=6000
[MOVE_SUB_C] [06:47:58] FIRESTORM_GATE_BLOCK DCOY setup=move_strike prior_bar_ticks=1539 threshold=6000
[MOVE_SUB_C] [06:47:58] FIRESTORM_GATE_BLOCK DCOY setup=move_strike prior_bar_ticks=1539 threshold=6000
[MOVE_SUB_C] [06:47:58] FIRESTORM_GATE_BLOCK DCOY setup=move_strike prior_bar_ticks=1539 threshold=6000
[MOVE_SUB_C] [06:47:58] FIRESTORM_GATE_BLOCK DCOY setup=move_strike prior_bar_ticks=1539 threshold=6000
[MOVE_SUB_C] [06:47:58] FIRESTORM_GATE_BLOCK DCOY setup=move_strike prior_bar_ticks=1539 threshold=6000
[MOVE_SUB_C] [06:47:58] FIRESTORM_GATE_BLOCK DCOY setup=move_strike prior_bar_ticks=1539 threshold=6000
[MOVE_SUB_C] [06:47:58] FIRESTORM_GATE_BLOCK DCOY setup=move_strike prior_bar_ticks=1539 threshold=6000
[MOVE_SUB_C] [06:47:58] FIRESTORM_GATE_BLOCK DCOY setup=move_strike prior_bar_ticks=1539 threshold=6000
[MOVE_SUB_C] [06:47:58] FIRESTORM_GATE_BLOCK DCOY setup=move_strike prior_bar_ticks=1539 threshold=6000
[MOVE_SUB_C] [06:47:58] FIRESTORM_GATE_BLOCK DCOY setup=move_strike prior_bar_ticks=1539 threshold=6000
[MOVE_SUB_C] [06:47:59] FIRESTORM_GATE_BLOCK DCOY setup=move_strike prior_bar_ticks=1539 threshold=6000
[MOVE_SUB_C] [06:47:59] FIRESTORM_GATE_BLOCK DCOY setup=move_strike prior_bar_ticks=1539 threshold=6000
[MOVE_SUB_C] [06:47:59] FIRESTORM_GATE_BLOCK DCOY setup=move_strike prior_bar_ticks=1539 threshold=6000
[MOVE_SUB_C] [06:47:59] FIRESTORM_GATE_BLOCK DCOY setup=move_strike prior_bar_ticks=1539 threshold=6000
[MOVE_SUB_C] [06:47:59] FIRESTORM_GATE_BLOCK DCOY setup=move_strike prior_bar_ticks=1539 threshold=6000
[MOVE_SUB_C] [06:47:59] FIRESTORM_GATE_BLOCK DCOY setup=move_strike prior_bar_ticks=1539 threshold=6000
[MOVE_SUB_C] [06:47:59] FIRESTORM_GATE_BLOCK DCOY setup=move_strike prior_bar_ticks=1539 threshold=6000
[MOVE_SUB_C] [06:47:59] FIRESTORM_GATE_BLOCK DCOY setup=move_strike prior_bar_ticks=1539 threshold=6000
[MOVE_SUB_C] [06:47:59] FIRESTORM_GATE_BLOCK DCOY setup=move_strike prior_bar_ticks=1539 threshold=6000
[MOVE_SUB_C] [06:47:59] FIRESTORM_GATE_BLOCK DCOY setup=move_strike prior_bar_ticks=1539 threshold=6000
[MOVE_SUB_C] [06:47:59] FIRESTORM_GATE_BLOCK DCOY setup=move_strike prior_bar_ticks=1539 threshold=6000
[MOVE_SUB_C] [06:47:59] FIRESTORM_GATE_BLOCK DCOY setup=move_strike prior_bar_ticks=1539 threshold=6000
[MOVE_SUB_C] [06:47:59] FIRESTORM_GATE_BLOCK DCOY setup=move_strike prior_bar_ticks=1539 threshold=6000
[MOVE_SUB_C] [06:47:59] FIRESTORM_GATE_BLOCK DCOY setup=move_strike prior_bar_ticks=1539 threshold=6000
[MOVE_SUB_C] [06:47:59] FIRESTORM_GATE_BLOCK DCOY setup=move_strike prior_bar_ticks=1539 threshold=6000
[MOVE_SUB_C] [06:47:59] FIRESTORM_GATE_BLOCK DCOY setup=move_strike prior_bar_ticks=1539 threshold=6000
[MOVE_SUB_C] [06:47:59] FIRESTORM_GATE_BLOCK DCOY setup=move_strike prior_bar_ticks=1539 threshold=6000
[MOVE_SUB_C] [06:47:59] FIRESTORM_GATE_BLOCK DCOY setup=move_strike prior_bar_ticks=1539 threshold=6000
[MOVE_SUB_C] [06:47:59] FIRESTORM_GATE_BLOCK DCOY setup=move_strike prior_bar_ticks=1539 threshold=6000
[MOVE_SUB_C] [06:47:59] FIRESTORM_GATE_BLOCK DCOY setup=move_strike prior_bar_ticks=1539 threshold=6000
[MOVE_SUB_C] [06:47:59] FIRESTORM_GATE_BLOCK DCOY setup=move_strike prior_bar_ticks=1539 threshold=6000
[MOVE_SUB_C] [06:47:59] FIRESTORM_GATE_BLOCK DCOY setup=move_strike prior_bar_ticks=1539 threshold=6000
[MOVE_SUB_C] [06:47:59] FIRESTORM_GATE_BLOCK DCOY setup=move_strike prior_bar_ticks=1539 threshold=6000
[MOVE_SUB_C] [06:47:59] FIRESTORM_GATE_BLOCK DCOY setup=move_strike prior_bar_ticks=1539 threshold=6000
[MOVE_SUB_C] [06:47:59] FIRESTORM_GATE_BLOCK DCOY setup=move_strike prior_bar_ticks=1539 threshold=6000
[MOVE_SUB_C] [06:47:59] FIRESTORM_GATE_BLOCK DCOY setup=move_strike prior_bar_ticks=1539 threshold=6000
[MOVE_SUB_C] [06:47:59] FIRESTORM_GATE_BLOCK DCOY setup=move_strike prior_bar_ticks=1539 threshold=6000
[MOVE_SUB_C] [06:47:59] FIRESTORM_GATE_BLOCK DCOY setup=move_strike prior_bar_ticks=1539 threshold=6000
[MOVE_SUB_C] [06:47:59] FIRESTORM_GATE_BLOCK DCOY setup=move_strike prior_bar_ticks=1539 threshold=6000
[MOVE_SUB_C] [06:47:59] FIRESTORM_GATE_BLOCK DCOY setup=move_strike prior_bar_ticks=1539 threshold=6000
[MOVE_SUB_C] [06:47:59] FIRESTORM_GATE_BLOCK DCOY setup=move_strike prior_bar_ticks=1539 threshold=6000
[MOVE_SUB_C] [06:47:59] FIRESTORM_GATE_BLOCK DCOY setup=move_strike prior_bar_ticks=1539 threshold=6000
[MOVE_SUB_C] [06:47:59] FIRESTORM_GATE_BLOCK DCOY setup=move_strike prior_bar_ticks=1539 threshold=6000
[MOVE_SUB_C] [06:47:59] FIRESTORM_GATE_BLOCK DCOY setup=move_strike prior_bar_ticks=1539 threshold=6000
[MOVE_SUB_C] [06:47:59] FIRESTORM_GATE_BLOCK DCOY setup=move_strike prior_bar_ticks=1539 threshold=6000
[MOVE_SUB_C] [06:47:59] FIRESTORM_GATE_BLOCK DCOY setup=move_strike prior_bar_ticks=1539 threshold=6000
[MOVE_SUB_C] [06:47:59] FIRESTORM_GATE_BLOCK DCOY setup=move_strike prior_bar_ticks=1539 threshold=6000
[MOVE_SUB_C] [06:47:59] FIRESTORM_GATE_BLOCK DCOY setup=move_strike prior_bar_ticks=1539 threshold=6000
[MOVE_SUB_C] [06:47:59] FIRESTORM_GATE_BLOCK DCOY setup=move_strike prior_bar_ticks=1539 threshold=6000
[MOVE_SUB_C] [06:47:59] FIRESTORM_GATE_BLOCK DCOY setup=move_strike prior_bar_ticks=1539 threshold=6000
[MOVE_SUB_C] [06:47:59] FIRESTORM_GATE_BLOCK DCOY setup=move_strike prior_bar_ticks=1539 threshold=6000
[MOVE_SUB_C] [06:47:59] FIRESTORM_GATE_BLOCK DCOY setup=move_strike prior_bar_ticks=1539 threshold=6000
[MOVE_SUB_C] [06:47:59] FIRESTORM_GATE_BLOCK DCOY setup=move_strike prior_bar_ticks=1539 threshold=6000
[MOVE_SUB_C] [06:47:59] FIRESTORM_GATE_BLOCK DCOY setup=move_strike prior_bar_ticks=1539 threshold=6000
[MOVE_SUB_C] [06:47:59] FIRESTORM_GATE_BLOCK DCOY setup=move_strike prior_bar_ticks=1539 threshold=6000
[MOVE_SUB_C] [06:48:31] STATS ticks=148683 symbols=38 pos=no daily_pnl=+0 drops=0
[MOVE_SUB_C] [06:48:35] FIRESTORM_GATE_BLOCK DCOY setup=move_strike prior_bar_ticks=1566 threshold=6000
[MOVE_SUB_C] [06:48:35] FIRESTORM_GATE_BLOCK DCOY setup=move_strike prior_bar_ticks=1566 threshold=6000
[MOVE_SUB_C] [06:48:35] FIRESTORM_GATE_BLOCK DCOY setup=move_strike prior_bar_ticks=1566 threshold=6000
[MOVE_SUB_C] [06:48:35] FIRESTORM_GATE_BLOCK DCOY setup=move_strike prior_bar_ticks=1566 threshold=6000
[MOVE_SUB_C] [06:48:35] FIRESTORM_GATE_BLOCK DCOY setup=move_strike prior_bar_ticks=1566 threshold=6000
[MOVE_SUB_C] [06:48:35] FIRESTORM_GATE_BLOCK DCOY setup=move_strike prior_bar_ticks=1566 threshold=6000
[MOVE_SUB_C] [06:48:35] FIRESTORM_GATE_BLOCK DCOY setup=move_strike prior_bar_ticks=1566 threshold=6000
[MOVE_SUB_C] [06:48:35] FIRESTORM_GATE_BLOCK DCOY setup=move_strike prior_bar_ticks=1566 threshold=6000
[MOVE_SUB_C] [06:48:35] FIRESTORM_GATE_BLOCK DCOY setup=move_strike prior_bar_ticks=1566 threshold=6000
[MOVE_SUB_C] [06:48:35] FIRESTORM_GATE_BLOCK DCOY setup=move_strike prior_bar_ticks=1566 threshold=6000
[MOVE_SUB_C] [06:48:35] FIRESTORM_GATE_BLOCK DCOY setup=move_strike prior_bar_ticks=1566 threshold=6000
[MOVE_SUB_C] [06:48:35] FIRESTORM_GATE_BLOCK DCOY setup=move_strike prior_bar_ticks=1566 threshold=6000
[MOVE_SUB_C] [06:48:35] FIRESTORM_GATE_BLOCK DCOY setup=move_strike prior_bar_ticks=1566 threshold=6000
[MOVE_SUB_C] [06:48:35] FIRESTORM_GATE_BLOCK DCOY setup=move_strike prior_bar_ticks=1566 threshold=6000
[MOVE_SUB_C] [06:48:35] FIRESTORM_GATE_BLOCK DCOY setup=move_strike prior_bar_ticks=1566 threshold=6000
[MOVE_SUB_C] [06:48:35] FIRESTORM_GATE_BLOCK DCOY setup=move_strike prior_bar_ticks=1566 threshold=6000
[MOVE_SUB_C] [06:48:35] FIRESTORM_GATE_BLOCK DCOY setup=move_strike prior_bar_ticks=1566 threshold=6000
[MOVE_SUB_C] [06:48:35] FIRESTORM_GATE_BLOCK DCOY setup=move_strike prior_bar_ticks=1566 threshold=6000
[MOVE_SUB_C] [06:48:35] FIRESTORM_GATE_BLOCK DCOY setup=move_strike prior_bar_ticks=1566 threshold=6000
[MOVE_SUB_C] [06:48:35] FIRESTORM_GATE_BLOCK DCOY setup=move_strike prior_bar_ticks=1566 threshold=6000
[MOVE_SUB_C] [06:48:35] FIRESTORM_GATE_BLOCK DCOY setup=move_strike prior_bar_ticks=1566 threshold=6000
[MOVE_SUB_C] [06:48:35] FIRESTORM_GATE_BLOCK DCOY setup=move_strike prior_bar_ticks=1566 threshold=6000
[MOVE_SUB_C] [06:48:35] FIRESTORM_GATE_BLOCK DCOY setup=move_strike prior_bar_ticks=1566 threshold=6000
[MOVE_SUB_C] [06:48:35] FIRESTORM_GATE_BLOCK DCOY setup=move_strike prior_bar_ticks=1566 threshold=6000
[MOVE_SUB_C] [06:48:35] FIRESTORM_GATE_BLOCK DCOY setup=move_strike prior_bar_ticks=1566 threshold=6000
[MOVE_SUB_C] [06:48:35] FIRESTORM_GATE_BLOCK DCOY setup=move_strike prior_bar_ticks=1566 threshold=6000
[MOVE_SUB_C] [06:48:35] FIRESTORM_GATE_BLOCK DCOY setup=move_strike prior_bar_ticks=1566 threshold=6000
[MOVE_SUB_C] [06:48:35] FIRESTORM_GATE_BLOCK DCOY setup=move_strike prior_bar_ticks=1566 threshold=6000
[MOVE_SUB_C] [06:48:35] FIRESTORM_GATE_BLOCK DCOY setup=move_strike prior_bar_ticks=1566 threshold=6000
[MOVE_SUB_C] [06:48:35] FIRESTORM_GATE_BLOCK DCOY setup=move_strike prior_bar_ticks=1566 threshold=6000
[MOVE_SUB_C] [06:48:35] FIRESTORM_GATE_BLOCK DCOY setup=move_strike prior_bar_ticks=1566 threshold=6000
[MOVE_SUB_C] [06:48:35] FIRESTORM_GATE_BLOCK DCOY setup=move_strike prior_bar_ticks=1566 threshold=6000
[MOVE_SUB_C] [06:48:35] FIRESTORM_GATE_BLOCK DCOY setup=move_strike prior_bar_ticks=1566 threshold=6000
[MOVE_SUB_C] [06:48:35] FIRESTORM_GATE_BLOCK DCOY setup=move_strike prior_bar_ticks=1566 threshold=6000
[MOVE_SUB_C] [06:48:35] FIRESTORM_GATE_BLOCK DCOY setup=move_strike prior_bar_ticks=1566 threshold=6000
[MOVE_SUB_C] [06:48:35] FIRESTORM_GATE_BLOCK DCOY setup=move_strike prior_bar_ticks=1566 threshold=6000
[MOVE_SUB_C] [06:48:35] FIRESTORM_GATE_BLOCK DCOY setup=move_strike prior_bar_ticks=1566 threshold=6000
[MOVE_SUB_C] [06:48:35] FIRESTORM_GATE_BLOCK DCOY setup=move_strike prior_bar_ticks=1566 threshold=6000
[MOVE_SUB_C] [06:48:35] FIRESTORM_GATE_BLOCK DCOY setup=move_strike prior_bar_ticks=1566 threshold=6000
[MOVE_SUB_C] [06:48:35] FIRESTORM_GATE_BLOCK DCOY setup=move_strike prior_bar_ticks=1566 threshold=6000
[MOVE_SUB_C] [06:48:35] FIRESTORM_GATE_BLOCK DCOY setup=move_strike prior_bar_ticks=1566 threshold=6000
[MOVE_SUB_C] [06:48:35] FIRESTORM_GATE_BLOCK DCOY setup=move_strike prior_bar_ticks=1566 threshold=6000
[MOVE_SUB_C] [06:48:35] FIRESTORM_GATE_BLOCK DCOY setup=move_strike prior_bar_ticks=1566 threshold=6000
[MOVE_SUB_C] [06:48:35] FIRESTORM_GATE_BLOCK DCOY setup=move_strike prior_bar_ticks=1566 threshold=6000
[MOVE_SUB_C] [06:48:35] FIRESTORM_GATE_BLOCK DCOY setup=move_strike prior_bar_ticks=1566 threshold=6000
[MOVE_SUB_C] [06:48:35] FIRESTORM_GATE_BLOCK DCOY setup=move_strike prior_bar_ticks=1566 threshold=6000
[MOVE_SUB_C] [06:48:35] FIRESTORM_GATE_BLOCK DCOY setup=move_strike prior_bar_ticks=1566 threshold=6000
[MOVE_SUB_C] [06:48:35] FIRESTORM_GATE_BLOCK DCOY setup=move_strike prior_bar_ticks=1566 threshold=6000
[MOVE_SUB_C] [06:48:35] FIRESTORM_GATE_BLOCK DCOY setup=move_strike prior_bar_ticks=1566 threshold=6000
[MOVE_SUB_C] [06:48:35] FIRESTORM_GATE_BLOCK DCOY setup=move_strike prior_bar_ticks=1566 threshold=6000
[MOVE_SUB_C] [06:48:35] FIRESTORM_GATE_BLOCK DCOY setup=move_strike prior_bar_ticks=1566 threshold=6000
[MOVE_SUB_C] [06:48:35] FIRESTORM_GATE_BLOCK DCOY setup=move_strike prior_bar_ticks=1566 threshold=6000
[MOVE_SUB_C] [06:48:35] FIRESTORM_GATE_BLOCK DCOY setup=move_strike prior_bar_ticks=1566 threshold=6000
[MOVE_SUB_C] [06:48:36] FIRESTORM_GATE_BLOCK DCOY setup=move_strike prior_bar_ticks=1566 threshold=6000
[MOVE_SUB_C] [06:48:36] FIRESTORM_GATE_BLOCK DCOY setup=move_strike prior_bar_ticks=1566 threshold=6000
[MOVE_SUB_C] [06:48:36] FIRESTORM_GATE_BLOCK DCOY setup=move_strike prior_bar_ticks=1566 threshold=6000
[MOVE_SUB_C] [06:48:36] FIRESTORM_GATE_BLOCK DCOY setup=move_strike prior_bar_ticks=1566 threshold=6000
[MOVE_SUB_C] [06:48:36] FIRESTORM_GATE_BLOCK DCOY setup=move_strike prior_bar_ticks=1566 threshold=6000
[MOVE_SUB_C] [06:48:36] FIRESTORM_GATE_BLOCK DCOY setup=move_strike prior_bar_ticks=1566 threshold=6000
[MOVE_SUB_C] [06:48:36] FIRESTORM_GATE_BLOCK DCOY setup=move_strike prior_bar_ticks=1566 threshold=6000
[MOVE_SUB_C] [06:48:36] FIRESTORM_GATE_BLOCK DCOY setup=move_strike prior_bar_ticks=1566 threshold=6000
[MOVE_SUB_C] [06:48:36] FIRESTORM_GATE_BLOCK DCOY setup=move_strike prior_bar_ticks=1566 threshold=6000
[MOVE_SUB_C] [06:48:36] FIRESTORM_GATE_BLOCK DCOY setup=move_strike prior_bar_ticks=1566 threshold=6000
[MOVE_SUB_C] [06:48:36] FIRESTORM_GATE_BLOCK DCOY setup=move_strike prior_bar_ticks=1566 threshold=6000
[MOVE_SUB_C] [06:48:36] FIRESTORM_GATE_BLOCK DCOY setup=move_strike prior_bar_ticks=1566 threshold=6000
[MOVE_SUB_C] [06:48:36] FIRESTORM_GATE_BLOCK DCOY setup=move_strike prior_bar_ticks=1566 threshold=6000
[MOVE_SUB_C] [06:48:36] FIRESTORM_GATE_BLOCK DCOY setup=move_strike prior_bar_ticks=1566 threshold=6000
[MOVE_SUB_C] [06:48:36] FIRESTORM_GATE_BLOCK DCOY setup=move_strike prior_bar_ticks=1566 threshold=6000
[MOVE_SUB_C] [06:48:36] FIRESTORM_GATE_BLOCK DCOY setup=move_strike prior_bar_ticks=1566 threshold=6000
[MOVE_SUB_C] [06:48:36] FIRESTORM_GATE_BLOCK DCOY setup=move_strike prior_bar_ticks=1566 threshold=6000
[MOVE_SUB_C] [06:48:36] FIRESTORM_GATE_BLOCK DCOY setup=move_strike prior_bar_ticks=1566 threshold=6000
[MOVE_SUB_C] [06:48:36] FIRESTORM_GATE_BLOCK DCOY setup=move_strike prior_bar_ticks=1566 threshold=6000
[MOVE_SUB_C] [06:48:36] FIRESTORM_GATE_BLOCK DCOY setup=move_strike prior_bar_ticks=1566 threshold=6000
[MOVE_SUB_C] [06:48:36] FIRESTORM_GATE_BLOCK DCOY setup=move_strike prior_bar_ticks=1566 threshold=6000
[MOVE_SUB_C] [06:48:36] FIRESTORM_GATE_BLOCK DCOY setup=move_strike prior_bar_ticks=1566 threshold=6000
[MOVE_SUB_C] [06:48:36] FIRESTORM_GATE_BLOCK DCOY setup=move_strike prior_bar_ticks=1566 threshold=6000
[MOVE_SUB_C] [06:48:36] FIRESTORM_GATE_BLOCK DCOY setup=move_strike prior_bar_ticks=1566 threshold=6000
[MOVE_SUB_C] [06:48:36] FIRESTORM_GATE_BLOCK DCOY setup=move_strike prior_bar_ticks=1566 threshold=6000
[MOVE_SUB_C] [06:48:36] FIRESTORM_GATE_BLOCK DCOY setup=move_strike prior_bar_ticks=1566 threshold=6000
[MOVE_SUB_C] [06:48:36] FIRESTORM_GATE_BLOCK DCOY setup=move_strike prior_bar_ticks=1566 threshold=6000
[MOVE_SUB_C] [06:48:36] FIRESTORM_GATE_BLOCK DCOY setup=move_strike prior_bar_ticks=1566 threshold=6000
[MOVE_SUB_C] [06:48:36] FIRESTORM_GATE_BLOCK DCOY setup=move_strike prior_bar_ticks=1566 threshold=6000
[MOVE_SUB_C] [06:48:36] FIRESTORM_GATE_BLOCK DCOY setup=move_strike prior_bar_ticks=1566 threshold=6000
[MOVE_SUB_C] [06:48:36] FIRESTORM_GATE_BLOCK DCOY setup=move_strike prior_bar_ticks=1566 threshold=6000
[MOVE_SUB_C] [06:48:36] FIRESTORM_GATE_BLOCK DCOY setup=move_strike prior_bar_ticks=1566 threshold=6000
[MOVE_SUB_C] [06:48:36] FIRESTORM_GATE_BLOCK DCOY setup=move_strike prior_bar_ticks=1566 threshold=6000
[MOVE_SUB_C] [06:48:36] FIRESTORM_GATE_BLOCK DCOY setup=move_strike prior_bar_ticks=1566 threshold=6000
[MOVE_SUB_C] [06:48:36] FIRESTORM_GATE_BLOCK DCOY setup=move_strike prior_bar_ticks=1566 threshold=6000
[MOVE_SUB_C] [06:48:36] FIRESTORM_GATE_BLOCK DCOY setup=move_strike prior_bar_ticks=1566 threshold=6000
[MOVE_SUB_C] [06:48:36] FIRESTORM_GATE_BLOCK DCOY setup=move_strike prior_bar_ticks=1566 threshold=6000
[MOVE_SUB_C] [06:48:36] FIRESTORM_GATE_BLOCK DCOY setup=move_strike prior_bar_ticks=1566 threshold=6000
[MOVE_SUB_C] [06:48:36] FIRESTORM_GATE_BLOCK DCOY setup=move_strike prior_bar_ticks=1566 threshold=6000
[MOVE_SUB_C] [06:48:36] FIRESTORM_GATE_BLOCK DCOY setup=move_strike prior_bar_ticks=1566 threshold=6000
[MOVE_SUB_C] [06:48:36] FIRESTORM_GATE_BLOCK DCOY setup=move_strike prior_bar_ticks=1566 threshold=6000
[MOVE_SUB_C] [06:48:36] FIRESTORM_GATE_BLOCK DCOY setup=move_strike prior_bar_ticks=1566 threshold=6000
[MOVE_SUB_C] [06:48:36] FIRESTORM_GATE_BLOCK DCOY setup=move_strike prior_bar_ticks=1566 threshold=6000
[MOVE_SUB_C] [06:48:36] FIRESTORM_GATE_BLOCK DCOY setup=move_strike prior_bar_ticks=1566 threshold=6000
[MOVE_SUB_C] [06:48:36] FIRESTORM_GATE_BLOCK DCOY setup=move_strike prior_bar_ticks=1566 threshold=6000
[MOVE_SUB_C] [06:48:36] FIRESTORM_GATE_BLOCK DCOY setup=move_strike prior_bar_ticks=1566 threshold=6000
[MOVE_SUB_C] [06:48:36] FIRESTORM_GATE_BLOCK DCOY setup=move_strike prior_bar_ticks=1566 threshold=6000
[MOVE_SUB_C] [06:48:36] FIRESTORM_GATE_BLOCK DCOY setup=move_strike prior_bar_ticks=1566 threshold=6000
[MOVE_SUB_C] [06:48:36] FIRESTORM_GATE_BLOCK DCOY setup=move_strike prior_bar_ticks=1566 threshold=6000
[MOVE_SUB_C] [06:48:36] FIRESTORM_GATE_BLOCK DCOY setup=move_strike prior_bar_ticks=1566 threshold=6000
[MOVE_SUB_C] [06:48:36] FIRESTORM_GATE_BLOCK DCOY setup=move_strike prior_bar_ticks=1566 threshold=6000
[MOVE_SUB_C] [06:48:36] FIRESTORM_GATE_BLOCK DCOY setup=move_strike prior_bar_ticks=1566 threshold=6000
[MOVE_SUB_C] [06:48:36] FIRESTORM_GATE_BLOCK DCOY setup=move_strike prior_bar_ticks=1566 threshold=6000
[MOVE_SUB_C] [06:48:36] FIRESTORM_GATE_BLOCK DCOY setup=move_strike prior_bar_ticks=1566 threshold=6000
[MOVE_SUB_C] [06:48:36] FIRESTORM_GATE_BLOCK DCOY setup=move_strike prior_bar_ticks=1566 threshold=6000
[MOVE_SUB_C] [06:48:36] FIRESTORM_GATE_BLOCK DCOY setup=move_strike prior_bar_ticks=1566 threshold=6000
[MOVE_SUB_C] [06:48:36] FIRESTORM_GATE_BLOCK DCOY setup=move_strike prior_bar_ticks=1566 threshold=6000
[MOVE_SUB_C] [06:48:36] FIRESTORM_GATE_BLOCK DCOY setup=move_strike prior_bar_ticks=1566 threshold=6000
[MOVE_SUB_C] [06:48:36] FIRESTORM_GATE_BLOCK DCOY setup=move_strike prior_bar_ticks=1566 threshold=6000
[MOVE_SUB_C] [06:48:36] FIRESTORM_GATE_BLOCK DCOY setup=move_strike prior_bar_ticks=1566 threshold=6000
[MOVE_SUB_C] [06:48:36] FIRESTORM_GATE_BLOCK DCOY setup=move_strike prior_bar_ticks=1566 threshold=6000
[MOVE_SUB_C] [06:48:36] FIRESTORM_GATE_BLOCK DCOY setup=move_strike prior_bar_ticks=1566 threshold=6000
[MOVE_SUB_C] [06:48:36] FIRESTORM_GATE_BLOCK DCOY setup=move_strike prior_bar_ticks=1566 threshold=6000
[MOVE_SUB_C] [06:48:36] FIRESTORM_GATE_BLOCK DCOY setup=move_strike prior_bar_ticks=1566 threshold=6000
[MOVE_SUB_C] [06:48:36] FIRESTORM_GATE_BLOCK DCOY setup=move_strike prior_bar_ticks=1566 threshold=6000
[MOVE_SUB_C] [06:48:36] FIRESTORM_GATE_BLOCK DCOY setup=move_strike prior_bar_ticks=1566 threshold=6000
[MOVE_SUB_C] [06:48:36] FIRESTORM_GATE_BLOCK DCOY setup=move_strike prior_bar_ticks=1566 threshold=6000
[MOVE_SUB_C] [06:48:36] FIRESTORM_GATE_BLOCK DCOY setup=move_strike prior_bar_ticks=1566 threshold=6000
[MOVE_SUB_C] [06:48:36] FIRESTORM_GATE_BLOCK DCOY setup=move_strike prior_bar_ticks=1566 threshold=6000
[MOVE_SUB_C] [06:48:36] FIRESTORM_GATE_BLOCK DCOY setup=move_strike prior_bar_ticks=1566 threshold=6000
[MOVE_SUB_C] [06:48:36] FIRESTORM_GATE_BLOCK DCOY setup=move_strike prior_bar_ticks=1566 threshold=6000
[MOVE_SUB_C] [06:48:36] FIRESTORM_GATE_BLOCK DCOY setup=move_strike prior_bar_ticks=1566 threshold=6000
[MOVE_SUB_C] [06:48:36] FIRESTORM_GATE_BLOCK DCOY setup=move_strike prior_bar_ticks=1566 threshold=6000
[MOVE_SUB_C] [06:48:36] FIRESTORM_GATE_BLOCK DCOY setup=move_strike prior_bar_ticks=1566 threshold=6000
[MOVE_SUB_C] [06:48:36] FIRESTORM_GATE_BLOCK DCOY setup=move_strike prior_bar_ticks=1566 threshold=6000
[MOVE_SUB_C] [06:48:36] FIRESTORM_GATE_BLOCK DCOY setup=move_strike prior_bar_ticks=1566 threshold=6000
[MOVE_SUB_C] [06:48:36] FIRESTORM_GATE_BLOCK DCOY setup=move_strike prior_bar_ticks=1566 threshold=6000
[MOVE_SUB_C] [06:48:36] FIRESTORM_GATE_BLOCK DCOY setup=move_strike prior_bar_ticks=1566 threshold=6000
[MOVE_SUB_C] [06:48:36] FIRESTORM_GATE_BLOCK DCOY setup=move_strike prior_bar_ticks=1566 threshold=6000
[MOVE_SUB_C] [06:48:36] FIRESTORM_GATE_BLOCK DCOY setup=move_strike prior_bar_ticks=1566 threshold=6000
[MOVE_SUB_C] [06:48:36] FIRESTORM_GATE_BLOCK DCOY setup=move_strike prior_bar_ticks=1566 threshold=6000
[MOVE_SUB_C] [06:48:36] FIRESTORM_GATE_BLOCK DCOY setup=move_strike prior_bar_ticks=1566 threshold=6000
[MOVE_SUB_C] [06:48:36] FIRESTORM_GATE_BLOCK DCOY setup=move_strike prior_bar_ticks=1566 threshold=6000
[MOVE_SUB_C] [06:48:36] FIRESTORM_GATE_BLOCK DCOY setup=move_strike prior_bar_ticks=1566 threshold=6000
[MOVE_SUB_C] [06:48:36] FIRESTORM_GATE_BLOCK DCOY setup=move_strike prior_bar_ticks=1566 threshold=6000
[MOVE_SUB_C] [06:48:36] FIRESTORM_GATE_BLOCK DCOY setup=move_strike prior_bar_ticks=1566 threshold=6000
[MOVE_SUB_C] [06:48:36] FIRESTORM_GATE_BLOCK DCOY setup=move_strike prior_bar_ticks=1566 threshold=6000
[MOVE_SUB_C] [06:48:36] FIRESTORM_GATE_BLOCK DCOY setup=move_strike prior_bar_ticks=1566 threshold=6000
[MOVE_SUB_C] [06:48:36] FIRESTORM_GATE_BLOCK DCOY setup=move_strike prior_bar_ticks=1566 threshold=6000
[MOVE_SUB_C] [06:48:36] FIRESTORM_GATE_BLOCK DCOY setup=move_strike prior_bar_ticks=1566 threshold=6000
[MOVE_SUB_C] [06:48:36] FIRESTORM_GATE_BLOCK DCOY setup=move_strike prior_bar_ticks=1566 threshold=6000
[MOVE_SUB_C] [06:48:36] FIRESTORM_GATE_BLOCK DCOY setup=move_strike prior_bar_ticks=1566 threshold=6000
[MOVE_SUB_C] [06:48:36] FIRESTORM_GATE_BLOCK DCOY setup=move_strike prior_bar_ticks=1566 threshold=6000
[MOVE_SUB_C] [06:48:36] FIRESTORM_GATE_BLOCK DCOY setup=move_strike prior_bar_ticks=1566 threshold=6000
[MOVE_SUB_C] [06:48:36] FIRESTORM_GATE_BLOCK DCOY setup=move_strike prior_bar_ticks=1566 threshold=6000
[MOVE_SUB_C] [06:48:36] FIRESTORM_GATE_BLOCK DCOY setup=move_strike prior_bar_ticks=1566 threshold=6000
[MOVE_SUB_C] [06:48:37] FIRESTORM_GATE_BLOCK DCOY setup=move_strike prior_bar_ticks=1566 threshold=6000
[MOVE_SUB_C] [06:48:37] FIRESTORM_GATE_BLOCK DCOY setup=move_strike prior_bar_ticks=1566 threshold=6000
[MOVE_SUB_C] [06:48:37] FIRESTORM_GATE_BLOCK DCOY setup=move_strike prior_bar_ticks=1566 threshold=6000
[MOVE_SUB_C] [06:48:37] FIRESTORM_GATE_BLOCK DCOY setup=move_strike prior_bar_ticks=1566 threshold=6000
[MOVE_SUB_C] [06:48:37] FIRESTORM_GATE_BLOCK DCOY setup=move_strike prior_bar_ticks=1566 threshold=6000
[MOVE_SUB_C] [06:48:37] FIRESTORM_GATE_BLOCK DCOY setup=move_strike prior_bar_ticks=1566 threshold=6000
[MOVE_SUB_C] [06:48:37] FIRESTORM_GATE_BLOCK DCOY setup=move_strike prior_bar_ticks=1566 threshold=6000
[MOVE_SUB_C] [06:48:37] FIRESTORM_GATE_BLOCK DCOY setup=move_strike prior_bar_ticks=1566 threshold=6000
[MOVE_SUB_C] [06:48:37] FIRESTORM_GATE_BLOCK DCOY setup=move_strike prior_bar_ticks=1566 threshold=6000
[MOVE_SUB_C] [06:48:37] FIRESTORM_GATE_BLOCK DCOY setup=move_strike prior_bar_ticks=1566 threshold=6000
[MOVE_SUB_C] [06:48:37] FIRESTORM_GATE_BLOCK DCOY setup=move_strike prior_bar_ticks=1566 threshold=6000
[MOVE_SUB_C] [06:48:37] FIRESTORM_GATE_BLOCK DCOY setup=move_strike prior_bar_ticks=1566 threshold=6000
[MOVE_SUB_C] [06:48:37] FIRESTORM_GATE_BLOCK DCOY setup=move_strike prior_bar_ticks=1566 threshold=6000
[MOVE_SUB_C] [06:48:37] FIRESTORM_GATE_BLOCK DCOY setup=move_strike prior_bar_ticks=1566 threshold=6000
[MOVE_SUB_C] [06:48:37] FIRESTORM_GATE_BLOCK DCOY setup=move_strike prior_bar_ticks=1566 threshold=6000
[MOVE_SUB_C] [06:48:37] FIRESTORM_GATE_BLOCK DCOY setup=move_strike prior_bar_ticks=1566 threshold=6000
[MOVE_SUB_C] [06:48:37] FIRESTORM_GATE_BLOCK DCOY setup=move_strike prior_bar_ticks=1566 threshold=6000
[MOVE_SUB_C] [06:48:37] FIRESTORM_GATE_BLOCK DCOY setup=move_strike prior_bar_ticks=1566 threshold=6000
[MOVE_SUB_C] [06:48:37] FIRESTORM_GATE_BLOCK DCOY setup=move_strike prior_bar_ticks=1566 threshold=6000
[MOVE_SUB_C] [06:48:37] FIRESTORM_GATE_BLOCK DCOY setup=move_strike prior_bar_ticks=1566 threshold=6000
[MOVE_SUB_C] [06:48:37] FIRESTORM_GATE_BLOCK DCOY setup=move_strike prior_bar_ticks=1566 threshold=6000
[MOVE_SUB_C] [06:48:37] FIRESTORM_GATE_BLOCK DCOY setup=move_strike prior_bar_ticks=1566 threshold=6000
[MOVE_SUB_C] [06:48:37] FIRESTORM_GATE_BLOCK DCOY setup=move_strike prior_bar_ticks=1566 threshold=6000
[MOVE_SUB_C] [06:48:37] FIRESTORM_GATE_BLOCK DCOY setup=move_strike prior_bar_ticks=1566 threshold=6000
[MOVE_SUB_C] [06:48:37] FIRESTORM_GATE_BLOCK DCOY setup=move_strike prior_bar_ticks=1566 threshold=6000
[MOVE_SUB_C] [06:48:37] FIRESTORM_GATE_BLOCK DCOY setup=move_strike prior_bar_ticks=1566 threshold=6000
[MOVE_SUB_C] [06:48:37] FIRESTORM_GATE_BLOCK DCOY setup=move_strike prior_bar_ticks=1566 threshold=6000
[MOVE_SUB_C] [06:48:37] FIRESTORM_GATE_BLOCK DCOY setup=move_strike prior_bar_ticks=1566 threshold=6000
[MOVE_SUB_C] [06:48:37] FIRESTORM_GATE_BLOCK DCOY setup=move_strike prior_bar_ticks=1566 threshold=6000
[MOVE_SUB_C] [06:48:37] FIRESTORM_GATE_BLOCK DCOY setup=move_strike prior_bar_ticks=1566 threshold=6000
[MOVE_SUB_C] [06:48:37] FIRESTORM_GATE_BLOCK DCOY setup=move_strike prior_bar_ticks=1566 threshold=6000
[MOVE_SUB_C] [06:48:37] FIRESTORM_GATE_BLOCK DCOY setup=move_strike prior_bar_ticks=1566 threshold=6000
[MOVE_SUB_C] [06:48:37] FIRESTORM_GATE_BLOCK DCOY setup=move_strike prior_bar_ticks=1566 threshold=6000
[MOVE_SUB_C] [06:48:37] FIRESTORM_GATE_BLOCK DCOY setup=move_strike prior_bar_ticks=1566 threshold=6000
[MOVE_SUB_C] [06:48:37] FIRESTORM_GATE_BLOCK DCOY setup=move_strike prior_bar_ticks=1566 threshold=6000
[MOVE_SUB_C] [06:48:37] FIRESTORM_GATE_BLOCK DCOY setup=move_strike prior_bar_ticks=1566 threshold=6000
[MOVE_SUB_C] [06:48:37] FIRESTORM_GATE_BLOCK DCOY setup=move_strike prior_bar_ticks=1566 threshold=6000
[MOVE_SUB_C] [06:48:37] FIRESTORM_GATE_BLOCK DCOY setup=move_strike prior_bar_ticks=1566 threshold=6000
[MOVE_SUB_C] [06:48:37] FIRESTORM_GATE_BLOCK DCOY setup=move_strike prior_bar_ticks=1566 threshold=6000
[MOVE_SUB_C] [06:48:37] FIRESTORM_GATE_BLOCK DCOY setup=move_strike prior_bar_ticks=1566 threshold=6000
[MOVE_SUB_C] [06:48:37] FIRESTORM_GATE_BLOCK DCOY setup=move_strike prior_bar_ticks=1566 threshold=6000
[MOVE_SUB_C] [06:48:37] FIRESTORM_GATE_BLOCK DCOY setup=move_strike prior_bar_ticks=1566 threshold=6000
[MOVE_SUB_C] [06:48:37] FIRESTORM_GATE_BLOCK DCOY setup=move_strike prior_bar_ticks=1566 threshold=6000
[MOVE_SUB_C] [06:48:37] FIRESTORM_GATE_BLOCK DCOY setup=move_strike prior_bar_ticks=1566 threshold=6000
[MOVE_SUB_C] [06:48:37] FIRESTORM_GATE_BLOCK DCOY setup=move_strike prior_bar_ticks=1566 threshold=6000
[MOVE_SUB_C] [06:48:37] FIRESTORM_GATE_BLOCK DCOY setup=move_strike prior_bar_ticks=1566 threshold=6000
[MOVE_SUB_C] [06:48:37] FIRESTORM_GATE_BLOCK DCOY setup=move_strike prior_bar_ticks=1566 threshold=6000
[MOVE_SUB_C] [06:48:37] FIRESTORM_GATE_BLOCK DCOY setup=move_strike prior_bar_ticks=1566 threshold=6000
[MOVE_SUB_C] [06:48:37] FIRESTORM_GATE_BLOCK DCOY setup=move_strike prior_bar_ticks=1566 threshold=6000
[MOVE_SUB_C] [06:48:37] FIRESTORM_GATE_BLOCK DCOY setup=move_strike prior_bar_ticks=1566 threshold=6000
[MOVE_SUB_C] [06:48:37] FIRESTORM_GATE_BLOCK DCOY setup=move_strike prior_bar_ticks=1566 threshold=6000
[MOVE_SUB_C] [06:48:37] FIRESTORM_GATE_BLOCK DCOY setup=move_strike prior_bar_ticks=1566 threshold=6000
[MOVE_SUB_C] [06:48:37] FIRESTORM_GATE_BLOCK DCOY setup=move_strike prior_bar_ticks=1566 threshold=6000
[MOVE_SUB_C] [06:48:37] FIRESTORM_GATE_BLOCK DCOY setup=move_strike prior_bar_ticks=1566 threshold=6000
[MOVE_SUB_C] [06:48:37] FIRESTORM_GATE_BLOCK DCOY setup=move_strike prior_bar_ticks=1566 threshold=6000
[MOVE_SUB_C] [06:48:37] FIRESTORM_GATE_BLOCK DCOY setup=move_strike prior_bar_ticks=1566 threshold=6000
[MOVE_SUB_C] [06:48:38] FIRESTORM_GATE_BLOCK DCOY setup=move_strike prior_bar_ticks=1566 threshold=6000
[MOVE_SUB_C] [06:48:38] FIRESTORM_GATE_BLOCK DCOY setup=move_strike prior_bar_ticks=1566 threshold=6000
[MOVE_SUB_C] [06:48:38] FIRESTORM_GATE_BLOCK DCOY setup=move_strike prior_bar_ticks=1566 threshold=6000
[MOVE_SUB_C] [06:48:38] FIRESTORM_GATE_BLOCK DCOY setup=move_strike prior_bar_ticks=1566 threshold=6000
[MOVE_SUB_C] [06:48:38] FIRESTORM_GATE_BLOCK DCOY setup=move_strike prior_bar_ticks=1566 threshold=6000
[MOVE_SUB_C] [06:48:38] FIRESTORM_GATE_BLOCK DCOY setup=move_strike prior_bar_ticks=1566 threshold=6000
[MOVE_SUB_C] [06:48:38] FIRESTORM_GATE_BLOCK DCOY setup=move_strike prior_bar_ticks=1566 threshold=6000
[MOVE_SUB_C] [06:48:38] FIRESTORM_GATE_BLOCK DCOY setup=move_strike prior_bar_ticks=1566 threshold=6000
[MOVE_SUB_C] [06:48:38] FIRESTORM_GATE_BLOCK DCOY setup=move_strike prior_bar_ticks=1566 threshold=6000
[MOVE_SUB_C] [06:48:38] FIRESTORM_GATE_BLOCK DCOY setup=move_strike prior_bar_ticks=1566 threshold=6000
[MOVE_SUB_C] [06:48:38] FIRESTORM_GATE_BLOCK DCOY setup=move_strike prior_bar_ticks=1566 threshold=6000
[MOVE_SUB_C] [06:48:38] FIRESTORM_GATE_BLOCK DCOY setup=move_strike prior_bar_ticks=1566 threshold=6000
[MOVE_SUB_C] [06:48:38] FIRESTORM_GATE_BLOCK DCOY setup=move_strike prior_bar_ticks=1566 threshold=6000
[MOVE_SUB_C] [06:48:38] FIRESTORM_GATE_BLOCK DCOY setup=move_strike prior_bar_ticks=1566 threshold=6000
[MOVE_SUB_C] [06:48:38] FIRESTORM_GATE_BLOCK DCOY setup=move_strike prior_bar_ticks=1566 threshold=6000
[MOVE_SUB_C] [06:48:38] FIRESTORM_GATE_BLOCK DCOY setup=move_strike prior_bar_ticks=1566 threshold=6000
[MOVE_SUB_C] [06:48:38] FIRESTORM_GATE_BLOCK DCOY setup=move_strike prior_bar_ticks=1566 threshold=6000
[MOVE_SUB_C] [06:48:38] FIRESTORM_GATE_BLOCK DCOY setup=move_strike prior_bar_ticks=1566 threshold=6000
[MOVE_SUB_C] [06:48:38] FIRESTORM_GATE_BLOCK DCOY setup=move_strike prior_bar_ticks=1566 threshold=6000
[MOVE_SUB_C] [06:48:38] FIRESTORM_GATE_BLOCK DCOY setup=move_strike prior_bar_ticks=1566 threshold=6000
[MOVE_SUB_C] [06:48:38] FIRESTORM_GATE_BLOCK DCOY setup=move_strike prior_bar_ticks=1566 threshold=6000
[MOVE_SUB_C] [06:48:38] FIRESTORM_GATE_BLOCK DCOY setup=move_strike prior_bar_ticks=1566 threshold=6000
[MOVE_SUB_C] [06:48:38] FIRESTORM_GATE_BLOCK DCOY setup=move_strike prior_bar_ticks=1566 threshold=6000
[MOVE_SUB_C] [06:48:38] FIRESTORM_GATE_BLOCK DCOY setup=move_strike prior_bar_ticks=1566 threshold=6000
[MOVE_SUB_C] [06:48:38] FIRESTORM_GATE_BLOCK DCOY setup=move_strike prior_bar_ticks=1566 threshold=6000
[MOVE_SUB_C] [06:48:38] FIRESTORM_GATE_BLOCK DCOY setup=move_strike prior_bar_ticks=1566 threshold=6000
[MOVE_SUB_C] [06:48:38] FIRESTORM_GATE_BLOCK DCOY setup=move_strike prior_bar_ticks=1566 threshold=6000
[MOVE_SUB_C] [06:48:38] FIRESTORM_GATE_BLOCK DCOY setup=move_strike prior_bar_ticks=1566 threshold=6000
[MOVE_SUB_C] [06:48:38] FIRESTORM_GATE_BLOCK DCOY setup=move_strike prior_bar_ticks=1566 threshold=6000
[MOVE_SUB_C] [06:48:38] FIRESTORM_GATE_BLOCK DCOY setup=move_strike prior_bar_ticks=1566 threshold=6000
[MOVE_SUB_C] [06:48:38] FIRESTORM_GATE_BLOCK DCOY setup=move_strike prior_bar_ticks=1566 threshold=6000
[MOVE_SUB_C] [06:48:38] FIRESTORM_GATE_BLOCK DCOY setup=move_strike prior_bar_ticks=1566 threshold=6000
[MOVE_SUB_C] [06:48:38] FIRESTORM_GATE_BLOCK DCOY setup=move_strike prior_bar_ticks=1566 threshold=6000
[MOVE_SUB_C] [06:48:38] FIRESTORM_GATE_BLOCK DCOY setup=move_strike prior_bar_ticks=1566 threshold=6000
[MOVE_SUB_C] [06:48:38] FIRESTORM_GATE_BLOCK DCOY setup=move_strike prior_bar_ticks=1566 threshold=6000
[MOVE_SUB_C] [06:48:38] FIRESTORM_GATE_BLOCK DCOY setup=move_strike prior_bar_ticks=1566 threshold=6000
[MOVE_SUB_C] [06:48:38] FIRESTORM_GATE_BLOCK DCOY setup=move_strike prior_bar_ticks=1566 threshold=6000
[MOVE_SUB_C] [06:48:38] FIRESTORM_GATE_BLOCK DCOY setup=move_strike prior_bar_ticks=1566 threshold=6000
[MOVE_SUB_C] [06:48:38] FIRESTORM_GATE_BLOCK DCOY setup=move_strike prior_bar_ticks=1566 threshold=6000
[MOVE_SUB_C] [06:48:38] FIRESTORM_GATE_BLOCK DCOY setup=move_strike prior_bar_ticks=1566 threshold=6000
[MOVE_SUB_C] [06:48:38] FIRESTORM_GATE_BLOCK DCOY setup=move_strike prior_bar_ticks=1566 threshold=6000
[MOVE_SUB_C] [06:48:38] FIRESTORM_GATE_BLOCK DCOY setup=move_strike prior_bar_ticks=1566 threshold=6000
[MOVE_SUB_C] [06:48:38] FIRESTORM_GATE_BLOCK DCOY setup=move_strike prior_bar_ticks=1566 threshold=6000
[MOVE_SUB_C] [06:48:38] FIRESTORM_GATE_BLOCK DCOY setup=move_strike prior_bar_ticks=1566 threshold=6000
[MOVE_SUB_C] [06:48:38] FIRESTORM_GATE_BLOCK DCOY setup=move_strike prior_bar_ticks=1566 threshold=6000
[MOVE_SUB_C] [06:48:38] FIRESTORM_GATE_BLOCK DCOY setup=move_strike prior_bar_ticks=1566 threshold=6000
[MOVE_SUB_C] [06:48:38] FIRESTORM_GATE_BLOCK DCOY setup=move_strike prior_bar_ticks=1566 threshold=6000
[MOVE_SUB_C] [06:48:38] FIRESTORM_GATE_BLOCK DCOY setup=move_strike prior_bar_ticks=1566 threshold=6000
[MOVE_SUB_C] [06:48:38] FIRESTORM_GATE_BLOCK DCOY setup=move_strike prior_bar_ticks=1566 threshold=6000
[MOVE_SUB_C] [06:48:38] FIRESTORM_GATE_BLOCK DCOY setup=move_strike prior_bar_ticks=1566 threshold=6000
[MOVE_SUB_C] [06:48:38] FIRESTORM_GATE_BLOCK DCOY setup=move_strike prior_bar_ticks=1566 threshold=6000
[MOVE_SUB_C] [06:48:38] FIRESTORM_GATE_BLOCK DCOY setup=move_strike prior_bar_ticks=1566 threshold=6000
[MOVE_SUB_C] [06:48:38] FIRESTORM_GATE_BLOCK DCOY setup=move_strike prior_bar_ticks=1566 threshold=6000
[MOVE_SUB_C] [06:48:38] FIRESTORM_GATE_BLOCK DCOY setup=move_strike prior_bar_ticks=1566 threshold=6000
[MOVE_SUB_C] [06:48:38] FIRESTORM_GATE_BLOCK DCOY setup=move_strike prior_bar_ticks=1566 threshold=6000
[MOVE_SUB_C] [06:48:38] FIRESTORM_GATE_BLOCK DCOY setup=move_strike prior_bar_ticks=1566 threshold=6000
[MOVE_SUB_C] [06:48:38] FIRESTORM_GATE_BLOCK DCOY setup=move_strike prior_bar_ticks=1566 threshold=6000
[MOVE_SUB_C] [06:48:38] FIRESTORM_GATE_BLOCK DCOY setup=move_strike prior_bar_ticks=1566 threshold=6000
[MOVE_SUB_C] [06:48:38] FIRESTORM_GATE_BLOCK DCOY setup=move_strike prior_bar_ticks=1566 threshold=6000
[MOVE_SUB_C] [06:48:38] FIRESTORM_GATE_BLOCK DCOY setup=move_strike prior_bar_ticks=1566 threshold=6000
[MOVE_SUB_C] [06:48:38] FIRESTORM_GATE_BLOCK DCOY setup=move_strike prior_bar_ticks=1566 threshold=6000
[MOVE_SUB_C] [06:48:38] FIRESTORM_GATE_BLOCK DCOY setup=move_strike prior_bar_ticks=1566 threshold=6000
[MOVE_SUB_C] [06:48:38] FIRESTORM_GATE_BLOCK DCOY setup=move_strike prior_bar_ticks=1566 threshold=6000
[MOVE_SUB_C] [06:48:38] FIRESTORM_GATE_BLOCK DCOY setup=move_strike prior_bar_ticks=1566 threshold=6000
[MOVE_SUB_C] [06:48:38] FIRESTORM_GATE_BLOCK DCOY setup=move_strike prior_bar_ticks=1566 threshold=6000
[MOVE_SUB_C] [06:48:38] FIRESTORM_GATE_BLOCK DCOY setup=move_strike prior_bar_ticks=1566 threshold=6000
[MOVE_SUB_C] [06:48:38] FIRESTORM_GATE_BLOCK DCOY setup=move_strike prior_bar_ticks=1566 threshold=6000
[MOVE_SUB_C] [06:48:38] FIRESTORM_GATE_BLOCK DCOY setup=move_strike prior_bar_ticks=1566 threshold=6000
[MOVE_SUB_C] [06:48:38] FIRESTORM_GATE_BLOCK DCOY setup=move_strike prior_bar_ticks=1566 threshold=6000
[MOVE_SUB_C] [06:48:38] FIRESTORM_GATE_BLOCK DCOY setup=move_strike prior_bar_ticks=1566 threshold=6000
[MOVE_SUB_C] [06:48:38] FIRESTORM_GATE_BLOCK DCOY setup=move_strike prior_bar_ticks=1566 threshold=6000
[MOVE_SUB_C] [06:48:38] FIRESTORM_GATE_BLOCK DCOY setup=move_strike prior_bar_ticks=1566 threshold=6000
[MOVE_SUB_C] [06:48:38] FIRESTORM_GATE_BLOCK DCOY setup=move_strike prior_bar_ticks=1566 threshold=6000
[MOVE_SUB_C] [06:48:38] FIRESTORM_GATE_BLOCK DCOY setup=move_strike prior_bar_ticks=1566 threshold=6000
[MOVE_SUB_C] [06:48:38] FIRESTORM_GATE_BLOCK DCOY setup=move_strike prior_bar_ticks=1566 threshold=6000
[MOVE_SUB_C] [06:48:38] FIRESTORM_GATE_BLOCK DCOY setup=move_strike prior_bar_ticks=1566 threshold=6000
[MOVE_SUB_C] [06:48:38] FIRESTORM_GATE_BLOCK DCOY setup=move_strike prior_bar_ticks=1566 threshold=6000
[MOVE_SUB_C] [06:48:38] FIRESTORM_GATE_BLOCK DCOY setup=move_strike prior_bar_ticks=1566 threshold=6000
[MOVE_SUB_C] [06:48:38] FIRESTORM_GATE_BLOCK DCOY setup=move_strike prior_bar_ticks=1566 threshold=6000
[MOVE_SUB_C] [06:48:38] FIRESTORM_GATE_BLOCK DCOY setup=move_strike prior_bar_ticks=1566 threshold=6000
[MOVE_SUB_C] [06:48:38] FIRESTORM_GATE_BLOCK DCOY setup=move_strike prior_bar_ticks=1566 threshold=6000
[MOVE_SUB_C] [06:48:38] FIRESTORM_GATE_BLOCK DCOY setup=move_strike prior_bar_ticks=1566 threshold=6000
[MOVE_SUB_C] [06:48:38] FIRESTORM_GATE_BLOCK DCOY setup=move_strike prior_bar_ticks=1566 threshold=6000
[MOVE_SUB_C] [06:48:38] FIRESTORM_GATE_BLOCK DCOY setup=move_strike prior_bar_ticks=1566 threshold=6000
[MOVE_SUB_C] [06:48:38] FIRESTORM_GATE_BLOCK DCOY setup=move_strike prior_bar_ticks=1566 threshold=6000
[MOVE_SUB_C] [06:48:38] FIRESTORM_GATE_BLOCK DCOY setup=move_strike prior_bar_ticks=1566 threshold=6000
[MOVE_SUB_C] [06:48:38] FIRESTORM_GATE_BLOCK DCOY setup=move_strike prior_bar_ticks=1566 threshold=6000
[MOVE_SUB_C] [06:48:38] FIRESTORM_GATE_BLOCK DCOY setup=move_strike prior_bar_ticks=1566 threshold=6000
[MOVE_SUB_C] [06:48:38] FIRESTORM_GATE_BLOCK DCOY setup=move_strike prior_bar_ticks=1566 threshold=6000
[MOVE_SUB_C] [06:48:38] FIRESTORM_GATE_BLOCK DCOY setup=move_strike prior_bar_ticks=1566 threshold=6000
[MOVE_SUB_C] [06:48:38] FIRESTORM_GATE_BLOCK DCOY setup=move_strike prior_bar_ticks=1566 threshold=6000
[MOVE_SUB_C] [06:48:38] FIRESTORM_GATE_BLOCK DCOY setup=move_strike prior_bar_ticks=1566 threshold=6000
[MOVE_SUB_C] [06:48:38] FIRESTORM_GATE_BLOCK DCOY setup=move_strike prior_bar_ticks=1566 threshold=6000
[MOVE_SUB_C] [06:48:38] FIRESTORM_GATE_BLOCK DCOY setup=move_strike prior_bar_ticks=1566 threshold=6000
[MOVE_SUB_C] [06:48:38] FIRESTORM_GATE_BLOCK DCOY setup=move_strike prior_bar_ticks=1566 threshold=6000
[MOVE_SUB_C] [06:48:38] FIRESTORM_GATE_BLOCK DCOY setup=move_strike prior_bar_ticks=1566 threshold=6000
[MOVE_SUB_C] [06:48:38] FIRESTORM_GATE_BLOCK DCOY setup=move_strike prior_bar_ticks=1566 threshold=6000
[MOVE_SUB_C] [06:48:38] FIRESTORM_GATE_BLOCK DCOY setup=move_strike prior_bar_ticks=1566 threshold=6000
[MOVE_SUB_C] [06:48:38] FIRESTORM_GATE_BLOCK DCOY setup=move_strike prior_bar_ticks=1566 threshold=6000
[MOVE_SUB_C] [06:48:38] FIRESTORM_GATE_BLOCK DCOY setup=move_strike prior_bar_ticks=1566 threshold=6000
[MOVE_SUB_C] [06:48:38] FIRESTORM_GATE_BLOCK DCOY setup=move_strike prior_bar_ticks=1566 threshold=6000
[MOVE_SUB_C] [06:48:38] FIRESTORM_GATE_BLOCK DCOY setup=move_strike prior_bar_ticks=1566 threshold=6000
[MOVE_SUB_C] [06:48:38] FIRESTORM_GATE_BLOCK DCOY setup=move_strike prior_bar_ticks=1566 threshold=6000
[MOVE_SUB_C] [06:48:38] FIRESTORM_GATE_BLOCK DCOY setup=move_strike prior_bar_ticks=1566 threshold=6000
[MOVE_SUB_C] [06:48:38] FIRESTORM_GATE_BLOCK DCOY setup=move_strike prior_bar_ticks=1566 threshold=6000
[MOVE_SUB_C] [06:48:38] FIRESTORM_GATE_BLOCK DCOY setup=move_strike prior_bar_ticks=1566 threshold=6000
[MOVE_SUB_C] [06:48:38] FIRESTORM_GATE_BLOCK DCOY setup=move_strike prior_bar_ticks=1566 threshold=6000
[MOVE_SUB_C] [06:48:38] FIRESTORM_GATE_BLOCK DCOY setup=move_strike prior_bar_ticks=1566 threshold=6000
[MOVE_SUB_C] [06:48:38] FIRESTORM_GATE_BLOCK DCOY setup=move_strike prior_bar_ticks=1566 threshold=6000
[MOVE_SUB_C] [06:48:38] FIRESTORM_GATE_BLOCK DCOY setup=move_strike prior_bar_ticks=1566 threshold=6000
[MOVE_SUB_C] [06:48:38] FIRESTORM_GATE_BLOCK DCOY setup=move_strike prior_bar_ticks=1566 threshold=6000
[MOVE_SUB_C] [06:48:38] FIRESTORM_GATE_BLOCK DCOY setup=move_strike prior_bar_ticks=1566 threshold=6000
[MOVE_SUB_C] [06:48:38] FIRESTORM_GATE_BLOCK DCOY setup=move_strike prior_bar_ticks=1566 threshold=6000
[MOVE_SUB_C] [06:48:38] FIRESTORM_GATE_BLOCK DCOY setup=move_strike prior_bar_ticks=1566 threshold=6000
[MOVE_SUB_C] [06:48:38] FIRESTORM_GATE_BLOCK DCOY setup=move_strike prior_bar_ticks=1566 threshold=6000
[MOVE_SUB_C] [06:48:38] FIRESTORM_GATE_BLOCK DCOY setup=move_strike prior_bar_ticks=1566 threshold=6000
[MOVE_SUB_C] [06:48:38] FIRESTORM_GATE_BLOCK DCOY setup=move_strike prior_bar_ticks=1566 threshold=6000
[MOVE_SUB_C] [06:48:38] FIRESTORM_GATE_BLOCK DCOY setup=move_strike prior_bar_ticks=1566 threshold=6000
[MOVE_SUB_C] [06:48:38] FIRESTORM_GATE_BLOCK DCOY setup=move_strike prior_bar_ticks=1566 threshold=6000
[MOVE_SUB_C] [06:48:38] FIRESTORM_GATE_BLOCK DCOY setup=move_strike prior_bar_ticks=1566 threshold=6000
[MOVE_SUB_C] [06:48:38] FIRESTORM_GATE_BLOCK DCOY setup=move_strike prior_bar_ticks=1566 threshold=6000
[MOVE_SUB_C] [06:48:38] FIRESTORM_GATE_BLOCK DCOY setup=move_strike prior_bar_ticks=1566 threshold=6000
[MOVE_SUB_C] [06:48:38] FIRESTORM_GATE_BLOCK DCOY setup=move_strike prior_bar_ticks=1566 threshold=6000
[MOVE_SUB_C] [06:48:38] FIRESTORM_GATE_BLOCK DCOY setup=move_strike prior_bar_ticks=1566 threshold=6000
[MOVE_SUB_C] [06:48:38] FIRESTORM_GATE_BLOCK DCOY setup=move_strike prior_bar_ticks=1566 threshold=6000
[MOVE_SUB_C] [06:48:38] FIRESTORM_GATE_BLOCK DCOY setup=move_strike prior_bar_ticks=1566 threshold=6000
[MOVE_SUB_C] [06:48:38] FIRESTORM_GATE_BLOCK DCOY setup=move_strike prior_bar_ticks=1566 threshold=6000
[MOVE_SUB_C] [06:48:38] FIRESTORM_GATE_BLOCK DCOY setup=move_strike prior_bar_ticks=1566 threshold=6000
[MOVE_SUB_C] [06:48:38] FIRESTORM_GATE_BLOCK DCOY setup=move_strike prior_bar_ticks=1566 threshold=6000
[MOVE_SUB_C] [06:48:38] FIRESTORM_GATE_BLOCK DCOY setup=move_strike prior_bar_ticks=1566 threshold=6000
[MOVE_SUB_C] [06:48:38] FIRESTORM_GATE_BLOCK DCOY setup=move_strike prior_bar_ticks=1566 threshold=6000
[MOVE_SUB_C] [06:48:38] FIRESTORM_GATE_BLOCK DCOY setup=move_strike prior_bar_ticks=1566 threshold=6000
[MOVE_SUB_C] [06:48:38] FIRESTORM_GATE_BLOCK DCOY setup=move_strike prior_bar_ticks=1566 threshold=6000
[MOVE_SUB_C] [06:48:38] FIRESTORM_GATE_BLOCK DCOY setup=move_strike prior_bar_ticks=1566 threshold=6000
[MOVE_SUB_C] [06:48:38] FIRESTORM_GATE_BLOCK DCOY setup=move_strike prior_bar_ticks=1566 threshold=6000
[MOVE_SUB_C] [06:48:38] FIRESTORM_GATE_BLOCK DCOY setup=move_strike prior_bar_ticks=1566 threshold=6000
[MOVE_SUB_C] [06:48:38] FIRESTORM_GATE_BLOCK DCOY setup=move_strike prior_bar_ticks=1566 threshold=6000
[MOVE_SUB_C] [06:48:38] FIRESTORM_GATE_BLOCK DCOY setup=move_strike prior_bar_ticks=1566 threshold=6000
[MOVE_SUB_C] [06:48:38] FIRESTORM_GATE_BLOCK DCOY setup=move_strike prior_bar_ticks=1566 threshold=6000
[MOVE_SUB_C] [06:48:38] FIRESTORM_GATE_BLOCK DCOY setup=move_strike prior_bar_ticks=1566 threshold=6000
[MOVE_SUB_C] [06:48:38] FIRESTORM_GATE_BLOCK DCOY setup=move_strike prior_bar_ticks=1566 threshold=6000
[MOVE_SUB_C] [06:48:38] FIRESTORM_GATE_BLOCK DCOY setup=move_strike prior_bar_ticks=1566 threshold=6000
[MOVE_SUB_C] [06:48:38] FIRESTORM_GATE_BLOCK DCOY setup=move_strike prior_bar_ticks=1566 threshold=6000
[MOVE_SUB_C] [06:48:38] FIRESTORM_GATE_BLOCK DCOY setup=move_strike prior_bar_ticks=1566 threshold=6000
[MOVE_SUB_C] [06:48:38] FIRESTORM_GATE_BLOCK DCOY setup=move_strike prior_bar_ticks=1566 threshold=6000
[MOVE_SUB_C] [06:48:38] FIRESTORM_GATE_BLOCK DCOY setup=move_strike prior_bar_ticks=1566 threshold=6000
[MOVE_SUB_C] [06:48:38] FIRESTORM_GATE_BLOCK DCOY setup=move_strike prior_bar_ticks=1566 threshold=6000
[MOVE_SUB_C] [06:48:38] FIRESTORM_GATE_BLOCK DCOY setup=move_strike prior_bar_ticks=1566 threshold=6000
[MOVE_SUB_C] [06:48:38] FIRESTORM_GATE_BLOCK DCOY setup=move_strike prior_bar_ticks=1566 threshold=6000
[MOVE_SUB_C] [06:48:38] FIRESTORM_GATE_BLOCK DCOY setup=move_strike prior_bar_ticks=1566 threshold=6000
[MOVE_SUB_C] [06:48:38] FIRESTORM_GATE_BLOCK DCOY setup=move_strike prior_bar_ticks=1566 threshold=6000
[MOVE_SUB_C] [06:48:38] FIRESTORM_GATE_BLOCK DCOY setup=move_strike prior_bar_ticks=1566 threshold=6000
[MOVE_SUB_C] [06:48:38] FIRESTORM_GATE_BLOCK DCOY setup=move_strike prior_bar_ticks=1566 threshold=6000
[MOVE_SUB_C] [06:48:38] FIRESTORM_GATE_BLOCK DCOY setup=move_strike prior_bar_ticks=1566 threshold=6000
[MOVE_SUB_C] [06:48:38] FIRESTORM_GATE_BLOCK DCOY setup=move_strike prior_bar_ticks=1566 threshold=6000
[MOVE_SUB_C] [06:48:38] FIRESTORM_GATE_BLOCK DCOY setup=move_strike prior_bar_ticks=1566 threshold=6000
[MOVE_SUB_C] [06:48:38] FIRESTORM_GATE_BLOCK DCOY setup=move_strike prior_bar_ticks=1566 threshold=6000
[MOVE_SUB_C] [06:48:38] FIRESTORM_GATE_BLOCK DCOY setup=move_strike prior_bar_ticks=1566 threshold=6000
[MOVE_SUB_C] [06:48:38] FIRESTORM_GATE_BLOCK DCOY setup=move_strike prior_bar_ticks=1566 threshold=6000
[MOVE_SUB_C] [06:48:38] FIRESTORM_GATE_BLOCK DCOY setup=move_strike prior_bar_ticks=1566 threshold=6000
[MOVE_SUB_C] [06:48:38] FIRESTORM_GATE_BLOCK DCOY setup=move_strike prior_bar_ticks=1566 threshold=6000
[MOVE_SUB_C] [06:48:38] FIRESTORM_GATE_BLOCK DCOY setup=move_strike prior_bar_ticks=1566 threshold=6000
[MOVE_SUB_C] [06:48:38] FIRESTORM_GATE_BLOCK DCOY setup=move_strike prior_bar_ticks=1566 threshold=6000
[MOVE_SUB_C] [06:48:38] FIRESTORM_GATE_BLOCK DCOY setup=move_strike prior_bar_ticks=1566 threshold=6000
[MOVE_SUB_C] [06:48:38] FIRESTORM_GATE_BLOCK DCOY setup=move_strike prior_bar_ticks=1566 threshold=6000
[MOVE_SUB_C] [06:48:38] FIRESTORM_GATE_BLOCK DCOY setup=move_strike prior_bar_ticks=1566 threshold=6000
[MOVE_SUB_C] [06:48:38] FIRESTORM_GATE_BLOCK DCOY setup=move_strike prior_bar_ticks=1566 threshold=6000
[MOVE_SUB_C] [06:48:38] FIRESTORM_GATE_BLOCK DCOY setup=move_strike prior_bar_ticks=1566 threshold=6000
[MOVE_SUB_C] [06:48:38] FIRESTORM_GATE_BLOCK DCOY setup=move_strike prior_bar_ticks=1566 threshold=6000
[MOVE_SUB_C] [06:48:38] FIRESTORM_GATE_BLOCK DCOY setup=move_strike prior_bar_ticks=1566 threshold=6000
[MOVE_SUB_C] [06:48:38] FIRESTORM_GATE_BLOCK DCOY setup=move_strike prior_bar_ticks=1566 threshold=6000
[MOVE_SUB_C] [06:48:38] FIRESTORM_GATE_BLOCK DCOY setup=move_strike prior_bar_ticks=1566 threshold=6000
[MOVE_SUB_C] [06:48:38] FIRESTORM_GATE_BLOCK DCOY setup=move_strike prior_bar_ticks=1566 threshold=6000
[MOVE_SUB_C] [06:48:38] FIRESTORM_GATE_BLOCK DCOY setup=move_strike prior_bar_ticks=1566 threshold=6000
[MOVE_SUB_C] [06:48:38] FIRESTORM_GATE_BLOCK DCOY setup=move_strike prior_bar_ticks=1566 threshold=6000
[MOVE_SUB_C] [06:48:38] FIRESTORM_GATE_BLOCK DCOY setup=move_strike prior_bar_ticks=1566 threshold=6000
[MOVE_SUB_C] [06:48:38] FIRESTORM_GATE_BLOCK DCOY setup=move_strike prior_bar_ticks=1566 threshold=6000
[MOVE_SUB_C] [06:48:38] FIRESTORM_GATE_BLOCK DCOY setup=move_strike prior_bar_ticks=1566 threshold=6000
[MOVE_SUB_C] [06:48:38] FIRESTORM_GATE_BLOCK DCOY setup=move_strike prior_bar_ticks=1566 threshold=6000
[MOVE_SUB_C] [06:48:38] FIRESTORM_GATE_BLOCK DCOY setup=move_strike prior_bar_ticks=1566 threshold=6000
[MOVE_SUB_C] [06:48:38] FIRESTORM_GATE_BLOCK DCOY setup=move_strike prior_bar_ticks=1566 threshold=6000
[MOVE_SUB_C] [06:48:38] FIRESTORM_GATE_BLOCK DCOY setup=move_strike prior_bar_ticks=1566 threshold=6000
[MOVE_SUB_C] [06:48:38] FIRESTORM_GATE_BLOCK DCOY setup=move_strike prior_bar_ticks=1566 threshold=6000
[MOVE_SUB_C] [06:48:38] FIRESTORM_GATE_BLOCK DCOY setup=move_strike prior_bar_ticks=1566 threshold=6000
[MOVE_SUB_C] [06:48:38] FIRESTORM_GATE_BLOCK DCOY setup=move_strike prior_bar_ticks=1566 threshold=6000
[MOVE_SUB_C] [06:48:38] FIRESTORM_GATE_BLOCK DCOY setup=move_strike prior_bar_ticks=1566 threshold=6000
[MOVE_SUB_C] [06:48:38] FIRESTORM_GATE_BLOCK DCOY setup=move_strike prior_bar_ticks=1566 threshold=6000
[MOVE_SUB_C] [06:48:38] FIRESTORM_GATE_BLOCK DCOY setup=move_strike prior_bar_ticks=1566 threshold=6000
[MOVE_SUB_C] [06:48:38] FIRESTORM_GATE_BLOCK DCOY setup=move_strike prior_bar_ticks=1566 threshold=6000
[MOVE_SUB_C] [06:48:38] FIRESTORM_GATE_BLOCK DCOY setup=move_strike prior_bar_ticks=1566 threshold=6000
[MOVE_SUB_C] [06:48:38] FIRESTORM_GATE_BLOCK DCOY setup=move_strike prior_bar_ticks=1566 threshold=6000
[MOVE_SUB_C] [06:48:38] FIRESTORM_GATE_BLOCK DCOY setup=move_strike prior_bar_ticks=1566 threshold=6000
[MOVE_SUB_C] [06:48:38] FIRESTORM_GATE_BLOCK DCOY setup=move_strike prior_bar_ticks=1566 threshold=6000
[MOVE_SUB_C] [06:48:38] FIRESTORM_GATE_BLOCK DCOY setup=move_strike prior_bar_ticks=1566 threshold=6000
[MOVE_SUB_C] [06:48:38] FIRESTORM_GATE_BLOCK DCOY setup=move_strike prior_bar_ticks=1566 threshold=6000
[MOVE_SUB_C] [06:48:38] FIRESTORM_GATE_BLOCK DCOY setup=move_strike prior_bar_ticks=1566 threshold=6000
[MOVE_SUB_C] [06:48:38] FIRESTORM_GATE_BLOCK DCOY setup=move_strike prior_bar_ticks=1566 threshold=6000
[MOVE_SUB_C] [06:48:38] FIRESTORM_GATE_BLOCK DCOY setup=move_strike prior_bar_ticks=1566 threshold=6000
[MOVE_SUB_C] [06:48:38] FIRESTORM_GATE_BLOCK DCOY setup=move_strike prior_bar_ticks=1566 threshold=6000
[MOVE_SUB_C] [06:48:38] FIRESTORM_GATE_BLOCK DCOY setup=move_strike prior_bar_ticks=1566 threshold=6000
[MOVE_SUB_C] [06:48:38] FIRESTORM_GATE_BLOCK DCOY setup=move_strike prior_bar_ticks=1566 threshold=6000
[MOVE_SUB_C] [06:48:38] FIRESTORM_GATE_BLOCK DCOY setup=move_strike prior_bar_ticks=1566 threshold=6000
[MOVE_SUB_C] [06:48:38] FIRESTORM_GATE_BLOCK DCOY setup=move_strike prior_bar_ticks=1566 threshold=6000
[MOVE_SUB_C] [06:48:38] FIRESTORM_GATE_BLOCK DCOY setup=move_strike prior_bar_ticks=1566 threshold=6000
[MOVE_SUB_C] [06:48:38] FIRESTORM_GATE_BLOCK DCOY setup=move_strike prior_bar_ticks=1566 threshold=6000
[MOVE_SUB_C] [06:48:38] FIRESTORM_GATE_BLOCK DCOY setup=move_strike prior_bar_ticks=1566 threshold=6000
[MOVE_SUB_C] [06:48:38] FIRESTORM_GATE_BLOCK DCOY setup=move_strike prior_bar_ticks=1566 threshold=6000
[MOVE_SUB_C] [06:48:38] FIRESTORM_GATE_BLOCK DCOY setup=move_strike prior_bar_ticks=1566 threshold=6000
[MOVE_SUB_C] [06:48:38] FIRESTORM_GATE_BLOCK DCOY setup=move_strike prior_bar_ticks=1566 threshold=6000
[MOVE_SUB_C] [06:48:38] FIRESTORM_GATE_BLOCK DCOY setup=move_strike prior_bar_ticks=1566 threshold=6000
[MOVE_SUB_C] [06:48:38] FIRESTORM_GATE_BLOCK DCOY setup=move_strike prior_bar_ticks=1566 threshold=6000
[MOVE_SUB_C] [06:48:38] FIRESTORM_GATE_BLOCK DCOY setup=move_strike prior_bar_ticks=1566 threshold=6000
[MOVE_SUB_C] [06:48:38] FIRESTORM_GATE_BLOCK DCOY setup=move_strike prior_bar_ticks=1566 threshold=6000
[MOVE_SUB_C] [06:48:38] FIRESTORM_GATE_BLOCK DCOY setup=move_strike prior_bar_ticks=1566 threshold=6000
[MOVE_SUB_C] [06:48:39] FIRESTORM_GATE_BLOCK DCOY setup=move_strike prior_bar_ticks=1566 threshold=6000
[MOVE_SUB_C] [06:48:39] FIRESTORM_GATE_BLOCK DCOY setup=move_strike prior_bar_ticks=1566 threshold=6000
[MOVE_SUB_C] [06:48:39] FIRESTORM_GATE_BLOCK DCOY setup=move_strike prior_bar_ticks=1566 threshold=6000
[MOVE_SUB_C] [06:48:39] FIRESTORM_GATE_BLOCK DCOY setup=move_strike prior_bar_ticks=1566 threshold=6000
[MOVE_SUB_C] [06:48:39] FIRESTORM_GATE_BLOCK DCOY setup=move_strike prior_bar_ticks=1566 threshold=6000
[MOVE_SUB_C] [06:48:39] FIRESTORM_GATE_BLOCK DCOY setup=move_strike prior_bar_ticks=1566 threshold=6000
[MOVE_SUB_C] [06:48:39] FIRESTORM_GATE_BLOCK DCOY setup=move_strike prior_bar_ticks=1566 threshold=6000
[MOVE_SUB_C] [06:48:39] FIRESTORM_GATE_BLOCK DCOY setup=move_strike prior_bar_ticks=1566 threshold=6000
[MOVE_SUB_C] [06:48:39] FIRESTORM_GATE_BLOCK DCOY setup=move_strike prior_bar_ticks=1566 threshold=6000
[MOVE_SUB_C] [06:48:39] FIRESTORM_GATE_BLOCK DCOY setup=move_strike prior_bar_ticks=1566 threshold=6000
[MOVE_SUB_C] [06:48:39] FIRESTORM_GATE_BLOCK DCOY setup=move_strike prior_bar_ticks=1566 threshold=6000
[MOVE_SUB_C] [06:48:39] FIRESTORM_GATE_BLOCK DCOY setup=move_strike prior_bar_ticks=1566 threshold=6000
[MOVE_SUB_C] [06:48:39] FIRESTORM_GATE_BLOCK DCOY setup=move_strike prior_bar_ticks=1566 threshold=6000
[MOVE_SUB_C] [06:48:39] FIRESTORM_GATE_BLOCK DCOY setup=move_strike prior_bar_ticks=1566 threshold=6000
[MOVE_SUB_C] [06:48:39] FIRESTORM_GATE_BLOCK DCOY setup=move_strike prior_bar_ticks=1566 threshold=6000
[MOVE_SUB_C] [06:48:39] FIRESTORM_GATE_BLOCK DCOY setup=move_strike prior_bar_ticks=1566 threshold=6000
[MOVE_SUB_C] [06:48:39] FIRESTORM_GATE_BLOCK DCOY setup=move_strike prior_bar_ticks=1566 threshold=6000
[MOVE_SUB_C] [06:48:39] FIRESTORM_GATE_BLOCK DCOY setup=move_strike prior_bar_ticks=1566 threshold=6000
[MOVE_SUB_C] [06:48:39] FIRESTORM_GATE_BLOCK DCOY setup=move_strike prior_bar_ticks=1566 threshold=6000
[MOVE_SUB_C] [06:48:39] FIRESTORM_GATE_BLOCK DCOY setup=move_strike prior_bar_ticks=1566 threshold=6000
[MOVE_SUB_C] [06:48:39] FIRESTORM_GATE_BLOCK DCOY setup=move_strike prior_bar_ticks=1566 threshold=6000
[MOVE_SUB_C] [06:48:39] FIRESTORM_GATE_BLOCK DCOY setup=move_strike prior_bar_ticks=1566 threshold=6000
[MOVE_SUB_C] [06:48:39] FIRESTORM_GATE_BLOCK DCOY setup=move_strike prior_bar_ticks=1566 threshold=6000
[MOVE_SUB_C] [06:48:39] FIRESTORM_GATE_BLOCK DCOY setup=move_strike prior_bar_ticks=1566 threshold=6000
[MOVE_SUB_C] [06:48:39] FIRESTORM_GATE_BLOCK DCOY setup=move_strike prior_bar_ticks=1566 threshold=6000
[MOVE_SUB_C] [06:48:39] FIRESTORM_GATE_BLOCK DCOY setup=move_strike prior_bar_ticks=1566 threshold=6000
[MOVE_SUB_C] [06:48:39] FIRESTORM_GATE_BLOCK DCOY setup=move_strike prior_bar_ticks=1566 threshold=6000
[MOVE_SUB_C] [06:48:39] FIRESTORM_GATE_BLOCK DCOY setup=move_strike prior_bar_ticks=1566 threshold=6000
[MOVE_SUB_C] [06:48:39] FIRESTORM_GATE_BLOCK DCOY setup=move_strike prior_bar_ticks=1566 threshold=6000
[MOVE_SUB_C] [06:48:39] FIRESTORM_GATE_BLOCK DCOY setup=move_strike prior_bar_ticks=1566 threshold=6000
[MOVE_SUB_C] [06:48:39] FIRESTORM_GATE_BLOCK DCOY setup=move_strike prior_bar_ticks=1566 threshold=6000
[MOVE_SUB_C] [06:48:39] FIRESTORM_GATE_BLOCK DCOY setup=move_strike prior_bar_ticks=1566 threshold=6000
[MOVE_SUB_C] [06:48:39] FIRESTORM_GATE_BLOCK DCOY setup=move_strike prior_bar_ticks=1566 threshold=6000
[MOVE_SUB_C] [06:48:39] FIRESTORM_GATE_BLOCK DCOY setup=move_strike prior_bar_ticks=1566 threshold=6000
[MOVE_SUB_C] [06:48:39] FIRESTORM_GATE_BLOCK DCOY setup=move_strike prior_bar_ticks=1566 threshold=6000
[MOVE_SUB_C] [06:48:39] FIRESTORM_GATE_BLOCK DCOY setup=move_strike prior_bar_ticks=1566 threshold=6000
[MOVE_SUB_C] [06:48:39] FIRESTORM_GATE_BLOCK DCOY setup=move_strike prior_bar_ticks=1566 threshold=6000
[MOVE_SUB_C] [06:48:39] FIRESTORM_GATE_BLOCK DCOY setup=move_strike prior_bar_ticks=1566 threshold=6000
[MOVE_SUB_C] [06:48:39] FIRESTORM_GATE_BLOCK DCOY setup=move_strike prior_bar_ticks=1566 threshold=6000
[MOVE_SUB_C] [06:48:39] FIRESTORM_GATE_BLOCK DCOY setup=move_strike prior_bar_ticks=1566 threshold=6000
[MOVE_SUB_C] [06:48:39] FIRESTORM_GATE_BLOCK DCOY setup=move_strike prior_bar_ticks=1566 threshold=6000
[MOVE_SUB_C] [06:48:39] FIRESTORM_GATE_BLOCK DCOY setup=move_strike prior_bar_ticks=1566 threshold=6000
[MOVE_SUB_C] [06:48:39] FIRESTORM_GATE_BLOCK DCOY setup=move_strike prior_bar_ticks=1566 threshold=6000
[MOVE_SUB_C] [06:48:39] FIRESTORM_GATE_BLOCK DCOY setup=move_strike prior_bar_ticks=1566 threshold=6000
[MOVE_SUB_C] [06:48:39] FIRESTORM_GATE_BLOCK DCOY setup=move_strike prior_bar_ticks=1566 threshold=6000
[MOVE_SUB_C] [06:48:39] FIRESTORM_GATE_BLOCK DCOY setup=move_strike prior_bar_ticks=1566 threshold=6000
[MOVE_SUB_C] [06:48:39] FIRESTORM_GATE_BLOCK DCOY setup=move_strike prior_bar_ticks=1566 threshold=6000
[MOVE_SUB_C] [06:48:39] FIRESTORM_GATE_BLOCK DCOY setup=move_strike prior_bar_ticks=1566 threshold=6000
[MOVE_SUB_C] [06:48:39] FIRESTORM_GATE_BLOCK DCOY setup=move_strike prior_bar_ticks=1566 threshold=6000
[MOVE_SUB_C] [06:48:39] FIRESTORM_GATE_BLOCK DCOY setup=move_strike prior_bar_ticks=1566 threshold=6000
[MOVE_SUB_C] [06:48:39] FIRESTORM_GATE_BLOCK DCOY setup=move_strike prior_bar_ticks=1566 threshold=6000
[MOVE_SUB_C] [06:48:39] FIRESTORM_GATE_BLOCK DCOY setup=move_strike prior_bar_ticks=1566 threshold=6000
[MOVE_SUB_C] [06:48:39] FIRESTORM_GATE_BLOCK DCOY setup=move_strike prior_bar_ticks=1566 threshold=6000
[MOVE_SUB_C] [06:48:39] FIRESTORM_GATE_BLOCK DCOY setup=move_strike prior_bar_ticks=1566 threshold=6000
[MOVE_SUB_C] [06:48:39] FIRESTORM_GATE_BLOCK DCOY setup=move_strike prior_bar_ticks=1566 threshold=6000
[MOVE_SUB_C] [06:48:39] FIRESTORM_GATE_BLOCK DCOY setup=move_strike prior_bar_ticks=1566 threshold=6000
[MOVE_SUB_C] [06:48:39] FIRESTORM_GATE_BLOCK DCOY setup=move_strike prior_bar_ticks=1566 threshold=6000
[MOVE_SUB_C] [06:48:39] FIRESTORM_GATE_BLOCK DCOY setup=move_strike prior_bar_ticks=1566 threshold=6000
[MOVE_SUB_C] [06:48:39] FIRESTORM_GATE_BLOCK DCOY setup=move_strike prior_bar_ticks=1566 threshold=6000
[MOVE_SUB_C] [06:48:39] FIRESTORM_GATE_BLOCK DCOY setup=move_strike prior_bar_ticks=1566 threshold=6000
[MOVE_SUB_C] [06:48:39] FIRESTORM_GATE_BLOCK DCOY setup=move_strike prior_bar_ticks=1566 threshold=6000
[MOVE_SUB_C] [06:48:39] FIRESTORM_GATE_BLOCK DCOY setup=move_strike prior_bar_ticks=1566 threshold=6000
[MOVE_SUB_C] [06:48:39] FIRESTORM_GATE_BLOCK DCOY setup=move_strike prior_bar_ticks=1566 threshold=6000
[MOVE_SUB_C] [06:48:39] FIRESTORM_GATE_BLOCK DCOY setup=move_strike prior_bar_ticks=1566 threshold=6000
[MOVE_SUB_C] [06:48:39] FIRESTORM_GATE_BLOCK DCOY setup=move_strike prior_bar_ticks=1566 threshold=6000
[MOVE_SUB_C] [06:48:39] FIRESTORM_GATE_BLOCK DCOY setup=move_strike prior_bar_ticks=1566 threshold=6000
[MOVE_SUB_C] [06:48:39] FIRESTORM_GATE_BLOCK DCOY setup=move_strike prior_bar_ticks=1566 threshold=6000
[MOVE_SUB_C] [06:48:39] FIRESTORM_GATE_BLOCK DCOY setup=move_strike prior_bar_ticks=1566 threshold=6000
[MOVE_SUB_C] [06:48:39] FIRESTORM_GATE_BLOCK DCOY setup=move_strike prior_bar_ticks=1566 threshold=6000
[MOVE_SUB_C] [06:48:39] FIRESTORM_GATE_BLOCK DCOY setup=move_strike prior_bar_ticks=1566 threshold=6000
[MOVE_SUB_C] [06:48:39] FIRESTORM_GATE_BLOCK DCOY setup=move_strike prior_bar_ticks=1566 threshold=6000
[MOVE_SUB_C] [06:48:39] FIRESTORM_GATE_BLOCK DCOY setup=move_strike prior_bar_ticks=1566 threshold=6000
[MOVE_SUB_C] [06:48:39] FIRESTORM_GATE_BLOCK DCOY setup=move_strike prior_bar_ticks=1566 threshold=6000
[MOVE_SUB_C] [06:48:39] FIRESTORM_GATE_BLOCK DCOY setup=move_strike prior_bar_ticks=1566 threshold=6000
[MOVE_SUB_C] [06:48:39] FIRESTORM_GATE_BLOCK DCOY setup=move_strike prior_bar_ticks=1566 threshold=6000
[MOVE_SUB_C] [06:48:39] FIRESTORM_GATE_BLOCK DCOY setup=move_strike prior_bar_ticks=1566 threshold=6000
[MOVE_SUB_C] [06:48:39] FIRESTORM_GATE_BLOCK DCOY setup=move_strike prior_bar_ticks=1566 threshold=6000
[MOVE_SUB_C] [06:48:39] FIRESTORM_GATE_BLOCK DCOY setup=move_strike prior_bar_ticks=1566 threshold=6000
[MOVE_SUB_C] [06:48:39] FIRESTORM_GATE_BLOCK DCOY setup=move_strike prior_bar_ticks=1566 threshold=6000
[MOVE_SUB_C] [06:48:39] FIRESTORM_GATE_BLOCK DCOY setup=move_strike prior_bar_ticks=1566 threshold=6000
[MOVE_SUB_C] [06:48:39] FIRESTORM_GATE_BLOCK DCOY setup=move_strike prior_bar_ticks=1566 threshold=6000
[MOVE_SUB_C] [06:48:39] FIRESTORM_GATE_BLOCK DCOY setup=move_strike prior_bar_ticks=1566 threshold=6000
[MOVE_SUB_C] [06:48:39] FIRESTORM_GATE_BLOCK DCOY setup=move_strike prior_bar_ticks=1566 threshold=6000
[MOVE_SUB_C] [06:48:39] FIRESTORM_GATE_BLOCK DCOY setup=move_strike prior_bar_ticks=1566 threshold=6000
[MOVE_SUB_C] [06:48:39] FIRESTORM_GATE_BLOCK DCOY setup=move_strike prior_bar_ticks=1566 threshold=6000
[MOVE_SUB_C] [06:48:39] FIRESTORM_GATE_BLOCK DCOY setup=move_strike prior_bar_ticks=1566 threshold=6000
[MOVE_SUB_C] [06:48:39] FIRESTORM_GATE_BLOCK DCOY setup=move_strike prior_bar_ticks=1566 threshold=6000
[MOVE_SUB_C] [06:48:39] FIRESTORM_GATE_BLOCK DCOY setup=move_strike prior_bar_ticks=1566 threshold=6000
[MOVE_SUB_C] [06:48:39] FIRESTORM_GATE_BLOCK DCOY setup=move_strike prior_bar_ticks=1566 threshold=6000
[MOVE_SUB_C] [06:48:39] FIRESTORM_GATE_BLOCK DCOY setup=move_strike prior_bar_ticks=1566 threshold=6000
[MOVE_SUB_C] [06:48:39] FIRESTORM_GATE_BLOCK DCOY setup=move_strike prior_bar_ticks=1566 threshold=6000
[MOVE_SUB_C] [06:48:39] FIRESTORM_GATE_BLOCK DCOY setup=move_strike prior_bar_ticks=1566 threshold=6000
[MOVE_SUB_C] [06:48:39] FIRESTORM_GATE_BLOCK DCOY setup=move_strike prior_bar_ticks=1566 threshold=6000
[MOVE_SUB_C] [06:48:39] FIRESTORM_GATE_BLOCK DCOY setup=move_strike prior_bar_ticks=1566 threshold=6000
[MOVE_SUB_C] [06:48:39] FIRESTORM_GATE_BLOCK DCOY setup=move_strike prior_bar_ticks=1566 threshold=6000
[MOVE_SUB_C] [06:48:39] FIRESTORM_GATE_BLOCK DCOY setup=move_strike prior_bar_ticks=1566 threshold=6000
[MOVE_SUB_C] [06:48:39] FIRESTORM_GATE_BLOCK DCOY setup=move_strike prior_bar_ticks=1566 threshold=6000
[MOVE_SUB_C] [06:48:39] FIRESTORM_GATE_BLOCK DCOY setup=move_strike prior_bar_ticks=1566 threshold=6000
[MOVE_SUB_C] [06:48:39] FIRESTORM_GATE_BLOCK DCOY setup=move_strike prior_bar_ticks=1566 threshold=6000
[MOVE_SUB_C] [06:48:39] FIRESTORM_GATE_BLOCK DCOY setup=move_strike prior_bar_ticks=1566 threshold=6000
[MOVE_SUB_C] [06:48:39] FIRESTORM_GATE_BLOCK DCOY setup=move_strike prior_bar_ticks=1566 threshold=6000
[MOVE_SUB_C] [06:48:39] FIRESTORM_GATE_BLOCK DCOY setup=move_strike prior_bar_ticks=1566 threshold=6000
[MOVE_SUB_C] [06:48:39] FIRESTORM_GATE_BLOCK DCOY setup=move_strike prior_bar_ticks=1566 threshold=6000
[MOVE_SUB_C] [06:48:39] FIRESTORM_GATE_BLOCK DCOY setup=move_strike prior_bar_ticks=1566 threshold=6000
[MOVE_SUB_C] [06:48:39] FIRESTORM_GATE_BLOCK DCOY setup=move_strike prior_bar_ticks=1566 threshold=6000
[MOVE_SUB_C] [06:48:39] FIRESTORM_GATE_BLOCK DCOY setup=move_strike prior_bar_ticks=1566 threshold=6000
[MOVE_SUB_C] [06:48:39] FIRESTORM_GATE_BLOCK DCOY setup=move_strike prior_bar_ticks=1566 threshold=6000
[MOVE_SUB_C] [06:48:39] FIRESTORM_GATE_BLOCK DCOY setup=move_strike prior_bar_ticks=1566 threshold=6000
[MOVE_SUB_C] [06:48:39] FIRESTORM_GATE_BLOCK DCOY setup=move_strike prior_bar_ticks=1566 threshold=6000
[MOVE_SUB_C] [06:48:39] FIRESTORM_GATE_BLOCK DCOY setup=move_strike prior_bar_ticks=1566 threshold=6000
[MOVE_SUB_C] [06:48:39] FIRESTORM_GATE_BLOCK DCOY setup=move_strike prior_bar_ticks=1566 threshold=6000
[MOVE_SUB_C] [06:48:39] FIRESTORM_GATE_BLOCK DCOY setup=move_strike prior_bar_ticks=1566 threshold=6000
[MOVE_SUB_C] [06:48:39] FIRESTORM_GATE_BLOCK DCOY setup=move_strike prior_bar_ticks=1566 threshold=6000
[MOVE_SUB_C] [06:48:39] FIRESTORM_GATE_BLOCK DCOY setup=move_strike prior_bar_ticks=1566 threshold=6000
[MOVE_SUB_C] [06:48:39] FIRESTORM_GATE_BLOCK DCOY setup=move_strike prior_bar_ticks=1566 threshold=6000
[MOVE_SUB_C] [06:48:39] FIRESTORM_GATE_BLOCK DCOY setup=move_strike prior_bar_ticks=1566 threshold=6000
[MOVE_SUB_C] [06:48:39] FIRESTORM_GATE_BLOCK DCOY setup=move_strike prior_bar_ticks=1566 threshold=6000
[MOVE_SUB_C] [06:48:39] FIRESTORM_GATE_BLOCK DCOY setup=move_strike prior_bar_ticks=1566 threshold=6000
[MOVE_SUB_C] [06:48:39] FIRESTORM_GATE_BLOCK DCOY setup=move_strike prior_bar_ticks=1566 threshold=6000
[MOVE_SUB_C] [06:48:39] FIRESTORM_GATE_BLOCK DCOY setup=move_strike prior_bar_ticks=1566 threshold=6000
[MOVE_SUB_C] [06:48:39] FIRESTORM_GATE_BLOCK DCOY setup=move_strike prior_bar_ticks=1566 threshold=6000
[MOVE_SUB_C] [06:48:39] FIRESTORM_GATE_BLOCK DCOY setup=move_strike prior_bar_ticks=1566 threshold=6000
[MOVE_SUB_C] [06:48:39] FIRESTORM_GATE_BLOCK DCOY setup=move_strike prior_bar_ticks=1566 threshold=6000
[MOVE_SUB_C] [06:48:39] FIRESTORM_GATE_BLOCK DCOY setup=move_strike prior_bar_ticks=1566 threshold=6000
[MOVE_SUB_C] [06:48:39] FIRESTORM_GATE_BLOCK DCOY setup=move_strike prior_bar_ticks=1566 threshold=6000
[MOVE_SUB_C] [06:48:39] FIRESTORM_GATE_BLOCK DCOY setup=move_strike prior_bar_ticks=1566 threshold=6000
[MOVE_SUB_C] [06:48:39] FIRESTORM_GATE_BLOCK DCOY setup=move_strike prior_bar_ticks=1566 threshold=6000
[MOVE_SUB_C] [06:48:39] FIRESTORM_GATE_BLOCK DCOY setup=move_strike prior_bar_ticks=1566 threshold=6000
[MOVE_SUB_C] [06:48:39] FIRESTORM_GATE_BLOCK DCOY setup=move_strike prior_bar_ticks=1566 threshold=6000
[MOVE_SUB_C] [06:48:39] FIRESTORM_GATE_BLOCK DCOY setup=move_strike prior_bar_ticks=1566 threshold=6000
[MOVE_SUB_C] [06:48:39] FIRESTORM_GATE_BLOCK DCOY setup=move_strike prior_bar_ticks=1566 threshold=6000
[MOVE_SUB_C] [06:48:39] FIRESTORM_GATE_BLOCK DCOY setup=move_strike prior_bar_ticks=1566 threshold=6000
[MOVE_SUB_C] [06:48:39] FIRESTORM_GATE_BLOCK DCOY setup=move_strike prior_bar_ticks=1566 threshold=6000
[MOVE_SUB_C] [06:48:39] FIRESTORM_GATE_BLOCK DCOY setup=move_strike prior_bar_ticks=1566 threshold=6000
[MOVE_SUB_C] [06:48:39] FIRESTORM_GATE_BLOCK DCOY setup=move_strike prior_bar_ticks=1566 threshold=6000
[MOVE_SUB_C] [06:48:39] FIRESTORM_GATE_BLOCK DCOY setup=move_strike prior_bar_ticks=1566 threshold=6000
[MOVE_SUB_C] [06:48:39] FIRESTORM_GATE_BLOCK DCOY setup=move_strike prior_bar_ticks=1566 threshold=6000
[MOVE_SUB_C] [06:48:39] FIRESTORM_GATE_BLOCK DCOY setup=move_strike prior_bar_ticks=1566 threshold=6000
[MOVE_SUB_C] [06:48:39] FIRESTORM_GATE_BLOCK DCOY setup=move_strike prior_bar_ticks=1566 threshold=6000
[MOVE_SUB_C] [06:48:39] FIRESTORM_GATE_BLOCK DCOY setup=move_strike prior_bar_ticks=1566 threshold=6000
[MOVE_SUB_C] [06:48:39] FIRESTORM_GATE_BLOCK DCOY setup=move_strike prior_bar_ticks=1566 threshold=6000
[MOVE_SUB_C] [06:48:39] FIRESTORM_GATE_BLOCK DCOY setup=move_strike prior_bar_ticks=1566 threshold=6000
[MOVE_SUB_C] [06:48:39] FIRESTORM_GATE_BLOCK DCOY setup=move_strike prior_bar_ticks=1566 threshold=6000
[MOVE_SUB_C] [06:48:39] FIRESTORM_GATE_BLOCK DCOY setup=move_strike prior_bar_ticks=1566 threshold=6000
[MOVE_SUB_C] [06:48:39] FIRESTORM_GATE_BLOCK DCOY setup=move_strike prior_bar_ticks=1566 threshold=6000
[MOVE_SUB_C] [06:48:39] FIRESTORM_GATE_BLOCK DCOY setup=move_strike prior_bar_ticks=1566 threshold=6000
[MOVE_SUB_C] [06:48:39] FIRESTORM_GATE_BLOCK DCOY setup=move_strike prior_bar_ticks=1566 threshold=6000
[MOVE_SUB_C] [06:48:39] FIRESTORM_GATE_BLOCK DCOY setup=move_strike prior_bar_ticks=1566 threshold=6000
[MOVE_SUB_C] [06:48:39] FIRESTORM_GATE_BLOCK DCOY setup=move_strike prior_bar_ticks=1566 threshold=6000
[MOVE_SUB_C] [06:48:39] FIRESTORM_GATE_BLOCK DCOY setup=move_strike prior_bar_ticks=1566 threshold=6000
[MOVE_SUB_C] [06:48:39] FIRESTORM_GATE_BLOCK DCOY setup=move_strike prior_bar_ticks=1566 threshold=6000
[MOVE_SUB_C] [06:48:39] FIRESTORM_GATE_BLOCK DCOY setup=move_strike prior_bar_ticks=1566 threshold=6000
[MOVE_SUB_C] [06:48:39] FIRESTORM_GATE_BLOCK DCOY setup=move_strike prior_bar_ticks=1566 threshold=6000
[MOVE_SUB_C] [06:48:39] FIRESTORM_GATE_BLOCK DCOY setup=move_strike prior_bar_ticks=1566 threshold=6000
[MOVE_SUB_C] [06:48:39] FIRESTORM_GATE_BLOCK DCOY setup=move_strike prior_bar_ticks=1566 threshold=6000
[MOVE_SUB_C] [06:48:39] FIRESTORM_GATE_BLOCK DCOY setup=move_strike prior_bar_ticks=1566 threshold=6000
[MOVE_SUB_C] [06:48:39] FIRESTORM_GATE_BLOCK DCOY setup=move_strike prior_bar_ticks=1566 threshold=6000
[MOVE_SUB_C] [06:48:39] FIRESTORM_GATE_BLOCK DCOY setup=move_strike prior_bar_ticks=1566 threshold=6000
[MOVE_SUB_C] [06:48:39] FIRESTORM_GATE_BLOCK DCOY setup=move_strike prior_bar_ticks=1566 threshold=6000
[MOVE_SUB_C] [06:48:39] FIRESTORM_GATE_BLOCK DCOY setup=move_strike prior_bar_ticks=1566 threshold=6000
[MOVE_SUB_C] [06:48:39] FIRESTORM_GATE_BLOCK DCOY setup=move_strike prior_bar_ticks=1566 threshold=6000
[MOVE_SUB_C] [06:48:39] FIRESTORM_GATE_BLOCK DCOY setup=move_strike prior_bar_ticks=1566 threshold=6000
[MOVE_SUB_C] [06:48:39] FIRESTORM_GATE_BLOCK DCOY setup=move_strike prior_bar_ticks=1566 threshold=6000
[MOVE_SUB_C] [06:48:39] FIRESTORM_GATE_BLOCK DCOY setup=move_strike prior_bar_ticks=1566 threshold=6000
[MOVE_SUB_C] [06:48:39] FIRESTORM_GATE_BLOCK DCOY setup=move_strike prior_bar_ticks=1566 threshold=6000
[MOVE_SUB_C] [06:48:39] FIRESTORM_GATE_BLOCK DCOY setup=move_strike prior_bar_ticks=1566 threshold=6000
[MOVE_SUB_C] [06:48:39] FIRESTORM_GATE_BLOCK DCOY setup=move_strike prior_bar_ticks=1566 threshold=6000
[MOVE_SUB_C] [06:48:39] FIRESTORM_GATE_BLOCK DCOY setup=move_strike prior_bar_ticks=1566 threshold=6000
[MOVE_SUB_C] [06:48:39] FIRESTORM_GATE_BLOCK DCOY setup=move_strike prior_bar_ticks=1566 threshold=6000
[MOVE_SUB_C] [06:48:39] FIRESTORM_GATE_BLOCK DCOY setup=move_strike prior_bar_ticks=1566 threshold=6000
[MOVE_SUB_C] [06:48:39] FIRESTORM_GATE_BLOCK DCOY setup=move_strike prior_bar_ticks=1566 threshold=6000
[MOVE_SUB_C] [06:48:39] FIRESTORM_GATE_BLOCK DCOY setup=move_strike prior_bar_ticks=1566 threshold=6000
[MOVE_SUB_C] [06:48:39] FIRESTORM_GATE_BLOCK DCOY setup=move_strike prior_bar_ticks=1566 threshold=6000
[MOVE_SUB_C] [06:48:39] FIRESTORM_GATE_BLOCK DCOY setup=move_strike prior_bar_ticks=1566 threshold=6000
[MOVE_SUB_C] [06:48:39] FIRESTORM_GATE_BLOCK DCOY setup=move_strike prior_bar_ticks=1566 threshold=6000
[MOVE_SUB_C] [06:48:39] FIRESTORM_GATE_BLOCK DCOY setup=move_strike prior_bar_ticks=1566 threshold=6000
[MOVE_SUB_C] [06:48:39] FIRESTORM_GATE_BLOCK DCOY setup=move_strike prior_bar_ticks=1566 threshold=6000
[MOVE_SUB_C] [06:48:39] FIRESTORM_GATE_BLOCK DCOY setup=move_strike prior_bar_ticks=1566 threshold=6000
[MOVE_SUB_C] [06:48:39] FIRESTORM_GATE_BLOCK DCOY setup=move_strike prior_bar_ticks=1566 threshold=6000
[MOVE_SUB_C] [06:48:39] FIRESTORM_GATE_BLOCK DCOY setup=move_strike prior_bar_ticks=1566 threshold=6000
[MOVE_SUB_C] [06:48:40] FIRESTORM_GATE_BLOCK DCOY setup=move_strike prior_bar_ticks=1566 threshold=6000
[MOVE_SUB_C] [06:48:40] FIRESTORM_GATE_BLOCK DCOY setup=move_strike prior_bar_ticks=1566 threshold=6000
[MOVE_SUB_C] [06:48:40] FIRESTORM_GATE_BLOCK DCOY setup=move_strike prior_bar_ticks=1566 threshold=6000
[MOVE_SUB_C] [06:48:40] FIRESTORM_GATE_BLOCK DCOY setup=move_strike prior_bar_ticks=1566 threshold=6000
[MOVE_SUB_C] [06:48:40] FIRESTORM_GATE_BLOCK DCOY setup=move_strike prior_bar_ticks=1566 threshold=6000
[MOVE_SUB_C] [06:48:40] FIRESTORM_GATE_BLOCK DCOY setup=move_strike prior_bar_ticks=1566 threshold=6000
[MOVE_SUB_C] [06:48:40] FIRESTORM_GATE_BLOCK DCOY setup=move_strike prior_bar_ticks=1566 threshold=6000
[MOVE_SUB_C] [06:48:40] FIRESTORM_GATE_BLOCK DCOY setup=move_strike prior_bar_ticks=1566 threshold=6000
[MOVE_SUB_C] [06:48:40] FIRESTORM_GATE_BLOCK DCOY setup=move_strike prior_bar_ticks=1566 threshold=6000
[MOVE_SUB_C] [06:48:40] FIRESTORM_GATE_BLOCK DCOY setup=move_strike prior_bar_ticks=1566 threshold=6000
[MOVE_SUB_C] [06:48:40] FIRESTORM_GATE_BLOCK DCOY setup=move_strike prior_bar_ticks=1566 threshold=6000
[MOVE_SUB_C] [06:48:40] FIRESTORM_GATE_BLOCK DCOY setup=move_strike prior_bar_ticks=1566 threshold=6000
[MOVE_SUB_C] [06:48:40] FIRESTORM_GATE_BLOCK DCOY setup=move_strike prior_bar_ticks=1566 threshold=6000
[MOVE_SUB_C] [06:48:40] FIRESTORM_GATE_BLOCK DCOY setup=move_strike prior_bar_ticks=1566 threshold=6000
[MOVE_SUB_C] [06:48:40] FIRESTORM_GATE_BLOCK DCOY setup=move_strike prior_bar_ticks=1566 threshold=6000
[MOVE_SUB_C] [06:48:40] FIRESTORM_GATE_BLOCK DCOY setup=move_strike prior_bar_ticks=1566 threshold=6000
[MOVE_SUB_C] [06:48:40] FIRESTORM_GATE_BLOCK DCOY setup=move_strike prior_bar_ticks=1566 threshold=6000
[MOVE_SUB_C] [06:48:40] FIRESTORM_GATE_BLOCK DCOY setup=move_strike prior_bar_ticks=1566 threshold=6000
[MOVE_SUB_C] [06:48:40] FIRESTORM_GATE_BLOCK DCOY setup=move_strike prior_bar_ticks=1566 threshold=6000
[MOVE_SUB_C] [06:48:40] FIRESTORM_GATE_BLOCK DCOY setup=move_strike prior_bar_ticks=1566 threshold=6000
[MOVE_SUB_C] [06:48:40] FIRESTORM_GATE_BLOCK DCOY setup=move_strike prior_bar_ticks=1566 threshold=6000
[MOVE_SUB_C] [06:48:40] FIRESTORM_GATE_BLOCK DCOY setup=move_strike prior_bar_ticks=1566 threshold=6000
[MOVE_SUB_C] [06:48:40] FIRESTORM_GATE_BLOCK DCOY setup=move_strike prior_bar_ticks=1566 threshold=6000
[MOVE_SUB_C] [06:48:40] FIRESTORM_GATE_BLOCK DCOY setup=move_strike prior_bar_ticks=1566 threshold=6000
[MOVE_SUB_C] [06:48:40] FIRESTORM_GATE_BLOCK DCOY setup=move_strike prior_bar_ticks=1566 threshold=6000
[MOVE_SUB_C] [06:48:40] FIRESTORM_GATE_BLOCK DCOY setup=move_strike prior_bar_ticks=1566 threshold=6000
[MOVE_SUB_C] [06:48:40] FIRESTORM_GATE_BLOCK DCOY setup=move_strike prior_bar_ticks=1566 threshold=6000
[MOVE_SUB_C] [06:48:40] FIRESTORM_GATE_BLOCK DCOY setup=move_strike prior_bar_ticks=1566 threshold=6000
[MOVE_SUB_C] [06:48:40] FIRESTORM_GATE_BLOCK DCOY setup=move_strike prior_bar_ticks=1566 threshold=6000
[MOVE_SUB_C] [06:48:40] FIRESTORM_GATE_BLOCK DCOY setup=move_strike prior_bar_ticks=1566 threshold=6000
[MOVE_SUB_C] [06:48:40] FIRESTORM_GATE_BLOCK DCOY setup=move_strike prior_bar_ticks=1566 threshold=6000
[MOVE_SUB_C] [06:48:40] FIRESTORM_GATE_BLOCK DCOY setup=move_strike prior_bar_ticks=1566 threshold=6000
[MOVE_SUB_C] [06:48:40] FIRESTORM_GATE_BLOCK DCOY setup=move_strike prior_bar_ticks=1566 threshold=6000
[MOVE_SUB_C] [06:48:40] FIRESTORM_GATE_BLOCK DCOY setup=move_strike prior_bar_ticks=1566 threshold=6000
[MOVE_SUB_C] [06:48:40] FIRESTORM_GATE_BLOCK DCOY setup=move_strike prior_bar_ticks=1566 threshold=6000
[MOVE_SUB_C] [06:48:40] FIRESTORM_GATE_BLOCK DCOY setup=move_strike prior_bar_ticks=1566 threshold=6000
[MOVE_SUB_C] [06:48:40] FIRESTORM_GATE_BLOCK DCOY setup=move_strike prior_bar_ticks=1566 threshold=6000
[MOVE_SUB_C] [06:48:40] FIRESTORM_GATE_BLOCK DCOY setup=move_strike prior_bar_ticks=1566 threshold=6000
[MOVE_SUB_C] [06:48:40] FIRESTORM_GATE_BLOCK DCOY setup=move_strike prior_bar_ticks=1566 threshold=6000
[MOVE_SUB_C] [06:48:40] FIRESTORM_GATE_BLOCK DCOY setup=move_strike prior_bar_ticks=1566 threshold=6000
[MOVE_SUB_C] [06:48:40] FIRESTORM_GATE_BLOCK DCOY setup=move_strike prior_bar_ticks=1566 threshold=6000
[MOVE_SUB_C] [06:48:40] FIRESTORM_GATE_BLOCK DCOY setup=move_strike prior_bar_ticks=1566 threshold=6000
[MOVE_SUB_C] [06:48:40] FIRESTORM_GATE_BLOCK DCOY setup=move_strike prior_bar_ticks=1566 threshold=6000
[MOVE_SUB_C] [06:48:45] FIRESTORM_GATE_BLOCK DCOY setup=move_strike prior_bar_ticks=1566 threshold=6000
[MOVE_SUB_C] [06:48:45] FIRESTORM_GATE_BLOCK DCOY setup=move_strike prior_bar_ticks=1566 threshold=6000
[MOVE_SUB_C] [06:48:45] FIRESTORM_GATE_BLOCK DCOY setup=move_strike prior_bar_ticks=1566 threshold=6000
[MOVE_SUB_C] [06:48:45] FIRESTORM_GATE_BLOCK DCOY setup=move_strike prior_bar_ticks=1566 threshold=6000
[MOVE_SUB_C] [06:48:45] FIRESTORM_GATE_BLOCK DCOY setup=move_strike prior_bar_ticks=1566 threshold=6000
[MOVE_SUB_C] [06:48:45] FIRESTORM_GATE_BLOCK DCOY setup=move_strike prior_bar_ticks=1566 threshold=6000
[MOVE_SUB_C] [06:48:45] FIRESTORM_GATE_BLOCK DCOY setup=move_strike prior_bar_ticks=1566 threshold=6000
[MOVE_SUB_C] [06:48:45] FIRESTORM_GATE_BLOCK DCOY setup=move_strike prior_bar_ticks=1566 threshold=6000
[MOVE_SUB_C] [06:48:45] FIRESTORM_GATE_BLOCK DCOY setup=move_strike prior_bar_ticks=1566 threshold=6000
[MOVE_SUB_C] [06:48:45] FIRESTORM_GATE_BLOCK DCOY setup=move_strike prior_bar_ticks=1566 threshold=6000
[MOVE_SUB_C] [06:48:45] FIRESTORM_GATE_BLOCK DCOY setup=move_strike prior_bar_ticks=1566 threshold=6000
[MOVE_SUB_C] [06:48:45] FIRESTORM_GATE_BLOCK DCOY setup=move_strike prior_bar_ticks=1566 threshold=6000
[MOVE_SUB_C] [06:48:45] FIRESTORM_GATE_BLOCK DCOY setup=move_strike prior_bar_ticks=1566 threshold=6000
[MOVE_SUB_C] [06:48:45] FIRESTORM_GATE_BLOCK DCOY setup=move_strike prior_bar_ticks=1566 threshold=6000
[MOVE_SUB_C] [06:48:45] FIRESTORM_GATE_BLOCK DCOY setup=move_strike prior_bar_ticks=1566 threshold=6000
[MOVE_SUB_C] [06:48:45] FIRESTORM_GATE_BLOCK DCOY setup=move_strike prior_bar_ticks=1566 threshold=6000
[MOVE_SUB_C] [06:48:45] FIRESTORM_GATE_BLOCK DCOY setup=move_strike prior_bar_ticks=1566 threshold=6000
[MOVE_SUB_C] [06:48:45] FIRESTORM_GATE_BLOCK DCOY setup=move_strike prior_bar_ticks=1566 threshold=6000
[MOVE_SUB_C] [06:48:45] FIRESTORM_GATE_BLOCK DCOY setup=move_strike prior_bar_ticks=1566 threshold=6000
[MOVE_SUB_C] [06:48:45] FIRESTORM_GATE_BLOCK DCOY setup=move_strike prior_bar_ticks=1566 threshold=6000
[MOVE_SUB_C] [06:48:45] FIRESTORM_GATE_BLOCK DCOY setup=move_strike prior_bar_ticks=1566 threshold=6000
[MOVE_SUB_C] [06:48:45] FIRESTORM_GATE_BLOCK DCOY setup=move_strike prior_bar_ticks=1566 threshold=6000
[MOVE_SUB_C] [06:48:45] FIRESTORM_GATE_BLOCK DCOY setup=move_strike prior_bar_ticks=1566 threshold=6000
[MOVE_SUB_C] [06:48:45] FIRESTORM_GATE_BLOCK DCOY setup=move_strike prior_bar_ticks=1566 threshold=6000
[MOVE_SUB_C] [06:48:45] FIRESTORM_GATE_BLOCK DCOY setup=move_strike prior_bar_ticks=1566 threshold=6000
[MOVE_SUB_C] [06:48:45] FIRESTORM_GATE_BLOCK DCOY setup=move_strike prior_bar_ticks=1566 threshold=6000
[MOVE_SUB_C] [06:48:45] FIRESTORM_GATE_BLOCK DCOY setup=move_strike prior_bar_ticks=1566 threshold=6000
[MOVE_SUB_C] [06:48:45] FIRESTORM_GATE_BLOCK DCOY setup=move_strike prior_bar_ticks=1566 threshold=6000
[MOVE_SUB_C] [06:48:45] FIRESTORM_GATE_BLOCK DCOY setup=move_strike prior_bar_ticks=1566 threshold=6000
[MOVE_SUB_C] [06:48:45] FIRESTORM_GATE_BLOCK DCOY setup=move_strike prior_bar_ticks=1566 threshold=6000
[MOVE_SUB_C] [06:48:45] FIRESTORM_GATE_BLOCK DCOY setup=move_strike prior_bar_ticks=1566 threshold=6000
[MOVE_SUB_C] [06:48:45] FIRESTORM_GATE_BLOCK DCOY setup=move_strike prior_bar_ticks=1566 threshold=6000
[MOVE_SUB_C] [06:48:45] FIRESTORM_GATE_BLOCK DCOY setup=move_strike prior_bar_ticks=1566 threshold=6000
[MOVE_SUB_C] [06:48:45] FIRESTORM_GATE_BLOCK DCOY setup=move_strike prior_bar_ticks=1566 threshold=6000
[MOVE_SUB_C] [06:48:45] FIRESTORM_GATE_BLOCK DCOY setup=move_strike prior_bar_ticks=1566 threshold=6000
[MOVE_SUB_C] [06:48:45] FIRESTORM_GATE_BLOCK DCOY setup=move_strike prior_bar_ticks=1566 threshold=6000
[MOVE_SUB_C] [06:48:45] FIRESTORM_GATE_BLOCK DCOY setup=move_strike prior_bar_ticks=1566 threshold=6000
[MOVE_SUB_C] [06:48:45] FIRESTORM_GATE_BLOCK DCOY setup=move_strike prior_bar_ticks=1566 threshold=6000
[MOVE_SUB_C] [06:48:45] FIRESTORM_GATE_BLOCK DCOY setup=move_strike prior_bar_ticks=1566 threshold=6000
[MOVE_SUB_C] [06:48:45] FIRESTORM_GATE_BLOCK DCOY setup=move_strike prior_bar_ticks=1566 threshold=6000
[MOVE_SUB_C] [06:48:45] FIRESTORM_GATE_BLOCK DCOY setup=move_strike prior_bar_ticks=1566 threshold=6000
[MOVE_SUB_C] [06:48:45] FIRESTORM_GATE_BLOCK DCOY setup=move_strike prior_bar_ticks=1566 threshold=6000
[MOVE_SUB_C] [06:48:45] FIRESTORM_GATE_BLOCK DCOY setup=move_strike prior_bar_ticks=1566 threshold=6000
[MOVE_SUB_C] [06:48:45] FIRESTORM_GATE_BLOCK DCOY setup=move_strike prior_bar_ticks=1566 threshold=6000
[MOVE_SUB_C] [06:48:45] FIRESTORM_GATE_BLOCK DCOY setup=move_strike prior_bar_ticks=1566 threshold=6000
[MOVE_SUB_C] [06:48:45] FIRESTORM_GATE_BLOCK DCOY setup=move_strike prior_bar_ticks=1566 threshold=6000
[MOVE_SUB_C] [06:48:45] FIRESTORM_GATE_BLOCK DCOY setup=move_strike prior_bar_ticks=1566 threshold=6000
[MOVE_SUB_C] [06:48:45] FIRESTORM_GATE_BLOCK DCOY setup=move_strike prior_bar_ticks=1566 threshold=6000
[MOVE_SUB_C] [06:48:45] FIRESTORM_GATE_BLOCK DCOY setup=move_strike prior_bar_ticks=1566 threshold=6000
[MOVE_SUB_C] [06:48:45] FIRESTORM_GATE_BLOCK DCOY setup=move_strike prior_bar_ticks=1566 threshold=6000
[MOVE_SUB_C] [06:48:45] FIRESTORM_GATE_BLOCK DCOY setup=move_strike prior_bar_ticks=1566 threshold=6000
[MOVE_SUB_C] [06:48:45] FIRESTORM_GATE_BLOCK DCOY setup=move_strike prior_bar_ticks=1566 threshold=6000
[MOVE_SUB_C] [06:48:45] FIRESTORM_GATE_BLOCK DCOY setup=move_strike prior_bar_ticks=1566 threshold=6000
[MOVE_SUB_C] [06:48:45] FIRESTORM_GATE_BLOCK DCOY setup=move_strike prior_bar_ticks=1566 threshold=6000
[MOVE_SUB_C] [06:48:45] FIRESTORM_GATE_BLOCK DCOY setup=move_strike prior_bar_ticks=1566 threshold=6000
[MOVE_SUB_C] [06:48:45] FIRESTORM_GATE_BLOCK DCOY setup=move_strike prior_bar_ticks=1566 threshold=6000
[MOVE_SUB_C] [06:48:45] FIRESTORM_GATE_BLOCK DCOY setup=move_strike prior_bar_ticks=1566 threshold=6000
[MOVE_SUB_C] [06:48:45] FIRESTORM_GATE_BLOCK DCOY setup=move_strike prior_bar_ticks=1566 threshold=6000
[MOVE_SUB_C] [06:48:45] FIRESTORM_GATE_BLOCK DCOY setup=move_strike prior_bar_ticks=1566 threshold=6000
[MOVE_SUB_C] [06:48:45] FIRESTORM_GATE_BLOCK DCOY setup=move_strike prior_bar_ticks=1566 threshold=6000
[MOVE_SUB_C] [06:48:45] FIRESTORM_GATE_BLOCK DCOY setup=move_strike prior_bar_ticks=1566 threshold=6000
[MOVE_SUB_C] [06:48:45] FIRESTORM_GATE_BLOCK DCOY setup=move_strike prior_bar_ticks=1566 threshold=6000
[MOVE_SUB_C] [06:48:45] FIRESTORM_GATE_BLOCK DCOY setup=move_strike prior_bar_ticks=1566 threshold=6000
[MOVE_SUB_C] [06:48:45] FIRESTORM_GATE_BLOCK DCOY setup=move_strike prior_bar_ticks=1566 threshold=6000
[MOVE_SUB_C] [06:48:46] FIRESTORM_GATE_BLOCK DCOY setup=move_strike prior_bar_ticks=1566 threshold=6000
[MOVE_SUB_C] [06:48:46] FIRESTORM_GATE_BLOCK DCOY setup=move_strike prior_bar_ticks=1566 threshold=6000
[MOVE_SUB_C] [06:48:46] FIRESTORM_GATE_BLOCK DCOY setup=move_strike prior_bar_ticks=1566 threshold=6000
[MOVE_SUB_C] [06:48:46] FIRESTORM_GATE_BLOCK DCOY setup=move_strike prior_bar_ticks=1566 threshold=6000
[MOVE_SUB_C] [06:48:46] FIRESTORM_GATE_BLOCK DCOY setup=move_strike prior_bar_ticks=1566 threshold=6000
[MOVE_SUB_C] [06:48:46] FIRESTORM_GATE_BLOCK DCOY setup=move_strike prior_bar_ticks=1566 threshold=6000
[MOVE_SUB_C] [06:48:46] FIRESTORM_GATE_BLOCK DCOY setup=move_strike prior_bar_ticks=1566 threshold=6000
[MOVE_SUB_C] [06:48:46] FIRESTORM_GATE_BLOCK DCOY setup=move_strike prior_bar_ticks=1566 threshold=6000
[MOVE_SUB_C] [06:48:46] FIRESTORM_GATE_BLOCK DCOY setup=move_strike prior_bar_ticks=1566 threshold=6000
[MOVE_SUB_C] [06:48:46] FIRESTORM_GATE_BLOCK DCOY setup=move_strike prior_bar_ticks=1566 threshold=6000
[MOVE_SUB_C] [06:48:46] FIRESTORM_GATE_BLOCK DCOY setup=move_strike prior_bar_ticks=1566 threshold=6000
[MOVE_SUB_C] [06:48:46] FIRESTORM_GATE_BLOCK DCOY setup=move_strike prior_bar_ticks=1566 threshold=6000
[MOVE_SUB_C] [06:48:46] FIRESTORM_GATE_BLOCK DCOY setup=move_strike prior_bar_ticks=1566 threshold=6000
[MOVE_SUB_C] [06:48:46] FIRESTORM_GATE_BLOCK DCOY setup=move_strike prior_bar_ticks=1566 threshold=6000
[MOVE_SUB_C] [06:48:46] FIRESTORM_GATE_BLOCK DCOY setup=move_strike prior_bar_ticks=1566 threshold=6000
[MOVE_SUB_C] [06:48:46] FIRESTORM_GATE_BLOCK DCOY setup=move_strike prior_bar_ticks=1566 threshold=6000
[MOVE_SUB_C] [06:48:46] FIRESTORM_GATE_BLOCK DCOY setup=move_strike prior_bar_ticks=1566 threshold=6000
[MOVE_SUB_C] [06:48:46] FIRESTORM_GATE_BLOCK DCOY setup=move_strike prior_bar_ticks=1566 threshold=6000
[MOVE_SUB_C] [06:48:46] FIRESTORM_GATE_BLOCK DCOY setup=move_strike prior_bar_ticks=1566 threshold=6000
[MOVE_SUB_C] [06:48:46] FIRESTORM_GATE_BLOCK DCOY setup=move_strike prior_bar_ticks=1566 threshold=6000
[MOVE_SUB_C] [06:48:46] FIRESTORM_GATE_BLOCK DCOY setup=move_strike prior_bar_ticks=1566 threshold=6000
[MOVE_SUB_C] [06:48:46] FIRESTORM_GATE_BLOCK DCOY setup=move_strike prior_bar_ticks=1566 threshold=6000
[MOVE_SUB_C] [06:48:46] FIRESTORM_GATE_BLOCK DCOY setup=move_strike prior_bar_ticks=1566 threshold=6000
[MOVE_SUB_C] [06:48:46] FIRESTORM_GATE_BLOCK DCOY setup=move_strike prior_bar_ticks=1566 threshold=6000
[MOVE_SUB_C] [06:48:46] FIRESTORM_GATE_BLOCK DCOY setup=move_strike prior_bar_ticks=1566 threshold=6000
[MOVE_SUB_C] [06:48:46] FIRESTORM_GATE_BLOCK DCOY setup=move_strike prior_bar_ticks=1566 threshold=6000
[MOVE_SUB_C] [06:48:46] FIRESTORM_GATE_BLOCK DCOY setup=move_strike prior_bar_ticks=1566 threshold=6000
[MOVE_SUB_C] [06:48:46] FIRESTORM_GATE_BLOCK DCOY setup=move_strike prior_bar_ticks=1566 threshold=6000
[MOVE_SUB_C] [06:48:46] FIRESTORM_GATE_BLOCK DCOY setup=move_strike prior_bar_ticks=1566 threshold=6000
[MOVE_SUB_C] [06:48:46] FIRESTORM_GATE_BLOCK DCOY setup=move_strike prior_bar_ticks=1566 threshold=6000
[MOVE_SUB_C] [06:48:46] FIRESTORM_GATE_BLOCK DCOY setup=move_strike prior_bar_ticks=1566 threshold=6000
[MOVE_SUB_C] [06:48:47] FIRESTORM_GATE_BLOCK DCOY setup=move_strike prior_bar_ticks=1566 threshold=6000
[MOVE_SUB_C] [06:48:47] FIRESTORM_GATE_BLOCK DCOY setup=move_strike prior_bar_ticks=1566 threshold=6000
[MOVE_SUB_C] [06:48:47] FIRESTORM_GATE_BLOCK DCOY setup=move_strike prior_bar_ticks=1566 threshold=6000
[MOVE_SUB_C] [06:48:47] FIRESTORM_GATE_BLOCK DCOY setup=move_strike prior_bar_ticks=1566 threshold=6000
[MOVE_SUB_C] [06:48:47] FIRESTORM_GATE_BLOCK DCOY setup=move_strike prior_bar_ticks=1566 threshold=6000
[MOVE_SUB_C] [06:48:47] FIRESTORM_GATE_BLOCK DCOY setup=move_strike prior_bar_ticks=1566 threshold=6000
[MOVE_SUB_C] [06:48:47] FIRESTORM_GATE_BLOCK DCOY setup=move_strike prior_bar_ticks=1566 threshold=6000
[MOVE_SUB_C] [06:48:47] FIRESTORM_GATE_BLOCK DCOY setup=move_strike prior_bar_ticks=1566 threshold=6000
[MOVE_SUB_C] [06:48:47] FIRESTORM_GATE_BLOCK DCOY setup=move_strike prior_bar_ticks=1566 threshold=6000
[MOVE_SUB_C] [06:48:47] FIRESTORM_GATE_BLOCK DCOY setup=move_strike prior_bar_ticks=1566 threshold=6000
[MOVE_SUB_C] [06:48:47] FIRESTORM_GATE_BLOCK DCOY setup=move_strike prior_bar_ticks=1566 threshold=6000
[MOVE_SUB_C] [06:48:47] FIRESTORM_GATE_BLOCK DCOY setup=move_strike prior_bar_ticks=1566 threshold=6000
[MOVE_SUB_C] [06:48:47] FIRESTORM_GATE_BLOCK DCOY setup=move_strike prior_bar_ticks=1566 threshold=6000
[MOVE_SUB_C] [06:48:47] FIRESTORM_GATE_BLOCK DCOY setup=move_strike prior_bar_ticks=1566 threshold=6000
[MOVE_SUB_C] [06:48:47] FIRESTORM_GATE_BLOCK DCOY setup=move_strike prior_bar_ticks=1566 threshold=6000
[MOVE_SUB_C] [06:48:48] FIRESTORM_GATE_BLOCK DCOY setup=move_strike prior_bar_ticks=1566 threshold=6000
[MOVE_SUB_C] [06:48:48] FIRESTORM_GATE_BLOCK DCOY setup=move_strike prior_bar_ticks=1566 threshold=6000
[MOVE_SUB_C] [06:48:48] FIRESTORM_GATE_BLOCK DCOY setup=move_strike prior_bar_ticks=1566 threshold=6000
[MOVE_SUB_C] [06:48:48] FIRESTORM_GATE_BLOCK DCOY setup=move_strike prior_bar_ticks=1566 threshold=6000
[MOVE_SUB_C] [06:48:48] FIRESTORM_GATE_BLOCK DCOY setup=move_strike prior_bar_ticks=1566 threshold=6000
[MOVE_SUB_C] [06:48:48] FIRESTORM_GATE_BLOCK DCOY setup=move_strike prior_bar_ticks=1566 threshold=6000
[MOVE_SUB_C] [06:48:48] FIRESTORM_GATE_BLOCK DCOY setup=move_strike prior_bar_ticks=1566 threshold=6000
[MOVE_SUB_C] [06:48:48] FIRESTORM_GATE_BLOCK DCOY setup=move_strike prior_bar_ticks=1566 threshold=6000
[MOVE_SUB_C] [06:48:48] FIRESTORM_GATE_BLOCK DCOY setup=move_strike prior_bar_ticks=1566 threshold=6000
[MOVE_SUB_C] [06:48:48] FIRESTORM_GATE_BLOCK DCOY setup=move_strike prior_bar_ticks=1566 threshold=6000
[MOVE_SUB_C] [06:48:48] FIRESTORM_GATE_BLOCK DCOY setup=move_strike prior_bar_ticks=1566 threshold=6000
[MOVE_SUB_C] [06:48:48] FIRESTORM_GATE_BLOCK DCOY setup=move_strike prior_bar_ticks=1566 threshold=6000
[MOVE_SUB_C] [06:48:48] FIRESTORM_GATE_BLOCK DCOY setup=move_strike prior_bar_ticks=1566 threshold=6000
[MOVE_SUB_C] [06:48:48] FIRESTORM_GATE_BLOCK DCOY setup=move_strike prior_bar_ticks=1566 threshold=6000
[MOVE_SUB_C] [06:48:48] FIRESTORM_GATE_BLOCK DCOY setup=move_strike prior_bar_ticks=1566 threshold=6000
[MOVE_SUB_C] [06:48:48] FIRESTORM_GATE_BLOCK DCOY setup=move_strike prior_bar_ticks=1566 threshold=6000
[MOVE_SUB_C] [06:48:48] FIRESTORM_GATE_BLOCK DCOY setup=move_strike prior_bar_ticks=1566 threshold=6000
[MOVE_SUB_C] [06:48:48] FIRESTORM_GATE_BLOCK DCOY setup=move_strike prior_bar_ticks=1566 threshold=6000
[MOVE_SUB_C] [06:48:48] FIRESTORM_GATE_BLOCK DCOY setup=move_strike prior_bar_ticks=1566 threshold=6000
[MOVE_SUB_C] [06:48:48] FIRESTORM_GATE_BLOCK DCOY setup=move_strike prior_bar_ticks=1566 threshold=6000
[MOVE_SUB_C] [06:48:48] FIRESTORM_GATE_BLOCK DCOY setup=move_strike prior_bar_ticks=1566 threshold=6000
[MOVE_SUB_C] [06:48:48] FIRESTORM_GATE_BLOCK DCOY setup=move_strike prior_bar_ticks=1566 threshold=6000
[MOVE_SUB_C] [06:48:49] FIRESTORM_GATE_BLOCK DCOY setup=move_strike prior_bar_ticks=1566 threshold=6000
[MOVE_SUB_C] [06:49:14] FIRESTORM_GATE_BLOCK DCOY setup=move_strike prior_bar_ticks=4370 threshold=6000
[MOVE_SUB_C] [06:49:14] FIRESTORM_GATE_BLOCK DCOY setup=move_strike prior_bar_ticks=4370 threshold=6000
[MOVE_SUB_C] [06:49:14] FIRESTORM_GATE_BLOCK DCOY setup=move_strike prior_bar_ticks=4370 threshold=6000
[MOVE_SUB_C] [06:49:14] FIRESTORM_GATE_BLOCK DCOY setup=move_strike prior_bar_ticks=4370 threshold=6000
[MOVE_SUB_C] [06:49:14] FIRESTORM_GATE_BLOCK DCOY setup=move_strike prior_bar_ticks=4370 threshold=6000
[MOVE_SUB_C] [06:49:14] FIRESTORM_GATE_BLOCK DCOY setup=move_strike prior_bar_ticks=4370 threshold=6000
[MOVE_SUB_C] [06:49:14] FIRESTORM_GATE_BLOCK DCOY setup=move_strike prior_bar_ticks=4370 threshold=6000
[MOVE_SUB_C] [06:49:14] FIRESTORM_GATE_BLOCK DCOY setup=move_strike prior_bar_ticks=4370 threshold=6000
[MOVE_SUB_C] [06:49:14] FIRESTORM_GATE_BLOCK DCOY setup=move_strike prior_bar_ticks=4370 threshold=6000
[MOVE_SUB_C] [06:49:14] FIRESTORM_GATE_BLOCK DCOY setup=move_strike prior_bar_ticks=4370 threshold=6000
[MOVE_SUB_C] [06:49:14] FIRESTORM_GATE_BLOCK DCOY setup=move_strike prior_bar_ticks=4370 threshold=6000
[MOVE_SUB_C] [06:49:14] FIRESTORM_GATE_BLOCK DCOY setup=move_strike prior_bar_ticks=4370 threshold=6000
[MOVE_SUB_C] [06:49:14] FIRESTORM_GATE_BLOCK DCOY setup=move_strike prior_bar_ticks=4370 threshold=6000
[MOVE_SUB_C] [06:49:14] FIRESTORM_GATE_BLOCK DCOY setup=move_strike prior_bar_ticks=4370 threshold=6000
[MOVE_SUB_C] [06:49:14] FIRESTORM_GATE_BLOCK DCOY setup=move_strike prior_bar_ticks=4370 threshold=6000
[MOVE_SUB_C] [06:49:14] FIRESTORM_GATE_BLOCK DCOY setup=move_strike prior_bar_ticks=4370 threshold=6000
[MOVE_SUB_C] [06:49:14] FIRESTORM_GATE_BLOCK DCOY setup=move_strike prior_bar_ticks=4370 threshold=6000
[MOVE_SUB_C] [06:49:14] FIRESTORM_GATE_BLOCK DCOY setup=move_strike prior_bar_ticks=4370 threshold=6000
[MOVE_SUB_C] [06:49:14] FIRESTORM_GATE_BLOCK DCOY setup=move_strike prior_bar_ticks=4370 threshold=6000
[MOVE_SUB_C] [06:49:14] FIRESTORM_GATE_BLOCK DCOY setup=move_strike prior_bar_ticks=4370 threshold=6000
[MOVE_SUB_C] [06:49:14] FIRESTORM_GATE_BLOCK DCOY setup=move_strike prior_bar_ticks=4370 threshold=6000
[MOVE_SUB_C] [06:49:14] FIRESTORM_GATE_BLOCK DCOY setup=move_strike prior_bar_ticks=4370 threshold=6000
[MOVE_SUB_C] [06:49:14] FIRESTORM_GATE_BLOCK DCOY setup=move_strike prior_bar_ticks=4370 threshold=6000
[MOVE_SUB_C] [06:49:14] FIRESTORM_GATE_BLOCK DCOY setup=move_strike prior_bar_ticks=4370 threshold=6000
[MOVE_SUB_C] [06:49:14] FIRESTORM_GATE_BLOCK DCOY setup=move_strike prior_bar_ticks=4370 threshold=6000
[MOVE_SUB_C] [06:49:14] FIRESTORM_GATE_BLOCK DCOY setup=move_strike prior_bar_ticks=4370 threshold=6000
[MOVE_SUB_C] [06:49:14] FIRESTORM_GATE_BLOCK DCOY setup=move_strike prior_bar_ticks=4370 threshold=6000
[MOVE_SUB_C] [06:49:14] FIRESTORM_GATE_BLOCK DCOY setup=move_strike prior_bar_ticks=4370 threshold=6000
[MOVE_SUB_C] [06:49:14] FIRESTORM_GATE_BLOCK DCOY setup=move_strike prior_bar_ticks=4370 threshold=6000
[MOVE_SUB_C] [06:49:14] FIRESTORM_GATE_BLOCK DCOY setup=move_strike prior_bar_ticks=4370 threshold=6000
[MOVE_SUB_C] [06:49:14] FIRESTORM_GATE_BLOCK DCOY setup=move_strike prior_bar_ticks=4370 threshold=6000
[MOVE_SUB_C] [06:49:14] FIRESTORM_GATE_BLOCK DCOY setup=move_strike prior_bar_ticks=4370 threshold=6000
[MOVE_SUB_C] [06:49:14] FIRESTORM_GATE_BLOCK DCOY setup=move_strike prior_bar_ticks=4370 threshold=6000
[MOVE_SUB_C] [06:49:14] FIRESTORM_GATE_BLOCK DCOY setup=move_strike prior_bar_ticks=4370 threshold=6000
[MOVE_SUB_C] [06:49:14] FIRESTORM_GATE_BLOCK DCOY setup=move_strike prior_bar_ticks=4370 threshold=6000
[MOVE_SUB_C] [06:49:14] FIRESTORM_GATE_BLOCK DCOY setup=move_strike prior_bar_ticks=4370 threshold=6000
[MOVE_SUB_C] [06:49:14] FIRESTORM_GATE_BLOCK DCOY setup=move_strike prior_bar_ticks=4370 threshold=6000
[MOVE_SUB_C] [06:49:14] FIRESTORM_GATE_BLOCK DCOY setup=move_strike prior_bar_ticks=4370 threshold=6000
[MOVE_SUB_C] [06:49:14] FIRESTORM_GATE_BLOCK DCOY setup=move_strike prior_bar_ticks=4370 threshold=6000
[MOVE_SUB_C] [06:49:14] FIRESTORM_GATE_BLOCK DCOY setup=move_strike prior_bar_ticks=4370 threshold=6000
[MOVE_SUB_C] [06:49:14] FIRESTORM_GATE_BLOCK DCOY setup=move_strike prior_bar_ticks=4370 threshold=6000
[MOVE_SUB_C] [06:49:14] FIRESTORM_GATE_BLOCK DCOY setup=move_strike prior_bar_ticks=4370 threshold=6000
[MOVE_SUB_C] [06:49:14] FIRESTORM_GATE_BLOCK DCOY setup=move_strike prior_bar_ticks=4370 threshold=6000
[MOVE_SUB_C] [06:49:14] FIRESTORM_GATE_BLOCK DCOY setup=move_strike prior_bar_ticks=4370 threshold=6000
[MOVE_SUB_C] [06:49:14] FIRESTORM_GATE_BLOCK DCOY setup=move_strike prior_bar_ticks=4370 threshold=6000
[MOVE_SUB_C] [06:49:14] FIRESTORM_GATE_BLOCK DCOY setup=move_strike prior_bar_ticks=4370 threshold=6000
[MOVE_SUB_C] [06:49:14] FIRESTORM_GATE_BLOCK DCOY setup=move_strike prior_bar_ticks=4370 threshold=6000
[MOVE_SUB_C] [06:49:14] FIRESTORM_GATE_BLOCK DCOY setup=move_strike prior_bar_ticks=4370 threshold=6000
[MOVE_SUB_C] [06:49:14] FIRESTORM_GATE_BLOCK DCOY setup=move_strike prior_bar_ticks=4370 threshold=6000
[MOVE_SUB_C] [06:49:14] FIRESTORM_GATE_BLOCK DCOY setup=move_strike prior_bar_ticks=4370 threshold=6000
[MOVE_SUB_C] [06:49:14] FIRESTORM_GATE_BLOCK DCOY setup=move_strike prior_bar_ticks=4370 threshold=6000
[MOVE_SUB_C] [06:49:14] FIRESTORM_GATE_BLOCK DCOY setup=move_strike prior_bar_ticks=4370 threshold=6000
[MOVE_SUB_C] [06:49:14] FIRESTORM_GATE_BLOCK DCOY setup=move_strike prior_bar_ticks=4370 threshold=6000
[MOVE_SUB_C] [06:49:14] FIRESTORM_GATE_BLOCK DCOY setup=move_strike prior_bar_ticks=4370 threshold=6000
[MOVE_SUB_C] [06:49:14] FIRESTORM_GATE_BLOCK DCOY setup=move_strike prior_bar_ticks=4370 threshold=6000
[MOVE_SUB_C] [06:49:14] FIRESTORM_GATE_BLOCK DCOY setup=move_strike prior_bar_ticks=4370 threshold=6000
[MOVE_SUB_C] [06:49:14] FIRESTORM_GATE_BLOCK DCOY setup=move_strike prior_bar_ticks=4370 threshold=6000
[MOVE_SUB_C] [06:49:14] FIRESTORM_GATE_BLOCK DCOY setup=move_strike prior_bar_ticks=4370 threshold=6000
[MOVE_SUB_C] [06:49:14] FIRESTORM_GATE_BLOCK DCOY setup=move_strike prior_bar_ticks=4370 threshold=6000
[MOVE_SUB_C] [06:49:14] FIRESTORM_GATE_BLOCK DCOY setup=move_strike prior_bar_ticks=4370 threshold=6000
[MOVE_SUB_C] [06:49:14] FIRESTORM_GATE_BLOCK DCOY setup=move_strike prior_bar_ticks=4370 threshold=6000
[MOVE_SUB_C] [06:49:14] FIRESTORM_GATE_BLOCK DCOY setup=move_strike prior_bar_ticks=4370 threshold=6000
[MOVE_SUB_C] [06:49:14] FIRESTORM_GATE_BLOCK DCOY setup=move_strike prior_bar_ticks=4370 threshold=6000
[MOVE_SUB_C] [06:49:14] FIRESTORM_GATE_BLOCK DCOY setup=move_strike prior_bar_ticks=4370 threshold=6000
[MOVE_SUB_C] [06:49:14] FIRESTORM_GATE_BLOCK DCOY setup=move_strike prior_bar_ticks=4370 threshold=6000
[MOVE_SUB_C] [06:49:14] FIRESTORM_GATE_BLOCK DCOY setup=move_strike prior_bar_ticks=4370 threshold=6000
[MOVE_SUB_C] [06:49:14] FIRESTORM_GATE_BLOCK DCOY setup=move_strike prior_bar_ticks=4370 threshold=6000
[MOVE_SUB_C] [06:49:14] FIRESTORM_GATE_BLOCK DCOY setup=move_strike prior_bar_ticks=4370 threshold=6000
[MOVE_SUB_C] [06:49:14] FIRESTORM_GATE_BLOCK DCOY setup=move_strike prior_bar_ticks=4370 threshold=6000
[MOVE_SUB_C] [06:49:14] FIRESTORM_GATE_BLOCK DCOY setup=move_strike prior_bar_ticks=4370 threshold=6000
[MOVE_SUB_C] [06:49:14] FIRESTORM_GATE_BLOCK DCOY setup=move_strike prior_bar_ticks=4370 threshold=6000
[MOVE_SUB_C] [06:49:14] FIRESTORM_GATE_BLOCK DCOY setup=move_strike prior_bar_ticks=4370 threshold=6000
[MOVE_SUB_C] [06:49:14] FIRESTORM_GATE_BLOCK DCOY setup=move_strike prior_bar_ticks=4370 threshold=6000
[MOVE_SUB_C] [06:49:14] FIRESTORM_GATE_BLOCK DCOY setup=move_strike prior_bar_ticks=4370 threshold=6000
[MOVE_SUB_C] [06:49:14] FIRESTORM_GATE_BLOCK DCOY setup=move_strike prior_bar_ticks=4370 threshold=6000
[MOVE_SUB_C] [06:49:14] FIRESTORM_GATE_BLOCK DCOY setup=move_strike prior_bar_ticks=4370 threshold=6000
[MOVE_SUB_C] [06:49:14] FIRESTORM_GATE_BLOCK DCOY setup=move_strike prior_bar_ticks=4370 threshold=6000
[MOVE_SUB_C] [06:49:14] FIRESTORM_GATE_BLOCK DCOY setup=move_strike prior_bar_ticks=4370 threshold=6000
[MOVE_SUB_C] [06:49:14] FIRESTORM_GATE_BLOCK DCOY setup=move_strike prior_bar_ticks=4370 threshold=6000
[MOVE_SUB_C] [06:49:14] FIRESTORM_GATE_BLOCK DCOY setup=move_strike prior_bar_ticks=4370 threshold=6000
[MOVE_SUB_C] [06:49:14] FIRESTORM_GATE_BLOCK DCOY setup=move_strike prior_bar_ticks=4370 threshold=6000
[MOVE_SUB_C] [06:49:14] FIRESTORM_GATE_BLOCK DCOY setup=move_strike prior_bar_ticks=4370 threshold=6000
[MOVE_SUB_C] [06:49:14] FIRESTORM_GATE_BLOCK DCOY setup=move_strike prior_bar_ticks=4370 threshold=6000
[MOVE_SUB_C] [06:49:14] FIRESTORM_GATE_BLOCK DCOY setup=move_strike prior_bar_ticks=4370 threshold=6000
[MOVE_SUB_C] [06:49:14] FIRESTORM_GATE_BLOCK DCOY setup=move_strike prior_bar_ticks=4370 threshold=6000
[MOVE_SUB_C] [06:49:14] FIRESTORM_GATE_BLOCK DCOY setup=move_strike prior_bar_ticks=4370 threshold=6000
[MOVE_SUB_C] [06:49:14] FIRESTORM_GATE_BLOCK DCOY setup=move_strike prior_bar_ticks=4370 threshold=6000
[MOVE_SUB_C] [06:49:14] FIRESTORM_GATE_BLOCK DCOY setup=move_strike prior_bar_ticks=4370 threshold=6000
[MOVE_SUB_C] [06:49:14] FIRESTORM_GATE_BLOCK DCOY setup=move_strike prior_bar_ticks=4370 threshold=6000
[MOVE_SUB_C] [06:49:15] FIRESTORM_GATE_BLOCK DCOY setup=move_strike prior_bar_ticks=4370 threshold=6000
[MOVE_SUB_C] [06:49:15] FIRESTORM_GATE_BLOCK DCOY setup=move_strike prior_bar_ticks=4370 threshold=6000
[MOVE_SUB_C] [06:49:15] FIRESTORM_GATE_BLOCK DCOY setup=move_strike prior_bar_ticks=4370 threshold=6000
[MOVE_SUB_C] [06:49:15] FIRESTORM_GATE_BLOCK DCOY setup=move_strike prior_bar_ticks=4370 threshold=6000
[MOVE_SUB_C] [06:49:15] FIRESTORM_GATE_BLOCK DCOY setup=move_strike prior_bar_ticks=4370 threshold=6000
[MOVE_SUB_C] [06:49:15] FIRESTORM_GATE_BLOCK DCOY setup=move_strike prior_bar_ticks=4370 threshold=6000
[MOVE_SUB_C] [06:49:15] FIRESTORM_GATE_BLOCK DCOY setup=move_strike prior_bar_ticks=4370 threshold=6000
[MOVE_SUB_C] [06:49:15] FIRESTORM_GATE_BLOCK DCOY setup=move_strike prior_bar_ticks=4370 threshold=6000
[MOVE_SUB_C] [06:49:15] FIRESTORM_GATE_BLOCK DCOY setup=move_strike prior_bar_ticks=4370 threshold=6000
[MOVE_SUB_C] [06:49:15] FIRESTORM_GATE_BLOCK DCOY setup=move_strike prior_bar_ticks=4370 threshold=6000
[MOVE_SUB_C] [06:49:15] FIRESTORM_GATE_BLOCK DCOY setup=move_strike prior_bar_ticks=4370 threshold=6000
[MOVE_SUB_C] [06:49:15] FIRESTORM_GATE_BLOCK DCOY setup=move_strike prior_bar_ticks=4370 threshold=6000
[MOVE_SUB_C] [06:49:15] FIRESTORM_GATE_BLOCK DCOY setup=move_strike prior_bar_ticks=4370 threshold=6000
[MOVE_SUB_C] [06:49:15] FIRESTORM_GATE_BLOCK DCOY setup=move_strike prior_bar_ticks=4370 threshold=6000
[MOVE_SUB_C] [06:49:15] FIRESTORM_GATE_BLOCK DCOY setup=move_strike prior_bar_ticks=4370 threshold=6000
[MOVE_SUB_C] [06:49:15] FIRESTORM_GATE_BLOCK DCOY setup=move_strike prior_bar_ticks=4370 threshold=6000
[MOVE_SUB_C] [06:49:15] FIRESTORM_GATE_BLOCK DCOY setup=move_strike prior_bar_ticks=4370 threshold=6000
[MOVE_SUB_C] [06:49:15] FIRESTORM_GATE_BLOCK DCOY setup=move_strike prior_bar_ticks=4370 threshold=6000
[MOVE_SUB_C] [06:49:15] FIRESTORM_GATE_BLOCK DCOY setup=move_strike prior_bar_ticks=4370 threshold=6000
[MOVE_SUB_C] [06:49:15] FIRESTORM_GATE_BLOCK DCOY setup=move_strike prior_bar_ticks=4370 threshold=6000
[MOVE_SUB_C] [06:49:15] FIRESTORM_GATE_BLOCK DCOY setup=move_strike prior_bar_ticks=4370 threshold=6000
[MOVE_SUB_C] [06:49:15] FIRESTORM_GATE_BLOCK DCOY setup=move_strike prior_bar_ticks=4370 threshold=6000
[MOVE_SUB_C] [06:49:15] FIRESTORM_GATE_BLOCK DCOY setup=move_strike prior_bar_ticks=4370 threshold=6000
[MOVE_SUB_C] [06:49:15] FIRESTORM_GATE_BLOCK DCOY setup=move_strike prior_bar_ticks=4370 threshold=6000
[MOVE_SUB_C] [06:49:15] FIRESTORM_GATE_BLOCK DCOY setup=move_strike prior_bar_ticks=4370 threshold=6000
[MOVE_SUB_C] [06:49:15] FIRESTORM_GATE_BLOCK DCOY setup=move_strike prior_bar_ticks=4370 threshold=6000
[MOVE_SUB_C] [06:49:15] FIRESTORM_GATE_BLOCK DCOY setup=move_strike prior_bar_ticks=4370 threshold=6000
[MOVE_SUB_C] [06:49:15] FIRESTORM_GATE_BLOCK DCOY setup=move_strike prior_bar_ticks=4370 threshold=6000
[MOVE_SUB_C] [06:49:15] FIRESTORM_GATE_BLOCK DCOY setup=move_strike prior_bar_ticks=4370 threshold=6000
[MOVE_SUB_C] [06:49:15] FIRESTORM_GATE_BLOCK DCOY setup=move_strike prior_bar_ticks=4370 threshold=6000
[MOVE_SUB_C] [06:49:15] FIRESTORM_GATE_BLOCK DCOY setup=move_strike prior_bar_ticks=4370 threshold=6000
[MOVE_SUB_C] [06:49:15] FIRESTORM_GATE_BLOCK DCOY setup=move_strike prior_bar_ticks=4370 threshold=6000
[MOVE_SUB_C] [06:49:15] FIRESTORM_GATE_BLOCK DCOY setup=move_strike prior_bar_ticks=4370 threshold=6000
[MOVE_SUB_C] [06:49:15] FIRESTORM_GATE_BLOCK DCOY setup=move_strike prior_bar_ticks=4370 threshold=6000
[MOVE_SUB_C] [06:49:15] FIRESTORM_GATE_BLOCK DCOY setup=move_strike prior_bar_ticks=4370 threshold=6000
[MOVE_SUB_C] [06:49:15] FIRESTORM_GATE_BLOCK DCOY setup=move_strike prior_bar_ticks=4370 threshold=6000
[MOVE_SUB_C] [06:49:15] FIRESTORM_GATE_BLOCK DCOY setup=move_strike prior_bar_ticks=4370 threshold=6000
[MOVE_SUB_C] [06:49:15] FIRESTORM_GATE_BLOCK DCOY setup=move_strike prior_bar_ticks=4370 threshold=6000
[MOVE_SUB_C] [06:49:15] FIRESTORM_GATE_BLOCK DCOY setup=move_strike prior_bar_ticks=4370 threshold=6000
[MOVE_SUB_C] [06:49:15] FIRESTORM_GATE_BLOCK DCOY setup=move_strike prior_bar_ticks=4370 threshold=6000
[MOVE_SUB_C] [06:49:15] FIRESTORM_GATE_BLOCK DCOY setup=move_strike prior_bar_ticks=4370 threshold=6000
[MOVE_SUB_C] [06:49:15] FIRESTORM_GATE_BLOCK DCOY setup=move_strike prior_bar_ticks=4370 threshold=6000
[MOVE_SUB_C] [06:49:15] FIRESTORM_GATE_BLOCK DCOY setup=move_strike prior_bar_ticks=4370 threshold=6000
[MOVE_SUB_C] [06:49:15] FIRESTORM_GATE_BLOCK DCOY setup=move_strike prior_bar_ticks=4370 threshold=6000
[MOVE_SUB_C] [06:49:15] FIRESTORM_GATE_BLOCK DCOY setup=move_strike prior_bar_ticks=4370 threshold=6000
[MOVE_SUB_C] [06:49:15] FIRESTORM_GATE_BLOCK DCOY setup=move_strike prior_bar_ticks=4370 threshold=6000
[MOVE_SUB_C] [06:49:15] FIRESTORM_GATE_BLOCK DCOY setup=move_strike prior_bar_ticks=4370 threshold=6000
[MOVE_SUB_C] [06:49:15] FIRESTORM_GATE_BLOCK DCOY setup=move_strike prior_bar_ticks=4370 threshold=6000
[MOVE_SUB_C] [06:49:15] FIRESTORM_GATE_BLOCK DCOY setup=move_strike prior_bar_ticks=4370 threshold=6000
[MOVE_SUB_C] [06:49:15] FIRESTORM_GATE_BLOCK DCOY setup=move_strike prior_bar_ticks=4370 threshold=6000
[MOVE_SUB_C] [06:49:15] FIRESTORM_GATE_BLOCK DCOY setup=move_strike prior_bar_ticks=4370 threshold=6000
[MOVE_SUB_C] [06:49:15] FIRESTORM_GATE_BLOCK DCOY setup=move_strike prior_bar_ticks=4370 threshold=6000
[MOVE_SUB_C] [06:49:15] FIRESTORM_GATE_BLOCK DCOY setup=move_strike prior_bar_ticks=4370 threshold=6000
[MOVE_SUB_C] [06:49:15] FIRESTORM_GATE_BLOCK DCOY setup=move_strike prior_bar_ticks=4370 threshold=6000
[MOVE_SUB_C] [06:49:15] FIRESTORM_GATE_BLOCK DCOY setup=move_strike prior_bar_ticks=4370 threshold=6000
[MOVE_SUB_C] [06:49:16] FIRESTORM_GATE_BLOCK DCOY setup=move_strike prior_bar_ticks=4370 threshold=6000
[MOVE_SUB_C] [06:49:16] FIRESTORM_GATE_BLOCK DCOY setup=move_strike prior_bar_ticks=4370 threshold=6000
[MOVE_SUB_C] [06:49:16] FIRESTORM_GATE_BLOCK DCOY setup=move_strike prior_bar_ticks=4370 threshold=6000
[MOVE_SUB_C] [06:49:16] FIRESTORM_GATE_BLOCK DCOY setup=move_strike prior_bar_ticks=4370 threshold=6000
[MOVE_SUB_C] [06:49:16] FIRESTORM_GATE_BLOCK DCOY setup=move_strike prior_bar_ticks=4370 threshold=6000
[MOVE_SUB_C] [06:49:16] FIRESTORM_GATE_BLOCK DCOY setup=move_strike prior_bar_ticks=4370 threshold=6000
[MOVE_SUB_C] [06:49:16] FIRESTORM_GATE_BLOCK DCOY setup=move_strike prior_bar_ticks=4370 threshold=6000
[MOVE_SUB_C] [06:49:16] FIRESTORM_GATE_BLOCK DCOY setup=move_strike prior_bar_ticks=4370 threshold=6000
[MOVE_SUB_C] [06:49:16] FIRESTORM_GATE_BLOCK DCOY setup=move_strike prior_bar_ticks=4370 threshold=6000
[MOVE_SUB_C] [06:49:16] FIRESTORM_GATE_BLOCK DCOY setup=move_strike prior_bar_ticks=4370 threshold=6000
[MOVE_SUB_C] [06:49:16] FIRESTORM_GATE_BLOCK DCOY setup=move_strike prior_bar_ticks=4370 threshold=6000
[MOVE_SUB_C] [06:49:16] FIRESTORM_GATE_BLOCK DCOY setup=move_strike prior_bar_ticks=4370 threshold=6000
[MOVE_SUB_C] [06:49:16] FIRESTORM_GATE_BLOCK DCOY setup=move_strike prior_bar_ticks=4370 threshold=6000
[MOVE_SUB_C] [06:49:16] FIRESTORM_GATE_BLOCK DCOY setup=move_strike prior_bar_ticks=4370 threshold=6000
[MOVE_SUB_C] [06:49:16] FIRESTORM_GATE_BLOCK DCOY setup=move_strike prior_bar_ticks=4370 threshold=6000
[MOVE_SUB_C] [06:49:16] FIRESTORM_GATE_BLOCK DCOY setup=move_strike prior_bar_ticks=4370 threshold=6000
[MOVE_SUB_C] [06:49:16] FIRESTORM_GATE_BLOCK DCOY setup=move_strike prior_bar_ticks=4370 threshold=6000
[MOVE_SUB_C] [06:49:16] FIRESTORM_GATE_BLOCK DCOY setup=move_strike prior_bar_ticks=4370 threshold=6000
[MOVE_SUB_C] [06:49:16] FIRESTORM_GATE_BLOCK DCOY setup=move_strike prior_bar_ticks=4370 threshold=6000
[MOVE_SUB_C] [06:49:16] FIRESTORM_GATE_BLOCK DCOY setup=move_strike prior_bar_ticks=4370 threshold=6000
[MOVE_SUB_C] [06:49:16] FIRESTORM_GATE_BLOCK DCOY setup=move_strike prior_bar_ticks=4370 threshold=6000
[MOVE_SUB_C] [06:49:16] FIRESTORM_GATE_BLOCK DCOY setup=move_strike prior_bar_ticks=4370 threshold=6000
[MOVE_SUB_C] [06:49:16] FIRESTORM_GATE_BLOCK DCOY setup=move_strike prior_bar_ticks=4370 threshold=6000
[MOVE_SUB_C] [06:49:16] FIRESTORM_GATE_BLOCK DCOY setup=move_strike prior_bar_ticks=4370 threshold=6000
[MOVE_SUB_C] [06:49:16] FIRESTORM_GATE_BLOCK DCOY setup=move_strike prior_bar_ticks=4370 threshold=6000
[MOVE_SUB_C] [06:49:16] FIRESTORM_GATE_BLOCK DCOY setup=move_strike prior_bar_ticks=4370 threshold=6000
[MOVE_SUB_C] [06:49:16] FIRESTORM_GATE_BLOCK DCOY setup=move_strike prior_bar_ticks=4370 threshold=6000
[MOVE_SUB_C] [06:49:16] FIRESTORM_GATE_BLOCK DCOY setup=move_strike prior_bar_ticks=4370 threshold=6000
[MOVE_SUB_C] [06:49:16] FIRESTORM_GATE_BLOCK DCOY setup=move_strike prior_bar_ticks=4370 threshold=6000
[MOVE_SUB_C] [06:49:16] FIRESTORM_GATE_BLOCK DCOY setup=move_strike prior_bar_ticks=4370 threshold=6000
[MOVE_SUB_C] [06:49:16] FIRESTORM_GATE_BLOCK DCOY setup=move_strike prior_bar_ticks=4370 threshold=6000
[MOVE_SUB_C] [06:49:16] FIRESTORM_GATE_BLOCK DCOY setup=move_strike prior_bar_ticks=4370 threshold=6000
[MOVE_SUB_C] [06:49:16] FIRESTORM_GATE_BLOCK DCOY setup=move_strike prior_bar_ticks=4370 threshold=6000
[MOVE_SUB_C] [06:49:16] FIRESTORM_GATE_BLOCK DCOY setup=move_strike prior_bar_ticks=4370 threshold=6000
[MOVE_SUB_C] [06:49:16] FIRESTORM_GATE_BLOCK DCOY setup=move_strike prior_bar_ticks=4370 threshold=6000
[MOVE_SUB_C] [06:49:16] FIRESTORM_GATE_BLOCK DCOY setup=move_strike prior_bar_ticks=4370 threshold=6000
[MOVE_SUB_C] [06:49:16] FIRESTORM_GATE_BLOCK DCOY setup=move_strike prior_bar_ticks=4370 threshold=6000
[MOVE_SUB_C] [06:49:16] FIRESTORM_GATE_BLOCK DCOY setup=move_strike prior_bar_ticks=4370 threshold=6000
[MOVE_SUB_C] [06:49:16] FIRESTORM_GATE_BLOCK DCOY setup=move_strike prior_bar_ticks=4370 threshold=6000
[MOVE_SUB_C] [06:49:16] FIRESTORM_GATE_BLOCK DCOY setup=move_strike prior_bar_ticks=4370 threshold=6000
[MOVE_SUB_C] [06:49:16] FIRESTORM_GATE_BLOCK DCOY setup=move_strike prior_bar_ticks=4370 threshold=6000
[MOVE_SUB_C] [06:49:16] FIRESTORM_GATE_BLOCK DCOY setup=move_strike prior_bar_ticks=4370 threshold=6000
[MOVE_SUB_C] [06:49:16] FIRESTORM_GATE_BLOCK DCOY setup=move_strike prior_bar_ticks=4370 threshold=6000
[MOVE_SUB_C] [06:49:16] FIRESTORM_GATE_BLOCK DCOY setup=move_strike prior_bar_ticks=4370 threshold=6000
[MOVE_SUB_C] [06:49:16] FIRESTORM_GATE_BLOCK DCOY setup=move_strike prior_bar_ticks=4370 threshold=6000
[MOVE_SUB_C] [06:49:16] FIRESTORM_GATE_BLOCK DCOY setup=move_strike prior_bar_ticks=4370 threshold=6000
[MOVE_SUB_C] [06:49:16] FIRESTORM_GATE_BLOCK DCOY setup=move_strike prior_bar_ticks=4370 threshold=6000
[MOVE_SUB_C] [06:49:16] FIRESTORM_GATE_BLOCK DCOY setup=move_strike prior_bar_ticks=4370 threshold=6000
[MOVE_SUB_C] [06:49:16] FIRESTORM_GATE_BLOCK DCOY setup=move_strike prior_bar_ticks=4370 threshold=6000
[MOVE_SUB_C] [06:49:16] FIRESTORM_GATE_BLOCK DCOY setup=move_strike prior_bar_ticks=4370 threshold=6000
[MOVE_SUB_C] [06:49:16] FIRESTORM_GATE_BLOCK DCOY setup=move_strike prior_bar_ticks=4370 threshold=6000
[MOVE_SUB_C] [06:49:16] FIRESTORM_GATE_BLOCK DCOY setup=move_strike prior_bar_ticks=4370 threshold=6000
[MOVE_SUB_C] [06:49:16] FIRESTORM_GATE_BLOCK DCOY setup=move_strike prior_bar_ticks=4370 threshold=6000
[MOVE_SUB_C] [06:49:16] FIRESTORM_GATE_BLOCK DCOY setup=move_strike prior_bar_ticks=4370 threshold=6000
[MOVE_SUB_C] [06:49:16] FIRESTORM_GATE_BLOCK DCOY setup=move_strike prior_bar_ticks=4370 threshold=6000
[MOVE_SUB_C] [06:49:16] FIRESTORM_GATE_BLOCK DCOY setup=move_strike prior_bar_ticks=4370 threshold=6000
[MOVE_SUB_C] [06:49:16] FIRESTORM_GATE_BLOCK DCOY setup=move_strike prior_bar_ticks=4370 threshold=6000
[MOVE_SUB_C] [06:49:16] FIRESTORM_GATE_BLOCK DCOY setup=move_strike prior_bar_ticks=4370 threshold=6000
[MOVE_SUB_C] [06:49:16] FIRESTORM_GATE_BLOCK DCOY setup=move_strike prior_bar_ticks=4370 threshold=6000
[MOVE_SUB_C] [06:49:16] FIRESTORM_GATE_BLOCK DCOY setup=move_strike prior_bar_ticks=4370 threshold=6000
[MOVE_SUB_C] [06:49:17] FIRESTORM_GATE_BLOCK DCOY setup=move_strike prior_bar_ticks=4370 threshold=6000
[MOVE_SUB_C] [06:49:17] FIRESTORM_GATE_BLOCK DCOY setup=move_strike prior_bar_ticks=4370 threshold=6000
[MOVE_SUB_C] [06:49:17] FIRESTORM_GATE_BLOCK DCOY setup=move_strike prior_bar_ticks=4370 threshold=6000
[MOVE_SUB_C] [06:49:17] FIRESTORM_GATE_BLOCK DCOY setup=move_strike prior_bar_ticks=4370 threshold=6000
[MOVE_SUB_C] [06:49:17] FIRESTORM_GATE_BLOCK DCOY setup=move_strike prior_bar_ticks=4370 threshold=6000
[MOVE_SUB_C] [06:49:17] FIRESTORM_GATE_BLOCK DCOY setup=move_strike prior_bar_ticks=4370 threshold=6000
[MOVE_SUB_C] [06:49:17] FIRESTORM_GATE_BLOCK DCOY setup=move_strike prior_bar_ticks=4370 threshold=6000
[MOVE_SUB_C] [06:49:17] FIRESTORM_GATE_BLOCK DCOY setup=move_strike prior_bar_ticks=4370 threshold=6000
[MOVE_SUB_C] [06:49:17] FIRESTORM_GATE_BLOCK DCOY setup=move_strike prior_bar_ticks=4370 threshold=6000
[MOVE_SUB_C] [06:49:17] FIRESTORM_GATE_BLOCK DCOY setup=move_strike prior_bar_ticks=4370 threshold=6000
[MOVE_SUB_C] [06:49:17] FIRESTORM_GATE_BLOCK DCOY setup=move_strike prior_bar_ticks=4370 threshold=6000
[MOVE_SUB_C] [06:49:17] FIRESTORM_GATE_BLOCK DCOY setup=move_strike prior_bar_ticks=4370 threshold=6000
[MOVE_SUB_C] [06:49:17] FIRESTORM_GATE_BLOCK DCOY setup=move_strike prior_bar_ticks=4370 threshold=6000
[MOVE_SUB_C] [06:49:17] FIRESTORM_GATE_BLOCK DCOY setup=move_strike prior_bar_ticks=4370 threshold=6000
[MOVE_SUB_C] [06:49:17] FIRESTORM_GATE_BLOCK DCOY setup=move_strike prior_bar_ticks=4370 threshold=6000
[MOVE_SUB_C] [06:49:17] FIRESTORM_GATE_BLOCK DCOY setup=move_strike prior_bar_ticks=4370 threshold=6000
[MOVE_SUB_C] [06:49:17] FIRESTORM_GATE_BLOCK DCOY setup=move_strike prior_bar_ticks=4370 threshold=6000
[MOVE_SUB_C] [06:49:17] FIRESTORM_GATE_BLOCK DCOY setup=move_strike prior_bar_ticks=4370 threshold=6000
[MOVE_SUB_C] [06:49:17] FIRESTORM_GATE_BLOCK DCOY setup=move_strike prior_bar_ticks=4370 threshold=6000
[MOVE_SUB_C] [06:49:17] FIRESTORM_GATE_BLOCK DCOY setup=move_strike prior_bar_ticks=4370 threshold=6000
[MOVE_SUB_C] [06:49:17] FIRESTORM_GATE_BLOCK DCOY setup=move_strike prior_bar_ticks=4370 threshold=6000
[MOVE_SUB_C] [06:49:17] FIRESTORM_GATE_BLOCK DCOY setup=move_strike prior_bar_ticks=4370 threshold=6000
[MOVE_SUB_C] [06:49:17] FIRESTORM_GATE_BLOCK DCOY setup=move_strike prior_bar_ticks=4370 threshold=6000
[MOVE_SUB_C] [06:49:17] FIRESTORM_GATE_BLOCK DCOY setup=move_strike prior_bar_ticks=4370 threshold=6000
[MOVE_SUB_C] [06:49:17] FIRESTORM_GATE_BLOCK DCOY setup=move_strike prior_bar_ticks=4370 threshold=6000
[MOVE_SUB_C] [06:49:17] FIRESTORM_GATE_BLOCK DCOY setup=move_strike prior_bar_ticks=4370 threshold=6000
[MOVE_SUB_C] [06:49:17] FIRESTORM_GATE_BLOCK DCOY setup=move_strike prior_bar_ticks=4370 threshold=6000
[MOVE_SUB_C] [06:49:17] FIRESTORM_GATE_BLOCK DCOY setup=move_strike prior_bar_ticks=4370 threshold=6000
[MOVE_SUB_C] [06:49:17] FIRESTORM_GATE_BLOCK DCOY setup=move_strike prior_bar_ticks=4370 threshold=6000
[MOVE_SUB_C] [06:49:17] FIRESTORM_GATE_BLOCK DCOY setup=move_strike prior_bar_ticks=4370 threshold=6000
[MOVE_SUB_C] [06:49:17] FIRESTORM_GATE_BLOCK DCOY setup=move_strike prior_bar_ticks=4370 threshold=6000
[MOVE_SUB_C] [06:49:17] FIRESTORM_GATE_BLOCK DCOY setup=move_strike prior_bar_ticks=4370 threshold=6000
[MOVE_SUB_C] [06:49:17] FIRESTORM_GATE_BLOCK DCOY setup=move_strike prior_bar_ticks=4370 threshold=6000
[MOVE_SUB_C] [06:49:17] FIRESTORM_GATE_BLOCK DCOY setup=move_strike prior_bar_ticks=4370 threshold=6000
[MOVE_SUB_C] [06:49:17] FIRESTORM_GATE_BLOCK DCOY setup=move_strike prior_bar_ticks=4370 threshold=6000
[MOVE_SUB_C] [06:49:17] FIRESTORM_GATE_BLOCK DCOY setup=move_strike prior_bar_ticks=4370 threshold=6000
[MOVE_SUB_C] [06:49:17] FIRESTORM_GATE_BLOCK DCOY setup=move_strike prior_bar_ticks=4370 threshold=6000
[MOVE_SUB_C] [06:49:17] FIRESTORM_GATE_BLOCK DCOY setup=move_strike prior_bar_ticks=4370 threshold=6000
[MOVE_SUB_C] [06:49:17] FIRESTORM_GATE_BLOCK DCOY setup=move_strike prior_bar_ticks=4370 threshold=6000
[MOVE_SUB_C] [06:49:17] FIRESTORM_GATE_BLOCK DCOY setup=move_strike prior_bar_ticks=4370 threshold=6000
[MOVE_SUB_C] [06:49:17] FIRESTORM_GATE_BLOCK DCOY setup=move_strike prior_bar_ticks=4370 threshold=6000
[MOVE_SUB_C] [06:49:17] FIRESTORM_GATE_BLOCK DCOY setup=move_strike prior_bar_ticks=4370 threshold=6000
[MOVE_SUB_C] [06:49:17] FIRESTORM_GATE_BLOCK DCOY setup=move_strike prior_bar_ticks=4370 threshold=6000
[MOVE_SUB_C] [06:49:17] FIRESTORM_GATE_BLOCK DCOY setup=move_strike prior_bar_ticks=4370 threshold=6000
[MOVE_SUB_C] [06:49:17] FIRESTORM_GATE_BLOCK DCOY setup=move_strike prior_bar_ticks=4370 threshold=6000
[MOVE_SUB_C] [06:49:17] FIRESTORM_GATE_BLOCK DCOY setup=move_strike prior_bar_ticks=4370 threshold=6000
[MOVE_SUB_C] [06:49:17] FIRESTORM_GATE_BLOCK DCOY setup=move_strike prior_bar_ticks=4370 threshold=6000
[MOVE_SUB_C] [06:49:17] FIRESTORM_GATE_BLOCK DCOY setup=move_strike prior_bar_ticks=4370 threshold=6000
[MOVE_SUB_C] [06:49:17] FIRESTORM_GATE_BLOCK DCOY setup=move_strike prior_bar_ticks=4370 threshold=6000
[MOVE_SUB_C] [06:49:17] FIRESTORM_GATE_BLOCK DCOY setup=move_strike prior_bar_ticks=4370 threshold=6000
[MOVE_SUB_C] [06:49:17] FIRESTORM_GATE_BLOCK DCOY setup=move_strike prior_bar_ticks=4370 threshold=6000
[MOVE_SUB_C] [06:49:17] FIRESTORM_GATE_BLOCK DCOY setup=move_strike prior_bar_ticks=4370 threshold=6000
[MOVE_SUB_C] [06:49:17] FIRESTORM_GATE_BLOCK DCOY setup=move_strike prior_bar_ticks=4370 threshold=6000
[MOVE_SUB_C] [06:49:17] FIRESTORM_GATE_BLOCK DCOY setup=move_strike prior_bar_ticks=4370 threshold=6000
[MOVE_SUB_C] [06:49:17] FIRESTORM_GATE_BLOCK DCOY setup=move_strike prior_bar_ticks=4370 threshold=6000
[MOVE_SUB_C] [06:49:17] FIRESTORM_GATE_BLOCK DCOY setup=move_strike prior_bar_ticks=4370 threshold=6000
[MOVE_SUB_C] [06:49:17] FIRESTORM_GATE_BLOCK DCOY setup=move_strike prior_bar_ticks=4370 threshold=6000
[MOVE_SUB_C] [06:49:17] FIRESTORM_GATE_BLOCK DCOY setup=move_strike prior_bar_ticks=4370 threshold=6000
[MOVE_SUB_C] [06:49:17] FIRESTORM_GATE_BLOCK DCOY setup=move_strike prior_bar_ticks=4370 threshold=6000
[MOVE_SUB_C] [06:49:17] FIRESTORM_GATE_BLOCK DCOY setup=move_strike prior_bar_ticks=4370 threshold=6000
[MOVE_SUB_C] [06:49:17] FIRESTORM_GATE_BLOCK DCOY setup=move_strike prior_bar_ticks=4370 threshold=6000
[MOVE_SUB_C] [06:49:17] FIRESTORM_GATE_BLOCK DCOY setup=move_strike prior_bar_ticks=4370 threshold=6000
[MOVE_SUB_C] [06:49:17] FIRESTORM_GATE_BLOCK DCOY setup=move_strike prior_bar_ticks=4370 threshold=6000
[MOVE_SUB_C] [06:49:17] FIRESTORM_GATE_BLOCK DCOY setup=move_strike prior_bar_ticks=4370 threshold=6000
[MOVE_SUB_C] [06:49:18] FIRESTORM_GATE_BLOCK DCOY setup=move_strike prior_bar_ticks=4370 threshold=6000
[MOVE_SUB_C] [06:49:18] FIRESTORM_GATE_BLOCK DCOY setup=move_strike prior_bar_ticks=4370 threshold=6000
[MOVE_SUB_C] [06:49:18] FIRESTORM_GATE_BLOCK DCOY setup=move_strike prior_bar_ticks=4370 threshold=6000
[MOVE_SUB_C] [06:49:18] FIRESTORM_GATE_BLOCK DCOY setup=move_strike prior_bar_ticks=4370 threshold=6000
[MOVE_SUB_C] [06:49:18] FIRESTORM_GATE_BLOCK DCOY setup=move_strike prior_bar_ticks=4370 threshold=6000
[MOVE_SUB_C] [06:49:18] FIRESTORM_GATE_BLOCK DCOY setup=move_strike prior_bar_ticks=4370 threshold=6000
[MOVE_SUB_C] [06:49:18] FIRESTORM_GATE_BLOCK DCOY setup=move_strike prior_bar_ticks=4370 threshold=6000
[MOVE_SUB_C] [06:49:18] FIRESTORM_GATE_BLOCK DCOY setup=move_strike prior_bar_ticks=4370 threshold=6000
[MOVE_SUB_C] [06:49:18] FIRESTORM_GATE_BLOCK DCOY setup=move_strike prior_bar_ticks=4370 threshold=6000
[MOVE_SUB_C] [06:49:18] FIRESTORM_GATE_BLOCK DCOY setup=move_strike prior_bar_ticks=4370 threshold=6000
[MOVE_SUB_C] [06:49:18] FIRESTORM_GATE_BLOCK DCOY setup=move_strike prior_bar_ticks=4370 threshold=6000
[MOVE_SUB_C] [06:49:18] FIRESTORM_GATE_BLOCK DCOY setup=move_strike prior_bar_ticks=4370 threshold=6000
[MOVE_SUB_C] [06:49:18] FIRESTORM_GATE_BLOCK DCOY setup=move_strike prior_bar_ticks=4370 threshold=6000
[MOVE_SUB_C] [06:49:18] FIRESTORM_GATE_BLOCK DCOY setup=move_strike prior_bar_ticks=4370 threshold=6000
[MOVE_SUB_C] [06:49:18] FIRESTORM_GATE_BLOCK DCOY setup=move_strike prior_bar_ticks=4370 threshold=6000
[MOVE_SUB_C] [06:49:18] FIRESTORM_GATE_BLOCK DCOY setup=move_strike prior_bar_ticks=4370 threshold=6000
[MOVE_SUB_C] [06:49:18] FIRESTORM_GATE_BLOCK DCOY setup=move_strike prior_bar_ticks=4370 threshold=6000
[MOVE_SUB_C] [06:49:18] FIRESTORM_GATE_BLOCK DCOY setup=move_strike prior_bar_ticks=4370 threshold=6000
[MOVE_SUB_C] [06:49:18] FIRESTORM_GATE_BLOCK DCOY setup=move_strike prior_bar_ticks=4370 threshold=6000
[MOVE_SUB_C] [06:49:18] FIRESTORM_GATE_BLOCK DCOY setup=move_strike prior_bar_ticks=4370 threshold=6000
[MOVE_SUB_C] [06:49:18] FIRESTORM_GATE_BLOCK DCOY setup=move_strike prior_bar_ticks=4370 threshold=6000
[MOVE_SUB_C] [06:49:18] FIRESTORM_GATE_BLOCK DCOY setup=move_strike prior_bar_ticks=4370 threshold=6000
[MOVE_SUB_C] [06:49:18] FIRESTORM_GATE_BLOCK DCOY setup=move_strike prior_bar_ticks=4370 threshold=6000
[MOVE_SUB_C] [06:49:18] FIRESTORM_GATE_BLOCK DCOY setup=move_strike prior_bar_ticks=4370 threshold=6000
[MOVE_SUB_C] [06:49:18] FIRESTORM_GATE_BLOCK DCOY setup=move_strike prior_bar_ticks=4370 threshold=6000
[MOVE_SUB_C] [06:49:18] FIRESTORM_GATE_BLOCK DCOY setup=move_strike prior_bar_ticks=4370 threshold=6000
[MOVE_SUB_C] [06:49:18] FIRESTORM_GATE_BLOCK DCOY setup=move_strike prior_bar_ticks=4370 threshold=6000
[MOVE_SUB_C] [06:49:18] FIRESTORM_GATE_BLOCK DCOY setup=move_strike prior_bar_ticks=4370 threshold=6000
[MOVE_SUB_C] [06:49:18] FIRESTORM_GATE_BLOCK DCOY setup=move_strike prior_bar_ticks=4370 threshold=6000
[MOVE_SUB_C] [06:49:18] FIRESTORM_GATE_BLOCK DCOY setup=move_strike prior_bar_ticks=4370 threshold=6000
[MOVE_SUB_C] [06:49:18] FIRESTORM_GATE_BLOCK DCOY setup=move_strike prior_bar_ticks=4370 threshold=6000
[MOVE_SUB_C] [06:49:18] FIRESTORM_GATE_BLOCK DCOY setup=move_strike prior_bar_ticks=4370 threshold=6000
[MOVE_SUB_C] [06:49:18] FIRESTORM_GATE_BLOCK DCOY setup=move_strike prior_bar_ticks=4370 threshold=6000
[MOVE_SUB_C] [06:49:18] FIRESTORM_GATE_BLOCK DCOY setup=move_strike prior_bar_ticks=4370 threshold=6000
[MOVE_SUB_C] [06:49:18] FIRESTORM_GATE_BLOCK DCOY setup=move_strike prior_bar_ticks=4370 threshold=6000
[MOVE_SUB_C] [06:49:18] FIRESTORM_GATE_BLOCK DCOY setup=move_strike prior_bar_ticks=4370 threshold=6000
[MOVE_SUB_C] [06:49:18] FIRESTORM_GATE_BLOCK DCOY setup=move_strike prior_bar_ticks=4370 threshold=6000
[MOVE_SUB_C] [06:49:18] FIRESTORM_GATE_BLOCK DCOY setup=move_strike prior_bar_ticks=4370 threshold=6000
[MOVE_SUB_C] [06:49:18] FIRESTORM_GATE_BLOCK DCOY setup=move_strike prior_bar_ticks=4370 threshold=6000
[MOVE_SUB_C] [06:49:18] FIRESTORM_GATE_BLOCK DCOY setup=move_strike prior_bar_ticks=4370 threshold=6000
[MOVE_SUB_C] [06:49:18] FIRESTORM_GATE_BLOCK DCOY setup=move_strike prior_bar_ticks=4370 threshold=6000
[MOVE_SUB_C] [06:49:18] FIRESTORM_GATE_BLOCK DCOY setup=move_strike prior_bar_ticks=4370 threshold=6000
[MOVE_SUB_C] [06:49:18] FIRESTORM_GATE_BLOCK DCOY setup=move_strike prior_bar_ticks=4370 threshold=6000
[MOVE_SUB_C] [06:49:18] FIRESTORM_GATE_BLOCK DCOY setup=move_strike prior_bar_ticks=4370 threshold=6000
[MOVE_SUB_C] [06:49:18] FIRESTORM_GATE_BLOCK DCOY setup=move_strike prior_bar_ticks=4370 threshold=6000
[MOVE_SUB_C] [06:49:18] FIRESTORM_GATE_BLOCK DCOY setup=move_strike prior_bar_ticks=4370 threshold=6000
[MOVE_SUB_C] [06:49:18] FIRESTORM_GATE_BLOCK DCOY setup=move_strike prior_bar_ticks=4370 threshold=6000
[MOVE_SUB_C] [06:49:18] FIRESTORM_GATE_BLOCK DCOY setup=move_strike prior_bar_ticks=4370 threshold=6000
[MOVE_SUB_C] [06:49:18] FIRESTORM_GATE_BLOCK DCOY setup=move_strike prior_bar_ticks=4370 threshold=6000
[MOVE_SUB_C] [06:49:18] FIRESTORM_GATE_BLOCK DCOY setup=move_strike prior_bar_ticks=4370 threshold=6000
[MOVE_SUB_C] [06:49:18] FIRESTORM_GATE_BLOCK DCOY setup=move_strike prior_bar_ticks=4370 threshold=6000
[MOVE_SUB_C] [06:49:18] FIRESTORM_GATE_BLOCK DCOY setup=move_strike prior_bar_ticks=4370 threshold=6000
[MOVE_SUB_C] [06:49:18] FIRESTORM_GATE_BLOCK DCOY setup=move_strike prior_bar_ticks=4370 threshold=6000
[MOVE_SUB_C] [06:49:18] FIRESTORM_GATE_BLOCK DCOY setup=move_strike prior_bar_ticks=4370 threshold=6000
[MOVE_SUB_C] [06:49:18] FIRESTORM_GATE_BLOCK DCOY setup=move_strike prior_bar_ticks=4370 threshold=6000
[MOVE_SUB_C] [06:49:18] FIRESTORM_GATE_BLOCK DCOY setup=move_strike prior_bar_ticks=4370 threshold=6000
[MOVE_SUB_C] [06:49:18] FIRESTORM_GATE_BLOCK DCOY setup=move_strike prior_bar_ticks=4370 threshold=6000
[MOVE_SUB_C] [06:49:18] FIRESTORM_GATE_BLOCK DCOY setup=move_strike prior_bar_ticks=4370 threshold=6000
[MOVE_SUB_C] [06:49:18] FIRESTORM_GATE_BLOCK DCOY setup=move_strike prior_bar_ticks=4370 threshold=6000
[MOVE_SUB_C] [06:49:18] FIRESTORM_GATE_BLOCK DCOY setup=move_strike prior_bar_ticks=4370 threshold=6000
[MOVE_SUB_C] [06:49:18] FIRESTORM_GATE_BLOCK DCOY setup=move_strike prior_bar_ticks=4370 threshold=6000
[MOVE_SUB_C] [06:49:18] FIRESTORM_GATE_BLOCK DCOY setup=move_strike prior_bar_ticks=4370 threshold=6000
[MOVE_SUB_C] [06:49:18] FIRESTORM_GATE_BLOCK DCOY setup=move_strike prior_bar_ticks=4370 threshold=6000
[MOVE_SUB_C] [06:49:18] FIRESTORM_GATE_BLOCK DCOY setup=move_strike prior_bar_ticks=4370 threshold=6000
[MOVE_SUB_C] [06:49:18] FIRESTORM_GATE_BLOCK DCOY setup=move_strike prior_bar_ticks=4370 threshold=6000
[MOVE_SUB_C] [06:49:18] FIRESTORM_GATE_BLOCK DCOY setup=move_strike prior_bar_ticks=4370 threshold=6000
[MOVE_SUB_C] [06:49:18] FIRESTORM_GATE_BLOCK DCOY setup=move_strike prior_bar_ticks=4370 threshold=6000
[MOVE_SUB_C] [06:49:18] FIRESTORM_GATE_BLOCK DCOY setup=move_strike prior_bar_ticks=4370 threshold=6000
[MOVE_SUB_C] [06:49:18] FIRESTORM_GATE_BLOCK DCOY setup=move_strike prior_bar_ticks=4370 threshold=6000
[MOVE_SUB_C] [06:49:18] FIRESTORM_GATE_BLOCK DCOY setup=move_strike prior_bar_ticks=4370 threshold=6000
[MOVE_SUB_C] [06:49:18] FIRESTORM_GATE_BLOCK DCOY setup=move_strike prior_bar_ticks=4370 threshold=6000
[MOVE_SUB_C] [06:49:18] FIRESTORM_GATE_BLOCK DCOY setup=move_strike prior_bar_ticks=4370 threshold=6000
[MOVE_SUB_C] [06:49:18] FIRESTORM_GATE_BLOCK DCOY setup=move_strike prior_bar_ticks=4370 threshold=6000
[MOVE_SUB_C] [06:49:18] FIRESTORM_GATE_BLOCK DCOY setup=move_strike prior_bar_ticks=4370 threshold=6000
[MOVE_SUB_C] [06:49:18] FIRESTORM_GATE_BLOCK DCOY setup=move_strike prior_bar_ticks=4370 threshold=6000
[MOVE_SUB_C] [06:49:18] FIRESTORM_GATE_BLOCK DCOY setup=move_strike prior_bar_ticks=4370 threshold=6000
[MOVE_SUB_C] [06:49:18] FIRESTORM_GATE_BLOCK DCOY setup=move_strike prior_bar_ticks=4370 threshold=6000
[MOVE_SUB_C] [06:49:18] FIRESTORM_GATE_BLOCK DCOY setup=move_strike prior_bar_ticks=4370 threshold=6000
[MOVE_SUB_C] [06:49:18] FIRESTORM_GATE_BLOCK DCOY setup=move_strike prior_bar_ticks=4370 threshold=6000
[MOVE_SUB_C] [06:49:18] FIRESTORM_GATE_BLOCK DCOY setup=move_strike prior_bar_ticks=4370 threshold=6000
[MOVE_SUB_C] [06:49:19] FIRESTORM_GATE_BLOCK DCOY setup=move_strike prior_bar_ticks=4370 threshold=6000
[MOVE_SUB_C] [06:49:19] FIRESTORM_GATE_BLOCK DCOY setup=move_strike prior_bar_ticks=4370 threshold=6000
[MOVE_SUB_C] [06:49:19] FIRESTORM_GATE_BLOCK DCOY setup=move_strike prior_bar_ticks=4370 threshold=6000
[MOVE_SUB_C] [06:49:19] FIRESTORM_GATE_BLOCK DCOY setup=move_strike prior_bar_ticks=4370 threshold=6000
[MOVE_SUB_C] [06:49:19] FIRESTORM_GATE_BLOCK DCOY setup=move_strike prior_bar_ticks=4370 threshold=6000
[MOVE_SUB_C] [06:49:19] FIRESTORM_GATE_BLOCK DCOY setup=move_strike prior_bar_ticks=4370 threshold=6000
[MOVE_SUB_C] [06:49:19] FIRESTORM_GATE_BLOCK DCOY setup=move_strike prior_bar_ticks=4370 threshold=6000
[MOVE_SUB_C] [06:49:19] FIRESTORM_GATE_BLOCK DCOY setup=move_strike prior_bar_ticks=4370 threshold=6000
[MOVE_SUB_C] [06:49:19] FIRESTORM_GATE_BLOCK DCOY setup=move_strike prior_bar_ticks=4370 threshold=6000
[MOVE_SUB_C] [06:49:19] FIRESTORM_GATE_BLOCK DCOY setup=move_strike prior_bar_ticks=4370 threshold=6000
[MOVE_SUB_C] [06:49:19] FIRESTORM_GATE_BLOCK DCOY setup=move_strike prior_bar_ticks=4370 threshold=6000
[MOVE_SUB_C] [06:49:19] FIRESTORM_GATE_BLOCK DCOY setup=move_strike prior_bar_ticks=4370 threshold=6000
[MOVE_SUB_C] [06:49:19] FIRESTORM_GATE_BLOCK DCOY setup=move_strike prior_bar_ticks=4370 threshold=6000
[MOVE_SUB_C] [06:49:19] FIRESTORM_GATE_BLOCK DCOY setup=move_strike prior_bar_ticks=4370 threshold=6000
[MOVE_SUB_C] [06:49:19] FIRESTORM_GATE_BLOCK DCOY setup=move_strike prior_bar_ticks=4370 threshold=6000
[MOVE_SUB_C] [06:49:19] FIRESTORM_GATE_BLOCK DCOY setup=move_strike prior_bar_ticks=4370 threshold=6000
[MOVE_SUB_C] [06:49:19] FIRESTORM_GATE_BLOCK DCOY setup=move_strike prior_bar_ticks=4370 threshold=6000
[MOVE_SUB_C] [06:49:19] FIRESTORM_GATE_BLOCK DCOY setup=move_strike prior_bar_ticks=4370 threshold=6000
[MOVE_SUB_C] [06:49:19] FIRESTORM_GATE_BLOCK DCOY setup=move_strike prior_bar_ticks=4370 threshold=6000
[MOVE_SUB_C] [06:49:19] FIRESTORM_GATE_BLOCK DCOY setup=move_strike prior_bar_ticks=4370 threshold=6000
[MOVE_SUB_C] [06:49:20] FIRESTORM_GATE_BLOCK DCOY setup=move_strike prior_bar_ticks=4370 threshold=6000
[MOVE_SUB_C] [06:49:20] FIRESTORM_GATE_BLOCK DCOY setup=move_strike prior_bar_ticks=4370 threshold=6000
[MOVE_SUB_C] [06:49:20] FIRESTORM_GATE_BLOCK DCOY setup=move_strike prior_bar_ticks=4370 threshold=6000
[MOVE_SUB_C] [06:49:20] FIRESTORM_GATE_BLOCK DCOY setup=move_strike prior_bar_ticks=4370 threshold=6000
[MOVE_SUB_C] [06:49:20] FIRESTORM_GATE_BLOCK DCOY setup=move_strike prior_bar_ticks=4370 threshold=6000
[MOVE_SUB_C] [06:49:20] FIRESTORM_GATE_BLOCK DCOY setup=move_strike prior_bar_ticks=4370 threshold=6000
[MOVE_SUB_C] [06:49:20] FIRESTORM_GATE_BLOCK DCOY setup=move_strike prior_bar_ticks=4370 threshold=6000
[MOVE_SUB_C] [06:49:20] FIRESTORM_GATE_BLOCK DCOY setup=move_strike prior_bar_ticks=4370 threshold=6000
[MOVE_SUB_C] [06:49:20] FIRESTORM_GATE_BLOCK DCOY setup=move_strike prior_bar_ticks=4370 threshold=6000
[MOVE_SUB_C] [06:49:20] FIRESTORM_GATE_BLOCK DCOY setup=move_strike prior_bar_ticks=4370 threshold=6000
[MOVE_SUB_C] [06:49:20] FIRESTORM_GATE_BLOCK DCOY setup=move_strike prior_bar_ticks=4370 threshold=6000
[MOVE_SUB_C] [06:49:20] FIRESTORM_GATE_BLOCK DCOY setup=move_strike prior_bar_ticks=4370 threshold=6000
[MOVE_SUB_C] [06:49:20] FIRESTORM_GATE_BLOCK DCOY setup=move_strike prior_bar_ticks=4370 threshold=6000
[MOVE_SUB_C] [06:49:20] FIRESTORM_GATE_BLOCK DCOY setup=move_strike prior_bar_ticks=4370 threshold=6000
[MOVE_SUB_C] [06:49:20] FIRESTORM_GATE_BLOCK DCOY setup=move_strike prior_bar_ticks=4370 threshold=6000
[MOVE_SUB_C] [06:49:20] FIRESTORM_GATE_BLOCK DCOY setup=move_strike prior_bar_ticks=4370 threshold=6000
[MOVE_SUB_C] [06:49:20] FIRESTORM_GATE_BLOCK DCOY setup=move_strike prior_bar_ticks=4370 threshold=6000
[MOVE_SUB_C] [06:49:20] FIRESTORM_GATE_BLOCK DCOY setup=move_strike prior_bar_ticks=4370 threshold=6000
[MOVE_SUB_C] [06:49:20] FIRESTORM_GATE_BLOCK DCOY setup=move_strike prior_bar_ticks=4370 threshold=6000
[MOVE_SUB_C] [06:49:20] FIRESTORM_GATE_BLOCK DCOY setup=move_strike prior_bar_ticks=4370 threshold=6000
[MOVE_SUB_C] [06:49:20] FIRESTORM_GATE_BLOCK DCOY setup=move_strike prior_bar_ticks=4370 threshold=6000
[MOVE_SUB_C] [06:49:20] FIRESTORM_GATE_BLOCK DCOY setup=move_strike prior_bar_ticks=4370 threshold=6000
[MOVE_SUB_C] [06:49:20] FIRESTORM_GATE_BLOCK DCOY setup=move_strike prior_bar_ticks=4370 threshold=6000
[MOVE_SUB_C] [06:49:20] FIRESTORM_GATE_BLOCK DCOY setup=move_strike prior_bar_ticks=4370 threshold=6000
[MOVE_SUB_C] [06:49:20] FIRESTORM_GATE_BLOCK DCOY setup=move_strike prior_bar_ticks=4370 threshold=6000
[MOVE_SUB_C] [06:49:20] FIRESTORM_GATE_BLOCK DCOY setup=move_strike prior_bar_ticks=4370 threshold=6000
[MOVE_SUB_C] [06:49:20] FIRESTORM_GATE_BLOCK DCOY setup=move_strike prior_bar_ticks=4370 threshold=6000
[MOVE_SUB_C] [06:49:20] FIRESTORM_GATE_BLOCK DCOY setup=move_strike prior_bar_ticks=4370 threshold=6000
[MOVE_SUB_C] [06:49:20] FIRESTORM_GATE_BLOCK DCOY setup=move_strike prior_bar_ticks=4370 threshold=6000
[MOVE_SUB_C] [06:49:20] FIRESTORM_GATE_BLOCK DCOY setup=move_strike prior_bar_ticks=4370 threshold=6000
[MOVE_SUB_C] [06:49:20] FIRESTORM_GATE_BLOCK DCOY setup=move_strike prior_bar_ticks=4370 threshold=6000
[MOVE_SUB_C] [06:49:20] FIRESTORM_GATE_BLOCK DCOY setup=move_strike prior_bar_ticks=4370 threshold=6000
[MOVE_SUB_C] [06:49:20] FIRESTORM_GATE_BLOCK DCOY setup=move_strike prior_bar_ticks=4370 threshold=6000
[MOVE_SUB_C] [06:49:20] FIRESTORM_GATE_BLOCK DCOY setup=move_strike prior_bar_ticks=4370 threshold=6000
[MOVE_SUB_C] [06:49:20] FIRESTORM_GATE_BLOCK DCOY setup=move_strike prior_bar_ticks=4370 threshold=6000
[MOVE_SUB_C] [06:49:20] FIRESTORM_GATE_BLOCK DCOY setup=move_strike prior_bar_ticks=4370 threshold=6000
[MOVE_SUB_C] [06:49:20] FIRESTORM_GATE_BLOCK DCOY setup=move_strike prior_bar_ticks=4370 threshold=6000
[MOVE_SUB_C] [06:49:20] FIRESTORM_GATE_BLOCK DCOY setup=move_strike prior_bar_ticks=4370 threshold=6000
[MOVE_SUB_C] [06:49:20] FIRESTORM_GATE_BLOCK DCOY setup=move_strike prior_bar_ticks=4370 threshold=6000
[MOVE_SUB_C] [06:49:20] FIRESTORM_GATE_BLOCK DCOY setup=move_strike prior_bar_ticks=4370 threshold=6000
[MOVE_SUB_C] [06:49:20] FIRESTORM_GATE_BLOCK DCOY setup=move_strike prior_bar_ticks=4370 threshold=6000
[MOVE_SUB_C] [06:49:20] FIRESTORM_GATE_BLOCK DCOY setup=move_strike prior_bar_ticks=4370 threshold=6000
[MOVE_SUB_C] [06:49:20] FIRESTORM_GATE_BLOCK DCOY setup=move_strike prior_bar_ticks=4370 threshold=6000
[MOVE_SUB_C] [06:49:20] FIRESTORM_GATE_BLOCK DCOY setup=move_strike prior_bar_ticks=4370 threshold=6000
[MOVE_SUB_C] [06:49:20] FIRESTORM_GATE_BLOCK DCOY setup=move_strike prior_bar_ticks=4370 threshold=6000
[MOVE_SUB_C] [06:49:20] FIRESTORM_GATE_BLOCK DCOY setup=move_strike prior_bar_ticks=4370 threshold=6000
[MOVE_SUB_C] [06:49:20] FIRESTORM_GATE_BLOCK DCOY setup=move_strike prior_bar_ticks=4370 threshold=6000
[MOVE_SUB_C] [06:49:20] FIRESTORM_GATE_BLOCK DCOY setup=move_strike prior_bar_ticks=4370 threshold=6000
[MOVE_SUB_C] [06:49:20] FIRESTORM_GATE_BLOCK DCOY setup=move_strike prior_bar_ticks=4370 threshold=6000
[MOVE_SUB_C] [06:49:20] FIRESTORM_GATE_BLOCK DCOY setup=move_strike prior_bar_ticks=4370 threshold=6000
[MOVE_SUB_C] [06:49:20] FIRESTORM_GATE_BLOCK DCOY setup=move_strike prior_bar_ticks=4370 threshold=6000
[MOVE_SUB_C] [06:49:20] FIRESTORM_GATE_BLOCK DCOY setup=move_strike prior_bar_ticks=4370 threshold=6000
[MOVE_SUB_C] [06:49:20] FIRESTORM_GATE_BLOCK DCOY setup=move_strike prior_bar_ticks=4370 threshold=6000
[MOVE_SUB_C] [06:49:20] FIRESTORM_GATE_BLOCK DCOY setup=move_strike prior_bar_ticks=4370 threshold=6000
[MOVE_SUB_C] [06:49:20] FIRESTORM_GATE_BLOCK DCOY setup=move_strike prior_bar_ticks=4370 threshold=6000
[MOVE_SUB_C] [06:49:20] FIRESTORM_GATE_BLOCK DCOY setup=move_strike prior_bar_ticks=4370 threshold=6000
[MOVE_SUB_C] [06:49:20] FIRESTORM_GATE_BLOCK DCOY setup=move_strike prior_bar_ticks=4370 threshold=6000
[MOVE_SUB_C] [06:49:20] FIRESTORM_GATE_BLOCK DCOY setup=move_strike prior_bar_ticks=4370 threshold=6000
[MOVE_SUB_C] [06:49:20] FIRESTORM_GATE_BLOCK DCOY setup=move_strike prior_bar_ticks=4370 threshold=6000
[MOVE_SUB_C] [06:49:20] FIRESTORM_GATE_BLOCK DCOY setup=move_strike prior_bar_ticks=4370 threshold=6000
[MOVE_SUB_C] [06:49:20] FIRESTORM_GATE_BLOCK DCOY setup=move_strike prior_bar_ticks=4370 threshold=6000
[MOVE_SUB_C] [06:49:20] FIRESTORM_GATE_BLOCK DCOY setup=move_strike prior_bar_ticks=4370 threshold=6000
[MOVE_SUB_C] [06:49:20] FIRESTORM_GATE_BLOCK DCOY setup=move_strike prior_bar_ticks=4370 threshold=6000
[MOVE_SUB_C] [06:49:20] FIRESTORM_GATE_BLOCK DCOY setup=move_strike prior_bar_ticks=4370 threshold=6000
[MOVE_SUB_C] [06:49:20] FIRESTORM_GATE_BLOCK DCOY setup=move_strike prior_bar_ticks=4370 threshold=6000
[MOVE_SUB_C] [06:49:20] FIRESTORM_GATE_BLOCK DCOY setup=move_strike prior_bar_ticks=4370 threshold=6000
[MOVE_SUB_C] [06:49:20] FIRESTORM_GATE_BLOCK DCOY setup=move_strike prior_bar_ticks=4370 threshold=6000
[MOVE_SUB_C] [06:49:20] FIRESTORM_GATE_BLOCK DCOY setup=move_strike prior_bar_ticks=4370 threshold=6000
[MOVE_SUB_C] [06:49:20] FIRESTORM_GATE_BLOCK DCOY setup=move_strike prior_bar_ticks=4370 threshold=6000
[MOVE_SUB_C] [06:49:20] FIRESTORM_GATE_BLOCK DCOY setup=move_strike prior_bar_ticks=4370 threshold=6000
[MOVE_SUB_C] [06:49:20] FIRESTORM_GATE_BLOCK DCOY setup=move_strike prior_bar_ticks=4370 threshold=6000
[MOVE_SUB_C] [06:49:20] FIRESTORM_GATE_BLOCK DCOY setup=move_strike prior_bar_ticks=4370 threshold=6000
[MOVE_SUB_C] [06:49:20] FIRESTORM_GATE_BLOCK DCOY setup=move_strike prior_bar_ticks=4370 threshold=6000
[MOVE_SUB_C] [06:49:20] FIRESTORM_GATE_BLOCK DCOY setup=move_strike prior_bar_ticks=4370 threshold=6000
[MOVE_SUB_C] [06:49:20] FIRESTORM_GATE_BLOCK DCOY setup=move_strike prior_bar_ticks=4370 threshold=6000
[MOVE_SUB_C] [06:49:20] FIRESTORM_GATE_BLOCK DCOY setup=move_strike prior_bar_ticks=4370 threshold=6000
[MOVE_SUB_C] [06:49:20] FIRESTORM_GATE_BLOCK DCOY setup=move_strike prior_bar_ticks=4370 threshold=6000
[MOVE_SUB_C] [06:49:20] FIRESTORM_GATE_BLOCK DCOY setup=move_strike prior_bar_ticks=4370 threshold=6000
[MOVE_SUB_C] [06:49:20] FIRESTORM_GATE_BLOCK DCOY setup=move_strike prior_bar_ticks=4370 threshold=6000
[MOVE_SUB_C] [06:49:20] FIRESTORM_GATE_BLOCK DCOY setup=move_strike prior_bar_ticks=4370 threshold=6000
[MOVE_SUB_C] [06:49:20] FIRESTORM_GATE_BLOCK DCOY setup=move_strike prior_bar_ticks=4370 threshold=6000
[MOVE_SUB_C] [06:49:20] FIRESTORM_GATE_BLOCK DCOY setup=move_strike prior_bar_ticks=4370 threshold=6000
[MOVE_SUB_C] [06:49:20] FIRESTORM_GATE_BLOCK DCOY setup=move_strike prior_bar_ticks=4370 threshold=6000
[MOVE_SUB_C] [06:49:20] FIRESTORM_GATE_BLOCK DCOY setup=move_strike prior_bar_ticks=4370 threshold=6000
[MOVE_SUB_C] [06:49:20] FIRESTORM_GATE_BLOCK DCOY setup=move_strike prior_bar_ticks=4370 threshold=6000
[MOVE_SUB_C] [06:49:20] FIRESTORM_GATE_BLOCK DCOY setup=move_strike prior_bar_ticks=4370 threshold=6000
[MOVE_SUB_C] [06:49:20] FIRESTORM_GATE_BLOCK DCOY setup=move_strike prior_bar_ticks=4370 threshold=6000
[MOVE_SUB_C] [06:49:20] FIRESTORM_GATE_BLOCK DCOY setup=move_strike prior_bar_ticks=4370 threshold=6000
[MOVE_SUB_C] [06:49:20] FIRESTORM_GATE_BLOCK DCOY setup=move_strike prior_bar_ticks=4370 threshold=6000
[MOVE_SUB_C] [06:49:20] FIRESTORM_GATE_BLOCK DCOY setup=move_strike prior_bar_ticks=4370 threshold=6000
[MOVE_SUB_C] [06:49:20] FIRESTORM_GATE_BLOCK DCOY setup=move_strike prior_bar_ticks=4370 threshold=6000
[MOVE_SUB_C] [06:49:20] FIRESTORM_GATE_BLOCK DCOY setup=move_strike prior_bar_ticks=4370 threshold=6000
[MOVE_SUB_C] [06:49:20] FIRESTORM_GATE_BLOCK DCOY setup=move_strike prior_bar_ticks=4370 threshold=6000
[MOVE_SUB_C] [06:49:21] FIRESTORM_GATE_BLOCK DCOY setup=move_strike prior_bar_ticks=4370 threshold=6000
[MOVE_SUB_C] [06:49:21] FIRESTORM_GATE_BLOCK DCOY setup=move_strike prior_bar_ticks=4370 threshold=6000
[MOVE_SUB_C] [06:49:21] FIRESTORM_GATE_BLOCK DCOY setup=move_strike prior_bar_ticks=4370 threshold=6000
[MOVE_SUB_C] [06:49:21] FIRESTORM_GATE_BLOCK DCOY setup=move_strike prior_bar_ticks=4370 threshold=6000
[MOVE_SUB_C] [06:49:21] FIRESTORM_GATE_BLOCK DCOY setup=move_strike prior_bar_ticks=4370 threshold=6000
[MOVE_SUB_C] [06:49:21] FIRESTORM_GATE_BLOCK DCOY setup=move_strike prior_bar_ticks=4370 threshold=6000
[MOVE_SUB_C] [06:49:21] FIRESTORM_GATE_BLOCK DCOY setup=move_strike prior_bar_ticks=4370 threshold=6000
[MOVE_SUB_C] [06:49:21] FIRESTORM_GATE_BLOCK DCOY setup=move_strike prior_bar_ticks=4370 threshold=6000
[MOVE_SUB_C] [06:49:21] FIRESTORM_GATE_BLOCK DCOY setup=move_strike prior_bar_ticks=4370 threshold=6000
[MOVE_SUB_C] [06:49:21] FIRESTORM_GATE_BLOCK DCOY setup=move_strike prior_bar_ticks=4370 threshold=6000
[MOVE_SUB_C] [06:49:21] FIRESTORM_GATE_BLOCK DCOY setup=move_strike prior_bar_ticks=4370 threshold=6000
[MOVE_SUB_C] [06:49:21] FIRESTORM_GATE_BLOCK DCOY setup=move_strike prior_bar_ticks=4370 threshold=6000
[MOVE_SUB_C] [06:49:21] FIRESTORM_GATE_BLOCK DCOY setup=move_strike prior_bar_ticks=4370 threshold=6000
[MOVE_SUB_C] [06:49:21] FIRESTORM_GATE_BLOCK DCOY setup=move_strike prior_bar_ticks=4370 threshold=6000
[MOVE_SUB_C] [06:49:21] FIRESTORM_GATE_BLOCK DCOY setup=move_strike prior_bar_ticks=4370 threshold=6000
[MOVE_SUB_C] [06:49:21] FIRESTORM_GATE_BLOCK DCOY setup=move_strike prior_bar_ticks=4370 threshold=6000
[MOVE_SUB_C] [06:49:21] FIRESTORM_GATE_BLOCK DCOY setup=move_strike prior_bar_ticks=4370 threshold=6000
[MOVE_SUB_C] [06:49:21] FIRESTORM_GATE_BLOCK DCOY setup=move_strike prior_bar_ticks=4370 threshold=6000
[MOVE_SUB_C] [06:49:21] FIRESTORM_GATE_BLOCK DCOY setup=move_strike prior_bar_ticks=4370 threshold=6000
[MOVE_SUB_C] [06:49:21] FIRESTORM_GATE_BLOCK DCOY setup=move_strike prior_bar_ticks=4370 threshold=6000
[MOVE_SUB_C] [06:49:21] FIRESTORM_GATE_BLOCK DCOY setup=move_strike prior_bar_ticks=4370 threshold=6000
[MOVE_SUB_C] [06:49:21] FIRESTORM_GATE_BLOCK DCOY setup=move_strike prior_bar_ticks=4370 threshold=6000
[MOVE_SUB_C] [06:49:21] FIRESTORM_GATE_BLOCK DCOY setup=move_strike prior_bar_ticks=4370 threshold=6000
[MOVE_SUB_C] [06:49:21] FIRESTORM_GATE_BLOCK DCOY setup=move_strike prior_bar_ticks=4370 threshold=6000
[MOVE_SUB_C] [06:49:21] FIRESTORM_GATE_BLOCK DCOY setup=move_strike prior_bar_ticks=4370 threshold=6000
[MOVE_SUB_C] [06:49:21] FIRESTORM_GATE_BLOCK DCOY setup=move_strike prior_bar_ticks=4370 threshold=6000
[MOVE_SUB_C] [06:49:21] FIRESTORM_GATE_BLOCK DCOY setup=move_strike prior_bar_ticks=4370 threshold=6000
[MOVE_SUB_C] [06:49:21] FIRESTORM_GATE_BLOCK DCOY setup=move_strike prior_bar_ticks=4370 threshold=6000
[MOVE_SUB_C] [06:49:21] FIRESTORM_GATE_BLOCK DCOY setup=move_strike prior_bar_ticks=4370 threshold=6000
[MOVE_SUB_C] [06:49:21] FIRESTORM_GATE_BLOCK DCOY setup=move_strike prior_bar_ticks=4370 threshold=6000
[MOVE_SUB_C] [06:49:21] FIRESTORM_GATE_BLOCK DCOY setup=move_strike prior_bar_ticks=4370 threshold=6000
[MOVE_SUB_C] [06:49:21] FIRESTORM_GATE_BLOCK DCOY setup=move_strike prior_bar_ticks=4370 threshold=6000
[MOVE_SUB_C] [06:49:21] FIRESTORM_GATE_BLOCK DCOY setup=move_strike prior_bar_ticks=4370 threshold=6000
[MOVE_SUB_C] [06:49:21] FIRESTORM_GATE_BLOCK DCOY setup=move_strike prior_bar_ticks=4370 threshold=6000
[MOVE_SUB_C] [06:49:21] FIRESTORM_GATE_BLOCK DCOY setup=move_strike prior_bar_ticks=4370 threshold=6000
[MOVE_SUB_C] [06:49:21] FIRESTORM_GATE_BLOCK DCOY setup=move_strike prior_bar_ticks=4370 threshold=6000
[MOVE_SUB_C] [06:49:21] FIRESTORM_GATE_BLOCK DCOY setup=move_strike prior_bar_ticks=4370 threshold=6000
[MOVE_SUB_C] [06:49:21] FIRESTORM_GATE_BLOCK DCOY setup=move_strike prior_bar_ticks=4370 threshold=6000
[MOVE_SUB_C] [06:49:21] FIRESTORM_GATE_BLOCK DCOY setup=move_strike prior_bar_ticks=4370 threshold=6000
[MOVE_SUB_C] [06:49:21] FIRESTORM_GATE_BLOCK DCOY setup=move_strike prior_bar_ticks=4370 threshold=6000
[MOVE_SUB_C] [06:49:21] FIRESTORM_GATE_BLOCK DCOY setup=move_strike prior_bar_ticks=4370 threshold=6000
[MOVE_SUB_C] [06:49:21] FIRESTORM_GATE_BLOCK DCOY setup=move_strike prior_bar_ticks=4370 threshold=6000
[MOVE_SUB_C] [06:49:21] FIRESTORM_GATE_BLOCK DCOY setup=move_strike prior_bar_ticks=4370 threshold=6000
[MOVE_SUB_C] [06:49:21] FIRESTORM_GATE_BLOCK DCOY setup=move_strike prior_bar_ticks=4370 threshold=6000
[MOVE_SUB_C] [06:49:21] FIRESTORM_GATE_BLOCK DCOY setup=move_strike prior_bar_ticks=4370 threshold=6000
[MOVE_SUB_C] [06:49:21] FIRESTORM_GATE_BLOCK DCOY setup=move_strike prior_bar_ticks=4370 threshold=6000
[MOVE_SUB_C] [06:49:21] FIRESTORM_GATE_BLOCK DCOY setup=move_strike prior_bar_ticks=4370 threshold=6000
[MOVE_SUB_C] [06:49:21] FIRESTORM_GATE_BLOCK DCOY setup=move_strike prior_bar_ticks=4370 threshold=6000
[MOVE_SUB_C] [06:49:21] FIRESTORM_GATE_BLOCK DCOY setup=move_strike prior_bar_ticks=4370 threshold=6000
[MOVE_SUB_C] [06:49:21] FIRESTORM_GATE_BLOCK DCOY setup=move_strike prior_bar_ticks=4370 threshold=6000
[MOVE_SUB_C] [06:49:21] FIRESTORM_GATE_BLOCK DCOY setup=move_strike prior_bar_ticks=4370 threshold=6000
[MOVE_SUB_C] [06:49:21] FIRESTORM_GATE_BLOCK DCOY setup=move_strike prior_bar_ticks=4370 threshold=6000
[MOVE_SUB_C] [06:49:21] FIRESTORM_GATE_BLOCK DCOY setup=move_strike prior_bar_ticks=4370 threshold=6000
[MOVE_SUB_C] [06:49:21] FIRESTORM_GATE_BLOCK DCOY setup=move_strike prior_bar_ticks=4370 threshold=6000
[MOVE_SUB_C] [06:49:21] FIRESTORM_GATE_BLOCK DCOY setup=move_strike prior_bar_ticks=4370 threshold=6000
[MOVE_SUB_C] [06:49:21] FIRESTORM_GATE_BLOCK DCOY setup=move_strike prior_bar_ticks=4370 threshold=6000
[MOVE_SUB_C] [06:49:21] FIRESTORM_GATE_BLOCK DCOY setup=move_strike prior_bar_ticks=4370 threshold=6000
[MOVE_SUB_C] [06:49:21] FIRESTORM_GATE_BLOCK DCOY setup=move_strike prior_bar_ticks=4370 threshold=6000
[MOVE_SUB_C] [06:49:21] FIRESTORM_GATE_BLOCK DCOY setup=move_strike prior_bar_ticks=4370 threshold=6000
[MOVE_SUB_C] [06:49:21] FIRESTORM_GATE_BLOCK DCOY setup=move_strike prior_bar_ticks=4370 threshold=6000
[MOVE_SUB_C] [06:49:21] FIRESTORM_GATE_BLOCK DCOY setup=move_strike prior_bar_ticks=4370 threshold=6000
[MOVE_SUB_C] [06:49:21] FIRESTORM_GATE_BLOCK DCOY setup=move_strike prior_bar_ticks=4370 threshold=6000
[MOVE_SUB_C] [06:49:21] FIRESTORM_GATE_BLOCK DCOY setup=move_strike prior_bar_ticks=4370 threshold=6000
[MOVE_SUB_C] [06:49:21] FIRESTORM_GATE_BLOCK DCOY setup=move_strike prior_bar_ticks=4370 threshold=6000
[MOVE_SUB_C] [06:49:21] FIRESTORM_GATE_BLOCK DCOY setup=move_strike prior_bar_ticks=4370 threshold=6000
[MOVE_SUB_C] [06:49:21] FIRESTORM_GATE_BLOCK DCOY setup=move_strike prior_bar_ticks=4370 threshold=6000
[MOVE_SUB_C] [06:49:21] FIRESTORM_GATE_BLOCK DCOY setup=move_strike prior_bar_ticks=4370 threshold=6000
[MOVE_SUB_C] [06:49:21] FIRESTORM_GATE_BLOCK DCOY setup=move_strike prior_bar_ticks=4370 threshold=6000
[MOVE_SUB_C] [06:49:21] FIRESTORM_GATE_BLOCK DCOY setup=move_strike prior_bar_ticks=4370 threshold=6000
[MOVE_SUB_C] [06:49:21] FIRESTORM_GATE_BLOCK DCOY setup=move_strike prior_bar_ticks=4370 threshold=6000
[MOVE_SUB_C] [06:49:21] FIRESTORM_GATE_BLOCK DCOY setup=move_strike prior_bar_ticks=4370 threshold=6000
[MOVE_SUB_C] [06:49:21] FIRESTORM_GATE_BLOCK DCOY setup=move_strike prior_bar_ticks=4370 threshold=6000
[MOVE_SUB_C] [06:49:21] FIRESTORM_GATE_BLOCK DCOY setup=move_strike prior_bar_ticks=4370 threshold=6000
[MOVE_SUB_C] [06:49:22] FIRESTORM_GATE_BLOCK DCOY setup=move_strike prior_bar_ticks=4370 threshold=6000
[MOVE_SUB_C] [06:49:22] FIRESTORM_GATE_BLOCK DCOY setup=move_strike prior_bar_ticks=4370 threshold=6000
[MOVE_SUB_C] [06:49:22] FIRESTORM_GATE_BLOCK DCOY setup=move_strike prior_bar_ticks=4370 threshold=6000
[MOVE_SUB_C] [06:49:22] FIRESTORM_GATE_BLOCK DCOY setup=move_strike prior_bar_ticks=4370 threshold=6000
[MOVE_SUB_C] [06:49:22] FIRESTORM_GATE_BLOCK DCOY setup=move_strike prior_bar_ticks=4370 threshold=6000
[MOVE_SUB_C] [06:49:22] FIRESTORM_GATE_BLOCK DCOY setup=move_strike prior_bar_ticks=4370 threshold=6000
[MOVE_SUB_C] [06:49:23] FIRESTORM_GATE_BLOCK DCOY setup=move_strike prior_bar_ticks=4370 threshold=6000
[MOVE_SUB_C] [06:49:23] FIRESTORM_GATE_BLOCK DCOY setup=move_strike prior_bar_ticks=4370 threshold=6000
[MOVE_SUB_C] [06:49:23] FIRESTORM_GATE_BLOCK DCOY setup=move_strike prior_bar_ticks=4370 threshold=6000
[MOVE_SUB_C] [06:49:23] FIRESTORM_GATE_BLOCK DCOY setup=move_strike prior_bar_ticks=4370 threshold=6000
[MOVE_SUB_C] [06:49:23] FIRESTORM_GATE_BLOCK DCOY setup=move_strike prior_bar_ticks=4370 threshold=6000
[MOVE_SUB_C] [06:49:23] FIRESTORM_GATE_BLOCK DCOY setup=move_strike prior_bar_ticks=4370 threshold=6000
[MOVE_SUB_C] [06:49:23] FIRESTORM_GATE_BLOCK DCOY setup=move_strike prior_bar_ticks=4370 threshold=6000
[MOVE_SUB_C] [06:49:23] FIRESTORM_GATE_BLOCK DCOY setup=move_strike prior_bar_ticks=4370 threshold=6000
[MOVE_SUB_C] [06:49:23] FIRESTORM_GATE_BLOCK DCOY setup=move_strike prior_bar_ticks=4370 threshold=6000
[MOVE_SUB_C] [06:49:23] FIRESTORM_GATE_BLOCK DCOY setup=move_strike prior_bar_ticks=4370 threshold=6000
[MOVE_SUB_C] [06:49:23] FIRESTORM_GATE_BLOCK DCOY setup=move_strike prior_bar_ticks=4370 threshold=6000
[MOVE_SUB_C] [06:49:23] FIRESTORM_GATE_BLOCK DCOY setup=move_strike prior_bar_ticks=4370 threshold=6000
[MOVE_SUB_C] [06:49:23] FIRESTORM_GATE_BLOCK DCOY setup=move_strike prior_bar_ticks=4370 threshold=6000
[MOVE_SUB_C] [06:49:23] FIRESTORM_GATE_BLOCK DCOY setup=move_strike prior_bar_ticks=4370 threshold=6000
[MOVE_SUB_C] [06:49:23] FIRESTORM_GATE_BLOCK DCOY setup=move_strike prior_bar_ticks=4370 threshold=6000
[MOVE_SUB_C] [06:49:23] FIRESTORM_GATE_BLOCK DCOY setup=move_strike prior_bar_ticks=4370 threshold=6000
[MOVE_SUB_C] [06:49:23] FIRESTORM_GATE_BLOCK DCOY setup=move_strike prior_bar_ticks=4370 threshold=6000
[MOVE_SUB_C] [06:49:23] FIRESTORM_GATE_BLOCK DCOY setup=move_strike prior_bar_ticks=4370 threshold=6000
[MOVE_SUB_C] [06:49:23] FIRESTORM_GATE_BLOCK DCOY setup=move_strike prior_bar_ticks=4370 threshold=6000
[MOVE_SUB_C] [06:49:23] FIRESTORM_GATE_BLOCK DCOY setup=move_strike prior_bar_ticks=4370 threshold=6000
[MOVE_SUB_C] [06:49:23] FIRESTORM_GATE_BLOCK DCOY setup=move_strike prior_bar_ticks=4370 threshold=6000
[MOVE_SUB_C] [06:49:23] FIRESTORM_GATE_BLOCK DCOY setup=move_strike prior_bar_ticks=4370 threshold=6000
[MOVE_SUB_C] [06:49:23] FIRESTORM_GATE_BLOCK DCOY setup=move_strike prior_bar_ticks=4370 threshold=6000
[MOVE_SUB_C] [06:49:23] FIRESTORM_GATE_BLOCK DCOY setup=move_strike prior_bar_ticks=4370 threshold=6000
[MOVE_SUB_C] [06:49:31] STATS ticks=154058 symbols=38 pos=no daily_pnl=+0 drops=0
[MOVE_SUB_C] [06:49:37] FIRESTORM_GATE_BLOCK DCOY setup=move_strike prior_bar_ticks=4370 threshold=6000
[MOVE_SUB_C] [06:49:37] FIRESTORM_GATE_BLOCK DCOY setup=move_strike prior_bar_ticks=4370 threshold=6000
[MOVE_SUB_C] [06:49:37] FIRESTORM_GATE_BLOCK DCOY setup=move_strike prior_bar_ticks=4370 threshold=6000
[MOVE_SUB_C] [06:49:37] FIRESTORM_GATE_BLOCK DCOY setup=move_strike prior_bar_ticks=4370 threshold=6000
[MOVE_SUB_C] [06:49:37] FIRESTORM_GATE_BLOCK DCOY setup=move_strike prior_bar_ticks=4370 threshold=6000
[MOVE_SUB_C] [06:49:37] FIRESTORM_GATE_BLOCK DCOY setup=move_strike prior_bar_ticks=4370 threshold=6000
[MOVE_SUB_C] [06:49:37] FIRESTORM_GATE_BLOCK DCOY setup=move_strike prior_bar_ticks=4370 threshold=6000
[MOVE_SUB_C] [06:49:37] FIRESTORM_GATE_BLOCK DCOY setup=move_strike prior_bar_ticks=4370 threshold=6000
[MOVE_SUB_C] [06:49:38] FIRESTORM_GATE_BLOCK DCOY setup=move_strike prior_bar_ticks=4370 threshold=6000
[MOVE_SUB_C] [06:49:38] FIRESTORM_GATE_BLOCK DCOY setup=move_strike prior_bar_ticks=4370 threshold=6000
[MOVE_SUB_C] [06:49:38] FIRESTORM_GATE_BLOCK DCOY setup=move_strike prior_bar_ticks=4370 threshold=6000
[MOVE_SUB_C] [06:49:38] FIRESTORM_GATE_BLOCK DCOY setup=move_strike prior_bar_ticks=4370 threshold=6000
[MOVE_SUB_C] [06:49:38] FIRESTORM_GATE_BLOCK DCOY setup=move_strike prior_bar_ticks=4370 threshold=6000
[MOVE_SUB_C] [06:49:38] FIRESTORM_GATE_BLOCK DCOY setup=move_strike prior_bar_ticks=4370 threshold=6000
[MOVE_SUB_C] [06:49:38] FIRESTORM_GATE_BLOCK DCOY setup=move_strike prior_bar_ticks=4370 threshold=6000
[MOVE_SUB_C] [06:49:38] FIRESTORM_GATE_BLOCK DCOY setup=move_strike prior_bar_ticks=4370 threshold=6000
[MOVE_SUB_C] [06:49:38] FIRESTORM_GATE_BLOCK DCOY setup=move_strike prior_bar_ticks=4370 threshold=6000
[MOVE_SUB_C] [06:49:38] FIRESTORM_GATE_BLOCK DCOY setup=move_strike prior_bar_ticks=4370 threshold=6000
[MOVE_SUB_C] [06:49:38] FIRESTORM_GATE_BLOCK DCOY setup=move_strike prior_bar_ticks=4370 threshold=6000
[MOVE_SUB_C] [06:49:38] FIRESTORM_GATE_BLOCK DCOY setup=move_strike prior_bar_ticks=4370 threshold=6000
[MOVE_SUB_C] [06:49:38] FIRESTORM_GATE_BLOCK DCOY setup=move_strike prior_bar_ticks=4370 threshold=6000
[MOVE_SUB_C] [06:49:38] FIRESTORM_GATE_BLOCK DCOY setup=move_strike prior_bar_ticks=4370 threshold=6000
[MOVE_SUB_C] [06:49:38] FIRESTORM_GATE_BLOCK DCOY setup=move_strike prior_bar_ticks=4370 threshold=6000
[MOVE_SUB_C] [06:49:38] FIRESTORM_GATE_BLOCK DCOY setup=move_strike prior_bar_ticks=4370 threshold=6000
[MOVE_SUB_C] [06:49:38] FIRESTORM_GATE_BLOCK DCOY setup=move_strike prior_bar_ticks=4370 threshold=6000
[MOVE_SUB_C] [06:49:38] FIRESTORM_GATE_BLOCK DCOY setup=move_strike prior_bar_ticks=4370 threshold=6000
[MOVE_SUB_C] [06:49:38] FIRESTORM_GATE_BLOCK DCOY setup=move_strike prior_bar_ticks=4370 threshold=6000
[MOVE_SUB_C] [06:49:38] FIRESTORM_GATE_BLOCK DCOY setup=move_strike prior_bar_ticks=4370 threshold=6000
[MOVE_SUB_C] [06:49:38] FIRESTORM_GATE_BLOCK DCOY setup=move_strike prior_bar_ticks=4370 threshold=6000
[MOVE_SUB_C] [06:49:38] FIRESTORM_GATE_BLOCK DCOY setup=move_strike prior_bar_ticks=4370 threshold=6000
[MOVE_SUB_C] [06:49:38] FIRESTORM_GATE_BLOCK DCOY setup=move_strike prior_bar_ticks=4370 threshold=6000
[MOVE_SUB_C] [06:49:38] FIRESTORM_GATE_BLOCK DCOY setup=move_strike prior_bar_ticks=4370 threshold=6000
[MOVE_SUB_C] [06:49:38] FIRESTORM_GATE_BLOCK DCOY setup=move_strike prior_bar_ticks=4370 threshold=6000
[MOVE_SUB_C] [06:49:38] FIRESTORM_GATE_BLOCK DCOY setup=move_strike prior_bar_ticks=4370 threshold=6000
[MOVE_SUB_C] [06:49:38] FIRESTORM_GATE_BLOCK DCOY setup=move_strike prior_bar_ticks=4370 threshold=6000
[MOVE_SUB_C] [06:49:38] FIRESTORM_GATE_BLOCK DCOY setup=move_strike prior_bar_ticks=4370 threshold=6000
[MOVE_SUB_C] [06:49:38] FIRESTORM_GATE_BLOCK DCOY setup=move_strike prior_bar_ticks=4370 threshold=6000
[MOVE_SUB_C] [06:49:38] FIRESTORM_GATE_BLOCK DCOY setup=move_strike prior_bar_ticks=4370 threshold=6000
[MOVE_SUB_C] [06:49:38] FIRESTORM_GATE_BLOCK DCOY setup=move_strike prior_bar_ticks=4370 threshold=6000
[MOVE_SUB_C] [06:49:38] FIRESTORM_GATE_BLOCK DCOY setup=move_strike prior_bar_ticks=4370 threshold=6000
[MOVE_SUB_C] [06:49:38] FIRESTORM_GATE_BLOCK DCOY setup=move_strike prior_bar_ticks=4370 threshold=6000
[MOVE_SUB_C] [06:49:38] FIRESTORM_GATE_BLOCK DCOY setup=move_strike prior_bar_ticks=4370 threshold=6000
[MOVE_SUB_C] [06:49:38] FIRESTORM_GATE_BLOCK DCOY setup=move_strike prior_bar_ticks=4370 threshold=6000
[MOVE_SUB_C] [06:49:38] FIRESTORM_GATE_BLOCK DCOY setup=move_strike prior_bar_ticks=4370 threshold=6000
[MOVE_SUB_C] [06:49:38] FIRESTORM_GATE_BLOCK DCOY setup=move_strike prior_bar_ticks=4370 threshold=6000
[MOVE_SUB_C] [06:49:38] FIRESTORM_GATE_BLOCK DCOY setup=move_strike prior_bar_ticks=4370 threshold=6000
[MOVE_SUB_C] [06:49:38] FIRESTORM_GATE_BLOCK DCOY setup=move_strike prior_bar_ticks=4370 threshold=6000
[MOVE_SUB_C] [06:49:38] FIRESTORM_GATE_BLOCK DCOY setup=move_strike prior_bar_ticks=4370 threshold=6000
[MOVE_SUB_C] [06:49:38] FIRESTORM_GATE_BLOCK DCOY setup=move_strike prior_bar_ticks=4370 threshold=6000
[MOVE_SUB_C] [06:49:38] FIRESTORM_GATE_BLOCK DCOY setup=move_strike prior_bar_ticks=4370 threshold=6000
[MOVE_SUB_C] [06:49:38] FIRESTORM_GATE_BLOCK DCOY setup=move_strike prior_bar_ticks=4370 threshold=6000
[MOVE_SUB_C] [06:49:38] FIRESTORM_GATE_BLOCK DCOY setup=move_strike prior_bar_ticks=4370 threshold=6000
[MOVE_SUB_C] [06:49:38] FIRESTORM_GATE_BLOCK DCOY setup=move_strike prior_bar_ticks=4370 threshold=6000
[MOVE_SUB_C] [06:49:38] FIRESTORM_GATE_BLOCK DCOY setup=move_strike prior_bar_ticks=4370 threshold=6000
[MOVE_SUB_C] [06:49:38] FIRESTORM_GATE_BLOCK DCOY setup=move_strike prior_bar_ticks=4370 threshold=6000
[MOVE_SUB_C] [06:49:39] FIRESTORM_GATE_BLOCK DCOY setup=move_strike prior_bar_ticks=4370 threshold=6000
[MOVE_SUB_C] [06:49:39] FIRESTORM_GATE_BLOCK DCOY setup=move_strike prior_bar_ticks=4370 threshold=6000
[MOVE_SUB_C] [06:49:39] FIRESTORM_GATE_BLOCK DCOY setup=move_strike prior_bar_ticks=4370 threshold=6000
[MOVE_SUB_C] [06:49:39] FIRESTORM_GATE_BLOCK DCOY setup=move_strike prior_bar_ticks=4370 threshold=6000
[MOVE_SUB_C] [06:49:39] FIRESTORM_GATE_BLOCK DCOY setup=move_strike prior_bar_ticks=4370 threshold=6000
[MOVE_SUB_C] [06:49:39] FIRESTORM_GATE_BLOCK DCOY setup=move_strike prior_bar_ticks=4370 threshold=6000
[MOVE_SUB_C] [06:49:39] FIRESTORM_GATE_BLOCK DCOY setup=move_strike prior_bar_ticks=4370 threshold=6000
[MOVE_SUB_C] [06:49:39] FIRESTORM_GATE_BLOCK DCOY setup=move_strike prior_bar_ticks=4370 threshold=6000
[MOVE_SUB_C] [06:49:39] FIRESTORM_GATE_BLOCK DCOY setup=move_strike prior_bar_ticks=4370 threshold=6000
[MOVE_SUB_C] [06:49:39] FIRESTORM_GATE_BLOCK DCOY setup=move_strike prior_bar_ticks=4370 threshold=6000
[MOVE_SUB_C] [06:49:39] FIRESTORM_GATE_BLOCK DCOY setup=move_strike prior_bar_ticks=4370 threshold=6000
[MOVE_SUB_C] [06:49:39] FIRESTORM_GATE_BLOCK DCOY setup=move_strike prior_bar_ticks=4370 threshold=6000
[MOVE_SUB_C] [06:49:39] FIRESTORM_GATE_BLOCK DCOY setup=move_strike prior_bar_ticks=4370 threshold=6000
[MOVE_SUB_C] [06:49:39] FIRESTORM_GATE_BLOCK DCOY setup=move_strike prior_bar_ticks=4370 threshold=6000
[MOVE_SUB_C] [06:49:39] FIRESTORM_GATE_BLOCK DCOY setup=move_strike prior_bar_ticks=4370 threshold=6000
[MOVE_SUB_C] [06:49:39] FIRESTORM_GATE_BLOCK DCOY setup=move_strike prior_bar_ticks=4370 threshold=6000
[MOVE_SUB_C] [06:49:39] FIRESTORM_GATE_BLOCK DCOY setup=move_strike prior_bar_ticks=4370 threshold=6000
[MOVE_SUB_C] [06:49:39] FIRESTORM_GATE_BLOCK DCOY setup=move_strike prior_bar_ticks=4370 threshold=6000
[MOVE_SUB_C] [06:49:39] FIRESTORM_GATE_BLOCK DCOY setup=move_strike prior_bar_ticks=4370 threshold=6000
[MOVE_SUB_C] [06:49:39] FIRESTORM_GATE_BLOCK DCOY setup=move_strike prior_bar_ticks=4370 threshold=6000
[MOVE_SUB_C] [06:49:39] FIRESTORM_GATE_BLOCK DCOY setup=move_strike prior_bar_ticks=4370 threshold=6000
[MOVE_SUB_C] [06:49:39] FIRESTORM_GATE_BLOCK DCOY setup=move_strike prior_bar_ticks=4370 threshold=6000
[MOVE_SUB_C] [06:49:39] FIRESTORM_GATE_BLOCK DCOY setup=move_strike prior_bar_ticks=4370 threshold=6000
[MOVE_SUB_C] [06:49:39] FIRESTORM_GATE_BLOCK DCOY setup=move_strike prior_bar_ticks=4370 threshold=6000
[MOVE_SUB_C] [06:49:39] FIRESTORM_GATE_BLOCK DCOY setup=move_strike prior_bar_ticks=4370 threshold=6000
[MOVE_SUB_C] [06:49:39] FIRESTORM_GATE_BLOCK DCOY setup=move_strike prior_bar_ticks=4370 threshold=6000
[MOVE_SUB_C] [06:49:39] FIRESTORM_GATE_BLOCK DCOY setup=move_strike prior_bar_ticks=4370 threshold=6000
[MOVE_SUB_C] [06:49:39] FIRESTORM_GATE_BLOCK DCOY setup=move_strike prior_bar_ticks=4370 threshold=6000
[MOVE_SUB_C] [06:49:39] FIRESTORM_GATE_BLOCK DCOY setup=move_strike prior_bar_ticks=4370 threshold=6000
[MOVE_SUB_C] [06:49:39] FIRESTORM_GATE_BLOCK DCOY setup=move_strike prior_bar_ticks=4370 threshold=6000
[MOVE_SUB_C] [06:49:39] FIRESTORM_GATE_BLOCK DCOY setup=move_strike prior_bar_ticks=4370 threshold=6000
[MOVE_SUB_C] [06:49:39] FIRESTORM_GATE_BLOCK DCOY setup=move_strike prior_bar_ticks=4370 threshold=6000
[MOVE_SUB_C] [06:49:39] FIRESTORM_GATE_BLOCK DCOY setup=move_strike prior_bar_ticks=4370 threshold=6000
[MOVE_SUB_C] [06:49:39] FIRESTORM_GATE_BLOCK DCOY setup=move_strike prior_bar_ticks=4370 threshold=6000
[MOVE_SUB_C] [06:49:39] FIRESTORM_GATE_BLOCK DCOY setup=move_strike prior_bar_ticks=4370 threshold=6000
[MOVE_SUB_C] [06:49:39] FIRESTORM_GATE_BLOCK DCOY setup=move_strike prior_bar_ticks=4370 threshold=6000
[MOVE_SUB_C] [06:49:39] FIRESTORM_GATE_BLOCK DCOY setup=move_strike prior_bar_ticks=4370 threshold=6000
[MOVE_SUB_C] [06:49:39] FIRESTORM_GATE_BLOCK DCOY setup=move_strike prior_bar_ticks=4370 threshold=6000
[MOVE_SUB_C] [06:49:39] FIRESTORM_GATE_BLOCK DCOY setup=move_strike prior_bar_ticks=4370 threshold=6000
[MOVE_SUB_C] [06:49:40] FIRESTORM_GATE_BLOCK DCOY setup=move_strike prior_bar_ticks=4370 threshold=6000
[MOVE_SUB_C] [06:49:40] FIRESTORM_GATE_BLOCK DCOY setup=move_strike prior_bar_ticks=4370 threshold=6000
[MOVE_SUB_C] [06:49:40] FIRESTORM_GATE_BLOCK DCOY setup=move_strike prior_bar_ticks=4370 threshold=6000
[MOVE_SUB_C] [06:49:40] FIRESTORM_GATE_BLOCK DCOY setup=move_strike prior_bar_ticks=4370 threshold=6000
[MOVE_SUB_C] [06:49:40] FIRESTORM_GATE_BLOCK DCOY setup=move_strike prior_bar_ticks=4370 threshold=6000
[MOVE_SUB_C] [06:49:40] FIRESTORM_GATE_BLOCK DCOY setup=move_strike prior_bar_ticks=4370 threshold=6000
[MOVE_SUB_C] [06:49:40] FIRESTORM_GATE_BLOCK DCOY setup=move_strike prior_bar_ticks=4370 threshold=6000
[MOVE_SUB_C] [06:49:40] FIRESTORM_GATE_BLOCK DCOY setup=move_strike prior_bar_ticks=4370 threshold=6000
[MOVE_SUB_C] [06:49:40] FIRESTORM_GATE_BLOCK DCOY setup=move_strike prior_bar_ticks=4370 threshold=6000
[MOVE_SUB_C] [06:49:40] FIRESTORM_GATE_BLOCK DCOY setup=move_strike prior_bar_ticks=4370 threshold=6000
[MOVE_SUB_C] [06:49:40] FIRESTORM_GATE_BLOCK DCOY setup=move_strike prior_bar_ticks=4370 threshold=6000
[MOVE_SUB_C] [06:49:40] FIRESTORM_GATE_BLOCK DCOY setup=move_strike prior_bar_ticks=4370 threshold=6000
[MOVE_SUB_C] [06:49:40] FIRESTORM_GATE_BLOCK DCOY setup=move_strike prior_bar_ticks=4370 threshold=6000
[MOVE_SUB_C] [06:49:40] FIRESTORM_GATE_BLOCK DCOY setup=move_strike prior_bar_ticks=4370 threshold=6000
[MOVE_SUB_C] [06:49:40] FIRESTORM_GATE_BLOCK DCOY setup=move_strike prior_bar_ticks=4370 threshold=6000
[MOVE_SUB_C] [06:49:40] FIRESTORM_GATE_BLOCK DCOY setup=move_strike prior_bar_ticks=4370 threshold=6000
[MOVE_SUB_C] [06:49:40] FIRESTORM_GATE_BLOCK DCOY setup=move_strike prior_bar_ticks=4370 threshold=6000
[MOVE_SUB_C] [06:49:40] FIRESTORM_GATE_BLOCK DCOY setup=move_strike prior_bar_ticks=4370 threshold=6000
[MOVE_SUB_C] [06:49:40] FIRESTORM_GATE_BLOCK DCOY setup=move_strike prior_bar_ticks=4370 threshold=6000
[MOVE_SUB_C] [06:49:40] FIRESTORM_GATE_BLOCK DCOY setup=move_strike prior_bar_ticks=4370 threshold=6000
[MOVE_SUB_C] [06:49:40] FIRESTORM_GATE_BLOCK DCOY setup=move_strike prior_bar_ticks=4370 threshold=6000
[MOVE_SUB_C] [06:49:40] FIRESTORM_GATE_BLOCK DCOY setup=move_strike prior_bar_ticks=4370 threshold=6000
[MOVE_SUB_C] [06:49:40] FIRESTORM_GATE_BLOCK DCOY setup=move_strike prior_bar_ticks=4370 threshold=6000
[MOVE_SUB_C] [06:49:40] FIRESTORM_GATE_BLOCK DCOY setup=move_strike prior_bar_ticks=4370 threshold=6000
[MOVE_SUB_C] [06:49:40] FIRESTORM_GATE_BLOCK DCOY setup=move_strike prior_bar_ticks=4370 threshold=6000
[MOVE_SUB_C] [06:49:40] FIRESTORM_GATE_BLOCK DCOY setup=move_strike prior_bar_ticks=4370 threshold=6000
[MOVE_SUB_C] [06:49:40] FIRESTORM_GATE_BLOCK DCOY setup=move_strike prior_bar_ticks=4370 threshold=6000
[MOVE_SUB_C] [06:49:40] FIRESTORM_GATE_BLOCK DCOY setup=move_strike prior_bar_ticks=4370 threshold=6000
[MOVE_SUB_C] [06:49:40] FIRESTORM_GATE_BLOCK DCOY setup=move_strike prior_bar_ticks=4370 threshold=6000
[MOVE_SUB_C] [06:49:40] FIRESTORM_GATE_BLOCK DCOY setup=move_strike prior_bar_ticks=4370 threshold=6000
[MOVE_SUB_C] [06:49:40] FIRESTORM_GATE_BLOCK DCOY setup=move_strike prior_bar_ticks=4370 threshold=6000
[MOVE_SUB_C] [06:49:40] FIRESTORM_GATE_BLOCK DCOY setup=move_strike prior_bar_ticks=4370 threshold=6000
[MOVE_SUB_C] [06:49:41] FIRESTORM_GATE_BLOCK DCOY setup=move_strike prior_bar_ticks=4370 threshold=6000
[MOVE_SUB_C] [06:49:41] FIRESTORM_GATE_BLOCK DCOY setup=move_strike prior_bar_ticks=4370 threshold=6000
[MOVE_SUB_C] [06:49:41] FIRESTORM_GATE_BLOCK DCOY setup=move_strike prior_bar_ticks=4370 threshold=6000
[MOVE_SUB_C] [06:49:41] FIRESTORM_GATE_BLOCK DCOY setup=move_strike prior_bar_ticks=4370 threshold=6000
[MOVE_SUB_C] [06:49:41] FIRESTORM_GATE_BLOCK DCOY setup=move_strike prior_bar_ticks=4370 threshold=6000
[MOVE_SUB_C] [06:49:41] FIRESTORM_GATE_BLOCK DCOY setup=move_strike prior_bar_ticks=4370 threshold=6000
[MOVE_SUB_C] [06:49:41] FIRESTORM_GATE_BLOCK DCOY setup=move_strike prior_bar_ticks=4370 threshold=6000
[MOVE_SUB_C] [06:49:41] FIRESTORM_GATE_BLOCK DCOY setup=move_strike prior_bar_ticks=4370 threshold=6000
[MOVE_SUB_C] [06:49:41] FIRESTORM_GATE_BLOCK DCOY setup=move_strike prior_bar_ticks=4370 threshold=6000
[MOVE_SUB_C] [06:49:41] FIRESTORM_GATE_BLOCK DCOY setup=move_strike prior_bar_ticks=4370 threshold=6000
[MOVE_SUB_C] [06:49:41] FIRESTORM_GATE_BLOCK DCOY setup=move_strike prior_bar_ticks=4370 threshold=6000
[MOVE_SUB_C] [06:49:41] FIRESTORM_GATE_BLOCK DCOY setup=move_strike prior_bar_ticks=4370 threshold=6000
[MOVE_SUB_C] [06:49:41] FIRESTORM_GATE_BLOCK DCOY setup=move_strike prior_bar_ticks=4370 threshold=6000
[MOVE_SUB_C] [06:49:41] FIRESTORM_GATE_BLOCK DCOY setup=move_strike prior_bar_ticks=4370 threshold=6000
[MOVE_SUB_C] [06:49:41] FIRESTORM_GATE_BLOCK DCOY setup=move_strike prior_bar_ticks=4370 threshold=6000
[MOVE_SUB_C] [06:49:41] FIRESTORM_GATE_BLOCK DCOY setup=move_strike prior_bar_ticks=4370 threshold=6000
[MOVE_SUB_C] [06:49:41] FIRESTORM_GATE_BLOCK DCOY setup=move_strike prior_bar_ticks=4370 threshold=6000
[MOVE_SUB_C] [06:49:41] FIRESTORM_GATE_BLOCK DCOY setup=move_strike prior_bar_ticks=4370 threshold=6000
[MOVE_SUB_C] [06:49:41] FIRESTORM_GATE_BLOCK DCOY setup=move_strike prior_bar_ticks=4370 threshold=6000
[MOVE_SUB_C] [06:49:41] FIRESTORM_GATE_BLOCK DCOY setup=move_strike prior_bar_ticks=4370 threshold=6000
[MOVE_SUB_C] [06:49:41] FIRESTORM_GATE_BLOCK DCOY setup=move_strike prior_bar_ticks=4370 threshold=6000
[MOVE_SUB_C] [06:49:41] FIRESTORM_GATE_BLOCK DCOY setup=move_strike prior_bar_ticks=4370 threshold=6000
[MOVE_SUB_C] [06:49:41] FIRESTORM_GATE_BLOCK DCOY setup=move_strike prior_bar_ticks=4370 threshold=6000
[MOVE_SUB_C] [06:49:41] FIRESTORM_GATE_BLOCK DCOY setup=move_strike prior_bar_ticks=4370 threshold=6000
[MOVE_SUB_C] [06:49:41] FIRESTORM_GATE_BLOCK DCOY setup=move_strike prior_bar_ticks=4370 threshold=6000
[MOVE_SUB_C] [06:49:41] FIRESTORM_GATE_BLOCK DCOY setup=move_strike prior_bar_ticks=4370 threshold=6000
[MOVE_SUB_C] [06:49:41] FIRESTORM_GATE_BLOCK DCOY setup=move_strike prior_bar_ticks=4370 threshold=6000
[MOVE_SUB_C] [06:49:41] FIRESTORM_GATE_BLOCK DCOY setup=move_strike prior_bar_ticks=4370 threshold=6000
[MOVE_SUB_C] [06:49:41] FIRESTORM_GATE_BLOCK DCOY setup=move_strike prior_bar_ticks=4370 threshold=6000
[MOVE_SUB_C] [06:49:42] FIRESTORM_GATE_BLOCK DCOY setup=move_strike prior_bar_ticks=4370 threshold=6000
[MOVE_SUB_C] [06:49:42] FIRESTORM_GATE_BLOCK DCOY setup=move_strike prior_bar_ticks=4370 threshold=6000
[MOVE_SUB_C] [06:49:42] FIRESTORM_GATE_BLOCK DCOY setup=move_strike prior_bar_ticks=4370 threshold=6000
[MOVE_SUB_C] [06:49:42] FIRESTORM_GATE_BLOCK DCOY setup=move_strike prior_bar_ticks=4370 threshold=6000
[MOVE_SUB_C] [06:49:42] FIRESTORM_GATE_BLOCK DCOY setup=move_strike prior_bar_ticks=4370 threshold=6000
[MOVE_SUB_C] [06:49:42] FIRESTORM_GATE_BLOCK DCOY setup=move_strike prior_bar_ticks=4370 threshold=6000
[MOVE_SUB_C] [06:49:42] FIRESTORM_GATE_BLOCK DCOY setup=move_strike prior_bar_ticks=4370 threshold=6000
[MOVE_SUB_C] [06:49:42] FIRESTORM_GATE_BLOCK DCOY setup=move_strike prior_bar_ticks=4370 threshold=6000
[MOVE_SUB_C] [06:49:42] FIRESTORM_GATE_BLOCK DCOY setup=move_strike prior_bar_ticks=4370 threshold=6000
[MOVE_SUB_C] [06:49:42] FIRESTORM_GATE_BLOCK DCOY setup=move_strike prior_bar_ticks=4370 threshold=6000
[MOVE_SUB_C] [06:49:42] FIRESTORM_GATE_BLOCK DCOY setup=move_strike prior_bar_ticks=4370 threshold=6000
[MOVE_SUB_C] [06:49:42] FIRESTORM_GATE_BLOCK DCOY setup=move_strike prior_bar_ticks=4370 threshold=6000
[MOVE_SUB_C] [06:49:42] FIRESTORM_GATE_BLOCK DCOY setup=move_strike prior_bar_ticks=4370 threshold=6000
[MOVE_SUB_C] [06:49:42] FIRESTORM_GATE_BLOCK DCOY setup=move_strike prior_bar_ticks=4370 threshold=6000
[MOVE_SUB_C] [06:49:42] FIRESTORM_GATE_BLOCK DCOY setup=move_strike prior_bar_ticks=4370 threshold=6000
[MOVE_SUB_C] [06:49:42] FIRESTORM_GATE_BLOCK DCOY setup=move_strike prior_bar_ticks=4370 threshold=6000
[MOVE_SUB_C] [06:49:42] FIRESTORM_GATE_BLOCK DCOY setup=move_strike prior_bar_ticks=4370 threshold=6000
[MOVE_SUB_C] [06:49:42] FIRESTORM_GATE_BLOCK DCOY setup=move_strike prior_bar_ticks=4370 threshold=6000
[MOVE_SUB_C] [06:49:43] FIRESTORM_GATE_BLOCK DCOY setup=move_strike prior_bar_ticks=4370 threshold=6000
[MOVE_SUB_C] [06:49:54] FIRESTORM_GATE_BLOCK DCOY setup=move_strike prior_bar_ticks=4370 threshold=6000
[MOVE_SUB_C] [06:49:54] FIRESTORM_GATE_BLOCK DCOY setup=move_strike prior_bar_ticks=4370 threshold=6000
[MOVE_SUB_C] [06:49:54] FIRESTORM_GATE_BLOCK DCOY setup=move_strike prior_bar_ticks=4370 threshold=6000
[MOVE_SUB_C] [06:49:54] FIRESTORM_GATE_BLOCK DCOY setup=move_strike prior_bar_ticks=4370 threshold=6000
[MOVE_SUB_C] [06:49:54] FIRESTORM_GATE_BLOCK DCOY setup=move_strike prior_bar_ticks=4370 threshold=6000
[MOVE_SUB_C] [06:49:54] FIRESTORM_GATE_BLOCK DCOY setup=move_strike prior_bar_ticks=4370 threshold=6000
[MOVE_SUB_C] [06:49:54] FIRESTORM_GATE_BLOCK DCOY setup=move_strike prior_bar_ticks=4370 threshold=6000
[MOVE_SUB_C] [06:49:54] FIRESTORM_GATE_BLOCK DCOY setup=move_strike prior_bar_ticks=4370 threshold=6000
[MOVE_SUB_C] [06:49:54] FIRESTORM_GATE_BLOCK DCOY setup=move_strike prior_bar_ticks=4370 threshold=6000
[MOVE_SUB_C] [06:49:54] FIRESTORM_GATE_BLOCK DCOY setup=move_strike prior_bar_ticks=4370 threshold=6000
[MOVE_SUB_C] [06:49:54] FIRESTORM_GATE_BLOCK DCOY setup=move_strike prior_bar_ticks=4370 threshold=6000
[MOVE_SUB_C] [06:49:54] FIRESTORM_GATE_BLOCK DCOY setup=move_strike prior_bar_ticks=4370 threshold=6000
[MOVE_SUB_C] [06:49:54] FIRESTORM_GATE_BLOCK DCOY setup=move_strike prior_bar_ticks=4370 threshold=6000
[MOVE_SUB_C] [06:49:54] FIRESTORM_GATE_BLOCK DCOY setup=move_strike prior_bar_ticks=4370 threshold=6000
[MOVE_SUB_C] [06:49:54] FIRESTORM_GATE_BLOCK DCOY setup=move_strike prior_bar_ticks=4370 threshold=6000
[MOVE_SUB_C] [06:49:54] FIRESTORM_GATE_BLOCK DCOY setup=move_strike prior_bar_ticks=4370 threshold=6000
[MOVE_SUB_C] [06:49:54] FIRESTORM_GATE_BLOCK DCOY setup=move_strike prior_bar_ticks=4370 threshold=6000
[MOVE_SUB_C] [06:49:55] FIRESTORM_GATE_BLOCK DCOY setup=move_strike prior_bar_ticks=4370 threshold=6000
[MOVE_SUB_C] [06:49:55] FIRESTORM_GATE_BLOCK DCOY setup=move_strike prior_bar_ticks=4370 threshold=6000
[MOVE_SUB_C] [06:49:55] FIRESTORM_GATE_BLOCK DCOY setup=move_strike prior_bar_ticks=4370 threshold=6000
[MOVE_SUB_C] [06:49:55] FIRESTORM_GATE_BLOCK DCOY setup=move_strike prior_bar_ticks=4370 threshold=6000
[MOVE_SUB_C] [06:49:55] FIRESTORM_GATE_BLOCK DCOY setup=move_strike prior_bar_ticks=4370 threshold=6000
[MOVE_SUB_C] [06:49:55] FIRESTORM_GATE_BLOCK DCOY setup=move_strike prior_bar_ticks=4370 threshold=6000
[MOVE_SUB_C] [06:49:55] FIRESTORM_GATE_BLOCK DCOY setup=move_strike prior_bar_ticks=4370 threshold=6000
[MOVE_SUB_C] [06:49:55] FIRESTORM_GATE_BLOCK DCOY setup=move_strike prior_bar_ticks=4370 threshold=6000
[MOVE_SUB_C] [06:49:55] FIRESTORM_GATE_BLOCK DCOY setup=move_strike prior_bar_ticks=4370 threshold=6000
[MOVE_SUB_C] [06:49:55] FIRESTORM_GATE_BLOCK DCOY setup=move_strike prior_bar_ticks=4370 threshold=6000
[MOVE_SUB_C] [06:49:55] FIRESTORM_GATE_BLOCK DCOY setup=move_strike prior_bar_ticks=4370 threshold=6000
[MOVE_SUB_C] [06:49:55] FIRESTORM_GATE_BLOCK DCOY setup=move_strike prior_bar_ticks=4370 threshold=6000
[MOVE_SUB_C] [06:49:55] FIRESTORM_GATE_BLOCK DCOY setup=move_strike prior_bar_ticks=4370 threshold=6000
[MOVE_SUB_C] [06:49:55] FIRESTORM_GATE_BLOCK DCOY setup=move_strike prior_bar_ticks=4370 threshold=6000
[MOVE_SUB_C] [06:49:55] FIRESTORM_GATE_BLOCK DCOY setup=move_strike prior_bar_ticks=4370 threshold=6000
[MOVE_SUB_C] [06:49:55] FIRESTORM_GATE_BLOCK DCOY setup=move_strike prior_bar_ticks=4370 threshold=6000
[MOVE_SUB_C] [06:49:55] FIRESTORM_GATE_BLOCK DCOY setup=move_strike prior_bar_ticks=4370 threshold=6000
[MOVE_SUB_C] [06:49:55] FIRESTORM_GATE_BLOCK DCOY setup=move_strike prior_bar_ticks=4370 threshold=6000
[MOVE_SUB_C] [06:49:55] FIRESTORM_GATE_BLOCK DCOY setup=move_strike prior_bar_ticks=4370 threshold=6000
[MOVE_SUB_C] [06:49:55] FIRESTORM_GATE_BLOCK DCOY setup=move_strike prior_bar_ticks=4370 threshold=6000
[MOVE_SUB_C] [06:49:55] FIRESTORM_GATE_BLOCK DCOY setup=move_strike prior_bar_ticks=4370 threshold=6000
[MOVE_SUB_C] [06:49:55] FIRESTORM_GATE_BLOCK DCOY setup=move_strike prior_bar_ticks=4370 threshold=6000
[MOVE_SUB_C] [06:49:55] FIRESTORM_GATE_BLOCK DCOY setup=move_strike prior_bar_ticks=4370 threshold=6000
[MOVE_SUB_C] [06:49:55] FIRESTORM_GATE_BLOCK DCOY setup=move_strike prior_bar_ticks=4370 threshold=6000
[MOVE_SUB_C] [06:49:55] FIRESTORM_GATE_BLOCK DCOY setup=move_strike prior_bar_ticks=4370 threshold=6000
[MOVE_SUB_C] [06:49:55] FIRESTORM_GATE_BLOCK DCOY setup=move_strike prior_bar_ticks=4370 threshold=6000
[MOVE_SUB_C] [06:49:55] FIRESTORM_GATE_BLOCK DCOY setup=move_strike prior_bar_ticks=4370 threshold=6000
[MOVE_SUB_C] [06:49:55] FIRESTORM_GATE_BLOCK DCOY setup=move_strike prior_bar_ticks=4370 threshold=6000
[MOVE_SUB_C] [06:49:55] FIRESTORM_GATE_BLOCK DCOY setup=move_strike prior_bar_ticks=4370 threshold=6000
[MOVE_SUB_C] [06:49:55] FIRESTORM_GATE_BLOCK DCOY setup=move_strike prior_bar_ticks=4370 threshold=6000
[MOVE_SUB_C] [06:49:55] FIRESTORM_GATE_BLOCK DCOY setup=move_strike prior_bar_ticks=4370 threshold=6000
[MOVE_SUB_C] [06:49:55] FIRESTORM_GATE_BLOCK DCOY setup=move_strike prior_bar_ticks=4370 threshold=6000
[MOVE_SUB_C] [06:49:55] FIRESTORM_GATE_BLOCK DCOY setup=move_strike prior_bar_ticks=4370 threshold=6000
[MOVE_SUB_C] [06:49:55] FIRESTORM_GATE_BLOCK DCOY setup=move_strike prior_bar_ticks=4370 threshold=6000
[MOVE_SUB_C] [06:49:55] FIRESTORM_GATE_BLOCK DCOY setup=move_strike prior_bar_ticks=4370 threshold=6000
[MOVE_SUB_C] [06:49:55] FIRESTORM_GATE_BLOCK DCOY setup=move_strike prior_bar_ticks=4370 threshold=6000
[MOVE_SUB_C] [06:49:55] FIRESTORM_GATE_BLOCK DCOY setup=move_strike prior_bar_ticks=4370 threshold=6000
[MOVE_SUB_C] [06:49:55] FIRESTORM_GATE_BLOCK DCOY setup=move_strike prior_bar_ticks=4370 threshold=6000
[MOVE_SUB_C] [06:49:55] FIRESTORM_GATE_BLOCK DCOY setup=move_strike prior_bar_ticks=4370 threshold=6000
[MOVE_SUB_C] [06:49:55] FIRESTORM_GATE_BLOCK DCOY setup=move_strike prior_bar_ticks=4370 threshold=6000
[MOVE_SUB_C] [06:49:55] FIRESTORM_GATE_BLOCK DCOY setup=move_strike prior_bar_ticks=4370 threshold=6000
[MOVE_SUB_C] [06:49:55] FIRESTORM_GATE_BLOCK DCOY setup=move_strike prior_bar_ticks=4370 threshold=6000
[MOVE_SUB_C] [06:49:55] FIRESTORM_GATE_BLOCK DCOY setup=move_strike prior_bar_ticks=4370 threshold=6000
[MOVE_SUB_C] [06:49:55] FIRESTORM_GATE_BLOCK DCOY setup=move_strike prior_bar_ticks=4370 threshold=6000
[MOVE_SUB_C] [06:49:55] FIRESTORM_GATE_BLOCK DCOY setup=move_strike prior_bar_ticks=4370 threshold=6000
[MOVE_SUB_C] [06:49:55] FIRESTORM_GATE_BLOCK DCOY setup=move_strike prior_bar_ticks=4370 threshold=6000
[MOVE_SUB_C] [06:49:55] FIRESTORM_GATE_BLOCK DCOY setup=move_strike prior_bar_ticks=4370 threshold=6000
[MOVE_SUB_C] [06:49:55] FIRESTORM_GATE_BLOCK DCOY setup=move_strike prior_bar_ticks=4370 threshold=6000
[MOVE_SUB_C] [06:49:55] FIRESTORM_GATE_BLOCK DCOY setup=move_strike prior_bar_ticks=4370 threshold=6000
[MOVE_SUB_C] [06:49:55] FIRESTORM_GATE_BLOCK DCOY setup=move_strike prior_bar_ticks=4370 threshold=6000
[MOVE_SUB_C] [06:49:55] FIRESTORM_GATE_BLOCK DCOY setup=move_strike prior_bar_ticks=4370 threshold=6000
[MOVE_SUB_C] [06:49:55] FIRESTORM_GATE_BLOCK DCOY setup=move_strike prior_bar_ticks=4370 threshold=6000
[MOVE_SUB_C] [06:49:55] FIRESTORM_GATE_BLOCK DCOY setup=move_strike prior_bar_ticks=4370 threshold=6000
[MOVE_SUB_C] [06:49:55] FIRESTORM_GATE_BLOCK DCOY setup=move_strike prior_bar_ticks=4370 threshold=6000
[MOVE_SUB_C] [06:49:55] FIRESTORM_GATE_BLOCK DCOY setup=move_strike prior_bar_ticks=4370 threshold=6000
[MOVE_SUB_C] [06:49:55] FIRESTORM_GATE_BLOCK DCOY setup=move_strike prior_bar_ticks=4370 threshold=6000
[MOVE_SUB_C] [06:49:55] FIRESTORM_GATE_BLOCK DCOY setup=move_strike prior_bar_ticks=4370 threshold=6000
[MOVE_SUB_C] [06:49:55] FIRESTORM_GATE_BLOCK DCOY setup=move_strike prior_bar_ticks=4370 threshold=6000
[MOVE_SUB_C] [06:49:55] FIRESTORM_GATE_BLOCK DCOY setup=move_strike prior_bar_ticks=4370 threshold=6000
[MOVE_SUB_C] [06:49:55] FIRESTORM_GATE_BLOCK DCOY setup=move_strike prior_bar_ticks=4370 threshold=6000
[MOVE_SUB_C] [06:49:55] FIRESTORM_GATE_BLOCK DCOY setup=move_strike prior_bar_ticks=4370 threshold=6000
[MOVE_SUB_C] [06:49:55] FIRESTORM_GATE_BLOCK DCOY setup=move_strike prior_bar_ticks=4370 threshold=6000
[MOVE_SUB_C] [06:49:55] FIRESTORM_GATE_BLOCK DCOY setup=move_strike prior_bar_ticks=4370 threshold=6000
[MOVE_SUB_C] [06:49:55] FIRESTORM_GATE_BLOCK DCOY setup=move_strike prior_bar_ticks=4370 threshold=6000
[MOVE_SUB_C] [06:49:55] FIRESTORM_GATE_BLOCK DCOY setup=move_strike prior_bar_ticks=4370 threshold=6000
[MOVE_SUB_C] [06:49:55] FIRESTORM_GATE_BLOCK DCOY setup=move_strike prior_bar_ticks=4370 threshold=6000
[MOVE_SUB_C] [06:49:56] FIRESTORM_GATE_BLOCK DCOY setup=move_strike prior_bar_ticks=4370 threshold=6000
[MOVE_SUB_C] [06:49:56] FIRESTORM_GATE_BLOCK DCOY setup=move_strike prior_bar_ticks=4370 threshold=6000
[MOVE_SUB_C] [06:49:56] FIRESTORM_GATE_BLOCK DCOY setup=move_strike prior_bar_ticks=4370 threshold=6000
[MOVE_SUB_C] [06:49:56] FIRESTORM_GATE_BLOCK DCOY setup=move_strike prior_bar_ticks=4370 threshold=6000
[MOVE_SUB_C] [06:49:56] FIRESTORM_GATE_BLOCK DCOY setup=move_strike prior_bar_ticks=4370 threshold=6000
[MOVE_SUB_C] [06:49:56] FIRESTORM_GATE_BLOCK DCOY setup=move_strike prior_bar_ticks=4370 threshold=6000
[MOVE_SUB_C] [06:49:56] FIRESTORM_GATE_BLOCK DCOY setup=move_strike prior_bar_ticks=4370 threshold=6000
[MOVE_SUB_C] [06:49:56] FIRESTORM_GATE_BLOCK DCOY setup=move_strike prior_bar_ticks=4370 threshold=6000
[MOVE_SUB_C] [06:49:56] FIRESTORM_GATE_BLOCK DCOY setup=move_strike prior_bar_ticks=4370 threshold=6000
[MOVE_SUB_C] [06:49:56] FIRESTORM_GATE_BLOCK DCOY setup=move_strike prior_bar_ticks=4370 threshold=6000
[MOVE_SUB_C] [06:49:56] FIRESTORM_GATE_BLOCK DCOY setup=move_strike prior_bar_ticks=4370 threshold=6000
[MOVE_SUB_C] [06:49:56] FIRESTORM_GATE_BLOCK DCOY setup=move_strike prior_bar_ticks=4370 threshold=6000
[MOVE_SUB_C] [06:49:56] FIRESTORM_GATE_BLOCK DCOY setup=move_strike prior_bar_ticks=4370 threshold=6000
[MOVE_SUB_C] [06:49:56] FIRESTORM_GATE_BLOCK DCOY setup=move_strike prior_bar_ticks=4370 threshold=6000
[MOVE_SUB_C] [06:49:56] FIRESTORM_GATE_BLOCK DCOY setup=move_strike prior_bar_ticks=4370 threshold=6000
[MOVE_SUB_C] [06:49:56] FIRESTORM_GATE_BLOCK DCOY setup=move_strike prior_bar_ticks=4370 threshold=6000
[MOVE_SUB_C] [06:49:56] FIRESTORM_GATE_BLOCK DCOY setup=move_strike prior_bar_ticks=4370 threshold=6000
[MOVE_SUB_C] [06:49:56] FIRESTORM_GATE_BLOCK DCOY setup=move_strike prior_bar_ticks=4370 threshold=6000
[MOVE_SUB_C] [06:49:57] FIRESTORM_GATE_BLOCK DCOY setup=move_strike prior_bar_ticks=4370 threshold=6000
[MOVE_SUB_C] [06:49:57] FIRESTORM_GATE_BLOCK DCOY setup=move_strike prior_bar_ticks=4370 threshold=6000
[MOVE_SUB_C] [06:49:57] FIRESTORM_GATE_BLOCK DCOY setup=move_strike prior_bar_ticks=4370 threshold=6000
[MOVE_SUB_C] [06:49:57] FIRESTORM_GATE_BLOCK DCOY setup=move_strike prior_bar_ticks=4370 threshold=6000
[MOVE_SUB_C] [06:49:57] FIRESTORM_GATE_BLOCK DCOY setup=move_strike prior_bar_ticks=4370 threshold=6000
[MOVE_SUB_C] [06:49:57] FIRESTORM_GATE_BLOCK DCOY setup=move_strike prior_bar_ticks=4370 threshold=6000
[MOVE_SUB_C] [06:49:57] FIRESTORM_GATE_BLOCK DCOY setup=move_strike prior_bar_ticks=4370 threshold=6000
[MOVE_SUB_C] [06:49:57] FIRESTORM_GATE_BLOCK DCOY setup=move_strike prior_bar_ticks=4370 threshold=6000
[MOVE_SUB_C] [06:49:57] FIRESTORM_GATE_BLOCK DCOY setup=move_strike prior_bar_ticks=4370 threshold=6000
[MOVE_SUB_C] [06:49:57] FIRESTORM_GATE_BLOCK DCOY setup=move_strike prior_bar_ticks=4370 threshold=6000
[MOVE_SUB_C] [06:49:57] FIRESTORM_GATE_BLOCK DCOY setup=move_strike prior_bar_ticks=4370 threshold=6000
[MOVE_SUB_C] [06:49:57] FIRESTORM_GATE_BLOCK DCOY setup=move_strike prior_bar_ticks=4370 threshold=6000
[MOVE_SUB_C] [06:49:57] FIRESTORM_GATE_BLOCK DCOY setup=move_strike prior_bar_ticks=4370 threshold=6000
[MOVE_SUB_C] [06:49:57] FIRESTORM_GATE_BLOCK DCOY setup=move_strike prior_bar_ticks=4370 threshold=6000
[MOVE_SUB_C] [06:49:57] FIRESTORM_GATE_BLOCK DCOY setup=move_strike prior_bar_ticks=4370 threshold=6000
[MOVE_SUB_C] [06:49:57] FIRESTORM_GATE_BLOCK DCOY setup=move_strike prior_bar_ticks=4370 threshold=6000
[MOVE_SUB_C] [06:49:57] FIRESTORM_GATE_BLOCK DCOY setup=move_strike prior_bar_ticks=4370 threshold=6000
[MOVE_SUB_C] [06:49:57] FIRESTORM_GATE_BLOCK DCOY setup=move_strike prior_bar_ticks=4370 threshold=6000
[MOVE_SUB_C] [06:49:57] FIRESTORM_GATE_BLOCK DCOY setup=move_strike prior_bar_ticks=4370 threshold=6000
[MOVE_SUB_C] [06:49:57] FIRESTORM_GATE_BLOCK DCOY setup=move_strike prior_bar_ticks=4370 threshold=6000
[MOVE_SUB_C] [06:49:58] FIRESTORM_GATE_BLOCK DCOY setup=move_strike prior_bar_ticks=4370 threshold=6000
[MOVE_SUB_C] [06:49:58] FIRESTORM_GATE_BLOCK DCOY setup=move_strike prior_bar_ticks=4370 threshold=6000
[MOVE_SUB_C] [06:49:58] FIRESTORM_GATE_BLOCK DCOY setup=move_strike prior_bar_ticks=4370 threshold=6000
[MOVE_SUB_C] [06:49:58] FIRESTORM_GATE_BLOCK DCOY setup=move_strike prior_bar_ticks=4370 threshold=6000
[MOVE_SUB_C] [06:50:31] STATS ticks=159674 symbols=38 pos=no daily_pnl=+0 drops=0
[MOVE_SUB_C] [06:51:15] FIRESTORM_GATE_BLOCK DCOY setup=move_strike prior_bar_ticks=4531 threshold=6000
[MOVE_SUB_C] [06:51:15] FIRESTORM_GATE_BLOCK DCOY setup=move_strike prior_bar_ticks=4531 threshold=6000
[MOVE_SUB_C] [06:51:15] FIRESTORM_GATE_BLOCK DCOY setup=move_strike prior_bar_ticks=4531 threshold=6000
[MOVE_SUB_C] [06:51:15] FIRESTORM_GATE_BLOCK DCOY setup=move_strike prior_bar_ticks=4531 threshold=6000
[MOVE_SUB_C] [06:51:15] FIRESTORM_GATE_BLOCK DCOY setup=move_strike prior_bar_ticks=4531 threshold=6000
[MOVE_SUB_C] [06:51:15] FIRESTORM_GATE_BLOCK DCOY setup=move_strike prior_bar_ticks=4531 threshold=6000
[MOVE_SUB_C] [06:51:15] FIRESTORM_GATE_BLOCK DCOY setup=move_strike prior_bar_ticks=4531 threshold=6000
[MOVE_SUB_C] [06:51:15] FIRESTORM_GATE_BLOCK DCOY setup=move_strike prior_bar_ticks=4531 threshold=6000
[MOVE_SUB_C] [06:51:15] FIRESTORM_GATE_BLOCK DCOY setup=move_strike prior_bar_ticks=4531 threshold=6000
[MOVE_SUB_C] [06:51:15] FIRESTORM_GATE_BLOCK DCOY setup=move_strike prior_bar_ticks=4531 threshold=6000
[MOVE_SUB_C] [06:51:15] FIRESTORM_GATE_BLOCK DCOY setup=move_strike prior_bar_ticks=4531 threshold=6000
[MOVE_SUB_C] [06:51:15] FIRESTORM_GATE_BLOCK DCOY setup=move_strike prior_bar_ticks=4531 threshold=6000
[MOVE_SUB_C] [06:51:15] FIRESTORM_GATE_BLOCK DCOY setup=move_strike prior_bar_ticks=4531 threshold=6000
[MOVE_SUB_C] [06:51:15] FIRESTORM_GATE_BLOCK DCOY setup=move_strike prior_bar_ticks=4531 threshold=6000
[MOVE_SUB_C] [06:51:15] FIRESTORM_GATE_BLOCK DCOY setup=move_strike prior_bar_ticks=4531 threshold=6000
[MOVE_SUB_C] [06:51:15] FIRESTORM_GATE_BLOCK DCOY setup=move_strike prior_bar_ticks=4531 threshold=6000
[MOVE_SUB_C] [06:51:15] FIRESTORM_GATE_BLOCK DCOY setup=move_strike prior_bar_ticks=4531 threshold=6000
[MOVE_SUB_C] [06:51:15] FIRESTORM_GATE_BLOCK DCOY setup=move_strike prior_bar_ticks=4531 threshold=6000
[MOVE_SUB_C] [06:51:15] FIRESTORM_GATE_BLOCK DCOY setup=move_strike prior_bar_ticks=4531 threshold=6000
[MOVE_SUB_C] [06:51:15] FIRESTORM_GATE_BLOCK DCOY setup=move_strike prior_bar_ticks=4531 threshold=6000
[MOVE_SUB_C] [06:51:15] FIRESTORM_GATE_BLOCK DCOY setup=move_strike prior_bar_ticks=4531 threshold=6000
[MOVE_SUB_C] [06:51:15] FIRESTORM_GATE_BLOCK DCOY setup=move_strike prior_bar_ticks=4531 threshold=6000
[MOVE_SUB_C] [06:51:15] FIRESTORM_GATE_BLOCK DCOY setup=move_strike prior_bar_ticks=4531 threshold=6000
[MOVE_SUB_C] [06:51:15] FIRESTORM_GATE_BLOCK DCOY setup=move_strike prior_bar_ticks=4531 threshold=6000
[MOVE_SUB_C] [06:51:15] FIRESTORM_GATE_BLOCK DCOY setup=move_strike prior_bar_ticks=4531 threshold=6000
[MOVE_SUB_C] [06:51:15] FIRESTORM_GATE_BLOCK DCOY setup=move_strike prior_bar_ticks=4531 threshold=6000
[MOVE_SUB_C] [06:51:15] FIRESTORM_GATE_BLOCK DCOY setup=move_strike prior_bar_ticks=4531 threshold=6000
[MOVE_SUB_C] [06:51:15] FIRESTORM_GATE_BLOCK DCOY setup=move_strike prior_bar_ticks=4531 threshold=6000
[MOVE_SUB_C] [06:51:15] FIRESTORM_GATE_BLOCK DCOY setup=move_strike prior_bar_ticks=4531 threshold=6000
[MOVE_SUB_C] [06:51:15] FIRESTORM_GATE_BLOCK DCOY setup=move_strike prior_bar_ticks=4531 threshold=6000
[MOVE_SUB_C] [06:51:15] FIRESTORM_GATE_BLOCK DCOY setup=move_strike prior_bar_ticks=4531 threshold=6000
[MOVE_SUB_C] [06:51:15] FIRESTORM_GATE_BLOCK DCOY setup=move_strike prior_bar_ticks=4531 threshold=6000
[MOVE_SUB_C] [06:51:15] FIRESTORM_GATE_BLOCK DCOY setup=move_strike prior_bar_ticks=4531 threshold=6000
[MOVE_SUB_C] [06:51:15] FIRESTORM_GATE_BLOCK DCOY setup=move_strike prior_bar_ticks=4531 threshold=6000
[MOVE_SUB_C] [06:51:15] FIRESTORM_GATE_BLOCK DCOY setup=move_strike prior_bar_ticks=4531 threshold=6000
[MOVE_SUB_C] [06:51:15] FIRESTORM_GATE_BLOCK DCOY setup=move_strike prior_bar_ticks=4531 threshold=6000
[MOVE_SUB_C] [06:51:15] FIRESTORM_GATE_BLOCK DCOY setup=move_strike prior_bar_ticks=4531 threshold=6000
[MOVE_SUB_C] [06:51:15] FIRESTORM_GATE_BLOCK DCOY setup=move_strike prior_bar_ticks=4531 threshold=6000
[MOVE_SUB_C] [06:51:15] FIRESTORM_GATE_BLOCK DCOY setup=move_strike prior_bar_ticks=4531 threshold=6000
[MOVE_SUB_C] [06:51:15] FIRESTORM_GATE_BLOCK DCOY setup=move_strike prior_bar_ticks=4531 threshold=6000
[MOVE_SUB_C] [06:51:15] FIRESTORM_GATE_BLOCK DCOY setup=move_strike prior_bar_ticks=4531 threshold=6000
[MOVE_SUB_C] [06:51:15] FIRESTORM_GATE_BLOCK DCOY setup=move_strike prior_bar_ticks=4531 threshold=6000
[MOVE_SUB_C] [06:51:15] FIRESTORM_GATE_BLOCK DCOY setup=move_strike prior_bar_ticks=4531 threshold=6000
[MOVE_SUB_C] [06:51:15] FIRESTORM_GATE_BLOCK DCOY setup=move_strike prior_bar_ticks=4531 threshold=6000
[MOVE_SUB_C] [06:51:15] FIRESTORM_GATE_BLOCK DCOY setup=move_strike prior_bar_ticks=4531 threshold=6000
[MOVE_SUB_C] [06:51:15] FIRESTORM_GATE_BLOCK DCOY setup=move_strike prior_bar_ticks=4531 threshold=6000
[MOVE_SUB_C] [06:51:15] FIRESTORM_GATE_BLOCK DCOY setup=move_strike prior_bar_ticks=4531 threshold=6000
[MOVE_SUB_C] [06:51:15] FIRESTORM_GATE_BLOCK DCOY setup=move_strike prior_bar_ticks=4531 threshold=6000
[MOVE_SUB_C] [06:51:15] FIRESTORM_GATE_BLOCK DCOY setup=move_strike prior_bar_ticks=4531 threshold=6000
[MOVE_SUB_C] [06:51:15] FIRESTORM_GATE_BLOCK DCOY setup=move_strike prior_bar_ticks=4531 threshold=6000
[MOVE_SUB_C] [06:51:15] FIRESTORM_GATE_BLOCK DCOY setup=move_strike prior_bar_ticks=4531 threshold=6000
[MOVE_SUB_C] [06:51:15] FIRESTORM_GATE_BLOCK DCOY setup=move_strike prior_bar_ticks=4531 threshold=6000
[MOVE_SUB_C] [06:51:15] FIRESTORM_GATE_BLOCK DCOY setup=move_strike prior_bar_ticks=4531 threshold=6000
[MOVE_SUB_C] [06:51:15] FIRESTORM_GATE_BLOCK DCOY setup=move_strike prior_bar_ticks=4531 threshold=6000
[MOVE_SUB_C] [06:51:15] FIRESTORM_GATE_BLOCK DCOY setup=move_strike prior_bar_ticks=4531 threshold=6000
[MOVE_SUB_C] [06:51:15] FIRESTORM_GATE_BLOCK DCOY setup=move_strike prior_bar_ticks=4531 threshold=6000
[MOVE_SUB_C] [06:51:15] FIRESTORM_GATE_BLOCK DCOY setup=move_strike prior_bar_ticks=4531 threshold=6000
[MOVE_SUB_C] [06:51:15] FIRESTORM_GATE_BLOCK DCOY setup=move_strike prior_bar_ticks=4531 threshold=6000
[MOVE_SUB_C] [06:51:15] FIRESTORM_GATE_BLOCK DCOY setup=move_strike prior_bar_ticks=4531 threshold=6000
[MOVE_SUB_C] [06:51:15] FIRESTORM_GATE_BLOCK DCOY setup=move_strike prior_bar_ticks=4531 threshold=6000
[MOVE_SUB_C] [06:51:15] FIRESTORM_GATE_BLOCK DCOY setup=move_strike prior_bar_ticks=4531 threshold=6000
[MOVE_SUB_C] [06:51:15] FIRESTORM_GATE_BLOCK DCOY setup=move_strike prior_bar_ticks=4531 threshold=6000
[MOVE_SUB_C] [06:51:15] FIRESTORM_GATE_BLOCK DCOY setup=move_strike prior_bar_ticks=4531 threshold=6000
[MOVE_SUB_C] [06:51:15] FIRESTORM_GATE_BLOCK DCOY setup=move_strike prior_bar_ticks=4531 threshold=6000
[MOVE_SUB_C] [06:51:15] FIRESTORM_GATE_BLOCK DCOY setup=move_strike prior_bar_ticks=4531 threshold=6000
[MOVE_SUB_C] [06:51:15] FIRESTORM_GATE_BLOCK DCOY setup=move_strike prior_bar_ticks=4531 threshold=6000
[MOVE_SUB_C] [06:51:15] FIRESTORM_GATE_BLOCK DCOY setup=move_strike prior_bar_ticks=4531 threshold=6000
[MOVE_SUB_C] [06:51:15] FIRESTORM_GATE_BLOCK DCOY setup=move_strike prior_bar_ticks=4531 threshold=6000
[MOVE_SUB_C] [06:51:15] FIRESTORM_GATE_BLOCK DCOY setup=move_strike prior_bar_ticks=4531 threshold=6000
[MOVE_SUB_C] [06:51:15] FIRESTORM_GATE_BLOCK DCOY setup=move_strike prior_bar_ticks=4531 threshold=6000
[MOVE_SUB_C] [06:51:15] FIRESTORM_GATE_BLOCK DCOY setup=move_strike prior_bar_ticks=4531 threshold=6000
[MOVE_SUB_C] [06:51:15] FIRESTORM_GATE_BLOCK DCOY setup=move_strike prior_bar_ticks=4531 threshold=6000
[MOVE_SUB_C] [06:51:15] FIRESTORM_GATE_BLOCK DCOY setup=move_strike prior_bar_ticks=4531 threshold=6000
[MOVE_SUB_C] [06:51:15] FIRESTORM_GATE_BLOCK DCOY setup=move_strike prior_bar_ticks=4531 threshold=6000
[MOVE_SUB_C] [06:51:15] FIRESTORM_GATE_BLOCK DCOY setup=move_strike prior_bar_ticks=4531 threshold=6000
[MOVE_SUB_C] [06:51:15] FIRESTORM_GATE_BLOCK DCOY setup=move_strike prior_bar_ticks=4531 threshold=6000
[MOVE_SUB_C] [06:51:15] FIRESTORM_GATE_BLOCK DCOY setup=move_strike prior_bar_ticks=4531 threshold=6000
[MOVE_SUB_C] [06:51:15] FIRESTORM_GATE_BLOCK DCOY setup=move_strike prior_bar_ticks=4531 threshold=6000
[MOVE_SUB_C] [06:51:15] FIRESTORM_GATE_BLOCK DCOY setup=move_strike prior_bar_ticks=4531 threshold=6000
[MOVE_SUB_C] [06:51:15] FIRESTORM_GATE_BLOCK DCOY setup=move_strike prior_bar_ticks=4531 threshold=6000
[MOVE_SUB_C] [06:51:15] FIRESTORM_GATE_BLOCK DCOY setup=move_strike prior_bar_ticks=4531 threshold=6000
[MOVE_SUB_C] [06:51:15] FIRESTORM_GATE_BLOCK DCOY setup=move_strike prior_bar_ticks=4531 threshold=6000
[MOVE_SUB_C] [06:51:15] FIRESTORM_GATE_BLOCK DCOY setup=move_strike prior_bar_ticks=4531 threshold=6000
[MOVE_SUB_C] [06:51:15] FIRESTORM_GATE_BLOCK DCOY setup=move_strike prior_bar_ticks=4531 threshold=6000
[MOVE_SUB_C] [06:51:15] FIRESTORM_GATE_BLOCK DCOY setup=move_strike prior_bar_ticks=4531 threshold=6000
[MOVE_SUB_C] [06:51:15] FIRESTORM_GATE_BLOCK DCOY setup=move_strike prior_bar_ticks=4531 threshold=6000
[MOVE_SUB_C] [06:51:15] FIRESTORM_GATE_BLOCK DCOY setup=move_strike prior_bar_ticks=4531 threshold=6000
[MOVE_SUB_C] [06:51:15] FIRESTORM_GATE_BLOCK DCOY setup=move_strike prior_bar_ticks=4531 threshold=6000
[MOVE_SUB_C] [06:51:15] FIRESTORM_GATE_BLOCK DCOY setup=move_strike prior_bar_ticks=4531 threshold=6000
[MOVE_SUB_C] [06:51:15] FIRESTORM_GATE_BLOCK DCOY setup=move_strike prior_bar_ticks=4531 threshold=6000
[MOVE_SUB_C] [06:51:15] FIRESTORM_GATE_BLOCK DCOY setup=move_strike prior_bar_ticks=4531 threshold=6000
[MOVE_SUB_C] [06:51:15] FIRESTORM_GATE_BLOCK DCOY setup=move_strike prior_bar_ticks=4531 threshold=6000
[MOVE_SUB_C] [06:51:15] FIRESTORM_GATE_BLOCK DCOY setup=move_strike prior_bar_ticks=4531 threshold=6000
[MOVE_SUB_C] [06:51:15] FIRESTORM_GATE_BLOCK DCOY setup=move_strike prior_bar_ticks=4531 threshold=6000
[MOVE_SUB_C] [06:51:15] FIRESTORM_GATE_BLOCK DCOY setup=move_strike prior_bar_ticks=4531 threshold=6000
[MOVE_SUB_C] [06:51:15] FIRESTORM_GATE_BLOCK DCOY setup=move_strike prior_bar_ticks=4531 threshold=6000
[MOVE_SUB_C] [06:51:15] FIRESTORM_GATE_BLOCK DCOY setup=move_strike prior_bar_ticks=4531 threshold=6000
[MOVE_SUB_C] [06:51:15] FIRESTORM_GATE_BLOCK DCOY setup=move_strike prior_bar_ticks=4531 threshold=6000
[MOVE_SUB_C] [06:51:15] FIRESTORM_GATE_BLOCK DCOY setup=move_strike prior_bar_ticks=4531 threshold=6000
[MOVE_SUB_C] [06:51:15] FIRESTORM_GATE_BLOCK DCOY setup=move_strike prior_bar_ticks=4531 threshold=6000
[MOVE_SUB_C] [06:51:15] FIRESTORM_GATE_BLOCK DCOY setup=move_strike prior_bar_ticks=4531 threshold=6000
[MOVE_SUB_C] [06:51:15] FIRESTORM_GATE_BLOCK DCOY setup=move_strike prior_bar_ticks=4531 threshold=6000
[MOVE_SUB_C] [06:51:15] FIRESTORM_GATE_BLOCK DCOY setup=move_strike prior_bar_ticks=4531 threshold=6000
[MOVE_SUB_C] [06:51:15] FIRESTORM_GATE_BLOCK DCOY setup=move_strike prior_bar_ticks=4531 threshold=6000
[MOVE_SUB_C] [06:51:15] FIRESTORM_GATE_BLOCK DCOY setup=move_strike prior_bar_ticks=4531 threshold=6000
[MOVE_SUB_C] [06:51:15] FIRESTORM_GATE_BLOCK DCOY setup=move_strike prior_bar_ticks=4531 threshold=6000
[MOVE_SUB_C] [06:51:15] FIRESTORM_GATE_BLOCK DCOY setup=move_strike prior_bar_ticks=4531 threshold=6000
[MOVE_SUB_C] [06:51:15] FIRESTORM_GATE_BLOCK DCOY setup=move_strike prior_bar_ticks=4531 threshold=6000
[MOVE_SUB_C] [06:51:15] FIRESTORM_GATE_BLOCK DCOY setup=move_strike prior_bar_ticks=4531 threshold=6000
[MOVE_SUB_C] [06:51:15] FIRESTORM_GATE_BLOCK DCOY setup=move_strike prior_bar_ticks=4531 threshold=6000
[MOVE_SUB_C] [06:51:15] FIRESTORM_GATE_BLOCK DCOY setup=move_strike prior_bar_ticks=4531 threshold=6000
[MOVE_SUB_C] [06:51:15] FIRESTORM_GATE_BLOCK DCOY setup=move_strike prior_bar_ticks=4531 threshold=6000
[MOVE_SUB_C] [06:51:15] FIRESTORM_GATE_BLOCK DCOY setup=move_strike prior_bar_ticks=4531 threshold=6000
[MOVE_SUB_C] [06:51:15] FIRESTORM_GATE_BLOCK DCOY setup=move_strike prior_bar_ticks=4531 threshold=6000
[MOVE_SUB_C] [06:51:15] FIRESTORM_GATE_BLOCK DCOY setup=move_strike prior_bar_ticks=4531 threshold=6000
[MOVE_SUB_C] [06:51:15] FIRESTORM_GATE_BLOCK DCOY setup=move_strike prior_bar_ticks=4531 threshold=6000
[MOVE_SUB_C] [06:51:15] FIRESTORM_GATE_BLOCK DCOY setup=move_strike prior_bar_ticks=4531 threshold=6000
[MOVE_SUB_C] [06:51:15] FIRESTORM_GATE_BLOCK DCOY setup=move_strike prior_bar_ticks=4531 threshold=6000
[MOVE_SUB_C] [06:51:15] FIRESTORM_GATE_BLOCK DCOY setup=move_strike prior_bar_ticks=4531 threshold=6000
[MOVE_SUB_C] [06:51:15] FIRESTORM_GATE_BLOCK DCOY setup=move_strike prior_bar_ticks=4531 threshold=6000
[MOVE_SUB_C] [06:51:15] FIRESTORM_GATE_BLOCK DCOY setup=move_strike prior_bar_ticks=4531 threshold=6000
[MOVE_SUB_C] [06:51:15] FIRESTORM_GATE_BLOCK DCOY setup=move_strike prior_bar_ticks=4531 threshold=6000
[MOVE_SUB_C] [06:51:15] FIRESTORM_GATE_BLOCK DCOY setup=move_strike prior_bar_ticks=4531 threshold=6000
[MOVE_SUB_C] [06:51:15] FIRESTORM_GATE_BLOCK DCOY setup=move_strike prior_bar_ticks=4531 threshold=6000
[MOVE_SUB_C] [06:51:15] FIRESTORM_GATE_BLOCK DCOY setup=move_strike prior_bar_ticks=4531 threshold=6000
[MOVE_SUB_C] [06:51:15] FIRESTORM_GATE_BLOCK DCOY setup=move_strike prior_bar_ticks=4531 threshold=6000
[MOVE_SUB_C] [06:51:15] FIRESTORM_GATE_BLOCK DCOY setup=move_strike prior_bar_ticks=4531 threshold=6000
[MOVE_SUB_C] [06:51:15] FIRESTORM_GATE_BLOCK DCOY setup=move_strike prior_bar_ticks=4531 threshold=6000
[MOVE_SUB_C] [06:51:15] FIRESTORM_GATE_BLOCK DCOY setup=move_strike prior_bar_ticks=4531 threshold=6000
[MOVE_SUB_C] [06:51:15] FIRESTORM_GATE_BLOCK DCOY setup=move_strike prior_bar_ticks=4531 threshold=6000
[MOVE_SUB_C] [06:51:15] FIRESTORM_GATE_BLOCK DCOY setup=move_strike prior_bar_ticks=4531 threshold=6000
[MOVE_SUB_C] [06:51:15] FIRESTORM_GATE_BLOCK DCOY setup=move_strike prior_bar_ticks=4531 threshold=6000
[MOVE_SUB_C] [06:51:15] FIRESTORM_GATE_BLOCK DCOY setup=move_strike prior_bar_ticks=4531 threshold=6000
[MOVE_SUB_C] [06:51:15] FIRESTORM_GATE_BLOCK DCOY setup=move_strike prior_bar_ticks=4531 threshold=6000
[MOVE_SUB_C] [06:51:15] FIRESTORM_GATE_BLOCK DCOY setup=move_strike prior_bar_ticks=4531 threshold=6000
[MOVE_SUB_C] [06:51:15] FIRESTORM_GATE_BLOCK DCOY setup=move_strike prior_bar_ticks=4531 threshold=6000
[MOVE_SUB_C] [06:51:15] FIRESTORM_GATE_BLOCK DCOY setup=move_strike prior_bar_ticks=4531 threshold=6000
[MOVE_SUB_C] [06:51:15] FIRESTORM_GATE_BLOCK DCOY setup=move_strike prior_bar_ticks=4531 threshold=6000
[MOVE_SUB_C] [06:51:15] FIRESTORM_GATE_BLOCK DCOY setup=move_strike prior_bar_ticks=4531 threshold=6000
[MOVE_SUB_C] [06:51:15] FIRESTORM_GATE_BLOCK DCOY setup=move_strike prior_bar_ticks=4531 threshold=6000
[MOVE_SUB_C] [06:51:15] FIRESTORM_GATE_BLOCK DCOY setup=move_strike prior_bar_ticks=4531 threshold=6000
[MOVE_SUB_C] [06:51:15] FIRESTORM_GATE_BLOCK DCOY setup=move_strike prior_bar_ticks=4531 threshold=6000
[MOVE_SUB_C] [06:51:15] FIRESTORM_GATE_BLOCK DCOY setup=move_strike prior_bar_ticks=4531 threshold=6000
[MOVE_SUB_C] [06:51:15] FIRESTORM_GATE_BLOCK DCOY setup=move_strike prior_bar_ticks=4531 threshold=6000
[MOVE_SUB_C] [06:51:15] FIRESTORM_GATE_BLOCK DCOY setup=move_strike prior_bar_ticks=4531 threshold=6000
[MOVE_SUB_C] [06:51:15] FIRESTORM_GATE_BLOCK DCOY setup=move_strike prior_bar_ticks=4531 threshold=6000
[MOVE_SUB_C] [06:51:15] FIRESTORM_GATE_BLOCK DCOY setup=move_strike prior_bar_ticks=4531 threshold=6000
[MOVE_SUB_C] [06:51:15] FIRESTORM_GATE_BLOCK DCOY setup=move_strike prior_bar_ticks=4531 threshold=6000
[MOVE_SUB_C] [06:51:15] FIRESTORM_GATE_BLOCK DCOY setup=move_strike prior_bar_ticks=4531 threshold=6000
[MOVE_SUB_C] [06:51:15] FIRESTORM_GATE_BLOCK DCOY setup=move_strike prior_bar_ticks=4531 threshold=6000
[MOVE_SUB_C] [06:51:15] FIRESTORM_GATE_BLOCK DCOY setup=move_strike prior_bar_ticks=4531 threshold=6000
[MOVE_SUB_C] [06:51:15] FIRESTORM_GATE_BLOCK DCOY setup=move_strike prior_bar_ticks=4531 threshold=6000
[MOVE_SUB_C] [06:51:15] FIRESTORM_GATE_BLOCK DCOY setup=move_strike prior_bar_ticks=4531 threshold=6000
[MOVE_SUB_C] [06:51:15] FIRESTORM_GATE_BLOCK DCOY setup=move_strike prior_bar_ticks=4531 threshold=6000
[MOVE_SUB_C] [06:51:15] FIRESTORM_GATE_BLOCK DCOY setup=move_strike prior_bar_ticks=4531 threshold=6000
[MOVE_SUB_C] [06:51:16] FIRESTORM_GATE_BLOCK DCOY setup=move_strike prior_bar_ticks=4531 threshold=6000
[MOVE_SUB_C] [06:51:16] FIRESTORM_GATE_BLOCK DCOY setup=move_strike prior_bar_ticks=4531 threshold=6000
[MOVE_SUB_C] [06:51:16] FIRESTORM_GATE_BLOCK DCOY setup=move_strike prior_bar_ticks=4531 threshold=6000
[MOVE_SUB_C] [06:51:16] FIRESTORM_GATE_BLOCK DCOY setup=move_strike prior_bar_ticks=4531 threshold=6000
[MOVE_SUB_C] [06:51:16] FIRESTORM_GATE_BLOCK DCOY setup=move_strike prior_bar_ticks=4531 threshold=6000
[MOVE_SUB_C] [06:51:16] FIRESTORM_GATE_BLOCK DCOY setup=move_strike prior_bar_ticks=4531 threshold=6000
[MOVE_SUB_C] [06:51:16] FIRESTORM_GATE_BLOCK DCOY setup=move_strike prior_bar_ticks=4531 threshold=6000
[MOVE_SUB_C] [06:51:16] FIRESTORM_GATE_BLOCK DCOY setup=move_strike prior_bar_ticks=4531 threshold=6000
[MOVE_SUB_C] [06:51:16] FIRESTORM_GATE_BLOCK DCOY setup=move_strike prior_bar_ticks=4531 threshold=6000
[MOVE_SUB_C] [06:51:16] FIRESTORM_GATE_BLOCK DCOY setup=move_strike prior_bar_ticks=4531 threshold=6000
[MOVE_SUB_C] [06:51:16] FIRESTORM_GATE_BLOCK DCOY setup=move_strike prior_bar_ticks=4531 threshold=6000
[MOVE_SUB_C] [06:51:16] FIRESTORM_GATE_BLOCK DCOY setup=move_strike prior_bar_ticks=4531 threshold=6000
[MOVE_SUB_C] [06:51:16] FIRESTORM_GATE_BLOCK DCOY setup=move_strike prior_bar_ticks=4531 threshold=6000
[MOVE_SUB_C] [06:51:16] FIRESTORM_GATE_BLOCK DCOY setup=move_strike prior_bar_ticks=4531 threshold=6000
[MOVE_SUB_C] [06:51:16] FIRESTORM_GATE_BLOCK DCOY setup=move_strike prior_bar_ticks=4531 threshold=6000
[MOVE_SUB_C] [06:51:16] FIRESTORM_GATE_BLOCK DCOY setup=move_strike prior_bar_ticks=4531 threshold=6000
[MOVE_SUB_C] [06:51:16] FIRESTORM_GATE_BLOCK DCOY setup=move_strike prior_bar_ticks=4531 threshold=6000
[MOVE_SUB_C] [06:51:16] FIRESTORM_GATE_BLOCK DCOY setup=move_strike prior_bar_ticks=4531 threshold=6000
[MOVE_SUB_C] [06:51:16] FIRESTORM_GATE_BLOCK DCOY setup=move_strike prior_bar_ticks=4531 threshold=6000
[MOVE_SUB_C] [06:51:16] FIRESTORM_GATE_BLOCK DCOY setup=move_strike prior_bar_ticks=4531 threshold=6000
[MOVE_SUB_C] [06:51:16] FIRESTORM_GATE_BLOCK DCOY setup=move_strike prior_bar_ticks=4531 threshold=6000
[MOVE_SUB_C] [06:51:16] FIRESTORM_GATE_BLOCK DCOY setup=move_strike prior_bar_ticks=4531 threshold=6000
[MOVE_SUB_C] [06:51:16] FIRESTORM_GATE_BLOCK DCOY setup=move_strike prior_bar_ticks=4531 threshold=6000
[MOVE_SUB_C] [06:51:16] FIRESTORM_GATE_BLOCK DCOY setup=move_strike prior_bar_ticks=4531 threshold=6000
[MOVE_SUB_C] [06:51:16] FIRESTORM_GATE_BLOCK DCOY setup=move_strike prior_bar_ticks=4531 threshold=6000
[MOVE_SUB_C] [06:51:16] FIRESTORM_GATE_BLOCK DCOY setup=move_strike prior_bar_ticks=4531 threshold=6000
[MOVE_SUB_C] [06:51:16] FIRESTORM_GATE_BLOCK DCOY setup=move_strike prior_bar_ticks=4531 threshold=6000
[MOVE_SUB_C] [06:51:16] FIRESTORM_GATE_BLOCK DCOY setup=move_strike prior_bar_ticks=4531 threshold=6000
[MOVE_SUB_C] [06:51:16] FIRESTORM_GATE_BLOCK DCOY setup=move_strike prior_bar_ticks=4531 threshold=6000
[MOVE_SUB_C] [06:51:16] FIRESTORM_GATE_BLOCK DCOY setup=move_strike prior_bar_ticks=4531 threshold=6000
[MOVE_SUB_C] [06:51:16] FIRESTORM_GATE_BLOCK DCOY setup=move_strike prior_bar_ticks=4531 threshold=6000
[MOVE_SUB_C] [06:51:16] FIRESTORM_GATE_BLOCK DCOY setup=move_strike prior_bar_ticks=4531 threshold=6000
[MOVE_SUB_C] [06:51:16] FIRESTORM_GATE_BLOCK DCOY setup=move_strike prior_bar_ticks=4531 threshold=6000
[MOVE_SUB_C] [06:51:16] FIRESTORM_GATE_BLOCK DCOY setup=move_strike prior_bar_ticks=4531 threshold=6000
[MOVE_SUB_C] [06:51:16] FIRESTORM_GATE_BLOCK DCOY setup=move_strike prior_bar_ticks=4531 threshold=6000
[MOVE_SUB_C] [06:51:16] FIRESTORM_GATE_BLOCK DCOY setup=move_strike prior_bar_ticks=4531 threshold=6000
[MOVE_SUB_C] [06:51:16] FIRESTORM_GATE_BLOCK DCOY setup=move_strike prior_bar_ticks=4531 threshold=6000
[MOVE_SUB_C] [06:51:16] FIRESTORM_GATE_BLOCK DCOY setup=move_strike prior_bar_ticks=4531 threshold=6000
[MOVE_SUB_C] [06:51:16] FIRESTORM_GATE_BLOCK DCOY setup=move_strike prior_bar_ticks=4531 threshold=6000
[MOVE_SUB_C] [06:51:16] FIRESTORM_GATE_BLOCK DCOY setup=move_strike prior_bar_ticks=4531 threshold=6000
[MOVE_SUB_C] [06:51:16] FIRESTORM_GATE_BLOCK DCOY setup=move_strike prior_bar_ticks=4531 threshold=6000
[MOVE_SUB_C] [06:51:16] FIRESTORM_GATE_BLOCK DCOY setup=move_strike prior_bar_ticks=4531 threshold=6000
[MOVE_SUB_C] [06:51:16] FIRESTORM_GATE_BLOCK DCOY setup=move_strike prior_bar_ticks=4531 threshold=6000
[MOVE_SUB_C] [06:51:16] FIRESTORM_GATE_BLOCK DCOY setup=move_strike prior_bar_ticks=4531 threshold=6000
[MOVE_SUB_C] [06:51:16] FIRESTORM_GATE_BLOCK DCOY setup=move_strike prior_bar_ticks=4531 threshold=6000
[MOVE_SUB_C] [06:51:16] FIRESTORM_GATE_BLOCK DCOY setup=move_strike prior_bar_ticks=4531 threshold=6000
[MOVE_SUB_C] [06:51:16] FIRESTORM_GATE_BLOCK DCOY setup=move_strike prior_bar_ticks=4531 threshold=6000
[MOVE_SUB_C] [06:51:16] FIRESTORM_GATE_BLOCK DCOY setup=move_strike prior_bar_ticks=4531 threshold=6000
[MOVE_SUB_C] [06:51:16] FIRESTORM_GATE_BLOCK DCOY setup=move_strike prior_bar_ticks=4531 threshold=6000
[MOVE_SUB_C] [06:51:16] FIRESTORM_GATE_BLOCK DCOY setup=move_strike prior_bar_ticks=4531 threshold=6000
[MOVE_SUB_C] [06:51:16] FIRESTORM_GATE_BLOCK DCOY setup=move_strike prior_bar_ticks=4531 threshold=6000
[MOVE_SUB_C] [06:51:16] FIRESTORM_GATE_BLOCK DCOY setup=move_strike prior_bar_ticks=4531 threshold=6000
[MOVE_SUB_C] [06:51:16] FIRESTORM_GATE_BLOCK DCOY setup=move_strike prior_bar_ticks=4531 threshold=6000
[MOVE_SUB_C] [06:51:16] FIRESTORM_GATE_BLOCK DCOY setup=move_strike prior_bar_ticks=4531 threshold=6000
[MOVE_SUB_C] [06:51:16] FIRESTORM_GATE_BLOCK DCOY setup=move_strike prior_bar_ticks=4531 threshold=6000
[MOVE_SUB_C] [06:51:16] FIRESTORM_GATE_BLOCK DCOY setup=move_strike prior_bar_ticks=4531 threshold=6000
[MOVE_SUB_C] [06:51:16] FIRESTORM_GATE_BLOCK DCOY setup=move_strike prior_bar_ticks=4531 threshold=6000
[MOVE_SUB_C] [06:51:16] FIRESTORM_GATE_BLOCK DCOY setup=move_strike prior_bar_ticks=4531 threshold=6000
[MOVE_SUB_C] [06:51:16] FIRESTORM_GATE_BLOCK DCOY setup=move_strike prior_bar_ticks=4531 threshold=6000
[MOVE_SUB_C] [06:51:16] FIRESTORM_GATE_BLOCK DCOY setup=move_strike prior_bar_ticks=4531 threshold=6000
[MOVE_SUB_C] [06:51:16] FIRESTORM_GATE_BLOCK DCOY setup=move_strike prior_bar_ticks=4531 threshold=6000
[MOVE_SUB_C] [06:51:16] FIRESTORM_GATE_BLOCK DCOY setup=move_strike prior_bar_ticks=4531 threshold=6000
[MOVE_SUB_C] [06:51:16] FIRESTORM_GATE_BLOCK DCOY setup=move_strike prior_bar_ticks=4531 threshold=6000
[MOVE_SUB_C] [06:51:16] FIRESTORM_GATE_BLOCK DCOY setup=move_strike prior_bar_ticks=4531 threshold=6000
[MOVE_SUB_C] [06:51:16] FIRESTORM_GATE_BLOCK DCOY setup=move_strike prior_bar_ticks=4531 threshold=6000
[MOVE_SUB_C] [06:51:16] FIRESTORM_GATE_BLOCK DCOY setup=move_strike prior_bar_ticks=4531 threshold=6000
[MOVE_SUB_C] [06:51:16] FIRESTORM_GATE_BLOCK DCOY setup=move_strike prior_bar_ticks=4531 threshold=6000
[MOVE_SUB_C] [06:51:16] FIRESTORM_GATE_BLOCK DCOY setup=move_strike prior_bar_ticks=4531 threshold=6000
[MOVE_SUB_C] [06:51:16] FIRESTORM_GATE_BLOCK DCOY setup=move_strike prior_bar_ticks=4531 threshold=6000
[MOVE_SUB_C] [06:51:16] FIRESTORM_GATE_BLOCK DCOY setup=move_strike prior_bar_ticks=4531 threshold=6000
[MOVE_SUB_C] [06:51:16] FIRESTORM_GATE_BLOCK DCOY setup=move_strike prior_bar_ticks=4531 threshold=6000
[MOVE_SUB_C] [06:51:16] FIRESTORM_GATE_BLOCK DCOY setup=move_strike prior_bar_ticks=4531 threshold=6000
[MOVE_SUB_C] [06:51:16] FIRESTORM_GATE_BLOCK DCOY setup=move_strike prior_bar_ticks=4531 threshold=6000
[MOVE_SUB_C] [06:51:16] FIRESTORM_GATE_BLOCK DCOY setup=move_strike prior_bar_ticks=4531 threshold=6000
[MOVE_SUB_C] [06:51:16] FIRESTORM_GATE_BLOCK DCOY setup=move_strike prior_bar_ticks=4531 threshold=6000
[MOVE_SUB_C] [06:51:16] FIRESTORM_GATE_BLOCK DCOY setup=move_strike prior_bar_ticks=4531 threshold=6000
[MOVE_SUB_C] [06:51:16] FIRESTORM_GATE_BLOCK DCOY setup=move_strike prior_bar_ticks=4531 threshold=6000
[MOVE_SUB_C] [06:51:16] FIRESTORM_GATE_BLOCK DCOY setup=move_strike prior_bar_ticks=4531 threshold=6000
[MOVE_SUB_C] [06:51:16] FIRESTORM_GATE_BLOCK DCOY setup=move_strike prior_bar_ticks=4531 threshold=6000
[MOVE_SUB_C] [06:51:16] FIRESTORM_GATE_BLOCK DCOY setup=move_strike prior_bar_ticks=4531 threshold=6000
[MOVE_SUB_C] [06:51:16] FIRESTORM_GATE_BLOCK DCOY setup=move_strike prior_bar_ticks=4531 threshold=6000
[MOVE_SUB_C] [06:51:16] FIRESTORM_GATE_BLOCK DCOY setup=move_strike prior_bar_ticks=4531 threshold=6000
[MOVE_SUB_C] [06:51:16] FIRESTORM_GATE_BLOCK DCOY setup=move_strike prior_bar_ticks=4531 threshold=6000
[MOVE_SUB_C] [06:51:16] FIRESTORM_GATE_BLOCK DCOY setup=move_strike prior_bar_ticks=4531 threshold=6000
[MOVE_SUB_C] [06:51:16] FIRESTORM_GATE_BLOCK DCOY setup=move_strike prior_bar_ticks=4531 threshold=6000
[MOVE_SUB_C] [06:51:16] FIRESTORM_GATE_BLOCK DCOY setup=move_strike prior_bar_ticks=4531 threshold=6000
[MOVE_SUB_C] [06:51:16] FIRESTORM_GATE_BLOCK DCOY setup=move_strike prior_bar_ticks=4531 threshold=6000
[MOVE_SUB_C] [06:51:16] FIRESTORM_GATE_BLOCK DCOY setup=move_strike prior_bar_ticks=4531 threshold=6000
[MOVE_SUB_C] [06:51:16] FIRESTORM_GATE_BLOCK DCOY setup=move_strike prior_bar_ticks=4531 threshold=6000
[MOVE_SUB_C] [06:51:16] FIRESTORM_GATE_BLOCK DCOY setup=move_strike prior_bar_ticks=4531 threshold=6000
[MOVE_SUB_C] [06:51:16] FIRESTORM_GATE_BLOCK DCOY setup=move_strike prior_bar_ticks=4531 threshold=6000
[MOVE_SUB_C] [06:51:16] FIRESTORM_GATE_BLOCK DCOY setup=move_strike prior_bar_ticks=4531 threshold=6000
[MOVE_SUB_C] [06:51:16] FIRESTORM_GATE_BLOCK DCOY setup=move_strike prior_bar_ticks=4531 threshold=6000
[MOVE_SUB_C] [06:51:16] FIRESTORM_GATE_BLOCK DCOY setup=move_strike prior_bar_ticks=4531 threshold=6000
[MOVE_SUB_C] [06:51:16] FIRESTORM_GATE_BLOCK DCOY setup=move_strike prior_bar_ticks=4531 threshold=6000
[MOVE_SUB_C] [06:51:16] FIRESTORM_GATE_BLOCK DCOY setup=move_strike prior_bar_ticks=4531 threshold=6000
[MOVE_SUB_C] [06:51:16] FIRESTORM_GATE_BLOCK DCOY setup=move_strike prior_bar_ticks=4531 threshold=6000
[MOVE_SUB_C] [06:51:16] FIRESTORM_GATE_BLOCK DCOY setup=move_strike prior_bar_ticks=4531 threshold=6000
[MOVE_SUB_C] [06:51:16] FIRESTORM_GATE_BLOCK DCOY setup=move_strike prior_bar_ticks=4531 threshold=6000
[MOVE_SUB_C] [06:51:16] FIRESTORM_GATE_BLOCK DCOY setup=move_strike prior_bar_ticks=4531 threshold=6000
[MOVE_SUB_C] [06:51:16] FIRESTORM_GATE_BLOCK DCOY setup=move_strike prior_bar_ticks=4531 threshold=6000
[MOVE_SUB_C] [06:51:16] FIRESTORM_GATE_BLOCK DCOY setup=move_strike prior_bar_ticks=4531 threshold=6000
[MOVE_SUB_C] [06:51:16] FIRESTORM_GATE_BLOCK DCOY setup=move_strike prior_bar_ticks=4531 threshold=6000
[MOVE_SUB_C] [06:51:16] FIRESTORM_GATE_BLOCK DCOY setup=move_strike prior_bar_ticks=4531 threshold=6000
[MOVE_SUB_C] [06:51:16] FIRESTORM_GATE_BLOCK DCOY setup=move_strike prior_bar_ticks=4531 threshold=6000
[MOVE_SUB_C] [06:51:16] FIRESTORM_GATE_BLOCK DCOY setup=move_strike prior_bar_ticks=4531 threshold=6000
[MOVE_SUB_C] [06:51:16] FIRESTORM_GATE_BLOCK DCOY setup=move_strike prior_bar_ticks=4531 threshold=6000
[MOVE_SUB_C] [06:51:17] FIRESTORM_GATE_BLOCK DCOY setup=move_strike prior_bar_ticks=4531 threshold=6000
[MOVE_SUB_C] [06:51:17] FIRESTORM_GATE_BLOCK DCOY setup=move_strike prior_bar_ticks=4531 threshold=6000
[MOVE_SUB_C] [06:51:17] FIRESTORM_GATE_BLOCK DCOY setup=move_strike prior_bar_ticks=4531 threshold=6000
[MOVE_SUB_C] [06:51:17] FIRESTORM_GATE_BLOCK DCOY setup=move_strike prior_bar_ticks=4531 threshold=6000
[MOVE_SUB_C] [06:51:17] FIRESTORM_GATE_BLOCK DCOY setup=move_strike prior_bar_ticks=4531 threshold=6000
[MOVE_SUB_C] [06:51:17] FIRESTORM_GATE_BLOCK DCOY setup=move_strike prior_bar_ticks=4531 threshold=6000
[MOVE_SUB_C] [06:51:17] FIRESTORM_GATE_BLOCK DCOY setup=move_strike prior_bar_ticks=4531 threshold=6000
[MOVE_SUB_C] [06:51:17] FIRESTORM_GATE_BLOCK DCOY setup=move_strike prior_bar_ticks=4531 threshold=6000
[MOVE_SUB_C] [06:51:17] FIRESTORM_GATE_BLOCK DCOY setup=move_strike prior_bar_ticks=4531 threshold=6000
[MOVE_SUB_C] [06:51:17] FIRESTORM_GATE_BLOCK DCOY setup=move_strike prior_bar_ticks=4531 threshold=6000
[MOVE_SUB_C] [06:51:17] FIRESTORM_GATE_BLOCK DCOY setup=move_strike prior_bar_ticks=4531 threshold=6000
[MOVE_SUB_C] [06:51:17] FIRESTORM_GATE_BLOCK DCOY setup=move_strike prior_bar_ticks=4531 threshold=6000
[MOVE_SUB_C] [06:51:17] FIRESTORM_GATE_BLOCK DCOY setup=move_strike prior_bar_ticks=4531 threshold=6000
[MOVE_SUB_C] [06:51:17] FIRESTORM_GATE_BLOCK DCOY setup=move_strike prior_bar_ticks=4531 threshold=6000
[MOVE_SUB_C] [06:51:17] FIRESTORM_GATE_BLOCK DCOY setup=move_strike prior_bar_ticks=4531 threshold=6000
[MOVE_SUB_C] [06:51:17] FIRESTORM_GATE_BLOCK DCOY setup=move_strike prior_bar_ticks=4531 threshold=6000
[MOVE_SUB_C] [06:51:17] FIRESTORM_GATE_BLOCK DCOY setup=move_strike prior_bar_ticks=4531 threshold=6000
[MOVE_SUB_C] [06:51:17] FIRESTORM_GATE_BLOCK DCOY setup=move_strike prior_bar_ticks=4531 threshold=6000
[MOVE_SUB_C] [06:51:17] FIRESTORM_GATE_BLOCK DCOY setup=move_strike prior_bar_ticks=4531 threshold=6000
[MOVE_SUB_C] [06:51:17] FIRESTORM_GATE_BLOCK DCOY setup=move_strike prior_bar_ticks=4531 threshold=6000
[MOVE_SUB_C] [06:51:17] FIRESTORM_GATE_BLOCK DCOY setup=move_strike prior_bar_ticks=4531 threshold=6000
[MOVE_SUB_C] [06:51:17] FIRESTORM_GATE_BLOCK DCOY setup=move_strike prior_bar_ticks=4531 threshold=6000
[MOVE_SUB_C] [06:51:17] FIRESTORM_GATE_BLOCK DCOY setup=move_strike prior_bar_ticks=4531 threshold=6000
[MOVE_SUB_C] [06:51:17] FIRESTORM_GATE_BLOCK DCOY setup=move_strike prior_bar_ticks=4531 threshold=6000
[MOVE_SUB_C] [06:51:17] FIRESTORM_GATE_BLOCK DCOY setup=move_strike prior_bar_ticks=4531 threshold=6000
[MOVE_SUB_C] [06:51:17] FIRESTORM_GATE_BLOCK DCOY setup=move_strike prior_bar_ticks=4531 threshold=6000
[MOVE_SUB_C] [06:51:17] FIRESTORM_GATE_BLOCK DCOY setup=move_strike prior_bar_ticks=4531 threshold=6000
[MOVE_SUB_C] [06:51:17] FIRESTORM_GATE_BLOCK DCOY setup=move_strike prior_bar_ticks=4531 threshold=6000
[MOVE_SUB_C] [06:51:17] FIRESTORM_GATE_BLOCK DCOY setup=move_strike prior_bar_ticks=4531 threshold=6000
[MOVE_SUB_C] [06:51:17] FIRESTORM_GATE_BLOCK DCOY setup=move_strike prior_bar_ticks=4531 threshold=6000
[MOVE_SUB_C] [06:51:17] FIRESTORM_GATE_BLOCK DCOY setup=move_strike prior_bar_ticks=4531 threshold=6000
[MOVE_SUB_C] [06:51:17] FIRESTORM_GATE_BLOCK DCOY setup=move_strike prior_bar_ticks=4531 threshold=6000
[MOVE_SUB_C] [06:51:17] FIRESTORM_GATE_BLOCK DCOY setup=move_strike prior_bar_ticks=4531 threshold=6000
[MOVE_SUB_C] [06:51:17] FIRESTORM_GATE_BLOCK DCOY setup=move_strike prior_bar_ticks=4531 threshold=6000
[MOVE_SUB_C] [06:51:17] FIRESTORM_GATE_BLOCK DCOY setup=move_strike prior_bar_ticks=4531 threshold=6000
[MOVE_SUB_C] [06:51:17] FIRESTORM_GATE_BLOCK DCOY setup=move_strike prior_bar_ticks=4531 threshold=6000
[MOVE_SUB_C] [06:51:17] FIRESTORM_GATE_BLOCK DCOY setup=move_strike prior_bar_ticks=4531 threshold=6000
[MOVE_SUB_C] [06:51:17] FIRESTORM_GATE_BLOCK DCOY setup=move_strike prior_bar_ticks=4531 threshold=6000
[MOVE_SUB_C] [06:51:17] FIRESTORM_GATE_BLOCK DCOY setup=move_strike prior_bar_ticks=4531 threshold=6000
[MOVE_SUB_C] [06:51:17] FIRESTORM_GATE_BLOCK DCOY setup=move_strike prior_bar_ticks=4531 threshold=6000
[MOVE_SUB_C] [06:51:17] FIRESTORM_GATE_BLOCK DCOY setup=move_strike prior_bar_ticks=4531 threshold=6000
[MOVE_SUB_C] [06:51:17] FIRESTORM_GATE_BLOCK DCOY setup=move_strike prior_bar_ticks=4531 threshold=6000
[MOVE_SUB_C] [06:51:17] FIRESTORM_GATE_BLOCK DCOY setup=move_strike prior_bar_ticks=4531 threshold=6000
[MOVE_SUB_C] [06:51:17] FIRESTORM_GATE_BLOCK DCOY setup=move_strike prior_bar_ticks=4531 threshold=6000
[MOVE_SUB_C] [06:51:17] FIRESTORM_GATE_BLOCK DCOY setup=move_strike prior_bar_ticks=4531 threshold=6000
[MOVE_SUB_C] [06:51:17] FIRESTORM_GATE_BLOCK DCOY setup=move_strike prior_bar_ticks=4531 threshold=6000
[MOVE_SUB_C] [06:51:17] FIRESTORM_GATE_BLOCK DCOY setup=move_strike prior_bar_ticks=4531 threshold=6000
[MOVE_SUB_C] [06:51:17] FIRESTORM_GATE_BLOCK DCOY setup=move_strike prior_bar_ticks=4531 threshold=6000
[MOVE_SUB_C] [06:51:17] FIRESTORM_GATE_BLOCK DCOY setup=move_strike prior_bar_ticks=4531 threshold=6000
[MOVE_SUB_C] [06:51:17] FIRESTORM_GATE_BLOCK DCOY setup=move_strike prior_bar_ticks=4531 threshold=6000
[MOVE_SUB_C] [06:51:17] FIRESTORM_GATE_BLOCK DCOY setup=move_strike prior_bar_ticks=4531 threshold=6000
[MOVE_SUB_C] [06:51:17] FIRESTORM_GATE_BLOCK DCOY setup=move_strike prior_bar_ticks=4531 threshold=6000
[MOVE_SUB_C] [06:51:17] FIRESTORM_GATE_BLOCK DCOY setup=move_strike prior_bar_ticks=4531 threshold=6000
[MOVE_SUB_C] [06:51:17] FIRESTORM_GATE_BLOCK DCOY setup=move_strike prior_bar_ticks=4531 threshold=6000
[MOVE_SUB_C] [06:51:17] FIRESTORM_GATE_BLOCK DCOY setup=move_strike prior_bar_ticks=4531 threshold=6000
[MOVE_SUB_C] [06:51:17] FIRESTORM_GATE_BLOCK DCOY setup=move_strike prior_bar_ticks=4531 threshold=6000
[MOVE_SUB_C] [06:51:17] FIRESTORM_GATE_BLOCK DCOY setup=move_strike prior_bar_ticks=4531 threshold=6000
[MOVE_SUB_C] [06:51:17] FIRESTORM_GATE_BLOCK DCOY setup=move_strike prior_bar_ticks=4531 threshold=6000
[MOVE_SUB_C] [06:51:17] FIRESTORM_GATE_BLOCK DCOY setup=move_strike prior_bar_ticks=4531 threshold=6000
[MOVE_SUB_C] [06:51:17] FIRESTORM_GATE_BLOCK DCOY setup=move_strike prior_bar_ticks=4531 threshold=6000
[MOVE_SUB_C] [06:51:17] FIRESTORM_GATE_BLOCK DCOY setup=move_strike prior_bar_ticks=4531 threshold=6000
[MOVE_SUB_C] [06:51:17] FIRESTORM_GATE_BLOCK DCOY setup=move_strike prior_bar_ticks=4531 threshold=6000
[MOVE_SUB_C] [06:51:17] FIRESTORM_GATE_BLOCK DCOY setup=move_strike prior_bar_ticks=4531 threshold=6000
[MOVE_SUB_C] [06:51:17] FIRESTORM_GATE_BLOCK DCOY setup=move_strike prior_bar_ticks=4531 threshold=6000
[MOVE_SUB_C] [06:51:17] FIRESTORM_GATE_BLOCK DCOY setup=move_strike prior_bar_ticks=4531 threshold=6000
[MOVE_SUB_C] [06:51:17] FIRESTORM_GATE_BLOCK DCOY setup=move_strike prior_bar_ticks=4531 threshold=6000
[MOVE_SUB_C] [06:51:17] FIRESTORM_GATE_BLOCK DCOY setup=move_strike prior_bar_ticks=4531 threshold=6000
[MOVE_SUB_C] [06:51:17] FIRESTORM_GATE_BLOCK DCOY setup=move_strike prior_bar_ticks=4531 threshold=6000
[MOVE_SUB_C] [06:51:17] FIRESTORM_GATE_BLOCK DCOY setup=move_strike prior_bar_ticks=4531 threshold=6000
[MOVE_SUB_C] [06:51:17] FIRESTORM_GATE_BLOCK DCOY setup=move_strike prior_bar_ticks=4531 threshold=6000
[MOVE_SUB_C] [06:51:17] FIRESTORM_GATE_BLOCK DCOY setup=move_strike prior_bar_ticks=4531 threshold=6000
[MOVE_SUB_C] [06:51:17] FIRESTORM_GATE_BLOCK DCOY setup=move_strike prior_bar_ticks=4531 threshold=6000
[MOVE_SUB_C] [06:51:17] FIRESTORM_GATE_BLOCK DCOY setup=move_strike prior_bar_ticks=4531 threshold=6000
[MOVE_SUB_C] [06:51:17] FIRESTORM_GATE_BLOCK DCOY setup=move_strike prior_bar_ticks=4531 threshold=6000
[MOVE_SUB_C] [06:51:17] FIRESTORM_GATE_BLOCK DCOY setup=move_strike prior_bar_ticks=4531 threshold=6000
[MOVE_SUB_C] [06:51:17] FIRESTORM_GATE_BLOCK DCOY setup=move_strike prior_bar_ticks=4531 threshold=6000
[MOVE_SUB_C] [06:51:17] FIRESTORM_GATE_BLOCK DCOY setup=move_strike prior_bar_ticks=4531 threshold=6000
[MOVE_SUB_C] [06:51:17] FIRESTORM_GATE_BLOCK DCOY setup=move_strike prior_bar_ticks=4531 threshold=6000
[MOVE_SUB_C] [06:51:17] FIRESTORM_GATE_BLOCK DCOY setup=move_strike prior_bar_ticks=4531 threshold=6000
[MOVE_SUB_C] [06:51:17] FIRESTORM_GATE_BLOCK DCOY setup=move_strike prior_bar_ticks=4531 threshold=6000
[MOVE_SUB_C] [06:51:17] FIRESTORM_GATE_BLOCK DCOY setup=move_strike prior_bar_ticks=4531 threshold=6000
[MOVE_SUB_C] [06:51:17] FIRESTORM_GATE_BLOCK DCOY setup=move_strike prior_bar_ticks=4531 threshold=6000
[MOVE_SUB_C] [06:51:17] FIRESTORM_GATE_BLOCK DCOY setup=move_strike prior_bar_ticks=4531 threshold=6000
[MOVE_SUB_C] [06:51:17] FIRESTORM_GATE_BLOCK DCOY setup=move_strike prior_bar_ticks=4531 threshold=6000
[MOVE_SUB_C] [06:51:17] FIRESTORM_GATE_BLOCK DCOY setup=move_strike prior_bar_ticks=4531 threshold=6000
[MOVE_SUB_C] [06:51:17] FIRESTORM_GATE_BLOCK DCOY setup=move_strike prior_bar_ticks=4531 threshold=6000
[MOVE_SUB_C] [06:51:17] FIRESTORM_GATE_BLOCK DCOY setup=move_strike prior_bar_ticks=4531 threshold=6000
[MOVE_SUB_C] [06:51:17] FIRESTORM_GATE_BLOCK DCOY setup=move_strike prior_bar_ticks=4531 threshold=6000
[MOVE_SUB_C] [06:51:17] FIRESTORM_GATE_BLOCK DCOY setup=move_strike prior_bar_ticks=4531 threshold=6000
[MOVE_SUB_C] [06:51:17] FIRESTORM_GATE_BLOCK DCOY setup=move_strike prior_bar_ticks=4531 threshold=6000
[MOVE_SUB_C] [06:51:17] FIRESTORM_GATE_BLOCK DCOY setup=move_strike prior_bar_ticks=4531 threshold=6000
[MOVE_SUB_C] [06:51:17] FIRESTORM_GATE_BLOCK DCOY setup=move_strike prior_bar_ticks=4531 threshold=6000
[MOVE_SUB_C] [06:51:17] FIRESTORM_GATE_BLOCK DCOY setup=move_strike prior_bar_ticks=4531 threshold=6000
[MOVE_SUB_C] [06:51:17] FIRESTORM_GATE_BLOCK DCOY setup=move_strike prior_bar_ticks=4531 threshold=6000
[MOVE_SUB_C] [06:51:17] FIRESTORM_GATE_BLOCK DCOY setup=move_strike prior_bar_ticks=4531 threshold=6000
[MOVE_SUB_C] [06:51:17] FIRESTORM_GATE_BLOCK DCOY setup=move_strike prior_bar_ticks=4531 threshold=6000
[MOVE_SUB_C] [06:51:17] FIRESTORM_GATE_BLOCK DCOY setup=move_strike prior_bar_ticks=4531 threshold=6000
[MOVE_SUB_C] [06:51:17] FIRESTORM_GATE_BLOCK DCOY setup=move_strike prior_bar_ticks=4531 threshold=6000
[MOVE_SUB_C] [06:51:17] FIRESTORM_GATE_BLOCK DCOY setup=move_strike prior_bar_ticks=4531 threshold=6000
[MOVE_SUB_C] [06:51:17] FIRESTORM_GATE_BLOCK DCOY setup=move_strike prior_bar_ticks=4531 threshold=6000
[MOVE_SUB_C] [06:51:17] FIRESTORM_GATE_BLOCK DCOY setup=move_strike prior_bar_ticks=4531 threshold=6000
[MOVE_SUB_C] [06:51:17] FIRESTORM_GATE_BLOCK DCOY setup=move_strike prior_bar_ticks=4531 threshold=6000
[MOVE_SUB_C] [06:51:17] FIRESTORM_GATE_BLOCK DCOY setup=move_strike prior_bar_ticks=4531 threshold=6000
[MOVE_SUB_C] [06:51:17] FIRESTORM_GATE_BLOCK DCOY setup=move_strike prior_bar_ticks=4531 threshold=6000
[MOVE_SUB_C] [06:51:17] FIRESTORM_GATE_BLOCK DCOY setup=move_strike prior_bar_ticks=4531 threshold=6000
[MOVE_SUB_C] [06:51:17] FIRESTORM_GATE_BLOCK DCOY setup=move_strike prior_bar_ticks=4531 threshold=6000
[MOVE_SUB_C] [06:51:17] FIRESTORM_GATE_BLOCK DCOY setup=move_strike prior_bar_ticks=4531 threshold=6000
[MOVE_SUB_C] [06:51:17] FIRESTORM_GATE_BLOCK DCOY setup=move_strike prior_bar_ticks=4531 threshold=6000
[MOVE_SUB_C] [06:51:17] FIRESTORM_GATE_BLOCK DCOY setup=move_strike prior_bar_ticks=4531 threshold=6000
[MOVE_SUB_C] [06:51:17] FIRESTORM_GATE_BLOCK DCOY setup=move_strike prior_bar_ticks=4531 threshold=6000
[MOVE_SUB_C] [06:51:17] FIRESTORM_GATE_BLOCK DCOY setup=move_strike prior_bar_ticks=4531 threshold=6000
[MOVE_SUB_C] [06:51:17] FIRESTORM_GATE_BLOCK DCOY setup=move_strike prior_bar_ticks=4531 threshold=6000
[MOVE_SUB_C] [06:51:17] FIRESTORM_GATE_BLOCK DCOY setup=move_strike prior_bar_ticks=4531 threshold=6000
[MOVE_SUB_C] [06:51:17] FIRESTORM_GATE_BLOCK DCOY setup=move_strike prior_bar_ticks=4531 threshold=6000
[MOVE_SUB_C] [06:51:17] FIRESTORM_GATE_BLOCK DCOY setup=move_strike prior_bar_ticks=4531 threshold=6000
[MOVE_SUB_C] [06:51:17] FIRESTORM_GATE_BLOCK DCOY setup=move_strike prior_bar_ticks=4531 threshold=6000
[MOVE_SUB_C] [06:51:17] FIRESTORM_GATE_BLOCK DCOY setup=move_strike prior_bar_ticks=4531 threshold=6000
[MOVE_SUB_C] [06:51:17] FIRESTORM_GATE_BLOCK DCOY setup=move_strike prior_bar_ticks=4531 threshold=6000
[MOVE_SUB_C] [06:51:17] FIRESTORM_GATE_BLOCK DCOY setup=move_strike prior_bar_ticks=4531 threshold=6000
[MOVE_SUB_C] [06:51:17] FIRESTORM_GATE_BLOCK DCOY setup=move_strike prior_bar_ticks=4531 threshold=6000
[MOVE_SUB_C] [06:51:17] FIRESTORM_GATE_BLOCK DCOY setup=move_strike prior_bar_ticks=4531 threshold=6000
[MOVE_SUB_C] [06:51:17] FIRESTORM_GATE_BLOCK DCOY setup=move_strike prior_bar_ticks=4531 threshold=6000
[MOVE_SUB_C] [06:51:17] FIRESTORM_GATE_BLOCK DCOY setup=move_strike prior_bar_ticks=4531 threshold=6000
[MOVE_SUB_C] [06:51:17] FIRESTORM_GATE_BLOCK DCOY setup=move_strike prior_bar_ticks=4531 threshold=6000
[MOVE_SUB_C] [06:51:17] FIRESTORM_GATE_BLOCK DCOY setup=move_strike prior_bar_ticks=4531 threshold=6000
[MOVE_SUB_C] [06:51:17] FIRESTORM_GATE_BLOCK DCOY setup=move_strike prior_bar_ticks=4531 threshold=6000
[MOVE_SUB_C] [06:51:17] FIRESTORM_GATE_BLOCK DCOY setup=move_strike prior_bar_ticks=4531 threshold=6000
[MOVE_SUB_C] [06:51:17] FIRESTORM_GATE_BLOCK DCOY setup=move_strike prior_bar_ticks=4531 threshold=6000
[MOVE_SUB_C] [06:51:17] FIRESTORM_GATE_BLOCK DCOY setup=move_strike prior_bar_ticks=4531 threshold=6000
[MOVE_SUB_C] [06:51:17] FIRESTORM_GATE_BLOCK DCOY setup=move_strike prior_bar_ticks=4531 threshold=6000
[MOVE_SUB_C] [06:51:17] FIRESTORM_GATE_BLOCK DCOY setup=move_strike prior_bar_ticks=4531 threshold=6000
[MOVE_SUB_C] [06:51:17] FIRESTORM_GATE_BLOCK DCOY setup=move_strike prior_bar_ticks=4531 threshold=6000
[MOVE_SUB_C] [06:51:17] FIRESTORM_GATE_BLOCK DCOY setup=move_strike prior_bar_ticks=4531 threshold=6000
[MOVE_SUB_C] [06:51:17] FIRESTORM_GATE_BLOCK DCOY setup=move_strike prior_bar_ticks=4531 threshold=6000
[MOVE_SUB_C] [06:51:17] FIRESTORM_GATE_BLOCK DCOY setup=move_strike prior_bar_ticks=4531 threshold=6000
[MOVE_SUB_C] [06:51:17] FIRESTORM_GATE_BLOCK DCOY setup=move_strike prior_bar_ticks=4531 threshold=6000
[MOVE_SUB_C] [06:51:17] FIRESTORM_GATE_BLOCK DCOY setup=move_strike prior_bar_ticks=4531 threshold=6000
[MOVE_SUB_C] [06:51:17] FIRESTORM_GATE_BLOCK DCOY setup=move_strike prior_bar_ticks=4531 threshold=6000
[MOVE_SUB_C] [06:51:17] FIRESTORM_GATE_BLOCK DCOY setup=move_strike prior_bar_ticks=4531 threshold=6000
[MOVE_SUB_C] [06:51:17] FIRESTORM_GATE_BLOCK DCOY setup=move_strike prior_bar_ticks=4531 threshold=6000
[MOVE_SUB_C] [06:51:17] FIRESTORM_GATE_BLOCK DCOY setup=move_strike prior_bar_ticks=4531 threshold=6000
[MOVE_SUB_C] [06:51:17] FIRESTORM_GATE_BLOCK DCOY setup=move_strike prior_bar_ticks=4531 threshold=6000
[MOVE_SUB_C] [06:51:17] FIRESTORM_GATE_BLOCK DCOY setup=move_strike prior_bar_ticks=4531 threshold=6000
[MOVE_SUB_C] [06:51:17] FIRESTORM_GATE_BLOCK DCOY setup=move_strike prior_bar_ticks=4531 threshold=6000
[MOVE_SUB_C] [06:51:17] FIRESTORM_GATE_BLOCK DCOY setup=move_strike prior_bar_ticks=4531 threshold=6000
[MOVE_SUB_C] [06:51:17] FIRESTORM_GATE_BLOCK DCOY setup=move_strike prior_bar_ticks=4531 threshold=6000
[MOVE_SUB_C] [06:51:17] FIRESTORM_GATE_BLOCK DCOY setup=move_strike prior_bar_ticks=4531 threshold=6000
[MOVE_SUB_C] [06:51:17] FIRESTORM_GATE_BLOCK DCOY setup=move_strike prior_bar_ticks=4531 threshold=6000
[MOVE_SUB_C] [06:51:17] FIRESTORM_GATE_BLOCK DCOY setup=move_strike prior_bar_ticks=4531 threshold=6000
[MOVE_SUB_C] [06:51:17] FIRESTORM_GATE_BLOCK DCOY setup=move_strike prior_bar_ticks=4531 threshold=6000
[MOVE_SUB_C] [06:51:17] FIRESTORM_GATE_BLOCK DCOY setup=move_strike prior_bar_ticks=4531 threshold=6000
[MOVE_SUB_C] [06:51:17] FIRESTORM_GATE_BLOCK DCOY setup=move_strike prior_bar_ticks=4531 threshold=6000
[MOVE_SUB_C] [06:51:17] FIRESTORM_GATE_BLOCK DCOY setup=move_strike prior_bar_ticks=4531 threshold=6000
[MOVE_SUB_C] [06:51:17] FIRESTORM_GATE_BLOCK DCOY setup=move_strike prior_bar_ticks=4531 threshold=6000
[MOVE_SUB_C] [06:51:17] FIRESTORM_GATE_BLOCK DCOY setup=move_strike prior_bar_ticks=4531 threshold=6000
[MOVE_SUB_C] [06:51:17] FIRESTORM_GATE_BLOCK DCOY setup=move_strike prior_bar_ticks=4531 threshold=6000
[MOVE_SUB_C] [06:51:17] FIRESTORM_GATE_BLOCK DCOY setup=move_strike prior_bar_ticks=4531 threshold=6000
[MOVE_SUB_C] [06:51:17] FIRESTORM_GATE_BLOCK DCOY setup=move_strike prior_bar_ticks=4531 threshold=6000
[MOVE_SUB_C] [06:51:17] FIRESTORM_GATE_BLOCK DCOY setup=move_strike prior_bar_ticks=4531 threshold=6000
[MOVE_SUB_C] [06:51:17] FIRESTORM_GATE_BLOCK DCOY setup=move_strike prior_bar_ticks=4531 threshold=6000
[MOVE_SUB_C] [06:51:17] FIRESTORM_GATE_BLOCK DCOY setup=move_strike prior_bar_ticks=4531 threshold=6000
[MOVE_SUB_C] [06:51:17] FIRESTORM_GATE_BLOCK DCOY setup=move_strike prior_bar_ticks=4531 threshold=6000
[MOVE_SUB_C] [06:51:17] FIRESTORM_GATE_BLOCK DCOY setup=move_strike prior_bar_ticks=4531 threshold=6000
[MOVE_SUB_C] [06:51:17] FIRESTORM_GATE_BLOCK DCOY setup=move_strike prior_bar_ticks=4531 threshold=6000
[MOVE_SUB_C] [06:51:17] FIRESTORM_GATE_BLOCK DCOY setup=move_strike prior_bar_ticks=4531 threshold=6000
[MOVE_SUB_C] [06:51:17] FIRESTORM_GATE_BLOCK DCOY setup=move_strike prior_bar_ticks=4531 threshold=6000
[MOVE_SUB_C] [06:51:17] FIRESTORM_GATE_BLOCK DCOY setup=move_strike prior_bar_ticks=4531 threshold=6000
[MOVE_SUB_C] [06:51:17] FIRESTORM_GATE_BLOCK DCOY setup=move_strike prior_bar_ticks=4531 threshold=6000
[MOVE_SUB_C] [06:51:17] FIRESTORM_GATE_BLOCK DCOY setup=move_strike prior_bar_ticks=4531 threshold=6000
[MOVE_SUB_C] [06:51:17] FIRESTORM_GATE_BLOCK DCOY setup=move_strike prior_bar_ticks=4531 threshold=6000
[MOVE_SUB_C] [06:51:17] FIRESTORM_GATE_BLOCK DCOY setup=move_strike prior_bar_ticks=4531 threshold=6000
[MOVE_SUB_C] [06:51:17] FIRESTORM_GATE_BLOCK DCOY setup=move_strike prior_bar_ticks=4531 threshold=6000
[MOVE_SUB_C] [06:51:17] FIRESTORM_GATE_BLOCK DCOY setup=move_strike prior_bar_ticks=4531 threshold=6000
[MOVE_SUB_C] [06:51:17] FIRESTORM_GATE_BLOCK DCOY setup=move_strike prior_bar_ticks=4531 threshold=6000
[MOVE_SUB_C] [06:51:17] FIRESTORM_GATE_BLOCK DCOY setup=move_strike prior_bar_ticks=4531 threshold=6000
[MOVE_SUB_C] [06:51:17] FIRESTORM_GATE_BLOCK DCOY setup=move_strike prior_bar_ticks=4531 threshold=6000
[MOVE_SUB_C] [06:51:17] FIRESTORM_GATE_BLOCK DCOY setup=move_strike prior_bar_ticks=4531 threshold=6000
[MOVE_SUB_C] [06:51:17] FIRESTORM_GATE_BLOCK DCOY setup=move_strike prior_bar_ticks=4531 threshold=6000
[MOVE_SUB_C] [06:51:17] FIRESTORM_GATE_BLOCK DCOY setup=move_strike prior_bar_ticks=4531 threshold=6000
[MOVE_SUB_C] [06:51:17] FIRESTORM_GATE_BLOCK DCOY setup=move_strike prior_bar_ticks=4531 threshold=6000
[MOVE_SUB_C] [06:51:17] FIRESTORM_GATE_BLOCK DCOY setup=move_strike prior_bar_ticks=4531 threshold=6000
[MOVE_SUB_C] [06:51:17] FIRESTORM_GATE_BLOCK DCOY setup=move_strike prior_bar_ticks=4531 threshold=6000
[MOVE_SUB_C] [06:51:17] FIRESTORM_GATE_BLOCK DCOY setup=move_strike prior_bar_ticks=4531 threshold=6000
[MOVE_SUB_C] [06:51:17] FIRESTORM_GATE_BLOCK DCOY setup=move_strike prior_bar_ticks=4531 threshold=6000
[MOVE_SUB_C] [06:51:17] FIRESTORM_GATE_BLOCK DCOY setup=move_strike prior_bar_ticks=4531 threshold=6000
[MOVE_SUB_C] [06:51:17] FIRESTORM_GATE_BLOCK DCOY setup=move_strike prior_bar_ticks=4531 threshold=6000
[MOVE_SUB_C] [06:51:17] FIRESTORM_GATE_BLOCK DCOY setup=move_strike prior_bar_ticks=4531 threshold=6000
[MOVE_SUB_C] [06:51:17] FIRESTORM_GATE_BLOCK DCOY setup=move_strike prior_bar_ticks=4531 threshold=6000
[MOVE_SUB_C] [06:51:17] FIRESTORM_GATE_BLOCK DCOY setup=move_strike prior_bar_ticks=4531 threshold=6000
[MOVE_SUB_C] [06:51:17] FIRESTORM_GATE_BLOCK DCOY setup=move_strike prior_bar_ticks=4531 threshold=6000
[MOVE_SUB_C] [06:51:17] FIRESTORM_GATE_BLOCK DCOY setup=move_strike prior_bar_ticks=4531 threshold=6000
[MOVE_SUB_C] [06:51:17] FIRESTORM_GATE_BLOCK DCOY setup=move_strike prior_bar_ticks=4531 threshold=6000
[MOVE_SUB_C] [06:51:17] FIRESTORM_GATE_BLOCK DCOY setup=move_strike prior_bar_ticks=4531 threshold=6000
[MOVE_SUB_C] [06:51:17] FIRESTORM_GATE_BLOCK DCOY setup=move_strike prior_bar_ticks=4531 threshold=6000
[MOVE_SUB_C] [06:51:18] FIRESTORM_GATE_BLOCK DCOY setup=move_strike prior_bar_ticks=4531 threshold=6000
[MOVE_SUB_C] [06:51:18] FIRESTORM_GATE_BLOCK DCOY setup=move_strike prior_bar_ticks=4531 threshold=6000
[MOVE_SUB_C] [06:51:18] FIRESTORM_GATE_BLOCK DCOY setup=move_strike prior_bar_ticks=4531 threshold=6000
[MOVE_SUB_C] [06:51:18] FIRESTORM_GATE_BLOCK DCOY setup=move_strike prior_bar_ticks=4531 threshold=6000
[MOVE_SUB_C] [06:51:18] FIRESTORM_GATE_BLOCK DCOY setup=move_strike prior_bar_ticks=4531 threshold=6000
[MOVE_SUB_C] [06:51:18] FIRESTORM_GATE_BLOCK DCOY setup=move_strike prior_bar_ticks=4531 threshold=6000
[MOVE_SUB_C] [06:51:18] FIRESTORM_GATE_BLOCK DCOY setup=move_strike prior_bar_ticks=4531 threshold=6000
[MOVE_SUB_C] [06:51:18] FIRESTORM_GATE_BLOCK DCOY setup=move_strike prior_bar_ticks=4531 threshold=6000
[MOVE_SUB_C] [06:51:18] FIRESTORM_GATE_BLOCK DCOY setup=move_strike prior_bar_ticks=4531 threshold=6000
[MOVE_SUB_C] [06:51:18] FIRESTORM_GATE_BLOCK DCOY setup=move_strike prior_bar_ticks=4531 threshold=6000
[MOVE_SUB_C] [06:51:18] FIRESTORM_GATE_BLOCK DCOY setup=move_strike prior_bar_ticks=4531 threshold=6000
[MOVE_SUB_C] [06:51:18] FIRESTORM_GATE_BLOCK DCOY setup=move_strike prior_bar_ticks=4531 threshold=6000
[MOVE_SUB_C] [06:51:18] FIRESTORM_GATE_BLOCK DCOY setup=move_strike prior_bar_ticks=4531 threshold=6000
[MOVE_SUB_C] [06:51:18] FIRESTORM_GATE_BLOCK DCOY setup=move_strike prior_bar_ticks=4531 threshold=6000
[MOVE_SUB_C] [06:51:18] FIRESTORM_GATE_BLOCK DCOY setup=move_strike prior_bar_ticks=4531 threshold=6000
[MOVE_SUB_C] [06:51:18] FIRESTORM_GATE_BLOCK DCOY setup=move_strike prior_bar_ticks=4531 threshold=6000
[MOVE_SUB_C] [06:51:18] FIRESTORM_GATE_BLOCK DCOY setup=move_strike prior_bar_ticks=4531 threshold=6000
[MOVE_SUB_C] [06:51:18] FIRESTORM_GATE_BLOCK DCOY setup=move_strike prior_bar_ticks=4531 threshold=6000
[MOVE_SUB_C] [06:51:18] FIRESTORM_GATE_BLOCK DCOY setup=move_strike prior_bar_ticks=4531 threshold=6000
[MOVE_SUB_C] [06:51:18] FIRESTORM_GATE_BLOCK DCOY setup=move_strike prior_bar_ticks=4531 threshold=6000
[MOVE_SUB_C] [06:51:18] FIRESTORM_GATE_BLOCK DCOY setup=move_strike prior_bar_ticks=4531 threshold=6000
[MOVE_SUB_C] [06:51:18] FIRESTORM_GATE_BLOCK DCOY setup=move_strike prior_bar_ticks=4531 threshold=6000
[MOVE_SUB_C] [06:51:18] FIRESTORM_GATE_BLOCK DCOY setup=move_strike prior_bar_ticks=4531 threshold=6000
[MOVE_SUB_C] [06:51:18] FIRESTORM_GATE_BLOCK DCOY setup=move_strike prior_bar_ticks=4531 threshold=6000
[MOVE_SUB_C] [06:51:18] FIRESTORM_GATE_BLOCK DCOY setup=move_strike prior_bar_ticks=4531 threshold=6000
[MOVE_SUB_C] [06:51:18] FIRESTORM_GATE_BLOCK DCOY setup=move_strike prior_bar_ticks=4531 threshold=6000
[MOVE_SUB_C] [06:51:18] FIRESTORM_GATE_BLOCK DCOY setup=move_strike prior_bar_ticks=4531 threshold=6000
[MOVE_SUB_C] [06:51:18] FIRESTORM_GATE_BLOCK DCOY setup=move_strike prior_bar_ticks=4531 threshold=6000
[MOVE_SUB_C] [06:51:18] FIRESTORM_GATE_BLOCK DCOY setup=move_strike prior_bar_ticks=4531 threshold=6000
[MOVE_SUB_C] [06:51:18] FIRESTORM_GATE_BLOCK DCOY setup=move_strike prior_bar_ticks=4531 threshold=6000
[MOVE_SUB_C] [06:51:18] FIRESTORM_GATE_BLOCK DCOY setup=move_strike prior_bar_ticks=4531 threshold=6000
[MOVE_SUB_C] [06:51:18] FIRESTORM_GATE_BLOCK DCOY setup=move_strike prior_bar_ticks=4531 threshold=6000
[MOVE_SUB_C] [06:51:18] FIRESTORM_GATE_BLOCK DCOY setup=move_strike prior_bar_ticks=4531 threshold=6000
[MOVE_SUB_C] [06:51:18] FIRESTORM_GATE_BLOCK DCOY setup=move_strike prior_bar_ticks=4531 threshold=6000
[MOVE_SUB_C] [06:51:18] FIRESTORM_GATE_BLOCK DCOY setup=move_strike prior_bar_ticks=4531 threshold=6000
[MOVE_SUB_C] [06:51:18] FIRESTORM_GATE_BLOCK DCOY setup=move_strike prior_bar_ticks=4531 threshold=6000
[MOVE_SUB_C] [06:51:18] FIRESTORM_GATE_BLOCK DCOY setup=move_strike prior_bar_ticks=4531 threshold=6000
[MOVE_SUB_C] [06:51:18] FIRESTORM_GATE_BLOCK DCOY setup=move_strike prior_bar_ticks=4531 threshold=6000
[MOVE_SUB_C] [06:51:18] FIRESTORM_GATE_BLOCK DCOY setup=move_strike prior_bar_ticks=4531 threshold=6000
[MOVE_SUB_C] [06:51:18] FIRESTORM_GATE_BLOCK DCOY setup=move_strike prior_bar_ticks=4531 threshold=6000
[MOVE_SUB_C] [06:51:18] FIRESTORM_GATE_BLOCK DCOY setup=move_strike prior_bar_ticks=4531 threshold=6000
[MOVE_SUB_C] [06:51:18] FIRESTORM_GATE_BLOCK DCOY setup=move_strike prior_bar_ticks=4531 threshold=6000
[MOVE_SUB_C] [06:51:18] FIRESTORM_GATE_BLOCK DCOY setup=move_strike prior_bar_ticks=4531 threshold=6000
[MOVE_SUB_C] [06:51:18] FIRESTORM_GATE_BLOCK DCOY setup=move_strike prior_bar_ticks=4531 threshold=6000
[MOVE_SUB_C] [06:51:18] FIRESTORM_GATE_BLOCK DCOY setup=move_strike prior_bar_ticks=4531 threshold=6000
[MOVE_SUB_C] [06:51:18] FIRESTORM_GATE_BLOCK DCOY setup=move_strike prior_bar_ticks=4531 threshold=6000
[MOVE_SUB_C] [06:51:18] FIRESTORM_GATE_BLOCK DCOY setup=move_strike prior_bar_ticks=4531 threshold=6000
[MOVE_SUB_C] [06:51:18] FIRESTORM_GATE_BLOCK DCOY setup=move_strike prior_bar_ticks=4531 threshold=6000
[MOVE_SUB_C] [06:51:18] FIRESTORM_GATE_BLOCK DCOY setup=move_strike prior_bar_ticks=4531 threshold=6000
[MOVE_SUB_C] [06:51:18] FIRESTORM_GATE_BLOCK DCOY setup=move_strike prior_bar_ticks=4531 threshold=6000
[MOVE_SUB_C] [06:51:18] FIRESTORM_GATE_BLOCK DCOY setup=move_strike prior_bar_ticks=4531 threshold=6000
[MOVE_SUB_C] [06:51:18] FIRESTORM_GATE_BLOCK DCOY setup=move_strike prior_bar_ticks=4531 threshold=6000
[MOVE_SUB_C] [06:51:18] FIRESTORM_GATE_BLOCK DCOY setup=move_strike prior_bar_ticks=4531 threshold=6000
[MOVE_SUB_C] [06:51:18] FIRESTORM_GATE_BLOCK DCOY setup=move_strike prior_bar_ticks=4531 threshold=6000
[MOVE_SUB_C] [06:51:18] FIRESTORM_GATE_BLOCK DCOY setup=move_strike prior_bar_ticks=4531 threshold=6000
[MOVE_SUB_C] [06:51:18] FIRESTORM_GATE_BLOCK DCOY setup=move_strike prior_bar_ticks=4531 threshold=6000
[MOVE_SUB_C] [06:51:18] FIRESTORM_GATE_BLOCK DCOY setup=move_strike prior_bar_ticks=4531 threshold=6000
[MOVE_SUB_C] [06:51:18] FIRESTORM_GATE_BLOCK DCOY setup=move_strike prior_bar_ticks=4531 threshold=6000
[MOVE_SUB_C] [06:51:18] FIRESTORM_GATE_BLOCK DCOY setup=move_strike prior_bar_ticks=4531 threshold=6000
[MOVE_SUB_C] [06:51:18] FIRESTORM_GATE_BLOCK DCOY setup=move_strike prior_bar_ticks=4531 threshold=6000
[MOVE_SUB_C] [06:51:18] FIRESTORM_GATE_BLOCK DCOY setup=move_strike prior_bar_ticks=4531 threshold=6000
[MOVE_SUB_C] [06:51:18] FIRESTORM_GATE_BLOCK DCOY setup=move_strike prior_bar_ticks=4531 threshold=6000
[MOVE_SUB_C] [06:51:18] FIRESTORM_GATE_BLOCK DCOY setup=move_strike prior_bar_ticks=4531 threshold=6000
[MOVE_SUB_C] [06:51:18] FIRESTORM_GATE_BLOCK DCOY setup=move_strike prior_bar_ticks=4531 threshold=6000
[MOVE_SUB_C] [06:51:18] FIRESTORM_GATE_BLOCK DCOY setup=move_strike prior_bar_ticks=4531 threshold=6000
[MOVE_SUB_C] [06:51:18] FIRESTORM_GATE_BLOCK DCOY setup=move_strike prior_bar_ticks=4531 threshold=6000
[MOVE_SUB_C] [06:51:18] FIRESTORM_GATE_BLOCK DCOY setup=move_strike prior_bar_ticks=4531 threshold=6000
[MOVE_SUB_C] [06:51:18] FIRESTORM_GATE_BLOCK DCOY setup=move_strike prior_bar_ticks=4531 threshold=6000
[MOVE_SUB_C] [06:51:18] FIRESTORM_GATE_BLOCK DCOY setup=move_strike prior_bar_ticks=4531 threshold=6000
[MOVE_SUB_C] [06:51:18] FIRESTORM_GATE_BLOCK DCOY setup=move_strike prior_bar_ticks=4531 threshold=6000
[MOVE_SUB_C] [06:51:18] FIRESTORM_GATE_BLOCK DCOY setup=move_strike prior_bar_ticks=4531 threshold=6000
[MOVE_SUB_C] [06:51:18] FIRESTORM_GATE_BLOCK DCOY setup=move_strike prior_bar_ticks=4531 threshold=6000
[MOVE_SUB_C] [06:51:18] FIRESTORM_GATE_BLOCK DCOY setup=move_strike prior_bar_ticks=4531 threshold=6000
[MOVE_SUB_C] [06:51:18] FIRESTORM_GATE_BLOCK DCOY setup=move_strike prior_bar_ticks=4531 threshold=6000
[MOVE_SUB_C] [06:51:18] FIRESTORM_GATE_BLOCK DCOY setup=move_strike prior_bar_ticks=4531 threshold=6000
[MOVE_SUB_C] [06:51:18] FIRESTORM_GATE_BLOCK DCOY setup=move_strike prior_bar_ticks=4531 threshold=6000
[MOVE_SUB_C] [06:51:18] FIRESTORM_GATE_BLOCK DCOY setup=move_strike prior_bar_ticks=4531 threshold=6000
[MOVE_SUB_C] [06:51:18] FIRESTORM_GATE_BLOCK DCOY setup=move_strike prior_bar_ticks=4531 threshold=6000
[MOVE_SUB_C] [06:51:18] FIRESTORM_GATE_BLOCK DCOY setup=move_strike prior_bar_ticks=4531 threshold=6000
[MOVE_SUB_C] [06:51:18] FIRESTORM_GATE_BLOCK DCOY setup=move_strike prior_bar_ticks=4531 threshold=6000
[MOVE_SUB_C] [06:51:18] FIRESTORM_GATE_BLOCK DCOY setup=move_strike prior_bar_ticks=4531 threshold=6000
[MOVE_SUB_C] [06:51:18] FIRESTORM_GATE_BLOCK DCOY setup=move_strike prior_bar_ticks=4531 threshold=6000
[MOVE_SUB_C] [06:51:18] FIRESTORM_GATE_BLOCK DCOY setup=move_strike prior_bar_ticks=4531 threshold=6000
[MOVE_SUB_C] [06:51:18] FIRESTORM_GATE_BLOCK DCOY setup=move_strike prior_bar_ticks=4531 threshold=6000
[MOVE_SUB_C] [06:51:18] FIRESTORM_GATE_BLOCK DCOY setup=move_strike prior_bar_ticks=4531 threshold=6000
[MOVE_SUB_C] [06:51:18] FIRESTORM_GATE_BLOCK DCOY setup=move_strike prior_bar_ticks=4531 threshold=6000
[MOVE_SUB_C] [06:51:18] FIRESTORM_GATE_BLOCK DCOY setup=move_strike prior_bar_ticks=4531 threshold=6000
[MOVE_SUB_C] [06:51:18] FIRESTORM_GATE_BLOCK DCOY setup=move_strike prior_bar_ticks=4531 threshold=6000
[MOVE_SUB_C] [06:51:18] FIRESTORM_GATE_BLOCK DCOY setup=move_strike prior_bar_ticks=4531 threshold=6000
[MOVE_SUB_C] [06:51:18] FIRESTORM_GATE_BLOCK DCOY setup=move_strike prior_bar_ticks=4531 threshold=6000
[MOVE_SUB_C] [06:51:18] FIRESTORM_GATE_BLOCK DCOY setup=move_strike prior_bar_ticks=4531 threshold=6000
[MOVE_SUB_C] [06:51:18] FIRESTORM_GATE_BLOCK DCOY setup=move_strike prior_bar_ticks=4531 threshold=6000
[MOVE_SUB_C] [06:51:18] FIRESTORM_GATE_BLOCK DCOY setup=move_strike prior_bar_ticks=4531 threshold=6000
[MOVE_SUB_C] [06:51:18] FIRESTORM_GATE_BLOCK DCOY setup=move_strike prior_bar_ticks=4531 threshold=6000
[MOVE_SUB_C] [06:51:18] FIRESTORM_GATE_BLOCK DCOY setup=move_strike prior_bar_ticks=4531 threshold=6000
[MOVE_SUB_C] [06:51:18] FIRESTORM_GATE_BLOCK DCOY setup=move_strike prior_bar_ticks=4531 threshold=6000
[MOVE_SUB_C] [06:51:18] FIRESTORM_GATE_BLOCK DCOY setup=move_strike prior_bar_ticks=4531 threshold=6000
[MOVE_SUB_C] [06:51:18] FIRESTORM_GATE_BLOCK DCOY setup=move_strike prior_bar_ticks=4531 threshold=6000
[MOVE_SUB_C] [06:51:18] FIRESTORM_GATE_BLOCK DCOY setup=move_strike prior_bar_ticks=4531 threshold=6000
[MOVE_SUB_C] [06:51:18] FIRESTORM_GATE_BLOCK DCOY setup=move_strike prior_bar_ticks=4531 threshold=6000
[MOVE_SUB_C] [06:51:18] FIRESTORM_GATE_BLOCK DCOY setup=move_strike prior_bar_ticks=4531 threshold=6000
[MOVE_SUB_C] [06:51:18] FIRESTORM_GATE_BLOCK DCOY setup=move_strike prior_bar_ticks=4531 threshold=6000
[MOVE_SUB_C] [06:51:18] FIRESTORM_GATE_BLOCK DCOY setup=move_strike prior_bar_ticks=4531 threshold=6000
[MOVE_SUB_C] [06:51:18] FIRESTORM_GATE_BLOCK DCOY setup=move_strike prior_bar_ticks=4531 threshold=6000
[MOVE_SUB_C] [06:51:18] FIRESTORM_GATE_BLOCK DCOY setup=move_strike prior_bar_ticks=4531 threshold=6000
[MOVE_SUB_C] [06:51:18] FIRESTORM_GATE_BLOCK DCOY setup=move_strike prior_bar_ticks=4531 threshold=6000
[MOVE_SUB_C] [06:51:18] FIRESTORM_GATE_BLOCK DCOY setup=move_strike prior_bar_ticks=4531 threshold=6000
[MOVE_SUB_C] [06:51:18] FIRESTORM_GATE_BLOCK DCOY setup=move_strike prior_bar_ticks=4531 threshold=6000
[MOVE_SUB_C] [06:51:18] FIRESTORM_GATE_BLOCK DCOY setup=move_strike prior_bar_ticks=4531 threshold=6000
[MOVE_SUB_C] [06:51:18] FIRESTORM_GATE_BLOCK DCOY setup=move_strike prior_bar_ticks=4531 threshold=6000
[MOVE_SUB_C] [06:51:18] FIRESTORM_GATE_BLOCK DCOY setup=move_strike prior_bar_ticks=4531 threshold=6000
[MOVE_SUB_C] [06:51:18] FIRESTORM_GATE_BLOCK DCOY setup=move_strike prior_bar_ticks=4531 threshold=6000
[MOVE_SUB_C] [06:51:18] FIRESTORM_GATE_BLOCK DCOY setup=move_strike prior_bar_ticks=4531 threshold=6000
[MOVE_SUB_C] [06:51:18] FIRESTORM_GATE_BLOCK DCOY setup=move_strike prior_bar_ticks=4531 threshold=6000
[MOVE_SUB_C] [06:51:18] FIRESTORM_GATE_BLOCK DCOY setup=move_strike prior_bar_ticks=4531 threshold=6000
[MOVE_SUB_C] [06:51:18] FIRESTORM_GATE_BLOCK DCOY setup=move_strike prior_bar_ticks=4531 threshold=6000
[MOVE_SUB_C] [06:51:18] FIRESTORM_GATE_BLOCK DCOY setup=move_strike prior_bar_ticks=4531 threshold=6000
[MOVE_SUB_C] [06:51:18] FIRESTORM_GATE_BLOCK DCOY setup=move_strike prior_bar_ticks=4531 threshold=6000
[MOVE_SUB_C] [06:51:18] FIRESTORM_GATE_BLOCK DCOY setup=move_strike prior_bar_ticks=4531 threshold=6000
[MOVE_SUB_C] [06:51:18] FIRESTORM_GATE_BLOCK DCOY setup=move_strike prior_bar_ticks=4531 threshold=6000
[MOVE_SUB_C] [06:51:18] FIRESTORM_GATE_BLOCK DCOY setup=move_strike prior_bar_ticks=4531 threshold=6000
[MOVE_SUB_C] [06:51:18] FIRESTORM_GATE_BLOCK DCOY setup=move_strike prior_bar_ticks=4531 threshold=6000
[MOVE_SUB_C] [06:51:18] FIRESTORM_GATE_BLOCK DCOY setup=move_strike prior_bar_ticks=4531 threshold=6000
[MOVE_SUB_C] [06:51:18] FIRESTORM_GATE_BLOCK DCOY setup=move_strike prior_bar_ticks=4531 threshold=6000
[MOVE_SUB_C] [06:51:18] FIRESTORM_GATE_BLOCK DCOY setup=move_strike prior_bar_ticks=4531 threshold=6000
[MOVE_SUB_C] [06:51:18] FIRESTORM_GATE_BLOCK DCOY setup=move_strike prior_bar_ticks=4531 threshold=6000
[MOVE_SUB_C] [06:51:18] FIRESTORM_GATE_BLOCK DCOY setup=move_strike prior_bar_ticks=4531 threshold=6000
[MOVE_SUB_C] [06:51:18] FIRESTORM_GATE_BLOCK DCOY setup=move_strike prior_bar_ticks=4531 threshold=6000
[MOVE_SUB_C] [06:51:18] FIRESTORM_GATE_BLOCK DCOY setup=move_strike prior_bar_ticks=4531 threshold=6000
[MOVE_SUB_C] [06:51:18] FIRESTORM_GATE_BLOCK DCOY setup=move_strike prior_bar_ticks=4531 threshold=6000
[MOVE_SUB_C] [06:51:18] FIRESTORM_GATE_BLOCK DCOY setup=move_strike prior_bar_ticks=4531 threshold=6000
[MOVE_SUB_C] [06:51:18] FIRESTORM_GATE_BLOCK DCOY setup=move_strike prior_bar_ticks=4531 threshold=6000
[MOVE_SUB_C] [06:51:18] FIRESTORM_GATE_BLOCK DCOY setup=move_strike prior_bar_ticks=4531 threshold=6000
[MOVE_SUB_C] [06:51:18] FIRESTORM_GATE_BLOCK DCOY setup=move_strike prior_bar_ticks=4531 threshold=6000
[MOVE_SUB_C] [06:51:18] FIRESTORM_GATE_BLOCK DCOY setup=move_strike prior_bar_ticks=4531 threshold=6000
[MOVE_SUB_C] [06:51:18] FIRESTORM_GATE_BLOCK DCOY setup=move_strike prior_bar_ticks=4531 threshold=6000
[MOVE_SUB_C] [06:51:18] FIRESTORM_GATE_BLOCK DCOY setup=move_strike prior_bar_ticks=4531 threshold=6000
[MOVE_SUB_C] [06:51:18] FIRESTORM_GATE_BLOCK DCOY setup=move_strike prior_bar_ticks=4531 threshold=6000
[MOVE_SUB_C] [06:51:18] FIRESTORM_GATE_BLOCK DCOY setup=move_strike prior_bar_ticks=4531 threshold=6000
[MOVE_SUB_C] [06:51:18] FIRESTORM_GATE_BLOCK DCOY setup=move_strike prior_bar_ticks=4531 threshold=6000
[MOVE_SUB_C] [06:51:18] FIRESTORM_GATE_BLOCK DCOY setup=move_strike prior_bar_ticks=4531 threshold=6000
[MOVE_SUB_C] [06:51:18] FIRESTORM_GATE_BLOCK DCOY setup=move_strike prior_bar_ticks=4531 threshold=6000
[MOVE_SUB_C] [06:51:18] FIRESTORM_GATE_BLOCK DCOY setup=move_strike prior_bar_ticks=4531 threshold=6000
[MOVE_SUB_C] [06:51:18] FIRESTORM_GATE_BLOCK DCOY setup=move_strike prior_bar_ticks=4531 threshold=6000
[MOVE_SUB_C] [06:51:18] FIRESTORM_GATE_BLOCK DCOY setup=move_strike prior_bar_ticks=4531 threshold=6000
[MOVE_SUB_C] [06:51:18] FIRESTORM_GATE_BLOCK DCOY setup=move_strike prior_bar_ticks=4531 threshold=6000
[MOVE_SUB_C] [06:51:18] FIRESTORM_GATE_BLOCK DCOY setup=move_strike prior_bar_ticks=4531 threshold=6000
[MOVE_SUB_C] [06:51:18] FIRESTORM_GATE_BLOCK DCOY setup=move_strike prior_bar_ticks=4531 threshold=6000
[MOVE_SUB_C] [06:51:19] FIRESTORM_GATE_BLOCK DCOY setup=move_strike prior_bar_ticks=4531 threshold=6000
[MOVE_SUB_C] [06:51:19] FIRESTORM_GATE_BLOCK DCOY setup=move_strike prior_bar_ticks=4531 threshold=6000
[MOVE_SUB_C] [06:51:19] FIRESTORM_GATE_BLOCK DCOY setup=move_strike prior_bar_ticks=4531 threshold=6000
[MOVE_SUB_C] [06:51:19] FIRESTORM_GATE_BLOCK DCOY setup=move_strike prior_bar_ticks=4531 threshold=6000
[MOVE_SUB_C] [06:51:19] FIRESTORM_GATE_BLOCK DCOY setup=move_strike prior_bar_ticks=4531 threshold=6000
[MOVE_SUB_C] [06:51:19] FIRESTORM_GATE_BLOCK DCOY setup=move_strike prior_bar_ticks=4531 threshold=6000
[MOVE_SUB_C] [06:51:19] FIRESTORM_GATE_BLOCK DCOY setup=move_strike prior_bar_ticks=4531 threshold=6000
[MOVE_SUB_C] [06:51:19] FIRESTORM_GATE_BLOCK DCOY setup=move_strike prior_bar_ticks=4531 threshold=6000
[MOVE_SUB_C] [06:51:19] FIRESTORM_GATE_BLOCK DCOY setup=move_strike prior_bar_ticks=4531 threshold=6000
[MOVE_SUB_C] [06:51:19] FIRESTORM_GATE_BLOCK DCOY setup=move_strike prior_bar_ticks=4531 threshold=6000
[MOVE_SUB_C] [06:51:19] FIRESTORM_GATE_BLOCK DCOY setup=move_strike prior_bar_ticks=4531 threshold=6000
[MOVE_SUB_C] [06:51:19] FIRESTORM_GATE_BLOCK DCOY setup=move_strike prior_bar_ticks=4531 threshold=6000
[MOVE_SUB_C] [06:51:19] FIRESTORM_GATE_BLOCK DCOY setup=move_strike prior_bar_ticks=4531 threshold=6000
[MOVE_SUB_C] [06:51:19] FIRESTORM_GATE_BLOCK DCOY setup=move_strike prior_bar_ticks=4531 threshold=6000
[MOVE_SUB_C] [06:51:19] FIRESTORM_GATE_BLOCK DCOY setup=move_strike prior_bar_ticks=4531 threshold=6000
[MOVE_SUB_C] [06:51:19] FIRESTORM_GATE_BLOCK DCOY setup=move_strike prior_bar_ticks=4531 threshold=6000
[MOVE_SUB_C] [06:51:19] FIRESTORM_GATE_BLOCK DCOY setup=move_strike prior_bar_ticks=4531 threshold=6000
[MOVE_SUB_C] [06:51:19] FIRESTORM_GATE_BLOCK DCOY setup=move_strike prior_bar_ticks=4531 threshold=6000
[MOVE_SUB_C] [06:51:20] FIRESTORM_GATE_BLOCK DCOY setup=move_strike prior_bar_ticks=4531 threshold=6000
[MOVE_SUB_C] [06:51:20] FIRESTORM_GATE_BLOCK DCOY setup=move_strike prior_bar_ticks=4531 threshold=6000
[MOVE_SUB_C] [06:51:20] FIRESTORM_GATE_BLOCK DCOY setup=move_strike prior_bar_ticks=4531 threshold=6000
[MOVE_SUB_C] [06:51:20] FIRESTORM_GATE_BLOCK DCOY setup=move_strike prior_bar_ticks=4531 threshold=6000
[MOVE_SUB_C] [06:51:20] FIRESTORM_GATE_BLOCK DCOY setup=move_strike prior_bar_ticks=4531 threshold=6000
[MOVE_SUB_C] [06:51:20] FIRESTORM_GATE_BLOCK DCOY setup=move_strike prior_bar_ticks=4531 threshold=6000
[MOVE_SUB_C] [06:51:20] FIRESTORM_GATE_BLOCK DCOY setup=move_strike prior_bar_ticks=4531 threshold=6000
[MOVE_SUB_C] [06:51:20] FIRESTORM_GATE_BLOCK DCOY setup=move_strike prior_bar_ticks=4531 threshold=6000
[MOVE_SUB_C] [06:51:20] FIRESTORM_GATE_BLOCK DCOY setup=move_strike prior_bar_ticks=4531 threshold=6000
[MOVE_SUB_C] [06:51:20] FIRESTORM_GATE_BLOCK DCOY setup=move_strike prior_bar_ticks=4531 threshold=6000
[MOVE_SUB_C] [06:51:20] FIRESTORM_GATE_BLOCK DCOY setup=move_strike prior_bar_ticks=4531 threshold=6000
[MOVE_SUB_C] [06:51:20] FIRESTORM_GATE_BLOCK DCOY setup=move_strike prior_bar_ticks=4531 threshold=6000
[MOVE_SUB_C] [06:51:20] FIRESTORM_GATE_BLOCK DCOY setup=move_strike prior_bar_ticks=4531 threshold=6000
[MOVE_SUB_C] [06:51:20] FIRESTORM_GATE_BLOCK DCOY setup=move_strike prior_bar_ticks=4531 threshold=6000
[MOVE_SUB_C] [06:51:20] FIRESTORM_GATE_BLOCK DCOY setup=move_strike prior_bar_ticks=4531 threshold=6000
[MOVE_SUB_C] [06:51:20] FIRESTORM_GATE_BLOCK DCOY setup=move_strike prior_bar_ticks=4531 threshold=6000
[MOVE_SUB_C] [06:51:20] FIRESTORM_GATE_BLOCK DCOY setup=move_strike prior_bar_ticks=4531 threshold=6000
[MOVE_SUB_C] [06:51:20] FIRESTORM_GATE_BLOCK DCOY setup=move_strike prior_bar_ticks=4531 threshold=6000
[MOVE_SUB_C] [06:51:20] FIRESTORM_GATE_BLOCK DCOY setup=move_strike prior_bar_ticks=4531 threshold=6000
[MOVE_SUB_C] [06:51:20] FIRESTORM_GATE_BLOCK DCOY setup=move_strike prior_bar_ticks=4531 threshold=6000
[MOVE_SUB_C] [06:51:20] FIRESTORM_GATE_BLOCK DCOY setup=move_strike prior_bar_ticks=4531 threshold=6000
[MOVE_SUB_C] [06:51:20] FIRESTORM_GATE_BLOCK DCOY setup=move_strike prior_bar_ticks=4531 threshold=6000
[MOVE_SUB_C] [06:51:21] FIRESTORM_GATE_BLOCK DCOY setup=move_strike prior_bar_ticks=4531 threshold=6000
[MOVE_SUB_C] [06:51:21] FIRESTORM_GATE_BLOCK DCOY setup=move_strike prior_bar_ticks=4531 threshold=6000
[MOVE_SUB_C] [06:51:21] FIRESTORM_GATE_BLOCK DCOY setup=move_strike prior_bar_ticks=4531 threshold=6000
[MOVE_SUB_C] [06:51:21] FIRESTORM_GATE_BLOCK DCOY setup=move_strike prior_bar_ticks=4531 threshold=6000
[MOVE_SUB_C] [06:51:21] FIRESTORM_GATE_BLOCK DCOY setup=move_strike prior_bar_ticks=4531 threshold=6000
[MOVE_SUB_C] [06:51:21] FIRESTORM_GATE_BLOCK DCOY setup=move_strike prior_bar_ticks=4531 threshold=6000
[MOVE_SUB_C] [06:51:21] FIRESTORM_GATE_BLOCK DCOY setup=move_strike prior_bar_ticks=4531 threshold=6000
[MOVE_SUB_C] [06:51:21] FIRESTORM_GATE_BLOCK DCOY setup=move_strike prior_bar_ticks=4531 threshold=6000
[MOVE_SUB_C] [06:51:21] FIRESTORM_GATE_BLOCK DCOY setup=move_strike prior_bar_ticks=4531 threshold=6000
[MOVE_SUB_C] [06:51:21] FIRESTORM_GATE_BLOCK DCOY setup=move_strike prior_bar_ticks=4531 threshold=6000
[MOVE_SUB_C] [06:51:21] FIRESTORM_GATE_BLOCK DCOY setup=move_strike prior_bar_ticks=4531 threshold=6000
[MOVE_SUB_C] [06:51:21] FIRESTORM_GATE_BLOCK DCOY setup=move_strike prior_bar_ticks=4531 threshold=6000
[MOVE_SUB_C] [06:51:21] FIRESTORM_GATE_BLOCK DCOY setup=move_strike prior_bar_ticks=4531 threshold=6000
[MOVE_SUB_C] [06:51:21] FIRESTORM_GATE_BLOCK DCOY setup=move_strike prior_bar_ticks=4531 threshold=6000
[MOVE_SUB_C] [06:51:21] FIRESTORM_GATE_BLOCK DCOY setup=move_strike prior_bar_ticks=4531 threshold=6000
[MOVE_SUB_C] [06:51:21] FIRESTORM_GATE_BLOCK DCOY setup=move_strike prior_bar_ticks=4531 threshold=6000
[MOVE_SUB_C] [06:51:21] FIRESTORM_GATE_BLOCK DCOY setup=move_strike prior_bar_ticks=4531 threshold=6000
[MOVE_SUB_C] [06:51:21] FIRESTORM_GATE_BLOCK DCOY setup=move_strike prior_bar_ticks=4531 threshold=6000
[MOVE_SUB_C] [06:51:21] FIRESTORM_GATE_BLOCK DCOY setup=move_strike prior_bar_ticks=4531 threshold=6000
[MOVE_SUB_C] [06:51:21] FIRESTORM_GATE_BLOCK DCOY setup=move_strike prior_bar_ticks=4531 threshold=6000
[MOVE_SUB_C] [06:51:21] FIRESTORM_GATE_BLOCK DCOY setup=move_strike prior_bar_ticks=4531 threshold=6000
[MOVE_SUB_C] [06:51:21] FIRESTORM_GATE_BLOCK DCOY setup=move_strike prior_bar_ticks=4531 threshold=6000
[MOVE_SUB_C] [06:51:21] FIRESTORM_GATE_BLOCK DCOY setup=move_strike prior_bar_ticks=4531 threshold=6000
[MOVE_SUB_C] [06:51:21] FIRESTORM_GATE_BLOCK DCOY setup=move_strike prior_bar_ticks=4531 threshold=6000
[MOVE_SUB_C] [06:51:21] FIRESTORM_GATE_BLOCK DCOY setup=move_strike prior_bar_ticks=4531 threshold=6000
[MOVE_SUB_C] [06:51:21] FIRESTORM_GATE_BLOCK DCOY setup=move_strike prior_bar_ticks=4531 threshold=6000
[MOVE_SUB_C] [06:51:21] FIRESTORM_GATE_BLOCK DCOY setup=move_strike prior_bar_ticks=4531 threshold=6000
[MOVE_SUB_C] [06:51:21] FIRESTORM_GATE_BLOCK DCOY setup=move_strike prior_bar_ticks=4531 threshold=6000
[MOVE_SUB_C] [06:51:21] FIRESTORM_GATE_BLOCK DCOY setup=move_strike prior_bar_ticks=4531 threshold=6000
[MOVE_SUB_C] [06:51:21] FIRESTORM_GATE_BLOCK DCOY setup=move_strike prior_bar_ticks=4531 threshold=6000
[MOVE_SUB_C] [06:51:21] FIRESTORM_GATE_BLOCK DCOY setup=move_strike prior_bar_ticks=4531 threshold=6000
[MOVE_SUB_C] [06:51:21] FIRESTORM_GATE_BLOCK DCOY setup=move_strike prior_bar_ticks=4531 threshold=6000
[MOVE_SUB_C] [06:51:21] FIRESTORM_GATE_BLOCK DCOY setup=move_strike prior_bar_ticks=4531 threshold=6000
[MOVE_SUB_C] [06:51:21] FIRESTORM_GATE_BLOCK DCOY setup=move_strike prior_bar_ticks=4531 threshold=6000
[MOVE_SUB_C] [06:51:21] FIRESTORM_GATE_BLOCK DCOY setup=move_strike prior_bar_ticks=4531 threshold=6000
[MOVE_SUB_C] [06:51:21] FIRESTORM_GATE_BLOCK DCOY setup=move_strike prior_bar_ticks=4531 threshold=6000
[MOVE_SUB_C] [06:51:21] FIRESTORM_GATE_BLOCK DCOY setup=move_strike prior_bar_ticks=4531 threshold=6000
[MOVE_SUB_C] [06:51:21] FIRESTORM_GATE_BLOCK DCOY setup=move_strike prior_bar_ticks=4531 threshold=6000
[MOVE_SUB_C] [06:51:21] FIRESTORM_GATE_BLOCK DCOY setup=move_strike prior_bar_ticks=4531 threshold=6000
[MOVE_SUB_C] [06:51:21] FIRESTORM_GATE_BLOCK DCOY setup=move_strike prior_bar_ticks=4531 threshold=6000
[MOVE_SUB_C] [06:51:21] FIRESTORM_GATE_BLOCK DCOY setup=move_strike prior_bar_ticks=4531 threshold=6000
[MOVE_SUB_C] [06:51:21] FIRESTORM_GATE_BLOCK DCOY setup=move_strike prior_bar_ticks=4531 threshold=6000
[MOVE_SUB_C] [06:51:21] FIRESTORM_GATE_BLOCK DCOY setup=move_strike prior_bar_ticks=4531 threshold=6000
[MOVE_SUB_C] [06:51:21] FIRESTORM_GATE_BLOCK DCOY setup=move_strike prior_bar_ticks=4531 threshold=6000
[MOVE_SUB_C] [06:51:21] FIRESTORM_GATE_BLOCK DCOY setup=move_strike prior_bar_ticks=4531 threshold=6000
[MOVE_SUB_C] [06:51:21] FIRESTORM_GATE_BLOCK DCOY setup=move_strike prior_bar_ticks=4531 threshold=6000
[MOVE_SUB_C] [06:51:21] FIRESTORM_GATE_BLOCK DCOY setup=move_strike prior_bar_ticks=4531 threshold=6000
[MOVE_SUB_C] [06:51:21] FIRESTORM_GATE_BLOCK DCOY setup=move_strike prior_bar_ticks=4531 threshold=6000
[MOVE_SUB_C] [06:51:21] FIRESTORM_GATE_BLOCK DCOY setup=move_strike prior_bar_ticks=4531 threshold=6000
[MOVE_SUB_C] [06:51:21] FIRESTORM_GATE_BLOCK DCOY setup=move_strike prior_bar_ticks=4531 threshold=6000
[MOVE_SUB_C] [06:51:21] FIRESTORM_GATE_BLOCK DCOY setup=move_strike prior_bar_ticks=4531 threshold=6000
[MOVE_SUB_C] [06:51:21] FIRESTORM_GATE_BLOCK DCOY setup=move_strike prior_bar_ticks=4531 threshold=6000
[MOVE_SUB_C] [06:51:21] FIRESTORM_GATE_BLOCK DCOY setup=move_strike prior_bar_ticks=4531 threshold=6000
[MOVE_SUB_C] [06:51:21] FIRESTORM_GATE_BLOCK DCOY setup=move_strike prior_bar_ticks=4531 threshold=6000
[MOVE_SUB_C] [06:51:21] FIRESTORM_GATE_BLOCK DCOY setup=move_strike prior_bar_ticks=4531 threshold=6000
[MOVE_SUB_C] [06:51:21] FIRESTORM_GATE_BLOCK DCOY setup=move_strike prior_bar_ticks=4531 threshold=6000
[MOVE_SUB_C] [06:51:21] FIRESTORM_GATE_BLOCK DCOY setup=move_strike prior_bar_ticks=4531 threshold=6000
[MOVE_SUB_C] [06:51:21] FIRESTORM_GATE_BLOCK DCOY setup=move_strike prior_bar_ticks=4531 threshold=6000
[MOVE_SUB_C] [06:51:21] FIRESTORM_GATE_BLOCK DCOY setup=move_strike prior_bar_ticks=4531 threshold=6000
[MOVE_SUB_C] [06:51:21] FIRESTORM_GATE_BLOCK DCOY setup=move_strike prior_bar_ticks=4531 threshold=6000
[MOVE_SUB_C] [06:51:21] FIRESTORM_GATE_BLOCK DCOY setup=move_strike prior_bar_ticks=4531 threshold=6000
[MOVE_SUB_C] [06:51:21] FIRESTORM_GATE_BLOCK DCOY setup=move_strike prior_bar_ticks=4531 threshold=6000
[MOVE_SUB_C] [06:51:21] FIRESTORM_GATE_BLOCK DCOY setup=move_strike prior_bar_ticks=4531 threshold=6000
[MOVE_SUB_C] [06:51:21] FIRESTORM_GATE_BLOCK DCOY setup=move_strike prior_bar_ticks=4531 threshold=6000
[MOVE_SUB_C] [06:51:21] FIRESTORM_GATE_BLOCK DCOY setup=move_strike prior_bar_ticks=4531 threshold=6000
[MOVE_SUB_C] [06:51:21] FIRESTORM_GATE_BLOCK DCOY setup=move_strike prior_bar_ticks=4531 threshold=6000
[MOVE_SUB_C] [06:51:21] FIRESTORM_GATE_BLOCK DCOY setup=move_strike prior_bar_ticks=4531 threshold=6000
[MOVE_SUB_C] [06:51:21] FIRESTORM_GATE_BLOCK DCOY setup=move_strike prior_bar_ticks=4531 threshold=6000
[MOVE_SUB_C] [06:51:21] FIRESTORM_GATE_BLOCK DCOY setup=move_strike prior_bar_ticks=4531 threshold=6000
[MOVE_SUB_C] [06:51:21] FIRESTORM_GATE_BLOCK DCOY setup=move_strike prior_bar_ticks=4531 threshold=6000
[MOVE_SUB_C] [06:51:21] FIRESTORM_GATE_BLOCK DCOY setup=move_strike prior_bar_ticks=4531 threshold=6000
[MOVE_SUB_C] [06:51:21] FIRESTORM_GATE_BLOCK DCOY setup=move_strike prior_bar_ticks=4531 threshold=6000
[MOVE_SUB_C] [06:51:21] FIRESTORM_GATE_BLOCK DCOY setup=move_strike prior_bar_ticks=4531 threshold=6000
[MOVE_SUB_C] [06:51:21] FIRESTORM_GATE_BLOCK DCOY setup=move_strike prior_bar_ticks=4531 threshold=6000
[MOVE_SUB_C] [06:51:21] FIRESTORM_GATE_BLOCK DCOY setup=move_strike prior_bar_ticks=4531 threshold=6000
[MOVE_SUB_C] [06:51:21] FIRESTORM_GATE_BLOCK DCOY setup=move_strike prior_bar_ticks=4531 threshold=6000
[MOVE_SUB_C] [06:51:21] FIRESTORM_GATE_BLOCK DCOY setup=move_strike prior_bar_ticks=4531 threshold=6000
[MOVE_SUB_C] [06:51:21] FIRESTORM_GATE_BLOCK DCOY setup=move_strike prior_bar_ticks=4531 threshold=6000
[MOVE_SUB_C] [06:51:21] FIRESTORM_GATE_BLOCK DCOY setup=move_strike prior_bar_ticks=4531 threshold=6000
[MOVE_SUB_C] [06:51:21] FIRESTORM_GATE_BLOCK DCOY setup=move_strike prior_bar_ticks=4531 threshold=6000
[MOVE_SUB_C] [06:51:21] FIRESTORM_GATE_BLOCK DCOY setup=move_strike prior_bar_ticks=4531 threshold=6000
[MOVE_SUB_C] [06:51:21] FIRESTORM_GATE_BLOCK DCOY setup=move_strike prior_bar_ticks=4531 threshold=6000
[MOVE_SUB_C] [06:51:21] FIRESTORM_GATE_BLOCK DCOY setup=move_strike prior_bar_ticks=4531 threshold=6000
[MOVE_SUB_C] [06:51:21] FIRESTORM_GATE_BLOCK DCOY setup=move_strike prior_bar_ticks=4531 threshold=6000
[MOVE_SUB_C] [06:51:21] FIRESTORM_GATE_BLOCK DCOY setup=move_strike prior_bar_ticks=4531 threshold=6000
[MOVE_SUB_C] [06:51:21] FIRESTORM_GATE_BLOCK DCOY setup=move_strike prior_bar_ticks=4531 threshold=6000
[MOVE_SUB_C] [06:51:21] FIRESTORM_GATE_BLOCK DCOY setup=move_strike prior_bar_ticks=4531 threshold=6000
[MOVE_SUB_C] [06:51:21] FIRESTORM_GATE_BLOCK DCOY setup=move_strike prior_bar_ticks=4531 threshold=6000
[MOVE_SUB_C] [06:51:21] FIRESTORM_GATE_BLOCK DCOY setup=move_strike prior_bar_ticks=4531 threshold=6000
[MOVE_SUB_C] [06:51:21] FIRESTORM_GATE_BLOCK DCOY setup=move_strike prior_bar_ticks=4531 threshold=6000
[MOVE_SUB_C] [06:51:21] FIRESTORM_GATE_BLOCK DCOY setup=move_strike prior_bar_ticks=4531 threshold=6000
[MOVE_SUB_C] [06:51:21] FIRESTORM_GATE_BLOCK DCOY setup=move_strike prior_bar_ticks=4531 threshold=6000
[MOVE_SUB_C] [06:51:21] FIRESTORM_GATE_BLOCK DCOY setup=move_strike prior_bar_ticks=4531 threshold=6000
[MOVE_SUB_C] [06:51:21] FIRESTORM_GATE_BLOCK DCOY setup=move_strike prior_bar_ticks=4531 threshold=6000
[MOVE_SUB_C] [06:51:21] FIRESTORM_GATE_BLOCK DCOY setup=move_strike prior_bar_ticks=4531 threshold=6000
[MOVE_SUB_C] [06:51:21] FIRESTORM_GATE_BLOCK DCOY setup=move_strike prior_bar_ticks=4531 threshold=6000
[MOVE_SUB_C] [06:51:21] FIRESTORM_GATE_BLOCK DCOY setup=move_strike prior_bar_ticks=4531 threshold=6000
[MOVE_SUB_C] [06:51:21] FIRESTORM_GATE_BLOCK DCOY setup=move_strike prior_bar_ticks=4531 threshold=6000
[MOVE_SUB_C] [06:51:21] FIRESTORM_GATE_BLOCK DCOY setup=move_strike prior_bar_ticks=4531 threshold=6000
[MOVE_SUB_C] [06:51:21] FIRESTORM_GATE_BLOCK DCOY setup=move_strike prior_bar_ticks=4531 threshold=6000
[MOVE_SUB_C] [06:51:21] FIRESTORM_GATE_BLOCK DCOY setup=move_strike prior_bar_ticks=4531 threshold=6000
[MOVE_SUB_C] [06:51:21] FIRESTORM_GATE_BLOCK DCOY setup=move_strike prior_bar_ticks=4531 threshold=6000
[MOVE_SUB_C] [06:51:21] FIRESTORM_GATE_BLOCK DCOY setup=move_strike prior_bar_ticks=4531 threshold=6000
[MOVE_SUB_C] [06:51:22] FIRESTORM_GATE_BLOCK DCOY setup=move_strike prior_bar_ticks=4531 threshold=6000
[MOVE_SUB_C] [06:51:23] FIRESTORM_GATE_BLOCK DCOY setup=move_strike prior_bar_ticks=4531 threshold=6000
[MOVE_SUB_C] [06:51:23] FIRESTORM_GATE_BLOCK DCOY setup=move_strike prior_bar_ticks=4531 threshold=6000
[MOVE_SUB_C] [06:51:24] FIRESTORM_GATE_BLOCK DCOY setup=move_strike prior_bar_ticks=4531 threshold=6000
[MOVE_SUB_C] [06:51:24] FIRESTORM_GATE_BLOCK DCOY setup=move_strike prior_bar_ticks=4531 threshold=6000
[MOVE_SUB_C] [06:51:24] FIRESTORM_GATE_BLOCK DCOY setup=move_strike prior_bar_ticks=4531 threshold=6000
[MOVE_SUB_C] [06:51:24] FIRESTORM_GATE_BLOCK DCOY setup=move_strike prior_bar_ticks=4531 threshold=6000
[MOVE_SUB_C] [06:51:24] FIRESTORM_GATE_BLOCK DCOY setup=move_strike prior_bar_ticks=4531 threshold=6000
[MOVE_SUB_C] [06:51:24] FIRESTORM_GATE_BLOCK DCOY setup=move_strike prior_bar_ticks=4531 threshold=6000
[MOVE_SUB_C] [06:51:24] FIRESTORM_GATE_BLOCK DCOY setup=move_strike prior_bar_ticks=4531 threshold=6000
[MOVE_SUB_C] [06:51:24] FIRESTORM_GATE_BLOCK DCOY setup=move_strike prior_bar_ticks=4531 threshold=6000
[MOVE_SUB_C] [06:51:24] FIRESTORM_GATE_BLOCK DCOY setup=move_strike prior_bar_ticks=4531 threshold=6000
[MOVE_SUB_C] [06:51:24] FIRESTORM_GATE_BLOCK DCOY setup=move_strike prior_bar_ticks=4531 threshold=6000
[MOVE_SUB_C] [06:51:24] FIRESTORM_GATE_BLOCK DCOY setup=move_strike prior_bar_ticks=4531 threshold=6000
[MOVE_SUB_C] [06:51:24] FIRESTORM_GATE_BLOCK DCOY setup=move_strike prior_bar_ticks=4531 threshold=6000
[MOVE_SUB_C] [06:51:24] FIRESTORM_GATE_BLOCK DCOY setup=move_strike prior_bar_ticks=4531 threshold=6000
[MOVE_SUB_C] [06:51:24] FIRESTORM_GATE_BLOCK DCOY setup=move_strike prior_bar_ticks=4531 threshold=6000
[MOVE_SUB_C] [06:51:24] FIRESTORM_GATE_BLOCK DCOY setup=move_strike prior_bar_ticks=4531 threshold=6000
[MOVE_SUB_C] [06:51:32] STATS ticks=165109 symbols=38 pos=no daily_pnl=+0 drops=0
[MOVE_SUB_C] [06:51:49] FIRESTORM_GATE_BLOCK DCOY setup=move_strike prior_bar_ticks=4531 threshold=6000
[MOVE_SUB_C] [06:51:49] FIRESTORM_GATE_BLOCK DCOY setup=move_strike prior_bar_ticks=4531 threshold=6000
[MOVE_SUB_C] [06:51:49] FIRESTORM_GATE_BLOCK DCOY setup=move_strike prior_bar_ticks=4531 threshold=6000
[MOVE_SUB_C] [06:51:49] FIRESTORM_GATE_BLOCK DCOY setup=move_strike prior_bar_ticks=4531 threshold=6000
[MOVE_SUB_C] [06:51:49] FIRESTORM_GATE_BLOCK DCOY setup=move_strike prior_bar_ticks=4531 threshold=6000
[MOVE_SUB_C] [06:51:49] FIRESTORM_GATE_BLOCK DCOY setup=move_strike prior_bar_ticks=4531 threshold=6000
[MOVE_SUB_C] [06:51:49] FIRESTORM_GATE_BLOCK DCOY setup=move_strike prior_bar_ticks=4531 threshold=6000
[MOVE_SUB_C] [06:51:49] FIRESTORM_GATE_BLOCK DCOY setup=move_strike prior_bar_ticks=4531 threshold=6000
[MOVE_SUB_C] [06:51:49] FIRESTORM_GATE_BLOCK DCOY setup=move_strike prior_bar_ticks=4531 threshold=6000
[MOVE_SUB_C] [06:51:49] FIRESTORM_GATE_BLOCK DCOY setup=move_strike prior_bar_ticks=4531 threshold=6000
[MOVE_SUB_C] [06:51:49] FIRESTORM_GATE_BLOCK DCOY setup=move_strike prior_bar_ticks=4531 threshold=6000
[MOVE_SUB_C] [06:51:49] FIRESTORM_GATE_BLOCK DCOY setup=move_strike prior_bar_ticks=4531 threshold=6000
[MOVE_SUB_C] [06:51:49] FIRESTORM_GATE_BLOCK DCOY setup=move_strike prior_bar_ticks=4531 threshold=6000
[MOVE_SUB_C] [06:51:49] FIRESTORM_GATE_BLOCK DCOY setup=move_strike prior_bar_ticks=4531 threshold=6000
[MOVE_SUB_C] [06:51:49] FIRESTORM_GATE_BLOCK DCOY setup=move_strike prior_bar_ticks=4531 threshold=6000
[MOVE_SUB_C] [06:51:49] FIRESTORM_GATE_BLOCK DCOY setup=move_strike prior_bar_ticks=4531 threshold=6000
[MOVE_SUB_C] [06:51:49] FIRESTORM_GATE_BLOCK DCOY setup=move_strike prior_bar_ticks=4531 threshold=6000
[MOVE_SUB_C] [06:51:49] FIRESTORM_GATE_BLOCK DCOY setup=move_strike prior_bar_ticks=4531 threshold=6000
[MOVE_SUB_C] [06:51:49] FIRESTORM_GATE_BLOCK DCOY setup=move_strike prior_bar_ticks=4531 threshold=6000
[MOVE_SUB_C] [06:51:49] FIRESTORM_GATE_BLOCK DCOY setup=move_strike prior_bar_ticks=4531 threshold=6000
[MOVE_SUB_C] [06:51:50] FIRESTORM_GATE_BLOCK DCOY setup=move_strike prior_bar_ticks=4531 threshold=6000
[MOVE_SUB_C] [06:51:50] FIRESTORM_GATE_BLOCK DCOY setup=move_strike prior_bar_ticks=4531 threshold=6000
[MOVE_SUB_C] [06:51:50] FIRESTORM_GATE_BLOCK DCOY setup=move_strike prior_bar_ticks=4531 threshold=6000
[MOVE_SUB_C] [06:51:50] FIRESTORM_GATE_BLOCK DCOY setup=move_strike prior_bar_ticks=4531 threshold=6000
[MOVE_SUB_C] [06:51:50] FIRESTORM_GATE_BLOCK DCOY setup=move_strike prior_bar_ticks=4531 threshold=6000
[MOVE_SUB_C] [06:51:51] FIRESTORM_GATE_BLOCK DCOY setup=move_strike prior_bar_ticks=4531 threshold=6000
[MOVE_SUB_C] [06:51:51] FIRESTORM_GATE_BLOCK DCOY setup=move_strike prior_bar_ticks=4531 threshold=6000
[MOVE_SUB_C] [06:51:51] FIRESTORM_GATE_BLOCK DCOY setup=move_strike prior_bar_ticks=4531 threshold=6000
[MOVE_SUB_C] [06:51:51] FIRESTORM_GATE_BLOCK DCOY setup=move_strike prior_bar_ticks=4531 threshold=6000
[MOVE_SUB_C] [06:51:51] FIRESTORM_GATE_BLOCK DCOY setup=move_strike prior_bar_ticks=4531 threshold=6000
[MOVE_SUB_C] [06:51:51] FIRESTORM_GATE_BLOCK DCOY setup=move_strike prior_bar_ticks=4531 threshold=6000
[MOVE_SUB_C] [06:51:51] FIRESTORM_GATE_BLOCK DCOY setup=move_strike prior_bar_ticks=4531 threshold=6000
[MOVE_SUB_C] [06:51:51] FIRESTORM_GATE_BLOCK DCOY setup=move_strike prior_bar_ticks=4531 threshold=6000
[MOVE_SUB_C] [06:51:51] FIRESTORM_GATE_BLOCK DCOY setup=move_strike prior_bar_ticks=4531 threshold=6000
[MOVE_SUB_C] [06:51:51] FIRESTORM_GATE_BLOCK DCOY setup=move_strike prior_bar_ticks=4531 threshold=6000
[MOVE_SUB_C] [06:51:51] FIRESTORM_GATE_BLOCK DCOY setup=move_strike prior_bar_ticks=4531 threshold=6000
[MOVE_SUB_C] [06:51:51] FIRESTORM_GATE_BLOCK DCOY setup=move_strike prior_bar_ticks=4531 threshold=6000
[MOVE_SUB_C] [06:51:51] FIRESTORM_GATE_BLOCK DCOY setup=move_strike prior_bar_ticks=4531 threshold=6000
[MOVE_SUB_C] [06:51:51] FIRESTORM_GATE_BLOCK DCOY setup=move_strike prior_bar_ticks=4531 threshold=6000
[MOVE_SUB_C] [06:51:51] FIRESTORM_GATE_BLOCK DCOY setup=move_strike prior_bar_ticks=4531 threshold=6000
[MOVE_SUB_C] [06:51:51] FIRESTORM_GATE_BLOCK DCOY setup=move_strike prior_bar_ticks=4531 threshold=6000
[MOVE_SUB_C] [06:51:51] FIRESTORM_GATE_BLOCK DCOY setup=move_strike prior_bar_ticks=4531 threshold=6000
[MOVE_SUB_C] [06:51:51] FIRESTORM_GATE_BLOCK DCOY setup=move_strike prior_bar_ticks=4531 threshold=6000
[MOVE_SUB_C] [06:51:51] FIRESTORM_GATE_BLOCK DCOY setup=move_strike prior_bar_ticks=4531 threshold=6000
[MOVE_SUB_C] [06:51:51] FIRESTORM_GATE_BLOCK DCOY setup=move_strike prior_bar_ticks=4531 threshold=6000
[MOVE_SUB_C] [06:51:51] FIRESTORM_GATE_BLOCK DCOY setup=move_strike prior_bar_ticks=4531 threshold=6000
[MOVE_SUB_C] [06:51:51] FIRESTORM_GATE_BLOCK DCOY setup=move_strike prior_bar_ticks=4531 threshold=6000
[MOVE_SUB_C] [06:51:51] FIRESTORM_GATE_BLOCK DCOY setup=move_strike prior_bar_ticks=4531 threshold=6000
[MOVE_SUB_C] [06:51:51] FIRESTORM_GATE_BLOCK DCOY setup=move_strike prior_bar_ticks=4531 threshold=6000
[MOVE_SUB_C] [06:51:51] FIRESTORM_GATE_BLOCK DCOY setup=move_strike prior_bar_ticks=4531 threshold=6000
[MOVE_SUB_C] [06:51:51] FIRESTORM_GATE_BLOCK DCOY setup=move_strike prior_bar_ticks=4531 threshold=6000
[MOVE_SUB_C] [06:51:51] FIRESTORM_GATE_BLOCK DCOY setup=move_strike prior_bar_ticks=4531 threshold=6000
[MOVE_SUB_C] [06:51:51] FIRESTORM_GATE_BLOCK DCOY setup=move_strike prior_bar_ticks=4531 threshold=6000
[MOVE_SUB_C] [06:51:51] FIRESTORM_GATE_BLOCK DCOY setup=move_strike prior_bar_ticks=4531 threshold=6000
[MOVE_SUB_C] [06:51:51] FIRESTORM_GATE_BLOCK DCOY setup=move_strike prior_bar_ticks=4531 threshold=6000
[MOVE_SUB_C] [06:51:51] FIRESTORM_GATE_BLOCK DCOY setup=move_strike prior_bar_ticks=4531 threshold=6000
[MOVE_SUB_C] [06:51:51] FIRESTORM_GATE_BLOCK DCOY setup=move_strike prior_bar_ticks=4531 threshold=6000
[MOVE_SUB_C] [06:51:51] FIRESTORM_GATE_BLOCK DCOY setup=move_strike prior_bar_ticks=4531 threshold=6000
[MOVE_SUB_C] [06:51:51] FIRESTORM_GATE_BLOCK DCOY setup=move_strike prior_bar_ticks=4531 threshold=6000
[MOVE_SUB_C] [06:51:51] FIRESTORM_GATE_BLOCK DCOY setup=move_strike prior_bar_ticks=4531 threshold=6000
[MOVE_SUB_C] [06:51:51] FIRESTORM_GATE_BLOCK DCOY setup=move_strike prior_bar_ticks=4531 threshold=6000
[MOVE_SUB_C] [06:51:51] FIRESTORM_GATE_BLOCK DCOY setup=move_strike prior_bar_ticks=4531 threshold=6000
[MOVE_SUB_C] [06:51:51] FIRESTORM_GATE_BLOCK DCOY setup=move_strike prior_bar_ticks=4531 threshold=6000
[MOVE_SUB_C] [06:51:51] FIRESTORM_GATE_BLOCK DCOY setup=move_strike prior_bar_ticks=4531 threshold=6000
[MOVE_SUB_C] [06:51:51] FIRESTORM_GATE_BLOCK DCOY setup=move_strike prior_bar_ticks=4531 threshold=6000
[MOVE_SUB_C] [06:51:51] FIRESTORM_GATE_BLOCK DCOY setup=move_strike prior_bar_ticks=4531 threshold=6000
[MOVE_SUB_C] [06:51:51] FIRESTORM_GATE_BLOCK DCOY setup=move_strike prior_bar_ticks=4531 threshold=6000
[MOVE_SUB_C] [06:51:51] FIRESTORM_GATE_BLOCK DCOY setup=move_strike prior_bar_ticks=4531 threshold=6000
[MOVE_SUB_C] [06:51:51] FIRESTORM_GATE_BLOCK DCOY setup=move_strike prior_bar_ticks=4531 threshold=6000
[MOVE_SUB_C] [06:51:51] FIRESTORM_GATE_BLOCK DCOY setup=move_strike prior_bar_ticks=4531 threshold=6000
[MOVE_SUB_C] [06:51:51] FIRESTORM_GATE_BLOCK DCOY setup=move_strike prior_bar_ticks=4531 threshold=6000
[MOVE_SUB_C] [06:51:51] FIRESTORM_GATE_BLOCK DCOY setup=move_strike prior_bar_ticks=4531 threshold=6000
[MOVE_SUB_C] [06:51:52] FIRESTORM_GATE_BLOCK DCOY setup=move_strike prior_bar_ticks=4531 threshold=6000
[MOVE_SUB_C] [06:51:52] FIRESTORM_GATE_BLOCK DCOY setup=move_strike prior_bar_ticks=4531 threshold=6000
[MOVE_SUB_C] [06:51:52] FIRESTORM_GATE_BLOCK DCOY setup=move_strike prior_bar_ticks=4531 threshold=6000
[MOVE_SUB_C] [06:51:53] FIRESTORM_GATE_BLOCK DCOY setup=move_strike prior_bar_ticks=4531 threshold=6000
[MOVE_SUB_C] [06:51:53] FIRESTORM_GATE_BLOCK DCOY setup=move_strike prior_bar_ticks=4531 threshold=6000
[MOVE_SUB_C] [06:51:53] FIRESTORM_GATE_BLOCK DCOY setup=move_strike prior_bar_ticks=4531 threshold=6000
[MOVE_SUB_C] [06:51:56] FIRESTORM_GATE_BLOCK DCOY setup=move_strike prior_bar_ticks=4531 threshold=6000
[MOVE_SUB_C] [06:51:56] FIRESTORM_GATE_BLOCK DCOY setup=move_strike prior_bar_ticks=4531 threshold=6000
[MOVE_SUB_C] [06:51:56] FIRESTORM_GATE_BLOCK DCOY setup=move_strike prior_bar_ticks=4531 threshold=6000
[MOVE_SUB_C] [06:51:56] FIRESTORM_GATE_BLOCK DCOY setup=move_strike prior_bar_ticks=4531 threshold=6000
[MOVE_SUB_C] [06:51:56] FIRESTORM_GATE_BLOCK DCOY setup=move_strike prior_bar_ticks=4531 threshold=6000
[MOVE_SUB_C] [06:51:56] FIRESTORM_GATE_BLOCK DCOY setup=move_strike prior_bar_ticks=4531 threshold=6000
[MOVE_SUB_C] [06:51:56] FIRESTORM_GATE_BLOCK DCOY setup=move_strike prior_bar_ticks=4531 threshold=6000
[MOVE_SUB_C] [06:51:56] FIRESTORM_GATE_BLOCK DCOY setup=move_strike prior_bar_ticks=4531 threshold=6000
[MOVE_SUB_C] [06:51:56] FIRESTORM_GATE_BLOCK DCOY setup=move_strike prior_bar_ticks=4531 threshold=6000
[MOVE_SUB_C] [06:51:56] FIRESTORM_GATE_BLOCK DCOY setup=move_strike prior_bar_ticks=4531 threshold=6000
[MOVE_SUB_C] [06:51:56] FIRESTORM_GATE_BLOCK DCOY setup=move_strike prior_bar_ticks=4531 threshold=6000
[MOVE_SUB_C] [06:51:56] FIRESTORM_GATE_BLOCK DCOY setup=move_strike prior_bar_ticks=4531 threshold=6000
[MOVE_SUB_C] [06:51:56] FIRESTORM_GATE_BLOCK DCOY setup=move_strike prior_bar_ticks=4531 threshold=6000
[MOVE_SUB_C] [06:51:57] FIRESTORM_GATE_BLOCK DCOY setup=move_strike prior_bar_ticks=4531 threshold=6000
[MOVE_SUB_C] [06:51:57] FIRESTORM_GATE_BLOCK DCOY setup=move_strike prior_bar_ticks=4531 threshold=6000
[MOVE_SUB_C] [06:51:57] FIRESTORM_GATE_BLOCK DCOY setup=move_strike prior_bar_ticks=4531 threshold=6000
[MOVE_SUB_C] [06:51:57] FIRESTORM_GATE_BLOCK DCOY setup=move_strike prior_bar_ticks=4531 threshold=6000
[MOVE_SUB_C] [06:51:57] FIRESTORM_GATE_BLOCK DCOY setup=move_strike prior_bar_ticks=4531 threshold=6000
[MOVE_SUB_C] [06:51:57] FIRESTORM_GATE_BLOCK DCOY setup=move_strike prior_bar_ticks=4531 threshold=6000
[MOVE_SUB_C] [06:51:57] FIRESTORM_GATE_BLOCK DCOY setup=move_strike prior_bar_ticks=4531 threshold=6000
[MOVE_SUB_C] [06:51:57] FIRESTORM_GATE_BLOCK DCOY setup=move_strike prior_bar_ticks=4531 threshold=6000
[MOVE_SUB_C] [06:51:57] FIRESTORM_GATE_BLOCK DCOY setup=move_strike prior_bar_ticks=4531 threshold=6000
[MOVE_SUB_C] [06:51:57] FIRESTORM_GATE_BLOCK DCOY setup=move_strike prior_bar_ticks=4531 threshold=6000
[MOVE_SUB_C] [06:51:57] FIRESTORM_GATE_BLOCK DCOY setup=move_strike prior_bar_ticks=4531 threshold=6000
[MOVE_SUB_C] [06:51:57] FIRESTORM_GATE_BLOCK DCOY setup=move_strike prior_bar_ticks=4531 threshold=6000
[MOVE_SUB_C] [06:51:57] FIRESTORM_GATE_BLOCK DCOY setup=move_strike prior_bar_ticks=4531 threshold=6000
[MOVE_SUB_C] [06:51:57] FIRESTORM_GATE_BLOCK DCOY setup=move_strike prior_bar_ticks=4531 threshold=6000
[MOVE_SUB_C] [06:51:57] FIRESTORM_GATE_BLOCK DCOY setup=move_strike prior_bar_ticks=4531 threshold=6000
[MOVE_SUB_C] [06:51:57] FIRESTORM_GATE_BLOCK DCOY setup=move_strike prior_bar_ticks=4531 threshold=6000
[MOVE_SUB_C] [06:51:57] FIRESTORM_GATE_BLOCK DCOY setup=move_strike prior_bar_ticks=4531 threshold=6000
[MOVE_SUB_C] [06:51:57] FIRESTORM_GATE_BLOCK DCOY setup=move_strike prior_bar_ticks=4531 threshold=6000
[MOVE_SUB_C] [06:51:57] FIRESTORM_GATE_BLOCK DCOY setup=move_strike prior_bar_ticks=4531 threshold=6000
[MOVE_SUB_C] [06:51:57] FIRESTORM_GATE_BLOCK DCOY setup=move_strike prior_bar_ticks=4531 threshold=6000
[MOVE_SUB_C] [06:51:57] FIRESTORM_GATE_BLOCK DCOY setup=move_strike prior_bar_ticks=4531 threshold=6000
[MOVE_SUB_C] [06:51:57] FIRESTORM_GATE_BLOCK DCOY setup=move_strike prior_bar_ticks=4531 threshold=6000
[MOVE_SUB_C] [06:51:57] FIRESTORM_GATE_BLOCK DCOY setup=move_strike prior_bar_ticks=4531 threshold=6000
[MOVE_SUB_C] [06:51:57] FIRESTORM_GATE_BLOCK DCOY setup=move_strike prior_bar_ticks=4531 threshold=6000
[MOVE_SUB_C] [06:51:57] FIRESTORM_GATE_BLOCK DCOY setup=move_strike prior_bar_ticks=4531 threshold=6000
[MOVE_SUB_C] [06:51:57] FIRESTORM_GATE_BLOCK DCOY setup=move_strike prior_bar_ticks=4531 threshold=6000
[MOVE_SUB_C] [06:51:57] FIRESTORM_GATE_BLOCK DCOY setup=move_strike prior_bar_ticks=4531 threshold=6000
[MOVE_SUB_C] [06:51:57] FIRESTORM_GATE_BLOCK DCOY setup=move_strike prior_bar_ticks=4531 threshold=6000
[MOVE_SUB_C] [06:51:57] FIRESTORM_GATE_BLOCK DCOY setup=move_strike prior_bar_ticks=4531 threshold=6000
[MOVE_SUB_C] [06:51:57] FIRESTORM_GATE_BLOCK DCOY setup=move_strike prior_bar_ticks=4531 threshold=6000
[MOVE_SUB_C] [06:51:57] FIRESTORM_GATE_BLOCK DCOY setup=move_strike prior_bar_ticks=4531 threshold=6000
[MOVE_SUB_C] [06:51:57] FIRESTORM_GATE_BLOCK DCOY setup=move_strike prior_bar_ticks=4531 threshold=6000
[MOVE_SUB_C] [06:51:57] FIRESTORM_GATE_BLOCK DCOY setup=move_strike prior_bar_ticks=4531 threshold=6000
[MOVE_SUB_C] [06:51:57] FIRESTORM_GATE_BLOCK DCOY setup=move_strike prior_bar_ticks=4531 threshold=6000
[MOVE_SUB_C] [06:51:57] FIRESTORM_GATE_BLOCK DCOY setup=move_strike prior_bar_ticks=4531 threshold=6000
[MOVE_SUB_C] [06:51:57] FIRESTORM_GATE_BLOCK DCOY setup=move_strike prior_bar_ticks=4531 threshold=6000
[MOVE_SUB_C] [06:51:57] FIRESTORM_GATE_BLOCK DCOY setup=move_strike prior_bar_ticks=4531 threshold=6000
[MOVE_SUB_C] [06:51:57] FIRESTORM_GATE_BLOCK DCOY setup=move_strike prior_bar_ticks=4531 threshold=6000
[MOVE_SUB_C] [06:51:57] FIRESTORM_GATE_BLOCK DCOY setup=move_strike prior_bar_ticks=4531 threshold=6000
[MOVE_SUB_C] [06:51:57] FIRESTORM_GATE_BLOCK DCOY setup=move_strike prior_bar_ticks=4531 threshold=6000
[MOVE_SUB_C] [06:51:57] FIRESTORM_GATE_BLOCK DCOY setup=move_strike prior_bar_ticks=4531 threshold=6000
[MOVE_SUB_C] [06:51:57] FIRESTORM_GATE_BLOCK DCOY setup=move_strike prior_bar_ticks=4531 threshold=6000
[MOVE_SUB_C] [06:51:57] FIRESTORM_GATE_BLOCK DCOY setup=move_strike prior_bar_ticks=4531 threshold=6000
[MOVE_SUB_C] [06:51:57] FIRESTORM_GATE_BLOCK DCOY setup=move_strike prior_bar_ticks=4531 threshold=6000
[MOVE_SUB_C] [06:51:57] FIRESTORM_GATE_BLOCK DCOY setup=move_strike prior_bar_ticks=4531 threshold=6000
[MOVE_SUB_C] [06:51:57] FIRESTORM_GATE_BLOCK DCOY setup=move_strike prior_bar_ticks=4531 threshold=6000
[MOVE_SUB_C] [06:51:57] FIRESTORM_GATE_BLOCK DCOY setup=move_strike prior_bar_ticks=4531 threshold=6000
[MOVE_SUB_C] [06:51:57] FIRESTORM_GATE_BLOCK DCOY setup=move_strike prior_bar_ticks=4531 threshold=6000
[MOVE_SUB_C] [06:51:57] FIRESTORM_GATE_BLOCK DCOY setup=move_strike prior_bar_ticks=4531 threshold=6000
[MOVE_SUB_C] [06:51:58] FIRESTORM_GATE_BLOCK DCOY setup=move_strike prior_bar_ticks=4531 threshold=6000
[MOVE_SUB_C] [06:51:58] FIRESTORM_GATE_BLOCK DCOY setup=move_strike prior_bar_ticks=4531 threshold=6000
[MOVE_SUB_C] [06:51:58] FIRESTORM_GATE_BLOCK DCOY setup=move_strike prior_bar_ticks=4531 threshold=6000
[MOVE_SUB_C] [06:51:58] FIRESTORM_GATE_BLOCK DCOY setup=move_strike prior_bar_ticks=4531 threshold=6000
[MOVE_SUB_C] [06:51:58] FIRESTORM_GATE_BLOCK DCOY setup=move_strike prior_bar_ticks=4531 threshold=6000
[MOVE_SUB_C] [06:51:58] FIRESTORM_GATE_BLOCK DCOY setup=move_strike prior_bar_ticks=4531 threshold=6000
[MOVE_SUB_C] [06:51:58] FIRESTORM_GATE_BLOCK DCOY setup=move_strike prior_bar_ticks=4531 threshold=6000
[MOVE_SUB_C] [06:51:58] FIRESTORM_GATE_BLOCK DCOY setup=move_strike prior_bar_ticks=4531 threshold=6000
[MOVE_SUB_C] [06:51:58] FIRESTORM_GATE_BLOCK DCOY setup=move_strike prior_bar_ticks=4531 threshold=6000
[MOVE_SUB_C] [06:51:58] FIRESTORM_GATE_BLOCK DCOY setup=move_strike prior_bar_ticks=4531 threshold=6000
[MOVE_SUB_C] [06:51:58] FIRESTORM_GATE_BLOCK DCOY setup=move_strike prior_bar_ticks=4531 threshold=6000
[MOVE_SUB_C] [06:51:58] FIRESTORM_GATE_BLOCK DCOY setup=move_strike prior_bar_ticks=4531 threshold=6000
[MOVE_SUB_C] [06:51:58] FIRESTORM_GATE_BLOCK DCOY setup=move_strike prior_bar_ticks=4531 threshold=6000
[MOVE_SUB_C] [06:51:58] FIRESTORM_GATE_BLOCK DCOY setup=move_strike prior_bar_ticks=4531 threshold=6000
[MOVE_SUB_C] [06:51:58] FIRESTORM_GATE_BLOCK DCOY setup=move_strike prior_bar_ticks=4531 threshold=6000
[MOVE_SUB_C] [06:51:58] FIRESTORM_GATE_BLOCK DCOY setup=move_strike prior_bar_ticks=4531 threshold=6000
[MOVE_SUB_C] [06:51:58] FIRESTORM_GATE_BLOCK DCOY setup=move_strike prior_bar_ticks=4531 threshold=6000
[MOVE_SUB_C] [06:51:58] FIRESTORM_GATE_BLOCK DCOY setup=move_strike prior_bar_ticks=4531 threshold=6000
[MOVE_SUB_C] [06:51:58] FIRESTORM_GATE_BLOCK DCOY setup=move_strike prior_bar_ticks=4531 threshold=6000
[MOVE_SUB_C] [06:51:58] FIRESTORM_GATE_BLOCK DCOY setup=move_strike prior_bar_ticks=4531 threshold=6000
[MOVE_SUB_C] [06:51:58] FIRESTORM_GATE_BLOCK DCOY setup=move_strike prior_bar_ticks=4531 threshold=6000
[MOVE_SUB_C] [06:51:58] FIRESTORM_GATE_BLOCK DCOY setup=move_strike prior_bar_ticks=4531 threshold=6000
[MOVE_SUB_C] [06:51:58] FIRESTORM_GATE_BLOCK DCOY setup=move_strike prior_bar_ticks=4531 threshold=6000
[MOVE_SUB_C] [06:51:58] FIRESTORM_GATE_BLOCK DCOY setup=move_strike prior_bar_ticks=4531 threshold=6000
[MOVE_SUB_C] [06:51:58] FIRESTORM_GATE_BLOCK DCOY setup=move_strike prior_bar_ticks=4531 threshold=6000
[MOVE_SUB_C] [06:51:58] FIRESTORM_GATE_BLOCK DCOY setup=move_strike prior_bar_ticks=4531 threshold=6000
[MOVE_SUB_C] [06:51:58] FIRESTORM_GATE_BLOCK DCOY setup=move_strike prior_bar_ticks=4531 threshold=6000
[MOVE_SUB_C] [06:51:58] FIRESTORM_GATE_BLOCK DCOY setup=move_strike prior_bar_ticks=4531 threshold=6000
[MOVE_SUB_C] [06:51:58] FIRESTORM_GATE_BLOCK DCOY setup=move_strike prior_bar_ticks=4531 threshold=6000
[MOVE_SUB_C] [06:51:58] FIRESTORM_GATE_BLOCK DCOY setup=move_strike prior_bar_ticks=4531 threshold=6000
[MOVE_SUB_C] [06:51:58] FIRESTORM_GATE_BLOCK DCOY setup=move_strike prior_bar_ticks=4531 threshold=6000
[MOVE_SUB_C] [06:51:58] FIRESTORM_GATE_BLOCK DCOY setup=move_strike prior_bar_ticks=4531 threshold=6000
[MOVE_SUB_C] [06:51:58] FIRESTORM_GATE_BLOCK DCOY setup=move_strike prior_bar_ticks=4531 threshold=6000
[MOVE_SUB_C] [06:51:58] FIRESTORM_GATE_BLOCK DCOY setup=move_strike prior_bar_ticks=4531 threshold=6000
[MOVE_SUB_C] [06:51:58] FIRESTORM_GATE_BLOCK DCOY setup=move_strike prior_bar_ticks=4531 threshold=6000
[MOVE_SUB_C] [06:51:58] FIRESTORM_GATE_BLOCK DCOY setup=move_strike prior_bar_ticks=4531 threshold=6000
[MOVE_SUB_C] [06:51:58] FIRESTORM_GATE_BLOCK DCOY setup=move_strike prior_bar_ticks=4531 threshold=6000
[MOVE_SUB_C] [06:51:58] FIRESTORM_GATE_BLOCK DCOY setup=move_strike prior_bar_ticks=4531 threshold=6000
[MOVE_SUB_C] [06:51:58] FIRESTORM_GATE_BLOCK DCOY setup=move_strike prior_bar_ticks=4531 threshold=6000
[MOVE_SUB_C] [06:51:58] FIRESTORM_GATE_BLOCK DCOY setup=move_strike prior_bar_ticks=4531 threshold=6000
[MOVE_SUB_C] [06:51:58] FIRESTORM_GATE_BLOCK DCOY setup=move_strike prior_bar_ticks=4531 threshold=6000
[MOVE_SUB_C] [06:51:58] FIRESTORM_GATE_BLOCK DCOY setup=move_strike prior_bar_ticks=4531 threshold=6000
[MOVE_SUB_C] [06:51:58] FIRESTORM_GATE_BLOCK DCOY setup=move_strike prior_bar_ticks=4531 threshold=6000
[MOVE_SUB_C] [06:51:58] FIRESTORM_GATE_BLOCK DCOY setup=move_strike prior_bar_ticks=4531 threshold=6000
[MOVE_SUB_C] [06:51:58] FIRESTORM_GATE_BLOCK DCOY setup=move_strike prior_bar_ticks=4531 threshold=6000
[MOVE_SUB_C] [06:51:58] FIRESTORM_GATE_BLOCK DCOY setup=move_strike prior_bar_ticks=4531 threshold=6000
[MOVE_SUB_C] [06:51:58] FIRESTORM_GATE_BLOCK DCOY setup=move_strike prior_bar_ticks=4531 threshold=6000
[MOVE_SUB_C] [06:51:58] FIRESTORM_GATE_BLOCK DCOY setup=move_strike prior_bar_ticks=4531 threshold=6000
[MOVE_SUB_C] [06:51:58] FIRESTORM_GATE_BLOCK DCOY setup=move_strike prior_bar_ticks=4531 threshold=6000
[MOVE_SUB_C] [06:51:58] FIRESTORM_GATE_BLOCK DCOY setup=move_strike prior_bar_ticks=4531 threshold=6000
[MOVE_SUB_C] [06:51:58] FIRESTORM_GATE_BLOCK DCOY setup=move_strike prior_bar_ticks=4531 threshold=6000
[MOVE_SUB_C] [06:51:58] FIRESTORM_GATE_BLOCK DCOY setup=move_strike prior_bar_ticks=4531 threshold=6000
[MOVE_SUB_C] [06:51:58] FIRESTORM_GATE_BLOCK DCOY setup=move_strike prior_bar_ticks=4531 threshold=6000
[MOVE_SUB_C] [06:51:58] FIRESTORM_GATE_BLOCK DCOY setup=move_strike prior_bar_ticks=4531 threshold=6000
[MOVE_SUB_C] [06:51:58] FIRESTORM_GATE_BLOCK DCOY setup=move_strike prior_bar_ticks=4531 threshold=6000
[MOVE_SUB_C] [06:51:58] FIRESTORM_GATE_BLOCK DCOY setup=move_strike prior_bar_ticks=4531 threshold=6000
[MOVE_SUB_C] [06:51:58] FIRESTORM_GATE_BLOCK DCOY setup=move_strike prior_bar_ticks=4531 threshold=6000
[MOVE_SUB_C] [06:51:58] FIRESTORM_GATE_BLOCK DCOY setup=move_strike prior_bar_ticks=4531 threshold=6000
[MOVE_SUB_C] [06:51:58] FIRESTORM_GATE_BLOCK DCOY setup=move_strike prior_bar_ticks=4531 threshold=6000
[MOVE_SUB_C] [06:51:58] FIRESTORM_GATE_BLOCK DCOY setup=move_strike prior_bar_ticks=4531 threshold=6000
[MOVE_SUB_C] [06:51:58] FIRESTORM_GATE_BLOCK DCOY setup=move_strike prior_bar_ticks=4531 threshold=6000
[MOVE_SUB_C] [06:51:58] FIRESTORM_GATE_BLOCK DCOY setup=move_strike prior_bar_ticks=4531 threshold=6000
[MOVE_SUB_C] [06:51:58] FIRESTORM_GATE_BLOCK DCOY setup=move_strike prior_bar_ticks=4531 threshold=6000
[MOVE_SUB_C] [06:51:58] FIRESTORM_GATE_BLOCK DCOY setup=move_strike prior_bar_ticks=4531 threshold=6000
[MOVE_SUB_C] [06:51:58] FIRESTORM_GATE_BLOCK DCOY setup=move_strike prior_bar_ticks=4531 threshold=6000
[MOVE_SUB_C] [06:51:58] FIRESTORM_GATE_BLOCK DCOY setup=move_strike prior_bar_ticks=4531 threshold=6000
[MOVE_SUB_C] [06:51:58] FIRESTORM_GATE_BLOCK DCOY setup=move_strike prior_bar_ticks=4531 threshold=6000
[MOVE_SUB_C] [06:51:58] FIRESTORM_GATE_BLOCK DCOY setup=move_strike prior_bar_ticks=4531 threshold=6000
[MOVE_SUB_C] [06:51:58] FIRESTORM_GATE_BLOCK DCOY setup=move_strike prior_bar_ticks=4531 threshold=6000
[MOVE_SUB_C] [06:51:58] FIRESTORM_GATE_BLOCK DCOY setup=move_strike prior_bar_ticks=4531 threshold=6000
[MOVE_SUB_C] [06:51:58] FIRESTORM_GATE_BLOCK DCOY setup=move_strike prior_bar_ticks=4531 threshold=6000
[MOVE_SUB_C] [06:51:58] FIRESTORM_GATE_BLOCK DCOY setup=move_strike prior_bar_ticks=4531 threshold=6000
[MOVE_SUB_C] [06:51:58] FIRESTORM_GATE_BLOCK DCOY setup=move_strike prior_bar_ticks=4531 threshold=6000
[MOVE_SUB_C] [06:51:58] FIRESTORM_GATE_BLOCK DCOY setup=move_strike prior_bar_ticks=4531 threshold=6000
[MOVE_SUB_C] [06:51:58] FIRESTORM_GATE_BLOCK DCOY setup=move_strike prior_bar_ticks=4531 threshold=6000
[MOVE_SUB_C] [06:51:58] FIRESTORM_GATE_BLOCK DCOY setup=move_strike prior_bar_ticks=4531 threshold=6000
[MOVE_SUB_C] [06:51:58] FIRESTORM_GATE_BLOCK DCOY setup=move_strike prior_bar_ticks=4531 threshold=6000
[MOVE_SUB_C] [06:51:58] FIRESTORM_GATE_BLOCK DCOY setup=move_strike prior_bar_ticks=4531 threshold=6000
[MOVE_SUB_C] [06:51:58] FIRESTORM_GATE_BLOCK DCOY setup=move_strike prior_bar_ticks=4531 threshold=6000
[MOVE_SUB_C] [06:51:58] FIRESTORM_GATE_BLOCK DCOY setup=move_strike prior_bar_ticks=4531 threshold=6000
[MOVE_SUB_C] [06:51:58] FIRESTORM_GATE_BLOCK DCOY setup=move_strike prior_bar_ticks=4531 threshold=6000
[MOVE_SUB_C] [06:51:58] FIRESTORM_GATE_BLOCK DCOY setup=move_strike prior_bar_ticks=4531 threshold=6000
[MOVE_SUB_C] [06:51:58] FIRESTORM_GATE_BLOCK DCOY setup=move_strike prior_bar_ticks=4531 threshold=6000
[MOVE_SUB_C] [06:51:58] FIRESTORM_GATE_BLOCK DCOY setup=move_strike prior_bar_ticks=4531 threshold=6000
[MOVE_SUB_C] [06:51:58] FIRESTORM_GATE_BLOCK DCOY setup=move_strike prior_bar_ticks=4531 threshold=6000
[MOVE_SUB_C] [06:51:58] FIRESTORM_GATE_BLOCK DCOY setup=move_strike prior_bar_ticks=4531 threshold=6000
[MOVE_SUB_C] [06:51:59] FIRESTORM_GATE_BLOCK DCOY setup=move_strike prior_bar_ticks=4531 threshold=6000
[MOVE_SUB_C] [06:51:59] FIRESTORM_GATE_BLOCK DCOY setup=move_strike prior_bar_ticks=4531 threshold=6000
[MOVE_SUB_C] [06:51:59] FIRESTORM_GATE_BLOCK DCOY setup=move_strike prior_bar_ticks=4531 threshold=6000
[MOVE_SUB_C] [06:51:59] FIRESTORM_GATE_BLOCK DCOY setup=move_strike prior_bar_ticks=4531 threshold=6000
[MOVE_SUB_C] [06:51:59] FIRESTORM_GATE_BLOCK DCOY setup=move_strike prior_bar_ticks=4531 threshold=6000
[MOVE_SUB_C] [06:51:59] FIRESTORM_GATE_BLOCK DCOY setup=move_strike prior_bar_ticks=4531 threshold=6000
[MOVE_SUB_C] [06:51:59] FIRESTORM_GATE_BLOCK DCOY setup=move_strike prior_bar_ticks=4531 threshold=6000
[MOVE_SUB_C] [06:51:59] FIRESTORM_GATE_BLOCK DCOY setup=move_strike prior_bar_ticks=4531 threshold=6000
[MOVE_SUB_C] [06:51:59] FIRESTORM_GATE_BLOCK DCOY setup=move_strike prior_bar_ticks=4531 threshold=6000
[MOVE_SUB_C] [06:51:59] FIRESTORM_GATE_BLOCK DCOY setup=move_strike prior_bar_ticks=4531 threshold=6000
[MOVE_SUB_C] [06:51:59] FIRESTORM_GATE_BLOCK DCOY setup=move_strike prior_bar_ticks=4531 threshold=6000
[MOVE_SUB_C] [06:51:59] FIRESTORM_GATE_BLOCK DCOY setup=move_strike prior_bar_ticks=4531 threshold=6000
[MOVE_SUB_C] [06:51:59] FIRESTORM_GATE_BLOCK DCOY setup=move_strike prior_bar_ticks=4531 threshold=6000
[MOVE_SUB_C] [06:51:59] FIRESTORM_GATE_BLOCK DCOY setup=move_strike prior_bar_ticks=4531 threshold=6000
[MOVE_SUB_C] [06:51:59] FIRESTORM_GATE_BLOCK DCOY setup=move_strike prior_bar_ticks=4531 threshold=6000
[MOVE_SUB_C] [06:51:59] FIRESTORM_GATE_BLOCK DCOY setup=move_strike prior_bar_ticks=4531 threshold=6000
[MOVE_SUB_C] [06:51:59] FIRESTORM_GATE_BLOCK DCOY setup=move_strike prior_bar_ticks=4531 threshold=6000
[MOVE_SUB_C] [06:51:59] FIRESTORM_GATE_BLOCK DCOY setup=move_strike prior_bar_ticks=4531 threshold=6000
[MOVE_SUB_C] [06:51:59] FIRESTORM_GATE_BLOCK DCOY setup=move_strike prior_bar_ticks=4531 threshold=6000
[MOVE_SUB_C] [06:51:59] FIRESTORM_GATE_BLOCK DCOY setup=move_strike prior_bar_ticks=4531 threshold=6000
[MOVE_SUB_C] [06:51:59] FIRESTORM_GATE_BLOCK DCOY setup=move_strike prior_bar_ticks=4531 threshold=6000
[MOVE_SUB_C] [06:51:59] FIRESTORM_GATE_BLOCK DCOY setup=move_strike prior_bar_ticks=4531 threshold=6000
[MOVE_SUB_C] [06:51:59] FIRESTORM_GATE_BLOCK DCOY setup=move_strike prior_bar_ticks=4531 threshold=6000
[MOVE_SUB_C] [06:51:59] FIRESTORM_GATE_BLOCK DCOY setup=move_strike prior_bar_ticks=4531 threshold=6000
[MOVE_SUB_C] [06:51:59] FIRESTORM_GATE_BLOCK DCOY setup=move_strike prior_bar_ticks=4531 threshold=6000
[MOVE_SUB_C] [06:51:59] FIRESTORM_GATE_BLOCK DCOY setup=move_strike prior_bar_ticks=4531 threshold=6000
[MOVE_SUB_C] [06:51:59] FIRESTORM_GATE_BLOCK DCOY setup=move_strike prior_bar_ticks=4531 threshold=6000
[MOVE_SUB_C] [06:51:59] FIRESTORM_GATE_BLOCK DCOY setup=move_strike prior_bar_ticks=4531 threshold=6000
[MOVE_SUB_C] [06:51:59] FIRESTORM_GATE_BLOCK DCOY setup=move_strike prior_bar_ticks=4531 threshold=6000
[MOVE_SUB_C] [06:51:59] FIRESTORM_GATE_BLOCK DCOY setup=move_strike prior_bar_ticks=4531 threshold=6000
[MOVE_SUB_C] [06:51:59] FIRESTORM_GATE_BLOCK DCOY setup=move_strike prior_bar_ticks=4531 threshold=6000
[MOVE_SUB_C] [06:51:59] FIRESTORM_GATE_BLOCK DCOY setup=move_strike prior_bar_ticks=4531 threshold=6000
[MOVE_SUB_C] [06:51:59] FIRESTORM_GATE_BLOCK DCOY setup=move_strike prior_bar_ticks=4531 threshold=6000
[MOVE_SUB_C] [06:51:59] FIRESTORM_GATE_BLOCK DCOY setup=move_strike prior_bar_ticks=4531 threshold=6000
[MOVE_SUB_C] [06:51:59] FIRESTORM_GATE_BLOCK DCOY setup=move_strike prior_bar_ticks=4531 threshold=6000
[MOVE_SUB_C] [06:51:59] FIRESTORM_GATE_BLOCK DCOY setup=move_strike prior_bar_ticks=4531 threshold=6000
[MOVE_SUB_C] [06:51:59] FIRESTORM_GATE_BLOCK DCOY setup=move_strike prior_bar_ticks=4531 threshold=6000
[MOVE_SUB_C] [06:51:59] FIRESTORM_GATE_BLOCK DCOY setup=move_strike prior_bar_ticks=4531 threshold=6000
[MOVE_SUB_C] [06:51:59] FIRESTORM_GATE_BLOCK DCOY setup=move_strike prior_bar_ticks=4531 threshold=6000
[MOVE_SUB_C] [06:51:59] FIRESTORM_GATE_BLOCK DCOY setup=move_strike prior_bar_ticks=4531 threshold=6000
[MOVE_SUB_C] [06:51:59] FIRESTORM_GATE_BLOCK DCOY setup=move_strike prior_bar_ticks=4531 threshold=6000
[MOVE_SUB_C] [06:51:59] FIRESTORM_GATE_BLOCK DCOY setup=move_strike prior_bar_ticks=4531 threshold=6000
[MOVE_SUB_C] [06:51:59] FIRESTORM_GATE_BLOCK DCOY setup=move_strike prior_bar_ticks=4531 threshold=6000
[MOVE_SUB_C] [06:51:59] FIRESTORM_GATE_BLOCK DCOY setup=move_strike prior_bar_ticks=4531 threshold=6000
[MOVE_SUB_C] [06:52:32] STATS ticks=171240 symbols=38 pos=no daily_pnl=+0 drops=0
[MOVE_SUB_C] [06:53:32] STATS ticks=174563 symbols=38 pos=no daily_pnl=+0 drops=0
[MOVE_SUB_C] [06:54:32] STATS ticks=177243 symbols=38 pos=no daily_pnl=+0 drops=0
[MOVE_SUB_C] [06:55:33] STATS ticks=180636 symbols=38 pos=no daily_pnl=+0 drops=0
[MOVE_SUB_C] [06:55:53] new symbol VRDN — detector + movement_strike instantiated
[MOVE_SUB_C] [06:56:33] STATS ticks=184409 symbols=39 pos=no daily_pnl=+0 drops=0
[MOVE_SUB_C] [06:57:33] STATS ticks=187061 symbols=39 pos=no daily_pnl=+0 drops=0
[MOVE_SUB_C] signal 15 received — stopping
[MOVE_SUB_C] signal 15 received — stopping
