=== Waking screen ===
Display wake (caffeinate -u) sent
Display state: unknown (continuing — caffeinate keeps system awake regardless)
Persistent caffeinate started (PID: 90878)
=== V3 Hybrid daily run started: Mon Jun 29 02:00:05 MDT 2026 ===
From github.com:mannyluke4/warrior_bot
 * branch            v2-ibkr-migration -> FETCH_HEAD
Already up to date.
Code version: 7251a05 (auto: v3 daily logs 2026-06-26)
daily_run_v3.sh hash: a0f70303c50ac665eee94c67621b8de773a9789f
bot_v3_hybrid.py hash: 1ce992cac7f51c0e56fd67bdce45a364e6f52d23
bot_alpaca_subbot.py hash: 35c2164aba4247ce13052023d9b27ab1e3c05d66
alpaca_feed.py hash: 682a855ab7d4135ad611baa7e19a941a00690a38
sntp: Exchange failed: Timeout
sntp: clock_settime: Operation not permitted
sntp_exchange {
        result: 6 (Timeout)
        header: 00 (li:0 vn:0 mode:0)
       stratum: 00 (0)
          poll: 00 (1)
     precision: 00 (1.000000e+00)
         delay: 0000.0000 (0.000000000)
    dispersion: 0000.0000 (0.000000000)
           ref: 00000000 ("    ")
         t_ref: 00000000.00000000 (0.000000000)
            t1: EDECA487.6A30DB6A (3991708807.414807999)
            t2: 00000000.00000000 (0.000000000)
            t3: 00000000.00000000 (0.000000000)
            t4: 00000000.00000000 (0.000000000)
        offset: FFFFFFFF8909ADBC.4AE7924B00000000 (-1995854403.707403898)
         delay: FFFFFFFF12135B78.95CF249600000000 (-3991708807.414807796)
          mean: 0000000000000000.0000000000000000 (0.000000000)
         error: 0000000000000000.0000000000000000 (0.000000000)
          addr: 2620:149:a16:3000::31
}
+0.036183 +/- 0.069129 time.apple.com 2620:149:a16:4000::31
NTP sync skipped (non-root)
System time: Mon Jun 29 08:00:08 UTC 2026
Pre-flight: checking Python imports...
V3 Imports OK
Sub-bot Imports OK
Killing stale processes...
Gateway already up on port 4002 — reusing existing session (no kill/restart)
Waiting for IB Gateway on port 4002...
Gateway is up on port 4002 (after ~5s)
Cleaning up stale connections...
Wiping yesterday's watchlist.txt for a fresh session...
Starting live_scanner.py...
Live scanner started (PID: 90917)
Starting bot_v3_hybrid.py (IBKR paper execution — squeeze re-enabled 2026-05-26)...
Bot started (PID: 90927)
[ENGINE_PUB] TCP listener on 100.79.224.76:9710 (tailnet fan-out — newline-JSON, same stream as the Unix socket)
[ENGINE_PUB] listening on /tmp/warrior_engine.sock (queue_max=10000)
BOOT: COLD start (reason=no_marker)
============================================================
  WARRIOR BOT V3 — Hybrid (IBKR data + Alpaca execution)
  Squeeze: OFF
  MP: OFF
  MP V2 (Re-Entry): OFF
  Short: OFF
  Max entries/day: unlimited
  Buying power: 85% of 2x margin
  Port: 4002
  Risk: 3.5% per trade
  Starting Equity: $30,000
  Max Daily Loss: $3,000 (2% of equity, scaling)
  Windows: 04:00-20:00
  SQ Target R: 1.5
============================================================
⚠️  WARNING: WB_SQUEEZE_ENABLED is OFF — bot will not trade squeezes!
  Set WB_SQUEEZE_ENABLED=1 in .env or environment to enable.

Pre-flight port check:
  Port 4002: IN USE
  Port 7497: free
  Watchdog: armed (kills bot if main thread frozen >120s)
Alpaca connected (PAPER)
Alpaca data client connected (for latency diagnostic / aware-limits)
📦 Tick flush thread started (every 30s)
📊 Risk flush thread started (every 60s)
Connected: True
Account: ['DUQ143444']
Broker: IBKR
SubscriptionWatchdog: ENABLED
  ⚠️ ORPHAN POSITION FOUND: FEBO qty=219 (available=219) entry=$1.12 unrealized=$-45.78 value=$198.78
  → ORPHAN IGNORED: FEBO on WB_ORPHAN_HALT_IGNORE_SYMBOLS — NOT adopting, NOT halting. Bot keeps trading other names; position left at broker for manual handling.
Account equity: $27,230
EPL initialized: 1 strategies registered

🔄 CATCHUP SCAN at 04:00:19 ET (first scan — casting wide net)...
⚠️ IBKR ERROR 2106: HMDS data farm connection is OK:ushmds (symbol=?)
IBKR ERROR 165: Historical Market Data Service query message:no items retrieved (reqId=135181, symbol=?)
Error 162, reqId 135181: Historical Market Data Service error message:API scanner subscription cancelled: 135181
IBKR ERROR 162: Historical Market Data Service error message:API scanner subscription cancelled: 135181 (reqId=135181, symbol=?)
Error 162, reqId 135182: Historical Market Data Service error message:API scanner subscription cancelled: 135182
IBKR ERROR 162: Historical Market Data Service error message:API scanner subscription cancelled: 135182 (reqId=135182, symbol=?)
  Catchup: 1 unique symbols from 3 scanners
    Catchup: processing 1/1 — SOXS...
Error 162, reqId 135183: Historical Market Data Service error message:API scanner subscription cancelled: 135183
IBKR ERROR 162: Historical Market Data Service error message:API scanner subscription cancelled: 135183 (reqId=135183, symbol=?)
  Catchup: 0 candidates after filters
📊 Scanner: 0 new candidates, 0 new subs, 0 total watching

Bot running. Windows: 04:00-20:00 ET. Ctrl+C to stop.
  → ORPHAN IGNORED (sync): FEBO on WB_ORPHAN_HALT_IGNORE_SYMBOLS — NOT adopting; bot keeps trading. Left at broker for manual handling.
  ⚠️ ORPHAN POSITION FOUND: FEBO qty=219 (available=219) entry=$1.12 unrealized=$-45.78 value=$198.78
  → ORPHAN IGNORED: FEBO on WB_ORPHAN_HALT_IGNORE_SYMBOLS — NOT adopting, NOT halting. Bot keeps trading other names; position left at broker for manual handling.
[TIER] STATUS tier1=[] tier2=0 capacity=0/5
Bot health check passed (still running after 15s, PID: 90927)
HEALTH_OK: Bot connected at 2026-06-29 08:00:33 UTC
Starting sub-bot variant A (log: /Users/duffy/warrior_bot_v2/logs/2026-06-29_move_strike_subbot_A.log)...
  variant A PID: 90949
Starting sub-bot variant C (log: /Users/duffy/warrior_bot_v2/logs/2026-06-29_move_strike_subbot_C.log)...
  variant C PID: 90950
[ENGINE_PUB] client connected (total clients: 1)
[ENGINE_PUB] client connected (total clients: 2)
  variant A health-check OK (PID 90949)
  variant B not launched (missing keys)
  variant C health-check OK (PID 90950)
Gateway watchdog started (PID: 90952)
Health watchdog started (detached)
Watchdog: monitoring bot until 6:05 PM MT / 8:05 PM ET (Mon Jun 29 18:05:00 MDT 2026)...
  Bot runs: morning 7:00-12:00 ET, sleeps 12:00-16:00, evening 16:00-20:00 ET
  Tick cache: SOXS → +1 ticks (total 1)
📦 Tick cache saved: 1 symbols → tick_cache/2026-06-29/
[TIER] STATUS tier1=[] tier2=0 capacity=0/5
[04:01:00 ET] ACTIVE | flat | daily=$+0 (0t) | conn=OK | ticks=4 | no symbols
[04:01:01 ET] ACTIVE | flat | daily=$+0 (0t) | conn=OK | ticks=4 | no symbols
[ENGINE_PUB] STATS published=1 dropped=0 clients=2
  → ORPHAN IGNORED (sync): FEBO on WB_ORPHAN_HALT_IGNORE_SYMBOLS — NOT adopting; bot keeps trading. Left at broker for manual handling.
  ⚠️ ORPHAN POSITION FOUND: FEBO qty=219 (available=219) entry=$1.12 unrealized=$-45.78 value=$198.78
  → ORPHAN IGNORED: FEBO on WB_ORPHAN_HALT_IGNORE_SYMBOLS — NOT adopting, NOT halting. Bot keeps trading other names; position left at broker for manual handling.
[TIER] STATUS tier1=[] tier2=0 capacity=0/5
[TIER] STATUS tier1=[] tier2=0 capacity=0/5
[04:02:00 ET] ACTIVE | flat | daily=$+0 (0t) | conn=OK | ticks=4 | no symbols
[04:02:01 ET] ACTIVE | flat | daily=$+0 (0t) | conn=OK | ticks=4 | no symbols
[ENGINE_PUB] STATS published=1 dropped=0 clients=2
  → ORPHAN IGNORED (sync): FEBO on WB_ORPHAN_HALT_IGNORE_SYMBOLS — NOT adopting; bot keeps trading. Left at broker for manual handling.
  ⚠️ ORPHAN POSITION FOUND: FEBO qty=219 (available=219) entry=$1.12 unrealized=$-45.78 value=$198.78
  → ORPHAN IGNORED: FEBO on WB_ORPHAN_HALT_IGNORE_SYMBOLS — NOT adopting, NOT halting. Bot keeps trading other names; position left at broker for manual handling.
[TIER] STATUS tier1=[] tier2=0 capacity=0/5
[TIER] STATUS tier1=[] tier2=0 capacity=0/5
[04:03:00 ET] ACTIVE | flat | daily=$+0 (0t) | conn=OK | ticks=4 | no symbols
[04:03:01 ET] ACTIVE | flat | daily=$+0 (0t) | conn=OK | ticks=4 | no symbols
[ENGINE_PUB] STATS published=1 dropped=0 clients=2
  → ORPHAN IGNORED (sync): FEBO on WB_ORPHAN_HALT_IGNORE_SYMBOLS — NOT adopting; bot keeps trading. Left at broker for manual handling.
  ⚠️ ORPHAN POSITION FOUND: FEBO qty=219 (available=219) entry=$1.12 unrealized=$-45.78 value=$198.78
  → ORPHAN IGNORED: FEBO on WB_ORPHAN_HALT_IGNORE_SYMBOLS — NOT adopting, NOT halting. Bot keeps trading other names; position left at broker for manual handling.
[TIER] STATUS tier1=[] tier2=0 capacity=0/5
[TIER] STATUS tier1=[] tier2=0 capacity=0/5
[04:04:00 ET] ACTIVE | flat | daily=$+0 (0t) | conn=OK | ticks=4 | no symbols
[04:04:01 ET] ACTIVE | flat | daily=$+0 (0t) | conn=OK | ticks=4 | no symbols
[ENGINE_PUB] STATS published=1 dropped=0 clients=2
  → ORPHAN IGNORED (sync): FEBO on WB_ORPHAN_HALT_IGNORE_SYMBOLS — NOT adopting; bot keeps trading. Left at broker for manual handling.
  ⚠️ ORPHAN POSITION FOUND: FEBO qty=219 (available=219) entry=$1.12 unrealized=$-45.78 value=$198.78
  → ORPHAN IGNORED: FEBO on WB_ORPHAN_HALT_IGNORE_SYMBOLS — NOT adopting, NOT halting. Bot keeps trading other names; position left at broker for manual handling.
[TIER] STATUS tier1=[] tier2=0 capacity=0/5
[TIER] STATUS tier1=[] tier2=0 capacity=0/5
[04:05:00 ET] ACTIVE | flat | daily=$+0 (0t) | conn=OK | ticks=4 | no symbols
[04:05:01 ET] ACTIVE | flat | daily=$+0 (0t) | conn=OK | ticks=4 | no symbols

🔄 Running scanner at 04:05:20 ET...
Error 162, reqId 135186: Historical Market Data Service error message:API scanner subscription cancelled: 135186
  [float_cache] Cleared 4 stale None entries — will re-attempt lookups
IBKR ERROR 162: Historical Market Data Service error message:API scanner subscription cancelled: 135186 (reqId=135186, symbol=?)
[ENGINE_PUB] STATS published=4 dropped=0 clients=2
  Tick cache: UPC → +3 ticks (total 3)
  Tick cache: TVRD → +2 ticks (total 2)
  Tick cache: NUWE → +2 ticks (total 2)
  Tick cache: MBRX → +2 ticks (total 2)
  Tick cache: CCXI → +2 ticks (total 2)
  Tick cache: WSHP → +2 ticks (total 2)
  Tick cache: LRMR → +2 ticks (total 2)
  Tick cache: VIVO → +2 ticks (total 2)
  Tick cache: CBRG → +3 ticks (total 3)
  Tick cache: SKYQ → +2 ticks (total 2)
📦 Tick cache saved: 10 symbols → tick_cache/2026-06-29/
  Saved: /Users/duffy/warrior_bot_v2/scanner_results/2026-06-29.json (1 snapshots)
📊 Scanner: 0 new candidates, 0 new subs, 0 total watching
  → ORPHAN IGNORED (sync): FEBO on WB_ORPHAN_HALT_IGNORE_SYMBOLS — NOT adopting; bot keeps trading. Left at broker for manual handling.
[TIER] STATUS tier1=[] tier2=0 capacity=0/5
  ⚠️ ORPHAN POSITION FOUND: FEBO qty=219 (available=219) entry=$1.12 unrealized=$-45.78 value=$198.78
  → ORPHAN IGNORED: FEBO on WB_ORPHAN_HALT_IGNORE_SYMBOLS — NOT adopting, NOT halting. Bot keeps trading other names; position left at broker for manual handling.
  Tick cache: RDWU → +3 ticks (total 3)
  Tick cache: ASTX → +2 ticks (total 2)
  Tick cache: IRE → +3 ticks (total 3)
  Tick cache: OKLL → +2 ticks (total 2)
  Tick cache: RCAT → +2 ticks (total 2)
  Tick cache: ABCL → +2 ticks (total 2)
  Tick cache: SIDU → +2 ticks (total 2)
  Tick cache: SPCH → +2 ticks (total 2)
  Tick cache: SLS → +1 ticks (total 1)
  Tick cache: SLDP → +2 ticks (total 2)
📦 Tick cache saved: 10 symbols → tick_cache/2026-06-29/
[ENGINE_PUB] STATS published=44 dropped=0 clients=2
[TIER] STATUS tier1=[] tier2=0 capacity=0/5
[04:07:00 ET] ACTIVE | flat | daily=$+0 (0t) | conn=OK | ticks=47 | no symbols
[04:07:01 ET] ACTIVE | flat | daily=$+0 (0t) | conn=OK | ticks=47 | no symbols
  → ORPHAN IGNORED (sync): FEBO on WB_ORPHAN_HALT_IGNORE_SYMBOLS — NOT adopting; bot keeps trading. Left at broker for manual handling.
[TIER] STATUS tier1=[] tier2=0 capacity=0/5
  ⚠️ ORPHAN POSITION FOUND: FEBO qty=219 (available=219) entry=$1.12 unrealized=$-45.78 value=$198.78
  → ORPHAN IGNORED: FEBO on WB_ORPHAN_HALT_IGNORE_SYMBOLS — NOT adopting, NOT halting. Bot keeps trading other names; position left at broker for manual handling.
[ENGINE_PUB] STATS published=44 dropped=0 clients=2
[TIER] STATUS tier1=[] tier2=0 capacity=0/5
[04:08:00 ET] ACTIVE | flat | daily=$+0 (0t) | conn=OK | ticks=47 | no symbols
[04:08:01 ET] ACTIVE | flat | daily=$+0 (0t) | conn=OK | ticks=47 | no symbols
  → ORPHAN IGNORED (sync): FEBO on WB_ORPHAN_HALT_IGNORE_SYMBOLS — NOT adopting; bot keeps trading. Left at broker for manual handling.
[TIER] STATUS tier1=[] tier2=0 capacity=0/5
  ⚠️ ORPHAN POSITION FOUND: FEBO qty=219 (available=219) entry=$1.12 unrealized=$-45.78 value=$198.78
  → ORPHAN IGNORED: FEBO on WB_ORPHAN_HALT_IGNORE_SYMBOLS — NOT adopting, NOT halting. Bot keeps trading other names; position left at broker for manual handling.
[ENGINE_PUB] STATS published=44 dropped=0 clients=2
[TIER] STATUS tier1=[] tier2=0 capacity=0/5
[04:09:00 ET] ACTIVE | flat | daily=$+0 (0t) | conn=OK | ticks=47 | no symbols
[04:09:01 ET] ACTIVE | flat | daily=$+0 (0t) | conn=OK | ticks=47 | no symbols
  → ORPHAN IGNORED (sync): FEBO on WB_ORPHAN_HALT_IGNORE_SYMBOLS — NOT adopting; bot keeps trading. Left at broker for manual handling.
[TIER] STATUS tier1=[] tier2=0 capacity=0/5
  ⚠️ ORPHAN POSITION FOUND: FEBO qty=219 (available=219) entry=$1.12 unrealized=$-45.78 value=$198.78
  → ORPHAN IGNORED: FEBO on WB_ORPHAN_HALT_IGNORE_SYMBOLS — NOT adopting, NOT halting. Bot keeps trading other names; position left at broker for manual handling.
[ENGINE_PUB] STATS published=44 dropped=0 clients=2
[TIER] STATUS tier1=[] tier2=0 capacity=0/5
[04:10:00 ET] ACTIVE | flat | daily=$+0 (0t) | conn=OK | ticks=47 | no symbols
[04:10:01 ET] ACTIVE | flat | daily=$+0 (0t) | conn=OK | ticks=47 | no symbols
  → ORPHAN IGNORED (sync): FEBO on WB_ORPHAN_HALT_IGNORE_SYMBOLS — NOT adopting; bot keeps trading. Left at broker for manual handling.
[TIER] STATUS tier1=[] tier2=0 capacity=0/5

🔄 Running scanner at 04:10:20 ET...
Error 162, reqId 135267: Historical Market Data Service error message:API scanner subscription cancelled: 135267
  [float_cache] Cleared 6 stale None entries — will re-attempt lookups
IBKR ERROR 162: Historical Market Data Service error message:API scanner subscription cancelled: 135267 (reqId=135267, symbol=?)
[04:10 ET] UPC CHART | O=10.51 H=10.51 L=10.51 C=10.51 V=900 | EMA9=none VWAP=10.34 (+1.7%) HOD=10.51 PM_H=10.51 | MACD=N/A vol_ratio=0.0x avg_vol=0 bars=0 | sq=N/A armed=none
[ENGINE_PUB] STATS published=46 dropped=0 clients=2
[04:10 ET] CCXI CHART | O=16.49 H=16.49 L=16.49 C=16.49 V=1,800 | EMA9=none VWAP=16.33 (+1.0%) HOD=16.49 PM_H=16.49 | MACD=N/A vol_ratio=0.0x avg_vol=0 bars=0 | sq=N/A armed=none
[04:10 ET] CBRG CHART | O=4.28 H=4.28 L=4.28 C=4.28 V=4,800 | EMA9=none VWAP=4.28 (-0.1%) HOD=4.45 PM_H=4.45 | MACD=N/A vol_ratio=0.0x avg_vol=0 bars=0 | sq=N/A armed=none
[04:10 ET] SKYQ CHART | O=3.11 H=3.11 L=3.11 C=3.11 V=1,600 | EMA9=none VWAP=3.11 (-0.2%) HOD=3.14 PM_H=3.14 | MACD=N/A vol_ratio=0.0x avg_vol=0 bars=0 | sq=N/A armed=none
[04:10 ET] LRMR CHART | O=4.06 H=4.06 L=4.06 C=4.06 V=800 | EMA9=none VWAP=4.05 (+0.2%) HOD=4.06 PM_H=4.06 | MACD=N/A vol_ratio=0.0x avg_vol=0 bars=0 | sq=N/A armed=none
[04:10 ET] NUWE CHART | O=4.11 H=4.11 L=4.11 C=4.11 V=200 | EMA9=none VWAP=3.90 (+5.3%) HOD=4.11 PM_H=4.11 | MACD=N/A vol_ratio=0.0x avg_vol=0 bars=0 | sq=N/A armed=none
[04:10 ET] WSHP CHART | O=8.46 H=8.46 L=8.46 C=8.46 V=200 | EMA9=none VWAP=8.49 (-0.3%) HOD=8.54 PM_H=8.54 | MACD=N/A vol_ratio=0.0x avg_vol=0 bars=0 | sq=N/A armed=none
[04:10 ET] RDWU CHART | O=8.50 H=8.50 L=8.50 C=8.50 V=300 | EMA9=none VWAP=8.57 (-0.8%) HOD=8.61 PM_H=8.61 | MACD=N/A vol_ratio=0.0x avg_vol=0 bars=0 | sq=N/A armed=none
[04:10 ET] IRE CHART | O=19.15 H=19.15 L=19.15 C=19.15 V=300 | EMA9=none VWAP=19.19 (-0.2%) HOD=19.31 PM_H=19.31 | MACD=N/A vol_ratio=0.0x avg_vol=0 bars=0 | sq=N/A armed=none
[04:10 ET] ASTX CHART | O=19.80 H=19.80 L=19.80 C=19.80 V=6,200 | EMA9=none VWAP=19.79 (+0.0%) HOD=19.80 PM_H=19.80 | MACD=N/A vol_ratio=0.0x avg_vol=0 bars=0 | sq=N/A armed=none
  Tick cache: UPC → +2 ticks (total 5)
  Tick cache: DCOY → +2 ticks (total 2)
  Tick cache: CCXI → +2 ticks (total 4)
  Tick cache: CBRG → +2 ticks (total 5)
  Tick cache: SKYQ → +2 ticks (total 4)
  Tick cache: LRMR → +2 ticks (total 4)
  Tick cache: NUWE → +2 ticks (total 4)
  Tick cache: WSHP → +2 ticks (total 4)
  Tick cache: RDWU → +2 ticks (total 5)
  Tick cache: IRE → +2 ticks (total 5)
  Tick cache: ASTX → +2 ticks (total 4)
📦 Tick cache saved: 11 symbols → tick_cache/2026-06-29/
[04:10 ET] ABCL CHART | O=7.75 H=7.75 L=7.75 C=7.75 V=1,000 | EMA9=none VWAP=7.76 (-0.1%) HOD=7.83 PM_H=7.83 | MACD=N/A vol_ratio=0.0x avg_vol=0 bars=0 | sq=N/A armed=none
[04:10 ET] SLS CHART | O=12.90 H=12.90 L=12.90 C=12.90 V=100 | EMA9=none VWAP=13.00 (-0.8%) HOD=13.10 PM_H=13.10 | MACD=N/A vol_ratio=0.0x avg_vol=0 bars=0 | sq=N/A armed=none
[04:10 ET] VIVO CHART | O=6.46 H=6.46 L=6.46 C=6.46 V=200 | EMA9=none VWAP=6.36 (+1.5%) HOD=6.46 PM_H=6.46 | MACD=N/A vol_ratio=0.0x avg_vol=0 bars=0 | sq=N/A armed=none
  Saved: /Users/duffy/warrior_bot_v2/scanner_results/2026-06-29.json (2 snapshots)
📊 Scanner: 0 new candidates, 0 new subs, 0 total watching
  ⚠️ ORPHAN POSITION FOUND: FEBO qty=219 (available=219) entry=$1.12 unrealized=$-45.78 value=$198.78
  → ORPHAN IGNORED: FEBO on WB_ORPHAN_HALT_IGNORE_SYMBOLS — NOT adopting, NOT halting. Bot keeps trading other names; position left at broker for manual handling.
[TIER] STATUS tier1=[] tier2=0 capacity=0/5
  → ORPHAN IGNORED (sync): FEBO on WB_ORPHAN_HALT_IGNORE_SYMBOLS — NOT adopting; bot keeps trading. Left at broker for manual handling.
  ⚠️ ORPHAN POSITION FOUND: FEBO qty=219 (available=219) entry=$1.12 unrealized=$-45.78 value=$198.78
  → ORPHAN IGNORED: FEBO on WB_ORPHAN_HALT_IGNORE_SYMBOLS — NOT adopting, NOT halting. Bot keeps trading other names; position left at broker for manual handling.
  Tick cache: ABCL → +2 ticks (total 4)
  Tick cache: SLS → +2 ticks (total 3)
  Tick cache: VIVO → +2 ticks (total 4)
  Tick cache: SIDU → +2 ticks (total 4)
  Tick cache: RCAT → +2 ticks (total 4)
  Tick cache: MBRX → +2 ticks (total 4)
  Tick cache: SMCX → +2 ticks (total 2)
  Tick cache: SPCH → +2 ticks (total 4)
  Tick cache: SMU → +2 ticks (total 2)
📦 Tick cache saved: 9 symbols → tick_cache/2026-06-29/
[ENGINE_PUB] STATS published=84 dropped=0 clients=2
[TIER] STATUS tier1=[] tier2=0 capacity=0/5
[04:12:00 ET] ACTIVE | flat | daily=$+0 (0t) | conn=OK | ticks=87 | no symbols
[04:12:01 ET] ACTIVE | flat | daily=$+0 (0t) | conn=OK | ticks=87 | no symbols
[TIER] STATUS tier1=[] tier2=0 capacity=0/5
  → ORPHAN IGNORED (sync): FEBO on WB_ORPHAN_HALT_IGNORE_SYMBOLS — NOT adopting; bot keeps trading. Left at broker for manual handling.
  ⚠️ ORPHAN POSITION FOUND: FEBO qty=219 (available=219) entry=$1.12 unrealized=$-45.78 value=$198.78
  → ORPHAN IGNORED: FEBO on WB_ORPHAN_HALT_IGNORE_SYMBOLS — NOT adopting, NOT halting. Bot keeps trading other names; position left at broker for manual handling.
[ENGINE_PUB] STATS published=84 dropped=0 clients=2
[TIER] STATUS tier1=[] tier2=0 capacity=0/5
[04:13:00 ET] ACTIVE | flat | daily=$+0 (0t) | conn=OK | ticks=87 | no symbols
[04:13:01 ET] ACTIVE | flat | daily=$+0 (0t) | conn=OK | ticks=87 | no symbols
[TIER] STATUS tier1=[] tier2=0 capacity=0/5
  → ORPHAN IGNORED (sync): FEBO on WB_ORPHAN_HALT_IGNORE_SYMBOLS — NOT adopting; bot keeps trading. Left at broker for manual handling.
  ⚠️ ORPHAN POSITION FOUND: FEBO qty=219 (available=219) entry=$1.12 unrealized=$-45.78 value=$198.78
  → ORPHAN IGNORED: FEBO on WB_ORPHAN_HALT_IGNORE_SYMBOLS — NOT adopting, NOT halting. Bot keeps trading other names; position left at broker for manual handling.
[ENGINE_PUB] STATS published=84 dropped=0 clients=2
[TIER] STATUS tier1=[] tier2=0 capacity=0/5
[04:14:00 ET] ACTIVE | flat | daily=$+0 (0t) | conn=OK | ticks=87 | no symbols
[04:14:01 ET] ACTIVE | flat | daily=$+0 (0t) | conn=OK | ticks=87 | no symbols
[TIER] STATUS tier1=[] tier2=0 capacity=0/5
  → ORPHAN IGNORED (sync): FEBO on WB_ORPHAN_HALT_IGNORE_SYMBOLS — NOT adopting; bot keeps trading. Left at broker for manual handling.
  ⚠️ ORPHAN POSITION FOUND: FEBO qty=219 (available=219) entry=$1.12 unrealized=$-45.78 value=$198.78
  → ORPHAN IGNORED: FEBO on WB_ORPHAN_HALT_IGNORE_SYMBOLS — NOT adopting, NOT halting. Bot keeps trading other names; position left at broker for manual handling.
[ENGINE_PUB] STATS published=84 dropped=0 clients=2
[TIER] STATUS tier1=[] tier2=0 capacity=0/5
[04:15:00 ET] ACTIVE | flat | daily=$+0 (0t) | conn=OK | ticks=87 | no symbols
[04:15:01 ET] ACTIVE | flat | daily=$+0 (0t) | conn=OK | ticks=87 | no symbols
[TIER] STATUS tier1=[] tier2=0 capacity=0/5

🔄 Running scanner at 04:15:21 ET...
Error 162, reqId 135348: Historical Market Data Service error message:API scanner subscription cancelled: 135348
  [float_cache] Cleared 7 stale None entries — will re-attempt lookups
IBKR ERROR 162: Historical Market Data Service error message:API scanner subscription cancelled: 135348 (reqId=135348, symbol=?)
[04:15 ET] UPC CHART | O=9.57 H=9.57 L=9.57 C=9.57 V=400 | EMA9=none VWAP=10.16 (-5.8%) HOD=10.51 PM_H=10.51 | MACD=N/A vol_ratio=0.0x avg_vol=0 bars=0 | sq=N/A armed=none
  Tick cache: UPC → +2 ticks (total 7)
📦 Tick cache saved: 1 symbols → tick_cache/2026-06-29/
[04:15 ET] DCOY CHART | O=12.83 H=12.83 L=12.83 C=12.83 V=200 | EMA9=none VWAP=12.45 (+3.0%) HOD=12.83 PM_H=12.83 | MACD=N/A vol_ratio=0.0x avg_vol=0 bars=0 | sq=N/A armed=none
[ENGINE_PUB] STATS published=88 dropped=0 clients=2
[04:15 ET] LRMR CHART | O=3.99 H=3.99 L=3.99 C=3.99 V=200 | EMA9=none VWAP=4.16 (-4.0%) HOD=4.18 PM_H=4.18 | MACD=N/A vol_ratio=0.0x avg_vol=0 bars=0 | sq=N/A armed=none
[04:15 ET] CCXI CHART | O=15.77 H=15.77 L=15.77 C=15.77 V=1,000 | EMA9=none VWAP=16.14 (-2.3%) HOD=16.49 PM_H=16.49 | MACD=N/A vol_ratio=0.0x avg_vol=0 bars=0 | sq=N/A armed=none
[04:15 ET] WSHP CHART | O=8.54 H=8.54 L=8.54 C=8.54 V=200 | EMA9=none VWAP=8.69 (-1.8%) HOD=8.85 PM_H=8.85 | MACD=N/A vol_ratio=0.0x avg_vol=0 bars=0 | sq=N/A armed=none
[04:15 ET] SKYQ CHART | O=3.14 H=3.14 L=3.14 C=3.14 V=600 | EMA9=none VWAP=3.12 (+0.7%) HOD=3.14 PM_H=3.14 | MACD=N/A vol_ratio=0.0x avg_vol=0 bars=0 | sq=N/A armed=none
[04:15 ET] CBRG CHART | O=4.45 H=4.45 L=4.45 C=4.45 V=200 | EMA9=none VWAP=4.31 (+3.2%) HOD=4.45 PM_H=4.45 | MACD=N/A vol_ratio=0.0x avg_vol=0 bars=0 | sq=N/A armed=none
[04:15 ET] RDWU CHART | O=8.61 H=8.61 L=8.61 C=8.61 V=1,000 | EMA9=none VWAP=8.59 (+0.2%) HOD=8.64 PM_H=8.64 | MACD=N/A vol_ratio=0.0x avg_vol=0 bars=0 | sq=N/A armed=none
[04:15 ET] VIVO CHART | O=6.17 H=6.17 L=6.17 C=6.17 V=200 | EMA9=none VWAP=6.29 (-1.9%) HOD=6.46 PM_H=6.46 | MACD=N/A vol_ratio=0.0x avg_vol=0 bars=0 | sq=N/A armed=none
[04:15 ET] IRE CHART | O=19.31 H=19.31 L=19.31 C=19.31 V=200 | EMA9=none VWAP=19.22 (+0.5%) HOD=19.31 PM_H=19.31 | MACD=N/A vol_ratio=0.0x avg_vol=0 bars=0 | sq=N/A armed=none
[04:15 ET] ASTX CHART | O=19.67 H=19.67 L=19.67 C=19.67 V=600 | EMA9=none VWAP=19.79 (-0.6%) HOD=19.80 PM_H=19.80 | MACD=N/A vol_ratio=0.0x avg_vol=0 bars=0 | sq=N/A armed=none
[04:15 ET] RCAT CHART | O=9.75 H=9.75 L=9.75 C=9.75 V=200 | EMA9=none VWAP=9.74 (+0.1%) HOD=9.77 PM_H=9.77 | MACD=N/A vol_ratio=0.0x avg_vol=0 bars=0 | sq=N/A armed=none
  Tick cache: DCOY → +2 ticks (total 4)
  Tick cache: LRMR → +2 ticks (total 6)
  Tick cache: CCXI → +2 ticks (total 6)
  Tick cache: WSHP → +1 ticks (total 5)
  Tick cache: SKYQ → +2 ticks (total 6)
  Tick cache: CBRG → +2 ticks (total 7)
  Tick cache: RDWU → +2 ticks (total 7)
  Tick cache: VIVO → +2 ticks (total 6)
  Tick cache: IRE → +2 ticks (total 7)
  Tick cache: ASTX → +2 ticks (total 6)
  Tick cache: RCAT → +2 ticks (total 6)
📦 Tick cache saved: 11 symbols → tick_cache/2026-06-29/
[04:15 ET] OKLL CHART | O=4.73 H=4.73 L=4.73 C=4.73 V=200 | EMA9=none VWAP=4.73 (-0.1%) HOD=4.74 PM_H=4.74 | MACD=N/A vol_ratio=0.0x avg_vol=0 bars=0 | sq=N/A armed=none
[04:15 ET] SLS CHART | O=13.10 H=13.10 L=13.10 C=13.10 V=200 | EMA9=none VWAP=13.03 (+0.6%) HOD=13.10 PM_H=13.10 | MACD=N/A vol_ratio=0.0x avg_vol=0 bars=0 | sq=N/A armed=none
  Saved: /Users/duffy/warrior_bot_v2/scanner_results/2026-06-29.json (3 snapshots)
📊 Scanner: 0 new candidates, 0 new subs, 0 total watching
  → ORPHAN IGNORED (sync): FEBO on WB_ORPHAN_HALT_IGNORE_SYMBOLS — NOT adopting; bot keeps trading. Left at broker for manual handling.
[TIER] STATUS tier1=[] tier2=0 capacity=0/5
  ⚠️ ORPHAN POSITION FOUND: FEBO qty=219 (available=219) entry=$1.12 unrealized=$-45.78 value=$198.78
  → ORPHAN IGNORED: FEBO on WB_ORPHAN_HALT_IGNORE_SYMBOLS — NOT adopting, NOT halting. Bot keeps trading other names; position left at broker for manual handling.
  Tick cache: OKLL → +2 ticks (total 4)
  Tick cache: SLS → +2 ticks (total 5)
  Tick cache: ABCL → +2 ticks (total 6)
  Tick cache: NUWE → +2 ticks (total 6)
  Tick cache: MBRX → +2 ticks (total 6)
  Tick cache: SIDU → +2 ticks (total 6)
  Tick cache: SMCX → +2 ticks (total 4)
  Tick cache: SPCH → +2 ticks (total 6)
📦 Tick cache saved: 8 symbols → tick_cache/2026-06-29/
[ENGINE_PUB] STATS published=123 dropped=0 clients=2
[TIER] STATUS tier1=[] tier2=0 capacity=0/5
[04:17:00 ET] ACTIVE | flat | daily=$+0 (0t) | conn=OK | ticks=128 | no symbols
[04:17:01 ET] ACTIVE | flat | daily=$+0 (0t) | conn=OK | ticks=128 | no symbols
  → ORPHAN IGNORED (sync): FEBO on WB_ORPHAN_HALT_IGNORE_SYMBOLS — NOT adopting; bot keeps trading. Left at broker for manual handling.
[TIER] STATUS tier1=[] tier2=0 capacity=0/5
  ⚠️ ORPHAN POSITION FOUND: FEBO qty=219 (available=219) entry=$1.12 unrealized=$-45.78 value=$198.78
  → ORPHAN IGNORED: FEBO on WB_ORPHAN_HALT_IGNORE_SYMBOLS — NOT adopting, NOT halting. Bot keeps trading other names; position left at broker for manual handling.
[ENGINE_PUB] STATS published=123 dropped=0 clients=2
[TIER] STATUS tier1=[] tier2=0 capacity=0/5
[04:18:00 ET] ACTIVE | flat | daily=$+0 (0t) | conn=OK | ticks=128 | no symbols
[04:18:01 ET] ACTIVE | flat | daily=$+0 (0t) | conn=OK | ticks=128 | no symbols
  → ORPHAN IGNORED (sync): FEBO on WB_ORPHAN_HALT_IGNORE_SYMBOLS — NOT adopting; bot keeps trading. Left at broker for manual handling.
[TIER] STATUS tier1=[] tier2=0 capacity=0/5
  ⚠️ ORPHAN POSITION FOUND: FEBO qty=219 (available=219) entry=$1.12 unrealized=$-45.78 value=$198.78
  → ORPHAN IGNORED: FEBO on WB_ORPHAN_HALT_IGNORE_SYMBOLS — NOT adopting, NOT halting. Bot keeps trading other names; position left at broker for manual handling.
[ENGINE_PUB] STATS published=123 dropped=0 clients=2
[TIER] STATUS tier1=[] tier2=0 capacity=0/5
[04:19:00 ET] ACTIVE | flat | daily=$+0 (0t) | conn=OK | ticks=128 | no symbols
[04:19:01 ET] ACTIVE | flat | daily=$+0 (0t) | conn=OK | ticks=128 | no symbols
  → ORPHAN IGNORED (sync): FEBO on WB_ORPHAN_HALT_IGNORE_SYMBOLS — NOT adopting; bot keeps trading. Left at broker for manual handling.
[TIER] STATUS tier1=[] tier2=0 capacity=0/5
  ⚠️ ORPHAN POSITION FOUND: FEBO qty=219 (available=219) entry=$1.12 unrealized=$-45.78 value=$198.78
  → ORPHAN IGNORED: FEBO on WB_ORPHAN_HALT_IGNORE_SYMBOLS — NOT adopting, NOT halting. Bot keeps trading other names; position left at broker for manual handling.
[ENGINE_PUB] STATS published=123 dropped=0 clients=2
[TIER] STATUS tier1=[] tier2=0 capacity=0/5
[04:20:00 ET] ACTIVE | flat | daily=$+0 (0t) | conn=OK | ticks=128 | no symbols
[04:20:01 ET] ACTIVE | flat | daily=$+0 (0t) | conn=OK | ticks=128 | no symbols
  → ORPHAN IGNORED (sync): FEBO on WB_ORPHAN_HALT_IGNORE_SYMBOLS — NOT adopting; bot keeps trading. Left at broker for manual handling.
[TIER] STATUS tier1=[] tier2=0 capacity=0/5
  ⚠️ ORPHAN POSITION FOUND: FEBO qty=219 (available=219) entry=$1.12 unrealized=$-45.78 value=$198.78
  → ORPHAN IGNORED: FEBO on WB_ORPHAN_HALT_IGNORE_SYMBOLS — NOT adopting, NOT halting. Bot keeps trading other names; position left at broker for manual handling.

🔄 Running scanner at 04:20:21 ET...
Error 162, reqId 135429: Historical Market Data Service error message:API scanner subscription cancelled: 135429
  [float_cache] Cleared 2 stale None entries — will re-attempt lookups
IBKR ERROR 162: Historical Market Data Service error message:API scanner subscription cancelled: 135429 (reqId=135429, symbol=?)
[04:20 ET] UPC CHART | O=9.35 H=9.35 L=9.35 C=9.35 V=200 | EMA9=none VWAP=10.16 (-8.0%) HOD=10.51 PM_H=10.51 | MACD=N/A vol_ratio=0.0x avg_vol=0 bars=0 | sq=N/A armed=none
  Tick cache: UPC → +2 ticks (total 9)
📦 Tick cache saved: 1 symbols → tick_cache/2026-06-29/
[04:20 ET] DCOY CHART | O=11.70 H=11.70 L=11.70 C=11.70 V=200 | EMA9=none VWAP=12.13 (-3.5%) HOD=12.83 PM_H=12.83 | MACD=N/A vol_ratio=0.0x avg_vol=0 bars=0 | sq=N/A armed=none
[ENGINE_PUB] STATS published=127 dropped=0 clients=2
[04:20 ET] WSHP CHART | O=8.85 H=8.85 L=8.85 C=8.85 V=500 | EMA9=none VWAP=8.74 (+1.2%) HOD=9.20 PM_H=9.20 | MACD=N/A vol_ratio=0.0x avg_vol=0 bars=0 | sq=N/A armed=none
[04:20 ET] LRMR CHART | O=4.18 H=4.18 L=4.18 C=4.18 V=9,600 | EMA9=none VWAP=4.17 (+0.3%) HOD=4.26 PM_H=4.26 | MACD=N/A vol_ratio=0.0x avg_vol=0 bars=0 | sq=N/A armed=none
[04:20 ET] CCXI CHART | O=15.81 H=15.81 L=15.81 C=15.81 V=1,600 | EMA9=none VWAP=16.08 (-1.7%) HOD=16.49 PM_H=16.49 | MACD=N/A vol_ratio=0.0x avg_vol=0 bars=0 | sq=N/A armed=none
[04:20 ET] CBRG CHART | O=4.42 H=4.42 L=4.42 C=4.42 V=2,200 | EMA9=none VWAP=4.33 (+2.1%) HOD=4.45 PM_H=4.45 | MACD=N/A vol_ratio=0.0x avg_vol=0 bars=0 | sq=N/A armed=none
[04:20 ET] SKYQ CHART | O=3.12 H=3.12 L=3.12 C=3.12 V=1,200 | EMA9=none VWAP=3.12 (+0.0%) HOD=3.15 PM_H=3.15 | MACD=N/A vol_ratio=0.0x avg_vol=0 bars=0 | sq=N/A armed=none
[04:20 ET] MBRX CHART | O=3.38 H=3.38 L=3.38 C=3.38 V=200 | EMA9=none VWAP=3.56 (-5.0%) HOD=3.93 PM_H=3.93 | MACD=N/A vol_ratio=0.0x avg_vol=0 bars=0 | sq=N/A armed=none
[04:20 ET] RDWU CHART | O=8.64 H=8.64 L=8.64 C=8.64 V=200 | EMA9=none VWAP=8.60 (+0.5%) HOD=8.64 PM_H=8.64 | MACD=N/A vol_ratio=0.0x avg_vol=0 bars=0 | sq=N/A armed=none
[04:20 ET] IRE CHART | O=19.25 H=19.25 L=19.25 C=19.25 V=200 | EMA9=none VWAP=19.25 (-0.0%) HOD=19.31 PM_H=19.31 | MACD=N/A vol_ratio=0.0x avg_vol=0 bars=0 | sq=N/A armed=none
[04:20 ET] VIVO CHART | O=6.20 H=6.20 L=6.20 C=6.20 V=200 | EMA9=none VWAP=6.26 (-0.9%) HOD=6.46 PM_H=6.46 | MACD=N/A vol_ratio=0.0x avg_vol=0 bars=0 | sq=N/A armed=none
  Tick cache: DCOY → +2 ticks (total 6)
  Tick cache: WSHP → +1 ticks (total 6)
  Tick cache: WNW → +2 ticks (total 2)
  Tick cache: LRMR → +2 ticks (total 8)
  Tick cache: CCXI → +2 ticks (total 8)
  Tick cache: CBRG → +2 ticks (total 9)
  Tick cache: SKYQ → +2 ticks (total 8)
  Tick cache: MBRX → +2 ticks (total 8)
  Tick cache: RDWU → +2 ticks (total 9)
  Tick cache: IRE → +2 ticks (total 9)
  Tick cache: VIVO → +2 ticks (total 8)
📦 Tick cache saved: 11 symbols → tick_cache/2026-06-29/
[04:20 ET] ASTX CHART | O=19.61 H=19.61 L=19.61 C=19.61 V=200 | EMA9=none VWAP=19.78 (-0.9%) HOD=19.80 PM_H=19.80 | MACD=N/A vol_ratio=0.0x avg_vol=0 bars=0 | sq=N/A armed=none
[04:20 ET] OKLL CHART | O=4.74 H=4.74 L=4.74 C=4.74 V=200 | EMA9=none VWAP=4.74 (+0.0%) HOD=4.75 PM_H=4.75 | MACD=N/A vol_ratio=0.0x avg_vol=0 bars=0 | sq=N/A armed=none
  Saved: /Users/duffy/warrior_bot_v2/scanner_results/2026-06-29.json (4 snapshots)
📊 Scanner: 0 new candidates, 0 new subs, 0 total watching
[TIER] STATUS tier1=[] tier2=0 capacity=0/5
  → ORPHAN IGNORED (sync): FEBO on WB_ORPHAN_HALT_IGNORE_SYMBOLS — NOT adopting; bot keeps trading. Left at broker for manual handling.
  ⚠️ ORPHAN POSITION FOUND: FEBO qty=219 (available=219) entry=$1.12 unrealized=$-45.78 value=$198.78
  → ORPHAN IGNORED: FEBO on WB_ORPHAN_HALT_IGNORE_SYMBOLS — NOT adopting, NOT halting. Bot keeps trading other names; position left at broker for manual handling.
  Tick cache: ASTX → +2 ticks (total 8)
  Tick cache: OKLL → +2 ticks (total 6)
  Tick cache: RCAT → +2 ticks (total 8)
  Tick cache: ABCL → +2 ticks (total 8)
  Tick cache: SLS → +2 ticks (total 7)
  Tick cache: SATL → +2 ticks (total 2)
  Tick cache: SMCX → +2 ticks (total 6)
  Tick cache: SMU → +2 ticks (total 4)
📦 Tick cache saved: 8 symbols → tick_cache/2026-06-29/
[ENGINE_PUB] STATS published=162 dropped=0 clients=2
[TIER] STATUS tier1=[] tier2=0 capacity=0/5
[04:22:00 ET] ACTIVE | flat | daily=$+0 (0t) | conn=OK | ticks=169 | no symbols
[04:22:01 ET] ACTIVE | flat | daily=$+0 (0t) | conn=OK | ticks=169 | no symbols
[TIER] STATUS tier1=[] tier2=0 capacity=0/5
  → ORPHAN IGNORED (sync): FEBO on WB_ORPHAN_HALT_IGNORE_SYMBOLS — NOT adopting; bot keeps trading. Left at broker for manual handling.
  ⚠️ ORPHAN POSITION FOUND: FEBO qty=219 (available=219) entry=$1.12 unrealized=$-45.78 value=$198.78
  → ORPHAN IGNORED: FEBO on WB_ORPHAN_HALT_IGNORE_SYMBOLS — NOT adopting, NOT halting. Bot keeps trading other names; position left at broker for manual handling.
[ENGINE_PUB] STATS published=162 dropped=0 clients=2
[TIER] STATUS tier1=[] tier2=0 capacity=0/5
[04:23:00 ET] ACTIVE | flat | daily=$+0 (0t) | conn=OK | ticks=169 | no symbols
[04:23:01 ET] ACTIVE | flat | daily=$+0 (0t) | conn=OK | ticks=169 | no symbols
[TIER] STATUS tier1=[] tier2=0 capacity=0/5
  → ORPHAN IGNORED (sync): FEBO on WB_ORPHAN_HALT_IGNORE_SYMBOLS — NOT adopting; bot keeps trading. Left at broker for manual handling.
  ⚠️ ORPHAN POSITION FOUND: FEBO qty=219 (available=219) entry=$1.12 unrealized=$-45.78 value=$198.78
  → ORPHAN IGNORED: FEBO on WB_ORPHAN_HALT_IGNORE_SYMBOLS — NOT adopting, NOT halting. Bot keeps trading other names; position left at broker for manual handling.
[ENGINE_PUB] STATS published=162 dropped=0 clients=2
[TIER] STATUS tier1=[] tier2=0 capacity=0/5
[04:24:00 ET] ACTIVE | flat | daily=$+0 (0t) | conn=OK | ticks=169 | no symbols
[04:24:01 ET] ACTIVE | flat | daily=$+0 (0t) | conn=OK | ticks=169 | no symbols
[TIER] STATUS tier1=[] tier2=0 capacity=0/5
  → ORPHAN IGNORED (sync): FEBO on WB_ORPHAN_HALT_IGNORE_SYMBOLS — NOT adopting; bot keeps trading. Left at broker for manual handling.
  ⚠️ ORPHAN POSITION FOUND: FEBO qty=219 (available=219) entry=$1.12 unrealized=$-45.78 value=$198.78
  → ORPHAN IGNORED: FEBO on WB_ORPHAN_HALT_IGNORE_SYMBOLS — NOT adopting, NOT halting. Bot keeps trading other names; position left at broker for manual handling.
[ENGINE_PUB] STATS published=162 dropped=0 clients=2
[TIER] STATUS tier1=[] tier2=0 capacity=0/5
[04:25:00 ET] ACTIVE | flat | daily=$+0 (0t) | conn=OK | ticks=169 | no symbols
[04:25:01 ET] ACTIVE | flat | daily=$+0 (0t) | conn=OK | ticks=169 | no symbols
[TIER] STATUS tier1=[] tier2=0 capacity=0/5
  → ORPHAN IGNORED (sync): FEBO on WB_ORPHAN_HALT_IGNORE_SYMBOLS — NOT adopting; bot keeps trading. Left at broker for manual handling.
  ⚠️ ORPHAN POSITION FOUND: FEBO qty=219 (available=219) entry=$1.12 unrealized=$-45.78 value=$198.78
  → ORPHAN IGNORED: FEBO on WB_ORPHAN_HALT_IGNORE_SYMBOLS — NOT adopting, NOT halting. Bot keeps trading other names; position left at broker for manual handling.

🔄 Running scanner at 04:25:22 ET...
Error 162, reqId 135510: Historical Market Data Service error message:API scanner subscription cancelled: 135510
  [float_cache] Cleared 2 stale None entries — will re-attempt lookups
IBKR ERROR 162: Historical Market Data Service error message:API scanner subscription cancelled: 135510 (reqId=135510, symbol=?)
[04:25 ET] UPC CHART | O=10.34 H=10.34 L=10.34 C=10.34 V=1,000 | EMA9=none VWAP=10.18 (+1.6%) HOD=10.51 PM_H=10.51 | MACD=N/A vol_ratio=0.0x avg_vol=0 bars=0 | sq=N/A armed=none
  Tick cache: UPC → +2 ticks (total 11)
📦 Tick cache saved: 1 symbols → tick_cache/2026-06-29/
[04:25 ET] DCOY CHART | O=11.85 H=11.85 L=11.85 C=11.85 V=400 | EMA9=none VWAP=12.49 (-5.1%) HOD=15.91 PM_H=15.91 | MACD=N/A vol_ratio=0.0x avg_vol=0 bars=0 | sq=N/A armed=none
[04:25 ET] WNW CHART | O=3.83 H=3.83 L=3.83 C=3.83 V=400 | EMA9=none VWAP=3.86 (-0.8%) HOD=3.98 PM_H=3.98 | MACD=N/A vol_ratio=0.0x avg_vol=0 bars=0 | sq=N/A armed=none
[ENGINE_PUB] STATS published=168 dropped=0 clients=2
[04:25 ET] WSHP CHART | O=9.20 H=9.20 L=9.20 C=9.20 V=100 | EMA9=none VWAP=8.80 (+4.6%) HOD=9.20 PM_H=9.20 | MACD=N/A vol_ratio=0.0x avg_vol=0 bars=0 | sq=N/A armed=none
[04:25 ET] CCXI CHART | O=16.00 H=16.00 L=16.00 C=16.00 V=200 | EMA9=none VWAP=16.06 (-0.4%) HOD=16.49 PM_H=16.49 | MACD=N/A vol_ratio=0.0x avg_vol=0 bars=0 | sq=N/A armed=none
[04:25 ET] LRMR CHART | O=4.26 H=4.26 L=4.26 C=4.26 V=200 | EMA9=none VWAP=4.17 (+2.2%) HOD=4.26 PM_H=4.26 | MACD=N/A vol_ratio=0.0x avg_vol=0 bars=0 | sq=N/A armed=none
[04:25 ET] CBRG CHART | O=4.45 H=4.45 L=4.45 C=4.45 V=200 | EMA9=none VWAP=4.34 (+2.6%) HOD=4.45 PM_H=4.45 | MACD=N/A vol_ratio=0.0x avg_vol=0 bars=0 | sq=N/A armed=none
[04:25 ET] SKYQ CHART | O=3.15 H=3.15 L=3.15 C=3.15 V=200 | EMA9=none VWAP=3.12 (+1.0%) HOD=3.15 PM_H=3.15 | MACD=N/A vol_ratio=0.0x avg_vol=0 bars=0 | sq=N/A armed=none
[04:25 ET] RDWU CHART | O=8.63 H=8.63 L=8.63 C=8.63 V=400 | EMA9=none VWAP=8.60 (+0.3%) HOD=8.64 PM_H=8.64 | MACD=N/A vol_ratio=0.0x avg_vol=0 bars=0 | sq=N/A armed=none
[04:25 ET] IRE CHART | O=19.29 H=19.29 L=19.29 C=19.29 V=1,200 | EMA9=none VWAP=19.26 (+0.2%) HOD=19.31 PM_H=19.31 | MACD=N/A vol_ratio=0.0x avg_vol=0 bars=0 | sq=N/A armed=none
[04:25 ET] VIVO CHART | O=6.13 H=6.13 L=6.13 C=6.13 V=200 | EMA9=none VWAP=6.27 (-2.3%) HOD=6.46 PM_H=6.46 | MACD=N/A vol_ratio=0.0x avg_vol=0 bars=0 | sq=N/A armed=none
  Tick cache: DCOY → +2 ticks (total 8)
  Tick cache: WNW → +2 ticks (total 4)
  Tick cache: WSHP → +1 ticks (total 7)
  Tick cache: CCXI → +2 ticks (total 10)
  Tick cache: LRMR → +2 ticks (total 10)
  Tick cache: AMSS → +2 ticks (total 2)
  Tick cache: CBRG → +2 ticks (total 11)
  Tick cache: SKYQ → +2 ticks (total 10)
  Tick cache: RDWU → +2 ticks (total 11)
  Tick cache: IRE → +2 ticks (total 11)
  Tick cache: VIVO → +2 ticks (total 10)
📦 Tick cache saved: 11 symbols → tick_cache/2026-06-29/
[04:25 ET] ASTX CHART | O=19.56 H=19.56 L=19.56 C=19.56 V=200 | EMA9=none VWAP=19.77 (-1.1%) HOD=19.80 PM_H=19.80 | MACD=N/A vol_ratio=0.0x avg_vol=0 bars=0 | sq=N/A armed=none
[04:25 ET] SLS CHART | O=13.05 H=13.05 L=13.05 C=13.05 V=200 | EMA9=none VWAP=13.03 (+0.1%) HOD=13.10 PM_H=13.10 | MACD=N/A vol_ratio=0.0x avg_vol=0 bars=0 | sq=N/A armed=none
  Saved: /Users/duffy/warrior_bot_v2/scanner_results/2026-06-29.json (5 snapshots)
📊 Scanner: 0 new candidates, 0 new subs, 0 total watching
[TIER] STATUS tier1=[] tier2=0 capacity=0/5
  → ORPHAN IGNORED (sync): FEBO on WB_ORPHAN_HALT_IGNORE_SYMBOLS — NOT adopting; bot keeps trading. Left at broker for manual handling.
  ⚠️ ORPHAN POSITION FOUND: FEBO qty=219 (available=219) entry=$1.12 unrealized=$-45.78 value=$198.78
  → ORPHAN IGNORED: FEBO on WB_ORPHAN_HALT_IGNORE_SYMBOLS — NOT adopting, NOT halting. Bot keeps trading other names; position left at broker for manual handling.
  Tick cache: ASTX → +2 ticks (total 10)
  Tick cache: SLS → +2 ticks (total 9)
  Tick cache: NUWE → +2 ticks (total 8)
  Tick cache: OKLL → +2 ticks (total 8)
  Tick cache: RCAT → +2 ticks (total 10)
  Tick cache: ABCL → +2 ticks (total 10)
  Tick cache: RGTX → +2 ticks (total 2)
  Tick cache: SMCX → +2 ticks (total 8)
📦 Tick cache saved: 8 symbols → tick_cache/2026-06-29/
[ENGINE_PUB] STATS published=201 dropped=0 clients=2
[TIER] STATUS tier1=[] tier2=0 capacity=0/5
[04:27:00 ET] ACTIVE | flat | daily=$+0 (0t) | conn=OK | ticks=210 | no symbols
[04:27:01 ET] ACTIVE | flat | daily=$+0 (0t) | conn=OK | ticks=210 | no symbols
[TIER] STATUS tier1=[] tier2=0 capacity=0/5
  → ORPHAN IGNORED (sync): FEBO on WB_ORPHAN_HALT_IGNORE_SYMBOLS — NOT adopting; bot keeps trading. Left at broker for manual handling.
  ⚠️ ORPHAN POSITION FOUND: FEBO qty=219 (available=219) entry=$1.12 unrealized=$-45.78 value=$198.78
  → ORPHAN IGNORED: FEBO on WB_ORPHAN_HALT_IGNORE_SYMBOLS — NOT adopting, NOT halting. Bot keeps trading other names; position left at broker for manual handling.
[ENGINE_PUB] STATS published=201 dropped=0 clients=2
[TIER] STATUS tier1=[] tier2=0 capacity=0/5
[04:28:00 ET] ACTIVE | flat | daily=$+0 (0t) | conn=OK | ticks=210 | no symbols
[04:28:01 ET] ACTIVE | flat | daily=$+0 (0t) | conn=OK | ticks=210 | no symbols
[TIER] STATUS tier1=[] tier2=0 capacity=0/5
  → ORPHAN IGNORED (sync): FEBO on WB_ORPHAN_HALT_IGNORE_SYMBOLS — NOT adopting; bot keeps trading. Left at broker for manual handling.
  ⚠️ ORPHAN POSITION FOUND: FEBO qty=219 (available=219) entry=$1.12 unrealized=$-45.78 value=$198.78
  → ORPHAN IGNORED: FEBO on WB_ORPHAN_HALT_IGNORE_SYMBOLS — NOT adopting, NOT halting. Bot keeps trading other names; position left at broker for manual handling.
[ENGINE_PUB] STATS published=201 dropped=0 clients=2
[TIER] STATUS tier1=[] tier2=0 capacity=0/5
[04:29:00 ET] ACTIVE | flat | daily=$+0 (0t) | conn=OK | ticks=210 | no symbols
[04:29:01 ET] ACTIVE | flat | daily=$+0 (0t) | conn=OK | ticks=210 | no symbols
[TIER] STATUS tier1=[] tier2=0 capacity=0/5
  → ORPHAN IGNORED (sync): FEBO on WB_ORPHAN_HALT_IGNORE_SYMBOLS — NOT adopting; bot keeps trading. Left at broker for manual handling.
  ⚠️ ORPHAN POSITION FOUND: FEBO qty=219 (available=219) entry=$1.12 unrealized=$-45.78 value=$198.78
  → ORPHAN IGNORED: FEBO on WB_ORPHAN_HALT_IGNORE_SYMBOLS — NOT adopting, NOT halting. Bot keeps trading other names; position left at broker for manual handling.
[ENGINE_PUB] STATS published=201 dropped=0 clients=2
[TIER] STATUS tier1=[] tier2=0 capacity=0/5
[04:30:00 ET] ACTIVE | flat | daily=$+0 (0t) | conn=OK | ticks=210 | no symbols
[04:30:01 ET] ACTIVE | flat | daily=$+0 (0t) | conn=OK | ticks=210 | no symbols
[TIER] STATUS tier1=[] tier2=0 capacity=0/5
  → ORPHAN IGNORED (sync): FEBO on WB_ORPHAN_HALT_IGNORE_SYMBOLS — NOT adopting; bot keeps trading. Left at broker for manual handling.
  ⚠️ ORPHAN POSITION FOUND: FEBO qty=219 (available=219) entry=$1.12 unrealized=$-45.78 value=$198.78
  → ORPHAN IGNORED: FEBO on WB_ORPHAN_HALT_IGNORE_SYMBOLS — NOT adopting, NOT halting. Bot keeps trading other names; position left at broker for manual handling.

🔄 Running scanner at 04:30:22 ET...
Error 162, reqId 135591: Historical Market Data Service error message:API scanner subscription cancelled: 135591
  [float_cache] Cleared 7 stale None entries — will re-attempt lookups
IBKR ERROR 162: Historical Market Data Service error message:API scanner subscription cancelled: 135591 (reqId=135591, symbol=?)
[04:30 ET] UPC CHART | O=9.58 H=9.58 L=9.58 C=9.58 V=200 | EMA9=none VWAP=10.13 (-5.4%) HOD=10.51 PM_H=10.51 | MACD=N/A vol_ratio=0.0x avg_vol=0 bars=0 | sq=N/A armed=none
[04:30 ET] DCOY CHART | O=15.91 H=15.91 L=15.91 C=15.91 V=200 | EMA9=none VWAP=14.10 (+12.8%) HOD=16.65 PM_H=16.65 | MACD=N/A vol_ratio=0.0x avg_vol=0 bars=0 | sq=N/A armed=none
  Tick cache: UPC → +2 ticks (total 13)
  Tick cache: DCOY → +2 ticks (total 10)
📦 Tick cache saved: 2 symbols → tick_cache/2026-06-29/
[04:30 ET] LRMR CHART | O=4.22 H=4.22 L=4.22 C=4.22 V=200 | EMA9=none VWAP=4.17 (+1.1%) HOD=4.33 PM_H=4.33 | MACD=N/A vol_ratio=0.0x avg_vol=0 bars=0 | sq=N/A armed=none
[ENGINE_PUB] STATS published=207 dropped=0 clients=2
[04:30 ET] WNW CHART | O=3.98 H=3.98 L=3.98 C=3.98 V=200 | EMA9=none VWAP=3.89 (+2.4%) HOD=3.98 PM_H=3.98 | MACD=N/A vol_ratio=0.0x avg_vol=0 bars=0 | sq=N/A armed=none
[04:30 ET] WSHP CHART | O=9.07 H=9.07 L=9.07 C=9.07 V=200 | EMA9=none VWAP=8.88 (+2.2%) HOD=9.36 PM_H=9.36 | MACD=N/A vol_ratio=0.0x avg_vol=0 bars=0 | sq=N/A armed=none
[04:30 ET] CCXI CHART | O=15.89 H=15.89 L=15.89 C=15.89 V=600 | EMA9=none VWAP=16.05 (-1.0%) HOD=16.49 PM_H=16.49 | MACD=N/A vol_ratio=0.0x avg_vol=0 bars=0 | sq=N/A armed=none
[04:30 ET] AMSS CHART | O=2.28 H=2.28 L=2.28 C=2.28 V=200 | EMA9=none VWAP=2.30 (-0.9%) HOD=2.34 PM_H=2.34 | MACD=N/A vol_ratio=0.0x avg_vol=0 bars=0 | sq=N/A armed=none
[04:30 ET] CBRG CHART | O=4.43 H=4.43 L=4.43 C=4.43 V=1,200 | EMA9=none VWAP=4.35 (+1.9%) HOD=4.45 PM_H=4.45 | MACD=N/A vol_ratio=0.0x avg_vol=0 bars=0 | sq=N/A armed=none
[04:30 ET] RDWU CHART | O=8.63 H=8.63 L=8.63 C=8.63 V=200 | EMA9=none VWAP=8.60 (+0.3%) HOD=8.64 PM_H=8.64 | MACD=N/A vol_ratio=0.0x avg_vol=0 bars=0 | sq=N/A armed=none
[04:30 ET] VIVO CHART | O=6.30 H=6.30 L=6.30 C=6.30 V=1,800 | EMA9=none VWAP=6.28 (+0.4%) HOD=6.46 PM_H=6.46 | MACD=N/A vol_ratio=0.0x avg_vol=0 bars=0 | sq=N/A armed=none
[04:30 ET] SKYQ CHART | O=3.11 H=3.11 L=3.11 C=3.11 V=800 | EMA9=none VWAP=3.12 (-0.2%) HOD=3.15 PM_H=3.15 | MACD=N/A vol_ratio=0.0x avg_vol=0 bars=0 | sq=N/A armed=none
[04:30 ET] IRE CHART | O=19.23 H=19.23 L=19.23 C=19.23 V=1,000 | EMA9=none VWAP=19.25 (-0.1%) HOD=19.31 PM_H=19.31 | MACD=N/A vol_ratio=0.0x avg_vol=0 bars=0 | sq=N/A armed=none
[04:30 ET] ASTX CHART | O=19.58 H=19.58 L=19.58 C=19.58 V=600 | EMA9=none VWAP=19.76 (-0.9%) HOD=19.80 PM_H=19.80 | MACD=N/A vol_ratio=0.0x avg_vol=0 bars=0 | sq=N/A armed=none
  Tick cache: LRMR → +2 ticks (total 12)
  Tick cache: WNW → +2 ticks (total 6)
  Tick cache: WSHP → +1 ticks (total 8)
  Tick cache: CCXI → +2 ticks (total 12)
  Tick cache: AMSS → +2 ticks (total 4)
  Tick cache: CBRG → +2 ticks (total 13)
  Tick cache: RDWU → +2 ticks (total 13)
  Tick cache: VIVO → +2 ticks (total 12)
  Tick cache: SKYQ → +2 ticks (total 12)
  Tick cache: IRE → +2 ticks (total 13)
  Tick cache: ASTX → +2 ticks (total 12)
📦 Tick cache saved: 11 symbols → tick_cache/2026-06-29/
[04:30 ET] SLS CHART | O=13.06 H=13.06 L=13.06 C=13.06 V=200 | EMA9=none VWAP=13.05 (+0.1%) HOD=13.10 PM_H=13.10 | MACD=N/A vol_ratio=0.0x avg_vol=0 bars=0 | sq=N/A armed=none
  Saved: /Users/duffy/warrior_bot_v2/scanner_results/2026-06-29.json (6 snapshots)
📊 Scanner: 0 new candidates, 0 new subs, 0 total watching
[TIER] STATUS tier1=[] tier2=0 capacity=0/5
  → ORPHAN IGNORED (sync): FEBO on WB_ORPHAN_HALT_IGNORE_SYMBOLS — NOT adopting; bot keeps trading. Left at broker for manual handling.
  ⚠️ ORPHAN POSITION FOUND: FEBO qty=219 (available=219) entry=$1.12 unrealized=$-45.78 value=$198.78
  → ORPHAN IGNORED: FEBO on WB_ORPHAN_HALT_IGNORE_SYMBOLS — NOT adopting, NOT halting. Bot keeps trading other names; position left at broker for manual handling.
  Tick cache: SLS → +2 ticks (total 11)
  Tick cache: MBRX → +2 ticks (total 10)
  Tick cache: RCAT → +2 ticks (total 12)
  Tick cache: USGG → +2 ticks (total 2)
  Tick cache: ABCL → +2 ticks (total 12)
  Tick cache: PTIR → +2 ticks (total 2)
  Tick cache: SATL → +2 ticks (total 4)
📦 Tick cache saved: 7 symbols → tick_cache/2026-06-29/
[ENGINE_PUB] STATS published=240 dropped=0 clients=2
[TIER] STATUS tier1=[] tier2=0 capacity=0/5
[04:32:00 ET] ACTIVE | flat | daily=$+0 (0t) | conn=OK | ticks=251 | no symbols
[04:32:01 ET] ACTIVE | flat | daily=$+0 (0t) | conn=OK | ticks=251 | no symbols
[TIER] STATUS tier1=[] tier2=0 capacity=0/5
  → ORPHAN IGNORED (sync): FEBO on WB_ORPHAN_HALT_IGNORE_SYMBOLS — NOT adopting; bot keeps trading. Left at broker for manual handling.
  ⚠️ ORPHAN POSITION FOUND: FEBO qty=219 (available=219) entry=$1.12 unrealized=$-45.78 value=$198.78
  → ORPHAN IGNORED: FEBO on WB_ORPHAN_HALT_IGNORE_SYMBOLS — NOT adopting, NOT halting. Bot keeps trading other names; position left at broker for manual handling.
[ENGINE_PUB] STATS published=240 dropped=0 clients=2
[TIER] STATUS tier1=[] tier2=0 capacity=0/5
[04:33:00 ET] ACTIVE | flat | daily=$+0 (0t) | conn=OK | ticks=251 | no symbols
[04:33:01 ET] ACTIVE | flat | daily=$+0 (0t) | conn=OK | ticks=251 | no symbols
[TIER] STATUS tier1=[] tier2=0 capacity=0/5
  → ORPHAN IGNORED (sync): FEBO on WB_ORPHAN_HALT_IGNORE_SYMBOLS — NOT adopting; bot keeps trading. Left at broker for manual handling.
  ⚠️ ORPHAN POSITION FOUND: FEBO qty=219 (available=219) entry=$1.12 unrealized=$-45.78 value=$198.78
  → ORPHAN IGNORED: FEBO on WB_ORPHAN_HALT_IGNORE_SYMBOLS — NOT adopting, NOT halting. Bot keeps trading other names; position left at broker for manual handling.
[ENGINE_PUB] STATS published=240 dropped=0 clients=2
[TIER] STATUS tier1=[] tier2=0 capacity=0/5
[04:34:00 ET] ACTIVE | flat | daily=$+0 (0t) | conn=OK | ticks=251 | no symbols
[04:34:01 ET] ACTIVE | flat | daily=$+0 (0t) | conn=OK | ticks=251 | no symbols
[TIER] STATUS tier1=[] tier2=0 capacity=0/5
  → ORPHAN IGNORED (sync): FEBO on WB_ORPHAN_HALT_IGNORE_SYMBOLS — NOT adopting; bot keeps trading. Left at broker for manual handling.
  ⚠️ ORPHAN POSITION FOUND: FEBO qty=219 (available=219) entry=$1.12 unrealized=$-45.78 value=$198.78
  → ORPHAN IGNORED: FEBO on WB_ORPHAN_HALT_IGNORE_SYMBOLS — NOT adopting, NOT halting. Bot keeps trading other names; position left at broker for manual handling.
[ENGINE_PUB] STATS published=240 dropped=0 clients=2
[TIER] STATUS tier1=[] tier2=0 capacity=0/5
[04:35:00 ET] ACTIVE | flat | daily=$+0 (0t) | conn=OK | ticks=251 | no symbols
[04:35:01 ET] ACTIVE | flat | daily=$+0 (0t) | conn=OK | ticks=251 | no symbols
[TIER] STATUS tier1=[] tier2=0 capacity=0/5
  → ORPHAN IGNORED (sync): FEBO on WB_ORPHAN_HALT_IGNORE_SYMBOLS — NOT adopting; bot keeps trading. Left at broker for manual handling.

🔄 Running scanner at 04:35:23 ET...
Error 162, reqId 135672: Historical Market Data Service error message:API scanner subscription cancelled: 135672
  [float_cache] Cleared 8 stale None entries — will re-attempt lookups
IBKR ERROR 162: Historical Market Data Service error message:API scanner subscription cancelled: 135672 (reqId=135672, symbol=?)
[04:35 ET] UPC CHART | O=9.51 H=9.51 L=9.51 C=9.51 V=200 | EMA9=none VWAP=10.07 (-5.6%) HOD=10.51 PM_H=10.51 | MACD=N/A vol_ratio=0.0x avg_vol=0 bars=0 | sq=N/A armed=none
[04:35 ET] DCOY CHART | O=16.65 H=16.65 L=16.65 C=16.65 V=1,000 | EMA9=none VWAP=14.89 (+11.9%) HOD=17.81 PM_H=17.81 | MACD=N/A vol_ratio=0.0x avg_vol=0 bars=0 | sq=N/A armed=none
  Tick cache: UPC → +2 ticks (total 15)
  Tick cache: DCOY → +2 ticks (total 12)
📦 Tick cache saved: 2 symbols → tick_cache/2026-06-29/
[04:35 ET] WNW CHART | O=3.93 H=3.93 L=3.93 C=3.93 V=200 | EMA9=none VWAP=3.91 (+0.5%) HOD=4.05 PM_H=4.05 | MACD=N/A vol_ratio=0.0x avg_vol=0 bars=0 | sq=N/A armed=none
[04:35 ET] LRMR CHART | O=4.33 H=4.33 L=4.33 C=4.33 V=200 | EMA9=none VWAP=4.17 (+3.7%) HOD=4.33 PM_H=4.33 | MACD=N/A vol_ratio=0.0x avg_vol=0 bars=0 | sq=N/A armed=none
[ENGINE_PUB] STATS published=248 dropped=0 clients=2
[04:35 ET] AMSS CHART | O=2.34 H=2.34 L=2.34 C=2.34 V=200 | EMA9=none VWAP=2.32 (+1.0%) HOD=2.34 PM_H=2.34 | MACD=N/A vol_ratio=0.0x avg_vol=0 bars=0 | sq=N/A armed=none
[04:35 ET] WSHP CHART | O=9.36 H=9.36 L=9.36 C=9.36 V=200 | EMA9=none VWAP=8.94 (+4.7%) HOD=9.36 PM_H=9.36 | MACD=N/A vol_ratio=0.0x avg_vol=0 bars=0 | sq=N/A armed=none
[04:35 ET] CCXI CHART | O=15.77 H=15.77 L=15.77 C=15.77 V=200 | EMA9=none VWAP=16.01 (-1.5%) HOD=16.49 PM_H=16.49 | MACD=N/A vol_ratio=0.0x avg_vol=0 bars=0 | sq=N/A armed=none
[04:35 ET] CBRG CHART | O=4.45 H=4.45 L=4.45 C=4.45 V=200 | EMA9=none VWAP=4.36 (+2.2%) HOD=4.45 PM_H=4.45 | MACD=N/A vol_ratio=0.0x avg_vol=0 bars=0 | sq=N/A armed=none
[04:35 ET] RDWU CHART | O=8.63 H=8.63 L=8.63 C=8.63 V=200 | EMA9=none VWAP=8.61 (+0.2%) HOD=8.67 PM_H=8.67 | MACD=N/A vol_ratio=0.0x avg_vol=0 bars=0 | sq=N/A armed=none
[04:35 ET] MBRX CHART | O=3.60 H=3.60 L=3.60 C=3.60 V=200 | EMA9=none VWAP=3.54 (+1.6%) HOD=3.93 PM_H=3.93 | MACD=N/A vol_ratio=0.0x avg_vol=0 bars=0 | sq=N/A armed=none
[04:35 ET] IRE CHART | O=19.15 H=19.15 L=19.15 C=19.15 V=200 | EMA9=none VWAP=19.24 (-0.5%) HOD=19.31 PM_H=19.31 | MACD=N/A vol_ratio=0.0x avg_vol=0 bars=0 | sq=N/A armed=none
[04:35 ET] ASTX CHART | O=19.52 H=19.52 L=19.52 C=19.52 V=200 | EMA9=none VWAP=19.75 (-1.2%) HOD=19.80 PM_H=19.80 | MACD=N/A vol_ratio=0.0x avg_vol=0 bars=0 | sq=N/A armed=none
[04:35 ET] SKYQ CHART | O=3.05 H=3.05 L=3.05 C=3.05 V=400 | EMA9=none VWAP=3.11 (-1.9%) HOD=3.15 PM_H=3.15 | MACD=N/A vol_ratio=0.0x avg_vol=0 bars=0 | sq=N/A armed=none
  Tick cache: WNW → +2 ticks (total 8)
  Tick cache: LRMR → +2 ticks (total 14)
  Tick cache: AMSS → +2 ticks (total 6)
  Tick cache: WSHP → +1 ticks (total 9)
  Tick cache: CCXI → +2 ticks (total 14)
  Tick cache: CBRG → +2 ticks (total 15)
  Tick cache: RDWU → +2 ticks (total 15)
  Tick cache: MBRX → +2 ticks (total 12)
  Tick cache: IRE → +2 ticks (total 15)
  Tick cache: ASTX → +2 ticks (total 14)
  Tick cache: SKYQ → +2 ticks (total 14)
📦 Tick cache saved: 11 symbols → tick_cache/2026-06-29/
[04:35 ET] NUWE CHART | O=3.34 H=3.34 L=3.34 C=3.34 V=200 | EMA9=none VWAP=3.57 (-6.3%) HOD=4.11 PM_H=4.11 | MACD=N/A vol_ratio=0.0x avg_vol=0 bars=0 | sq=N/A armed=none
  Saved: /Users/duffy/warrior_bot_v2/scanner_results/2026-06-29.json (7 snapshots)
📊 Scanner: 0 new candidates, 0 new subs, 0 total watching
  ⚠️ ORPHAN POSITION FOUND: FEBO qty=219 (available=219) entry=$1.12 unrealized=$-45.78 value=$198.78
  → ORPHAN IGNORED: FEBO on WB_ORPHAN_HALT_IGNORE_SYMBOLS — NOT adopting, NOT halting. Bot keeps trading other names; position left at broker for manual handling.
[TIER] STATUS tier1=[] tier2=0 capacity=0/5
  → ORPHAN IGNORED (sync): FEBO on WB_ORPHAN_HALT_IGNORE_SYMBOLS — NOT adopting; bot keeps trading. Left at broker for manual handling.
  ⚠️ ORPHAN POSITION FOUND: FEBO qty=219 (available=219) entry=$1.12 unrealized=$-45.78 value=$198.78
  → ORPHAN IGNORED: FEBO on WB_ORPHAN_HALT_IGNORE_SYMBOLS — NOT adopting, NOT halting. Bot keeps trading other names; position left at broker for manual handling.
  Tick cache: NUWE → +2 ticks (total 10)
  Tick cache: SLS → +2 ticks (total 13)
  Tick cache: ABCL → +2 ticks (total 14)
  Tick cache: RCAT → +2 ticks (total 14)
  Tick cache: SATL → +2 ticks (total 6)
  Tick cache: USGG → +2 ticks (total 4)
  Tick cache: ORCU → +2 ticks (total 2)
📦 Tick cache saved: 7 symbols → tick_cache/2026-06-29/
[ENGINE_PUB] STATS published=279 dropped=0 clients=2
[TIER] STATUS tier1=[] tier2=0 capacity=0/5
[04:37:00 ET] ACTIVE | flat | daily=$+0 (0t) | conn=OK | ticks=292 | no symbols
[04:37:01 ET] ACTIVE | flat | daily=$+0 (0t) | conn=OK | ticks=292 | no symbols
[TIER] STATUS tier1=[] tier2=0 capacity=0/5
  → ORPHAN IGNORED (sync): FEBO on WB_ORPHAN_HALT_IGNORE_SYMBOLS — NOT adopting; bot keeps trading. Left at broker for manual handling.
  ⚠️ ORPHAN POSITION FOUND: FEBO qty=219 (available=219) entry=$1.12 unrealized=$-45.78 value=$198.78
  → ORPHAN IGNORED: FEBO on WB_ORPHAN_HALT_IGNORE_SYMBOLS — NOT adopting, NOT halting. Bot keeps trading other names; position left at broker for manual handling.
[ENGINE_PUB] STATS published=279 dropped=0 clients=2
[TIER] STATUS tier1=[] tier2=0 capacity=0/5
[04:38:00 ET] ACTIVE | flat | daily=$+0 (0t) | conn=OK | ticks=292 | no symbols
[04:38:01 ET] ACTIVE | flat | daily=$+0 (0t) | conn=OK | ticks=292 | no symbols
[TIER] STATUS tier1=[] tier2=0 capacity=0/5
  → ORPHAN IGNORED (sync): FEBO on WB_ORPHAN_HALT_IGNORE_SYMBOLS — NOT adopting; bot keeps trading. Left at broker for manual handling.
  ⚠️ ORPHAN POSITION FOUND: FEBO qty=219 (available=219) entry=$1.12 unrealized=$-45.78 value=$198.78
  → ORPHAN IGNORED: FEBO on WB_ORPHAN_HALT_IGNORE_SYMBOLS — NOT adopting, NOT halting. Bot keeps trading other names; position left at broker for manual handling.
[ENGINE_PUB] STATS published=279 dropped=0 clients=2
[TIER] STATUS tier1=[] tier2=0 capacity=0/5
[04:39:00 ET] ACTIVE | flat | daily=$+0 (0t) | conn=OK | ticks=292 | no symbols
[04:39:01 ET] ACTIVE | flat | daily=$+0 (0t) | conn=OK | ticks=292 | no symbols
[TIER] STATUS tier1=[] tier2=0 capacity=0/5
  → ORPHAN IGNORED (sync): FEBO on WB_ORPHAN_HALT_IGNORE_SYMBOLS — NOT adopting; bot keeps trading. Left at broker for manual handling.
  ⚠️ ORPHAN POSITION FOUND: FEBO qty=219 (available=219) entry=$1.12 unrealized=$-45.78 value=$198.78
  → ORPHAN IGNORED: FEBO on WB_ORPHAN_HALT_IGNORE_SYMBOLS — NOT adopting, NOT halting. Bot keeps trading other names; position left at broker for manual handling.
[ENGINE_PUB] STATS published=279 dropped=0 clients=2
[TIER] STATUS tier1=[] tier2=0 capacity=0/5
[04:40:00 ET] ACTIVE | flat | daily=$+0 (0t) | conn=OK | ticks=292 | no symbols
[04:40:01 ET] ACTIVE | flat | daily=$+0 (0t) | conn=OK | ticks=292 | no symbols
[TIER] STATUS tier1=[] tier2=0 capacity=0/5

🔄 Running scanner at 04:40:23 ET...
Error 162, reqId 135753: Historical Market Data Service error message:API scanner subscription cancelled: 135753
  [float_cache] Cleared 2 stale None entries — will re-attempt lookups
IBKR ERROR 162: Historical Market Data Service error message:API scanner subscription cancelled: 135753 (reqId=135753, symbol=?)
[04:40 ET] UPC CHART | O=9.50 H=9.50 L=9.50 C=9.50 V=400 | EMA9=none VWAP=9.99 (-4.9%) HOD=10.51 PM_H=10.51 | MACD=N/A vol_ratio=0.0x avg_vol=0 bars=0 | sq=N/A armed=none
[04:40 ET] DCOY CHART | O=17.81 H=17.81 L=17.81 C=17.81 V=200 | EMA9=none VWAP=15.12 (+17.8%) HOD=17.81 PM_H=17.81 | MACD=N/A vol_ratio=0.0x avg_vol=0 bars=0 | sq=N/A armed=none
  Tick cache: UPC → +2 ticks (total 17)
  Tick cache: DCOY → +2 ticks (total 14)
📦 Tick cache saved: 2 symbols → tick_cache/2026-06-29/
[04:40 ET] LRMR CHART | O=4.23 H=4.23 L=4.23 C=4.23 V=200 | EMA9=none VWAP=4.18 (+1.3%) HOD=4.33 PM_H=4.33 | MACD=N/A vol_ratio=0.0x avg_vol=0 bars=0 | sq=N/A armed=none
[04:40 ET] WNW CHART | O=4.05 H=4.05 L=4.05 C=4.05 V=200 | EMA9=none VWAP=3.93 (+3.1%) HOD=4.05 PM_H=4.05 | MACD=N/A vol_ratio=0.0x avg_vol=0 bars=0 | sq=N/A armed=none
[ENGINE_PUB] STATS published=287 dropped=0 clients=2
[04:40 ET] WSHP CHART | O=9.15 H=9.15 L=9.15 C=9.15 V=400 | EMA9=none VWAP=8.96 (+2.1%) HOD=9.36 PM_H=9.36 | MACD=N/A vol_ratio=0.0x avg_vol=0 bars=0 | sq=N/A armed=none
[04:40 ET] AMSS CHART | O=2.34 H=2.34 L=2.34 C=2.34 V=200 | EMA9=none VWAP=2.32 (+0.7%) HOD=2.35 PM_H=2.35 | MACD=N/A vol_ratio=0.0x avg_vol=0 bars=0 | sq=N/A armed=none
[04:40 ET] CCXI CHART | O=15.35 H=15.35 L=15.35 C=15.35 V=600 | EMA9=none VWAP=15.97 (-3.9%) HOD=16.49 PM_H=16.49 | MACD=N/A vol_ratio=0.0x avg_vol=0 bars=0 | sq=N/A armed=none
[04:40 ET] CBRG CHART | O=4.44 H=4.44 L=4.44 C=4.44 V=1,800 | EMA9=none VWAP=4.36 (+1.7%) HOD=4.47 PM_H=4.47 | MACD=N/A vol_ratio=0.0x avg_vol=0 bars=0 | sq=N/A armed=none
[04:40 ET] MBRX CHART | O=3.49 H=3.49 L=3.49 C=3.49 V=200 | EMA9=none VWAP=3.53 (-1.2%) HOD=3.93 PM_H=3.93 | MACD=N/A vol_ratio=0.0x avg_vol=0 bars=0 | sq=N/A armed=none
[04:40 ET] RDWU CHART | O=8.67 H=8.67 L=8.67 C=8.67 V=600 | EMA9=none VWAP=8.62 (+0.6%) HOD=8.67 PM_H=8.67 | MACD=N/A vol_ratio=0.0x avg_vol=0 bars=0 | sq=N/A armed=none
[04:40 ET] ASTX CHART | O=19.58 H=19.58 L=19.58 C=19.58 V=400 | EMA9=none VWAP=19.75 (-0.8%) HOD=19.80 PM_H=19.80 | MACD=N/A vol_ratio=0.0x avg_vol=0 bars=0 | sq=N/A armed=none
[04:40 ET] VIVO CHART | O=6.15 H=6.15 L=6.15 C=6.15 V=200 | EMA9=none VWAP=6.26 (-1.7%) HOD=6.46 PM_H=6.46 | MACD=N/A vol_ratio=0.0x avg_vol=0 bars=0 | sq=N/A armed=none
[04:40 ET] NUWE CHART | O=3.48 H=3.48 L=3.48 C=3.48 V=400 | EMA9=none VWAP=3.55 (-1.9%) HOD=4.11 PM_H=4.11 | MACD=N/A vol_ratio=0.0x avg_vol=0 bars=0 | sq=N/A armed=none
  Tick cache: LRMR → +2 ticks (total 16)
  Tick cache: WNW → +2 ticks (total 10)
  Tick cache: WSHP → +1 ticks (total 10)
  Tick cache: AMSS → +2 ticks (total 8)
  Tick cache: CCXI → +2 ticks (total 16)
  Tick cache: CBRG → +2 ticks (total 17)
  Tick cache: MBRX → +2 ticks (total 14)
  Tick cache: RDWU → +2 ticks (total 17)
  Tick cache: ASTX → +2 ticks (total 16)
  Tick cache: VIVO → +2 ticks (total 14)
  Tick cache: NUWE → +2 ticks (total 12)
📦 Tick cache saved: 11 symbols → tick_cache/2026-06-29/
  Saved: /Users/duffy/warrior_bot_v2/scanner_results/2026-06-29.json (8 snapshots)
📊 Scanner: 0 new candidates, 0 new subs, 0 total watching
  → ORPHAN IGNORED (sync): FEBO on WB_ORPHAN_HALT_IGNORE_SYMBOLS — NOT adopting; bot keeps trading. Left at broker for manual handling.
[TIER] STATUS tier1=[] tier2=0 capacity=0/5
  ⚠️ ORPHAN POSITION FOUND: FEBO qty=219 (available=219) entry=$1.12 unrealized=$-45.78 value=$198.78
  → ORPHAN IGNORED: FEBO on WB_ORPHAN_HALT_IGNORE_SYMBOLS — NOT adopting, NOT halting. Bot keeps trading other names; position left at broker for manual handling.
  Tick cache: IRE → +2 ticks (total 17)
  Tick cache: SLS → +2 ticks (total 15)
  Tick cache: ABCL → +2 ticks (total 16)
  Tick cache: ORCU → +2 ticks (total 4)
  Tick cache: SATL → +2 ticks (total 8)
  Tick cache: SKYQ → +2 ticks (total 16)
  Tick cache: USGG → +2 ticks (total 6)
📦 Tick cache saved: 7 symbols → tick_cache/2026-06-29/
[ENGINE_PUB] STATS published=318 dropped=0 clients=2
[TIER] STATUS tier1=[] tier2=0 capacity=0/5
[04:42:00 ET] ACTIVE | flat | daily=$+0 (0t) | conn=OK | ticks=333 | no symbols
[04:42:01 ET] ACTIVE | flat | daily=$+0 (0t) | conn=OK | ticks=333 | no symbols
  → ORPHAN IGNORED (sync): FEBO on WB_ORPHAN_HALT_IGNORE_SYMBOLS — NOT adopting; bot keeps trading. Left at broker for manual handling.
[TIER] STATUS tier1=[] tier2=0 capacity=0/5
  ⚠️ ORPHAN POSITION FOUND: FEBO qty=219 (available=219) entry=$1.12 unrealized=$-45.78 value=$198.78
  → ORPHAN IGNORED: FEBO on WB_ORPHAN_HALT_IGNORE_SYMBOLS — NOT adopting, NOT halting. Bot keeps trading other names; position left at broker for manual handling.
[ENGINE_PUB] STATS published=318 dropped=0 clients=2
[TIER] STATUS tier1=[] tier2=0 capacity=0/5
[04:43:00 ET] ACTIVE | flat | daily=$+0 (0t) | conn=OK | ticks=333 | no symbols
[04:43:01 ET] ACTIVE | flat | daily=$+0 (0t) | conn=OK | ticks=333 | no symbols
  → ORPHAN IGNORED (sync): FEBO on WB_ORPHAN_HALT_IGNORE_SYMBOLS — NOT adopting; bot keeps trading. Left at broker for manual handling.
[TIER] STATUS tier1=[] tier2=0 capacity=0/5
  ⚠️ ORPHAN POSITION FOUND: FEBO qty=219 (available=219) entry=$1.12 unrealized=$-45.78 value=$198.78
  → ORPHAN IGNORED: FEBO on WB_ORPHAN_HALT_IGNORE_SYMBOLS — NOT adopting, NOT halting. Bot keeps trading other names; position left at broker for manual handling.
[ENGINE_PUB] STATS published=318 dropped=0 clients=2
[TIER] STATUS tier1=[] tier2=0 capacity=0/5
[04:44:00 ET] ACTIVE | flat | daily=$+0 (0t) | conn=OK | ticks=333 | no symbols
[04:44:01 ET] ACTIVE | flat | daily=$+0 (0t) | conn=OK | ticks=333 | no symbols
  → ORPHAN IGNORED (sync): FEBO on WB_ORPHAN_HALT_IGNORE_SYMBOLS — NOT adopting; bot keeps trading. Left at broker for manual handling.
[TIER] STATUS tier1=[] tier2=0 capacity=0/5
  ⚠️ ORPHAN POSITION FOUND: FEBO qty=219 (available=219) entry=$1.12 unrealized=$-45.78 value=$198.78
  → ORPHAN IGNORED: FEBO on WB_ORPHAN_HALT_IGNORE_SYMBOLS — NOT adopting, NOT halting. Bot keeps trading other names; position left at broker for manual handling.
[ENGINE_PUB] STATS published=318 dropped=0 clients=2
[TIER] STATUS tier1=[] tier2=0 capacity=0/5
[04:45:00 ET] ACTIVE | flat | daily=$+0 (0t) | conn=OK | ticks=333 | no symbols
[04:45:01 ET] ACTIVE | flat | daily=$+0 (0t) | conn=OK | ticks=333 | no symbols
  → ORPHAN IGNORED (sync): FEBO on WB_ORPHAN_HALT_IGNORE_SYMBOLS — NOT adopting; bot keeps trading. Left at broker for manual handling.
[TIER] STATUS tier1=[] tier2=0 capacity=0/5
  ⚠️ ORPHAN POSITION FOUND: FEBO qty=219 (available=219) entry=$1.12 unrealized=$-45.78 value=$198.78
  → ORPHAN IGNORED: FEBO on WB_ORPHAN_HALT_IGNORE_SYMBOLS — NOT adopting, NOT halting. Bot keeps trading other names; position left at broker for manual handling.

🔄 Running scanner at 04:45:24 ET...
Error 162, reqId 135834: Historical Market Data Service error message:API scanner subscription cancelled: 135834
  [float_cache] Cleared 2 stale None entries — will re-attempt lookups
IBKR ERROR 162: Historical Market Data Service error message:API scanner subscription cancelled: 135834 (reqId=135834, symbol=?)
[04:45 ET] UPC CHART | O=9.55 H=9.55 L=9.55 C=9.55 V=600 | EMA9=none VWAP=9.95 (-4.0%) HOD=10.51 PM_H=10.51 | MACD=N/A vol_ratio=0.0x avg_vol=0 bars=0 | sq=N/A armed=none
[04:45 ET] DCOY CHART | O=17.36 H=17.36 L=17.36 C=17.36 V=200 | EMA9=none VWAP=15.29 (+13.5%) HOD=17.81 PM_H=17.81 | MACD=N/A vol_ratio=0.0x avg_vol=0 bars=0 | sq=N/A armed=none
  Tick cache: UPC → +2 ticks (total 19)
  Tick cache: DCOY → +2 ticks (total 16)
📦 Tick cache saved: 2 symbols → tick_cache/2026-06-29/
[04:45 ET] LRMR CHART | O=4.30 H=4.30 L=4.30 C=4.30 V=600 | EMA9=none VWAP=4.18 (+2.9%) HOD=4.35 PM_H=4.35 | MACD=N/A vol_ratio=0.0x avg_vol=0 bars=0 | sq=N/A armed=none
[ENGINE_PUB] STATS published=328 dropped=0 clients=2
[04:45 ET] WNW CHART | O=3.98 H=3.98 L=3.98 C=3.98 V=200 | EMA9=none VWAP=3.94 (+1.1%) HOD=4.05 PM_H=4.05 | MACD=N/A vol_ratio=0.0x avg_vol=0 bars=0 | sq=N/A armed=none
[04:45 ET] WSHP CHART | O=9.36 H=9.36 L=9.36 C=9.36 V=100 | EMA9=none VWAP=8.97 (+4.3%) HOD=9.36 PM_H=9.36 | MACD=N/A vol_ratio=0.0x avg_vol=0 bars=0 | sq=N/A armed=none
[04:45 ET] AMSS CHART | O=2.35 H=2.35 L=2.35 C=2.35 V=200 | EMA9=none VWAP=2.33 (+0.9%) HOD=2.35 PM_H=2.35 | MACD=N/A vol_ratio=0.0x avg_vol=0 bars=0 | sq=N/A armed=none
[04:45 ET] CCXI CHART | O=15.66 H=15.66 L=15.66 C=15.66 V=200 | EMA9=none VWAP=15.96 (-1.9%) HOD=16.49 PM_H=16.49 | MACD=N/A vol_ratio=0.0x avg_vol=0 bars=0 | sq=N/A armed=none
[04:45 ET] CBRG CHART | O=4.47 H=4.47 L=4.47 C=4.47 V=400 | EMA9=none VWAP=4.37 (+2.3%) HOD=4.48 PM_H=4.48 | MACD=N/A vol_ratio=0.0x avg_vol=0 bars=0 | sq=N/A armed=none
[04:45 ET] RDWU CHART | O=8.67 H=8.67 L=8.67 C=8.67 V=200 | EMA9=none VWAP=8.63 (+0.5%) HOD=8.67 PM_H=8.67 | MACD=N/A vol_ratio=0.0x avg_vol=0 bars=0 | sq=N/A armed=none
[04:45 ET] MBRX CHART | O=3.52 H=3.52 L=3.52 C=3.52 V=1,400 | EMA9=none VWAP=3.53 (-0.3%) HOD=3.93 PM_H=3.93 | MACD=N/A vol_ratio=0.0x avg_vol=0 bars=0 | sq=N/A armed=none
[04:45 ET] ASTX CHART | O=19.72 H=19.72 L=19.72 C=19.72 V=1,000 | EMA9=none VWAP=19.78 (-0.3%) HOD=19.87 PM_H=19.87 | MACD=N/A vol_ratio=0.0x avg_vol=0 bars=0 | sq=N/A armed=none
  Tick cache: STI → +2 ticks (total 2)
  Tick cache: LRMR → +2 ticks (total 18)
  Tick cache: QH → +2 ticks (total 2)
  Tick cache: WNW → +2 ticks (total 12)
  Tick cache: WSHP → +1 ticks (total 11)
  Tick cache: AMSS → +2 ticks (total 10)
  Tick cache: CCXI → +2 ticks (total 18)
  Tick cache: CBRG → +2 ticks (total 19)
  Tick cache: RDWU → +2 ticks (total 19)
  Tick cache: MBRX → +2 ticks (total 16)
  Tick cache: ASTX → +2 ticks (total 18)
📦 Tick cache saved: 11 symbols → tick_cache/2026-06-29/
  Saved: /Users/duffy/warrior_bot_v2/scanner_results/2026-06-29.json (9 snapshots)
📊 Scanner: 0 new candidates, 0 new subs, 0 total watching
  → ORPHAN IGNORED (sync): FEBO on WB_ORPHAN_HALT_IGNORE_SYMBOLS — NOT adopting; bot keeps trading. Left at broker for manual handling.
[TIER] STATUS tier1=[] tier2=0 capacity=0/5
  ⚠️ ORPHAN POSITION FOUND: FEBO qty=219 (available=219) entry=$1.12 unrealized=$-45.78 value=$198.78
  → ORPHAN IGNORED: FEBO on WB_ORPHAN_HALT_IGNORE_SYMBOLS — NOT adopting, NOT halting. Bot keeps trading other names; position left at broker for manual handling.
  Tick cache: SLS → +2 ticks (total 17)
  Tick cache: IRE → +2 ticks (total 19)
  Tick cache: ORCU → +2 ticks (total 6)
  Tick cache: NUWE → +2 ticks (total 14)
  Tick cache: ABCL → +2 ticks (total 18)
  Tick cache: RCAT → +2 ticks (total 16)
  Tick cache: SKYQ → +2 ticks (total 18)
📦 Tick cache saved: 7 symbols → tick_cache/2026-06-29/
[ENGINE_PUB] STATS published=357 dropped=0 clients=2
[TIER] STATUS tier1=[] tier2=0 capacity=0/5
[04:47:00 ET] ACTIVE | flat | daily=$+0 (0t) | conn=OK | ticks=374 | no symbols
[04:47:01 ET] ACTIVE | flat | daily=$+0 (0t) | conn=OK | ticks=374 | no symbols
  → ORPHAN IGNORED (sync): FEBO on WB_ORPHAN_HALT_IGNORE_SYMBOLS — NOT adopting; bot keeps trading. Left at broker for manual handling.
[TIER] STATUS tier1=[] tier2=0 capacity=0/5
  ⚠️ ORPHAN POSITION FOUND: FEBO qty=219 (available=219) entry=$1.12 unrealized=$-45.78 value=$198.78
  → ORPHAN IGNORED: FEBO on WB_ORPHAN_HALT_IGNORE_SYMBOLS — NOT adopting, NOT halting. Bot keeps trading other names; position left at broker for manual handling.
[ENGINE_PUB] STATS published=357 dropped=0 clients=2
[TIER] STATUS tier1=[] tier2=0 capacity=0/5
[04:48:00 ET] ACTIVE | flat | daily=$+0 (0t) | conn=OK | ticks=374 | no symbols
[04:48:01 ET] ACTIVE | flat | daily=$+0 (0t) | conn=OK | ticks=374 | no symbols
  → ORPHAN IGNORED (sync): FEBO on WB_ORPHAN_HALT_IGNORE_SYMBOLS — NOT adopting; bot keeps trading. Left at broker for manual handling.
[TIER] STATUS tier1=[] tier2=0 capacity=0/5
  ⚠️ ORPHAN POSITION FOUND: FEBO qty=219 (available=219) entry=$1.12 unrealized=$-45.78 value=$198.78
  → ORPHAN IGNORED: FEBO on WB_ORPHAN_HALT_IGNORE_SYMBOLS — NOT adopting, NOT halting. Bot keeps trading other names; position left at broker for manual handling.
[ENGINE_PUB] STATS published=357 dropped=0 clients=2
[TIER] STATUS tier1=[] tier2=0 capacity=0/5
[04:49:00 ET] ACTIVE | flat | daily=$+0 (0t) | conn=OK | ticks=374 | no symbols
[04:49:01 ET] ACTIVE | flat | daily=$+0 (0t) | conn=OK | ticks=374 | no symbols
  → ORPHAN IGNORED (sync): FEBO on WB_ORPHAN_HALT_IGNORE_SYMBOLS — NOT adopting; bot keeps trading. Left at broker for manual handling.
[TIER] STATUS tier1=[] tier2=0 capacity=0/5
  ⚠️ ORPHAN POSITION FOUND: FEBO qty=219 (available=219) entry=$1.12 unrealized=$-45.78 value=$198.78
  → ORPHAN IGNORED: FEBO on WB_ORPHAN_HALT_IGNORE_SYMBOLS — NOT adopting, NOT halting. Bot keeps trading other names; position left at broker for manual handling.
[ENGINE_PUB] STATS published=357 dropped=0 clients=2
[TIER] STATUS tier1=[] tier2=0 capacity=0/5
[04:50:00 ET] ACTIVE | flat | daily=$+0 (0t) | conn=OK | ticks=374 | no symbols
[04:50:01 ET] ACTIVE | flat | daily=$+0 (0t) | conn=OK | ticks=374 | no symbols
  → ORPHAN IGNORED (sync): FEBO on WB_ORPHAN_HALT_IGNORE_SYMBOLS — NOT adopting; bot keeps trading. Left at broker for manual handling.
[TIER] STATUS tier1=[] tier2=0 capacity=0/5
  ⚠️ ORPHAN POSITION FOUND: FEBO qty=219 (available=219) entry=$1.12 unrealized=$-45.78 value=$198.78
  → ORPHAN IGNORED: FEBO on WB_ORPHAN_HALT_IGNORE_SYMBOLS — NOT adopting, NOT halting. Bot keeps trading other names; position left at broker for manual handling.

🔄 Running scanner at 04:50:24 ET...
Error 162, reqId 135915: Historical Market Data Service error message:API scanner subscription cancelled: 135915
  [float_cache] Cleared 10 stale None entries — will re-attempt lookups
IBKR ERROR 162: Historical Market Data Service error message:API scanner subscription cancelled: 135915 (reqId=135915, symbol=?)
[04:50 ET] UPC CHART | O=9.37 H=9.37 L=9.37 C=9.37 V=200 | EMA9=none VWAP=9.92 (-5.5%) HOD=10.51 PM_H=10.51 | MACD=N/A vol_ratio=0.0x avg_vol=0 bars=0 | sq=N/A armed=none
[04:50 ET] DCOY CHART | O=17.18 H=17.18 L=17.18 C=17.18 V=200 | EMA9=none VWAP=15.39 (+11.6%) HOD=17.81 PM_H=17.81 | MACD=N/A vol_ratio=0.0x avg_vol=0 bars=0 | sq=N/A armed=none
[04:50 ET] STI CHART | O=16.37 H=16.37 L=16.37 C=16.37 V=200 | EMA9=none VWAP=15.85 (+3.3%) HOD=16.37 PM_H=16.37 | MACD=N/A vol_ratio=0.0x avg_vol=0 bars=0 | sq=N/A armed=none
  Tick cache: UPC → +2 ticks (total 21)
  Tick cache: DCOY → +2 ticks (total 18)
  Tick cache: STI → +2 ticks (total 4)
📦 Tick cache saved: 3 symbols → tick_cache/2026-06-29/
[04:50 ET] WNW CHART | O=3.96 H=3.96 L=3.96 C=3.96 V=200 | EMA9=none VWAP=3.94 (+0.4%) HOD=4.05 PM_H=4.05 | MACD=N/A vol_ratio=0.0x avg_vol=0 bars=0 | sq=N/A armed=none
[04:50 ET] LRMR CHART | O=4.35 H=4.35 L=4.35 C=4.35 V=400 | EMA9=none VWAP=4.20 (+3.6%) HOD=4.35 PM_H=4.35 | MACD=N/A vol_ratio=0.0x avg_vol=0 bars=0 | sq=N/A armed=none
[04:50 ET] QH CHART | O=6.50 H=6.50 L=6.50 C=6.50 V=200 | EMA9=none VWAP=6.50 (-0.1%) HOD=6.51 PM_H=6.51 | MACD=N/A vol_ratio=0.0x avg_vol=0 bars=0 | sq=N/A armed=none
[ENGINE_PUB] STATS published=369 dropped=0 clients=2
[04:50 ET] WSHP CHART | O=9.21 H=9.21 L=9.21 C=9.21 V=100 | EMA9=none VWAP=8.99 (+2.5%) HOD=9.36 PM_H=9.36 | MACD=N/A vol_ratio=0.0x avg_vol=0 bars=0 | sq=N/A armed=none
[04:50 ET] AMSS CHART | O=2.32 H=2.32 L=2.32 C=2.32 V=400 | EMA9=none VWAP=2.31 (+0.4%) HOD=2.35 PM_H=2.35 | MACD=N/A vol_ratio=0.0x avg_vol=0 bars=0 | sq=N/A armed=none
[04:50 ET] CCXI CHART | O=15.50 H=15.50 L=15.50 C=15.50 V=200 | EMA9=none VWAP=15.91 (-2.6%) HOD=16.49 PM_H=16.49 | MACD=N/A vol_ratio=0.0x avg_vol=0 bars=0 | sq=N/A armed=none
[04:50 ET] CBRG CHART | O=4.48 H=4.48 L=4.48 C=4.48 V=400 | EMA9=none VWAP=4.37 (+2.5%) HOD=4.48 PM_H=4.48 | MACD=N/A vol_ratio=0.0x avg_vol=0 bars=0 | sq=N/A armed=none
[04:50 ET] RDWU CHART | O=8.67 H=8.67 L=8.67 C=8.67 V=1,400 | EMA9=none VWAP=8.64 (+0.3%) HOD=8.72 PM_H=8.72 | MACD=N/A vol_ratio=0.0x avg_vol=0 bars=0 | sq=N/A armed=none
[04:50 ET] NUWE CHART | O=3.48 H=3.48 L=3.48 C=3.48 V=200 | EMA9=none VWAP=3.54 (-1.6%) HOD=4.11 PM_H=4.11 | MACD=N/A vol_ratio=0.0x avg_vol=0 bars=0 | sq=N/A armed=none
[04:50 ET] ASTX CHART | O=19.87 H=19.87 L=19.87 C=19.87 V=6,400 | EMA9=none VWAP=19.80 (+0.4%) HOD=20.00 PM_H=20.00 | MACD=N/A vol_ratio=0.0x avg_vol=0 bars=0 | sq=N/A armed=none
  Tick cache: WNW → +2 ticks (total 14)
  Tick cache: LRMR → +2 ticks (total 20)
  Tick cache: QH → +2 ticks (total 4)
  Tick cache: WSHP → +1 ticks (total 12)
  Tick cache: AMSS → +2 ticks (total 12)
  Tick cache: CCXI → +2 ticks (total 20)
  Tick cache: CBRG → +2 ticks (total 21)
  Tick cache: RDWU → +2 ticks (total 21)
  Tick cache: NUWE → +2 ticks (total 16)
  Tick cache: ASTX → +2 ticks (total 20)
  Tick cache: SLS → +2 ticks (total 19)
📦 Tick cache saved: 11 symbols → tick_cache/2026-06-29/
  Saved: /Users/duffy/warrior_bot_v2/scanner_results/2026-06-29.json (10 snapshots)
📊 Scanner: 0 new candidates, 0 new subs, 0 total watching
[TIER] STATUS tier1=[] tier2=0 capacity=0/5
  → ORPHAN IGNORED (sync): FEBO on WB_ORPHAN_HALT_IGNORE_SYMBOLS — NOT adopting; bot keeps trading. Left at broker for manual handling.
  ⚠️ ORPHAN POSITION FOUND: FEBO qty=219 (available=219) entry=$1.12 unrealized=$-45.78 value=$198.78
  → ORPHAN IGNORED: FEBO on WB_ORPHAN_HALT_IGNORE_SYMBOLS — NOT adopting, NOT halting. Bot keeps trading other names; position left at broker for manual handling.
  Tick cache: ORCU → +2 ticks (total 8)
  Tick cache: IRE → +2 ticks (total 21)
  Tick cache: MBRX → +2 ticks (total 18)
  Tick cache: RZLV → +2 ticks (total 2)
  Tick cache: ABCL → +2 ticks (total 20)
  Tick cache: RCAT → +2 ticks (total 18)
📦 Tick cache saved: 6 symbols → tick_cache/2026-06-29/
[ENGINE_PUB] STATS published=396 dropped=0 clients=2
[TIER] STATUS tier1=[] tier2=0 capacity=0/5
[04:52:00 ET] ACTIVE | flat | daily=$+0 (0t) | conn=OK | ticks=415 | no symbols
[04:52:01 ET] ACTIVE | flat | daily=$+0 (0t) | conn=OK | ticks=415 | no symbols
[TIER] STATUS tier1=[] tier2=0 capacity=0/5
  → ORPHAN IGNORED (sync): FEBO on WB_ORPHAN_HALT_IGNORE_SYMBOLS — NOT adopting; bot keeps trading. Left at broker for manual handling.
  ⚠️ ORPHAN POSITION FOUND: FEBO qty=219 (available=219) entry=$1.12 unrealized=$-45.78 value=$198.78
  → ORPHAN IGNORED: FEBO on WB_ORPHAN_HALT_IGNORE_SYMBOLS — NOT adopting, NOT halting. Bot keeps trading other names; position left at broker for manual handling.
[ENGINE_PUB] STATS published=396 dropped=0 clients=2
[TIER] STATUS tier1=[] tier2=0 capacity=0/5
[04:53:00 ET] ACTIVE | flat | daily=$+0 (0t) | conn=OK | ticks=415 | no symbols
[04:53:01 ET] ACTIVE | flat | daily=$+0 (0t) | conn=OK | ticks=415 | no symbols
[TIER] STATUS tier1=[] tier2=0 capacity=0/5
  → ORPHAN IGNORED (sync): FEBO on WB_ORPHAN_HALT_IGNORE_SYMBOLS — NOT adopting; bot keeps trading. Left at broker for manual handling.
  ⚠️ ORPHAN POSITION FOUND: FEBO qty=219 (available=219) entry=$1.12 unrealized=$-45.78 value=$198.78
  → ORPHAN IGNORED: FEBO on WB_ORPHAN_HALT_IGNORE_SYMBOLS — NOT adopting, NOT halting. Bot keeps trading other names; position left at broker for manual handling.
[ENGINE_PUB] STATS published=396 dropped=0 clients=2
[TIER] STATUS tier1=[] tier2=0 capacity=0/5
[04:54:00 ET] ACTIVE | flat | daily=$+0 (0t) | conn=OK | ticks=415 | no symbols
[04:54:01 ET] ACTIVE | flat | daily=$+0 (0t) | conn=OK | ticks=415 | no symbols
[TIER] STATUS tier1=[] tier2=0 capacity=0/5
  → ORPHAN IGNORED (sync): FEBO on WB_ORPHAN_HALT_IGNORE_SYMBOLS — NOT adopting; bot keeps trading. Left at broker for manual handling.
  ⚠️ ORPHAN POSITION FOUND: FEBO qty=219 (available=219) entry=$1.12 unrealized=$-45.78 value=$198.78
  → ORPHAN IGNORED: FEBO on WB_ORPHAN_HALT_IGNORE_SYMBOLS — NOT adopting, NOT halting. Bot keeps trading other names; position left at broker for manual handling.
[ENGINE_PUB] STATS published=396 dropped=0 clients=2
[TIER] STATUS tier1=[] tier2=0 capacity=0/5
[04:55:00 ET] ACTIVE | flat | daily=$+0 (0t) | conn=OK | ticks=415 | no symbols
[04:55:01 ET] ACTIVE | flat | daily=$+0 (0t) | conn=OK | ticks=415 | no symbols
[TIER] STATUS tier1=[] tier2=0 capacity=0/5
  → ORPHAN IGNORED (sync): FEBO on WB_ORPHAN_HALT_IGNORE_SYMBOLS — NOT adopting; bot keeps trading. Left at broker for manual handling.
  ⚠️ ORPHAN POSITION FOUND: FEBO qty=219 (available=219) entry=$1.12 unrealized=$-45.78 value=$198.78
  → ORPHAN IGNORED: FEBO on WB_ORPHAN_HALT_IGNORE_SYMBOLS — NOT adopting, NOT halting. Bot keeps trading other names; position left at broker for manual handling.

🔄 Running scanner at 04:55:24 ET...
Error 162, reqId 135996: Historical Market Data Service error message:API scanner subscription cancelled: 135996
IBKR ERROR 162: Historical Market Data Service error message:API scanner subscription cancelled: 135996 (reqId=135996, symbol=?)
[04:55 ET] UPC CHART | O=9.32 H=9.32 L=9.32 C=9.32 V=200 | EMA9=none VWAP=9.89 (-5.8%) HOD=10.51 PM_H=10.51 | MACD=N/A vol_ratio=0.0x avg_vol=0 bars=0 | sq=N/A armed=none
[04:55 ET] DCOY CHART | O=16.00 H=16.00 L=16.00 C=16.00 V=200 | EMA9=none VWAP=15.43 (+3.7%) HOD=17.81 PM_H=17.81 | MACD=N/A vol_ratio=0.0x avg_vol=0 bars=0 | sq=N/A armed=none
[04:55 ET] WNW CHART | O=4.03 H=4.03 L=4.03 C=4.03 V=200 | EMA9=none VWAP=3.95 (+2.0%) HOD=4.05 PM_H=4.05 | MACD=N/A vol_ratio=0.0x avg_vol=0 bars=0 | sq=N/A armed=none
  Tick cache: UPC → +2 ticks (total 23)
  Tick cache: DCOY → +2 ticks (total 20)
  Tick cache: WNW → +2 ticks (total 16)
📦 Tick cache saved: 3 symbols → tick_cache/2026-06-29/
[04:55 ET] QH CHART | O=6.51 H=6.51 L=6.51 C=6.51 V=200 | EMA9=none VWAP=6.54 (-0.5%) HOD=6.70 PM_H=6.70 | MACD=N/A vol_ratio=0.0x avg_vol=0 bars=0 | sq=N/A armed=none
[04:55 ET] LRMR CHART | O=4.35 H=4.35 L=4.35 C=4.35 V=2,400 | EMA9=none VWAP=4.21 (+3.3%) HOD=4.35 PM_H=4.35 | MACD=N/A vol_ratio=0.0x avg_vol=0 bars=0 | sq=N/A armed=none
[04:55 ET] AMSS CHART | O=2.30 H=2.30 L=2.30 C=2.30 V=1,800 | EMA9=none VWAP=2.31 (-0.6%) HOD=2.37 PM_H=2.37 | MACD=N/A vol_ratio=0.0x avg_vol=0 bars=0 | sq=N/A armed=none
[ENGINE_PUB] STATS published=408 dropped=0 clients=2
[04:55 ET] WSHP CHART | O=9.28 H=9.28 L=9.28 C=9.28 V=100 | EMA9=none VWAP=9.00 (+3.1%) HOD=9.36 PM_H=9.36 | MACD=N/A vol_ratio=0.0x avg_vol=0 bars=0 | sq=N/A armed=none
[04:55 ET] CCXI CHART | O=15.60 H=15.60 L=15.60 C=15.60 V=1,600 | EMA9=none VWAP=15.87 (-1.7%) HOD=16.49 PM_H=16.49 | MACD=N/A vol_ratio=0.0x avg_vol=0 bars=0 | sq=N/A armed=none
[04:55 ET] CBRG CHART | O=4.45 H=4.45 L=4.45 C=4.45 V=200 | EMA9=none VWAP=4.37 (+1.8%) HOD=4.48 PM_H=4.48 | MACD=N/A vol_ratio=0.0x avg_vol=0 bars=0 | sq=N/A armed=none
[04:55 ET] RDWU CHART | O=8.72 H=8.72 L=8.72 C=8.72 V=400 | EMA9=none VWAP=8.65 (+0.9%) HOD=8.72 PM_H=8.72 | MACD=N/A vol_ratio=0.0x avg_vol=0 bars=0 | sq=N/A armed=none
[04:55 ET] ASTX CHART | O=20.00 H=20.00 L=20.00 C=20.00 V=400 | EMA9=none VWAP=19.80 (+1.0%) HOD=20.00 PM_H=20.00 | MACD=N/A vol_ratio=0.0x avg_vol=0 bars=0 | sq=N/A armed=none
[04:55 ET] STI CHART | O=15.50 H=15.50 L=15.50 C=15.50 V=600 | EMA9=none VWAP=15.23 (+1.8%) HOD=16.37 PM_H=16.37 | MACD=N/A vol_ratio=0.0x avg_vol=0 bars=0 | sq=N/A armed=none
[04:55 ET] RZLV CHART | O=2.54 H=2.54 L=2.54 C=2.54 V=200 | EMA9=none VWAP=2.55 (-0.4%) HOD=2.57 PM_H=2.57 | MACD=N/A vol_ratio=0.0x avg_vol=0 bars=0 | sq=N/A armed=none
  Tick cache: QH → +2 ticks (total 6)
  Tick cache: LRMR → +2 ticks (total 22)
  Tick cache: AMSS → +2 ticks (total 14)
  Tick cache: WSHP → +1 ticks (total 13)
  Tick cache: CCXI → +2 ticks (total 22)
  Tick cache: CBRG → +2 ticks (total 23)
  Tick cache: RDWU → +2 ticks (total 23)
  Tick cache: ASTX → +2 ticks (total 22)
  Tick cache: STI → +2 ticks (total 6)
  Tick cache: RZLV → +2 ticks (total 4)
  Tick cache: SLS → +2 ticks (total 21)
📦 Tick cache saved: 11 symbols → tick_cache/2026-06-29/
  Saved: /Users/duffy/warrior_bot_v2/scanner_results/2026-06-29.json (11 snapshots)
📊 Scanner: 0 new candidates, 0 new subs, 0 total watching
[TIER] STATUS tier1=[] tier2=0 capacity=0/5
  → ORPHAN IGNORED (sync): FEBO on WB_ORPHAN_HALT_IGNORE_SYMBOLS — NOT adopting; bot keeps trading. Left at broker for manual handling.
  ⚠️ ORPHAN POSITION FOUND: FEBO qty=219 (available=219) entry=$1.12 unrealized=$-45.78 value=$198.78
  → ORPHAN IGNORED: FEBO on WB_ORPHAN_HALT_IGNORE_SYMBOLS — NOT adopting, NOT halting. Bot keeps trading other names; position left at broker for manual handling.
  Tick cache: ORCU → +2 ticks (total 10)
  Tick cache: IRE → +1 ticks (total 22)
  Tick cache: MBRX → +2 ticks (total 20)
  Tick cache: NUWE → +2 ticks (total 18)
  Tick cache: USGG → +1 ticks (total 7)
  Tick cache: SATL → +2 ticks (total 10)
📦 Tick cache saved: 6 symbols → tick_cache/2026-06-29/
[ENGINE_PUB] STATS published=433 dropped=0 clients=2
[TIER] STATUS tier1=[] tier2=0 capacity=0/5
[04:57:00 ET] ACTIVE | flat | daily=$+0 (0t) | conn=OK | ticks=454 | no symbols
[04:57:01 ET] ACTIVE | flat | daily=$+0 (0t) | conn=OK | ticks=454 | no symbols
[TIER] STATUS tier1=[] tier2=0 capacity=0/5
  → ORPHAN IGNORED (sync): FEBO on WB_ORPHAN_HALT_IGNORE_SYMBOLS — NOT adopting; bot keeps trading. Left at broker for manual handling.
  ⚠️ ORPHAN POSITION FOUND: FEBO qty=219 (available=219) entry=$1.12 unrealized=$-45.78 value=$198.78
  → ORPHAN IGNORED: FEBO on WB_ORPHAN_HALT_IGNORE_SYMBOLS — NOT adopting, NOT halting. Bot keeps trading other names; position left at broker for manual handling.
[ENGINE_PUB] STATS published=433 dropped=0 clients=2
[TIER] STATUS tier1=[] tier2=0 capacity=0/5
[04:58:00 ET] ACTIVE | flat | daily=$+0 (0t) | conn=OK | ticks=454 | no symbols
[04:58:01 ET] ACTIVE | flat | daily=$+0 (0t) | conn=OK | ticks=454 | no symbols
[TIER] STATUS tier1=[] tier2=0 capacity=0/5
  → ORPHAN IGNORED (sync): FEBO on WB_ORPHAN_HALT_IGNORE_SYMBOLS — NOT adopting; bot keeps trading. Left at broker for manual handling.
  ⚠️ ORPHAN POSITION FOUND: FEBO qty=219 (available=219) entry=$1.12 unrealized=$-45.78 value=$198.78
  → ORPHAN IGNORED: FEBO on WB_ORPHAN_HALT_IGNORE_SYMBOLS — NOT adopting, NOT halting. Bot keeps trading other names; position left at broker for manual handling.
[ENGINE_PUB] STATS published=433 dropped=0 clients=2
[TIER] STATUS tier1=[] tier2=0 capacity=0/5
[04:59:00 ET] ACTIVE | flat | daily=$+0 (0t) | conn=OK | ticks=454 | no symbols
[04:59:01 ET] ACTIVE | flat | daily=$+0 (0t) | conn=OK | ticks=454 | no symbols
[TIER] STATUS tier1=[] tier2=0 capacity=0/5
  → ORPHAN IGNORED (sync): FEBO on WB_ORPHAN_HALT_IGNORE_SYMBOLS — NOT adopting; bot keeps trading. Left at broker for manual handling.
  ⚠️ ORPHAN POSITION FOUND: FEBO qty=219 (available=219) entry=$1.12 unrealized=$-45.78 value=$198.78
  → ORPHAN IGNORED: FEBO on WB_ORPHAN_HALT_IGNORE_SYMBOLS — NOT adopting, NOT halting. Bot keeps trading other names; position left at broker for manual handling.
[ENGINE_PUB] STATS published=433 dropped=0 clients=2
[TIER] STATUS tier1=[] tier2=0 capacity=0/5
[05:00:00 ET] ACTIVE | flat | daily=$+0 (0t) | conn=OK | ticks=454 | no symbols
[05:00:01 ET] ACTIVE | flat | daily=$+0 (0t) | conn=OK | ticks=454 | no symbols
[TIER] STATUS tier1=[] tier2=0 capacity=0/5
  → ORPHAN IGNORED (sync): FEBO on WB_ORPHAN_HALT_IGNORE_SYMBOLS — NOT adopting; bot keeps trading. Left at broker for manual handling.

🔄 Running scanner at 05:00:25 ET...
Error 162, reqId 136077: Historical Market Data Service error message:API scanner subscription cancelled: 136077
  [float_cache] Cleared 2 stale None entries — will re-attempt lookups
IBKR ERROR 162: Historical Market Data Service error message:API scanner subscription cancelled: 136077 (reqId=136077, symbol=?)
[05:00 ET] UPC CHART | O=9.38 H=9.38 L=9.38 C=9.38 V=200 | EMA9=none VWAP=9.86 (-4.9%) HOD=10.51 PM_H=10.51 | MACD=N/A vol_ratio=0.0x avg_vol=0 bars=0 | sq=N/A armed=none
[05:00 ET] DCOY CHART | O=16.12 H=16.12 L=16.12 C=16.12 V=200 | EMA9=none VWAP=15.44 (+4.4%) HOD=17.81 PM_H=17.81 | MACD=N/A vol_ratio=0.0x avg_vol=0 bars=0 | sq=N/A armed=none
[05:00 ET] WNW CHART | O=4.01 H=4.01 L=4.01 C=4.01 V=200 | EMA9=none VWAP=3.95 (+1.4%) HOD=4.05 PM_H=4.05 | MACD=N/A vol_ratio=0.0x avg_vol=0 bars=0 | sq=N/A armed=none
  Tick cache: UPC → +2 ticks (total 25)
  Tick cache: DCOY → +2 ticks (total 22)
  Tick cache: WNW → +2 ticks (total 18)
📦 Tick cache saved: 3 symbols → tick_cache/2026-06-29/
[05:00 ET] WSHP CHART | O=9.24 H=9.24 L=9.24 C=9.24 V=100 | EMA9=none VWAP=9.02 (+2.5%) HOD=9.36 PM_H=9.36 | MACD=N/A vol_ratio=0.0x avg_vol=0 bars=0 | sq=N/A armed=none
[05:00 ET] AMSS CHART | O=2.37 H=2.37 L=2.37 C=2.37 V=400 | EMA9=none VWAP=2.32 (+2.2%) HOD=2.37 PM_H=2.37 | MACD=N/A vol_ratio=0.0x avg_vol=0 bars=0 | sq=N/A armed=none
[05:00 ET] CCXI CHART | O=15.55 H=15.55 L=15.55 C=15.55 V=400 | EMA9=none VWAP=15.85 (-1.9%) HOD=16.49 PM_H=16.49 | MACD=N/A vol_ratio=0.0x avg_vol=0 bars=0 | sq=N/A armed=none
[05:00 ET] LRMR CHART | O=4.30 H=4.30 L=4.30 C=4.30 V=200 | EMA9=none VWAP=4.21 (+2.1%) HOD=4.35 PM_H=4.35 | MACD=N/A vol_ratio=0.0x avg_vol=0 bars=0 | sq=N/A armed=none
[ENGINE_PUB] STATS published=446 dropped=0 clients=2
[05:00 ET] QH CHART | O=6.70 H=6.70 L=6.70 C=6.70 V=200 | EMA9=none VWAP=6.48 (+3.4%) HOD=6.70 PM_H=6.70 | MACD=N/A vol_ratio=0.0x avg_vol=0 bars=0 | sq=N/A armed=none
[05:00 ET] CBRG CHART | O=4.43 H=4.43 L=4.43 C=4.43 V=400 | EMA9=none VWAP=4.38 (+1.2%) HOD=4.48 PM_H=4.48 | MACD=N/A vol_ratio=0.0x avg_vol=0 bars=0 | sq=N/A armed=none
[05:00 ET] STI CHART | O=13.27 H=13.27 L=13.27 C=13.27 V=400 | EMA9=none VWAP=14.82 (-10.4%) HOD=16.37 PM_H=16.37 | MACD=N/A vol_ratio=0.0x avg_vol=0 bars=0 | sq=N/A armed=none
[05:00 ET] RDWU CHART | O=8.69 H=8.69 L=8.69 C=8.69 V=400 | EMA9=none VWAP=8.65 (+0.5%) HOD=8.72 PM_H=8.72 | MACD=N/A vol_ratio=0.0x avg_vol=0 bars=0 | sq=N/A armed=none
[05:00 ET] SLS CHART | O=13.15 H=13.15 L=13.15 C=13.15 V=800 | EMA9=none VWAP=13.12 (+0.2%) HOD=13.24 PM_H=13.24 | MACD=N/A vol_ratio=0.0x avg_vol=0 bars=0 | sq=N/A armed=none
[05:00 ET] ASTX CHART | O=19.84 H=19.84 L=19.84 C=19.84 V=200 | EMA9=none VWAP=19.80 (+0.2%) HOD=20.00 PM_H=20.00 | MACD=N/A vol_ratio=0.0x avg_vol=0 bars=0 | sq=N/A armed=none
  Tick cache: WSHP → +1 ticks (total 14)
  Tick cache: AMSS → +2 ticks (total 16)
  Tick cache: CCXI → +2 ticks (total 24)
  Tick cache: LRMR → +2 ticks (total 24)
  Tick cache: QH → +2 ticks (total 8)
  Tick cache: CBRG → +2 ticks (total 25)
  Tick cache: STI → +2 ticks (total 8)
  Tick cache: RDWU → +2 ticks (total 25)
  Tick cache: SLS → +2 ticks (total 23)
  Tick cache: ASTX → +2 ticks (total 24)
  Tick cache: NUWE → +2 ticks (total 20)
📦 Tick cache saved: 11 symbols → tick_cache/2026-06-29/
  Scanner: DCOY NEW (not in previous scan)
  Saved: /Users/duffy/warrior_bot_v2/scanner_results/2026-06-29.json (12 snapshots)
  Tick cache: RZLV → +2 ticks (total 6)
  Tick cache: MBRX → +2 ticks (total 22)
  Tick cache: ORCU → +2 ticks (total 12)
  Tick cache: IRE → +1 ticks (total 23)
  Tick cache: ABCL → +2 ticks (total 22)
  Tick cache: SMCX → +2 ticks (total 10)
  Tick cache: DCOY → +59 ticks (total 81)
📦 Tick cache saved: 7 symbols → tick_cache/2026-06-29/
[ENGINE_PUB] STATS published=584 dropped=0 clients=2
  Tick cache: DCOY → +222 ticks (total 303)
📦 Tick cache saved: 1 symbols → tick_cache/2026-06-29/
  Tick cache: DCOY → +166 ticks (total 469)
📦 Tick cache saved: 1 symbols → tick_cache/2026-06-29/
[05:02 ET] DCOY SQ | SQ_REJECT: not_new_hod (bar_high=$14.0000 < HOD=$16.2700)
[05:02 ET] DCOY SQ | SQ_REJECT: not_new_hod (bar_high=$15.5000 < HOD=$16.2700)
[05:02 ET] DCOY SQ | SQ_REJECT: not_new_hod (bar_high=$14.5000 < HOD=$16.2700)
[05:02 ET] DCOY SQ | SQ_REJECT: not_new_hod (bar_high=$13.4600 < HOD=$16.2700)
🔥 Seeded DCOY: 50991 ticks → 27 bars, EMA=12.6121 (1888 ticks/bar avg)
✅ Subscribed: DCOY
📊 Scanner: 1 new candidates, 1 new subs, 1 total watching
  TICK AUDIT: DCOY: 0 ticks in last 60s, last_price=$15.87, last_tick_time=05:02:42
⚠️ TICK DROUGHT: DCOY — 0 ticks in last audit period. Queued for resubscription (attempt 1/3)...
  [ath_cache] DCOY: 422 data_end_after_available_end
The dataset DBEQ.BASIC has data available up to '2026-06-27 00:00:0
[ENGINE_PUB] STATS published=953 dropped=0 clients=2
  Resubscribed DCOY (inline)
  → ORPHAN IGNORED (sync): FEBO on WB_ORPHAN_HALT_IGNORE_SYMBOLS — NOT adopting; bot keeps trading. Left at broker for manual handling.
  ⚠️ ORPHAN POSITION FOUND: FEBO qty=219 (available=219) entry=$1.12 unrealized=$-45.78 value=$198.78
  → ORPHAN IGNORED: FEBO on WB_ORPHAN_HALT_IGNORE_SYMBOLS — NOT adopting, NOT halting. Bot keeps trading other names; position left at broker for manual handling.
[TIER] PROMOTE DCOY reason=wave_observing capacity=1/5
[TIER] STATUS tier1=['DCOY'] tier2=0 capacity=1/5
SUBSCRIPTION_AUDIT {"ts":"2026-06-29T05:00:25.453005-04:00","sym":"DCOY","tier":"tick_by_tick","obs_v_5m":227516,"median_v_5m":227516,"ratio_obs_to_median":1.0,"truth_v_5m":null,"ratio_obs_to_truth":null,"status":"OK","sub_age_sec":0,"contract_exchange":"SMART","contract_primary":"NASDAQ"}
SUBSCRIPTION_AUDIT {"ts":"2026-06-29T05:00:25.453005-04:00","sym":"DCOY","tier":"tick_by_tick","obs_v_5m":227516,"median_v_5m":227516,"ratio_obs_to_median":1.0,"truth_v_5m":53966,"ratio_obs_to_truth":4.2159,"status":"DIRECT_QUERY_OK","sub_age_sec":0,"contract_exchange":"SMART","contract_primary":"NASDAQ"}
  ⚠️ ORPHAN POSITION FOUND: FEBO qty=219 (available=219) entry=$1.12 unrealized=$-45.78 value=$198.78
  → ORPHAN IGNORED: FEBO on WB_ORPHAN_HALT_IGNORE_SYMBOLS — NOT adopting, NOT halting. Bot keeps trading other names; position left at broker for manual handling.
SUBSCRIPTION_AUDIT {"ts":"2026-06-29T05:02:46.196609-04:00","sym":"DCOY","tier":"tick_by_tick","obs_v_5m":251770,"median_v_5m":251770,"ratio_obs_to_median":1.0,"truth_v_5m":null,"ratio_obs_to_truth":null,"status":"OK","sub_age_sec":140,"contract_exchange":"SMART","contract_primary":"NASDAQ"}
[05:03:00 ET] ACTIVE | flat | daily=$+0 (0t) | conn=OK | ticks=831 | DCOY:359t/IDLE
[05:03:01 ET] ACTIVE | flat | daily=$+0 (0t) | conn=OK | ticks=853 | DCOY:381t/IDLE
  Tick cache: DCOY → +51,435 ticks (total 51,904)
📦 Tick cache saved: 1 symbols → tick_cache/2026-06-29/
[TIER] STATUS tier1=['DCOY'] tier2=0 capacity=1/5
  Tick cache: DCOY → +1,526 ticks (total 53,430)
📦 Tick cache saved: 1 symbols → tick_cache/2026-06-29/
  TICK AUDIT: DCOY: 2753 ticks in last 60s, last_price=$16.25, last_tick_time=05:03:43
[ENGINE_PUB] STATS published=3,836 dropped=0 clients=2
  → ORPHAN IGNORED (sync): FEBO on WB_ORPHAN_HALT_IGNORE_SYMBOLS — NOT adopting; bot keeps trading. Left at broker for manual handling.
[TIER] STATUS tier1=['DCOY'] tier2=0 capacity=1/5
  ⚠️ ORPHAN POSITION FOUND: FEBO qty=219 (available=219) entry=$1.12 unrealized=$-45.78 value=$198.78
  → ORPHAN IGNORED: FEBO on WB_ORPHAN_HALT_IGNORE_SYMBOLS — NOT adopting, NOT halting. Bot keeps trading other names; position left at broker for manual handling.
SUBSCRIPTION_AUDIT {"ts":"2026-06-29T05:03:46.415943-04:00","sym":"DCOY","tier":"tick_by_tick","obs_v_5m":218997,"median_v_5m":218997,"ratio_obs_to_median":1.0,"truth_v_5m":null,"ratio_obs_to_truth":null,"status":"OK","sub_age_sec":200,"contract_exchange":"SMART","contract_primary":"NASDAQ"}
[05:04:00 ET] ACTIVE | flat | daily=$+0 (0t) | conn=OK | ticks=1101 | DCOY:629t/IDLE
[05:04:01 ET] ACTIVE | flat | daily=$+0 (0t) | conn=OK | ticks=1196 | DCOY:724t/IDLE
  Tick cache: DCOY → +1,696 ticks (total 55,126)
📦 Tick cache saved: 1 symbols → tick_cache/2026-06-29/
[TIER] STATUS tier1=['DCOY'] tier2=0 capacity=1/5
  Tick cache: DCOY → +874 ticks (total 56,000)
📦 Tick cache saved: 1 symbols → tick_cache/2026-06-29/
  TICK AUDIT: DCOY: 1922 ticks in last 60s, last_price=$16.14, last_tick_time=05:04:43
  → ORPHAN IGNORED (sync): FEBO on WB_ORPHAN_HALT_IGNORE_SYMBOLS — NOT adopting; bot keeps trading. Left at broker for manual handling.
[TIER] STATUS tier1=['DCOY'] tier2=0 capacity=1/5
[ENGINE_PUB] STATS published=5,644 dropped=0 clients=2
  ⚠️ ORPHAN POSITION FOUND: FEBO qty=219 (available=219) entry=$1.12 unrealized=$-45.78 value=$198.78
  → ORPHAN IGNORED: FEBO on WB_ORPHAN_HALT_IGNORE_SYMBOLS — NOT adopting, NOT halting. Bot keeps trading other names; position left at broker for manual handling.
SUBSCRIPTION_AUDIT {"ts":"2026-06-29T05:04:46.634958-04:00","sym":"DCOY","tier":"tick_by_tick","obs_v_5m":184785,"median_v_5m":184785,"ratio_obs_to_median":1.0,"truth_v_5m":null,"ratio_obs_to_truth":null,"status":"OK","sub_age_sec":261,"contract_exchange":"SMART","contract_primary":"NASDAQ"}
[05:05 ET] DCOY CHART | O=16.35 H=16.53 L=16.04 C=16.26 V=24,163 | EMA9=14.07 VWAP=12.89 (+26.1%) HOD=17.81 PM_H=17.81 | MACD=N/A vol_ratio=0.8x avg_vol=29,848 bars=30 | sq=IDLE armed=none
[05:05:00 ET] ACTIVE | flat | daily=$+0 (0t) | conn=OK | ticks=784 | DCOY:312t/IDLE
[05:05:01 ET] ACTIVE | flat | daily=$+0 (0t) | conn=OK | ticks=788 | DCOY:316t/IDLE
  Tick cache: DCOY → +673 ticks (total 56,673)
📦 Tick cache saved: 1 symbols → tick_cache/2026-06-29/
[TIER] STATUS tier1=['DCOY'] tier2=0 capacity=1/5

🔄 Running scanner at 05:05:25 ET...
Error 162, reqId 136212: Historical Market Data Service error message:API scanner subscription cancelled: 136212
IBKR ERROR 162: Historical Market Data Service error message:API scanner subscription cancelled: 136212 (reqId=136212, symbol=?)
[05:05 ET] UPC CHART | O=9.14 H=9.14 L=9.14 C=9.14 V=200 | EMA9=none VWAP=9.83 (-7.0%) HOD=10.51 PM_H=10.51 | MACD=N/A vol_ratio=0.0x avg_vol=0 bars=0 | sq=N/A armed=none
[05:05 ET] WNW CHART | O=3.92 H=3.92 L=3.92 C=3.92 V=200 | EMA9=none VWAP=3.95 (-0.9%) HOD=4.05 PM_H=4.05 | MACD=N/A vol_ratio=0.0x avg_vol=0 bars=0 | sq=N/A armed=none
[05:05 ET] AMSS CHART | O=2.34 H=2.34 L=2.34 C=2.34 V=400 | EMA9=none VWAP=2.32 (+0.8%) HOD=2.37 PM_H=2.37 | MACD=N/A vol_ratio=0.0x avg_vol=0 bars=0 | sq=N/A armed=none
[05:05 ET] WSHP CHART | O=9.19 H=9.19 L=9.19 C=9.19 V=200 | EMA9=none VWAP=9.02 (+1.9%) HOD=9.36 PM_H=9.36 | MACD=N/A vol_ratio=0.0x avg_vol=0 bars=0 | sq=N/A armed=none
  Tick cache: DCOY → +1,862 ticks (total 58,535)
  Tick cache: UPC → +3 ticks (total 28)
  Tick cache: WNW → +2 ticks (total 20)
  Tick cache: AMSS → +2 ticks (total 18)
  Tick cache: WSHP → +1 ticks (total 15)
📦 Tick cache saved: 5 symbols → tick_cache/2026-06-29/
[05:05 ET] CCXI CHART | O=15.66 H=15.66 L=15.66 C=15.66 V=800 | EMA9=none VWAP=15.85 (-1.2%) HOD=16.49 PM_H=16.49 | MACD=N/A vol_ratio=0.0x avg_vol=0 bars=0 | sq=N/A armed=none
[05:05 ET] LRMR CHART | O=4.16 H=4.16 L=4.16 C=4.16 V=600 | EMA9=none VWAP=4.21 (-1.2%) HOD=4.35 PM_H=4.35 | MACD=N/A vol_ratio=0.0x avg_vol=0 bars=0 | sq=N/A armed=none
[ENGINE_PUB] STATS published=8,115 dropped=0 clients=2
[05:05 ET] QH CHART | O=6.21 H=6.21 L=6.21 C=6.21 V=400 | EMA9=none VWAP=6.40 (-3.0%) HOD=6.70 PM_H=6.70 | MACD=N/A vol_ratio=0.0x avg_vol=0 bars=0 | sq=N/A armed=none
[05:05 ET] STI CHART | O=13.79 H=13.79 L=13.79 C=13.79 V=200 | EMA9=none VWAP=14.67 (-6.0%) HOD=16.37 PM_H=16.37 | MACD=N/A vol_ratio=0.0x avg_vol=0 bars=0 | sq=N/A armed=none
[05:05 ET] CBRG CHART | O=4.44 H=4.44 L=4.44 C=4.44 V=1,200 | EMA9=none VWAP=4.38 (+1.3%) HOD=4.48 PM_H=4.48 | MACD=N/A vol_ratio=0.0x avg_vol=0 bars=0 | sq=N/A armed=none
[05:05 ET] RDWU CHART | O=8.64 H=8.64 L=8.64 C=8.64 V=200 | EMA9=none VWAP=8.65 (-0.1%) HOD=8.72 PM_H=8.72 | MACD=N/A vol_ratio=0.0x avg_vol=0 bars=0 | sq=N/A armed=none
  Tick cache: DCOY → +940 ticks (total 59,475)
  Tick cache: CCXI → +1 ticks (total 25)
  Tick cache: LRMR → +2 ticks (total 26)
  Tick cache: QH → +1 ticks (total 9)
  Tick cache: STI → +3 ticks (total 11)
  Tick cache: CBRG → +3 ticks (total 28)
  Tick cache: LWLG → +2 ticks (total 2)
  Tick cache: RDWU → +3 ticks (total 28)
  Tick cache: ASTX → +2 ticks (total 26)
  Tick cache: SLS → +1 ticks (total 24)
  Tick cache: VIVO → +2 ticks (total 16)
  Tick cache: NUWE → +2 ticks (total 22)
📦 Tick cache saved: 12 symbols → tick_cache/2026-06-29/
  Saved: /Users/duffy/warrior_bot_v2/scanner_results/2026-06-29.json (13 snapshots)
📊 Scanner: 1 new candidates, 0 new subs, 1 total watching
  TICK AUDIT: DCOY: 3478 ticks in last 60s, last_price=$15.11, last_tick_time=05:06:21
  → ORPHAN IGNORED (sync): FEBO on WB_ORPHAN_HALT_IGNORE_SYMBOLS — NOT adopting; bot keeps trading. Left at broker for manual handling.
[TIER] STATUS tier1=['DCOY'] tier2=0 capacity=1/5
SUBSCRIPTION_AUDIT {"ts":"2026-06-29T05:05:25.781927-04:00","sym":"DCOY","tier":"tick_by_tick","obs_v_5m":184785,"median_v_5m":190778,"ratio_obs_to_median":0.9686,"truth_v_5m":79725,"ratio_obs_to_truth":2.3178,"status":"DIRECT_QUERY_OK","sub_age_sec":300,"contract_exchange":"SMART","contract_primary":"NASDAQ"}
  ⚠️ ORPHAN POSITION FOUND: FEBO qty=219 (available=219) entry=$1.12 unrealized=$-45.78 value=$198.78
  → ORPHAN IGNORED: FEBO on WB_ORPHAN_HALT_IGNORE_SYMBOLS — NOT adopting, NOT halting. Bot keeps trading other names; position left at broker for manual handling.
SUBSCRIPTION_AUDIT {"ts":"2026-06-29T05:06:23.016097-04:00","sym":"DCOY","tier":"tick_by_tick","obs_v_5m":190778,"median_v_5m":190778,"ratio_obs_to_median":1.0,"truth_v_5m":null,"ratio_obs_to_truth":null,"status":"OK","sub_age_sec":357,"contract_exchange":"SMART","contract_primary":"NASDAQ"}
  Tick cache: DCOY → +773 ticks (total 60,248)
  Tick cache: ORCU → +3 ticks (total 15)
  Tick cache: MBRX → +3 ticks (total 25)
  Tick cache: RZLV → +1 ticks (total 7)
  Tick cache: IRE → +1 ticks (total 24)
📦 Tick cache saved: 5 symbols → tick_cache/2026-06-29/
[ENGINE_PUB] STATS published=9,827 dropped=0 clients=2
[TIER] STATUS tier1=['DCOY'] tier2=0 capacity=1/5
[05:07:00 ET] ACTIVE | flat | daily=$+0 (0t) | conn=OK | ticks=1407 | DCOY:894t/IDLE
[05:07:01 ET] ACTIVE | flat | daily=$+0 (0t) | conn=OK | ticks=1437 | DCOY:924t/IDLE
  Tick cache: DCOY → +591 ticks (total 60,839)
📦 Tick cache saved: 1 symbols → tick_cache/2026-06-29/
  TICK AUDIT: DCOY: 1475 ticks in last 60s, last_price=$14.99, last_tick_time=05:07:21
  → ORPHAN IGNORED (sync): FEBO on WB_ORPHAN_HALT_IGNORE_SYMBOLS — NOT adopting; bot keeps trading. Left at broker for manual handling.
[TIER] STATUS tier1=['DCOY'] tier2=0 capacity=1/5
  ⚠️ ORPHAN POSITION FOUND: FEBO qty=219 (available=219) entry=$1.12 unrealized=$-45.78 value=$198.78
  → ORPHAN IGNORED: FEBO on WB_ORPHAN_HALT_IGNORE_SYMBOLS — NOT adopting, NOT halting. Bot keeps trading other names; position left at broker for manual handling.
SUBSCRIPTION_AUDIT {"ts":"2026-06-29T05:07:23.229277-04:00","sym":"DCOY","tier":"tick_by_tick","obs_v_5m":156857,"median_v_5m":156857,"ratio_obs_to_median":1.0,"truth_v_5m":null,"ratio_obs_to_truth":null,"status":"OK","sub_age_sec":417,"contract_exchange":"SMART","contract_primary":"NASDAQ"}
  Tick cache: DCOY → +646 ticks (total 61,485)
📦 Tick cache saved: 1 symbols → tick_cache/2026-06-29/
[ENGINE_PUB] STATS published=11,047 dropped=0 clients=2
[TIER] STATUS tier1=['DCOY'] tier2=0 capacity=1/5
[05:08:00 ET] ACTIVE | flat | daily=$+0 (0t) | conn=OK | ticks=1088 | DCOY:575t/IDLE
[05:08:01 ET] ACTIVE | flat | daily=$+0 (0t) | conn=OK | ticks=1141 | DCOY:628t/IDLE
  Tick cache: DCOY → +376 ticks (total 61,861)
📦 Tick cache saved: 1 symbols → tick_cache/2026-06-29/
  TICK AUDIT: DCOY: 902 ticks in last 60s, last_price=$14.77, last_tick_time=05:08:22
  → ORPHAN IGNORED (sync): FEBO on WB_ORPHAN_HALT_IGNORE_SYMBOLS — NOT adopting; bot keeps trading. Left at broker for manual handling.
[TIER] STATUS tier1=['DCOY'] tier2=0 capacity=1/5
  ⚠️ ORPHAN POSITION FOUND: FEBO qty=219 (available=219) entry=$1.12 unrealized=$-45.78 value=$198.78
  → ORPHAN IGNORED: FEBO on WB_ORPHAN_HALT_IGNORE_SYMBOLS — NOT adopting, NOT halting. Bot keeps trading other names; position left at broker for manual handling.
SUBSCRIPTION_AUDIT {"ts":"2026-06-29T05:08:23.446972-04:00","sym":"DCOY","tier":"tick_by_tick","obs_v_5m":174405,"median_v_5m":174405,"ratio_obs_to_median":1.0,"truth_v_5m":null,"ratio_obs_to_truth":null,"status":"OK","sub_age_sec":477,"contract_exchange":"SMART","contract_primary":"NASDAQ"}
  Tick cache: DCOY → +709 ticks (total 62,570)
📦 Tick cache saved: 1 symbols → tick_cache/2026-06-29/
[ENGINE_PUB] STATS published=12,121 dropped=0 clients=2
[TIER] STATUS tier1=['DCOY'] tier2=0 capacity=1/5
[05:09:00 ET] ACTIVE | flat | daily=$+0 (0t) | conn=OK | ticks=1252 | DCOY:739t/IDLE
[05:09:01 ET] ACTIVE | flat | daily=$+0 (0t) | conn=OK | ticks=1265 | DCOY:752t/IDLE
  Tick cache: DCOY → +281 ticks (total 62,851)
📦 Tick cache saved: 1 symbols → tick_cache/2026-06-29/
  TICK AUDIT: DCOY: 906 ticks in last 60s, last_price=$14.91, last_tick_time=05:09:21
  → ORPHAN IGNORED (sync): FEBO on WB_ORPHAN_HALT_IGNORE_SYMBOLS — NOT adopting; bot keeps trading. Left at broker for manual handling.
[TIER] STATUS tier1=['DCOY'] tier2=0 capacity=1/5
  ⚠️ ORPHAN POSITION FOUND: FEBO qty=219 (available=219) entry=$1.12 unrealized=$-45.78 value=$198.78
  → ORPHAN IGNORED: FEBO on WB_ORPHAN_HALT_IGNORE_SYMBOLS — NOT adopting, NOT halting. Bot keeps trading other names; position left at broker for manual handling.
SUBSCRIPTION_AUDIT {"ts":"2026-06-29T05:09:23.667596-04:00","sym":"DCOY","tier":"tick_by_tick","obs_v_5m":134252,"median_v_5m":134252,"ratio_obs_to_median":1.0,"truth_v_5m":null,"ratio_obs_to_truth":null,"status":"OK","sub_age_sec":538,"contract_exchange":"SMART","contract_primary":"NASDAQ"}
  Tick cache: DCOY → +318 ticks (total 63,169)
📦 Tick cache saved: 1 symbols → tick_cache/2026-06-29/
[ENGINE_PUB] STATS published=12,678 dropped=0 clients=2
[TIER] STATUS tier1=['DCOY'] tier2=0 capacity=1/5
[05:10 ET] DCOY CHART | O=14.85 H=15.10 L=14.81 C=15.06 V=8,807 | EMA9=14.76 VWAP=13.10 (+14.9%) HOD=17.81 PM_H=17.81 | MACD=N/A vol_ratio=0.3x avg_vol=30,589 bars=35 | sq=IDLE armed=none
[05:10:00 ET] ACTIVE | flat | daily=$+0 (0t) | conn=OK | ticks=886 | DCOY:373t/IDLE
[05:10:01 ET] ACTIVE | flat | daily=$+0 (0t) | conn=OK | ticks=920 | DCOY:407t/IDLE
  Tick cache: DCOY → +567 ticks (total 63,736)
📦 Tick cache saved: 1 symbols → tick_cache/2026-06-29/
  TICK AUDIT: DCOY: 856 ticks in last 60s, last_price=$14.88, last_tick_time=05:10:22
  → ORPHAN IGNORED (sync): FEBO on WB_ORPHAN_HALT_IGNORE_SYMBOLS — NOT adopting; bot keeps trading. Left at broker for manual handling.
[TIER] STATUS tier1=['DCOY'] tier2=0 capacity=1/5
  ⚠️ ORPHAN POSITION FOUND: FEBO qty=219 (available=219) entry=$1.12 unrealized=$-45.78 value=$198.78
  → ORPHAN IGNORED: FEBO on WB_ORPHAN_HALT_IGNORE_SYMBOLS — NOT adopting, NOT halting. Bot keeps trading other names; position left at broker for manual handling.
SUBSCRIPTION_AUDIT {"ts":"2026-06-29T05:10:23.889202-04:00","sym":"DCOY","tier":"tick_by_tick","obs_v_5m":118896,"median_v_5m":118896,"ratio_obs_to_median":1.0,"truth_v_5m":null,"ratio_obs_to_truth":null,"status":"OK","sub_age_sec":598,"contract_exchange":"SMART","contract_primary":"NASDAQ"}

🔄 Running scanner at 05:10:25 ET...
Error 162, reqId 136294: Historical Market Data Service error message:API scanner subscription cancelled: 136294
  [float_cache] Cleared 12 stale None entries — will re-attempt lookups
IBKR ERROR 162: Historical Market Data Service error message:API scanner subscription cancelled: 136294 (reqId=136294, symbol=?)
[05:10 ET] UPC CHART | O=9.07 H=9.07 L=9.07 C=9.07 V=300 | EMA9=none VWAP=9.79 (-7.3%) HOD=10.51 PM_H=10.51 | MACD=N/A vol_ratio=0.0x avg_vol=0 bars=0 | sq=N/A armed=none
[05:10 ET] WNW CHART | O=4.00 H=4.00 L=4.00 C=4.00 V=200 | EMA9=none VWAP=3.96 (+1.0%) HOD=4.05 PM_H=4.05 | MACD=N/A vol_ratio=0.0x avg_vol=0 bars=0 | sq=N/A armed=none
[05:10 ET] QH CHART | O=6.19 H=6.19 L=6.19 C=6.19 V=100 | EMA9=none VWAP=6.43 (-3.7%) HOD=6.70 PM_H=6.70 | MACD=N/A vol_ratio=0.0x avg_vol=0 bars=0 | sq=N/A armed=none
[05:10 ET] AMSS CHART | O=2.34 H=2.34 L=2.34 C=2.34 V=400 | EMA9=none VWAP=2.32 (+0.8%) HOD=2.37 PM_H=2.37 | MACD=N/A vol_ratio=0.0x avg_vol=0 bars=0 | sq=N/A armed=none
[05:10 ET] CCXI CHART | O=15.76 H=15.76 L=15.76 C=15.76 V=100 | EMA9=none VWAP=15.85 (-0.5%) HOD=16.49 PM_H=16.49 | MACD=N/A vol_ratio=0.0x avg_vol=0 bars=0 | sq=N/A armed=none
[05:10 ET] LRMR CHART | O=4.23 H=4.23 L=4.23 C=4.23 V=200 | EMA9=none VWAP=4.21 (+0.4%) HOD=4.35 PM_H=4.35 | MACD=N/A vol_ratio=0.0x avg_vol=0 bars=0 | sq=N/A armed=none
[05:10 ET] WSHP CHART | O=9.06 H=9.06 L=9.06 C=9.06 V=300 | EMA9=none VWAP=9.01 (+0.6%) HOD=9.36 PM_H=9.36 | MACD=N/A vol_ratio=0.0x avg_vol=0 bars=0 | sq=N/A armed=none
[ENGINE_PUB] STATS published=14,740 dropped=0 clients=2
  Tick cache: DCOY → +1,491 ticks (total 65,227)
  Tick cache: UPC → +3 ticks (total 31)
  Tick cache: WNW → +1 ticks (total 21)
  Tick cache: QH → +1 ticks (total 10)
  Tick cache: AMSS → +2 ticks (total 20)
  Tick cache: CCXI → +2 ticks (total 27)
  Tick cache: LRMR → +2 ticks (total 28)
  Tick cache: WSHP → +3 ticks (total 18)
📦 Tick cache saved: 8 symbols → tick_cache/2026-06-29/
[05:10 ET] LWLG CHART | O=8.60 H=8.60 L=8.60 C=8.60 V=200 | EMA9=none VWAP=8.67 (-0.8%) HOD=8.71 PM_H=8.71 | MACD=N/A vol_ratio=0.0x avg_vol=0 bars=0 | sq=N/A armed=none
[05:10 ET] CBRG CHART | O=4.43 H=4.43 L=4.43 C=4.43 V=1,200 | EMA9=none VWAP=4.39 (+1.0%) HOD=4.48 PM_H=4.48 | MACD=N/A vol_ratio=0.0x avg_vol=0 bars=0 | sq=N/A armed=none
[05:10 ET] STI CHART | O=13.70 H=13.70 L=13.70 C=13.70 V=300 | EMA9=none VWAP=14.50 (-5.5%) HOD=16.37 PM_H=16.37 | MACD=N/A vol_ratio=0.0x avg_vol=0 bars=0 | sq=N/A armed=none
[05:10 ET] VIVO CHART | O=6.16 H=6.16 L=6.16 C=6.16 V=200 | EMA9=none VWAP=6.24 (-1.3%) HOD=6.46 PM_H=6.46 | MACD=N/A vol_ratio=0.0x avg_vol=0 bars=0 | sq=N/A armed=none
  Tick cache: DCOY → +971 ticks (total 66,198)
  Tick cache: LWLG → +2 ticks (total 4)
  Tick cache: CBRG → +3 ticks (total 31)
  Tick cache: STI → +3 ticks (total 14)
  Tick cache: VIVO → +1 ticks (total 17)
  Tick cache: RDWU → +3 ticks (total 31)
  Tick cache: ASTX → +2 ticks (total 28)
  Tick cache: SLS → +1 ticks (total 25)
  Tick cache: MBRX → +3 ticks (total 28)
  Tick cache: ORCU → +3 ticks (total 18)
  Tick cache: RZLV → +1 ticks (total 8)
  Tick cache: IRE → +3 ticks (total 27)
📦 Tick cache saved: 12 symbols → tick_cache/2026-06-29/
  Saved: /Users/duffy/warrior_bot_v2/scanner_results/2026-06-29.json (14 snapshots)
📊 Scanner: 1 new candidates, 0 new subs, 1 total watching
[TIER] STATUS tier1=['DCOY'] tier2=0 capacity=1/5
SUBSCRIPTION_AUDIT {"ts":"2026-06-29T05:10:25.893754-04:00","sym":"DCOY","tier":"tick_by_tick","obs_v_5m":118896,"median_v_5m":110766,"ratio_obs_to_median":1.0734,"truth_v_5m":42733,"ratio_obs_to_truth":2.7823,"status":"DIRECT_QUERY_OK","sub_age_sec":600,"contract_exchange":"SMART","contract_primary":"NASDAQ"}
  TICK AUDIT: DCOY: 2489 ticks in last 60s, last_price=$14.53, last_tick_time=05:11:22
  → ORPHAN IGNORED (sync): FEBO on WB_ORPHAN_HALT_IGNORE_SYMBOLS — NOT adopting; bot keeps trading. Left at broker for manual handling.
  ⚠️ ORPHAN POSITION FOUND: FEBO qty=219 (available=219) entry=$1.12 unrealized=$-45.78 value=$198.78
  → ORPHAN IGNORED: FEBO on WB_ORPHAN_HALT_IGNORE_SYMBOLS — NOT adopting, NOT halting. Bot keeps trading other names; position left at broker for manual handling.
SUBSCRIPTION_AUDIT {"ts":"2026-06-29T05:11:23.951074-04:00","sym":"DCOY","tier":"tick_by_tick","obs_v_5m":110766,"median_v_5m":110766,"ratio_obs_to_median":1.0,"truth_v_5m":null,"ratio_obs_to_truth":null,"status":"OK","sub_age_sec":658,"contract_exchange":"SMART","contract_primary":"NASDAQ"}
[ENGINE_PUB] STATS published=16,689 dropped=0 clients=2
  Tick cache: DCOY → +978 ticks (total 67,176)
  Tick cache: OKLL → +1 ticks (total 9)
📦 Tick cache saved: 2 symbols → tick_cache/2026-06-29/
[TIER] STATUS tier1=['DCOY'] tier2=0 capacity=1/5
[05:12:00 ET] ACTIVE | flat | daily=$+0 (0t) | conn=OK | ticks=1716 | DCOY:1163t/IDLE
[05:12:01 ET] ACTIVE | flat | daily=$+0 (0t) | conn=OK | ticks=1850 | DCOY:1297t/IDLE
  Tick cache: DCOY → +957 ticks (total 68,133)
📦 Tick cache saved: 1 symbols → tick_cache/2026-06-29/
[TIER] STATUS tier1=['DCOY'] tier2=0 capacity=1/5
  TICK AUDIT: DCOY: 2230 ticks in last 60s, last_price=$14.26, last_tick_time=05:12:23
  → ORPHAN IGNORED (sync): FEBO on WB_ORPHAN_HALT_IGNORE_SYMBOLS — NOT adopting; bot keeps trading. Left at broker for manual handling.
  ⚠️ ORPHAN POSITION FOUND: FEBO qty=219 (available=219) entry=$1.12 unrealized=$-45.78 value=$198.78
  → ORPHAN IGNORED: FEBO on WB_ORPHAN_HALT_IGNORE_SYMBOLS — NOT adopting, NOT halting. Bot keeps trading other names; position left at broker for manual handling.
SUBSCRIPTION_AUDIT {"ts":"2026-06-29T05:12:24.159475-04:00","sym":"DCOY","tier":"tick_by_tick","obs_v_5m":116122,"median_v_5m":116122,"ratio_obs_to_median":1.0,"truth_v_5m":null,"ratio_obs_to_truth":null,"status":"OK","sub_age_sec":718,"contract_exchange":"SMART","contract_primary":"NASDAQ"}
[ENGINE_PUB] STATS published=19,032 dropped=0 clients=2
  Tick cache: DCOY → +1,463 ticks (total 69,596)
📦 Tick cache saved: 1 symbols → tick_cache/2026-06-29/
[TIER] STATUS tier1=['DCOY'] tier2=0 capacity=1/5
[05:13:00 ET] ACTIVE | flat | daily=$+0 (0t) | conn=OK | ticks=1913 | DCOY:1360t/IDLE
[05:13:01 ET] ACTIVE | flat | daily=$+0 (0t) | conn=OK | ticks=1920 | DCOY:1367t/IDLE
[TIER] STATUS tier1=['DCOY'] tier2=0 capacity=1/5
  Tick cache: DCOY → +715 ticks (total 70,311)
📦 Tick cache saved: 1 symbols → tick_cache/2026-06-29/
  TICK AUDIT: DCOY: 1823 ticks in last 60s, last_price=$14.17, last_tick_time=05:13:23
  → ORPHAN IGNORED (sync): FEBO on WB_ORPHAN_HALT_IGNORE_SYMBOLS — NOT adopting; bot keeps trading. Left at broker for manual handling.
  ⚠️ ORPHAN POSITION FOUND: FEBO qty=219 (available=219) entry=$1.12 unrealized=$-45.78 value=$198.78
  → ORPHAN IGNORED: FEBO on WB_ORPHAN_HALT_IGNORE_SYMBOLS — NOT adopting, NOT halting. Bot keeps trading other names; position left at broker for manual handling.
SUBSCRIPTION_AUDIT {"ts":"2026-06-29T05:13:24.383322-04:00","sym":"DCOY","tier":"tick_by_tick","obs_v_5m":144629,"median_v_5m":144629,"ratio_obs_to_median":1.0,"truth_v_5m":null,"ratio_obs_to_truth":null,"status":"OK","sub_age_sec":778,"contract_exchange":"SMART","contract_primary":"NASDAQ"}
[ENGINE_PUB] STATS published=20,235 dropped=0 clients=2
[TIER] STATUS tier1=['DCOY'] tier2=0 capacity=1/5
  Tick cache: DCOY → +447 ticks (total 70,758)
📦 Tick cache saved: 1 symbols → tick_cache/2026-06-29/
[05:14:00 ET] ACTIVE | flat | daily=$+0 (0t) | conn=OK | ticks=1306 | DCOY:753t/IDLE
[05:14:01 ET] ACTIVE | flat | daily=$+0 (0t) | conn=OK | ticks=1310 | DCOY:757t/IDLE
[TIER] STATUS tier1=['DCOY'] tier2=0 capacity=1/5
  TICK AUDIT: DCOY: 1445 ticks in last 60s, last_price=$14.23, last_tick_time=05:14:23
  → ORPHAN IGNORED (sync): FEBO on WB_ORPHAN_HALT_IGNORE_SYMBOLS — NOT adopting; bot keeps trading. Left at broker for manual handling.
  ⚠️ ORPHAN POSITION FOUND: FEBO qty=219 (available=219) entry=$1.12 unrealized=$-45.78 value=$198.78
  → ORPHAN IGNORED: FEBO on WB_ORPHAN_HALT_IGNORE_SYMBOLS — NOT adopting, NOT halting. Bot keeps trading other names; position left at broker for manual handling.
SUBSCRIPTION_AUDIT {"ts":"2026-06-29T05:14:24.601627-04:00","sym":"DCOY","tier":"tick_by_tick","obs_v_5m":157376,"median_v_5m":157376,"ratio_obs_to_median":1.0,"truth_v_5m":null,"ratio_obs_to_truth":null,"status":"OK","sub_age_sec":839,"contract_exchange":"SMART","contract_primary":"NASDAQ"}
  Tick cache: DCOY → +1,016 ticks (total 71,774)
📦 Tick cache saved: 1 symbols → tick_cache/2026-06-29/
[ENGINE_PUB] STATS published=21,611 dropped=0 clients=2
[TIER] STATUS tier1=['DCOY'] tier2=0 capacity=1/5
  Tick cache: DCOY → +351 ticks (total 72,125)
📦 Tick cache saved: 1 symbols → tick_cache/2026-06-29/
[05:15:00 ET] ACTIVE | flat | daily=$+0 (0t) | conn=OK | ticks=958 | DCOY:405t/IDLE
[05:15 ET] DCOY CHART | O=13.82 H=14.32 L=13.77 C=13.99 V=26,941 | EMA9=14.38 VWAP=13.24 (+5.7%) HOD=17.81 PM_H=17.81 | MACD=N/A vol_ratio=0.9x avg_vol=30,375 bars=40 | sq=IDLE armed=none
[05:15:01 ET] ACTIVE | flat | daily=$+0 (0t) | conn=OK | ticks=995 | DCOY:442t/IDLE
[TIER] STATUS tier1=['DCOY'] tier2=0 capacity=1/5
  TICK AUDIT: DCOY: 900 ticks in last 60s, last_price=$14.10, last_tick_time=05:15:23
  → ORPHAN IGNORED (sync): FEBO on WB_ORPHAN_HALT_IGNORE_SYMBOLS — NOT adopting; bot keeps trading. Left at broker for manual handling.
  ⚠️ ORPHAN POSITION FOUND: FEBO qty=219 (available=219) entry=$1.12 unrealized=$-45.78 value=$198.78
  → ORPHAN IGNORED: FEBO on WB_ORPHAN_HALT_IGNORE_SYMBOLS — NOT adopting, NOT halting. Bot keeps trading other names; position left at broker for manual handling.
SUBSCRIPTION_AUDIT {"ts":"2026-06-29T05:15:24.825283-04:00","sym":"DCOY","tier":"tick_by_tick","obs_v_5m":175510,"median_v_5m":175510,"ratio_obs_to_median":1.0,"truth_v_5m":null,"ratio_obs_to_truth":null,"status":"OK","sub_age_sec":899,"contract_exchange":"SMART","contract_primary":"NASDAQ"}
  Tick cache: DCOY → +560 ticks (total 72,685)
📦 Tick cache saved: 1 symbols → tick_cache/2026-06-29/

🔄 Running scanner at 05:15:26 ET...
Error 162, reqId 136376: Historical Market Data Service error message:API scanner subscription cancelled: 136376
  [float_cache] Cleared 13 stale None entries — will re-attempt lookups
IBKR ERROR 162: Historical Market Data Service error message:API scanner subscription cancelled: 136376 (reqId=136376, symbol=?)
[05:15 ET] UPC CHART | O=9.17 H=9.17 L=9.17 C=9.17 V=300 | EMA9=none VWAP=9.75 (-6.0%) HOD=10.51 PM_H=10.51 | MACD=N/A vol_ratio=0.0x avg_vol=0 bars=0 | sq=N/A armed=none
[05:15 ET] QH CHART | O=6.69 H=6.69 L=6.69 C=6.69 V=100 | EMA9=none VWAP=6.43 (+4.0%) HOD=6.70 PM_H=6.70 | MACD=N/A vol_ratio=0.0x avg_vol=0 bars=0 | sq=N/A armed=none
[05:15 ET] WNW CHART | O=4.02 H=4.02 L=4.02 C=4.02 V=100 | EMA9=none VWAP=3.96 (+1.5%) HOD=4.05 PM_H=4.05 | MACD=N/A vol_ratio=0.0x avg_vol=0 bars=0 | sq=N/A armed=none
[05:15 ET] AMSS CHART | O=2.34 H=2.34 L=2.34 C=2.34 V=400 | EMA9=none VWAP=2.32 (+0.7%) HOD=2.37 PM_H=2.37 | MACD=N/A vol_ratio=0.0x avg_vol=0 bars=0 | sq=N/A armed=none
[05:15 ET] LRMR CHART | O=4.16 H=4.16 L=4.16 C=4.16 V=200 | EMA9=none VWAP=4.21 (-1.2%) HOD=4.35 PM_H=4.35 | MACD=N/A vol_ratio=0.0x avg_vol=0 bars=0 | sq=N/A armed=none
[05:15 ET] CCXI CHART | O=15.82 H=15.82 L=15.82 C=15.82 V=200 | EMA9=none VWAP=15.84 (-0.1%) HOD=16.49 PM_H=16.49 | MACD=N/A vol_ratio=0.0x avg_vol=0 bars=0 | sq=N/A armed=none
[05:15 ET] WSHP CHART | O=8.81 H=8.81 L=8.81 C=8.81 V=600 | EMA9=none VWAP=8.98 (-1.9%) HOD=9.36 PM_H=9.36 | MACD=N/A vol_ratio=0.0x avg_vol=0 bars=0 | sq=N/A armed=none
[ENGINE_PUB] STATS published=22,842 dropped=0 clients=2
[05:15 ET] LWLG CHART | O=8.71 H=8.71 L=8.71 C=8.71 V=800 | EMA9=none VWAP=8.66 (+0.6%) HOD=8.71 PM_H=8.71 | MACD=N/A vol_ratio=0.0x avg_vol=0 bars=0 | sq=N/A armed=none
[05:15 ET] CBRG CHART | O=4.44 H=4.44 L=4.44 C=4.44 V=3,000 | EMA9=none VWAP=4.39 (+1.0%) HOD=4.48 PM_H=4.48 | MACD=N/A vol_ratio=0.0x avg_vol=0 bars=0 | sq=N/A armed=none
[05:15 ET] MBRX CHART | O=3.45 H=3.45 L=3.45 C=3.45 V=600 | EMA9=none VWAP=3.50 (-1.5%) HOD=3.93 PM_H=3.93 | MACD=N/A vol_ratio=0.0x avg_vol=0 bars=0 | sq=N/A armed=none
  Tick cache: DCOY → +720 ticks (total 73,405)
  Tick cache: UPC → +3 ticks (total 34)
  Tick cache: QH → +3 ticks (total 13)
  Tick cache: WNW → +2 ticks (total 23)
  Tick cache: AMSS → +3 ticks (total 23)
  Tick cache: LRMR → +3 ticks (total 31)
  Tick cache: CCXI → +1 ticks (total 28)
  Tick cache: WSHP → +2 ticks (total 20)
  Tick cache: LWLG → +1 ticks (total 5)
  Tick cache: CBRG → +2 ticks (total 33)
  Tick cache: MBRX → +2 ticks (total 30)
📦 Tick cache saved: 11 symbols → tick_cache/2026-06-29/
[05:15 ET] VIVO CHART | O=6.26 H=6.26 L=6.26 C=6.26 V=200 | EMA9=none VWAP=6.24 (+0.4%) HOD=6.46 PM_H=6.46 | MACD=N/A vol_ratio=0.0x avg_vol=0 bars=0 | sq=N/A armed=none
  Saved: /Users/duffy/warrior_bot_v2/scanner_results/2026-06-29.json (15 snapshots)
📊 Scanner: 1 new candidates, 0 new subs, 1 total watching
[TIER] STATUS tier1=['DCOY'] tier2=0 capacity=1/5
SUBSCRIPTION_AUDIT {"ts":"2026-06-29T05:15:26.832707-04:00","sym":"DCOY","tier":"tick_by_tick","obs_v_5m":175510,"median_v_5m":159159,"ratio_obs_to_median":1.1027,"truth_v_5m":81161,"ratio_obs_to_truth":2.1625,"status":"DIRECT_QUERY_OK","sub_age_sec":901,"contract_exchange":"SMART","contract_primary":"NASDAQ"}
  TICK AUDIT: DCOY: 1165 ticks in last 60s, last_price=$14.33, last_tick_time=05:16:24
  → ORPHAN IGNORED (sync): FEBO on WB_ORPHAN_HALT_IGNORE_SYMBOLS — NOT adopting; bot keeps trading. Left at broker for manual handling.
  ⚠️ ORPHAN POSITION FOUND: FEBO qty=219 (available=219) entry=$1.12 unrealized=$-45.78 value=$198.78
  → ORPHAN IGNORED: FEBO on WB_ORPHAN_HALT_IGNORE_SYMBOLS — NOT adopting, NOT halting. Bot keeps trading other names; position left at broker for manual handling.
SUBSCRIPTION_AUDIT {"ts":"2026-06-29T05:16:25.744990-04:00","sym":"DCOY","tier":"tick_by_tick","obs_v_5m":159159,"median_v_5m":159159,"ratio_obs_to_median":1.0,"truth_v_5m":null,"ratio_obs_to_truth":null,"status":"OK","sub_age_sec":960,"contract_exchange":"SMART","contract_primary":"NASDAQ"}
  Tick cache: DCOY → +494 ticks (total 73,899)
  Tick cache: VIVO → +2 ticks (total 19)
  Tick cache: STI → +2 ticks (total 16)
  Tick cache: RDWU → +2 ticks (total 33)
  Tick cache: SMCX → +2 ticks (total 12)
  Tick cache: ASTX → +1 ticks (total 29)
  Tick cache: SLS → +1 ticks (total 26)
  Tick cache: ORCU → +2 ticks (total 20)
  Tick cache: OKLL → +1 ticks (total 10)
  Tick cache: IRE → +1 ticks (total 28)
📦 Tick cache saved: 10 symbols → tick_cache/2026-06-29/
[ENGINE_PUB] STATS published=23,584 dropped=0 clients=2
[TIER] STATUS tier1=['DCOY'] tier2=0 capacity=1/5
  Tick cache: DCOY → +220 ticks (total 74,119)
📦 Tick cache saved: 1 symbols → tick_cache/2026-06-29/
[05:17:00 ET] ACTIVE | flat | daily=$+0 (0t) | conn=OK | ticks=890 | DCOY:301t/IDLE
[05:17:01 ET] ACTIVE | flat | daily=$+0 (0t) | conn=OK | ticks=898 | DCOY:309t/IDLE
[TIER] STATUS tier1=['DCOY'] tier2=0 capacity=1/5
  TICK AUDIT: DCOY: 1025 ticks in last 60s, last_price=$14.66, last_tick_time=05:17:24
  → ORPHAN IGNORED (sync): FEBO on WB_ORPHAN_HALT_IGNORE_SYMBOLS — NOT adopting; bot keeps trading. Left at broker for manual handling.
  ⚠️ ORPHAN POSITION FOUND: FEBO qty=219 (available=219) entry=$1.12 unrealized=$-45.78 value=$198.78
  → ORPHAN IGNORED: FEBO on WB_ORPHAN_HALT_IGNORE_SYMBOLS — NOT adopting, NOT halting. Bot keeps trading other names; position left at broker for manual handling.
SUBSCRIPTION_AUDIT {"ts":"2026-06-29T05:17:25.947861-04:00","sym":"DCOY","tier":"tick_by_tick","obs_v_5m":139990,"median_v_5m":139990,"ratio_obs_to_median":1.0,"truth_v_5m":null,"ratio_obs_to_truth":null,"status":"OK","sub_age_sec":1020,"contract_exchange":"SMART","contract_primary":"NASDAQ"}
  Tick cache: DCOY → +845 ticks (total 74,964)
📦 Tick cache saved: 1 symbols → tick_cache/2026-06-29/
[ENGINE_PUB] STATS published=24,911 dropped=0 clients=2
[TIER] STATUS tier1=['DCOY'] tier2=0 capacity=1/5
[05:18:00 ET] ACTIVE | flat | daily=$+0 (0t) | conn=OK | ticks=1359 | DCOY:770t/IDLE
[05:18:01 ET] ACTIVE | flat | daily=$+0 (0t) | conn=OK | ticks=1382 | DCOY:793t/IDLE
  Tick cache: DCOY → +693 ticks (total 75,657)
📦 Tick cache saved: 1 symbols → tick_cache/2026-06-29/
[TIER] STATUS tier1=['DCOY'] tier2=0 capacity=1/5
  TICK AUDIT: DCOY: 1369 ticks in last 60s, last_price=$14.67, last_tick_time=05:18:24
  → ORPHAN IGNORED (sync): FEBO on WB_ORPHAN_HALT_IGNORE_SYMBOLS — NOT adopting; bot keeps trading. Left at broker for manual handling.
  ⚠️ ORPHAN POSITION FOUND: FEBO qty=219 (available=219) entry=$1.12 unrealized=$-45.78 value=$198.78
  → ORPHAN IGNORED: FEBO on WB_ORPHAN_HALT_IGNORE_SYMBOLS — NOT adopting, NOT halting. Bot keeps trading other names; position left at broker for manual handling.
SUBSCRIPTION_AUDIT {"ts":"2026-06-29T05:18:26.163450-04:00","sym":"DCOY","tier":"tick_by_tick","obs_v_5m":116680,"median_v_5m":116680,"ratio_obs_to_median":1.0,"truth_v_5m":null,"ratio_obs_to_truth":null,"status":"OK","sub_age_sec":1080,"contract_exchange":"SMART","contract_primary":"NASDAQ"}
  Tick cache: DCOY → +627 ticks (total 76,284)
📦 Tick cache saved: 1 symbols → tick_cache/2026-06-29/
[ENGINE_PUB] STATS published=26,043 dropped=0 clients=2
[TIER] STATUS tier1=['DCOY'] tier2=0 capacity=1/5
[05:19:00 ET] ACTIVE | flat | daily=$+0 (0t) | conn=OK | ticks=985 | DCOY:396t/IDLE
[05:19:01 ET] ACTIVE | flat | daily=$+0 (0t) | conn=OK | ticks=997 | DCOY:408t/IDLE
  Tick cache: DCOY → +357 ticks (total 76,641)
📦 Tick cache saved: 1 symbols → tick_cache/2026-06-29/
[TIER] STATUS tier1=['DCOY'] tier2=0 capacity=1/5
  TICK AUDIT: DCOY: 585 ticks in last 60s, last_price=$14.49, last_tick_time=05:19:25
  → ORPHAN IGNORED (sync): FEBO on WB_ORPHAN_HALT_IGNORE_SYMBOLS — NOT adopting; bot keeps trading. Left at broker for manual handling.
  ⚠️ ORPHAN POSITION FOUND: FEBO qty=219 (available=219) entry=$1.12 unrealized=$-45.78 value=$198.78
  → ORPHAN IGNORED: FEBO on WB_ORPHAN_HALT_IGNORE_SYMBOLS — NOT adopting, NOT halting. Bot keeps trading other names; position left at broker for manual handling.
SUBSCRIPTION_AUDIT {"ts":"2026-06-29T05:19:26.388296-04:00","sym":"DCOY","tier":"tick_by_tick","obs_v_5m":109500,"median_v_5m":109500,"ratio_obs_to_median":1.0,"truth_v_5m":null,"ratio_obs_to_truth":null,"status":"OK","sub_age_sec":1140,"contract_exchange":"SMART","contract_primary":"NASDAQ"}
  Tick cache: DCOY → +263 ticks (total 76,904)
📦 Tick cache saved: 1 symbols → tick_cache/2026-06-29/
[ENGINE_PUB] STATS published=26,798 dropped=0 clients=2
[TIER] STATUS tier1=['DCOY'] tier2=0 capacity=1/5
[05:20:00 ET] ACTIVE | flat | daily=$+0 (0t) | conn=OK | ticks=1012 | DCOY:423t/IDLE
[05:20 ET] DCOY CHART | O=14.58 H=14.60 L=14.09 C=14.28 V=9,821 | EMA9=14.39 VWAP=13.31 (+7.3%) HOD=17.81 PM_H=17.81 | MACD=N/A vol_ratio=0.3x avg_vol=29,575 bars=45 | sq=IDLE armed=none
[05:20:01 ET] ACTIVE | flat | daily=$+0 (0t) | conn=OK | ticks=1026 | DCOY:437t/IDLE
  Tick cache: DCOY → +355 ticks (total 77,259)
📦 Tick cache saved: 1 symbols → tick_cache/2026-06-29/
[TIER] STATUS tier1=['DCOY'] tier2=0 capacity=1/5
  TICK AUDIT: DCOY: 532 ticks in last 60s, last_price=$14.36, last_tick_time=05:20:25
  → ORPHAN IGNORED (sync): FEBO on WB_ORPHAN_HALT_IGNORE_SYMBOLS — NOT adopting; bot keeps trading. Left at broker for manual handling.
  ⚠️ ORPHAN POSITION FOUND: FEBO qty=219 (available=219) entry=$1.12 unrealized=$-45.78 value=$198.78
  → ORPHAN IGNORED: FEBO on WB_ORPHAN_HALT_IGNORE_SYMBOLS — NOT adopting, NOT halting. Bot keeps trading other names; position left at broker for manual handling.
SUBSCRIPTION_AUDIT {"ts":"2026-06-29T05:20:26.607771-04:00","sym":"DCOY","tier":"tick_by_tick","obs_v_5m":92380,"median_v_5m":92380,"ratio_obs_to_median":1.0,"truth_v_5m":null,"ratio_obs_to_truth":null,"status":"OK","sub_age_sec":1201,"contract_exchange":"SMART","contract_primary":"NASDAQ"}

🔄 Running scanner at 05:20:27 ET...
Error 162, reqId 136458: Historical Market Data Service error message:API scanner subscription cancelled: 136458
  [float_cache] Cleared 14 stale None entries — will re-attempt lookups
IBKR ERROR 162: Historical Market Data Service error message:API scanner subscription cancelled: 136458 (reqId=136458, symbol=?)
[05:20 ET] UPC CHART | O=9.11 H=9.11 L=9.11 C=9.11 V=300 | EMA9=none VWAP=9.72 (-6.3%) HOD=10.51 PM_H=10.51 | MACD=N/A vol_ratio=0.0x avg_vol=0 bars=0 | sq=N/A armed=none
[05:20 ET] QH CHART | O=6.44 H=6.44 L=6.44 C=6.44 V=900 | EMA9=none VWAP=6.44 (-0.0%) HOD=6.70 PM_H=6.70 | MACD=N/A vol_ratio=0.0x avg_vol=0 bars=0 | sq=N/A armed=none
[05:20 ET] WNW CHART | O=4.02 H=4.02 L=4.02 C=4.02 V=200 | EMA9=none VWAP=3.96 (+1.4%) HOD=4.05 PM_H=4.05 | MACD=N/A vol_ratio=0.0x avg_vol=0 bars=0 | sq=N/A armed=none
  Tick cache: DCOY → +142 ticks (total 77,401)
  Tick cache: UPC → +1 ticks (total 35)
  Tick cache: QH → +1 ticks (total 14)
📦 Tick cache saved: 3 symbols → tick_cache/2026-06-29/
[05:20 ET] AMSS CHART | O=2.32 H=2.32 L=2.32 C=2.32 V=1,500 | EMA9=none VWAP=2.32 (-0.1%) HOD=2.37 PM_H=2.37 | MACD=N/A vol_ratio=0.0x avg_vol=0 bars=0 | sq=N/A armed=none
[05:20 ET] LRMR CHART | O=4.15 H=4.15 L=4.15 C=4.15 V=300 | EMA9=none VWAP=4.21 (-1.4%) HOD=4.35 PM_H=4.35 | MACD=N/A vol_ratio=0.0x avg_vol=0 bars=0 | sq=N/A armed=none
[05:20 ET] WSHP CHART | O=8.90 H=8.90 L=8.90 C=8.90 V=200 | EMA9=none VWAP=8.98 (-0.9%) HOD=9.36 PM_H=9.36 | MACD=N/A vol_ratio=0.0x avg_vol=0 bars=0 | sq=N/A armed=none
[05:20 ET] LWLG CHART | O=8.55 H=8.55 L=8.55 C=8.55 V=300 | EMA9=none VWAP=8.67 (-1.4%) HOD=8.72 PM_H=8.72 | MACD=N/A vol_ratio=0.0x avg_vol=0 bars=0 | sq=N/A armed=none
[05:20 ET] SMCX CHART | O=10.53 H=10.53 L=10.53 C=10.53 V=200 | EMA9=none VWAP=10.31 (+2.1%) HOD=10.92 PM_H=10.92 | MACD=N/A vol_ratio=0.0x avg_vol=0 bars=0 | sq=N/A armed=none
[ENGINE_PUB] STATS published=27,103 dropped=0 clients=2
[05:20 ET] CBRG CHART | O=4.43 H=4.43 L=4.43 C=4.43 V=200 | EMA9=none VWAP=4.39 (+0.8%) HOD=4.48 PM_H=4.48 | MACD=N/A vol_ratio=0.0x avg_vol=0 bars=0 | sq=N/A armed=none
[05:20 ET] CCXI CHART | O=15.49 H=15.49 L=15.49 C=15.49 V=100 | EMA9=none VWAP=15.77 (-1.8%) HOD=16.49 PM_H=16.49 | MACD=N/A vol_ratio=0.0x avg_vol=0 bars=0 | sq=N/A armed=none
[05:20 ET] RDWU CHART | O=8.60 H=8.60 L=8.60 C=8.60 V=200 | EMA9=none VWAP=8.64 (-0.5%) HOD=8.72 PM_H=8.72 | MACD=N/A vol_ratio=0.0x avg_vol=0 bars=0 | sq=N/A armed=none
  Tick cache: WNW → +1 ticks (total 24)
  Tick cache: DCOY → +176 ticks (total 77,577)
  Tick cache: AMSS → +2 ticks (total 25)
  Tick cache: LRMR → +1 ticks (total 32)
  Tick cache: WSHP → +2 ticks (total 22)
  Tick cache: LWLG → +1 ticks (total 6)
  Tick cache: SMCX → +2 ticks (total 14)
  Tick cache: CBRG → +1 ticks (total 34)
  Tick cache: CCXI → +1 ticks (total 29)
  Tick cache: RDWU → +2 ticks (total 35)
  Tick cache: STI → +2 ticks (total 18)
  Tick cache: ORCU → +2 ticks (total 22)
📦 Tick cache saved: 12 symbols → tick_cache/2026-06-29/
  Saved: /Users/duffy/warrior_bot_v2/scanner_results/2026-06-29.json (16 snapshots)
📊 Scanner: 1 new candidates, 0 new subs, 1 total watching
[TIER] STATUS tier1=['DCOY'] tier2=0 capacity=1/5
SUBSCRIPTION_AUDIT {"ts":"2026-06-29T05:20:27.612097-04:00","sym":"DCOY","tier":"tick_by_tick","obs_v_5m":92380,"median_v_5m":72351,"ratio_obs_to_median":1.2768,"truth_v_5m":30268,"ratio_obs_to_truth":3.0521,"status":"DIRECT_QUERY_OK","sub_age_sec":1202,"contract_exchange":"SMART","contract_primary":"NASDAQ"}
  TICK AUDIT: DCOY: 287 ticks in last 60s, last_price=$14.25, last_tick_time=05:21:25
  → ORPHAN IGNORED (sync): FEBO on WB_ORPHAN_HALT_IGNORE_SYMBOLS — NOT adopting; bot keeps trading. Left at broker for manual handling.
  ⚠️ ORPHAN POSITION FOUND: FEBO qty=219 (available=219) entry=$1.12 unrealized=$-45.78 value=$198.78
  → ORPHAN IGNORED: FEBO on WB_ORPHAN_HALT_IGNORE_SYMBOLS — NOT adopting, NOT halting. Bot keeps trading other names; position left at broker for manual handling.
SUBSCRIPTION_AUDIT {"ts":"2026-06-29T05:21:27.477640-04:00","sym":"DCOY","tier":"tick_by_tick","obs_v_5m":72351,"median_v_5m":72351,"ratio_obs_to_median":1.0,"truth_v_5m":null,"ratio_obs_to_truth":null,"status":"OK","sub_age_sec":1262,"contract_exchange":"SMART","contract_primary":"NASDAQ"}
  Tick cache: SLS → +2 ticks (total 28)
  Tick cache: DCOY → +120 ticks (total 77,697)
  Tick cache: MBRX → +2 ticks (total 32)
  Tick cache: RZLV → +1 ticks (total 9)
  Tick cache: OKLL → +1 ticks (total 11)
  Tick cache: VIVO → +1 ticks (total 20)
  Tick cache: IRE → +2 ticks (total 30)
📦 Tick cache saved: 7 symbols → tick_cache/2026-06-29/
[ENGINE_PUB] STATS published=27,359 dropped=0 clients=2
[TIER] STATUS tier1=['DCOY'] tier2=0 capacity=1/5
[05:22:00 ET] ACTIVE | flat | daily=$+0 (0t) | conn=OK | ticks=802 | DCOY:185t/IDLE
[05:22:01 ET] ACTIVE | flat | daily=$+0 (0t) | conn=OK | ticks=805 | DCOY:188t/IDLE
  Tick cache: DCOY → +156 ticks (total 77,853)
📦 Tick cache saved: 1 symbols → tick_cache/2026-06-29/
[TIER] STATUS tier1=['DCOY'] tier2=0 capacity=1/5
  TICK AUDIT: DCOY: 548 ticks in last 60s, last_price=$14.78, last_tick_time=05:22:26
  → ORPHAN IGNORED (sync): FEBO on WB_ORPHAN_HALT_IGNORE_SYMBOLS — NOT adopting; bot keeps trading. Left at broker for manual handling.
  ⚠️ ORPHAN POSITION FOUND: FEBO qty=219 (available=219) entry=$1.12 unrealized=$-45.78 value=$198.78
  → ORPHAN IGNORED: FEBO on WB_ORPHAN_HALT_IGNORE_SYMBOLS — NOT adopting, NOT halting. Bot keeps trading other names; position left at broker for manual handling.
SUBSCRIPTION_AUDIT {"ts":"2026-06-29T05:22:27.689702-04:00","sym":"DCOY","tier":"tick_by_tick","obs_v_5m":64148,"median_v_5m":64148,"ratio_obs_to_median":1.0,"truth_v_5m":null,"ratio_obs_to_truth":null,"status":"OK","sub_age_sec":1322,"contract_exchange":"SMART","contract_primary":"NASDAQ"}
  Tick cache: DCOY → +627 ticks (total 78,480)
📦 Tick cache saved: 1 symbols → tick_cache/2026-06-29/
[TIER] STATUS tier1=['DCOY'] tier2=0 capacity=1/5
[ENGINE_PUB] STATS published=28,277 dropped=0 clients=2
[05:23:00 ET] ACTIVE | flat | daily=$+0 (0t) | conn=OK | ticks=1181 | DCOY:564t/IDLE
[05:23:01 ET] ACTIVE | flat | daily=$+0 (0t) | conn=OK | ticks=1188 | DCOY:571t/IDLE
  Tick cache: DCOY → +399 ticks (total 78,879)
📦 Tick cache saved: 1 symbols → tick_cache/2026-06-29/
[TIER] STATUS tier1=['DCOY'] tier2=0 capacity=1/5
  TICK AUDIT: DCOY: 847 ticks in last 60s, last_price=$14.45, last_tick_time=05:23:26
  → ORPHAN IGNORED (sync): FEBO on WB_ORPHAN_HALT_IGNORE_SYMBOLS — NOT adopting; bot keeps trading. Left at broker for manual handling.
  ⚠️ ORPHAN POSITION FOUND: FEBO qty=219 (available=219) entry=$1.12 unrealized=$-45.78 value=$198.78
  → ORPHAN IGNORED: FEBO on WB_ORPHAN_HALT_IGNORE_SYMBOLS — NOT adopting, NOT halting. Bot keeps trading other names; position left at broker for manual handling.
SUBSCRIPTION_AUDIT {"ts":"2026-06-29T05:23:27.903467-04:00","sym":"DCOY","tier":"tick_by_tick","obs_v_5m":52146,"median_v_5m":52146,"ratio_obs_to_median":1.0,"truth_v_5m":null,"ratio_obs_to_truth":null,"status":"OK","sub_age_sec":1382,"contract_exchange":"SMART","contract_primary":"NASDAQ"}
  Tick cache: DCOY → +285 ticks (total 79,164)
📦 Tick cache saved: 1 symbols → tick_cache/2026-06-29/
[TIER] STATUS tier1=['DCOY'] tier2=0 capacity=1/5
[ENGINE_PUB] STATS published=28,866 dropped=0 clients=2
[05:24:00 ET] ACTIVE | flat | daily=$+0 (0t) | conn=OK | ticks=881 | DCOY:264t/IDLE
[05:24:01 ET] ACTIVE | flat | daily=$+0 (0t) | conn=OK | ticks=883 | DCOY:266t/IDLE
  Tick cache: DCOY → +263 ticks (total 79,427)
📦 Tick cache saved: 1 symbols → tick_cache/2026-06-29/
[TIER] STATUS tier1=['DCOY'] tier2=0 capacity=1/5
  TICK AUDIT: DCOY: 515 ticks in last 60s, last_price=$14.42, last_tick_time=05:24:26
  → ORPHAN IGNORED (sync): FEBO on WB_ORPHAN_HALT_IGNORE_SYMBOLS — NOT adopting; bot keeps trading. Left at broker for manual handling.
  ⚠️ ORPHAN POSITION FOUND: FEBO qty=219 (available=219) entry=$1.12 unrealized=$-45.78 value=$198.78
  → ORPHAN IGNORED: FEBO on WB_ORPHAN_HALT_IGNORE_SYMBOLS — NOT adopting, NOT halting. Bot keeps trading other names; position left at broker for manual handling.
SUBSCRIPTION_AUDIT {"ts":"2026-06-29T05:24:28.110974-04:00","sym":"DCOY","tier":"tick_by_tick","obs_v_5m":42208,"median_v_5m":42208,"ratio_obs_to_median":1.0,"truth_v_5m":null,"ratio_obs_to_truth":null,"status":"OK","sub_age_sec":1442,"contract_exchange":"SMART","contract_primary":"NASDAQ"}
  Tick cache: DCOY → +458 ticks (total 79,885)
📦 Tick cache saved: 1 symbols → tick_cache/2026-06-29/
[TIER] STATUS tier1=['DCOY'] tier2=0 capacity=1/5
[ENGINE_PUB] STATS published=29,578 dropped=0 clients=2
[05:25:00 ET] ACTIVE | flat | daily=$+0 (0t) | conn=OK | ticks=1083 | DCOY:466t/IDLE
[05:25 ET] DCOY CHART | O=14.62 H=14.79 L=14.23 C=14.46 V=17,787 | EMA9=14.44 VWAP=13.35 (+8.3%) HOD=17.81 PM_H=17.81 | MACD=N/A vol_ratio=0.6x avg_vol=27,622 bars=50 | sq=IDLE armed=none
[05:25:01 ET] ACTIVE | flat | daily=$+0 (0t) | conn=OK | ticks=1085 | DCOY:468t/IDLE
  Tick cache: DCOY → +217 ticks (total 80,102)
📦 Tick cache saved: 1 symbols → tick_cache/2026-06-29/
[TIER] STATUS tier1=['DCOY'] tier2=0 capacity=1/5
  TICK AUDIT: DCOY: 631 ticks in last 60s, last_price=$14.43, last_tick_time=05:25:26
  → ORPHAN IGNORED (sync): FEBO on WB_ORPHAN_HALT_IGNORE_SYMBOLS — NOT adopting; bot keeps trading. Left at broker for manual handling.

🔄 Running scanner at 05:25:28 ET...
Error 162, reqId 136540: Historical Market Data Service error message:API scanner subscription cancelled: 136540
IBKR ERROR 162: Historical Market Data Service error message:API scanner subscription cancelled: 136540 (reqId=136540, symbol=?)
[05:25 ET] UPC CHART | O=9.32 H=9.32 L=9.32 C=9.32 V=100 | EMA9=none VWAP=9.71 (-4.1%) HOD=10.51 PM_H=10.51 | MACD=N/A vol_ratio=0.0x avg_vol=0 bars=0 | sq=N/A armed=none
[05:25 ET] WNW CHART | O=3.95 H=3.95 L=3.95 C=3.95 V=100 | EMA9=none VWAP=3.96 (-0.3%) HOD=4.05 PM_H=4.05 | MACD=N/A vol_ratio=0.0x avg_vol=0 bars=0 | sq=N/A armed=none
[05:25 ET] WSHP CHART | O=9.15 H=9.15 L=9.15 C=9.15 V=200 | EMA9=none VWAP=9.00 (+1.7%) HOD=9.38 PM_H=9.38 | MACD=N/A vol_ratio=0.0x avg_vol=0 bars=0 | sq=N/A armed=none
[05:25 ET] QH CHART | O=6.60 H=6.60 L=6.60 C=6.60 V=100 | EMA9=none VWAP=6.46 (+2.1%) HOD=6.70 PM_H=6.70 | MACD=N/A vol_ratio=0.0x avg_vol=0 bars=0 | sq=N/A armed=none
[05:25 ET] AMSS CHART | O=2.36 H=2.36 L=2.36 C=2.36 V=200 | EMA9=none VWAP=2.32 (+1.5%) HOD=2.37 PM_H=2.37 | MACD=N/A vol_ratio=0.0x avg_vol=0 bars=0 | sq=N/A armed=none
[05:25 ET] STI CHART | O=13.45 H=13.45 L=13.45 C=13.45 V=400 | EMA9=none VWAP=14.15 (-4.9%) HOD=16.37 PM_H=16.37 | MACD=N/A vol_ratio=0.0x avg_vol=0 bars=0 | sq=N/A armed=none
  Tick cache: DCOY → +151 ticks (total 80,253)
  Tick cache: UPC → +2 ticks (total 37)
  Tick cache: WNW → +3 ticks (total 27)
  Tick cache: WSHP → +1 ticks (total 23)
  Tick cache: QH → +1 ticks (total 15)
  Tick cache: AMSS → +3 ticks (total 28)
  Tick cache: STI → +2 ticks (total 20)
📦 Tick cache saved: 7 symbols → tick_cache/2026-06-29/
[05:25 ET] LRMR CHART | O=4.22 H=4.22 L=4.22 C=4.22 V=100 | EMA9=none VWAP=4.21 (+0.2%) HOD=4.35 PM_H=4.35 | MACD=N/A vol_ratio=0.0x avg_vol=0 bars=0 | sq=N/A armed=none
[05:25 ET] SMCX CHART | O=10.92 H=10.92 L=10.92 C=10.92 V=200 | EMA9=none VWAP=10.34 (+5.6%) HOD=10.97 PM_H=10.97 | MACD=N/A vol_ratio=0.0x avg_vol=0 bars=0 | sq=N/A armed=none
[05:25 ET] LWLG CHART | O=8.72 H=8.72 L=8.72 C=8.72 V=400 | EMA9=none VWAP=8.67 (+0.6%) HOD=8.72 PM_H=8.72 | MACD=N/A vol_ratio=0.0x avg_vol=0 bars=0 | sq=N/A armed=none
[ENGINE_PUB] STATS published=29,927 dropped=0 clients=2
[05:25 ET] CBRG CHART | O=4.43 H=4.43 L=4.43 C=4.43 V=200 | EMA9=none VWAP=4.40 (+0.8%) HOD=4.48 PM_H=4.48 | MACD=N/A vol_ratio=0.0x avg_vol=0 bars=0 | sq=N/A armed=none
[05:25 ET] CCXI CHART | O=15.00 H=15.00 L=15.00 C=15.00 V=900 | EMA9=none VWAP=15.71 (-4.5%) HOD=16.49 PM_H=16.49 | MACD=N/A vol_ratio=0.0x avg_vol=0 bars=0 | sq=N/A armed=none
  Tick cache: DCOY → +108 ticks (total 80,361)
  Tick cache: LRMR → +1 ticks (total 33)
  Tick cache: SMCX → +2 ticks (total 16)
  Tick cache: LWLG → +1 ticks (total 7)
  Tick cache: CBRG → +1 ticks (total 35)
  Tick cache: CCXI → +1 ticks (total 30)
  Tick cache: RDWU → +2 ticks (total 37)
  Tick cache: VIVO → +1 ticks (total 21)
  Tick cache: RZLV → +1 ticks (total 10)
  Tick cache: ORCU → +3 ticks (total 25)
  Tick cache: SLS → +1 ticks (total 29)
  Tick cache: OKLL → +1 ticks (total 12)
📦 Tick cache saved: 12 symbols → tick_cache/2026-06-29/
  Saved: /Users/duffy/warrior_bot_v2/scanner_results/2026-06-29.json (17 snapshots)
📊 Scanner: 1 new candidates, 0 new subs, 1 total watching
  ⚠️ ORPHAN POSITION FOUND: FEBO qty=219 (available=219) entry=$1.12 unrealized=$-45.78 value=$198.78
  → ORPHAN IGNORED: FEBO on WB_ORPHAN_HALT_IGNORE_SYMBOLS — NOT adopting, NOT halting. Bot keeps trading other names; position left at broker for manual handling.
[TIER] STATUS tier1=['DCOY'] tier2=0 capacity=1/5
SUBSCRIPTION_AUDIT {"ts":"2026-06-29T05:25:28.324751-04:00","sym":"DCOY","tier":"tick_by_tick","obs_v_5m":51450,"median_v_5m":51450,"ratio_obs_to_median":1.0,"truth_v_5m":null,"ratio_obs_to_truth":null,"status":"OK","sub_age_sec":1502,"contract_exchange":"SMART","contract_primary":"NASDAQ"}
SUBSCRIPTION_AUDIT {"ts":"2026-06-29T05:25:28.324751-04:00","sym":"DCOY","tier":"tick_by_tick","obs_v_5m":51450,"median_v_5m":51450,"ratio_obs_to_median":1.0,"truth_v_5m":21470,"ratio_obs_to_truth":2.3964,"status":"DIRECT_QUERY_OK","sub_age_sec":1502,"contract_exchange":"SMART","contract_primary":"NASDAQ"}
  TICK AUDIT: DCOY: 305 ticks in last 60s, last_price=$14.31, last_tick_time=05:26:26
  → ORPHAN IGNORED (sync): FEBO on WB_ORPHAN_HALT_IGNORE_SYMBOLS — NOT adopting; bot keeps trading. Left at broker for manual handling.
  ⚠️ ORPHAN POSITION FOUND: FEBO qty=219 (available=219) entry=$1.12 unrealized=$-45.78 value=$198.78
  → ORPHAN IGNORED: FEBO on WB_ORPHAN_HALT_IGNORE_SYMBOLS — NOT adopting, NOT halting. Bot keeps trading other names; position left at broker for manual handling.
SUBSCRIPTION_AUDIT {"ts":"2026-06-29T05:26:29.318564-04:00","sym":"DCOY","tier":"tick_by_tick","obs_v_5m":51450,"median_v_5m":51450,"ratio_obs_to_median":1.0,"truth_v_5m":null,"ratio_obs_to_truth":null,"status":"OK","sub_age_sec":1563,"contract_exchange":"SMART","contract_primary":"NASDAQ"}
  Tick cache: DCOY → +229 ticks (total 80,590)
  Tick cache: IRE → +1 ticks (total 31)
  Tick cache: ABCL → +2 ticks (total 24)
📦 Tick cache saved: 3 symbols → tick_cache/2026-06-29/
[TIER] STATUS tier1=['DCOY'] tier2=0 capacity=1/5
[ENGINE_PUB] STATS published=30,364 dropped=0 clients=2
[05:27:00 ET] ACTIVE | flat | daily=$+0 (0t) | conn=OK | ticks=964 | DCOY:317t/IDLE
[05:27:01 ET] ACTIVE | flat | daily=$+0 (0t) | conn=OK | ticks=966 | DCOY:319t/IDLE
  Tick cache: DCOY → +311 ticks (total 80,901)
📦 Tick cache saved: 1 symbols → tick_cache/2026-06-29/
[TIER] STATUS tier1=['DCOY'] tier2=0 capacity=1/5
  TICK AUDIT: DCOY: 452 ticks in last 60s, last_price=$14.33, last_tick_time=05:27:25
  → ORPHAN IGNORED (sync): FEBO on WB_ORPHAN_HALT_IGNORE_SYMBOLS — NOT adopting; bot keeps trading. Left at broker for manual handling.
  ⚠️ ORPHAN POSITION FOUND: FEBO qty=219 (available=219) entry=$1.12 unrealized=$-45.78 value=$198.78
  → ORPHAN IGNORED: FEBO on WB_ORPHAN_HALT_IGNORE_SYMBOLS — NOT adopting, NOT halting. Bot keeps trading other names; position left at broker for manual handling.
SUBSCRIPTION_AUDIT {"ts":"2026-06-29T05:27:29.528853-04:00","sym":"DCOY","tier":"tick_by_tick","obs_v_5m":54556,"median_v_5m":54556,"ratio_obs_to_median":1.0,"truth_v_5m":null,"ratio_obs_to_truth":null,"status":"OK","sub_age_sec":1624,"contract_exchange":"SMART","contract_primary":"NASDAQ"}
  Tick cache: DCOY → +134 ticks (total 81,035)
📦 Tick cache saved: 1 symbols → tick_cache/2026-06-29/
[TIER] STATUS tier1=['DCOY'] tier2=0 capacity=1/5
[ENGINE_PUB] STATS published=30,679 dropped=0 clients=2
[05:28:00 ET] ACTIVE | flat | daily=$+0 (0t) | conn=OK | ticks=779 | DCOY:132t/IDLE
[05:28:01 ET] ACTIVE | flat | daily=$+0 (0t) | conn=OK | ticks=779 | DCOY:132t/IDLE
  Tick cache: DCOY → +177 ticks (total 81,212)
📦 Tick cache saved: 1 symbols → tick_cache/2026-06-29/
[TIER] STATUS tier1=['DCOY'] tier2=0 capacity=1/5
  TICK AUDIT: DCOY: 354 ticks in last 60s, last_price=$14.13, last_tick_time=05:28:28
  → ORPHAN IGNORED (sync): FEBO on WB_ORPHAN_HALT_IGNORE_SYMBOLS — NOT adopting; bot keeps trading. Left at broker for manual handling.
  ⚠️ ORPHAN POSITION FOUND: FEBO qty=219 (available=219) entry=$1.12 unrealized=$-45.78 value=$198.78
  → ORPHAN IGNORED: FEBO on WB_ORPHAN_HALT_IGNORE_SYMBOLS — NOT adopting, NOT halting. Bot keeps trading other names; position left at broker for manual handling.
SUBSCRIPTION_AUDIT {"ts":"2026-06-29T05:28:29.744915-04:00","sym":"DCOY","tier":"tick_by_tick","obs_v_5m":43127,"median_v_5m":43127,"ratio_obs_to_median":1.0,"truth_v_5m":null,"ratio_obs_to_truth":null,"status":"OK","sub_age_sec":1684,"contract_exchange":"SMART","contract_primary":"NASDAQ"}
  Tick cache: DCOY → +815 ticks (total 82,027)
📦 Tick cache saved: 1 symbols → tick_cache/2026-06-29/
[TIER] STATUS tier1=['DCOY'] tier2=0 capacity=1/5
[ENGINE_PUB] STATS published=31,695 dropped=0 clients=2
[05:29:00 ET] ACTIVE | flat | daily=$+0 (0t) | conn=OK | ticks=1452 | DCOY:805t/IDLE
[05:29:01 ET] ACTIVE | flat | daily=$+0 (0t) | conn=OK | ticks=1453 | DCOY:806t/IDLE
[TIER] STATUS tier1=['DCOY'] tier2=0 capacity=1/5
  Tick cache: DCOY → +229 ticks (total 82,256)
📦 Tick cache saved: 1 symbols → tick_cache/2026-06-29/
  TICK AUDIT: DCOY: 987 ticks in last 60s, last_price=$14.07, last_tick_time=05:29:28
  → ORPHAN IGNORED (sync): FEBO on WB_ORPHAN_HALT_IGNORE_SYMBOLS — NOT adopting; bot keeps trading. Left at broker for manual handling.
  ⚠️ ORPHAN POSITION FOUND: FEBO qty=219 (available=219) entry=$1.12 unrealized=$-45.78 value=$198.78
  → ORPHAN IGNORED: FEBO on WB_ORPHAN_HALT_IGNORE_SYMBOLS — NOT adopting, NOT halting. Bot keeps trading other names; position left at broker for manual handling.
SUBSCRIPTION_AUDIT {"ts":"2026-06-29T05:29:29.971592-04:00","sym":"DCOY","tier":"tick_by_tick","obs_v_5m":50048,"median_v_5m":50048,"ratio_obs_to_median":1.0,"truth_v_5m":null,"ratio_obs_to_truth":null,"status":"OK","sub_age_sec":1744,"contract_exchange":"SMART","contract_primary":"NASDAQ"}
[TIER] STATUS tier1=['DCOY'] tier2=0 capacity=1/5
[ENGINE_PUB] STATS published=32,817 dropped=0 clients=2
  Tick cache: DCOY → +904 ticks (total 83,160)
📦 Tick cache saved: 1 symbols → tick_cache/2026-06-29/
[05:30:00 ET] ACTIVE | flat | daily=$+0 (0t) | conn=OK | ticks=1631 | DCOY:984t/IDLE
[05:30 ET] DCOY CHART | O=14.13 H=14.18 L=13.75 C=13.82 V=18,466 | EMA9=14.36 VWAP=13.37 (+3.3%) HOD=17.81 PM_H=17.81 | MACD=N/A vol_ratio=0.7x avg_vol=28,313 bars=50 | sq=IDLE armed=none
[05:30:01 ET] ACTIVE | flat | daily=$+0 (0t) | conn=OK | ticks=1635 | DCOY:988t/IDLE
[TIER] STATUS tier1=['DCOY'] tier2=0 capacity=1/5
  Tick cache: DCOY → +678 ticks (total 83,838)
📦 Tick cache saved: 1 symbols → tick_cache/2026-06-29/

🔄 Running scanner at 05:30:29 ET...
Error 162, reqId 136622: Historical Market Data Service error message:API scanner subscription cancelled: 136622
  [float_cache] Cleared 15 stale None entries — will re-attempt lookups
IBKR ERROR 162: Historical Market Data Service error message:API scanner subscription cancelled: 136622 (reqId=136622, symbol=?)
[05:30 ET] UPC CHART | O=9.14 H=9.14 L=9.14 C=9.14 V=200 | EMA9=none VWAP=9.69 (-5.6%) HOD=10.51 PM_H=10.51 | MACD=N/A vol_ratio=0.0x avg_vol=0 bars=0 | sq=N/A armed=none
[05:30 ET] WNW CHART | O=3.95 H=3.95 L=3.95 C=3.95 V=300 | EMA9=none VWAP=3.96 (-0.4%) HOD=4.05 PM_H=4.05 | MACD=N/A vol_ratio=0.0x avg_vol=0 bars=0 | sq=N/A armed=none
[05:30 ET] QH CHART | O=6.51 H=6.51 L=6.51 C=6.51 V=1,100 | EMA9=none VWAP=6.46 (+0.7%) HOD=6.70 PM_H=6.70 | MACD=N/A vol_ratio=0.0x avg_vol=0 bars=0 | sq=N/A armed=none
[05:30 ET] WSHP CHART | O=9.38 H=9.38 L=9.38 C=9.38 V=100 | EMA9=none VWAP=9.00 (+4.2%) HOD=9.38 PM_H=9.38 | MACD=N/A vol_ratio=0.0x avg_vol=0 bars=0 | sq=N/A armed=none
[05:30 ET] AMSS CHART | O=2.36 H=2.36 L=2.36 C=2.36 V=300 | EMA9=none VWAP=2.33 (+1.5%) HOD=2.37 PM_H=2.37 | MACD=N/A vol_ratio=0.0x avg_vol=0 bars=0 | sq=N/A armed=none
[05:30 ET] LRMR CHART | O=4.14 H=4.14 L=4.14 C=4.14 V=100 | EMA9=none VWAP=4.21 (-1.6%) HOD=4.35 PM_H=4.35 | MACD=N/A vol_ratio=0.0x avg_vol=0 bars=0 | sq=N/A armed=none
[05:30 ET] STI CHART | O=14.00 H=14.00 L=14.00 C=14.00 V=800 | EMA9=none VWAP=14.11 (-0.8%) HOD=16.37 PM_H=16.37 | MACD=N/A vol_ratio=0.0x avg_vol=0 bars=0 | sq=N/A armed=none
[05:30 ET] CCXI CHART | O=15.00 H=15.00 L=15.00 C=15.00 V=900 | EMA9=none VWAP=15.69 (-4.4%) HOD=16.49 PM_H=16.49 | MACD=N/A vol_ratio=0.0x avg_vol=0 bars=0 | sq=N/A armed=none
[05:30 ET] SMCX CHART | O=10.97 H=10.97 L=10.97 C=10.97 V=200 | EMA9=none VWAP=10.41 (+5.3%) HOD=10.97 PM_H=10.97 | MACD=N/A vol_ratio=0.0x avg_vol=0 bars=0 | sq=N/A armed=none
[ENGINE_PUB] STATS published=33,744 dropped=0 clients=2
[05:30 ET] RDWU CHART | O=8.65 H=8.65 L=8.65 C=8.65 V=400 | EMA9=none VWAP=8.64 (+0.1%) HOD=8.72 PM_H=8.72 | MACD=N/A vol_ratio=0.0x avg_vol=0 bars=0 | sq=N/A armed=none
  Tick cache: DCOY → +268 ticks (total 84,106)
  Tick cache: UPC → +2 ticks (total 39)
  Tick cache: WNW → +1 ticks (total 28)
  Tick cache: QH → +1 ticks (total 16)
  Tick cache: WSHP → +3 ticks (total 26)
  Tick cache: AMSS → +3 ticks (total 31)
  Tick cache: LRMR → +1 ticks (total 34)
  Tick cache: STI → +1 ticks (total 21)
  Tick cache: CCXI → +3 ticks (total 33)
  Tick cache: SMCX → +2 ticks (total 18)
📦 Tick cache saved: 10 symbols → tick_cache/2026-06-29/
  Scanner: UPC NEW (not in previous scan)
  Saved: /Users/duffy/warrior_bot_v2/scanner_results/2026-06-29.json (18 snapshots)
  Tick cache: RDWU → +2 ticks (total 39)
  Tick cache: DCOY → +364 ticks (total 84,470)
  Tick cache: CBRG → +2 ticks (total 37)
  Tick cache: LWLG → +1 ticks (total 8)
  Tick cache: VIVO → +1 ticks (total 22)
  Tick cache: RZLV → +1 ticks (total 11)
  Tick cache: ORCU → +3 ticks (total 28)
  Tick cache: SLS → +1 ticks (total 30)
  Tick cache: OKLL → +1 ticks (total 13)
  Tick cache: IRE → +1 ticks (total 32)
  Tick cache: SKYQ → +2 ticks (total 20)
  Tick cache: UPC → +12 ticks (total 51)
📦 Tick cache saved: 12 symbols → tick_cache/2026-06-29/
[ENGINE_PUB] STATS published=34,424 dropped=0 clients=2
  Tick cache: DCOY → +210 ticks (total 84,680)
  Tick cache: UPC → +90 ticks (total 141)
📦 Tick cache saved: 2 symbols → tick_cache/2026-06-29/
  Tick cache: DCOY → +440 ticks (total 85,120)
  Tick cache: UPC → +69 ticks (total 210)
📦 Tick cache saved: 2 symbols → tick_cache/2026-06-29/
[05:32 ET] UPC SQ | SQ_PRIMED: vol=516.1x avg, bar_vol=722,491, price=$9.3900 above VWAP ($8.9595)
  SQ_NO_ARM: invalid_r (entry=8.0200 stop=8.6000)
[05:32 ET] UPC SQ | SQ_PRIMED: vol=78.3x avg, bar_vol=219,168, price=$10.7900 above VWAP ($9.1408)
  ARMED entry=10.0200 stop=9.9000 R=0.1200 score=10.0 level=whole_dollar setup_type=squeeze [PARABOLIC] [PROBE=50%] why=squeeze: base=5.0;vol_extra=+5.0;[PARABOLIC]
[05:32:41 ET] [MOVE] FIRESTORM_GATE_BLOCK UPC setup=regime_shift prior_bar_ticks=5743 threshold=6000
🔥 Seeded UPC: 50524 ticks → 9 bars, EMA=9.2212, ARMED (5613 ticks/bar avg)
✅ Subscribed: UPC
  [float_cache] Cleared 16 stale None entries — will re-attempt lookups
📊 Scanner: 2 new candidates, 1 new subs, 2 total watching
  TICK AUDIT: DCOY: 2898 ticks in last 60s, last_price=$13.98, last_tick_time=05:32:40
  TICK AUDIT: UPC: 0 ticks in last 60s, last_price=$8.76, last_tick_time=05:32:40
⚠️ TICK DROUGHT: UPC — 0 ticks in last audit period. Queued for resubscription (attempt 1/3)...
  [ath_cache] DCOY: 422 data_end_after_available_end
The dataset DBEQ.BASIC has data available up to '2026-06-27 00:00:0
  [ath_cache] UPC: 422 data_end_after_available_end
The dataset DBEQ.BASIC has data available up to '2026-06-27 00:00:0
  Resubscribed UPC (inline)
  → ORPHAN IGNORED (sync): FEBO on WB_ORPHAN_HALT_IGNORE_SYMBOLS — NOT adopting; bot keeps trading. Left at broker for manual handling.
[TIER] PROMOTE UPC reason=detector_armed capacity=2/5
[TIER] STATUS tier1=['DCOY', 'UPC'] tier2=0 capacity=2/5
SUBSCRIPTION_AUDIT {"ts":"2026-06-29T05:30:29.185966-04:00","sym":"UPC","tier":"tick_by_tick","obs_v_5m":0,"median_v_5m":664942,"ratio_obs_to_median":0.0,"truth_v_5m":64368,"ratio_obs_to_truth":0.0,"status":"DIRECT_QUERY_WEDGE","sub_age_sec":0,"contract_exchange":"SMART","contract_primary":"NASDAQ"}
SUBSCRIPTION_AUDIT {"ts":"2026-06-29T05:30:29.185966-04:00","sym":"DCOY","tier":"tick_by_tick","obs_v_5m":50048,"median_v_5m":664942,"ratio_obs_to_median":0.0753,"truth_v_5m":24610,"ratio_obs_to_truth":2.0336,"status":"DIRECT_QUERY_OK","sub_age_sec":1803,"contract_exchange":"SMART","contract_primary":"NASDAQ"}
  ⚠️ ORPHAN POSITION FOUND: FEBO qty=219 (available=219) entry=$1.12 unrealized=$-45.78 value=$198.78
  → ORPHAN IGNORED: FEBO on WB_ORPHAN_HALT_IGNORE_SYMBOLS — NOT adopting, NOT halting. Bot keeps trading other names; position left at broker for manual handling.
SUBSCRIPTION_AUDIT {"ts":"2026-06-29T05:32:45.451000-04:00","sym":"UPC","tier":"tick_by_tick","obs_v_5m":1062519,"median_v_5m":560381,"ratio_obs_to_median":1.8961,"truth_v_5m":null,"ratio_obs_to_truth":null,"status":"OK","sub_age_sec":136,"contract_exchange":"SMART","contract_primary":"NASDAQ"}
SUBSCRIPTION_AUDIT {"ts":"2026-06-29T05:32:45.451000-04:00","sym":"DCOY","tier":"tick_by_tick","obs_v_5m":58244,"median_v_5m":560381,"ratio_obs_to_median":0.1039,"truth_v_5m":null,"ratio_obs_to_truth":null,"status":"OK","sub_age_sec":1939,"contract_exchange":"SMART","contract_primary":"NASDAQ"}
[ENGINE_PUB] STATS published=35,501 dropped=0 clients=2
[05:33:00 ET] ACTIVE | flat | daily=$+0 (0t) | conn=OK | ticks=1149 | DCOY:248t/IDLE UPC:261t/ARMED/arm$10.02
[05:33:01 ET] ACTIVE | flat | daily=$+0 (0t) | conn=OK | ticks=1195 | DCOY:284t/IDLE UPC:271t/ARMED/arm$10.02
  Tick cache: UPC → +50,845 ticks (total 51,055)
  Tick cache: DCOY → +376 ticks (total 85,496)
📦 Tick cache saved: 2 symbols → tick_cache/2026-06-29/
[TIER] STATUS tier1=['DCOY', 'UPC'] tier2=0 capacity=2/5
  Tick cache: DCOY → +448 ticks (total 85,944)
  Tick cache: UPC → +322 ticks (total 51,377)
📦 Tick cache saved: 2 symbols → tick_cache/2026-06-29/
  TICK AUDIT: DCOY: 837 ticks in last 60s, last_price=$13.83, last_tick_time=05:33:42
  TICK AUDIT: UPC: 646 ticks in last 60s, last_price=$8.75, last_tick_time=05:33:42
  → ORPHAN IGNORED (sync): FEBO on WB_ORPHAN_HALT_IGNORE_SYMBOLS — NOT adopting; bot keeps trading. Left at broker for manual handling.
[TIER] STATUS tier1=['DCOY', 'UPC'] tier2=0 capacity=2/5
  ⚠️ ORPHAN POSITION FOUND: FEBO qty=219 (available=219) entry=$1.12 unrealized=$-45.78 value=$198.78
  → ORPHAN IGNORED: FEBO on WB_ORPHAN_HALT_IGNORE_SYMBOLS — NOT adopting, NOT halting. Bot keeps trading other names; position left at broker for manual handling.
SUBSCRIPTION_AUDIT {"ts":"2026-06-29T05:33:45.668674-04:00","sym":"UPC","tier":"tick_by_tick","obs_v_5m":802237,"median_v_5m":433406,"ratio_obs_to_median":1.851,"truth_v_5m":null,"ratio_obs_to_truth":null,"status":"OK","sub_age_sec":196,"contract_exchange":"SMART","contract_primary":"NASDAQ"}
SUBSCRIPTION_AUDIT {"ts":"2026-06-29T05:33:45.668674-04:00","sym":"DCOY","tier":"tick_by_tick","obs_v_5m":64576,"median_v_5m":433406,"ratio_obs_to_median":0.149,"truth_v_5m":null,"ratio_obs_to_truth":null,"status":"OK","sub_age_sec":2000,"contract_exchange":"SMART","contract_primary":"NASDAQ"}
[ENGINE_PUB] STATS published=36,795 dropped=0 clients=2
[05:34:00 ET] ACTIVE | flat | daily=$+0 (0t) | conn=OK | ticks=942 | DCOY:128t/IDLE UPC:174t/ARMED/arm$10.02
[05:34:01 ET] ACTIVE | flat | daily=$+0 (0t) | conn=OK | ticks=957 | DCOY:141t/IDLE UPC:176t/ARMED/arm$10.02
  Tick cache: DCOY → +261 ticks (total 86,205)
  Tick cache: UPC → +250 ticks (total 51,627)
📦 Tick cache saved: 2 symbols → tick_cache/2026-06-29/
[TIER] STATUS tier1=['DCOY', 'UPC'] tier2=0 capacity=2/5
  Tick cache: UPC → +144 ticks (total 51,771)
  Tick cache: DCOY → +147 ticks (total 86,352)
📦 Tick cache saved: 2 symbols → tick_cache/2026-06-29/
  TICK AUDIT: DCOY: 371 ticks in last 60s, last_price=$13.82, last_tick_time=05:34:42
  TICK AUDIT: UPC: 368 ticks in last 60s, last_price=$8.70, last_tick_time=05:34:42
  → ORPHAN IGNORED (sync): FEBO on WB_ORPHAN_HALT_IGNORE_SYMBOLS — NOT adopting; bot keeps trading. Left at broker for manual handling.
[TIER] STATUS tier1=['DCOY', 'UPC'] tier2=0 capacity=2/5
  ⚠️ ORPHAN POSITION FOUND: FEBO qty=219 (available=219) entry=$1.12 unrealized=$-45.78 value=$198.78
  → ORPHAN IGNORED: FEBO on WB_ORPHAN_HALT_IGNORE_SYMBOLS — NOT adopting, NOT halting. Bot keeps trading other names; position left at broker for manual handling.
SUBSCRIPTION_AUDIT {"ts":"2026-06-29T05:34:45.884774-04:00","sym":"UPC","tier":"tick_by_tick","obs_v_5m":680260,"median_v_5m":369944,"ratio_obs_to_median":1.8388,"truth_v_5m":null,"ratio_obs_to_truth":null,"status":"OK","sub_age_sec":256,"contract_exchange":"SMART","contract_primary":"NASDAQ"}
SUBSCRIPTION_AUDIT {"ts":"2026-06-29T05:34:45.884774-04:00","sym":"DCOY","tier":"tick_by_tick","obs_v_5m":59629,"median_v_5m":369944,"ratio_obs_to_median":0.1612,"truth_v_5m":null,"ratio_obs_to_truth":null,"status":"OK","sub_age_sec":2060,"contract_exchange":"SMART","contract_primary":"NASDAQ"}
[ENGINE_PUB] STATS published=37,423 dropped=0 clients=2
[05:35 ET] UPC CHART | O=8.70 H=8.75 L=8.67 C=8.75 V=10,265 | EMA9=9.13 VWAP=9.48 (-7.7%) HOD=10.98 PM_H=10.98 | MACD=N/A vol_ratio=0.4x avg_vol=25,277 bars=12 | sq=ARMED armed=$10.02
[05:35 ET] DCOY CHART | O=13.98 H=13.98 L=13.73 C=13.77 V=4,460 | EMA9=14.00 VWAP=13.38 (+2.9%) HOD=17.81 PM_H=17.81 | MACD=N/A vol_ratio=0.2x avg_vol=28,540 bars=50 | sq=IDLE armed=none
[05:35:00 ET] ACTIVE | flat | daily=$+0 (0t) | conn=OK | ticks=845 | DCOY:79t/IDLE UPC:126t/ARMED/arm$10.02
[05:35:01 ET] ACTIVE | flat | daily=$+0 (0t) | conn=OK | ticks=856 | DCOY:85t/IDLE UPC:131t/ARMED/arm$10.02
  Tick cache: DCOY → +187 ticks (total 86,539)
  Tick cache: UPC → +207 ticks (total 51,978)
📦 Tick cache saved: 2 symbols → tick_cache/2026-06-29/
[TIER] STATUS tier1=['DCOY', 'UPC'] tier2=0 capacity=2/5

🔄 Running scanner at 05:35:30 ET...
Error 162, reqId 136755: Historical Market Data Service error message:API scanner subscription cancelled: 136755
IBKR ERROR 162: Historical Market Data Service error message:API scanner subscription cancelled: 136755 (reqId=136755, symbol=?)
[05:35 ET] QH CHART | O=6.50 H=6.50 L=6.50 C=6.50 V=100 | EMA9=none VWAP=6.49 (+0.2%) HOD=7.33 PM_H=7.33 | MACD=N/A vol_ratio=0.0x avg_vol=0 bars=0 | sq=N/A armed=none
[05:35 ET] WNW CHART | O=4.04 H=4.04 L=4.04 C=4.04 V=100 | EMA9=none VWAP=3.96 (+1.9%) HOD=4.05 PM_H=4.05 | MACD=N/A vol_ratio=0.0x avg_vol=0 bars=0 | sq=N/A armed=none
  Tick cache: UPC → +135 ticks (total 52,113)
[05:35 ET] WSHP CHART | O=9.25 H=9.25 L=9.25 C=9.25 V=300 | EMA9=none VWAP=9.02 (+2.5%) HOD=9.38 PM_H=9.38 | MACD=N/A vol_ratio=0.0x avg_vol=0 bars=0 | sq=N/A armed=none
  Tick cache: DCOY → +138 ticks (total 86,677)
  Tick cache: QH → +2 ticks (total 18)
  Tick cache: WNW → +2 ticks (total 30)
📦 Tick cache saved: 4 symbols → tick_cache/2026-06-29/
[05:35 ET] AMSS CHART | O=2.36 H=2.36 L=2.36 C=2.36 V=300 | EMA9=none VWAP=2.33 (+1.4%) HOD=2.37 PM_H=2.37 | MACD=N/A vol_ratio=0.0x avg_vol=0 bars=0 | sq=N/A armed=none
[05:35 ET] LRMR CHART | O=4.15 H=4.15 L=4.15 C=4.15 V=100 | EMA9=none VWAP=4.21 (-1.4%) HOD=4.35 PM_H=4.35 | MACD=N/A vol_ratio=0.0x avg_vol=0 bars=0 | sq=N/A armed=none
[05:35 ET] STI CHART | O=13.54 H=13.54 L=13.54 C=13.54 V=100 | EMA9=none VWAP=14.10 (-4.0%) HOD=16.37 PM_H=16.37 | MACD=N/A vol_ratio=0.0x avg_vol=0 bars=0 | sq=N/A armed=none
[05:35 ET] CCXI CHART | O=15.25 H=15.25 L=15.25 C=15.25 V=1,500 | EMA9=none VWAP=15.65 (-2.6%) HOD=16.49 PM_H=16.49 | MACD=N/A vol_ratio=0.0x avg_vol=0 bars=0 | sq=N/A armed=none
[05:35 ET] SMCX CHART | O=10.90 H=10.90 L=10.90 C=10.90 V=1,000 | EMA9=none VWAP=10.47 (+4.2%) HOD=10.97 PM_H=10.97 | MACD=N/A vol_ratio=0.0x avg_vol=0 bars=0 | sq=N/A armed=none
[ENGINE_PUB] STATS published=38,041 dropped=0 clients=2
[05:35 ET] CBRG CHART | O=4.39 H=4.39 L=4.39 C=4.39 V=800 | EMA9=none VWAP=4.40 (-0.1%) HOD=4.48 PM_H=4.48 | MACD=N/A vol_ratio=0.0x avg_vol=0 bars=0 | sq=N/A armed=none
  Tick cache: UPC → +220 ticks (total 52,333)
  Tick cache: DCOY → +118 ticks (total 86,795)
  Tick cache: WSHP → +2 ticks (total 28)
  Tick cache: AMSS → +1 ticks (total 32)
  Tick cache: LRMR → +1 ticks (total 35)
  Tick cache: STI → +3 ticks (total 24)
  Tick cache: CCXI → +3 ticks (total 36)
  Tick cache: SMCX → +2 ticks (total 20)
  Tick cache: CBRG → +2 ticks (total 39)
  Tick cache: RDWU → +1 ticks (total 40)
  Tick cache: VIVO → +1 ticks (total 23)
  Tick cache: SKYQ → +3 ticks (total 23)
  Tick cache: ORCU → +3 ticks (total 31)
  Tick cache: LWLG → +1 ticks (total 9)
📦 Tick cache saved: 14 symbols → tick_cache/2026-06-29/
  Saved: /Users/duffy/warrior_bot_v2/scanner_results/2026-06-29.json (19 snapshots)
📊 Scanner: 2 new candidates, 0 new subs, 2 total watching
  TICK AUDIT: DCOY: 470 ticks in last 60s, last_price=$13.93, last_tick_time=05:36:25
  TICK AUDIT: UPC: 614 ticks in last 60s, last_price=$8.77, last_tick_time=05:36:25
  → ORPHAN IGNORED (sync): FEBO on WB_ORPHAN_HALT_IGNORE_SYMBOLS — NOT adopting; bot keeps trading. Left at broker for manual handling.
[TIER] STATUS tier1=['DCOY', 'UPC'] tier2=0 capacity=2/5
SUBSCRIPTION_AUDIT {"ts":"2026-06-29T05:35:30.040798-04:00","sym":"DCOY","tier":"tick_by_tick","obs_v_5m":59629,"median_v_5m":49912,"ratio_obs_to_median":1.1947,"truth_v_5m":11933,"ratio_obs_to_truth":4.997,"status":"DIRECT_QUERY_OK","sub_age_sec":2104,"contract_exchange":"SMART","contract_primary":"NASDAQ"}
SUBSCRIPTION_AUDIT {"ts":"2026-06-29T05:35:30.040798-04:00","sym":"UPC","tier":"tick_by_tick","obs_v_5m":680260,"median_v_5m":49912,"ratio_obs_to_median":13.6292,"truth_v_5m":40286,"ratio_obs_to_truth":16.8858,"status":"DIRECT_QUERY_OK","sub_age_sec":300,"contract_exchange":"SMART","contract_primary":"NASDAQ"}
  ⚠️ ORPHAN POSITION FOUND: FEBO qty=219 (available=219) entry=$1.12 unrealized=$-45.78 value=$198.78
  → ORPHAN IGNORED: FEBO on WB_ORPHAN_HALT_IGNORE_SYMBOLS — NOT adopting, NOT halting. Bot keeps trading other names; position left at broker for manual handling.
SUBSCRIPTION_AUDIT {"ts":"2026-06-29T05:36:27.232148-04:00","sym":"UPC","tier":"tick_by_tick","obs_v_5m":63975,"median_v_5m":49912,"ratio_obs_to_median":1.2818,"truth_v_5m":null,"ratio_obs_to_truth":null,"status":"OK","sub_age_sec":358,"contract_exchange":"SMART","contract_primary":"NASDAQ"}
SUBSCRIPTION_AUDIT {"ts":"2026-06-29T05:36:27.232148-04:00","sym":"DCOY","tier":"tick_by_tick","obs_v_5m":35849,"median_v_5m":49912,"ratio_obs_to_median":0.7182,"truth_v_5m":null,"ratio_obs_to_truth":null,"status":"OK","sub_age_sec":2161,"contract_exchange":"SMART","contract_primary":"NASDAQ"}
  Tick cache: DCOY → +287 ticks (total 87,082)
  Tick cache: UPC → +143 ticks (total 52,476)
  Tick cache: MBRX → +3 ticks (total 35)
  Tick cache: RZLV → +1 ticks (total 12)
  Tick cache: SLS → +2 ticks (total 32)
  Tick cache: OKLL → +1 ticks (total 14)
📦 Tick cache saved: 6 symbols → tick_cache/2026-06-29/
[TIER] STATUS tier1=['DCOY', 'UPC'] tier2=0 capacity=2/5
[ENGINE_PUB] STATS published=39,023 dropped=0 clients=2
[05:37:00 ET] ACTIVE | flat | daily=$+0 (0t) | conn=OK | ticks=1357 | DCOY:363t/IDLE UPC:320t/ARMED/arm$10.02
[05:37:01 ET] ACTIVE | flat | daily=$+0 (0t) | conn=OK | ticks=1365 | DCOY:366t/IDLE UPC:325t/ARMED/arm$10.02
  Tick cache: DCOY → +253 ticks (total 87,335)
  Tick cache: UPC → +397 ticks (total 52,873)
📦 Tick cache saved: 2 symbols → tick_cache/2026-06-29/
  TICK AUDIT: DCOY: 532 ticks in last 60s, last_price=$14.05, last_tick_time=05:37:26
  TICK AUDIT: UPC: 526 ticks in last 60s, last_price=$8.73, last_tick_time=05:37:26
  → ORPHAN IGNORED (sync): FEBO on WB_ORPHAN_HALT_IGNORE_SYMBOLS — NOT adopting; bot keeps trading. Left at broker for manual handling.
[TIER] STATUS tier1=['DCOY', 'UPC'] tier2=0 capacity=2/5
  ⚠️ ORPHAN POSITION FOUND: FEBO qty=219 (available=219) entry=$1.12 unrealized=$-45.78 value=$198.78
  → ORPHAN IGNORED: FEBO on WB_ORPHAN_HALT_IGNORE_SYMBOLS — NOT adopting, NOT halting. Bot keeps trading other names; position left at broker for manual handling.
SUBSCRIPTION_AUDIT {"ts":"2026-06-29T05:37:27.452301-04:00","sym":"UPC","tier":"tick_by_tick","obs_v_5m":65108,"median_v_5m":51724,"ratio_obs_to_median":1.2587,"truth_v_5m":null,"ratio_obs_to_truth":null,"status":"OK","sub_age_sec":418,"contract_exchange":"SMART","contract_primary":"NASDAQ"}
SUBSCRIPTION_AUDIT {"ts":"2026-06-29T05:37:27.452301-04:00","sym":"DCOY","tier":"tick_by_tick","obs_v_5m":38341,"median_v_5m":51724,"ratio_obs_to_median":0.7413,"truth_v_5m":null,"ratio_obs_to_truth":null,"status":"OK","sub_age_sec":2221,"contract_exchange":"SMART","contract_primary":"NASDAQ"}
  Tick cache: DCOY → +225 ticks (total 87,560)
  Tick cache: UPC → +127 ticks (total 53,000)
📦 Tick cache saved: 2 symbols → tick_cache/2026-06-29/
[TIER] STATUS tier1=['DCOY', 'UPC'] tier2=0 capacity=2/5
[ENGINE_PUB] STATS published=39,836 dropped=0 clients=2
[05:38:00 ET] ACTIVE | flat | daily=$+0 (0t) | conn=OK | ticks=1075 | DCOY:216t/IDLE UPC:185t/ARMED/arm$10.02
[05:38:01 ET] ACTIVE | flat | daily=$+0 (0t) | conn=OK | ticks=1078 | DCOY:216t/IDLE UPC:188t/ARMED/arm$10.02
  Tick cache: DCOY → +128 ticks (total 87,688)
  Tick cache: UPC → +161 ticks (total 53,161)
📦 Tick cache saved: 2 symbols → tick_cache/2026-06-29/
  TICK AUDIT: DCOY: 338 ticks in last 60s, last_price=$13.84, last_tick_time=05:38:26
  TICK AUDIT: UPC: 323 ticks in last 60s, last_price=$8.67, last_tick_time=05:38:26
  → ORPHAN IGNORED (sync): FEBO on WB_ORPHAN_HALT_IGNORE_SYMBOLS — NOT adopting; bot keeps trading. Left at broker for manual handling.
[TIER] STATUS tier1=['DCOY', 'UPC'] tier2=0 capacity=2/5
  ⚠️ ORPHAN POSITION FOUND: FEBO qty=219 (available=219) entry=$1.12 unrealized=$-45.78 value=$198.78
  → ORPHAN IGNORED: FEBO on WB_ORPHAN_HALT_IGNORE_SYMBOLS — NOT adopting, NOT halting. Bot keeps trading other names; position left at broker for manual handling.
SUBSCRIPTION_AUDIT {"ts":"2026-06-29T05:38:27.660379-04:00","sym":"UPC","tier":"tick_by_tick","obs_v_5m":69119,"median_v_5m":52828,"ratio_obs_to_median":1.3084,"truth_v_5m":null,"ratio_obs_to_truth":null,"status":"OK","sub_age_sec":478,"contract_exchange":"SMART","contract_primary":"NASDAQ"}
SUBSCRIPTION_AUDIT {"ts":"2026-06-29T05:38:27.660379-04:00","sym":"DCOY","tier":"tick_by_tick","obs_v_5m":36537,"median_v_5m":52828,"ratio_obs_to_median":0.6916,"truth_v_5m":null,"ratio_obs_to_truth":null,"status":"OK","sub_age_sec":2282,"contract_exchange":"SMART","contract_primary":"NASDAQ"}
  Tick cache: DCOY → +103 ticks (total 87,791)
  Tick cache: UPC → +255 ticks (total 53,416)
📦 Tick cache saved: 2 symbols → tick_cache/2026-06-29/
[TIER] STATUS tier1=['DCOY', 'UPC'] tier2=0 capacity=2/5
[ENGINE_PUB] STATS published=40,445 dropped=0 clients=2
[05:39:00 ET] ACTIVE | flat | daily=$+0 (0t) | conn=OK | ticks=1034 | DCOY:151t/IDLE UPC:209t/ARMED/arm$10.02
[05:39:01 ET] ACTIVE | flat | daily=$+0 (0t) | conn=OK | ticks=1036 | DCOY:152t/IDLE UPC:210t/ARMED/arm$10.02
  Tick cache: UPC → +105 ticks (total 53,521)
  Tick cache: DCOY → +170 ticks (total 87,961)
📦 Tick cache saved: 2 symbols → tick_cache/2026-06-29/
  TICK AUDIT: DCOY: 251 ticks in last 60s, last_price=$13.76, last_tick_time=05:39:26
  TICK AUDIT: UPC: 285 ticks in last 60s, last_price=$8.67, last_tick_time=05:39:26
  → ORPHAN IGNORED (sync): FEBO on WB_ORPHAN_HALT_IGNORE_SYMBOLS — NOT adopting; bot keeps trading. Left at broker for manual handling.
[TIER] STATUS tier1=['DCOY', 'UPC'] tier2=0 capacity=2/5
  ⚠️ ORPHAN POSITION FOUND: FEBO qty=219 (available=219) entry=$1.12 unrealized=$-45.78 value=$198.78
  → ORPHAN IGNORED: FEBO on WB_ORPHAN_HALT_IGNORE_SYMBOLS — NOT adopting, NOT halting. Bot keeps trading other names; position left at broker for manual handling.
SUBSCRIPTION_AUDIT {"ts":"2026-06-29T05:39:27.880249-04:00","sym":"UPC","tier":"tick_by_tick","obs_v_5m":63951,"median_v_5m":47871,"ratio_obs_to_median":1.3359,"truth_v_5m":null,"ratio_obs_to_truth":null,"status":"OK","sub_age_sec":538,"contract_exchange":"SMART","contract_primary":"NASDAQ"}
SUBSCRIPTION_AUDIT {"ts":"2026-06-29T05:39:27.880249-04:00","sym":"DCOY","tier":"tick_by_tick","obs_v_5m":31792,"median_v_5m":47871,"ratio_obs_to_median":0.6641,"truth_v_5m":null,"ratio_obs_to_truth":null,"status":"OK","sub_age_sec":2342,"contract_exchange":"SMART","contract_primary":"NASDAQ"}
  Tick cache: UPC → +106 ticks (total 53,627)
[TIER] STATUS tier1=['DCOY', 'UPC'] tier2=0 capacity=2/5
  Tick cache: DCOY → +87 ticks (total 88,048)
📦 Tick cache saved: 2 symbols → tick_cache/2026-06-29/
[ENGINE_PUB] STATS published=40,820 dropped=0 clients=2
[05:40:00 ET] ACTIVE | flat | daily=$+0 (0t) | conn=OK | ticks=859 | DCOY:86t/IDLE UPC:99t/ARMED/arm$10.02
[05:40:01 ET] ACTIVE | flat | daily=$+0 (0t) | conn=OK | ticks=859 | DCOY:86t/IDLE UPC:99t/ARMED/arm$10.02
[05:40 ET] DCOY CHART | O=13.74 H=13.89 L=13.74 C=13.84 V=3,111 | EMA9=13.92 VWAP=13.39 (+3.3%) HOD=17.81 PM_H=17.81 | MACD=N/A vol_ratio=0.1x avg_vol=24,087 bars=50 | sq=IDLE armed=none
[05:40 ET] UPC CHART | O=8.68 H=8.73 L=8.63 C=8.71 V=4,146 | EMA9=8.86 VWAP=9.46 (-7.9%) HOD=10.98 PM_H=10.98 | MACD=N/A vol_ratio=0.2x avg_vol=21,698 bars=17 | sq=ARMED armed=$10.02
  TICK AUDIT: DCOY: 138 ticks in last 60s, last_price=$13.93, last_tick_time=05:40:26
  TICK AUDIT: UPC: 154 ticks in last 60s, last_price=$8.72, last_tick_time=05:40:26
  → ORPHAN IGNORED (sync): FEBO on WB_ORPHAN_HALT_IGNORE_SYMBOLS — NOT adopting; bot keeps trading. Left at broker for manual handling.
[TIER] STATUS tier1=['DCOY', 'UPC'] tier2=0 capacity=2/5
  ⚠️ ORPHAN POSITION FOUND: FEBO qty=219 (available=219) entry=$1.12 unrealized=$-45.78 value=$198.78
  → ORPHAN IGNORED: FEBO on WB_ORPHAN_HALT_IGNORE_SYMBOLS — NOT adopting, NOT halting. Bot keeps trading other names; position left at broker for manual handling.
SUBSCRIPTION_AUDIT {"ts":"2026-06-29T05:40:28.105306-04:00","sym":"UPC","tier":"tick_by_tick","obs_v_5m":57832,"median_v_5m":44137,"ratio_obs_to_median":1.3103,"truth_v_5m":null,"ratio_obs_to_truth":null,"status":"OK","sub_age_sec":598,"contract_exchange":"SMART","contract_primary":"NASDAQ"}
SUBSCRIPTION_AUDIT {"ts":"2026-06-29T05:40:28.105306-04:00","sym":"DCOY","tier":"tick_by_tick","obs_v_5m":30443,"median_v_5m":44137,"ratio_obs_to_median":0.6897,"truth_v_5m":null,"ratio_obs_to_truth":null,"status":"OK","sub_age_sec":2402,"contract_exchange":"SMART","contract_primary":"NASDAQ"}
  Tick cache: DCOY → +63 ticks (total 88,111)
  Tick cache: UPC → +56 ticks (total 53,683)
📦 Tick cache saved: 2 symbols → tick_cache/2026-06-29/

🔄 Running scanner at 05:40:30 ET...
Error 162, reqId 136838: Historical Market Data Service error message:API scanner subscription cancelled: 136838
  [float_cache] Cleared 17 stale None entries — will re-attempt lookups
IBKR ERROR 162: Historical Market Data Service error message:API scanner subscription cancelled: 136838 (reqId=136838, symbol=?)
[05:40 ET] QH CHART | O=7.33 H=7.33 L=7.33 C=7.33 V=200 | EMA9=none VWAP=6.53 (+12.3%) HOD=7.33 PM_H=7.33 | MACD=N/A vol_ratio=0.0x avg_vol=0 bars=0 | sq=N/A armed=none
[05:40 ET] WNW CHART | O=3.97 H=3.97 L=3.97 C=3.97 V=200 | EMA9=none VWAP=3.97 (+0.1%) HOD=4.05 PM_H=4.05 | MACD=N/A vol_ratio=0.0x avg_vol=0 bars=0 | sq=N/A armed=none
[05:40 ET] WSHP CHART | O=9.29 H=9.29 L=9.29 C=9.29 V=200 | EMA9=none VWAP=9.04 (+2.8%) HOD=9.45 PM_H=9.45 | MACD=N/A vol_ratio=0.0x avg_vol=0 bars=0 | sq=N/A armed=none
[05:40 ET] AMSS CHART | O=2.35 H=2.35 L=2.35 C=2.35 V=100 | EMA9=none VWAP=2.33 (+1.0%) HOD=2.37 PM_H=2.37 | MACD=N/A vol_ratio=0.0x avg_vol=0 bars=0 | sq=N/A armed=none
[05:40 ET] LRMR CHART | O=4.15 H=4.15 L=4.15 C=4.15 V=1,200 | EMA9=none VWAP=4.20 (-1.2%) HOD=4.35 PM_H=4.35 | MACD=N/A vol_ratio=0.0x avg_vol=0 bars=0 | sq=N/A armed=none
[05:40 ET] STI CHART | O=13.61 H=13.61 L=13.61 C=13.61 V=300 | EMA9=none VWAP=14.07 (-3.3%) HOD=16.37 PM_H=16.37 | MACD=N/A vol_ratio=0.0x avg_vol=0 bars=0 | sq=N/A armed=none
[05:40 ET] CCXI CHART | O=15.37 H=15.37 L=15.37 C=15.37 V=300 | EMA9=none VWAP=15.65 (-1.8%) HOD=16.49 PM_H=16.49 | MACD=N/A vol_ratio=0.0x avg_vol=0 bars=0 | sq=N/A armed=none
[05:40 ET] CBRG CHART | O=4.44 H=4.44 L=4.44 C=4.44 V=600 | EMA9=none VWAP=4.40 (+1.0%) HOD=4.48 PM_H=4.48 | MACD=N/A vol_ratio=0.0x avg_vol=0 bars=0 | sq=N/A armed=none
[05:40 ET] SMCX CHART | O=10.83 H=10.83 L=10.83 C=10.83 V=200 | EMA9=none VWAP=10.48 (+3.4%) HOD=10.97 PM_H=10.97 | MACD=N/A vol_ratio=0.0x avg_vol=0 bars=0 | sq=N/A armed=none
  Tick cache: DCOY → +139 ticks (total 88,250)
[ENGINE_PUB] STATS published=41,294 dropped=0 clients=2
  Tick cache: UPC → +204 ticks (total 53,887)
  Tick cache: QH → +3 ticks (total 21)
  Tick cache: WNW → +2 ticks (total 32)
  Tick cache: WSHP → +2 ticks (total 30)
  Tick cache: AMSS → +1 ticks (total 33)
  Tick cache: LRMR → +1 ticks (total 36)
  Tick cache: STI → +2 ticks (total 26)
  Tick cache: CCXI → +3 ticks (total 39)
  Tick cache: CBRG → +2 ticks (total 41)
  Tick cache: SMCX → +2 ticks (total 22)
📦 Tick cache saved: 11 symbols → tick_cache/2026-06-29/
  Saved: /Users/duffy/warrior_bot_v2/scanner_results/2026-06-29.json (20 snapshots)
📊 Scanner: 2 new candidates, 0 new subs, 2 total watching
[TIER] STATUS tier1=['DCOY', 'UPC'] tier2=0 capacity=2/5
SUBSCRIPTION_AUDIT {"ts":"2026-06-29T05:40:30.112541-04:00","sym":"UPC","tier":"tick_by_tick","obs_v_5m":57832,"median_v_5m":41670,"ratio_obs_to_median":1.3879,"truth_v_5m":27984,"ratio_obs_to_truth":2.0666,"status":"DIRECT_QUERY_OK","sub_age_sec":600,"contract_exchange":"SMART","contract_primary":"NASDAQ"}
SUBSCRIPTION_AUDIT {"ts":"2026-06-29T05:40:30.112541-04:00","sym":"DCOY","tier":"tick_by_tick","obs_v_5m":30443,"median_v_5m":41670,"ratio_obs_to_median":0.7306,"truth_v_5m":14319,"ratio_obs_to_truth":2.1261,"status":"DIRECT_QUERY_OK","sub_age_sec":2404,"contract_exchange":"SMART","contract_primary":"NASDAQ"}
  TICK AUDIT: DCOY: 213 ticks in last 60s, last_price=$13.87, last_tick_time=05:41:27
  TICK AUDIT: UPC: 309 ticks in last 60s, last_price=$8.73, last_tick_time=05:41:27
  → ORPHAN IGNORED (sync): FEBO on WB_ORPHAN_HALT_IGNORE_SYMBOLS — NOT adopting; bot keeps trading. Left at broker for manual handling.
  ⚠️ ORPHAN POSITION FOUND: FEBO qty=219 (available=219) entry=$1.12 unrealized=$-45.78 value=$198.78
  → ORPHAN IGNORED: FEBO on WB_ORPHAN_HALT_IGNORE_SYMBOLS — NOT adopting, NOT halting. Bot keeps trading other names; position left at broker for manual handling.
SUBSCRIPTION_AUDIT {"ts":"2026-06-29T05:41:28.933593-04:00","sym":"UPC","tier":"tick_by_tick","obs_v_5m":52222,"median_v_5m":41670,"ratio_obs_to_median":1.2532,"truth_v_5m":null,"ratio_obs_to_truth":null,"status":"OK","sub_age_sec":659,"contract_exchange":"SMART","contract_primary":"NASDAQ"}
SUBSCRIPTION_AUDIT {"ts":"2026-06-29T05:41:28.933593-04:00","sym":"DCOY","tier":"tick_by_tick","obs_v_5m":31118,"median_v_5m":41670,"ratio_obs_to_median":0.7468,"truth_v_5m":null,"ratio_obs_to_truth":null,"status":"OK","sub_age_sec":2463,"contract_exchange":"SMART","contract_primary":"NASDAQ"}
  Tick cache: DCOY → +109 ticks (total 88,359)
  Tick cache: UPC → +114 ticks (total 54,001)
  Tick cache: RDWU → +2 ticks (total 42)
  Tick cache: VIVO → +1 ticks (total 24)
  Tick cache: ORCU → +3 ticks (total 34)
  Tick cache: LWLG → +2 ticks (total 11)
  Tick cache: RZLV → +1 ticks (total 13)
  Tick cache: SKYQ → +2 ticks (total 25)
  Tick cache: SLS → +2 ticks (total 34)
  Tick cache: OKLL → +2 ticks (total 16)
  Tick cache: MBRX → +3 ticks (total 38)
📦 Tick cache saved: 11 symbols → tick_cache/2026-06-29/
[TIER] STATUS tier1=['DCOY', 'UPC'] tier2=0 capacity=2/5
[05:42:00 ET] ACTIVE | flat | daily=$+0 (0t) | conn=OK | ticks=859 | DCOY:104t/IDLE UPC:45t/ARMED/arm$10.02
[ENGINE_PUB] STATS published=41,636 dropped=0 clients=2
[05:42:01 ET] ACTIVE | flat | daily=$+0 (0t) | conn=OK | ticks=866 | DCOY:108t/IDLE UPC:48t/ARMED/arm$10.02
  Tick cache: UPC → +42 ticks (total 54,043)
  Tick cache: DCOY → +75 ticks (total 88,434)
📦 Tick cache saved: 2 symbols → tick_cache/2026-06-29/
[05:42:11 ET] [MOVE] FIRESTORM_GATE_BLOCK UPC setup=move_strike prior_bar_ticks=148 threshold=6000
[05:42:12 ET] [MOVE] FIRESTORM_GATE_BLOCK UPC setup=move_strike prior_bar_ticks=148 threshold=6000
[05:42:12 ET] [MOVE] FIRESTORM_GATE_BLOCK UPC setup=move_strike prior_bar_ticks=148 threshold=6000
[05:42:12 ET] [MOVE] FIRESTORM_GATE_BLOCK UPC setup=move_strike prior_bar_ticks=148 threshold=6000
[05:42:12 ET] [MOVE] FIRESTORM_GATE_BLOCK UPC setup=move_strike prior_bar_ticks=148 threshold=6000
[05:42:12 ET] [MOVE] FIRESTORM_GATE_BLOCK UPC setup=move_strike prior_bar_ticks=148 threshold=6000
[05:42:12 ET] [MOVE] FIRESTORM_GATE_BLOCK UPC setup=move_strike prior_bar_ticks=148 threshold=6000
[05:42:12 ET] [MOVE] FIRESTORM_GATE_BLOCK UPC setup=move_strike prior_bar_ticks=148 threshold=6000
[05:42:12 ET] [MOVE] FIRESTORM_GATE_BLOCK UPC setup=move_strike prior_bar_ticks=148 threshold=6000
[05:42:12 ET] [MOVE] FIRESTORM_GATE_BLOCK UPC setup=move_strike prior_bar_ticks=148 threshold=6000
[05:42:12 ET] [MOVE] FIRESTORM_GATE_BLOCK UPC setup=move_strike prior_bar_ticks=148 threshold=6000
[05:42:12 ET] [MOVE] FIRESTORM_GATE_BLOCK UPC setup=move_strike prior_bar_ticks=148 threshold=6000
[05:42:12 ET] [MOVE] FIRESTORM_GATE_BLOCK UPC setup=move_strike prior_bar_ticks=148 threshold=6000
[05:42:12 ET] [MOVE] FIRESTORM_GATE_BLOCK UPC setup=move_strike prior_bar_ticks=148 threshold=6000
[05:42:12 ET] [MOVE] FIRESTORM_GATE_BLOCK UPC setup=move_strike prior_bar_ticks=148 threshold=6000
[05:42:12 ET] [MOVE] FIRESTORM_GATE_BLOCK UPC setup=move_strike prior_bar_ticks=148 threshold=6000
[05:42:12 ET] [MOVE] FIRESTORM_GATE_BLOCK UPC setup=move_strike prior_bar_ticks=148 threshold=6000
[05:42:12 ET] [MOVE] FIRESTORM_GATE_BLOCK UPC setup=move_strike prior_bar_ticks=148 threshold=6000
[05:42:12 ET] [MOVE] FIRESTORM_GATE_BLOCK UPC setup=move_strike prior_bar_ticks=148 threshold=6000
[05:42:13 ET] [MOVE] FIRESTORM_GATE_BLOCK UPC setup=move_strike prior_bar_ticks=148 threshold=6000
[05:42:13 ET] [MOVE] FIRESTORM_GATE_BLOCK UPC setup=move_strike prior_bar_ticks=148 threshold=6000
[05:42:13 ET] [MOVE] FIRESTORM_GATE_BLOCK UPC setup=move_strike prior_bar_ticks=148 threshold=6000
[05:42:13 ET] [MOVE] FIRESTORM_GATE_BLOCK UPC setup=move_strike prior_bar_ticks=148 threshold=6000
[05:42:13 ET] [MOVE] FIRESTORM_GATE_BLOCK UPC setup=move_strike prior_bar_ticks=148 threshold=6000
[05:42:13 ET] [MOVE] FIRESTORM_GATE_BLOCK UPC setup=move_strike prior_bar_ticks=148 threshold=6000
[05:42:13 ET] [MOVE] FIRESTORM_GATE_BLOCK UPC setup=move_strike prior_bar_ticks=148 threshold=6000
[05:42:13 ET] [MOVE] FIRESTORM_GATE_BLOCK UPC setup=move_strike prior_bar_ticks=148 threshold=6000
[05:42:13 ET] [MOVE] FIRESTORM_GATE_BLOCK UPC setup=move_strike prior_bar_ticks=148 threshold=6000
[05:42:13 ET] [MOVE] FIRESTORM_GATE_BLOCK UPC setup=move_strike prior_bar_ticks=148 threshold=6000
[05:42:13 ET] [MOVE] FIRESTORM_GATE_BLOCK UPC setup=move_strike prior_bar_ticks=148 threshold=6000
[05:42:13 ET] [MOVE] FIRESTORM_GATE_BLOCK UPC setup=move_strike prior_bar_ticks=148 threshold=6000
[05:42:13 ET] [MOVE] FIRESTORM_GATE_BLOCK UPC setup=move_strike prior_bar_ticks=148 threshold=6000
[05:42:13 ET] [MOVE] FIRESTORM_GATE_BLOCK UPC setup=move_strike prior_bar_ticks=148 threshold=6000
[05:42:13 ET] [MOVE] FIRESTORM_GATE_BLOCK UPC setup=move_strike prior_bar_ticks=148 threshold=6000
[05:42:13 ET] [MOVE] FIRESTORM_GATE_BLOCK UPC setup=move_strike prior_bar_ticks=148 threshold=6000
[05:42:13 ET] [MOVE] FIRESTORM_GATE_BLOCK UPC setup=move_strike prior_bar_ticks=148 threshold=6000
[05:42:13 ET] [MOVE] FIRESTORM_GATE_BLOCK UPC setup=move_strike prior_bar_ticks=148 threshold=6000
[05:42:13 ET] [MOVE] FIRESTORM_GATE_BLOCK UPC setup=move_strike prior_bar_ticks=148 threshold=6000
[05:42:13 ET] [MOVE] FIRESTORM_GATE_BLOCK UPC setup=move_strike prior_bar_ticks=148 threshold=6000
[05:42:13 ET] [MOVE] FIRESTORM_GATE_BLOCK UPC setup=move_strike prior_bar_ticks=148 threshold=6000
[05:42:14 ET] [MOVE] FIRESTORM_GATE_BLOCK UPC setup=move_strike prior_bar_ticks=148 threshold=6000
[05:42:14 ET] [MOVE] FIRESTORM_GATE_BLOCK UPC setup=move_strike prior_bar_ticks=148 threshold=6000
[05:42:14 ET] [MOVE] FIRESTORM_GATE_BLOCK UPC setup=move_strike prior_bar_ticks=148 threshold=6000
[05:42:14 ET] [MOVE] FIRESTORM_GATE_BLOCK UPC setup=move_strike prior_bar_ticks=148 threshold=6000
[05:42:14 ET] [MOVE] FIRESTORM_GATE_BLOCK UPC setup=move_strike prior_bar_ticks=148 threshold=6000
[05:42:14 ET] [MOVE] FIRESTORM_GATE_BLOCK UPC setup=move_strike prior_bar_ticks=148 threshold=6000
[05:42:14 ET] [MOVE] FIRESTORM_GATE_BLOCK UPC setup=move_strike prior_bar_ticks=148 threshold=6000
[05:42:15 ET] [MOVE] FIRESTORM_GATE_BLOCK UPC setup=move_strike prior_bar_ticks=148 threshold=6000
[05:42:15 ET] [MOVE] FIRESTORM_GATE_BLOCK UPC setup=move_strike prior_bar_ticks=148 threshold=6000
[05:42:15 ET] [MOVE] FIRESTORM_GATE_BLOCK UPC setup=move_strike prior_bar_ticks=148 threshold=6000
[05:42:15 ET] [MOVE] FIRESTORM_GATE_BLOCK UPC setup=move_strike prior_bar_ticks=148 threshold=6000
[05:42:15 ET] [MOVE] FIRESTORM_GATE_BLOCK UPC setup=move_strike prior_bar_ticks=148 threshold=6000
[05:42:15 ET] [MOVE] FIRESTORM_GATE_BLOCK UPC setup=move_strike prior_bar_ticks=148 threshold=6000
[05:42:15 ET] [MOVE] FIRESTORM_GATE_BLOCK UPC setup=move_strike prior_bar_ticks=148 threshold=6000
[05:42:15 ET] [MOVE] FIRESTORM_GATE_BLOCK UPC setup=move_strike prior_bar_ticks=148 threshold=6000
[05:42:15 ET] [MOVE] FIRESTORM_GATE_BLOCK UPC setup=move_strike prior_bar_ticks=148 threshold=6000
[05:42:15 ET] [MOVE] FIRESTORM_GATE_BLOCK UPC setup=move_strike prior_bar_ticks=148 threshold=6000
[05:42:15 ET] [MOVE] FIRESTORM_GATE_BLOCK UPC setup=move_strike prior_bar_ticks=148 threshold=6000
[05:42:15 ET] [MOVE] FIRESTORM_GATE_BLOCK UPC setup=move_strike prior_bar_ticks=148 threshold=6000
[05:42:15 ET] [MOVE] FIRESTORM_GATE_BLOCK UPC setup=move_strike prior_bar_ticks=148 threshold=6000
[05:42:15 ET] [MOVE] FIRESTORM_GATE_BLOCK UPC setup=move_strike prior_bar_ticks=148 threshold=6000
[05:42:15 ET] [MOVE] FIRESTORM_GATE_BLOCK UPC setup=move_strike prior_bar_ticks=148 threshold=6000
[05:42:15 ET] [MOVE] FIRESTORM_GATE_BLOCK UPC setup=move_strike prior_bar_ticks=148 threshold=6000
[05:42:15 ET] [MOVE] FIRESTORM_GATE_BLOCK UPC setup=move_strike prior_bar_ticks=148 threshold=6000
[05:42:15 ET] [MOVE] FIRESTORM_GATE_BLOCK UPC setup=move_strike prior_bar_ticks=148 threshold=6000
[05:42:15 ET] [MOVE] FIRESTORM_GATE_BLOCK UPC setup=move_strike prior_bar_ticks=148 threshold=6000
[05:42:15 ET] [MOVE] FIRESTORM_GATE_BLOCK UPC setup=move_strike prior_bar_ticks=148 threshold=6000
[05:42:15 ET] [MOVE] FIRESTORM_GATE_BLOCK UPC setup=move_strike prior_bar_ticks=148 threshold=6000
[05:42:15 ET] [MOVE] FIRESTORM_GATE_BLOCK UPC setup=move_strike prior_bar_ticks=148 threshold=6000
[05:42:15 ET] [MOVE] FIRESTORM_GATE_BLOCK UPC setup=move_strike prior_bar_ticks=148 threshold=6000
[05:42:15 ET] [MOVE] FIRESTORM_GATE_BLOCK UPC setup=move_strike prior_bar_ticks=148 threshold=6000
[05:42:15 ET] [MOVE] FIRESTORM_GATE_BLOCK UPC setup=move_strike prior_bar_ticks=148 threshold=6000
[05:42:15 ET] [MOVE] FIRESTORM_GATE_BLOCK UPC setup=move_strike prior_bar_ticks=148 threshold=6000
[05:42:15 ET] [MOVE] FIRESTORM_GATE_BLOCK UPC setup=move_strike prior_bar_ticks=148 threshold=6000
[05:42:15 ET] [MOVE] FIRESTORM_GATE_BLOCK UPC setup=move_strike prior_bar_ticks=148 threshold=6000
[05:42:15 ET] [MOVE] FIRESTORM_GATE_BLOCK UPC setup=move_strike prior_bar_ticks=148 threshold=6000
[05:42:15 ET] [MOVE] FIRESTORM_GATE_BLOCK UPC setup=move_strike prior_bar_ticks=148 threshold=6000
[05:42:15 ET] [MOVE] FIRESTORM_GATE_BLOCK UPC setup=move_strike prior_bar_ticks=148 threshold=6000
[05:42:15 ET] [MOVE] FIRESTORM_GATE_BLOCK UPC setup=move_strike prior_bar_ticks=148 threshold=6000
[05:42:15 ET] [MOVE] FIRESTORM_GATE_BLOCK UPC setup=move_strike prior_bar_ticks=148 threshold=6000
[05:42:15 ET] [MOVE] FIRESTORM_GATE_BLOCK UPC setup=move_strike prior_bar_ticks=148 threshold=6000
[05:42:15 ET] [MOVE] FIRESTORM_GATE_BLOCK UPC setup=move_strike prior_bar_ticks=148 threshold=6000
[05:42:15 ET] [MOVE] FIRESTORM_GATE_BLOCK UPC setup=move_strike prior_bar_ticks=148 threshold=6000
[05:42:15 ET] [MOVE] FIRESTORM_GATE_BLOCK UPC setup=move_strike prior_bar_ticks=148 threshold=6000
[05:42:15 ET] [MOVE] FIRESTORM_GATE_BLOCK UPC setup=move_strike prior_bar_ticks=148 threshold=6000
[05:42:15 ET] [MOVE] FIRESTORM_GATE_BLOCK UPC setup=move_strike prior_bar_ticks=148 threshold=6000
[05:42:15 ET] [MOVE] FIRESTORM_GATE_BLOCK UPC setup=move_strike prior_bar_ticks=148 threshold=6000
[05:42:15 ET] [MOVE] FIRESTORM_GATE_BLOCK UPC setup=move_strike prior_bar_ticks=148 threshold=6000
[05:42:15 ET] [MOVE] FIRESTORM_GATE_BLOCK UPC setup=move_strike prior_bar_ticks=148 threshold=6000
[05:42:15 ET] [MOVE] FIRESTORM_GATE_BLOCK UPC setup=move_strike prior_bar_ticks=148 threshold=6000
[05:42:15 ET] [MOVE] FIRESTORM_GATE_BLOCK UPC setup=move_strike prior_bar_ticks=148 threshold=6000
[05:42:15 ET] [MOVE] FIRESTORM_GATE_BLOCK UPC setup=move_strike prior_bar_ticks=148 threshold=6000
[05:42:15 ET] [MOVE] FIRESTORM_GATE_BLOCK UPC setup=move_strike prior_bar_ticks=148 threshold=6000
[05:42:16 ET] [MOVE] FIRESTORM_GATE_BLOCK UPC setup=move_strike prior_bar_ticks=148 threshold=6000
[05:42:16 ET] [MOVE] FIRESTORM_GATE_BLOCK UPC setup=move_strike prior_bar_ticks=148 threshold=6000
[05:42:16 ET] [MOVE] FIRESTORM_GATE_BLOCK UPC setup=move_strike prior_bar_ticks=148 threshold=6000
[05:42:16 ET] [MOVE] FIRESTORM_GATE_BLOCK UPC setup=move_strike prior_bar_ticks=148 threshold=6000
[05:42:16 ET] [MOVE] FIRESTORM_GATE_BLOCK UPC setup=move_strike prior_bar_ticks=148 threshold=6000
[05:42:16 ET] [MOVE] FIRESTORM_GATE_BLOCK UPC setup=move_strike prior_bar_ticks=148 threshold=6000
[05:42:17 ET] [MOVE] FIRESTORM_GATE_BLOCK UPC setup=move_strike prior_bar_ticks=148 threshold=6000
[05:42:17 ET] [MOVE] FIRESTORM_GATE_BLOCK UPC setup=move_strike prior_bar_ticks=148 threshold=6000
[05:42:17 ET] [MOVE] FIRESTORM_GATE_BLOCK UPC setup=move_strike prior_bar_ticks=148 threshold=6000
[05:42:17 ET] [MOVE] FIRESTORM_GATE_BLOCK UPC setup=move_strike prior_bar_ticks=148 threshold=6000
[05:42:17 ET] [MOVE] FIRESTORM_GATE_BLOCK UPC setup=move_strike prior_bar_ticks=148 threshold=6000
[05:42:17 ET] [MOVE] FIRESTORM_GATE_BLOCK UPC setup=move_strike prior_bar_ticks=148 threshold=6000
[05:42:17 ET] [MOVE] FIRESTORM_GATE_BLOCK UPC setup=move_strike prior_bar_ticks=148 threshold=6000
[05:42:18 ET] [MOVE] FIRESTORM_GATE_BLOCK UPC setup=move_strike prior_bar_ticks=148 threshold=6000
[05:42:18 ET] [MOVE] FIRESTORM_GATE_BLOCK UPC setup=move_strike prior_bar_ticks=148 threshold=6000
[05:42:19 ET] [MOVE] FIRESTORM_GATE_BLOCK UPC setup=move_strike prior_bar_ticks=148 threshold=6000
[05:42:19 ET] [MOVE] FIRESTORM_GATE_BLOCK UPC setup=move_strike prior_bar_ticks=148 threshold=6000
[05:42:19 ET] [MOVE] FIRESTORM_GATE_BLOCK UPC setup=move_strike prior_bar_ticks=148 threshold=6000
[05:42:19 ET] [MOVE] FIRESTORM_GATE_BLOCK UPC setup=move_strike prior_bar_ticks=148 threshold=6000
[05:42:19 ET] [MOVE] FIRESTORM_GATE_BLOCK UPC setup=move_strike prior_bar_ticks=148 threshold=6000
[05:42:19 ET] [MOVE] FIRESTORM_GATE_BLOCK UPC setup=move_strike prior_bar_ticks=148 threshold=6000
[05:42:19 ET] [MOVE] FIRESTORM_GATE_BLOCK UPC setup=move_strike prior_bar_ticks=148 threshold=6000
[05:42:19 ET] [MOVE] FIRESTORM_GATE_BLOCK UPC setup=move_strike prior_bar_ticks=148 threshold=6000
[05:42:19 ET] [MOVE] FIRESTORM_GATE_BLOCK UPC setup=move_strike prior_bar_ticks=148 threshold=6000
[05:42:20 ET] [MOVE] FIRESTORM_GATE_BLOCK UPC setup=move_strike prior_bar_ticks=148 threshold=6000
[05:42:20 ET] [MOVE] FIRESTORM_GATE_BLOCK UPC setup=move_strike prior_bar_ticks=148 threshold=6000
[05:42:20 ET] [MOVE] FIRESTORM_GATE_BLOCK UPC setup=move_strike prior_bar_ticks=148 threshold=6000
[05:42:21 ET] [MOVE] FIRESTORM_GATE_BLOCK UPC setup=move_strike prior_bar_ticks=148 threshold=6000
[05:42:21 ET] [MOVE] FIRESTORM_GATE_BLOCK UPC setup=move_strike prior_bar_ticks=148 threshold=6000
[05:42:22 ET] [MOVE] FIRESTORM_GATE_BLOCK UPC setup=move_strike prior_bar_ticks=148 threshold=6000
[05:42:22 ET] [MOVE] FIRESTORM_GATE_BLOCK UPC setup=move_strike prior_bar_ticks=148 threshold=6000
[05:42:23 ET] [MOVE] FIRESTORM_GATE_BLOCK UPC setup=move_strike prior_bar_ticks=148 threshold=6000
[05:42:23 ET] [MOVE] FIRESTORM_GATE_BLOCK UPC setup=move_strike prior_bar_ticks=148 threshold=6000
[05:42:23 ET] [MOVE] FIRESTORM_GATE_BLOCK UPC setup=move_strike prior_bar_ticks=148 threshold=6000
[05:42:24 ET] [MOVE] FIRESTORM_GATE_BLOCK UPC setup=move_strike prior_bar_ticks=148 threshold=6000
[05:42:24 ET] [MOVE] FIRESTORM_GATE_BLOCK UPC setup=move_strike prior_bar_ticks=148 threshold=6000
[05:42:24 ET] [MOVE] FIRESTORM_GATE_BLOCK UPC setup=move_strike prior_bar_ticks=148 threshold=6000
[05:42:24 ET] [MOVE] FIRESTORM_GATE_BLOCK UPC setup=move_strike prior_bar_ticks=148 threshold=6000
[05:42:24 ET] [MOVE] FIRESTORM_GATE_BLOCK UPC setup=move_strike prior_bar_ticks=148 threshold=6000
[05:42:24 ET] [MOVE] FIRESTORM_GATE_BLOCK UPC setup=move_strike prior_bar_ticks=148 threshold=6000
[05:42:24 ET] [MOVE] FIRESTORM_GATE_BLOCK UPC setup=move_strike prior_bar_ticks=148 threshold=6000
[05:42:24 ET] [MOVE] FIRESTORM_GATE_BLOCK UPC setup=move_strike prior_bar_ticks=148 threshold=6000
[05:42:24 ET] [MOVE] FIRESTORM_GATE_BLOCK UPC setup=move_strike prior_bar_ticks=148 threshold=6000
[05:42:24 ET] [MOVE] FIRESTORM_GATE_BLOCK UPC setup=move_strike prior_bar_ticks=148 threshold=6000
[05:42:24 ET] [MOVE] FIRESTORM_GATE_BLOCK UPC setup=move_strike prior_bar_ticks=148 threshold=6000
[05:42:24 ET] [MOVE] FIRESTORM_GATE_BLOCK UPC setup=move_strike prior_bar_ticks=148 threshold=6000
[05:42:24 ET] [MOVE] FIRESTORM_GATE_BLOCK UPC setup=move_strike prior_bar_ticks=148 threshold=6000
[05:42:24 ET] [MOVE] FIRESTORM_GATE_BLOCK UPC setup=move_strike prior_bar_ticks=148 threshold=6000
[05:42:24 ET] [MOVE] FIRESTORM_GATE_BLOCK UPC setup=move_strike prior_bar_ticks=148 threshold=6000
[05:42:24 ET] [MOVE] FIRESTORM_GATE_BLOCK UPC setup=move_strike prior_bar_ticks=148 threshold=6000
[05:42:24 ET] [MOVE] FIRESTORM_GATE_BLOCK UPC setup=move_strike prior_bar_ticks=148 threshold=6000
[05:42:24 ET] [MOVE] FIRESTORM_GATE_BLOCK UPC setup=move_strike prior_bar_ticks=148 threshold=6000
[05:42:24 ET] [MOVE] FIRESTORM_GATE_BLOCK UPC setup=move_strike prior_bar_ticks=148 threshold=6000
[05:42:24 ET] [MOVE] FIRESTORM_GATE_BLOCK UPC setup=move_strike prior_bar_ticks=148 threshold=6000
[05:42:24 ET] [MOVE] FIRESTORM_GATE_BLOCK UPC setup=move_strike prior_bar_ticks=148 threshold=6000
[05:42:24 ET] [MOVE] FIRESTORM_GATE_BLOCK UPC setup=move_strike prior_bar_ticks=148 threshold=6000
[05:42:24 ET] [MOVE] FIRESTORM_GATE_BLOCK UPC setup=move_strike prior_bar_ticks=148 threshold=6000
[05:42:24 ET] [MOVE] FIRESTORM_GATE_BLOCK UPC setup=move_strike prior_bar_ticks=148 threshold=6000
[05:42:24 ET] [MOVE] FIRESTORM_GATE_BLOCK UPC setup=move_strike prior_bar_ticks=148 threshold=6000
[05:42:25 ET] [MOVE] FIRESTORM_GATE_BLOCK UPC setup=move_strike prior_bar_ticks=148 threshold=6000
[TIER] STATUS tier1=['DCOY', 'UPC'] tier2=0 capacity=2/5
[05:42:26 ET] [MOVE] FIRESTORM_GATE_BLOCK UPC setup=move_strike prior_bar_ticks=148 threshold=6000
[05:42:26 ET] [MOVE] FIRESTORM_GATE_BLOCK UPC setup=move_strike prior_bar_ticks=148 threshold=6000
[05:42:26 ET] [MOVE] FIRESTORM_GATE_BLOCK UPC setup=move_strike prior_bar_ticks=148 threshold=6000
[05:42:26 ET] [MOVE] FIRESTORM_GATE_BLOCK UPC setup=move_strike prior_bar_ticks=148 threshold=6000
[05:42:26 ET] [MOVE] FIRESTORM_GATE_BLOCK UPC setup=move_strike prior_bar_ticks=148 threshold=6000
[05:42:26 ET] [MOVE] FIRESTORM_GATE_BLOCK UPC setup=move_strike prior_bar_ticks=148 threshold=6000
[05:42:27 ET] [MOVE] FIRESTORM_GATE_BLOCK UPC setup=move_strike prior_bar_ticks=148 threshold=6000
[05:42:27 ET] [MOVE] FIRESTORM_GATE_BLOCK UPC setup=move_strike prior_bar_ticks=148 threshold=6000
[05:42:27 ET] [MOVE] FIRESTORM_GATE_BLOCK UPC setup=move_strike prior_bar_ticks=148 threshold=6000
[05:42:27 ET] [MOVE] FIRESTORM_GATE_BLOCK UPC setup=move_strike prior_bar_ticks=148 threshold=6000
[05:42:28 ET] [MOVE] FIRESTORM_GATE_BLOCK UPC setup=move_strike prior_bar_ticks=148 threshold=6000
  TICK AUDIT: DCOY: 211 ticks in last 60s, last_price=$13.85, last_tick_time=05:42:28
  TICK AUDIT: UPC: 352 ticks in last 60s, last_price=$8.92, last_tick_time=05:42:28
  → ORPHAN IGNORED (sync): FEBO on WB_ORPHAN_HALT_IGNORE_SYMBOLS — NOT adopting; bot keeps trading. Left at broker for manual handling.
[05:42:28 ET] [MOVE] FIRESTORM_GATE_BLOCK UPC setup=move_strike prior_bar_ticks=148 threshold=6000
[05:42:28 ET] [MOVE] FIRESTORM_GATE_BLOCK UPC setup=move_strike prior_bar_ticks=148 threshold=6000
  ⚠️ ORPHAN POSITION FOUND: FEBO qty=219 (available=219) entry=$1.12 unrealized=$-45.78 value=$198.78
  → ORPHAN IGNORED: FEBO on WB_ORPHAN_HALT_IGNORE_SYMBOLS — NOT adopting, NOT halting. Bot keeps trading other names; position left at broker for manual handling.
SUBSCRIPTION_AUDIT {"ts":"2026-06-29T05:42:29.151736-04:00","sym":"UPC","tier":"tick_by_tick","obs_v_5m":48161,"median_v_5m":36099,"ratio_obs_to_median":1.3341,"truth_v_5m":null,"ratio_obs_to_truth":null,"status":"OK","sub_age_sec":719,"contract_exchange":"SMART","contract_primary":"NASDAQ"}
SUBSCRIPTION_AUDIT {"ts":"2026-06-29T05:42:29.151736-04:00","sym":"DCOY","tier":"tick_by_tick","obs_v_5m":24037,"median_v_5m":36099,"ratio_obs_to_median":0.6659,"truth_v_5m":null,"ratio_obs_to_truth":null,"status":"OK","sub_age_sec":2523,"contract_exchange":"SMART","contract_primary":"NASDAQ"}
[05:42:29 ET] [MOVE] FIRESTORM_GATE_BLOCK UPC setup=move_strike prior_bar_ticks=148 threshold=6000
[05:42:29 ET] [MOVE] FIRESTORM_GATE_BLOCK UPC setup=move_strike prior_bar_ticks=148 threshold=6000
[05:42:29 ET] [MOVE] FIRESTORM_GATE_BLOCK UPC setup=move_strike prior_bar_ticks=148 threshold=6000
[05:42:29 ET] [MOVE] FIRESTORM_GATE_BLOCK UPC setup=move_strike prior_bar_ticks=148 threshold=6000
[05:42:29 ET] [MOVE] FIRESTORM_GATE_BLOCK UPC setup=move_strike prior_bar_ticks=148 threshold=6000
[05:42:29 ET] [MOVE] FIRESTORM_GATE_BLOCK UPC setup=move_strike prior_bar_ticks=148 threshold=6000
[05:42:29 ET] [MOVE] FIRESTORM_GATE_BLOCK UPC setup=move_strike prior_bar_ticks=148 threshold=6000
[05:42:29 ET] [MOVE] FIRESTORM_GATE_BLOCK UPC setup=move_strike prior_bar_ticks=148 threshold=6000
[05:42:29 ET] [MOVE] FIRESTORM_GATE_BLOCK UPC setup=move_strike prior_bar_ticks=148 threshold=6000
[05:42:29 ET] [MOVE] FIRESTORM_GATE_BLOCK UPC setup=move_strike prior_bar_ticks=148 threshold=6000
[05:42:29 ET] [MOVE] FIRESTORM_GATE_BLOCK UPC setup=move_strike prior_bar_ticks=148 threshold=6000
[05:42:29 ET] [MOVE] FIRESTORM_GATE_BLOCK UPC setup=move_strike prior_bar_ticks=148 threshold=6000
[05:42:29 ET] [MOVE] FIRESTORM_GATE_BLOCK UPC setup=move_strike prior_bar_ticks=148 threshold=6000
[05:42:29 ET] [MOVE] FIRESTORM_GATE_BLOCK UPC setup=move_strike prior_bar_ticks=148 threshold=6000
[05:42:31 ET] [MOVE] FIRESTORM_GATE_BLOCK UPC setup=move_strike prior_bar_ticks=148 threshold=6000
[05:42:31 ET] [MOVE] FIRESTORM_GATE_BLOCK UPC setup=move_strike prior_bar_ticks=148 threshold=6000
[05:42:31 ET] [MOVE] FIRESTORM_GATE_BLOCK UPC setup=move_strike prior_bar_ticks=148 threshold=6000
[05:42:31 ET] [MOVE] FIRESTORM_GATE_BLOCK UPC setup=move_strike prior_bar_ticks=148 threshold=6000
[05:42:31 ET] [MOVE] FIRESTORM_GATE_BLOCK UPC setup=move_strike prior_bar_ticks=148 threshold=6000
[05:42:31 ET] [MOVE] FIRESTORM_GATE_BLOCK UPC setup=move_strike prior_bar_ticks=148 threshold=6000
[05:42:31 ET] [MOVE] FIRESTORM_GATE_BLOCK UPC setup=move_strike prior_bar_ticks=148 threshold=6000
[05:42:31 ET] [MOVE] FIRESTORM_GATE_BLOCK UPC setup=move_strike prior_bar_ticks=148 threshold=6000
[05:42:31 ET] [MOVE] FIRESTORM_GATE_BLOCK UPC setup=move_strike prior_bar_ticks=148 threshold=6000
[05:42:31 ET] [MOVE] FIRESTORM_GATE_BLOCK UPC setup=move_strike prior_bar_ticks=148 threshold=6000
[05:42:31 ET] [MOVE] FIRESTORM_GATE_BLOCK UPC setup=move_strike prior_bar_ticks=148 threshold=6000
[05:42:31 ET] [MOVE] FIRESTORM_GATE_BLOCK UPC setup=move_strike prior_bar_ticks=148 threshold=6000
[05:42:33 ET] [MOVE] FIRESTORM_GATE_BLOCK UPC setup=move_strike prior_bar_ticks=148 threshold=6000
[05:42:33 ET] [MOVE] FIRESTORM_GATE_BLOCK UPC setup=move_strike prior_bar_ticks=148 threshold=6000
[05:42:33 ET] [MOVE] FIRESTORM_GATE_BLOCK UPC setup=move_strike prior_bar_ticks=148 threshold=6000
[05:42:34 ET] [MOVE] FIRESTORM_GATE_BLOCK UPC setup=move_strike prior_bar_ticks=148 threshold=6000
[05:42:35 ET] [MOVE] FIRESTORM_GATE_BLOCK UPC setup=move_strike prior_bar_ticks=148 threshold=6000
  Tick cache: DCOY → +111 ticks (total 88,545)
[05:42:35 ET] [MOVE] FIRESTORM_GATE_BLOCK UPC setup=move_strike prior_bar_ticks=148 threshold=6000
  Tick cache: UPC → +371 ticks (total 54,414)
📦 Tick cache saved: 2 symbols → tick_cache/2026-06-29/
[05:42:37 ET] [MOVE] FIRESTORM_GATE_BLOCK UPC setup=move_strike prior_bar_ticks=148 threshold=6000
[05:42:37 ET] [MOVE] FIRESTORM_GATE_BLOCK UPC setup=move_strike prior_bar_ticks=148 threshold=6000
[05:42:39 ET] [MOVE] FIRESTORM_GATE_BLOCK UPC setup=move_strike prior_bar_ticks=148 threshold=6000
[05:42:40 ET] [MOVE] FIRESTORM_GATE_BLOCK UPC setup=move_strike prior_bar_ticks=148 threshold=6000
[05:42:40 ET] [MOVE] FIRESTORM_GATE_BLOCK UPC setup=move_strike prior_bar_ticks=148 threshold=6000
[05:42:40 ET] [MOVE] FIRESTORM_GATE_BLOCK UPC setup=move_strike prior_bar_ticks=148 threshold=6000
[05:42:41 ET] [MOVE] FIRESTORM_GATE_BLOCK UPC setup=move_strike prior_bar_ticks=148 threshold=6000
[05:42:41 ET] [MOVE] FIRESTORM_GATE_BLOCK UPC setup=move_strike prior_bar_ticks=148 threshold=6000
[05:42:41 ET] [MOVE] FIRESTORM_GATE_BLOCK UPC setup=move_strike prior_bar_ticks=148 threshold=6000
[05:42:41 ET] [MOVE] FIRESTORM_GATE_BLOCK UPC setup=move_strike prior_bar_ticks=148 threshold=6000
[05:42:42 ET] [MOVE] FIRESTORM_GATE_BLOCK UPC setup=move_strike prior_bar_ticks=148 threshold=6000
[05:42:42 ET] [MOVE] FIRESTORM_GATE_BLOCK UPC setup=move_strike prior_bar_ticks=148 threshold=6000
[05:42:43 ET] [MOVE] FIRESTORM_GATE_BLOCK UPC setup=move_strike prior_bar_ticks=148 threshold=6000
[05:42:43 ET] [MOVE] FIRESTORM_GATE_BLOCK UPC setup=move_strike prior_bar_ticks=148 threshold=6000
[05:42:43 ET] [MOVE] FIRESTORM_GATE_BLOCK UPC setup=move_strike prior_bar_ticks=148 threshold=6000
[05:42:45 ET] [MOVE] FIRESTORM_GATE_BLOCK UPC setup=move_strike prior_bar_ticks=148 threshold=6000
[TIER] STATUS tier1=['DCOY', 'UPC'] tier2=0 capacity=2/5
[05:43:00 ET] ACTIVE | flat | daily=$+0 (0t) | conn=OK | ticks=1069 | DCOY:126t/IDLE UPC:233t/ARMED/arm$10.02
[ENGINE_PUB] STATS published=42,409 dropped=0 clients=2
[05:43:01 ET] ACTIVE | flat | daily=$+0 (0t) | conn=OK | ticks=1071 | DCOY:127t/IDLE UPC:234t/ARMED/arm$10.02
  Tick cache: UPC → +176 ticks (total 54,590)
  Tick cache: DCOY → +135 ticks (total 88,680)
📦 Tick cache saved: 2 symbols → tick_cache/2026-06-29/
[TIER] STATUS tier1=['DCOY', 'UPC'] tier2=0 capacity=2/5
  TICK AUDIT: DCOY: 217 ticks in last 60s, last_price=$13.78, last_tick_time=05:43:27
  TICK AUDIT: UPC: 350 ticks in last 60s, last_price=$8.81, last_tick_time=05:43:28
  → ORPHAN IGNORED (sync): FEBO on WB_ORPHAN_HALT_IGNORE_SYMBOLS — NOT adopting; bot keeps trading. Left at broker for manual handling.
  ⚠️ ORPHAN POSITION FOUND: FEBO qty=219 (available=219) entry=$1.12 unrealized=$-45.78 value=$198.78
  → ORPHAN IGNORED: FEBO on WB_ORPHAN_HALT_IGNORE_SYMBOLS — NOT adopting, NOT halting. Bot keeps trading other names; position left at broker for manual handling.
SUBSCRIPTION_AUDIT {"ts":"2026-06-29T05:43:29.368408-04:00","sym":"UPC","tier":"tick_by_tick","obs_v_5m":55490,"median_v_5m":37654,"ratio_obs_to_median":1.4737,"truth_v_5m":null,"ratio_obs_to_truth":null,"status":"OK","sub_age_sec":780,"contract_exchange":"SMART","contract_primary":"NASDAQ"}
SUBSCRIPTION_AUDIT {"ts":"2026-06-29T05:43:29.368408-04:00","sym":"DCOY","tier":"tick_by_tick","obs_v_5m":19818,"median_v_5m":37654,"ratio_obs_to_median":0.5263,"truth_v_5m":null,"ratio_obs_to_truth":null,"status":"OK","sub_age_sec":2583,"contract_exchange":"SMART","contract_primary":"NASDAQ"}
  Tick cache: UPC → +149 ticks (total 54,739)
  Tick cache: DCOY → +89 ticks (total 88,769)
📦 Tick cache saved: 2 symbols → tick_cache/2026-06-29/
[TIER] STATUS tier1=['DCOY', 'UPC'] tier2=0 capacity=2/5
[05:44:00 ET] ACTIVE | flat | daily=$+0 (0t) | conn=OK | ticks=1001 | DCOY:180t/IDLE UPC:111t/ARMED/arm$10.02
[ENGINE_PUB] STATS published=42,906 dropped=0 clients=2
[05:44:01 ET] ACTIVE | flat | daily=$+0 (0t) | conn=OK | ticks=1008 | DCOY:187t/IDLE UPC:111t/ARMED/arm$10.02
  Tick cache: UPC → +93 ticks (total 54,832)
  Tick cache: DCOY → +204 ticks (total 88,973)
📦 Tick cache saved: 2 symbols → tick_cache/2026-06-29/
[TIER] STATUS tier1=['DCOY', 'UPC'] tier2=0 capacity=2/5
  TICK AUDIT: DCOY: 480 ticks in last 60s, last_price=$13.49, last_tick_time=05:44:28
  TICK AUDIT: UPC: 211 ticks in last 60s, last_price=$8.76, last_tick_time=05:44:27
  → ORPHAN IGNORED (sync): FEBO on WB_ORPHAN_HALT_IGNORE_SYMBOLS — NOT adopting; bot keeps trading. Left at broker for manual handling.
  ⚠️ ORPHAN POSITION FOUND: FEBO qty=219 (available=219) entry=$1.12 unrealized=$-45.78 value=$198.78
  → ORPHAN IGNORED: FEBO on WB_ORPHAN_HALT_IGNORE_SYMBOLS — NOT adopting, NOT halting. Bot keeps trading other names; position left at broker for manual handling.
SUBSCRIPTION_AUDIT {"ts":"2026-06-29T05:44:29.581624-04:00","sym":"UPC","tier":"tick_by_tick","obs_v_5m":46438,"median_v_5m":33735,"ratio_obs_to_median":1.3765,"truth_v_5m":null,"ratio_obs_to_truth":null,"status":"OK","sub_age_sec":840,"contract_exchange":"SMART","contract_primary":"NASDAQ"}
SUBSCRIPTION_AUDIT {"ts":"2026-06-29T05:44:29.581624-04:00","sym":"DCOY","tier":"tick_by_tick","obs_v_5m":21033,"median_v_5m":33735,"ratio_obs_to_median":0.6235,"truth_v_5m":null,"ratio_obs_to_truth":null,"status":"OK","sub_age_sec":2644,"contract_exchange":"SMART","contract_primary":"NASDAQ"}
  Tick cache: UPC → +120 ticks (total 54,952)
  Tick cache: DCOY → +611 ticks (total 89,584)
📦 Tick cache saved: 2 symbols → tick_cache/2026-06-29/
[TIER] STATUS tier1=['DCOY', 'UPC'] tier2=0 capacity=2/5
[05:45 ET] DCOY CHART | O=13.66 H=13.94 L=13.32 C=13.82 V=14,170 | EMA9=13.83 VWAP=13.40 (+3.1%) HOD=17.81 PM_H=17.81 | MACD=N/A vol_ratio=0.7x avg_vol=20,370 bars=50 | sq=IDLE armed=none
[05:45:00 ET] ACTIVE | flat | daily=$+0 (0t) | conn=OK | ticks=1361 | DCOY:548t/IDLE UPC:103t/ARMED/arm$10.02
[ENGINE_PUB] STATS published=43,958 dropped=0 clients=2
[05:45:01 ET] ACTIVE | flat | daily=$+0 (0t) | conn=OK | ticks=1362 | DCOY:549t/IDLE UPC:103t/ARMED/arm$10.02
[05:45 ET] UPC CHART | O=8.75 H=8.82 L=8.73 C=8.77 V=7,239 | EMA9=8.79 VWAP=9.45 (-7.2%) HOD=10.98 PM_H=10.98 | MACD=N/A vol_ratio=0.4x avg_vol=19,174 bars=22 | sq=ARMED armed=$10.02
  Tick cache: DCOY → +412 ticks (total 89,996)
  Tick cache: UPC → +78 ticks (total 55,030)
📦 Tick cache saved: 2 symbols → tick_cache/2026-06-29/
[TIER] STATUS tier1=['DCOY', 'UPC'] tier2=0 capacity=2/5
  TICK AUDIT: DCOY: 920 ticks in last 60s, last_price=$13.88, last_tick_time=05:45:28
  TICK AUDIT: UPC: 153 ticks in last 60s, last_price=$8.80, last_tick_time=05:45:28
  → ORPHAN IGNORED (sync): FEBO on WB_ORPHAN_HALT_IGNORE_SYMBOLS — NOT adopting; bot keeps trading. Left at broker for manual handling.
  ⚠️ ORPHAN POSITION FOUND: FEBO qty=219 (available=219) entry=$1.12 unrealized=$-45.78 value=$198.78
  → ORPHAN IGNORED: FEBO on WB_ORPHAN_HALT_IGNORE_SYMBOLS — NOT adopting, NOT halting. Bot keeps trading other names; position left at broker for manual handling.
SUBSCRIPTION_AUDIT {"ts":"2026-06-29T05:45:29.818647-04:00","sym":"UPC","tier":"tick_by_tick","obs_v_5m":49531,"median_v_5m":40811,"ratio_obs_to_median":1.2137,"truth_v_5m":null,"ratio_obs_to_truth":null,"status":"OK","sub_age_sec":900,"contract_exchange":"SMART","contract_primary":"NASDAQ"}
SUBSCRIPTION_AUDIT {"ts":"2026-06-29T05:45:29.818647-04:00","sym":"DCOY","tier":"tick_by_tick","obs_v_5m":32092,"median_v_5m":40811,"ratio_obs_to_median":0.7863,"truth_v_5m":null,"ratio_obs_to_truth":null,"status":"OK","sub_age_sec":2704,"contract_exchange":"SMART","contract_primary":"NASDAQ"}

🔄 Running scanner at 05:45:30 ET...
Error 162, reqId 136921: Historical Market Data Service error message:API scanner subscription cancelled: 136921
IBKR ERROR 162: Historical Market Data Service error message:API scanner subscription cancelled: 136921 (reqId=136921, symbol=?)
[05:45 ET] QH CHART | O=7.07 H=7.07 L=7.07 C=7.07 V=300 | EMA9=none VWAP=6.58 (+7.5%) HOD=7.39 PM_H=7.39 | MACD=N/A vol_ratio=0.0x avg_vol=0 bars=0 | sq=N/A armed=none
[05:45 ET] STI CHART | O=14.00 H=14.00 L=14.00 C=14.00 V=200 | EMA9=none VWAP=14.27 (-1.9%) HOD=16.37 PM_H=16.37 | MACD=N/A vol_ratio=0.0x avg_vol=0 bars=0 | sq=N/A armed=none
[05:45 ET] WNW CHART | O=3.97 H=3.97 L=3.97 C=3.97 V=200 | EMA9=none VWAP=3.96 (+0.2%) HOD=4.05 PM_H=4.05 | MACD=N/A vol_ratio=0.0x avg_vol=0 bars=0 | sq=N/A armed=none
[05:45 ET] AMSS CHART | O=2.34 H=2.34 L=2.34 C=2.34 V=200 | EMA9=none VWAP=2.33 (+0.4%) HOD=2.37 PM_H=2.37 | MACD=N/A vol_ratio=0.0x avg_vol=0 bars=0 | sq=N/A armed=none
  Tick cache: DCOY → +233 ticks (total 90,229)
  Tick cache: UPC → +87 ticks (total 55,117)
  Tick cache: QH → +2 ticks (total 23)
  Tick cache: STI → +2 ticks (total 28)
  Tick cache: WNW → +1 ticks (total 33)
📦 Tick cache saved: 5 symbols → tick_cache/2026-06-29/
[05:45 ET] WSHP CHART | O=9.45 H=9.45 L=9.45 C=9.45 V=200 | EMA9=none VWAP=9.05 (+4.4%) HOD=9.45 PM_H=9.45 | MACD=N/A vol_ratio=0.0x avg_vol=0 bars=0 | sq=N/A armed=none
[05:45 ET] LRMR CHART | O=4.15 H=4.15 L=4.15 C=4.15 V=1,700 | EMA9=none VWAP=4.20 (-1.2%) HOD=4.35 PM_H=4.35 | MACD=N/A vol_ratio=0.0x avg_vol=0 bars=0 | sq=N/A armed=none
[05:45 ET] CCXI CHART | O=15.35 H=15.35 L=15.35 C=15.35 V=300 | EMA9=none VWAP=15.64 (-1.9%) HOD=16.49 PM_H=16.49 | MACD=N/A vol_ratio=0.0x avg_vol=0 bars=0 | sq=N/A armed=none
[05:45 ET] RDWU CHART | O=8.70 H=8.70 L=8.70 C=8.70 V=600 | EMA9=none VWAP=8.65 (+0.6%) HOD=8.72 PM_H=8.72 | MACD=N/A vol_ratio=0.0x avg_vol=0 bars=0 | sq=N/A armed=none
[05:45 ET] CBRG CHART | O=4.46 H=4.46 L=4.46 C=4.46 V=200 | EMA9=none VWAP=4.40 (+1.4%) HOD=4.48 PM_H=4.48 | MACD=N/A vol_ratio=0.0x avg_vol=0 bars=0 | sq=N/A armed=none
[ENGINE_PUB] STATS published=44,594 dropped=0 clients=2
  Tick cache: AMSS → +2 ticks (total 35)
  Tick cache: DCOY → +91 ticks (total 90,320)
  Tick cache: UPC → +119 ticks (total 55,236)
  Tick cache: WSHP → +2 ticks (total 32)
  Tick cache: LRMR → +2 ticks (total 38)
  Tick cache: CCXI → +2 ticks (total 41)
  Tick cache: RDWU → +2 ticks (total 44)
  Tick cache: CBRG → +2 ticks (total 43)
  Tick cache: VIVO → +1 ticks (total 25)
  Tick cache: ORCU → +3 ticks (total 37)
  Tick cache: SMCX → +2 ticks (total 24)
  Tick cache: MBRX → +2 ticks (total 40)
  Tick cache: LWLG → +1 ticks (total 12)
  Tick cache: SLS → +1 ticks (total 35)
📦 Tick cache saved: 14 symbols → tick_cache/2026-06-29/
  Saved: /Users/duffy/warrior_bot_v2/scanner_results/2026-06-29.json (21 snapshots)
📊 Scanner: 2 new candidates, 0 new subs, 2 total watching
[TIER] STATUS tier1=['DCOY', 'UPC'] tier2=0 capacity=2/5
SUBSCRIPTION_AUDIT {"ts":"2026-06-29T05:45:30.822983-04:00","sym":"DCOY","tier":"tick_by_tick","obs_v_5m":32092,"median_v_5m":40402,"ratio_obs_to_median":0.7943,"truth_v_5m":11130,"ratio_obs_to_truth":2.8834,"status":"DIRECT_QUERY_OK","sub_age_sec":2705,"contract_exchange":"SMART","contract_primary":"NASDAQ"}
SUBSCRIPTION_AUDIT {"ts":"2026-06-29T05:45:30.822983-04:00","sym":"UPC","tier":"tick_by_tick","obs_v_5m":49531,"median_v_5m":40402,"ratio_obs_to_median":1.226,"truth_v_5m":25970,"ratio_obs_to_truth":1.9072,"status":"DIRECT_QUERY_OK","sub_age_sec":901,"contract_exchange":"SMART","contract_primary":"NASDAQ"}
[05:46:28 ET] [MOVE] FIRESTORM_GATE_BLOCK UPC setup=move_strike prior_bar_ticks=124 threshold=6000
[05:46:28 ET] [MOVE] FIRESTORM_GATE_BLOCK UPC setup=move_strike prior_bar_ticks=124 threshold=6000
[05:46:28 ET] [MOVE] FIRESTORM_GATE_BLOCK UPC setup=move_strike prior_bar_ticks=124 threshold=6000
[05:46:28 ET] [MOVE] FIRESTORM_GATE_BLOCK UPC setup=move_strike prior_bar_ticks=124 threshold=6000
[05:46:28 ET] [MOVE] FIRESTORM_GATE_BLOCK UPC setup=move_strike prior_bar_ticks=124 threshold=6000
[05:46:28 ET] [MOVE] FIRESTORM_GATE_BLOCK UPC setup=move_strike prior_bar_ticks=124 threshold=6000
[05:46:28 ET] [MOVE] FIRESTORM_GATE_BLOCK UPC setup=move_strike prior_bar_ticks=124 threshold=6000
[05:46:28 ET] [MOVE] FIRESTORM_GATE_BLOCK UPC setup=move_strike prior_bar_ticks=124 threshold=6000
[05:46:28 ET] [MOVE] FIRESTORM_GATE_BLOCK UPC setup=move_strike prior_bar_ticks=124 threshold=6000
[05:46:28 ET] [MOVE] FIRESTORM_GATE_BLOCK UPC setup=move_strike prior_bar_ticks=124 threshold=6000
[05:46:28 ET] [MOVE] FIRESTORM_GATE_BLOCK UPC setup=move_strike prior_bar_ticks=124 threshold=6000
[05:46:28 ET] [MOVE] FIRESTORM_GATE_BLOCK UPC setup=move_strike prior_bar_ticks=124 threshold=6000
[05:46:28 ET] [MOVE] FIRESTORM_GATE_BLOCK UPC setup=move_strike prior_bar_ticks=124 threshold=6000
[05:46:28 ET] [MOVE] FIRESTORM_GATE_BLOCK UPC setup=move_strike prior_bar_ticks=124 threshold=6000
[05:46:28 ET] [MOVE] FIRESTORM_GATE_BLOCK UPC setup=move_strike prior_bar_ticks=124 threshold=6000
[05:46:28 ET] [MOVE] FIRESTORM_GATE_BLOCK UPC setup=move_strike prior_bar_ticks=124 threshold=6000
[05:46:28 ET] [MOVE] FIRESTORM_GATE_BLOCK UPC setup=move_strike prior_bar_ticks=124 threshold=6000
[05:46:28 ET] [MOVE] FIRESTORM_GATE_BLOCK UPC setup=move_strike prior_bar_ticks=124 threshold=6000
[05:46:28 ET] [MOVE] FIRESTORM_GATE_BLOCK UPC setup=move_strike prior_bar_ticks=124 threshold=6000
[05:46:28 ET] [MOVE] FIRESTORM_GATE_BLOCK UPC setup=move_strike prior_bar_ticks=124 threshold=6000
[05:46:28 ET] [MOVE] FIRESTORM_GATE_BLOCK UPC setup=move_strike prior_bar_ticks=124 threshold=6000
[05:46:28 ET] [MOVE] FIRESTORM_GATE_BLOCK UPC setup=move_strike prior_bar_ticks=124 threshold=6000
[05:46:28 ET] [MOVE] FIRESTORM_GATE_BLOCK UPC setup=move_strike prior_bar_ticks=124 threshold=6000
[05:46:28 ET] [MOVE] FIRESTORM_GATE_BLOCK UPC setup=move_strike prior_bar_ticks=124 threshold=6000
[05:46:28 ET] [MOVE] FIRESTORM_GATE_BLOCK UPC setup=move_strike prior_bar_ticks=124 threshold=6000
[05:46:28 ET] [MOVE] FIRESTORM_GATE_BLOCK UPC setup=move_strike prior_bar_ticks=124 threshold=6000
[05:46:28 ET] [MOVE] FIRESTORM_GATE_BLOCK UPC setup=move_strike prior_bar_ticks=124 threshold=6000
[05:46:28 ET] [MOVE] FIRESTORM_GATE_BLOCK UPC setup=move_strike prior_bar_ticks=124 threshold=6000
[05:46:28 ET] [MOVE] FIRESTORM_GATE_BLOCK UPC setup=move_strike prior_bar_ticks=124 threshold=6000
[05:46:28 ET] [MOVE] FIRESTORM_GATE_BLOCK UPC setup=move_strike prior_bar_ticks=124 threshold=6000
[05:46:28 ET] [MOVE] FIRESTORM_GATE_BLOCK UPC setup=move_strike prior_bar_ticks=124 threshold=6000
[05:46:28 ET] [MOVE] FIRESTORM_GATE_BLOCK UPC setup=move_strike prior_bar_ticks=124 threshold=6000
[05:46:28 ET] [MOVE] FIRESTORM_GATE_BLOCK UPC setup=move_strike prior_bar_ticks=124 threshold=6000
[05:46:28 ET] [MOVE] FIRESTORM_GATE_BLOCK UPC setup=move_strike prior_bar_ticks=124 threshold=6000
[05:46:28 ET] [MOVE] FIRESTORM_GATE_BLOCK UPC setup=move_strike prior_bar_ticks=124 threshold=6000
[05:46:28 ET] [MOVE] FIRESTORM_GATE_BLOCK UPC setup=move_strike prior_bar_ticks=124 threshold=6000
[05:46:28 ET] [MOVE] FIRESTORM_GATE_BLOCK UPC setup=move_strike prior_bar_ticks=124 threshold=6000
[05:46:28 ET] [MOVE] FIRESTORM_GATE_BLOCK UPC setup=move_strike prior_bar_ticks=124 threshold=6000
[05:46:28 ET] [MOVE] FIRESTORM_GATE_BLOCK UPC setup=move_strike prior_bar_ticks=124 threshold=6000
[05:46:28 ET] [MOVE] FIRESTORM_GATE_BLOCK UPC setup=move_strike prior_bar_ticks=124 threshold=6000
[05:46:28 ET] [MOVE] FIRESTORM_GATE_BLOCK UPC setup=move_strike prior_bar_ticks=124 threshold=6000
[05:46:28 ET] [MOVE] FIRESTORM_GATE_BLOCK UPC setup=move_strike prior_bar_ticks=124 threshold=6000
[05:46:28 ET] [MOVE] FIRESTORM_GATE_BLOCK UPC setup=move_strike prior_bar_ticks=124 threshold=6000
[05:46:28 ET] [MOVE] FIRESTORM_GATE_BLOCK UPC setup=move_strike prior_bar_ticks=124 threshold=6000
[05:46:28 ET] [MOVE] FIRESTORM_GATE_BLOCK UPC setup=move_strike prior_bar_ticks=124 threshold=6000
[05:46:28 ET] [MOVE] FIRESTORM_GATE_BLOCK UPC setup=move_strike prior_bar_ticks=124 threshold=6000
[05:46:28 ET] [MOVE] FIRESTORM_GATE_BLOCK UPC setup=move_strike prior_bar_ticks=124 threshold=6000
[05:46:28 ET] [MOVE] FIRESTORM_GATE_BLOCK UPC setup=move_strike prior_bar_ticks=124 threshold=6000
[05:46:28 ET] [MOVE] FIRESTORM_GATE_BLOCK UPC setup=move_strike prior_bar_ticks=124 threshold=6000
[05:46:28 ET] [MOVE] FIRESTORM_GATE_BLOCK UPC setup=move_strike prior_bar_ticks=124 threshold=6000
[05:46:28 ET] [MOVE] FIRESTORM_GATE_BLOCK UPC setup=move_strike prior_bar_ticks=124 threshold=6000
[05:46:28 ET] [MOVE] FIRESTORM_GATE_BLOCK UPC setup=move_strike prior_bar_ticks=124 threshold=6000
[05:46:28 ET] [MOVE] FIRESTORM_GATE_BLOCK UPC setup=move_strike prior_bar_ticks=124 threshold=6000
[05:46:28 ET] [MOVE] FIRESTORM_GATE_BLOCK UPC setup=move_strike prior_bar_ticks=124 threshold=6000
[05:46:28 ET] [MOVE] FIRESTORM_GATE_BLOCK UPC setup=move_strike prior_bar_ticks=124 threshold=6000
[05:46:28 ET] [MOVE] FIRESTORM_GATE_BLOCK UPC setup=move_strike prior_bar_ticks=124 threshold=6000
[05:46:28 ET] [MOVE] FIRESTORM_GATE_BLOCK UPC setup=move_strike prior_bar_ticks=124 threshold=6000
[05:46:28 ET] [MOVE] FIRESTORM_GATE_BLOCK UPC setup=move_strike prior_bar_ticks=124 threshold=6000
[05:46:28 ET] [MOVE] FIRESTORM_GATE_BLOCK UPC setup=move_strike prior_bar_ticks=124 threshold=6000
[05:46:28 ET] [MOVE] FIRESTORM_GATE_BLOCK UPC setup=move_strike prior_bar_ticks=124 threshold=6000
[05:46:28 ET] [MOVE] FIRESTORM_GATE_BLOCK UPC setup=move_strike prior_bar_ticks=124 threshold=6000
[05:46:29 ET] [MOVE] FIRESTORM_GATE_BLOCK UPC setup=move_strike prior_bar_ticks=124 threshold=6000
[05:46:29 ET] [MOVE] FIRESTORM_GATE_BLOCK UPC setup=move_strike prior_bar_ticks=124 threshold=6000
[05:46:29 ET] [MOVE] FIRESTORM_GATE_BLOCK UPC setup=move_strike prior_bar_ticks=124 threshold=6000
[05:46:29 ET] [MOVE] FIRESTORM_GATE_BLOCK UPC setup=move_strike prior_bar_ticks=124 threshold=6000
[05:46:29 ET] [MOVE] FIRESTORM_GATE_BLOCK UPC setup=move_strike prior_bar_ticks=124 threshold=6000
[05:46:29 ET] [MOVE] FIRESTORM_GATE_BLOCK UPC setup=move_strike prior_bar_ticks=124 threshold=6000
[05:46:29 ET] [MOVE] FIRESTORM_GATE_BLOCK UPC setup=move_strike prior_bar_ticks=124 threshold=6000
[05:46:29 ET] [MOVE] FIRESTORM_GATE_BLOCK UPC setup=move_strike prior_bar_ticks=124 threshold=6000
[05:46:29 ET] [MOVE] FIRESTORM_GATE_BLOCK UPC setup=move_strike prior_bar_ticks=124 threshold=6000
  TICK AUDIT: DCOY: 190 ticks in last 60s, last_price=$13.81, last_tick_time=05:46:28
  TICK AUDIT: UPC: 304 ticks in last 60s, last_price=$8.93, last_tick_time=05:46:29
  → ORPHAN IGNORED (sync): FEBO on WB_ORPHAN_HALT_IGNORE_SYMBOLS — NOT adopting; bot keeps trading. Left at broker for manual handling.
[05:46:29 ET] [MOVE] FIRESTORM_GATE_BLOCK UPC setup=move_strike prior_bar_ticks=124 threshold=6000
[05:46:29 ET] [MOVE] FIRESTORM_GATE_BLOCK UPC setup=move_strike prior_bar_ticks=124 threshold=6000
[05:46:29 ET] [MOVE] FIRESTORM_GATE_BLOCK UPC setup=move_strike prior_bar_ticks=124 threshold=6000
[05:46:29 ET] [MOVE] FIRESTORM_GATE_BLOCK UPC setup=move_strike prior_bar_ticks=124 threshold=6000
[05:46:29 ET] [MOVE] FIRESTORM_GATE_BLOCK UPC setup=move_strike prior_bar_ticks=124 threshold=6000
[05:46:29 ET] [MOVE] FIRESTORM_GATE_BLOCK UPC setup=move_strike prior_bar_ticks=124 threshold=6000
[05:46:29 ET] [MOVE] FIRESTORM_GATE_BLOCK UPC setup=move_strike prior_bar_ticks=124 threshold=6000
[05:46:29 ET] [MOVE] FIRESTORM_GATE_BLOCK UPC setup=move_strike prior_bar_ticks=124 threshold=6000
[05:46:29 ET] [MOVE] FIRESTORM_GATE_BLOCK UPC setup=move_strike prior_bar_ticks=124 threshold=6000
[05:46:29 ET] [MOVE] FIRESTORM_GATE_BLOCK UPC setup=move_strike prior_bar_ticks=124 threshold=6000
[05:46:29 ET] [MOVE] FIRESTORM_GATE_BLOCK UPC setup=move_strike prior_bar_ticks=124 threshold=6000
[05:46:29 ET] [MOVE] FIRESTORM_GATE_BLOCK UPC setup=move_strike prior_bar_ticks=124 threshold=6000
[05:46:29 ET] [MOVE] FIRESTORM_GATE_BLOCK UPC setup=move_strike prior_bar_ticks=124 threshold=6000
[05:46:29 ET] [MOVE] FIRESTORM_GATE_BLOCK UPC setup=move_strike prior_bar_ticks=124 threshold=6000
[05:46:29 ET] [MOVE] FIRESTORM_GATE_BLOCK UPC setup=move_strike prior_bar_ticks=124 threshold=6000
[05:46:29 ET] [MOVE] FIRESTORM_GATE_BLOCK UPC setup=move_strike prior_bar_ticks=124 threshold=6000
[05:46:29 ET] [MOVE] FIRESTORM_GATE_BLOCK UPC setup=move_strike prior_bar_ticks=124 threshold=6000
[05:46:29 ET] [MOVE] FIRESTORM_GATE_BLOCK UPC setup=move_strike prior_bar_ticks=124 threshold=6000
[05:46:29 ET] [MOVE] FIRESTORM_GATE_BLOCK UPC setup=move_strike prior_bar_ticks=124 threshold=6000
[05:46:29 ET] [MOVE] FIRESTORM_GATE_BLOCK UPC setup=move_strike prior_bar_ticks=124 threshold=6000
[05:46:29 ET] [MOVE] FIRESTORM_GATE_BLOCK UPC setup=move_strike prior_bar_ticks=124 threshold=6000
[05:46:29 ET] [MOVE] FIRESTORM_GATE_BLOCK UPC setup=move_strike prior_bar_ticks=124 threshold=6000
[05:46:29 ET] [MOVE] FIRESTORM_GATE_BLOCK UPC setup=move_strike prior_bar_ticks=124 threshold=6000
[05:46:29 ET] [MOVE] FIRESTORM_GATE_BLOCK UPC setup=move_strike prior_bar_ticks=124 threshold=6000
[05:46:29 ET] [MOVE] FIRESTORM_GATE_BLOCK UPC setup=move_strike prior_bar_ticks=124 threshold=6000
[05:46:29 ET] [MOVE] FIRESTORM_GATE_BLOCK UPC setup=move_strike prior_bar_ticks=124 threshold=6000
  ⚠️ ORPHAN POSITION FOUND: FEBO qty=219 (available=219) entry=$1.12 unrealized=$-45.78 value=$198.78
  → ORPHAN IGNORED: FEBO on WB_ORPHAN_HALT_IGNORE_SYMBOLS — NOT adopting, NOT halting. Bot keeps trading other names; position left at broker for manual handling.
SUBSCRIPTION_AUDIT {"ts":"2026-06-29T05:46:30.119927-04:00","sym":"UPC","tier":"tick_by_tick","obs_v_5m":46013,"median_v_5m":40402,"ratio_obs_to_median":1.1389,"truth_v_5m":null,"ratio_obs_to_truth":null,"status":"OK","sub_age_sec":960,"contract_exchange":"SMART","contract_primary":"NASDAQ"}
SUBSCRIPTION_AUDIT {"ts":"2026-06-29T05:46:30.119927-04:00","sym":"DCOY","tier":"tick_by_tick","obs_v_5m":34791,"median_v_5m":40402,"ratio_obs_to_median":0.8611,"truth_v_5m":null,"ratio_obs_to_truth":null,"status":"OK","sub_age_sec":2764,"contract_exchange":"SMART","contract_primary":"NASDAQ"}
[05:46:30 ET] [MOVE] FIRESTORM_GATE_BLOCK UPC setup=move_strike prior_bar_ticks=124 threshold=6000
[05:46:30 ET] [MOVE] FIRESTORM_GATE_BLOCK UPC setup=move_strike prior_bar_ticks=124 threshold=6000
[05:46:30 ET] [MOVE] FIRESTORM_GATE_BLOCK UPC setup=move_strike prior_bar_ticks=124 threshold=6000
[05:46:30 ET] [MOVE] FIRESTORM_GATE_BLOCK UPC setup=move_strike prior_bar_ticks=124 threshold=6000
[05:46:30 ET] [MOVE] FIRESTORM_GATE_BLOCK UPC setup=move_strike prior_bar_ticks=124 threshold=6000
[05:46:30 ET] [MOVE] FIRESTORM_GATE_BLOCK UPC setup=move_strike prior_bar_ticks=124 threshold=6000
[05:46:30 ET] [MOVE] FIRESTORM_GATE_BLOCK UPC setup=move_strike prior_bar_ticks=124 threshold=6000
[05:46:30 ET] [MOVE] FIRESTORM_GATE_BLOCK UPC setup=move_strike prior_bar_ticks=124 threshold=6000
[05:46:30 ET] [MOVE] FIRESTORM_GATE_BLOCK UPC setup=move_strike prior_bar_ticks=124 threshold=6000
[05:46:30 ET] [MOVE] FIRESTORM_GATE_BLOCK UPC setup=move_strike prior_bar_ticks=124 threshold=6000
[05:46:31 ET] [MOVE] FIRESTORM_GATE_BLOCK UPC setup=move_strike prior_bar_ticks=124 threshold=6000
[05:46:31 ET] [MOVE] FIRESTORM_GATE_BLOCK UPC setup=move_strike prior_bar_ticks=124 threshold=6000
[05:46:31 ET] [MOVE] FIRESTORM_GATE_BLOCK UPC setup=move_strike prior_bar_ticks=124 threshold=6000
[05:46:31 ET] [MOVE] FIRESTORM_GATE_BLOCK UPC setup=move_strike prior_bar_ticks=124 threshold=6000
[05:46:31 ET] [MOVE] FIRESTORM_GATE_BLOCK UPC setup=move_strike prior_bar_ticks=124 threshold=6000
[05:46:31 ET] [MOVE] FIRESTORM_GATE_BLOCK UPC setup=move_strike prior_bar_ticks=124 threshold=6000
[05:46:31 ET] [MOVE] FIRESTORM_GATE_BLOCK UPC setup=move_strike prior_bar_ticks=124 threshold=6000
[05:46:31 ET] [MOVE] FIRESTORM_GATE_BLOCK UPC setup=move_strike prior_bar_ticks=124 threshold=6000
[05:46:31 ET] [MOVE] FIRESTORM_GATE_BLOCK UPC setup=move_strike prior_bar_ticks=124 threshold=6000
[05:46:31 ET] [MOVE] FIRESTORM_GATE_BLOCK UPC setup=move_strike prior_bar_ticks=124 threshold=6000
[05:46:31 ET] [MOVE] FIRESTORM_GATE_BLOCK UPC setup=move_strike prior_bar_ticks=124 threshold=6000
[05:46:31 ET] [MOVE] FIRESTORM_GATE_BLOCK UPC setup=move_strike prior_bar_ticks=124 threshold=6000
[05:46:31 ET] [MOVE] FIRESTORM_GATE_BLOCK UPC setup=move_strike prior_bar_ticks=124 threshold=6000
[05:46:31 ET] [MOVE] FIRESTORM_GATE_BLOCK UPC setup=move_strike prior_bar_ticks=124 threshold=6000
[05:46:32 ET] [MOVE] FIRESTORM_GATE_BLOCK UPC setup=move_strike prior_bar_ticks=124 threshold=6000
[05:46:32 ET] [MOVE] FIRESTORM_GATE_BLOCK UPC setup=move_strike prior_bar_ticks=124 threshold=6000
[05:46:32 ET] [MOVE] FIRESTORM_GATE_BLOCK UPC setup=move_strike prior_bar_ticks=124 threshold=6000
[05:46:32 ET] [MOVE] FIRESTORM_GATE_BLOCK UPC setup=move_strike prior_bar_ticks=124 threshold=6000
[05:46:32 ET] [MOVE] FIRESTORM_GATE_BLOCK UPC setup=move_strike prior_bar_ticks=124 threshold=6000
[05:46:32 ET] [MOVE] FIRESTORM_GATE_BLOCK UPC setup=move_strike prior_bar_ticks=124 threshold=6000
[05:46:32 ET] [MOVE] FIRESTORM_GATE_BLOCK UPC setup=move_strike prior_bar_ticks=124 threshold=6000
[05:46:32 ET] [MOVE] FIRESTORM_GATE_BLOCK UPC setup=move_strike prior_bar_ticks=124 threshold=6000
[05:46:32 ET] [MOVE] FIRESTORM_GATE_BLOCK UPC setup=move_strike prior_bar_ticks=124 threshold=6000
[05:46:32 ET] [MOVE] FIRESTORM_GATE_BLOCK UPC setup=move_strike prior_bar_ticks=124 threshold=6000
[05:46:32 ET] [MOVE] FIRESTORM_GATE_BLOCK UPC setup=move_strike prior_bar_ticks=124 threshold=6000
[05:46:32 ET] [MOVE] FIRESTORM_GATE_BLOCK UPC setup=move_strike prior_bar_ticks=124 threshold=6000
[05:46:32 ET] [MOVE] FIRESTORM_GATE_BLOCK UPC setup=move_strike prior_bar_ticks=124 threshold=6000
[05:46:32 ET] [MOVE] FIRESTORM_GATE_BLOCK UPC setup=move_strike prior_bar_ticks=124 threshold=6000
[05:46:33 ET] [MOVE] FIRESTORM_GATE_BLOCK UPC setup=move_strike prior_bar_ticks=124 threshold=6000
[05:46:33 ET] [MOVE] FIRESTORM_GATE_BLOCK UPC setup=move_strike prior_bar_ticks=124 threshold=6000
[05:46:33 ET] [MOVE] FIRESTORM_GATE_BLOCK UPC setup=move_strike prior_bar_ticks=124 threshold=6000
[05:46:34 ET] [MOVE] FIRESTORM_GATE_BLOCK UPC setup=move_strike prior_bar_ticks=124 threshold=6000
[05:46:34 ET] [MOVE] FIRESTORM_GATE_BLOCK UPC setup=move_strike prior_bar_ticks=124 threshold=6000
[05:46:34 ET] [MOVE] FIRESTORM_GATE_BLOCK UPC setup=move_strike prior_bar_ticks=124 threshold=6000
[05:46:34 ET] [MOVE] FIRESTORM_GATE_BLOCK UPC setup=move_strike prior_bar_ticks=124 threshold=6000
[05:46:34 ET] [MOVE] FIRESTORM_GATE_BLOCK UPC setup=move_strike prior_bar_ticks=124 threshold=6000
[05:46:35 ET] [MOVE] FIRESTORM_GATE_BLOCK UPC setup=move_strike prior_bar_ticks=124 threshold=6000
[05:46:35 ET] [MOVE] FIRESTORM_GATE_BLOCK UPC setup=move_strike prior_bar_ticks=124 threshold=6000
[05:46:35 ET] [MOVE] FIRESTORM_GATE_BLOCK UPC setup=move_strike prior_bar_ticks=124 threshold=6000
[05:46:35 ET] [MOVE] FIRESTORM_GATE_BLOCK UPC setup=move_strike prior_bar_ticks=124 threshold=6000
[05:46:35 ET] [MOVE] FIRESTORM_GATE_BLOCK UPC setup=move_strike prior_bar_ticks=124 threshold=6000
[05:46:35 ET] [MOVE] FIRESTORM_GATE_BLOCK UPC setup=move_strike prior_bar_ticks=124 threshold=6000
[05:46:35 ET] [MOVE] FIRESTORM_GATE_BLOCK UPC setup=move_strike prior_bar_ticks=124 threshold=6000
[05:46:35 ET] [MOVE] FIRESTORM_GATE_BLOCK UPC setup=move_strike prior_bar_ticks=124 threshold=6000
[05:46:35 ET] [MOVE] FIRESTORM_GATE_BLOCK UPC setup=move_strike prior_bar_ticks=124 threshold=6000
[05:46:36 ET] [MOVE] FIRESTORM_GATE_BLOCK UPC setup=move_strike prior_bar_ticks=124 threshold=6000
[05:46:36 ET] [MOVE] FIRESTORM_GATE_BLOCK UPC setup=move_strike prior_bar_ticks=124 threshold=6000
[05:46:37 ET] [MOVE] FIRESTORM_GATE_BLOCK UPC setup=move_strike prior_bar_ticks=124 threshold=6000
[05:46:37 ET] [MOVE] FIRESTORM_GATE_BLOCK UPC setup=move_strike prior_bar_ticks=124 threshold=6000
[05:46:37 ET] [MOVE] FIRESTORM_GATE_BLOCK UPC setup=move_strike prior_bar_ticks=124 threshold=6000
[05:46:37 ET] [MOVE] FIRESTORM_GATE_BLOCK UPC setup=move_strike prior_bar_ticks=124 threshold=6000
[05:46:37 ET] [MOVE] FIRESTORM_GATE_BLOCK UPC setup=move_strike prior_bar_ticks=124 threshold=6000
[05:46:37 ET] [MOVE] FIRESTORM_GATE_BLOCK UPC setup=move_strike prior_bar_ticks=124 threshold=6000
[05:46:37 ET] [MOVE] FIRESTORM_GATE_BLOCK UPC setup=move_strike prior_bar_ticks=124 threshold=6000
[05:46:37 ET] [MOVE] FIRESTORM_GATE_BLOCK UPC setup=move_strike prior_bar_ticks=124 threshold=6000
[05:46:37 ET] [MOVE] FIRESTORM_GATE_BLOCK UPC setup=move_strike prior_bar_ticks=124 threshold=6000
[05:46:37 ET] [MOVE] FIRESTORM_GATE_BLOCK UPC setup=move_strike prior_bar_ticks=124 threshold=6000
[05:46:37 ET] [MOVE] FIRESTORM_GATE_BLOCK UPC setup=move_strike prior_bar_ticks=124 threshold=6000
[05:46:37 ET] [MOVE] FIRESTORM_GATE_BLOCK UPC setup=move_strike prior_bar_ticks=124 threshold=6000
[05:46:37 ET] [MOVE] FIRESTORM_GATE_BLOCK UPC setup=move_strike prior_bar_ticks=124 threshold=6000
[05:46:37 ET] [MOVE] FIRESTORM_GATE_BLOCK UPC setup=move_strike prior_bar_ticks=124 threshold=6000
[05:46:37 ET] [MOVE] FIRESTORM_GATE_BLOCK UPC setup=move_strike prior_bar_ticks=124 threshold=6000
[05:46:37 ET] [MOVE] FIRESTORM_GATE_BLOCK UPC setup=move_strike prior_bar_ticks=124 threshold=6000
[05:46:37 ET] [MOVE] FIRESTORM_GATE_BLOCK UPC setup=move_strike prior_bar_ticks=124 threshold=6000
[05:46:37 ET] [MOVE] FIRESTORM_GATE_BLOCK UPC setup=move_strike prior_bar_ticks=124 threshold=6000
[05:46:37 ET] [MOVE] FIRESTORM_GATE_BLOCK UPC setup=move_strike prior_bar_ticks=124 threshold=6000
[05:46:37 ET] [MOVE] FIRESTORM_GATE_BLOCK UPC setup=move_strike prior_bar_ticks=124 threshold=6000
[05:46:37 ET] [MOVE] FIRESTORM_GATE_BLOCK UPC setup=move_strike prior_bar_ticks=124 threshold=6000
[05:46:37 ET] [MOVE] FIRESTORM_GATE_BLOCK UPC setup=move_strike prior_bar_ticks=124 threshold=6000
[05:46:37 ET] [MOVE] FIRESTORM_GATE_BLOCK UPC setup=move_strike prior_bar_ticks=124 threshold=6000
[05:46:37 ET] [MOVE] FIRESTORM_GATE_BLOCK UPC setup=move_strike prior_bar_ticks=124 threshold=6000
[05:46:37 ET] [MOVE] FIRESTORM_GATE_BLOCK UPC setup=move_strike prior_bar_ticks=124 threshold=6000
[05:46:37 ET] [MOVE] FIRESTORM_GATE_BLOCK UPC setup=move_strike prior_bar_ticks=124 threshold=6000
[05:46:37 ET] [MOVE] FIRESTORM_GATE_BLOCK UPC setup=move_strike prior_bar_ticks=124 threshold=6000
[05:46:37 ET] [MOVE] FIRESTORM_GATE_BLOCK UPC setup=move_strike prior_bar_ticks=124 threshold=6000
[05:46:37 ET] [MOVE] FIRESTORM_GATE_BLOCK UPC setup=move_strike prior_bar_ticks=124 threshold=6000
[05:46:37 ET] [MOVE] FIRESTORM_GATE_BLOCK UPC setup=move_strike prior_bar_ticks=124 threshold=6000
[05:46:37 ET] [MOVE] FIRESTORM_GATE_BLOCK UPC setup=move_strike prior_bar_ticks=124 threshold=6000
[05:46:37 ET] [MOVE] FIRESTORM_GATE_BLOCK UPC setup=move_strike prior_bar_ticks=124 threshold=6000
[05:46:37 ET] [MOVE] FIRESTORM_GATE_BLOCK UPC setup=move_strike prior_bar_ticks=124 threshold=6000
[05:46:37 ET] [MOVE] FIRESTORM_GATE_BLOCK UPC setup=move_strike prior_bar_ticks=124 threshold=6000
[05:46:37 ET] [MOVE] FIRESTORM_GATE_BLOCK UPC setup=move_strike prior_bar_ticks=124 threshold=6000
[05:46:37 ET] [MOVE] FIRESTORM_GATE_BLOCK UPC setup=move_strike prior_bar_ticks=124 threshold=6000
[05:46:37 ET] [MOVE] FIRESTORM_GATE_BLOCK UPC setup=move_strike prior_bar_ticks=124 threshold=6000
[05:46:37 ET] [MOVE] FIRESTORM_GATE_BLOCK UPC setup=move_strike prior_bar_ticks=124 threshold=6000
[05:46:37 ET] [MOVE] FIRESTORM_GATE_BLOCK UPC setup=move_strike prior_bar_ticks=124 threshold=6000
[05:46:37 ET] [MOVE] FIRESTORM_GATE_BLOCK UPC setup=move_strike prior_bar_ticks=124 threshold=6000
[05:46:37 ET] [MOVE] FIRESTORM_GATE_BLOCK UPC setup=move_strike prior_bar_ticks=124 threshold=6000
[05:46:37 ET] [MOVE] FIRESTORM_GATE_BLOCK UPC setup=move_strike prior_bar_ticks=124 threshold=6000
[05:46:37 ET] [MOVE] FIRESTORM_GATE_BLOCK UPC setup=move_strike prior_bar_ticks=124 threshold=6000
[05:46:37 ET] [MOVE] FIRESTORM_GATE_BLOCK UPC setup=move_strike prior_bar_ticks=124 threshold=6000
[05:46:37 ET] [MOVE] FIRESTORM_GATE_BLOCK UPC setup=move_strike prior_bar_ticks=124 threshold=6000
[05:46:37 ET] [MOVE] FIRESTORM_GATE_BLOCK UPC setup=move_strike prior_bar_ticks=124 threshold=6000
[05:46:37 ET] [MOVE] FIRESTORM_GATE_BLOCK UPC setup=move_strike prior_bar_ticks=124 threshold=6000
[05:46:37 ET] [MOVE] FIRESTORM_GATE_BLOCK UPC setup=move_strike prior_bar_ticks=124 threshold=6000
[05:46:37 ET] [MOVE] FIRESTORM_GATE_BLOCK UPC setup=move_strike prior_bar_ticks=124 threshold=6000
[05:46:37 ET] [MOVE] FIRESTORM_GATE_BLOCK UPC setup=move_strike prior_bar_ticks=124 threshold=6000
[05:46:37 ET] [MOVE] FIRESTORM_GATE_BLOCK UPC setup=move_strike prior_bar_ticks=124 threshold=6000
[05:46:38 ET] [MOVE] FIRESTORM_GATE_BLOCK UPC setup=move_strike prior_bar_ticks=124 threshold=6000
[05:46:38 ET] [MOVE] FIRESTORM_GATE_BLOCK UPC setup=move_strike prior_bar_ticks=124 threshold=6000
[05:46:38 ET] [MOVE] FIRESTORM_GATE_BLOCK UPC setup=move_strike prior_bar_ticks=124 threshold=6000
[05:46:38 ET] [MOVE] FIRESTORM_GATE_BLOCK UPC setup=move_strike prior_bar_ticks=124 threshold=6000
[05:46:38 ET] [MOVE] FIRESTORM_GATE_BLOCK UPC setup=move_strike prior_bar_ticks=124 threshold=6000
[05:46:38 ET] [MOVE] FIRESTORM_GATE_BLOCK UPC setup=move_strike prior_bar_ticks=124 threshold=6000
[05:46:38 ET] [MOVE] FIRESTORM_GATE_BLOCK UPC setup=move_strike prior_bar_ticks=124 threshold=6000
[05:46:38 ET] [MOVE] FIRESTORM_GATE_BLOCK UPC setup=move_strike prior_bar_ticks=124 threshold=6000
[05:46:38 ET] [MOVE] FIRESTORM_GATE_BLOCK UPC setup=move_strike prior_bar_ticks=124 threshold=6000
[05:46:38 ET] [MOVE] FIRESTORM_GATE_BLOCK UPC setup=move_strike prior_bar_ticks=124 threshold=6000
[05:46:38 ET] [MOVE] FIRESTORM_GATE_BLOCK UPC setup=move_strike prior_bar_ticks=124 threshold=6000
[05:46:38 ET] [MOVE] FIRESTORM_GATE_BLOCK UPC setup=move_strike prior_bar_ticks=124 threshold=6000
[05:46:38 ET] [MOVE] FIRESTORM_GATE_BLOCK UPC setup=move_strike prior_bar_ticks=124 threshold=6000
[05:46:38 ET] [MOVE] FIRESTORM_GATE_BLOCK UPC setup=move_strike prior_bar_ticks=124 threshold=6000
[05:46:38 ET] [MOVE] FIRESTORM_GATE_BLOCK UPC setup=move_strike prior_bar_ticks=124 threshold=6000
[05:46:38 ET] [MOVE] FIRESTORM_GATE_BLOCK UPC setup=move_strike prior_bar_ticks=124 threshold=6000
[05:46:39 ET] [MOVE] FIRESTORM_GATE_BLOCK UPC setup=move_strike prior_bar_ticks=124 threshold=6000
[05:46:39 ET] [MOVE] FIRESTORM_GATE_BLOCK UPC setup=move_strike prior_bar_ticks=124 threshold=6000
[05:46:39 ET] [MOVE] FIRESTORM_GATE_BLOCK UPC setup=move_strike prior_bar_ticks=124 threshold=6000
[05:46:39 ET] [MOVE] FIRESTORM_GATE_BLOCK UPC setup=move_strike prior_bar_ticks=124 threshold=6000
[05:46:39 ET] [MOVE] FIRESTORM_GATE_BLOCK UPC setup=move_strike prior_bar_ticks=124 threshold=6000
[05:46:39 ET] [MOVE] FIRESTORM_GATE_BLOCK UPC setup=move_strike prior_bar_ticks=124 threshold=6000
[05:46:39 ET] [MOVE] FIRESTORM_GATE_BLOCK UPC setup=move_strike prior_bar_ticks=124 threshold=6000
[05:46:39 ET] [MOVE] FIRESTORM_GATE_BLOCK UPC setup=move_strike prior_bar_ticks=124 threshold=6000
[05:46:39 ET] [MOVE] FIRESTORM_GATE_BLOCK UPC setup=move_strike prior_bar_ticks=124 threshold=6000
[05:46:39 ET] [MOVE] FIRESTORM_GATE_BLOCK UPC setup=move_strike prior_bar_ticks=124 threshold=6000
[05:46:39 ET] [MOVE] FIRESTORM_GATE_BLOCK UPC setup=move_strike prior_bar_ticks=124 threshold=6000
[05:46:39 ET] [MOVE] FIRESTORM_GATE_BLOCK UPC setup=move_strike prior_bar_ticks=124 threshold=6000
[05:46:39 ET] [MOVE] FIRESTORM_GATE_BLOCK UPC setup=move_strike prior_bar_ticks=124 threshold=6000
[05:46:39 ET] [MOVE] FIRESTORM_GATE_BLOCK UPC setup=move_strike prior_bar_ticks=124 threshold=6000
[05:46:39 ET] [MOVE] FIRESTORM_GATE_BLOCK UPC setup=move_strike prior_bar_ticks=124 threshold=6000
[05:46:39 ET] [MOVE] FIRESTORM_GATE_BLOCK UPC setup=move_strike prior_bar_ticks=124 threshold=6000
[05:46:39 ET] [MOVE] FIRESTORM_GATE_BLOCK UPC setup=move_strike prior_bar_ticks=124 threshold=6000
[05:46:39 ET] [MOVE] FIRESTORM_GATE_BLOCK UPC setup=move_strike prior_bar_ticks=124 threshold=6000
[05:46:39 ET] [MOVE] FIRESTORM_GATE_BLOCK UPC setup=move_strike prior_bar_ticks=124 threshold=6000
[05:46:39 ET] [MOVE] FIRESTORM_GATE_BLOCK UPC setup=move_strike prior_bar_ticks=124 threshold=6000
[05:46:39 ET] [MOVE] FIRESTORM_GATE_BLOCK UPC setup=move_strike prior_bar_ticks=124 threshold=6000
[05:46:39 ET] [MOVE] FIRESTORM_GATE_BLOCK UPC setup=move_strike prior_bar_ticks=124 threshold=6000
[05:46:39 ET] [MOVE] FIRESTORM_GATE_BLOCK UPC setup=move_strike prior_bar_ticks=124 threshold=6000
[05:46:39 ET] [MOVE] FIRESTORM_GATE_BLOCK UPC setup=move_strike prior_bar_ticks=124 threshold=6000
[05:46:39 ET] [MOVE] FIRESTORM_GATE_BLOCK UPC setup=move_strike prior_bar_ticks=124 threshold=6000
[05:46:39 ET] [MOVE] FIRESTORM_GATE_BLOCK UPC setup=move_strike prior_bar_ticks=124 threshold=6000
[05:46:39 ET] [MOVE] FIRESTORM_GATE_BLOCK UPC setup=move_strike prior_bar_ticks=124 threshold=6000
[05:46:39 ET] [MOVE] FIRESTORM_GATE_BLOCK UPC setup=move_strike prior_bar_ticks=124 threshold=6000
[05:46:39 ET] [MOVE] FIRESTORM_GATE_BLOCK UPC setup=move_strike prior_bar_ticks=124 threshold=6000
[05:46:39 ET] [MOVE] FIRESTORM_GATE_BLOCK UPC setup=move_strike prior_bar_ticks=124 threshold=6000
[05:46:39 ET] [MOVE] FIRESTORM_GATE_BLOCK UPC setup=move_strike prior_bar_ticks=124 threshold=6000
[05:46:39 ET] [MOVE] FIRESTORM_GATE_BLOCK UPC setup=move_strike prior_bar_ticks=124 threshold=6000
[05:46:39 ET] [MOVE] FIRESTORM_GATE_BLOCK UPC setup=move_strike prior_bar_ticks=124 threshold=6000
[05:46:39 ET] [MOVE] FIRESTORM_GATE_BLOCK UPC setup=move_strike prior_bar_ticks=124 threshold=6000
[05:46:40 ET] [MOVE] FIRESTORM_GATE_BLOCK UPC setup=move_strike prior_bar_ticks=124 threshold=6000
[05:46:40 ET] [MOVE] FIRESTORM_GATE_BLOCK UPC setup=move_strike prior_bar_ticks=124 threshold=6000
[05:46:40 ET] [MOVE] FIRESTORM_GATE_BLOCK UPC setup=move_strike prior_bar_ticks=124 threshold=6000
[05:46:40 ET] [MOVE] FIRESTORM_GATE_BLOCK UPC setup=move_strike prior_bar_ticks=124 threshold=6000
[05:46:40 ET] [MOVE] FIRESTORM_GATE_BLOCK UPC setup=move_strike prior_bar_ticks=124 threshold=6000
[05:46:40 ET] [MOVE] FIRESTORM_GATE_BLOCK UPC setup=move_strike prior_bar_ticks=124 threshold=6000
[05:46:40 ET] [MOVE] FIRESTORM_GATE_BLOCK UPC setup=move_strike prior_bar_ticks=124 threshold=6000
[05:46:40 ET] [MOVE] FIRESTORM_GATE_BLOCK UPC setup=move_strike prior_bar_ticks=124 threshold=6000
[05:46:40 ET] [MOVE] FIRESTORM_GATE_BLOCK UPC setup=move_strike prior_bar_ticks=124 threshold=6000
[05:46:40 ET] [MOVE] FIRESTORM_GATE_BLOCK UPC setup=move_strike prior_bar_ticks=124 threshold=6000
[05:46:40 ET] [MOVE] FIRESTORM_GATE_BLOCK UPC setup=move_strike prior_bar_ticks=124 threshold=6000
[05:46:40 ET] [MOVE] FIRESTORM_GATE_BLOCK UPC setup=move_strike prior_bar_ticks=124 threshold=6000
[05:46:40 ET] [MOVE] FIRESTORM_GATE_BLOCK UPC setup=move_strike prior_bar_ticks=124 threshold=6000
[05:46:40 ET] [MOVE] FIRESTORM_GATE_BLOCK UPC setup=move_strike prior_bar_ticks=124 threshold=6000
[05:46:40 ET] [MOVE] FIRESTORM_GATE_BLOCK UPC setup=move_strike prior_bar_ticks=124 threshold=6000
[05:46:40 ET] [MOVE] FIRESTORM_GATE_BLOCK UPC setup=move_strike prior_bar_ticks=124 threshold=6000
[05:46:40 ET] [MOVE] FIRESTORM_GATE_BLOCK UPC setup=move_strike prior_bar_ticks=124 threshold=6000
[05:46:40 ET] [MOVE] FIRESTORM_GATE_BLOCK UPC setup=move_strike prior_bar_ticks=124 threshold=6000
[05:46:40 ET] [MOVE] FIRESTORM_GATE_BLOCK UPC setup=move_strike prior_bar_ticks=124 threshold=6000
[05:46:40 ET] [MOVE] FIRESTORM_GATE_BLOCK UPC setup=move_strike prior_bar_ticks=124 threshold=6000
[05:46:40 ET] [MOVE] FIRESTORM_GATE_BLOCK UPC setup=move_strike prior_bar_ticks=124 threshold=6000
[05:46:40 ET] [MOVE] FIRESTORM_GATE_BLOCK UPC setup=move_strike prior_bar_ticks=124 threshold=6000
[05:46:40 ET] [MOVE] FIRESTORM_GATE_BLOCK UPC setup=move_strike prior_bar_ticks=124 threshold=6000
[05:46:40 ET] [MOVE] FIRESTORM_GATE_BLOCK UPC setup=move_strike prior_bar_ticks=124 threshold=6000
[05:46:40 ET] [MOVE] FIRESTORM_GATE_BLOCK UPC setup=move_strike prior_bar_ticks=124 threshold=6000
[05:46:40 ET] [MOVE] FIRESTORM_GATE_BLOCK UPC setup=move_strike prior_bar_ticks=124 threshold=6000
[05:46:40 ET] [MOVE] FIRESTORM_GATE_BLOCK UPC setup=move_strike prior_bar_ticks=124 threshold=6000
[05:46:40 ET] [MOVE] FIRESTORM_GATE_BLOCK UPC setup=move_strike prior_bar_ticks=124 threshold=6000
[05:46:41 ET] [MOVE] FIRESTORM_GATE_BLOCK UPC setup=move_strike prior_bar_ticks=124 threshold=6000
[05:46:41 ET] [MOVE] FIRESTORM_GATE_BLOCK UPC setup=move_strike prior_bar_ticks=124 threshold=6000
[05:46:42 ET] [MOVE] FIRESTORM_GATE_BLOCK UPC setup=move_strike prior_bar_ticks=124 threshold=6000
[05:46:42 ET] [MOVE] FIRESTORM_GATE_BLOCK UPC setup=move_strike prior_bar_ticks=124 threshold=6000
[05:46:42 ET] [MOVE] FIRESTORM_GATE_BLOCK UPC setup=move_strike prior_bar_ticks=124 threshold=6000
[05:46:42 ET] [MOVE] FIRESTORM_GATE_BLOCK UPC setup=move_strike prior_bar_ticks=124 threshold=6000
[05:46:43 ET] [MOVE] FIRESTORM_GATE_BLOCK UPC setup=move_strike prior_bar_ticks=124 threshold=6000
[05:46:43 ET] [MOVE] FIRESTORM_GATE_BLOCK UPC setup=move_strike prior_bar_ticks=124 threshold=6000
[05:46:44 ET] [MOVE] FIRESTORM_GATE_BLOCK UPC setup=move_strike prior_bar_ticks=124 threshold=6000
[05:46:44 ET] [MOVE] FIRESTORM_GATE_BLOCK UPC setup=move_strike prior_bar_ticks=124 threshold=6000
[05:46:44 ET] [MOVE] FIRESTORM_GATE_BLOCK UPC setup=move_strike prior_bar_ticks=124 threshold=6000
[05:46:45 ET] [MOVE] FIRESTORM_GATE_BLOCK UPC setup=move_strike prior_bar_ticks=124 threshold=6000
[05:46:45 ET] [MOVE] FIRESTORM_GATE_BLOCK UPC setup=move_strike prior_bar_ticks=124 threshold=6000
[05:46:45 ET] [MOVE] FIRESTORM_GATE_BLOCK UPC setup=move_strike prior_bar_ticks=124 threshold=6000
[05:46:45 ET] [MOVE] FIRESTORM_GATE_BLOCK UPC setup=move_strike prior_bar_ticks=124 threshold=6000
[05:46:45 ET] [MOVE] FIRESTORM_GATE_BLOCK UPC setup=move_strike prior_bar_ticks=124 threshold=6000
[05:46:45 ET] [MOVE] FIRESTORM_GATE_BLOCK UPC setup=move_strike prior_bar_ticks=124 threshold=6000
[05:46:45 ET] [MOVE] FIRESTORM_GATE_BLOCK UPC setup=move_strike prior_bar_ticks=124 threshold=6000
[05:46:45 ET] [MOVE] FIRESTORM_GATE_BLOCK UPC setup=move_strike prior_bar_ticks=124 threshold=6000
[05:46:46 ET] [MOVE] FIRESTORM_GATE_BLOCK UPC setup=move_strike prior_bar_ticks=124 threshold=6000
[05:46:46 ET] [MOVE] FIRESTORM_GATE_BLOCK UPC setup=move_strike prior_bar_ticks=124 threshold=6000
[05:46:46 ET] [MOVE] FIRESTORM_GATE_BLOCK UPC setup=move_strike prior_bar_ticks=124 threshold=6000
[05:46:46 ET] [MOVE] FIRESTORM_GATE_BLOCK UPC setup=move_strike prior_bar_ticks=124 threshold=6000
[05:46:46 ET] [MOVE] FIRESTORM_GATE_BLOCK UPC setup=move_strike prior_bar_ticks=124 threshold=6000
[05:46:46 ET] [MOVE] FIRESTORM_GATE_BLOCK UPC setup=move_strike prior_bar_ticks=124 threshold=6000
[05:46:46 ET] [MOVE] FIRESTORM_GATE_BLOCK UPC setup=move_strike prior_bar_ticks=124 threshold=6000
[05:46:47 ET] [MOVE] FIRESTORM_GATE_BLOCK UPC setup=move_strike prior_bar_ticks=124 threshold=6000
[05:46:47 ET] [MOVE] FIRESTORM_GATE_BLOCK UPC setup=move_strike prior_bar_ticks=124 threshold=6000
[05:46:47 ET] [MOVE] FIRESTORM_GATE_BLOCK UPC setup=move_strike prior_bar_ticks=124 threshold=6000
[05:46:47 ET] [MOVE] FIRESTORM_GATE_BLOCK UPC setup=move_strike prior_bar_ticks=124 threshold=6000
[05:46:47 ET] [MOVE] FIRESTORM_GATE_BLOCK UPC setup=move_strike prior_bar_ticks=124 threshold=6000
[05:46:47 ET] [MOVE] FIRESTORM_GATE_BLOCK UPC setup=move_strike prior_bar_ticks=124 threshold=6000
[05:46:47 ET] [MOVE] FIRESTORM_GATE_BLOCK UPC setup=move_strike prior_bar_ticks=124 threshold=6000
[05:46:47 ET] [MOVE] FIRESTORM_GATE_BLOCK UPC setup=move_strike prior_bar_ticks=124 threshold=6000
[05:46:47 ET] [MOVE] FIRESTORM_GATE_BLOCK UPC setup=move_strike prior_bar_ticks=124 threshold=6000
[05:46:48 ET] [MOVE] FIRESTORM_GATE_BLOCK UPC setup=move_strike prior_bar_ticks=124 threshold=6000
[05:46:48 ET] [MOVE] FIRESTORM_GATE_BLOCK UPC setup=move_strike prior_bar_ticks=124 threshold=6000
[05:46:48 ET] [MOVE] FIRESTORM_GATE_BLOCK UPC setup=move_strike prior_bar_ticks=124 threshold=6000
[05:46:48 ET] [MOVE] FIRESTORM_GATE_BLOCK UPC setup=move_strike prior_bar_ticks=124 threshold=6000
[05:46:48 ET] [MOVE] FIRESTORM_GATE_BLOCK UPC setup=move_strike prior_bar_ticks=124 threshold=6000
[05:46:48 ET] [MOVE] FIRESTORM_GATE_BLOCK UPC setup=move_strike prior_bar_ticks=124 threshold=6000
[05:46:48 ET] [MOVE] FIRESTORM_GATE_BLOCK UPC setup=move_strike prior_bar_ticks=124 threshold=6000
[05:46:48 ET] [MOVE] FIRESTORM_GATE_BLOCK UPC setup=move_strike prior_bar_ticks=124 threshold=6000
[05:46:48 ET] [MOVE] FIRESTORM_GATE_BLOCK UPC setup=move_strike prior_bar_ticks=124 threshold=6000
[05:46:48 ET] [MOVE] FIRESTORM_GATE_BLOCK UPC setup=move_strike prior_bar_ticks=124 threshold=6000
[05:46:48 ET] [MOVE] FIRESTORM_GATE_BLOCK UPC setup=move_strike prior_bar_ticks=124 threshold=6000
[05:46:48 ET] [MOVE] FIRESTORM_GATE_BLOCK UPC setup=move_strike prior_bar_ticks=124 threshold=6000
[05:46:49 ET] [MOVE] FIRESTORM_GATE_BLOCK UPC setup=move_strike prior_bar_ticks=124 threshold=6000
[05:46:49 ET] [MOVE] FIRESTORM_GATE_BLOCK UPC setup=move_strike prior_bar_ticks=124 threshold=6000
[05:46:49 ET] [MOVE] FIRESTORM_GATE_BLOCK UPC setup=move_strike prior_bar_ticks=124 threshold=6000
[05:46:49 ET] [MOVE] FIRESTORM_GATE_BLOCK UPC setup=move_strike prior_bar_ticks=124 threshold=6000
[05:46:49 ET] [MOVE] FIRESTORM_GATE_BLOCK UPC setup=move_strike prior_bar_ticks=124 threshold=6000
  Tick cache: UPC → +387 ticks (total 55,623)
[05:46:50 ET] [MOVE] FIRESTORM_GATE_BLOCK UPC setup=move_strike prior_bar_ticks=124 threshold=6000
[05:46:50 ET] [MOVE] FIRESTORM_GATE_BLOCK UPC setup=move_strike prior_bar_ticks=124 threshold=6000
[05:46:50 ET] [MOVE] FIRESTORM_GATE_BLOCK UPC setup=move_strike prior_bar_ticks=124 threshold=6000
[05:46:50 ET] [MOVE] FIRESTORM_GATE_BLOCK UPC setup=move_strike prior_bar_ticks=124 threshold=6000
[05:46:50 ET] [MOVE] FIRESTORM_GATE_BLOCK UPC setup=move_strike prior_bar_ticks=124 threshold=6000
[05:46:50 ET] [MOVE] FIRESTORM_GATE_BLOCK UPC setup=move_strike prior_bar_ticks=124 threshold=6000
  Tick cache: DCOY → +234 ticks (total 90,554)
  Tick cache: RZLV → +1 ticks (total 14)
  Tick cache: SKYQ → +2 ticks (total 27)
  Tick cache: OKLL → +1 ticks (total 17)
📦 Tick cache saved: 5 symbols → tick_cache/2026-06-29/
[05:46:51 ET] [MOVE] FIRESTORM_GATE_BLOCK UPC setup=move_strike prior_bar_ticks=124 threshold=6000
[05:46:51 ET] [MOVE] FIRESTORM_GATE_BLOCK UPC setup=move_strike prior_bar_ticks=124 threshold=6000
[05:46:51 ET] [MOVE] FIRESTORM_GATE_BLOCK UPC setup=move_strike prior_bar_ticks=124 threshold=6000
[05:46:51 ET] [MOVE] FIRESTORM_GATE_BLOCK UPC setup=move_strike prior_bar_ticks=124 threshold=6000
[05:46:51 ET] [MOVE] FIRESTORM_GATE_BLOCK UPC setup=move_strike prior_bar_ticks=124 threshold=6000
[05:46:52 ET] [MOVE] FIRESTORM_GATE_BLOCK UPC setup=move_strike prior_bar_ticks=124 threshold=6000
[05:46:52 ET] [MOVE] FIRESTORM_GATE_BLOCK UPC setup=move_strike prior_bar_ticks=124 threshold=6000
[05:46:52 ET] [MOVE] FIRESTORM_GATE_BLOCK UPC setup=move_strike prior_bar_ticks=124 threshold=6000
[05:46:53 ET] [MOVE] FIRESTORM_GATE_BLOCK UPC setup=move_strike prior_bar_ticks=124 threshold=6000
[05:46:53 ET] [MOVE] FIRESTORM_GATE_BLOCK UPC setup=move_strike prior_bar_ticks=124 threshold=6000
[05:46:53 ET] [MOVE] FIRESTORM_GATE_BLOCK UPC setup=move_strike prior_bar_ticks=124 threshold=6000
[05:46:53 ET] [MOVE] FIRESTORM_GATE_BLOCK UPC setup=move_strike prior_bar_ticks=124 threshold=6000
[05:46:53 ET] [MOVE] FIRESTORM_GATE_BLOCK UPC setup=move_strike prior_bar_ticks=124 threshold=6000
[05:46:53 ET] [MOVE] FIRESTORM_GATE_BLOCK UPC setup=move_strike prior_bar_ticks=124 threshold=6000
[05:46:53 ET] [MOVE] FIRESTORM_GATE_BLOCK UPC setup=move_strike prior_bar_ticks=124 threshold=6000
[05:46:53 ET] [MOVE] FIRESTORM_GATE_BLOCK UPC setup=move_strike prior_bar_ticks=124 threshold=6000
[05:46:53 ET] [MOVE] FIRESTORM_GATE_BLOCK UPC setup=move_strike prior_bar_ticks=124 threshold=6000
[05:46:53 ET] [MOVE] FIRESTORM_GATE_BLOCK UPC setup=move_strike prior_bar_ticks=124 threshold=6000
[05:46:53 ET] [MOVE] FIRESTORM_GATE_BLOCK UPC setup=move_strike prior_bar_ticks=124 threshold=6000
[05:46:53 ET] [MOVE] FIRESTORM_GATE_BLOCK UPC setup=move_strike prior_bar_ticks=124 threshold=6000
[05:46:53 ET] [MOVE] FIRESTORM_GATE_BLOCK UPC setup=move_strike prior_bar_ticks=124 threshold=6000
[05:46:53 ET] [MOVE] FIRESTORM_GATE_BLOCK UPC setup=move_strike prior_bar_ticks=124 threshold=6000
[05:46:53 ET] [MOVE] FIRESTORM_GATE_BLOCK UPC setup=move_strike prior_bar_ticks=124 threshold=6000
[05:46:53 ET] [MOVE] FIRESTORM_GATE_BLOCK UPC setup=move_strike prior_bar_ticks=124 threshold=6000
[05:46:53 ET] [MOVE] FIRESTORM_GATE_BLOCK UPC setup=move_strike prior_bar_ticks=124 threshold=6000
[05:46:53 ET] [MOVE] FIRESTORM_GATE_BLOCK UPC setup=move_strike prior_bar_ticks=124 threshold=6000
[05:46:53 ET] [MOVE] FIRESTORM_GATE_BLOCK UPC setup=move_strike prior_bar_ticks=124 threshold=6000
[05:46:53 ET] [MOVE] FIRESTORM_GATE_BLOCK UPC setup=move_strike prior_bar_ticks=124 threshold=6000
[05:46:53 ET] [MOVE] FIRESTORM_GATE_BLOCK UPC setup=move_strike prior_bar_ticks=124 threshold=6000
[05:46:53 ET] [MOVE] FIRESTORM_GATE_BLOCK UPC setup=move_strike prior_bar_ticks=124 threshold=6000
[05:46:53 ET] [MOVE] FIRESTORM_GATE_BLOCK UPC setup=move_strike prior_bar_ticks=124 threshold=6000
[05:46:53 ET] [MOVE] FIRESTORM_GATE_BLOCK UPC setup=move_strike prior_bar_ticks=124 threshold=6000
[05:46:53 ET] [MOVE] FIRESTORM_GATE_BLOCK UPC setup=move_strike prior_bar_ticks=124 threshold=6000
[05:46:55 ET] [MOVE] FIRESTORM_GATE_BLOCK UPC setup=move_strike prior_bar_ticks=124 threshold=6000
[05:46:55 ET] [MOVE] FIRESTORM_GATE_BLOCK UPC setup=move_strike prior_bar_ticks=124 threshold=6000
[05:46:55 ET] [MOVE] FIRESTORM_GATE_BLOCK UPC setup=move_strike prior_bar_ticks=124 threshold=6000
[05:46:55 ET] [MOVE] FIRESTORM_GATE_BLOCK UPC setup=move_strike prior_bar_ticks=124 threshold=6000
[05:46:55 ET] [MOVE] FIRESTORM_GATE_BLOCK UPC setup=move_strike prior_bar_ticks=124 threshold=6000
[05:46:55 ET] [MOVE] FIRESTORM_GATE_BLOCK UPC setup=move_strike prior_bar_ticks=124 threshold=6000
[05:46:55 ET] [MOVE] FIRESTORM_GATE_BLOCK UPC setup=move_strike prior_bar_ticks=124 threshold=6000
[05:46:55 ET] [MOVE] FIRESTORM_GATE_BLOCK UPC setup=move_strike prior_bar_ticks=124 threshold=6000
[05:46:55 ET] [MOVE] FIRESTORM_GATE_BLOCK UPC setup=move_strike prior_bar_ticks=124 threshold=6000
[05:46:55 ET] [MOVE] FIRESTORM_GATE_BLOCK UPC setup=move_strike prior_bar_ticks=124 threshold=6000
[05:46:55 ET] [MOVE] FIRESTORM_GATE_BLOCK UPC setup=move_strike prior_bar_ticks=124 threshold=6000
[05:46:55 ET] [MOVE] FIRESTORM_GATE_BLOCK UPC setup=move_strike prior_bar_ticks=124 threshold=6000
[05:46:55 ET] [MOVE] FIRESTORM_GATE_BLOCK UPC setup=move_strike prior_bar_ticks=124 threshold=6000
[05:46:55 ET] [MOVE] FIRESTORM_GATE_BLOCK UPC setup=move_strike prior_bar_ticks=124 threshold=6000
[05:46:55 ET] [MOVE] FIRESTORM_GATE_BLOCK UPC setup=move_strike prior_bar_ticks=124 threshold=6000
[05:46:55 ET] [MOVE] FIRESTORM_GATE_BLOCK UPC setup=move_strike prior_bar_ticks=124 threshold=6000
[05:46:55 ET] [MOVE] FIRESTORM_GATE_BLOCK UPC setup=move_strike prior_bar_ticks=124 threshold=6000
[05:46:55 ET] [MOVE] FIRESTORM_GATE_BLOCK UPC setup=move_strike prior_bar_ticks=124 threshold=6000
[05:46:55 ET] [MOVE] FIRESTORM_GATE_BLOCK UPC setup=move_strike prior_bar_ticks=124 threshold=6000
[05:46:55 ET] [MOVE] FIRESTORM_GATE_BLOCK UPC setup=move_strike prior_bar_ticks=124 threshold=6000
[05:46:55 ET] [MOVE] FIRESTORM_GATE_BLOCK UPC setup=move_strike prior_bar_ticks=124 threshold=6000
[05:46:55 ET] [MOVE] FIRESTORM_GATE_BLOCK UPC setup=move_strike prior_bar_ticks=124 threshold=6000
[05:46:55 ET] [MOVE] FIRESTORM_GATE_BLOCK UPC setup=move_strike prior_bar_ticks=124 threshold=6000
[05:46:55 ET] [MOVE] FIRESTORM_GATE_BLOCK UPC setup=move_strike prior_bar_ticks=124 threshold=6000
[05:46:55 ET] [MOVE] FIRESTORM_GATE_BLOCK UPC setup=move_strike prior_bar_ticks=124 threshold=6000
[05:46:55 ET] [MOVE] FIRESTORM_GATE_BLOCK UPC setup=move_strike prior_bar_ticks=124 threshold=6000
[05:46:55 ET] [MOVE] FIRESTORM_GATE_BLOCK UPC setup=move_strike prior_bar_ticks=124 threshold=6000
[05:46:55 ET] [MOVE] FIRESTORM_GATE_BLOCK UPC setup=move_strike prior_bar_ticks=124 threshold=6000
[05:46:55 ET] [MOVE] FIRESTORM_GATE_BLOCK UPC setup=move_strike prior_bar_ticks=124 threshold=6000
[05:46:55 ET] [MOVE] FIRESTORM_GATE_BLOCK UPC setup=move_strike prior_bar_ticks=124 threshold=6000
[05:46:55 ET] [MOVE] FIRESTORM_GATE_BLOCK UPC setup=move_strike prior_bar_ticks=124 threshold=6000
[05:46:55 ET] [MOVE] FIRESTORM_GATE_BLOCK UPC setup=move_strike prior_bar_ticks=124 threshold=6000
[05:46:55 ET] [MOVE] FIRESTORM_GATE_BLOCK UPC setup=move_strike prior_bar_ticks=124 threshold=6000
[05:46:55 ET] [MOVE] FIRESTORM_GATE_BLOCK UPC setup=move_strike prior_bar_ticks=124 threshold=6000
[05:46:55 ET] [MOVE] FIRESTORM_GATE_BLOCK UPC setup=move_strike prior_bar_ticks=124 threshold=6000
[05:46:55 ET] [MOVE] FIRESTORM_GATE_BLOCK UPC setup=move_strike prior_bar_ticks=124 threshold=6000
[05:46:55 ET] [MOVE] FIRESTORM_GATE_BLOCK UPC setup=move_strike prior_bar_ticks=124 threshold=6000
[05:46:55 ET] [MOVE] FIRESTORM_GATE_BLOCK UPC setup=move_strike prior_bar_ticks=124 threshold=6000
[05:46:55 ET] [MOVE] FIRESTORM_GATE_BLOCK UPC setup=move_strike prior_bar_ticks=124 threshold=6000
[05:46:55 ET] [MOVE] FIRESTORM_GATE_BLOCK UPC setup=move_strike prior_bar_ticks=124 threshold=6000
[05:46:55 ET] [MOVE] FIRESTORM_GATE_BLOCK UPC setup=move_strike prior_bar_ticks=124 threshold=6000
[05:46:55 ET] [MOVE] FIRESTORM_GATE_BLOCK UPC setup=move_strike prior_bar_ticks=124 threshold=6000
[05:46:55 ET] [MOVE] FIRESTORM_GATE_BLOCK UPC setup=move_strike prior_bar_ticks=124 threshold=6000
[05:46:55 ET] [MOVE] FIRESTORM_GATE_BLOCK UPC setup=move_strike prior_bar_ticks=124 threshold=6000
[05:46:55 ET] [MOVE] FIRESTORM_GATE_BLOCK UPC setup=move_strike prior_bar_ticks=124 threshold=6000
[05:46:55 ET] [MOVE] FIRESTORM_GATE_BLOCK UPC setup=move_strike prior_bar_ticks=124 threshold=6000
[05:46:55 ET] [MOVE] FIRESTORM_GATE_BLOCK UPC setup=move_strike prior_bar_ticks=124 threshold=6000
[05:46:55 ET] [MOVE] FIRESTORM_GATE_BLOCK UPC setup=move_strike prior_bar_ticks=124 threshold=6000
[05:46:55 ET] [MOVE] FIRESTORM_GATE_BLOCK UPC setup=move_strike prior_bar_ticks=124 threshold=6000
[05:46:55 ET] [MOVE] FIRESTORM_GATE_BLOCK UPC setup=move_strike prior_bar_ticks=124 threshold=6000
[05:46:55 ET] [MOVE] FIRESTORM_GATE_BLOCK UPC setup=move_strike prior_bar_ticks=124 threshold=6000
[05:46:55 ET] [MOVE] FIRESTORM_GATE_BLOCK UPC setup=move_strike prior_bar_ticks=124 threshold=6000
[05:46:55 ET] [MOVE] FIRESTORM_GATE_BLOCK UPC setup=move_strike prior_bar_ticks=124 threshold=6000
[05:46:55 ET] [MOVE] FIRESTORM_GATE_BLOCK UPC setup=move_strike prior_bar_ticks=124 threshold=6000
[05:46:55 ET] [MOVE] FIRESTORM_GATE_BLOCK UPC setup=move_strike prior_bar_ticks=124 threshold=6000
[05:46:55 ET] [MOVE] FIRESTORM_GATE_BLOCK UPC setup=move_strike prior_bar_ticks=124 threshold=6000
[05:46:55 ET] [MOVE] FIRESTORM_GATE_BLOCK UPC setup=move_strike prior_bar_ticks=124 threshold=6000
[05:46:56 ET] [MOVE] FIRESTORM_GATE_BLOCK UPC setup=move_strike prior_bar_ticks=124 threshold=6000
[05:46:56 ET] [MOVE] FIRESTORM_GATE_BLOCK UPC setup=move_strike prior_bar_ticks=124 threshold=6000
[05:46:56 ET] [MOVE] FIRESTORM_GATE_BLOCK UPC setup=move_strike prior_bar_ticks=124 threshold=6000
[05:46:56 ET] [MOVE] FIRESTORM_GATE_BLOCK UPC setup=move_strike prior_bar_ticks=124 threshold=6000
[05:46:56 ET] [MOVE] FIRESTORM_GATE_BLOCK UPC setup=move_strike prior_bar_ticks=124 threshold=6000
[05:46:56 ET] [MOVE] FIRESTORM_GATE_BLOCK UPC setup=move_strike prior_bar_ticks=124 threshold=6000
[05:46:56 ET] [MOVE] FIRESTORM_GATE_BLOCK UPC setup=move_strike prior_bar_ticks=124 threshold=6000
[05:46:56 ET] [MOVE] FIRESTORM_GATE_BLOCK UPC setup=move_strike prior_bar_ticks=124 threshold=6000
[05:46:56 ET] [MOVE] FIRESTORM_GATE_BLOCK UPC setup=move_strike prior_bar_ticks=124 threshold=6000
[05:46:56 ET] [MOVE] FIRESTORM_GATE_BLOCK UPC setup=move_strike prior_bar_ticks=124 threshold=6000
[05:46:56 ET] [MOVE] FIRESTORM_GATE_BLOCK UPC setup=move_strike prior_bar_ticks=124 threshold=6000
[05:46:56 ET] [MOVE] FIRESTORM_GATE_BLOCK UPC setup=move_strike prior_bar_ticks=124 threshold=6000
[05:46:56 ET] [MOVE] FIRESTORM_GATE_BLOCK UPC setup=move_strike prior_bar_ticks=124 threshold=6000
[05:46:56 ET] [MOVE] FIRESTORM_GATE_BLOCK UPC setup=move_strike prior_bar_ticks=124 threshold=6000
[05:46:56 ET] [MOVE] FIRESTORM_GATE_BLOCK UPC setup=move_strike prior_bar_ticks=124 threshold=6000
[05:46:56 ET] [MOVE] FIRESTORM_GATE_BLOCK UPC setup=move_strike prior_bar_ticks=124 threshold=6000
[05:46:56 ET] [MOVE] FIRESTORM_GATE_BLOCK UPC setup=move_strike prior_bar_ticks=124 threshold=6000
[05:46:56 ET] [MOVE] FIRESTORM_GATE_BLOCK UPC setup=move_strike prior_bar_ticks=124 threshold=6000
[05:46:56 ET] [MOVE] FIRESTORM_GATE_BLOCK UPC setup=move_strike prior_bar_ticks=124 threshold=6000
[05:46:56 ET] [MOVE] FIRESTORM_GATE_BLOCK UPC setup=move_strike prior_bar_ticks=124 threshold=6000
[05:46:56 ET] [MOVE] FIRESTORM_GATE_BLOCK UPC setup=move_strike prior_bar_ticks=124 threshold=6000
[05:46:57 ET] [MOVE] FIRESTORM_GATE_BLOCK UPC setup=move_strike prior_bar_ticks=124 threshold=6000
[05:46:57 ET] [MOVE] FIRESTORM_GATE_BLOCK UPC setup=move_strike prior_bar_ticks=124 threshold=6000
[05:46:57 ET] [MOVE] FIRESTORM_GATE_BLOCK UPC setup=move_strike prior_bar_ticks=124 threshold=6000
[TIER] STATUS tier1=['DCOY', 'UPC'] tier2=0 capacity=2/5
[05:46:57 ET] [MOVE] FIRESTORM_GATE_BLOCK UPC setup=move_strike prior_bar_ticks=124 threshold=6000
[05:46:57 ET] [MOVE] FIRESTORM_GATE_BLOCK UPC setup=move_strike prior_bar_ticks=124 threshold=6000
[05:46:57 ET] [MOVE] FIRESTORM_GATE_BLOCK UPC setup=move_strike prior_bar_ticks=124 threshold=6000
[05:46:58 ET] [MOVE] FIRESTORM_GATE_BLOCK UPC setup=move_strike prior_bar_ticks=124 threshold=6000
[05:46:58 ET] [MOVE] FIRESTORM_GATE_BLOCK UPC setup=move_strike prior_bar_ticks=124 threshold=6000
[05:46:58 ET] [MOVE] FIRESTORM_GATE_BLOCK UPC setup=move_strike prior_bar_ticks=124 threshold=6000
[05:46:58 ET] [MOVE] FIRESTORM_GATE_BLOCK UPC setup=move_strike prior_bar_ticks=124 threshold=6000
[05:46:58 ET] [MOVE] FIRESTORM_GATE_BLOCK UPC setup=move_strike prior_bar_ticks=124 threshold=6000
[05:46:58 ET] [MOVE] FIRESTORM_GATE_BLOCK UPC setup=move_strike prior_bar_ticks=124 threshold=6000
[05:46:58 ET] [MOVE] FIRESTORM_GATE_BLOCK UPC setup=move_strike prior_bar_ticks=124 threshold=6000
[05:46:58 ET] [MOVE] FIRESTORM_GATE_BLOCK UPC setup=move_strike prior_bar_ticks=124 threshold=6000
[05:46:58 ET] [MOVE] FIRESTORM_GATE_BLOCK UPC setup=move_strike prior_bar_ticks=124 threshold=6000
[05:46:58 ET] [MOVE] FIRESTORM_GATE_BLOCK UPC setup=move_strike prior_bar_ticks=124 threshold=6000
[05:46:58 ET] [MOVE] FIRESTORM_GATE_BLOCK UPC setup=move_strike prior_bar_ticks=124 threshold=6000
[05:46:58 ET] [MOVE] FIRESTORM_GATE_BLOCK UPC setup=move_strike prior_bar_ticks=124 threshold=6000
[05:46:58 ET] [MOVE] FIRESTORM_GATE_BLOCK UPC setup=move_strike prior_bar_ticks=124 threshold=6000
[05:46:58 ET] [MOVE] FIRESTORM_GATE_BLOCK UPC setup=move_strike prior_bar_ticks=124 threshold=6000
[05:46:58 ET] [MOVE] FIRESTORM_GATE_BLOCK UPC setup=move_strike prior_bar_ticks=124 threshold=6000
[05:46:58 ET] [MOVE] FIRESTORM_GATE_BLOCK UPC setup=move_strike prior_bar_ticks=124 threshold=6000
[05:46:58 ET] [MOVE] FIRESTORM_GATE_BLOCK UPC setup=move_strike prior_bar_ticks=124 threshold=6000
[05:46:58 ET] [MOVE] FIRESTORM_GATE_BLOCK UPC setup=move_strike prior_bar_ticks=124 threshold=6000
[05:46:58 ET] [MOVE] FIRESTORM_GATE_BLOCK UPC setup=move_strike prior_bar_ticks=124 threshold=6000
[05:46:58 ET] [MOVE] FIRESTORM_GATE_BLOCK UPC setup=move_strike prior_bar_ticks=124 threshold=6000
[05:46:58 ET] [MOVE] FIRESTORM_GATE_BLOCK UPC setup=move_strike prior_bar_ticks=124 threshold=6000
[05:46:58 ET] [MOVE] FIRESTORM_GATE_BLOCK UPC setup=move_strike prior_bar_ticks=124 threshold=6000
[05:46:58 ET] [MOVE] FIRESTORM_GATE_BLOCK UPC setup=move_strike prior_bar_ticks=124 threshold=6000
[05:46:58 ET] [MOVE] FIRESTORM_GATE_BLOCK UPC setup=move_strike prior_bar_ticks=124 threshold=6000
[05:46:58 ET] [MOVE] FIRESTORM_GATE_BLOCK UPC setup=move_strike prior_bar_ticks=124 threshold=6000
[05:46:58 ET] [MOVE] FIRESTORM_GATE_BLOCK UPC setup=move_strike prior_bar_ticks=124 threshold=6000
[05:46:58 ET] [MOVE] FIRESTORM_GATE_BLOCK UPC setup=move_strike prior_bar_ticks=124 threshold=6000
[05:46:58 ET] [MOVE] FIRESTORM_GATE_BLOCK UPC setup=move_strike prior_bar_ticks=124 threshold=6000
[05:46:58 ET] [MOVE] FIRESTORM_GATE_BLOCK UPC setup=move_strike prior_bar_ticks=124 threshold=6000
[05:46:58 ET] [MOVE] FIRESTORM_GATE_BLOCK UPC setup=move_strike prior_bar_ticks=124 threshold=6000
[05:46:59 ET] [MOVE] FIRESTORM_GATE_BLOCK UPC setup=move_strike prior_bar_ticks=124 threshold=6000
[05:46:59 ET] [MOVE] FIRESTORM_GATE_BLOCK UPC setup=move_strike prior_bar_ticks=124 threshold=6000
[05:46:59 ET] [MOVE] FIRESTORM_GATE_BLOCK UPC setup=move_strike prior_bar_ticks=124 threshold=6000
[05:46:59 ET] [MOVE] FIRESTORM_GATE_BLOCK UPC setup=move_strike prior_bar_ticks=124 threshold=6000
[05:46:59 ET] [MOVE] FIRESTORM_GATE_BLOCK UPC setup=move_strike prior_bar_ticks=124 threshold=6000
[05:46:59 ET] [MOVE] FIRESTORM_GATE_BLOCK UPC setup=move_strike prior_bar_ticks=124 threshold=6000
[05:46:59 ET] [MOVE] FIRESTORM_GATE_BLOCK UPC setup=move_strike prior_bar_ticks=124 threshold=6000
[05:46:59 ET] [MOVE] FIRESTORM_GATE_BLOCK UPC setup=move_strike prior_bar_ticks=124 threshold=6000
[05:46:59 ET] [MOVE] FIRESTORM_GATE_BLOCK UPC setup=move_strike prior_bar_ticks=124 threshold=6000
[05:46:59 ET] [MOVE] FIRESTORM_GATE_BLOCK UPC setup=move_strike prior_bar_ticks=124 threshold=6000
[05:46:59 ET] [MOVE] FIRESTORM_GATE_BLOCK UPC setup=move_strike prior_bar_ticks=124 threshold=6000
[05:46:59 ET] [MOVE] FIRESTORM_GATE_BLOCK UPC setup=move_strike prior_bar_ticks=124 threshold=6000
[05:46:59 ET] [MOVE] FIRESTORM_GATE_BLOCK UPC setup=move_strike prior_bar_ticks=124 threshold=6000
[05:46:59 ET] [MOVE] FIRESTORM_GATE_BLOCK UPC setup=move_strike prior_bar_ticks=124 threshold=6000
[05:46:59 ET] [MOVE] FIRESTORM_GATE_BLOCK UPC setup=move_strike prior_bar_ticks=124 threshold=6000
[05:46:59 ET] [MOVE] FIRESTORM_GATE_BLOCK UPC setup=move_strike prior_bar_ticks=124 threshold=6000
[05:46:59 ET] [MOVE] FIRESTORM_GATE_BLOCK UPC setup=move_strike prior_bar_ticks=124 threshold=6000
[05:46:59 ET] [MOVE] FIRESTORM_GATE_BLOCK UPC setup=move_strike prior_bar_ticks=124 threshold=6000
[05:47:00 ET] ACTIVE | flat | daily=$+0 (0t) | conn=OK | ticks=1509 | DCOY:331t/IDLE UPC:437t/ARMED/arm$10.02
[05:47:01 ET] ACTIVE | flat | daily=$+0 (0t) | conn=OK | ticks=1555 | DCOY:364t/IDLE UPC:450t/ARMED/arm$10.02
[ENGINE_PUB] STATS published=45,721 dropped=0 clients=2
  Tick cache: UPC → +465 ticks (total 56,088)
  Tick cache: DCOY → +225 ticks (total 90,779)
📦 Tick cache saved: 2 symbols → tick_cache/2026-06-29/
[TIER] STATUS tier1=['DCOY', 'UPC'] tier2=0 capacity=2/5
  TICK AUDIT: DCOY: 478 ticks in last 60s, last_price=$13.98, last_tick_time=05:47:28
  TICK AUDIT: UPC: 766 ticks in last 60s, last_price=$8.92, last_tick_time=05:47:29
  → ORPHAN IGNORED (sync): FEBO on WB_ORPHAN_HALT_IGNORE_SYMBOLS — NOT adopting; bot keeps trading. Left at broker for manual handling.
  ⚠️ ORPHAN POSITION FOUND: FEBO qty=219 (available=219) entry=$1.12 unrealized=$-45.78 value=$198.78
  → ORPHAN IGNORED: FEBO on WB_ORPHAN_HALT_IGNORE_SYMBOLS — NOT adopting, NOT halting. Bot keeps trading other names; position left at broker for manual handling.
SUBSCRIPTION_AUDIT {"ts":"2026-06-29T05:47:30.331137-04:00","sym":"UPC","tier":"tick_by_tick","obs_v_5m":59201,"median_v_5m":49988,"ratio_obs_to_median":1.1843,"truth_v_5m":null,"ratio_obs_to_truth":null,"status":"OK","sub_age_sec":1021,"contract_exchange":"SMART","contract_primary":"NASDAQ"}
SUBSCRIPTION_AUDIT {"ts":"2026-06-29T05:47:30.331137-04:00","sym":"DCOY","tier":"tick_by_tick","obs_v_5m":40775,"median_v_5m":49988,"ratio_obs_to_median":0.8157,"truth_v_5m":null,"ratio_obs_to_truth":null,"status":"OK","sub_age_sec":2824,"contract_exchange":"SMART","contract_primary":"NASDAQ"}
  Tick cache: DCOY → +188 ticks (total 90,967)
  Tick cache: UPC → +162 ticks (total 56,250)
📦 Tick cache saved: 2 symbols → tick_cache/2026-06-29/
[TIER] STATUS tier1=['DCOY', 'UPC'] tier2=0 capacity=2/5
[05:48:00 ET] ACTIVE | flat | daily=$+0 (0t) | conn=OK | ticks=1076 | DCOY:158t/IDLE UPC:177t/ARMED/arm$10.02
[05:48:01 ET] ACTIVE | flat | daily=$+0 (0t) | conn=OK | ticks=1080 | DCOY:159t/IDLE UPC:180t/ARMED/arm$10.02
[ENGINE_PUB] STATS published=46,490 dropped=0 clients=2
  Tick cache: UPC → +197 ticks (total 56,447)
  Tick cache: DCOY → +56 ticks (total 91,023)
📦 Tick cache saved: 2 symbols → tick_cache/2026-06-29/
[TIER] STATUS tier1=['DCOY', 'UPC'] tier2=0 capacity=2/5
  TICK AUDIT: DCOY: 215 ticks in last 60s, last_price=$13.93, last_tick_time=05:48:28
  TICK AUDIT: UPC: 350 ticks in last 60s, last_price=$8.92, last_tick_time=05:48:29
  → ORPHAN IGNORED (sync): FEBO on WB_ORPHAN_HALT_IGNORE_SYMBOLS — NOT adopting; bot keeps trading. Left at broker for manual handling.
  ⚠️ ORPHAN POSITION FOUND: FEBO qty=219 (available=219) entry=$1.12 unrealized=$-45.78 value=$198.78
  → ORPHAN IGNORED: FEBO on WB_ORPHAN_HALT_IGNORE_SYMBOLS — NOT adopting, NOT halting. Bot keeps trading other names; position left at broker for manual handling.
SUBSCRIPTION_AUDIT {"ts":"2026-06-29T05:48:30.558949-04:00","sym":"UPC","tier":"tick_by_tick","obs_v_5m":55621,"median_v_5m":49034,"ratio_obs_to_median":1.1343,"truth_v_5m":null,"ratio_obs_to_truth":null,"status":"OK","sub_age_sec":1081,"contract_exchange":"SMART","contract_primary":"NASDAQ"}
SUBSCRIPTION_AUDIT {"ts":"2026-06-29T05:48:30.558949-04:00","sym":"DCOY","tier":"tick_by_tick","obs_v_5m":42447,"median_v_5m":49034,"ratio_obs_to_median":0.8657,"truth_v_5m":null,"ratio_obs_to_truth":null,"status":"OK","sub_age_sec":2885,"contract_exchange":"SMART","contract_primary":"NASDAQ"}
[TIER] STATUS tier1=['DCOY', 'UPC'] tier2=0 capacity=2/5
  Tick cache: DCOY → +113 ticks (total 91,136)
  Tick cache: UPC → +268 ticks (total 56,715)
📦 Tick cache saved: 2 symbols → tick_cache/2026-06-29/
[05:49:00 ET] ACTIVE | flat | daily=$+0 (0t) | conn=OK | ticks=1108 | DCOY:109t/IDLE UPC:258t/ARMED/arm$10.02
[05:49:01 ET] ACTIVE | flat | daily=$+0 (0t) | conn=OK | ticks=1111 | DCOY:109t/IDLE UPC:261t/ARMED/arm$10.02
[ENGINE_PUB] STATS published=47,095 dropped=0 clients=2
[TIER] STATUS tier1=['DCOY', 'UPC'] tier2=0 capacity=2/5
  Tick cache: DCOY → +84 ticks (total 91,220)
  TICK AUDIT: DCOY: 185 ticks in last 60s, last_price=$13.78, last_tick_time=05:49:28
  TICK AUDIT: UPC: 510 ticks in last 60s, last_price=$8.98, last_tick_time=05:49:29
  → ORPHAN IGNORED (sync): FEBO on WB_ORPHAN_HALT_IGNORE_SYMBOLS — NOT adopting; bot keeps trading. Left at broker for manual handling.
  Tick cache: UPC → +272 ticks (total 56,987)
📦 Tick cache saved: 2 symbols → tick_cache/2026-06-29/
  ⚠️ ORPHAN POSITION FOUND: FEBO qty=219 (available=219) entry=$1.12 unrealized=$-45.78 value=$198.78
  → ORPHAN IGNORED: FEBO on WB_ORPHAN_HALT_IGNORE_SYMBOLS — NOT adopting, NOT halting. Bot keeps trading other names; position left at broker for manual handling.
SUBSCRIPTION_AUDIT {"ts":"2026-06-29T05:49:30.780256-04:00","sym":"UPC","tier":"tick_by_tick","obs_v_5m":63244,"median_v_5m":50811,"ratio_obs_to_median":1.2447,"truth_v_5m":null,"ratio_obs_to_truth":null,"status":"OK","sub_age_sec":1141,"contract_exchange":"SMART","contract_primary":"NASDAQ"}
SUBSCRIPTION_AUDIT {"ts":"2026-06-29T05:49:30.780256-04:00","sym":"DCOY","tier":"tick_by_tick","obs_v_5m":38379,"median_v_5m":50811,"ratio_obs_to_median":0.7553,"truth_v_5m":null,"ratio_obs_to_truth":null,"status":"OK","sub_age_sec":2945,"contract_exchange":"SMART","contract_primary":"NASDAQ"}
[05:49:53 ET] [MOVE] FIRESTORM_GATE_BLOCK UPC setup=move_strike prior_bar_ticks=431 threshold=6000
[05:49:53 ET] [MOVE] FIRESTORM_GATE_BLOCK UPC setup=move_strike prior_bar_ticks=431 threshold=6000
[05:49:53 ET] [MOVE] FIRESTORM_GATE_BLOCK UPC setup=move_strike prior_bar_ticks=431 threshold=6000
[05:49:54 ET] [MOVE] FIRESTORM_GATE_BLOCK UPC setup=move_strike prior_bar_ticks=431 threshold=6000
[05:49:54 ET] [MOVE] FIRESTORM_GATE_BLOCK UPC setup=move_strike prior_bar_ticks=431 threshold=6000
[05:49:54 ET] [MOVE] FIRESTORM_GATE_BLOCK UPC setup=move_strike prior_bar_ticks=431 threshold=6000
[05:49:54 ET] [MOVE] FIRESTORM_GATE_BLOCK UPC setup=move_strike prior_bar_ticks=431 threshold=6000
[05:49:54 ET] [MOVE] FIRESTORM_GATE_BLOCK UPC setup=move_strike prior_bar_ticks=431 threshold=6000
[05:49:54 ET] [MOVE] FIRESTORM_GATE_BLOCK UPC setup=move_strike prior_bar_ticks=431 threshold=6000
[05:49:55 ET] [MOVE] FIRESTORM_GATE_BLOCK UPC setup=move_strike prior_bar_ticks=431 threshold=6000
[05:49:56 ET] [MOVE] FIRESTORM_GATE_BLOCK UPC setup=move_strike prior_bar_ticks=431 threshold=6000
[TIER] STATUS tier1=['DCOY', 'UPC'] tier2=0 capacity=2/5
[05:50 ET] DCOY CHART | O=13.85 H=13.85 L=13.13 C=13.13 V=14,558 | EMA9=13.85 VWAP=13.41 (-2.1%) HOD=17.81 PM_H=17.81 | MACD=N/A vol_ratio=0.9x avg_vol=16,865 bars=50 | sq=IDLE armed=none
[05:50 ET] UPC CHART | O=8.93 H=9.05 L=8.87 C=9.01 V=15,390 | EMA9=8.85 VWAP=9.43 (-4.4%) HOD=10.98 PM_H=10.98 | MACD=N/A vol_ratio=0.9x avg_vol=17,626 bars=27 | sq=ARMED armed=$10.02
[05:50:00 ET] ACTIVE | flat | daily=$+0 (0t) | conn=OK | ticks=1589 | DCOY:614t/IDLE UPC:234t/ARMED/arm$10.02
  Tick cache: UPC → +232 ticks (total 57,219)
[05:50:01 ET] ACTIVE | flat | daily=$+0 (0t) | conn=OK | ticks=1649 | DCOY:666t/IDLE UPC:242t/ARMED/arm$10.02
  Tick cache: DCOY → +544 ticks (total 91,764)
📦 Tick cache saved: 2 symbols → tick_cache/2026-06-29/
[ENGINE_PUB] STATS published=48,372 dropped=0 clients=2
[TIER] STATUS tier1=['DCOY', 'UPC'] tier2=0 capacity=2/5
  TICK AUDIT: DCOY: 1632 ticks in last 60s, last_price=$13.12, last_tick_time=05:50:30
  TICK AUDIT: UPC: 404 ticks in last 60s, last_price=$9.00, last_tick_time=05:50:29
  → ORPHAN IGNORED (sync): FEBO on WB_ORPHAN_HALT_IGNORE_SYMBOLS — NOT adopting; bot keeps trading. Left at broker for manual handling.

🔄 Running scanner at 05:50:31 ET...
Error 162, reqId 137004: Historical Market Data Service error message:API scanner subscription cancelled: 137004
IBKR ERROR 162: Historical Market Data Service error message:API scanner subscription cancelled: 137004 (reqId=137004, symbol=?)
  Tick cache: DCOY → +1,141 ticks (total 92,905)
  Tick cache: UPC → +174 ticks (total 57,393)
📦 Tick cache saved: 2 symbols → tick_cache/2026-06-29/
[05:50 ET] QH CHART | O=7.39 H=7.39 L=7.39 C=7.39 V=200 | EMA9=none VWAP=6.71 (+10.1%) HOD=7.39 PM_H=7.39 | MACD=N/A vol_ratio=0.0x avg_vol=0 bars=0 | sq=N/A armed=none
[05:50 ET] STI CHART | O=15.41 H=15.41 L=15.41 C=15.41 V=1,400 | EMA9=none VWAP=14.44 (+6.7%) HOD=16.37 PM_H=16.37 | MACD=N/A vol_ratio=0.0x avg_vol=0 bars=0 | sq=N/A armed=none
[05:50 ET] WNW CHART | O=3.90 H=3.90 L=3.90 C=3.90 V=100 | EMA9=none VWAP=3.96 (-1.6%) HOD=4.05 PM_H=4.05 | MACD=N/A vol_ratio=0.0x avg_vol=0 bars=0 | sq=N/A armed=none
[05:50 ET] AMSS CHART | O=2.36 H=2.36 L=2.36 C=2.36 V=1,400 | EMA9=none VWAP=2.33 (+1.1%) HOD=2.37 PM_H=2.37 | MACD=N/A vol_ratio=0.0x avg_vol=0 bars=0 | sq=N/A armed=none
[05:50 ET] WSHP CHART | O=9.20 H=9.20 L=9.20 C=9.20 V=200 | EMA9=none VWAP=9.08 (+1.3%) HOD=9.45 PM_H=9.45 | MACD=N/A vol_ratio=0.0x avg_vol=0 bars=0 | sq=N/A armed=none
[05:50 ET] LRMR CHART | O=4.11 H=4.11 L=4.11 C=4.11 V=600 | EMA9=none VWAP=4.20 (-2.0%) HOD=4.35 PM_H=4.35 | MACD=N/A vol_ratio=0.0x avg_vol=0 bars=0 | sq=N/A armed=none
[05:50 ET] MBRX CHART | O=3.50 H=3.50 L=3.50 C=3.50 V=200 | EMA9=none VWAP=3.50 (-0.1%) HOD=3.93 PM_H=3.93 | MACD=N/A vol_ratio=0.0x avg_vol=0 bars=0 | sq=N/A armed=none
[05:50 ET] CCXI CHART | O=15.35 H=15.35 L=15.35 C=15.35 V=200 | EMA9=none VWAP=15.63 (-1.8%) HOD=16.49 PM_H=16.49 | MACD=N/A vol_ratio=0.0x avg_vol=0 bars=0 | sq=N/A armed=none
[05:50 ET] CBRG CHART | O=4.42 H=4.42 L=4.42 C=4.42 V=4,000 | EMA9=none VWAP=4.40 (+0.4%) HOD=4.48 PM_H=4.48 | MACD=N/A vol_ratio=0.0x avg_vol=0 bars=0 | sq=N/A armed=none
[ENGINE_PUB] STATS published=50,629 dropped=0 clients=2
  Tick cache: UPC → +463 ticks (total 57,856)
  Tick cache: DCOY → +726 ticks (total 93,631)
  Tick cache: QH → +3 ticks (total 26)
  Tick cache: STI → +2 ticks (total 30)
  Tick cache: WNW → +2 ticks (total 35)
  Tick cache: AMSS → +1 ticks (total 36)
  Tick cache: WSHP → +2 ticks (total 34)
  Tick cache: LRMR → +1 ticks (total 39)
  Tick cache: MBRX → +3 ticks (total 43)
  Tick cache: CCXI → +3 ticks (total 44)
  Tick cache: CBRG → +3 ticks (total 46)
  Tick cache: RDWU → +3 ticks (total 47)
📦 Tick cache saved: 12 symbols → tick_cache/2026-06-29/
  Saved: /Users/duffy/warrior_bot_v2/scanner_results/2026-06-29.json (22 snapshots)
📊 Scanner: 2 new candidates, 0 new subs, 2 total watching
  ⚠️ ORPHAN POSITION FOUND: FEBO qty=219 (available=219) entry=$1.12 unrealized=$-45.78 value=$198.78
  → ORPHAN IGNORED: FEBO on WB_ORPHAN_HALT_IGNORE_SYMBOLS — NOT adopting, NOT halting. Bot keeps trading other names; position left at broker for manual handling.
[TIER] STATUS tier1=['DCOY', 'UPC'] tier2=0 capacity=2/5
SUBSCRIPTION_AUDIT {"ts":"2026-06-29T05:50:31.006351-04:00","sym":"UPC","tier":"tick_by_tick","obs_v_5m":85253,"median_v_5m":71829,"ratio_obs_to_median":1.1869,"truth_v_5m":null,"ratio_obs_to_truth":null,"status":"OK","sub_age_sec":1201,"contract_exchange":"SMART","contract_primary":"NASDAQ"}
SUBSCRIPTION_AUDIT {"ts":"2026-06-29T05:50:31.006351-04:00","sym":"DCOY","tier":"tick_by_tick","obs_v_5m":58405,"median_v_5m":71829,"ratio_obs_to_median":0.8131,"truth_v_5m":null,"ratio_obs_to_truth":null,"status":"OK","sub_age_sec":3005,"contract_exchange":"SMART","contract_primary":"NASDAQ"}
SUBSCRIPTION_AUDIT {"ts":"2026-06-29T05:50:31.006351-04:00","sym":"UPC","tier":"tick_by_tick","obs_v_5m":85253,"median_v_5m":71829,"ratio_obs_to_median":1.1869,"truth_v_5m":43452,"ratio_obs_to_truth":1.962,"status":"DIRECT_QUERY_OK","sub_age_sec":1201,"contract_exchange":"SMART","contract_primary":"NASDAQ"}
SUBSCRIPTION_AUDIT {"ts":"2026-06-29T05:50:31.006351-04:00","sym":"DCOY","tier":"tick_by_tick","obs_v_5m":58405,"median_v_5m":71829,"ratio_obs_to_median":0.8131,"truth_v_5m":30891,"ratio_obs_to_truth":1.8907,"status":"DIRECT_QUERY_OK","sub_age_sec":3005,"contract_exchange":"SMART","contract_primary":"NASDAQ"}
  TICK AUDIT: DCOY: 1723 ticks in last 60s, last_price=$12.99, last_tick_time=05:51:29
  TICK AUDIT: UPC: 822 ticks in last 60s, last_price=$9.09, last_tick_time=05:51:30
  → ORPHAN IGNORED (sync): FEBO on WB_ORPHAN_HALT_IGNORE_SYMBOLS — NOT adopting; bot keeps trading. Left at broker for manual handling.
  ⚠️ ORPHAN POSITION FOUND: FEBO qty=219 (available=219) entry=$1.12 unrealized=$-45.78 value=$198.78
  → ORPHAN IGNORED: FEBO on WB_ORPHAN_HALT_IGNORE_SYMBOLS — NOT adopting, NOT halting. Bot keeps trading other names; position left at broker for manual handling.
SUBSCRIPTION_AUDIT {"ts":"2026-06-29T05:51:31.237790-04:00","sym":"UPC","tier":"tick_by_tick","obs_v_5m":85253,"median_v_5m":71829,"ratio_obs_to_median":1.1869,"truth_v_5m":null,"ratio_obs_to_truth":null,"status":"OK","sub_age_sec":1262,"contract_exchange":"SMART","contract_primary":"NASDAQ"}
SUBSCRIPTION_AUDIT {"ts":"2026-06-29T05:51:31.237790-04:00","sym":"DCOY","tier":"tick_by_tick","obs_v_5m":58405,"median_v_5m":71829,"ratio_obs_to_median":0.8131,"truth_v_5m":null,"ratio_obs_to_truth":null,"status":"OK","sub_age_sec":3065,"contract_exchange":"SMART","contract_primary":"NASDAQ"}
  Tick cache: UPC → +490 ticks (total 58,346)
  Tick cache: DCOY → +1,024 ticks (total 94,655)
  Tick cache: ORCU → +1 ticks (total 38)
  Tick cache: VIVO → +2 ticks (total 27)
  Tick cache: SLS → +2 ticks (total 37)
  Tick cache: SMCX → +3 ticks (total 27)
  Tick cache: LWLG → +1 ticks (total 13)
  Tick cache: RZLV → +2 ticks (total 16)
  Tick cache: SKYQ → +2 ticks (total 29)
  Tick cache: OKLL → +2 ticks (total 19)
📦 Tick cache saved: 10 symbols → tick_cache/2026-06-29/
[TIER] STATUS tier1=['DCOY', 'UPC'] tier2=0 capacity=2/5
[05:52:00 ET] ACTIVE | flat | daily=$+0 (0t) | conn=OK | ticks=1738 | DCOY:296t/IDLE UPC:663t/ARMED/arm$10.02
[05:52:01 ET] ACTIVE | flat | daily=$+0 (0t) | conn=OK | ticks=1777 | DCOY:320t/IDLE UPC:678t/ARMED/arm$10.02
[ENGINE_PUB] STATS published=53,065 dropped=0 clients=2
  Tick cache: UPC → +603 ticks (total 58,949)
  Tick cache: DCOY → +336 ticks (total 94,991)
📦 Tick cache saved: 2 symbols → tick_cache/2026-06-29/
[TIER] STATUS tier1=['DCOY', 'UPC'] tier2=0 capacity=2/5
  TICK AUDIT: DCOY: 649 ticks in last 60s, last_price=$13.10, last_tick_time=05:52:29
  TICK AUDIT: UPC: 1055 ticks in last 60s, last_price=$9.15, last_tick_time=05:52:30
  → ORPHAN IGNORED (sync): FEBO on WB_ORPHAN_HALT_IGNORE_SYMBOLS — NOT adopting; bot keeps trading. Left at broker for manual handling.
  ⚠️ ORPHAN POSITION FOUND: FEBO qty=219 (available=219) entry=$1.12 unrealized=$-45.78 value=$198.78
  → ORPHAN IGNORED: FEBO on WB_ORPHAN_HALT_IGNORE_SYMBOLS — NOT adopting, NOT halting. Bot keeps trading other names; position left at broker for manual handling.
SUBSCRIPTION_AUDIT {"ts":"2026-06-29T05:52:31.451486-04:00","sym":"UPC","tier":"tick_by_tick","obs_v_5m":102686,"median_v_5m":87888,"ratio_obs_to_median":1.1684,"truth_v_5m":null,"ratio_obs_to_truth":null,"status":"OK","sub_age_sec":1322,"contract_exchange":"SMART","contract_primary":"NASDAQ"}
SUBSCRIPTION_AUDIT {"ts":"2026-06-29T05:52:31.451486-04:00","sym":"DCOY","tier":"tick_by_tick","obs_v_5m":73091,"median_v_5m":87888,"ratio_obs_to_median":0.8316,"truth_v_5m":null,"ratio_obs_to_truth":null,"status":"OK","sub_age_sec":3125,"contract_exchange":"SMART","contract_primary":"NASDAQ"}
  Tick cache: UPC → +460 ticks (total 59,409)
  Tick cache: DCOY → +400 ticks (total 95,391)
📦 Tick cache saved: 2 symbols → tick_cache/2026-06-29/
[TIER] STATUS tier1=['DCOY', 'UPC'] tier2=0 capacity=2/5
[05:53:00 ET] ACTIVE | flat | daily=$+0 (0t) | conn=OK | ticks=1301 | DCOY:280t/IDLE UPC:242t/ARMED/arm$10.02
[05:53:01 ET] ACTIVE | flat | daily=$+0 (0t) | conn=OK | ticks=1310 | DCOY:289t/IDLE UPC:242t/ARMED/arm$10.02
[ENGINE_PUB] STATS published=54,276 dropped=0 clients=2
  Tick cache: DCOY → +163 ticks (total 95,554)
  Tick cache: UPC → +169 ticks (total 59,578)
📦 Tick cache saved: 2 symbols → tick_cache/2026-06-29/
[05:53:27 ET] [MOVE] FIRESTORM_GATE_BLOCK UPC setup=move_strike prior_bar_ticks=627 threshold=6000
[05:53:27 ET] [MOVE] FIRESTORM_GATE_BLOCK UPC setup=move_strike prior_bar_ticks=627 threshold=6000
[05:53:27 ET] [MOVE] FIRESTORM_GATE_BLOCK UPC setup=move_strike prior_bar_ticks=627 threshold=6000
[TIER] STATUS tier1=['DCOY', 'UPC'] tier2=0 capacity=2/5
[05:53:27 ET] [MOVE] FIRESTORM_GATE_BLOCK UPC setup=move_strike prior_bar_ticks=627 threshold=6000
[05:53:29 ET] [MOVE] FIRESTORM_GATE_BLOCK UPC setup=move_strike prior_bar_ticks=627 threshold=6000
[05:53:29 ET] [MOVE] FIRESTORM_GATE_BLOCK UPC setup=move_strike prior_bar_ticks=627 threshold=6000
[05:53:29 ET] [MOVE] FIRESTORM_GATE_BLOCK UPC setup=move_strike prior_bar_ticks=627 threshold=6000
[05:53:30 ET] [MOVE] FIRESTORM_GATE_BLOCK UPC setup=move_strike prior_bar_ticks=627 threshold=6000
[05:53:30 ET] [MOVE] FIRESTORM_GATE_BLOCK UPC setup=move_strike prior_bar_ticks=627 threshold=6000
[05:53:30 ET] [MOVE] FIRESTORM_GATE_BLOCK UPC setup=move_strike prior_bar_ticks=627 threshold=6000
[05:53:30 ET] [MOVE] FIRESTORM_GATE_BLOCK UPC setup=move_strike prior_bar_ticks=627 threshold=6000
  TICK AUDIT: DCOY: 617 ticks in last 60s, last_price=$12.78, last_tick_time=05:53:30
  TICK AUDIT: UPC: 581 ticks in last 60s, last_price=$9.28, last_tick_time=05:53:30
  → ORPHAN IGNORED (sync): FEBO on WB_ORPHAN_HALT_IGNORE_SYMBOLS — NOT adopting; bot keeps trading. Left at broker for manual handling.
[05:53:31 ET] [MOVE] FIRESTORM_GATE_BLOCK UPC setup=move_strike prior_bar_ticks=627 threshold=6000
[05:53:31 ET] [MOVE] FIRESTORM_GATE_BLOCK UPC setup=move_strike prior_bar_ticks=627 threshold=6000
[05:53:31 ET] [MOVE] FIRESTORM_GATE_BLOCK UPC setup=move_strike prior_bar_ticks=627 threshold=6000
[05:53:31 ET] [MOVE] FIRESTORM_GATE_BLOCK UPC setup=move_strike prior_bar_ticks=627 threshold=6000
[05:53:31 ET] [MOVE] FIRESTORM_GATE_BLOCK UPC setup=move_strike prior_bar_ticks=627 threshold=6000
[05:53:31 ET] [MOVE] FIRESTORM_GATE_BLOCK UPC setup=move_strike prior_bar_ticks=627 threshold=6000
[05:53:31 ET] [MOVE] FIRESTORM_GATE_BLOCK UPC setup=move_strike prior_bar_ticks=627 threshold=6000
[05:53:31 ET] [MOVE] FIRESTORM_GATE_BLOCK UPC setup=move_strike prior_bar_ticks=627 threshold=6000
[05:53:31 ET] [MOVE] FIRESTORM_GATE_BLOCK UPC setup=move_strike prior_bar_ticks=627 threshold=6000
[05:53:31 ET] [MOVE] FIRESTORM_GATE_BLOCK UPC setup=move_strike prior_bar_ticks=627 threshold=6000
[05:53:31 ET] [MOVE] FIRESTORM_GATE_BLOCK UPC setup=move_strike prior_bar_ticks=627 threshold=6000
[05:53:31 ET] [MOVE] FIRESTORM_GATE_BLOCK UPC setup=move_strike prior_bar_ticks=627 threshold=6000
[05:53:31 ET] [MOVE] FIRESTORM_GATE_BLOCK UPC setup=move_strike prior_bar_ticks=627 threshold=6000
[05:53:31 ET] [MOVE] FIRESTORM_GATE_BLOCK UPC setup=move_strike prior_bar_ticks=627 threshold=6000
[05:53:31 ET] [MOVE] FIRESTORM_GATE_BLOCK UPC setup=move_strike prior_bar_ticks=627 threshold=6000
[05:53:31 ET] [MOVE] FIRESTORM_GATE_BLOCK UPC setup=move_strike prior_bar_ticks=627 threshold=6000
[05:53:31 ET] [MOVE] FIRESTORM_GATE_BLOCK UPC setup=move_strike prior_bar_ticks=627 threshold=6000
[05:53:31 ET] [MOVE] FIRESTORM_GATE_BLOCK UPC setup=move_strike prior_bar_ticks=627 threshold=6000
[05:53:31 ET] [MOVE] FIRESTORM_GATE_BLOCK UPC setup=move_strike prior_bar_ticks=627 threshold=6000
[05:53:31 ET] [MOVE] FIRESTORM_GATE_BLOCK UPC setup=move_strike prior_bar_ticks=627 threshold=6000
[05:53:31 ET] [MOVE] FIRESTORM_GATE_BLOCK UPC setup=move_strike prior_bar_ticks=627 threshold=6000
[05:53:31 ET] [MOVE] FIRESTORM_GATE_BLOCK UPC setup=move_strike prior_bar_ticks=627 threshold=6000
[05:53:31 ET] [MOVE] FIRESTORM_GATE_BLOCK UPC setup=move_strike prior_bar_ticks=627 threshold=6000
[05:53:31 ET] [MOVE] FIRESTORM_GATE_BLOCK UPC setup=move_strike prior_bar_ticks=627 threshold=6000
[05:53:31 ET] [MOVE] FIRESTORM_GATE_BLOCK UPC setup=move_strike prior_bar_ticks=627 threshold=6000
[05:53:31 ET] [MOVE] FIRESTORM_GATE_BLOCK UPC setup=move_strike prior_bar_ticks=627 threshold=6000
[05:53:31 ET] [MOVE] FIRESTORM_GATE_BLOCK UPC setup=move_strike prior_bar_ticks=627 threshold=6000
[05:53:31 ET] [MOVE] FIRESTORM_GATE_BLOCK UPC setup=move_strike prior_bar_ticks=627 threshold=6000
[05:53:31 ET] [MOVE] FIRESTORM_GATE_BLOCK UPC setup=move_strike prior_bar_ticks=627 threshold=6000
[05:53:31 ET] [MOVE] FIRESTORM_GATE_BLOCK UPC setup=move_strike prior_bar_ticks=627 threshold=6000
[05:53:31 ET] [MOVE] FIRESTORM_GATE_BLOCK UPC setup=move_strike prior_bar_ticks=627 threshold=6000
[05:53:31 ET] [MOVE] FIRESTORM_GATE_BLOCK UPC setup=move_strike prior_bar_ticks=627 threshold=6000
[05:53:31 ET] [MOVE] FIRESTORM_GATE_BLOCK UPC setup=move_strike prior_bar_ticks=627 threshold=6000
[05:53:31 ET] [MOVE] FIRESTORM_GATE_BLOCK UPC setup=move_strike prior_bar_ticks=627 threshold=6000
[05:53:31 ET] [MOVE] FIRESTORM_GATE_BLOCK UPC setup=move_strike prior_bar_ticks=627 threshold=6000
[05:53:31 ET] [MOVE] FIRESTORM_GATE_BLOCK UPC setup=move_strike prior_bar_ticks=627 threshold=6000
[05:53:31 ET] [MOVE] FIRESTORM_GATE_BLOCK UPC setup=move_strike prior_bar_ticks=627 threshold=6000
[05:53:31 ET] [MOVE] FIRESTORM_GATE_BLOCK UPC setup=move_strike prior_bar_ticks=627 threshold=6000
[05:53:31 ET] [MOVE] FIRESTORM_GATE_BLOCK UPC setup=move_strike prior_bar_ticks=627 threshold=6000
[05:53:31 ET] [MOVE] FIRESTORM_GATE_BLOCK UPC setup=move_strike prior_bar_ticks=627 threshold=6000
  ⚠️ ORPHAN POSITION FOUND: FEBO qty=219 (available=219) entry=$1.12 unrealized=$-45.78 value=$198.78
  → ORPHAN IGNORED: FEBO on WB_ORPHAN_HALT_IGNORE_SYMBOLS — NOT adopting, NOT halting. Bot keeps trading other names; position left at broker for manual handling.
SUBSCRIPTION_AUDIT {"ts":"2026-06-29T05:53:31.668133-04:00","sym":"UPC","tier":"tick_by_tick","obs_v_5m":110537,"median_v_5m":93620,"ratio_obs_to_median":1.1807,"truth_v_5m":null,"ratio_obs_to_truth":null,"status":"OK","sub_age_sec":1382,"contract_exchange":"SMART","contract_primary":"NASDAQ"}
SUBSCRIPTION_AUDIT {"ts":"2026-06-29T05:53:31.668133-04:00","sym":"DCOY","tier":"tick_by_tick","obs_v_5m":76704,"median_v_5m":93620,"ratio_obs_to_median":0.8193,"truth_v_5m":null,"ratio_obs_to_truth":null,"status":"OK","sub_age_sec":3186,"contract_exchange":"SMART","contract_primary":"NASDAQ"}
[05:53:32 ET] [MOVE] FIRESTORM_GATE_BLOCK UPC setup=move_strike prior_bar_ticks=627 threshold=6000
[05:53:32 ET] [MOVE] FIRESTORM_GATE_BLOCK UPC setup=move_strike prior_bar_ticks=627 threshold=6000
[05:53:32 ET] [MOVE] FIRESTORM_GATE_BLOCK UPC setup=move_strike prior_bar_ticks=627 threshold=6000
[05:53:32 ET] [MOVE] FIRESTORM_GATE_BLOCK UPC setup=move_strike prior_bar_ticks=627 threshold=6000
[05:53:32 ET] [MOVE] FIRESTORM_GATE_BLOCK UPC setup=move_strike prior_bar_ticks=627 threshold=6000
[05:53:32 ET] [MOVE] FIRESTORM_GATE_BLOCK UPC setup=move_strike prior_bar_ticks=627 threshold=6000
[05:53:32 ET] [MOVE] FIRESTORM_GATE_BLOCK UPC setup=move_strike prior_bar_ticks=627 threshold=6000
[05:53:32 ET] [MOVE] FIRESTORM_GATE_BLOCK UPC setup=move_strike prior_bar_ticks=627 threshold=6000
[05:53:32 ET] [MOVE] FIRESTORM_GATE_BLOCK UPC setup=move_strike prior_bar_ticks=627 threshold=6000
[05:53:33 ET] [MOVE] FIRESTORM_GATE_BLOCK UPC setup=move_strike prior_bar_ticks=627 threshold=6000
[05:53:33 ET] [MOVE] FIRESTORM_GATE_BLOCK UPC setup=move_strike prior_bar_ticks=627 threshold=6000
[05:53:33 ET] [MOVE] FIRESTORM_GATE_BLOCK UPC setup=move_strike prior_bar_ticks=627 threshold=6000
[05:53:33 ET] [MOVE] FIRESTORM_GATE_BLOCK UPC setup=move_strike prior_bar_ticks=627 threshold=6000
[05:53:33 ET] [MOVE] FIRESTORM_GATE_BLOCK UPC setup=move_strike prior_bar_ticks=627 threshold=6000
[05:53:33 ET] [MOVE] FIRESTORM_GATE_BLOCK UPC setup=move_strike prior_bar_ticks=627 threshold=6000
[05:53:33 ET] [MOVE] FIRESTORM_GATE_BLOCK UPC setup=move_strike prior_bar_ticks=627 threshold=6000
[05:53:34 ET] [MOVE] FIRESTORM_GATE_BLOCK UPC setup=move_strike prior_bar_ticks=627 threshold=6000
[05:53:34 ET] [MOVE] FIRESTORM_GATE_BLOCK UPC setup=move_strike prior_bar_ticks=627 threshold=6000
[05:53:34 ET] [MOVE] FIRESTORM_GATE_BLOCK UPC setup=move_strike prior_bar_ticks=627 threshold=6000
[05:53:35 ET] [MOVE] FIRESTORM_GATE_BLOCK UPC setup=move_strike prior_bar_ticks=627 threshold=6000
[05:53:35 ET] [MOVE] FIRESTORM_GATE_BLOCK UPC setup=move_strike prior_bar_ticks=627 threshold=6000
[05:53:35 ET] [MOVE] FIRESTORM_GATE_BLOCK UPC setup=move_strike prior_bar_ticks=627 threshold=6000
[05:53:35 ET] [MOVE] FIRESTORM_GATE_BLOCK UPC setup=move_strike prior_bar_ticks=627 threshold=6000
[05:53:35 ET] [MOVE] FIRESTORM_GATE_BLOCK UPC setup=move_strike prior_bar_ticks=627 threshold=6000
[05:53:35 ET] [MOVE] FIRESTORM_GATE_BLOCK UPC setup=move_strike prior_bar_ticks=627 threshold=6000
[05:53:35 ET] [MOVE] FIRESTORM_GATE_BLOCK UPC setup=move_strike prior_bar_ticks=627 threshold=6000
[05:53:35 ET] [MOVE] FIRESTORM_GATE_BLOCK UPC setup=move_strike prior_bar_ticks=627 threshold=6000
[05:53:35 ET] [MOVE] FIRESTORM_GATE_BLOCK UPC setup=move_strike prior_bar_ticks=627 threshold=6000
[05:53:35 ET] [MOVE] FIRESTORM_GATE_BLOCK UPC setup=move_strike prior_bar_ticks=627 threshold=6000
[05:53:36 ET] [MOVE] FIRESTORM_GATE_BLOCK UPC setup=move_strike prior_bar_ticks=627 threshold=6000
[05:53:36 ET] [MOVE] FIRESTORM_GATE_BLOCK UPC setup=move_strike prior_bar_ticks=627 threshold=6000
[05:53:36 ET] [MOVE] FIRESTORM_GATE_BLOCK UPC setup=move_strike prior_bar_ticks=627 threshold=6000
[05:53:37 ET] [MOVE] FIRESTORM_GATE_BLOCK UPC setup=move_strike prior_bar_ticks=627 threshold=6000
[05:53:37 ET] [MOVE] FIRESTORM_GATE_BLOCK UPC setup=move_strike prior_bar_ticks=627 threshold=6000
[05:53:37 ET] [MOVE] FIRESTORM_GATE_BLOCK UPC setup=move_strike prior_bar_ticks=627 threshold=6000
[05:53:37 ET] [MOVE] FIRESTORM_GATE_BLOCK UPC setup=move_strike prior_bar_ticks=627 threshold=6000
[05:53:37 ET] [MOVE] FIRESTORM_GATE_BLOCK UPC setup=move_strike prior_bar_ticks=627 threshold=6000
[05:53:37 ET] [MOVE] FIRESTORM_GATE_BLOCK UPC setup=move_strike prior_bar_ticks=627 threshold=6000
[05:53:37 ET] [MOVE] FIRESTORM_GATE_BLOCK UPC setup=move_strike prior_bar_ticks=627 threshold=6000
[05:53:37 ET] [MOVE] FIRESTORM_GATE_BLOCK UPC setup=move_strike prior_bar_ticks=627 threshold=6000
[05:53:37 ET] [MOVE] FIRESTORM_GATE_BLOCK UPC setup=move_strike prior_bar_ticks=627 threshold=6000
[05:53:37 ET] [MOVE] FIRESTORM_GATE_BLOCK UPC setup=move_strike prior_bar_ticks=627 threshold=6000
[05:53:38 ET] [MOVE] FIRESTORM_GATE_BLOCK UPC setup=move_strike prior_bar_ticks=627 threshold=6000
[05:53:38 ET] [MOVE] FIRESTORM_GATE_BLOCK UPC setup=move_strike prior_bar_ticks=627 threshold=6000
[05:53:38 ET] [MOVE] FIRESTORM_GATE_BLOCK UPC setup=move_strike prior_bar_ticks=627 threshold=6000
[05:53:38 ET] [MOVE] FIRESTORM_GATE_BLOCK UPC setup=move_strike prior_bar_ticks=627 threshold=6000
[05:53:38 ET] [MOVE] FIRESTORM_GATE_BLOCK UPC setup=move_strike prior_bar_ticks=627 threshold=6000
[05:53:38 ET] [MOVE] FIRESTORM_GATE_BLOCK UPC setup=move_strike prior_bar_ticks=627 threshold=6000
[05:53:39 ET] [MOVE] FIRESTORM_GATE_BLOCK UPC setup=move_strike prior_bar_ticks=627 threshold=6000
[05:53:39 ET] [MOVE] FIRESTORM_GATE_BLOCK UPC setup=move_strike prior_bar_ticks=627 threshold=6000
[05:53:39 ET] [MOVE] FIRESTORM_GATE_BLOCK UPC setup=move_strike prior_bar_ticks=627 threshold=6000
[05:53:40 ET] [MOVE] FIRESTORM_GATE_BLOCK UPC setup=move_strike prior_bar_ticks=627 threshold=6000
[05:53:40 ET] [MOVE] FIRESTORM_GATE_BLOCK UPC setup=move_strike prior_bar_ticks=627 threshold=6000
[05:53:40 ET] [MOVE] FIRESTORM_GATE_BLOCK UPC setup=move_strike prior_bar_ticks=627 threshold=6000
[05:53:40 ET] [MOVE] FIRESTORM_GATE_BLOCK UPC setup=move_strike prior_bar_ticks=627 threshold=6000
[05:53:40 ET] [MOVE] FIRESTORM_GATE_BLOCK UPC setup=move_strike prior_bar_ticks=627 threshold=6000
[05:53:40 ET] [MOVE] FIRESTORM_GATE_BLOCK UPC setup=move_strike prior_bar_ticks=627 threshold=6000
[05:53:40 ET] [MOVE] FIRESTORM_GATE_BLOCK UPC setup=move_strike prior_bar_ticks=627 threshold=6000
[05:53:40 ET] [MOVE] FIRESTORM_GATE_BLOCK UPC setup=move_strike prior_bar_ticks=627 threshold=6000
[05:53:40 ET] [MOVE] FIRESTORM_GATE_BLOCK UPC setup=move_strike prior_bar_ticks=627 threshold=6000
[05:53:40 ET] [MOVE] FIRESTORM_GATE_BLOCK UPC setup=move_strike prior_bar_ticks=627 threshold=6000
[05:53:40 ET] [MOVE] FIRESTORM_GATE_BLOCK UPC setup=move_strike prior_bar_ticks=627 threshold=6000
[05:53:40 ET] [MOVE] FIRESTORM_GATE_BLOCK UPC setup=move_strike prior_bar_ticks=627 threshold=6000
[05:53:40 ET] [MOVE] FIRESTORM_GATE_BLOCK UPC setup=move_strike prior_bar_ticks=627 threshold=6000
[05:53:40 ET] [MOVE] FIRESTORM_GATE_BLOCK UPC setup=move_strike prior_bar_ticks=627 threshold=6000
[05:53:40 ET] [MOVE] FIRESTORM_GATE_BLOCK UPC setup=move_strike prior_bar_ticks=627 threshold=6000
[05:53:40 ET] [MOVE] FIRESTORM_GATE_BLOCK UPC setup=move_strike prior_bar_ticks=627 threshold=6000
[05:53:41 ET] [MOVE] FIRESTORM_GATE_BLOCK UPC setup=move_strike prior_bar_ticks=627 threshold=6000
[05:53:41 ET] [MOVE] FIRESTORM_GATE_BLOCK UPC setup=move_strike prior_bar_ticks=627 threshold=6000
[05:53:41 ET] [MOVE] FIRESTORM_GATE_BLOCK UPC setup=move_strike prior_bar_ticks=627 threshold=6000
[05:53:41 ET] [MOVE] FIRESTORM_GATE_BLOCK UPC setup=move_strike prior_bar_ticks=627 threshold=6000
[05:53:41 ET] [MOVE] FIRESTORM_GATE_BLOCK UPC setup=move_strike prior_bar_ticks=627 threshold=6000
[05:53:41 ET] [MOVE] FIRESTORM_GATE_BLOCK UPC setup=move_strike prior_bar_ticks=627 threshold=6000
[05:53:41 ET] [MOVE] FIRESTORM_GATE_BLOCK UPC setup=move_strike prior_bar_ticks=627 threshold=6000
[05:53:41 ET] [MOVE] FIRESTORM_GATE_BLOCK UPC setup=move_strike prior_bar_ticks=627 threshold=6000
[05:53:41 ET] [MOVE] FIRESTORM_GATE_BLOCK UPC setup=move_strike prior_bar_ticks=627 threshold=6000
[05:53:41 ET] [MOVE] FIRESTORM_GATE_BLOCK UPC setup=move_strike prior_bar_ticks=627 threshold=6000
[05:53:41 ET] [MOVE] FIRESTORM_GATE_BLOCK UPC setup=move_strike prior_bar_ticks=627 threshold=6000
[05:53:41 ET] [MOVE] FIRESTORM_GATE_BLOCK UPC setup=move_strike prior_bar_ticks=627 threshold=6000
[05:53:41 ET] [MOVE] FIRESTORM_GATE_BLOCK UPC setup=move_strike prior_bar_ticks=627 threshold=6000
[05:53:41 ET] [MOVE] FIRESTORM_GATE_BLOCK UPC setup=move_strike prior_bar_ticks=627 threshold=6000
[05:53:41 ET] [MOVE] FIRESTORM_GATE_BLOCK UPC setup=move_strike prior_bar_ticks=627 threshold=6000
[05:53:41 ET] [MOVE] FIRESTORM_GATE_BLOCK UPC setup=move_strike prior_bar_ticks=627 threshold=6000
[05:53:41 ET] [MOVE] FIRESTORM_GATE_BLOCK UPC setup=move_strike prior_bar_ticks=627 threshold=6000
[05:53:42 ET] [MOVE] FIRESTORM_GATE_BLOCK UPC setup=move_strike prior_bar_ticks=627 threshold=6000
[05:53:42 ET] [MOVE] FIRESTORM_GATE_BLOCK UPC setup=move_strike prior_bar_ticks=627 threshold=6000
[05:53:42 ET] [MOVE] FIRESTORM_GATE_BLOCK UPC setup=move_strike prior_bar_ticks=627 threshold=6000
[05:53:42 ET] [MOVE] FIRESTORM_GATE_BLOCK UPC setup=move_strike prior_bar_ticks=627 threshold=6000
[05:53:42 ET] [MOVE] FIRESTORM_GATE_BLOCK UPC setup=move_strike prior_bar_ticks=627 threshold=6000
[05:53:42 ET] [MOVE] FIRESTORM_GATE_BLOCK UPC setup=move_strike prior_bar_ticks=627 threshold=6000
[05:53:42 ET] [MOVE] FIRESTORM_GATE_BLOCK UPC setup=move_strike prior_bar_ticks=627 threshold=6000
[05:53:42 ET] [MOVE] FIRESTORM_GATE_BLOCK UPC setup=move_strike prior_bar_ticks=627 threshold=6000
[05:53:42 ET] [MOVE] FIRESTORM_GATE_BLOCK UPC setup=move_strike prior_bar_ticks=627 threshold=6000
[05:53:42 ET] [MOVE] FIRESTORM_GATE_BLOCK UPC setup=move_strike prior_bar_ticks=627 threshold=6000
[05:53:42 ET] [MOVE] FIRESTORM_GATE_BLOCK UPC setup=move_strike prior_bar_ticks=627 threshold=6000
[05:53:42 ET] [MOVE] FIRESTORM_GATE_BLOCK UPC setup=move_strike prior_bar_ticks=627 threshold=6000
[05:53:42 ET] [MOVE] FIRESTORM_GATE_BLOCK UPC setup=move_strike prior_bar_ticks=627 threshold=6000
[05:53:43 ET] [MOVE] FIRESTORM_GATE_BLOCK UPC setup=move_strike prior_bar_ticks=627 threshold=6000
[05:53:43 ET] [MOVE] FIRESTORM_GATE_BLOCK UPC setup=move_strike prior_bar_ticks=627 threshold=6000
[05:53:43 ET] [MOVE] FIRESTORM_GATE_BLOCK UPC setup=move_strike prior_bar_ticks=627 threshold=6000
[05:53:43 ET] [MOVE] FIRESTORM_GATE_BLOCK UPC setup=move_strike prior_bar_ticks=627 threshold=6000
[05:53:43 ET] [MOVE] FIRESTORM_GATE_BLOCK UPC setup=move_strike prior_bar_ticks=627 threshold=6000
[05:53:43 ET] [MOVE] FIRESTORM_GATE_BLOCK UPC setup=move_strike prior_bar_ticks=627 threshold=6000
[05:53:43 ET] [MOVE] FIRESTORM_GATE_BLOCK UPC setup=move_strike prior_bar_ticks=627 threshold=6000
[05:53:43 ET] [MOVE] FIRESTORM_GATE_BLOCK UPC setup=move_strike prior_bar_ticks=627 threshold=6000
[05:53:44 ET] [MOVE] FIRESTORM_GATE_BLOCK UPC setup=move_strike prior_bar_ticks=627 threshold=6000
[05:53:44 ET] [MOVE] FIRESTORM_GATE_BLOCK UPC setup=move_strike prior_bar_ticks=627 threshold=6000
[05:53:44 ET] [MOVE] FIRESTORM_GATE_BLOCK UPC setup=move_strike prior_bar_ticks=627 threshold=6000
[05:53:44 ET] [MOVE] FIRESTORM_GATE_BLOCK UPC setup=move_strike prior_bar_ticks=627 threshold=6000
[05:53:44 ET] [MOVE] FIRESTORM_GATE_BLOCK UPC setup=move_strike prior_bar_ticks=627 threshold=6000
[05:53:44 ET] [MOVE] FIRESTORM_GATE_BLOCK UPC setup=move_strike prior_bar_ticks=627 threshold=6000
[05:53:44 ET] [MOVE] FIRESTORM_GATE_BLOCK UPC setup=move_strike prior_bar_ticks=627 threshold=6000
[05:53:44 ET] [MOVE] FIRESTORM_GATE_BLOCK UPC setup=move_strike prior_bar_ticks=627 threshold=6000
[05:53:44 ET] [MOVE] FIRESTORM_GATE_BLOCK UPC setup=move_strike prior_bar_ticks=627 threshold=6000
[05:53:44 ET] [MOVE] FIRESTORM_GATE_BLOCK UPC setup=move_strike prior_bar_ticks=627 threshold=6000
[05:53:44 ET] [MOVE] FIRESTORM_GATE_BLOCK UPC setup=move_strike prior_bar_ticks=627 threshold=6000
[05:53:44 ET] [MOVE] FIRESTORM_GATE_BLOCK UPC setup=move_strike prior_bar_ticks=627 threshold=6000
[05:53:44 ET] [MOVE] FIRESTORM_GATE_BLOCK UPC setup=move_strike prior_bar_ticks=627 threshold=6000
[05:53:44 ET] [MOVE] FIRESTORM_GATE_BLOCK UPC setup=move_strike prior_bar_ticks=627 threshold=6000
[05:53:44 ET] [MOVE] FIRESTORM_GATE_BLOCK UPC setup=move_strike prior_bar_ticks=627 threshold=6000
[05:53:44 ET] [MOVE] FIRESTORM_GATE_BLOCK UPC setup=move_strike prior_bar_ticks=627 threshold=6000
[05:53:44 ET] [MOVE] FIRESTORM_GATE_BLOCK UPC setup=move_strike prior_bar_ticks=627 threshold=6000
[05:53:44 ET] [MOVE] FIRESTORM_GATE_BLOCK UPC setup=move_strike prior_bar_ticks=627 threshold=6000
[05:53:44 ET] [MOVE] FIRESTORM_GATE_BLOCK UPC setup=move_strike prior_bar_ticks=627 threshold=6000
[05:53:44 ET] [MOVE] FIRESTORM_GATE_BLOCK UPC setup=move_strike prior_bar_ticks=627 threshold=6000
[05:53:44 ET] [MOVE] FIRESTORM_GATE_BLOCK UPC setup=move_strike prior_bar_ticks=627 threshold=6000
[05:53:44 ET] [MOVE] FIRESTORM_GATE_BLOCK UPC setup=move_strike prior_bar_ticks=627 threshold=6000
[05:53:44 ET] [MOVE] FIRESTORM_GATE_BLOCK UPC setup=move_strike prior_bar_ticks=627 threshold=6000
[05:53:44 ET] [MOVE] FIRESTORM_GATE_BLOCK UPC setup=move_strike prior_bar_ticks=627 threshold=6000
[05:53:44 ET] [MOVE] FIRESTORM_GATE_BLOCK UPC setup=move_strike prior_bar_ticks=627 threshold=6000
[05:53:44 ET] [MOVE] FIRESTORM_GATE_BLOCK UPC setup=move_strike prior_bar_ticks=627 threshold=6000
[05:53:44 ET] [MOVE] FIRESTORM_GATE_BLOCK UPC setup=move_strike prior_bar_ticks=627 threshold=6000
[05:53:44 ET] [MOVE] FIRESTORM_GATE_BLOCK UPC setup=move_strike prior_bar_ticks=627 threshold=6000
[05:53:44 ET] [MOVE] FIRESTORM_GATE_BLOCK UPC setup=move_strike prior_bar_ticks=627 threshold=6000
[05:53:44 ET] [MOVE] FIRESTORM_GATE_BLOCK UPC setup=move_strike prior_bar_ticks=627 threshold=6000
[05:53:44 ET] [MOVE] FIRESTORM_GATE_BLOCK UPC setup=move_strike prior_bar_ticks=627 threshold=6000
[05:53:44 ET] [MOVE] FIRESTORM_GATE_BLOCK UPC setup=move_strike prior_bar_ticks=627 threshold=6000
[05:53:44 ET] [MOVE] FIRESTORM_GATE_BLOCK UPC setup=move_strike prior_bar_ticks=627 threshold=6000
  Tick cache: DCOY → +501 ticks (total 96,055)
[05:53:45 ET] [MOVE] FIRESTORM_GATE_BLOCK UPC setup=move_strike prior_bar_ticks=627 threshold=6000
[05:53:45 ET] [MOVE] FIRESTORM_GATE_BLOCK UPC setup=move_strike prior_bar_ticks=627 threshold=6000
  Tick cache: UPC → +513 ticks (total 60,091)
📦 Tick cache saved: 2 symbols → tick_cache/2026-06-29/
[05:53:45 ET] [MOVE] FIRESTORM_GATE_BLOCK UPC setup=move_strike prior_bar_ticks=627 threshold=6000
[05:53:45 ET] [MOVE] FIRESTORM_GATE_BLOCK UPC setup=move_strike prior_bar_ticks=627 threshold=6000
[05:53:45 ET] [MOVE] FIRESTORM_GATE_BLOCK UPC setup=move_strike prior_bar_ticks=627 threshold=6000
[05:53:45 ET] [MOVE] FIRESTORM_GATE_BLOCK UPC setup=move_strike prior_bar_ticks=627 threshold=6000
[05:53:45 ET] [MOVE] FIRESTORM_GATE_BLOCK UPC setup=move_strike prior_bar_ticks=627 threshold=6000
[05:53:46 ET] [MOVE] FIRESTORM_GATE_BLOCK UPC setup=move_strike prior_bar_ticks=627 threshold=6000
[05:53:46 ET] [MOVE] FIRESTORM_GATE_BLOCK UPC setup=move_strike prior_bar_ticks=627 threshold=6000
[05:53:46 ET] [MOVE] FIRESTORM_GATE_BLOCK UPC setup=move_strike prior_bar_ticks=627 threshold=6000
[05:53:46 ET] [MOVE] FIRESTORM_GATE_BLOCK UPC setup=move_strike prior_bar_ticks=627 threshold=6000
[05:53:46 ET] [MOVE] FIRESTORM_GATE_BLOCK UPC setup=move_strike prior_bar_ticks=627 threshold=6000
[05:53:46 ET] [MOVE] FIRESTORM_GATE_BLOCK UPC setup=move_strike prior_bar_ticks=627 threshold=6000
[05:53:46 ET] [MOVE] FIRESTORM_GATE_BLOCK UPC setup=move_strike prior_bar_ticks=627 threshold=6000
[05:53:46 ET] [MOVE] FIRESTORM_GATE_BLOCK UPC setup=move_strike prior_bar_ticks=627 threshold=6000
[05:53:46 ET] [MOVE] FIRESTORM_GATE_BLOCK UPC setup=move_strike prior_bar_ticks=627 threshold=6000
[05:53:46 ET] [MOVE] FIRESTORM_GATE_BLOCK UPC setup=move_strike prior_bar_ticks=627 threshold=6000
[05:53:46 ET] [MOVE] FIRESTORM_GATE_BLOCK UPC setup=move_strike prior_bar_ticks=627 threshold=6000
[05:53:46 ET] [MOVE] FIRESTORM_GATE_BLOCK UPC setup=move_strike prior_bar_ticks=627 threshold=6000
[05:53:46 ET] [MOVE] FIRESTORM_GATE_BLOCK UPC setup=move_strike prior_bar_ticks=627 threshold=6000
[05:53:46 ET] [MOVE] FIRESTORM_GATE_BLOCK UPC setup=move_strike prior_bar_ticks=627 threshold=6000
[05:53:46 ET] [MOVE] FIRESTORM_GATE_BLOCK UPC setup=move_strike prior_bar_ticks=627 threshold=6000
[05:53:46 ET] [MOVE] FIRESTORM_GATE_BLOCK UPC setup=move_strike prior_bar_ticks=627 threshold=6000
[05:53:46 ET] [MOVE] FIRESTORM_GATE_BLOCK UPC setup=move_strike prior_bar_ticks=627 threshold=6000
[05:53:46 ET] [MOVE] FIRESTORM_GATE_BLOCK UPC setup=move_strike prior_bar_ticks=627 threshold=6000
[05:53:46 ET] [MOVE] FIRESTORM_GATE_BLOCK UPC setup=move_strike prior_bar_ticks=627 threshold=6000
[05:53:46 ET] [MOVE] FIRESTORM_GATE_BLOCK UPC setup=move_strike prior_bar_ticks=627 threshold=6000
[05:53:47 ET] [MOVE] FIRESTORM_GATE_BLOCK UPC setup=move_strike prior_bar_ticks=627 threshold=6000
[05:53:47 ET] [MOVE] FIRESTORM_GATE_BLOCK UPC setup=move_strike prior_bar_ticks=627 threshold=6000
[05:53:47 ET] [MOVE] FIRESTORM_GATE_BLOCK UPC setup=move_strike prior_bar_ticks=627 threshold=6000
[05:53:47 ET] [MOVE] FIRESTORM_GATE_BLOCK UPC setup=move_strike prior_bar_ticks=627 threshold=6000
[05:53:47 ET] [MOVE] FIRESTORM_GATE_BLOCK UPC setup=move_strike prior_bar_ticks=627 threshold=6000
[05:53:47 ET] [MOVE] FIRESTORM_GATE_BLOCK UPC setup=move_strike prior_bar_ticks=627 threshold=6000
[05:53:47 ET] [MOVE] FIRESTORM_GATE_BLOCK UPC setup=move_strike prior_bar_ticks=627 threshold=6000
[05:53:47 ET] [MOVE] FIRESTORM_GATE_BLOCK UPC setup=move_strike prior_bar_ticks=627 threshold=6000
[05:53:47 ET] [MOVE] FIRESTORM_GATE_BLOCK UPC setup=move_strike prior_bar_ticks=627 threshold=6000
[05:53:47 ET] [MOVE] FIRESTORM_GATE_BLOCK UPC setup=move_strike prior_bar_ticks=627 threshold=6000
[05:53:47 ET] [MOVE] FIRESTORM_GATE_BLOCK UPC setup=move_strike prior_bar_ticks=627 threshold=6000
[05:53:47 ET] [MOVE] FIRESTORM_GATE_BLOCK UPC setup=move_strike prior_bar_ticks=627 threshold=6000
[05:53:48 ET] [MOVE] FIRESTORM_GATE_BLOCK UPC setup=move_strike prior_bar_ticks=627 threshold=6000
[05:53:48 ET] [MOVE] FIRESTORM_GATE_BLOCK UPC setup=move_strike prior_bar_ticks=627 threshold=6000
[05:53:48 ET] [MOVE] FIRESTORM_GATE_BLOCK UPC setup=move_strike prior_bar_ticks=627 threshold=6000
[05:53:48 ET] [MOVE] FIRESTORM_GATE_BLOCK UPC setup=move_strike prior_bar_ticks=627 threshold=6000
[05:53:48 ET] [MOVE] FIRESTORM_GATE_BLOCK UPC setup=move_strike prior_bar_ticks=627 threshold=6000
[05:53:49 ET] [MOVE] FIRESTORM_GATE_BLOCK UPC setup=move_strike prior_bar_ticks=627 threshold=6000
[05:53:49 ET] [MOVE] FIRESTORM_GATE_BLOCK UPC setup=move_strike prior_bar_ticks=627 threshold=6000
[05:53:49 ET] [MOVE] FIRESTORM_GATE_BLOCK UPC setup=move_strike prior_bar_ticks=627 threshold=6000
[05:53:49 ET] [MOVE] FIRESTORM_GATE_BLOCK UPC setup=move_strike prior_bar_ticks=627 threshold=6000
[05:53:49 ET] [MOVE] FIRESTORM_GATE_BLOCK UPC setup=move_strike prior_bar_ticks=627 threshold=6000
[05:53:49 ET] [MOVE] FIRESTORM_GATE_BLOCK UPC setup=move_strike prior_bar_ticks=627 threshold=6000
[05:53:49 ET] [MOVE] FIRESTORM_GATE_BLOCK UPC setup=move_strike prior_bar_ticks=627 threshold=6000
[05:53:49 ET] [MOVE] FIRESTORM_GATE_BLOCK UPC setup=move_strike prior_bar_ticks=627 threshold=6000
[05:53:49 ET] [MOVE] FIRESTORM_GATE_BLOCK UPC setup=move_strike prior_bar_ticks=627 threshold=6000
[05:53:49 ET] [MOVE] FIRESTORM_GATE_BLOCK UPC setup=move_strike prior_bar_ticks=627 threshold=6000
[05:53:49 ET] [MOVE] FIRESTORM_GATE_BLOCK UPC setup=move_strike prior_bar_ticks=627 threshold=6000
[05:53:50 ET] [MOVE] FIRESTORM_GATE_BLOCK UPC setup=move_strike prior_bar_ticks=627 threshold=6000
[05:53:50 ET] [MOVE] FIRESTORM_GATE_BLOCK UPC setup=move_strike prior_bar_ticks=627 threshold=6000
[05:53:50 ET] [MOVE] FIRESTORM_GATE_BLOCK UPC setup=move_strike prior_bar_ticks=627 threshold=6000
[05:53:50 ET] [MOVE] FIRESTORM_GATE_BLOCK UPC setup=move_strike prior_bar_ticks=627 threshold=6000
[05:53:50 ET] [MOVE] FIRESTORM_GATE_BLOCK UPC setup=move_strike prior_bar_ticks=627 threshold=6000
[05:53:50 ET] [MOVE] FIRESTORM_GATE_BLOCK UPC setup=move_strike prior_bar_ticks=627 threshold=6000
[05:53:50 ET] [MOVE] FIRESTORM_GATE_BLOCK UPC setup=move_strike prior_bar_ticks=627 threshold=6000
[05:53:50 ET] [MOVE] FIRESTORM_GATE_BLOCK UPC setup=move_strike prior_bar_ticks=627 threshold=6000
[05:53:50 ET] [MOVE] FIRESTORM_GATE_BLOCK UPC setup=move_strike prior_bar_ticks=627 threshold=6000
[05:53:50 ET] [MOVE] FIRESTORM_GATE_BLOCK UPC setup=move_strike prior_bar_ticks=627 threshold=6000
[05:53:50 ET] [MOVE] FIRESTORM_GATE_BLOCK UPC setup=move_strike prior_bar_ticks=627 threshold=6000
[05:53:50 ET] [MOVE] FIRESTORM_GATE_BLOCK UPC setup=move_strike prior_bar_ticks=627 threshold=6000
[05:53:50 ET] [MOVE] FIRESTORM_GATE_BLOCK UPC setup=move_strike prior_bar_ticks=627 threshold=6000
[05:53:51 ET] [MOVE] FIRESTORM_GATE_BLOCK UPC setup=move_strike prior_bar_ticks=627 threshold=6000
[05:53:51 ET] [MOVE] FIRESTORM_GATE_BLOCK UPC setup=move_strike prior_bar_ticks=627 threshold=6000
[05:53:51 ET] [MOVE] FIRESTORM_GATE_BLOCK UPC setup=move_strike prior_bar_ticks=627 threshold=6000
[05:53:51 ET] [MOVE] FIRESTORM_GATE_BLOCK UPC setup=move_strike prior_bar_ticks=627 threshold=6000
[05:53:51 ET] [MOVE] FIRESTORM_GATE_BLOCK UPC setup=move_strike prior_bar_ticks=627 threshold=6000
[05:53:51 ET] [MOVE] FIRESTORM_GATE_BLOCK UPC setup=move_strike prior_bar_ticks=627 threshold=6000
[05:53:51 ET] [MOVE] FIRESTORM_GATE_BLOCK UPC setup=move_strike prior_bar_ticks=627 threshold=6000
[05:53:51 ET] [MOVE] FIRESTORM_GATE_BLOCK UPC setup=move_strike prior_bar_ticks=627 threshold=6000
[05:53:51 ET] [MOVE] FIRESTORM_GATE_BLOCK UPC setup=move_strike prior_bar_ticks=627 threshold=6000
[05:53:51 ET] [MOVE] FIRESTORM_GATE_BLOCK UPC setup=move_strike prior_bar_ticks=627 threshold=6000
[05:53:51 ET] [MOVE] FIRESTORM_GATE_BLOCK UPC setup=move_strike prior_bar_ticks=627 threshold=6000
[05:53:51 ET] [MOVE] FIRESTORM_GATE_BLOCK UPC setup=move_strike prior_bar_ticks=627 threshold=6000
[05:53:51 ET] [MOVE] FIRESTORM_GATE_BLOCK UPC setup=move_strike prior_bar_ticks=627 threshold=6000
[05:53:51 ET] [MOVE] FIRESTORM_GATE_BLOCK UPC setup=move_strike prior_bar_ticks=627 threshold=6000
[05:53:52 ET] [MOVE] FIRESTORM_GATE_BLOCK UPC setup=move_strike prior_bar_ticks=627 threshold=6000
[05:53:52 ET] [MOVE] FIRESTORM_GATE_BLOCK UPC setup=move_strike prior_bar_ticks=627 threshold=6000
[05:53:52 ET] [MOVE] FIRESTORM_GATE_BLOCK UPC setup=move_strike prior_bar_ticks=627 threshold=6000
[05:53:52 ET] [MOVE] FIRESTORM_GATE_BLOCK UPC setup=move_strike prior_bar_ticks=627 threshold=6000
[05:53:52 ET] [MOVE] FIRESTORM_GATE_BLOCK UPC setup=move_strike prior_bar_ticks=627 threshold=6000
[05:53:52 ET] [MOVE] FIRESTORM_GATE_BLOCK UPC setup=move_strike prior_bar_ticks=627 threshold=6000
[05:53:52 ET] [MOVE] FIRESTORM_GATE_BLOCK UPC setup=move_strike prior_bar_ticks=627 threshold=6000
[05:53:53 ET] [MOVE] FIRESTORM_GATE_BLOCK UPC setup=move_strike prior_bar_ticks=627 threshold=6000
[05:53:53 ET] [MOVE] FIRESTORM_GATE_BLOCK UPC setup=move_strike prior_bar_ticks=627 threshold=6000
[05:53:53 ET] [MOVE] FIRESTORM_GATE_BLOCK UPC setup=move_strike prior_bar_ticks=627 threshold=6000
[05:53:53 ET] [MOVE] FIRESTORM_GATE_BLOCK UPC setup=move_strike prior_bar_ticks=627 threshold=6000
[05:53:53 ET] [MOVE] FIRESTORM_GATE_BLOCK UPC setup=move_strike prior_bar_ticks=627 threshold=6000
[05:53:53 ET] [MOVE] FIRESTORM_GATE_BLOCK UPC setup=move_strike prior_bar_ticks=627 threshold=6000
[05:53:53 ET] [MOVE] FIRESTORM_GATE_BLOCK UPC setup=move_strike prior_bar_ticks=627 threshold=6000
[05:53:53 ET] [MOVE] FIRESTORM_GATE_BLOCK UPC setup=move_strike prior_bar_ticks=627 threshold=6000
[05:53:53 ET] [MOVE] FIRESTORM_GATE_BLOCK UPC setup=move_strike prior_bar_ticks=627 threshold=6000
[05:53:53 ET] [MOVE] FIRESTORM_GATE_BLOCK UPC setup=move_strike prior_bar_ticks=627 threshold=6000
[05:53:53 ET] [MOVE] FIRESTORM_GATE_BLOCK UPC setup=move_strike prior_bar_ticks=627 threshold=6000
[05:53:53 ET] [MOVE] FIRESTORM_GATE_BLOCK UPC setup=move_strike prior_bar_ticks=627 threshold=6000
[05:53:53 ET] [MOVE] FIRESTORM_GATE_BLOCK UPC setup=move_strike prior_bar_ticks=627 threshold=6000
[05:53:53 ET] [MOVE] FIRESTORM_GATE_BLOCK UPC setup=move_strike prior_bar_ticks=627 threshold=6000
[05:53:53 ET] [MOVE] FIRESTORM_GATE_BLOCK UPC setup=move_strike prior_bar_ticks=627 threshold=6000
[05:53:53 ET] [MOVE] FIRESTORM_GATE_BLOCK UPC setup=move_strike prior_bar_ticks=627 threshold=6000
[05:53:53 ET] [MOVE] FIRESTORM_GATE_BLOCK UPC setup=move_strike prior_bar_ticks=627 threshold=6000
[05:53:53 ET] [MOVE] FIRESTORM_GATE_BLOCK UPC setup=move_strike prior_bar_ticks=627 threshold=6000
[05:53:53 ET] [MOVE] FIRESTORM_GATE_BLOCK UPC setup=move_strike prior_bar_ticks=627 threshold=6000
[05:53:54 ET] [MOVE] FIRESTORM_GATE_BLOCK UPC setup=move_strike prior_bar_ticks=627 threshold=6000
[05:53:54 ET] [MOVE] FIRESTORM_GATE_BLOCK UPC setup=move_strike prior_bar_ticks=627 threshold=6000
[05:53:54 ET] [MOVE] FIRESTORM_GATE_BLOCK UPC setup=move_strike prior_bar_ticks=627 threshold=6000
[05:53:54 ET] [MOVE] FIRESTORM_GATE_BLOCK UPC setup=move_strike prior_bar_ticks=627 threshold=6000
[05:53:54 ET] [MOVE] FIRESTORM_GATE_BLOCK UPC setup=move_strike prior_bar_ticks=627 threshold=6000
[05:53:55 ET] [MOVE] FIRESTORM_GATE_BLOCK UPC setup=move_strike prior_bar_ticks=627 threshold=6000
[05:53:55 ET] [MOVE] FIRESTORM_GATE_BLOCK UPC setup=move_strike prior_bar_ticks=627 threshold=6000
[05:53:55 ET] [MOVE] FIRESTORM_GATE_BLOCK UPC setup=move_strike prior_bar_ticks=627 threshold=6000
[05:53:55 ET] [MOVE] FIRESTORM_GATE_BLOCK UPC setup=move_strike prior_bar_ticks=627 threshold=6000
[05:53:55 ET] [MOVE] FIRESTORM_GATE_BLOCK UPC setup=move_strike prior_bar_ticks=627 threshold=6000
[05:53:55 ET] [MOVE] FIRESTORM_GATE_BLOCK UPC setup=move_strike prior_bar_ticks=627 threshold=6000
[05:53:55 ET] [MOVE] FIRESTORM_GATE_BLOCK UPC setup=move_strike prior_bar_ticks=627 threshold=6000
[05:53:55 ET] [MOVE] FIRESTORM_GATE_BLOCK UPC setup=move_strike prior_bar_ticks=627 threshold=6000
[05:53:56 ET] [MOVE] FIRESTORM_GATE_BLOCK UPC setup=move_strike prior_bar_ticks=627 threshold=6000
[05:53:56 ET] [MOVE] FIRESTORM_GATE_BLOCK UPC setup=move_strike prior_bar_ticks=627 threshold=6000
[05:53:57 ET] [MOVE] FIRESTORM_GATE_BLOCK UPC setup=move_strike prior_bar_ticks=627 threshold=6000
[TIER] STATUS tier1=['DCOY', 'UPC'] tier2=0 capacity=2/5
[05:53:59 ET] [MOVE] FIRESTORM_GATE_BLOCK UPC setup=move_strike prior_bar_ticks=627 threshold=6000
[05:53:59 ET] [MOVE] FIRESTORM_GATE_BLOCK UPC setup=move_strike prior_bar_ticks=627 threshold=6000
[05:53:59 ET] [MOVE] FIRESTORM_GATE_BLOCK UPC setup=move_strike prior_bar_ticks=627 threshold=6000
[05:53:59 ET] [MOVE] FIRESTORM_GATE_BLOCK UPC setup=move_strike prior_bar_ticks=627 threshold=6000
[05:53:59 ET] [MOVE] FIRESTORM_GATE_BLOCK UPC setup=move_strike prior_bar_ticks=627 threshold=6000
[05:53:59 ET] [MOVE] FIRESTORM_GATE_BLOCK UPC setup=move_strike prior_bar_ticks=627 threshold=6000
[05:53:59 ET] [MOVE] FIRESTORM_GATE_BLOCK UPC setup=move_strike prior_bar_ticks=627 threshold=6000
[05:53:59 ET] [MOVE] FIRESTORM_GATE_BLOCK UPC setup=move_strike prior_bar_ticks=627 threshold=6000
[05:53:59 ET] [MOVE] FIRESTORM_GATE_BLOCK UPC setup=move_strike prior_bar_ticks=627 threshold=6000
[05:53:59 ET] [MOVE] FIRESTORM_GATE_BLOCK UPC setup=move_strike prior_bar_ticks=627 threshold=6000
[05:53:59 ET] [MOVE] FIRESTORM_GATE_BLOCK UPC setup=move_strike prior_bar_ticks=627 threshold=6000
[05:53:59 ET] [MOVE] FIRESTORM_GATE_BLOCK UPC setup=move_strike prior_bar_ticks=627 threshold=6000
[05:53:59 ET] [MOVE] FIRESTORM_GATE_BLOCK UPC setup=move_strike prior_bar_ticks=627 threshold=6000
[05:53:59 ET] [MOVE] FIRESTORM_GATE_BLOCK UPC setup=move_strike prior_bar_ticks=627 threshold=6000
[05:53:59 ET] [MOVE] FIRESTORM_GATE_BLOCK UPC setup=move_strike prior_bar_ticks=627 threshold=6000
[05:53:59 ET] [MOVE] FIRESTORM_GATE_BLOCK UPC setup=move_strike prior_bar_ticks=627 threshold=6000
[05:53:59 ET] [MOVE] FIRESTORM_GATE_BLOCK UPC setup=move_strike prior_bar_ticks=627 threshold=6000
[05:53:59 ET] [MOVE] FIRESTORM_GATE_BLOCK UPC setup=move_strike prior_bar_ticks=627 threshold=6000
[05:53:59 ET] [MOVE] FIRESTORM_GATE_BLOCK UPC setup=move_strike prior_bar_ticks=627 threshold=6000
[05:53:59 ET] [MOVE] FIRESTORM_GATE_BLOCK UPC setup=move_strike prior_bar_ticks=627 threshold=6000
[05:53:59 ET] [MOVE] FIRESTORM_GATE_BLOCK UPC setup=move_strike prior_bar_ticks=627 threshold=6000
[05:53:59 ET] [MOVE] FIRESTORM_GATE_BLOCK UPC setup=move_strike prior_bar_ticks=627 threshold=6000
[05:53:59 ET] [MOVE] FIRESTORM_GATE_BLOCK UPC setup=move_strike prior_bar_ticks=627 threshold=6000
[05:53:59 ET] [MOVE] FIRESTORM_GATE_BLOCK UPC setup=move_strike prior_bar_ticks=627 threshold=6000
[05:53:59 ET] [MOVE] FIRESTORM_GATE_BLOCK UPC setup=move_strike prior_bar_ticks=627 threshold=6000
[05:53:59 ET] [MOVE] FIRESTORM_GATE_BLOCK UPC setup=move_strike prior_bar_ticks=627 threshold=6000
[05:53:59 ET] [MOVE] FIRESTORM_GATE_BLOCK UPC setup=move_strike prior_bar_ticks=627 threshold=6000
[05:54:00 ET] ACTIVE | flat | daily=$+0 (0t) | conn=OK | ticks=1833 | DCOY:489t/IDLE UPC:565t/ARMED/arm$10.02
[05:54:01 ET] ACTIVE | flat | daily=$+0 (0t) | conn=OK | ticks=1847 | DCOY:490t/IDLE UPC:578t/ARMED/arm$10.02
[ENGINE_PUB] STATS published=56,050 dropped=0 clients=2
  Tick cache: UPC → +679 ticks (total 60,770)
  Tick cache: DCOY → +383 ticks (total 96,438)
📦 Tick cache saved: 2 symbols → tick_cache/2026-06-29/
[TIER] STATUS tier1=['DCOY', 'UPC'] tier2=0 capacity=2/5
  TICK AUDIT: DCOY: 884 ticks in last 60s, last_price=$12.72, last_tick_time=05:54:30
  TICK AUDIT: UPC: 1181 ticks in last 60s, last_price=$9.24, last_tick_time=05:54:30
  → ORPHAN IGNORED (sync): FEBO on WB_ORPHAN_HALT_IGNORE_SYMBOLS — NOT adopting; bot keeps trading. Left at broker for manual handling.
  ⚠️ ORPHAN POSITION FOUND: FEBO qty=219 (available=219) entry=$1.12 unrealized=$-45.78 value=$198.78
  → ORPHAN IGNORED: FEBO on WB_ORPHAN_HALT_IGNORE_SYMBOLS — NOT adopting, NOT halting. Bot keeps trading other names; position left at broker for manual handling.
SUBSCRIPTION_AUDIT {"ts":"2026-06-29T05:54:31.872184-04:00","sym":"UPC","tier":"tick_by_tick","obs_v_5m":125379,"median_v_5m":106087,"ratio_obs_to_median":1.1818,"truth_v_5m":null,"ratio_obs_to_truth":null,"status":"OK","sub_age_sec":1442,"contract_exchange":"SMART","contract_primary":"NASDAQ"}
SUBSCRIPTION_AUDIT {"ts":"2026-06-29T05:54:31.872184-04:00","sym":"DCOY","tier":"tick_by_tick","obs_v_5m":86796,"median_v_5m":106087,"ratio_obs_to_median":0.8182,"truth_v_5m":null,"ratio_obs_to_truth":null,"status":"OK","sub_age_sec":3246,"contract_exchange":"SMART","contract_primary":"NASDAQ"}
  Tick cache: UPC → +518 ticks (total 61,288)
  Tick cache: DCOY → +453 ticks (total 96,891)
📦 Tick cache saved: 2 symbols → tick_cache/2026-06-29/
[TIER] STATUS tier1=['DCOY', 'UPC'] tier2=0 capacity=2/5
[05:55 ET] UPC CHART | O=9.35 H=9.37 L=9.14 C=9.15 V=38,214 | EMA9=9.08 VWAP=9.41 (-2.8%) HOD=10.98 PM_H=10.98 | MACD=N/A vol_ratio=2.1x avg_vol=18,349 bars=32 | sq=ARMED armed=$10.02
[05:55 ET] DCOY CHART | O=12.92 H=12.94 L=12.65 C=12.71 V=9,471 | EMA9=13.23 VWAP=13.39 (-5.1%) HOD=17.81 PM_H=17.81 | MACD=N/A vol_ratio=0.6x avg_vol=14,659 bars=50 | sq=IDLE armed=none
[05:55:00 ET] ACTIVE | flat | daily=$+0 (0t) | conn=OK | ticks=1640 | DCOY:390t/IDLE UPC:471t/ARMED/arm$10.02
[05:55:01 ET] ACTIVE | flat | daily=$+0 (0t) | conn=OK | ticks=1673 | DCOY:411t/IDLE UPC:483t/ARMED/arm$10.02
[ENGINE_PUB] STATS published=57,928 dropped=0 clients=2
  Tick cache: DCOY → +401 ticks (total 97,292)
  Tick cache: UPC → +429 ticks (total 61,717)
📦 Tick cache saved: 2 symbols → tick_cache/2026-06-29/
[TIER] STATUS tier1=['DCOY', 'UPC'] tier2=0 capacity=2/5

🔄 Running scanner at 05:55:31 ET...
Error 162, reqId 137087: Historical Market Data Service error message:API scanner subscription cancelled: 137087
  [float_cache] Cleared 17 stale None entries — will re-attempt lookups
IBKR ERROR 162: Historical Market Data Service error message:API scanner subscription cancelled: 137087 (reqId=137087, symbol=?)
[05:55 ET] QH CHART | O=7.23 H=7.23 L=7.23 C=7.23 V=2,700 | EMA9=none VWAP=6.84 (+5.6%) HOD=7.39 PM_H=7.39 | MACD=N/A vol_ratio=0.0x avg_vol=0 bars=0 | sq=N/A armed=none
[05:55 ET] STI CHART | O=15.41 H=15.41 L=15.41 C=15.41 V=200 | EMA9=none VWAP=14.46 (+6.6%) HOD=16.37 PM_H=16.37 | MACD=N/A vol_ratio=0.0x avg_vol=0 bars=0 | sq=N/A armed=none
[05:55 ET] WNW CHART | O=3.93 H=3.93 L=3.93 C=3.93 V=400 | EMA9=none VWAP=3.96 (-0.7%) HOD=4.05 PM_H=4.05 | MACD=N/A vol_ratio=0.0x avg_vol=0 bars=0 | sq=N/A armed=none
[05:55 ET] WSHP CHART | O=9.15 H=9.15 L=9.15 C=9.15 V=3,400 | EMA9=none VWAP=9.10 (+0.5%) HOD=9.45 PM_H=9.45 | MACD=N/A vol_ratio=0.0x avg_vol=0 bars=0 | sq=N/A armed=none
[05:55 ET] AMSS CHART | O=2.36 H=2.36 L=2.36 C=2.36 V=700 | EMA9=none VWAP=2.33 (+1.1%) HOD=2.37 PM_H=2.37 | MACD=N/A vol_ratio=0.0x avg_vol=0 bars=0 | sq=N/A armed=none
[05:55 ET] MBRX CHART | O=3.59 H=3.59 L=3.59 C=3.59 V=1,200 | EMA9=none VWAP=3.51 (+2.2%) HOD=3.93 PM_H=3.93 | MACD=N/A vol_ratio=0.0x avg_vol=0 bars=0 | sq=N/A armed=none
  Tick cache: UPC → +408 ticks (total 62,125)
  Tick cache: DCOY → +203 ticks (total 97,495)
  Tick cache: QH → +3 ticks (total 29)
  Tick cache: STI → +3 ticks (total 33)
  Tick cache: WNW → +1 ticks (total 36)
  Tick cache: WSHP → +2 ticks (total 36)
  Tick cache: AMSS → +1 ticks (total 37)
  Tick cache: MBRX → +2 ticks (total 45)
📦 Tick cache saved: 8 symbols → tick_cache/2026-06-29/
[05:55 ET] LRMR CHART | O=4.05 H=4.05 L=4.05 C=4.05 V=300 | EMA9=none VWAP=4.19 (-3.4%) HOD=4.35 PM_H=4.35 | MACD=N/A vol_ratio=0.0x avg_vol=0 bars=0 | sq=N/A armed=none
[05:55 ET] CBRG CHART | O=4.42 H=4.42 L=4.42 C=4.42 V=6,000 | EMA9=none VWAP=4.40 (+0.4%) HOD=4.48 PM_H=4.48 | MACD=N/A vol_ratio=0.0x avg_vol=0 bars=0 | sq=N/A armed=none
[05:55 ET] CCXI CHART | O=15.22 H=15.22 L=15.22 C=15.22 V=600 | EMA9=none VWAP=15.61 (-2.5%) HOD=16.49 PM_H=16.49 | MACD=N/A vol_ratio=0.0x avg_vol=0 bars=0 | sq=N/A armed=none
[ENGINE_PUB] STATS published=59,246 dropped=0 clients=2
  Tick cache: UPC → +1,184 ticks (total 63,309)
  Tick cache: DCOY → +215 ticks (total 97,710)
  Tick cache: LRMR → +2 ticks (total 41)
  Tick cache: CBRG → +2 ticks (total 48)
  Tick cache: CCXI → +2 ticks (total 46)
  Tick cache: RDWU → +3 ticks (total 50)
  Tick cache: ORCU → +3 ticks (total 41)
  Tick cache: LWLG → +2 ticks (total 15)
  Tick cache: SLS → +2 ticks (total 39)
  Tick cache: RZLV → +1 ticks (total 17)
  Tick cache: SKYQ → +3 ticks (total 32)
  Tick cache: SMCX → +2 ticks (total 29)
  Tick cache: IRE → +2 ticks (total 34)
📦 Tick cache saved: 13 symbols → tick_cache/2026-06-29/
  Saved: /Users/duffy/warrior_bot_v2/scanner_results/2026-06-29.json (23 snapshots)
📊 Scanner: 2 new candidates, 0 new subs, 2 total watching
  TICK AUDIT: DCOY: 989 ticks in last 60s, last_price=$12.77, last_tick_time=05:56:26
  TICK AUDIT: UPC: 2366 ticks in last 60s, last_price=$9.34, last_tick_time=05:56:26
  → ORPHAN IGNORED (sync): FEBO on WB_ORPHAN_HALT_IGNORE_SYMBOLS — NOT adopting; bot keeps trading. Left at broker for manual handling.
[TIER] STATUS tier1=['DCOY', 'UPC'] tier2=0 capacity=2/5
SUBSCRIPTION_AUDIT {"ts":"2026-06-29T05:55:31.083654-04:00","sym":"DCOY","tier":"tick_by_tick","obs_v_5m":86796,"median_v_5m":109097,"ratio_obs_to_median":0.7956,"truth_v_5m":22471,"ratio_obs_to_truth":3.8626,"status":"DIRECT_QUERY_OK","sub_age_sec":3305,"contract_exchange":"SMART","contract_primary":"NASDAQ"}
SUBSCRIPTION_AUDIT {"ts":"2026-06-29T05:55:31.083654-04:00","sym":"UPC","tier":"tick_by_tick","obs_v_5m":125379,"median_v_5m":109097,"ratio_obs_to_median":1.1492,"truth_v_5m":85998,"ratio_obs_to_truth":1.4579,"status":"DIRECT_QUERY_OK","sub_age_sec":1501,"contract_exchange":"SMART","contract_primary":"NASDAQ"}
  ⚠️ ORPHAN POSITION FOUND: FEBO qty=219 (available=219) entry=$1.12 unrealized=$-45.78 value=$198.78
  → ORPHAN IGNORED: FEBO on WB_ORPHAN_HALT_IGNORE_SYMBOLS — NOT adopting, NOT halting. Bot keeps trading other names; position left at broker for manual handling.
SUBSCRIPTION_AUDIT {"ts":"2026-06-29T05:56:28.202994-04:00","sym":"UPC","tier":"tick_by_tick","obs_v_5m":154681,"median_v_5m":109097,"ratio_obs_to_median":1.4178,"truth_v_5m":null,"ratio_obs_to_truth":null,"status":"OK","sub_age_sec":1559,"contract_exchange":"SMART","contract_primary":"NASDAQ"}
SUBSCRIPTION_AUDIT {"ts":"2026-06-29T05:56:28.202994-04:00","sym":"DCOY","tier":"tick_by_tick","obs_v_5m":63513,"median_v_5m":109097,"ratio_obs_to_median":0.5822,"truth_v_5m":null,"ratio_obs_to_truth":null,"status":"OK","sub_age_sec":3362,"contract_exchange":"SMART","contract_primary":"NASDAQ"}
  Tick cache: UPC → +662 ticks (total 63,971)
[TIER] STATUS tier1=['DCOY', 'UPC'] tier2=0 capacity=2/5
  Tick cache: DCOY → +257 ticks (total 97,967)
  Tick cache: OKLL → +1 ticks (total 20)
📦 Tick cache saved: 3 symbols → tick_cache/2026-06-29/
[05:57:00 ET] ACTIVE | flat | daily=$+0 (0t) | conn=OK | ticks=1706 | DCOY:277t/IDLE UPC:613t/ARMED/arm$10.02
[05:57:01 ET] ACTIVE | flat | daily=$+0 (0t) | conn=OK | ticks=1766 | DCOY:303t/IDLE UPC:647t/ARMED/arm$10.02
[ENGINE_PUB] STATS published=61,512 dropped=0 clients=2
  TICK AUDIT: DCOY: 595 ticks in last 60s, last_price=$12.81, last_tick_time=05:57:27
  TICK AUDIT: UPC: 1024 ticks in last 60s, last_price=$9.26, last_tick_time=05:57:27
  → ORPHAN IGNORED (sync): FEBO on WB_ORPHAN_HALT_IGNORE_SYMBOLS — NOT adopting; bot keeps trading. Left at broker for manual handling.
[TIER] STATUS tier1=['DCOY', 'UPC'] tier2=0 capacity=2/5
  ⚠️ ORPHAN POSITION FOUND: FEBO qty=219 (available=219) entry=$1.12 unrealized=$-45.78 value=$198.78
  → ORPHAN IGNORED: FEBO on WB_ORPHAN_HALT_IGNORE_SYMBOLS — NOT adopting, NOT halting. Bot keeps trading other names; position left at broker for manual handling.
SUBSCRIPTION_AUDIT {"ts":"2026-06-29T05:57:28.417358-04:00","sym":"UPC","tier":"tick_by_tick","obs_v_5m":174242,"median_v_5m":110125,"ratio_obs_to_median":1.5822,"truth_v_5m":null,"ratio_obs_to_truth":null,"status":"OK","sub_age_sec":1619,"contract_exchange":"SMART","contract_primary":"NASDAQ"}
SUBSCRIPTION_AUDIT {"ts":"2026-06-29T05:57:28.417358-04:00","sym":"DCOY","tier":"tick_by_tick","obs_v_5m":46009,"median_v_5m":110125,"ratio_obs_to_median":0.4178,"truth_v_5m":null,"ratio_obs_to_truth":null,"status":"OK","sub_age_sec":3422,"contract_exchange":"SMART","contract_primary":"NASDAQ"}
  Tick cache: DCOY → +342 ticks (total 98,309)
  Tick cache: UPC → +464 ticks (total 64,435)
📦 Tick cache saved: 2 symbols → tick_cache/2026-06-29/
[TIER] STATUS tier1=['DCOY', 'UPC'] tier2=0 capacity=2/5
[05:58:00 ET] ACTIVE | flat | daily=$+0 (0t) | conn=OK | ticks=1408 | DCOY:276t/IDLE UPC:316t/ARMED/arm$10.02
  Tick cache: UPC → +288 ticks (total 64,723)
[05:58:01 ET] ACTIVE | flat | daily=$+0 (0t) | conn=OK | ticks=1416 | DCOY:282t/IDLE UPC:318t/ARMED/arm$10.02
  Tick cache: DCOY → +276 ticks (total 98,585)
📦 Tick cache saved: 2 symbols → tick_cache/2026-06-29/
[ENGINE_PUB] STATS published=62,695 dropped=0 clients=2
  TICK AUDIT: DCOY: 556 ticks in last 60s, last_price=$13.07, last_tick_time=05:58:26
  TICK AUDIT: UPC: 598 ticks in last 60s, last_price=$9.28, last_tick_time=05:58:27
  → ORPHAN IGNORED (sync): FEBO on WB_ORPHAN_HALT_IGNORE_SYMBOLS — NOT adopting; bot keeps trading. Left at broker for manual handling.
[TIER] STATUS tier1=['DCOY', 'UPC'] tier2=0 capacity=2/5
  ⚠️ ORPHAN POSITION FOUND: FEBO qty=219 (available=219) entry=$1.12 unrealized=$-45.78 value=$198.78
  → ORPHAN IGNORED: FEBO on WB_ORPHAN_HALT_IGNORE_SYMBOLS — NOT adopting, NOT halting. Bot keeps trading other names; position left at broker for manual handling.
SUBSCRIPTION_AUDIT {"ts":"2026-06-29T05:58:28.632388-04:00","sym":"UPC","tier":"tick_by_tick","obs_v_5m":168799,"median_v_5m":109094,"ratio_obs_to_median":1.5473,"truth_v_5m":null,"ratio_obs_to_truth":null,"status":"OK","sub_age_sec":1679,"contract_exchange":"SMART","contract_primary":"NASDAQ"}
SUBSCRIPTION_AUDIT {"ts":"2026-06-29T05:58:28.632388-04:00","sym":"DCOY","tier":"tick_by_tick","obs_v_5m":49390,"median_v_5m":109094,"ratio_obs_to_median":0.4527,"truth_v_5m":null,"ratio_obs_to_truth":null,"status":"OK","sub_age_sec":3483,"contract_exchange":"SMART","contract_primary":"NASDAQ"}
  Tick cache: UPC → +311 ticks (total 65,034)
  Tick cache: DCOY → +332 ticks (total 98,917)
📦 Tick cache saved: 2 symbols → tick_cache/2026-06-29/
[TIER] STATUS tier1=['DCOY', 'UPC'] tier2=0 capacity=2/5
[05:59:00 ET] ACTIVE | flat | daily=$+0 (0t) | conn=OK | ticks=1363 | DCOY:272t/IDLE UPC:275t/ARMED/arm$10.02
[05:59:01 ET] ACTIVE | flat | daily=$+0 (0t) | conn=OK | ticks=1378 | DCOY:273t/IDLE UPC:289t/ARMED/arm$10.02
  Tick cache: UPC → +284 ticks (total 65,318)
[ENGINE_PUB] STATS published=63,765 dropped=0 clients=2
  Tick cache: DCOY → +248 ticks (total 99,165)
📦 Tick cache saved: 2 symbols → tick_cache/2026-06-29/
  TICK AUDIT: DCOY: 495 ticks in last 60s, last_price=$12.91, last_tick_time=05:59:27
  TICK AUDIT: UPC: 500 ticks in last 60s, last_price=$9.31, last_tick_time=05:59:27
  → ORPHAN IGNORED (sync): FEBO on WB_ORPHAN_HALT_IGNORE_SYMBOLS — NOT adopting; bot keeps trading. Left at broker for manual handling.
[TIER] STATUS tier1=['DCOY', 'UPC'] tier2=0 capacity=2/5
  ⚠️ ORPHAN POSITION FOUND: FEBO qty=219 (available=219) entry=$1.12 unrealized=$-45.78 value=$198.78
  → ORPHAN IGNORED: FEBO on WB_ORPHAN_HALT_IGNORE_SYMBOLS — NOT adopting, NOT halting. Bot keeps trading other names; position left at broker for manual handling.
SUBSCRIPTION_AUDIT {"ts":"2026-06-29T05:59:28.851207-04:00","sym":"UPC","tier":"tick_by_tick","obs_v_5m":155787,"median_v_5m":103096,"ratio_obs_to_median":1.5111,"truth_v_5m":null,"ratio_obs_to_truth":null,"status":"OK","sub_age_sec":1739,"contract_exchange":"SMART","contract_primary":"NASDAQ"}
SUBSCRIPTION_AUDIT {"ts":"2026-06-29T05:59:28.851207-04:00","sym":"DCOY","tier":"tick_by_tick","obs_v_5m":50405,"median_v_5m":103096,"ratio_obs_to_median":0.4889,"truth_v_5m":null,"ratio_obs_to_truth":null,"status":"OK","sub_age_sec":3543,"contract_exchange":"SMART","contract_primary":"NASDAQ"}
  Tick cache: DCOY → +267 ticks (total 99,432)
  Tick cache: UPC → +299 ticks (total 65,617)
📦 Tick cache saved: 2 symbols → tick_cache/2026-06-29/
[TIER] STATUS tier1=['DCOY', 'UPC'] tier2=0 capacity=2/5
[06:00 ET] DCOY CHART | O=13.03 H=13.13 L=12.80 C=12.82 V=8,349 | EMA9=13.02 VWAP=13.37 (-4.1%) HOD=17.81 PM_H=17.81 | MACD=N/A vol_ratio=0.6x avg_vol=12,927 bars=50 | sq=IDLE armed=none
[06:00:00 ET] ACTIVE | flat | daily=$+0 (0t) | conn=OK | ticks=1402 | DCOY:257t/IDLE UPC:329t/ARMED/arm$10.02
[06:00 ET] UPC CHART | O=9.26 H=9.39 L=9.24 C=9.36 V=13,213 | EMA9=9.23 VWAP=9.41 (-0.5%) HOD=10.98 PM_H=10.98 | MACD=N/A vol_ratio=0.6x avg_vol=20,489 bars=37 | sq=ARMED armed=$10.02
[06:00:01 ET] ACTIVE | flat | daily=$+0 (0t) | conn=OK | ticks=1432 | DCOY:259t/IDLE UPC:357t/ARMED/arm$10.02
[ENGINE_PUB] STATS published=64,852 dropped=0 clients=2
  Tick cache: UPC → +302 ticks (total 65,919)
  Tick cache: DCOY → +266 ticks (total 99,698)
📦 Tick cache saved: 2 symbols → tick_cache/2026-06-29/
  TICK AUDIT: DCOY: 441 ticks in last 60s, last_price=$12.83, last_tick_time=06:00:27
  TICK AUDIT: UPC: 524 ticks in last 60s, last_price=$9.30, last_tick_time=06:00:27
  → ORPHAN IGNORED (sync): FEBO on WB_ORPHAN_HALT_IGNORE_SYMBOLS — NOT adopting; bot keeps trading. Left at broker for manual handling.
[TIER] STATUS tier1=['DCOY', 'UPC'] tier2=0 capacity=2/5
  ⚠️ ORPHAN POSITION FOUND: FEBO qty=219 (available=219) entry=$1.12 unrealized=$-45.78 value=$198.78
  → ORPHAN IGNORED: FEBO on WB_ORPHAN_HALT_IGNORE_SYMBOLS — NOT adopting, NOT halting. Bot keeps trading other names; position left at broker for manual handling.
SUBSCRIPTION_AUDIT {"ts":"2026-06-29T06:00:29.071539-04:00","sym":"UPC","tier":"tick_by_tick","obs_v_5m":130786,"median_v_5m":90034,"ratio_obs_to_median":1.4526,"truth_v_5m":null,"ratio_obs_to_truth":null,"status":"OK","sub_age_sec":1799,"contract_exchange":"SMART","contract_primary":"NASDAQ"}
SUBSCRIPTION_AUDIT {"ts":"2026-06-29T06:00:29.071539-04:00","sym":"DCOY","tier":"tick_by_tick","obs_v_5m":49283,"median_v_5m":90034,"ratio_obs_to_median":0.5474,"truth_v_5m":null,"ratio_obs_to_truth":null,"status":"OK","sub_age_sec":3603,"contract_exchange":"SMART","contract_primary":"NASDAQ"}

🔄 Running scanner at 06:00:32 ET...
Error 162, reqId 137170: Historical Market Data Service error message:API scanner subscription cancelled: 137170
IBKR ERROR 162: Historical Market Data Service error message:API scanner subscription cancelled: 137170 (reqId=137170, symbol=?)
[06:00 ET] STI CHART | O=14.68 H=14.68 L=14.68 C=14.68 V=300 | EMA9=none VWAP=14.48 (+1.4%) HOD=16.37 PM_H=16.37 | MACD=N/A vol_ratio=0.0x avg_vol=0 bars=0 | sq=N/A armed=none
[06:00 ET] QH CHART | O=6.75 H=6.75 L=6.75 C=6.75 V=900 | EMA9=none VWAP=6.83 (-1.2%) HOD=7.39 PM_H=7.39 | MACD=N/A vol_ratio=0.0x avg_vol=0 bars=0 | sq=N/A armed=none
  Tick cache: UPC → +178 ticks (total 66,097)
  Tick cache: DCOY → +301 ticks (total 99,999)
  Tick cache: STI → +2 ticks (total 35)
📦 Tick cache saved: 3 symbols → tick_cache/2026-06-29/
[06:00 ET] WNW CHART | O=3.93 H=3.93 L=3.93 C=3.93 V=200 | EMA9=none VWAP=3.96 (-0.9%) HOD=4.05 PM_H=4.05 | MACD=N/A vol_ratio=0.0x avg_vol=0 bars=0 | sq=N/A armed=none
[06:00 ET] WSHP CHART | O=9.39 H=9.39 L=9.39 C=9.39 V=400 | EMA9=none VWAP=9.11 (+3.1%) HOD=9.45 PM_H=9.45 | MACD=N/A vol_ratio=0.0x avg_vol=0 bars=0 | sq=N/A armed=none
[06:00 ET] AMSS CHART | O=2.31 H=2.31 L=2.31 C=2.31 V=100 | EMA9=none VWAP=2.33 (-1.0%) HOD=2.37 PM_H=2.37 | MACD=N/A vol_ratio=0.0x avg_vol=0 bars=0 | sq=N/A armed=none
[06:00 ET] MBRX CHART | O=3.61 H=3.61 L=3.61 C=3.61 V=200 | EMA9=none VWAP=3.52 (+2.6%) HOD=3.93 PM_H=3.93 | MACD=N/A vol_ratio=0.0x avg_vol=0 bars=0 | sq=N/A armed=none
[06:00 ET] LRMR CHART | O=4.05 H=4.05 L=4.05 C=4.05 V=200 | EMA9=none VWAP=4.19 (-3.4%) HOD=4.35 PM_H=4.35 | MACD=N/A vol_ratio=0.0x avg_vol=0 bars=0 | sq=N/A armed=none
[06:00 ET] CCXI CHART | O=15.15 H=15.15 L=15.15 C=15.15 V=400 | EMA9=none VWAP=15.60 (-2.9%) HOD=16.49 PM_H=16.49 | MACD=N/A vol_ratio=0.0x avg_vol=0 bars=0 | sq=N/A armed=none
[ENGINE_PUB] STATS published=66,051 dropped=0 clients=2
  Tick cache: QH → +3 ticks (total 32)
  Tick cache: UPC → +418 ticks (total 66,515)
  Tick cache: DCOY → +415 ticks (total 100,414)
  Tick cache: WNW → +2 ticks (total 38)
  Tick cache: WSHP → +2 ticks (total 38)
  Tick cache: AMSS → +2 ticks (total 39)
  Tick cache: MBRX → +2 ticks (total 47)
  Tick cache: LRMR → +3 ticks (total 44)
  Tick cache: CCXI → +2 ticks (total 48)
  Tick cache: CBRG → +2 ticks (total 50)
  Tick cache: RDWU → +1 ticks (total 51)
  Tick cache: ORCU → +2 ticks (total 43)
  Tick cache: LWLG → +1 ticks (total 16)
  Tick cache: VIVO → +1 ticks (total 28)
📦 Tick cache saved: 14 symbols → tick_cache/2026-06-29/
  Saved: /Users/duffy/warrior_bot_v2/scanner_results/2026-06-29.json (24 snapshots)
📊 Scanner: 2 new candidates, 0 new subs, 2 total watching
  TICK AUDIT: DCOY: 777 ticks in last 60s, last_price=$12.64, last_tick_time=06:01:27
  TICK AUDIT: UPC: 619 ticks in last 60s, last_price=$9.20, last_tick_time=06:01:28
  → ORPHAN IGNORED (sync): FEBO on WB_ORPHAN_HALT_IGNORE_SYMBOLS — NOT adopting; bot keeps trading. Left at broker for manual handling.
[TIER] STATUS tier1=['DCOY', 'UPC'] tier2=0 capacity=2/5
SUBSCRIPTION_AUDIT {"ts":"2026-06-29T06:00:32.083666-04:00","sym":"UPC","tier":"tick_by_tick","obs_v_5m":130786,"median_v_5m":87488,"ratio_obs_to_median":1.4949,"truth_v_5m":52384,"ratio_obs_to_truth":2.4967,"status":"DIRECT_QUERY_OK","sub_age_sec":1802,"contract_exchange":"SMART","contract_primary":"NASDAQ"}
SUBSCRIPTION_AUDIT {"ts":"2026-06-29T06:00:32.083666-04:00","sym":"DCOY","tier":"tick_by_tick","obs_v_5m":49283,"median_v_5m":87488,"ratio_obs_to_median":0.5633,"truth_v_5m":20821,"ratio_obs_to_truth":2.367,"status":"DIRECT_QUERY_OK","sub_age_sec":3606,"contract_exchange":"SMART","contract_primary":"NASDAQ"}
  ⚠️ ORPHAN POSITION FOUND: FEBO qty=219 (available=219) entry=$1.12 unrealized=$-45.78 value=$198.78
  → ORPHAN IGNORED: FEBO on WB_ORPHAN_HALT_IGNORE_SYMBOLS — NOT adopting, NOT halting. Bot keeps trading other names; position left at broker for manual handling.
SUBSCRIPTION_AUDIT {"ts":"2026-06-29T06:01:29.408901-04:00","sym":"UPC","tier":"tick_by_tick","obs_v_5m":121921,"median_v_5m":87488,"ratio_obs_to_median":1.3936,"truth_v_5m":null,"ratio_obs_to_truth":null,"status":"OK","sub_age_sec":1860,"contract_exchange":"SMART","contract_primary":"NASDAQ"}
SUBSCRIPTION_AUDIT {"ts":"2026-06-29T06:01:29.408901-04:00","sym":"DCOY","tier":"tick_by_tick","obs_v_5m":53056,"median_v_5m":87488,"ratio_obs_to_median":0.6064,"truth_v_5m":null,"ratio_obs_to_truth":null,"status":"OK","sub_age_sec":3663,"contract_exchange":"SMART","contract_primary":"NASDAQ"}
  Tick cache: DCOY → +313 ticks (total 100,727)
  Tick cache: UPC → +289 ticks (total 66,804)
  Tick cache: RZLV → +2 ticks (total 19)
  Tick cache: SLS → +1 ticks (total 40)
  Tick cache: SKYQ → +3 ticks (total 35)
  Tick cache: SMCX → +2 ticks (total 31)
  Tick cache: IRE → +2 ticks (total 36)
📦 Tick cache saved: 7 symbols → tick_cache/2026-06-29/
[TIER] STATUS tier1=['DCOY', 'UPC'] tier2=0 capacity=2/5
[06:02:00 ET] ACTIVE | flat | daily=$+0 (0t) | conn=OK | ticks=1747 | DCOY:268t/IDLE UPC:628t/ARMED/arm$10.02
[06:02:01 ET] ACTIVE | flat | daily=$+0 (0t) | conn=OK | ticks=1770 | DCOY:277t/IDLE UPC:642t/ARMED/arm$10.02
[ENGINE_PUB] STATS published=67,549 dropped=0 clients=2
  Tick cache: DCOY → +163 ticks (total 100,890)
  Tick cache: UPC → +765 ticks (total 67,569)
📦 Tick cache saved: 2 symbols → tick_cache/2026-06-29/
  TICK AUDIT: DCOY: 358 ticks in last 60s, last_price=$12.71, last_tick_time=06:02:28
  TICK AUDIT: UPC: 1169 ticks in last 60s, last_price=$8.84, last_tick_time=06:02:28
  → ORPHAN IGNORED (sync): FEBO on WB_ORPHAN_HALT_IGNORE_SYMBOLS — NOT adopting; bot keeps trading. Left at broker for manual handling.
[TIER] STATUS tier1=['DCOY', 'UPC'] tier2=0 capacity=2/5
  ⚠️ ORPHAN POSITION FOUND: FEBO qty=219 (available=219) entry=$1.12 unrealized=$-45.78 value=$198.78
  → ORPHAN IGNORED: FEBO on WB_ORPHAN_HALT_IGNORE_SYMBOLS — NOT adopting, NOT halting. Bot keeps trading other names; position left at broker for manual handling.
SUBSCRIPTION_AUDIT {"ts":"2026-06-29T06:02:29.633036-04:00","sym":"UPC","tier":"tick_by_tick","obs_v_5m":92935,"median_v_5m":73849,"ratio_obs_to_median":1.2584,"truth_v_5m":null,"ratio_obs_to_truth":null,"status":"OK","sub_age_sec":1920,"contract_exchange":"SMART","contract_primary":"NASDAQ"}
SUBSCRIPTION_AUDIT {"ts":"2026-06-29T06:02:29.633036-04:00","sym":"DCOY","tier":"tick_by_tick","obs_v_5m":54764,"median_v_5m":73849,"ratio_obs_to_median":0.7416,"truth_v_5m":null,"ratio_obs_to_truth":null,"status":"OK","sub_age_sec":3724,"contract_exchange":"SMART","contract_primary":"NASDAQ"}
  Tick cache: UPC → +649 ticks (total 68,218)
  Tick cache: DCOY → +210 ticks (total 101,100)
📦 Tick cache saved: 2 symbols → tick_cache/2026-06-29/
[TIER] STATUS tier1=['DCOY', 'UPC'] tier2=0 capacity=2/5
[06:03:00 ET] ACTIVE | flat | daily=$+0 (0t) | conn=OK | ticks=1643 | DCOY:207t/IDLE UPC:585t/ARMED/arm$10.02
[06:03:01 ET] ACTIVE | flat | daily=$+0 (0t) | conn=OK | ticks=1661 | DCOY:209t/IDLE UPC:601t/ARMED/arm$10.02
[ENGINE_PUB] STATS published=68,961 dropped=0 clients=2
  Tick cache: UPC → +441 ticks (total 68,659)
  Tick cache: DCOY → +129 ticks (total 101,229)
📦 Tick cache saved: 2 symbols → tick_cache/2026-06-29/
  TICK AUDIT: DCOY: 325 ticks in last 60s, last_price=$12.61, last_tick_time=06:03:28
  TICK AUDIT: UPC: 891 ticks in last 60s, last_price=$8.87, last_tick_time=06:03:28
  → ORPHAN IGNORED (sync): FEBO on WB_ORPHAN_HALT_IGNORE_SYMBOLS — NOT adopting; bot keeps trading. Left at broker for manual handling.
[TIER] STATUS tier1=['DCOY', 'UPC'] tier2=0 capacity=2/5
  ⚠️ ORPHAN POSITION FOUND: FEBO qty=219 (available=219) entry=$1.12 unrealized=$-45.78 value=$198.78
  → ORPHAN IGNORED: FEBO on WB_ORPHAN_HALT_IGNORE_SYMBOLS — NOT adopting, NOT halting. Bot keeps trading other names; position left at broker for manual handling.
SUBSCRIPTION_AUDIT {"ts":"2026-06-29T06:03:29.892014-04:00","sym":"UPC","tier":"tick_by_tick","obs_v_5m":103758,"median_v_5m":75325,"ratio_obs_to_median":1.3775,"truth_v_5m":null,"ratio_obs_to_truth":null,"status":"OK","sub_age_sec":1980,"contract_exchange":"SMART","contract_primary":"NASDAQ"}
SUBSCRIPTION_AUDIT {"ts":"2026-06-29T06:03:29.892014-04:00","sym":"DCOY","tier":"tick_by_tick","obs_v_5m":46893,"median_v_5m":75325,"ratio_obs_to_median":0.6225,"truth_v_5m":null,"ratio_obs_to_truth":null,"status":"OK","sub_age_sec":3784,"contract_exchange":"SMART","contract_primary":"NASDAQ"}
  Tick cache: UPC → +299 ticks (total 68,958)
  Tick cache: DCOY → +317 ticks (total 101,546)
📦 Tick cache saved: 2 symbols → tick_cache/2026-06-29/
[TIER] STATUS tier1=['DCOY', 'UPC'] tier2=0 capacity=2/5
[06:04:00 ET] ACTIVE | flat | daily=$+0 (0t) | conn=OK | ticks=1473 | DCOY:351t/IDLE UPC:271t/ARMED/arm$10.02
[06:04:01 ET] ACTIVE | flat | daily=$+0 (0t) | conn=OK | ticks=1480 | DCOY:356t/IDLE UPC:273t/ARMED/arm$10.02
[ENGINE_PUB] STATS published=70,001 dropped=0 clients=2
  Tick cache: UPC → +210 ticks (total 69,168)
  Tick cache: DCOY → +251 ticks (total 101,797)
📦 Tick cache saved: 2 symbols → tick_cache/2026-06-29/
  TICK AUDIT: DCOY: 569 ticks in last 60s, last_price=$12.48, last_tick_time=06:04:28
  TICK AUDIT: UPC: 523 ticks in last 60s, last_price=$8.82, last_tick_time=06:04:29
  → ORPHAN IGNORED (sync): FEBO on WB_ORPHAN_HALT_IGNORE_SYMBOLS — NOT adopting; bot keeps trading. Left at broker for manual handling.
[TIER] STATUS tier1=['DCOY', 'UPC'] tier2=0 capacity=2/5
  ⚠️ ORPHAN POSITION FOUND: FEBO qty=219 (available=219) entry=$1.12 unrealized=$-45.78 value=$198.78
  → ORPHAN IGNORED: FEBO on WB_ORPHAN_HALT_IGNORE_SYMBOLS — NOT adopting, NOT halting. Bot keeps trading other names; position left at broker for manual handling.
SUBSCRIPTION_AUDIT {"ts":"2026-06-29T06:04:30.169129-04:00","sym":"UPC","tier":"tick_by_tick","obs_v_5m":106314,"median_v_5m":74128,"ratio_obs_to_median":1.4342,"truth_v_5m":null,"ratio_obs_to_truth":null,"status":"OK","sub_age_sec":2040,"contract_exchange":"SMART","contract_primary":"NASDAQ"}
SUBSCRIPTION_AUDIT {"ts":"2026-06-29T06:04:30.169129-04:00","sym":"DCOY","tier":"tick_by_tick","obs_v_5m":41943,"median_v_5m":74128,"ratio_obs_to_median":0.5658,"truth_v_5m":null,"ratio_obs_to_truth":null,"status":"OK","sub_age_sec":3844,"contract_exchange":"SMART","contract_primary":"NASDAQ"}
  Tick cache: DCOY → +246 ticks (total 102,043)
[TIER] STATUS tier1=['DCOY', 'UPC'] tier2=0 capacity=2/5
  Tick cache: UPC → +202 ticks (total 69,370)
📦 Tick cache saved: 2 symbols → tick_cache/2026-06-29/
[06:05:00 ET] ACTIVE | flat | daily=$+0 (0t) | conn=OK | ticks=1215 | DCOY:223t/IDLE UPC:141t/ARMED/arm$10.02
[06:05 ET] UPC CHART | O=8.82 H=8.88 L=8.82 C=8.82 V=12,652 | EMA9=9.07 VWAP=9.39 (-6.1%) HOD=10.98 PM_H=10.98 | MACD=N/A vol_ratio=0.6x avg_vol=20,521 bars=42 | sq=ARMED armed=$10.02
[06:05 ET] DCOY CHART | O=12.57 H=12.64 L=12.44 C=12.47 V=5,681 | EMA9=12.78 VWAP=13.36 (-6.7%) HOD=17.81 PM_H=17.81 | MACD=N/A vol_ratio=0.5x avg_vol=10,672 bars=50 | sq=IDLE armed=none
[06:05:01 ET] ACTIVE | flat | daily=$+0 (0t) | conn=OK | ticks=1221 | DCOY:224t/IDLE UPC:146t/ARMED/arm$10.02
[ENGINE_PUB] STATS published=70,919 dropped=0 clients=2
  TICK AUDIT: DCOY: 821 ticks in last 60s, last_price=$12.31, last_tick_time=06:05:29
  TICK AUDIT: UPC: 290 ticks in last 60s, last_price=$8.82, last_tick_time=06:05:29
  → ORPHAN IGNORED (sync): FEBO on WB_ORPHAN_HALT_IGNORE_SYMBOLS — NOT adopting; bot keeps trading. Left at broker for manual handling.
[TIER] STATUS tier1=['DCOY', 'UPC'] tier2=0 capacity=2/5
  ⚠️ ORPHAN POSITION FOUND: FEBO qty=219 (available=219) entry=$1.12 unrealized=$-45.78 value=$198.78
  → ORPHAN IGNORED: FEBO on WB_ORPHAN_HALT_IGNORE_SYMBOLS — NOT adopting, NOT halting. Bot keeps trading other names; position left at broker for manual handling.
SUBSCRIPTION_AUDIT {"ts":"2026-06-29T06:05:30.389077-04:00","sym":"UPC","tier":"tick_by_tick","obs_v_5m":105753,"median_v_5m":72514,"ratio_obs_to_median":1.4584,"truth_v_5m":null,"ratio_obs_to_truth":null,"status":"OK","sub_age_sec":2101,"contract_exchange":"SMART","contract_primary":"NASDAQ"}
SUBSCRIPTION_AUDIT {"ts":"2026-06-29T06:05:30.389077-04:00","sym":"DCOY","tier":"tick_by_tick","obs_v_5m":39275,"median_v_5m":72514,"ratio_obs_to_median":0.5416,"truth_v_5m":null,"ratio_obs_to_truth":null,"status":"OK","sub_age_sec":3904,"contract_exchange":"SMART","contract_primary":"NASDAQ"}
  Tick cache: DCOY → +608 ticks (total 102,651)
  Tick cache: UPC → +165 ticks (total 69,535)
📦 Tick cache saved: 2 symbols → tick_cache/2026-06-29/

🔄 Running scanner at 06:05:32 ET...
Error 162, reqId 137253: Historical Market Data Service error message:API scanner subscription cancelled: 137253
  [float_cache] Cleared 17 stale None entries — will re-attempt lookups
IBKR ERROR 162: Historical Market Data Service error message:API scanner subscription cancelled: 137253 (reqId=137253, symbol=?)
[06:05 ET] QH CHART | O=6.64 H=6.64 L=6.64 C=6.64 V=300 | EMA9=none VWAP=6.82 (-2.7%) HOD=7.39 PM_H=7.39 | MACD=N/A vol_ratio=0.0x avg_vol=0 bars=0 | sq=N/A armed=none
[06:05 ET] WNW CHART | O=4.00 H=4.00 L=4.00 C=4.00 V=1,400 | EMA9=none VWAP=3.97 (+0.8%) HOD=4.05 PM_H=4.05 | MACD=N/A vol_ratio=0.0x avg_vol=0 bars=0 | sq=N/A armed=none
[06:05 ET] STI CHART | O=15.33 H=15.33 L=15.33 C=15.33 V=200 | EMA9=none VWAP=14.49 (+5.8%) HOD=16.37 PM_H=16.37 | MACD=N/A vol_ratio=0.0x avg_vol=0 bars=0 | sq=N/A armed=none
[06:05 ET] WSHP CHART | O=9.25 H=9.25 L=9.25 C=9.25 V=400 | EMA9=none VWAP=9.12 (+1.5%) HOD=9.45 PM_H=9.45 | MACD=N/A vol_ratio=0.0x avg_vol=0 bars=0 | sq=N/A armed=none
[06:05 ET] AMSS CHART | O=2.31 H=2.31 L=2.31 C=2.31 V=200 | EMA9=none VWAP=2.33 (-1.0%) HOD=2.37 PM_H=2.37 | MACD=N/A vol_ratio=0.0x avg_vol=0 bars=0 | sq=N/A armed=none
[06:05 ET] LRMR CHART | O=4.05 H=4.05 L=4.05 C=4.05 V=300 | EMA9=none VWAP=4.19 (-3.4%) HOD=4.35 PM_H=4.35 | MACD=N/A vol_ratio=0.0x avg_vol=0 bars=0 | sq=N/A armed=none
[06:05 ET] MBRX CHART | O=3.65 H=3.65 L=3.65 C=3.65 V=400 | EMA9=none VWAP=3.52 (+3.5%) HOD=3.93 PM_H=3.93 | MACD=N/A vol_ratio=0.0x avg_vol=0 bars=0 | sq=N/A armed=none
[06:05 ET] CCXI CHART | O=15.15 H=15.15 L=15.15 C=15.15 V=400 | EMA9=none VWAP=15.58 (-2.8%) HOD=16.49 PM_H=16.49 | MACD=N/A vol_ratio=0.0x avg_vol=0 bars=0 | sq=N/A armed=none
  Tick cache: DCOY → +344 ticks (total 102,995)
  Tick cache: UPC → +195 ticks (total 69,730)
  Tick cache: QH → +2 ticks (total 34)
  Tick cache: WNW → +2 ticks (total 40)
  Tick cache: STI → +1 ticks (total 36)
  Tick cache: WSHP → +2 ticks (total 40)
  Tick cache: AMSS → +3 ticks (total 42)
  Tick cache: LRMR → +2 ticks (total 46)
  Tick cache: MBRX → +2 ticks (total 49)
  Tick cache: CCXI → +2 ticks (total 50)
  Tick cache: RDWU → +2 ticks (total 53)
📦 Tick cache saved: 11 symbols → tick_cache/2026-06-29/
[ENGINE_PUB] STATS published=72,086 dropped=0 clients=2
  Saved: /Users/duffy/warrior_bot_v2/scanner_results/2026-06-29.json (25 snapshots)
📊 Scanner: 2 new candidates, 0 new subs, 2 total watching
[TIER] STATUS tier1=['DCOY', 'UPC'] tier2=0 capacity=2/5
SUBSCRIPTION_AUDIT {"ts":"2026-06-29T06:05:32.395518-04:00","sym":"DCOY","tier":"tick_by_tick","obs_v_5m":39275,"median_v_5m":73461,"ratio_obs_to_median":0.5346,"truth_v_5m":17160,"ratio_obs_to_truth":2.2888,"status":"DIRECT_QUERY_OK","sub_age_sec":3906,"contract_exchange":"SMART","contract_primary":"NASDAQ"}
SUBSCRIPTION_AUDIT {"ts":"2026-06-29T06:05:32.395518-04:00","sym":"UPC","tier":"tick_by_tick","obs_v_5m":105753,"median_v_5m":73461,"ratio_obs_to_median":1.4396,"truth_v_5m":51626,"ratio_obs_to_truth":2.0484,"status":"DIRECT_QUERY_OK","sub_age_sec":2103,"contract_exchange":"SMART","contract_primary":"NASDAQ"}
  TICK AUDIT: DCOY: 429 ticks in last 60s, last_price=$12.36, last_tick_time=06:06:29
  TICK AUDIT: UPC: 471 ticks in last 60s, last_price=$8.82, last_tick_time=06:06:29
  → ORPHAN IGNORED (sync): FEBO on WB_ORPHAN_HALT_IGNORE_SYMBOLS — NOT adopting; bot keeps trading. Left at broker for manual handling.
  ⚠️ ORPHAN POSITION FOUND: FEBO qty=219 (available=219) entry=$1.12 unrealized=$-45.78 value=$198.78
  → ORPHAN IGNORED: FEBO on WB_ORPHAN_HALT_IGNORE_SYMBOLS — NOT adopting, NOT halting. Bot keeps trading other names; position left at broker for manual handling.
SUBSCRIPTION_AUDIT {"ts":"2026-06-29T06:06:30.480947-04:00","sym":"UPC","tier":"tick_by_tick","obs_v_5m":100104,"median_v_5m":73461,"ratio_obs_to_median":1.3627,"truth_v_5m":null,"ratio_obs_to_truth":null,"status":"OK","sub_age_sec":2161,"contract_exchange":"SMART","contract_primary":"NASDAQ"}
SUBSCRIPTION_AUDIT {"ts":"2026-06-29T06:06:30.480947-04:00","sym":"DCOY","tier":"tick_by_tick","obs_v_5m":46819,"median_v_5m":73461,"ratio_obs_to_median":0.6373,"truth_v_5m":null,"ratio_obs_to_truth":null,"status":"OK","sub_age_sec":3965,"contract_exchange":"SMART","contract_primary":"NASDAQ"}
  Tick cache: UPC → +288 ticks (total 70,018)
  Tick cache: DCOY → +114 ticks (total 103,109)
  Tick cache: SKYQ → +1 ticks (total 36)
  Tick cache: CBRG → +2 ticks (total 52)
  Tick cache: ORCU → +2 ticks (total 45)
  Tick cache: SMCX → +2 ticks (total 33)
  Tick cache: LWLG → +1 ticks (total 17)
  Tick cache: SLS → +2 ticks (total 42)
  Tick cache: RZLV → +1 ticks (total 20)
  Tick cache: OKLL → +2 ticks (total 22)
  Tick cache: IRE → +2 ticks (total 38)
📦 Tick cache saved: 11 symbols → tick_cache/2026-06-29/
[TIER] STATUS tier1=['DCOY', 'UPC'] tier2=0 capacity=2/5
[06:07:00 ET] ACTIVE | flat | daily=$+0 (0t) | conn=OK | ticks=1279 | DCOY:188t/IDLE UPC:207t/ARMED/arm$10.02
[06:07:01 ET] ACTIVE | flat | daily=$+0 (0t) | conn=OK | ticks=1285 | DCOY:193t/IDLE UPC:208t/ARMED/arm$10.02
  Tick cache: UPC → +199 ticks (total 70,217)
[ENGINE_PUB] STATS published=72,997 dropped=0 clients=2
  Tick cache: DCOY → +256 ticks (total 103,365)
📦 Tick cache saved: 2 symbols → tick_cache/2026-06-29/
[TIER] STATUS tier1=['DCOY', 'UPC'] tier2=0 capacity=2/5
  TICK AUDIT: DCOY: 450 ticks in last 60s, last_price=$12.24, last_tick_time=06:07:29
  TICK AUDIT: UPC: 384 ticks in last 60s, last_price=$8.79, last_tick_time=06:07:29
  → ORPHAN IGNORED (sync): FEBO on WB_ORPHAN_HALT_IGNORE_SYMBOLS — NOT adopting; bot keeps trading. Left at broker for manual handling.
  ⚠️ ORPHAN POSITION FOUND: FEBO qty=219 (available=219) entry=$1.12 unrealized=$-45.78 value=$198.78
  → ORPHAN IGNORED: FEBO on WB_ORPHAN_HALT_IGNORE_SYMBOLS — NOT adopting, NOT halting. Bot keeps trading other names; position left at broker for manual handling.
SUBSCRIPTION_AUDIT {"ts":"2026-06-29T06:07:30.699609-04:00","sym":"UPC","tier":"tick_by_tick","obs_v_5m":91784,"median_v_5m":67910,"ratio_obs_to_median":1.3516,"truth_v_5m":null,"ratio_obs_to_truth":null,"status":"OK","sub_age_sec":2221,"contract_exchange":"SMART","contract_primary":"NASDAQ"}
SUBSCRIPTION_AUDIT {"ts":"2026-06-29T06:07:30.699609-04:00","sym":"DCOY","tier":"tick_by_tick","obs_v_5m":44036,"median_v_5m":67910,"ratio_obs_to_median":0.6484,"truth_v_5m":null,"ratio_obs_to_truth":null,"status":"OK","sub_age_sec":4025,"contract_exchange":"SMART","contract_primary":"NASDAQ"}
  Tick cache: UPC → +196 ticks (total 70,413)
  Tick cache: DCOY → +331 ticks (total 103,696)
📦 Tick cache saved: 2 symbols → tick_cache/2026-06-29/
[TIER] STATUS tier1=['DCOY', 'UPC'] tier2=0 capacity=2/5
[06:08:00 ET] ACTIVE | flat | daily=$+0 (0t) | conn=OK | ticks=1331 | DCOY:363t/IDLE UPC:84t/ARMED/arm$10.02
[06:08:01 ET] ACTIVE | flat | daily=$+0 (0t) | conn=OK | ticks=1334 | DCOY:366t/IDLE UPC:84t/ARMED/arm$10.02
[ENGINE_PUB] STATS published=73,815 dropped=0 clients=2
[06:08:10 ET] [MOVE] FIRESTORM_GATE_BLOCK UPC setup=move_strike prior_bar_ticks=260 threshold=6000
[06:08:10 ET] [MOVE] FIRESTORM_GATE_BLOCK UPC setup=move_strike prior_bar_ticks=260 threshold=6000
[06:08:10 ET] [MOVE] FIRESTORM_GATE_BLOCK UPC setup=move_strike prior_bar_ticks=260 threshold=6000
[06:08:10 ET] [MOVE] FIRESTORM_GATE_BLOCK UPC setup=move_strike prior_bar_ticks=260 threshold=6000
[06:08:10 ET] [MOVE] FIRESTORM_GATE_BLOCK UPC setup=move_strike prior_bar_ticks=260 threshold=6000
[06:08:10 ET] [MOVE] FIRESTORM_GATE_BLOCK UPC setup=move_strike prior_bar_ticks=260 threshold=6000
[06:08:10 ET] [MOVE] FIRESTORM_GATE_BLOCK UPC setup=move_strike prior_bar_ticks=260 threshold=6000
[06:08:10 ET] [MOVE] FIRESTORM_GATE_BLOCK UPC setup=move_strike prior_bar_ticks=260 threshold=6000
[06:08:10 ET] [MOVE] FIRESTORM_GATE_BLOCK UPC setup=move_strike prior_bar_ticks=260 threshold=6000
[06:08:10 ET] [MOVE] FIRESTORM_GATE_BLOCK UPC setup=move_strike prior_bar_ticks=260 threshold=6000
[06:08:10 ET] [MOVE] FIRESTORM_GATE_BLOCK UPC setup=move_strike prior_bar_ticks=260 threshold=6000
[06:08:10 ET] [MOVE] FIRESTORM_GATE_BLOCK UPC setup=move_strike prior_bar_ticks=260 threshold=6000
[06:08:10 ET] [MOVE] FIRESTORM_GATE_BLOCK UPC setup=move_strike prior_bar_ticks=260 threshold=6000
[06:08:10 ET] [MOVE] FIRESTORM_GATE_BLOCK UPC setup=move_strike prior_bar_ticks=260 threshold=6000
[06:08:10 ET] [MOVE] FIRESTORM_GATE_BLOCK UPC setup=move_strike prior_bar_ticks=260 threshold=6000
[06:08:10 ET] [MOVE] FIRESTORM_GATE_BLOCK UPC setup=move_strike prior_bar_ticks=260 threshold=6000
[06:08:10 ET] [MOVE] FIRESTORM_GATE_BLOCK UPC setup=move_strike prior_bar_ticks=260 threshold=6000
[06:08:10 ET] [MOVE] FIRESTORM_GATE_BLOCK UPC setup=move_strike prior_bar_ticks=260 threshold=6000
[06:08:10 ET] [MOVE] FIRESTORM_GATE_BLOCK UPC setup=move_strike prior_bar_ticks=260 threshold=6000
[06:08:10 ET] [MOVE] FIRESTORM_GATE_BLOCK UPC setup=move_strike prior_bar_ticks=260 threshold=6000
[06:08:10 ET] [MOVE] FIRESTORM_GATE_BLOCK UPC setup=move_strike prior_bar_ticks=260 threshold=6000
[06:08:10 ET] [MOVE] FIRESTORM_GATE_BLOCK UPC setup=move_strike prior_bar_ticks=260 threshold=6000
[06:08:10 ET] [MOVE] FIRESTORM_GATE_BLOCK UPC setup=move_strike prior_bar_ticks=260 threshold=6000
[06:08:10 ET] [MOVE] FIRESTORM_GATE_BLOCK UPC setup=move_strike prior_bar_ticks=260 threshold=6000
[06:08:10 ET] [MOVE] FIRESTORM_GATE_BLOCK UPC setup=move_strike prior_bar_ticks=260 threshold=6000
[06:08:10 ET] [MOVE] FIRESTORM_GATE_BLOCK UPC setup=move_strike prior_bar_ticks=260 threshold=6000
[06:08:10 ET] [MOVE] FIRESTORM_GATE_BLOCK UPC setup=move_strike prior_bar_ticks=260 threshold=6000
[06:08:10 ET] [MOVE] FIRESTORM_GATE_BLOCK UPC setup=move_strike prior_bar_ticks=260 threshold=6000
[06:08:10 ET] [MOVE] FIRESTORM_GATE_BLOCK UPC setup=move_strike prior_bar_ticks=260 threshold=6000
[06:08:10 ET] [MOVE] FIRESTORM_GATE_BLOCK UPC setup=move_strike prior_bar_ticks=260 threshold=6000
[06:08:10 ET] [MOVE] FIRESTORM_GATE_BLOCK UPC setup=move_strike prior_bar_ticks=260 threshold=6000
[06:08:10 ET] [MOVE] FIRESTORM_GATE_BLOCK UPC setup=move_strike prior_bar_ticks=260 threshold=6000
[06:08:10 ET] [MOVE] FIRESTORM_GATE_BLOCK UPC setup=move_strike prior_bar_ticks=260 threshold=6000
[06:08:10 ET] [MOVE] FIRESTORM_GATE_BLOCK UPC setup=move_strike prior_bar_ticks=260 threshold=6000
[06:08:10 ET] [MOVE] FIRESTORM_GATE_BLOCK UPC setup=move_strike prior_bar_ticks=260 threshold=6000
[06:08:10 ET] [MOVE] FIRESTORM_GATE_BLOCK UPC setup=move_strike prior_bar_ticks=260 threshold=6000
[06:08:10 ET] [MOVE] FIRESTORM_GATE_BLOCK UPC setup=move_strike prior_bar_ticks=260 threshold=6000
[06:08:10 ET] [MOVE] FIRESTORM_GATE_BLOCK UPC setup=move_strike prior_bar_ticks=260 threshold=6000
[06:08:10 ET] [MOVE] FIRESTORM_GATE_BLOCK UPC setup=move_strike prior_bar_ticks=260 threshold=6000
[06:08:10 ET] [MOVE] FIRESTORM_GATE_BLOCK UPC setup=move_strike prior_bar_ticks=260 threshold=6000
[06:08:10 ET] [MOVE] FIRESTORM_GATE_BLOCK UPC setup=move_strike prior_bar_ticks=260 threshold=6000
[06:08:11 ET] [MOVE] FIRESTORM_GATE_BLOCK UPC setup=move_strike prior_bar_ticks=260 threshold=6000
[06:08:11 ET] [MOVE] FIRESTORM_GATE_BLOCK UPC setup=move_strike prior_bar_ticks=260 threshold=6000
[06:08:11 ET] [MOVE] FIRESTORM_GATE_BLOCK UPC setup=move_strike prior_bar_ticks=260 threshold=6000
  Tick cache: DCOY → +330 ticks (total 104,026)
[06:08:12 ET] [MOVE] FIRESTORM_GATE_BLOCK UPC setup=move_strike prior_bar_ticks=260 threshold=6000
[06:08:12 ET] [MOVE] FIRESTORM_GATE_BLOCK UPC setup=move_strike prior_bar_ticks=260 threshold=6000
[06:08:12 ET] [MOVE] FIRESTORM_GATE_BLOCK UPC setup=move_strike prior_bar_ticks=260 threshold=6000
  Tick cache: UPC → +106 ticks (total 70,519)
📦 Tick cache saved: 2 symbols → tick_cache/2026-06-29/
[06:08:13 ET] [MOVE] FIRESTORM_GATE_BLOCK UPC setup=move_strike prior_bar_ticks=260 threshold=6000
[06:08:15 ET] [MOVE] FIRESTORM_GATE_BLOCK UPC setup=move_strike prior_bar_ticks=260 threshold=6000
[06:08:15 ET] [MOVE] FIRESTORM_GATE_BLOCK UPC setup=move_strike prior_bar_ticks=260 threshold=6000
[06:08:15 ET] [MOVE] FIRESTORM_GATE_BLOCK UPC setup=move_strike prior_bar_ticks=260 threshold=6000
[06:08:15 ET] [MOVE] FIRESTORM_GATE_BLOCK UPC setup=move_strike prior_bar_ticks=260 threshold=6000
[06:08:16 ET] [MOVE] FIRESTORM_GATE_BLOCK UPC setup=move_strike prior_bar_ticks=260 threshold=6000
[06:08:16 ET] [MOVE] FIRESTORM_GATE_BLOCK UPC setup=move_strike prior_bar_ticks=260 threshold=6000
[06:08:17 ET] [MOVE] FIRESTORM_GATE_BLOCK UPC setup=move_strike prior_bar_ticks=260 threshold=6000
[06:08:18 ET] [MOVE] FIRESTORM_GATE_BLOCK UPC setup=move_strike prior_bar_ticks=260 threshold=6000
[06:08:18 ET] [MOVE] FIRESTORM_GATE_BLOCK UPC setup=move_strike prior_bar_ticks=260 threshold=6000
[06:08:18 ET] [MOVE] FIRESTORM_GATE_BLOCK UPC setup=move_strike prior_bar_ticks=260 threshold=6000
[06:08:18 ET] [MOVE] FIRESTORM_GATE_BLOCK UPC setup=move_strike prior_bar_ticks=260 threshold=6000
[06:08:18 ET] [MOVE] FIRESTORM_GATE_BLOCK UPC setup=move_strike prior_bar_ticks=260 threshold=6000
[06:08:18 ET] [MOVE] FIRESTORM_GATE_BLOCK UPC setup=move_strike prior_bar_ticks=260 threshold=6000
[06:08:18 ET] [MOVE] FIRESTORM_GATE_BLOCK UPC setup=move_strike prior_bar_ticks=260 threshold=6000
[06:08:19 ET] [MOVE] FIRESTORM_GATE_BLOCK UPC setup=move_strike prior_bar_ticks=260 threshold=6000
[06:08:19 ET] [MOVE] FIRESTORM_GATE_BLOCK UPC setup=move_strike prior_bar_ticks=260 threshold=6000
[06:08:19 ET] [MOVE] FIRESTORM_GATE_BLOCK UPC setup=move_strike prior_bar_ticks=260 threshold=6000
[06:08:19 ET] [MOVE] FIRESTORM_GATE_BLOCK UPC setup=move_strike prior_bar_ticks=260 threshold=6000
[06:08:19 ET] [MOVE] FIRESTORM_GATE_BLOCK UPC setup=move_strike prior_bar_ticks=260 threshold=6000
[06:08:20 ET] [MOVE] FIRESTORM_GATE_BLOCK UPC setup=move_strike prior_bar_ticks=260 threshold=6000
[06:08:20 ET] [MOVE] FIRESTORM_GATE_BLOCK UPC setup=move_strike prior_bar_ticks=260 threshold=6000
[06:08:20 ET] [MOVE] FIRESTORM_GATE_BLOCK UPC setup=move_strike prior_bar_ticks=260 threshold=6000
[06:08:20 ET] [MOVE] FIRESTORM_GATE_BLOCK UPC setup=move_strike prior_bar_ticks=260 threshold=6000
[06:08:20 ET] [MOVE] FIRESTORM_GATE_BLOCK UPC setup=move_strike prior_bar_ticks=260 threshold=6000
[06:08:21 ET] [MOVE] FIRESTORM_GATE_BLOCK UPC setup=move_strike prior_bar_ticks=260 threshold=6000
[06:08:21 ET] [MOVE] FIRESTORM_GATE_BLOCK UPC setup=move_strike prior_bar_ticks=260 threshold=6000
[06:08:22 ET] [MOVE] FIRESTORM_GATE_BLOCK UPC setup=move_strike prior_bar_ticks=260 threshold=6000
[06:08:22 ET] [MOVE] FIRESTORM_GATE_BLOCK UPC setup=move_strike prior_bar_ticks=260 threshold=6000
[06:08:22 ET] [MOVE] FIRESTORM_GATE_BLOCK UPC setup=move_strike prior_bar_ticks=260 threshold=6000
[06:08:22 ET] [MOVE] FIRESTORM_GATE_BLOCK UPC setup=move_strike prior_bar_ticks=260 threshold=6000
[06:08:22 ET] [MOVE] FIRESTORM_GATE_BLOCK UPC setup=move_strike prior_bar_ticks=260 threshold=6000
[06:08:22 ET] [MOVE] FIRESTORM_GATE_BLOCK UPC setup=move_strike prior_bar_ticks=260 threshold=6000
[06:08:22 ET] [MOVE] FIRESTORM_GATE_BLOCK UPC setup=move_strike prior_bar_ticks=260 threshold=6000
[06:08:22 ET] [MOVE] FIRESTORM_GATE_BLOCK UPC setup=move_strike prior_bar_ticks=260 threshold=6000
[06:08:22 ET] [MOVE] FIRESTORM_GATE_BLOCK UPC setup=move_strike prior_bar_ticks=260 threshold=6000
[06:08:23 ET] [MOVE] FIRESTORM_GATE_BLOCK UPC setup=move_strike prior_bar_ticks=260 threshold=6000
[06:08:23 ET] [MOVE] FIRESTORM_GATE_BLOCK UPC setup=move_strike prior_bar_ticks=260 threshold=6000
[06:08:23 ET] [MOVE] FIRESTORM_GATE_BLOCK UPC setup=move_strike prior_bar_ticks=260 threshold=6000
[06:08:23 ET] [MOVE] FIRESTORM_GATE_BLOCK UPC setup=move_strike prior_bar_ticks=260 threshold=6000
[06:08:23 ET] [MOVE] FIRESTORM_GATE_BLOCK UPC setup=move_strike prior_bar_ticks=260 threshold=6000
[06:08:23 ET] [MOVE] FIRESTORM_GATE_BLOCK UPC setup=move_strike prior_bar_ticks=260 threshold=6000
[06:08:24 ET] [MOVE] FIRESTORM_GATE_BLOCK UPC setup=move_strike prior_bar_ticks=260 threshold=6000
[06:08:24 ET] [MOVE] FIRESTORM_GATE_BLOCK UPC setup=move_strike prior_bar_ticks=260 threshold=6000
[06:08:24 ET] [MOVE] FIRESTORM_GATE_BLOCK UPC setup=move_strike prior_bar_ticks=260 threshold=6000
[06:08:25 ET] [MOVE] FIRESTORM_GATE_BLOCK UPC setup=move_strike prior_bar_ticks=260 threshold=6000
[06:08:25 ET] [MOVE] FIRESTORM_GATE_BLOCK UPC setup=move_strike prior_bar_ticks=260 threshold=6000
[06:08:25 ET] [MOVE] FIRESTORM_GATE_BLOCK UPC setup=move_strike prior_bar_ticks=260 threshold=6000
[06:08:25 ET] [MOVE] FIRESTORM_GATE_BLOCK UPC setup=move_strike prior_bar_ticks=260 threshold=6000
[06:08:25 ET] [MOVE] FIRESTORM_GATE_BLOCK UPC setup=move_strike prior_bar_ticks=260 threshold=6000
[06:08:25 ET] [MOVE] FIRESTORM_GATE_BLOCK UPC setup=move_strike prior_bar_ticks=260 threshold=6000
[06:08:25 ET] [MOVE] FIRESTORM_GATE_BLOCK UPC setup=move_strike prior_bar_ticks=260 threshold=6000
[06:08:25 ET] [MOVE] FIRESTORM_GATE_BLOCK UPC setup=move_strike prior_bar_ticks=260 threshold=6000
[06:08:26 ET] [MOVE] FIRESTORM_GATE_BLOCK UPC setup=move_strike prior_bar_ticks=260 threshold=6000
[06:08:27 ET] [MOVE] FIRESTORM_GATE_BLOCK UPC setup=move_strike prior_bar_ticks=260 threshold=6000
[06:08:28 ET] [MOVE] FIRESTORM_GATE_BLOCK UPC setup=move_strike prior_bar_ticks=260 threshold=6000
[06:08:28 ET] [MOVE] FIRESTORM_GATE_BLOCK UPC setup=move_strike prior_bar_ticks=260 threshold=6000
[TIER] STATUS tier1=['DCOY', 'UPC'] tier2=0 capacity=2/5
[06:08:29 ET] [MOVE] FIRESTORM_GATE_BLOCK UPC setup=move_strike prior_bar_ticks=260 threshold=6000
[06:08:29 ET] [MOVE] FIRESTORM_GATE_BLOCK UPC setup=move_strike prior_bar_ticks=260 threshold=6000
[06:08:29 ET] [MOVE] FIRESTORM_GATE_BLOCK UPC setup=move_strike prior_bar_ticks=260 threshold=6000
[06:08:29 ET] [MOVE] FIRESTORM_GATE_BLOCK UPC setup=move_strike prior_bar_ticks=260 threshold=6000
[06:08:29 ET] [MOVE] FIRESTORM_GATE_BLOCK UPC setup=move_strike prior_bar_ticks=260 threshold=6000
[06:08:29 ET] [MOVE] FIRESTORM_GATE_BLOCK UPC setup=move_strike prior_bar_ticks=260 threshold=6000
[06:08:29 ET] [MOVE] FIRESTORM_GATE_BLOCK UPC setup=move_strike prior_bar_ticks=260 threshold=6000
[06:08:29 ET] [MOVE] FIRESTORM_GATE_BLOCK UPC setup=move_strike prior_bar_ticks=260 threshold=6000
[06:08:29 ET] [MOVE] FIRESTORM_GATE_BLOCK UPC setup=move_strike prior_bar_ticks=260 threshold=6000
[06:08:29 ET] [MOVE] FIRESTORM_GATE_BLOCK UPC setup=move_strike prior_bar_ticks=260 threshold=6000
[06:08:29 ET] [MOVE] FIRESTORM_GATE_BLOCK UPC setup=move_strike prior_bar_ticks=260 threshold=6000
[06:08:29 ET] [MOVE] FIRESTORM_GATE_BLOCK UPC setup=move_strike prior_bar_ticks=260 threshold=6000
[06:08:29 ET] [MOVE] FIRESTORM_GATE_BLOCK UPC setup=move_strike prior_bar_ticks=260 threshold=6000
[06:08:29 ET] [MOVE] FIRESTORM_GATE_BLOCK UPC setup=move_strike prior_bar_ticks=260 threshold=6000
[06:08:29 ET] [MOVE] FIRESTORM_GATE_BLOCK UPC setup=move_strike prior_bar_ticks=260 threshold=6000
[06:08:29 ET] [MOVE] FIRESTORM_GATE_BLOCK UPC setup=move_strike prior_bar_ticks=260 threshold=6000
[06:08:29 ET] [MOVE] FIRESTORM_GATE_BLOCK UPC setup=move_strike prior_bar_ticks=260 threshold=6000
  TICK AUDIT: DCOY: 702 ticks in last 60s, last_price=$12.20, last_tick_time=06:08:29
  TICK AUDIT: UPC: 233 ticks in last 60s, last_price=$8.90, last_tick_time=06:08:29
  → ORPHAN IGNORED (sync): FEBO on WB_ORPHAN_HALT_IGNORE_SYMBOLS — NOT adopting; bot keeps trading. Left at broker for manual handling.
[06:08:30 ET] [MOVE] FIRESTORM_GATE_BLOCK UPC setup=move_strike prior_bar_ticks=260 threshold=6000
[06:08:30 ET] [MOVE] FIRESTORM_GATE_BLOCK UPC setup=move_strike prior_bar_ticks=260 threshold=6000
[06:08:30 ET] [MOVE] FIRESTORM_GATE_BLOCK UPC setup=move_strike prior_bar_ticks=260 threshold=6000
[06:08:30 ET] [MOVE] FIRESTORM_GATE_BLOCK UPC setup=move_strike prior_bar_ticks=260 threshold=6000
  ⚠️ ORPHAN POSITION FOUND: FEBO qty=219 (available=219) entry=$1.12 unrealized=$-45.78 value=$198.78
  → ORPHAN IGNORED: FEBO on WB_ORPHAN_HALT_IGNORE_SYMBOLS — NOT adopting, NOT halting. Bot keeps trading other names; position left at broker for manual handling.
SUBSCRIPTION_AUDIT {"ts":"2026-06-29T06:08:30.908019-04:00","sym":"UPC","tier":"tick_by_tick","obs_v_5m":68139,"median_v_5m":60647,"ratio_obs_to_median":1.1235,"truth_v_5m":null,"ratio_obs_to_truth":null,"status":"OK","sub_age_sec":2281,"contract_exchange":"SMART","contract_primary":"NASDAQ"}
SUBSCRIPTION_AUDIT {"ts":"2026-06-29T06:08:30.908019-04:00","sym":"DCOY","tier":"tick_by_tick","obs_v_5m":53155,"median_v_5m":60647,"ratio_obs_to_median":0.8765,"truth_v_5m":null,"ratio_obs_to_truth":null,"status":"OK","sub_age_sec":4085,"contract_exchange":"SMART","contract_primary":"NASDAQ"}
[06:08:32 ET] [MOVE] FIRESTORM_GATE_BLOCK UPC setup=move_strike prior_bar_ticks=260 threshold=6000
[06:08:32 ET] [MOVE] FIRESTORM_GATE_BLOCK UPC setup=move_strike prior_bar_ticks=260 threshold=6000
[06:08:32 ET] [MOVE] FIRESTORM_GATE_BLOCK UPC setup=move_strike prior_bar_ticks=260 threshold=6000
[06:08:32 ET] [MOVE] FIRESTORM_GATE_BLOCK UPC setup=move_strike prior_bar_ticks=260 threshold=6000
[06:08:32 ET] [MOVE] FIRESTORM_GATE_BLOCK UPC setup=move_strike prior_bar_ticks=260 threshold=6000
[06:08:32 ET] [MOVE] FIRESTORM_GATE_BLOCK UPC setup=move_strike prior_bar_ticks=260 threshold=6000
[06:08:32 ET] [MOVE] FIRESTORM_GATE_BLOCK UPC setup=move_strike prior_bar_ticks=260 threshold=6000
[06:08:32 ET] [MOVE] FIRESTORM_GATE_BLOCK UPC setup=move_strike prior_bar_ticks=260 threshold=6000
[06:08:32 ET] [MOVE] FIRESTORM_GATE_BLOCK UPC setup=move_strike prior_bar_ticks=260 threshold=6000
[06:08:32 ET] [MOVE] FIRESTORM_GATE_BLOCK UPC setup=move_strike prior_bar_ticks=260 threshold=6000
[06:08:32 ET] [MOVE] FIRESTORM_GATE_BLOCK UPC setup=move_strike prior_bar_ticks=260 threshold=6000
[06:08:32 ET] [MOVE] FIRESTORM_GATE_BLOCK UPC setup=move_strike prior_bar_ticks=260 threshold=6000
[06:08:33 ET] [MOVE] FIRESTORM_GATE_BLOCK UPC setup=move_strike prior_bar_ticks=260 threshold=6000
[06:08:33 ET] [MOVE] FIRESTORM_GATE_BLOCK UPC setup=move_strike prior_bar_ticks=260 threshold=6000
[06:08:33 ET] [MOVE] FIRESTORM_GATE_BLOCK UPC setup=move_strike prior_bar_ticks=260 threshold=6000
[06:08:33 ET] [MOVE] FIRESTORM_GATE_BLOCK UPC setup=move_strike prior_bar_ticks=260 threshold=6000
[06:08:33 ET] [MOVE] FIRESTORM_GATE_BLOCK UPC setup=move_strike prior_bar_ticks=260 threshold=6000
[06:08:33 ET] [MOVE] FIRESTORM_GATE_BLOCK UPC setup=move_strike prior_bar_ticks=260 threshold=6000
[06:08:34 ET] [MOVE] FIRESTORM_GATE_BLOCK UPC setup=move_strike prior_bar_ticks=260 threshold=6000
[06:08:35 ET] [MOVE] FIRESTORM_GATE_BLOCK UPC setup=move_strike prior_bar_ticks=260 threshold=6000
[06:08:36 ET] [MOVE] FIRESTORM_GATE_BLOCK UPC setup=move_strike prior_bar_ticks=260 threshold=6000
[06:08:36 ET] [MOVE] FIRESTORM_GATE_BLOCK UPC setup=move_strike prior_bar_ticks=260 threshold=6000
[06:08:36 ET] [MOVE] FIRESTORM_GATE_BLOCK UPC setup=move_strike prior_bar_ticks=260 threshold=6000
[06:08:36 ET] [MOVE] FIRESTORM_GATE_BLOCK UPC setup=move_strike prior_bar_ticks=260 threshold=6000
[06:08:36 ET] [MOVE] FIRESTORM_GATE_BLOCK UPC setup=move_strike prior_bar_ticks=260 threshold=6000
[06:08:36 ET] [MOVE] FIRESTORM_GATE_BLOCK UPC setup=move_strike prior_bar_ticks=260 threshold=6000
[06:08:36 ET] [MOVE] FIRESTORM_GATE_BLOCK UPC setup=move_strike prior_bar_ticks=260 threshold=6000
[06:08:36 ET] [MOVE] FIRESTORM_GATE_BLOCK UPC setup=move_strike prior_bar_ticks=260 threshold=6000
[06:08:36 ET] [MOVE] FIRESTORM_GATE_BLOCK UPC setup=move_strike prior_bar_ticks=260 threshold=6000
[06:08:36 ET] [MOVE] FIRESTORM_GATE_BLOCK UPC setup=move_strike prior_bar_ticks=260 threshold=6000
[06:08:36 ET] [MOVE] FIRESTORM_GATE_BLOCK UPC setup=move_strike prior_bar_ticks=260 threshold=6000
[06:08:36 ET] [MOVE] FIRESTORM_GATE_BLOCK UPC setup=move_strike prior_bar_ticks=260 threshold=6000
[06:08:36 ET] [MOVE] FIRESTORM_GATE_BLOCK UPC setup=move_strike prior_bar_ticks=260 threshold=6000
[06:08:36 ET] [MOVE] FIRESTORM_GATE_BLOCK UPC setup=move_strike prior_bar_ticks=260 threshold=6000
[06:08:36 ET] [MOVE] FIRESTORM_GATE_BLOCK UPC setup=move_strike prior_bar_ticks=260 threshold=6000
[06:08:36 ET] [MOVE] FIRESTORM_GATE_BLOCK UPC setup=move_strike prior_bar_ticks=260 threshold=6000
[06:08:36 ET] [MOVE] FIRESTORM_GATE_BLOCK UPC setup=move_strike prior_bar_ticks=260 threshold=6000
[06:08:36 ET] [MOVE] FIRESTORM_GATE_BLOCK UPC setup=move_strike prior_bar_ticks=260 threshold=6000
[06:08:36 ET] [MOVE] FIRESTORM_GATE_BLOCK UPC setup=move_strike prior_bar_ticks=260 threshold=6000
[06:08:36 ET] [MOVE] FIRESTORM_GATE_BLOCK UPC setup=move_strike prior_bar_ticks=260 threshold=6000
[06:08:36 ET] [MOVE] FIRESTORM_GATE_BLOCK UPC setup=move_strike prior_bar_ticks=260 threshold=6000
[06:08:36 ET] [MOVE] FIRESTORM_GATE_BLOCK UPC setup=move_strike prior_bar_ticks=260 threshold=6000
[06:08:36 ET] [MOVE] FIRESTORM_GATE_BLOCK UPC setup=move_strike prior_bar_ticks=260 threshold=6000
[06:08:36 ET] [MOVE] FIRESTORM_GATE_BLOCK UPC setup=move_strike prior_bar_ticks=260 threshold=6000
[06:08:36 ET] [MOVE] FIRESTORM_GATE_BLOCK UPC setup=move_strike prior_bar_ticks=260 threshold=6000
[06:08:37 ET] [MOVE] FIRESTORM_GATE_BLOCK UPC setup=move_strike prior_bar_ticks=260 threshold=6000
[06:08:39 ET] [MOVE] FIRESTORM_GATE_BLOCK UPC setup=move_strike prior_bar_ticks=260 threshold=6000
[06:08:39 ET] [MOVE] FIRESTORM_GATE_BLOCK UPC setup=move_strike prior_bar_ticks=260 threshold=6000
[06:08:39 ET] [MOVE] FIRESTORM_GATE_BLOCK UPC setup=move_strike prior_bar_ticks=260 threshold=6000
[06:08:39 ET] [MOVE] FIRESTORM_GATE_BLOCK UPC setup=move_strike prior_bar_ticks=260 threshold=6000
[06:08:39 ET] [MOVE] FIRESTORM_GATE_BLOCK UPC setup=move_strike prior_bar_ticks=260 threshold=6000
[06:08:39 ET] [MOVE] FIRESTORM_GATE_BLOCK UPC setup=move_strike prior_bar_ticks=260 threshold=6000
[06:08:39 ET] [MOVE] FIRESTORM_GATE_BLOCK UPC setup=move_strike prior_bar_ticks=260 threshold=6000
[06:08:39 ET] [MOVE] FIRESTORM_GATE_BLOCK UPC setup=move_strike prior_bar_ticks=260 threshold=6000
[06:08:39 ET] [MOVE] FIRESTORM_GATE_BLOCK UPC setup=move_strike prior_bar_ticks=260 threshold=6000
[06:08:40 ET] [MOVE] FIRESTORM_GATE_BLOCK UPC setup=move_strike prior_bar_ticks=260 threshold=6000
[06:08:40 ET] [MOVE] FIRESTORM_GATE_BLOCK UPC setup=move_strike prior_bar_ticks=260 threshold=6000
[06:08:40 ET] [MOVE] FIRESTORM_GATE_BLOCK UPC setup=move_strike prior_bar_ticks=260 threshold=6000
[06:08:40 ET] [MOVE] FIRESTORM_GATE_BLOCK UPC setup=move_strike prior_bar_ticks=260 threshold=6000
[06:08:40 ET] [MOVE] FIRESTORM_GATE_BLOCK UPC setup=move_strike prior_bar_ticks=260 threshold=6000
[06:08:40 ET] [MOVE] FIRESTORM_GATE_BLOCK UPC setup=move_strike prior_bar_ticks=260 threshold=6000
[06:08:40 ET] [MOVE] FIRESTORM_GATE_BLOCK UPC setup=move_strike prior_bar_ticks=260 threshold=6000
[06:08:40 ET] [MOVE] FIRESTORM_GATE_BLOCK UPC setup=move_strike prior_bar_ticks=260 threshold=6000
[06:08:40 ET] [MOVE] FIRESTORM_GATE_BLOCK UPC setup=move_strike prior_bar_ticks=260 threshold=6000
[06:08:40 ET] [MOVE] FIRESTORM_GATE_BLOCK UPC setup=move_strike prior_bar_ticks=260 threshold=6000
[06:08:40 ET] [MOVE] FIRESTORM_GATE_BLOCK UPC setup=move_strike prior_bar_ticks=260 threshold=6000
[06:08:40 ET] [MOVE] FIRESTORM_GATE_BLOCK UPC setup=move_strike prior_bar_ticks=260 threshold=6000
[06:08:40 ET] [MOVE] FIRESTORM_GATE_BLOCK UPC setup=move_strike prior_bar_ticks=260 threshold=6000
[06:08:40 ET] [MOVE] FIRESTORM_GATE_BLOCK UPC setup=move_strike prior_bar_ticks=260 threshold=6000
[06:08:41 ET] [MOVE] FIRESTORM_GATE_BLOCK UPC setup=move_strike prior_bar_ticks=260 threshold=6000
[06:08:41 ET] [MOVE] FIRESTORM_GATE_BLOCK UPC setup=move_strike prior_bar_ticks=260 threshold=6000
[06:08:41 ET] [MOVE] FIRESTORM_GATE_BLOCK UPC setup=move_strike prior_bar_ticks=260 threshold=6000
[06:08:41 ET] [MOVE] FIRESTORM_GATE_BLOCK UPC setup=move_strike prior_bar_ticks=260 threshold=6000
[06:08:41 ET] [MOVE] FIRESTORM_GATE_BLOCK UPC setup=move_strike prior_bar_ticks=260 threshold=6000
[06:08:41 ET] [MOVE] FIRESTORM_GATE_BLOCK UPC setup=move_strike prior_bar_ticks=260 threshold=6000
[06:08:41 ET] [MOVE] FIRESTORM_GATE_BLOCK UPC setup=move_strike prior_bar_ticks=260 threshold=6000
[06:08:41 ET] [MOVE] FIRESTORM_GATE_BLOCK UPC setup=move_strike prior_bar_ticks=260 threshold=6000
[06:08:41 ET] [MOVE] FIRESTORM_GATE_BLOCK UPC setup=move_strike prior_bar_ticks=260 threshold=6000
[06:08:41 ET] [MOVE] FIRESTORM_GATE_BLOCK UPC setup=move_strike prior_bar_ticks=260 threshold=6000
[06:08:41 ET] [MOVE] FIRESTORM_GATE_BLOCK UPC setup=move_strike prior_bar_ticks=260 threshold=6000
[06:08:41 ET] [MOVE] FIRESTORM_GATE_BLOCK UPC setup=move_strike prior_bar_ticks=260 threshold=6000
[06:08:43 ET] [MOVE] FIRESTORM_GATE_BLOCK UPC setup=move_strike prior_bar_ticks=260 threshold=6000
[06:08:43 ET] [MOVE] FIRESTORM_GATE_BLOCK UPC setup=move_strike prior_bar_ticks=260 threshold=6000
[06:08:43 ET] [MOVE] FIRESTORM_GATE_BLOCK UPC setup=move_strike prior_bar_ticks=260 threshold=6000
[06:08:43 ET] [MOVE] FIRESTORM_GATE_BLOCK UPC setup=move_strike prior_bar_ticks=260 threshold=6000
[06:08:43 ET] [MOVE] FIRESTORM_GATE_BLOCK UPC setup=move_strike prior_bar_ticks=260 threshold=6000
[06:08:43 ET] [MOVE] FIRESTORM_GATE_BLOCK UPC setup=move_strike prior_bar_ticks=260 threshold=6000
[06:08:43 ET] [MOVE] FIRESTORM_GATE_BLOCK UPC setup=move_strike prior_bar_ticks=260 threshold=6000
[06:08:43 ET] [MOVE] FIRESTORM_GATE_BLOCK UPC setup=move_strike prior_bar_ticks=260 threshold=6000
[06:08:43 ET] [MOVE] FIRESTORM_GATE_BLOCK UPC setup=move_strike prior_bar_ticks=260 threshold=6000
[06:08:43 ET] [MOVE] FIRESTORM_GATE_BLOCK UPC setup=move_strike prior_bar_ticks=260 threshold=6000
[06:08:43 ET] [MOVE] FIRESTORM_GATE_BLOCK UPC setup=move_strike prior_bar_ticks=260 threshold=6000
[06:08:43 ET] [MOVE] FIRESTORM_GATE_BLOCK UPC setup=move_strike prior_bar_ticks=260 threshold=6000
[06:08:43 ET] [MOVE] FIRESTORM_GATE_BLOCK UPC setup=move_strike prior_bar_ticks=260 threshold=6000
[06:08:43 ET] [MOVE] FIRESTORM_GATE_BLOCK UPC setup=move_strike prior_bar_ticks=260 threshold=6000
[06:08:43 ET] [MOVE] FIRESTORM_GATE_BLOCK UPC setup=move_strike prior_bar_ticks=260 threshold=6000
[06:08:43 ET] [MOVE] FIRESTORM_GATE_BLOCK UPC setup=move_strike prior_bar_ticks=260 threshold=6000
[06:08:43 ET] [MOVE] FIRESTORM_GATE_BLOCK UPC setup=move_strike prior_bar_ticks=260 threshold=6000
[06:08:43 ET] [MOVE] FIRESTORM_GATE_BLOCK UPC setup=move_strike prior_bar_ticks=260 threshold=6000
[06:08:43 ET] [MOVE] FIRESTORM_GATE_BLOCK UPC setup=move_strike prior_bar_ticks=260 threshold=6000
[06:08:43 ET] [MOVE] FIRESTORM_GATE_BLOCK UPC setup=move_strike prior_bar_ticks=260 threshold=6000
[06:08:43 ET] [MOVE] FIRESTORM_GATE_BLOCK UPC setup=move_strike prior_bar_ticks=260 threshold=6000
[06:08:43 ET] [MOVE] FIRESTORM_GATE_BLOCK UPC setup=move_strike prior_bar_ticks=260 threshold=6000
[06:08:43 ET] [MOVE] FIRESTORM_GATE_BLOCK UPC setup=move_strike prior_bar_ticks=260 threshold=6000
[06:08:43 ET] [MOVE] FIRESTORM_GATE_BLOCK UPC setup=move_strike prior_bar_ticks=260 threshold=6000
[06:08:43 ET] [MOVE] FIRESTORM_GATE_BLOCK UPC setup=move_strike prior_bar_ticks=260 threshold=6000
[06:08:43 ET] [MOVE] FIRESTORM_GATE_BLOCK UPC setup=move_strike prior_bar_ticks=260 threshold=6000
[06:08:43 ET] [MOVE] FIRESTORM_GATE_BLOCK UPC setup=move_strike prior_bar_ticks=260 threshold=6000
[06:08:43 ET] [MOVE] FIRESTORM_GATE_BLOCK UPC setup=move_strike prior_bar_ticks=260 threshold=6000
[06:08:43 ET] [MOVE] FIRESTORM_GATE_BLOCK UPC setup=move_strike prior_bar_ticks=260 threshold=6000
[06:08:43 ET] [MOVE] FIRESTORM_GATE_BLOCK UPC setup=move_strike prior_bar_ticks=260 threshold=6000
[06:08:43 ET] [MOVE] FIRESTORM_GATE_BLOCK UPC setup=move_strike prior_bar_ticks=260 threshold=6000
[06:08:43 ET] [MOVE] FIRESTORM_GATE_BLOCK UPC setup=move_strike prior_bar_ticks=260 threshold=6000
[06:08:43 ET] [MOVE] FIRESTORM_GATE_BLOCK UPC setup=move_strike prior_bar_ticks=260 threshold=6000
  Tick cache: DCOY → +452 ticks (total 104,478)
[06:08:44 ET] [MOVE] FIRESTORM_GATE_BLOCK UPC setup=move_strike prior_bar_ticks=260 threshold=6000
[06:08:44 ET] [MOVE] FIRESTORM_GATE_BLOCK UPC setup=move_strike prior_bar_ticks=260 threshold=6000
[06:08:44 ET] [MOVE] FIRESTORM_GATE_BLOCK UPC setup=move_strike prior_bar_ticks=260 threshold=6000
[06:08:44 ET] [MOVE] FIRESTORM_GATE_BLOCK UPC setup=move_strike prior_bar_ticks=260 threshold=6000
  Tick cache: UPC → +199 ticks (total 70,718)
📦 Tick cache saved: 2 symbols → tick_cache/2026-06-29/
[06:08:45 ET] [MOVE] FIRESTORM_GATE_BLOCK UPC setup=move_strike prior_bar_ticks=260 threshold=6000
[06:08:45 ET] [MOVE] FIRESTORM_GATE_BLOCK UPC setup=move_strike prior_bar_ticks=260 threshold=6000
[06:08:46 ET] [MOVE] FIRESTORM_GATE_BLOCK UPC setup=move_strike prior_bar_ticks=260 threshold=6000
[06:08:46 ET] [MOVE] FIRESTORM_GATE_BLOCK UPC setup=move_strike prior_bar_ticks=260 threshold=6000
[06:08:46 ET] [MOVE] FIRESTORM_GATE_BLOCK UPC setup=move_strike prior_bar_ticks=260 threshold=6000
[06:08:46 ET] [MOVE] FIRESTORM_GATE_BLOCK UPC setup=move_strike prior_bar_ticks=260 threshold=6000
[06:08:46 ET] [MOVE] FIRESTORM_GATE_BLOCK UPC setup=move_strike prior_bar_ticks=260 threshold=6000
[06:08:47 ET] [MOVE] FIRESTORM_GATE_BLOCK UPC setup=move_strike prior_bar_ticks=260 threshold=6000
[06:08:47 ET] [MOVE] FIRESTORM_GATE_BLOCK UPC setup=move_strike prior_bar_ticks=260 threshold=6000
[06:08:47 ET] [MOVE] FIRESTORM_GATE_BLOCK UPC setup=move_strike prior_bar_ticks=260 threshold=6000
[06:08:47 ET] [MOVE] FIRESTORM_GATE_BLOCK UPC setup=move_strike prior_bar_ticks=260 threshold=6000
[06:08:48 ET] [MOVE] FIRESTORM_GATE_BLOCK UPC setup=move_strike prior_bar_ticks=260 threshold=6000
[06:08:48 ET] [MOVE] FIRESTORM_GATE_BLOCK UPC setup=move_strike prior_bar_ticks=260 threshold=6000
[06:08:48 ET] [MOVE] FIRESTORM_GATE_BLOCK UPC setup=move_strike prior_bar_ticks=260 threshold=6000
[06:08:48 ET] [MOVE] FIRESTORM_GATE_BLOCK UPC setup=move_strike prior_bar_ticks=260 threshold=6000
[06:08:48 ET] [MOVE] FIRESTORM_GATE_BLOCK UPC setup=move_strike prior_bar_ticks=260 threshold=6000
[06:08:48 ET] [MOVE] FIRESTORM_GATE_BLOCK UPC setup=move_strike prior_bar_ticks=260 threshold=6000
[06:08:48 ET] [MOVE] FIRESTORM_GATE_BLOCK UPC setup=move_strike prior_bar_ticks=260 threshold=6000
[06:08:48 ET] [MOVE] FIRESTORM_GATE_BLOCK UPC setup=move_strike prior_bar_ticks=260 threshold=6000
[06:08:49 ET] [MOVE] FIRESTORM_GATE_BLOCK UPC setup=move_strike prior_bar_ticks=260 threshold=6000
[06:08:49 ET] [MOVE] FIRESTORM_GATE_BLOCK UPC setup=move_strike prior_bar_ticks=260 threshold=6000
[06:08:49 ET] [MOVE] FIRESTORM_GATE_BLOCK UPC setup=move_strike prior_bar_ticks=260 threshold=6000
[06:08:49 ET] [MOVE] FIRESTORM_GATE_BLOCK UPC setup=move_strike prior_bar_ticks=260 threshold=6000
[06:08:49 ET] [MOVE] FIRESTORM_GATE_BLOCK UPC setup=move_strike prior_bar_ticks=260 threshold=6000
[06:08:50 ET] [MOVE] FIRESTORM_GATE_BLOCK UPC setup=move_strike prior_bar_ticks=260 threshold=6000
[06:08:50 ET] [MOVE] FIRESTORM_GATE_BLOCK UPC setup=move_strike prior_bar_ticks=260 threshold=6000
[06:08:50 ET] [MOVE] FIRESTORM_GATE_BLOCK UPC setup=move_strike prior_bar_ticks=260 threshold=6000
[06:08:50 ET] [MOVE] FIRESTORM_GATE_BLOCK UPC setup=move_strike prior_bar_ticks=260 threshold=6000
[06:08:50 ET] [MOVE] FIRESTORM_GATE_BLOCK UPC setup=move_strike prior_bar_ticks=260 threshold=6000
[06:08:50 ET] [MOVE] FIRESTORM_GATE_BLOCK UPC setup=move_strike prior_bar_ticks=260 threshold=6000
[06:08:50 ET] [MOVE] FIRESTORM_GATE_BLOCK UPC setup=move_strike prior_bar_ticks=260 threshold=6000
[06:08:50 ET] [MOVE] FIRESTORM_GATE_BLOCK UPC setup=move_strike prior_bar_ticks=260 threshold=6000
[06:08:50 ET] [MOVE] FIRESTORM_GATE_BLOCK UPC setup=move_strike prior_bar_ticks=260 threshold=6000
[06:08:50 ET] [MOVE] FIRESTORM_GATE_BLOCK UPC setup=move_strike prior_bar_ticks=260 threshold=6000
[06:08:50 ET] [MOVE] FIRESTORM_GATE_BLOCK UPC setup=move_strike prior_bar_ticks=260 threshold=6000
[06:08:50 ET] [MOVE] FIRESTORM_GATE_BLOCK UPC setup=move_strike prior_bar_ticks=260 threshold=6000
[06:08:50 ET] [MOVE] FIRESTORM_GATE_BLOCK UPC setup=move_strike prior_bar_ticks=260 threshold=6000
[06:08:50 ET] [MOVE] FIRESTORM_GATE_BLOCK UPC setup=move_strike prior_bar_ticks=260 threshold=6000
[06:08:50 ET] [MOVE] FIRESTORM_GATE_BLOCK UPC setup=move_strike prior_bar_ticks=260 threshold=6000
[06:08:50 ET] [MOVE] FIRESTORM_GATE_BLOCK UPC setup=move_strike prior_bar_ticks=260 threshold=6000
[06:08:50 ET] [MOVE] FIRESTORM_GATE_BLOCK UPC setup=move_strike prior_bar_ticks=260 threshold=6000
[06:08:50 ET] [MOVE] FIRESTORM_GATE_BLOCK UPC setup=move_strike prior_bar_ticks=260 threshold=6000
[06:08:50 ET] [MOVE] FIRESTORM_GATE_BLOCK UPC setup=move_strike prior_bar_ticks=260 threshold=6000
[06:08:50 ET] [MOVE] FIRESTORM_GATE_BLOCK UPC setup=move_strike prior_bar_ticks=260 threshold=6000
[06:08:50 ET] [MOVE] FIRESTORM_GATE_BLOCK UPC setup=move_strike prior_bar_ticks=260 threshold=6000
[06:08:50 ET] [MOVE] FIRESTORM_GATE_BLOCK UPC setup=move_strike prior_bar_ticks=260 threshold=6000
[06:08:50 ET] [MOVE] FIRESTORM_GATE_BLOCK UPC setup=move_strike prior_bar_ticks=260 threshold=6000
[06:08:50 ET] [MOVE] FIRESTORM_GATE_BLOCK UPC setup=move_strike prior_bar_ticks=260 threshold=6000
[06:08:50 ET] [MOVE] FIRESTORM_GATE_BLOCK UPC setup=move_strike prior_bar_ticks=260 threshold=6000
[06:08:50 ET] [MOVE] FIRESTORM_GATE_BLOCK UPC setup=move_strike prior_bar_ticks=260 threshold=6000
[06:08:50 ET] [MOVE] FIRESTORM_GATE_BLOCK UPC setup=move_strike prior_bar_ticks=260 threshold=6000
[06:08:50 ET] [MOVE] FIRESTORM_GATE_BLOCK UPC setup=move_strike prior_bar_ticks=260 threshold=6000
[06:08:50 ET] [MOVE] FIRESTORM_GATE_BLOCK UPC setup=move_strike prior_bar_ticks=260 threshold=6000
[06:08:50 ET] [MOVE] FIRESTORM_GATE_BLOCK UPC setup=move_strike prior_bar_ticks=260 threshold=6000
[06:08:50 ET] [MOVE] FIRESTORM_GATE_BLOCK UPC setup=move_strike prior_bar_ticks=260 threshold=6000
[06:08:50 ET] [MOVE] FIRESTORM_GATE_BLOCK UPC setup=move_strike prior_bar_ticks=260 threshold=6000
[06:08:50 ET] [MOVE] FIRESTORM_GATE_BLOCK UPC setup=move_strike prior_bar_ticks=260 threshold=6000
[06:08:50 ET] [MOVE] FIRESTORM_GATE_BLOCK UPC setup=move_strike prior_bar_ticks=260 threshold=6000
[06:08:50 ET] [MOVE] FIRESTORM_GATE_BLOCK UPC setup=move_strike prior_bar_ticks=260 threshold=6000
[06:08:50 ET] [MOVE] FIRESTORM_GATE_BLOCK UPC setup=move_strike prior_bar_ticks=260 threshold=6000
[06:08:50 ET] [MOVE] FIRESTORM_GATE_BLOCK UPC setup=move_strike prior_bar_ticks=260 threshold=6000
[06:08:50 ET] [MOVE] FIRESTORM_GATE_BLOCK UPC setup=move_strike prior_bar_ticks=260 threshold=6000
[06:08:50 ET] [MOVE] FIRESTORM_GATE_BLOCK UPC setup=move_strike prior_bar_ticks=260 threshold=6000
[06:08:50 ET] [MOVE] FIRESTORM_GATE_BLOCK UPC setup=move_strike prior_bar_ticks=260 threshold=6000
[06:08:50 ET] [MOVE] FIRESTORM_GATE_BLOCK UPC setup=move_strike prior_bar_ticks=260 threshold=6000
[06:08:50 ET] [MOVE] FIRESTORM_GATE_BLOCK UPC setup=move_strike prior_bar_ticks=260 threshold=6000
[06:08:50 ET] [MOVE] FIRESTORM_GATE_BLOCK UPC setup=move_strike prior_bar_ticks=260 threshold=6000
[06:08:51 ET] [MOVE] FIRESTORM_GATE_BLOCK UPC setup=move_strike prior_bar_ticks=260 threshold=6000
[06:08:51 ET] [MOVE] FIRESTORM_GATE_BLOCK UPC setup=move_strike prior_bar_ticks=260 threshold=6000
[06:08:51 ET] [MOVE] FIRESTORM_GATE_BLOCK UPC setup=move_strike prior_bar_ticks=260 threshold=6000
[06:08:51 ET] [MOVE] FIRESTORM_GATE_BLOCK UPC setup=move_strike prior_bar_ticks=260 threshold=6000
[06:08:51 ET] [MOVE] FIRESTORM_GATE_BLOCK UPC setup=move_strike prior_bar_ticks=260 threshold=6000
[06:08:51 ET] [MOVE] FIRESTORM_GATE_BLOCK UPC setup=move_strike prior_bar_ticks=260 threshold=6000
[06:08:52 ET] [MOVE] FIRESTORM_GATE_BLOCK UPC setup=move_strike prior_bar_ticks=260 threshold=6000
[06:08:52 ET] [MOVE] FIRESTORM_GATE_BLOCK UPC setup=move_strike prior_bar_ticks=260 threshold=6000
[06:08:52 ET] [MOVE] FIRESTORM_GATE_BLOCK UPC setup=move_strike prior_bar_ticks=260 threshold=6000
[06:08:52 ET] [MOVE] FIRESTORM_GATE_BLOCK UPC setup=move_strike prior_bar_ticks=260 threshold=6000
[06:08:52 ET] [MOVE] FIRESTORM_GATE_BLOCK UPC setup=move_strike prior_bar_ticks=260 threshold=6000
[06:08:52 ET] [MOVE] FIRESTORM_GATE_BLOCK UPC setup=move_strike prior_bar_ticks=260 threshold=6000
[06:08:52 ET] [MOVE] FIRESTORM_GATE_BLOCK UPC setup=move_strike prior_bar_ticks=260 threshold=6000
[06:08:52 ET] [MOVE] FIRESTORM_GATE_BLOCK UPC setup=move_strike prior_bar_ticks=260 threshold=6000
[06:08:52 ET] [MOVE] FIRESTORM_GATE_BLOCK UPC setup=move_strike prior_bar_ticks=260 threshold=6000
[06:08:52 ET] [MOVE] FIRESTORM_GATE_BLOCK UPC setup=move_strike prior_bar_ticks=260 threshold=6000
[06:08:52 ET] [MOVE] FIRESTORM_GATE_BLOCK UPC setup=move_strike prior_bar_ticks=260 threshold=6000
[06:08:52 ET] [MOVE] FIRESTORM_GATE_BLOCK UPC setup=move_strike prior_bar_ticks=260 threshold=6000
[06:08:52 ET] [MOVE] FIRESTORM_GATE_BLOCK UPC setup=move_strike prior_bar_ticks=260 threshold=6000
[06:08:52 ET] [MOVE] FIRESTORM_GATE_BLOCK UPC setup=move_strike prior_bar_ticks=260 threshold=6000
[06:08:53 ET] [MOVE] FIRESTORM_GATE_BLOCK UPC setup=move_strike prior_bar_ticks=260 threshold=6000
[06:08:53 ET] [MOVE] FIRESTORM_GATE_BLOCK UPC setup=move_strike prior_bar_ticks=260 threshold=6000
[06:08:53 ET] [MOVE] FIRESTORM_GATE_BLOCK UPC setup=move_strike prior_bar_ticks=260 threshold=6000
[06:08:53 ET] [MOVE] FIRESTORM_GATE_BLOCK UPC setup=move_strike prior_bar_ticks=260 threshold=6000
[06:08:53 ET] [MOVE] FIRESTORM_GATE_BLOCK UPC setup=move_strike prior_bar_ticks=260 threshold=6000
[06:08:53 ET] [MOVE] FIRESTORM_GATE_BLOCK UPC setup=move_strike prior_bar_ticks=260 threshold=6000
[06:08:54 ET] [MOVE] FIRESTORM_GATE_BLOCK UPC setup=move_strike prior_bar_ticks=260 threshold=6000
[06:08:54 ET] [MOVE] FIRESTORM_GATE_BLOCK UPC setup=move_strike prior_bar_ticks=260 threshold=6000
[06:08:54 ET] [MOVE] FIRESTORM_GATE_BLOCK UPC setup=move_strike prior_bar_ticks=260 threshold=6000
[06:08:54 ET] [MOVE] FIRESTORM_GATE_BLOCK UPC setup=move_strike prior_bar_ticks=260 threshold=6000
[06:08:54 ET] [MOVE] FIRESTORM_GATE_BLOCK UPC setup=move_strike prior_bar_ticks=260 threshold=6000
[06:08:54 ET] [MOVE] FIRESTORM_GATE_BLOCK UPC setup=move_strike prior_bar_ticks=260 threshold=6000
[06:08:54 ET] [MOVE] FIRESTORM_GATE_BLOCK UPC setup=move_strike prior_bar_ticks=260 threshold=6000
[06:08:54 ET] [MOVE] FIRESTORM_GATE_BLOCK UPC setup=move_strike prior_bar_ticks=260 threshold=6000
[06:08:54 ET] [MOVE] FIRESTORM_GATE_BLOCK UPC setup=move_strike prior_bar_ticks=260 threshold=6000
[06:08:54 ET] [MOVE] FIRESTORM_GATE_BLOCK UPC setup=move_strike prior_bar_ticks=260 threshold=6000
[06:08:54 ET] [MOVE] FIRESTORM_GATE_BLOCK UPC setup=move_strike prior_bar_ticks=260 threshold=6000
[06:08:54 ET] [MOVE] FIRESTORM_GATE_BLOCK UPC setup=move_strike prior_bar_ticks=260 threshold=6000
[06:08:54 ET] [MOVE] FIRESTORM_GATE_BLOCK UPC setup=move_strike prior_bar_ticks=260 threshold=6000
[06:08:54 ET] [MOVE] FIRESTORM_GATE_BLOCK UPC setup=move_strike prior_bar_ticks=260 threshold=6000
[06:08:54 ET] [MOVE] FIRESTORM_GATE_BLOCK UPC setup=move_strike prior_bar_ticks=260 threshold=6000
[06:08:54 ET] [MOVE] FIRESTORM_GATE_BLOCK UPC setup=move_strike prior_bar_ticks=260 threshold=6000
[06:08:54 ET] [MOVE] FIRESTORM_GATE_BLOCK UPC setup=move_strike prior_bar_ticks=260 threshold=6000
[06:08:54 ET] [MOVE] FIRESTORM_GATE_BLOCK UPC setup=move_strike prior_bar_ticks=260 threshold=6000
[06:08:54 ET] [MOVE] FIRESTORM_GATE_BLOCK UPC setup=move_strike prior_bar_ticks=260 threshold=6000
[06:08:54 ET] [MOVE] FIRESTORM_GATE_BLOCK UPC setup=move_strike prior_bar_ticks=260 threshold=6000
[06:08:54 ET] [MOVE] FIRESTORM_GATE_BLOCK UPC setup=move_strike prior_bar_ticks=260 threshold=6000
[06:08:54 ET] [MOVE] FIRESTORM_GATE_BLOCK UPC setup=move_strike prior_bar_ticks=260 threshold=6000
[06:08:54 ET] [MOVE] FIRESTORM_GATE_BLOCK UPC setup=move_strike prior_bar_ticks=260 threshold=6000
[06:08:54 ET] [MOVE] FIRESTORM_GATE_BLOCK UPC setup=move_strike prior_bar_ticks=260 threshold=6000
[06:08:54 ET] [MOVE] FIRESTORM_GATE_BLOCK UPC setup=move_strike prior_bar_ticks=260 threshold=6000
[06:08:54 ET] [MOVE] FIRESTORM_GATE_BLOCK UPC setup=move_strike prior_bar_ticks=260 threshold=6000
[06:08:54 ET] [MOVE] FIRESTORM_GATE_BLOCK UPC setup=move_strike prior_bar_ticks=260 threshold=6000
[06:08:54 ET] [MOVE] FIRESTORM_GATE_BLOCK UPC setup=move_strike prior_bar_ticks=260 threshold=6000
[06:08:54 ET] [MOVE] FIRESTORM_GATE_BLOCK UPC setup=move_strike prior_bar_ticks=260 threshold=6000
[06:08:54 ET] [MOVE] FIRESTORM_GATE_BLOCK UPC setup=move_strike prior_bar_ticks=260 threshold=6000
[06:08:54 ET] [MOVE] FIRESTORM_GATE_BLOCK UPC setup=move_strike prior_bar_ticks=260 threshold=6000
[06:08:54 ET] [MOVE] FIRESTORM_GATE_BLOCK UPC setup=move_strike prior_bar_ticks=260 threshold=6000
[06:08:54 ET] [MOVE] FIRESTORM_GATE_BLOCK UPC setup=move_strike prior_bar_ticks=260 threshold=6000
[06:08:55 ET] [MOVE] FIRESTORM_GATE_BLOCK UPC setup=move_strike prior_bar_ticks=260 threshold=6000
[06:08:55 ET] [MOVE] FIRESTORM_GATE_BLOCK UPC setup=move_strike prior_bar_ticks=260 threshold=6000
[06:08:55 ET] [MOVE] FIRESTORM_GATE_BLOCK UPC setup=move_strike prior_bar_ticks=260 threshold=6000
[06:08:55 ET] [MOVE] FIRESTORM_GATE_BLOCK UPC setup=move_strike prior_bar_ticks=260 threshold=6000
[06:08:55 ET] [MOVE] FIRESTORM_GATE_BLOCK UPC setup=move_strike prior_bar_ticks=260 threshold=6000
[06:08:55 ET] [MOVE] FIRESTORM_GATE_BLOCK UPC setup=move_strike prior_bar_ticks=260 threshold=6000
[06:08:55 ET] [MOVE] FIRESTORM_GATE_BLOCK UPC setup=move_strike prior_bar_ticks=260 threshold=6000
[06:08:55 ET] [MOVE] FIRESTORM_GATE_BLOCK UPC setup=move_strike prior_bar_ticks=260 threshold=6000
[06:08:55 ET] [MOVE] FIRESTORM_GATE_BLOCK UPC setup=move_strike prior_bar_ticks=260 threshold=6000
[06:08:55 ET] [MOVE] FIRESTORM_GATE_BLOCK UPC setup=move_strike prior_bar_ticks=260 threshold=6000
[06:08:56 ET] [MOVE] FIRESTORM_GATE_BLOCK UPC setup=move_strike prior_bar_ticks=260 threshold=6000
[06:08:56 ET] [MOVE] FIRESTORM_GATE_BLOCK UPC setup=move_strike prior_bar_ticks=260 threshold=6000
[06:08:56 ET] [MOVE] FIRESTORM_GATE_BLOCK UPC setup=move_strike prior_bar_ticks=260 threshold=6000
[06:08:56 ET] [MOVE] FIRESTORM_GATE_BLOCK UPC setup=move_strike prior_bar_ticks=260 threshold=6000
[06:08:56 ET] [MOVE] FIRESTORM_GATE_BLOCK UPC setup=move_strike prior_bar_ticks=260 threshold=6000
[06:08:57 ET] [MOVE] FIRESTORM_GATE_BLOCK UPC setup=move_strike prior_bar_ticks=260 threshold=6000
[06:08:57 ET] [MOVE] FIRESTORM_GATE_BLOCK UPC setup=move_strike prior_bar_ticks=260 threshold=6000
[06:08:57 ET] [MOVE] FIRESTORM_GATE_BLOCK UPC setup=move_strike prior_bar_ticks=260 threshold=6000
[06:08:57 ET] [MOVE] FIRESTORM_GATE_BLOCK UPC setup=move_strike prior_bar_ticks=260 threshold=6000
[06:08:57 ET] [MOVE] FIRESTORM_GATE_BLOCK UPC setup=move_strike prior_bar_ticks=260 threshold=6000
[06:08:57 ET] [MOVE] FIRESTORM_GATE_BLOCK UPC setup=move_strike prior_bar_ticks=260 threshold=6000
[06:08:57 ET] [MOVE] FIRESTORM_GATE_BLOCK UPC setup=move_strike prior_bar_ticks=260 threshold=6000
[06:08:57 ET] [MOVE] FIRESTORM_GATE_BLOCK UPC setup=move_strike prior_bar_ticks=260 threshold=6000
[06:08:57 ET] [MOVE] FIRESTORM_GATE_BLOCK UPC setup=move_strike prior_bar_ticks=260 threshold=6000
[06:08:57 ET] [MOVE] FIRESTORM_GATE_BLOCK UPC setup=move_strike prior_bar_ticks=260 threshold=6000
[06:08:57 ET] [MOVE] FIRESTORM_GATE_BLOCK UPC setup=move_strike prior_bar_ticks=260 threshold=6000
[06:08:57 ET] [MOVE] FIRESTORM_GATE_BLOCK UPC setup=move_strike prior_bar_ticks=260 threshold=6000
[06:08:57 ET] [MOVE] FIRESTORM_GATE_BLOCK UPC setup=move_strike prior_bar_ticks=260 threshold=6000
[06:08:57 ET] [MOVE] FIRESTORM_GATE_BLOCK UPC setup=move_strike prior_bar_ticks=260 threshold=6000
[06:08:57 ET] [MOVE] FIRESTORM_GATE_BLOCK UPC setup=move_strike prior_bar_ticks=260 threshold=6000
[06:08:57 ET] [MOVE] FIRESTORM_GATE_BLOCK UPC setup=move_strike prior_bar_ticks=260 threshold=6000
[06:08:57 ET] [MOVE] FIRESTORM_GATE_BLOCK UPC setup=move_strike prior_bar_ticks=260 threshold=6000
[06:08:57 ET] [MOVE] FIRESTORM_GATE_BLOCK UPC setup=move_strike prior_bar_ticks=260 threshold=6000
[06:08:57 ET] [MOVE] FIRESTORM_GATE_BLOCK UPC setup=move_strike prior_bar_ticks=260 threshold=6000
[06:08:57 ET] [MOVE] FIRESTORM_GATE_BLOCK UPC setup=move_strike prior_bar_ticks=260 threshold=6000
[06:08:57 ET] [MOVE] FIRESTORM_GATE_BLOCK UPC setup=move_strike prior_bar_ticks=260 threshold=6000
[06:08:57 ET] [MOVE] FIRESTORM_GATE_BLOCK UPC setup=move_strike prior_bar_ticks=260 threshold=6000
[06:08:57 ET] [MOVE] FIRESTORM_GATE_BLOCK UPC setup=move_strike prior_bar_ticks=260 threshold=6000
[06:08:57 ET] [MOVE] FIRESTORM_GATE_BLOCK UPC setup=move_strike prior_bar_ticks=260 threshold=6000
[06:08:57 ET] [MOVE] FIRESTORM_GATE_BLOCK UPC setup=move_strike prior_bar_ticks=260 threshold=6000
[06:08:57 ET] [MOVE] FIRESTORM_GATE_BLOCK UPC setup=move_strike prior_bar_ticks=260 threshold=6000
[06:08:57 ET] [MOVE] FIRESTORM_GATE_BLOCK UPC setup=move_strike prior_bar_ticks=260 threshold=6000
[06:08:57 ET] [MOVE] FIRESTORM_GATE_BLOCK UPC setup=move_strike prior_bar_ticks=260 threshold=6000
[06:08:57 ET] [MOVE] FIRESTORM_GATE_BLOCK UPC setup=move_strike prior_bar_ticks=260 threshold=6000
[06:08:57 ET] [MOVE] FIRESTORM_GATE_BLOCK UPC setup=move_strike prior_bar_ticks=260 threshold=6000
[06:08:57 ET] [MOVE] FIRESTORM_GATE_BLOCK UPC setup=move_strike prior_bar_ticks=260 threshold=6000
[06:08:57 ET] [MOVE] FIRESTORM_GATE_BLOCK UPC setup=move_strike prior_bar_ticks=260 threshold=6000
[06:08:57 ET] [MOVE] FIRESTORM_GATE_BLOCK UPC setup=move_strike prior_bar_ticks=260 threshold=6000
[06:08:57 ET] [MOVE] FIRESTORM_GATE_BLOCK UPC setup=move_strike prior_bar_ticks=260 threshold=6000
[06:08:57 ET] [MOVE] FIRESTORM_GATE_BLOCK UPC setup=move_strike prior_bar_ticks=260 threshold=6000
[06:08:57 ET] [MOVE] FIRESTORM_GATE_BLOCK UPC setup=move_strike prior_bar_ticks=260 threshold=6000
[06:08:57 ET] [MOVE] FIRESTORM_GATE_BLOCK UPC setup=move_strike prior_bar_ticks=260 threshold=6000
[06:08:57 ET] [MOVE] FIRESTORM_GATE_BLOCK UPC setup=move_strike prior_bar_ticks=260 threshold=6000
[06:08:58 ET] [MOVE] FIRESTORM_GATE_BLOCK UPC setup=move_strike prior_bar_ticks=260 threshold=6000
[06:08:58 ET] [MOVE] FIRESTORM_GATE_BLOCK UPC setup=move_strike prior_bar_ticks=260 threshold=6000
[06:08:58 ET] [MOVE] FIRESTORM_GATE_BLOCK UPC setup=move_strike prior_bar_ticks=260 threshold=6000
[06:08:58 ET] [MOVE] FIRESTORM_GATE_BLOCK UPC setup=move_strike prior_bar_ticks=260 threshold=6000
[06:08:58 ET] [MOVE] FIRESTORM_GATE_BLOCK UPC setup=move_strike prior_bar_ticks=260 threshold=6000
[06:08:58 ET] [MOVE] FIRESTORM_GATE_BLOCK UPC setup=move_strike prior_bar_ticks=260 threshold=6000
[06:08:58 ET] [MOVE] FIRESTORM_GATE_BLOCK UPC setup=move_strike prior_bar_ticks=260 threshold=6000
[06:08:58 ET] [MOVE] FIRESTORM_GATE_BLOCK UPC setup=move_strike prior_bar_ticks=260 threshold=6000
[06:08:58 ET] [MOVE] FIRESTORM_GATE_BLOCK UPC setup=move_strike prior_bar_ticks=260 threshold=6000
[06:08:58 ET] [MOVE] FIRESTORM_GATE_BLOCK UPC setup=move_strike prior_bar_ticks=260 threshold=6000
[06:08:58 ET] [MOVE] FIRESTORM_GATE_BLOCK UPC setup=move_strike prior_bar_ticks=260 threshold=6000
[06:08:58 ET] [MOVE] FIRESTORM_GATE_BLOCK UPC setup=move_strike prior_bar_ticks=260 threshold=6000
[06:08:58 ET] [MOVE] FIRESTORM_GATE_BLOCK UPC setup=move_strike prior_bar_ticks=260 threshold=6000
[06:08:58 ET] [MOVE] FIRESTORM_GATE_BLOCK UPC setup=move_strike prior_bar_ticks=260 threshold=6000
[06:08:58 ET] [MOVE] FIRESTORM_GATE_BLOCK UPC setup=move_strike prior_bar_ticks=260 threshold=6000
[06:08:58 ET] [MOVE] FIRESTORM_GATE_BLOCK UPC setup=move_strike prior_bar_ticks=260 threshold=6000
[06:08:58 ET] [MOVE] FIRESTORM_GATE_BLOCK UPC setup=move_strike prior_bar_ticks=260 threshold=6000
[06:08:58 ET] [MOVE] FIRESTORM_GATE_BLOCK UPC setup=move_strike prior_bar_ticks=260 threshold=6000
[06:08:58 ET] [MOVE] FIRESTORM_GATE_BLOCK UPC setup=move_strike prior_bar_ticks=260 threshold=6000
[TIER] STATUS tier1=['DCOY', 'UPC'] tier2=0 capacity=2/5
[06:08:59 ET] [MOVE] FIRESTORM_GATE_BLOCK UPC setup=move_strike prior_bar_ticks=260 threshold=6000
[06:08:59 ET] [MOVE] FIRESTORM_GATE_BLOCK UPC setup=move_strike prior_bar_ticks=260 threshold=6000
[06:08:59 ET] [MOVE] FIRESTORM_GATE_BLOCK UPC setup=move_strike prior_bar_ticks=260 threshold=6000
[06:08:59 ET] [MOVE] FIRESTORM_GATE_BLOCK UPC setup=move_strike prior_bar_ticks=260 threshold=6000
[06:08:59 ET] [MOVE] FIRESTORM_GATE_BLOCK UPC setup=move_strike prior_bar_ticks=260 threshold=6000
[06:08:59 ET] [MOVE] FIRESTORM_GATE_BLOCK UPC setup=move_strike prior_bar_ticks=260 threshold=6000
[06:08:59 ET] [MOVE] FIRESTORM_GATE_BLOCK UPC setup=move_strike prior_bar_ticks=260 threshold=6000
[06:08:59 ET] [MOVE] FIRESTORM_GATE_BLOCK UPC setup=move_strike prior_bar_ticks=260 threshold=6000
[06:08:59 ET] [MOVE] FIRESTORM_GATE_BLOCK UPC setup=move_strike prior_bar_ticks=260 threshold=6000
[06:08:59 ET] [MOVE] FIRESTORM_GATE_BLOCK UPC setup=move_strike prior_bar_ticks=260 threshold=6000
[06:09:00 ET] ACTIVE | flat | daily=$+0 (0t) | conn=OK | ticks=1595 | DCOY:371t/IDLE UPC:340t/ARMED/arm$10.02
[06:09:01 ET] ACTIVE | flat | daily=$+0 (0t) | conn=OK | ticks=1628 | DCOY:379t/IDLE UPC:365t/ARMED/arm$10.02
[ENGINE_PUB] STATS published=75,102 dropped=0 clients=2
  Tick cache: UPC → +451 ticks (total 71,169)
  Tick cache: DCOY → +305 ticks (total 104,783)
📦 Tick cache saved: 2 symbols → tick_cache/2026-06-29/
[TIER] STATUS tier1=['DCOY', 'UPC'] tier2=0 capacity=2/5
  TICK AUDIT: DCOY: 767 ticks in last 60s, last_price=$12.04, last_tick_time=06:09:30
  TICK AUDIT: UPC: 650 ticks in last 60s, last_price=$8.97, last_tick_time=06:09:29
  → ORPHAN IGNORED (sync): FEBO on WB_ORPHAN_HALT_IGNORE_SYMBOLS — NOT adopting; bot keeps trading. Left at broker for manual handling.
  ⚠️ ORPHAN POSITION FOUND: FEBO qty=219 (available=219) entry=$1.12 unrealized=$-45.78 value=$198.78
  → ORPHAN IGNORED: FEBO on WB_ORPHAN_HALT_IGNORE_SYMBOLS — NOT adopting, NOT halting. Bot keeps trading other names; position left at broker for manual handling.
SUBSCRIPTION_AUDIT {"ts":"2026-06-29T06:09:31.130754-04:00","sym":"UPC","tier":"tick_by_tick","obs_v_5m":70076,"median_v_5m":63513,"ratio_obs_to_median":1.1033,"truth_v_5m":null,"ratio_obs_to_truth":null,"status":"OK","sub_age_sec":2341,"contract_exchange":"SMART","contract_primary":"NASDAQ"}
SUBSCRIPTION_AUDIT {"ts":"2026-06-29T06:09:31.130754-04:00","sym":"DCOY","tier":"tick_by_tick","obs_v_5m":56950,"median_v_5m":63513,"ratio_obs_to_median":0.8967,"truth_v_5m":null,"ratio_obs_to_truth":null,"status":"OK","sub_age_sec":4145,"contract_exchange":"SMART","contract_primary":"NASDAQ"}
  Tick cache: DCOY → +520 ticks (total 105,303)
  Tick cache: UPC → +195 ticks (total 71,364)
📦 Tick cache saved: 2 symbols → tick_cache/2026-06-29/
[TIER] STATUS tier1=['DCOY', 'UPC'] tier2=0 capacity=2/5
[06:10:00 ET] ACTIVE | flat | daily=$+0 (0t) | conn=OK | ticks=1361 | DCOY:352t/IDLE UPC:125t/ARMED/arm$10.02
[06:10 ET] DCOY CHART | O=12.24 H=12.34 L=12.00 C=12.09 V=12,720 | EMA9=12.44 VWAP=13.32 (-9.3%) HOD=17.81 PM_H=17.81 | MACD=N/A vol_ratio=1.3x avg_vol=9,522 bars=50 | sq=IDLE armed=none
[06:10 ET] UPC CHART | O=9.04 H=9.05 L=8.87 C=8.87 V=12,801 | EMA9=8.95 VWAP=9.38 (-5.5%) HOD=10.98 PM_H=10.98 | MACD=N/A vol_ratio=0.6x avg_vol=19,772 bars=47 | sq=ARMED armed=$10.02
[06:10:01 ET] ACTIVE | flat | daily=$+0 (0t) | conn=OK | ticks=1371 | DCOY:360t/IDLE UPC:127t/ARMED/arm$10.02
[ENGINE_PUB] STATS published=76,295 dropped=0 clients=2
  Tick cache: UPC → +243 ticks (total 71,607)
  Tick cache: DCOY → +474 ticks (total 105,777)
📦 Tick cache saved: 2 symbols → tick_cache/2026-06-29/
[TIER] STATUS tier1=['DCOY', 'UPC'] tier2=0 capacity=2/5
  TICK AUDIT: DCOY: 1010 ticks in last 60s, last_price=$12.25, last_tick_time=06:10:30
  TICK AUDIT: UPC: 376 ticks in last 60s, last_price=$8.93, last_tick_time=06:10:30
  → ORPHAN IGNORED (sync): FEBO on WB_ORPHAN_HALT_IGNORE_SYMBOLS — NOT adopting; bot keeps trading. Left at broker for manual handling.
  ⚠️ ORPHAN POSITION FOUND: FEBO qty=219 (available=219) entry=$1.12 unrealized=$-45.78 value=$198.78
  → ORPHAN IGNORED: FEBO on WB_ORPHAN_HALT_IGNORE_SYMBOLS — NOT adopting, NOT halting. Bot keeps trading other names; position left at broker for manual handling.
SUBSCRIPTION_AUDIT {"ts":"2026-06-29T06:10:31.362106-04:00","sym":"UPC","tier":"tick_by_tick","obs_v_5m":70225,"median_v_5m":67107,"ratio_obs_to_median":1.0465,"truth_v_5m":null,"ratio_obs_to_truth":null,"status":"OK","sub_age_sec":2402,"contract_exchange":"SMART","contract_primary":"NASDAQ"}
SUBSCRIPTION_AUDIT {"ts":"2026-06-29T06:10:31.362106-04:00","sym":"DCOY","tier":"tick_by_tick","obs_v_5m":63989,"median_v_5m":67107,"ratio_obs_to_median":0.9535,"truth_v_5m":null,"ratio_obs_to_truth":null,"status":"OK","sub_age_sec":4205,"contract_exchange":"SMART","contract_primary":"NASDAQ"}

🔄 Running scanner at 06:10:33 ET...
Error 162, reqId 137336: Historical Market Data Service error message:API scanner subscription cancelled: 137336
  [float_cache] Cleared 18 stale None entries — will re-attempt lookups
IBKR ERROR 162: Historical Market Data Service error message:API scanner subscription cancelled: 137336 (reqId=137336, symbol=?)
[06:10 ET] QH CHART | O=6.60 H=6.60 L=6.60 C=6.60 V=400 | EMA9=none VWAP=6.81 (-3.2%) HOD=7.39 PM_H=7.39 | MACD=N/A vol_ratio=0.0x avg_vol=0 bars=0 | sq=N/A armed=none
[06:10 ET] WNW CHART | O=3.95 H=3.95 L=3.95 C=3.95 V=400 | EMA9=none VWAP=3.97 (-0.4%) HOD=4.05 PM_H=4.05 | MACD=N/A vol_ratio=0.0x avg_vol=0 bars=0 | sq=N/A armed=none
[06:10 ET] WSHP CHART | O=9.22 H=9.22 L=9.22 C=9.22 V=200 | EMA9=none VWAP=9.12 (+1.1%) HOD=9.45 PM_H=9.45 | MACD=N/A vol_ratio=0.0x avg_vol=0 bars=0 | sq=N/A armed=none
[06:10 ET] AMSS CHART | O=2.35 H=2.35 L=2.35 C=2.35 V=300 | EMA9=none VWAP=2.33 (+0.7%) HOD=2.37 PM_H=2.37 | MACD=N/A vol_ratio=0.0x avg_vol=0 bars=0 | sq=N/A armed=none
[06:10 ET] STI CHART | O=14.27 H=14.27 L=14.27 C=14.27 V=100 | EMA9=none VWAP=14.48 (-1.5%) HOD=16.37 PM_H=16.37 | MACD=N/A vol_ratio=0.0x avg_vol=0 bars=0 | sq=N/A armed=none
  Tick cache: DCOY → +498 ticks (total 106,275)
  Tick cache: UPC → +109 ticks (total 71,716)
  Tick cache: QH → +3 ticks (total 37)
  Tick cache: WNW → +2 ticks (total 42)
  Tick cache: WSHP → +2 ticks (total 42)
  Tick cache: AMSS → +2 ticks (total 44)
  Tick cache: STI → +3 ticks (total 39)
📦 Tick cache saved: 7 symbols → tick_cache/2026-06-29/
[06:10 ET] LRMR CHART | O=4.14 H=4.14 L=4.14 C=4.14 V=200 | EMA9=none VWAP=4.19 (-1.2%) HOD=4.35 PM_H=4.35 | MACD=N/A vol_ratio=0.0x avg_vol=0 bars=0 | sq=N/A armed=none
[06:10 ET] RDWU CHART | O=8.70 H=8.70 L=8.70 C=8.70 V=200 | EMA9=none VWAP=8.66 (+0.5%) HOD=8.80 PM_H=8.80 | MACD=N/A vol_ratio=0.0x avg_vol=0 bars=0 | sq=N/A armed=none
[06:10 ET] CCXI CHART | O=15.18 H=15.18 L=15.18 C=15.18 V=1,200 | EMA9=none VWAP=15.56 (-2.5%) HOD=16.49 PM_H=16.49 | MACD=N/A vol_ratio=0.0x avg_vol=0 bars=0 | sq=N/A armed=none
[ENGINE_PUB] STATS published=77,517 dropped=0 clients=2
  Tick cache: DCOY → +200 ticks (total 106,475)
  Tick cache: UPC → +164 ticks (total 71,880)
  Tick cache: LRMR → +2 ticks (total 48)
  Tick cache: RDWU → +3 ticks (total 56)
  Tick cache: CCXI → +2 ticks (total 52)
  Tick cache: MBRX → +2 ticks (total 51)
  Tick cache: ORCU → +2 ticks (total 47)
  Tick cache: SKYQ → +2 ticks (total 38)
  Tick cache: CBRG → +2 ticks (total 54)
  Tick cache: LUNL → +1 ticks (total 1)
  Tick cache: SLS → +1 ticks (total 43)
  Tick cache: RZLV → +2 ticks (total 22)
  Tick cache: LWLG → +1 ticks (total 18)
📦 Tick cache saved: 13 symbols → tick_cache/2026-06-29/
  Saved: /Users/duffy/warrior_bot_v2/scanner_results/2026-06-29.json (26 snapshots)
📊 Scanner: 2 new candidates, 0 new subs, 2 total watching
[TIER] STATUS tier1=['DCOY', 'UPC'] tier2=0 capacity=2/5
SUBSCRIPTION_AUDIT {"ts":"2026-06-29T06:10:33.368914-04:00","sym":"UPC","tier":"tick_by_tick","obs_v_5m":70225,"median_v_5m":68906,"ratio_obs_to_median":1.0191,"truth_v_5m":39140,"ratio_obs_to_truth":1.7942,"status":"DIRECT_QUERY_OK","sub_age_sec":2404,"contract_exchange":"SMART","contract_primary":"NASDAQ"}
SUBSCRIPTION_AUDIT {"ts":"2026-06-29T06:10:33.368914-04:00","sym":"DCOY","tier":"tick_by_tick","obs_v_5m":63989,"median_v_5m":68906,"ratio_obs_to_median":0.9286,"truth_v_5m":26899,"ratio_obs_to_truth":2.3789,"status":"DIRECT_QUERY_OK","sub_age_sec":4207,"contract_exchange":"SMART","contract_primary":"NASDAQ"}
  TICK AUDIT: DCOY: 528 ticks in last 60s, last_price=$12.28, last_tick_time=06:11:30
  TICK AUDIT: UPC: 245 ticks in last 60s, last_price=$8.90, last_tick_time=06:11:30
  → ORPHAN IGNORED (sync): FEBO on WB_ORPHAN_HALT_IGNORE_SYMBOLS — NOT adopting; bot keeps trading. Left at broker for manual handling.
  ⚠️ ORPHAN POSITION FOUND: FEBO qty=219 (available=219) entry=$1.12 unrealized=$-45.78 value=$198.78
  → ORPHAN IGNORED: FEBO on WB_ORPHAN_HALT_IGNORE_SYMBOLS — NOT adopting, NOT halting. Bot keeps trading other names; position left at broker for manual handling.
SUBSCRIPTION_AUDIT {"ts":"2026-06-29T06:11:31.972378-04:00","sym":"UPC","tier":"tick_by_tick","obs_v_5m":73039,"median_v_5m":68906,"ratio_obs_to_median":1.06,"truth_v_5m":null,"ratio_obs_to_truth":null,"status":"OK","sub_age_sec":2462,"contract_exchange":"SMART","contract_primary":"NASDAQ"}
SUBSCRIPTION_AUDIT {"ts":"2026-06-29T06:11:31.972378-04:00","sym":"DCOY","tier":"tick_by_tick","obs_v_5m":64774,"median_v_5m":68906,"ratio_obs_to_median":0.94,"truth_v_5m":null,"ratio_obs_to_truth":null,"status":"OK","sub_age_sec":4266,"contract_exchange":"SMART","contract_primary":"NASDAQ"}
  Tick cache: DCOY → +201 ticks (total 106,676)
  Tick cache: UPC → +70 ticks (total 71,950)
  Tick cache: OKLL → +1 ticks (total 23)
  Tick cache: SMCX → +2 ticks (total 35)
📦 Tick cache saved: 4 symbols → tick_cache/2026-06-29/
[TIER] STATUS tier1=['DCOY', 'UPC'] tier2=0 capacity=2/5
[06:12:00 ET] ACTIVE | flat | daily=$+0 (0t) | conn=OK | ticks=1130 | DCOY:151t/IDLE UPC:60t/ARMED/arm$10.02
[06:12:01 ET] ACTIVE | flat | daily=$+0 (0t) | conn=OK | ticks=1133 | DCOY:153t/IDLE UPC:61t/ARMED/arm$10.02
[ENGINE_PUB] STATS published=78,099 dropped=0 clients=2
  Tick cache: DCOY → +140 ticks (total 106,816)
[TIER] STATUS tier1=['DCOY', 'UPC'] tier2=0 capacity=2/5
  Tick cache: UPC → +112 ticks (total 72,062)
📦 Tick cache saved: 2 symbols → tick_cache/2026-06-29/
  TICK AUDIT: DCOY: 358 ticks in last 60s, last_price=$12.28, last_tick_time=06:12:31
  TICK AUDIT: UPC: 174 ticks in last 60s, last_price=$8.88, last_tick_time=06:12:31
  → ORPHAN IGNORED (sync): FEBO on WB_ORPHAN_HALT_IGNORE_SYMBOLS — NOT adopting; bot keeps trading. Left at broker for manual handling.
  ⚠️ ORPHAN POSITION FOUND: FEBO qty=219 (available=219) entry=$1.12 unrealized=$-45.78 value=$198.78
  → ORPHAN IGNORED: FEBO on WB_ORPHAN_HALT_IGNORE_SYMBOLS — NOT adopting, NOT halting. Bot keeps trading other names; position left at broker for manual handling.
SUBSCRIPTION_AUDIT {"ts":"2026-06-29T06:12:32.183131-04:00","sym":"UPC","tier":"tick_by_tick","obs_v_5m":60871,"median_v_5m":63683,"ratio_obs_to_median":0.9558,"truth_v_5m":null,"ratio_obs_to_truth":null,"status":"OK","sub_age_sec":2522,"contract_exchange":"SMART","contract_primary":"NASDAQ"}
SUBSCRIPTION_AUDIT {"ts":"2026-06-29T06:12:32.183131-04:00","sym":"DCOY","tier":"tick_by_tick","obs_v_5m":66496,"median_v_5m":63683,"ratio_obs_to_median":1.0442,"truth_v_5m":null,"ratio_obs_to_truth":null,"status":"OK","sub_age_sec":4326,"contract_exchange":"SMART","contract_primary":"NASDAQ"}
[TIER] STATUS tier1=['DCOY', 'UPC'] tier2=0 capacity=2/5
[06:13:00 ET] ACTIVE | flat | daily=$+0 (0t) | conn=OK | ticks=1403 | DCOY:260t/IDLE UPC:224t/ARMED/arm$10.02
  Tick cache: UPC → +230 ticks (total 72,292)
[06:13:01 ET] ACTIVE | flat | daily=$+0 (0t) | conn=OK | ticks=1522 | DCOY:297t/IDLE UPC:306t/ARMED/arm$10.02
  Tick cache: DCOY → +339 ticks (total 107,155)
📦 Tick cache saved: 2 symbols → tick_cache/2026-06-29/
[ENGINE_PUB] STATS published=79,150 dropped=0 clients=2
[TIER] STATUS tier1=['DCOY', 'UPC'] tier2=0 capacity=2/5
  TICK AUDIT: DCOY: 710 ticks in last 60s, last_price=$11.98, last_tick_time=06:13:31
  TICK AUDIT: UPC: 424 ticks in last 60s, last_price=$8.82, last_tick_time=06:13:30
  → ORPHAN IGNORED (sync): FEBO on WB_ORPHAN_HALT_IGNORE_SYMBOLS — NOT adopting; bot keeps trading. Left at broker for manual handling.
  ⚠️ ORPHAN POSITION FOUND: FEBO qty=219 (available=219) entry=$1.12 unrealized=$-45.78 value=$198.78
  → ORPHAN IGNORED: FEBO on WB_ORPHAN_HALT_IGNORE_SYMBOLS — NOT adopting, NOT halting. Bot keeps trading other names; position left at broker for manual handling.
SUBSCRIPTION_AUDIT {"ts":"2026-06-29T06:13:32.409744-04:00","sym":"UPC","tier":"tick_by_tick","obs_v_5m":64544,"median_v_5m":64459,"ratio_obs_to_median":1.0013,"truth_v_5m":null,"ratio_obs_to_truth":null,"status":"OK","sub_age_sec":2583,"contract_exchange":"SMART","contract_primary":"NASDAQ"}
SUBSCRIPTION_AUDIT {"ts":"2026-06-29T06:13:32.409744-04:00","sym":"DCOY","tier":"tick_by_tick","obs_v_5m":64375,"median_v_5m":64459,"ratio_obs_to_median":0.9987,"truth_v_5m":null,"ratio_obs_to_truth":null,"status":"OK","sub_age_sec":4386,"contract_exchange":"SMART","contract_primary":"NASDAQ"}
  Tick cache: UPC → +209 ticks (total 72,501)
  Tick cache: DCOY → +450 ticks (total 107,605)
📦 Tick cache saved: 2 symbols → tick_cache/2026-06-29/
[TIER] STATUS tier1=['DCOY', 'UPC'] tier2=0 capacity=2/5
[06:14:00 ET] ACTIVE | flat | daily=$+0 (0t) | conn=OK | ticks=1216 | DCOY:202t/IDLE UPC:95t/ARMED/arm$10.02
[06:14:01 ET] ACTIVE | flat | daily=$+0 (0t) | conn=OK | ticks=1258 | DCOY:242t/IDLE UPC:97t/ARMED/arm$10.02
  Tick cache: DCOY → +289 ticks (total 107,894)
  Tick cache: UPC → +95 ticks (total 72,596)
📦 Tick cache saved: 2 symbols → tick_cache/2026-06-29/
[ENGINE_PUB] STATS published=80,030 dropped=0 clients=2
[TIER] STATUS tier1=['DCOY', 'UPC'] tier2=0 capacity=2/5
  TICK AUDIT: DCOY: 692 ticks in last 60s, last_price=$11.97, last_tick_time=06:14:31
  TICK AUDIT: UPC: 198 ticks in last 60s, last_price=$8.83, last_tick_time=06:14:31
  → ORPHAN IGNORED (sync): FEBO on WB_ORPHAN_HALT_IGNORE_SYMBOLS — NOT adopting; bot keeps trading. Left at broker for manual handling.
  ⚠️ ORPHAN POSITION FOUND: FEBO qty=219 (available=219) entry=$1.12 unrealized=$-45.78 value=$198.78
  → ORPHAN IGNORED: FEBO on WB_ORPHAN_HALT_IGNORE_SYMBOLS — NOT adopting, NOT halting. Bot keeps trading other names; position left at broker for manual handling.
SUBSCRIPTION_AUDIT {"ts":"2026-06-29T06:14:32.613800-04:00","sym":"UPC","tier":"tick_by_tick","obs_v_5m":53733,"median_v_5m":61359,"ratio_obs_to_median":0.8757,"truth_v_5m":null,"ratio_obs_to_truth":null,"status":"OK","sub_age_sec":2643,"contract_exchange":"SMART","contract_primary":"NASDAQ"}
SUBSCRIPTION_AUDIT {"ts":"2026-06-29T06:14:32.613800-04:00","sym":"DCOY","tier":"tick_by_tick","obs_v_5m":68985,"median_v_5m":61359,"ratio_obs_to_median":1.1243,"truth_v_5m":null,"ratio_obs_to_truth":null,"status":"OK","sub_age_sec":4447,"contract_exchange":"SMART","contract_primary":"NASDAQ"}
  Tick cache: DCOY → +424 ticks (total 108,318)
  Tick cache: UPC → +106 ticks (total 72,702)
📦 Tick cache saved: 2 symbols → tick_cache/2026-06-29/
[06:15 ET] UPC CHART | O=8.85 H=8.86 L=8.80 C=8.85 V=5,285 | EMA9=8.89 VWAP=9.37 (-5.6%) HOD=10.98 PM_H=10.98 | MACD=N/A vol_ratio=0.3x avg_vol=19,854 bars=50 | sq=ARMED armed=$10.02
[TIER] STATUS tier1=['DCOY', 'UPC'] tier2=0 capacity=2/5
[06:15:00 ET] ACTIVE | flat | daily=$+0 (0t) | conn=OK | ticks=1251 | DCOY:264t/IDLE UPC:68t/ARMED/arm$10.02
[06:15 ET] DCOY CHART | O=11.81 H=12.12 L=11.73 C=12.00 V=14,540 | EMA9=12.16 VWAP=13.28 (-9.6%) HOD=17.81 PM_H=17.81 | MACD=N/A vol_ratio=1.5x avg_vol=9,975 bars=50 | sq=IDLE armed=none
[06:15:01 ET] ACTIVE | flat | daily=$+0 (0t) | conn=OK | ticks=1255 | DCOY:266t/IDLE UPC:70t/ARMED/arm$10.02
  Tick cache: UPC → +354 ticks (total 73,056)
[ENGINE_PUB] STATS published=81,086 dropped=0 clients=2
  Tick cache: DCOY → +333 ticks (total 108,651)
📦 Tick cache saved: 2 symbols → tick_cache/2026-06-29/
[TIER] STATUS tier1=['DCOY', 'UPC'] tier2=0 capacity=2/5
  TICK AUDIT: DCOY: 552 ticks in last 60s, last_price=$11.87, last_tick_time=06:15:31
  TICK AUDIT: UPC: 637 ticks in last 60s, last_price=$8.63, last_tick_time=06:15:31
  → ORPHAN IGNORED (sync): FEBO on WB_ORPHAN_HALT_IGNORE_SYMBOLS — NOT adopting; bot keeps trading. Left at broker for manual handling.
  ⚠️ ORPHAN POSITION FOUND: FEBO qty=219 (available=219) entry=$1.12 unrealized=$-45.78 value=$198.78
  → ORPHAN IGNORED: FEBO on WB_ORPHAN_HALT_IGNORE_SYMBOLS — NOT adopting, NOT halting. Bot keeps trading other names; position left at broker for manual handling.
SUBSCRIPTION_AUDIT {"ts":"2026-06-29T06:15:32.832476-04:00","sym":"UPC","tier":"tick_by_tick","obs_v_5m":46217,"median_v_5m":58511,"ratio_obs_to_median":0.7899,"truth_v_5m":null,"ratio_obs_to_truth":null,"status":"OK","sub_age_sec":2703,"contract_exchange":"SMART","contract_primary":"NASDAQ"}
SUBSCRIPTION_AUDIT {"ts":"2026-06-29T06:15:32.832476-04:00","sym":"DCOY","tier":"tick_by_tick","obs_v_5m":70805,"median_v_5m":58511,"ratio_obs_to_median":1.2101,"truth_v_5m":null,"ratio_obs_to_truth":null,"status":"OK","sub_age_sec":4507,"contract_exchange":"SMART","contract_primary":"NASDAQ"}

🔄 Running scanner at 06:15:33 ET...
Error 162, reqId 137419: Historical Market Data Service error message:API scanner subscription cancelled: 137419
  [float_cache] Cleared 20 stale None entries — will re-attempt lookups
IBKR ERROR 162: Historical Market Data Service error message:API scanner subscription cancelled: 137419 (reqId=137419, symbol=?)
[06:15 ET] QH CHART | O=6.51 H=6.51 L=6.51 C=6.51 V=300 | EMA9=none VWAP=6.80 (-4.3%) HOD=7.39 PM_H=7.39 | MACD=N/A vol_ratio=0.0x avg_vol=0 bars=0 | sq=N/A armed=none
  Tick cache: UPC → +499 ticks (total 73,555)
[06:15 ET] WSHP CHART | O=9.25 H=9.25 L=9.25 C=9.25 V=200 | EMA9=none VWAP=9.12 (+1.4%) HOD=9.45 PM_H=9.45 | MACD=N/A vol_ratio=0.0x avg_vol=0 bars=0 | sq=N/A armed=none
  Tick cache: DCOY → +338 ticks (total 108,989)
  Tick cache: QH → +2 ticks (total 39)
📦 Tick cache saved: 3 symbols → tick_cache/2026-06-29/
[06:15 ET] WNW CHART | O=3.92 H=3.92 L=3.92 C=3.92 V=200 | EMA9=none VWAP=3.97 (-1.1%) HOD=4.05 PM_H=4.05 | MACD=N/A vol_ratio=0.0x avg_vol=0 bars=0 | sq=N/A armed=none
[06:15 ET] AMSS CHART | O=2.32 H=2.32 L=2.32 C=2.32 V=400 | EMA9=none VWAP=2.33 (-0.6%) HOD=2.37 PM_H=2.37 | MACD=N/A vol_ratio=0.0x avg_vol=0 bars=0 | sq=N/A armed=none
[06:15 ET] LRMR CHART | O=4.10 H=4.10 L=4.10 C=4.10 V=200 | EMA9=none VWAP=4.19 (-2.2%) HOD=4.35 PM_H=4.35 | MACD=N/A vol_ratio=0.0x avg_vol=0 bars=0 | sq=N/A armed=none
[06:15 ET] STI CHART | O=14.07 H=14.07 L=14.07 C=14.07 V=300 | EMA9=none VWAP=14.46 (-2.7%) HOD=16.37 PM_H=16.37 | MACD=N/A vol_ratio=0.0x avg_vol=0 bars=0 | sq=N/A armed=none
[06:15 ET] RDWU CHART | O=8.80 H=8.80 L=8.80 C=8.80 V=300 | EMA9=none VWAP=8.66 (+1.6%) HOD=8.80 PM_H=8.80 | MACD=N/A vol_ratio=0.0x avg_vol=0 bars=0 | sq=N/A armed=none
[06:15 ET] CCXI CHART | O=15.22 H=15.22 L=15.22 C=15.22 V=200 | EMA9=none VWAP=15.55 (-2.1%) HOD=16.49 PM_H=16.49 | MACD=N/A vol_ratio=0.0x avg_vol=0 bars=0 | sq=N/A armed=none
[ENGINE_PUB] STATS published=83,045 dropped=0 clients=2
  Tick cache: UPC → +422 ticks (total 73,977)
  Tick cache: DCOY → +742 ticks (total 109,731)
  Tick cache: WSHP → +1 ticks (total 43)
  Tick cache: WNW → +2 ticks (total 44)
  Tick cache: AMSS → +2 ticks (total 46)
  Tick cache: LRMR → +3 ticks (total 51)
  Tick cache: STI → +2 ticks (total 41)
  Tick cache: RDWU → +2 ticks (total 58)
  Tick cache: CCXI → +3 ticks (total 55)
  Tick cache: CBRG → +2 ticks (total 56)
  Tick cache: MBRX → +2 ticks (total 53)
  Tick cache: SKYQ → +2 ticks (total 40)
  Tick cache: SLS → +2 ticks (total 45)
  Tick cache: ORCU → +2 ticks (total 49)
📦 Tick cache saved: 14 symbols → tick_cache/2026-06-29/
  Saved: /Users/duffy/warrior_bot_v2/scanner_results/2026-06-29.json (27 snapshots)
📊 Scanner: 2 new candidates, 0 new subs, 2 total watching
[TIER] STATUS tier1=['DCOY', 'UPC'] tier2=0 capacity=2/5
SUBSCRIPTION_AUDIT {"ts":"2026-06-29T06:15:33.835234-04:00","sym":"DCOY","tier":"tick_by_tick","obs_v_5m":70805,"median_v_5m":64211,"ratio_obs_to_median":1.1027,"truth_v_5m":31248,"ratio_obs_to_truth":2.2659,"status":"DIRECT_QUERY_OK","sub_age_sec":4508,"contract_exchange":"SMART","contract_primary":"NASDAQ"}
SUBSCRIPTION_AUDIT {"ts":"2026-06-29T06:15:33.835234-04:00","sym":"UPC","tier":"tick_by_tick","obs_v_5m":46217,"median_v_5m":64211,"ratio_obs_to_median":0.7198,"truth_v_5m":24749,"ratio_obs_to_truth":1.8674,"status":"DIRECT_QUERY_OK","sub_age_sec":2704,"contract_exchange":"SMART","contract_primary":"NASDAQ"}
  TICK AUDIT: DCOY: 1203 ticks in last 60s, last_price=$11.76, last_tick_time=06:16:31
  TICK AUDIT: UPC: 710 ticks in last 60s, last_price=$8.74, last_tick_time=06:16:32
  → ORPHAN IGNORED (sync): FEBO on WB_ORPHAN_HALT_IGNORE_SYMBOLS — NOT adopting; bot keeps trading. Left at broker for manual handling.
  ⚠️ ORPHAN POSITION FOUND: FEBO qty=219 (available=219) entry=$1.12 unrealized=$-45.78 value=$198.78
  → ORPHAN IGNORED: FEBO on WB_ORPHAN_HALT_IGNORE_SYMBOLS — NOT adopting, NOT halting. Bot keeps trading other names; position left at broker for manual handling.
SUBSCRIPTION_AUDIT {"ts":"2026-06-29T06:16:33.324334-04:00","sym":"UPC","tier":"tick_by_tick","obs_v_5m":60837,"median_v_5m":64211,"ratio_obs_to_median":0.9474,"truth_v_5m":null,"ratio_obs_to_truth":null,"status":"OK","sub_age_sec":2764,"contract_exchange":"SMART","contract_primary":"NASDAQ"}
SUBSCRIPTION_AUDIT {"ts":"2026-06-29T06:16:33.324334-04:00","sym":"DCOY","tier":"tick_by_tick","obs_v_5m":67586,"median_v_5m":64211,"ratio_obs_to_median":1.0526,"truth_v_5m":null,"ratio_obs_to_truth":null,"status":"OK","sub_age_sec":4567,"contract_exchange":"SMART","contract_primary":"NASDAQ"}
  Tick cache: UPC → +119 ticks (total 74,096)
  Tick cache: DCOY → +434 ticks (total 110,165)
  Tick cache: LUNL → +1 ticks (total 2)
  Tick cache: UNCY → +2 ticks (total 2)
  Tick cache: RZLV → +1 ticks (total 23)
  Tick cache: LWLG → +1 ticks (total 19)
  Tick cache: OKLL → +1 ticks (total 24)
📦 Tick cache saved: 7 symbols → tick_cache/2026-06-29/
[TIER] STATUS tier1=['DCOY', 'UPC'] tier2=0 capacity=2/5
[06:17:00 ET] ACTIVE | flat | daily=$+0 (0t) | conn=OK | ticks=1378 | DCOY:290t/IDLE UPC:136t/ARMED/arm$10.02
[06:17:01 ET] ACTIVE | flat | daily=$+0 (0t) | conn=OK | ticks=1411 | DCOY:314t/IDLE UPC:145t/ARMED/arm$10.02
[ENGINE_PUB] STATS published=84,023 dropped=0 clients=2
  Tick cache: UPC → +139 ticks (total 74,235)
  Tick cache: DCOY → +517 ticks (total 110,682)
📦 Tick cache saved: 2 symbols → tick_cache/2026-06-29/
[TIER] STATUS tier1=['DCOY', 'UPC'] tier2=0 capacity=2/5
  TICK AUDIT: DCOY: 751 ticks in last 60s, last_price=$11.70, last_tick_time=06:17:32
  TICK AUDIT: UPC: 342 ticks in last 60s, last_price=$8.76, last_tick_time=06:17:32
  → ORPHAN IGNORED (sync): FEBO on WB_ORPHAN_HALT_IGNORE_SYMBOLS — NOT adopting; bot keeps trading. Left at broker for manual handling.
  ⚠️ ORPHAN POSITION FOUND: FEBO qty=219 (available=219) entry=$1.12 unrealized=$-45.78 value=$198.78
  → ORPHAN IGNORED: FEBO on WB_ORPHAN_HALT_IGNORE_SYMBOLS — NOT adopting, NOT halting. Bot keeps trading other names; position left at broker for manual handling.
SUBSCRIPTION_AUDIT {"ts":"2026-06-29T06:17:33.549311-04:00","sym":"UPC","tier":"tick_by_tick","obs_v_5m":61256,"median_v_5m":67979,"ratio_obs_to_median":0.9011,"truth_v_5m":null,"ratio_obs_to_truth":null,"status":"OK","sub_age_sec":2824,"contract_exchange":"SMART","contract_primary":"NASDAQ"}
SUBSCRIPTION_AUDIT {"ts":"2026-06-29T06:17:33.549311-04:00","sym":"DCOY","tier":"tick_by_tick","obs_v_5m":74703,"median_v_5m":67979,"ratio_obs_to_median":1.0989,"truth_v_5m":null,"ratio_obs_to_truth":null,"status":"OK","sub_age_sec":4628,"contract_exchange":"SMART","contract_primary":"NASDAQ"}
[06:17:47 ET] [MOVE] FIRESTORM_GATE_BLOCK UPC setup=move_strike prior_bar_ticks=307 threshold=6000
[06:17:47 ET] [MOVE] FIRESTORM_GATE_BLOCK UPC setup=move_strike prior_bar_ticks=307 threshold=6000
[06:17:47 ET] [MOVE] FIRESTORM_GATE_BLOCK UPC setup=move_strike prior_bar_ticks=307 threshold=6000
[06:17:47 ET] [MOVE] FIRESTORM_GATE_BLOCK UPC setup=move_strike prior_bar_ticks=307 threshold=6000
[06:17:47 ET] [MOVE] FIRESTORM_GATE_BLOCK UPC setup=move_strike prior_bar_ticks=307 threshold=6000
[06:17:47 ET] [MOVE] FIRESTORM_GATE_BLOCK UPC setup=move_strike prior_bar_ticks=307 threshold=6000
[06:17:47 ET] [MOVE] FIRESTORM_GATE_BLOCK UPC setup=move_strike prior_bar_ticks=307 threshold=6000
[06:17:47 ET] [MOVE] FIRESTORM_GATE_BLOCK UPC setup=move_strike prior_bar_ticks=307 threshold=6000
[06:17:47 ET] [MOVE] FIRESTORM_GATE_BLOCK UPC setup=move_strike prior_bar_ticks=307 threshold=6000
[06:17:47 ET] [MOVE] FIRESTORM_GATE_BLOCK UPC setup=move_strike prior_bar_ticks=307 threshold=6000
[06:17:47 ET] [MOVE] FIRESTORM_GATE_BLOCK UPC setup=move_strike prior_bar_ticks=307 threshold=6000
[06:17:47 ET] [MOVE] FIRESTORM_GATE_BLOCK UPC setup=move_strike prior_bar_ticks=307 threshold=6000
[06:17:47 ET] [MOVE] FIRESTORM_GATE_BLOCK UPC setup=move_strike prior_bar_ticks=307 threshold=6000
[06:17:47 ET] [MOVE] FIRESTORM_GATE_BLOCK UPC setup=move_strike prior_bar_ticks=307 threshold=6000
[06:17:47 ET] [MOVE] FIRESTORM_GATE_BLOCK UPC setup=move_strike prior_bar_ticks=307 threshold=6000
[06:17:47 ET] [MOVE] FIRESTORM_GATE_BLOCK UPC setup=move_strike prior_bar_ticks=307 threshold=6000
[06:17:47 ET] [MOVE] FIRESTORM_GATE_BLOCK UPC setup=move_strike prior_bar_ticks=307 threshold=6000
[06:17:47 ET] [MOVE] FIRESTORM_GATE_BLOCK UPC setup=move_strike prior_bar_ticks=307 threshold=6000
[06:17:47 ET] [MOVE] FIRESTORM_GATE_BLOCK UPC setup=move_strike prior_bar_ticks=307 threshold=6000
[06:17:47 ET] [MOVE] FIRESTORM_GATE_BLOCK UPC setup=move_strike prior_bar_ticks=307 threshold=6000
[06:17:47 ET] [MOVE] FIRESTORM_GATE_BLOCK UPC setup=move_strike prior_bar_ticks=307 threshold=6000
[06:17:47 ET] [MOVE] FIRESTORM_GATE_BLOCK UPC setup=move_strike prior_bar_ticks=307 threshold=6000
[06:17:47 ET] [MOVE] FIRESTORM_GATE_BLOCK UPC setup=move_strike prior_bar_ticks=307 threshold=6000
[06:17:47 ET] [MOVE] FIRESTORM_GATE_BLOCK UPC setup=move_strike prior_bar_ticks=307 threshold=6000
[06:17:47 ET] [MOVE] FIRESTORM_GATE_BLOCK UPC setup=move_strike prior_bar_ticks=307 threshold=6000
[06:17:47 ET] [MOVE] FIRESTORM_GATE_BLOCK UPC setup=move_strike prior_bar_ticks=307 threshold=6000
[06:17:47 ET] [MOVE] FIRESTORM_GATE_BLOCK UPC setup=move_strike prior_bar_ticks=307 threshold=6000
[06:17:47 ET] [MOVE] FIRESTORM_GATE_BLOCK UPC setup=move_strike prior_bar_ticks=307 threshold=6000
[06:17:47 ET] [MOVE] FIRESTORM_GATE_BLOCK UPC setup=move_strike prior_bar_ticks=307 threshold=6000
[06:17:47 ET] [MOVE] FIRESTORM_GATE_BLOCK UPC setup=move_strike prior_bar_ticks=307 threshold=6000
[06:17:47 ET] [MOVE] FIRESTORM_GATE_BLOCK UPC setup=move_strike prior_bar_ticks=307 threshold=6000
[06:17:47 ET] [MOVE] FIRESTORM_GATE_BLOCK UPC setup=move_strike prior_bar_ticks=307 threshold=6000
[06:17:47 ET] [MOVE] FIRESTORM_GATE_BLOCK UPC setup=move_strike prior_bar_ticks=307 threshold=6000
[06:17:47 ET] [MOVE] FIRESTORM_GATE_BLOCK UPC setup=move_strike prior_bar_ticks=307 threshold=6000
[06:17:47 ET] [MOVE] FIRESTORM_GATE_BLOCK UPC setup=move_strike prior_bar_ticks=307 threshold=6000
[06:17:47 ET] [MOVE] FIRESTORM_GATE_BLOCK UPC setup=move_strike prior_bar_ticks=307 threshold=6000
[06:17:47 ET] [MOVE] FIRESTORM_GATE_BLOCK UPC setup=move_strike prior_bar_ticks=307 threshold=6000
[06:17:47 ET] [MOVE] FIRESTORM_GATE_BLOCK UPC setup=move_strike prior_bar_ticks=307 threshold=6000
[06:17:47 ET] [MOVE] FIRESTORM_GATE_BLOCK UPC setup=move_strike prior_bar_ticks=307 threshold=6000
[06:17:47 ET] [MOVE] FIRESTORM_GATE_BLOCK UPC setup=move_strike prior_bar_ticks=307 threshold=6000
[06:17:47 ET] [MOVE] FIRESTORM_GATE_BLOCK UPC setup=move_strike prior_bar_ticks=307 threshold=6000
[06:17:47 ET] [MOVE] FIRESTORM_GATE_BLOCK UPC setup=move_strike prior_bar_ticks=307 threshold=6000
[06:17:47 ET] [MOVE] FIRESTORM_GATE_BLOCK UPC setup=move_strike prior_bar_ticks=307 threshold=6000
[06:17:47 ET] [MOVE] FIRESTORM_GATE_BLOCK UPC setup=move_strike prior_bar_ticks=307 threshold=6000
[06:17:47 ET] [MOVE] FIRESTORM_GATE_BLOCK UPC setup=move_strike prior_bar_ticks=307 threshold=6000
[06:17:47 ET] [MOVE] FIRESTORM_GATE_BLOCK UPC setup=move_strike prior_bar_ticks=307 threshold=6000
[06:17:47 ET] [MOVE] FIRESTORM_GATE_BLOCK UPC setup=move_strike prior_bar_ticks=307 threshold=6000
[06:17:47 ET] [MOVE] FIRESTORM_GATE_BLOCK UPC setup=move_strike prior_bar_ticks=307 threshold=6000
[06:17:47 ET] [MOVE] FIRESTORM_GATE_BLOCK UPC setup=move_strike prior_bar_ticks=307 threshold=6000
[06:17:47 ET] [MOVE] FIRESTORM_GATE_BLOCK UPC setup=move_strike prior_bar_ticks=307 threshold=6000
[06:17:47 ET] [MOVE] FIRESTORM_GATE_BLOCK UPC setup=move_strike prior_bar_ticks=307 threshold=6000
[06:17:47 ET] [MOVE] FIRESTORM_GATE_BLOCK UPC setup=move_strike prior_bar_ticks=307 threshold=6000
[06:17:47 ET] [MOVE] FIRESTORM_GATE_BLOCK UPC setup=move_strike prior_bar_ticks=307 threshold=6000
[06:17:47 ET] [MOVE] FIRESTORM_GATE_BLOCK UPC setup=move_strike prior_bar_ticks=307 threshold=6000
[06:17:47 ET] [MOVE] FIRESTORM_GATE_BLOCK UPC setup=move_strike prior_bar_ticks=307 threshold=6000
[06:17:47 ET] [MOVE] FIRESTORM_GATE_BLOCK UPC setup=move_strike prior_bar_ticks=307 threshold=6000
[06:17:47 ET] [MOVE] FIRESTORM_GATE_BLOCK UPC setup=move_strike prior_bar_ticks=307 threshold=6000
[06:17:47 ET] [MOVE] FIRESTORM_GATE_BLOCK UPC setup=move_strike prior_bar_ticks=307 threshold=6000
[06:17:47 ET] [MOVE] FIRESTORM_GATE_BLOCK UPC setup=move_strike prior_bar_ticks=307 threshold=6000
[06:17:47 ET] [MOVE] FIRESTORM_GATE_BLOCK UPC setup=move_strike prior_bar_ticks=307 threshold=6000
[06:17:48 ET] [MOVE] FIRESTORM_GATE_BLOCK UPC setup=move_strike prior_bar_ticks=307 threshold=6000
[06:17:49 ET] [MOVE] FIRESTORM_GATE_BLOCK UPC setup=move_strike prior_bar_ticks=307 threshold=6000
[06:17:49 ET] [MOVE] FIRESTORM_GATE_BLOCK UPC setup=move_strike prior_bar_ticks=307 threshold=6000
[06:17:49 ET] [MOVE] FIRESTORM_GATE_BLOCK UPC setup=move_strike prior_bar_ticks=307 threshold=6000
[06:17:49 ET] [MOVE] FIRESTORM_GATE_BLOCK UPC setup=move_strike prior_bar_ticks=307 threshold=6000
[06:17:49 ET] [MOVE] FIRESTORM_GATE_BLOCK UPC setup=move_strike prior_bar_ticks=307 threshold=6000
[06:17:50 ET] [MOVE] FIRESTORM_GATE_BLOCK UPC setup=move_strike prior_bar_ticks=307 threshold=6000
[06:17:50 ET] [MOVE] FIRESTORM_GATE_BLOCK UPC setup=move_strike prior_bar_ticks=307 threshold=6000
[06:17:50 ET] [MOVE] FIRESTORM_GATE_BLOCK UPC setup=move_strike prior_bar_ticks=307 threshold=6000
[06:17:50 ET] [MOVE] FIRESTORM_GATE_BLOCK UPC setup=move_strike prior_bar_ticks=307 threshold=6000
[06:17:50 ET] [MOVE] FIRESTORM_GATE_BLOCK UPC setup=move_strike prior_bar_ticks=307 threshold=6000
[06:17:50 ET] [MOVE] FIRESTORM_GATE_BLOCK UPC setup=move_strike prior_bar_ticks=307 threshold=6000
[06:17:50 ET] [MOVE] FIRESTORM_GATE_BLOCK UPC setup=move_strike prior_bar_ticks=307 threshold=6000
[06:17:50 ET] [MOVE] FIRESTORM_GATE_BLOCK UPC setup=move_strike prior_bar_ticks=307 threshold=6000
[06:17:50 ET] [MOVE] FIRESTORM_GATE_BLOCK UPC setup=move_strike prior_bar_ticks=307 threshold=6000
[06:17:50 ET] [MOVE] FIRESTORM_GATE_BLOCK UPC setup=move_strike prior_bar_ticks=307 threshold=6000
[06:17:50 ET] [MOVE] FIRESTORM_GATE_BLOCK UPC setup=move_strike prior_bar_ticks=307 threshold=6000
[06:17:50 ET] [MOVE] FIRESTORM_GATE_BLOCK UPC setup=move_strike prior_bar_ticks=307 threshold=6000
[06:17:50 ET] [MOVE] FIRESTORM_GATE_BLOCK UPC setup=move_strike prior_bar_ticks=307 threshold=6000
[06:17:50 ET] [MOVE] FIRESTORM_GATE_BLOCK UPC setup=move_strike prior_bar_ticks=307 threshold=6000
[06:17:50 ET] [MOVE] FIRESTORM_GATE_BLOCK UPC setup=move_strike prior_bar_ticks=307 threshold=6000
[06:17:50 ET] [MOVE] FIRESTORM_GATE_BLOCK UPC setup=move_strike prior_bar_ticks=307 threshold=6000
[06:17:50 ET] [MOVE] FIRESTORM_GATE_BLOCK UPC setup=move_strike prior_bar_ticks=307 threshold=6000
[06:17:50 ET] [MOVE] FIRESTORM_GATE_BLOCK UPC setup=move_strike prior_bar_ticks=307 threshold=6000
[06:17:50 ET] [MOVE] FIRESTORM_GATE_BLOCK UPC setup=move_strike prior_bar_ticks=307 threshold=6000
[06:17:50 ET] [MOVE] FIRESTORM_GATE_BLOCK UPC setup=move_strike prior_bar_ticks=307 threshold=6000
[06:17:50 ET] [MOVE] FIRESTORM_GATE_BLOCK UPC setup=move_strike prior_bar_ticks=307 threshold=6000
[06:17:50 ET] [MOVE] FIRESTORM_GATE_BLOCK UPC setup=move_strike prior_bar_ticks=307 threshold=6000
[06:17:50 ET] [MOVE] FIRESTORM_GATE_BLOCK UPC setup=move_strike prior_bar_ticks=307 threshold=6000
[06:17:51 ET] [MOVE] FIRESTORM_GATE_BLOCK UPC setup=move_strike prior_bar_ticks=307 threshold=6000
  Tick cache: DCOY → +323 ticks (total 111,005)
[06:17:52 ET] [MOVE] FIRESTORM_GATE_BLOCK UPC setup=move_strike prior_bar_ticks=307 threshold=6000
[06:17:52 ET] [MOVE] FIRESTORM_GATE_BLOCK UPC setup=move_strike prior_bar_ticks=307 threshold=6000
[06:17:52 ET] [MOVE] FIRESTORM_GATE_BLOCK UPC setup=move_strike prior_bar_ticks=307 threshold=6000
[06:17:52 ET] [MOVE] FIRESTORM_GATE_BLOCK UPC setup=move_strike prior_bar_ticks=307 threshold=6000
[06:17:52 ET] [MOVE] FIRESTORM_GATE_BLOCK UPC setup=move_strike prior_bar_ticks=307 threshold=6000
  Tick cache: UPC → +304 ticks (total 74,539)
📦 Tick cache saved: 2 symbols → tick_cache/2026-06-29/
[06:17:52 ET] [MOVE] FIRESTORM_GATE_BLOCK UPC setup=move_strike prior_bar_ticks=307 threshold=6000
[06:17:52 ET] [MOVE] FIRESTORM_GATE_BLOCK UPC setup=move_strike prior_bar_ticks=307 threshold=6000
[06:17:53 ET] [MOVE] FIRESTORM_GATE_BLOCK UPC setup=move_strike prior_bar_ticks=307 threshold=6000
[06:17:53 ET] [MOVE] FIRESTORM_GATE_BLOCK UPC setup=move_strike prior_bar_ticks=307 threshold=6000
[06:17:53 ET] [MOVE] FIRESTORM_GATE_BLOCK UPC setup=move_strike prior_bar_ticks=307 threshold=6000
[06:17:53 ET] [MOVE] FIRESTORM_GATE_BLOCK UPC setup=move_strike prior_bar_ticks=307 threshold=6000
[06:17:53 ET] [MOVE] FIRESTORM_GATE_BLOCK UPC setup=move_strike prior_bar_ticks=307 threshold=6000
[06:17:53 ET] [MOVE] FIRESTORM_GATE_BLOCK UPC setup=move_strike prior_bar_ticks=307 threshold=6000
[06:17:55 ET] [MOVE] FIRESTORM_GATE_BLOCK UPC setup=move_strike prior_bar_ticks=307 threshold=6000
[06:17:55 ET] [MOVE] FIRESTORM_GATE_BLOCK UPC setup=move_strike prior_bar_ticks=307 threshold=6000
[06:17:55 ET] [MOVE] FIRESTORM_GATE_BLOCK UPC setup=move_strike prior_bar_ticks=307 threshold=6000
[06:17:55 ET] [MOVE] FIRESTORM_GATE_BLOCK UPC setup=move_strike prior_bar_ticks=307 threshold=6000
[06:17:56 ET] [MOVE] FIRESTORM_GATE_BLOCK UPC setup=move_strike prior_bar_ticks=307 threshold=6000
[06:17:56 ET] [MOVE] FIRESTORM_GATE_BLOCK UPC setup=move_strike prior_bar_ticks=307 threshold=6000
[06:17:56 ET] [MOVE] FIRESTORM_GATE_BLOCK UPC setup=move_strike prior_bar_ticks=307 threshold=6000
[06:17:56 ET] [MOVE] FIRESTORM_GATE_BLOCK UPC setup=move_strike prior_bar_ticks=307 threshold=6000
[06:17:56 ET] [MOVE] FIRESTORM_GATE_BLOCK UPC setup=move_strike prior_bar_ticks=307 threshold=6000
[06:17:56 ET] [MOVE] FIRESTORM_GATE_BLOCK UPC setup=move_strike prior_bar_ticks=307 threshold=6000
[06:17:56 ET] [MOVE] FIRESTORM_GATE_BLOCK UPC setup=move_strike prior_bar_ticks=307 threshold=6000
[06:17:56 ET] [MOVE] FIRESTORM_GATE_BLOCK UPC setup=move_strike prior_bar_ticks=307 threshold=6000
[06:17:56 ET] [MOVE] FIRESTORM_GATE_BLOCK UPC setup=move_strike prior_bar_ticks=307 threshold=6000
[06:17:56 ET] [MOVE] FIRESTORM_GATE_BLOCK UPC setup=move_strike prior_bar_ticks=307 threshold=6000
[06:17:56 ET] [MOVE] FIRESTORM_GATE_BLOCK UPC setup=move_strike prior_bar_ticks=307 threshold=6000
[06:17:56 ET] [MOVE] FIRESTORM_GATE_BLOCK UPC setup=move_strike prior_bar_ticks=307 threshold=6000
[06:17:57 ET] [MOVE] FIRESTORM_GATE_BLOCK UPC setup=move_strike prior_bar_ticks=307 threshold=6000
[06:17:57 ET] [MOVE] FIRESTORM_GATE_BLOCK UPC setup=move_strike prior_bar_ticks=307 threshold=6000
[06:17:57 ET] [MOVE] FIRESTORM_GATE_BLOCK UPC setup=move_strike prior_bar_ticks=307 threshold=6000
[06:17:57 ET] [MOVE] FIRESTORM_GATE_BLOCK UPC setup=move_strike prior_bar_ticks=307 threshold=6000
[06:17:57 ET] [MOVE] FIRESTORM_GATE_BLOCK UPC setup=move_strike prior_bar_ticks=307 threshold=6000
[06:17:58 ET] [MOVE] FIRESTORM_GATE_BLOCK UPC setup=move_strike prior_bar_ticks=307 threshold=6000
[06:17:58 ET] [MOVE] FIRESTORM_GATE_BLOCK UPC setup=move_strike prior_bar_ticks=307 threshold=6000
[TIER] STATUS tier1=['DCOY', 'UPC'] tier2=0 capacity=2/5
[06:18:00 ET] ACTIVE | flat | daily=$+0 (0t) | conn=OK | ticks=1453 | DCOY:282t/IDLE UPC:219t/ARMED/arm$10.02
[06:18:01 ET] ACTIVE | flat | daily=$+0 (0t) | conn=OK | ticks=1472 | DCOY:292t/IDLE UPC:228t/ARMED/arm$10.02
[ENGINE_PUB] STATS published=85,243 dropped=0 clients=2
  Tick cache: UPC → +215 ticks (total 74,754)
  Tick cache: DCOY → +274 ticks (total 111,279)
📦 Tick cache saved: 2 symbols → tick_cache/2026-06-29/
[TIER] STATUS tier1=['DCOY', 'UPC'] tier2=0 capacity=2/5
  TICK AUDIT: DCOY: 505 ticks in last 60s, last_price=$11.74, last_tick_time=06:18:31
  TICK AUDIT: UPC: 418 ticks in last 60s, last_price=$8.88, last_tick_time=06:18:31
  → ORPHAN IGNORED (sync): FEBO on WB_ORPHAN_HALT_IGNORE_SYMBOLS — NOT adopting; bot keeps trading. Left at broker for manual handling.
  ⚠️ ORPHAN POSITION FOUND: FEBO qty=219 (available=219) entry=$1.12 unrealized=$-45.78 value=$198.78
  → ORPHAN IGNORED: FEBO on WB_ORPHAN_HALT_IGNORE_SYMBOLS — NOT adopting, NOT halting. Bot keeps trading other names; position left at broker for manual handling.
SUBSCRIPTION_AUDIT {"ts":"2026-06-29T06:18:33.770002-04:00","sym":"UPC","tier":"tick_by_tick","obs_v_5m":59471,"median_v_5m":67565,"ratio_obs_to_median":0.8802,"truth_v_5m":null,"ratio_obs_to_truth":null,"status":"OK","sub_age_sec":2884,"contract_exchange":"SMART","contract_primary":"NASDAQ"}
SUBSCRIPTION_AUDIT {"ts":"2026-06-29T06:18:33.770002-04:00","sym":"DCOY","tier":"tick_by_tick","obs_v_5m":75660,"median_v_5m":67565,"ratio_obs_to_median":1.1198,"truth_v_5m":null,"ratio_obs_to_truth":null,"status":"OK","sub_age_sec":4688,"contract_exchange":"SMART","contract_primary":"NASDAQ"}
  Tick cache: UPC → +149 ticks (total 74,903)
  Tick cache: DCOY → +356 ticks (total 111,635)
📦 Tick cache saved: 2 symbols → tick_cache/2026-06-29/
[TIER] STATUS tier1=['DCOY', 'UPC'] tier2=0 capacity=2/5
[06:19:00 ET] ACTIVE | flat | daily=$+0 (0t) | conn=OK | ticks=1568 | DCOY:457t/IDLE UPC:159t/ARMED/arm$10.02
[06:19:01 ET] ACTIVE | flat | daily=$+0 (0t) | conn=OK | ticks=1576 | DCOY:458t/IDLE UPC:166t/ARMED/arm$10.02
[ENGINE_PUB] STATS published=86,371 dropped=0 clients=2
  Tick cache: DCOY → +389 ticks (total 112,024)
  Tick cache: UPC → +424 ticks (total 75,327)
📦 Tick cache saved: 2 symbols → tick_cache/2026-06-29/
[TIER] STATUS tier1=['DCOY', 'UPC'] tier2=0 capacity=2/5
  TICK AUDIT: DCOY: 725 ticks in last 60s, last_price=$11.58, last_tick_time=06:19:31
  TICK AUDIT: UPC: 590 ticks in last 60s, last_price=$8.93, last_tick_time=06:19:32
  → ORPHAN IGNORED (sync): FEBO on WB_ORPHAN_HALT_IGNORE_SYMBOLS — NOT adopting; bot keeps trading. Left at broker for manual handling.
  ⚠️ ORPHAN POSITION FOUND: FEBO qty=219 (available=219) entry=$1.12 unrealized=$-45.78 value=$198.78
  → ORPHAN IGNORED: FEBO on WB_ORPHAN_HALT_IGNORE_SYMBOLS — NOT adopting, NOT halting. Bot keeps trading other names; position left at broker for manual handling.
SUBSCRIPTION_AUDIT {"ts":"2026-06-29T06:19:33.980695-04:00","sym":"UPC","tier":"tick_by_tick","obs_v_5m":62239,"median_v_5m":66670,"ratio_obs_to_median":0.9335,"truth_v_5m":null,"ratio_obs_to_truth":null,"status":"OK","sub_age_sec":2944,"contract_exchange":"SMART","contract_primary":"NASDAQ"}
SUBSCRIPTION_AUDIT {"ts":"2026-06-29T06:19:33.980695-04:00","sym":"DCOY","tier":"tick_by_tick","obs_v_5m":71101,"median_v_5m":66670,"ratio_obs_to_median":1.0665,"truth_v_5m":null,"ratio_obs_to_truth":null,"status":"OK","sub_age_sec":4748,"contract_exchange":"SMART","contract_primary":"NASDAQ"}
[06:20:00 ET] ACTIVE | flat | daily=$+0 (0t) | conn=OK | ticks=1260 | DCOY:170t/IDLE UPC:138t/ARMED/arm$10.02
[06:20 ET] UPC CHART | O=8.94 H=9.07 L=8.89 C=8.92 V=22,615 | EMA9=8.85 VWAP=9.36 (-4.7%) HOD=10.98 PM_H=10.98 | MACD=N/A vol_ratio=1.2x avg_vol=19,207 bars=50 | sq=ARMED armed=$10.02
[06:20 ET] DCOY CHART | O=11.62 H=11.67 L=11.52 C=11.60 V=8,394 | EMA9=11.85 VWAP=13.23 (-12.3%) HOD=17.81 PM_H=17.81 | MACD=N/A vol_ratio=0.8x avg_vol=10,497 bars=50 | sq=IDLE armed=none
[TIER] STATUS tier1=['DCOY', 'UPC'] tier2=0 capacity=2/5
[06:20:01 ET] ACTIVE | flat | daily=$+0 (0t) | conn=OK | ticks=1269 | DCOY:175t/IDLE UPC:142t/ARMED/arm$10.02
  Tick cache: DCOY → +178 ticks (total 112,202)
  Tick cache: UPC → +193 ticks (total 75,520)
📦 Tick cache saved: 2 symbols → tick_cache/2026-06-29/
[ENGINE_PUB] STATS published=87,276 dropped=0 clients=2
[TIER] STATUS tier1=['DCOY', 'UPC'] tier2=0 capacity=2/5
  TICK AUDIT: DCOY: 499 ticks in last 60s, last_price=$11.70, last_tick_time=06:20:33
  TICK AUDIT: UPC: 273 ticks in last 60s, last_price=$8.91, last_tick_time=06:20:33
  → ORPHAN IGNORED (sync): FEBO on WB_ORPHAN_HALT_IGNORE_SYMBOLS — NOT adopting; bot keeps trading. Left at broker for manual handling.
  Tick cache: DCOY → +300 ticks (total 112,502)

🔄 Running scanner at 06:20:34 ET...
  Tick cache: UPC → +133 ticks (total 75,653)
📦 Tick cache saved: 2 symbols → tick_cache/2026-06-29/
Error 162, reqId 137502: Historical Market Data Service error message:API scanner subscription cancelled: 137502
  [float_cache] Cleared 20 stale None entries — will re-attempt lookups
IBKR ERROR 162: Historical Market Data Service error message:API scanner subscription cancelled: 137502 (reqId=137502, symbol=?)
[06:20 ET] QH CHART | O=6.56 H=6.56 L=6.56 C=6.56 V=200 | EMA9=none VWAP=6.80 (-3.5%) HOD=7.39 PM_H=7.39 | MACD=N/A vol_ratio=0.0x avg_vol=0 bars=0 | sq=N/A armed=none
[06:20 ET] WNW CHART | O=3.92 H=3.92 L=3.92 C=3.92 V=200 | EMA9=none VWAP=3.96 (-1.1%) HOD=4.05 PM_H=4.05 | MACD=N/A vol_ratio=0.0x avg_vol=0 bars=0 | sq=N/A armed=none
[06:20 ET] WSHP CHART | O=9.31 H=9.31 L=9.31 C=9.31 V=100 | EMA9=none VWAP=9.12 (+2.1%) HOD=9.45 PM_H=9.45 | MACD=N/A vol_ratio=0.0x avg_vol=0 bars=0 | sq=N/A armed=none
[06:20 ET] CCXI CHART | O=15.22 H=15.22 L=15.22 C=15.22 V=1,200 | EMA9=none VWAP=15.54 (-2.0%) HOD=16.49 PM_H=16.49 | MACD=N/A vol_ratio=0.0x avg_vol=0 bars=0 | sq=N/A armed=none
[06:20 ET] AMSS CHART | O=2.32 H=2.32 L=2.32 C=2.32 V=400 | EMA9=none VWAP=2.33 (-0.6%) HOD=2.37 PM_H=2.37 | MACD=N/A vol_ratio=0.0x avg_vol=0 bars=0 | sq=N/A armed=none
[06:20 ET] STI CHART | O=13.75 H=13.75 L=13.75 C=13.75 V=200 | EMA9=none VWAP=14.44 (-4.8%) HOD=16.37 PM_H=16.37 | MACD=N/A vol_ratio=0.0x avg_vol=0 bars=0 | sq=N/A armed=none
[06:20 ET] LRMR CHART | O=4.09 H=4.09 L=4.09 C=4.09 V=300 | EMA9=none VWAP=4.19 (-2.4%) HOD=4.35 PM_H=4.35 | MACD=N/A vol_ratio=0.0x avg_vol=0 bars=0 | sq=N/A armed=none
  Tick cache: DCOY → +304 ticks (total 112,806)
  Tick cache: UPC → +94 ticks (total 75,747)
  Tick cache: QH → +2 ticks (total 41)
  Tick cache: WNW → +2 ticks (total 46)
  Tick cache: WSHP → +3 ticks (total 46)
  Tick cache: CCXI → +3 ticks (total 58)
  Tick cache: AMSS → +2 ticks (total 48)
  Tick cache: STI → +2 ticks (total 43)
  Tick cache: LRMR → +2 ticks (total 53)
  Tick cache: RDWU → +2 ticks (total 60)
  Tick cache: SKYQ → +2 ticks (total 42)
📦 Tick cache saved: 11 symbols → tick_cache/2026-06-29/
[ENGINE_PUB] STATS published=88,039 dropped=0 clients=2
  Saved: /Users/duffy/warrior_bot_v2/scanner_results/2026-06-29.json (28 snapshots)
📊 Scanner: 2 new candidates, 0 new subs, 2 total watching
  ⚠️ ORPHAN POSITION FOUND: FEBO qty=219 (available=219) entry=$1.12 unrealized=$-45.78 value=$198.78
  → ORPHAN IGNORED: FEBO on WB_ORPHAN_HALT_IGNORE_SYMBOLS — NOT adopting, NOT halting. Bot keeps trading other names; position left at broker for manual handling.
[TIER] STATUS tier1=['DCOY', 'UPC'] tier2=0 capacity=2/5
SUBSCRIPTION_AUDIT {"ts":"2026-06-29T06:20:34.206865-04:00","sym":"UPC","tier":"tick_by_tick","obs_v_5m":58084,"median_v_5m":58554,"ratio_obs_to_median":0.992,"truth_v_5m":null,"ratio_obs_to_truth":null,"status":"OK","sub_age_sec":3005,"contract_exchange":"SMART","contract_primary":"NASDAQ"}
SUBSCRIPTION_AUDIT {"ts":"2026-06-29T06:20:34.206865-04:00","sym":"DCOY","tier":"tick_by_tick","obs_v_5m":59025,"median_v_5m":58554,"ratio_obs_to_median":1.008,"truth_v_5m":null,"ratio_obs_to_truth":null,"status":"OK","sub_age_sec":4808,"contract_exchange":"SMART","contract_primary":"NASDAQ"}
SUBSCRIPTION_AUDIT {"ts":"2026-06-29T06:20:34.206865-04:00","sym":"UPC","tier":"tick_by_tick","obs_v_5m":58084,"median_v_5m":58554,"ratio_obs_to_median":0.992,"truth_v_5m":27560,"ratio_obs_to_truth":2.1075,"status":"DIRECT_QUERY_OK","sub_age_sec":3005,"contract_exchange":"SMART","contract_primary":"NASDAQ"}
SUBSCRIPTION_AUDIT {"ts":"2026-06-29T06:20:34.206865-04:00","sym":"DCOY","tier":"tick_by_tick","obs_v_5m":59025,"median_v_5m":58554,"ratio_obs_to_median":1.008,"truth_v_5m":28667,"ratio_obs_to_truth":2.059,"status":"DIRECT_QUERY_OK","sub_age_sec":4808,"contract_exchange":"SMART","contract_primary":"NASDAQ"}
  TICK AUDIT: DCOY: 511 ticks in last 60s, last_price=$11.74, last_tick_time=06:21:33
  TICK AUDIT: UPC: 156 ticks in last 60s, last_price=$8.92, last_tick_time=06:21:33
  → ORPHAN IGNORED (sync): FEBO on WB_ORPHAN_HALT_IGNORE_SYMBOLS — NOT adopting; bot keeps trading. Left at broker for manual handling.
  ⚠️ ORPHAN POSITION FOUND: FEBO qty=219 (available=219) entry=$1.12 unrealized=$-45.78 value=$198.78
  → ORPHAN IGNORED: FEBO on WB_ORPHAN_HALT_IGNORE_SYMBOLS — NOT adopting, NOT halting. Bot keeps trading other names; position left at broker for manual handling.
SUBSCRIPTION_AUDIT {"ts":"2026-06-29T06:21:34.384324-04:00","sym":"UPC","tier":"tick_by_tick","obs_v_5m":58084,"median_v_5m":58554,"ratio_obs_to_median":0.992,"truth_v_5m":null,"ratio_obs_to_truth":null,"status":"OK","sub_age_sec":3065,"contract_exchange":"SMART","contract_primary":"NASDAQ"}
SUBSCRIPTION_AUDIT {"ts":"2026-06-29T06:21:34.384324-04:00","sym":"DCOY","tier":"tick_by_tick","obs_v_5m":59025,"median_v_5m":58554,"ratio_obs_to_median":1.008,"truth_v_5m":null,"ratio_obs_to_truth":null,"status":"OK","sub_age_sec":4868,"contract_exchange":"SMART","contract_primary":"NASDAQ"}
  Tick cache: MBRX → +2 ticks (total 55)
  Tick cache: DCOY → +265 ticks (total 113,071)
  Tick cache: UPC → +74 ticks (total 75,821)
  Tick cache: CBRG → +2 ticks (total 58)
  Tick cache: LUNL → +2 ticks (total 4)
  Tick cache: ORCU → +3 ticks (total 52)
  Tick cache: UNCY → +2 ticks (total 4)
  Tick cache: RZLV → +1 ticks (total 24)
  Tick cache: SLS → +2 ticks (total 47)
  Tick cache: IRE → +2 ticks (total 40)
  Tick cache: SMCX → +2 ticks (total 37)
📦 Tick cache saved: 11 symbols → tick_cache/2026-06-29/
[TIER] STATUS tier1=['DCOY', 'UPC'] tier2=0 capacity=2/5
[06:22:00 ET] ACTIVE | flat | daily=$+0 (0t) | conn=OK | ticks=1513 | DCOY:297t/IDLE UPC:226t/ARMED/arm$10.02
[06:22:01 ET] ACTIVE | flat | daily=$+0 (0t) | conn=OK | ticks=1517 | DCOY:300t/IDLE UPC:227t/ARMED/arm$10.02
  Tick cache: UPC → +328 ticks (total 76,149)
  Tick cache: DCOY → +345 ticks (total 113,416)
📦 Tick cache saved: 2 symbols → tick_cache/2026-06-29/
[ENGINE_PUB] STATS published=89,144 dropped=0 clients=2
[TIER] STATUS tier1=['DCOY', 'UPC'] tier2=0 capacity=2/5
  TICK AUDIT: DCOY: 681 ticks in last 60s, last_price=$12.02, last_tick_time=06:22:33
  TICK AUDIT: UPC: 502 ticks in last 60s, last_price=$8.84, last_tick_time=06:22:33
  → ORPHAN IGNORED (sync): FEBO on WB_ORPHAN_HALT_IGNORE_SYMBOLS — NOT adopting; bot keeps trading. Left at broker for manual handling.
  ⚠️ ORPHAN POSITION FOUND: FEBO qty=219 (available=219) entry=$1.12 unrealized=$-45.78 value=$198.78
  → ORPHAN IGNORED: FEBO on WB_ORPHAN_HALT_IGNORE_SYMBOLS — NOT adopting, NOT halting. Bot keeps trading other names; position left at broker for manual handling.
SUBSCRIPTION_AUDIT {"ts":"2026-06-29T06:22:34.594637-04:00","sym":"UPC","tier":"tick_by_tick","obs_v_5m":63499,"median_v_5m":62958,"ratio_obs_to_median":1.0086,"truth_v_5m":null,"ratio_obs_to_truth":null,"status":"OK","sub_age_sec":3125,"contract_exchange":"SMART","contract_primary":"NASDAQ"}
SUBSCRIPTION_AUDIT {"ts":"2026-06-29T06:22:34.594637-04:00","sym":"DCOY","tier":"tick_by_tick","obs_v_5m":62418,"median_v_5m":62958,"ratio_obs_to_median":0.9914,"truth_v_5m":null,"ratio_obs_to_truth":null,"status":"OK","sub_age_sec":4929,"contract_exchange":"SMART","contract_primary":"NASDAQ"}
  Tick cache: DCOY → +456 ticks (total 113,872)
  Tick cache: UPC → +184 ticks (total 76,333)
📦 Tick cache saved: 2 symbols → tick_cache/2026-06-29/
[TIER] STATUS tier1=['DCOY', 'UPC'] tier2=0 capacity=2/5
[06:23:00 ET] ACTIVE | flat | daily=$+0 (0t) | conn=OK | ticks=1438 | DCOY:394t/IDLE UPC:54t/ARMED/arm$10.02
[06:23:01 ET] ACTIVE | flat | daily=$+0 (0t) | conn=OK | ticks=1443 | DCOY:398t/IDLE UPC:55t/ARMED/arm$10.02
[ENGINE_PUB] STATS published=90,106 dropped=0 clients=2
  Tick cache: DCOY → +372 ticks (total 114,244)
  Tick cache: UPC → +68 ticks (total 76,401)
📦 Tick cache saved: 2 symbols → tick_cache/2026-06-29/
[TIER] STATUS tier1=['DCOY', 'UPC'] tier2=0 capacity=2/5
  TICK AUDIT: DCOY: 711 ticks in last 60s, last_price=$12.09, last_tick_time=06:23:33
  TICK AUDIT: UPC: 137 ticks in last 60s, last_price=$8.80, last_tick_time=06:23:33
  → ORPHAN IGNORED (sync): FEBO on WB_ORPHAN_HALT_IGNORE_SYMBOLS — NOT adopting; bot keeps trading. Left at broker for manual handling.
  ⚠️ ORPHAN POSITION FOUND: FEBO qty=219 (available=219) entry=$1.12 unrealized=$-45.78 value=$198.78
  → ORPHAN IGNORED: FEBO on WB_ORPHAN_HALT_IGNORE_SYMBOLS — NOT adopting, NOT halting. Bot keeps trading other names; position left at broker for manual handling.
SUBSCRIPTION_AUDIT {"ts":"2026-06-29T06:23:34.815312-04:00","sym":"UPC","tier":"tick_by_tick","obs_v_5m":65333,"median_v_5m":70934,"ratio_obs_to_median":0.921,"truth_v_5m":null,"ratio_obs_to_truth":null,"status":"OK","sub_age_sec":3185,"contract_exchange":"SMART","contract_primary":"NASDAQ"}
SUBSCRIPTION_AUDIT {"ts":"2026-06-29T06:23:34.815312-04:00","sym":"DCOY","tier":"tick_by_tick","obs_v_5m":76535,"median_v_5m":70934,"ratio_obs_to_median":1.079,"truth_v_5m":null,"ratio_obs_to_truth":null,"status":"OK","sub_age_sec":4989,"contract_exchange":"SMART","contract_primary":"NASDAQ"}
  Tick cache: UPC → +86 ticks (total 76,487)
  Tick cache: DCOY → +326 ticks (total 114,570)
📦 Tick cache saved: 2 symbols → tick_cache/2026-06-29/
[TIER] STATUS tier1=['DCOY', 'UPC'] tier2=0 capacity=2/5
[06:24:00 ET] ACTIVE | flat | daily=$+0 (0t) | conn=OK | ticks=1557 | DCOY:509t/IDLE UPC:58t/ARMED/arm$10.02
[06:24:01 ET] ACTIVE | flat | daily=$+0 (0t) | conn=OK | ticks=1635 | DCOY:587t/IDLE UPC:58t/ARMED/arm$10.02
[ENGINE_PUB] STATS published=91,413 dropped=0 clients=2
  Tick cache: DCOY → +948 ticks (total 115,518)
  Tick cache: UPC → +73 ticks (total 76,560)
📦 Tick cache saved: 2 symbols → tick_cache/2026-06-29/
[TIER] STATUS tier1=['DCOY', 'UPC'] tier2=0 capacity=2/5
  TICK AUDIT: DCOY: 1595 ticks in last 60s, last_price=$12.30, last_tick_time=06:24:33
  TICK AUDIT: UPC: 151 ticks in last 60s, last_price=$8.81, last_tick_time=06:24:33
  → ORPHAN IGNORED (sync): FEBO on WB_ORPHAN_HALT_IGNORE_SYMBOLS — NOT adopting; bot keeps trading. Left at broker for manual handling.
  ⚠️ ORPHAN POSITION FOUND: FEBO qty=219 (available=219) entry=$1.12 unrealized=$-45.78 value=$198.78
  → ORPHAN IGNORED: FEBO on WB_ORPHAN_HALT_IGNORE_SYMBOLS — NOT adopting, NOT halting. Bot keeps trading other names; position left at broker for manual handling.
SUBSCRIPTION_AUDIT {"ts":"2026-06-29T06:24:35.030437-04:00","sym":"UPC","tier":"tick_by_tick","obs_v_5m":58526,"median_v_5m":71968,"ratio_obs_to_median":0.8132,"truth_v_5m":null,"ratio_obs_to_truth":null,"status":"OK","sub_age_sec":3245,"contract_exchange":"SMART","contract_primary":"NASDAQ"}
SUBSCRIPTION_AUDIT {"ts":"2026-06-29T06:24:35.030437-04:00","sym":"DCOY","tier":"tick_by_tick","obs_v_5m":85411,"median_v_5m":71968,"ratio_obs_to_median":1.1868,"truth_v_5m":null,"ratio_obs_to_truth":null,"status":"OK","sub_age_sec":5049,"contract_exchange":"SMART","contract_primary":"NASDAQ"}
  Tick cache: DCOY → +870 ticks (total 116,388)
  Tick cache: UPC → +61 ticks (total 76,621)
📦 Tick cache saved: 2 symbols → tick_cache/2026-06-29/
[06:25:00 ET] ACTIVE | flat | daily=$+0 (0t) | conn=OK | ticks=1473 | DCOY:453t/IDLE UPC:30t/ARMED/arm$10.02
[06:25 ET] DCOY CHART | O=12.23 H=12.41 L=12.13 C=12.27 V=29,742 | EMA9=11.88 VWAP=13.18 (-6.9%) HOD=17.81 PM_H=17.81 | MACD=N/A vol_ratio=2.7x avg_vol=10,842 bars=50 | sq=IDLE armed=none
[06:25 ET] UPC CHART | O=8.85 H=8.85 L=8.73 C=8.83 V=4,218 | EMA9=8.85 VWAP=9.35 (-5.6%) HOD=10.98 PM_H=10.98 | MACD=N/A vol_ratio=0.3x avg_vol=16,353 bars=50 | sq=ARMED armed=$10.02
[TIER] STATUS tier1=['DCOY', 'UPC'] tier2=0 capacity=2/5
[06:25:01 ET] ACTIVE | flat | daily=$+0 (0t) | conn=OK | ticks=1489 | DCOY:467t/IDLE UPC:32t/ARMED/arm$10.02
[ENGINE_PUB] STATS published=93,183 dropped=0 clients=2
  Tick cache: UPC → +58 ticks (total 76,679)
  Tick cache: DCOY → +921 ticks (total 117,309)
📦 Tick cache saved: 2 symbols → tick_cache/2026-06-29/
[TIER] STATUS tier1=['DCOY', 'UPC'] tier2=0 capacity=2/5

🔄 Running scanner at 06:25:34 ET...
Error 162, reqId 137585: Historical Market Data Service error message:API scanner subscription cancelled: 137585
  [float_cache] Cleared 20 stale None entries — will re-attempt lookups
IBKR ERROR 162: Historical Market Data Service error message:API scanner subscription cancelled: 137585 (reqId=137585, symbol=?)
[06:25 ET] WNW CHART | O=3.95 H=3.95 L=3.95 C=3.95 V=200 | EMA9=none VWAP=3.96 (-0.4%) HOD=4.05 PM_H=4.05 | MACD=N/A vol_ratio=0.0x avg_vol=0 bars=0 | sq=N/A armed=none
[06:25 ET] QH CHART | O=6.45 H=6.45 L=6.45 C=6.45 V=200 | EMA9=none VWAP=6.78 (-4.8%) HOD=7.39 PM_H=7.39 | MACD=N/A vol_ratio=0.0x avg_vol=0 bars=0 | sq=N/A armed=none
[06:25 ET] WSHP CHART | O=9.28 H=9.28 L=9.28 C=9.28 V=300 | EMA9=none VWAP=9.13 (+1.7%) HOD=9.45 PM_H=9.45 | MACD=N/A vol_ratio=0.0x avg_vol=0 bars=0 | sq=N/A armed=none
[06:25 ET] AMSS CHART | O=2.32 H=2.32 L=2.32 C=2.32 V=400 | EMA9=none VWAP=2.33 (-0.5%) HOD=2.37 PM_H=2.37 | MACD=N/A vol_ratio=0.0x avg_vol=0 bars=0 | sq=N/A armed=none
[06:25 ET] STI CHART | O=13.94 H=13.94 L=13.94 C=13.94 V=200 | EMA9=none VWAP=14.43 (-3.4%) HOD=16.37 PM_H=16.37 | MACD=N/A vol_ratio=0.0x avg_vol=0 bars=0 | sq=N/A armed=none
[06:25 ET] LRMR CHART | O=4.10 H=4.10 L=4.10 C=4.10 V=200 | EMA9=none VWAP=4.19 (-2.2%) HOD=4.35 PM_H=4.35 | MACD=N/A vol_ratio=0.0x avg_vol=0 bars=0 | sq=N/A armed=none
[06:25 ET] CCXI CHART | O=15.55 H=15.55 L=15.55 C=15.55 V=300 | EMA9=none VWAP=15.54 (+0.1%) HOD=16.49 PM_H=16.49 | MACD=N/A vol_ratio=0.0x avg_vol=0 bars=0 | sq=N/A armed=none
  Tick cache: DCOY → +1,358 ticks (total 118,667)
  Tick cache: UPC → +54 ticks (total 76,733)
  Tick cache: WNW → +3 ticks (total 49)
  Tick cache: QH → +2 ticks (total 43)
  Tick cache: WSHP → +2 ticks (total 48)
  Tick cache: AMSS → +2 ticks (total 50)
  Tick cache: STI → +3 ticks (total 46)
  Tick cache: LRMR → +2 ticks (total 55)
📦 Tick cache saved: 8 symbols → tick_cache/2026-06-29/
[ENGINE_PUB] STATS published=96,642 dropped=0 clients=2
  Tick cache: UPC → +83 ticks (total 76,816)
  Saved: /Users/duffy/warrior_bot_v2/scanner_results/2026-06-29.json (29 snapshots)
📊 Scanner: 2 new candidates, 0 new subs, 2 total watching
  TICK AUDIT: DCOY: 5565 ticks in last 60s, last_price=$13.31, last_tick_time=06:26:30
  TICK AUDIT: UPC: 213 ticks in last 60s, last_price=$8.76, last_tick_time=06:26:29
  → ORPHAN IGNORED (sync): FEBO on WB_ORPHAN_HALT_IGNORE_SYMBOLS — NOT adopting; bot keeps trading. Left at broker for manual handling.
[TIER] STATUS tier1=['DCOY', 'UPC'] tier2=0 capacity=2/5
SUBSCRIPTION_AUDIT {"ts":"2026-06-29T06:25:34.245264-04:00","sym":"DCOY","tier":"tick_by_tick","obs_v_5m":85411,"median_v_5m":90420,"ratio_obs_to_median":0.9446,"truth_v_5m":80969,"ratio_obs_to_truth":1.0549,"status":"DIRECT_QUERY_OK","sub_age_sec":5108,"contract_exchange":"SMART","contract_primary":"NASDAQ"}
SUBSCRIPTION_AUDIT {"ts":"2026-06-29T06:25:34.245264-04:00","sym":"UPC","tier":"tick_by_tick","obs_v_5m":58526,"median_v_5m":90420,"ratio_obs_to_median":0.6473,"truth_v_5m":18804,"ratio_obs_to_truth":3.1124,"status":"DIRECT_QUERY_OK","sub_age_sec":3305,"contract_exchange":"SMART","contract_primary":"NASDAQ"}
  Tick cache: DCOY → +2,792 ticks (total 121,459)
  Tick cache: CCXI → +1 ticks (total 59)
  Tick cache: RDWU → +2 ticks (total 62)
  Tick cache: CBRG → +2 ticks (total 60)
  Tick cache: LUNL → +2 ticks (total 6)
  Tick cache: SKYQ → +2 ticks (total 44)
  Tick cache: ORCU → +2 ticks (total 54)
  Tick cache: MBRX → +2 ticks (total 57)
  Tick cache: UNCY → +2 ticks (total 6)
  Tick cache: IRE → +2 ticks (total 42)
  Tick cache: RZLV → +1 ticks (total 25)
  Tick cache: SLS → +1 ticks (total 48)
  Tick cache: OKLL → +1 ticks (total 25)
📦 Tick cache saved: 14 symbols → tick_cache/2026-06-29/
  ⚠️ ORPHAN POSITION FOUND: FEBO qty=219 (available=219) entry=$1.12 unrealized=$-45.78 value=$198.78
  → ORPHAN IGNORED: FEBO on WB_ORPHAN_HALT_IGNORE_SYMBOLS — NOT adopting, NOT halting. Bot keeps trading other names; position left at broker for manual handling.
SUBSCRIPTION_AUDIT {"ts":"2026-06-29T06:26:31.426789-04:00","sym":"UPC","tier":"tick_by_tick","obs_v_5m":36908,"median_v_5m":90420,"ratio_obs_to_median":0.4082,"truth_v_5m":null,"ratio_obs_to_truth":null,"status":"OK","sub_age_sec":3362,"contract_exchange":"SMART","contract_primary":"NASDAQ"}
SUBSCRIPTION_AUDIT {"ts":"2026-06-29T06:26:31.426789-04:00","sym":"DCOY","tier":"tick_by_tick","obs_v_5m":143933,"median_v_5m":90420,"ratio_obs_to_median":1.5918,"truth_v_5m":null,"ratio_obs_to_truth":null,"status":"OK","sub_age_sec":5165,"contract_exchange":"SMART","contract_primary":"NASDAQ"}
[06:27 ET] DCOY SQ | SQ_REJECT: not_new_hod (bar_high=$13.8900 < HOD=$14.2600)
[TIER] STATUS tier1=['DCOY', 'UPC'] tier2=0 capacity=2/5
[06:27:00 ET] ACTIVE | flat | daily=$+0 (0t) | conn=OK | ticks=4159 | DCOY:3049t/IDLE UPC:86t/ARMED/arm$10.02
[06:27:01 ET] ACTIVE | flat | daily=$+0 (0t) | conn=OK | ticks=4190 | DCOY:3078t/IDLE UPC:88t/ARMED/arm$10.02
  Tick cache: DCOY → +3,185 ticks (total 124,644)
  Tick cache: UPC → +89 ticks (total 76,905)
📦 Tick cache saved: 2 symbols → tick_cache/2026-06-29/
[ENGINE_PUB] STATS published=101,871 dropped=0 clients=2
  TICK AUDIT: DCOY: 4875 ticks in last 60s, last_price=$13.14, last_tick_time=06:27:30
  TICK AUDIT: UPC: 143 ticks in last 60s, last_price=$8.76, last_tick_time=06:27:30
  → ORPHAN IGNORED (sync): FEBO on WB_ORPHAN_HALT_IGNORE_SYMBOLS — NOT adopting; bot keeps trading. Left at broker for manual handling.
[TIER] STATUS tier1=['DCOY', 'UPC'] tier2=0 capacity=2/5
  ⚠️ ORPHAN POSITION FOUND: FEBO qty=219 (available=219) entry=$1.12 unrealized=$-45.78 value=$198.78
  → ORPHAN IGNORED: FEBO on WB_ORPHAN_HALT_IGNORE_SYMBOLS — NOT adopting, NOT halting. Bot keeps trading other names; position left at broker for manual handling.
SUBSCRIPTION_AUDIT {"ts":"2026-06-29T06:27:31.624886-04:00","sym":"UPC","tier":"tick_by_tick","obs_v_5m":29817,"median_v_5m":124687,"ratio_obs_to_median":0.2391,"truth_v_5m":null,"ratio_obs_to_truth":null,"status":"OK","sub_age_sec":3422,"contract_exchange":"SMART","contract_primary":"NASDAQ"}
SUBSCRIPTION_AUDIT {"ts":"2026-06-29T06:27:31.624886-04:00","sym":"DCOY","tier":"tick_by_tick","obs_v_5m":219557,"median_v_5m":124687,"ratio_obs_to_median":1.7609,"truth_v_5m":null,"ratio_obs_to_truth":null,"status":"OK","sub_age_sec":5226,"contract_exchange":"SMART","contract_primary":"NASDAQ"}
  Tick cache: DCOY → +1,927 ticks (total 126,571)
  Tick cache: UPC → +62 ticks (total 76,967)
📦 Tick cache saved: 2 symbols → tick_cache/2026-06-29/
[TIER] STATUS tier1=['DCOY', 'UPC'] tier2=0 capacity=2/5
[06:28:00 ET] ACTIVE | flat | daily=$+0 (0t) | conn=OK | ticks=2018 | DCOY:865t/IDLE UPC:129t/ARMED/arm$10.02
[06:28:01 ET] ACTIVE | flat | daily=$+0 (0t) | conn=OK | ticks=2053 | DCOY:898t/IDLE UPC:131t/ARMED/arm$10.02
  Tick cache: DCOY → +895 ticks (total 127,466)
  Tick cache: UPC → +133 ticks (total 77,100)
📦 Tick cache saved: 2 symbols → tick_cache/2026-06-29/
[ENGINE_PUB] STATS published=104,431 dropped=0 clients=2
  TICK AUDIT: DCOY: 1684 ticks in last 60s, last_price=$13.20, last_tick_time=06:28:30
  TICK AUDIT: UPC: 165 ticks in last 60s, last_price=$8.77, last_tick_time=06:28:30
  → ORPHAN IGNORED (sync): FEBO on WB_ORPHAN_HALT_IGNORE_SYMBOLS — NOT adopting; bot keeps trading. Left at broker for manual handling.
[TIER] STATUS tier1=['DCOY', 'UPC'] tier2=0 capacity=2/5
  ⚠️ ORPHAN POSITION FOUND: FEBO qty=219 (available=219) entry=$1.12 unrealized=$-45.78 value=$198.78
  → ORPHAN IGNORED: FEBO on WB_ORPHAN_HALT_IGNORE_SYMBOLS — NOT adopting, NOT halting. Bot keeps trading other names; position left at broker for manual handling.
SUBSCRIPTION_AUDIT {"ts":"2026-06-29T06:28:31.855357-04:00","sym":"UPC","tier":"tick_by_tick","obs_v_5m":22979,"median_v_5m":129359,"ratio_obs_to_median":0.1776,"truth_v_5m":null,"ratio_obs_to_truth":null,"status":"OK","sub_age_sec":3482,"contract_exchange":"SMART","contract_primary":"NASDAQ"}
SUBSCRIPTION_AUDIT {"ts":"2026-06-29T06:28:31.855357-04:00","sym":"DCOY","tier":"tick_by_tick","obs_v_5m":235739,"median_v_5m":129359,"ratio_obs_to_median":1.8224,"truth_v_5m":null,"ratio_obs_to_truth":null,"status":"OK","sub_age_sec":5286,"contract_exchange":"SMART","contract_primary":"NASDAQ"}
  Tick cache: DCOY → +791 ticks (total 128,257)
  Tick cache: UPC → +41 ticks (total 77,141)
📦 Tick cache saved: 2 symbols → tick_cache/2026-06-29/
[TIER] STATUS tier1=['DCOY', 'UPC'] tier2=0 capacity=2/5
[06:29:00 ET] ACTIVE | flat | daily=$+0 (0t) | conn=OK | ticks=1544 | DCOY:456t/IDLE UPC:64t/ARMED/arm$10.02
[06:29:01 ET] ACTIVE | flat | daily=$+0 (0t) | conn=OK | ticks=1558 | DCOY:469t/IDLE UPC:65t/ARMED/arm$10.02
[06:29:08 ET] [MOVE] FIRESTORM_GATE_BLOCK UPC setup=move_strike prior_bar_ticks=109 threshold=6000
[06:29:08 ET] [MOVE] FIRESTORM_GATE_BLOCK UPC setup=move_strike prior_bar_ticks=109 threshold=6000
[06:29:08 ET] [MOVE] FIRESTORM_GATE_BLOCK UPC setup=move_strike prior_bar_ticks=109 threshold=6000
[06:29:08 ET] [MOVE] FIRESTORM_GATE_BLOCK UPC setup=move_strike prior_bar_ticks=109 threshold=6000
[06:29:08 ET] [MOVE] FIRESTORM_GATE_BLOCK UPC setup=move_strike prior_bar_ticks=109 threshold=6000
[06:29:08 ET] [MOVE] FIRESTORM_GATE_BLOCK UPC setup=move_strike prior_bar_ticks=109 threshold=6000
[06:29:08 ET] [MOVE] FIRESTORM_GATE_BLOCK UPC setup=move_strike prior_bar_ticks=109 threshold=6000
[06:29:08 ET] [MOVE] FIRESTORM_GATE_BLOCK UPC setup=move_strike prior_bar_ticks=109 threshold=6000
[06:29:08 ET] [MOVE] FIRESTORM_GATE_BLOCK UPC setup=move_strike prior_bar_ticks=109 threshold=6000
[06:29:10 ET] [MOVE] FIRESTORM_GATE_BLOCK UPC setup=move_strike prior_bar_ticks=109 threshold=6000
[06:29:10 ET] [MOVE] FIRESTORM_GATE_BLOCK UPC setup=move_strike prior_bar_ticks=109 threshold=6000
[06:29:10 ET] [MOVE] FIRESTORM_GATE_BLOCK UPC setup=move_strike prior_bar_ticks=109 threshold=6000
[06:29:10 ET] [MOVE] FIRESTORM_GATE_BLOCK UPC setup=move_strike prior_bar_ticks=109 threshold=6000
[06:29:10 ET] [MOVE] FIRESTORM_GATE_BLOCK UPC setup=move_strike prior_bar_ticks=109 threshold=6000
[06:29:10 ET] [MOVE] FIRESTORM_GATE_BLOCK UPC setup=move_strike prior_bar_ticks=109 threshold=6000
[06:29:10 ET] [MOVE] FIRESTORM_GATE_BLOCK UPC setup=move_strike prior_bar_ticks=109 threshold=6000
[06:29:11 ET] [MOVE] FIRESTORM_GATE_BLOCK UPC setup=move_strike prior_bar_ticks=109 threshold=6000
  Tick cache: DCOY → +535 ticks (total 128,792)
[06:29:13 ET] [MOVE] FIRESTORM_GATE_BLOCK UPC setup=move_strike prior_bar_ticks=109 threshold=6000
[06:29:13 ET] [MOVE] FIRESTORM_GATE_BLOCK UPC setup=move_strike prior_bar_ticks=109 threshold=6000
[06:29:13 ET] [MOVE] FIRESTORM_GATE_BLOCK UPC setup=move_strike prior_bar_ticks=109 threshold=6000
  Tick cache: UPC → +100 ticks (total 77,241)
📦 Tick cache saved: 2 symbols → tick_cache/2026-06-29/
[ENGINE_PUB] STATS published=105,631 dropped=0 clients=2
[06:29:16 ET] [MOVE] FIRESTORM_GATE_BLOCK UPC setup=move_strike prior_bar_ticks=109 threshold=6000
[06:29:17 ET] [MOVE] FIRESTORM_GATE_BLOCK UPC setup=move_strike prior_bar_ticks=109 threshold=6000
[06:29:17 ET] [MOVE] FIRESTORM_GATE_BLOCK UPC setup=move_strike prior_bar_ticks=109 threshold=6000
[06:29:17 ET] [MOVE] FIRESTORM_GATE_BLOCK UPC setup=move_strike prior_bar_ticks=109 threshold=6000
[06:29:17 ET] [MOVE] FIRESTORM_GATE_BLOCK UPC setup=move_strike prior_bar_ticks=109 threshold=6000
[06:29:17 ET] [MOVE] FIRESTORM_GATE_BLOCK UPC setup=move_strike prior_bar_ticks=109 threshold=6000
[06:29:17 ET] [MOVE] FIRESTORM_GATE_BLOCK UPC setup=move_strike prior_bar_ticks=109 threshold=6000
[06:29:17 ET] [MOVE] FIRESTORM_GATE_BLOCK UPC setup=move_strike prior_bar_ticks=109 threshold=6000
[06:29:17 ET] [MOVE] FIRESTORM_GATE_BLOCK UPC setup=move_strike prior_bar_ticks=109 threshold=6000
[06:29:17 ET] [MOVE] FIRESTORM_GATE_BLOCK UPC setup=move_strike prior_bar_ticks=109 threshold=6000
[06:29:17 ET] [MOVE] FIRESTORM_GATE_BLOCK UPC setup=move_strike prior_bar_ticks=109 threshold=6000
[06:29:17 ET] [MOVE] FIRESTORM_GATE_BLOCK UPC setup=move_strike prior_bar_ticks=109 threshold=6000
[06:29:17 ET] [MOVE] FIRESTORM_GATE_BLOCK UPC setup=move_strike prior_bar_ticks=109 threshold=6000
[06:29:17 ET] [MOVE] FIRESTORM_GATE_BLOCK UPC setup=move_strike prior_bar_ticks=109 threshold=6000
[06:29:17 ET] [MOVE] FIRESTORM_GATE_BLOCK UPC setup=move_strike prior_bar_ticks=109 threshold=6000
[06:29:17 ET] [MOVE] FIRESTORM_GATE_BLOCK UPC setup=move_strike prior_bar_ticks=109 threshold=6000
[06:29:17 ET] [MOVE] FIRESTORM_GATE_BLOCK UPC setup=move_strike prior_bar_ticks=109 threshold=6000
[06:29:17 ET] [MOVE] FIRESTORM_GATE_BLOCK UPC setup=move_strike prior_bar_ticks=109 threshold=6000
[06:29:17 ET] [MOVE] FIRESTORM_GATE_BLOCK UPC setup=move_strike prior_bar_ticks=109 threshold=6000
[06:29:17 ET] [MOVE] FIRESTORM_GATE_BLOCK UPC setup=move_strike prior_bar_ticks=109 threshold=6000
[06:29:17 ET] [MOVE] FIRESTORM_GATE_BLOCK UPC setup=move_strike prior_bar_ticks=109 threshold=6000
[06:29:17 ET] [MOVE] FIRESTORM_GATE_BLOCK UPC setup=move_strike prior_bar_ticks=109 threshold=6000
[06:29:17 ET] [MOVE] FIRESTORM_GATE_BLOCK UPC setup=move_strike prior_bar_ticks=109 threshold=6000
[06:29:17 ET] [MOVE] FIRESTORM_GATE_BLOCK UPC setup=move_strike prior_bar_ticks=109 threshold=6000
[06:29:17 ET] [MOVE] FIRESTORM_GATE_BLOCK UPC setup=move_strike prior_bar_ticks=109 threshold=6000
[06:29:17 ET] [MOVE] FIRESTORM_GATE_BLOCK UPC setup=move_strike prior_bar_ticks=109 threshold=6000
[06:29:17 ET] [MOVE] FIRESTORM_GATE_BLOCK UPC setup=move_strike prior_bar_ticks=109 threshold=6000
[06:29:17 ET] [MOVE] FIRESTORM_GATE_BLOCK UPC setup=move_strike prior_bar_ticks=109 threshold=6000
[06:29:17 ET] [MOVE] FIRESTORM_GATE_BLOCK UPC setup=move_strike prior_bar_ticks=109 threshold=6000
[06:29:17 ET] [MOVE] FIRESTORM_GATE_BLOCK UPC setup=move_strike prior_bar_ticks=109 threshold=6000
[06:29:17 ET] [MOVE] FIRESTORM_GATE_BLOCK UPC setup=move_strike prior_bar_ticks=109 threshold=6000
[06:29:17 ET] [MOVE] FIRESTORM_GATE_BLOCK UPC setup=move_strike prior_bar_ticks=109 threshold=6000
[06:29:17 ET] [MOVE] FIRESTORM_GATE_BLOCK UPC setup=move_strike prior_bar_ticks=109 threshold=6000
[06:29:17 ET] [MOVE] FIRESTORM_GATE_BLOCK UPC setup=move_strike prior_bar_ticks=109 threshold=6000
[06:29:17 ET] [MOVE] FIRESTORM_GATE_BLOCK UPC setup=move_strike prior_bar_ticks=109 threshold=6000
[06:29:17 ET] [MOVE] FIRESTORM_GATE_BLOCK UPC setup=move_strike prior_bar_ticks=109 threshold=6000
[06:29:17 ET] [MOVE] FIRESTORM_GATE_BLOCK UPC setup=move_strike prior_bar_ticks=109 threshold=6000
[06:29:17 ET] [MOVE] FIRESTORM_GATE_BLOCK UPC setup=move_strike prior_bar_ticks=109 threshold=6000
[06:29:17 ET] [MOVE] FIRESTORM_GATE_BLOCK UPC setup=move_strike prior_bar_ticks=109 threshold=6000
[06:29:17 ET] [MOVE] FIRESTORM_GATE_BLOCK UPC setup=move_strike prior_bar_ticks=109 threshold=6000
[06:29:17 ET] [MOVE] FIRESTORM_GATE_BLOCK UPC setup=move_strike prior_bar_ticks=109 threshold=6000
[06:29:17 ET] [MOVE] FIRESTORM_GATE_BLOCK UPC setup=move_strike prior_bar_ticks=109 threshold=6000
[06:29:17 ET] [MOVE] FIRESTORM_GATE_BLOCK UPC setup=move_strike prior_bar_ticks=109 threshold=6000
[06:29:17 ET] [MOVE] FIRESTORM_GATE_BLOCK UPC setup=move_strike prior_bar_ticks=109 threshold=6000
[06:29:17 ET] [MOVE] FIRESTORM_GATE_BLOCK UPC setup=move_strike prior_bar_ticks=109 threshold=6000
[06:29:18 ET] [MOVE] FIRESTORM_GATE_BLOCK UPC setup=move_strike prior_bar_ticks=109 threshold=6000
[06:29:19 ET] [MOVE] FIRESTORM_GATE_BLOCK UPC setup=move_strike prior_bar_ticks=109 threshold=6000
[06:29:19 ET] [MOVE] FIRESTORM_GATE_BLOCK UPC setup=move_strike prior_bar_ticks=109 threshold=6000
[06:29:19 ET] [MOVE] FIRESTORM_GATE_BLOCK UPC setup=move_strike prior_bar_ticks=109 threshold=6000
[06:29:19 ET] [MOVE] FIRESTORM_GATE_BLOCK UPC setup=move_strike prior_bar_ticks=109 threshold=6000
[06:29:19 ET] [MOVE] FIRESTORM_GATE_BLOCK UPC setup=move_strike prior_bar_ticks=109 threshold=6000
[06:29:19 ET] [MOVE] FIRESTORM_GATE_BLOCK UPC setup=move_strike prior_bar_ticks=109 threshold=6000
[06:29:19 ET] [MOVE] FIRESTORM_GATE_BLOCK UPC setup=move_strike prior_bar_ticks=109 threshold=6000
[06:29:19 ET] [MOVE] FIRESTORM_GATE_BLOCK UPC setup=move_strike prior_bar_ticks=109 threshold=6000
[06:29:19 ET] [MOVE] FIRESTORM_GATE_BLOCK UPC setup=move_strike prior_bar_ticks=109 threshold=6000
[06:29:19 ET] [MOVE] FIRESTORM_GATE_BLOCK UPC setup=move_strike prior_bar_ticks=109 threshold=6000
[06:29:19 ET] [MOVE] FIRESTORM_GATE_BLOCK UPC setup=move_strike prior_bar_ticks=109 threshold=6000
[06:29:20 ET] [MOVE] FIRESTORM_GATE_BLOCK UPC setup=move_strike prior_bar_ticks=109 threshold=6000
[06:29:21 ET] [MOVE] FIRESTORM_GATE_BLOCK UPC setup=move_strike prior_bar_ticks=109 threshold=6000
[06:29:21 ET] [MOVE] FIRESTORM_GATE_BLOCK UPC setup=move_strike prior_bar_ticks=109 threshold=6000
[06:29:21 ET] [MOVE] FIRESTORM_GATE_BLOCK UPC setup=move_strike prior_bar_ticks=109 threshold=6000
[06:29:21 ET] [MOVE] FIRESTORM_GATE_BLOCK UPC setup=move_strike prior_bar_ticks=109 threshold=6000
[06:29:21 ET] [MOVE] FIRESTORM_GATE_BLOCK UPC setup=move_strike prior_bar_ticks=109 threshold=6000
[06:29:21 ET] [MOVE] FIRESTORM_GATE_BLOCK UPC setup=move_strike prior_bar_ticks=109 threshold=6000
[06:29:21 ET] [MOVE] FIRESTORM_GATE_BLOCK UPC setup=move_strike prior_bar_ticks=109 threshold=6000
[06:29:21 ET] [MOVE] FIRESTORM_GATE_BLOCK UPC setup=move_strike prior_bar_ticks=109 threshold=6000
[06:29:21 ET] [MOVE] FIRESTORM_GATE_BLOCK UPC setup=move_strike prior_bar_ticks=109 threshold=6000
[06:29:21 ET] [MOVE] FIRESTORM_GATE_BLOCK UPC setup=move_strike prior_bar_ticks=109 threshold=6000
[06:29:21 ET] [MOVE] FIRESTORM_GATE_BLOCK UPC setup=move_strike prior_bar_ticks=109 threshold=6000
[06:29:22 ET] [MOVE] FIRESTORM_GATE_BLOCK UPC setup=move_strike prior_bar_ticks=109 threshold=6000
[06:29:22 ET] [MOVE] FIRESTORM_GATE_BLOCK UPC setup=move_strike prior_bar_ticks=109 threshold=6000
[06:29:22 ET] [MOVE] FIRESTORM_GATE_BLOCK UPC setup=move_strike prior_bar_ticks=109 threshold=6000
[06:29:22 ET] [MOVE] FIRESTORM_GATE_BLOCK UPC setup=move_strike prior_bar_ticks=109 threshold=6000
[06:29:22 ET] [MOVE] FIRESTORM_GATE_BLOCK UPC setup=move_strike prior_bar_ticks=109 threshold=6000
[06:29:22 ET] [MOVE] FIRESTORM_GATE_BLOCK UPC setup=move_strike prior_bar_ticks=109 threshold=6000
[06:29:22 ET] [MOVE] FIRESTORM_GATE_BLOCK UPC setup=move_strike prior_bar_ticks=109 threshold=6000
[06:29:22 ET] [MOVE] FIRESTORM_GATE_BLOCK UPC setup=move_strike prior_bar_ticks=109 threshold=6000
[06:29:22 ET] [MOVE] FIRESTORM_GATE_BLOCK UPC setup=move_strike prior_bar_ticks=109 threshold=6000
[06:29:22 ET] [MOVE] FIRESTORM_GATE_BLOCK UPC setup=move_strike prior_bar_ticks=109 threshold=6000
[06:29:22 ET] [MOVE] FIRESTORM_GATE_BLOCK UPC setup=move_strike prior_bar_ticks=109 threshold=6000
[06:29:22 ET] [MOVE] FIRESTORM_GATE_BLOCK UPC setup=move_strike prior_bar_ticks=109 threshold=6000
[06:29:22 ET] [MOVE] FIRESTORM_GATE_BLOCK UPC setup=move_strike prior_bar_ticks=109 threshold=6000
[06:29:22 ET] [MOVE] FIRESTORM_GATE_BLOCK UPC setup=move_strike prior_bar_ticks=109 threshold=6000
[06:29:22 ET] [MOVE] FIRESTORM_GATE_BLOCK UPC setup=move_strike prior_bar_ticks=109 threshold=6000
[06:29:22 ET] [MOVE] FIRESTORM_GATE_BLOCK UPC setup=move_strike prior_bar_ticks=109 threshold=6000
[06:29:22 ET] [MOVE] FIRESTORM_GATE_BLOCK UPC setup=move_strike prior_bar_ticks=109 threshold=6000
[06:29:22 ET] [MOVE] FIRESTORM_GATE_BLOCK UPC setup=move_strike prior_bar_ticks=109 threshold=6000
[06:29:22 ET] [MOVE] FIRESTORM_GATE_BLOCK UPC setup=move_strike prior_bar_ticks=109 threshold=6000
[06:29:22 ET] [MOVE] FIRESTORM_GATE_BLOCK UPC setup=move_strike prior_bar_ticks=109 threshold=6000
[06:29:22 ET] [MOVE] FIRESTORM_GATE_BLOCK UPC setup=move_strike prior_bar_ticks=109 threshold=6000
[06:29:22 ET] [MOVE] FIRESTORM_GATE_BLOCK UPC setup=move_strike prior_bar_ticks=109 threshold=6000
[06:29:22 ET] [MOVE] FIRESTORM_GATE_BLOCK UPC setup=move_strike prior_bar_ticks=109 threshold=6000
[06:29:22 ET] [MOVE] FIRESTORM_GATE_BLOCK UPC setup=move_strike prior_bar_ticks=109 threshold=6000
[06:29:22 ET] [MOVE] FIRESTORM_GATE_BLOCK UPC setup=move_strike prior_bar_ticks=109 threshold=6000
[06:29:22 ET] [MOVE] FIRESTORM_GATE_BLOCK UPC setup=move_strike prior_bar_ticks=109 threshold=6000
[06:29:22 ET] [MOVE] FIRESTORM_GATE_BLOCK UPC setup=move_strike prior_bar_ticks=109 threshold=6000
[06:29:22 ET] [MOVE] FIRESTORM_GATE_BLOCK UPC setup=move_strike prior_bar_ticks=109 threshold=6000
[06:29:22 ET] [MOVE] FIRESTORM_GATE_BLOCK UPC setup=move_strike prior_bar_ticks=109 threshold=6000
[06:29:22 ET] [MOVE] FIRESTORM_GATE_BLOCK UPC setup=move_strike prior_bar_ticks=109 threshold=6000
[06:29:22 ET] [MOVE] FIRESTORM_GATE_BLOCK UPC setup=move_strike prior_bar_ticks=109 threshold=6000
[06:29:22 ET] [MOVE] FIRESTORM_GATE_BLOCK UPC setup=move_strike prior_bar_ticks=109 threshold=6000
[06:29:22 ET] [MOVE] FIRESTORM_GATE_BLOCK UPC setup=move_strike prior_bar_ticks=109 threshold=6000
[06:29:22 ET] [MOVE] FIRESTORM_GATE_BLOCK UPC setup=move_strike prior_bar_ticks=109 threshold=6000
[06:29:22 ET] [MOVE] FIRESTORM_GATE_BLOCK UPC setup=move_strike prior_bar_ticks=109 threshold=6000
[06:29:22 ET] [MOVE] FIRESTORM_GATE_BLOCK UPC setup=move_strike prior_bar_ticks=109 threshold=6000
[06:29:22 ET] [MOVE] FIRESTORM_GATE_BLOCK UPC setup=move_strike prior_bar_ticks=109 threshold=6000
[06:29:22 ET] [MOVE] FIRESTORM_GATE_BLOCK UPC setup=move_strike prior_bar_ticks=109 threshold=6000
[06:29:22 ET] [MOVE] FIRESTORM_GATE_BLOCK UPC setup=move_strike prior_bar_ticks=109 threshold=6000
[06:29:22 ET] [MOVE] FIRESTORM_GATE_BLOCK UPC setup=move_strike prior_bar_ticks=109 threshold=6000
[06:29:22 ET] [MOVE] FIRESTORM_GATE_BLOCK UPC setup=move_strike prior_bar_ticks=109 threshold=6000
[06:29:22 ET] [MOVE] FIRESTORM_GATE_BLOCK UPC setup=move_strike prior_bar_ticks=109 threshold=6000
[06:29:22 ET] [MOVE] FIRESTORM_GATE_BLOCK UPC setup=move_strike prior_bar_ticks=109 threshold=6000
[06:29:22 ET] [MOVE] FIRESTORM_GATE_BLOCK UPC setup=move_strike prior_bar_ticks=109 threshold=6000
[06:29:22 ET] [MOVE] FIRESTORM_GATE_BLOCK UPC setup=move_strike prior_bar_ticks=109 threshold=6000
[06:29:22 ET] [MOVE] FIRESTORM_GATE_BLOCK UPC setup=move_strike prior_bar_ticks=109 threshold=6000
[06:29:22 ET] [MOVE] FIRESTORM_GATE_BLOCK UPC setup=move_strike prior_bar_ticks=109 threshold=6000
[06:29:22 ET] [MOVE] FIRESTORM_GATE_BLOCK UPC setup=move_strike prior_bar_ticks=109 threshold=6000
[06:29:22 ET] [MOVE] FIRESTORM_GATE_BLOCK UPC setup=move_strike prior_bar_ticks=109 threshold=6000
[06:29:22 ET] [MOVE] FIRESTORM_GATE_BLOCK UPC setup=move_strike prior_bar_ticks=109 threshold=6000
[06:29:22 ET] [MOVE] FIRESTORM_GATE_BLOCK UPC setup=move_strike prior_bar_ticks=109 threshold=6000
[06:29:22 ET] [MOVE] FIRESTORM_GATE_BLOCK UPC setup=move_strike prior_bar_ticks=109 threshold=6000
[06:29:22 ET] [MOVE] FIRESTORM_GATE_BLOCK UPC setup=move_strike prior_bar_ticks=109 threshold=6000
[06:29:22 ET] [MOVE] FIRESTORM_GATE_BLOCK UPC setup=move_strike prior_bar_ticks=109 threshold=6000
[06:29:22 ET] [MOVE] FIRESTORM_GATE_BLOCK UPC setup=move_strike prior_bar_ticks=109 threshold=6000
[06:29:22 ET] [MOVE] FIRESTORM_GATE_BLOCK UPC setup=move_strike prior_bar_ticks=109 threshold=6000
[06:29:22 ET] [MOVE] FIRESTORM_GATE_BLOCK UPC setup=move_strike prior_bar_ticks=109 threshold=6000
[06:29:22 ET] [MOVE] FIRESTORM_GATE_BLOCK UPC setup=move_strike prior_bar_ticks=109 threshold=6000
[06:29:22 ET] [MOVE] FIRESTORM_GATE_BLOCK UPC setup=move_strike prior_bar_ticks=109 threshold=6000
[06:29:22 ET] [MOVE] FIRESTORM_GATE_BLOCK UPC setup=move_strike prior_bar_ticks=109 threshold=6000
[06:29:22 ET] [MOVE] FIRESTORM_GATE_BLOCK UPC setup=move_strike prior_bar_ticks=109 threshold=6000
[06:29:22 ET] [MOVE] FIRESTORM_GATE_BLOCK UPC setup=move_strike prior_bar_ticks=109 threshold=6000
[06:29:22 ET] [MOVE] FIRESTORM_GATE_BLOCK UPC setup=move_strike prior_bar_ticks=109 threshold=6000
[06:29:22 ET] [MOVE] FIRESTORM_GATE_BLOCK UPC setup=move_strike prior_bar_ticks=109 threshold=6000
[06:29:22 ET] [MOVE] FIRESTORM_GATE_BLOCK UPC setup=move_strike prior_bar_ticks=109 threshold=6000
[06:29:22 ET] [MOVE] FIRESTORM_GATE_BLOCK UPC setup=move_strike prior_bar_ticks=109 threshold=6000
[06:29:22 ET] [MOVE] FIRESTORM_GATE_BLOCK UPC setup=move_strike prior_bar_ticks=109 threshold=6000
[06:29:23 ET] [MOVE] FIRESTORM_GATE_BLOCK UPC setup=move_strike prior_bar_ticks=109 threshold=6000
[06:29:23 ET] [MOVE] FIRESTORM_GATE_BLOCK UPC setup=move_strike prior_bar_ticks=109 threshold=6000
[06:29:23 ET] [MOVE] FIRESTORM_GATE_BLOCK UPC setup=move_strike prior_bar_ticks=109 threshold=6000
[06:29:23 ET] [MOVE] FIRESTORM_GATE_BLOCK UPC setup=move_strike prior_bar_ticks=109 threshold=6000
[06:29:23 ET] [MOVE] FIRESTORM_GATE_BLOCK UPC setup=move_strike prior_bar_ticks=109 threshold=6000
[06:29:24 ET] [MOVE] FIRESTORM_GATE_BLOCK UPC setup=move_strike prior_bar_ticks=109 threshold=6000
[06:29:24 ET] [MOVE] FIRESTORM_GATE_BLOCK UPC setup=move_strike prior_bar_ticks=109 threshold=6000
[06:29:24 ET] [MOVE] FIRESTORM_GATE_BLOCK UPC setup=move_strike prior_bar_ticks=109 threshold=6000
[06:29:24 ET] [MOVE] FIRESTORM_GATE_BLOCK UPC setup=move_strike prior_bar_ticks=109 threshold=6000
[06:29:24 ET] [MOVE] FIRESTORM_GATE_BLOCK UPC setup=move_strike prior_bar_ticks=109 threshold=6000
[06:29:24 ET] [MOVE] FIRESTORM_GATE_BLOCK UPC setup=move_strike prior_bar_ticks=109 threshold=6000
[06:29:25 ET] [MOVE] FIRESTORM_GATE_BLOCK UPC setup=move_strike prior_bar_ticks=109 threshold=6000
[06:29:25 ET] [MOVE] FIRESTORM_GATE_BLOCK UPC setup=move_strike prior_bar_ticks=109 threshold=6000
[06:29:25 ET] [MOVE] FIRESTORM_GATE_BLOCK UPC setup=move_strike prior_bar_ticks=109 threshold=6000
[06:29:25 ET] [MOVE] FIRESTORM_GATE_BLOCK UPC setup=move_strike prior_bar_ticks=109 threshold=6000
[06:29:25 ET] [MOVE] FIRESTORM_GATE_BLOCK UPC setup=move_strike prior_bar_ticks=109 threshold=6000
[06:29:25 ET] [MOVE] FIRESTORM_GATE_BLOCK UPC setup=move_strike prior_bar_ticks=109 threshold=6000
[06:29:26 ET] [MOVE] FIRESTORM_GATE_BLOCK UPC setup=move_strike prior_bar_ticks=109 threshold=6000
[06:29:26 ET] [MOVE] FIRESTORM_GATE_BLOCK UPC setup=move_strike prior_bar_ticks=109 threshold=6000
[06:29:26 ET] [MOVE] FIRESTORM_GATE_BLOCK UPC setup=move_strike prior_bar_ticks=109 threshold=6000
[06:29:26 ET] [MOVE] FIRESTORM_GATE_BLOCK UPC setup=move_strike prior_bar_ticks=109 threshold=6000
[06:29:26 ET] [MOVE] FIRESTORM_GATE_BLOCK UPC setup=move_strike prior_bar_ticks=109 threshold=6000
[06:29:26 ET] [MOVE] FIRESTORM_GATE_BLOCK UPC setup=move_strike prior_bar_ticks=109 threshold=6000
[06:29:26 ET] [MOVE] FIRESTORM_GATE_BLOCK UPC setup=move_strike prior_bar_ticks=109 threshold=6000
[06:29:26 ET] [MOVE] FIRESTORM_GATE_BLOCK UPC setup=move_strike prior_bar_ticks=109 threshold=6000
[06:29:26 ET] [MOVE] FIRESTORM_GATE_BLOCK UPC setup=move_strike prior_bar_ticks=109 threshold=6000
[06:29:26 ET] [MOVE] FIRESTORM_GATE_BLOCK UPC setup=move_strike prior_bar_ticks=109 threshold=6000
[06:29:26 ET] [MOVE] FIRESTORM_GATE_BLOCK UPC setup=move_strike prior_bar_ticks=109 threshold=6000
[06:29:26 ET] [MOVE] FIRESTORM_GATE_BLOCK UPC setup=move_strike prior_bar_ticks=109 threshold=6000
[06:29:26 ET] [MOVE] FIRESTORM_GATE_BLOCK UPC setup=move_strike prior_bar_ticks=109 threshold=6000
[06:29:26 ET] [MOVE] FIRESTORM_GATE_BLOCK UPC setup=move_strike prior_bar_ticks=109 threshold=6000
[06:29:26 ET] [MOVE] FIRESTORM_GATE_BLOCK UPC setup=move_strike prior_bar_ticks=109 threshold=6000
[06:29:26 ET] [MOVE] FIRESTORM_GATE_BLOCK UPC setup=move_strike prior_bar_ticks=109 threshold=6000
[06:29:26 ET] [MOVE] FIRESTORM_GATE_BLOCK UPC setup=move_strike prior_bar_ticks=109 threshold=6000
[06:29:26 ET] [MOVE] FIRESTORM_GATE_BLOCK UPC setup=move_strike prior_bar_ticks=109 threshold=6000
[06:29:26 ET] [MOVE] FIRESTORM_GATE_BLOCK UPC setup=move_strike prior_bar_ticks=109 threshold=6000
[06:29:26 ET] [MOVE] FIRESTORM_GATE_BLOCK UPC setup=move_strike prior_bar_ticks=109 threshold=6000
[06:29:26 ET] [MOVE] FIRESTORM_GATE_BLOCK UPC setup=move_strike prior_bar_ticks=109 threshold=6000
[06:29:26 ET] [MOVE] FIRESTORM_GATE_BLOCK UPC setup=move_strike prior_bar_ticks=109 threshold=6000
[06:29:27 ET] [MOVE] FIRESTORM_GATE_BLOCK UPC setup=move_strike prior_bar_ticks=109 threshold=6000
[06:29:27 ET] [MOVE] FIRESTORM_GATE_BLOCK UPC setup=move_strike prior_bar_ticks=109 threshold=6000
[06:29:27 ET] [MOVE] FIRESTORM_GATE_BLOCK UPC setup=move_strike prior_bar_ticks=109 threshold=6000
[06:29:27 ET] [MOVE] FIRESTORM_GATE_BLOCK UPC setup=move_strike prior_bar_ticks=109 threshold=6000
[06:29:27 ET] [MOVE] FIRESTORM_GATE_BLOCK UPC setup=move_strike prior_bar_ticks=109 threshold=6000
[06:29:27 ET] [MOVE] FIRESTORM_GATE_BLOCK UPC setup=move_strike prior_bar_ticks=109 threshold=6000
[06:29:27 ET] [MOVE] FIRESTORM_GATE_BLOCK UPC setup=move_strike prior_bar_ticks=109 threshold=6000
[06:29:27 ET] [MOVE] FIRESTORM_GATE_BLOCK UPC setup=move_strike prior_bar_ticks=109 threshold=6000
[06:29:27 ET] [MOVE] FIRESTORM_GATE_BLOCK UPC setup=move_strike prior_bar_ticks=109 threshold=6000
[06:29:27 ET] [MOVE] FIRESTORM_GATE_BLOCK UPC setup=move_strike prior_bar_ticks=109 threshold=6000
[06:29:27 ET] [MOVE] FIRESTORM_GATE_BLOCK UPC setup=move_strike prior_bar_ticks=109 threshold=6000
[06:29:27 ET] [MOVE] FIRESTORM_GATE_BLOCK UPC setup=move_strike prior_bar_ticks=109 threshold=6000
[06:29:27 ET] [MOVE] FIRESTORM_GATE_BLOCK UPC setup=move_strike prior_bar_ticks=109 threshold=6000
[06:29:27 ET] [MOVE] FIRESTORM_GATE_BLOCK UPC setup=move_strike prior_bar_ticks=109 threshold=6000
[06:29:27 ET] [MOVE] FIRESTORM_GATE_BLOCK UPC setup=move_strike prior_bar_ticks=109 threshold=6000
[06:29:27 ET] [MOVE] FIRESTORM_GATE_BLOCK UPC setup=move_strike prior_bar_ticks=109 threshold=6000
[06:29:27 ET] [MOVE] FIRESTORM_GATE_BLOCK UPC setup=move_strike prior_bar_ticks=109 threshold=6000
[06:29:27 ET] [MOVE] FIRESTORM_GATE_BLOCK UPC setup=move_strike prior_bar_ticks=109 threshold=6000
[06:29:27 ET] [MOVE] FIRESTORM_GATE_BLOCK UPC setup=move_strike prior_bar_ticks=109 threshold=6000
[06:29:27 ET] [MOVE] FIRESTORM_GATE_BLOCK UPC setup=move_strike prior_bar_ticks=109 threshold=6000
[06:29:27 ET] [MOVE] FIRESTORM_GATE_BLOCK UPC setup=move_strike prior_bar_ticks=109 threshold=6000
[06:29:27 ET] [MOVE] FIRESTORM_GATE_BLOCK UPC setup=move_strike prior_bar_ticks=109 threshold=6000
[06:29:27 ET] [MOVE] FIRESTORM_GATE_BLOCK UPC setup=move_strike prior_bar_ticks=109 threshold=6000
[06:29:27 ET] [MOVE] FIRESTORM_GATE_BLOCK UPC setup=move_strike prior_bar_ticks=109 threshold=6000
[06:29:27 ET] [MOVE] FIRESTORM_GATE_BLOCK UPC setup=move_strike prior_bar_ticks=109 threshold=6000
[06:29:27 ET] [MOVE] FIRESTORM_GATE_BLOCK UPC setup=move_strike prior_bar_ticks=109 threshold=6000
[06:29:27 ET] [MOVE] FIRESTORM_GATE_BLOCK UPC setup=move_strike prior_bar_ticks=109 threshold=6000
[06:29:27 ET] [MOVE] FIRESTORM_GATE_BLOCK UPC setup=move_strike prior_bar_ticks=109 threshold=6000
[06:29:27 ET] [MOVE] FIRESTORM_GATE_BLOCK UPC setup=move_strike prior_bar_ticks=109 threshold=6000
[06:29:27 ET] [MOVE] FIRESTORM_GATE_BLOCK UPC setup=move_strike prior_bar_ticks=109 threshold=6000
[06:29:27 ET] [MOVE] FIRESTORM_GATE_BLOCK UPC setup=move_strike prior_bar_ticks=109 threshold=6000
[06:29:27 ET] [MOVE] FIRESTORM_GATE_BLOCK UPC setup=move_strike prior_bar_ticks=109 threshold=6000
[06:29:27 ET] [MOVE] FIRESTORM_GATE_BLOCK UPC setup=move_strike prior_bar_ticks=109 threshold=6000
[06:29:27 ET] [MOVE] FIRESTORM_GATE_BLOCK UPC setup=move_strike prior_bar_ticks=109 threshold=6000
[06:29:27 ET] [MOVE] FIRESTORM_GATE_BLOCK UPC setup=move_strike prior_bar_ticks=109 threshold=6000
[06:29:27 ET] [MOVE] FIRESTORM_GATE_BLOCK UPC setup=move_strike prior_bar_ticks=109 threshold=6000
[06:29:27 ET] [MOVE] FIRESTORM_GATE_BLOCK UPC setup=move_strike prior_bar_ticks=109 threshold=6000
[06:29:27 ET] [MOVE] FIRESTORM_GATE_BLOCK UPC setup=move_strike prior_bar_ticks=109 threshold=6000
[06:29:27 ET] [MOVE] FIRESTORM_GATE_BLOCK UPC setup=move_strike prior_bar_ticks=109 threshold=6000
[06:29:27 ET] [MOVE] FIRESTORM_GATE_BLOCK UPC setup=move_strike prior_bar_ticks=109 threshold=6000
[06:29:27 ET] [MOVE] FIRESTORM_GATE_BLOCK UPC setup=move_strike prior_bar_ticks=109 threshold=6000
[06:29:27 ET] [MOVE] FIRESTORM_GATE_BLOCK UPC setup=move_strike prior_bar_ticks=109 threshold=6000
[06:29:27 ET] [MOVE] FIRESTORM_GATE_BLOCK UPC setup=move_strike prior_bar_ticks=109 threshold=6000
[06:29:28 ET] [MOVE] FIRESTORM_GATE_BLOCK UPC setup=move_strike prior_bar_ticks=109 threshold=6000
[06:29:28 ET] [MOVE] FIRESTORM_GATE_BLOCK UPC setup=move_strike prior_bar_ticks=109 threshold=6000
[06:29:28 ET] [MOVE] FIRESTORM_GATE_BLOCK UPC setup=move_strike prior_bar_ticks=109 threshold=6000
[06:29:28 ET] [MOVE] FIRESTORM_GATE_BLOCK UPC setup=move_strike prior_bar_ticks=109 threshold=6000
[06:29:28 ET] [MOVE] FIRESTORM_GATE_BLOCK UPC setup=move_strike prior_bar_ticks=109 threshold=6000
[06:29:28 ET] [MOVE] FIRESTORM_GATE_BLOCK UPC setup=move_strike prior_bar_ticks=109 threshold=6000
[06:29:28 ET] [MOVE] FIRESTORM_GATE_BLOCK UPC setup=move_strike prior_bar_ticks=109 threshold=6000
[06:29:28 ET] [MOVE] FIRESTORM_GATE_BLOCK UPC setup=move_strike prior_bar_ticks=109 threshold=6000
[06:29:28 ET] [MOVE] FIRESTORM_GATE_BLOCK UPC setup=move_strike prior_bar_ticks=109 threshold=6000
[06:29:28 ET] [MOVE] FIRESTORM_GATE_BLOCK UPC setup=move_strike prior_bar_ticks=109 threshold=6000
[06:29:28 ET] [MOVE] FIRESTORM_GATE_BLOCK UPC setup=move_strike prior_bar_ticks=109 threshold=6000
[06:29:28 ET] [MOVE] FIRESTORM_GATE_BLOCK UPC setup=move_strike prior_bar_ticks=109 threshold=6000
[06:29:28 ET] [MOVE] FIRESTORM_GATE_BLOCK UPC setup=move_strike prior_bar_ticks=109 threshold=6000
[06:29:28 ET] [MOVE] FIRESTORM_GATE_BLOCK UPC setup=move_strike prior_bar_ticks=109 threshold=6000
[06:29:28 ET] [MOVE] FIRESTORM_GATE_BLOCK UPC setup=move_strike prior_bar_ticks=109 threshold=6000
[06:29:28 ET] [MOVE] FIRESTORM_GATE_BLOCK UPC setup=move_strike prior_bar_ticks=109 threshold=6000
[06:29:28 ET] [MOVE] FIRESTORM_GATE_BLOCK UPC setup=move_strike prior_bar_ticks=109 threshold=6000
[06:29:29 ET] [MOVE] FIRESTORM_GATE_BLOCK UPC setup=move_strike prior_bar_ticks=109 threshold=6000
[06:29:29 ET] [MOVE] FIRESTORM_GATE_BLOCK UPC setup=move_strike prior_bar_ticks=109 threshold=6000
[06:29:29 ET] [MOVE] FIRESTORM_GATE_BLOCK UPC setup=move_strike prior_bar_ticks=109 threshold=6000
[06:29:29 ET] [MOVE] FIRESTORM_GATE_BLOCK UPC setup=move_strike prior_bar_ticks=109 threshold=6000
[06:29:29 ET] [MOVE] FIRESTORM_GATE_BLOCK UPC setup=move_strike prior_bar_ticks=109 threshold=6000
[06:29:29 ET] [MOVE] FIRESTORM_GATE_BLOCK UPC setup=move_strike prior_bar_ticks=109 threshold=6000
[06:29:30 ET] [MOVE] FIRESTORM_GATE_BLOCK UPC setup=move_strike prior_bar_ticks=109 threshold=6000
[06:29:30 ET] [MOVE] FIRESTORM_GATE_BLOCK UPC setup=move_strike prior_bar_ticks=109 threshold=6000
[06:29:30 ET] [MOVE] FIRESTORM_GATE_BLOCK UPC setup=move_strike prior_bar_ticks=109 threshold=6000
  TICK AUDIT: DCOY: 1155 ticks in last 60s, last_price=$13.05, last_tick_time=06:29:30
  TICK AUDIT: UPC: 366 ticks in last 60s, last_price=$8.98, last_tick_time=06:29:30
  → ORPHAN IGNORED (sync): FEBO on WB_ORPHAN_HALT_IGNORE_SYMBOLS — NOT adopting; bot keeps trading. Left at broker for manual handling.
[TIER] STATUS tier1=['DCOY', 'UPC'] tier2=0 capacity=2/5
[06:29:31 ET] [MOVE] FIRESTORM_GATE_BLOCK UPC setup=move_strike prior_bar_ticks=109 threshold=6000
  ⚠️ ORPHAN POSITION FOUND: FEBO qty=219 (available=219) entry=$1.12 unrealized=$-45.78 value=$198.78
  → ORPHAN IGNORED: FEBO on WB_ORPHAN_HALT_IGNORE_SYMBOLS — NOT adopting, NOT halting. Bot keeps trading other names; position left at broker for manual handling.
SUBSCRIPTION_AUDIT {"ts":"2026-06-29T06:29:32.092072-04:00","sym":"UPC","tier":"tick_by_tick","obs_v_5m":22043,"median_v_5m":128465,"ratio_obs_to_median":0.1716,"truth_v_5m":null,"ratio_obs_to_truth":null,"status":"OK","sub_age_sec":3542,"contract_exchange":"SMART","contract_primary":"NASDAQ"}
SUBSCRIPTION_AUDIT {"ts":"2026-06-29T06:29:32.092072-04:00","sym":"DCOY","tier":"tick_by_tick","obs_v_5m":234887,"median_v_5m":128465,"ratio_obs_to_median":1.8284,"truth_v_5m":null,"ratio_obs_to_truth":null,"status":"OK","sub_age_sec":5346,"contract_exchange":"SMART","contract_primary":"NASDAQ"}
[06:29:32 ET] [MOVE] FIRESTORM_GATE_BLOCK UPC setup=move_strike prior_bar_ticks=109 threshold=6000
[06:29:32 ET] [MOVE] FIRESTORM_GATE_BLOCK UPC setup=move_strike prior_bar_ticks=109 threshold=6000
[06:29:32 ET] [MOVE] FIRESTORM_GATE_BLOCK UPC setup=move_strike prior_bar_ticks=109 threshold=6000
[06:29:32 ET] [MOVE] FIRESTORM_GATE_BLOCK UPC setup=move_strike prior_bar_ticks=109 threshold=6000
[06:29:32 ET] [MOVE] FIRESTORM_GATE_BLOCK UPC setup=move_strike prior_bar_ticks=109 threshold=6000
[06:29:32 ET] [MOVE] FIRESTORM_GATE_BLOCK UPC setup=move_strike prior_bar_ticks=109 threshold=6000
[06:29:32 ET] [MOVE] FIRESTORM_GATE_BLOCK UPC setup=move_strike prior_bar_ticks=109 threshold=6000
[06:29:32 ET] [MOVE] FIRESTORM_GATE_BLOCK UPC setup=move_strike prior_bar_ticks=109 threshold=6000
[06:29:32 ET] [MOVE] FIRESTORM_GATE_BLOCK UPC setup=move_strike prior_bar_ticks=109 threshold=6000
[06:29:32 ET] [MOVE] FIRESTORM_GATE_BLOCK UPC setup=move_strike prior_bar_ticks=109 threshold=6000
[06:29:32 ET] [MOVE] FIRESTORM_GATE_BLOCK UPC setup=move_strike prior_bar_ticks=109 threshold=6000
[06:29:32 ET] [MOVE] FIRESTORM_GATE_BLOCK UPC setup=move_strike prior_bar_ticks=109 threshold=6000
[06:29:32 ET] [MOVE] FIRESTORM_GATE_BLOCK UPC setup=move_strike prior_bar_ticks=109 threshold=6000
[06:29:32 ET] [MOVE] FIRESTORM_GATE_BLOCK UPC setup=move_strike prior_bar_ticks=109 threshold=6000
[06:29:32 ET] [MOVE] FIRESTORM_GATE_BLOCK UPC setup=move_strike prior_bar_ticks=109 threshold=6000
[06:29:32 ET] [MOVE] FIRESTORM_GATE_BLOCK UPC setup=move_strike prior_bar_ticks=109 threshold=6000
[06:29:34 ET] [MOVE] FIRESTORM_GATE_BLOCK UPC setup=move_strike prior_bar_ticks=109 threshold=6000
[06:29:34 ET] [MOVE] FIRESTORM_GATE_BLOCK UPC setup=move_strike prior_bar_ticks=109 threshold=6000
[06:29:34 ET] [MOVE] FIRESTORM_GATE_BLOCK UPC setup=move_strike prior_bar_ticks=109 threshold=6000
[06:29:34 ET] [MOVE] FIRESTORM_GATE_BLOCK UPC setup=move_strike prior_bar_ticks=109 threshold=6000
[06:29:34 ET] [MOVE] FIRESTORM_GATE_BLOCK UPC setup=move_strike prior_bar_ticks=109 threshold=6000
[06:29:34 ET] [MOVE] FIRESTORM_GATE_BLOCK UPC setup=move_strike prior_bar_ticks=109 threshold=6000
[06:29:35 ET] [MOVE] FIRESTORM_GATE_BLOCK UPC setup=move_strike prior_bar_ticks=109 threshold=6000
[06:29:36 ET] [MOVE] FIRESTORM_GATE_BLOCK UPC setup=move_strike prior_bar_ticks=109 threshold=6000
[06:29:37 ET] [MOVE] FIRESTORM_GATE_BLOCK UPC setup=move_strike prior_bar_ticks=109 threshold=6000
[06:29:37 ET] [MOVE] FIRESTORM_GATE_BLOCK UPC setup=move_strike prior_bar_ticks=109 threshold=6000
[06:29:37 ET] [MOVE] FIRESTORM_GATE_BLOCK UPC setup=move_strike prior_bar_ticks=109 threshold=6000
[06:29:37 ET] [MOVE] FIRESTORM_GATE_BLOCK UPC setup=move_strike prior_bar_ticks=109 threshold=6000
[06:29:37 ET] [MOVE] FIRESTORM_GATE_BLOCK UPC setup=move_strike prior_bar_ticks=109 threshold=6000
[06:29:38 ET] [MOVE] FIRESTORM_GATE_BLOCK UPC setup=move_strike prior_bar_ticks=109 threshold=6000
[06:29:38 ET] [MOVE] FIRESTORM_GATE_BLOCK UPC setup=move_strike prior_bar_ticks=109 threshold=6000
[06:29:38 ET] [MOVE] FIRESTORM_GATE_BLOCK UPC setup=move_strike prior_bar_ticks=109 threshold=6000
[06:29:38 ET] [MOVE] FIRESTORM_GATE_BLOCK UPC setup=move_strike prior_bar_ticks=109 threshold=6000
[06:29:38 ET] [MOVE] FIRESTORM_GATE_BLOCK UPC setup=move_strike prior_bar_ticks=109 threshold=6000
[06:29:38 ET] [MOVE] FIRESTORM_GATE_BLOCK UPC setup=move_strike prior_bar_ticks=109 threshold=6000
[06:29:38 ET] [MOVE] FIRESTORM_GATE_BLOCK UPC setup=move_strike prior_bar_ticks=109 threshold=6000
[06:29:38 ET] [MOVE] FIRESTORM_GATE_BLOCK UPC setup=move_strike prior_bar_ticks=109 threshold=6000
[06:29:39 ET] [MOVE] FIRESTORM_GATE_BLOCK UPC setup=move_strike prior_bar_ticks=109 threshold=6000
[06:29:39 ET] [MOVE] FIRESTORM_GATE_BLOCK UPC setup=move_strike prior_bar_ticks=109 threshold=6000
[06:29:39 ET] [MOVE] FIRESTORM_GATE_BLOCK UPC setup=move_strike prior_bar_ticks=109 threshold=6000
[06:29:40 ET] [MOVE] FIRESTORM_GATE_BLOCK UPC setup=move_strike prior_bar_ticks=109 threshold=6000
[06:29:41 ET] [MOVE] FIRESTORM_GATE_BLOCK UPC setup=move_strike prior_bar_ticks=109 threshold=6000
[06:29:41 ET] [MOVE] FIRESTORM_GATE_BLOCK UPC setup=move_strike prior_bar_ticks=109 threshold=6000
[06:29:41 ET] [MOVE] FIRESTORM_GATE_BLOCK UPC setup=move_strike prior_bar_ticks=109 threshold=6000
[06:29:41 ET] [MOVE] FIRESTORM_GATE_BLOCK UPC setup=move_strike prior_bar_ticks=109 threshold=6000
[06:29:41 ET] [MOVE] FIRESTORM_GATE_BLOCK UPC setup=move_strike prior_bar_ticks=109 threshold=6000
[06:29:41 ET] [MOVE] FIRESTORM_GATE_BLOCK UPC setup=move_strike prior_bar_ticks=109 threshold=6000
[06:29:41 ET] [MOVE] FIRESTORM_GATE_BLOCK UPC setup=move_strike prior_bar_ticks=109 threshold=6000
[06:29:41 ET] [MOVE] FIRESTORM_GATE_BLOCK UPC setup=move_strike prior_bar_ticks=109 threshold=6000
[06:29:41 ET] [MOVE] FIRESTORM_GATE_BLOCK UPC setup=move_strike prior_bar_ticks=109 threshold=6000
[06:29:41 ET] [MOVE] FIRESTORM_GATE_BLOCK UPC setup=move_strike prior_bar_ticks=109 threshold=6000
[06:29:41 ET] [MOVE] FIRESTORM_GATE_BLOCK UPC setup=move_strike prior_bar_ticks=109 threshold=6000
[06:29:41 ET] [MOVE] FIRESTORM_GATE_BLOCK UPC setup=move_strike prior_bar_ticks=109 threshold=6000
[06:29:41 ET] [MOVE] FIRESTORM_GATE_BLOCK UPC setup=move_strike prior_bar_ticks=109 threshold=6000
[06:29:42 ET] [MOVE] FIRESTORM_GATE_BLOCK UPC setup=move_strike prior_bar_ticks=109 threshold=6000
[06:29:43 ET] [MOVE] FIRESTORM_GATE_BLOCK UPC setup=move_strike prior_bar_ticks=109 threshold=6000
[06:29:43 ET] [MOVE] FIRESTORM_GATE_BLOCK UPC setup=move_strike prior_bar_ticks=109 threshold=6000
[06:29:43 ET] [MOVE] FIRESTORM_GATE_BLOCK UPC setup=move_strike prior_bar_ticks=109 threshold=6000
[06:29:43 ET] [MOVE] FIRESTORM_GATE_BLOCK UPC setup=move_strike prior_bar_ticks=109 threshold=6000
[06:29:43 ET] [MOVE] FIRESTORM_GATE_BLOCK UPC setup=move_strike prior_bar_ticks=109 threshold=6000
[06:29:44 ET] [MOVE] FIRESTORM_GATE_BLOCK UPC setup=move_strike prior_bar_ticks=109 threshold=6000
[06:29:44 ET] [MOVE] FIRESTORM_GATE_BLOCK UPC setup=move_strike prior_bar_ticks=109 threshold=6000
[06:29:44 ET] [MOVE] FIRESTORM_GATE_BLOCK UPC setup=move_strike prior_bar_ticks=109 threshold=6000
  Tick cache: DCOY → +849 ticks (total 129,641)
[06:29:44 ET] [MOVE] FIRESTORM_GATE_BLOCK UPC setup=move_strike prior_bar_ticks=109 threshold=6000
[06:29:44 ET] [MOVE] FIRESTORM_GATE_BLOCK UPC setup=move_strike prior_bar_ticks=109 threshold=6000
[06:29:44 ET] [MOVE] FIRESTORM_GATE_BLOCK UPC setup=move_strike prior_bar_ticks=109 threshold=6000
[06:29:44 ET] [MOVE] FIRESTORM_GATE_BLOCK UPC setup=move_strike prior_bar_ticks=109 threshold=6000
[06:29:44 ET] [MOVE] FIRESTORM_GATE_BLOCK UPC setup=move_strike prior_bar_ticks=109 threshold=6000
[06:29:44 ET] [MOVE] FIRESTORM_GATE_BLOCK UPC setup=move_strike prior_bar_ticks=109 threshold=6000
[06:29:44 ET] [MOVE] FIRESTORM_GATE_BLOCK UPC setup=move_strike prior_bar_ticks=109 threshold=6000
[06:29:44 ET] [MOVE] FIRESTORM_GATE_BLOCK UPC setup=move_strike prior_bar_ticks=109 threshold=6000
[06:29:44 ET] [MOVE] FIRESTORM_GATE_BLOCK UPC setup=move_strike prior_bar_ticks=109 threshold=6000
[06:29:44 ET] [MOVE] FIRESTORM_GATE_BLOCK UPC setup=move_strike prior_bar_ticks=109 threshold=6000
[06:29:44 ET] [MOVE] FIRESTORM_GATE_BLOCK UPC setup=move_strike prior_bar_ticks=109 threshold=6000
[06:29:44 ET] [MOVE] FIRESTORM_GATE_BLOCK UPC setup=move_strike prior_bar_ticks=109 threshold=6000
[06:29:44 ET] [MOVE] FIRESTORM_GATE_BLOCK UPC setup=move_strike prior_bar_ticks=109 threshold=6000
[06:29:44 ET] [MOVE] FIRESTORM_GATE_BLOCK UPC setup=move_strike prior_bar_ticks=109 threshold=6000
[06:29:44 ET] [MOVE] FIRESTORM_GATE_BLOCK UPC setup=move_strike prior_bar_ticks=109 threshold=6000
[06:29:44 ET] [MOVE] FIRESTORM_GATE_BLOCK UPC setup=move_strike prior_bar_ticks=109 threshold=6000
[06:29:44 ET] [MOVE] FIRESTORM_GATE_BLOCK UPC setup=move_strike prior_bar_ticks=109 threshold=6000
[06:29:44 ET] [MOVE] FIRESTORM_GATE_BLOCK UPC setup=move_strike prior_bar_ticks=109 threshold=6000
[06:29:44 ET] [MOVE] FIRESTORM_GATE_BLOCK UPC setup=move_strike prior_bar_ticks=109 threshold=6000
[06:29:44 ET] [MOVE] FIRESTORM_GATE_BLOCK UPC setup=move_strike prior_bar_ticks=109 threshold=6000
[06:29:45 ET] [MOVE] FIRESTORM_GATE_BLOCK UPC setup=move_strike prior_bar_ticks=109 threshold=6000
[06:29:45 ET] [MOVE] FIRESTORM_GATE_BLOCK UPC setup=move_strike prior_bar_ticks=109 threshold=6000
[06:29:45 ET] [MOVE] FIRESTORM_GATE_BLOCK UPC setup=move_strike prior_bar_ticks=109 threshold=6000
[06:29:45 ET] [MOVE] FIRESTORM_GATE_BLOCK UPC setup=move_strike prior_bar_ticks=109 threshold=6000
[06:29:45 ET] [MOVE] FIRESTORM_GATE_BLOCK UPC setup=move_strike prior_bar_ticks=109 threshold=6000
[06:29:45 ET] [MOVE] FIRESTORM_GATE_BLOCK UPC setup=move_strike prior_bar_ticks=109 threshold=6000
[06:29:45 ET] [MOVE] FIRESTORM_GATE_BLOCK UPC setup=move_strike prior_bar_ticks=109 threshold=6000
[06:29:45 ET] [MOVE] FIRESTORM_GATE_BLOCK UPC setup=move_strike prior_bar_ticks=109 threshold=6000
[06:29:45 ET] [MOVE] FIRESTORM_GATE_BLOCK UPC setup=move_strike prior_bar_ticks=109 threshold=6000
[06:29:45 ET] [MOVE] FIRESTORM_GATE_BLOCK UPC setup=move_strike prior_bar_ticks=109 threshold=6000
[06:29:45 ET] [MOVE] FIRESTORM_GATE_BLOCK UPC setup=move_strike prior_bar_ticks=109 threshold=6000
[06:29:45 ET] [MOVE] FIRESTORM_GATE_BLOCK UPC setup=move_strike prior_bar_ticks=109 threshold=6000
[06:29:45 ET] [MOVE] FIRESTORM_GATE_BLOCK UPC setup=move_strike prior_bar_ticks=109 threshold=6000
[06:29:45 ET] [MOVE] FIRESTORM_GATE_BLOCK UPC setup=move_strike prior_bar_ticks=109 threshold=6000
[06:29:45 ET] [MOVE] FIRESTORM_GATE_BLOCK UPC setup=move_strike prior_bar_ticks=109 threshold=6000
[06:29:45 ET] [MOVE] FIRESTORM_GATE_BLOCK UPC setup=move_strike prior_bar_ticks=109 threshold=6000
[06:29:45 ET] [MOVE] FIRESTORM_GATE_BLOCK UPC setup=move_strike prior_bar_ticks=109 threshold=6000
[06:29:45 ET] [MOVE] FIRESTORM_GATE_BLOCK UPC setup=move_strike prior_bar_ticks=109 threshold=6000
[06:29:45 ET] [MOVE] FIRESTORM_GATE_BLOCK UPC setup=move_strike prior_bar_ticks=109 threshold=6000
[06:29:45 ET] [MOVE] FIRESTORM_GATE_BLOCK UPC setup=move_strike prior_bar_ticks=109 threshold=6000
[06:29:45 ET] [MOVE] FIRESTORM_GATE_BLOCK UPC setup=move_strike prior_bar_ticks=109 threshold=6000
[06:29:45 ET] [MOVE] FIRESTORM_GATE_BLOCK UPC setup=move_strike prior_bar_ticks=109 threshold=6000
[06:29:45 ET] [MOVE] FIRESTORM_GATE_BLOCK UPC setup=move_strike prior_bar_ticks=109 threshold=6000
[06:29:45 ET] [MOVE] FIRESTORM_GATE_BLOCK UPC setup=move_strike prior_bar_ticks=109 threshold=6000
[06:29:45 ET] [MOVE] FIRESTORM_GATE_BLOCK UPC setup=move_strike prior_bar_ticks=109 threshold=6000
[06:29:45 ET] [MOVE] FIRESTORM_GATE_BLOCK UPC setup=move_strike prior_bar_ticks=109 threshold=6000
[06:29:45 ET] [MOVE] FIRESTORM_GATE_BLOCK UPC setup=move_strike prior_bar_ticks=109 threshold=6000
[06:29:45 ET] [MOVE] FIRESTORM_GATE_BLOCK UPC setup=move_strike prior_bar_ticks=109 threshold=6000
[06:29:45 ET] [MOVE] FIRESTORM_GATE_BLOCK UPC setup=move_strike prior_bar_ticks=109 threshold=6000
[06:29:45 ET] [MOVE] FIRESTORM_GATE_BLOCK UPC setup=move_strike prior_bar_ticks=109 threshold=6000
[06:29:45 ET] [MOVE] FIRESTORM_GATE_BLOCK UPC setup=move_strike prior_bar_ticks=109 threshold=6000
  Tick cache: UPC → +313 ticks (total 77,554)
📦 Tick cache saved: 2 symbols → tick_cache/2026-06-29/
[06:29:46 ET] [MOVE] FIRESTORM_GATE_BLOCK UPC setup=move_strike prior_bar_ticks=109 threshold=6000
[06:29:46 ET] [MOVE] FIRESTORM_GATE_BLOCK UPC setup=move_strike prior_bar_ticks=109 threshold=6000
[06:29:46 ET] [MOVE] FIRESTORM_GATE_BLOCK UPC setup=move_strike prior_bar_ticks=109 threshold=6000
[06:29:46 ET] [MOVE] FIRESTORM_GATE_BLOCK UPC setup=move_strike prior_bar_ticks=109 threshold=6000
[06:29:46 ET] [MOVE] FIRESTORM_GATE_BLOCK UPC setup=move_strike prior_bar_ticks=109 threshold=6000
[06:29:46 ET] [MOVE] FIRESTORM_GATE_BLOCK UPC setup=move_strike prior_bar_ticks=109 threshold=6000
[06:29:46 ET] [MOVE] FIRESTORM_GATE_BLOCK UPC setup=move_strike prior_bar_ticks=109 threshold=6000
[06:29:46 ET] [MOVE] FIRESTORM_GATE_BLOCK UPC setup=move_strike prior_bar_ticks=109 threshold=6000
[06:29:46 ET] [MOVE] FIRESTORM_GATE_BLOCK UPC setup=move_strike prior_bar_ticks=109 threshold=6000
[06:29:46 ET] [MOVE] FIRESTORM_GATE_BLOCK UPC setup=move_strike prior_bar_ticks=109 threshold=6000
[06:29:46 ET] [MOVE] FIRESTORM_GATE_BLOCK UPC setup=move_strike prior_bar_ticks=109 threshold=6000
[06:29:46 ET] [MOVE] FIRESTORM_GATE_BLOCK UPC setup=move_strike prior_bar_ticks=109 threshold=6000
[06:29:46 ET] [MOVE] FIRESTORM_GATE_BLOCK UPC setup=move_strike prior_bar_ticks=109 threshold=6000
[06:29:46 ET] [MOVE] FIRESTORM_GATE_BLOCK UPC setup=move_strike prior_bar_ticks=109 threshold=6000
[06:29:46 ET] [MOVE] FIRESTORM_GATE_BLOCK UPC setup=move_strike prior_bar_ticks=109 threshold=6000
[06:29:46 ET] [MOVE] FIRESTORM_GATE_BLOCK UPC setup=move_strike prior_bar_ticks=109 threshold=6000
[06:29:46 ET] [MOVE] FIRESTORM_GATE_BLOCK UPC setup=move_strike prior_bar_ticks=109 threshold=6000
[06:29:46 ET] [MOVE] FIRESTORM_GATE_BLOCK UPC setup=move_strike prior_bar_ticks=109 threshold=6000
[06:29:46 ET] [MOVE] FIRESTORM_GATE_BLOCK UPC setup=move_strike prior_bar_ticks=109 threshold=6000
[06:29:46 ET] [MOVE] FIRESTORM_GATE_BLOCK UPC setup=move_strike prior_bar_ticks=109 threshold=6000
[06:29:47 ET] [MOVE] FIRESTORM_GATE_BLOCK UPC setup=move_strike prior_bar_ticks=109 threshold=6000
[06:29:47 ET] [MOVE] FIRESTORM_GATE_BLOCK UPC setup=move_strike prior_bar_ticks=109 threshold=6000
[06:29:47 ET] [MOVE] FIRESTORM_GATE_BLOCK UPC setup=move_strike prior_bar_ticks=109 threshold=6000
[06:29:47 ET] [MOVE] FIRESTORM_GATE_BLOCK UPC setup=move_strike prior_bar_ticks=109 threshold=6000
[06:29:47 ET] [MOVE] FIRESTORM_GATE_BLOCK UPC setup=move_strike prior_bar_ticks=109 threshold=6000
[06:29:47 ET] [MOVE] FIRESTORM_GATE_BLOCK UPC setup=move_strike prior_bar_ticks=109 threshold=6000
[06:29:47 ET] [MOVE] FIRESTORM_GATE_BLOCK UPC setup=move_strike prior_bar_ticks=109 threshold=6000
[06:29:47 ET] [MOVE] FIRESTORM_GATE_BLOCK UPC setup=move_strike prior_bar_ticks=109 threshold=6000
[06:29:47 ET] [MOVE] FIRESTORM_GATE_BLOCK UPC setup=move_strike prior_bar_ticks=109 threshold=6000
[06:29:47 ET] [MOVE] FIRESTORM_GATE_BLOCK UPC setup=move_strike prior_bar_ticks=109 threshold=6000
[06:29:47 ET] [MOVE] FIRESTORM_GATE_BLOCK UPC setup=move_strike prior_bar_ticks=109 threshold=6000
[06:29:47 ET] [MOVE] FIRESTORM_GATE_BLOCK UPC setup=move_strike prior_bar_ticks=109 threshold=6000
[06:29:47 ET] [MOVE] FIRESTORM_GATE_BLOCK UPC setup=move_strike prior_bar_ticks=109 threshold=6000
[06:29:47 ET] [MOVE] FIRESTORM_GATE_BLOCK UPC setup=move_strike prior_bar_ticks=109 threshold=6000
[06:29:47 ET] [MOVE] FIRESTORM_GATE_BLOCK UPC setup=move_strike prior_bar_ticks=109 threshold=6000
[06:29:47 ET] [MOVE] FIRESTORM_GATE_BLOCK UPC setup=move_strike prior_bar_ticks=109 threshold=6000
[06:29:47 ET] [MOVE] FIRESTORM_GATE_BLOCK UPC setup=move_strike prior_bar_ticks=109 threshold=6000
[06:29:47 ET] [MOVE] FIRESTORM_GATE_BLOCK UPC setup=move_strike prior_bar_ticks=109 threshold=6000
[06:29:47 ET] [MOVE] FIRESTORM_GATE_BLOCK UPC setup=move_strike prior_bar_ticks=109 threshold=6000
[06:29:47 ET] [MOVE] FIRESTORM_GATE_BLOCK UPC setup=move_strike prior_bar_ticks=109 threshold=6000
[06:29:47 ET] [MOVE] FIRESTORM_GATE_BLOCK UPC setup=move_strike prior_bar_ticks=109 threshold=6000
[06:29:47 ET] [MOVE] FIRESTORM_GATE_BLOCK UPC setup=move_strike prior_bar_ticks=109 threshold=6000
[06:29:47 ET] [MOVE] FIRESTORM_GATE_BLOCK UPC setup=move_strike prior_bar_ticks=109 threshold=6000
[06:29:47 ET] [MOVE] FIRESTORM_GATE_BLOCK UPC setup=move_strike prior_bar_ticks=109 threshold=6000
[06:29:47 ET] [MOVE] FIRESTORM_GATE_BLOCK UPC setup=move_strike prior_bar_ticks=109 threshold=6000
[06:29:47 ET] [MOVE] FIRESTORM_GATE_BLOCK UPC setup=move_strike prior_bar_ticks=109 threshold=6000
[06:29:47 ET] [MOVE] FIRESTORM_GATE_BLOCK UPC setup=move_strike prior_bar_ticks=109 threshold=6000
[06:29:47 ET] [MOVE] FIRESTORM_GATE_BLOCK UPC setup=move_strike prior_bar_ticks=109 threshold=6000
[06:29:47 ET] [MOVE] FIRESTORM_GATE_BLOCK UPC setup=move_strike prior_bar_ticks=109 threshold=6000
[06:29:47 ET] [MOVE] FIRESTORM_GATE_BLOCK UPC setup=move_strike prior_bar_ticks=109 threshold=6000
[06:29:47 ET] [MOVE] FIRESTORM_GATE_BLOCK UPC setup=move_strike prior_bar_ticks=109 threshold=6000
[06:29:47 ET] [MOVE] FIRESTORM_GATE_BLOCK UPC setup=move_strike prior_bar_ticks=109 threshold=6000
[06:29:47 ET] [MOVE] FIRESTORM_GATE_BLOCK UPC setup=move_strike prior_bar_ticks=109 threshold=6000
[06:29:47 ET] [MOVE] FIRESTORM_GATE_BLOCK UPC setup=move_strike prior_bar_ticks=109 threshold=6000
[06:29:47 ET] [MOVE] FIRESTORM_GATE_BLOCK UPC setup=move_strike prior_bar_ticks=109 threshold=6000
[06:29:47 ET] [MOVE] FIRESTORM_GATE_BLOCK UPC setup=move_strike prior_bar_ticks=109 threshold=6000
[06:29:47 ET] [MOVE] FIRESTORM_GATE_BLOCK UPC setup=move_strike prior_bar_ticks=109 threshold=6000
[06:29:48 ET] [MOVE] FIRESTORM_GATE_BLOCK UPC setup=move_strike prior_bar_ticks=109 threshold=6000
[06:29:48 ET] [MOVE] FIRESTORM_GATE_BLOCK UPC setup=move_strike prior_bar_ticks=109 threshold=6000
[06:29:48 ET] [MOVE] FIRESTORM_GATE_BLOCK UPC setup=move_strike prior_bar_ticks=109 threshold=6000
[06:29:48 ET] [MOVE] FIRESTORM_GATE_BLOCK UPC setup=move_strike prior_bar_ticks=109 threshold=6000
[06:29:48 ET] [MOVE] FIRESTORM_GATE_BLOCK UPC setup=move_strike prior_bar_ticks=109 threshold=6000
[06:29:48 ET] [MOVE] FIRESTORM_GATE_BLOCK UPC setup=move_strike prior_bar_ticks=109 threshold=6000
[06:29:48 ET] [MOVE] FIRESTORM_GATE_BLOCK UPC setup=move_strike prior_bar_ticks=109 threshold=6000
[06:29:48 ET] [MOVE] FIRESTORM_GATE_BLOCK UPC setup=move_strike prior_bar_ticks=109 threshold=6000
[06:29:48 ET] [MOVE] FIRESTORM_GATE_BLOCK UPC setup=move_strike prior_bar_ticks=109 threshold=6000
[06:29:48 ET] [MOVE] FIRESTORM_GATE_BLOCK UPC setup=move_strike prior_bar_ticks=109 threshold=6000
[06:29:48 ET] [MOVE] FIRESTORM_GATE_BLOCK UPC setup=move_strike prior_bar_ticks=109 threshold=6000
[06:29:48 ET] [MOVE] FIRESTORM_GATE_BLOCK UPC setup=move_strike prior_bar_ticks=109 threshold=6000
[06:29:48 ET] [MOVE] FIRESTORM_GATE_BLOCK UPC setup=move_strike prior_bar_ticks=109 threshold=6000
[06:29:48 ET] [MOVE] FIRESTORM_GATE_BLOCK UPC setup=move_strike prior_bar_ticks=109 threshold=6000
[06:29:48 ET] [MOVE] FIRESTORM_GATE_BLOCK UPC setup=move_strike prior_bar_ticks=109 threshold=6000
[06:29:48 ET] [MOVE] FIRESTORM_GATE_BLOCK UPC setup=move_strike prior_bar_ticks=109 threshold=6000
[06:29:48 ET] [MOVE] FIRESTORM_GATE_BLOCK UPC setup=move_strike prior_bar_ticks=109 threshold=6000
[06:29:48 ET] [MOVE] FIRESTORM_GATE_BLOCK UPC setup=move_strike prior_bar_ticks=109 threshold=6000
[06:29:48 ET] [MOVE] FIRESTORM_GATE_BLOCK UPC setup=move_strike prior_bar_ticks=109 threshold=6000
[06:29:48 ET] [MOVE] FIRESTORM_GATE_BLOCK UPC setup=move_strike prior_bar_ticks=109 threshold=6000
[06:29:48 ET] [MOVE] FIRESTORM_GATE_BLOCK UPC setup=move_strike prior_bar_ticks=109 threshold=6000
[06:29:48 ET] [MOVE] FIRESTORM_GATE_BLOCK UPC setup=move_strike prior_bar_ticks=109 threshold=6000
[06:29:48 ET] [MOVE] FIRESTORM_GATE_BLOCK UPC setup=move_strike prior_bar_ticks=109 threshold=6000
[06:29:48 ET] [MOVE] FIRESTORM_GATE_BLOCK UPC setup=move_strike prior_bar_ticks=109 threshold=6000
[06:29:48 ET] [MOVE] FIRESTORM_GATE_BLOCK UPC setup=move_strike prior_bar_ticks=109 threshold=6000
[06:29:48 ET] [MOVE] FIRESTORM_GATE_BLOCK UPC setup=move_strike prior_bar_ticks=109 threshold=6000
[06:29:48 ET] [MOVE] FIRESTORM_GATE_BLOCK UPC setup=move_strike prior_bar_ticks=109 threshold=6000
[06:29:48 ET] [MOVE] FIRESTORM_GATE_BLOCK UPC setup=move_strike prior_bar_ticks=109 threshold=6000
[06:29:48 ET] [MOVE] FIRESTORM_GATE_BLOCK UPC setup=move_strike prior_bar_ticks=109 threshold=6000
[06:29:48 ET] [MOVE] FIRESTORM_GATE_BLOCK UPC setup=move_strike prior_bar_ticks=109 threshold=6000
[06:29:48 ET] [MOVE] FIRESTORM_GATE_BLOCK UPC setup=move_strike prior_bar_ticks=109 threshold=6000
[06:29:48 ET] [MOVE] FIRESTORM_GATE_BLOCK UPC setup=move_strike prior_bar_ticks=109 threshold=6000
[06:29:48 ET] [MOVE] FIRESTORM_GATE_BLOCK UPC setup=move_strike prior_bar_ticks=109 threshold=6000
[06:29:48 ET] [MOVE] FIRESTORM_GATE_BLOCK UPC setup=move_strike prior_bar_ticks=109 threshold=6000
[06:29:48 ET] [MOVE] FIRESTORM_GATE_BLOCK UPC setup=move_strike prior_bar_ticks=109 threshold=6000
[06:29:48 ET] [MOVE] FIRESTORM_GATE_BLOCK UPC setup=move_strike prior_bar_ticks=109 threshold=6000
[06:29:48 ET] [MOVE] FIRESTORM_GATE_BLOCK UPC setup=move_strike prior_bar_ticks=109 threshold=6000
[06:29:48 ET] [MOVE] FIRESTORM_GATE_BLOCK UPC setup=move_strike prior_bar_ticks=109 threshold=6000
[06:29:48 ET] [MOVE] FIRESTORM_GATE_BLOCK UPC setup=move_strike prior_bar_ticks=109 threshold=6000
[06:29:48 ET] [MOVE] FIRESTORM_GATE_BLOCK UPC setup=move_strike prior_bar_ticks=109 threshold=6000
[06:29:48 ET] [MOVE] FIRESTORM_GATE_BLOCK UPC setup=move_strike prior_bar_ticks=109 threshold=6000
[06:29:48 ET] [MOVE] FIRESTORM_GATE_BLOCK UPC setup=move_strike prior_bar_ticks=109 threshold=6000
[06:29:49 ET] [MOVE] FIRESTORM_GATE_BLOCK UPC setup=move_strike prior_bar_ticks=109 threshold=6000
[06:29:49 ET] [MOVE] FIRESTORM_GATE_BLOCK UPC setup=move_strike prior_bar_ticks=109 threshold=6000
[06:29:49 ET] [MOVE] FIRESTORM_GATE_BLOCK UPC setup=move_strike prior_bar_ticks=109 threshold=6000
[06:29:49 ET] [MOVE] FIRESTORM_GATE_BLOCK UPC setup=move_strike prior_bar_ticks=109 threshold=6000
[06:29:49 ET] [MOVE] FIRESTORM_GATE_BLOCK UPC setup=move_strike prior_bar_ticks=109 threshold=6000
[06:29:49 ET] [MOVE] FIRESTORM_GATE_BLOCK UPC setup=move_strike prior_bar_ticks=109 threshold=6000
[06:29:49 ET] [MOVE] FIRESTORM_GATE_BLOCK UPC setup=move_strike prior_bar_ticks=109 threshold=6000
[06:29:49 ET] [MOVE] FIRESTORM_GATE_BLOCK UPC setup=move_strike prior_bar_ticks=109 threshold=6000
[06:29:49 ET] [MOVE] FIRESTORM_GATE_BLOCK UPC setup=move_strike prior_bar_ticks=109 threshold=6000
[06:29:49 ET] [MOVE] FIRESTORM_GATE_BLOCK UPC setup=move_strike prior_bar_ticks=109 threshold=6000
[06:29:49 ET] [MOVE] FIRESTORM_GATE_BLOCK UPC setup=move_strike prior_bar_ticks=109 threshold=6000
[06:29:49 ET] [MOVE] FIRESTORM_GATE_BLOCK UPC setup=move_strike prior_bar_ticks=109 threshold=6000
[06:29:49 ET] [MOVE] FIRESTORM_GATE_BLOCK UPC setup=move_strike prior_bar_ticks=109 threshold=6000
[06:29:49 ET] [MOVE] FIRESTORM_GATE_BLOCK UPC setup=move_strike prior_bar_ticks=109 threshold=6000
[06:29:49 ET] [MOVE] FIRESTORM_GATE_BLOCK UPC setup=move_strike prior_bar_ticks=109 threshold=6000
[06:29:49 ET] [MOVE] FIRESTORM_GATE_BLOCK UPC setup=move_strike prior_bar_ticks=109 threshold=6000
[06:29:49 ET] [MOVE] FIRESTORM_GATE_BLOCK UPC setup=move_strike prior_bar_ticks=109 threshold=6000
[06:29:49 ET] [MOVE] FIRESTORM_GATE_BLOCK UPC setup=move_strike prior_bar_ticks=109 threshold=6000
[06:29:49 ET] [MOVE] FIRESTORM_GATE_BLOCK UPC setup=move_strike prior_bar_ticks=109 threshold=6000
[06:29:49 ET] [MOVE] FIRESTORM_GATE_BLOCK UPC setup=move_strike prior_bar_ticks=109 threshold=6000
[06:29:49 ET] [MOVE] FIRESTORM_GATE_BLOCK UPC setup=move_strike prior_bar_ticks=109 threshold=6000
[06:29:49 ET] [MOVE] FIRESTORM_GATE_BLOCK UPC setup=move_strike prior_bar_ticks=109 threshold=6000
[06:29:49 ET] [MOVE] FIRESTORM_GATE_BLOCK UPC setup=move_strike prior_bar_ticks=109 threshold=6000
[06:29:49 ET] [MOVE] FIRESTORM_GATE_BLOCK UPC setup=move_strike prior_bar_ticks=109 threshold=6000
[06:29:49 ET] [MOVE] FIRESTORM_GATE_BLOCK UPC setup=move_strike prior_bar_ticks=109 threshold=6000
[06:29:49 ET] [MOVE] FIRESTORM_GATE_BLOCK UPC setup=move_strike prior_bar_ticks=109 threshold=6000
[06:29:49 ET] [MOVE] FIRESTORM_GATE_BLOCK UPC setup=move_strike prior_bar_ticks=109 threshold=6000
[06:29:49 ET] [MOVE] FIRESTORM_GATE_BLOCK UPC setup=move_strike prior_bar_ticks=109 threshold=6000
[06:29:49 ET] [MOVE] FIRESTORM_GATE_BLOCK UPC setup=move_strike prior_bar_ticks=109 threshold=6000
[06:29:49 ET] [MOVE] FIRESTORM_GATE_BLOCK UPC setup=move_strike prior_bar_ticks=109 threshold=6000
[06:29:49 ET] [MOVE] FIRESTORM_GATE_BLOCK UPC setup=move_strike prior_bar_ticks=109 threshold=6000
[06:29:49 ET] [MOVE] FIRESTORM_GATE_BLOCK UPC setup=move_strike prior_bar_ticks=109 threshold=6000
[06:29:49 ET] [MOVE] FIRESTORM_GATE_BLOCK UPC setup=move_strike prior_bar_ticks=109 threshold=6000
[06:29:49 ET] [MOVE] FIRESTORM_GATE_BLOCK UPC setup=move_strike prior_bar_ticks=109 threshold=6000
[06:29:49 ET] [MOVE] FIRESTORM_GATE_BLOCK UPC setup=move_strike prior_bar_ticks=109 threshold=6000
[06:29:49 ET] [MOVE] FIRESTORM_GATE_BLOCK UPC setup=move_strike prior_bar_ticks=109 threshold=6000
[06:29:49 ET] [MOVE] FIRESTORM_GATE_BLOCK UPC setup=move_strike prior_bar_ticks=109 threshold=6000
[06:29:49 ET] [MOVE] FIRESTORM_GATE_BLOCK UPC setup=move_strike prior_bar_ticks=109 threshold=6000
[06:29:49 ET] [MOVE] FIRESTORM_GATE_BLOCK UPC setup=move_strike prior_bar_ticks=109 threshold=6000
[06:29:49 ET] [MOVE] FIRESTORM_GATE_BLOCK UPC setup=move_strike prior_bar_ticks=109 threshold=6000
[06:29:49 ET] [MOVE] FIRESTORM_GATE_BLOCK UPC setup=move_strike prior_bar_ticks=109 threshold=6000
[06:29:49 ET] [MOVE] FIRESTORM_GATE_BLOCK UPC setup=move_strike prior_bar_ticks=109 threshold=6000
[06:29:49 ET] [MOVE] FIRESTORM_GATE_BLOCK UPC setup=move_strike prior_bar_ticks=109 threshold=6000
[06:29:49 ET] [MOVE] FIRESTORM_GATE_BLOCK UPC setup=move_strike prior_bar_ticks=109 threshold=6000
[06:29:49 ET] [MOVE] FIRESTORM_GATE_BLOCK UPC setup=move_strike prior_bar_ticks=109 threshold=6000
[06:29:49 ET] [MOVE] FIRESTORM_GATE_BLOCK UPC setup=move_strike prior_bar_ticks=109 threshold=6000
[06:29:49 ET] [MOVE] FIRESTORM_GATE_BLOCK UPC setup=move_strike prior_bar_ticks=109 threshold=6000
[06:29:50 ET] [MOVE] FIRESTORM_GATE_BLOCK UPC setup=move_strike prior_bar_ticks=109 threshold=6000
[06:29:50 ET] [MOVE] FIRESTORM_GATE_BLOCK UPC setup=move_strike prior_bar_ticks=109 threshold=6000
[06:29:50 ET] [MOVE] FIRESTORM_GATE_BLOCK UPC setup=move_strike prior_bar_ticks=109 threshold=6000
[06:29:50 ET] [MOVE] FIRESTORM_GATE_BLOCK UPC setup=move_strike prior_bar_ticks=109 threshold=6000
[06:29:50 ET] [MOVE] FIRESTORM_GATE_BLOCK UPC setup=move_strike prior_bar_ticks=109 threshold=6000
[06:29:50 ET] [MOVE] FIRESTORM_GATE_BLOCK UPC setup=move_strike prior_bar_ticks=109 threshold=6000
[06:29:50 ET] [MOVE] FIRESTORM_GATE_BLOCK UPC setup=move_strike prior_bar_ticks=109 threshold=6000
[06:29:50 ET] [MOVE] FIRESTORM_GATE_BLOCK UPC setup=move_strike prior_bar_ticks=109 threshold=6000
[06:29:50 ET] [MOVE] FIRESTORM_GATE_BLOCK UPC setup=move_strike prior_bar_ticks=109 threshold=6000
[06:29:50 ET] [MOVE] FIRESTORM_GATE_BLOCK UPC setup=move_strike prior_bar_ticks=109 threshold=6000
[06:29:50 ET] [MOVE] FIRESTORM_GATE_BLOCK UPC setup=move_strike prior_bar_ticks=109 threshold=6000
[06:29:50 ET] [MOVE] FIRESTORM_GATE_BLOCK UPC setup=move_strike prior_bar_ticks=109 threshold=6000
[06:29:50 ET] [MOVE] FIRESTORM_GATE_BLOCK UPC setup=move_strike prior_bar_ticks=109 threshold=6000
[06:29:50 ET] [MOVE] FIRESTORM_GATE_BLOCK UPC setup=move_strike prior_bar_ticks=109 threshold=6000
[06:29:50 ET] [MOVE] FIRESTORM_GATE_BLOCK UPC setup=move_strike prior_bar_ticks=109 threshold=6000
[06:29:50 ET] [MOVE] FIRESTORM_GATE_BLOCK UPC setup=move_strike prior_bar_ticks=109 threshold=6000
[06:29:50 ET] [MOVE] FIRESTORM_GATE_BLOCK UPC setup=move_strike prior_bar_ticks=109 threshold=6000
[06:29:50 ET] [MOVE] FIRESTORM_GATE_BLOCK UPC setup=move_strike prior_bar_ticks=109 threshold=6000
[06:29:50 ET] [MOVE] FIRESTORM_GATE_BLOCK UPC setup=move_strike prior_bar_ticks=109 threshold=6000
[06:29:50 ET] [MOVE] FIRESTORM_GATE_BLOCK UPC setup=move_strike prior_bar_ticks=109 threshold=6000
[06:29:50 ET] [MOVE] FIRESTORM_GATE_BLOCK UPC setup=move_strike prior_bar_ticks=109 threshold=6000
[06:29:50 ET] [MOVE] FIRESTORM_GATE_BLOCK UPC setup=move_strike prior_bar_ticks=109 threshold=6000
[06:29:50 ET] [MOVE] FIRESTORM_GATE_BLOCK UPC setup=move_strike prior_bar_ticks=109 threshold=6000
[06:29:50 ET] [MOVE] FIRESTORM_GATE_BLOCK UPC setup=move_strike prior_bar_ticks=109 threshold=6000
[06:29:50 ET] [MOVE] FIRESTORM_GATE_BLOCK UPC setup=move_strike prior_bar_ticks=109 threshold=6000
[06:29:50 ET] [MOVE] FIRESTORM_GATE_BLOCK UPC setup=move_strike prior_bar_ticks=109 threshold=6000
[06:29:50 ET] [MOVE] FIRESTORM_GATE_BLOCK UPC setup=move_strike prior_bar_ticks=109 threshold=6000
[06:29:50 ET] [MOVE] FIRESTORM_GATE_BLOCK UPC setup=move_strike prior_bar_ticks=109 threshold=6000
[06:29:50 ET] [MOVE] FIRESTORM_GATE_BLOCK UPC setup=move_strike prior_bar_ticks=109 threshold=6000
[06:29:50 ET] [MOVE] FIRESTORM_GATE_BLOCK UPC setup=move_strike prior_bar_ticks=109 threshold=6000
[06:29:50 ET] [MOVE] FIRESTORM_GATE_BLOCK UPC setup=move_strike prior_bar_ticks=109 threshold=6000
[06:29:51 ET] [MOVE] FIRESTORM_GATE_BLOCK UPC setup=move_strike prior_bar_ticks=109 threshold=6000
[06:29:51 ET] [MOVE] FIRESTORM_GATE_BLOCK UPC setup=move_strike prior_bar_ticks=109 threshold=6000
[06:29:51 ET] [MOVE] FIRESTORM_GATE_BLOCK UPC setup=move_strike prior_bar_ticks=109 threshold=6000
[06:29:51 ET] [MOVE] FIRESTORM_GATE_BLOCK UPC setup=move_strike prior_bar_ticks=109 threshold=6000
[06:29:51 ET] [MOVE] FIRESTORM_GATE_BLOCK UPC setup=move_strike prior_bar_ticks=109 threshold=6000
[06:29:51 ET] [MOVE] FIRESTORM_GATE_BLOCK UPC setup=move_strike prior_bar_ticks=109 threshold=6000
[06:29:51 ET] [MOVE] FIRESTORM_GATE_BLOCK UPC setup=move_strike prior_bar_ticks=109 threshold=6000
[06:29:51 ET] [MOVE] FIRESTORM_GATE_BLOCK UPC setup=move_strike prior_bar_ticks=109 threshold=6000
[06:29:51 ET] [MOVE] FIRESTORM_GATE_BLOCK UPC setup=move_strike prior_bar_ticks=109 threshold=6000
[06:29:51 ET] [MOVE] FIRESTORM_GATE_BLOCK UPC setup=move_strike prior_bar_ticks=109 threshold=6000
[06:29:51 ET] [MOVE] FIRESTORM_GATE_BLOCK UPC setup=move_strike prior_bar_ticks=109 threshold=6000
[06:29:51 ET] [MOVE] FIRESTORM_GATE_BLOCK UPC setup=move_strike prior_bar_ticks=109 threshold=6000
[06:29:51 ET] [MOVE] FIRESTORM_GATE_BLOCK UPC setup=move_strike prior_bar_ticks=109 threshold=6000
[06:29:51 ET] [MOVE] FIRESTORM_GATE_BLOCK UPC setup=move_strike prior_bar_ticks=109 threshold=6000
[06:29:51 ET] [MOVE] FIRESTORM_GATE_BLOCK UPC setup=move_strike prior_bar_ticks=109 threshold=6000
[06:29:51 ET] [MOVE] FIRESTORM_GATE_BLOCK UPC setup=move_strike prior_bar_ticks=109 threshold=6000
[06:29:51 ET] [MOVE] FIRESTORM_GATE_BLOCK UPC setup=move_strike prior_bar_ticks=109 threshold=6000
[06:29:51 ET] [MOVE] FIRESTORM_GATE_BLOCK UPC setup=move_strike prior_bar_ticks=109 threshold=6000
[06:29:51 ET] [MOVE] FIRESTORM_GATE_BLOCK UPC setup=move_strike prior_bar_ticks=109 threshold=6000
[06:29:51 ET] [MOVE] FIRESTORM_GATE_BLOCK UPC setup=move_strike prior_bar_ticks=109 threshold=6000
[06:29:51 ET] [MOVE] FIRESTORM_GATE_BLOCK UPC setup=move_strike prior_bar_ticks=109 threshold=6000
[06:29:51 ET] [MOVE] FIRESTORM_GATE_BLOCK UPC setup=move_strike prior_bar_ticks=109 threshold=6000
[06:29:51 ET] [MOVE] FIRESTORM_GATE_BLOCK UPC setup=move_strike prior_bar_ticks=109 threshold=6000
[06:29:52 ET] [MOVE] FIRESTORM_GATE_BLOCK UPC setup=move_strike prior_bar_ticks=109 threshold=6000
[06:29:52 ET] [MOVE] FIRESTORM_GATE_BLOCK UPC setup=move_strike prior_bar_ticks=109 threshold=6000
[06:29:52 ET] [MOVE] FIRESTORM_GATE_BLOCK UPC setup=move_strike prior_bar_ticks=109 threshold=6000
[06:29:52 ET] [MOVE] FIRESTORM_GATE_BLOCK UPC setup=move_strike prior_bar_ticks=109 threshold=6000
[06:29:52 ET] [MOVE] FIRESTORM_GATE_BLOCK UPC setup=move_strike prior_bar_ticks=109 threshold=6000
[06:29:52 ET] [MOVE] FIRESTORM_GATE_BLOCK UPC setup=move_strike prior_bar_ticks=109 threshold=6000
[06:29:52 ET] [MOVE] FIRESTORM_GATE_BLOCK UPC setup=move_strike prior_bar_ticks=109 threshold=6000
[06:29:52 ET] [MOVE] FIRESTORM_GATE_BLOCK UPC setup=move_strike prior_bar_ticks=109 threshold=6000
[06:29:52 ET] [MOVE] FIRESTORM_GATE_BLOCK UPC setup=move_strike prior_bar_ticks=109 threshold=6000
[06:29:52 ET] [MOVE] FIRESTORM_GATE_BLOCK UPC setup=move_strike prior_bar_ticks=109 threshold=6000
[06:29:52 ET] [MOVE] FIRESTORM_GATE_BLOCK UPC setup=move_strike prior_bar_ticks=109 threshold=6000
[06:29:52 ET] [MOVE] FIRESTORM_GATE_BLOCK UPC setup=move_strike prior_bar_ticks=109 threshold=6000
[06:29:52 ET] [MOVE] FIRESTORM_GATE_BLOCK UPC setup=move_strike prior_bar_ticks=109 threshold=6000
[06:29:52 ET] [MOVE] FIRESTORM_GATE_BLOCK UPC setup=move_strike prior_bar_ticks=109 threshold=6000
[06:29:52 ET] [MOVE] FIRESTORM_GATE_BLOCK UPC setup=move_strike prior_bar_ticks=109 threshold=6000
[06:29:52 ET] [MOVE] FIRESTORM_GATE_BLOCK UPC setup=move_strike prior_bar_ticks=109 threshold=6000
[06:29:52 ET] [MOVE] FIRESTORM_GATE_BLOCK UPC setup=move_strike prior_bar_ticks=109 threshold=6000
[06:29:53 ET] [MOVE] FIRESTORM_GATE_BLOCK UPC setup=move_strike prior_bar_ticks=109 threshold=6000
[06:29:53 ET] [MOVE] FIRESTORM_GATE_BLOCK UPC setup=move_strike prior_bar_ticks=109 threshold=6000
[06:29:53 ET] [MOVE] FIRESTORM_GATE_BLOCK UPC setup=move_strike prior_bar_ticks=109 threshold=6000
[06:29:53 ET] [MOVE] FIRESTORM_GATE_BLOCK UPC setup=move_strike prior_bar_ticks=109 threshold=6000
[06:29:53 ET] [MOVE] FIRESTORM_GATE_BLOCK UPC setup=move_strike prior_bar_ticks=109 threshold=6000
[06:29:53 ET] [MOVE] FIRESTORM_GATE_BLOCK UPC setup=move_strike prior_bar_ticks=109 threshold=6000
[06:29:53 ET] [MOVE] FIRESTORM_GATE_BLOCK UPC setup=move_strike prior_bar_ticks=109 threshold=6000
[06:29:54 ET] [MOVE] FIRESTORM_GATE_BLOCK UPC setup=move_strike prior_bar_ticks=109 threshold=6000
[06:29:54 ET] [MOVE] FIRESTORM_GATE_BLOCK UPC setup=move_strike prior_bar_ticks=109 threshold=6000
[06:29:54 ET] [MOVE] FIRESTORM_GATE_BLOCK UPC setup=move_strike prior_bar_ticks=109 threshold=6000
[06:29:54 ET] [MOVE] FIRESTORM_GATE_BLOCK UPC setup=move_strike prior_bar_ticks=109 threshold=6000
[06:29:54 ET] [MOVE] FIRESTORM_GATE_BLOCK UPC setup=move_strike prior_bar_ticks=109 threshold=6000
[06:29:54 ET] [MOVE] FIRESTORM_GATE_BLOCK UPC setup=move_strike prior_bar_ticks=109 threshold=6000
[06:29:54 ET] [MOVE] FIRESTORM_GATE_BLOCK UPC setup=move_strike prior_bar_ticks=109 threshold=6000
[06:29:54 ET] [MOVE] FIRESTORM_GATE_BLOCK UPC setup=move_strike prior_bar_ticks=109 threshold=6000
[06:29:54 ET] [MOVE] FIRESTORM_GATE_BLOCK UPC setup=move_strike prior_bar_ticks=109 threshold=6000
[06:29:54 ET] [MOVE] FIRESTORM_GATE_BLOCK UPC setup=move_strike prior_bar_ticks=109 threshold=6000
[06:29:54 ET] [MOVE] FIRESTORM_GATE_BLOCK UPC setup=move_strike prior_bar_ticks=109 threshold=6000
[06:29:54 ET] [MOVE] FIRESTORM_GATE_BLOCK UPC setup=move_strike prior_bar_ticks=109 threshold=6000
[06:29:54 ET] [MOVE] FIRESTORM_GATE_BLOCK UPC setup=move_strike prior_bar_ticks=109 threshold=6000
[06:29:54 ET] [MOVE] FIRESTORM_GATE_BLOCK UPC setup=move_strike prior_bar_ticks=109 threshold=6000
[06:29:54 ET] [MOVE] FIRESTORM_GATE_BLOCK UPC setup=move_strike prior_bar_ticks=109 threshold=6000
[06:29:54 ET] [MOVE] FIRESTORM_GATE_BLOCK UPC setup=move_strike prior_bar_ticks=109 threshold=6000
[06:29:54 ET] [MOVE] FIRESTORM_GATE_BLOCK UPC setup=move_strike prior_bar_ticks=109 threshold=6000
[06:29:54 ET] [MOVE] FIRESTORM_GATE_BLOCK UPC setup=move_strike prior_bar_ticks=109 threshold=6000
[06:29:54 ET] [MOVE] FIRESTORM_GATE_BLOCK UPC setup=move_strike prior_bar_ticks=109 threshold=6000
[06:29:54 ET] [MOVE] FIRESTORM_GATE_BLOCK UPC setup=move_strike prior_bar_ticks=109 threshold=6000
[06:29:54 ET] [MOVE] FIRESTORM_GATE_BLOCK UPC setup=move_strike prior_bar_ticks=109 threshold=6000
[06:29:54 ET] [MOVE] FIRESTORM_GATE_BLOCK UPC setup=move_strike prior_bar_ticks=109 threshold=6000
[06:29:54 ET] [MOVE] FIRESTORM_GATE_BLOCK UPC setup=move_strike prior_bar_ticks=109 threshold=6000
[06:29:54 ET] [MOVE] FIRESTORM_GATE_BLOCK UPC setup=move_strike prior_bar_ticks=109 threshold=6000
[06:29:54 ET] [MOVE] FIRESTORM_GATE_BLOCK UPC setup=move_strike prior_bar_ticks=109 threshold=6000
[06:29:54 ET] [MOVE] FIRESTORM_GATE_BLOCK UPC setup=move_strike prior_bar_ticks=109 threshold=6000
[06:29:54 ET] [MOVE] FIRESTORM_GATE_BLOCK UPC setup=move_strike prior_bar_ticks=109 threshold=6000
[06:29:54 ET] [MOVE] FIRESTORM_GATE_BLOCK UPC setup=move_strike prior_bar_ticks=109 threshold=6000
[06:29:54 ET] [MOVE] FIRESTORM_GATE_BLOCK UPC setup=move_strike prior_bar_ticks=109 threshold=6000
[06:29:54 ET] [MOVE] FIRESTORM_GATE_BLOCK UPC setup=move_strike prior_bar_ticks=109 threshold=6000
[06:29:54 ET] [MOVE] FIRESTORM_GATE_BLOCK UPC setup=move_strike prior_bar_ticks=109 threshold=6000
[06:29:54 ET] [MOVE] FIRESTORM_GATE_BLOCK UPC setup=move_strike prior_bar_ticks=109 threshold=6000
[06:29:54 ET] [MOVE] FIRESTORM_GATE_BLOCK UPC setup=move_strike prior_bar_ticks=109 threshold=6000
[06:29:54 ET] [MOVE] FIRESTORM_GATE_BLOCK UPC setup=move_strike prior_bar_ticks=109 threshold=6000
[06:29:54 ET] [MOVE] FIRESTORM_GATE_BLOCK UPC setup=move_strike prior_bar_ticks=109 threshold=6000
[06:29:54 ET] [MOVE] FIRESTORM_GATE_BLOCK UPC setup=move_strike prior_bar_ticks=109 threshold=6000
[06:29:54 ET] [MOVE] FIRESTORM_GATE_BLOCK UPC setup=move_strike prior_bar_ticks=109 threshold=6000
[06:29:54 ET] [MOVE] FIRESTORM_GATE_BLOCK UPC setup=move_strike prior_bar_ticks=109 threshold=6000
[06:29:54 ET] [MOVE] FIRESTORM_GATE_BLOCK UPC setup=move_strike prior_bar_ticks=109 threshold=6000
[06:29:54 ET] [MOVE] FIRESTORM_GATE_BLOCK UPC setup=move_strike prior_bar_ticks=109 threshold=6000
[06:29:54 ET] [MOVE] FIRESTORM_GATE_BLOCK UPC setup=move_strike prior_bar_ticks=109 threshold=6000
[06:29:54 ET] [MOVE] FIRESTORM_GATE_BLOCK UPC setup=move_strike prior_bar_ticks=109 threshold=6000
[06:29:54 ET] [MOVE] FIRESTORM_GATE_BLOCK UPC setup=move_strike prior_bar_ticks=109 threshold=6000
[06:29:54 ET] [MOVE] FIRESTORM_GATE_BLOCK UPC setup=move_strike prior_bar_ticks=109 threshold=6000
[06:29:54 ET] [MOVE] FIRESTORM_GATE_BLOCK UPC setup=move_strike prior_bar_ticks=109 threshold=6000
[06:29:54 ET] [MOVE] FIRESTORM_GATE_BLOCK UPC setup=move_strike prior_bar_ticks=109 threshold=6000
[06:29:54 ET] [MOVE] FIRESTORM_GATE_BLOCK UPC setup=move_strike prior_bar_ticks=109 threshold=6000
[06:29:54 ET] [MOVE] FIRESTORM_GATE_BLOCK UPC setup=move_strike prior_bar_ticks=109 threshold=6000
[06:29:54 ET] [MOVE] FIRESTORM_GATE_BLOCK UPC setup=move_strike prior_bar_ticks=109 threshold=6000
[06:29:54 ET] [MOVE] FIRESTORM_GATE_BLOCK UPC setup=move_strike prior_bar_ticks=109 threshold=6000
[06:29:54 ET] [MOVE] FIRESTORM_GATE_BLOCK UPC setup=move_strike prior_bar_ticks=109 threshold=6000
[06:29:54 ET] [MOVE] FIRESTORM_GATE_BLOCK UPC setup=move_strike prior_bar_ticks=109 threshold=6000
[06:29:54 ET] [MOVE] FIRESTORM_GATE_BLOCK UPC setup=move_strike prior_bar_ticks=109 threshold=6000
[06:29:54 ET] [MOVE] FIRESTORM_GATE_BLOCK UPC setup=move_strike prior_bar_ticks=109 threshold=6000
[06:29:54 ET] [MOVE] FIRESTORM_GATE_BLOCK UPC setup=move_strike prior_bar_ticks=109 threshold=6000
[06:29:54 ET] [MOVE] FIRESTORM_GATE_BLOCK UPC setup=move_strike prior_bar_ticks=109 threshold=6000
[06:29:54 ET] [MOVE] FIRESTORM_GATE_BLOCK UPC setup=move_strike prior_bar_ticks=109 threshold=6000
[06:29:54 ET] [MOVE] FIRESTORM_GATE_BLOCK UPC setup=move_strike prior_bar_ticks=109 threshold=6000
[06:29:54 ET] [MOVE] FIRESTORM_GATE_BLOCK UPC setup=move_strike prior_bar_ticks=109 threshold=6000
[06:29:54 ET] [MOVE] FIRESTORM_GATE_BLOCK UPC setup=move_strike prior_bar_ticks=109 threshold=6000
[06:29:54 ET] [MOVE] FIRESTORM_GATE_BLOCK UPC setup=move_strike prior_bar_ticks=109 threshold=6000
[06:29:54 ET] [MOVE] FIRESTORM_GATE_BLOCK UPC setup=move_strike prior_bar_ticks=109 threshold=6000
[06:29:54 ET] [MOVE] FIRESTORM_GATE_BLOCK UPC setup=move_strike prior_bar_ticks=109 threshold=6000
[06:29:54 ET] [MOVE] FIRESTORM_GATE_BLOCK UPC setup=move_strike prior_bar_ticks=109 threshold=6000
[06:29:54 ET] [MOVE] FIRESTORM_GATE_BLOCK UPC setup=move_strike prior_bar_ticks=109 threshold=6000
[06:29:54 ET] [MOVE] FIRESTORM_GATE_BLOCK UPC setup=move_strike prior_bar_ticks=109 threshold=6000
[06:29:54 ET] [MOVE] FIRESTORM_GATE_BLOCK UPC setup=move_strike prior_bar_ticks=109 threshold=6000
[06:29:54 ET] [MOVE] FIRESTORM_GATE_BLOCK UPC setup=move_strike prior_bar_ticks=109 threshold=6000
[06:29:54 ET] [MOVE] FIRESTORM_GATE_BLOCK UPC setup=move_strike prior_bar_ticks=109 threshold=6000
[06:29:54 ET] [MOVE] FIRESTORM_GATE_BLOCK UPC setup=move_strike prior_bar_ticks=109 threshold=6000
[06:29:54 ET] [MOVE] FIRESTORM_GATE_BLOCK UPC setup=move_strike prior_bar_ticks=109 threshold=6000
[06:29:54 ET] [MOVE] FIRESTORM_GATE_BLOCK UPC setup=move_strike prior_bar_ticks=109 threshold=6000
[06:29:54 ET] [MOVE] FIRESTORM_GATE_BLOCK UPC setup=move_strike prior_bar_ticks=109 threshold=6000
[06:29:54 ET] [MOVE] FIRESTORM_GATE_BLOCK UPC setup=move_strike prior_bar_ticks=109 threshold=6000
[06:29:54 ET] [MOVE] FIRESTORM_GATE_BLOCK UPC setup=move_strike prior_bar_ticks=109 threshold=6000
[06:29:54 ET] [MOVE] FIRESTORM_GATE_BLOCK UPC setup=move_strike prior_bar_ticks=109 threshold=6000
[06:29:54 ET] [MOVE] FIRESTORM_GATE_BLOCK UPC setup=move_strike prior_bar_ticks=109 threshold=6000
[06:29:54 ET] [MOVE] FIRESTORM_GATE_BLOCK UPC setup=move_strike prior_bar_ticks=109 threshold=6000
[06:29:55 ET] [MOVE] FIRESTORM_GATE_BLOCK UPC setup=move_strike prior_bar_ticks=109 threshold=6000
[06:29:55 ET] [MOVE] FIRESTORM_GATE_BLOCK UPC setup=move_strike prior_bar_ticks=109 threshold=6000
[06:29:55 ET] [MOVE] FIRESTORM_GATE_BLOCK UPC setup=move_strike prior_bar_ticks=109 threshold=6000
[06:29:55 ET] [MOVE] FIRESTORM_GATE_BLOCK UPC setup=move_strike prior_bar_ticks=109 threshold=6000
[06:29:55 ET] [MOVE] FIRESTORM_GATE_BLOCK UPC setup=move_strike prior_bar_ticks=109 threshold=6000
[06:29:55 ET] [MOVE] FIRESTORM_GATE_BLOCK UPC setup=move_strike prior_bar_ticks=109 threshold=6000
[06:29:55 ET] [MOVE] FIRESTORM_GATE_BLOCK UPC setup=move_strike prior_bar_ticks=109 threshold=6000
[06:29:55 ET] [MOVE] FIRESTORM_GATE_BLOCK UPC setup=move_strike prior_bar_ticks=109 threshold=6000
[06:29:55 ET] [MOVE] FIRESTORM_GATE_BLOCK UPC setup=move_strike prior_bar_ticks=109 threshold=6000
[06:29:55 ET] [MOVE] FIRESTORM_GATE_BLOCK UPC setup=move_strike prior_bar_ticks=109 threshold=6000
[06:29:55 ET] [MOVE] FIRESTORM_GATE_BLOCK UPC setup=move_strike prior_bar_ticks=109 threshold=6000
[06:29:55 ET] [MOVE] FIRESTORM_GATE_BLOCK UPC setup=move_strike prior_bar_ticks=109 threshold=6000
[06:29:55 ET] [MOVE] FIRESTORM_GATE_BLOCK UPC setup=move_strike prior_bar_ticks=109 threshold=6000
[06:29:55 ET] [MOVE] FIRESTORM_GATE_BLOCK UPC setup=move_strike prior_bar_ticks=109 threshold=6000
[06:29:55 ET] [MOVE] FIRESTORM_GATE_BLOCK UPC setup=move_strike prior_bar_ticks=109 threshold=6000
[06:29:55 ET] [MOVE] FIRESTORM_GATE_BLOCK UPC setup=move_strike prior_bar_ticks=109 threshold=6000
[06:29:55 ET] [MOVE] FIRESTORM_GATE_BLOCK UPC setup=move_strike prior_bar_ticks=109 threshold=6000
[06:29:55 ET] [MOVE] FIRESTORM_GATE_BLOCK UPC setup=move_strike prior_bar_ticks=109 threshold=6000
[06:29:55 ET] [MOVE] FIRESTORM_GATE_BLOCK UPC setup=move_strike prior_bar_ticks=109 threshold=6000
[06:29:55 ET] [MOVE] FIRESTORM_GATE_BLOCK UPC setup=move_strike prior_bar_ticks=109 threshold=6000
[06:29:55 ET] [MOVE] FIRESTORM_GATE_BLOCK UPC setup=move_strike prior_bar_ticks=109 threshold=6000
[06:29:55 ET] [MOVE] FIRESTORM_GATE_BLOCK UPC setup=move_strike prior_bar_ticks=109 threshold=6000
[06:29:55 ET] [MOVE] FIRESTORM_GATE_BLOCK UPC setup=move_strike prior_bar_ticks=109 threshold=6000
[06:29:55 ET] [MOVE] FIRESTORM_GATE_BLOCK UPC setup=move_strike prior_bar_ticks=109 threshold=6000
[06:29:55 ET] [MOVE] FIRESTORM_GATE_BLOCK UPC setup=move_strike prior_bar_ticks=109 threshold=6000
[06:29:55 ET] [MOVE] FIRESTORM_GATE_BLOCK UPC setup=move_strike prior_bar_ticks=109 threshold=6000
[06:29:55 ET] [MOVE] FIRESTORM_GATE_BLOCK UPC setup=move_strike prior_bar_ticks=109 threshold=6000
[06:29:55 ET] [MOVE] FIRESTORM_GATE_BLOCK UPC setup=move_strike prior_bar_ticks=109 threshold=6000
[06:29:55 ET] [MOVE] FIRESTORM_GATE_BLOCK UPC setup=move_strike prior_bar_ticks=109 threshold=6000
[06:29:55 ET] [MOVE] FIRESTORM_GATE_BLOCK UPC setup=move_strike prior_bar_ticks=109 threshold=6000
[06:29:55 ET] [MOVE] FIRESTORM_GATE_BLOCK UPC setup=move_strike prior_bar_ticks=109 threshold=6000
[06:29:55 ET] [MOVE] FIRESTORM_GATE_BLOCK UPC setup=move_strike prior_bar_ticks=109 threshold=6000
[06:29:55 ET] [MOVE] FIRESTORM_GATE_BLOCK UPC setup=move_strike prior_bar_ticks=109 threshold=6000
[06:29:55 ET] [MOVE] FIRESTORM_GATE_BLOCK UPC setup=move_strike prior_bar_ticks=109 threshold=6000
[06:29:55 ET] [MOVE] FIRESTORM_GATE_BLOCK UPC setup=move_strike prior_bar_ticks=109 threshold=6000
[06:29:56 ET] [MOVE] FIRESTORM_GATE_BLOCK UPC setup=move_strike prior_bar_ticks=109 threshold=6000
[06:29:56 ET] [MOVE] FIRESTORM_GATE_BLOCK UPC setup=move_strike prior_bar_ticks=109 threshold=6000
[06:29:56 ET] [MOVE] FIRESTORM_GATE_BLOCK UPC setup=move_strike prior_bar_ticks=109 threshold=6000
[06:29:56 ET] [MOVE] FIRESTORM_GATE_BLOCK UPC setup=move_strike prior_bar_ticks=109 threshold=6000
[06:29:56 ET] [MOVE] FIRESTORM_GATE_BLOCK UPC setup=move_strike prior_bar_ticks=109 threshold=6000
[06:29:56 ET] [MOVE] FIRESTORM_GATE_BLOCK UPC setup=move_strike prior_bar_ticks=109 threshold=6000
[06:29:56 ET] [MOVE] FIRESTORM_GATE_BLOCK UPC setup=move_strike prior_bar_ticks=109 threshold=6000
[06:29:56 ET] [MOVE] FIRESTORM_GATE_BLOCK UPC setup=move_strike prior_bar_ticks=109 threshold=6000
[06:29:56 ET] [MOVE] FIRESTORM_GATE_BLOCK UPC setup=move_strike prior_bar_ticks=109 threshold=6000
[06:29:56 ET] [MOVE] FIRESTORM_GATE_BLOCK UPC setup=move_strike prior_bar_ticks=109 threshold=6000
[06:29:56 ET] [MOVE] FIRESTORM_GATE_BLOCK UPC setup=move_strike prior_bar_ticks=109 threshold=6000
[06:29:56 ET] [MOVE] FIRESTORM_GATE_BLOCK UPC setup=move_strike prior_bar_ticks=109 threshold=6000
[06:29:56 ET] [MOVE] FIRESTORM_GATE_BLOCK UPC setup=move_strike prior_bar_ticks=109 threshold=6000
[06:29:56 ET] [MOVE] FIRESTORM_GATE_BLOCK UPC setup=move_strike prior_bar_ticks=109 threshold=6000
[06:29:56 ET] [MOVE] FIRESTORM_GATE_BLOCK UPC setup=move_strike prior_bar_ticks=109 threshold=6000
[06:29:56 ET] [MOVE] FIRESTORM_GATE_BLOCK UPC setup=move_strike prior_bar_ticks=109 threshold=6000
[06:29:56 ET] [MOVE] FIRESTORM_GATE_BLOCK UPC setup=move_strike prior_bar_ticks=109 threshold=6000
[06:29:56 ET] [MOVE] FIRESTORM_GATE_BLOCK UPC setup=move_strike prior_bar_ticks=109 threshold=6000
[06:29:56 ET] [MOVE] FIRESTORM_GATE_BLOCK UPC setup=move_strike prior_bar_ticks=109 threshold=6000
[06:29:56 ET] [MOVE] FIRESTORM_GATE_BLOCK UPC setup=move_strike prior_bar_ticks=109 threshold=6000
[06:29:56 ET] [MOVE] FIRESTORM_GATE_BLOCK UPC setup=move_strike prior_bar_ticks=109 threshold=6000
[06:29:56 ET] [MOVE] FIRESTORM_GATE_BLOCK UPC setup=move_strike prior_bar_ticks=109 threshold=6000
[06:29:56 ET] [MOVE] FIRESTORM_GATE_BLOCK UPC setup=move_strike prior_bar_ticks=109 threshold=6000
[06:29:56 ET] [MOVE] FIRESTORM_GATE_BLOCK UPC setup=move_strike prior_bar_ticks=109 threshold=6000
[06:29:56 ET] [MOVE] FIRESTORM_GATE_BLOCK UPC setup=move_strike prior_bar_ticks=109 threshold=6000
[06:29:57 ET] [MOVE] FIRESTORM_GATE_BLOCK UPC setup=move_strike prior_bar_ticks=109 threshold=6000
[06:29:57 ET] [MOVE] FIRESTORM_GATE_BLOCK UPC setup=move_strike prior_bar_ticks=109 threshold=6000
[06:29:57 ET] [MOVE] FIRESTORM_GATE_BLOCK UPC setup=move_strike prior_bar_ticks=109 threshold=6000
[06:29:57 ET] [MOVE] FIRESTORM_GATE_BLOCK UPC setup=move_strike prior_bar_ticks=109 threshold=6000
[06:29:57 ET] [MOVE] FIRESTORM_GATE_BLOCK UPC setup=move_strike prior_bar_ticks=109 threshold=6000
[06:29:57 ET] [MOVE] FIRESTORM_GATE_BLOCK UPC setup=move_strike prior_bar_ticks=109 threshold=6000
[06:29:57 ET] [MOVE] FIRESTORM_GATE_BLOCK UPC setup=move_strike prior_bar_ticks=109 threshold=6000
[06:29:57 ET] [MOVE] FIRESTORM_GATE_BLOCK UPC setup=move_strike prior_bar_ticks=109 threshold=6000
[06:29:57 ET] [MOVE] FIRESTORM_GATE_BLOCK UPC setup=move_strike prior_bar_ticks=109 threshold=6000
[06:29:57 ET] [MOVE] FIRESTORM_GATE_BLOCK UPC setup=move_strike prior_bar_ticks=109 threshold=6000
[06:29:58 ET] [MOVE] FIRESTORM_GATE_BLOCK UPC setup=move_strike prior_bar_ticks=109 threshold=6000
[06:29:58 ET] [MOVE] FIRESTORM_GATE_BLOCK UPC setup=move_strike prior_bar_ticks=109 threshold=6000
[06:29:58 ET] [MOVE] FIRESTORM_GATE_BLOCK UPC setup=move_strike prior_bar_ticks=109 threshold=6000
[06:29:58 ET] [MOVE] FIRESTORM_GATE_BLOCK UPC setup=move_strike prior_bar_ticks=109 threshold=6000
[06:29:58 ET] [MOVE] FIRESTORM_GATE_BLOCK UPC setup=move_strike prior_bar_ticks=109 threshold=6000
[06:29:58 ET] [MOVE] FIRESTORM_GATE_BLOCK UPC setup=move_strike prior_bar_ticks=109 threshold=6000
[06:29:58 ET] [MOVE] FIRESTORM_GATE_BLOCK UPC setup=move_strike prior_bar_ticks=109 threshold=6000
[06:29:58 ET] [MOVE] FIRESTORM_GATE_BLOCK UPC setup=move_strike prior_bar_ticks=109 threshold=6000
[06:29:58 ET] [MOVE] FIRESTORM_GATE_BLOCK UPC setup=move_strike prior_bar_ticks=109 threshold=6000
[06:29:58 ET] [MOVE] FIRESTORM_GATE_BLOCK UPC setup=move_strike prior_bar_ticks=109 threshold=6000
[06:29:58 ET] [MOVE] FIRESTORM_GATE_BLOCK UPC setup=move_strike prior_bar_ticks=109 threshold=6000
[06:29:58 ET] [MOVE] FIRESTORM_GATE_BLOCK UPC setup=move_strike prior_bar_ticks=109 threshold=6000
[06:29:58 ET] [MOVE] FIRESTORM_GATE_BLOCK UPC setup=move_strike prior_bar_ticks=109 threshold=6000
[06:29:58 ET] [MOVE] FIRESTORM_GATE_BLOCK UPC setup=move_strike prior_bar_ticks=109 threshold=6000
[06:29:58 ET] [MOVE] FIRESTORM_GATE_BLOCK UPC setup=move_strike prior_bar_ticks=109 threshold=6000
[06:29:58 ET] [MOVE] FIRESTORM_GATE_BLOCK UPC setup=move_strike prior_bar_ticks=109 threshold=6000
[06:29:58 ET] [MOVE] FIRESTORM_GATE_BLOCK UPC setup=move_strike prior_bar_ticks=109 threshold=6000
[06:29:58 ET] [MOVE] FIRESTORM_GATE_BLOCK UPC setup=move_strike prior_bar_ticks=109 threshold=6000
[06:29:58 ET] [MOVE] FIRESTORM_GATE_BLOCK UPC setup=move_strike prior_bar_ticks=109 threshold=6000
[06:29:58 ET] [MOVE] FIRESTORM_GATE_BLOCK UPC setup=move_strike prior_bar_ticks=109 threshold=6000
[06:29:58 ET] [MOVE] FIRESTORM_GATE_BLOCK UPC setup=move_strike prior_bar_ticks=109 threshold=6000
[06:29:58 ET] [MOVE] FIRESTORM_GATE_BLOCK UPC setup=move_strike prior_bar_ticks=109 threshold=6000
[06:29:58 ET] [MOVE] FIRESTORM_GATE_BLOCK UPC setup=move_strike prior_bar_ticks=109 threshold=6000
[06:29:58 ET] [MOVE] FIRESTORM_GATE_BLOCK UPC setup=move_strike prior_bar_ticks=109 threshold=6000
[06:29:59 ET] [MOVE] FIRESTORM_GATE_BLOCK UPC setup=move_strike prior_bar_ticks=109 threshold=6000
[06:29:59 ET] [MOVE] FIRESTORM_GATE_BLOCK UPC setup=move_strike prior_bar_ticks=109 threshold=6000
[06:29:59 ET] [MOVE] FIRESTORM_GATE_BLOCK UPC setup=move_strike prior_bar_ticks=109 threshold=6000
[06:29:59 ET] [MOVE] FIRESTORM_GATE_BLOCK UPC setup=move_strike prior_bar_ticks=109 threshold=6000
[06:29:59 ET] [MOVE] FIRESTORM_GATE_BLOCK UPC setup=move_strike prior_bar_ticks=109 threshold=6000
[06:29:59 ET] [MOVE] FIRESTORM_GATE_BLOCK UPC setup=move_strike prior_bar_ticks=109 threshold=6000
[06:29:59 ET] [MOVE] FIRESTORM_GATE_BLOCK UPC setup=move_strike prior_bar_ticks=109 threshold=6000
[06:29:59 ET] [MOVE] FIRESTORM_GATE_BLOCK UPC setup=move_strike prior_bar_ticks=109 threshold=6000
[06:29:59 ET] [MOVE] FIRESTORM_GATE_BLOCK UPC setup=move_strike prior_bar_ticks=109 threshold=6000
[06:29:59 ET] [MOVE] FIRESTORM_GATE_BLOCK UPC setup=move_strike prior_bar_ticks=109 threshold=6000
[06:30 ET] DCOY CHART | O=13.17 H=13.50 L=13.00 C=13.42 V=29,303 | EMA9=12.73 VWAP=13.18 (+1.9%) HOD=17.81 PM_H=17.81 | MACD=N/A vol_ratio=2.0x avg_vol=14,371 bars=50 | sq=IDLE armed=none
[06:30 ET] UPC CHART | O=8.79 H=9.20 L=8.79 C=9.16 V=33,816 | EMA9=8.80 VWAP=9.34 (-2.0%) HOD=10.98 PM_H=10.98 | MACD=N/A vol_ratio=2.2x avg_vol=15,516 bars=50 | sq=ARMED armed=$10.02
[06:30:00 ET] [MOVE] FIRESTORM_GATE_BLOCK UPC setup=regime_shift prior_bar_ticks=824 threshold=6000
[06:30:00 ET] ACTIVE | flat | daily=$+0 (0t) | conn=OK | ticks=2686 | DCOY:1127t/IDLE UPC:535t/ARMED/arm$10.02
[TIER] STATUS tier1=['DCOY', 'UPC'] tier2=0 capacity=2/5
[06:30:01 ET] ACTIVE | flat | daily=$+0 (0t) | conn=OK | ticks=2854 | DCOY:1174t/IDLE UPC:656t/ARMED/arm$10.02
[ENGINE_PUB] STATS published=108,945 dropped=0 clients=2
  Tick cache: DCOY → +1,228 ticks (total 130,869)
  Tick cache: UPC → +1,038 ticks (total 78,592)
📦 Tick cache saved: 2 symbols → tick_cache/2026-06-29/
  TICK AUDIT: DCOY: 2112 ticks in last 60s, last_price=$13.24, last_tick_time=06:30:31
  TICK AUDIT: UPC: 1320 ticks in last 60s, last_price=$9.00, last_tick_time=06:30:31
  → ORPHAN IGNORED (sync): FEBO on WB_ORPHAN_HALT_IGNORE_SYMBOLS — NOT adopting; bot keeps trading. Left at broker for manual handling.
[TIER] STATUS tier1=['DCOY', 'UPC'] tier2=0 capacity=2/5
  ⚠️ ORPHAN POSITION FOUND: FEBO qty=219 (available=219) entry=$1.12 unrealized=$-45.78 value=$198.78
  → ORPHAN IGNORED: FEBO on WB_ORPHAN_HALT_IGNORE_SYMBOLS — NOT adopting, NOT halting. Bot keeps trading other names; position left at broker for manual handling.
SUBSCRIPTION_AUDIT {"ts":"2026-06-29T06:30:32.306063-04:00","sym":"UPC","tier":"tick_by_tick","obs_v_5m":51641,"median_v_5m":143044,"ratio_obs_to_median":0.361,"truth_v_5m":null,"ratio_obs_to_truth":null,"status":"OK","sub_age_sec":3603,"contract_exchange":"SMART","contract_primary":"NASDAQ"}
SUBSCRIPTION_AUDIT {"ts":"2026-06-29T06:30:32.306063-04:00","sym":"DCOY","tier":"tick_by_tick","obs_v_5m":234448,"median_v_5m":143044,"ratio_obs_to_median":1.639,"truth_v_5m":null,"ratio_obs_to_truth":null,"status":"OK","sub_age_sec":5406,"contract_exchange":"SMART","contract_primary":"NASDAQ"}

🔄 Running scanner at 06:30:34 ET...
Error 162, reqId 137668: Historical Market Data Service error message:API scanner subscription cancelled: 137668
  [float_cache] Cleared 20 stale None entries — will re-attempt lookups
IBKR ERROR 162: Historical Market Data Service error message:API scanner subscription cancelled: 137668 (reqId=137668, symbol=?)
[06:30 ET] WNW CHART | O=3.95 H=3.95 L=3.95 C=3.95 V=300 | EMA9=none VWAP=3.96 (-0.3%) HOD=4.05 PM_H=4.05 | MACD=N/A vol_ratio=0.0x avg_vol=0 bars=0 | sq=N/A armed=none
[06:30 ET] WSHP CHART | O=9.28 H=9.28 L=9.28 C=9.28 V=200 | EMA9=none VWAP=9.14 (+1.5%) HOD=9.45 PM_H=9.45 | MACD=N/A vol_ratio=0.0x avg_vol=0 bars=0 | sq=N/A armed=none
[06:30 ET] QH CHART | O=6.47 H=6.47 L=6.47 C=6.47 V=1,000 | EMA9=none VWAP=6.76 (-4.3%) HOD=7.39 PM_H=7.39 | MACD=N/A vol_ratio=0.0x avg_vol=0 bars=0 | sq=N/A armed=none
[06:30 ET] AMSS CHART | O=2.32 H=2.32 L=2.32 C=2.32 V=400 | EMA9=none VWAP=2.33 (-0.5%) HOD=2.37 PM_H=2.37 | MACD=N/A vol_ratio=0.0x avg_vol=0 bars=0 | sq=N/A armed=none
  Tick cache: DCOY → +968 ticks (total 131,837)
  Tick cache: UPC → +317 ticks (total 78,909)
  Tick cache: WNW → +2 ticks (total 51)
  Tick cache: WSHP → +3 ticks (total 51)
  Tick cache: QH → +2 ticks (total 45)
📦 Tick cache saved: 5 symbols → tick_cache/2026-06-29/
[06:30 ET] STI CHART | O=13.91 H=13.91 L=13.91 C=13.91 V=300 | EMA9=none VWAP=14.41 (-3.4%) HOD=16.37 PM_H=16.37 | MACD=N/A vol_ratio=0.0x avg_vol=0 bars=0 | sq=N/A armed=none
[06:30 ET] LRMR CHART | O=4.06 H=4.06 L=4.06 C=4.06 V=200 | EMA9=none VWAP=4.19 (-3.0%) HOD=4.35 PM_H=4.35 | MACD=N/A vol_ratio=0.0x avg_vol=0 bars=0 | sq=N/A armed=none
[06:30 ET] CCXI CHART | O=15.41 H=15.41 L=15.41 C=15.41 V=100 | EMA9=none VWAP=15.54 (-0.8%) HOD=16.49 PM_H=16.49 | MACD=N/A vol_ratio=0.0x avg_vol=0 bars=0 | sq=N/A armed=none
[ENGINE_PUB] STATS published=110,829 dropped=0 clients=2
  Tick cache: DCOY → +680 ticks (total 132,517)
  Tick cache: UPC → +203 ticks (total 79,112)
  Tick cache: AMSS → +2 ticks (total 52)
  Tick cache: STI → +2 ticks (total 48)
  Tick cache: LRMR → +2 ticks (total 57)
  Tick cache: CCXI → +3 ticks (total 62)
  Tick cache: RDWU → +2 ticks (total 64)
  Tick cache: CBRG → +2 ticks (total 62)
  Tick cache: SKYQ → +2 ticks (total 46)
  Tick cache: LUNL → +1 ticks (total 7)
  Tick cache: ORCU → +2 ticks (total 56)
  Tick cache: MBRX → +2 ticks (total 59)
  Tick cache: UNCY → +1 ticks (total 7)
  Tick cache: IRE → +2 ticks (total 44)
📦 Tick cache saved: 14 symbols → tick_cache/2026-06-29/
  Saved: /Users/duffy/warrior_bot_v2/scanner_results/2026-06-29.json (30 snapshots)
📊 Scanner: 2 new candidates, 0 new subs, 2 total watching
[TIER] STATUS tier1=['DCOY', 'UPC'] tier2=0 capacity=2/5
SUBSCRIPTION_AUDIT {"ts":"2026-06-29T06:30:34.313715-04:00","sym":"UPC","tier":"tick_by_tick","obs_v_5m":51641,"median_v_5m":150514,"ratio_obs_to_median":0.3431,"truth_v_5m":42502,"ratio_obs_to_truth":1.215,"status":"DIRECT_QUERY_OK","sub_age_sec":3605,"contract_exchange":"SMART","contract_primary":"NASDAQ"}
SUBSCRIPTION_AUDIT {"ts":"2026-06-29T06:30:34.313715-04:00","sym":"DCOY","tier":"tick_by_tick","obs_v_5m":234448,"median_v_5m":150514,"ratio_obs_to_median":1.5576,"truth_v_5m":92135,"ratio_obs_to_truth":2.5446,"status":"DIRECT_QUERY_OK","sub_age_sec":5408,"contract_exchange":"SMART","contract_primary":"NASDAQ"}
  TICK AUDIT: DCOY: 1365 ticks in last 60s, last_price=$12.93, last_tick_time=06:31:31
  TICK AUDIT: UPC: 383 ticks in last 60s, last_price=$8.87, last_tick_time=06:31:31
  → ORPHAN IGNORED (sync): FEBO on WB_ORPHAN_HALT_IGNORE_SYMBOLS — NOT adopting; bot keeps trading. Left at broker for manual handling.
  ⚠️ ORPHAN POSITION FOUND: FEBO qty=219 (available=219) entry=$1.12 unrealized=$-45.78 value=$198.78
  → ORPHAN IGNORED: FEBO on WB_ORPHAN_HALT_IGNORE_SYMBOLS — NOT adopting, NOT halting. Bot keeps trading other names; position left at broker for manual handling.
SUBSCRIPTION_AUDIT {"ts":"2026-06-29T06:31:32.612005-04:00","sym":"UPC","tier":"tick_by_tick","obs_v_5m":79268,"median_v_5m":150514,"ratio_obs_to_median":0.5266,"truth_v_5m":null,"ratio_obs_to_truth":null,"status":"OK","sub_age_sec":3663,"contract_exchange":"SMART","contract_primary":"NASDAQ"}
SUBSCRIPTION_AUDIT {"ts":"2026-06-29T06:31:32.612005-04:00","sym":"DCOY","tier":"tick_by_tick","obs_v_5m":221760,"median_v_5m":150514,"ratio_obs_to_median":1.4734,"truth_v_5m":null,"ratio_obs_to_truth":null,"status":"OK","sub_age_sec":5467,"contract_exchange":"SMART","contract_primary":"NASDAQ"}
  Tick cache: DCOY → +1,059 ticks (total 133,576)
  Tick cache: UPC → +192 ticks (total 79,304)
  Tick cache: SLS → +1 ticks (total 49)
  Tick cache: RZLV → +1 ticks (total 26)
  Tick cache: OKLL → +2 ticks (total 27)
📦 Tick cache saved: 5 symbols → tick_cache/2026-06-29/
[TIER] STATUS tier1=['DCOY', 'UPC'] tier2=0 capacity=2/5
[06:32:00 ET] ACTIVE | flat | daily=$+0 (0t) | conn=OK | ticks=2097 | DCOY:922t/IDLE UPC:117t/ARMED/arm$10.02
[06:32:01 ET] ACTIVE | flat | daily=$+0 (0t) | conn=OK | ticks=2123 | DCOY:946t/IDLE UPC:119t/ARMED/arm$10.02
[ENGINE_PUB] STATS published=112,787 dropped=0 clients=2
  Tick cache: DCOY → +490 ticks (total 134,066)
  Tick cache: UPC → +81 ticks (total 79,385)
📦 Tick cache saved: 2 symbols → tick_cache/2026-06-29/
[TIER] STATUS tier1=['DCOY', 'UPC'] tier2=0 capacity=2/5
  TICK AUDIT: DCOY: 1336 ticks in last 60s, last_price=$12.69, last_tick_time=06:32:31
  TICK AUDIT: UPC: 198 ticks in last 60s, last_price=$8.82, last_tick_time=06:32:31
  → ORPHAN IGNORED (sync): FEBO on WB_ORPHAN_HALT_IGNORE_SYMBOLS — NOT adopting; bot keeps trading. Left at broker for manual handling.
  ⚠️ ORPHAN POSITION FOUND: FEBO qty=219 (available=219) entry=$1.12 unrealized=$-45.78 value=$198.78
  → ORPHAN IGNORED: FEBO on WB_ORPHAN_HALT_IGNORE_SYMBOLS — NOT adopting, NOT halting. Bot keeps trading other names; position left at broker for manual handling.
SUBSCRIPTION_AUDIT {"ts":"2026-06-29T06:32:32.827151-04:00","sym":"UPC","tier":"tick_by_tick","obs_v_5m":82575,"median_v_5m":127577,"ratio_obs_to_median":0.6473,"truth_v_5m":null,"ratio_obs_to_truth":null,"status":"OK","sub_age_sec":3723,"contract_exchange":"SMART","contract_primary":"NASDAQ"}
SUBSCRIPTION_AUDIT {"ts":"2026-06-29T06:32:32.827151-04:00","sym":"DCOY","tier":"tick_by_tick","obs_v_5m":172579,"median_v_5m":127577,"ratio_obs_to_median":1.3527,"truth_v_5m":null,"ratio_obs_to_truth":null,"status":"OK","sub_age_sec":5527,"contract_exchange":"SMART","contract_primary":"NASDAQ"}
  Tick cache: DCOY → +254 ticks (total 134,320)
[TIER] STATUS tier1=['DCOY', 'UPC'] tier2=0 capacity=2/5
[06:33:00 ET] ACTIVE | flat | daily=$+0 (0t) | conn=OK | ticks=1333 | DCOY:202t/IDLE UPC:73t/ARMED/arm$10.02
  Tick cache: UPC → +80 ticks (total 79,465)
📦 Tick cache saved: 2 symbols → tick_cache/2026-06-29/
[06:33:01 ET] ACTIVE | flat | daily=$+0 (0t) | conn=OK | ticks=1340 | DCOY:208t/IDLE UPC:74t/ARMED/arm$10.02
[ENGINE_PUB] STATS published=113,538 dropped=0 clients=2
[TIER] STATUS tier1=['DCOY', 'UPC'] tier2=0 capacity=2/5
  TICK AUDIT: DCOY: 549 ticks in last 60s, last_price=$12.80, last_tick_time=06:33:31
  TICK AUDIT: UPC: 144 ticks in last 60s, last_price=$8.90, last_tick_time=06:33:31
  → ORPHAN IGNORED (sync): FEBO on WB_ORPHAN_HALT_IGNORE_SYMBOLS — NOT adopting; bot keeps trading. Left at broker for manual handling.
  Tick cache: UPC → +73 ticks (total 79,538)
  ⚠️ ORPHAN POSITION FOUND: FEBO qty=219 (available=219) entry=$1.12 unrealized=$-45.78 value=$198.78
  → ORPHAN IGNORED: FEBO on WB_ORPHAN_HALT_IGNORE_SYMBOLS — NOT adopting, NOT halting. Bot keeps trading other names; position left at broker for manual handling.
SUBSCRIPTION_AUDIT {"ts":"2026-06-29T06:33:33.050527-04:00","sym":"UPC","tier":"tick_by_tick","obs_v_5m":81259,"median_v_5m":110274,"ratio_obs_to_median":0.7369,"truth_v_5m":null,"ratio_obs_to_truth":null,"status":"OK","sub_age_sec":3783,"contract_exchange":"SMART","contract_primary":"NASDAQ"}
SUBSCRIPTION_AUDIT {"ts":"2026-06-29T06:33:33.050527-04:00","sym":"DCOY","tier":"tick_by_tick","obs_v_5m":139290,"median_v_5m":110274,"ratio_obs_to_median":1.2631,"truth_v_5m":null,"ratio_obs_to_truth":null,"status":"OK","sub_age_sec":5587,"contract_exchange":"SMART","contract_primary":"NASDAQ"}
  Tick cache: DCOY → +351 ticks (total 134,671)
📦 Tick cache saved: 2 symbols → tick_cache/2026-06-29/
[06:34:00 ET] ACTIVE | flat | daily=$+0 (0t) | conn=OK | ticks=1433 | DCOY:289t/IDLE UPC:86t/ARMED/arm$10.02
[TIER] STATUS tier1=['DCOY', 'UPC'] tier2=0 capacity=2/5
[06:34:01 ET] ACTIVE | flat | daily=$+0 (0t) | conn=OK | ticks=1441 | DCOY:297t/IDLE UPC:86t/ARMED/arm$10.02
  Tick cache: DCOY → +325 ticks (total 134,996)
  Tick cache: UPC → +87 ticks (total 79,625)
📦 Tick cache saved: 2 symbols → tick_cache/2026-06-29/
[ENGINE_PUB] STATS published=114,328 dropped=0 clients=2
[TIER] STATUS tier1=['DCOY', 'UPC'] tier2=0 capacity=2/5
  TICK AUDIT: DCOY: 760 ticks in last 60s, last_price=$12.40, last_tick_time=06:34:32
  TICK AUDIT: UPC: 153 ticks in last 60s, last_price=$8.96, last_tick_time=06:34:31
  → ORPHAN IGNORED (sync): FEBO on WB_ORPHAN_HALT_IGNORE_SYMBOLS — NOT adopting; bot keeps trading. Left at broker for manual handling.
  ⚠️ ORPHAN POSITION FOUND: FEBO qty=219 (available=219) entry=$1.12 unrealized=$-45.78 value=$198.78
  → ORPHAN IGNORED: FEBO on WB_ORPHAN_HALT_IGNORE_SYMBOLS — NOT adopting, NOT halting. Bot keeps trading other names; position left at broker for manual handling.
SUBSCRIPTION_AUDIT {"ts":"2026-06-29T06:34:33.265709-04:00","sym":"UPC","tier":"tick_by_tick","obs_v_5m":84812,"median_v_5m":107674,"ratio_obs_to_median":0.7877,"truth_v_5m":null,"ratio_obs_to_truth":null,"status":"OK","sub_age_sec":3844,"contract_exchange":"SMART","contract_primary":"NASDAQ"}
SUBSCRIPTION_AUDIT {"ts":"2026-06-29T06:34:33.265709-04:00","sym":"DCOY","tier":"tick_by_tick","obs_v_5m":130536,"median_v_5m":107674,"ratio_obs_to_median":1.2123,"truth_v_5m":null,"ratio_obs_to_truth":null,"status":"OK","sub_age_sec":5647,"contract_exchange":"SMART","contract_primary":"NASDAQ"}
  Tick cache: DCOY → +660 ticks (total 135,656)
  Tick cache: UPC → +74 ticks (total 79,699)
📦 Tick cache saved: 2 symbols → tick_cache/2026-06-29/
[06:35 ET] DCOY CHART | O=12.63 H=12.85 L=12.33 C=12.82 V=19,737 | EMA9=12.81 VWAP=13.16 (-2.6%) HOD=17.81 PM_H=17.81 | MACD=N/A vol_ratio=1.2x avg_vol=16,784 bars=50 | sq=IDLE armed=none
[06:35 ET] UPC CHART | O=8.85 H=9.05 L=8.82 C=9.00 V=8,483 | EMA9=8.84 VWAP=9.33 (-3.6%) HOD=10.98 PM_H=10.98 | MACD=N/A vol_ratio=0.5x avg_vol=16,227 bars=50 | sq=ARMED armed=$10.02
[06:35:00 ET] ACTIVE | flat | daily=$+0 (0t) | conn=OK | ticks=1739 | DCOY:505t/IDLE UPC:176t/ARMED/arm$10.02
[TIER] STATUS tier1=['DCOY', 'UPC'] tier2=0 capacity=2/5
[06:35:01 ET] ACTIVE | flat | daily=$+0 (0t) | conn=OK | ticks=1745 | DCOY:509t/IDLE UPC:178t/ARMED/arm$10.02
  Tick cache: DCOY → +450 ticks (total 136,106)
  Tick cache: UPC → +203 ticks (total 79,902)
📦 Tick cache saved: 2 symbols → tick_cache/2026-06-29/
[ENGINE_PUB] STATS published=115,634 dropped=0 clients=2
[TIER] STATUS tier1=['DCOY', 'UPC'] tier2=0 capacity=2/5
  TICK AUDIT: DCOY: 1154 ticks in last 60s, last_price=$13.06, last_tick_time=06:35:32
  TICK AUDIT: UPC: 276 ticks in last 60s, last_price=$8.94, last_tick_time=06:35:31
  → ORPHAN IGNORED (sync): FEBO on WB_ORPHAN_HALT_IGNORE_SYMBOLS — NOT adopting; bot keeps trading. Left at broker for manual handling.
  ⚠️ ORPHAN POSITION FOUND: FEBO qty=219 (available=219) entry=$1.12 unrealized=$-45.78 value=$198.78
  → ORPHAN IGNORED: FEBO on WB_ORPHAN_HALT_IGNORE_SYMBOLS — NOT adopting, NOT halting. Bot keeps trading other names; position left at broker for manual handling.
SUBSCRIPTION_AUDIT {"ts":"2026-06-29T06:35:33.486294-04:00","sym":"UPC","tier":"tick_by_tick","obs_v_5m":59479,"median_v_5m":90224,"ratio_obs_to_median":0.6592,"truth_v_5m":null,"ratio_obs_to_truth":null,"status":"OK","sub_age_sec":3904,"contract_exchange":"SMART","contract_primary":"NASDAQ"}
SUBSCRIPTION_AUDIT {"ts":"2026-06-29T06:35:33.486294-04:00","sym":"DCOY","tier":"tick_by_tick","obs_v_5m":120970,"median_v_5m":90224,"ratio_obs_to_median":1.3408,"truth_v_5m":null,"ratio_obs_to_truth":null,"status":"OK","sub_age_sec":5708,"contract_exchange":"SMART","contract_primary":"NASDAQ"}

🔄 Running scanner at 06:35:34 ET...
Error 162, reqId 137751: Historical Market Data Service error message:API scanner subscription cancelled: 137751
  [float_cache] Cleared 22 stale None entries — will re-attempt lookups
IBKR ERROR 162: Historical Market Data Service error message:API scanner subscription cancelled: 137751 (reqId=137751, symbol=?)
[06:35 ET] WNW CHART | O=3.95 H=3.95 L=3.95 C=3.95 V=200 | EMA9=none VWAP=3.96 (-0.3%) HOD=4.05 PM_H=4.05 | MACD=N/A vol_ratio=0.0x avg_vol=0 bars=0 | sq=N/A armed=none
[06:35 ET] WSHP CHART | O=9.40 H=9.40 L=9.40 C=9.40 V=900 | EMA9=none VWAP=9.15 (+2.7%) HOD=9.45 PM_H=9.45 | MACD=N/A vol_ratio=0.0x avg_vol=0 bars=0 | sq=N/A armed=none
  Tick cache: DCOY → +721 ticks (total 136,827)
  Tick cache: UPC → +146 ticks (total 80,048)
  Tick cache: WNW → +3 ticks (total 54)
📦 Tick cache saved: 3 symbols → tick_cache/2026-06-29/
[06:35 ET] STI CHART | O=13.92 H=13.92 L=13.92 C=13.92 V=200 | EMA9=none VWAP=14.39 (-3.3%) HOD=16.37 PM_H=16.37 | MACD=N/A vol_ratio=0.0x avg_vol=0 bars=0 | sq=N/A armed=none
[06:35 ET] QH CHART | O=6.34 H=6.34 L=6.34 C=6.34 V=200 | EMA9=none VWAP=6.75 (-6.1%) HOD=7.39 PM_H=7.39 | MACD=N/A vol_ratio=0.0x avg_vol=0 bars=0 | sq=N/A armed=none
[06:35 ET] AMSS CHART | O=2.32 H=2.32 L=2.32 C=2.32 V=400 | EMA9=none VWAP=2.33 (-0.5%) HOD=2.37 PM_H=2.37 | MACD=N/A vol_ratio=0.0x avg_vol=0 bars=0 | sq=N/A armed=none
[06:35 ET] CCXI CHART | O=15.47 H=15.47 L=15.47 C=15.47 V=300 | EMA9=none VWAP=15.53 (-0.4%) HOD=16.49 PM_H=16.49 | MACD=N/A vol_ratio=0.0x avg_vol=0 bars=0 | sq=N/A armed=none
[06:35 ET] RDWU CHART | O=8.77 H=8.77 L=8.77 C=8.77 V=200 | EMA9=none VWAP=8.68 (+1.0%) HOD=8.80 PM_H=8.80 | MACD=N/A vol_ratio=0.0x avg_vol=0 bars=0 | sq=N/A armed=none
  Tick cache: DCOY → +966 ticks (total 137,793)
  Tick cache: UPC → +89 ticks (total 80,137)
  Tick cache: WSHP → +1 ticks (total 52)
  Tick cache: STI → +2 ticks (total 50)
  Tick cache: QH → +1 ticks (total 46)
  Tick cache: AMSS → +2 ticks (total 54)
  Tick cache: CCXI → +2 ticks (total 64)
  Tick cache: RDWU → +2 ticks (total 66)
  Tick cache: CBRG → +2 ticks (total 64)
  Tick cache: LUNL → +1 ticks (total 8)
  Tick cache: ORCU → +2 ticks (total 58)
  Tick cache: SKYQ → +1 ticks (total 47)
  Tick cache: MBRX → +1 ticks (total 60)
  Tick cache: SLS → +2 ticks (total 51)
📦 Tick cache saved: 14 symbols → tick_cache/2026-06-29/
[ENGINE_PUB] STATS published=117,604 dropped=0 clients=2
  Saved: /Users/duffy/warrior_bot_v2/scanner_results/2026-06-29.json (31 snapshots)
📊 Scanner: 2 new candidates, 0 new subs, 2 total watching
[TIER] STATUS tier1=['DCOY', 'UPC'] tier2=0 capacity=2/5
SUBSCRIPTION_AUDIT {"ts":"2026-06-29T06:35:34.489928-04:00","sym":"DCOY","tier":"tick_by_tick","obs_v_5m":120970,"median_v_5m":74075,"ratio_obs_to_median":1.6331,"truth_v_5m":56274,"ratio_obs_to_truth":2.1497,"status":"DIRECT_QUERY_OK","sub_age_sec":5709,"contract_exchange":"SMART","contract_primary":"NASDAQ"}
SUBSCRIPTION_AUDIT {"ts":"2026-06-29T06:35:34.489928-04:00","sym":"UPC","tier":"tick_by_tick","obs_v_5m":59479,"median_v_5m":74075,"ratio_obs_to_median":0.803,"truth_v_5m":19205,"ratio_obs_to_truth":3.0971,"status":"DIRECT_QUERY_OK","sub_age_sec":3905,"contract_exchange":"SMART","contract_primary":"NASDAQ"}
  TICK AUDIT: DCOY: 2086 ticks in last 60s, last_price=$13.52, last_tick_time=06:36:32
  TICK AUDIT: UPC: 205 ticks in last 60s, last_price=$8.93, last_tick_time=06:36:31
  → ORPHAN IGNORED (sync): FEBO on WB_ORPHAN_HALT_IGNORE_SYMBOLS — NOT adopting; bot keeps trading. Left at broker for manual handling.
  ⚠️ ORPHAN POSITION FOUND: FEBO qty=219 (available=219) entry=$1.12 unrealized=$-45.78 value=$198.78
  → ORPHAN IGNORED: FEBO on WB_ORPHAN_HALT_IGNORE_SYMBOLS — NOT adopting, NOT halting. Bot keeps trading other names; position left at broker for manual handling.
SUBSCRIPTION_AUDIT {"ts":"2026-06-29T06:36:33.772015-04:00","sym":"UPC","tier":"tick_by_tick","obs_v_5m":36106,"median_v_5m":74075,"ratio_obs_to_median":0.4874,"truth_v_5m":null,"ratio_obs_to_truth":null,"status":"OK","sub_age_sec":3964,"contract_exchange":"SMART","contract_primary":"NASDAQ"}
SUBSCRIPTION_AUDIT {"ts":"2026-06-29T06:36:33.772015-04:00","sym":"DCOY","tier":"tick_by_tick","obs_v_5m":112045,"median_v_5m":74075,"ratio_obs_to_median":1.5126,"truth_v_5m":null,"ratio_obs_to_truth":null,"status":"OK","sub_age_sec":5768,"contract_exchange":"SMART","contract_primary":"NASDAQ"}
  Tick cache: DCOY → +1,454 ticks (total 139,247)
  Tick cache: UPC → +92 ticks (total 80,229)
  Tick cache: UNCY → +2 ticks (total 9)
  Tick cache: RZLV → +1 ticks (total 27)
  Tick cache: IRE → +2 ticks (total 46)
  Tick cache: LWLG → +1 ticks (total 20)
  Tick cache: OKLL → +2 ticks (total 29)
📦 Tick cache saved: 7 symbols → tick_cache/2026-06-29/
[06:37 ET] DCOY SQ | SQ_REJECT: not_new_hod (bar_high=$13.7000 < HOD=$14.0200)
[TIER] STATUS tier1=['DCOY', 'UPC'] tier2=0 capacity=2/5
[06:37:00 ET] ACTIVE | flat | daily=$+0 (0t) | conn=OK | ticks=2167 | DCOY:961t/IDLE UPC:118t/ARMED/arm$10.02
[06:37:01 ET] ACTIVE | flat | daily=$+0 (0t) | conn=OK | ticks=2220 | DCOY:1007t/IDLE UPC:125t/ARMED/arm$10.02
[ENGINE_PUB] STATS published=119,923 dropped=0 clients=2
  Tick cache: DCOY → +788 ticks (total 140,035)
  Tick cache: UPC → +123 ticks (total 80,352)
📦 Tick cache saved: 2 symbols → tick_cache/2026-06-29/
[TIER] STATUS tier1=['DCOY', 'UPC'] tier2=0 capacity=2/5
  TICK AUDIT: DCOY: 1583 ticks in last 60s, last_price=$13.29, last_tick_time=06:37:32
  TICK AUDIT: UPC: 211 ticks in last 60s, last_price=$8.86, last_tick_time=06:37:32
  → ORPHAN IGNORED (sync): FEBO on WB_ORPHAN_HALT_IGNORE_SYMBOLS — NOT adopting; bot keeps trading. Left at broker for manual handling.
  ⚠️ ORPHAN POSITION FOUND: FEBO qty=219 (available=219) entry=$1.12 unrealized=$-45.78 value=$198.78
  → ORPHAN IGNORED: FEBO on WB_ORPHAN_HALT_IGNORE_SYMBOLS — NOT adopting, NOT halting. Bot keeps trading other names; position left at broker for manual handling.
SUBSCRIPTION_AUDIT {"ts":"2026-06-29T06:37:33.975758-04:00","sym":"UPC","tier":"tick_by_tick","obs_v_5m":33702,"median_v_5m":76540,"ratio_obs_to_median":0.4403,"truth_v_5m":null,"ratio_obs_to_truth":null,"status":"OK","sub_age_sec":4024,"contract_exchange":"SMART","contract_primary":"NASDAQ"}
SUBSCRIPTION_AUDIT {"ts":"2026-06-29T06:37:33.975758-04:00","sym":"DCOY","tier":"tick_by_tick","obs_v_5m":119379,"median_v_5m":76540,"ratio_obs_to_median":1.5597,"truth_v_5m":null,"ratio_obs_to_truth":null,"status":"OK","sub_age_sec":5828,"contract_exchange":"SMART","contract_primary":"NASDAQ"}
  Tick cache: DCOY → +580 ticks (total 140,615)
  Tick cache: UPC → +81 ticks (total 80,433)
📦 Tick cache saved: 2 symbols → tick_cache/2026-06-29/
[06:38:00 ET] ACTIVE | flat | daily=$+0 (0t) | conn=OK | ticks=1556 | DCOY:413t/IDLE UPC:55t/ARMED/arm$10.02
[TIER] STATUS tier1=['DCOY', 'UPC'] tier2=0 capacity=2/5
[06:38:01 ET] ACTIVE | flat | daily=$+0 (0t) | conn=OK | ticks=1574 | DCOY:426t/IDLE UPC:60t/ARMED/arm$10.02
[ENGINE_PUB] STATS published=120,904 dropped=0 clients=2
  Tick cache: DCOY → +471 ticks (total 141,086)
  Tick cache: UPC → +33 ticks (total 80,466)
📦 Tick cache saved: 2 symbols → tick_cache/2026-06-29/
[TIER] STATUS tier1=['DCOY', 'UPC'] tier2=0 capacity=2/5
  TICK AUDIT: DCOY: 1256 ticks in last 60s, last_price=$13.70, last_tick_time=06:38:33
  TICK AUDIT: UPC: 95 ticks in last 60s, last_price=$8.90, last_tick_time=06:38:33
  → ORPHAN IGNORED (sync): FEBO on WB_ORPHAN_HALT_IGNORE_SYMBOLS — NOT adopting; bot keeps trading. Left at broker for manual handling.
  ⚠️ ORPHAN POSITION FOUND: FEBO qty=219 (available=219) entry=$1.12 unrealized=$-45.78 value=$198.78
  → ORPHAN IGNORED: FEBO on WB_ORPHAN_HALT_IGNORE_SYMBOLS — NOT adopting, NOT halting. Bot keeps trading other names; position left at broker for manual handling.
SUBSCRIPTION_AUDIT {"ts":"2026-06-29T06:38:34.193201-04:00","sym":"UPC","tier":"tick_by_tick","obs_v_5m":34291,"median_v_5m":82819,"ratio_obs_to_median":0.414,"truth_v_5m":null,"ratio_obs_to_truth":null,"status":"OK","sub_age_sec":4085,"contract_exchange":"SMART","contract_primary":"NASDAQ"}
SUBSCRIPTION_AUDIT {"ts":"2026-06-29T06:38:34.193201-04:00","sym":"DCOY","tier":"tick_by_tick","obs_v_5m":131347,"median_v_5m":82819,"ratio_obs_to_median":1.586,"truth_v_5m":null,"ratio_obs_to_truth":null,"status":"OK","sub_age_sec":5888,"contract_exchange":"SMART","contract_primary":"NASDAQ"}
  Tick cache: DCOY → +1,381 ticks (total 142,467)
[06:39:00 ET] ACTIVE | flat | daily=$+0 (0t) | conn=OK | ticks=2578 | DCOY:1058t/IDLE UPC:432t/ARMED/arm$10.02
  Tick cache: UPC → +433 ticks (total 80,899)
📦 Tick cache saved: 2 symbols → tick_cache/2026-06-29/
[TIER] STATUS tier1=['DCOY', 'UPC'] tier2=0 capacity=2/5
[06:39:01 ET] ACTIVE | flat | daily=$+0 (0t) | conn=OK | ticks=2584 | DCOY:1063t/IDLE UPC:433t/ARMED/arm$10.02
[ENGINE_PUB] STATS published=124,461 dropped=0 clients=2
[06:39:25 ET] [MOVE] FIRESTORM_GATE_BLOCK UPC setup=move_strike prior_bar_ticks=468 threshold=6000
[TIER] STATUS tier1=['DCOY', 'UPC'] tier2=0 capacity=2/5
[06:39:31 ET] [MOVE] FIRESTORM_GATE_BLOCK UPC setup=move_strike prior_bar_ticks=468 threshold=6000
  Tick cache: UPC → +171 ticks (total 81,070)
  TICK AUDIT: DCOY: 3605 ticks in last 60s, last_price=$14.22, last_tick_time=06:39:33
  TICK AUDIT: UPC: 595 ticks in last 60s, last_price=$8.77, last_tick_time=06:39:32
  → ORPHAN IGNORED (sync): FEBO on WB_ORPHAN_HALT_IGNORE_SYMBOLS — NOT adopting; bot keeps trading. Left at broker for manual handling.
  Tick cache: DCOY → +2,544 ticks (total 145,011)
📦 Tick cache saved: 2 symbols → tick_cache/2026-06-29/
  ⚠️ ORPHAN POSITION FOUND: FEBO qty=219 (available=219) entry=$1.12 unrealized=$-45.78 value=$198.78
  → ORPHAN IGNORED: FEBO on WB_ORPHAN_HALT_IGNORE_SYMBOLS — NOT adopting, NOT halting. Bot keeps trading other names; position left at broker for manual handling.
SUBSCRIPTION_AUDIT {"ts":"2026-06-29T06:39:34.397227-04:00","sym":"UPC","tier":"tick_by_tick","obs_v_5m":48844,"median_v_5m":103380,"ratio_obs_to_median":0.4725,"truth_v_5m":null,"ratio_obs_to_truth":null,"status":"OK","sub_age_sec":4145,"contract_exchange":"SMART","contract_primary":"NASDAQ"}
SUBSCRIPTION_AUDIT {"ts":"2026-06-29T06:39:34.397227-04:00","sym":"DCOY","tier":"tick_by_tick","obs_v_5m":157916,"median_v_5m":103380,"ratio_obs_to_median":1.5275,"truth_v_5m":null,"ratio_obs_to_truth":null,"status":"OK","sub_age_sec":5948,"contract_exchange":"SMART","contract_primary":"NASDAQ"}
[06:40 ET] DCOY CHART | O=13.65 H=14.38 L=13.59 C=14.03 V=84,347 | EMA9=13.16 VWAP=13.20 (+6.3%) HOD=17.81 PM_H=17.81 | MACD=N/A vol_ratio=4.5x avg_vol=18,682 bars=50 | sq=IDLE armed=none
[06:40 ET] DCOY SQ | SQ_PRIMED: vol=4.4x avg, bar_vol=84,347, price=$14.0300 above VWAP ($13.2007)
  ARMED entry=14.0200 stop=13.9000 R=0.1200 score=7.9 level=whole_dollar setup_type=squeeze [PARABOLIC] [PROBE=50%] why=squeeze: base=5.0;vol_extra=+1.9;vwap_dist=+1.0(6%);[PARABOLIC]
[06:40:00 ET] ACTIVE | flat | daily=$+0 (0t) | conn=OK | ticks=2831 | DCOY:1632t/ARMED/arm$14.02 UPC:111t/ARMED/arm$10.02
[TIER] STATUS tier1=['DCOY', 'UPC'] tier2=0 capacity=2/5
[06:40:01 ET] ACTIVE | flat | daily=$+0 (0t) | conn=OK | ticks=2840 | DCOY:1641t/ARMED/arm$14.02 UPC:111t/ARMED/arm$10.02
[06:40 ET] UPC CHART | O=8.67 H=8.84 L=8.65 C=8.75 V=8,797 | EMA9=8.85 VWAP=9.33 (-6.2%) HOD=10.98 PM_H=10.98 | MACD=N/A vol_ratio=0.6x avg_vol=15,636 bars=50 | sq=ARMED armed=$10.02
  Tick cache: UPC → +121 ticks (total 81,191)
  Tick cache: DCOY → +1,999 ticks (total 147,010)
📦 Tick cache saved: 2 symbols → tick_cache/2026-06-29/
[ENGINE_PUB] STATS published=128,881 dropped=0 clients=2
[TIER] STATUS tier1=['DCOY', 'UPC'] tier2=0 capacity=2/5
  TICK AUDIT: DCOY: 3640 ticks in last 60s, last_price=$13.98, last_tick_time=06:40:33
  TICK AUDIT: UPC: 226 ticks in last 60s, last_price=$8.74, last_tick_time=06:40:33
  → ORPHAN IGNORED (sync): FEBO on WB_ORPHAN_HALT_IGNORE_SYMBOLS — NOT adopting; bot keeps trading. Left at broker for manual handling.

🔄 Running scanner at 06:40:34 ET...
Error 162, reqId 137834: Historical Market Data Service error message:API scanner subscription cancelled: 137834
  [float_cache] Cleared 23 stale None entries — will re-attempt lookups
IBKR ERROR 162: Historical Market Data Service error message:API scanner subscription cancelled: 137834 (reqId=137834, symbol=?)
  Tick cache: DCOY → +1,919 ticks (total 148,929)
  Tick cache: UPC → +118 ticks (total 81,309)
📦 Tick cache saved: 2 symbols → tick_cache/2026-06-29/
[06:40 ET] WNW CHART | O=3.95 H=3.95 L=3.95 C=3.95 V=300 | EMA9=none VWAP=3.96 (-0.3%) HOD=4.05 PM_H=4.05 | MACD=N/A vol_ratio=0.0x avg_vol=0 bars=0 | sq=N/A armed=none
[06:40 ET] WSHP CHART | O=9.34 H=9.34 L=9.34 C=9.34 V=100 | EMA9=none VWAP=9.15 (+2.0%) HOD=9.45 PM_H=9.45 | MACD=N/A vol_ratio=0.0x avg_vol=0 bars=0 | sq=N/A armed=none
[06:40 ET] AMSS CHART | O=2.32 H=2.32 L=2.32 C=2.32 V=400 | EMA9=none VWAP=2.33 (-0.5%) HOD=2.37 PM_H=2.37 | MACD=N/A vol_ratio=0.0x avg_vol=0 bars=0 | sq=N/A armed=none
[06:40 ET] QH CHART | O=6.26 H=6.26 L=6.26 C=6.26 V=100 | EMA9=none VWAP=6.74 (-7.2%) HOD=7.39 PM_H=7.39 | MACD=N/A vol_ratio=0.0x avg_vol=0 bars=0 | sq=N/A armed=none
[06:40 ET] STI CHART | O=14.11 H=14.11 L=14.11 C=14.11 V=200 | EMA9=none VWAP=14.38 (-1.9%) HOD=16.37 PM_H=16.37 | MACD=N/A vol_ratio=0.0x avg_vol=0 bars=0 | sq=N/A armed=none
[06:40 ET] CCXI CHART | O=15.30 H=15.30 L=15.30 C=15.30 V=600 | EMA9=none VWAP=15.53 (-1.5%) HOD=16.49 PM_H=16.49 | MACD=N/A vol_ratio=0.0x avg_vol=0 bars=0 | sq=N/A armed=none
[06:40 ET] RDWU CHART | O=8.77 H=8.77 L=8.77 C=8.77 V=2,000 | EMA9=none VWAP=8.69 (+1.0%) HOD=8.80 PM_H=8.80 | MACD=N/A vol_ratio=0.0x avg_vol=0 bars=0 | sq=N/A armed=none
  Tick cache: DCOY → +1,087 ticks (total 150,016)
  Tick cache: UPC → +260 ticks (total 81,569)
  Tick cache: WNW → +2 ticks (total 56)
  Tick cache: WSHP → +2 ticks (total 54)
  Tick cache: AMSS → +2 ticks (total 56)
  Tick cache: QH → +2 ticks (total 48)
  Tick cache: STI → +3 ticks (total 53)
  Tick cache: CCXI → +2 ticks (total 66)
  Tick cache: RDWU → +2 ticks (total 68)
  Tick cache: MBRX → +3 ticks (total 63)
  Tick cache: CBRG → +2 ticks (total 66)
  Tick cache: SKYQ → +2 ticks (total 49)
  Tick cache: LUNL → +1 ticks (total 9)
📦 Tick cache saved: 13 symbols → tick_cache/2026-06-29/
[ENGINE_PUB] STATS published=131,426 dropped=0 clients=2
  Saved: /Users/duffy/warrior_bot_v2/scanner_results/2026-06-29.json (32 snapshots)
📊 Scanner: 2 new candidates, 0 new subs, 2 total watching
  ⚠️ ORPHAN POSITION FOUND: FEBO qty=219 (available=219) entry=$1.12 unrealized=$-45.78 value=$198.78
  → ORPHAN IGNORED: FEBO on WB_ORPHAN_HALT_IGNORE_SYMBOLS — NOT adopting, NOT halting. Bot keeps trading other names; position left at broker for manual handling.
[TIER] STATUS tier1=['DCOY', 'UPC'] tier2=0 capacity=2/5
SUBSCRIPTION_AUDIT {"ts":"2026-06-29T06:40:34.619410-04:00","sym":"UPC","tier":"tick_by_tick","obs_v_5m":50124,"median_v_5m":153443,"ratio_obs_to_median":0.3267,"truth_v_5m":null,"ratio_obs_to_truth":null,"status":"OK","sub_age_sec":4205,"contract_exchange":"SMART","contract_primary":"NASDAQ"}
SUBSCRIPTION_AUDIT {"ts":"2026-06-29T06:40:34.619410-04:00","sym":"DCOY","tier":"tick_by_tick","obs_v_5m":256762,"median_v_5m":153443,"ratio_obs_to_median":1.6733,"truth_v_5m":null,"ratio_obs_to_truth":null,"status":"OK","sub_age_sec":6009,"contract_exchange":"SMART","contract_primary":"NASDAQ"}
SUBSCRIPTION_AUDIT {"ts":"2026-06-29T06:40:34.619410-04:00","sym":"UPC","tier":"tick_by_tick","obs_v_5m":50124,"median_v_5m":153443,"ratio_obs_to_median":0.3267,"truth_v_5m":29764,"ratio_obs_to_truth":1.684,"status":"DIRECT_QUERY_OK","sub_age_sec":4205,"contract_exchange":"SMART","contract_primary":"NASDAQ"}
SUBSCRIPTION_AUDIT {"ts":"2026-06-29T06:40:34.619410-04:00","sym":"DCOY","tier":"tick_by_tick","obs_v_5m":256762,"median_v_5m":153443,"ratio_obs_to_median":1.6733,"truth_v_5m":100919,"ratio_obs_to_truth":2.5442,"status":"DIRECT_QUERY_OK","sub_age_sec":6009,"contract_exchange":"SMART","contract_primary":"NASDAQ"}
  TICK AUDIT: DCOY: 1841 ticks in last 60s, last_price=$14.14, last_tick_time=06:41:33
  TICK AUDIT: UPC: 399 ticks in last 60s, last_price=$8.66, last_tick_time=06:41:33
  → ORPHAN IGNORED (sync): FEBO on WB_ORPHAN_HALT_IGNORE_SYMBOLS — NOT adopting; bot keeps trading. Left at broker for manual handling.
  ⚠️ ORPHAN POSITION FOUND: FEBO qty=219 (available=219) entry=$1.12 unrealized=$-45.78 value=$198.78
  → ORPHAN IGNORED: FEBO on WB_ORPHAN_HALT_IGNORE_SYMBOLS — NOT adopting, NOT halting. Bot keeps trading other names; position left at broker for manual handling.
SUBSCRIPTION_AUDIT {"ts":"2026-06-29T06:41:35.032439-04:00","sym":"UPC","tier":"tick_by_tick","obs_v_5m":50124,"median_v_5m":153443,"ratio_obs_to_median":0.3267,"truth_v_5m":null,"ratio_obs_to_truth":null,"status":"OK","sub_age_sec":4265,"contract_exchange":"SMART","contract_primary":"NASDAQ"}
SUBSCRIPTION_AUDIT {"ts":"2026-06-29T06:41:35.032439-04:00","sym":"DCOY","tier":"tick_by_tick","obs_v_5m":256762,"median_v_5m":153443,"ratio_obs_to_median":1.6733,"truth_v_5m":null,"ratio_obs_to_truth":null,"status":"OK","sub_age_sec":6069,"contract_exchange":"SMART","contract_primary":"NASDAQ"}
  Tick cache: DCOY → +932 ticks (total 150,948)
  Tick cache: UPC → +163 ticks (total 81,732)
  Tick cache: ORCU → +1 ticks (total 59)
  Tick cache: SLS → +1 ticks (total 52)
  Tick cache: UNCY → +1 ticks (total 10)
  Tick cache: IRE → +2 ticks (total 48)
  Tick cache: OKLL → +2 ticks (total 31)
  Tick cache: SPAX → +2 ticks (total 2)
  Tick cache: RZLV → +1 ticks (total 28)
📦 Tick cache saved: 9 symbols → tick_cache/2026-06-29/
[06:42:00 ET] ACTIVE | flat | daily=$+0 (0t) | conn=OK | ticks=2348 | DCOY:977t/ARMED/arm$14.02 UPC:250t/ARMED/arm$10.02
[TIER] STATUS tier1=['DCOY', 'UPC'] tier2=0 capacity=2/5
[06:42:01 ET] ACTIVE | flat | daily=$+0 (0t) | conn=OK | ticks=2468 | DCOY:1095t/ARMED/arm$14.02 UPC:252t/ARMED/arm$10.02
  Tick cache: DCOY → +1,220 ticks (total 152,168)
  Tick cache: UPC → +296 ticks (total 82,028)
📦 Tick cache saved: 2 symbols → tick_cache/2026-06-29/
[ENGINE_PUB] STATS published=134,214 dropped=0 clients=2
[TIER] STATUS tier1=['DCOY', 'UPC'] tier2=0 capacity=2/5
  TICK AUDIT: DCOY: 2411 ticks in last 60s, last_price=$14.18, last_tick_time=06:42:34
  TICK AUDIT: UPC: 448 ticks in last 60s, last_price=$8.66, last_tick_time=06:42:34
  → ORPHAN IGNORED (sync): FEBO on WB_ORPHAN_HALT_IGNORE_SYMBOLS — NOT adopting; bot keeps trading. Left at broker for manual handling.
  ⚠️ ORPHAN POSITION FOUND: FEBO qty=219 (available=219) entry=$1.12 unrealized=$-45.78 value=$198.78
  → ORPHAN IGNORED: FEBO on WB_ORPHAN_HALT_IGNORE_SYMBOLS — NOT adopting, NOT halting. Bot keeps trading other names; position left at broker for manual handling.
SUBSCRIPTION_AUDIT {"ts":"2026-06-29T06:42:35.246376-04:00","sym":"UPC","tier":"tick_by_tick","obs_v_5m":58642,"median_v_5m":148604,"ratio_obs_to_median":0.3946,"truth_v_5m":null,"ratio_obs_to_truth":null,"status":"OK","sub_age_sec":4326,"contract_exchange":"SMART","contract_primary":"NASDAQ"}
SUBSCRIPTION_AUDIT {"ts":"2026-06-29T06:42:35.246376-04:00","sym":"DCOY","tier":"tick_by_tick","obs_v_5m":238566,"median_v_5m":148604,"ratio_obs_to_median":1.6054,"truth_v_5m":null,"ratio_obs_to_truth":null,"status":"OK","sub_age_sec":6129,"contract_exchange":"SMART","contract_primary":"NASDAQ"}
  Tick cache: DCOY → +1,001 ticks (total 153,169)
  Tick cache: UPC → +167 ticks (total 82,195)
📦 Tick cache saved: 2 symbols → tick_cache/2026-06-29/
[06:43:00 ET] ACTIVE | flat | daily=$+0 (0t) | conn=OK | ticks=2310 | DCOY:498t/ARMED/arm$14.02 UPC:691t/ARMED/arm$10.02
[TIER] STATUS tier1=['DCOY', 'UPC'] tier2=0 capacity=2/5
[06:43:01 ET] ACTIVE | flat | daily=$+0 (0t) | conn=OK | ticks=2365 | DCOY:537t/ARMED/arm$14.02 UPC:707t/ARMED/arm$10.02
[ENGINE_PUB] STATS published=136,494 dropped=0 clients=2
  Tick cache: DCOY → +800 ticks (total 153,969)
  Tick cache: UPC → +760 ticks (total 82,955)
📦 Tick cache saved: 2 symbols → tick_cache/2026-06-29/
[TIER] STATUS tier1=['DCOY', 'UPC'] tier2=0 capacity=2/5
  TICK AUDIT: DCOY: 2003 ticks in last 60s, last_price=$14.60, last_tick_time=06:43:34
  TICK AUDIT: UPC: 919 ticks in last 60s, last_price=$8.52, last_tick_time=06:43:34
  → ORPHAN IGNORED (sync): FEBO on WB_ORPHAN_HALT_IGNORE_SYMBOLS — NOT adopting; bot keeps trading. Left at broker for manual handling.
  ⚠️ ORPHAN POSITION FOUND: FEBO qty=219 (available=219) entry=$1.12 unrealized=$-45.78 value=$198.78
  → ORPHAN IGNORED: FEBO on WB_ORPHAN_HALT_IGNORE_SYMBOLS — NOT adopting, NOT halting. Bot keeps trading other names; position left at broker for manual handling.
SUBSCRIPTION_AUDIT {"ts":"2026-06-29T06:43:35.461062-04:00","sym":"UPC","tier":"tick_by_tick","obs_v_5m":91094,"median_v_5m":172039,"ratio_obs_to_median":0.5295,"truth_v_5m":null,"ratio_obs_to_truth":null,"status":"OK","sub_age_sec":4386,"contract_exchange":"SMART","contract_primary":"NASDAQ"}
SUBSCRIPTION_AUDIT {"ts":"2026-06-29T06:43:35.461062-04:00","sym":"DCOY","tier":"tick_by_tick","obs_v_5m":252985,"median_v_5m":172039,"ratio_obs_to_median":1.4705,"truth_v_5m":null,"ratio_obs_to_truth":null,"status":"OK","sub_age_sec":6190,"contract_exchange":"SMART","contract_primary":"NASDAQ"}
  Tick cache: DCOY → +2,207 ticks (total 156,176)
  Tick cache: UPC → +322 ticks (total 83,277)
📦 Tick cache saved: 2 symbols → tick_cache/2026-06-29/
[06:44:00 ET] ACTIVE | flat | daily=$+0 (0t) | conn=OK | ticks=2897 | DCOY:1538t/ARMED/arm$14.02 UPC:238t/ARMED/arm$10.02
[TIER] STATUS tier1=['DCOY', 'UPC'] tier2=0 capacity=2/5
[06:44:01 ET] ACTIVE | flat | daily=$+0 (0t) | conn=OK | ticks=2905 | DCOY:1545t/ARMED/arm$14.02 UPC:239t/ARMED/arm$10.02
[ENGINE_PUB] STATS published=139,895 dropped=0 clients=2
  Tick cache: UPC → +152 ticks (total 83,429)
  Tick cache: DCOY → +886 ticks (total 157,062)
📦 Tick cache saved: 2 symbols → tick_cache/2026-06-29/
[TIER] STATUS tier1=['DCOY', 'UPC'] tier2=0 capacity=2/5
  TICK AUDIT: DCOY: 2188 ticks in last 60s, last_price=$14.25, last_tick_time=06:44:34
  TICK AUDIT: UPC: 383 ticks in last 60s, last_price=$8.58, last_tick_time=06:44:34
  → ORPHAN IGNORED (sync): FEBO on WB_ORPHAN_HALT_IGNORE_SYMBOLS — NOT adopting; bot keeps trading. Left at broker for manual handling.
  ⚠️ ORPHAN POSITION FOUND: FEBO qty=219 (available=219) entry=$1.12 unrealized=$-45.78 value=$198.78
  → ORPHAN IGNORED: FEBO on WB_ORPHAN_HALT_IGNORE_SYMBOLS — NOT adopting, NOT halting. Bot keeps trading other names; position left at broker for manual handling.
SUBSCRIPTION_AUDIT {"ts":"2026-06-29T06:44:35.665582-04:00","sym":"UPC","tier":"tick_by_tick","obs_v_5m":86479,"median_v_5m":180272,"ratio_obs_to_median":0.4797,"truth_v_5m":null,"ratio_obs_to_truth":null,"status":"OK","sub_age_sec":4446,"contract_exchange":"SMART","contract_primary":"NASDAQ"}
SUBSCRIPTION_AUDIT {"ts":"2026-06-29T06:44:35.665582-04:00","sym":"DCOY","tier":"tick_by_tick","obs_v_5m":274065,"median_v_5m":180272,"ratio_obs_to_median":1.5203,"truth_v_5m":null,"ratio_obs_to_truth":null,"status":"OK","sub_age_sec":6250,"contract_exchange":"SMART","contract_primary":"NASDAQ"}
[06:44:44 ET] [MOVE] FIRESTORM_GATE_BLOCK UPC setup=move_strike prior_bar_ticks=477 threshold=6000
[06:44:45 ET] [MOVE] FIRESTORM_GATE_BLOCK UPC setup=move_strike prior_bar_ticks=477 threshold=6000
[06:44:46 ET] [MOVE] FIRESTORM_GATE_BLOCK UPC setup=move_strike prior_bar_ticks=477 threshold=6000
[06:44:47 ET] [MOVE] FIRESTORM_GATE_BLOCK UPC setup=move_strike prior_bar_ticks=477 threshold=6000
[06:44:48 ET] [MOVE] FIRESTORM_GATE_BLOCK UPC setup=move_strike prior_bar_ticks=477 threshold=6000
[06:44:52 ET] [MOVE] FIRESTORM_GATE_BLOCK UPC setup=move_strike prior_bar_ticks=477 threshold=6000
[06:44:54 ET] [MOVE] FIRESTORM_GATE_BLOCK UPC setup=move_strike prior_bar_ticks=477 threshold=6000
[06:44:54 ET] [MOVE] FIRESTORM_GATE_BLOCK UPC setup=move_strike prior_bar_ticks=477 threshold=6000
[06:44:55 ET] [MOVE] FIRESTORM_GATE_BLOCK UPC setup=move_strike prior_bar_ticks=477 threshold=6000
[06:44:57 ET] [MOVE] FIRESTORM_GATE_BLOCK UPC setup=move_strike prior_bar_ticks=477 threshold=6000
[06:44:58 ET] [MOVE] FIRESTORM_GATE_BLOCK UPC setup=move_strike prior_bar_ticks=477 threshold=6000
[06:44:58 ET] [MOVE] FIRESTORM_GATE_BLOCK UPC setup=move_strike prior_bar_ticks=477 threshold=6000
[06:44:58 ET] [MOVE] FIRESTORM_GATE_BLOCK UPC setup=move_strike prior_bar_ticks=477 threshold=6000
[06:44:58 ET] [MOVE] FIRESTORM_GATE_BLOCK UPC setup=move_strike prior_bar_ticks=477 threshold=6000
[06:44:58 ET] [MOVE] FIRESTORM_GATE_BLOCK UPC setup=move_strike prior_bar_ticks=477 threshold=6000
[06:44:58 ET] [MOVE] FIRESTORM_GATE_BLOCK UPC setup=move_strike prior_bar_ticks=477 threshold=6000
[06:45 ET] UPC CHART | O=8.51 H=8.66 L=8.50 C=8.66 V=12,944 | EMA9=8.69 VWAP=9.30 (-6.9%) HOD=10.98 PM_H=10.98 | MACD=N/A vol_ratio=0.9x avg_vol=14,936 bars=50 | sq=ARMED armed=$10.02
[06:45 ET] DCOY CHART | O=14.15 H=14.30 L=13.76 C=13.96 V=36,247 | EMA9=13.85 VWAP=13.27 (+5.2%) HOD=17.81 PM_H=17.81 | MACD=N/A vol_ratio=1.6x avg_vol=22,073 bars=50 | sq=ARMED armed=$14.02
[06:45:00 ET] ACTIVE | flat | daily=$+0 (0t) | conn=OK | ticks=2287 | DCOY:1089t/ARMED/arm$14.02 UPC:77t/ARMED/arm$10.02
[TIER] STATUS tier1=['DCOY', 'UPC'] tier2=0 capacity=2/5
[06:45:01 ET] ACTIVE | flat | daily=$+0 (0t) | conn=OK | ticks=2306 | DCOY:1106t/ARMED/arm$14.02 UPC:79t/ARMED/arm$10.02
  Tick cache: DCOY → +1,173 ticks (total 158,235)
  Tick cache: UPC → +95 ticks (total 83,524)
📦 Tick cache saved: 2 symbols → tick_cache/2026-06-29/
[ENGINE_PUB] STATS published=141,997 dropped=0 clients=2
[TIER] STATUS tier1=['DCOY', 'UPC'] tier2=0 capacity=2/5
  Tick cache: UPC → +136 ticks (total 83,660)

🔄 Running scanner at 06:45:34 ET...
Error 162, reqId 137917: Historical Market Data Service error message:API scanner subscription cancelled: 137917
  [float_cache] Cleared 24 stale None entries — will re-attempt lookups
IBKR ERROR 162: Historical Market Data Service error message:API scanner subscription cancelled: 137917 (reqId=137917, symbol=?)
  Tick cache: DCOY → +739 ticks (total 158,974)
📦 Tick cache saved: 2 symbols → tick_cache/2026-06-29/
[06:45 ET] WNW CHART | O=3.95 H=3.95 L=3.95 C=3.95 V=200 | EMA9=none VWAP=3.96 (-0.3%) HOD=4.05 PM_H=4.05 | MACD=N/A vol_ratio=0.0x avg_vol=0 bars=0 | sq=N/A armed=none
[06:45 ET] WSHP CHART | O=9.25 H=9.25 L=9.25 C=9.25 V=200 | EMA9=none VWAP=9.16 (+1.0%) HOD=9.45 PM_H=9.45 | MACD=N/A vol_ratio=0.0x avg_vol=0 bars=0 | sq=N/A armed=none
[06:45 ET] QH CHART | O=6.25 H=6.25 L=6.25 C=6.25 V=200 | EMA9=none VWAP=6.74 (-7.2%) HOD=7.39 PM_H=7.39 | MACD=N/A vol_ratio=0.0x avg_vol=0 bars=0 | sq=N/A armed=none
[06:45 ET] AMSS CHART | O=2.32 H=2.32 L=2.32 C=2.32 V=400 | EMA9=none VWAP=2.33 (-0.5%) HOD=2.37 PM_H=2.37 | MACD=N/A vol_ratio=0.0x avg_vol=0 bars=0 | sq=N/A armed=none
[06:45 ET] CCXI CHART | O=15.33 H=15.33 L=15.33 C=15.33 V=400 | EMA9=none VWAP=15.52 (-1.2%) HOD=16.49 PM_H=16.49 | MACD=N/A vol_ratio=0.0x avg_vol=0 bars=0 | sq=N/A armed=none
[06:45 ET] MBRX CHART | O=3.62 H=3.62 L=3.62 C=3.62 V=900 | EMA9=none VWAP=3.53 (+2.5%) HOD=3.93 PM_H=3.93 | MACD=N/A vol_ratio=0.0x avg_vol=0 bars=0 | sq=N/A armed=none
[06:45 ET] STI CHART | O=13.78 H=13.78 L=13.78 C=13.78 V=300 | EMA9=none VWAP=14.36 (-4.0%) HOD=16.37 PM_H=16.37 | MACD=N/A vol_ratio=0.0x avg_vol=0 bars=0 | sq=N/A armed=none
  Tick cache: DCOY → +857 ticks (total 159,831)
  Tick cache: UPC → +99 ticks (total 83,759)
  Tick cache: WNW → +2 ticks (total 58)
  Tick cache: WSHP → +2 ticks (total 56)
  Tick cache: QH → +2 ticks (total 50)
  Tick cache: AMSS → +2 ticks (total 58)
  Tick cache: CCXI → +1 ticks (total 67)
  Tick cache: MBRX → +3 ticks (total 66)
  Tick cache: STI → +2 ticks (total 55)
  Tick cache: RDWU → +2 ticks (total 70)
  Tick cache: CBRG → +2 ticks (total 68)
📦 Tick cache saved: 11 symbols → tick_cache/2026-06-29/
[ENGINE_PUB] STATS published=143,878 dropped=0 clients=2
  Saved: /Users/duffy/warrior_bot_v2/scanner_results/2026-06-29.json (33 snapshots)
📊 Scanner: 2 new candidates, 0 new subs, 2 total watching
  TICK AUDIT: DCOY: 3485 ticks in last 60s, last_price=$13.60, last_tick_time=06:46:30
  TICK AUDIT: UPC: 406 ticks in last 60s, last_price=$8.66, last_tick_time=06:46:30
  → ORPHAN IGNORED (sync): FEBO on WB_ORPHAN_HALT_IGNORE_SYMBOLS — NOT adopting; bot keeps trading. Left at broker for manual handling.
[TIER] STATUS tier1=['DCOY', 'UPC'] tier2=0 capacity=2/5
SUBSCRIPTION_AUDIT {"ts":"2026-06-29T06:45:34.880016-04:00","sym":"DCOY","tier":"tick_by_tick","obs_v_5m":274065,"median_v_5m":142133,"ratio_obs_to_median":1.9282,"truth_v_5m":84299,"ratio_obs_to_truth":3.2511,"status":"DIRECT_QUERY_OK","sub_age_sec":6309,"contract_exchange":"SMART","contract_primary":"NASDAQ"}
SUBSCRIPTION_AUDIT {"ts":"2026-06-29T06:45:34.880016-04:00","sym":"UPC","tier":"tick_by_tick","obs_v_5m":86479,"median_v_5m":142133,"ratio_obs_to_median":0.6084,"truth_v_5m":50074,"ratio_obs_to_truth":1.727,"status":"DIRECT_QUERY_OK","sub_age_sec":4505,"contract_exchange":"SMART","contract_primary":"NASDAQ"}
  ⚠️ ORPHAN POSITION FOUND: FEBO qty=219 (available=219) entry=$1.12 unrealized=$-45.78 value=$198.78
  → ORPHAN IGNORED: FEBO on WB_ORPHAN_HALT_IGNORE_SYMBOLS — NOT adopting, NOT halting. Bot keeps trading other names; position left at broker for manual handling.
SUBSCRIPTION_AUDIT {"ts":"2026-06-29T06:46:32.452651-04:00","sym":"UPC","tier":"tick_by_tick","obs_v_5m":92251,"median_v_5m":142133,"ratio_obs_to_median":0.649,"truth_v_5m":null,"ratio_obs_to_truth":null,"status":"OK","sub_age_sec":4563,"contract_exchange":"SMART","contract_primary":"NASDAQ"}
SUBSCRIPTION_AUDIT {"ts":"2026-06-29T06:46:32.452651-04:00","sym":"DCOY","tier":"tick_by_tick","obs_v_5m":192016,"median_v_5m":142133,"ratio_obs_to_median":1.351,"truth_v_5m":null,"ratio_obs_to_truth":null,"status":"OK","sub_age_sec":6366,"contract_exchange":"SMART","contract_primary":"NASDAQ"}
  Tick cache: DCOY → +1,002 ticks (total 160,833)
  Tick cache: UPC → +103 ticks (total 83,862)
  Tick cache: LWLG → +1 ticks (total 21)
  Tick cache: LUNL → +2 ticks (total 11)
  Tick cache: SKYQ → +2 ticks (total 51)
  Tick cache: ORCU → +2 ticks (total 61)
  Tick cache: SPCU → +2 ticks (total 2)
  Tick cache: RZLV → +1 ticks (total 29)
  Tick cache: SLS → +2 ticks (total 54)
  Tick cache: UNCY → +1 ticks (total 11)
  Tick cache: IRE → +2 ticks (total 50)
📦 Tick cache saved: 11 symbols → tick_cache/2026-06-29/
[06:47:00 ET] ACTIVE | flat | daily=$+0 (0t) | conn=OK | ticks=1759 | DCOY:480t/ARMED/arm$14.02 UPC:125t/ARMED/arm$10.02
[TIER] STATUS tier1=['DCOY', 'UPC'] tier2=0 capacity=2/5
[06:47:01 ET] ACTIVE | flat | daily=$+0 (0t) | conn=OK | ticks=1784 | DCOY:502t/ARMED/arm$14.02 UPC:128t/ARMED/arm$10.02
  Tick cache: DCOY → +596 ticks (total 161,429)
  Tick cache: UPC → +164 ticks (total 84,026)
📦 Tick cache saved: 2 symbols → tick_cache/2026-06-29/
[ENGINE_PUB] STATS published=145,287 dropped=0 clients=2
  TICK AUDIT: DCOY: 974 ticks in last 60s, last_price=$13.56, last_tick_time=06:47:31
  TICK AUDIT: UPC: 328 ticks in last 60s, last_price=$8.65, last_tick_time=06:47:31
  → ORPHAN IGNORED (sync): FEBO on WB_ORPHAN_HALT_IGNORE_SYMBOLS — NOT adopting; bot keeps trading. Left at broker for manual handling.
[TIER] STATUS tier1=['DCOY', 'UPC'] tier2=0 capacity=2/5
  ⚠️ ORPHAN POSITION FOUND: FEBO qty=219 (available=219) entry=$1.12 unrealized=$-45.78 value=$198.78
  → ORPHAN IGNORED: FEBO on WB_ORPHAN_HALT_IGNORE_SYMBOLS — NOT adopting, NOT halting. Bot keeps trading other names; position left at broker for manual handling.
SUBSCRIPTION_AUDIT {"ts":"2026-06-29T06:47:32.664728-04:00","sym":"UPC","tier":"tick_by_tick","obs_v_5m":86995,"median_v_5m":139074,"ratio_obs_to_median":0.6255,"truth_v_5m":null,"ratio_obs_to_truth":null,"status":"OK","sub_age_sec":4623,"contract_exchange":"SMART","contract_primary":"NASDAQ"}
SUBSCRIPTION_AUDIT {"ts":"2026-06-29T06:47:32.664728-04:00","sym":"DCOY","tier":"tick_by_tick","obs_v_5m":191154,"median_v_5m":139074,"ratio_obs_to_median":1.3745,"truth_v_5m":null,"ratio_obs_to_truth":null,"status":"OK","sub_age_sec":6427,"contract_exchange":"SMART","contract_primary":"NASDAQ"}
[06:47:45 ET] [MOVE] FIRESTORM_GATE_BLOCK DCOY setup=move_strike prior_bar_ticks=1539 threshold=6000
[06:47:46 ET] [MOVE] FIRESTORM_GATE_BLOCK DCOY setup=move_strike prior_bar_ticks=1539 threshold=6000
[06:47:46 ET] [MOVE] FIRESTORM_GATE_BLOCK DCOY setup=move_strike prior_bar_ticks=1539 threshold=6000
[06:47:46 ET] [MOVE] FIRESTORM_GATE_BLOCK DCOY setup=move_strike prior_bar_ticks=1539 threshold=6000
[06:47:46 ET] [MOVE] FIRESTORM_GATE_BLOCK DCOY setup=move_strike prior_bar_ticks=1539 threshold=6000
[06:47:46 ET] [MOVE] FIRESTORM_GATE_BLOCK DCOY setup=move_strike prior_bar_ticks=1539 threshold=6000
[06:47:46 ET] [MOVE] FIRESTORM_GATE_BLOCK DCOY setup=move_strike prior_bar_ticks=1539 threshold=6000
[06:47:46 ET] [MOVE] FIRESTORM_GATE_BLOCK DCOY setup=move_strike prior_bar_ticks=1539 threshold=6000
[06:47:47 ET] [MOVE] FIRESTORM_GATE_BLOCK DCOY setup=move_strike prior_bar_ticks=1539 threshold=6000
[06:47:47 ET] [MOVE] FIRESTORM_GATE_BLOCK DCOY setup=move_strike prior_bar_ticks=1539 threshold=6000
[06:47:47 ET] [MOVE] FIRESTORM_GATE_BLOCK DCOY setup=move_strike prior_bar_ticks=1539 threshold=6000
[06:47:47 ET] [MOVE] FIRESTORM_GATE_BLOCK DCOY setup=move_strike prior_bar_ticks=1539 threshold=6000
[06:47:47 ET] [MOVE] FIRESTORM_GATE_BLOCK DCOY setup=move_strike prior_bar_ticks=1539 threshold=6000
[06:47:47 ET] [MOVE] FIRESTORM_GATE_BLOCK DCOY setup=move_strike prior_bar_ticks=1539 threshold=6000
[06:47:47 ET] [MOVE] FIRESTORM_GATE_BLOCK DCOY setup=move_strike prior_bar_ticks=1539 threshold=6000
[06:47:47 ET] [MOVE] FIRESTORM_GATE_BLOCK DCOY setup=move_strike prior_bar_ticks=1539 threshold=6000
  Tick cache: DCOY → +640 ticks (total 162,069)
[06:47:47 ET] [MOVE] FIRESTORM_GATE_BLOCK DCOY setup=move_strike prior_bar_ticks=1539 threshold=6000
[06:47:47 ET] [MOVE] FIRESTORM_GATE_BLOCK DCOY setup=move_strike prior_bar_ticks=1539 threshold=6000
[06:47:47 ET] [MOVE] FIRESTORM_GATE_BLOCK DCOY setup=move_strike prior_bar_ticks=1539 threshold=6000
[06:47:47 ET] [MOVE] FIRESTORM_GATE_BLOCK DCOY setup=move_strike prior_bar_ticks=1539 threshold=6000
[06:47:47 ET] [MOVE] FIRESTORM_GATE_BLOCK DCOY setup=move_strike prior_bar_ticks=1539 threshold=6000
[06:47:47 ET] [MOVE] FIRESTORM_GATE_BLOCK DCOY setup=move_strike prior_bar_ticks=1539 threshold=6000
[06:47:47 ET] [MOVE] FIRESTORM_GATE_BLOCK DCOY setup=move_strike prior_bar_ticks=1539 threshold=6000
[06:47:47 ET] [MOVE] FIRESTORM_GATE_BLOCK DCOY setup=move_strike prior_bar_ticks=1539 threshold=6000
[06:47:47 ET] [MOVE] FIRESTORM_GATE_BLOCK DCOY setup=move_strike prior_bar_ticks=1539 threshold=6000
[06:47:47 ET] [MOVE] FIRESTORM_GATE_BLOCK DCOY setup=move_strike prior_bar_ticks=1539 threshold=6000
[06:47:47 ET] [MOVE] FIRESTORM_GATE_BLOCK DCOY setup=move_strike prior_bar_ticks=1539 threshold=6000
[06:47:47 ET] [MOVE] FIRESTORM_GATE_BLOCK DCOY setup=move_strike prior_bar_ticks=1539 threshold=6000
[06:47:47 ET] [MOVE] FIRESTORM_GATE_BLOCK DCOY setup=move_strike prior_bar_ticks=1539 threshold=6000
[06:47:47 ET] [MOVE] FIRESTORM_GATE_BLOCK DCOY setup=move_strike prior_bar_ticks=1539 threshold=6000
[06:47:47 ET] [MOVE] FIRESTORM_GATE_BLOCK DCOY setup=move_strike prior_bar_ticks=1539 threshold=6000
[06:47:47 ET] [MOVE] FIRESTORM_GATE_BLOCK DCOY setup=move_strike prior_bar_ticks=1539 threshold=6000
[06:47:47 ET] [MOVE] FIRESTORM_GATE_BLOCK DCOY setup=move_strike prior_bar_ticks=1539 threshold=6000
[06:47:47 ET] [MOVE] FIRESTORM_GATE_BLOCK DCOY setup=move_strike prior_bar_ticks=1539 threshold=6000
[06:47:47 ET] [MOVE] FIRESTORM_GATE_BLOCK DCOY setup=move_strike prior_bar_ticks=1539 threshold=6000
[06:47:47 ET] [MOVE] FIRESTORM_GATE_BLOCK DCOY setup=move_strike prior_bar_ticks=1539 threshold=6000
[06:47:47 ET] [MOVE] FIRESTORM_GATE_BLOCK DCOY setup=move_strike prior_bar_ticks=1539 threshold=6000
[06:47:47 ET] [MOVE] FIRESTORM_GATE_BLOCK DCOY setup=move_strike prior_bar_ticks=1539 threshold=6000
[06:47:47 ET] [MOVE] FIRESTORM_GATE_BLOCK DCOY setup=move_strike prior_bar_ticks=1539 threshold=6000
[06:47:47 ET] [MOVE] FIRESTORM_GATE_BLOCK DCOY setup=move_strike prior_bar_ticks=1539 threshold=6000
[06:47:47 ET] [MOVE] FIRESTORM_GATE_BLOCK DCOY setup=move_strike prior_bar_ticks=1539 threshold=6000
[06:47:47 ET] [MOVE] FIRESTORM_GATE_BLOCK DCOY setup=move_strike prior_bar_ticks=1539 threshold=6000
[06:47:47 ET] [MOVE] FIRESTORM_GATE_BLOCK DCOY setup=move_strike prior_bar_ticks=1539 threshold=6000
[06:47:47 ET] [MOVE] FIRESTORM_GATE_BLOCK DCOY setup=move_strike prior_bar_ticks=1539 threshold=6000
  Tick cache: UPC → +268 ticks (total 84,294)
📦 Tick cache saved: 2 symbols → tick_cache/2026-06-29/
[06:47:48 ET] [MOVE] FIRESTORM_GATE_BLOCK DCOY setup=move_strike prior_bar_ticks=1539 threshold=6000
[06:47:48 ET] [MOVE] FIRESTORM_GATE_BLOCK DCOY setup=move_strike prior_bar_ticks=1539 threshold=6000
[06:47:48 ET] [MOVE] FIRESTORM_GATE_BLOCK DCOY setup=move_strike prior_bar_ticks=1539 threshold=6000
[06:47:48 ET] [MOVE] FIRESTORM_GATE_BLOCK DCOY setup=move_strike prior_bar_ticks=1539 threshold=6000
[06:47:48 ET] [MOVE] FIRESTORM_GATE_BLOCK DCOY setup=move_strike prior_bar_ticks=1539 threshold=6000
[06:47:48 ET] [MOVE] FIRESTORM_GATE_BLOCK DCOY setup=move_strike prior_bar_ticks=1539 threshold=6000
[06:47:48 ET] [MOVE] FIRESTORM_GATE_BLOCK DCOY setup=move_strike prior_bar_ticks=1539 threshold=6000
[06:47:48 ET] [MOVE] FIRESTORM_GATE_BLOCK DCOY setup=move_strike prior_bar_ticks=1539 threshold=6000
[06:47:48 ET] [MOVE] FIRESTORM_GATE_BLOCK DCOY setup=move_strike prior_bar_ticks=1539 threshold=6000
[06:47:48 ET] [MOVE] FIRESTORM_GATE_BLOCK DCOY setup=move_strike prior_bar_ticks=1539 threshold=6000
[06:47:48 ET] [MOVE] FIRESTORM_GATE_BLOCK DCOY setup=move_strike prior_bar_ticks=1539 threshold=6000
[06:47:48 ET] [MOVE] FIRESTORM_GATE_BLOCK DCOY setup=move_strike prior_bar_ticks=1539 threshold=6000
[06:47:48 ET] [MOVE] FIRESTORM_GATE_BLOCK DCOY setup=move_strike prior_bar_ticks=1539 threshold=6000
[06:47:48 ET] [MOVE] FIRESTORM_GATE_BLOCK DCOY setup=move_strike prior_bar_ticks=1539 threshold=6000
[06:47:48 ET] [MOVE] FIRESTORM_GATE_BLOCK DCOY setup=move_strike prior_bar_ticks=1539 threshold=6000
[06:47:48 ET] [MOVE] FIRESTORM_GATE_BLOCK DCOY setup=move_strike prior_bar_ticks=1539 threshold=6000
[06:47:48 ET] [MOVE] FIRESTORM_GATE_BLOCK DCOY setup=move_strike prior_bar_ticks=1539 threshold=6000
[06:47:48 ET] [MOVE] FIRESTORM_GATE_BLOCK DCOY setup=move_strike prior_bar_ticks=1539 threshold=6000
[06:47:48 ET] [MOVE] FIRESTORM_GATE_BLOCK DCOY setup=move_strike prior_bar_ticks=1539 threshold=6000
[06:47:48 ET] [MOVE] FIRESTORM_GATE_BLOCK DCOY setup=move_strike prior_bar_ticks=1539 threshold=6000
[06:47:49 ET] [MOVE] FIRESTORM_GATE_BLOCK DCOY setup=move_strike prior_bar_ticks=1539 threshold=6000
[06:47:49 ET] [MOVE] FIRESTORM_GATE_BLOCK DCOY setup=move_strike prior_bar_ticks=1539 threshold=6000
[06:47:49 ET] [MOVE] FIRESTORM_GATE_BLOCK DCOY setup=move_strike prior_bar_ticks=1539 threshold=6000
[06:47:49 ET] [MOVE] FIRESTORM_GATE_BLOCK DCOY setup=move_strike prior_bar_ticks=1539 threshold=6000
[06:47:49 ET] [MOVE] FIRESTORM_GATE_BLOCK DCOY setup=move_strike prior_bar_ticks=1539 threshold=6000
[06:47:49 ET] [MOVE] FIRESTORM_GATE_BLOCK DCOY setup=move_strike prior_bar_ticks=1539 threshold=6000
[06:47:49 ET] [MOVE] FIRESTORM_GATE_BLOCK DCOY setup=move_strike prior_bar_ticks=1539 threshold=6000
[06:47:49 ET] [MOVE] FIRESTORM_GATE_BLOCK DCOY setup=move_strike prior_bar_ticks=1539 threshold=6000
[06:47:49 ET] [MOVE] FIRESTORM_GATE_BLOCK DCOY setup=move_strike prior_bar_ticks=1539 threshold=6000
[06:47:49 ET] [MOVE] FIRESTORM_GATE_BLOCK DCOY setup=move_strike prior_bar_ticks=1539 threshold=6000
[06:47:49 ET] [MOVE] FIRESTORM_GATE_BLOCK DCOY setup=move_strike prior_bar_ticks=1539 threshold=6000
[06:47:49 ET] [MOVE] FIRESTORM_GATE_BLOCK DCOY setup=move_strike prior_bar_ticks=1539 threshold=6000
[06:47:49 ET] [MOVE] FIRESTORM_GATE_BLOCK DCOY setup=move_strike prior_bar_ticks=1539 threshold=6000
[06:47:49 ET] [MOVE] FIRESTORM_GATE_BLOCK DCOY setup=move_strike prior_bar_ticks=1539 threshold=6000
[06:47:49 ET] [MOVE] FIRESTORM_GATE_BLOCK DCOY setup=move_strike prior_bar_ticks=1539 threshold=6000
[06:47:49 ET] [MOVE] FIRESTORM_GATE_BLOCK DCOY setup=move_strike prior_bar_ticks=1539 threshold=6000
[06:47:49 ET] [MOVE] FIRESTORM_GATE_BLOCK DCOY setup=move_strike prior_bar_ticks=1539 threshold=6000
[06:47:49 ET] [MOVE] FIRESTORM_GATE_BLOCK DCOY setup=move_strike prior_bar_ticks=1539 threshold=6000
[06:47:49 ET] [MOVE] FIRESTORM_GATE_BLOCK DCOY setup=move_strike prior_bar_ticks=1539 threshold=6000
[06:47:49 ET] [MOVE] FIRESTORM_GATE_BLOCK DCOY setup=move_strike prior_bar_ticks=1539 threshold=6000
[06:47:49 ET] [MOVE] FIRESTORM_GATE_BLOCK DCOY setup=move_strike prior_bar_ticks=1539 threshold=6000
[06:47:49 ET] [MOVE] FIRESTORM_GATE_BLOCK DCOY setup=move_strike prior_bar_ticks=1539 threshold=6000
[06:47:49 ET] [MOVE] FIRESTORM_GATE_BLOCK DCOY setup=move_strike prior_bar_ticks=1539 threshold=6000
[06:47:49 ET] [MOVE] FIRESTORM_GATE_BLOCK DCOY setup=move_strike prior_bar_ticks=1539 threshold=6000
[06:47:49 ET] [MOVE] FIRESTORM_GATE_BLOCK DCOY setup=move_strike prior_bar_ticks=1539 threshold=6000
[06:47:49 ET] [MOVE] FIRESTORM_GATE_BLOCK DCOY setup=move_strike prior_bar_ticks=1539 threshold=6000
[06:47:49 ET] [MOVE] FIRESTORM_GATE_BLOCK DCOY setup=move_strike prior_bar_ticks=1539 threshold=6000
[06:47:49 ET] [MOVE] FIRESTORM_GATE_BLOCK DCOY setup=move_strike prior_bar_ticks=1539 threshold=6000
[06:47:49 ET] [MOVE] FIRESTORM_GATE_BLOCK DCOY setup=move_strike prior_bar_ticks=1539 threshold=6000
[06:47:49 ET] [MOVE] FIRESTORM_GATE_BLOCK DCOY setup=move_strike prior_bar_ticks=1539 threshold=6000
[06:47:49 ET] [MOVE] FIRESTORM_GATE_BLOCK DCOY setup=move_strike prior_bar_ticks=1539 threshold=6000
[06:47:49 ET] [MOVE] FIRESTORM_GATE_BLOCK DCOY setup=move_strike prior_bar_ticks=1539 threshold=6000
[06:47:50 ET] [MOVE] FIRESTORM_GATE_BLOCK DCOY setup=move_strike prior_bar_ticks=1539 threshold=6000
[06:47:50 ET] [MOVE] FIRESTORM_GATE_BLOCK DCOY setup=move_strike prior_bar_ticks=1539 threshold=6000
[06:47:50 ET] [MOVE] FIRESTORM_GATE_BLOCK DCOY setup=move_strike prior_bar_ticks=1539 threshold=6000
[06:47:50 ET] [MOVE] FIRESTORM_GATE_BLOCK DCOY setup=move_strike prior_bar_ticks=1539 threshold=6000
[06:47:50 ET] [MOVE] FIRESTORM_GATE_BLOCK DCOY setup=move_strike prior_bar_ticks=1539 threshold=6000
[06:47:50 ET] [MOVE] FIRESTORM_GATE_BLOCK DCOY setup=move_strike prior_bar_ticks=1539 threshold=6000
[06:47:50 ET] [MOVE] FIRESTORM_GATE_BLOCK DCOY setup=move_strike prior_bar_ticks=1539 threshold=6000
[06:47:50 ET] [MOVE] FIRESTORM_GATE_BLOCK DCOY setup=move_strike prior_bar_ticks=1539 threshold=6000
[06:47:50 ET] [MOVE] FIRESTORM_GATE_BLOCK DCOY setup=move_strike prior_bar_ticks=1539 threshold=6000
[06:47:50 ET] [MOVE] FIRESTORM_GATE_BLOCK DCOY setup=move_strike prior_bar_ticks=1539 threshold=6000
[06:47:50 ET] [MOVE] FIRESTORM_GATE_BLOCK DCOY setup=move_strike prior_bar_ticks=1539 threshold=6000
[06:47:50 ET] [MOVE] FIRESTORM_GATE_BLOCK DCOY setup=move_strike prior_bar_ticks=1539 threshold=6000
[06:47:50 ET] [MOVE] FIRESTORM_GATE_BLOCK DCOY setup=move_strike prior_bar_ticks=1539 threshold=6000
[06:47:50 ET] [MOVE] FIRESTORM_GATE_BLOCK DCOY setup=move_strike prior_bar_ticks=1539 threshold=6000
[06:47:51 ET] [MOVE] FIRESTORM_GATE_BLOCK DCOY setup=move_strike prior_bar_ticks=1539 threshold=6000
[06:47:51 ET] [MOVE] FIRESTORM_GATE_BLOCK DCOY setup=move_strike prior_bar_ticks=1539 threshold=6000
[06:47:51 ET] [MOVE] FIRESTORM_GATE_BLOCK DCOY setup=move_strike prior_bar_ticks=1539 threshold=6000
[06:47:51 ET] [MOVE] FIRESTORM_GATE_BLOCK DCOY setup=move_strike prior_bar_ticks=1539 threshold=6000
[06:47:51 ET] [MOVE] FIRESTORM_GATE_BLOCK DCOY setup=move_strike prior_bar_ticks=1539 threshold=6000
[06:47:51 ET] [MOVE] FIRESTORM_GATE_BLOCK DCOY setup=move_strike prior_bar_ticks=1539 threshold=6000
[06:47:51 ET] [MOVE] FIRESTORM_GATE_BLOCK DCOY setup=move_strike prior_bar_ticks=1539 threshold=6000
[06:47:51 ET] [MOVE] FIRESTORM_GATE_BLOCK DCOY setup=move_strike prior_bar_ticks=1539 threshold=6000
[06:47:51 ET] [MOVE] FIRESTORM_GATE_BLOCK DCOY setup=move_strike prior_bar_ticks=1539 threshold=6000
[06:47:51 ET] [MOVE] FIRESTORM_GATE_BLOCK DCOY setup=move_strike prior_bar_ticks=1539 threshold=6000
[06:47:51 ET] [MOVE] FIRESTORM_GATE_BLOCK DCOY setup=move_strike prior_bar_ticks=1539 threshold=6000
[06:47:51 ET] [MOVE] FIRESTORM_GATE_BLOCK DCOY setup=move_strike prior_bar_ticks=1539 threshold=6000
[06:47:51 ET] [MOVE] FIRESTORM_GATE_BLOCK DCOY setup=move_strike prior_bar_ticks=1539 threshold=6000
[06:47:51 ET] [MOVE] FIRESTORM_GATE_BLOCK DCOY setup=move_strike prior_bar_ticks=1539 threshold=6000
[06:47:51 ET] [MOVE] FIRESTORM_GATE_BLOCK DCOY setup=move_strike prior_bar_ticks=1539 threshold=6000
[06:47:51 ET] [MOVE] FIRESTORM_GATE_BLOCK DCOY setup=move_strike prior_bar_ticks=1539 threshold=6000
[06:47:51 ET] [MOVE] FIRESTORM_GATE_BLOCK DCOY setup=move_strike prior_bar_ticks=1539 threshold=6000
[06:47:51 ET] [MOVE] FIRESTORM_GATE_BLOCK DCOY setup=move_strike prior_bar_ticks=1539 threshold=6000
[06:47:51 ET] [MOVE] FIRESTORM_GATE_BLOCK DCOY setup=move_strike prior_bar_ticks=1539 threshold=6000
[06:47:51 ET] [MOVE] FIRESTORM_GATE_BLOCK DCOY setup=move_strike prior_bar_ticks=1539 threshold=6000
[06:47:51 ET] [MOVE] FIRESTORM_GATE_BLOCK DCOY setup=move_strike prior_bar_ticks=1539 threshold=6000
[06:47:51 ET] [MOVE] FIRESTORM_GATE_BLOCK DCOY setup=move_strike prior_bar_ticks=1539 threshold=6000
[06:47:51 ET] [MOVE] FIRESTORM_GATE_BLOCK DCOY setup=move_strike prior_bar_ticks=1539 threshold=6000
[06:47:51 ET] [MOVE] FIRESTORM_GATE_BLOCK DCOY setup=move_strike prior_bar_ticks=1539 threshold=6000
[06:47:51 ET] [MOVE] FIRESTORM_GATE_BLOCK DCOY setup=move_strike prior_bar_ticks=1539 threshold=6000
[06:47:51 ET] [MOVE] FIRESTORM_GATE_BLOCK DCOY setup=move_strike prior_bar_ticks=1539 threshold=6000
[06:47:51 ET] [MOVE] FIRESTORM_GATE_BLOCK DCOY setup=move_strike prior_bar_ticks=1539 threshold=6000
[06:47:51 ET] [MOVE] FIRESTORM_GATE_BLOCK DCOY setup=move_strike prior_bar_ticks=1539 threshold=6000
[06:47:51 ET] [MOVE] FIRESTORM_GATE_BLOCK DCOY setup=move_strike prior_bar_ticks=1539 threshold=6000
[06:47:51 ET] [MOVE] FIRESTORM_GATE_BLOCK DCOY setup=move_strike prior_bar_ticks=1539 threshold=6000
[06:47:51 ET] [MOVE] FIRESTORM_GATE_BLOCK DCOY setup=move_strike prior_bar_ticks=1539 threshold=6000
[06:47:51 ET] [MOVE] FIRESTORM_GATE_BLOCK DCOY setup=move_strike prior_bar_ticks=1539 threshold=6000
[06:47:51 ET] [MOVE] FIRESTORM_GATE_BLOCK DCOY setup=move_strike prior_bar_ticks=1539 threshold=6000
[06:47:51 ET] [MOVE] FIRESTORM_GATE_BLOCK DCOY setup=move_strike prior_bar_ticks=1539 threshold=6000
[06:47:51 ET] [MOVE] FIRESTORM_GATE_BLOCK DCOY setup=move_strike prior_bar_ticks=1539 threshold=6000
[06:47:52 ET] [MOVE] FIRESTORM_GATE_BLOCK DCOY setup=move_strike prior_bar_ticks=1539 threshold=6000
[06:47:52 ET] [MOVE] FIRESTORM_GATE_BLOCK DCOY setup=move_strike prior_bar_ticks=1539 threshold=6000
[06:47:52 ET] [MOVE] FIRESTORM_GATE_BLOCK DCOY setup=move_strike prior_bar_ticks=1539 threshold=6000
[06:47:52 ET] [MOVE] FIRESTORM_GATE_BLOCK DCOY setup=move_strike prior_bar_ticks=1539 threshold=6000
[06:47:52 ET] [MOVE] FIRESTORM_GATE_BLOCK DCOY setup=move_strike prior_bar_ticks=1539 threshold=6000
[06:47:52 ET] [MOVE] FIRESTORM_GATE_BLOCK DCOY setup=move_strike prior_bar_ticks=1539 threshold=6000
[06:47:52 ET] [MOVE] FIRESTORM_GATE_BLOCK DCOY setup=move_strike prior_bar_ticks=1539 threshold=6000
[06:47:52 ET] [MOVE] FIRESTORM_GATE_BLOCK DCOY setup=move_strike prior_bar_ticks=1539 threshold=6000
[06:47:52 ET] [MOVE] FIRESTORM_GATE_BLOCK DCOY setup=move_strike prior_bar_ticks=1539 threshold=6000
[06:47:52 ET] [MOVE] FIRESTORM_GATE_BLOCK DCOY setup=move_strike prior_bar_ticks=1539 threshold=6000
[06:47:52 ET] [MOVE] FIRESTORM_GATE_BLOCK DCOY setup=move_strike prior_bar_ticks=1539 threshold=6000
[06:47:52 ET] [MOVE] FIRESTORM_GATE_BLOCK DCOY setup=move_strike prior_bar_ticks=1539 threshold=6000
[06:47:52 ET] [MOVE] FIRESTORM_GATE_BLOCK DCOY setup=move_strike prior_bar_ticks=1539 threshold=6000
[06:47:52 ET] [MOVE] FIRESTORM_GATE_BLOCK DCOY setup=move_strike prior_bar_ticks=1539 threshold=6000
[06:47:52 ET] [MOVE] FIRESTORM_GATE_BLOCK DCOY setup=move_strike prior_bar_ticks=1539 threshold=6000
[06:47:52 ET] [MOVE] FIRESTORM_GATE_BLOCK DCOY setup=move_strike prior_bar_ticks=1539 threshold=6000
[06:47:52 ET] [MOVE] FIRESTORM_GATE_BLOCK DCOY setup=move_strike prior_bar_ticks=1539 threshold=6000
[06:47:52 ET] [MOVE] FIRESTORM_GATE_BLOCK DCOY setup=move_strike prior_bar_ticks=1539 threshold=6000
[06:47:52 ET] [MOVE] FIRESTORM_GATE_BLOCK DCOY setup=move_strike prior_bar_ticks=1539 threshold=6000
[06:47:52 ET] [MOVE] FIRESTORM_GATE_BLOCK DCOY setup=move_strike prior_bar_ticks=1539 threshold=6000
[06:47:52 ET] [MOVE] FIRESTORM_GATE_BLOCK DCOY setup=move_strike prior_bar_ticks=1539 threshold=6000
[06:47:53 ET] [MOVE] FIRESTORM_GATE_BLOCK DCOY setup=move_strike prior_bar_ticks=1539 threshold=6000
[06:47:53 ET] [MOVE] FIRESTORM_GATE_BLOCK DCOY setup=move_strike prior_bar_ticks=1539 threshold=6000
[06:47:53 ET] [MOVE] FIRESTORM_GATE_BLOCK DCOY setup=move_strike prior_bar_ticks=1539 threshold=6000
[06:47:53 ET] [MOVE] FIRESTORM_GATE_BLOCK DCOY setup=move_strike prior_bar_ticks=1539 threshold=6000
[06:47:53 ET] [MOVE] FIRESTORM_GATE_BLOCK DCOY setup=move_strike prior_bar_ticks=1539 threshold=6000
[06:47:53 ET] [MOVE] FIRESTORM_GATE_BLOCK DCOY setup=move_strike prior_bar_ticks=1539 threshold=6000
[06:47:53 ET] [MOVE] FIRESTORM_GATE_BLOCK DCOY setup=move_strike prior_bar_ticks=1539 threshold=6000
[06:47:53 ET] [MOVE] FIRESTORM_GATE_BLOCK DCOY setup=move_strike prior_bar_ticks=1539 threshold=6000
[06:47:53 ET] [MOVE] FIRESTORM_GATE_BLOCK DCOY setup=move_strike prior_bar_ticks=1539 threshold=6000
[06:47:53 ET] [MOVE] FIRESTORM_GATE_BLOCK DCOY setup=move_strike prior_bar_ticks=1539 threshold=6000
[06:47:53 ET] [MOVE] FIRESTORM_GATE_BLOCK DCOY setup=move_strike prior_bar_ticks=1539 threshold=6000
[06:47:53 ET] [MOVE] FIRESTORM_GATE_BLOCK DCOY setup=move_strike prior_bar_ticks=1539 threshold=6000
[06:47:53 ET] [MOVE] FIRESTORM_GATE_BLOCK DCOY setup=move_strike prior_bar_ticks=1539 threshold=6000
[06:47:53 ET] [MOVE] FIRESTORM_GATE_BLOCK DCOY setup=move_strike prior_bar_ticks=1539 threshold=6000
[06:47:53 ET] [MOVE] FIRESTORM_GATE_BLOCK DCOY setup=move_strike prior_bar_ticks=1539 threshold=6000
[06:47:53 ET] [MOVE] FIRESTORM_GATE_BLOCK DCOY setup=move_strike prior_bar_ticks=1539 threshold=6000
[06:47:53 ET] [MOVE] FIRESTORM_GATE_BLOCK DCOY setup=move_strike prior_bar_ticks=1539 threshold=6000
[06:47:53 ET] [MOVE] FIRESTORM_GATE_BLOCK DCOY setup=move_strike prior_bar_ticks=1539 threshold=6000
[06:47:53 ET] [MOVE] FIRESTORM_GATE_BLOCK DCOY setup=move_strike prior_bar_ticks=1539 threshold=6000
[06:47:53 ET] [MOVE] FIRESTORM_GATE_BLOCK DCOY setup=move_strike prior_bar_ticks=1539 threshold=6000
[06:47:53 ET] [MOVE] FIRESTORM_GATE_BLOCK DCOY setup=move_strike prior_bar_ticks=1539 threshold=6000
[06:47:53 ET] [MOVE] FIRESTORM_GATE_BLOCK DCOY setup=move_strike prior_bar_ticks=1539 threshold=6000
[06:47:53 ET] [MOVE] FIRESTORM_GATE_BLOCK DCOY setup=move_strike prior_bar_ticks=1539 threshold=6000
[06:47:53 ET] [MOVE] FIRESTORM_GATE_BLOCK DCOY setup=move_strike prior_bar_ticks=1539 threshold=6000
[06:47:53 ET] [MOVE] FIRESTORM_GATE_BLOCK DCOY setup=move_strike prior_bar_ticks=1539 threshold=6000
[06:47:53 ET] [MOVE] FIRESTORM_GATE_BLOCK DCOY setup=move_strike prior_bar_ticks=1539 threshold=6000
[06:47:53 ET] [MOVE] FIRESTORM_GATE_BLOCK DCOY setup=move_strike prior_bar_ticks=1539 threshold=6000
[06:47:53 ET] [MOVE] FIRESTORM_GATE_BLOCK DCOY setup=move_strike prior_bar_ticks=1539 threshold=6000
[06:47:53 ET] [MOVE] FIRESTORM_GATE_BLOCK DCOY setup=move_strike prior_bar_ticks=1539 threshold=6000
[06:47:53 ET] [MOVE] FIRESTORM_GATE_BLOCK DCOY setup=move_strike prior_bar_ticks=1539 threshold=6000
[06:47:53 ET] [MOVE] FIRESTORM_GATE_BLOCK DCOY setup=move_strike prior_bar_ticks=1539 threshold=6000
[06:47:53 ET] [MOVE] FIRESTORM_GATE_BLOCK DCOY setup=move_strike prior_bar_ticks=1539 threshold=6000
[06:47:53 ET] [MOVE] FIRESTORM_GATE_BLOCK DCOY setup=move_strike prior_bar_ticks=1539 threshold=6000
[06:47:53 ET] [MOVE] FIRESTORM_GATE_BLOCK DCOY setup=move_strike prior_bar_ticks=1539 threshold=6000
[06:47:53 ET] [MOVE] FIRESTORM_GATE_BLOCK DCOY setup=move_strike prior_bar_ticks=1539 threshold=6000
[06:47:53 ET] [MOVE] FIRESTORM_GATE_BLOCK DCOY setup=move_strike prior_bar_ticks=1539 threshold=6000
[06:47:53 ET] [MOVE] FIRESTORM_GATE_BLOCK DCOY setup=move_strike prior_bar_ticks=1539 threshold=6000
[06:47:53 ET] [MOVE] FIRESTORM_GATE_BLOCK DCOY setup=move_strike prior_bar_ticks=1539 threshold=6000
[06:47:53 ET] [MOVE] FIRESTORM_GATE_BLOCK DCOY setup=move_strike prior_bar_ticks=1539 threshold=6000
[06:47:54 ET] [MOVE] FIRESTORM_GATE_BLOCK DCOY setup=move_strike prior_bar_ticks=1539 threshold=6000
[06:47:54 ET] [MOVE] FIRESTORM_GATE_BLOCK DCOY setup=move_strike prior_bar_ticks=1539 threshold=6000
[06:47:54 ET] [MOVE] FIRESTORM_GATE_BLOCK DCOY setup=move_strike prior_bar_ticks=1539 threshold=6000
[06:47:54 ET] [MOVE] FIRESTORM_GATE_BLOCK DCOY setup=move_strike prior_bar_ticks=1539 threshold=6000
[06:47:54 ET] [MOVE] FIRESTORM_GATE_BLOCK DCOY setup=move_strike prior_bar_ticks=1539 threshold=6000
[06:47:54 ET] [MOVE] FIRESTORM_GATE_BLOCK DCOY setup=move_strike prior_bar_ticks=1539 threshold=6000
[06:47:54 ET] [MOVE] FIRESTORM_GATE_BLOCK DCOY setup=move_strike prior_bar_ticks=1539 threshold=6000
[06:47:54 ET] [MOVE] FIRESTORM_GATE_BLOCK DCOY setup=move_strike prior_bar_ticks=1539 threshold=6000
[06:47:54 ET] [MOVE] FIRESTORM_GATE_BLOCK DCOY setup=move_strike prior_bar_ticks=1539 threshold=6000
[06:47:54 ET] [MOVE] FIRESTORM_GATE_BLOCK DCOY setup=move_strike prior_bar_ticks=1539 threshold=6000
[06:47:54 ET] [MOVE] FIRESTORM_GATE_BLOCK DCOY setup=move_strike prior_bar_ticks=1539 threshold=6000
[06:47:54 ET] [MOVE] FIRESTORM_GATE_BLOCK DCOY setup=move_strike prior_bar_ticks=1539 threshold=6000
[06:47:54 ET] [MOVE] FIRESTORM_GATE_BLOCK DCOY setup=move_strike prior_bar_ticks=1539 threshold=6000
[06:47:54 ET] [MOVE] FIRESTORM_GATE_BLOCK DCOY setup=move_strike prior_bar_ticks=1539 threshold=6000
[06:47:54 ET] [MOVE] FIRESTORM_GATE_BLOCK DCOY setup=move_strike prior_bar_ticks=1539 threshold=6000
[06:47:54 ET] [MOVE] FIRESTORM_GATE_BLOCK DCOY setup=move_strike prior_bar_ticks=1539 threshold=6000
[06:47:54 ET] [MOVE] FIRESTORM_GATE_BLOCK DCOY setup=move_strike prior_bar_ticks=1539 threshold=6000
[06:47:54 ET] [MOVE] FIRESTORM_GATE_BLOCK DCOY setup=move_strike prior_bar_ticks=1539 threshold=6000
[06:47:54 ET] [MOVE] FIRESTORM_GATE_BLOCK DCOY setup=move_strike prior_bar_ticks=1539 threshold=6000
[06:47:54 ET] [MOVE] FIRESTORM_GATE_BLOCK DCOY setup=move_strike prior_bar_ticks=1539 threshold=6000
[06:47:54 ET] [MOVE] FIRESTORM_GATE_BLOCK DCOY setup=move_strike prior_bar_ticks=1539 threshold=6000
[06:47:54 ET] [MOVE] FIRESTORM_GATE_BLOCK DCOY setup=move_strike prior_bar_ticks=1539 threshold=6000
[06:47:54 ET] [MOVE] FIRESTORM_GATE_BLOCK DCOY setup=move_strike prior_bar_ticks=1539 threshold=6000
[06:47:54 ET] [MOVE] FIRESTORM_GATE_BLOCK DCOY setup=move_strike prior_bar_ticks=1539 threshold=6000
[06:47:54 ET] [MOVE] FIRESTORM_GATE_BLOCK DCOY setup=move_strike prior_bar_ticks=1539 threshold=6000
[06:47:54 ET] [MOVE] FIRESTORM_GATE_BLOCK DCOY setup=move_strike prior_bar_ticks=1539 threshold=6000
[06:47:54 ET] [MOVE] FIRESTORM_GATE_BLOCK DCOY setup=move_strike prior_bar_ticks=1539 threshold=6000
[06:47:54 ET] [MOVE] FIRESTORM_GATE_BLOCK DCOY setup=move_strike prior_bar_ticks=1539 threshold=6000
[06:47:54 ET] [MOVE] FIRESTORM_GATE_BLOCK DCOY setup=move_strike prior_bar_ticks=1539 threshold=6000
[06:47:54 ET] [MOVE] FIRESTORM_GATE_BLOCK DCOY setup=move_strike prior_bar_ticks=1539 threshold=6000
[06:47:54 ET] [MOVE] FIRESTORM_GATE_BLOCK DCOY setup=move_strike prior_bar_ticks=1539 threshold=6000
[06:47:54 ET] [MOVE] FIRESTORM_GATE_BLOCK DCOY setup=move_strike prior_bar_ticks=1539 threshold=6000
[06:47:54 ET] [MOVE] FIRESTORM_GATE_BLOCK DCOY setup=move_strike prior_bar_ticks=1539 threshold=6000
[06:47:54 ET] [MOVE] FIRESTORM_GATE_BLOCK DCOY setup=move_strike prior_bar_ticks=1539 threshold=6000
[06:47:54 ET] [MOVE] FIRESTORM_GATE_BLOCK DCOY setup=move_strike prior_bar_ticks=1539 threshold=6000
[06:47:54 ET] [MOVE] FIRESTORM_GATE_BLOCK DCOY setup=move_strike prior_bar_ticks=1539 threshold=6000
[06:47:54 ET] [MOVE] FIRESTORM_GATE_BLOCK DCOY setup=move_strike prior_bar_ticks=1539 threshold=6000
[06:47:54 ET] [MOVE] FIRESTORM_GATE_BLOCK DCOY setup=move_strike prior_bar_ticks=1539 threshold=6000
[06:47:54 ET] [MOVE] FIRESTORM_GATE_BLOCK DCOY setup=move_strike prior_bar_ticks=1539 threshold=6000
[06:47:54 ET] [MOVE] FIRESTORM_GATE_BLOCK DCOY setup=move_strike prior_bar_ticks=1539 threshold=6000
[06:47:54 ET] [MOVE] FIRESTORM_GATE_BLOCK DCOY setup=move_strike prior_bar_ticks=1539 threshold=6000
[06:47:54 ET] [MOVE] FIRESTORM_GATE_BLOCK DCOY setup=move_strike prior_bar_ticks=1539 threshold=6000
[06:47:54 ET] [MOVE] FIRESTORM_GATE_BLOCK DCOY setup=move_strike prior_bar_ticks=1539 threshold=6000
[06:47:54 ET] [MOVE] FIRESTORM_GATE_BLOCK DCOY setup=move_strike prior_bar_ticks=1539 threshold=6000
[06:47:54 ET] [MOVE] FIRESTORM_GATE_BLOCK DCOY setup=move_strike prior_bar_ticks=1539 threshold=6000
[06:47:54 ET] [MOVE] FIRESTORM_GATE_BLOCK DCOY setup=move_strike prior_bar_ticks=1539 threshold=6000
[06:47:54 ET] [MOVE] FIRESTORM_GATE_BLOCK DCOY setup=move_strike prior_bar_ticks=1539 threshold=6000
[06:47:54 ET] [MOVE] FIRESTORM_GATE_BLOCK DCOY setup=move_strike prior_bar_ticks=1539 threshold=6000
[06:47:54 ET] [MOVE] FIRESTORM_GATE_BLOCK DCOY setup=move_strike prior_bar_ticks=1539 threshold=6000
[06:47:54 ET] [MOVE] FIRESTORM_GATE_BLOCK DCOY setup=move_strike prior_bar_ticks=1539 threshold=6000
[06:47:54 ET] [MOVE] FIRESTORM_GATE_BLOCK DCOY setup=move_strike prior_bar_ticks=1539 threshold=6000
[06:47:54 ET] [MOVE] FIRESTORM_GATE_BLOCK DCOY setup=move_strike prior_bar_ticks=1539 threshold=6000
[06:47:54 ET] [MOVE] FIRESTORM_GATE_BLOCK DCOY setup=move_strike prior_bar_ticks=1539 threshold=6000
[06:47:54 ET] [MOVE] FIRESTORM_GATE_BLOCK DCOY setup=move_strike prior_bar_ticks=1539 threshold=6000
[06:47:54 ET] [MOVE] FIRESTORM_GATE_BLOCK DCOY setup=move_strike prior_bar_ticks=1539 threshold=6000
[06:47:54 ET] [MOVE] FIRESTORM_GATE_BLOCK DCOY setup=move_strike prior_bar_ticks=1539 threshold=6000
[06:47:54 ET] [MOVE] FIRESTORM_GATE_BLOCK DCOY setup=move_strike prior_bar_ticks=1539 threshold=6000
[06:47:54 ET] [MOVE] FIRESTORM_GATE_BLOCK DCOY setup=move_strike prior_bar_ticks=1539 threshold=6000
[06:47:54 ET] [MOVE] FIRESTORM_GATE_BLOCK DCOY setup=move_strike prior_bar_ticks=1539 threshold=6000
[06:47:54 ET] [MOVE] FIRESTORM_GATE_BLOCK DCOY setup=move_strike prior_bar_ticks=1539 threshold=6000
[06:47:54 ET] [MOVE] FIRESTORM_GATE_BLOCK DCOY setup=move_strike prior_bar_ticks=1539 threshold=6000
[06:47:54 ET] [MOVE] FIRESTORM_GATE_BLOCK DCOY setup=move_strike prior_bar_ticks=1539 threshold=6000
[06:47:54 ET] [MOVE] FIRESTORM_GATE_BLOCK DCOY setup=move_strike prior_bar_ticks=1539 threshold=6000
[06:47:54 ET] [MOVE] FIRESTORM_GATE_BLOCK DCOY setup=move_strike prior_bar_ticks=1539 threshold=6000
[06:47:54 ET] [MOVE] FIRESTORM_GATE_BLOCK DCOY setup=move_strike prior_bar_ticks=1539 threshold=6000
[06:47:54 ET] [MOVE] FIRESTORM_GATE_BLOCK DCOY setup=move_strike prior_bar_ticks=1539 threshold=6000
[06:47:54 ET] [MOVE] FIRESTORM_GATE_BLOCK DCOY setup=move_strike prior_bar_ticks=1539 threshold=6000
[06:47:54 ET] [MOVE] FIRESTORM_GATE_BLOCK DCOY setup=move_strike prior_bar_ticks=1539 threshold=6000
[06:47:54 ET] [MOVE] FIRESTORM_GATE_BLOCK DCOY setup=move_strike prior_bar_ticks=1539 threshold=6000
[06:47:54 ET] [MOVE] FIRESTORM_GATE_BLOCK DCOY setup=move_strike prior_bar_ticks=1539 threshold=6000
[06:47:54 ET] [MOVE] FIRESTORM_GATE_BLOCK DCOY setup=move_strike prior_bar_ticks=1539 threshold=6000
[06:47:54 ET] [MOVE] FIRESTORM_GATE_BLOCK DCOY setup=move_strike prior_bar_ticks=1539 threshold=6000
[06:47:55 ET] [MOVE] FIRESTORM_GATE_BLOCK DCOY setup=move_strike prior_bar_ticks=1539 threshold=6000
[06:47:55 ET] [MOVE] FIRESTORM_GATE_BLOCK DCOY setup=move_strike prior_bar_ticks=1539 threshold=6000
[06:47:55 ET] [MOVE] FIRESTORM_GATE_BLOCK DCOY setup=move_strike prior_bar_ticks=1539 threshold=6000
[06:47:55 ET] [MOVE] FIRESTORM_GATE_BLOCK DCOY setup=move_strike prior_bar_ticks=1539 threshold=6000
[06:47:55 ET] [MOVE] FIRESTORM_GATE_BLOCK DCOY setup=move_strike prior_bar_ticks=1539 threshold=6000
[06:47:55 ET] [MOVE] FIRESTORM_GATE_BLOCK DCOY setup=move_strike prior_bar_ticks=1539 threshold=6000
[06:47:55 ET] [MOVE] FIRESTORM_GATE_BLOCK DCOY setup=move_strike prior_bar_ticks=1539 threshold=6000
[06:47:55 ET] [MOVE] FIRESTORM_GATE_BLOCK DCOY setup=move_strike prior_bar_ticks=1539 threshold=6000
[06:47:55 ET] [MOVE] FIRESTORM_GATE_BLOCK DCOY setup=move_strike prior_bar_ticks=1539 threshold=6000
[06:47:55 ET] [MOVE] FIRESTORM_GATE_BLOCK DCOY setup=move_strike prior_bar_ticks=1539 threshold=6000
[06:47:55 ET] [MOVE] FIRESTORM_GATE_BLOCK DCOY setup=move_strike prior_bar_ticks=1539 threshold=6000
[06:47:55 ET] [MOVE] FIRESTORM_GATE_BLOCK DCOY setup=move_strike prior_bar_ticks=1539 threshold=6000
[06:47:55 ET] [MOVE] FIRESTORM_GATE_BLOCK DCOY setup=move_strike prior_bar_ticks=1539 threshold=6000
[06:47:55 ET] [MOVE] FIRESTORM_GATE_BLOCK DCOY setup=move_strike prior_bar_ticks=1539 threshold=6000
[06:47:55 ET] [MOVE] FIRESTORM_GATE_BLOCK DCOY setup=move_strike prior_bar_ticks=1539 threshold=6000
[06:47:55 ET] [MOVE] FIRESTORM_GATE_BLOCK DCOY setup=move_strike prior_bar_ticks=1539 threshold=6000
[06:47:55 ET] [MOVE] FIRESTORM_GATE_BLOCK DCOY setup=move_strike prior_bar_ticks=1539 threshold=6000
[06:47:55 ET] [MOVE] FIRESTORM_GATE_BLOCK DCOY setup=move_strike prior_bar_ticks=1539 threshold=6000
[06:47:55 ET] [MOVE] FIRESTORM_GATE_BLOCK DCOY setup=move_strike prior_bar_ticks=1539 threshold=6000
[06:47:55 ET] [MOVE] FIRESTORM_GATE_BLOCK DCOY setup=move_strike prior_bar_ticks=1539 threshold=6000
[06:47:55 ET] [MOVE] FIRESTORM_GATE_BLOCK DCOY setup=move_strike prior_bar_ticks=1539 threshold=6000
[06:47:55 ET] [MOVE] FIRESTORM_GATE_BLOCK DCOY setup=move_strike prior_bar_ticks=1539 threshold=6000
[06:47:55 ET] [MOVE] FIRESTORM_GATE_BLOCK DCOY setup=move_strike prior_bar_ticks=1539 threshold=6000
[06:47:55 ET] [MOVE] FIRESTORM_GATE_BLOCK DCOY setup=move_strike prior_bar_ticks=1539 threshold=6000
[06:47:55 ET] [MOVE] FIRESTORM_GATE_BLOCK DCOY setup=move_strike prior_bar_ticks=1539 threshold=6000
[06:47:55 ET] [MOVE] FIRESTORM_GATE_BLOCK DCOY setup=move_strike prior_bar_ticks=1539 threshold=6000
[06:47:55 ET] [MOVE] FIRESTORM_GATE_BLOCK DCOY setup=move_strike prior_bar_ticks=1539 threshold=6000
[06:47:55 ET] [MOVE] FIRESTORM_GATE_BLOCK DCOY setup=move_strike prior_bar_ticks=1539 threshold=6000
[06:47:55 ET] [MOVE] FIRESTORM_GATE_BLOCK DCOY setup=move_strike prior_bar_ticks=1539 threshold=6000
[06:47:55 ET] [MOVE] FIRESTORM_GATE_BLOCK DCOY setup=move_strike prior_bar_ticks=1539 threshold=6000
[06:47:55 ET] [MOVE] FIRESTORM_GATE_BLOCK DCOY setup=move_strike prior_bar_ticks=1539 threshold=6000
[06:47:55 ET] [MOVE] FIRESTORM_GATE_BLOCK DCOY setup=move_strike prior_bar_ticks=1539 threshold=6000
[06:47:55 ET] [MOVE] FIRESTORM_GATE_BLOCK DCOY setup=move_strike prior_bar_ticks=1539 threshold=6000
[06:47:55 ET] [MOVE] FIRESTORM_GATE_BLOCK DCOY setup=move_strike prior_bar_ticks=1539 threshold=6000
[06:47:55 ET] [MOVE] FIRESTORM_GATE_BLOCK DCOY setup=move_strike prior_bar_ticks=1539 threshold=6000
[06:47:55 ET] [MOVE] FIRESTORM_GATE_BLOCK DCOY setup=move_strike prior_bar_ticks=1539 threshold=6000
[06:47:55 ET] [MOVE] FIRESTORM_GATE_BLOCK DCOY setup=move_strike prior_bar_ticks=1539 threshold=6000
[06:47:55 ET] [MOVE] FIRESTORM_GATE_BLOCK DCOY setup=move_strike prior_bar_ticks=1539 threshold=6000
[06:47:55 ET] [MOVE] FIRESTORM_GATE_BLOCK DCOY setup=move_strike prior_bar_ticks=1539 threshold=6000
[06:47:55 ET] [MOVE] FIRESTORM_GATE_BLOCK DCOY setup=move_strike prior_bar_ticks=1539 threshold=6000
[06:47:55 ET] [MOVE] FIRESTORM_GATE_BLOCK DCOY setup=move_strike prior_bar_ticks=1539 threshold=6000
[06:47:55 ET] [MOVE] FIRESTORM_GATE_BLOCK DCOY setup=move_strike prior_bar_ticks=1539 threshold=6000
[06:47:55 ET] [MOVE] FIRESTORM_GATE_BLOCK DCOY setup=move_strike prior_bar_ticks=1539 threshold=6000
[06:47:55 ET] [MOVE] FIRESTORM_GATE_BLOCK DCOY setup=move_strike prior_bar_ticks=1539 threshold=6000
[06:47:55 ET] [MOVE] FIRESTORM_GATE_BLOCK DCOY setup=move_strike prior_bar_ticks=1539 threshold=6000
[06:47:55 ET] [MOVE] FIRESTORM_GATE_BLOCK DCOY setup=move_strike prior_bar_ticks=1539 threshold=6000
[06:47:55 ET] [MOVE] FIRESTORM_GATE_BLOCK DCOY setup=move_strike prior_bar_ticks=1539 threshold=6000
[06:47:55 ET] [MOVE] FIRESTORM_GATE_BLOCK DCOY setup=move_strike prior_bar_ticks=1539 threshold=6000
[06:47:55 ET] [MOVE] FIRESTORM_GATE_BLOCK DCOY setup=move_strike prior_bar_ticks=1539 threshold=6000
[06:47:55 ET] [MOVE] FIRESTORM_GATE_BLOCK DCOY setup=move_strike prior_bar_ticks=1539 threshold=6000
[06:47:55 ET] [MOVE] FIRESTORM_GATE_BLOCK DCOY setup=move_strike prior_bar_ticks=1539 threshold=6000
[06:47:55 ET] [MOVE] FIRESTORM_GATE_BLOCK DCOY setup=move_strike prior_bar_ticks=1539 threshold=6000
[06:47:56 ET] [MOVE] FIRESTORM_GATE_BLOCK DCOY setup=move_strike prior_bar_ticks=1539 threshold=6000
[06:47:56 ET] [MOVE] FIRESTORM_GATE_BLOCK DCOY setup=move_strike prior_bar_ticks=1539 threshold=6000
[06:47:56 ET] [MOVE] FIRESTORM_GATE_BLOCK DCOY setup=move_strike prior_bar_ticks=1539 threshold=6000
[06:47:56 ET] [MOVE] FIRESTORM_GATE_BLOCK DCOY setup=move_strike prior_bar_ticks=1539 threshold=6000
[06:47:56 ET] [MOVE] FIRESTORM_GATE_BLOCK DCOY setup=move_strike prior_bar_ticks=1539 threshold=6000
[06:47:56 ET] [MOVE] FIRESTORM_GATE_BLOCK DCOY setup=move_strike prior_bar_ticks=1539 threshold=6000
[06:47:56 ET] [MOVE] FIRESTORM_GATE_BLOCK DCOY setup=move_strike prior_bar_ticks=1539 threshold=6000
[06:47:56 ET] [MOVE] FIRESTORM_GATE_BLOCK DCOY setup=move_strike prior_bar_ticks=1539 threshold=6000
[06:47:56 ET] [MOVE] FIRESTORM_GATE_BLOCK DCOY setup=move_strike prior_bar_ticks=1539 threshold=6000
[06:47:56 ET] [MOVE] FIRESTORM_GATE_BLOCK DCOY setup=move_strike prior_bar_ticks=1539 threshold=6000
[06:47:56 ET] [MOVE] FIRESTORM_GATE_BLOCK DCOY setup=move_strike prior_bar_ticks=1539 threshold=6000
[06:47:56 ET] [MOVE] FIRESTORM_GATE_BLOCK DCOY setup=move_strike prior_bar_ticks=1539 threshold=6000
[06:47:56 ET] [MOVE] FIRESTORM_GATE_BLOCK DCOY setup=move_strike prior_bar_ticks=1539 threshold=6000
[06:47:56 ET] [MOVE] FIRESTORM_GATE_BLOCK DCOY setup=move_strike prior_bar_ticks=1539 threshold=6000
[06:47:56 ET] [MOVE] FIRESTORM_GATE_BLOCK DCOY setup=move_strike prior_bar_ticks=1539 threshold=6000
[06:47:56 ET] [MOVE] FIRESTORM_GATE_BLOCK DCOY setup=move_strike prior_bar_ticks=1539 threshold=6000
[06:47:56 ET] [MOVE] FIRESTORM_GATE_BLOCK DCOY setup=move_strike prior_bar_ticks=1539 threshold=6000
[06:47:56 ET] [MOVE] FIRESTORM_GATE_BLOCK DCOY setup=move_strike prior_bar_ticks=1539 threshold=6000
[06:47:56 ET] [MOVE] FIRESTORM_GATE_BLOCK DCOY setup=move_strike prior_bar_ticks=1539 threshold=6000
[06:47:56 ET] [MOVE] FIRESTORM_GATE_BLOCK DCOY setup=move_strike prior_bar_ticks=1539 threshold=6000
[06:47:56 ET] [MOVE] FIRESTORM_GATE_BLOCK DCOY setup=move_strike prior_bar_ticks=1539 threshold=6000
[06:47:56 ET] [MOVE] FIRESTORM_GATE_BLOCK DCOY setup=move_strike prior_bar_ticks=1539 threshold=6000
[06:47:56 ET] [MOVE] FIRESTORM_GATE_BLOCK DCOY setup=move_strike prior_bar_ticks=1539 threshold=6000
[06:47:56 ET] [MOVE] FIRESTORM_GATE_BLOCK DCOY setup=move_strike prior_bar_ticks=1539 threshold=6000
[06:47:56 ET] [MOVE] FIRESTORM_GATE_BLOCK DCOY setup=move_strike prior_bar_ticks=1539 threshold=6000
[06:47:56 ET] [MOVE] FIRESTORM_GATE_BLOCK DCOY setup=move_strike prior_bar_ticks=1539 threshold=6000
[06:47:56 ET] [MOVE] FIRESTORM_GATE_BLOCK DCOY setup=move_strike prior_bar_ticks=1539 threshold=6000
[06:47:56 ET] [MOVE] FIRESTORM_GATE_BLOCK DCOY setup=move_strike prior_bar_ticks=1539 threshold=6000
[06:47:56 ET] [MOVE] FIRESTORM_GATE_BLOCK DCOY setup=move_strike prior_bar_ticks=1539 threshold=6000
[06:47:56 ET] [MOVE] FIRESTORM_GATE_BLOCK DCOY setup=move_strike prior_bar_ticks=1539 threshold=6000
[06:47:56 ET] [MOVE] FIRESTORM_GATE_BLOCK DCOY setup=move_strike prior_bar_ticks=1539 threshold=6000
[06:47:56 ET] [MOVE] FIRESTORM_GATE_BLOCK DCOY setup=move_strike prior_bar_ticks=1539 threshold=6000
[06:47:56 ET] [MOVE] FIRESTORM_GATE_BLOCK DCOY setup=move_strike prior_bar_ticks=1539 threshold=6000
[06:47:56 ET] [MOVE] FIRESTORM_GATE_BLOCK DCOY setup=move_strike prior_bar_ticks=1539 threshold=6000
[06:47:56 ET] [MOVE] FIRESTORM_GATE_BLOCK DCOY setup=move_strike prior_bar_ticks=1539 threshold=6000
[06:47:56 ET] [MOVE] FIRESTORM_GATE_BLOCK DCOY setup=move_strike prior_bar_ticks=1539 threshold=6000
[06:47:56 ET] [MOVE] FIRESTORM_GATE_BLOCK DCOY setup=move_strike prior_bar_ticks=1539 threshold=6000
[06:47:56 ET] [MOVE] FIRESTORM_GATE_BLOCK DCOY setup=move_strike prior_bar_ticks=1539 threshold=6000
[06:47:56 ET] [MOVE] FIRESTORM_GATE_BLOCK DCOY setup=move_strike prior_bar_ticks=1539 threshold=6000
[06:47:56 ET] [MOVE] FIRESTORM_GATE_BLOCK DCOY setup=move_strike prior_bar_ticks=1539 threshold=6000
[06:47:56 ET] [MOVE] FIRESTORM_GATE_BLOCK DCOY setup=move_strike prior_bar_ticks=1539 threshold=6000
[06:47:56 ET] [MOVE] FIRESTORM_GATE_BLOCK DCOY setup=move_strike prior_bar_ticks=1539 threshold=6000
[06:47:56 ET] [MOVE] FIRESTORM_GATE_BLOCK DCOY setup=move_strike prior_bar_ticks=1539 threshold=6000
[06:47:56 ET] [MOVE] FIRESTORM_GATE_BLOCK DCOY setup=move_strike prior_bar_ticks=1539 threshold=6000
[06:47:56 ET] [MOVE] FIRESTORM_GATE_BLOCK DCOY setup=move_strike prior_bar_ticks=1539 threshold=6000
[06:47:56 ET] [MOVE] FIRESTORM_GATE_BLOCK DCOY setup=move_strike prior_bar_ticks=1539 threshold=6000
[06:47:56 ET] [MOVE] FIRESTORM_GATE_BLOCK DCOY setup=move_strike prior_bar_ticks=1539 threshold=6000
[06:47:56 ET] [MOVE] FIRESTORM_GATE_BLOCK DCOY setup=move_strike prior_bar_ticks=1539 threshold=6000
[06:47:56 ET] [MOVE] FIRESTORM_GATE_BLOCK DCOY setup=move_strike prior_bar_ticks=1539 threshold=6000
[06:47:56 ET] [MOVE] FIRESTORM_GATE_BLOCK DCOY setup=move_strike prior_bar_ticks=1539 threshold=6000
[06:47:56 ET] [MOVE] FIRESTORM_GATE_BLOCK DCOY setup=move_strike prior_bar_ticks=1539 threshold=6000
[06:47:56 ET] [MOVE] FIRESTORM_GATE_BLOCK DCOY setup=move_strike prior_bar_ticks=1539 threshold=6000
[06:47:56 ET] [MOVE] FIRESTORM_GATE_BLOCK DCOY setup=move_strike prior_bar_ticks=1539 threshold=6000
[06:47:56 ET] [MOVE] FIRESTORM_GATE_BLOCK DCOY setup=move_strike prior_bar_ticks=1539 threshold=6000
[06:47:56 ET] [MOVE] FIRESTORM_GATE_BLOCK DCOY setup=move_strike prior_bar_ticks=1539 threshold=6000
[06:47:56 ET] [MOVE] FIRESTORM_GATE_BLOCK DCOY setup=move_strike prior_bar_ticks=1539 threshold=6000
[06:47:56 ET] [MOVE] FIRESTORM_GATE_BLOCK DCOY setup=move_strike prior_bar_ticks=1539 threshold=6000
[06:47:56 ET] [MOVE] FIRESTORM_GATE_BLOCK DCOY setup=move_strike prior_bar_ticks=1539 threshold=6000
[06:47:56 ET] [MOVE] FIRESTORM_GATE_BLOCK DCOY setup=move_strike prior_bar_ticks=1539 threshold=6000
[06:47:56 ET] [MOVE] FIRESTORM_GATE_BLOCK DCOY setup=move_strike prior_bar_ticks=1539 threshold=6000
[06:47:56 ET] [MOVE] FIRESTORM_GATE_BLOCK DCOY setup=move_strike prior_bar_ticks=1539 threshold=6000
[06:47:56 ET] [MOVE] FIRESTORM_GATE_BLOCK DCOY setup=move_strike prior_bar_ticks=1539 threshold=6000
[06:47:56 ET] [MOVE] FIRESTORM_GATE_BLOCK DCOY setup=move_strike prior_bar_ticks=1539 threshold=6000
[06:47:56 ET] [MOVE] FIRESTORM_GATE_BLOCK DCOY setup=move_strike prior_bar_ticks=1539 threshold=6000
[06:47:56 ET] [MOVE] FIRESTORM_GATE_BLOCK DCOY setup=move_strike prior_bar_ticks=1539 threshold=6000
[06:47:56 ET] [MOVE] FIRESTORM_GATE_BLOCK DCOY setup=move_strike prior_bar_ticks=1539 threshold=6000
[06:47:56 ET] [MOVE] FIRESTORM_GATE_BLOCK DCOY setup=move_strike prior_bar_ticks=1539 threshold=6000
[06:47:56 ET] [MOVE] FIRESTORM_GATE_BLOCK DCOY setup=move_strike prior_bar_ticks=1539 threshold=6000
[06:47:56 ET] [MOVE] FIRESTORM_GATE_BLOCK DCOY setup=move_strike prior_bar_ticks=1539 threshold=6000
[06:47:56 ET] [MOVE] FIRESTORM_GATE_BLOCK DCOY setup=move_strike prior_bar_ticks=1539 threshold=6000
[06:47:56 ET] [MOVE] FIRESTORM_GATE_BLOCK DCOY setup=move_strike prior_bar_ticks=1539 threshold=6000
[06:47:56 ET] [MOVE] FIRESTORM_GATE_BLOCK DCOY setup=move_strike prior_bar_ticks=1539 threshold=6000
[06:47:56 ET] [MOVE] FIRESTORM_GATE_BLOCK DCOY setup=move_strike prior_bar_ticks=1539 threshold=6000
[06:47:56 ET] [MOVE] FIRESTORM_GATE_BLOCK DCOY setup=move_strike prior_bar_ticks=1539 threshold=6000
[06:47:56 ET] [MOVE] FIRESTORM_GATE_BLOCK DCOY setup=move_strike prior_bar_ticks=1539 threshold=6000
[06:47:56 ET] [MOVE] FIRESTORM_GATE_BLOCK DCOY setup=move_strike prior_bar_ticks=1539 threshold=6000
[06:47:56 ET] [MOVE] FIRESTORM_GATE_BLOCK DCOY setup=move_strike prior_bar_ticks=1539 threshold=6000
[06:47:56 ET] [MOVE] FIRESTORM_GATE_BLOCK DCOY setup=move_strike prior_bar_ticks=1539 threshold=6000
[06:47:56 ET] [MOVE] FIRESTORM_GATE_BLOCK DCOY setup=move_strike prior_bar_ticks=1539 threshold=6000
[06:47:56 ET] [MOVE] FIRESTORM_GATE_BLOCK DCOY setup=move_strike prior_bar_ticks=1539 threshold=6000
[06:47:56 ET] [MOVE] FIRESTORM_GATE_BLOCK DCOY setup=move_strike prior_bar_ticks=1539 threshold=6000
[06:47:56 ET] [MOVE] FIRESTORM_GATE_BLOCK DCOY setup=move_strike prior_bar_ticks=1539 threshold=6000
[06:47:56 ET] [MOVE] FIRESTORM_GATE_BLOCK DCOY setup=move_strike prior_bar_ticks=1539 threshold=6000
[06:47:56 ET] [MOVE] FIRESTORM_GATE_BLOCK DCOY setup=move_strike prior_bar_ticks=1539 threshold=6000
[06:47:56 ET] [MOVE] FIRESTORM_GATE_BLOCK DCOY setup=move_strike prior_bar_ticks=1539 threshold=6000
[06:47:56 ET] [MOVE] FIRESTORM_GATE_BLOCK DCOY setup=move_strike prior_bar_ticks=1539 threshold=6000
[06:47:56 ET] [MOVE] FIRESTORM_GATE_BLOCK DCOY setup=move_strike prior_bar_ticks=1539 threshold=6000
[06:47:56 ET] [MOVE] FIRESTORM_GATE_BLOCK DCOY setup=move_strike prior_bar_ticks=1539 threshold=6000
[06:47:56 ET] [MOVE] FIRESTORM_GATE_BLOCK DCOY setup=move_strike prior_bar_ticks=1539 threshold=6000
[06:47:56 ET] [MOVE] FIRESTORM_GATE_BLOCK DCOY setup=move_strike prior_bar_ticks=1539 threshold=6000
[06:47:56 ET] [MOVE] FIRESTORM_GATE_BLOCK DCOY setup=move_strike prior_bar_ticks=1539 threshold=6000
[06:47:56 ET] [MOVE] FIRESTORM_GATE_BLOCK DCOY setup=move_strike prior_bar_ticks=1539 threshold=6000
[06:47:56 ET] [MOVE] FIRESTORM_GATE_BLOCK DCOY setup=move_strike prior_bar_ticks=1539 threshold=6000
[06:47:56 ET] [MOVE] FIRESTORM_GATE_BLOCK DCOY setup=move_strike prior_bar_ticks=1539 threshold=6000
[06:47:56 ET] [MOVE] FIRESTORM_GATE_BLOCK DCOY setup=move_strike prior_bar_ticks=1539 threshold=6000
[06:47:56 ET] [MOVE] FIRESTORM_GATE_BLOCK DCOY setup=move_strike prior_bar_ticks=1539 threshold=6000
[06:47:56 ET] [MOVE] FIRESTORM_GATE_BLOCK DCOY setup=move_strike prior_bar_ticks=1539 threshold=6000
[06:47:56 ET] [MOVE] FIRESTORM_GATE_BLOCK DCOY setup=move_strike prior_bar_ticks=1539 threshold=6000
[06:47:56 ET] [MOVE] FIRESTORM_GATE_BLOCK DCOY setup=move_strike prior_bar_ticks=1539 threshold=6000
[06:47:56 ET] [MOVE] FIRESTORM_GATE_BLOCK DCOY setup=move_strike prior_bar_ticks=1539 threshold=6000
[06:47:56 ET] [MOVE] FIRESTORM_GATE_BLOCK DCOY setup=move_strike prior_bar_ticks=1539 threshold=6000
[06:47:56 ET] [MOVE] FIRESTORM_GATE_BLOCK DCOY setup=move_strike prior_bar_ticks=1539 threshold=6000
[06:47:56 ET] [MOVE] FIRESTORM_GATE_BLOCK DCOY setup=move_strike prior_bar_ticks=1539 threshold=6000
[06:47:56 ET] [MOVE] FIRESTORM_GATE_BLOCK DCOY setup=move_strike prior_bar_ticks=1539 threshold=6000
[06:47:56 ET] [MOVE] FIRESTORM_GATE_BLOCK DCOY setup=move_strike prior_bar_ticks=1539 threshold=6000
[06:47:56 ET] [MOVE] FIRESTORM_GATE_BLOCK DCOY setup=move_strike prior_bar_ticks=1539 threshold=6000
[06:47:56 ET] [MOVE] FIRESTORM_GATE_BLOCK DCOY setup=move_strike prior_bar_ticks=1539 threshold=6000
[06:47:56 ET] [MOVE] FIRESTORM_GATE_BLOCK DCOY setup=move_strike prior_bar_ticks=1539 threshold=6000
[06:47:56 ET] [MOVE] FIRESTORM_GATE_BLOCK DCOY setup=move_strike prior_bar_ticks=1539 threshold=6000
[06:47:56 ET] [MOVE] FIRESTORM_GATE_BLOCK DCOY setup=move_strike prior_bar_ticks=1539 threshold=6000
[06:47:56 ET] [MOVE] FIRESTORM_GATE_BLOCK DCOY setup=move_strike prior_bar_ticks=1539 threshold=6000
[06:47:56 ET] [MOVE] FIRESTORM_GATE_BLOCK DCOY setup=move_strike prior_bar_ticks=1539 threshold=6000
[06:47:56 ET] [MOVE] FIRESTORM_GATE_BLOCK DCOY setup=move_strike prior_bar_ticks=1539 threshold=6000
[06:47:56 ET] [MOVE] FIRESTORM_GATE_BLOCK DCOY setup=move_strike prior_bar_ticks=1539 threshold=6000
[06:47:56 ET] [MOVE] FIRESTORM_GATE_BLOCK DCOY setup=move_strike prior_bar_ticks=1539 threshold=6000
[06:47:56 ET] [MOVE] FIRESTORM_GATE_BLOCK DCOY setup=move_strike prior_bar_ticks=1539 threshold=6000
[06:47:56 ET] [MOVE] FIRESTORM_GATE_BLOCK DCOY setup=move_strike prior_bar_ticks=1539 threshold=6000
[06:47:56 ET] [MOVE] FIRESTORM_GATE_BLOCK DCOY setup=move_strike prior_bar_ticks=1539 threshold=6000
[06:47:56 ET] [MOVE] FIRESTORM_GATE_BLOCK DCOY setup=move_strike prior_bar_ticks=1539 threshold=6000
[06:47:56 ET] [MOVE] FIRESTORM_GATE_BLOCK DCOY setup=move_strike prior_bar_ticks=1539 threshold=6000
[06:47:56 ET] [MOVE] FIRESTORM_GATE_BLOCK DCOY setup=move_strike prior_bar_ticks=1539 threshold=6000
[06:47:56 ET] [MOVE] FIRESTORM_GATE_BLOCK DCOY setup=move_strike prior_bar_ticks=1539 threshold=6000
[06:47:56 ET] [MOVE] FIRESTORM_GATE_BLOCK DCOY setup=move_strike prior_bar_ticks=1539 threshold=6000
[06:47:56 ET] [MOVE] FIRESTORM_GATE_BLOCK DCOY setup=move_strike prior_bar_ticks=1539 threshold=6000
[06:47:56 ET] [MOVE] FIRESTORM_GATE_BLOCK DCOY setup=move_strike prior_bar_ticks=1539 threshold=6000
[06:47:56 ET] [MOVE] FIRESTORM_GATE_BLOCK DCOY setup=move_strike prior_bar_ticks=1539 threshold=6000
[06:47:56 ET] [MOVE] FIRESTORM_GATE_BLOCK DCOY setup=move_strike prior_bar_ticks=1539 threshold=6000
[06:47:56 ET] [MOVE] FIRESTORM_GATE_BLOCK DCOY setup=move_strike prior_bar_ticks=1539 threshold=6000
[06:47:56 ET] [MOVE] FIRESTORM_GATE_BLOCK DCOY setup=move_strike prior_bar_ticks=1539 threshold=6000
[06:47:56 ET] [MOVE] FIRESTORM_GATE_BLOCK DCOY setup=move_strike prior_bar_ticks=1539 threshold=6000
[06:47:56 ET] [MOVE] FIRESTORM_GATE_BLOCK DCOY setup=move_strike prior_bar_ticks=1539 threshold=6000
[06:47:56 ET] [MOVE] FIRESTORM_GATE_BLOCK DCOY setup=move_strike prior_bar_ticks=1539 threshold=6000
[06:47:56 ET] [MOVE] FIRESTORM_GATE_BLOCK DCOY setup=move_strike prior_bar_ticks=1539 threshold=6000
[06:47:56 ET] [MOVE] FIRESTORM_GATE_BLOCK DCOY setup=move_strike prior_bar_ticks=1539 threshold=6000
[06:47:56 ET] [MOVE] FIRESTORM_GATE_BLOCK DCOY setup=move_strike prior_bar_ticks=1539 threshold=6000
[06:47:56 ET] [MOVE] FIRESTORM_GATE_BLOCK DCOY setup=move_strike prior_bar_ticks=1539 threshold=6000
[06:47:56 ET] [MOVE] FIRESTORM_GATE_BLOCK DCOY setup=move_strike prior_bar_ticks=1539 threshold=6000
[06:47:56 ET] [MOVE] FIRESTORM_GATE_BLOCK DCOY setup=move_strike prior_bar_ticks=1539 threshold=6000
[06:47:56 ET] [MOVE] FIRESTORM_GATE_BLOCK DCOY setup=move_strike prior_bar_ticks=1539 threshold=6000
[06:47:56 ET] [MOVE] FIRESTORM_GATE_BLOCK DCOY setup=move_strike prior_bar_ticks=1539 threshold=6000
[06:47:56 ET] [MOVE] FIRESTORM_GATE_BLOCK DCOY setup=move_strike prior_bar_ticks=1539 threshold=6000
[06:47:56 ET] [MOVE] FIRESTORM_GATE_BLOCK DCOY setup=move_strike prior_bar_ticks=1539 threshold=6000
[06:47:56 ET] [MOVE] FIRESTORM_GATE_BLOCK DCOY setup=move_strike prior_bar_ticks=1539 threshold=6000
[06:47:56 ET] [MOVE] FIRESTORM_GATE_BLOCK DCOY setup=move_strike prior_bar_ticks=1539 threshold=6000
[06:47:56 ET] [MOVE] FIRESTORM_GATE_BLOCK DCOY setup=move_strike prior_bar_ticks=1539 threshold=6000
[06:47:56 ET] [MOVE] FIRESTORM_GATE_BLOCK DCOY setup=move_strike prior_bar_ticks=1539 threshold=6000
[06:47:57 ET] [MOVE] FIRESTORM_GATE_BLOCK DCOY setup=move_strike prior_bar_ticks=1539 threshold=6000
[06:47:57 ET] [MOVE] FIRESTORM_GATE_BLOCK DCOY setup=move_strike prior_bar_ticks=1539 threshold=6000
[06:47:57 ET] [MOVE] FIRESTORM_GATE_BLOCK DCOY setup=move_strike prior_bar_ticks=1539 threshold=6000
[06:47:57 ET] [MOVE] FIRESTORM_GATE_BLOCK DCOY setup=move_strike prior_bar_ticks=1539 threshold=6000
[06:47:57 ET] [MOVE] FIRESTORM_GATE_BLOCK DCOY setup=move_strike prior_bar_ticks=1539 threshold=6000
[06:47:57 ET] [MOVE] FIRESTORM_GATE_BLOCK DCOY setup=move_strike prior_bar_ticks=1539 threshold=6000
[06:47:57 ET] [MOVE] FIRESTORM_GATE_BLOCK DCOY setup=move_strike prior_bar_ticks=1539 threshold=6000
[06:47:57 ET] [MOVE] FIRESTORM_GATE_BLOCK DCOY setup=move_strike prior_bar_ticks=1539 threshold=6000
[06:47:57 ET] [MOVE] FIRESTORM_GATE_BLOCK DCOY setup=move_strike prior_bar_ticks=1539 threshold=6000
[06:47:57 ET] [MOVE] FIRESTORM_GATE_BLOCK DCOY setup=move_strike prior_bar_ticks=1539 threshold=6000
[06:47:57 ET] [MOVE] FIRESTORM_GATE_BLOCK DCOY setup=move_strike prior_bar_ticks=1539 threshold=6000
[06:47:57 ET] [MOVE] FIRESTORM_GATE_BLOCK DCOY setup=move_strike prior_bar_ticks=1539 threshold=6000
[06:47:57 ET] [MOVE] FIRESTORM_GATE_BLOCK DCOY setup=move_strike prior_bar_ticks=1539 threshold=6000
[06:47:57 ET] [MOVE] FIRESTORM_GATE_BLOCK DCOY setup=move_strike prior_bar_ticks=1539 threshold=6000
[06:47:57 ET] [MOVE] FIRESTORM_GATE_BLOCK DCOY setup=move_strike prior_bar_ticks=1539 threshold=6000
[06:47:57 ET] [MOVE] FIRESTORM_GATE_BLOCK DCOY setup=move_strike prior_bar_ticks=1539 threshold=6000
[06:47:57 ET] [MOVE] FIRESTORM_GATE_BLOCK DCOY setup=move_strike prior_bar_ticks=1539 threshold=6000
[06:47:57 ET] [MOVE] FIRESTORM_GATE_BLOCK DCOY setup=move_strike prior_bar_ticks=1539 threshold=6000
[06:47:57 ET] [MOVE] FIRESTORM_GATE_BLOCK DCOY setup=move_strike prior_bar_ticks=1539 threshold=6000
[06:47:57 ET] [MOVE] FIRESTORM_GATE_BLOCK DCOY setup=move_strike prior_bar_ticks=1539 threshold=6000
[06:47:57 ET] [MOVE] FIRESTORM_GATE_BLOCK DCOY setup=move_strike prior_bar_ticks=1539 threshold=6000
[06:47:57 ET] [MOVE] FIRESTORM_GATE_BLOCK DCOY setup=move_strike prior_bar_ticks=1539 threshold=6000
[06:47:57 ET] [MOVE] FIRESTORM_GATE_BLOCK DCOY setup=move_strike prior_bar_ticks=1539 threshold=6000
[06:47:57 ET] [MOVE] FIRESTORM_GATE_BLOCK DCOY setup=move_strike prior_bar_ticks=1539 threshold=6000
[06:47:57 ET] [MOVE] FIRESTORM_GATE_BLOCK DCOY setup=move_strike prior_bar_ticks=1539 threshold=6000
[06:47:57 ET] [MOVE] FIRESTORM_GATE_BLOCK DCOY setup=move_strike prior_bar_ticks=1539 threshold=6000
[06:47:57 ET] [MOVE] FIRESTORM_GATE_BLOCK DCOY setup=move_strike prior_bar_ticks=1539 threshold=6000
[06:47:57 ET] [MOVE] FIRESTORM_GATE_BLOCK DCOY setup=move_strike prior_bar_ticks=1539 threshold=6000
[06:47:57 ET] [MOVE] FIRESTORM_GATE_BLOCK DCOY setup=move_strike prior_bar_ticks=1539 threshold=6000
[06:47:57 ET] [MOVE] FIRESTORM_GATE_BLOCK DCOY setup=move_strike prior_bar_ticks=1539 threshold=6000
[06:47:57 ET] [MOVE] FIRESTORM_GATE_BLOCK DCOY setup=move_strike prior_bar_ticks=1539 threshold=6000
[06:47:57 ET] [MOVE] FIRESTORM_GATE_BLOCK DCOY setup=move_strike prior_bar_ticks=1539 threshold=6000
[06:47:57 ET] [MOVE] FIRESTORM_GATE_BLOCK DCOY setup=move_strike prior_bar_ticks=1539 threshold=6000
[06:47:57 ET] [MOVE] FIRESTORM_GATE_BLOCK DCOY setup=move_strike prior_bar_ticks=1539 threshold=6000
[06:47:57 ET] [MOVE] FIRESTORM_GATE_BLOCK DCOY setup=move_strike prior_bar_ticks=1539 threshold=6000
[06:47:57 ET] [MOVE] FIRESTORM_GATE_BLOCK DCOY setup=move_strike prior_bar_ticks=1539 threshold=6000
[06:47:57 ET] [MOVE] FIRESTORM_GATE_BLOCK DCOY setup=move_strike prior_bar_ticks=1539 threshold=6000
[06:47:57 ET] [MOVE] FIRESTORM_GATE_BLOCK DCOY setup=move_strike prior_bar_ticks=1539 threshold=6000
[06:47:57 ET] [MOVE] FIRESTORM_GATE_BLOCK DCOY setup=move_strike prior_bar_ticks=1539 threshold=6000
[06:47:57 ET] [MOVE] FIRESTORM_GATE_BLOCK DCOY setup=move_strike prior_bar_ticks=1539 threshold=6000
[06:47:57 ET] [MOVE] FIRESTORM_GATE_BLOCK DCOY setup=move_strike prior_bar_ticks=1539 threshold=6000
[06:47:57 ET] [MOVE] FIRESTORM_GATE_BLOCK DCOY setup=move_strike prior_bar_ticks=1539 threshold=6000
[06:47:57 ET] [MOVE] FIRESTORM_GATE_BLOCK DCOY setup=move_strike prior_bar_ticks=1539 threshold=6000
[06:47:57 ET] [MOVE] FIRESTORM_GATE_BLOCK DCOY setup=move_strike prior_bar_ticks=1539 threshold=6000
[06:47:57 ET] [MOVE] FIRESTORM_GATE_BLOCK DCOY setup=move_strike prior_bar_ticks=1539 threshold=6000
[06:47:57 ET] [MOVE] FIRESTORM_GATE_BLOCK DCOY setup=move_strike prior_bar_ticks=1539 threshold=6000
[06:47:57 ET] [MOVE] FIRESTORM_GATE_BLOCK DCOY setup=move_strike prior_bar_ticks=1539 threshold=6000
[06:47:57 ET] [MOVE] FIRESTORM_GATE_BLOCK DCOY setup=move_strike prior_bar_ticks=1539 threshold=6000
[06:47:57 ET] [MOVE] FIRESTORM_GATE_BLOCK DCOY setup=move_strike prior_bar_ticks=1539 threshold=6000
[06:47:57 ET] [MOVE] FIRESTORM_GATE_BLOCK DCOY setup=move_strike prior_bar_ticks=1539 threshold=6000
[06:47:57 ET] [MOVE] FIRESTORM_GATE_BLOCK DCOY setup=move_strike prior_bar_ticks=1539 threshold=6000
[06:47:58 ET] [MOVE] FIRESTORM_GATE_BLOCK DCOY setup=move_strike prior_bar_ticks=1539 threshold=6000
[06:47:58 ET] [MOVE] FIRESTORM_GATE_BLOCK DCOY setup=move_strike prior_bar_ticks=1539 threshold=6000
[06:47:58 ET] [MOVE] FIRESTORM_GATE_BLOCK DCOY setup=move_strike prior_bar_ticks=1539 threshold=6000
[06:47:58 ET] [MOVE] FIRESTORM_GATE_BLOCK DCOY setup=move_strike prior_bar_ticks=1539 threshold=6000
[06:47:58 ET] [MOVE] FIRESTORM_GATE_BLOCK DCOY setup=move_strike prior_bar_ticks=1539 threshold=6000
[06:47:58 ET] [MOVE] FIRESTORM_GATE_BLOCK DCOY setup=move_strike prior_bar_ticks=1539 threshold=6000
[06:47:58 ET] [MOVE] FIRESTORM_GATE_BLOCK DCOY setup=move_strike prior_bar_ticks=1539 threshold=6000
[06:47:58 ET] [MOVE] FIRESTORM_GATE_BLOCK DCOY setup=move_strike prior_bar_ticks=1539 threshold=6000
[06:47:58 ET] [MOVE] FIRESTORM_GATE_BLOCK DCOY setup=move_strike prior_bar_ticks=1539 threshold=6000
[06:47:58 ET] [MOVE] FIRESTORM_GATE_BLOCK DCOY setup=move_strike prior_bar_ticks=1539 threshold=6000
[06:47:58 ET] [MOVE] FIRESTORM_GATE_BLOCK DCOY setup=move_strike prior_bar_ticks=1539 threshold=6000
[06:47:58 ET] [MOVE] FIRESTORM_GATE_BLOCK DCOY setup=move_strike prior_bar_ticks=1539 threshold=6000
[06:47:58 ET] [MOVE] FIRESTORM_GATE_BLOCK DCOY setup=move_strike prior_bar_ticks=1539 threshold=6000
[06:47:58 ET] [MOVE] FIRESTORM_GATE_BLOCK DCOY setup=move_strike prior_bar_ticks=1539 threshold=6000
[06:47:58 ET] [MOVE] FIRESTORM_GATE_BLOCK DCOY setup=move_strike prior_bar_ticks=1539 threshold=6000
[06:47:58 ET] [MOVE] FIRESTORM_GATE_BLOCK DCOY setup=move_strike prior_bar_ticks=1539 threshold=6000
[06:47:59 ET] [MOVE] FIRESTORM_GATE_BLOCK DCOY setup=move_strike prior_bar_ticks=1539 threshold=6000
[06:47:59 ET] [MOVE] FIRESTORM_GATE_BLOCK DCOY setup=move_strike prior_bar_ticks=1539 threshold=6000
[06:47:59 ET] [MOVE] FIRESTORM_GATE_BLOCK DCOY setup=move_strike prior_bar_ticks=1539 threshold=6000
[06:47:59 ET] [MOVE] FIRESTORM_GATE_BLOCK DCOY setup=move_strike prior_bar_ticks=1539 threshold=6000
[06:47:59 ET] [MOVE] FIRESTORM_GATE_BLOCK DCOY setup=move_strike prior_bar_ticks=1539 threshold=6000
[06:47:59 ET] [MOVE] FIRESTORM_GATE_BLOCK DCOY setup=move_strike prior_bar_ticks=1539 threshold=6000
[06:47:59 ET] [MOVE] FIRESTORM_GATE_BLOCK DCOY setup=move_strike prior_bar_ticks=1539 threshold=6000
[06:47:59 ET] [MOVE] FIRESTORM_GATE_BLOCK DCOY setup=move_strike prior_bar_ticks=1539 threshold=6000
[06:47:59 ET] [MOVE] FIRESTORM_GATE_BLOCK DCOY setup=move_strike prior_bar_ticks=1539 threshold=6000
[06:47:59 ET] [MOVE] FIRESTORM_GATE_BLOCK DCOY setup=move_strike prior_bar_ticks=1539 threshold=6000
[06:47:59 ET] [MOVE] FIRESTORM_GATE_BLOCK DCOY setup=move_strike prior_bar_ticks=1539 threshold=6000
[06:47:59 ET] [MOVE] FIRESTORM_GATE_BLOCK DCOY setup=move_strike prior_bar_ticks=1539 threshold=6000
[06:47:59 ET] [MOVE] FIRESTORM_GATE_BLOCK DCOY setup=move_strike prior_bar_ticks=1539 threshold=6000
[06:47:59 ET] [MOVE] FIRESTORM_GATE_BLOCK DCOY setup=move_strike prior_bar_ticks=1539 threshold=6000
[06:47:59 ET] [MOVE] FIRESTORM_GATE_BLOCK DCOY setup=move_strike prior_bar_ticks=1539 threshold=6000
[06:47:59 ET] [MOVE] FIRESTORM_GATE_BLOCK DCOY setup=move_strike prior_bar_ticks=1539 threshold=6000
[06:47:59 ET] [MOVE] FIRESTORM_GATE_BLOCK DCOY setup=move_strike prior_bar_ticks=1539 threshold=6000
[06:47:59 ET] [MOVE] FIRESTORM_GATE_BLOCK DCOY setup=move_strike prior_bar_ticks=1539 threshold=6000
[06:47:59 ET] [MOVE] FIRESTORM_GATE_BLOCK DCOY setup=move_strike prior_bar_ticks=1539 threshold=6000
[06:47:59 ET] [MOVE] FIRESTORM_GATE_BLOCK DCOY setup=move_strike prior_bar_ticks=1539 threshold=6000
[06:47:59 ET] [MOVE] FIRESTORM_GATE_BLOCK DCOY setup=move_strike prior_bar_ticks=1539 threshold=6000
[06:47:59 ET] [MOVE] FIRESTORM_GATE_BLOCK DCOY setup=move_strike prior_bar_ticks=1539 threshold=6000
[06:47:59 ET] [MOVE] FIRESTORM_GATE_BLOCK DCOY setup=move_strike prior_bar_ticks=1539 threshold=6000
[06:47:59 ET] [MOVE] FIRESTORM_GATE_BLOCK DCOY setup=move_strike prior_bar_ticks=1539 threshold=6000
[06:47:59 ET] [MOVE] FIRESTORM_GATE_BLOCK DCOY setup=move_strike prior_bar_ticks=1539 threshold=6000
[06:47:59 ET] [MOVE] FIRESTORM_GATE_BLOCK DCOY setup=move_strike prior_bar_ticks=1539 threshold=6000
[06:47:59 ET] [MOVE] FIRESTORM_GATE_BLOCK DCOY setup=move_strike prior_bar_ticks=1539 threshold=6000
[06:47:59 ET] [MOVE] FIRESTORM_GATE_BLOCK DCOY setup=move_strike prior_bar_ticks=1539 threshold=6000
[06:47:59 ET] [MOVE] FIRESTORM_GATE_BLOCK DCOY setup=move_strike prior_bar_ticks=1539 threshold=6000
[06:47:59 ET] [MOVE] FIRESTORM_GATE_BLOCK DCOY setup=move_strike prior_bar_ticks=1539 threshold=6000
[06:47:59 ET] [MOVE] FIRESTORM_GATE_BLOCK DCOY setup=move_strike prior_bar_ticks=1539 threshold=6000
[06:47:59 ET] [MOVE] FIRESTORM_GATE_BLOCK DCOY setup=move_strike prior_bar_ticks=1539 threshold=6000
[06:47:59 ET] [MOVE] FIRESTORM_GATE_BLOCK DCOY setup=move_strike prior_bar_ticks=1539 threshold=6000
[06:47:59 ET] [MOVE] FIRESTORM_GATE_BLOCK DCOY setup=move_strike prior_bar_ticks=1539 threshold=6000
[06:47:59 ET] [MOVE] FIRESTORM_GATE_BLOCK DCOY setup=move_strike prior_bar_ticks=1539 threshold=6000
[06:47:59 ET] [MOVE] FIRESTORM_GATE_BLOCK DCOY setup=move_strike prior_bar_ticks=1539 threshold=6000
[06:47:59 ET] [MOVE] FIRESTORM_GATE_BLOCK DCOY setup=move_strike prior_bar_ticks=1539 threshold=6000
[06:47:59 ET] [MOVE] FIRESTORM_GATE_BLOCK DCOY setup=move_strike prior_bar_ticks=1539 threshold=6000
[06:47:59 ET] [MOVE] FIRESTORM_GATE_BLOCK DCOY setup=move_strike prior_bar_ticks=1539 threshold=6000
[06:47:59 ET] [MOVE] FIRESTORM_GATE_BLOCK DCOY setup=move_strike prior_bar_ticks=1539 threshold=6000
[06:47:59 ET] [MOVE] FIRESTORM_GATE_BLOCK DCOY setup=move_strike prior_bar_ticks=1539 threshold=6000
[06:47:59 ET] [MOVE] FIRESTORM_GATE_BLOCK DCOY setup=move_strike prior_bar_ticks=1539 threshold=6000
[06:47:59 ET] [MOVE] FIRESTORM_GATE_BLOCK DCOY setup=move_strike prior_bar_ticks=1539 threshold=6000
[06:47:59 ET] [MOVE] FIRESTORM_GATE_BLOCK DCOY setup=move_strike prior_bar_ticks=1539 threshold=6000
[06:47:59 ET] [MOVE] FIRESTORM_GATE_BLOCK DCOY setup=move_strike prior_bar_ticks=1539 threshold=6000
[06:48:00 ET] ACTIVE | flat | daily=$+0 (0t) | conn=OK | ticks=2400 | DCOY:1092t/ARMED/arm$14.02 UPC:154t/ARMED/arm$10.02
[TIER] STATUS tier1=['DCOY', 'UPC'] tier2=0 capacity=2/5
[06:48:01 ET] ACTIVE | flat | daily=$+0 (0t) | conn=OK | ticks=2442 | DCOY:1134t/ARMED/arm$14.02 UPC:154t/ARMED/arm$10.02
  Tick cache: DCOY → +1,822 ticks (total 163,891)
  Tick cache: UPC → +56 ticks (total 84,350)
📦 Tick cache saved: 2 symbols → tick_cache/2026-06-29/
[ENGINE_PUB] STATS published=148,047 dropped=0 clients=2
  TICK AUDIT: DCOY: 3052 ticks in last 60s, last_price=$14.33, last_tick_time=06:48:31
  TICK AUDIT: UPC: 192 ticks in last 60s, last_price=$8.63, last_tick_time=06:48:31
  → ORPHAN IGNORED (sync): FEBO on WB_ORPHAN_HALT_IGNORE_SYMBOLS — NOT adopting; bot keeps trading. Left at broker for manual handling.
[TIER] STATUS tier1=['DCOY', 'UPC'] tier2=0 capacity=2/5
  ⚠️ ORPHAN POSITION FOUND: FEBO qty=219 (available=219) entry=$1.12 unrealized=$-45.78 value=$198.78
  → ORPHAN IGNORED: FEBO on WB_ORPHAN_HALT_IGNORE_SYMBOLS — NOT adopting, NOT halting. Bot keeps trading other names; position left at broker for manual handling.
SUBSCRIPTION_AUDIT {"ts":"2026-06-29T06:48:32.894058-04:00","sym":"UPC","tier":"tick_by_tick","obs_v_5m":64311,"median_v_5m":124669,"ratio_obs_to_median":0.5159,"truth_v_5m":null,"ratio_obs_to_truth":null,"status":"OK","sub_age_sec":4683,"contract_exchange":"SMART","contract_primary":"NASDAQ"}
SUBSCRIPTION_AUDIT {"ts":"2026-06-29T06:48:32.894058-04:00","sym":"DCOY","tier":"tick_by_tick","obs_v_5m":185028,"median_v_5m":124669,"ratio_obs_to_median":1.4841,"truth_v_5m":null,"ratio_obs_to_truth":null,"status":"OK","sub_age_sec":6487,"contract_exchange":"SMART","contract_primary":"NASDAQ"}
[06:48:35 ET] [MOVE] FIRESTORM_GATE_BLOCK DCOY setup=move_strike prior_bar_ticks=1566 threshold=6000
[06:48:35 ET] [MOVE] FIRESTORM_GATE_BLOCK DCOY setup=move_strike prior_bar_ticks=1566 threshold=6000
[06:48:35 ET] [MOVE] FIRESTORM_GATE_BLOCK DCOY setup=move_strike prior_bar_ticks=1566 threshold=6000
[06:48:35 ET] [MOVE] FIRESTORM_GATE_BLOCK DCOY setup=move_strike prior_bar_ticks=1566 threshold=6000
[06:48:35 ET] [MOVE] FIRESTORM_GATE_BLOCK DCOY setup=move_strike prior_bar_ticks=1566 threshold=6000
[06:48:35 ET] [MOVE] FIRESTORM_GATE_BLOCK DCOY setup=move_strike prior_bar_ticks=1566 threshold=6000
[06:48:35 ET] [MOVE] FIRESTORM_GATE_BLOCK DCOY setup=move_strike prior_bar_ticks=1566 threshold=6000
[06:48:35 ET] [MOVE] FIRESTORM_GATE_BLOCK DCOY setup=move_strike prior_bar_ticks=1566 threshold=6000
[06:48:35 ET] [MOVE] FIRESTORM_GATE_BLOCK DCOY setup=move_strike prior_bar_ticks=1566 threshold=6000
[06:48:35 ET] [MOVE] FIRESTORM_GATE_BLOCK DCOY setup=move_strike prior_bar_ticks=1566 threshold=6000
[06:48:35 ET] [MOVE] FIRESTORM_GATE_BLOCK DCOY setup=move_strike prior_bar_ticks=1566 threshold=6000
[06:48:35 ET] [MOVE] FIRESTORM_GATE_BLOCK DCOY setup=move_strike prior_bar_ticks=1566 threshold=6000
[06:48:35 ET] [MOVE] FIRESTORM_GATE_BLOCK DCOY setup=move_strike prior_bar_ticks=1566 threshold=6000
[06:48:35 ET] [MOVE] FIRESTORM_GATE_BLOCK DCOY setup=move_strike prior_bar_ticks=1566 threshold=6000
[06:48:35 ET] [MOVE] FIRESTORM_GATE_BLOCK DCOY setup=move_strike prior_bar_ticks=1566 threshold=6000
[06:48:35 ET] [MOVE] FIRESTORM_GATE_BLOCK DCOY setup=move_strike prior_bar_ticks=1566 threshold=6000
[06:48:35 ET] [MOVE] FIRESTORM_GATE_BLOCK DCOY setup=move_strike prior_bar_ticks=1566 threshold=6000
[06:48:35 ET] [MOVE] FIRESTORM_GATE_BLOCK DCOY setup=move_strike prior_bar_ticks=1566 threshold=6000
[06:48:35 ET] [MOVE] FIRESTORM_GATE_BLOCK DCOY setup=move_strike prior_bar_ticks=1566 threshold=6000
[06:48:35 ET] [MOVE] FIRESTORM_GATE_BLOCK DCOY setup=move_strike prior_bar_ticks=1566 threshold=6000
[06:48:35 ET] [MOVE] FIRESTORM_GATE_BLOCK DCOY setup=move_strike prior_bar_ticks=1566 threshold=6000
[06:48:35 ET] [MOVE] FIRESTORM_GATE_BLOCK DCOY setup=move_strike prior_bar_ticks=1566 threshold=6000
[06:48:35 ET] [MOVE] FIRESTORM_GATE_BLOCK DCOY setup=move_strike prior_bar_ticks=1566 threshold=6000
[06:48:35 ET] [MOVE] FIRESTORM_GATE_BLOCK DCOY setup=move_strike prior_bar_ticks=1566 threshold=6000
[06:48:35 ET] [MOVE] FIRESTORM_GATE_BLOCK DCOY setup=move_strike prior_bar_ticks=1566 threshold=6000
[06:48:35 ET] [MOVE] FIRESTORM_GATE_BLOCK DCOY setup=move_strike prior_bar_ticks=1566 threshold=6000
[06:48:35 ET] [MOVE] FIRESTORM_GATE_BLOCK DCOY setup=move_strike prior_bar_ticks=1566 threshold=6000
[06:48:35 ET] [MOVE] FIRESTORM_GATE_BLOCK DCOY setup=move_strike prior_bar_ticks=1566 threshold=6000
[06:48:35 ET] [MOVE] FIRESTORM_GATE_BLOCK DCOY setup=move_strike prior_bar_ticks=1566 threshold=6000
[06:48:35 ET] [MOVE] FIRESTORM_GATE_BLOCK DCOY setup=move_strike prior_bar_ticks=1566 threshold=6000
[06:48:35 ET] [MOVE] FIRESTORM_GATE_BLOCK DCOY setup=move_strike prior_bar_ticks=1566 threshold=6000
[06:48:35 ET] [MOVE] FIRESTORM_GATE_BLOCK DCOY setup=move_strike prior_bar_ticks=1566 threshold=6000
[06:48:35 ET] [MOVE] FIRESTORM_GATE_BLOCK DCOY setup=move_strike prior_bar_ticks=1566 threshold=6000
[06:48:35 ET] [MOVE] FIRESTORM_GATE_BLOCK DCOY setup=move_strike prior_bar_ticks=1566 threshold=6000
[06:48:35 ET] [MOVE] FIRESTORM_GATE_BLOCK DCOY setup=move_strike prior_bar_ticks=1566 threshold=6000
[06:48:35 ET] [MOVE] FIRESTORM_GATE_BLOCK DCOY setup=move_strike prior_bar_ticks=1566 threshold=6000
[06:48:35 ET] [MOVE] FIRESTORM_GATE_BLOCK DCOY setup=move_strike prior_bar_ticks=1566 threshold=6000
[06:48:35 ET] [MOVE] FIRESTORM_GATE_BLOCK DCOY setup=move_strike prior_bar_ticks=1566 threshold=6000
[06:48:35 ET] [MOVE] FIRESTORM_GATE_BLOCK DCOY setup=move_strike prior_bar_ticks=1566 threshold=6000
[06:48:35 ET] [MOVE] FIRESTORM_GATE_BLOCK DCOY setup=move_strike prior_bar_ticks=1566 threshold=6000
[06:48:35 ET] [MOVE] FIRESTORM_GATE_BLOCK DCOY setup=move_strike prior_bar_ticks=1566 threshold=6000
[06:48:35 ET] [MOVE] FIRESTORM_GATE_BLOCK DCOY setup=move_strike prior_bar_ticks=1566 threshold=6000
[06:48:35 ET] [MOVE] FIRESTORM_GATE_BLOCK DCOY setup=move_strike prior_bar_ticks=1566 threshold=6000
[06:48:35 ET] [MOVE] FIRESTORM_GATE_BLOCK DCOY setup=move_strike prior_bar_ticks=1566 threshold=6000
[06:48:35 ET] [MOVE] FIRESTORM_GATE_BLOCK DCOY setup=move_strike prior_bar_ticks=1566 threshold=6000
[06:48:35 ET] [MOVE] FIRESTORM_GATE_BLOCK DCOY setup=move_strike prior_bar_ticks=1566 threshold=6000
[06:48:35 ET] [MOVE] FIRESTORM_GATE_BLOCK DCOY setup=move_strike prior_bar_ticks=1566 threshold=6000
[06:48:35 ET] [MOVE] FIRESTORM_GATE_BLOCK DCOY setup=move_strike prior_bar_ticks=1566 threshold=6000
[06:48:35 ET] [MOVE] FIRESTORM_GATE_BLOCK DCOY setup=move_strike prior_bar_ticks=1566 threshold=6000
[06:48:35 ET] [MOVE] FIRESTORM_GATE_BLOCK DCOY setup=move_strike prior_bar_ticks=1566 threshold=6000
[06:48:35 ET] [MOVE] FIRESTORM_GATE_BLOCK DCOY setup=move_strike prior_bar_ticks=1566 threshold=6000
[06:48:35 ET] [MOVE] FIRESTORM_GATE_BLOCK DCOY setup=move_strike prior_bar_ticks=1566 threshold=6000
[06:48:35 ET] [MOVE] FIRESTORM_GATE_BLOCK DCOY setup=move_strike prior_bar_ticks=1566 threshold=6000
[06:48:36 ET] [MOVE] FIRESTORM_GATE_BLOCK DCOY setup=move_strike prior_bar_ticks=1566 threshold=6000
[06:48:36 ET] [MOVE] FIRESTORM_GATE_BLOCK DCOY setup=move_strike prior_bar_ticks=1566 threshold=6000
[06:48:36 ET] [MOVE] FIRESTORM_GATE_BLOCK DCOY setup=move_strike prior_bar_ticks=1566 threshold=6000
[06:48:36 ET] [MOVE] FIRESTORM_GATE_BLOCK DCOY setup=move_strike prior_bar_ticks=1566 threshold=6000
[06:48:36 ET] [MOVE] FIRESTORM_GATE_BLOCK DCOY setup=move_strike prior_bar_ticks=1566 threshold=6000
[06:48:36 ET] [MOVE] FIRESTORM_GATE_BLOCK DCOY setup=move_strike prior_bar_ticks=1566 threshold=6000
[06:48:36 ET] [MOVE] FIRESTORM_GATE_BLOCK DCOY setup=move_strike prior_bar_ticks=1566 threshold=6000
[06:48:36 ET] [MOVE] FIRESTORM_GATE_BLOCK DCOY setup=move_strike prior_bar_ticks=1566 threshold=6000
[06:48:36 ET] [MOVE] FIRESTORM_GATE_BLOCK DCOY setup=move_strike prior_bar_ticks=1566 threshold=6000
[06:48:36 ET] [MOVE] FIRESTORM_GATE_BLOCK DCOY setup=move_strike prior_bar_ticks=1566 threshold=6000
[06:48:36 ET] [MOVE] FIRESTORM_GATE_BLOCK DCOY setup=move_strike prior_bar_ticks=1566 threshold=6000
[06:48:36 ET] [MOVE] FIRESTORM_GATE_BLOCK DCOY setup=move_strike prior_bar_ticks=1566 threshold=6000
[06:48:36 ET] [MOVE] FIRESTORM_GATE_BLOCK DCOY setup=move_strike prior_bar_ticks=1566 threshold=6000
[06:48:36 ET] [MOVE] FIRESTORM_GATE_BLOCK DCOY setup=move_strike prior_bar_ticks=1566 threshold=6000
[06:48:36 ET] [MOVE] FIRESTORM_GATE_BLOCK DCOY setup=move_strike prior_bar_ticks=1566 threshold=6000
[06:48:36 ET] [MOVE] FIRESTORM_GATE_BLOCK DCOY setup=move_strike prior_bar_ticks=1566 threshold=6000
[06:48:36 ET] [MOVE] FIRESTORM_GATE_BLOCK DCOY setup=move_strike prior_bar_ticks=1566 threshold=6000
[06:48:36 ET] [MOVE] FIRESTORM_GATE_BLOCK DCOY setup=move_strike prior_bar_ticks=1566 threshold=6000
[06:48:36 ET] [MOVE] FIRESTORM_GATE_BLOCK DCOY setup=move_strike prior_bar_ticks=1566 threshold=6000
[06:48:36 ET] [MOVE] FIRESTORM_GATE_BLOCK DCOY setup=move_strike prior_bar_ticks=1566 threshold=6000
[06:48:36 ET] [MOVE] FIRESTORM_GATE_BLOCK DCOY setup=move_strike prior_bar_ticks=1566 threshold=6000
[06:48:36 ET] [MOVE] FIRESTORM_GATE_BLOCK DCOY setup=move_strike prior_bar_ticks=1566 threshold=6000
[06:48:36 ET] [MOVE] FIRESTORM_GATE_BLOCK DCOY setup=move_strike prior_bar_ticks=1566 threshold=6000
[06:48:36 ET] [MOVE] FIRESTORM_GATE_BLOCK DCOY setup=move_strike prior_bar_ticks=1566 threshold=6000
[06:48:36 ET] [MOVE] FIRESTORM_GATE_BLOCK DCOY setup=move_strike prior_bar_ticks=1566 threshold=6000
[06:48:36 ET] [MOVE] FIRESTORM_GATE_BLOCK DCOY setup=move_strike prior_bar_ticks=1566 threshold=6000
[06:48:36 ET] [MOVE] FIRESTORM_GATE_BLOCK DCOY setup=move_strike prior_bar_ticks=1566 threshold=6000
[06:48:36 ET] [MOVE] FIRESTORM_GATE_BLOCK DCOY setup=move_strike prior_bar_ticks=1566 threshold=6000
[06:48:36 ET] [MOVE] FIRESTORM_GATE_BLOCK DCOY setup=move_strike prior_bar_ticks=1566 threshold=6000
[06:48:36 ET] [MOVE] FIRESTORM_GATE_BLOCK DCOY setup=move_strike prior_bar_ticks=1566 threshold=6000
[06:48:36 ET] [MOVE] FIRESTORM_GATE_BLOCK DCOY setup=move_strike prior_bar_ticks=1566 threshold=6000
[06:48:36 ET] [MOVE] FIRESTORM_GATE_BLOCK DCOY setup=move_strike prior_bar_ticks=1566 threshold=6000
[06:48:36 ET] [MOVE] FIRESTORM_GATE_BLOCK DCOY setup=move_strike prior_bar_ticks=1566 threshold=6000
[06:48:36 ET] [MOVE] FIRESTORM_GATE_BLOCK DCOY setup=move_strike prior_bar_ticks=1566 threshold=6000
[06:48:36 ET] [MOVE] FIRESTORM_GATE_BLOCK DCOY setup=move_strike prior_bar_ticks=1566 threshold=6000
[06:48:36 ET] [MOVE] FIRESTORM_GATE_BLOCK DCOY setup=move_strike prior_bar_ticks=1566 threshold=6000
[06:48:36 ET] [MOVE] FIRESTORM_GATE_BLOCK DCOY setup=move_strike prior_bar_ticks=1566 threshold=6000
[06:48:36 ET] [MOVE] FIRESTORM_GATE_BLOCK DCOY setup=move_strike prior_bar_ticks=1566 threshold=6000
[06:48:36 ET] [MOVE] FIRESTORM_GATE_BLOCK DCOY setup=move_strike prior_bar_ticks=1566 threshold=6000
[06:48:36 ET] [MOVE] FIRESTORM_GATE_BLOCK DCOY setup=move_strike prior_bar_ticks=1566 threshold=6000
[06:48:36 ET] [MOVE] FIRESTORM_GATE_BLOCK DCOY setup=move_strike prior_bar_ticks=1566 threshold=6000
[06:48:36 ET] [MOVE] FIRESTORM_GATE_BLOCK DCOY setup=move_strike prior_bar_ticks=1566 threshold=6000
[06:48:36 ET] [MOVE] FIRESTORM_GATE_BLOCK DCOY setup=move_strike prior_bar_ticks=1566 threshold=6000
[06:48:36 ET] [MOVE] FIRESTORM_GATE_BLOCK DCOY setup=move_strike prior_bar_ticks=1566 threshold=6000
[06:48:36 ET] [MOVE] FIRESTORM_GATE_BLOCK DCOY setup=move_strike prior_bar_ticks=1566 threshold=6000
[06:48:36 ET] [MOVE] FIRESTORM_GATE_BLOCK DCOY setup=move_strike prior_bar_ticks=1566 threshold=6000
[06:48:36 ET] [MOVE] FIRESTORM_GATE_BLOCK DCOY setup=move_strike prior_bar_ticks=1566 threshold=6000
[06:48:36 ET] [MOVE] FIRESTORM_GATE_BLOCK DCOY setup=move_strike prior_bar_ticks=1566 threshold=6000
[06:48:36 ET] [MOVE] FIRESTORM_GATE_BLOCK DCOY setup=move_strike prior_bar_ticks=1566 threshold=6000
[06:48:36 ET] [MOVE] FIRESTORM_GATE_BLOCK DCOY setup=move_strike prior_bar_ticks=1566 threshold=6000
[06:48:36 ET] [MOVE] FIRESTORM_GATE_BLOCK DCOY setup=move_strike prior_bar_ticks=1566 threshold=6000
[06:48:36 ET] [MOVE] FIRESTORM_GATE_BLOCK DCOY setup=move_strike prior_bar_ticks=1566 threshold=6000
[06:48:36 ET] [MOVE] FIRESTORM_GATE_BLOCK DCOY setup=move_strike prior_bar_ticks=1566 threshold=6000
[06:48:36 ET] [MOVE] FIRESTORM_GATE_BLOCK DCOY setup=move_strike prior_bar_ticks=1566 threshold=6000
[06:48:36 ET] [MOVE] FIRESTORM_GATE_BLOCK DCOY setup=move_strike prior_bar_ticks=1566 threshold=6000
[06:48:36 ET] [MOVE] FIRESTORM_GATE_BLOCK DCOY setup=move_strike prior_bar_ticks=1566 threshold=6000
[06:48:36 ET] [MOVE] FIRESTORM_GATE_BLOCK DCOY setup=move_strike prior_bar_ticks=1566 threshold=6000
[06:48:36 ET] [MOVE] FIRESTORM_GATE_BLOCK DCOY setup=move_strike prior_bar_ticks=1566 threshold=6000
[06:48:36 ET] [MOVE] FIRESTORM_GATE_BLOCK DCOY setup=move_strike prior_bar_ticks=1566 threshold=6000
[06:48:36 ET] [MOVE] FIRESTORM_GATE_BLOCK DCOY setup=move_strike prior_bar_ticks=1566 threshold=6000
[06:48:36 ET] [MOVE] FIRESTORM_GATE_BLOCK DCOY setup=move_strike prior_bar_ticks=1566 threshold=6000
[06:48:36 ET] [MOVE] FIRESTORM_GATE_BLOCK DCOY setup=move_strike prior_bar_ticks=1566 threshold=6000
[06:48:36 ET] [MOVE] FIRESTORM_GATE_BLOCK DCOY setup=move_strike prior_bar_ticks=1566 threshold=6000
[06:48:36 ET] [MOVE] FIRESTORM_GATE_BLOCK DCOY setup=move_strike prior_bar_ticks=1566 threshold=6000
[06:48:36 ET] [MOVE] FIRESTORM_GATE_BLOCK DCOY setup=move_strike prior_bar_ticks=1566 threshold=6000
[06:48:36 ET] [MOVE] FIRESTORM_GATE_BLOCK DCOY setup=move_strike prior_bar_ticks=1566 threshold=6000
[06:48:36 ET] [MOVE] FIRESTORM_GATE_BLOCK DCOY setup=move_strike prior_bar_ticks=1566 threshold=6000
[06:48:36 ET] [MOVE] FIRESTORM_GATE_BLOCK DCOY setup=move_strike prior_bar_ticks=1566 threshold=6000
[06:48:36 ET] [MOVE] FIRESTORM_GATE_BLOCK DCOY setup=move_strike prior_bar_ticks=1566 threshold=6000
[06:48:36 ET] [MOVE] FIRESTORM_GATE_BLOCK DCOY setup=move_strike prior_bar_ticks=1566 threshold=6000
[06:48:36 ET] [MOVE] FIRESTORM_GATE_BLOCK DCOY setup=move_strike prior_bar_ticks=1566 threshold=6000
[06:48:36 ET] [MOVE] FIRESTORM_GATE_BLOCK DCOY setup=move_strike prior_bar_ticks=1566 threshold=6000
[06:48:36 ET] [MOVE] FIRESTORM_GATE_BLOCK DCOY setup=move_strike prior_bar_ticks=1566 threshold=6000
[06:48:36 ET] [MOVE] FIRESTORM_GATE_BLOCK DCOY setup=move_strike prior_bar_ticks=1566 threshold=6000
[06:48:36 ET] [MOVE] FIRESTORM_GATE_BLOCK DCOY setup=move_strike prior_bar_ticks=1566 threshold=6000
[06:48:36 ET] [MOVE] FIRESTORM_GATE_BLOCK DCOY setup=move_strike prior_bar_ticks=1566 threshold=6000
[06:48:36 ET] [MOVE] FIRESTORM_GATE_BLOCK DCOY setup=move_strike prior_bar_ticks=1566 threshold=6000
[06:48:36 ET] [MOVE] FIRESTORM_GATE_BLOCK DCOY setup=move_strike prior_bar_ticks=1566 threshold=6000
[06:48:36 ET] [MOVE] FIRESTORM_GATE_BLOCK DCOY setup=move_strike prior_bar_ticks=1566 threshold=6000
[06:48:36 ET] [MOVE] FIRESTORM_GATE_BLOCK DCOY setup=move_strike prior_bar_ticks=1566 threshold=6000
[06:48:36 ET] [MOVE] FIRESTORM_GATE_BLOCK DCOY setup=move_strike prior_bar_ticks=1566 threshold=6000
[06:48:36 ET] [MOVE] FIRESTORM_GATE_BLOCK DCOY setup=move_strike prior_bar_ticks=1566 threshold=6000
[06:48:36 ET] [MOVE] FIRESTORM_GATE_BLOCK DCOY setup=move_strike prior_bar_ticks=1566 threshold=6000
[06:48:36 ET] [MOVE] FIRESTORM_GATE_BLOCK DCOY setup=move_strike prior_bar_ticks=1566 threshold=6000
[06:48:36 ET] [MOVE] FIRESTORM_GATE_BLOCK DCOY setup=move_strike prior_bar_ticks=1566 threshold=6000
[06:48:36 ET] [MOVE] FIRESTORM_GATE_BLOCK DCOY setup=move_strike prior_bar_ticks=1566 threshold=6000
[06:48:36 ET] [MOVE] FIRESTORM_GATE_BLOCK DCOY setup=move_strike prior_bar_ticks=1566 threshold=6000
[06:48:36 ET] [MOVE] FIRESTORM_GATE_BLOCK DCOY setup=move_strike prior_bar_ticks=1566 threshold=6000
[06:48:36 ET] [MOVE] FIRESTORM_GATE_BLOCK DCOY setup=move_strike prior_bar_ticks=1566 threshold=6000
[06:48:36 ET] [MOVE] FIRESTORM_GATE_BLOCK DCOY setup=move_strike prior_bar_ticks=1566 threshold=6000
[06:48:36 ET] [MOVE] FIRESTORM_GATE_BLOCK DCOY setup=move_strike prior_bar_ticks=1566 threshold=6000
[06:48:36 ET] [MOVE] FIRESTORM_GATE_BLOCK DCOY setup=move_strike prior_bar_ticks=1566 threshold=6000
[06:48:36 ET] [MOVE] FIRESTORM_GATE_BLOCK DCOY setup=move_strike prior_bar_ticks=1566 threshold=6000
[06:48:36 ET] [MOVE] FIRESTORM_GATE_BLOCK DCOY setup=move_strike prior_bar_ticks=1566 threshold=6000
[06:48:36 ET] [MOVE] FIRESTORM_GATE_BLOCK DCOY setup=move_strike prior_bar_ticks=1566 threshold=6000
[06:48:36 ET] [MOVE] FIRESTORM_GATE_BLOCK DCOY setup=move_strike prior_bar_ticks=1566 threshold=6000
[06:48:37 ET] [MOVE] FIRESTORM_GATE_BLOCK DCOY setup=move_strike prior_bar_ticks=1566 threshold=6000
[06:48:37 ET] [MOVE] FIRESTORM_GATE_BLOCK DCOY setup=move_strike prior_bar_ticks=1566 threshold=6000
[06:48:37 ET] [MOVE] FIRESTORM_GATE_BLOCK DCOY setup=move_strike prior_bar_ticks=1566 threshold=6000
[06:48:37 ET] [MOVE] FIRESTORM_GATE_BLOCK DCOY setup=move_strike prior_bar_ticks=1566 threshold=6000
[06:48:37 ET] [MOVE] FIRESTORM_GATE_BLOCK DCOY setup=move_strike prior_bar_ticks=1566 threshold=6000
[06:48:37 ET] [MOVE] FIRESTORM_GATE_BLOCK DCOY setup=move_strike prior_bar_ticks=1566 threshold=6000
[06:48:37 ET] [MOVE] FIRESTORM_GATE_BLOCK DCOY setup=move_strike prior_bar_ticks=1566 threshold=6000
[06:48:37 ET] [MOVE] FIRESTORM_GATE_BLOCK DCOY setup=move_strike prior_bar_ticks=1566 threshold=6000
[06:48:37 ET] [MOVE] FIRESTORM_GATE_BLOCK DCOY setup=move_strike prior_bar_ticks=1566 threshold=6000
[06:48:37 ET] [MOVE] FIRESTORM_GATE_BLOCK DCOY setup=move_strike prior_bar_ticks=1566 threshold=6000
[06:48:37 ET] [MOVE] FIRESTORM_GATE_BLOCK DCOY setup=move_strike prior_bar_ticks=1566 threshold=6000
[06:48:37 ET] [MOVE] FIRESTORM_GATE_BLOCK DCOY setup=move_strike prior_bar_ticks=1566 threshold=6000
[06:48:37 ET] [MOVE] FIRESTORM_GATE_BLOCK DCOY setup=move_strike prior_bar_ticks=1566 threshold=6000
[06:48:37 ET] [MOVE] FIRESTORM_GATE_BLOCK DCOY setup=move_strike prior_bar_ticks=1566 threshold=6000
[06:48:37 ET] [MOVE] FIRESTORM_GATE_BLOCK DCOY setup=move_strike prior_bar_ticks=1566 threshold=6000
[06:48:37 ET] [MOVE] FIRESTORM_GATE_BLOCK DCOY setup=move_strike prior_bar_ticks=1566 threshold=6000
[06:48:37 ET] [MOVE] FIRESTORM_GATE_BLOCK DCOY setup=move_strike prior_bar_ticks=1566 threshold=6000
[06:48:37 ET] [MOVE] FIRESTORM_GATE_BLOCK DCOY setup=move_strike prior_bar_ticks=1566 threshold=6000
[06:48:37 ET] [MOVE] FIRESTORM_GATE_BLOCK DCOY setup=move_strike prior_bar_ticks=1566 threshold=6000
[06:48:37 ET] [MOVE] FIRESTORM_GATE_BLOCK DCOY setup=move_strike prior_bar_ticks=1566 threshold=6000
[06:48:37 ET] [MOVE] FIRESTORM_GATE_BLOCK DCOY setup=move_strike prior_bar_ticks=1566 threshold=6000
[06:48:37 ET] [MOVE] FIRESTORM_GATE_BLOCK DCOY setup=move_strike prior_bar_ticks=1566 threshold=6000
[06:48:37 ET] [MOVE] FIRESTORM_GATE_BLOCK DCOY setup=move_strike prior_bar_ticks=1566 threshold=6000
[06:48:37 ET] [MOVE] FIRESTORM_GATE_BLOCK DCOY setup=move_strike prior_bar_ticks=1566 threshold=6000
[06:48:37 ET] [MOVE] FIRESTORM_GATE_BLOCK DCOY setup=move_strike prior_bar_ticks=1566 threshold=6000
[06:48:37 ET] [MOVE] FIRESTORM_GATE_BLOCK DCOY setup=move_strike prior_bar_ticks=1566 threshold=6000
[06:48:37 ET] [MOVE] FIRESTORM_GATE_BLOCK DCOY setup=move_strike prior_bar_ticks=1566 threshold=6000
[06:48:37 ET] [MOVE] FIRESTORM_GATE_BLOCK DCOY setup=move_strike prior_bar_ticks=1566 threshold=6000
[06:48:37 ET] [MOVE] FIRESTORM_GATE_BLOCK DCOY setup=move_strike prior_bar_ticks=1566 threshold=6000
[06:48:37 ET] [MOVE] FIRESTORM_GATE_BLOCK DCOY setup=move_strike prior_bar_ticks=1566 threshold=6000
[06:48:37 ET] [MOVE] FIRESTORM_GATE_BLOCK DCOY setup=move_strike prior_bar_ticks=1566 threshold=6000
[06:48:37 ET] [MOVE] FIRESTORM_GATE_BLOCK DCOY setup=move_strike prior_bar_ticks=1566 threshold=6000
[06:48:37 ET] [MOVE] FIRESTORM_GATE_BLOCK DCOY setup=move_strike prior_bar_ticks=1566 threshold=6000
[06:48:37 ET] [MOVE] FIRESTORM_GATE_BLOCK DCOY setup=move_strike prior_bar_ticks=1566 threshold=6000
[06:48:37 ET] [MOVE] FIRESTORM_GATE_BLOCK DCOY setup=move_strike prior_bar_ticks=1566 threshold=6000
[06:48:37 ET] [MOVE] FIRESTORM_GATE_BLOCK DCOY setup=move_strike prior_bar_ticks=1566 threshold=6000
[06:48:37 ET] [MOVE] FIRESTORM_GATE_BLOCK DCOY setup=move_strike prior_bar_ticks=1566 threshold=6000
[06:48:37 ET] [MOVE] FIRESTORM_GATE_BLOCK DCOY setup=move_strike prior_bar_ticks=1566 threshold=6000
[06:48:37 ET] [MOVE] FIRESTORM_GATE_BLOCK DCOY setup=move_strike prior_bar_ticks=1566 threshold=6000
[06:48:37 ET] [MOVE] FIRESTORM_GATE_BLOCK DCOY setup=move_strike prior_bar_ticks=1566 threshold=6000
[06:48:37 ET] [MOVE] FIRESTORM_GATE_BLOCK DCOY setup=move_strike prior_bar_ticks=1566 threshold=6000
[06:48:37 ET] [MOVE] FIRESTORM_GATE_BLOCK DCOY setup=move_strike prior_bar_ticks=1566 threshold=6000
[06:48:37 ET] [MOVE] FIRESTORM_GATE_BLOCK DCOY setup=move_strike prior_bar_ticks=1566 threshold=6000
[06:48:37 ET] [MOVE] FIRESTORM_GATE_BLOCK DCOY setup=move_strike prior_bar_ticks=1566 threshold=6000
[06:48:37 ET] [MOVE] FIRESTORM_GATE_BLOCK DCOY setup=move_strike prior_bar_ticks=1566 threshold=6000
[06:48:37 ET] [MOVE] FIRESTORM_GATE_BLOCK DCOY setup=move_strike prior_bar_ticks=1566 threshold=6000
[06:48:37 ET] [MOVE] FIRESTORM_GATE_BLOCK DCOY setup=move_strike prior_bar_ticks=1566 threshold=6000
[06:48:37 ET] [MOVE] FIRESTORM_GATE_BLOCK DCOY setup=move_strike prior_bar_ticks=1566 threshold=6000
[06:48:37 ET] [MOVE] FIRESTORM_GATE_BLOCK DCOY setup=move_strike prior_bar_ticks=1566 threshold=6000
[06:48:37 ET] [MOVE] FIRESTORM_GATE_BLOCK DCOY setup=move_strike prior_bar_ticks=1566 threshold=6000
[06:48:37 ET] [MOVE] FIRESTORM_GATE_BLOCK DCOY setup=move_strike prior_bar_ticks=1566 threshold=6000
[06:48:37 ET] [MOVE] FIRESTORM_GATE_BLOCK DCOY setup=move_strike prior_bar_ticks=1566 threshold=6000
[06:48:37 ET] [MOVE] FIRESTORM_GATE_BLOCK DCOY setup=move_strike prior_bar_ticks=1566 threshold=6000
[06:48:37 ET] [MOVE] FIRESTORM_GATE_BLOCK DCOY setup=move_strike prior_bar_ticks=1566 threshold=6000
[06:48:37 ET] [MOVE] FIRESTORM_GATE_BLOCK DCOY setup=move_strike prior_bar_ticks=1566 threshold=6000
[06:48:37 ET] [MOVE] FIRESTORM_GATE_BLOCK DCOY setup=move_strike prior_bar_ticks=1566 threshold=6000
[06:48:38 ET] [MOVE] FIRESTORM_GATE_BLOCK DCOY setup=move_strike prior_bar_ticks=1566 threshold=6000
[06:48:38 ET] [MOVE] FIRESTORM_GATE_BLOCK DCOY setup=move_strike prior_bar_ticks=1566 threshold=6000
[06:48:38 ET] [MOVE] FIRESTORM_GATE_BLOCK DCOY setup=move_strike prior_bar_ticks=1566 threshold=6000
[06:48:38 ET] [MOVE] FIRESTORM_GATE_BLOCK DCOY setup=move_strike prior_bar_ticks=1566 threshold=6000
[06:48:38 ET] [MOVE] FIRESTORM_GATE_BLOCK DCOY setup=move_strike prior_bar_ticks=1566 threshold=6000
[06:48:38 ET] [MOVE] FIRESTORM_GATE_BLOCK DCOY setup=move_strike prior_bar_ticks=1566 threshold=6000
[06:48:38 ET] [MOVE] FIRESTORM_GATE_BLOCK DCOY setup=move_strike prior_bar_ticks=1566 threshold=6000
[06:48:38 ET] [MOVE] FIRESTORM_GATE_BLOCK DCOY setup=move_strike prior_bar_ticks=1566 threshold=6000
[06:48:38 ET] [MOVE] FIRESTORM_GATE_BLOCK DCOY setup=move_strike prior_bar_ticks=1566 threshold=6000
[06:48:38 ET] [MOVE] FIRESTORM_GATE_BLOCK DCOY setup=move_strike prior_bar_ticks=1566 threshold=6000
[06:48:38 ET] [MOVE] FIRESTORM_GATE_BLOCK DCOY setup=move_strike prior_bar_ticks=1566 threshold=6000
[06:48:38 ET] [MOVE] FIRESTORM_GATE_BLOCK DCOY setup=move_strike prior_bar_ticks=1566 threshold=6000
[06:48:38 ET] [MOVE] FIRESTORM_GATE_BLOCK DCOY setup=move_strike prior_bar_ticks=1566 threshold=6000
[06:48:38 ET] [MOVE] FIRESTORM_GATE_BLOCK DCOY setup=move_strike prior_bar_ticks=1566 threshold=6000
[06:48:38 ET] [MOVE] FIRESTORM_GATE_BLOCK DCOY setup=move_strike prior_bar_ticks=1566 threshold=6000
[06:48:38 ET] [MOVE] FIRESTORM_GATE_BLOCK DCOY setup=move_strike prior_bar_ticks=1566 threshold=6000
[06:48:38 ET] [MOVE] FIRESTORM_GATE_BLOCK DCOY setup=move_strike prior_bar_ticks=1566 threshold=6000
[06:48:38 ET] [MOVE] FIRESTORM_GATE_BLOCK DCOY setup=move_strike prior_bar_ticks=1566 threshold=6000
[06:48:38 ET] [MOVE] FIRESTORM_GATE_BLOCK DCOY setup=move_strike prior_bar_ticks=1566 threshold=6000
[06:48:38 ET] [MOVE] FIRESTORM_GATE_BLOCK DCOY setup=move_strike prior_bar_ticks=1566 threshold=6000
[06:48:38 ET] [MOVE] FIRESTORM_GATE_BLOCK DCOY setup=move_strike prior_bar_ticks=1566 threshold=6000
[06:48:38 ET] [MOVE] FIRESTORM_GATE_BLOCK DCOY setup=move_strike prior_bar_ticks=1566 threshold=6000
[06:48:38 ET] [MOVE] FIRESTORM_GATE_BLOCK DCOY setup=move_strike prior_bar_ticks=1566 threshold=6000
[06:48:38 ET] [MOVE] FIRESTORM_GATE_BLOCK DCOY setup=move_strike prior_bar_ticks=1566 threshold=6000
[06:48:38 ET] [MOVE] FIRESTORM_GATE_BLOCK DCOY setup=move_strike prior_bar_ticks=1566 threshold=6000
[06:48:38 ET] [MOVE] FIRESTORM_GATE_BLOCK DCOY setup=move_strike prior_bar_ticks=1566 threshold=6000
[06:48:38 ET] [MOVE] FIRESTORM_GATE_BLOCK DCOY setup=move_strike prior_bar_ticks=1566 threshold=6000
[06:48:38 ET] [MOVE] FIRESTORM_GATE_BLOCK DCOY setup=move_strike prior_bar_ticks=1566 threshold=6000
[06:48:38 ET] [MOVE] FIRESTORM_GATE_BLOCK DCOY setup=move_strike prior_bar_ticks=1566 threshold=6000
[06:48:38 ET] [MOVE] FIRESTORM_GATE_BLOCK DCOY setup=move_strike prior_bar_ticks=1566 threshold=6000
[06:48:38 ET] [MOVE] FIRESTORM_GATE_BLOCK DCOY setup=move_strike prior_bar_ticks=1566 threshold=6000
[06:48:38 ET] [MOVE] FIRESTORM_GATE_BLOCK DCOY setup=move_strike prior_bar_ticks=1566 threshold=6000
[06:48:38 ET] [MOVE] FIRESTORM_GATE_BLOCK DCOY setup=move_strike prior_bar_ticks=1566 threshold=6000
[06:48:38 ET] [MOVE] FIRESTORM_GATE_BLOCK DCOY setup=move_strike prior_bar_ticks=1566 threshold=6000
[06:48:38 ET] [MOVE] FIRESTORM_GATE_BLOCK DCOY setup=move_strike prior_bar_ticks=1566 threshold=6000
[06:48:38 ET] [MOVE] FIRESTORM_GATE_BLOCK DCOY setup=move_strike prior_bar_ticks=1566 threshold=6000
[06:48:38 ET] [MOVE] FIRESTORM_GATE_BLOCK DCOY setup=move_strike prior_bar_ticks=1566 threshold=6000
[06:48:38 ET] [MOVE] FIRESTORM_GATE_BLOCK DCOY setup=move_strike prior_bar_ticks=1566 threshold=6000
[06:48:38 ET] [MOVE] FIRESTORM_GATE_BLOCK DCOY setup=move_strike prior_bar_ticks=1566 threshold=6000
[06:48:38 ET] [MOVE] FIRESTORM_GATE_BLOCK DCOY setup=move_strike prior_bar_ticks=1566 threshold=6000
[06:48:38 ET] [MOVE] FIRESTORM_GATE_BLOCK DCOY setup=move_strike prior_bar_ticks=1566 threshold=6000
[06:48:38 ET] [MOVE] FIRESTORM_GATE_BLOCK DCOY setup=move_strike prior_bar_ticks=1566 threshold=6000
[06:48:38 ET] [MOVE] FIRESTORM_GATE_BLOCK DCOY setup=move_strike prior_bar_ticks=1566 threshold=6000
[06:48:38 ET] [MOVE] FIRESTORM_GATE_BLOCK DCOY setup=move_strike prior_bar_ticks=1566 threshold=6000
[06:48:38 ET] [MOVE] FIRESTORM_GATE_BLOCK DCOY setup=move_strike prior_bar_ticks=1566 threshold=6000
[06:48:38 ET] [MOVE] FIRESTORM_GATE_BLOCK DCOY setup=move_strike prior_bar_ticks=1566 threshold=6000
[06:48:38 ET] [MOVE] FIRESTORM_GATE_BLOCK DCOY setup=move_strike prior_bar_ticks=1566 threshold=6000
[06:48:38 ET] [MOVE] FIRESTORM_GATE_BLOCK DCOY setup=move_strike prior_bar_ticks=1566 threshold=6000
[06:48:38 ET] [MOVE] FIRESTORM_GATE_BLOCK DCOY setup=move_strike prior_bar_ticks=1566 threshold=6000
[06:48:38 ET] [MOVE] FIRESTORM_GATE_BLOCK DCOY setup=move_strike prior_bar_ticks=1566 threshold=6000
[06:48:38 ET] [MOVE] FIRESTORM_GATE_BLOCK DCOY setup=move_strike prior_bar_ticks=1566 threshold=6000
[06:48:38 ET] [MOVE] FIRESTORM_GATE_BLOCK DCOY setup=move_strike prior_bar_ticks=1566 threshold=6000
[06:48:38 ET] [MOVE] FIRESTORM_GATE_BLOCK DCOY setup=move_strike prior_bar_ticks=1566 threshold=6000
[06:48:38 ET] [MOVE] FIRESTORM_GATE_BLOCK DCOY setup=move_strike prior_bar_ticks=1566 threshold=6000
[06:48:38 ET] [MOVE] FIRESTORM_GATE_BLOCK DCOY setup=move_strike prior_bar_ticks=1566 threshold=6000
[06:48:38 ET] [MOVE] FIRESTORM_GATE_BLOCK DCOY setup=move_strike prior_bar_ticks=1566 threshold=6000
[06:48:38 ET] [MOVE] FIRESTORM_GATE_BLOCK DCOY setup=move_strike prior_bar_ticks=1566 threshold=6000
[06:48:38 ET] [MOVE] FIRESTORM_GATE_BLOCK DCOY setup=move_strike prior_bar_ticks=1566 threshold=6000
[06:48:38 ET] [MOVE] FIRESTORM_GATE_BLOCK DCOY setup=move_strike prior_bar_ticks=1566 threshold=6000
[06:48:38 ET] [MOVE] FIRESTORM_GATE_BLOCK DCOY setup=move_strike prior_bar_ticks=1566 threshold=6000
[06:48:38 ET] [MOVE] FIRESTORM_GATE_BLOCK DCOY setup=move_strike prior_bar_ticks=1566 threshold=6000
[06:48:38 ET] [MOVE] FIRESTORM_GATE_BLOCK DCOY setup=move_strike prior_bar_ticks=1566 threshold=6000
[06:48:38 ET] [MOVE] FIRESTORM_GATE_BLOCK DCOY setup=move_strike prior_bar_ticks=1566 threshold=6000
[06:48:38 ET] [MOVE] FIRESTORM_GATE_BLOCK DCOY setup=move_strike prior_bar_ticks=1566 threshold=6000
[06:48:38 ET] [MOVE] FIRESTORM_GATE_BLOCK DCOY setup=move_strike prior_bar_ticks=1566 threshold=6000
[06:48:38 ET] [MOVE] FIRESTORM_GATE_BLOCK DCOY setup=move_strike prior_bar_ticks=1566 threshold=6000
[06:48:38 ET] [MOVE] FIRESTORM_GATE_BLOCK DCOY setup=move_strike prior_bar_ticks=1566 threshold=6000
[06:48:38 ET] [MOVE] FIRESTORM_GATE_BLOCK DCOY setup=move_strike prior_bar_ticks=1566 threshold=6000
[06:48:38 ET] [MOVE] FIRESTORM_GATE_BLOCK DCOY setup=move_strike prior_bar_ticks=1566 threshold=6000
[06:48:38 ET] [MOVE] FIRESTORM_GATE_BLOCK DCOY setup=move_strike prior_bar_ticks=1566 threshold=6000
[06:48:38 ET] [MOVE] FIRESTORM_GATE_BLOCK DCOY setup=move_strike prior_bar_ticks=1566 threshold=6000
[06:48:38 ET] [MOVE] FIRESTORM_GATE_BLOCK DCOY setup=move_strike prior_bar_ticks=1566 threshold=6000
[06:48:38 ET] [MOVE] FIRESTORM_GATE_BLOCK DCOY setup=move_strike prior_bar_ticks=1566 threshold=6000
[06:48:38 ET] [MOVE] FIRESTORM_GATE_BLOCK DCOY setup=move_strike prior_bar_ticks=1566 threshold=6000
[06:48:38 ET] [MOVE] FIRESTORM_GATE_BLOCK DCOY setup=move_strike prior_bar_ticks=1566 threshold=6000
[06:48:38 ET] [MOVE] FIRESTORM_GATE_BLOCK DCOY setup=move_strike prior_bar_ticks=1566 threshold=6000
[06:48:38 ET] [MOVE] FIRESTORM_GATE_BLOCK DCOY setup=move_strike prior_bar_ticks=1566 threshold=6000
[06:48:38 ET] [MOVE] FIRESTORM_GATE_BLOCK DCOY setup=move_strike prior_bar_ticks=1566 threshold=6000
[06:48:38 ET] [MOVE] FIRESTORM_GATE_BLOCK DCOY setup=move_strike prior_bar_ticks=1566 threshold=6000
[06:48:38 ET] [MOVE] FIRESTORM_GATE_BLOCK DCOY setup=move_strike prior_bar_ticks=1566 threshold=6000
[06:48:38 ET] [MOVE] FIRESTORM_GATE_BLOCK DCOY setup=move_strike prior_bar_ticks=1566 threshold=6000
[06:48:38 ET] [MOVE] FIRESTORM_GATE_BLOCK DCOY setup=move_strike prior_bar_ticks=1566 threshold=6000
[06:48:38 ET] [MOVE] FIRESTORM_GATE_BLOCK DCOY setup=move_strike prior_bar_ticks=1566 threshold=6000
[06:48:38 ET] [MOVE] FIRESTORM_GATE_BLOCK DCOY setup=move_strike prior_bar_ticks=1566 threshold=6000
[06:48:38 ET] [MOVE] FIRESTORM_GATE_BLOCK DCOY setup=move_strike prior_bar_ticks=1566 threshold=6000
[06:48:38 ET] [MOVE] FIRESTORM_GATE_BLOCK DCOY setup=move_strike prior_bar_ticks=1566 threshold=6000
[06:48:38 ET] [MOVE] FIRESTORM_GATE_BLOCK DCOY setup=move_strike prior_bar_ticks=1566 threshold=6000
[06:48:38 ET] [MOVE] FIRESTORM_GATE_BLOCK DCOY setup=move_strike prior_bar_ticks=1566 threshold=6000
[06:48:38 ET] [MOVE] FIRESTORM_GATE_BLOCK DCOY setup=move_strike prior_bar_ticks=1566 threshold=6000
[06:48:38 ET] [MOVE] FIRESTORM_GATE_BLOCK DCOY setup=move_strike prior_bar_ticks=1566 threshold=6000
[06:48:38 ET] [MOVE] FIRESTORM_GATE_BLOCK DCOY setup=move_strike prior_bar_ticks=1566 threshold=6000
[06:48:38 ET] [MOVE] FIRESTORM_GATE_BLOCK DCOY setup=move_strike prior_bar_ticks=1566 threshold=6000
[06:48:38 ET] [MOVE] FIRESTORM_GATE_BLOCK DCOY setup=move_strike prior_bar_ticks=1566 threshold=6000
[06:48:38 ET] [MOVE] FIRESTORM_GATE_BLOCK DCOY setup=move_strike prior_bar_ticks=1566 threshold=6000
[06:48:38 ET] [MOVE] FIRESTORM_GATE_BLOCK DCOY setup=move_strike prior_bar_ticks=1566 threshold=6000
[06:48:38 ET] [MOVE] FIRESTORM_GATE_BLOCK DCOY setup=move_strike prior_bar_ticks=1566 threshold=6000
[06:48:38 ET] [MOVE] FIRESTORM_GATE_BLOCK DCOY setup=move_strike prior_bar_ticks=1566 threshold=6000
[06:48:38 ET] [MOVE] FIRESTORM_GATE_BLOCK DCOY setup=move_strike prior_bar_ticks=1566 threshold=6000
[06:48:38 ET] [MOVE] FIRESTORM_GATE_BLOCK DCOY setup=move_strike prior_bar_ticks=1566 threshold=6000
[06:48:38 ET] [MOVE] FIRESTORM_GATE_BLOCK DCOY setup=move_strike prior_bar_ticks=1566 threshold=6000
[06:48:38 ET] [MOVE] FIRESTORM_GATE_BLOCK DCOY setup=move_strike prior_bar_ticks=1566 threshold=6000
[06:48:38 ET] [MOVE] FIRESTORM_GATE_BLOCK DCOY setup=move_strike prior_bar_ticks=1566 threshold=6000
[06:48:38 ET] [MOVE] FIRESTORM_GATE_BLOCK DCOY setup=move_strike prior_bar_ticks=1566 threshold=6000
[06:48:38 ET] [MOVE] FIRESTORM_GATE_BLOCK DCOY setup=move_strike prior_bar_ticks=1566 threshold=6000
[06:48:38 ET] [MOVE] FIRESTORM_GATE_BLOCK DCOY setup=move_strike prior_bar_ticks=1566 threshold=6000
[06:48:38 ET] [MOVE] FIRESTORM_GATE_BLOCK DCOY setup=move_strike prior_bar_ticks=1566 threshold=6000
[06:48:38 ET] [MOVE] FIRESTORM_GATE_BLOCK DCOY setup=move_strike prior_bar_ticks=1566 threshold=6000
[06:48:38 ET] [MOVE] FIRESTORM_GATE_BLOCK DCOY setup=move_strike prior_bar_ticks=1566 threshold=6000
[06:48:38 ET] [MOVE] FIRESTORM_GATE_BLOCK DCOY setup=move_strike prior_bar_ticks=1566 threshold=6000
[06:48:38 ET] [MOVE] FIRESTORM_GATE_BLOCK DCOY setup=move_strike prior_bar_ticks=1566 threshold=6000
[06:48:38 ET] [MOVE] FIRESTORM_GATE_BLOCK DCOY setup=move_strike prior_bar_ticks=1566 threshold=6000
[06:48:38 ET] [MOVE] FIRESTORM_GATE_BLOCK DCOY setup=move_strike prior_bar_ticks=1566 threshold=6000
[06:48:38 ET] [MOVE] FIRESTORM_GATE_BLOCK DCOY setup=move_strike prior_bar_ticks=1566 threshold=6000
[06:48:38 ET] [MOVE] FIRESTORM_GATE_BLOCK DCOY setup=move_strike prior_bar_ticks=1566 threshold=6000
[06:48:38 ET] [MOVE] FIRESTORM_GATE_BLOCK DCOY setup=move_strike prior_bar_ticks=1566 threshold=6000
[06:48:38 ET] [MOVE] FIRESTORM_GATE_BLOCK DCOY setup=move_strike prior_bar_ticks=1566 threshold=6000
[06:48:38 ET] [MOVE] FIRESTORM_GATE_BLOCK DCOY setup=move_strike prior_bar_ticks=1566 threshold=6000
[06:48:38 ET] [MOVE] FIRESTORM_GATE_BLOCK DCOY setup=move_strike prior_bar_ticks=1566 threshold=6000
[06:48:38 ET] [MOVE] FIRESTORM_GATE_BLOCK DCOY setup=move_strike prior_bar_ticks=1566 threshold=6000
[06:48:38 ET] [MOVE] FIRESTORM_GATE_BLOCK DCOY setup=move_strike prior_bar_ticks=1566 threshold=6000
[06:48:38 ET] [MOVE] FIRESTORM_GATE_BLOCK DCOY setup=move_strike prior_bar_ticks=1566 threshold=6000
[06:48:38 ET] [MOVE] FIRESTORM_GATE_BLOCK DCOY setup=move_strike prior_bar_ticks=1566 threshold=6000
[06:48:38 ET] [MOVE] FIRESTORM_GATE_BLOCK DCOY setup=move_strike prior_bar_ticks=1566 threshold=6000
[06:48:38 ET] [MOVE] FIRESTORM_GATE_BLOCK DCOY setup=move_strike prior_bar_ticks=1566 threshold=6000
[06:48:38 ET] [MOVE] FIRESTORM_GATE_BLOCK DCOY setup=move_strike prior_bar_ticks=1566 threshold=6000
[06:48:38 ET] [MOVE] FIRESTORM_GATE_BLOCK DCOY setup=move_strike prior_bar_ticks=1566 threshold=6000
[06:48:38 ET] [MOVE] FIRESTORM_GATE_BLOCK DCOY setup=move_strike prior_bar_ticks=1566 threshold=6000
[06:48:38 ET] [MOVE] FIRESTORM_GATE_BLOCK DCOY setup=move_strike prior_bar_ticks=1566 threshold=6000
[06:48:38 ET] [MOVE] FIRESTORM_GATE_BLOCK DCOY setup=move_strike prior_bar_ticks=1566 threshold=6000
[06:48:38 ET] [MOVE] FIRESTORM_GATE_BLOCK DCOY setup=move_strike prior_bar_ticks=1566 threshold=6000
[06:48:38 ET] [MOVE] FIRESTORM_GATE_BLOCK DCOY setup=move_strike prior_bar_ticks=1566 threshold=6000
[06:48:38 ET] [MOVE] FIRESTORM_GATE_BLOCK DCOY setup=move_strike prior_bar_ticks=1566 threshold=6000
[06:48:38 ET] [MOVE] FIRESTORM_GATE_BLOCK DCOY setup=move_strike prior_bar_ticks=1566 threshold=6000
[06:48:38 ET] [MOVE] FIRESTORM_GATE_BLOCK DCOY setup=move_strike prior_bar_ticks=1566 threshold=6000
[06:48:38 ET] [MOVE] FIRESTORM_GATE_BLOCK DCOY setup=move_strike prior_bar_ticks=1566 threshold=6000
[06:48:38 ET] [MOVE] FIRESTORM_GATE_BLOCK DCOY setup=move_strike prior_bar_ticks=1566 threshold=6000
[06:48:38 ET] [MOVE] FIRESTORM_GATE_BLOCK DCOY setup=move_strike prior_bar_ticks=1566 threshold=6000
[06:48:38 ET] [MOVE] FIRESTORM_GATE_BLOCK DCOY setup=move_strike prior_bar_ticks=1566 threshold=6000
[06:48:38 ET] [MOVE] FIRESTORM_GATE_BLOCK DCOY setup=move_strike prior_bar_ticks=1566 threshold=6000
[06:48:38 ET] [MOVE] FIRESTORM_GATE_BLOCK DCOY setup=move_strike prior_bar_ticks=1566 threshold=6000
[06:48:38 ET] [MOVE] FIRESTORM_GATE_BLOCK DCOY setup=move_strike prior_bar_ticks=1566 threshold=6000
[06:48:38 ET] [MOVE] FIRESTORM_GATE_BLOCK DCOY setup=move_strike prior_bar_ticks=1566 threshold=6000
[06:48:38 ET] [MOVE] FIRESTORM_GATE_BLOCK DCOY setup=move_strike prior_bar_ticks=1566 threshold=6000
[06:48:38 ET] [MOVE] FIRESTORM_GATE_BLOCK DCOY setup=move_strike prior_bar_ticks=1566 threshold=6000
[06:48:38 ET] [MOVE] FIRESTORM_GATE_BLOCK DCOY setup=move_strike prior_bar_ticks=1566 threshold=6000
[06:48:38 ET] [MOVE] FIRESTORM_GATE_BLOCK DCOY setup=move_strike prior_bar_ticks=1566 threshold=6000
[06:48:38 ET] [MOVE] FIRESTORM_GATE_BLOCK DCOY setup=move_strike prior_bar_ticks=1566 threshold=6000
[06:48:38 ET] [MOVE] FIRESTORM_GATE_BLOCK DCOY setup=move_strike prior_bar_ticks=1566 threshold=6000
[06:48:38 ET] [MOVE] FIRESTORM_GATE_BLOCK DCOY setup=move_strike prior_bar_ticks=1566 threshold=6000
[06:48:38 ET] [MOVE] FIRESTORM_GATE_BLOCK DCOY setup=move_strike prior_bar_ticks=1566 threshold=6000
[06:48:38 ET] [MOVE] FIRESTORM_GATE_BLOCK DCOY setup=move_strike prior_bar_ticks=1566 threshold=6000
[06:48:38 ET] [MOVE] FIRESTORM_GATE_BLOCK DCOY setup=move_strike prior_bar_ticks=1566 threshold=6000
[06:48:38 ET] [MOVE] FIRESTORM_GATE_BLOCK DCOY setup=move_strike prior_bar_ticks=1566 threshold=6000
[06:48:38 ET] [MOVE] FIRESTORM_GATE_BLOCK DCOY setup=move_strike prior_bar_ticks=1566 threshold=6000
[06:48:38 ET] [MOVE] FIRESTORM_GATE_BLOCK DCOY setup=move_strike prior_bar_ticks=1566 threshold=6000
[06:48:38 ET] [MOVE] FIRESTORM_GATE_BLOCK DCOY setup=move_strike prior_bar_ticks=1566 threshold=6000
[06:48:38 ET] [MOVE] FIRESTORM_GATE_BLOCK DCOY setup=move_strike prior_bar_ticks=1566 threshold=6000
[06:48:38 ET] [MOVE] FIRESTORM_GATE_BLOCK DCOY setup=move_strike prior_bar_ticks=1566 threshold=6000
[06:48:38 ET] [MOVE] FIRESTORM_GATE_BLOCK DCOY setup=move_strike prior_bar_ticks=1566 threshold=6000
[06:48:38 ET] [MOVE] FIRESTORM_GATE_BLOCK DCOY setup=move_strike prior_bar_ticks=1566 threshold=6000
[06:48:38 ET] [MOVE] FIRESTORM_GATE_BLOCK DCOY setup=move_strike prior_bar_ticks=1566 threshold=6000
[06:48:38 ET] [MOVE] FIRESTORM_GATE_BLOCK DCOY setup=move_strike prior_bar_ticks=1566 threshold=6000
[06:48:38 ET] [MOVE] FIRESTORM_GATE_BLOCK DCOY setup=move_strike prior_bar_ticks=1566 threshold=6000
[06:48:38 ET] [MOVE] FIRESTORM_GATE_BLOCK DCOY setup=move_strike prior_bar_ticks=1566 threshold=6000
[06:48:38 ET] [MOVE] FIRESTORM_GATE_BLOCK DCOY setup=move_strike prior_bar_ticks=1566 threshold=6000
[06:48:38 ET] [MOVE] FIRESTORM_GATE_BLOCK DCOY setup=move_strike prior_bar_ticks=1566 threshold=6000
[06:48:38 ET] [MOVE] FIRESTORM_GATE_BLOCK DCOY setup=move_strike prior_bar_ticks=1566 threshold=6000
[06:48:38 ET] [MOVE] FIRESTORM_GATE_BLOCK DCOY setup=move_strike prior_bar_ticks=1566 threshold=6000
[06:48:38 ET] [MOVE] FIRESTORM_GATE_BLOCK DCOY setup=move_strike prior_bar_ticks=1566 threshold=6000
[06:48:38 ET] [MOVE] FIRESTORM_GATE_BLOCK DCOY setup=move_strike prior_bar_ticks=1566 threshold=6000
[06:48:38 ET] [MOVE] FIRESTORM_GATE_BLOCK DCOY setup=move_strike prior_bar_ticks=1566 threshold=6000
[06:48:38 ET] [MOVE] FIRESTORM_GATE_BLOCK DCOY setup=move_strike prior_bar_ticks=1566 threshold=6000
[06:48:38 ET] [MOVE] FIRESTORM_GATE_BLOCK DCOY setup=move_strike prior_bar_ticks=1566 threshold=6000
[06:48:38 ET] [MOVE] FIRESTORM_GATE_BLOCK DCOY setup=move_strike prior_bar_ticks=1566 threshold=6000
[06:48:38 ET] [MOVE] FIRESTORM_GATE_BLOCK DCOY setup=move_strike prior_bar_ticks=1566 threshold=6000
[06:48:38 ET] [MOVE] FIRESTORM_GATE_BLOCK DCOY setup=move_strike prior_bar_ticks=1566 threshold=6000
[06:48:38 ET] [MOVE] FIRESTORM_GATE_BLOCK DCOY setup=move_strike prior_bar_ticks=1566 threshold=6000
[06:48:38 ET] [MOVE] FIRESTORM_GATE_BLOCK DCOY setup=move_strike prior_bar_ticks=1566 threshold=6000
[06:48:38 ET] [MOVE] FIRESTORM_GATE_BLOCK DCOY setup=move_strike prior_bar_ticks=1566 threshold=6000
[06:48:38 ET] [MOVE] FIRESTORM_GATE_BLOCK DCOY setup=move_strike prior_bar_ticks=1566 threshold=6000
[06:48:38 ET] [MOVE] FIRESTORM_GATE_BLOCK DCOY setup=move_strike prior_bar_ticks=1566 threshold=6000
[06:48:38 ET] [MOVE] FIRESTORM_GATE_BLOCK DCOY setup=move_strike prior_bar_ticks=1566 threshold=6000
[06:48:38 ET] [MOVE] FIRESTORM_GATE_BLOCK DCOY setup=move_strike prior_bar_ticks=1566 threshold=6000
[06:48:38 ET] [MOVE] FIRESTORM_GATE_BLOCK DCOY setup=move_strike prior_bar_ticks=1566 threshold=6000
[06:48:38 ET] [MOVE] FIRESTORM_GATE_BLOCK DCOY setup=move_strike prior_bar_ticks=1566 threshold=6000
[06:48:38 ET] [MOVE] FIRESTORM_GATE_BLOCK DCOY setup=move_strike prior_bar_ticks=1566 threshold=6000
[06:48:38 ET] [MOVE] FIRESTORM_GATE_BLOCK DCOY setup=move_strike prior_bar_ticks=1566 threshold=6000
[06:48:38 ET] [MOVE] FIRESTORM_GATE_BLOCK DCOY setup=move_strike prior_bar_ticks=1566 threshold=6000
[06:48:38 ET] [MOVE] FIRESTORM_GATE_BLOCK DCOY setup=move_strike prior_bar_ticks=1566 threshold=6000
[06:48:38 ET] [MOVE] FIRESTORM_GATE_BLOCK DCOY setup=move_strike prior_bar_ticks=1566 threshold=6000
[06:48:38 ET] [MOVE] FIRESTORM_GATE_BLOCK DCOY setup=move_strike prior_bar_ticks=1566 threshold=6000
[06:48:38 ET] [MOVE] FIRESTORM_GATE_BLOCK DCOY setup=move_strike prior_bar_ticks=1566 threshold=6000
[06:48:38 ET] [MOVE] FIRESTORM_GATE_BLOCK DCOY setup=move_strike prior_bar_ticks=1566 threshold=6000
[06:48:38 ET] [MOVE] FIRESTORM_GATE_BLOCK DCOY setup=move_strike prior_bar_ticks=1566 threshold=6000
[06:48:38 ET] [MOVE] FIRESTORM_GATE_BLOCK DCOY setup=move_strike prior_bar_ticks=1566 threshold=6000
[06:48:38 ET] [MOVE] FIRESTORM_GATE_BLOCK DCOY setup=move_strike prior_bar_ticks=1566 threshold=6000
[06:48:38 ET] [MOVE] FIRESTORM_GATE_BLOCK DCOY setup=move_strike prior_bar_ticks=1566 threshold=6000
[06:48:38 ET] [MOVE] FIRESTORM_GATE_BLOCK DCOY setup=move_strike prior_bar_ticks=1566 threshold=6000
[06:48:38 ET] [MOVE] FIRESTORM_GATE_BLOCK DCOY setup=move_strike prior_bar_ticks=1566 threshold=6000
[06:48:38 ET] [MOVE] FIRESTORM_GATE_BLOCK DCOY setup=move_strike prior_bar_ticks=1566 threshold=6000
[06:48:38 ET] [MOVE] FIRESTORM_GATE_BLOCK DCOY setup=move_strike prior_bar_ticks=1566 threshold=6000
[06:48:38 ET] [MOVE] FIRESTORM_GATE_BLOCK DCOY setup=move_strike prior_bar_ticks=1566 threshold=6000
[06:48:38 ET] [MOVE] FIRESTORM_GATE_BLOCK DCOY setup=move_strike prior_bar_ticks=1566 threshold=6000
[06:48:38 ET] [MOVE] FIRESTORM_GATE_BLOCK DCOY setup=move_strike prior_bar_ticks=1566 threshold=6000
[06:48:38 ET] [MOVE] FIRESTORM_GATE_BLOCK DCOY setup=move_strike prior_bar_ticks=1566 threshold=6000
[06:48:38 ET] [MOVE] FIRESTORM_GATE_BLOCK DCOY setup=move_strike prior_bar_ticks=1566 threshold=6000
[06:48:38 ET] [MOVE] FIRESTORM_GATE_BLOCK DCOY setup=move_strike prior_bar_ticks=1566 threshold=6000
[06:48:38 ET] [MOVE] FIRESTORM_GATE_BLOCK DCOY setup=move_strike prior_bar_ticks=1566 threshold=6000
[06:48:38 ET] [MOVE] FIRESTORM_GATE_BLOCK DCOY setup=move_strike prior_bar_ticks=1566 threshold=6000
[06:48:38 ET] [MOVE] FIRESTORM_GATE_BLOCK DCOY setup=move_strike prior_bar_ticks=1566 threshold=6000
[06:48:38 ET] [MOVE] FIRESTORM_GATE_BLOCK DCOY setup=move_strike prior_bar_ticks=1566 threshold=6000
[06:48:38 ET] [MOVE] FIRESTORM_GATE_BLOCK DCOY setup=move_strike prior_bar_ticks=1566 threshold=6000
[06:48:38 ET] [MOVE] FIRESTORM_GATE_BLOCK DCOY setup=move_strike prior_bar_ticks=1566 threshold=6000
[06:48:38 ET] [MOVE] FIRESTORM_GATE_BLOCK DCOY setup=move_strike prior_bar_ticks=1566 threshold=6000
[06:48:39 ET] [MOVE] FIRESTORM_GATE_BLOCK DCOY setup=move_strike prior_bar_ticks=1566 threshold=6000
[06:48:39 ET] [MOVE] FIRESTORM_GATE_BLOCK DCOY setup=move_strike prior_bar_ticks=1566 threshold=6000
[06:48:39 ET] [MOVE] FIRESTORM_GATE_BLOCK DCOY setup=move_strike prior_bar_ticks=1566 threshold=6000
[06:48:39 ET] [MOVE] FIRESTORM_GATE_BLOCK DCOY setup=move_strike prior_bar_ticks=1566 threshold=6000
[06:48:39 ET] [MOVE] FIRESTORM_GATE_BLOCK DCOY setup=move_strike prior_bar_ticks=1566 threshold=6000
[06:48:39 ET] [MOVE] FIRESTORM_GATE_BLOCK DCOY setup=move_strike prior_bar_ticks=1566 threshold=6000
[06:48:39 ET] [MOVE] FIRESTORM_GATE_BLOCK DCOY setup=move_strike prior_bar_ticks=1566 threshold=6000
[06:48:39 ET] [MOVE] FIRESTORM_GATE_BLOCK DCOY setup=move_strike prior_bar_ticks=1566 threshold=6000
[06:48:39 ET] [MOVE] FIRESTORM_GATE_BLOCK DCOY setup=move_strike prior_bar_ticks=1566 threshold=6000
[06:48:39 ET] [MOVE] FIRESTORM_GATE_BLOCK DCOY setup=move_strike prior_bar_ticks=1566 threshold=6000
[06:48:39 ET] [MOVE] FIRESTORM_GATE_BLOCK DCOY setup=move_strike prior_bar_ticks=1566 threshold=6000
[06:48:39 ET] [MOVE] FIRESTORM_GATE_BLOCK DCOY setup=move_strike prior_bar_ticks=1566 threshold=6000
[06:48:39 ET] [MOVE] FIRESTORM_GATE_BLOCK DCOY setup=move_strike prior_bar_ticks=1566 threshold=6000
[06:48:39 ET] [MOVE] FIRESTORM_GATE_BLOCK DCOY setup=move_strike prior_bar_ticks=1566 threshold=6000
[06:48:39 ET] [MOVE] FIRESTORM_GATE_BLOCK DCOY setup=move_strike prior_bar_ticks=1566 threshold=6000
[06:48:39 ET] [MOVE] FIRESTORM_GATE_BLOCK DCOY setup=move_strike prior_bar_ticks=1566 threshold=6000
[06:48:39 ET] [MOVE] FIRESTORM_GATE_BLOCK DCOY setup=move_strike prior_bar_ticks=1566 threshold=6000
[06:48:39 ET] [MOVE] FIRESTORM_GATE_BLOCK DCOY setup=move_strike prior_bar_ticks=1566 threshold=6000
[06:48:39 ET] [MOVE] FIRESTORM_GATE_BLOCK DCOY setup=move_strike prior_bar_ticks=1566 threshold=6000
[06:48:39 ET] [MOVE] FIRESTORM_GATE_BLOCK DCOY setup=move_strike prior_bar_ticks=1566 threshold=6000
[06:48:39 ET] [MOVE] FIRESTORM_GATE_BLOCK DCOY setup=move_strike prior_bar_ticks=1566 threshold=6000
[06:48:39 ET] [MOVE] FIRESTORM_GATE_BLOCK DCOY setup=move_strike prior_bar_ticks=1566 threshold=6000
[06:48:39 ET] [MOVE] FIRESTORM_GATE_BLOCK DCOY setup=move_strike prior_bar_ticks=1566 threshold=6000
[06:48:39 ET] [MOVE] FIRESTORM_GATE_BLOCK DCOY setup=move_strike prior_bar_ticks=1566 threshold=6000
[06:48:39 ET] [MOVE] FIRESTORM_GATE_BLOCK DCOY setup=move_strike prior_bar_ticks=1566 threshold=6000
[06:48:39 ET] [MOVE] FIRESTORM_GATE_BLOCK DCOY setup=move_strike prior_bar_ticks=1566 threshold=6000
[06:48:39 ET] [MOVE] FIRESTORM_GATE_BLOCK DCOY setup=move_strike prior_bar_ticks=1566 threshold=6000
[06:48:39 ET] [MOVE] FIRESTORM_GATE_BLOCK DCOY setup=move_strike prior_bar_ticks=1566 threshold=6000
[06:48:39 ET] [MOVE] FIRESTORM_GATE_BLOCK DCOY setup=move_strike prior_bar_ticks=1566 threshold=6000
[06:48:39 ET] [MOVE] FIRESTORM_GATE_BLOCK DCOY setup=move_strike prior_bar_ticks=1566 threshold=6000
[06:48:39 ET] [MOVE] FIRESTORM_GATE_BLOCK DCOY setup=move_strike prior_bar_ticks=1566 threshold=6000
[06:48:39 ET] [MOVE] FIRESTORM_GATE_BLOCK DCOY setup=move_strike prior_bar_ticks=1566 threshold=6000
[06:48:39 ET] [MOVE] FIRESTORM_GATE_BLOCK DCOY setup=move_strike prior_bar_ticks=1566 threshold=6000
[06:48:39 ET] [MOVE] FIRESTORM_GATE_BLOCK DCOY setup=move_strike prior_bar_ticks=1566 threshold=6000
[06:48:39 ET] [MOVE] FIRESTORM_GATE_BLOCK DCOY setup=move_strike prior_bar_ticks=1566 threshold=6000
[06:48:39 ET] [MOVE] FIRESTORM_GATE_BLOCK DCOY setup=move_strike prior_bar_ticks=1566 threshold=6000
[06:48:39 ET] [MOVE] FIRESTORM_GATE_BLOCK DCOY setup=move_strike prior_bar_ticks=1566 threshold=6000
[06:48:39 ET] [MOVE] FIRESTORM_GATE_BLOCK DCOY setup=move_strike prior_bar_ticks=1566 threshold=6000
[06:48:39 ET] [MOVE] FIRESTORM_GATE_BLOCK DCOY setup=move_strike prior_bar_ticks=1566 threshold=6000
[06:48:39 ET] [MOVE] FIRESTORM_GATE_BLOCK DCOY setup=move_strike prior_bar_ticks=1566 threshold=6000
[06:48:39 ET] [MOVE] FIRESTORM_GATE_BLOCK DCOY setup=move_strike prior_bar_ticks=1566 threshold=6000
[06:48:39 ET] [MOVE] FIRESTORM_GATE_BLOCK DCOY setup=move_strike prior_bar_ticks=1566 threshold=6000
[06:48:39 ET] [MOVE] FIRESTORM_GATE_BLOCK DCOY setup=move_strike prior_bar_ticks=1566 threshold=6000
[06:48:39 ET] [MOVE] FIRESTORM_GATE_BLOCK DCOY setup=move_strike prior_bar_ticks=1566 threshold=6000
[06:48:39 ET] [MOVE] FIRESTORM_GATE_BLOCK DCOY setup=move_strike prior_bar_ticks=1566 threshold=6000
[06:48:39 ET] [MOVE] FIRESTORM_GATE_BLOCK DCOY setup=move_strike prior_bar_ticks=1566 threshold=6000
[06:48:39 ET] [MOVE] FIRESTORM_GATE_BLOCK DCOY setup=move_strike prior_bar_ticks=1566 threshold=6000
[06:48:39 ET] [MOVE] FIRESTORM_GATE_BLOCK DCOY setup=move_strike prior_bar_ticks=1566 threshold=6000
[06:48:39 ET] [MOVE] FIRESTORM_GATE_BLOCK DCOY setup=move_strike prior_bar_ticks=1566 threshold=6000
[06:48:39 ET] [MOVE] FIRESTORM_GATE_BLOCK DCOY setup=move_strike prior_bar_ticks=1566 threshold=6000
[06:48:39 ET] [MOVE] FIRESTORM_GATE_BLOCK DCOY setup=move_strike prior_bar_ticks=1566 threshold=6000
[06:48:39 ET] [MOVE] FIRESTORM_GATE_BLOCK DCOY setup=move_strike prior_bar_ticks=1566 threshold=6000
[06:48:39 ET] [MOVE] FIRESTORM_GATE_BLOCK DCOY setup=move_strike prior_bar_ticks=1566 threshold=6000
[06:48:39 ET] [MOVE] FIRESTORM_GATE_BLOCK DCOY setup=move_strike prior_bar_ticks=1566 threshold=6000
[06:48:39 ET] [MOVE] FIRESTORM_GATE_BLOCK DCOY setup=move_strike prior_bar_ticks=1566 threshold=6000
[06:48:39 ET] [MOVE] FIRESTORM_GATE_BLOCK DCOY setup=move_strike prior_bar_ticks=1566 threshold=6000
[06:48:39 ET] [MOVE] FIRESTORM_GATE_BLOCK DCOY setup=move_strike prior_bar_ticks=1566 threshold=6000
[06:48:39 ET] [MOVE] FIRESTORM_GATE_BLOCK DCOY setup=move_strike prior_bar_ticks=1566 threshold=6000
[06:48:39 ET] [MOVE] FIRESTORM_GATE_BLOCK DCOY setup=move_strike prior_bar_ticks=1566 threshold=6000
[06:48:39 ET] [MOVE] FIRESTORM_GATE_BLOCK DCOY setup=move_strike prior_bar_ticks=1566 threshold=6000
[06:48:39 ET] [MOVE] FIRESTORM_GATE_BLOCK DCOY setup=move_strike prior_bar_ticks=1566 threshold=6000
[06:48:39 ET] [MOVE] FIRESTORM_GATE_BLOCK DCOY setup=move_strike prior_bar_ticks=1566 threshold=6000
[06:48:39 ET] [MOVE] FIRESTORM_GATE_BLOCK DCOY setup=move_strike prior_bar_ticks=1566 threshold=6000
[06:48:39 ET] [MOVE] FIRESTORM_GATE_BLOCK DCOY setup=move_strike prior_bar_ticks=1566 threshold=6000
[06:48:39 ET] [MOVE] FIRESTORM_GATE_BLOCK DCOY setup=move_strike prior_bar_ticks=1566 threshold=6000
[06:48:39 ET] [MOVE] FIRESTORM_GATE_BLOCK DCOY setup=move_strike prior_bar_ticks=1566 threshold=6000
[06:48:39 ET] [MOVE] FIRESTORM_GATE_BLOCK DCOY setup=move_strike prior_bar_ticks=1566 threshold=6000
[06:48:39 ET] [MOVE] FIRESTORM_GATE_BLOCK DCOY setup=move_strike prior_bar_ticks=1566 threshold=6000
[06:48:39 ET] [MOVE] FIRESTORM_GATE_BLOCK DCOY setup=move_strike prior_bar_ticks=1566 threshold=6000
[06:48:39 ET] [MOVE] FIRESTORM_GATE_BLOCK DCOY setup=move_strike prior_bar_ticks=1566 threshold=6000
[06:48:39 ET] [MOVE] FIRESTORM_GATE_BLOCK DCOY setup=move_strike prior_bar_ticks=1566 threshold=6000
[06:48:39 ET] [MOVE] FIRESTORM_GATE_BLOCK DCOY setup=move_strike prior_bar_ticks=1566 threshold=6000
[06:48:39 ET] [MOVE] FIRESTORM_GATE_BLOCK DCOY setup=move_strike prior_bar_ticks=1566 threshold=6000
[06:48:39 ET] [MOVE] FIRESTORM_GATE_BLOCK DCOY setup=move_strike prior_bar_ticks=1566 threshold=6000
[06:48:39 ET] [MOVE] FIRESTORM_GATE_BLOCK DCOY setup=move_strike prior_bar_ticks=1566 threshold=6000
[06:48:39 ET] [MOVE] FIRESTORM_GATE_BLOCK DCOY setup=move_strike prior_bar_ticks=1566 threshold=6000
[06:48:39 ET] [MOVE] FIRESTORM_GATE_BLOCK DCOY setup=move_strike prior_bar_ticks=1566 threshold=6000
[06:48:39 ET] [MOVE] FIRESTORM_GATE_BLOCK DCOY setup=move_strike prior_bar_ticks=1566 threshold=6000
[06:48:39 ET] [MOVE] FIRESTORM_GATE_BLOCK DCOY setup=move_strike prior_bar_ticks=1566 threshold=6000
[06:48:39 ET] [MOVE] FIRESTORM_GATE_BLOCK DCOY setup=move_strike prior_bar_ticks=1566 threshold=6000
[06:48:39 ET] [MOVE] FIRESTORM_GATE_BLOCK DCOY setup=move_strike prior_bar_ticks=1566 threshold=6000
[06:48:39 ET] [MOVE] FIRESTORM_GATE_BLOCK DCOY setup=move_strike prior_bar_ticks=1566 threshold=6000
[06:48:39 ET] [MOVE] FIRESTORM_GATE_BLOCK DCOY setup=move_strike prior_bar_ticks=1566 threshold=6000
[06:48:39 ET] [MOVE] FIRESTORM_GATE_BLOCK DCOY setup=move_strike prior_bar_ticks=1566 threshold=6000
[06:48:39 ET] [MOVE] FIRESTORM_GATE_BLOCK DCOY setup=move_strike prior_bar_ticks=1566 threshold=6000
[06:48:39 ET] [MOVE] FIRESTORM_GATE_BLOCK DCOY setup=move_strike prior_bar_ticks=1566 threshold=6000
[06:48:39 ET] [MOVE] FIRESTORM_GATE_BLOCK DCOY setup=move_strike prior_bar_ticks=1566 threshold=6000
[06:48:39 ET] [MOVE] FIRESTORM_GATE_BLOCK DCOY setup=move_strike prior_bar_ticks=1566 threshold=6000
[06:48:39 ET] [MOVE] FIRESTORM_GATE_BLOCK DCOY setup=move_strike prior_bar_ticks=1566 threshold=6000
[06:48:39 ET] [MOVE] FIRESTORM_GATE_BLOCK DCOY setup=move_strike prior_bar_ticks=1566 threshold=6000
[06:48:39 ET] [MOVE] FIRESTORM_GATE_BLOCK DCOY setup=move_strike prior_bar_ticks=1566 threshold=6000
[06:48:39 ET] [MOVE] FIRESTORM_GATE_BLOCK DCOY setup=move_strike prior_bar_ticks=1566 threshold=6000
[06:48:39 ET] [MOVE] FIRESTORM_GATE_BLOCK DCOY setup=move_strike prior_bar_ticks=1566 threshold=6000
[06:48:39 ET] [MOVE] FIRESTORM_GATE_BLOCK DCOY setup=move_strike prior_bar_ticks=1566 threshold=6000
[06:48:39 ET] [MOVE] FIRESTORM_GATE_BLOCK DCOY setup=move_strike prior_bar_ticks=1566 threshold=6000
[06:48:39 ET] [MOVE] FIRESTORM_GATE_BLOCK DCOY setup=move_strike prior_bar_ticks=1566 threshold=6000
[06:48:39 ET] [MOVE] FIRESTORM_GATE_BLOCK DCOY setup=move_strike prior_bar_ticks=1566 threshold=6000
[06:48:39 ET] [MOVE] FIRESTORM_GATE_BLOCK DCOY setup=move_strike prior_bar_ticks=1566 threshold=6000
[06:48:39 ET] [MOVE] FIRESTORM_GATE_BLOCK DCOY setup=move_strike prior_bar_ticks=1566 threshold=6000
[06:48:39 ET] [MOVE] FIRESTORM_GATE_BLOCK DCOY setup=move_strike prior_bar_ticks=1566 threshold=6000
[06:48:39 ET] [MOVE] FIRESTORM_GATE_BLOCK DCOY setup=move_strike prior_bar_ticks=1566 threshold=6000
[06:48:39 ET] [MOVE] FIRESTORM_GATE_BLOCK DCOY setup=move_strike prior_bar_ticks=1566 threshold=6000
[06:48:39 ET] [MOVE] FIRESTORM_GATE_BLOCK DCOY setup=move_strike prior_bar_ticks=1566 threshold=6000
[06:48:39 ET] [MOVE] FIRESTORM_GATE_BLOCK DCOY setup=move_strike prior_bar_ticks=1566 threshold=6000
[06:48:39 ET] [MOVE] FIRESTORM_GATE_BLOCK DCOY setup=move_strike prior_bar_ticks=1566 threshold=6000
[06:48:39 ET] [MOVE] FIRESTORM_GATE_BLOCK DCOY setup=move_strike prior_bar_ticks=1566 threshold=6000
[06:48:39 ET] [MOVE] FIRESTORM_GATE_BLOCK DCOY setup=move_strike prior_bar_ticks=1566 threshold=6000
[06:48:39 ET] [MOVE] FIRESTORM_GATE_BLOCK DCOY setup=move_strike prior_bar_ticks=1566 threshold=6000
[06:48:39 ET] [MOVE] FIRESTORM_GATE_BLOCK DCOY setup=move_strike prior_bar_ticks=1566 threshold=6000
[06:48:39 ET] [MOVE] FIRESTORM_GATE_BLOCK DCOY setup=move_strike prior_bar_ticks=1566 threshold=6000
[06:48:39 ET] [MOVE] FIRESTORM_GATE_BLOCK DCOY setup=move_strike prior_bar_ticks=1566 threshold=6000
[06:48:39 ET] [MOVE] FIRESTORM_GATE_BLOCK DCOY setup=move_strike prior_bar_ticks=1566 threshold=6000
[06:48:39 ET] [MOVE] FIRESTORM_GATE_BLOCK DCOY setup=move_strike prior_bar_ticks=1566 threshold=6000
[06:48:39 ET] [MOVE] FIRESTORM_GATE_BLOCK DCOY setup=move_strike prior_bar_ticks=1566 threshold=6000
[06:48:39 ET] [MOVE] FIRESTORM_GATE_BLOCK DCOY setup=move_strike prior_bar_ticks=1566 threshold=6000
[06:48:39 ET] [MOVE] FIRESTORM_GATE_BLOCK DCOY setup=move_strike prior_bar_ticks=1566 threshold=6000
[06:48:39 ET] [MOVE] FIRESTORM_GATE_BLOCK DCOY setup=move_strike prior_bar_ticks=1566 threshold=6000
[06:48:39 ET] [MOVE] FIRESTORM_GATE_BLOCK DCOY setup=move_strike prior_bar_ticks=1566 threshold=6000
[06:48:39 ET] [MOVE] FIRESTORM_GATE_BLOCK DCOY setup=move_strike prior_bar_ticks=1566 threshold=6000
[06:48:39 ET] [MOVE] FIRESTORM_GATE_BLOCK DCOY setup=move_strike prior_bar_ticks=1566 threshold=6000
[06:48:39 ET] [MOVE] FIRESTORM_GATE_BLOCK DCOY setup=move_strike prior_bar_ticks=1566 threshold=6000
[06:48:39 ET] [MOVE] FIRESTORM_GATE_BLOCK DCOY setup=move_strike prior_bar_ticks=1566 threshold=6000
[06:48:39 ET] [MOVE] FIRESTORM_GATE_BLOCK DCOY setup=move_strike prior_bar_ticks=1566 threshold=6000
[06:48:39 ET] [MOVE] FIRESTORM_GATE_BLOCK DCOY setup=move_strike prior_bar_ticks=1566 threshold=6000
[06:48:39 ET] [MOVE] FIRESTORM_GATE_BLOCK DCOY setup=move_strike prior_bar_ticks=1566 threshold=6000
[06:48:39 ET] [MOVE] FIRESTORM_GATE_BLOCK DCOY setup=move_strike prior_bar_ticks=1566 threshold=6000
[06:48:39 ET] [MOVE] FIRESTORM_GATE_BLOCK DCOY setup=move_strike prior_bar_ticks=1566 threshold=6000
[06:48:39 ET] [MOVE] FIRESTORM_GATE_BLOCK DCOY setup=move_strike prior_bar_ticks=1566 threshold=6000
[06:48:39 ET] [MOVE] FIRESTORM_GATE_BLOCK DCOY setup=move_strike prior_bar_ticks=1566 threshold=6000
[06:48:39 ET] [MOVE] FIRESTORM_GATE_BLOCK DCOY setup=move_strike prior_bar_ticks=1566 threshold=6000
[06:48:39 ET] [MOVE] FIRESTORM_GATE_BLOCK DCOY setup=move_strike prior_bar_ticks=1566 threshold=6000
[06:48:39 ET] [MOVE] FIRESTORM_GATE_BLOCK DCOY setup=move_strike prior_bar_ticks=1566 threshold=6000
[06:48:39 ET] [MOVE] FIRESTORM_GATE_BLOCK DCOY setup=move_strike prior_bar_ticks=1566 threshold=6000
[06:48:39 ET] [MOVE] FIRESTORM_GATE_BLOCK DCOY setup=move_strike prior_bar_ticks=1566 threshold=6000
[06:48:39 ET] [MOVE] FIRESTORM_GATE_BLOCK DCOY setup=move_strike prior_bar_ticks=1566 threshold=6000
[06:48:39 ET] [MOVE] FIRESTORM_GATE_BLOCK DCOY setup=move_strike prior_bar_ticks=1566 threshold=6000
[06:48:39 ET] [MOVE] FIRESTORM_GATE_BLOCK DCOY setup=move_strike prior_bar_ticks=1566 threshold=6000
[06:48:39 ET] [MOVE] FIRESTORM_GATE_BLOCK DCOY setup=move_strike prior_bar_ticks=1566 threshold=6000
[06:48:39 ET] [MOVE] FIRESTORM_GATE_BLOCK DCOY setup=move_strike prior_bar_ticks=1566 threshold=6000
[06:48:39 ET] [MOVE] FIRESTORM_GATE_BLOCK DCOY setup=move_strike prior_bar_ticks=1566 threshold=6000
[06:48:39 ET] [MOVE] FIRESTORM_GATE_BLOCK DCOY setup=move_strike prior_bar_ticks=1566 threshold=6000
[06:48:39 ET] [MOVE] FIRESTORM_GATE_BLOCK DCOY setup=move_strike prior_bar_ticks=1566 threshold=6000
[06:48:39 ET] [MOVE] FIRESTORM_GATE_BLOCK DCOY setup=move_strike prior_bar_ticks=1566 threshold=6000
[06:48:39 ET] [MOVE] FIRESTORM_GATE_BLOCK DCOY setup=move_strike prior_bar_ticks=1566 threshold=6000
[06:48:39 ET] [MOVE] FIRESTORM_GATE_BLOCK DCOY setup=move_strike prior_bar_ticks=1566 threshold=6000
[06:48:39 ET] [MOVE] FIRESTORM_GATE_BLOCK DCOY setup=move_strike prior_bar_ticks=1566 threshold=6000
[06:48:39 ET] [MOVE] FIRESTORM_GATE_BLOCK DCOY setup=move_strike prior_bar_ticks=1566 threshold=6000
[06:48:39 ET] [MOVE] FIRESTORM_GATE_BLOCK DCOY setup=move_strike prior_bar_ticks=1566 threshold=6000
[06:48:39 ET] [MOVE] FIRESTORM_GATE_BLOCK DCOY setup=move_strike prior_bar_ticks=1566 threshold=6000
[06:48:39 ET] [MOVE] FIRESTORM_GATE_BLOCK DCOY setup=move_strike prior_bar_ticks=1566 threshold=6000
[06:48:39 ET] [MOVE] FIRESTORM_GATE_BLOCK DCOY setup=move_strike prior_bar_ticks=1566 threshold=6000
[06:48:39 ET] [MOVE] FIRESTORM_GATE_BLOCK DCOY setup=move_strike prior_bar_ticks=1566 threshold=6000
[06:48:39 ET] [MOVE] FIRESTORM_GATE_BLOCK DCOY setup=move_strike prior_bar_ticks=1566 threshold=6000
[06:48:39 ET] [MOVE] FIRESTORM_GATE_BLOCK DCOY setup=move_strike prior_bar_ticks=1566 threshold=6000
[06:48:39 ET] [MOVE] FIRESTORM_GATE_BLOCK DCOY setup=move_strike prior_bar_ticks=1566 threshold=6000
[06:48:39 ET] [MOVE] FIRESTORM_GATE_BLOCK DCOY setup=move_strike prior_bar_ticks=1566 threshold=6000
[06:48:39 ET] [MOVE] FIRESTORM_GATE_BLOCK DCOY setup=move_strike prior_bar_ticks=1566 threshold=6000
[06:48:39 ET] [MOVE] FIRESTORM_GATE_BLOCK DCOY setup=move_strike prior_bar_ticks=1566 threshold=6000
[06:48:39 ET] [MOVE] FIRESTORM_GATE_BLOCK DCOY setup=move_strike prior_bar_ticks=1566 threshold=6000
[06:48:39 ET] [MOVE] FIRESTORM_GATE_BLOCK DCOY setup=move_strike prior_bar_ticks=1566 threshold=6000
[06:48:39 ET] [MOVE] FIRESTORM_GATE_BLOCK DCOY setup=move_strike prior_bar_ticks=1566 threshold=6000
[06:48:39 ET] [MOVE] FIRESTORM_GATE_BLOCK DCOY setup=move_strike prior_bar_ticks=1566 threshold=6000
[06:48:39 ET] [MOVE] FIRESTORM_GATE_BLOCK DCOY setup=move_strike prior_bar_ticks=1566 threshold=6000
[06:48:39 ET] [MOVE] FIRESTORM_GATE_BLOCK DCOY setup=move_strike prior_bar_ticks=1566 threshold=6000
[06:48:39 ET] [MOVE] FIRESTORM_GATE_BLOCK DCOY setup=move_strike prior_bar_ticks=1566 threshold=6000
[06:48:39 ET] [MOVE] FIRESTORM_GATE_BLOCK DCOY setup=move_strike prior_bar_ticks=1566 threshold=6000
[06:48:39 ET] [MOVE] FIRESTORM_GATE_BLOCK DCOY setup=move_strike prior_bar_ticks=1566 threshold=6000
[06:48:39 ET] [MOVE] FIRESTORM_GATE_BLOCK DCOY setup=move_strike prior_bar_ticks=1566 threshold=6000
[06:48:39 ET] [MOVE] FIRESTORM_GATE_BLOCK DCOY setup=move_strike prior_bar_ticks=1566 threshold=6000
[06:48:39 ET] [MOVE] FIRESTORM_GATE_BLOCK DCOY setup=move_strike prior_bar_ticks=1566 threshold=6000
[06:48:39 ET] [MOVE] FIRESTORM_GATE_BLOCK DCOY setup=move_strike prior_bar_ticks=1566 threshold=6000
[06:48:39 ET] [MOVE] FIRESTORM_GATE_BLOCK DCOY setup=move_strike prior_bar_ticks=1566 threshold=6000
[06:48:39 ET] [MOVE] FIRESTORM_GATE_BLOCK DCOY setup=move_strike prior_bar_ticks=1566 threshold=6000
[06:48:39 ET] [MOVE] FIRESTORM_GATE_BLOCK DCOY setup=move_strike prior_bar_ticks=1566 threshold=6000
[06:48:39 ET] [MOVE] FIRESTORM_GATE_BLOCK DCOY setup=move_strike prior_bar_ticks=1566 threshold=6000
[06:48:39 ET] [MOVE] FIRESTORM_GATE_BLOCK DCOY setup=move_strike prior_bar_ticks=1566 threshold=6000
[06:48:39 ET] [MOVE] FIRESTORM_GATE_BLOCK DCOY setup=move_strike prior_bar_ticks=1566 threshold=6000
[06:48:39 ET] [MOVE] FIRESTORM_GATE_BLOCK DCOY setup=move_strike prior_bar_ticks=1566 threshold=6000
[06:48:39 ET] [MOVE] FIRESTORM_GATE_BLOCK DCOY setup=move_strike prior_bar_ticks=1566 threshold=6000
[06:48:39 ET] [MOVE] FIRESTORM_GATE_BLOCK DCOY setup=move_strike prior_bar_ticks=1566 threshold=6000
[06:48:40 ET] [MOVE] FIRESTORM_GATE_BLOCK DCOY setup=move_strike prior_bar_ticks=1566 threshold=6000
[06:48:40 ET] [MOVE] FIRESTORM_GATE_BLOCK DCOY setup=move_strike prior_bar_ticks=1566 threshold=6000
[06:48:40 ET] [MOVE] FIRESTORM_GATE_BLOCK DCOY setup=move_strike prior_bar_ticks=1566 threshold=6000
[06:48:40 ET] [MOVE] FIRESTORM_GATE_BLOCK DCOY setup=move_strike prior_bar_ticks=1566 threshold=6000
[06:48:40 ET] [MOVE] FIRESTORM_GATE_BLOCK DCOY setup=move_strike prior_bar_ticks=1566 threshold=6000
[06:48:40 ET] [MOVE] FIRESTORM_GATE_BLOCK DCOY setup=move_strike prior_bar_ticks=1566 threshold=6000
[06:48:40 ET] [MOVE] FIRESTORM_GATE_BLOCK DCOY setup=move_strike prior_bar_ticks=1566 threshold=6000
[06:48:40 ET] [MOVE] FIRESTORM_GATE_BLOCK DCOY setup=move_strike prior_bar_ticks=1566 threshold=6000
[06:48:40 ET] [MOVE] FIRESTORM_GATE_BLOCK DCOY setup=move_strike prior_bar_ticks=1566 threshold=6000
[06:48:40 ET] [MOVE] FIRESTORM_GATE_BLOCK DCOY setup=move_strike prior_bar_ticks=1566 threshold=6000
[06:48:40 ET] [MOVE] FIRESTORM_GATE_BLOCK DCOY setup=move_strike prior_bar_ticks=1566 threshold=6000
[06:48:40 ET] [MOVE] FIRESTORM_GATE_BLOCK DCOY setup=move_strike prior_bar_ticks=1566 threshold=6000
[06:48:40 ET] [MOVE] FIRESTORM_GATE_BLOCK DCOY setup=move_strike prior_bar_ticks=1566 threshold=6000
[06:48:40 ET] [MOVE] FIRESTORM_GATE_BLOCK DCOY setup=move_strike prior_bar_ticks=1566 threshold=6000
[06:48:40 ET] [MOVE] FIRESTORM_GATE_BLOCK DCOY setup=move_strike prior_bar_ticks=1566 threshold=6000
[06:48:40 ET] [MOVE] FIRESTORM_GATE_BLOCK DCOY setup=move_strike prior_bar_ticks=1566 threshold=6000
[06:48:40 ET] [MOVE] FIRESTORM_GATE_BLOCK DCOY setup=move_strike prior_bar_ticks=1566 threshold=6000
[06:48:40 ET] [MOVE] FIRESTORM_GATE_BLOCK DCOY setup=move_strike prior_bar_ticks=1566 threshold=6000
[06:48:40 ET] [MOVE] FIRESTORM_GATE_BLOCK DCOY setup=move_strike prior_bar_ticks=1566 threshold=6000
[06:48:40 ET] [MOVE] FIRESTORM_GATE_BLOCK DCOY setup=move_strike prior_bar_ticks=1566 threshold=6000
[06:48:40 ET] [MOVE] FIRESTORM_GATE_BLOCK DCOY setup=move_strike prior_bar_ticks=1566 threshold=6000
[06:48:40 ET] [MOVE] FIRESTORM_GATE_BLOCK DCOY setup=move_strike prior_bar_ticks=1566 threshold=6000
[06:48:40 ET] [MOVE] FIRESTORM_GATE_BLOCK DCOY setup=move_strike prior_bar_ticks=1566 threshold=6000
[06:48:40 ET] [MOVE] FIRESTORM_GATE_BLOCK DCOY setup=move_strike prior_bar_ticks=1566 threshold=6000
[06:48:40 ET] [MOVE] FIRESTORM_GATE_BLOCK DCOY setup=move_strike prior_bar_ticks=1566 threshold=6000
[06:48:40 ET] [MOVE] FIRESTORM_GATE_BLOCK DCOY setup=move_strike prior_bar_ticks=1566 threshold=6000
[06:48:40 ET] [MOVE] FIRESTORM_GATE_BLOCK DCOY setup=move_strike prior_bar_ticks=1566 threshold=6000
[06:48:40 ET] [MOVE] FIRESTORM_GATE_BLOCK DCOY setup=move_strike prior_bar_ticks=1566 threshold=6000
[06:48:40 ET] [MOVE] FIRESTORM_GATE_BLOCK DCOY setup=move_strike prior_bar_ticks=1566 threshold=6000
[06:48:40 ET] [MOVE] FIRESTORM_GATE_BLOCK DCOY setup=move_strike prior_bar_ticks=1566 threshold=6000
[06:48:40 ET] [MOVE] FIRESTORM_GATE_BLOCK DCOY setup=move_strike prior_bar_ticks=1566 threshold=6000
[06:48:40 ET] [MOVE] FIRESTORM_GATE_BLOCK DCOY setup=move_strike prior_bar_ticks=1566 threshold=6000
[06:48:40 ET] [MOVE] FIRESTORM_GATE_BLOCK DCOY setup=move_strike prior_bar_ticks=1566 threshold=6000
[06:48:40 ET] [MOVE] FIRESTORM_GATE_BLOCK DCOY setup=move_strike prior_bar_ticks=1566 threshold=6000
[06:48:40 ET] [MOVE] FIRESTORM_GATE_BLOCK DCOY setup=move_strike prior_bar_ticks=1566 threshold=6000
[06:48:40 ET] [MOVE] FIRESTORM_GATE_BLOCK DCOY setup=move_strike prior_bar_ticks=1566 threshold=6000
[06:48:40 ET] [MOVE] FIRESTORM_GATE_BLOCK DCOY setup=move_strike prior_bar_ticks=1566 threshold=6000
[06:48:40 ET] [MOVE] FIRESTORM_GATE_BLOCK DCOY setup=move_strike prior_bar_ticks=1566 threshold=6000
[06:48:40 ET] [MOVE] FIRESTORM_GATE_BLOCK DCOY setup=move_strike prior_bar_ticks=1566 threshold=6000
[06:48:40 ET] [MOVE] FIRESTORM_GATE_BLOCK DCOY setup=move_strike prior_bar_ticks=1566 threshold=6000
[06:48:40 ET] [MOVE] FIRESTORM_GATE_BLOCK DCOY setup=move_strike prior_bar_ticks=1566 threshold=6000
[06:48:40 ET] [MOVE] FIRESTORM_GATE_BLOCK DCOY setup=move_strike prior_bar_ticks=1566 threshold=6000
[06:48:40 ET] [MOVE] FIRESTORM_GATE_BLOCK DCOY setup=move_strike prior_bar_ticks=1566 threshold=6000
[06:48:45 ET] [MOVE] FIRESTORM_GATE_BLOCK DCOY setup=move_strike prior_bar_ticks=1566 threshold=6000
[06:48:45 ET] [MOVE] FIRESTORM_GATE_BLOCK DCOY setup=move_strike prior_bar_ticks=1566 threshold=6000
[06:48:45 ET] [MOVE] FIRESTORM_GATE_BLOCK DCOY setup=move_strike prior_bar_ticks=1566 threshold=6000
[06:48:45 ET] [MOVE] FIRESTORM_GATE_BLOCK DCOY setup=move_strike prior_bar_ticks=1566 threshold=6000
[06:48:45 ET] [MOVE] FIRESTORM_GATE_BLOCK DCOY setup=move_strike prior_bar_ticks=1566 threshold=6000
[06:48:45 ET] [MOVE] FIRESTORM_GATE_BLOCK DCOY setup=move_strike prior_bar_ticks=1566 threshold=6000
[06:48:45 ET] [MOVE] FIRESTORM_GATE_BLOCK DCOY setup=move_strike prior_bar_ticks=1566 threshold=6000
[06:48:45 ET] [MOVE] FIRESTORM_GATE_BLOCK DCOY setup=move_strike prior_bar_ticks=1566 threshold=6000
[06:48:45 ET] [MOVE] FIRESTORM_GATE_BLOCK DCOY setup=move_strike prior_bar_ticks=1566 threshold=6000
[06:48:45 ET] [MOVE] FIRESTORM_GATE_BLOCK DCOY setup=move_strike prior_bar_ticks=1566 threshold=6000
[06:48:45 ET] [MOVE] FIRESTORM_GATE_BLOCK DCOY setup=move_strike prior_bar_ticks=1566 threshold=6000
[06:48:45 ET] [MOVE] FIRESTORM_GATE_BLOCK DCOY setup=move_strike prior_bar_ticks=1566 threshold=6000
[06:48:45 ET] [MOVE] FIRESTORM_GATE_BLOCK DCOY setup=move_strike prior_bar_ticks=1566 threshold=6000
[06:48:45 ET] [MOVE] FIRESTORM_GATE_BLOCK DCOY setup=move_strike prior_bar_ticks=1566 threshold=6000
[06:48:45 ET] [MOVE] FIRESTORM_GATE_BLOCK DCOY setup=move_strike prior_bar_ticks=1566 threshold=6000
[06:48:45 ET] [MOVE] FIRESTORM_GATE_BLOCK DCOY setup=move_strike prior_bar_ticks=1566 threshold=6000
[06:48:45 ET] [MOVE] FIRESTORM_GATE_BLOCK DCOY setup=move_strike prior_bar_ticks=1566 threshold=6000
[06:48:45 ET] [MOVE] FIRESTORM_GATE_BLOCK DCOY setup=move_strike prior_bar_ticks=1566 threshold=6000
[06:48:45 ET] [MOVE] FIRESTORM_GATE_BLOCK DCOY setup=move_strike prior_bar_ticks=1566 threshold=6000
[06:48:45 ET] [MOVE] FIRESTORM_GATE_BLOCK DCOY setup=move_strike prior_bar_ticks=1566 threshold=6000
[06:48:45 ET] [MOVE] FIRESTORM_GATE_BLOCK DCOY setup=move_strike prior_bar_ticks=1566 threshold=6000
[06:48:45 ET] [MOVE] FIRESTORM_GATE_BLOCK DCOY setup=move_strike prior_bar_ticks=1566 threshold=6000
[06:48:45 ET] [MOVE] FIRESTORM_GATE_BLOCK DCOY setup=move_strike prior_bar_ticks=1566 threshold=6000
[06:48:45 ET] [MOVE] FIRESTORM_GATE_BLOCK DCOY setup=move_strike prior_bar_ticks=1566 threshold=6000
[06:48:45 ET] [MOVE] FIRESTORM_GATE_BLOCK DCOY setup=move_strike prior_bar_ticks=1566 threshold=6000
[06:48:45 ET] [MOVE] FIRESTORM_GATE_BLOCK DCOY setup=move_strike prior_bar_ticks=1566 threshold=6000
[06:48:45 ET] [MOVE] FIRESTORM_GATE_BLOCK DCOY setup=move_strike prior_bar_ticks=1566 threshold=6000
[06:48:45 ET] [MOVE] FIRESTORM_GATE_BLOCK DCOY setup=move_strike prior_bar_ticks=1566 threshold=6000
[06:48:45 ET] [MOVE] FIRESTORM_GATE_BLOCK DCOY setup=move_strike prior_bar_ticks=1566 threshold=6000
[06:48:45 ET] [MOVE] FIRESTORM_GATE_BLOCK DCOY setup=move_strike prior_bar_ticks=1566 threshold=6000
[06:48:45 ET] [MOVE] FIRESTORM_GATE_BLOCK DCOY setup=move_strike prior_bar_ticks=1566 threshold=6000
[06:48:45 ET] [MOVE] FIRESTORM_GATE_BLOCK DCOY setup=move_strike prior_bar_ticks=1566 threshold=6000
[06:48:45 ET] [MOVE] FIRESTORM_GATE_BLOCK DCOY setup=move_strike prior_bar_ticks=1566 threshold=6000
[06:48:45 ET] [MOVE] FIRESTORM_GATE_BLOCK DCOY setup=move_strike prior_bar_ticks=1566 threshold=6000
[06:48:45 ET] [MOVE] FIRESTORM_GATE_BLOCK DCOY setup=move_strike prior_bar_ticks=1566 threshold=6000
[06:48:45 ET] [MOVE] FIRESTORM_GATE_BLOCK DCOY setup=move_strike prior_bar_ticks=1566 threshold=6000
[06:48:45 ET] [MOVE] FIRESTORM_GATE_BLOCK DCOY setup=move_strike prior_bar_ticks=1566 threshold=6000
[06:48:45 ET] [MOVE] FIRESTORM_GATE_BLOCK DCOY setup=move_strike prior_bar_ticks=1566 threshold=6000
[06:48:45 ET] [MOVE] FIRESTORM_GATE_BLOCK DCOY setup=move_strike prior_bar_ticks=1566 threshold=6000
[06:48:45 ET] [MOVE] FIRESTORM_GATE_BLOCK DCOY setup=move_strike prior_bar_ticks=1566 threshold=6000
[06:48:45 ET] [MOVE] FIRESTORM_GATE_BLOCK DCOY setup=move_strike prior_bar_ticks=1566 threshold=6000
[06:48:45 ET] [MOVE] FIRESTORM_GATE_BLOCK DCOY setup=move_strike prior_bar_ticks=1566 threshold=6000
[06:48:45 ET] [MOVE] FIRESTORM_GATE_BLOCK DCOY setup=move_strike prior_bar_ticks=1566 threshold=6000
[06:48:45 ET] [MOVE] FIRESTORM_GATE_BLOCK DCOY setup=move_strike prior_bar_ticks=1566 threshold=6000
[06:48:45 ET] [MOVE] FIRESTORM_GATE_BLOCK DCOY setup=move_strike prior_bar_ticks=1566 threshold=6000
[06:48:45 ET] [MOVE] FIRESTORM_GATE_BLOCK DCOY setup=move_strike prior_bar_ticks=1566 threshold=6000
[06:48:45 ET] [MOVE] FIRESTORM_GATE_BLOCK DCOY setup=move_strike prior_bar_ticks=1566 threshold=6000
[06:48:45 ET] [MOVE] FIRESTORM_GATE_BLOCK DCOY setup=move_strike prior_bar_ticks=1566 threshold=6000
[06:48:45 ET] [MOVE] FIRESTORM_GATE_BLOCK DCOY setup=move_strike prior_bar_ticks=1566 threshold=6000
[06:48:45 ET] [MOVE] FIRESTORM_GATE_BLOCK DCOY setup=move_strike prior_bar_ticks=1566 threshold=6000
[06:48:45 ET] [MOVE] FIRESTORM_GATE_BLOCK DCOY setup=move_strike prior_bar_ticks=1566 threshold=6000
[06:48:45 ET] [MOVE] FIRESTORM_GATE_BLOCK DCOY setup=move_strike prior_bar_ticks=1566 threshold=6000
[06:48:45 ET] [MOVE] FIRESTORM_GATE_BLOCK DCOY setup=move_strike prior_bar_ticks=1566 threshold=6000
[06:48:45 ET] [MOVE] FIRESTORM_GATE_BLOCK DCOY setup=move_strike prior_bar_ticks=1566 threshold=6000
[06:48:45 ET] [MOVE] FIRESTORM_GATE_BLOCK DCOY setup=move_strike prior_bar_ticks=1566 threshold=6000
[06:48:45 ET] [MOVE] FIRESTORM_GATE_BLOCK DCOY setup=move_strike prior_bar_ticks=1566 threshold=6000
[06:48:45 ET] [MOVE] FIRESTORM_GATE_BLOCK DCOY setup=move_strike prior_bar_ticks=1566 threshold=6000
[06:48:45 ET] [MOVE] FIRESTORM_GATE_BLOCK DCOY setup=move_strike prior_bar_ticks=1566 threshold=6000
[06:48:45 ET] [MOVE] FIRESTORM_GATE_BLOCK DCOY setup=move_strike prior_bar_ticks=1566 threshold=6000
[06:48:45 ET] [MOVE] FIRESTORM_GATE_BLOCK DCOY setup=move_strike prior_bar_ticks=1566 threshold=6000
[06:48:45 ET] [MOVE] FIRESTORM_GATE_BLOCK DCOY setup=move_strike prior_bar_ticks=1566 threshold=6000
[06:48:45 ET] [MOVE] FIRESTORM_GATE_BLOCK DCOY setup=move_strike prior_bar_ticks=1566 threshold=6000
[06:48:45 ET] [MOVE] FIRESTORM_GATE_BLOCK DCOY setup=move_strike prior_bar_ticks=1566 threshold=6000
[06:48:45 ET] [MOVE] FIRESTORM_GATE_BLOCK DCOY setup=move_strike prior_bar_ticks=1566 threshold=6000
[06:48:46 ET] [MOVE] FIRESTORM_GATE_BLOCK DCOY setup=move_strike prior_bar_ticks=1566 threshold=6000
[06:48:46 ET] [MOVE] FIRESTORM_GATE_BLOCK DCOY setup=move_strike prior_bar_ticks=1566 threshold=6000
[06:48:46 ET] [MOVE] FIRESTORM_GATE_BLOCK DCOY setup=move_strike prior_bar_ticks=1566 threshold=6000
[06:48:46 ET] [MOVE] FIRESTORM_GATE_BLOCK DCOY setup=move_strike prior_bar_ticks=1566 threshold=6000
[06:48:46 ET] [MOVE] FIRESTORM_GATE_BLOCK DCOY setup=move_strike prior_bar_ticks=1566 threshold=6000
[06:48:46 ET] [MOVE] FIRESTORM_GATE_BLOCK DCOY setup=move_strike prior_bar_ticks=1566 threshold=6000
[06:48:46 ET] [MOVE] FIRESTORM_GATE_BLOCK DCOY setup=move_strike prior_bar_ticks=1566 threshold=6000
[06:48:46 ET] [MOVE] FIRESTORM_GATE_BLOCK DCOY setup=move_strike prior_bar_ticks=1566 threshold=6000
[06:48:46 ET] [MOVE] FIRESTORM_GATE_BLOCK DCOY setup=move_strike prior_bar_ticks=1566 threshold=6000
[06:48:46 ET] [MOVE] FIRESTORM_GATE_BLOCK DCOY setup=move_strike prior_bar_ticks=1566 threshold=6000
[06:48:46 ET] [MOVE] FIRESTORM_GATE_BLOCK DCOY setup=move_strike prior_bar_ticks=1566 threshold=6000
[06:48:46 ET] [MOVE] FIRESTORM_GATE_BLOCK DCOY setup=move_strike prior_bar_ticks=1566 threshold=6000
[06:48:46 ET] [MOVE] FIRESTORM_GATE_BLOCK DCOY setup=move_strike prior_bar_ticks=1566 threshold=6000
[06:48:46 ET] [MOVE] FIRESTORM_GATE_BLOCK DCOY setup=move_strike prior_bar_ticks=1566 threshold=6000
[06:48:46 ET] [MOVE] FIRESTORM_GATE_BLOCK DCOY setup=move_strike prior_bar_ticks=1566 threshold=6000
[06:48:46 ET] [MOVE] FIRESTORM_GATE_BLOCK DCOY setup=move_strike prior_bar_ticks=1566 threshold=6000
[06:48:46 ET] [MOVE] FIRESTORM_GATE_BLOCK DCOY setup=move_strike prior_bar_ticks=1566 threshold=6000
[06:48:46 ET] [MOVE] FIRESTORM_GATE_BLOCK DCOY setup=move_strike prior_bar_ticks=1566 threshold=6000
[06:48:46 ET] [MOVE] FIRESTORM_GATE_BLOCK DCOY setup=move_strike prior_bar_ticks=1566 threshold=6000
[06:48:46 ET] [MOVE] FIRESTORM_GATE_BLOCK DCOY setup=move_strike prior_bar_ticks=1566 threshold=6000
[06:48:46 ET] [MOVE] FIRESTORM_GATE_BLOCK DCOY setup=move_strike prior_bar_ticks=1566 threshold=6000
[06:48:46 ET] [MOVE] FIRESTORM_GATE_BLOCK DCOY setup=move_strike prior_bar_ticks=1566 threshold=6000
[06:48:46 ET] [MOVE] FIRESTORM_GATE_BLOCK DCOY setup=move_strike prior_bar_ticks=1566 threshold=6000
[06:48:46 ET] [MOVE] FIRESTORM_GATE_BLOCK DCOY setup=move_strike prior_bar_ticks=1566 threshold=6000
[06:48:46 ET] [MOVE] FIRESTORM_GATE_BLOCK DCOY setup=move_strike prior_bar_ticks=1566 threshold=6000
[06:48:46 ET] [MOVE] FIRESTORM_GATE_BLOCK DCOY setup=move_strike prior_bar_ticks=1566 threshold=6000
[06:48:46 ET] [MOVE] FIRESTORM_GATE_BLOCK DCOY setup=move_strike prior_bar_ticks=1566 threshold=6000
[06:48:46 ET] [MOVE] FIRESTORM_GATE_BLOCK DCOY setup=move_strike prior_bar_ticks=1566 threshold=6000
[06:48:46 ET] [MOVE] FIRESTORM_GATE_BLOCK DCOY setup=move_strike prior_bar_ticks=1566 threshold=6000
[06:48:46 ET] [MOVE] FIRESTORM_GATE_BLOCK DCOY setup=move_strike prior_bar_ticks=1566 threshold=6000
[06:48:46 ET] [MOVE] FIRESTORM_GATE_BLOCK DCOY setup=move_strike prior_bar_ticks=1566 threshold=6000
[06:48:47 ET] [MOVE] FIRESTORM_GATE_BLOCK DCOY setup=move_strike prior_bar_ticks=1566 threshold=6000
[06:48:47 ET] [MOVE] FIRESTORM_GATE_BLOCK DCOY setup=move_strike prior_bar_ticks=1566 threshold=6000
[06:48:47 ET] [MOVE] FIRESTORM_GATE_BLOCK DCOY setup=move_strike prior_bar_ticks=1566 threshold=6000
[06:48:47 ET] [MOVE] FIRESTORM_GATE_BLOCK DCOY setup=move_strike prior_bar_ticks=1566 threshold=6000
[06:48:47 ET] [MOVE] FIRESTORM_GATE_BLOCK DCOY setup=move_strike prior_bar_ticks=1566 threshold=6000
[06:48:47 ET] [MOVE] FIRESTORM_GATE_BLOCK DCOY setup=move_strike prior_bar_ticks=1566 threshold=6000
[06:48:47 ET] [MOVE] FIRESTORM_GATE_BLOCK DCOY setup=move_strike prior_bar_ticks=1566 threshold=6000
[06:48:47 ET] [MOVE] FIRESTORM_GATE_BLOCK DCOY setup=move_strike prior_bar_ticks=1566 threshold=6000
[06:48:47 ET] [MOVE] FIRESTORM_GATE_BLOCK DCOY setup=move_strike prior_bar_ticks=1566 threshold=6000
[06:48:47 ET] [MOVE] FIRESTORM_GATE_BLOCK DCOY setup=move_strike prior_bar_ticks=1566 threshold=6000
[06:48:47 ET] [MOVE] FIRESTORM_GATE_BLOCK DCOY setup=move_strike prior_bar_ticks=1566 threshold=6000
[06:48:47 ET] [MOVE] FIRESTORM_GATE_BLOCK DCOY setup=move_strike prior_bar_ticks=1566 threshold=6000
[06:48:47 ET] [MOVE] FIRESTORM_GATE_BLOCK DCOY setup=move_strike prior_bar_ticks=1566 threshold=6000
[06:48:47 ET] [MOVE] FIRESTORM_GATE_BLOCK DCOY setup=move_strike prior_bar_ticks=1566 threshold=6000
[06:48:47 ET] [MOVE] FIRESTORM_GATE_BLOCK DCOY setup=move_strike prior_bar_ticks=1566 threshold=6000
[06:48:48 ET] [MOVE] FIRESTORM_GATE_BLOCK DCOY setup=move_strike prior_bar_ticks=1566 threshold=6000
[06:48:48 ET] [MOVE] FIRESTORM_GATE_BLOCK DCOY setup=move_strike prior_bar_ticks=1566 threshold=6000
[06:48:48 ET] [MOVE] FIRESTORM_GATE_BLOCK DCOY setup=move_strike prior_bar_ticks=1566 threshold=6000
[06:48:48 ET] [MOVE] FIRESTORM_GATE_BLOCK DCOY setup=move_strike prior_bar_ticks=1566 threshold=6000
[06:48:48 ET] [MOVE] FIRESTORM_GATE_BLOCK DCOY setup=move_strike prior_bar_ticks=1566 threshold=6000
[06:48:48 ET] [MOVE] FIRESTORM_GATE_BLOCK DCOY setup=move_strike prior_bar_ticks=1566 threshold=6000
[06:48:48 ET] [MOVE] FIRESTORM_GATE_BLOCK DCOY setup=move_strike prior_bar_ticks=1566 threshold=6000
[06:48:48 ET] [MOVE] FIRESTORM_GATE_BLOCK DCOY setup=move_strike prior_bar_ticks=1566 threshold=6000
[06:48:48 ET] [MOVE] FIRESTORM_GATE_BLOCK DCOY setup=move_strike prior_bar_ticks=1566 threshold=6000
[06:48:48 ET] [MOVE] FIRESTORM_GATE_BLOCK DCOY setup=move_strike prior_bar_ticks=1566 threshold=6000
[06:48:48 ET] [MOVE] FIRESTORM_GATE_BLOCK DCOY setup=move_strike prior_bar_ticks=1566 threshold=6000
[06:48:48 ET] [MOVE] FIRESTORM_GATE_BLOCK DCOY setup=move_strike prior_bar_ticks=1566 threshold=6000
[06:48:48 ET] [MOVE] FIRESTORM_GATE_BLOCK DCOY setup=move_strike prior_bar_ticks=1566 threshold=6000
[06:48:48 ET] [MOVE] FIRESTORM_GATE_BLOCK DCOY setup=move_strike prior_bar_ticks=1566 threshold=6000
[06:48:48 ET] [MOVE] FIRESTORM_GATE_BLOCK DCOY setup=move_strike prior_bar_ticks=1566 threshold=6000
[06:48:48 ET] [MOVE] FIRESTORM_GATE_BLOCK DCOY setup=move_strike prior_bar_ticks=1566 threshold=6000
[06:48:48 ET] [MOVE] FIRESTORM_GATE_BLOCK DCOY setup=move_strike prior_bar_ticks=1566 threshold=6000
[06:48:48 ET] [MOVE] FIRESTORM_GATE_BLOCK DCOY setup=move_strike prior_bar_ticks=1566 threshold=6000
[06:48:48 ET] [MOVE] FIRESTORM_GATE_BLOCK DCOY setup=move_strike prior_bar_ticks=1566 threshold=6000
[06:48:48 ET] [MOVE] FIRESTORM_GATE_BLOCK DCOY setup=move_strike prior_bar_ticks=1566 threshold=6000
[06:48:48 ET] [MOVE] FIRESTORM_GATE_BLOCK DCOY setup=move_strike prior_bar_ticks=1566 threshold=6000
[06:48:48 ET] [MOVE] FIRESTORM_GATE_BLOCK DCOY setup=move_strike prior_bar_ticks=1566 threshold=6000
[06:48:49 ET] [MOVE] FIRESTORM_GATE_BLOCK DCOY setup=move_strike prior_bar_ticks=1566 threshold=6000
  Tick cache: DCOY → +2,591 ticks (total 166,482)
  Tick cache: UPC → +119 ticks (total 84,469)
📦 Tick cache saved: 2 symbols → tick_cache/2026-06-29/
[06:49:00 ET] ACTIVE | flat | daily=$+0 (0t) | conn=OK | ticks=3689 | DCOY:2419t/ARMED/arm$14.02 UPC:116t/ARMED/arm$10.02
[TIER] STATUS tier1=['DCOY', 'UPC'] tier2=0 capacity=2/5
[06:49:01 ET] ACTIVE | flat | daily=$+0 (0t) | conn=OK | ticks=3723 | DCOY:2446t/ARMED/arm$14.02 UPC:123t/ARMED/arm$10.02
[06:49:14 ET] [MOVE] FIRESTORM_GATE_BLOCK DCOY setup=move_strike prior_bar_ticks=4370 threshold=6000
[06:49:14 ET] [MOVE] FIRESTORM_GATE_BLOCK DCOY setup=move_strike prior_bar_ticks=4370 threshold=6000
[06:49:14 ET] [MOVE] FIRESTORM_GATE_BLOCK DCOY setup=move_strike prior_bar_ticks=4370 threshold=6000
[06:49:14 ET] [MOVE] FIRESTORM_GATE_BLOCK DCOY setup=move_strike prior_bar_ticks=4370 threshold=6000
[06:49:14 ET] [MOVE] FIRESTORM_GATE_BLOCK DCOY setup=move_strike prior_bar_ticks=4370 threshold=6000
[06:49:14 ET] [MOVE] FIRESTORM_GATE_BLOCK DCOY setup=move_strike prior_bar_ticks=4370 threshold=6000
[06:49:14 ET] [MOVE] FIRESTORM_GATE_BLOCK DCOY setup=move_strike prior_bar_ticks=4370 threshold=6000
[06:49:14 ET] [MOVE] FIRESTORM_GATE_BLOCK DCOY setup=move_strike prior_bar_ticks=4370 threshold=6000
[06:49:14 ET] [MOVE] FIRESTORM_GATE_BLOCK DCOY setup=move_strike prior_bar_ticks=4370 threshold=6000
[06:49:14 ET] [MOVE] FIRESTORM_GATE_BLOCK DCOY setup=move_strike prior_bar_ticks=4370 threshold=6000
[06:49:14 ET] [MOVE] FIRESTORM_GATE_BLOCK DCOY setup=move_strike prior_bar_ticks=4370 threshold=6000
[06:49:14 ET] [MOVE] FIRESTORM_GATE_BLOCK DCOY setup=move_strike prior_bar_ticks=4370 threshold=6000
[06:49:14 ET] [MOVE] FIRESTORM_GATE_BLOCK DCOY setup=move_strike prior_bar_ticks=4370 threshold=6000
[06:49:14 ET] [MOVE] FIRESTORM_GATE_BLOCK DCOY setup=move_strike prior_bar_ticks=4370 threshold=6000
[06:49:14 ET] [MOVE] FIRESTORM_GATE_BLOCK DCOY setup=move_strike prior_bar_ticks=4370 threshold=6000
[06:49:14 ET] [MOVE] FIRESTORM_GATE_BLOCK DCOY setup=move_strike prior_bar_ticks=4370 threshold=6000
[06:49:14 ET] [MOVE] FIRESTORM_GATE_BLOCK DCOY setup=move_strike prior_bar_ticks=4370 threshold=6000
[06:49:14 ET] [MOVE] FIRESTORM_GATE_BLOCK DCOY setup=move_strike prior_bar_ticks=4370 threshold=6000
[06:49:14 ET] [MOVE] FIRESTORM_GATE_BLOCK DCOY setup=move_strike prior_bar_ticks=4370 threshold=6000
[06:49:14 ET] [MOVE] FIRESTORM_GATE_BLOCK DCOY setup=move_strike prior_bar_ticks=4370 threshold=6000
[06:49:14 ET] [MOVE] FIRESTORM_GATE_BLOCK DCOY setup=move_strike prior_bar_ticks=4370 threshold=6000
[06:49:14 ET] [MOVE] FIRESTORM_GATE_BLOCK DCOY setup=move_strike prior_bar_ticks=4370 threshold=6000
[06:49:14 ET] [MOVE] FIRESTORM_GATE_BLOCK DCOY setup=move_strike prior_bar_ticks=4370 threshold=6000
[06:49:14 ET] [MOVE] FIRESTORM_GATE_BLOCK DCOY setup=move_strike prior_bar_ticks=4370 threshold=6000
[06:49:14 ET] [MOVE] FIRESTORM_GATE_BLOCK DCOY setup=move_strike prior_bar_ticks=4370 threshold=6000
[06:49:14 ET] [MOVE] FIRESTORM_GATE_BLOCK DCOY setup=move_strike prior_bar_ticks=4370 threshold=6000
[06:49:14 ET] [MOVE] FIRESTORM_GATE_BLOCK DCOY setup=move_strike prior_bar_ticks=4370 threshold=6000
[06:49:14 ET] [MOVE] FIRESTORM_GATE_BLOCK DCOY setup=move_strike prior_bar_ticks=4370 threshold=6000
[06:49:14 ET] [MOVE] FIRESTORM_GATE_BLOCK DCOY setup=move_strike prior_bar_ticks=4370 threshold=6000
[06:49:14 ET] [MOVE] FIRESTORM_GATE_BLOCK DCOY setup=move_strike prior_bar_ticks=4370 threshold=6000
[06:49:14 ET] [MOVE] FIRESTORM_GATE_BLOCK DCOY setup=move_strike prior_bar_ticks=4370 threshold=6000
[06:49:14 ET] [MOVE] FIRESTORM_GATE_BLOCK DCOY setup=move_strike prior_bar_ticks=4370 threshold=6000
[06:49:14 ET] [MOVE] FIRESTORM_GATE_BLOCK DCOY setup=move_strike prior_bar_ticks=4370 threshold=6000
[06:49:14 ET] [MOVE] FIRESTORM_GATE_BLOCK DCOY setup=move_strike prior_bar_ticks=4370 threshold=6000
[06:49:14 ET] [MOVE] FIRESTORM_GATE_BLOCK DCOY setup=move_strike prior_bar_ticks=4370 threshold=6000
[06:49:14 ET] [MOVE] FIRESTORM_GATE_BLOCK DCOY setup=move_strike prior_bar_ticks=4370 threshold=6000
[06:49:14 ET] [MOVE] FIRESTORM_GATE_BLOCK DCOY setup=move_strike prior_bar_ticks=4370 threshold=6000
[06:49:14 ET] [MOVE] FIRESTORM_GATE_BLOCK DCOY setup=move_strike prior_bar_ticks=4370 threshold=6000
[06:49:14 ET] [MOVE] FIRESTORM_GATE_BLOCK DCOY setup=move_strike prior_bar_ticks=4370 threshold=6000
[06:49:14 ET] [MOVE] FIRESTORM_GATE_BLOCK DCOY setup=move_strike prior_bar_ticks=4370 threshold=6000
[06:49:14 ET] [MOVE] FIRESTORM_GATE_BLOCK DCOY setup=move_strike prior_bar_ticks=4370 threshold=6000
[06:49:14 ET] [MOVE] FIRESTORM_GATE_BLOCK DCOY setup=move_strike prior_bar_ticks=4370 threshold=6000
[06:49:14 ET] [MOVE] FIRESTORM_GATE_BLOCK DCOY setup=move_strike prior_bar_ticks=4370 threshold=6000
[06:49:14 ET] [MOVE] FIRESTORM_GATE_BLOCK DCOY setup=move_strike prior_bar_ticks=4370 threshold=6000
[06:49:14 ET] [MOVE] FIRESTORM_GATE_BLOCK DCOY setup=move_strike prior_bar_ticks=4370 threshold=6000
[06:49:14 ET] [MOVE] FIRESTORM_GATE_BLOCK DCOY setup=move_strike prior_bar_ticks=4370 threshold=6000
[06:49:14 ET] [MOVE] FIRESTORM_GATE_BLOCK DCOY setup=move_strike prior_bar_ticks=4370 threshold=6000
[06:49:14 ET] [MOVE] FIRESTORM_GATE_BLOCK DCOY setup=move_strike prior_bar_ticks=4370 threshold=6000
[06:49:14 ET] [MOVE] FIRESTORM_GATE_BLOCK DCOY setup=move_strike prior_bar_ticks=4370 threshold=6000
[06:49:14 ET] [MOVE] FIRESTORM_GATE_BLOCK DCOY setup=move_strike prior_bar_ticks=4370 threshold=6000
[06:49:14 ET] [MOVE] FIRESTORM_GATE_BLOCK DCOY setup=move_strike prior_bar_ticks=4370 threshold=6000
[06:49:14 ET] [MOVE] FIRESTORM_GATE_BLOCK DCOY setup=move_strike prior_bar_ticks=4370 threshold=6000
[06:49:14 ET] [MOVE] FIRESTORM_GATE_BLOCK DCOY setup=move_strike prior_bar_ticks=4370 threshold=6000
[06:49:14 ET] [MOVE] FIRESTORM_GATE_BLOCK DCOY setup=move_strike prior_bar_ticks=4370 threshold=6000
[06:49:14 ET] [MOVE] FIRESTORM_GATE_BLOCK DCOY setup=move_strike prior_bar_ticks=4370 threshold=6000
[06:49:14 ET] [MOVE] FIRESTORM_GATE_BLOCK DCOY setup=move_strike prior_bar_ticks=4370 threshold=6000
[06:49:14 ET] [MOVE] FIRESTORM_GATE_BLOCK DCOY setup=move_strike prior_bar_ticks=4370 threshold=6000
[06:49:14 ET] [MOVE] FIRESTORM_GATE_BLOCK DCOY setup=move_strike prior_bar_ticks=4370 threshold=6000
[06:49:14 ET] [MOVE] FIRESTORM_GATE_BLOCK DCOY setup=move_strike prior_bar_ticks=4370 threshold=6000
[06:49:14 ET] [MOVE] FIRESTORM_GATE_BLOCK DCOY setup=move_strike prior_bar_ticks=4370 threshold=6000
[06:49:14 ET] [MOVE] FIRESTORM_GATE_BLOCK DCOY setup=move_strike prior_bar_ticks=4370 threshold=6000
[06:49:14 ET] [MOVE] FIRESTORM_GATE_BLOCK DCOY setup=move_strike prior_bar_ticks=4370 threshold=6000
[06:49:14 ET] [MOVE] FIRESTORM_GATE_BLOCK DCOY setup=move_strike prior_bar_ticks=4370 threshold=6000
[06:49:14 ET] [MOVE] FIRESTORM_GATE_BLOCK DCOY setup=move_strike prior_bar_ticks=4370 threshold=6000
[06:49:14 ET] [MOVE] FIRESTORM_GATE_BLOCK DCOY setup=move_strike prior_bar_ticks=4370 threshold=6000
[06:49:14 ET] [MOVE] FIRESTORM_GATE_BLOCK DCOY setup=move_strike prior_bar_ticks=4370 threshold=6000
[06:49:14 ET] [MOVE] FIRESTORM_GATE_BLOCK DCOY setup=move_strike prior_bar_ticks=4370 threshold=6000
[06:49:14 ET] [MOVE] FIRESTORM_GATE_BLOCK DCOY setup=move_strike prior_bar_ticks=4370 threshold=6000
[06:49:14 ET] [MOVE] FIRESTORM_GATE_BLOCK DCOY setup=move_strike prior_bar_ticks=4370 threshold=6000
[06:49:14 ET] [MOVE] FIRESTORM_GATE_BLOCK DCOY setup=move_strike prior_bar_ticks=4370 threshold=6000
[06:49:14 ET] [MOVE] FIRESTORM_GATE_BLOCK DCOY setup=move_strike prior_bar_ticks=4370 threshold=6000
[06:49:14 ET] [MOVE] FIRESTORM_GATE_BLOCK DCOY setup=move_strike prior_bar_ticks=4370 threshold=6000
[06:49:14 ET] [MOVE] FIRESTORM_GATE_BLOCK DCOY setup=move_strike prior_bar_ticks=4370 threshold=6000
[06:49:14 ET] [MOVE] FIRESTORM_GATE_BLOCK DCOY setup=move_strike prior_bar_ticks=4370 threshold=6000
[06:49:14 ET] [MOVE] FIRESTORM_GATE_BLOCK DCOY setup=move_strike prior_bar_ticks=4370 threshold=6000
[06:49:14 ET] [MOVE] FIRESTORM_GATE_BLOCK DCOY setup=move_strike prior_bar_ticks=4370 threshold=6000
[06:49:14 ET] [MOVE] FIRESTORM_GATE_BLOCK DCOY setup=move_strike prior_bar_ticks=4370 threshold=6000
[06:49:14 ET] [MOVE] FIRESTORM_GATE_BLOCK DCOY setup=move_strike prior_bar_ticks=4370 threshold=6000
[06:49:14 ET] [MOVE] FIRESTORM_GATE_BLOCK DCOY setup=move_strike prior_bar_ticks=4370 threshold=6000
[06:49:14 ET] [MOVE] FIRESTORM_GATE_BLOCK DCOY setup=move_strike prior_bar_ticks=4370 threshold=6000
[06:49:14 ET] [MOVE] FIRESTORM_GATE_BLOCK DCOY setup=move_strike prior_bar_ticks=4370 threshold=6000
[06:49:14 ET] [MOVE] FIRESTORM_GATE_BLOCK DCOY setup=move_strike prior_bar_ticks=4370 threshold=6000
[06:49:14 ET] [MOVE] FIRESTORM_GATE_BLOCK DCOY setup=move_strike prior_bar_ticks=4370 threshold=6000
[06:49:14 ET] [MOVE] FIRESTORM_GATE_BLOCK DCOY setup=move_strike prior_bar_ticks=4370 threshold=6000
[06:49:14 ET] [MOVE] FIRESTORM_GATE_BLOCK DCOY setup=move_strike prior_bar_ticks=4370 threshold=6000
[06:49:14 ET] [MOVE] FIRESTORM_GATE_BLOCK DCOY setup=move_strike prior_bar_ticks=4370 threshold=6000
[06:49:14 ET] [MOVE] FIRESTORM_GATE_BLOCK DCOY setup=move_strike prior_bar_ticks=4370 threshold=6000
[06:49:14 ET] [MOVE] FIRESTORM_GATE_BLOCK DCOY setup=move_strike prior_bar_ticks=4370 threshold=6000
[06:49:14 ET] [MOVE] FIRESTORM_GATE_BLOCK DCOY setup=move_strike prior_bar_ticks=4370 threshold=6000
[06:49:15 ET] [MOVE] FIRESTORM_GATE_BLOCK DCOY setup=move_strike prior_bar_ticks=4370 threshold=6000
[06:49:15 ET] [MOVE] FIRESTORM_GATE_BLOCK DCOY setup=move_strike prior_bar_ticks=4370 threshold=6000
[06:49:15 ET] [MOVE] FIRESTORM_GATE_BLOCK DCOY setup=move_strike prior_bar_ticks=4370 threshold=6000
[06:49:15 ET] [MOVE] FIRESTORM_GATE_BLOCK DCOY setup=move_strike prior_bar_ticks=4370 threshold=6000
[06:49:15 ET] [MOVE] FIRESTORM_GATE_BLOCK DCOY setup=move_strike prior_bar_ticks=4370 threshold=6000
[06:49:15 ET] [MOVE] FIRESTORM_GATE_BLOCK DCOY setup=move_strike prior_bar_ticks=4370 threshold=6000
[06:49:15 ET] [MOVE] FIRESTORM_GATE_BLOCK DCOY setup=move_strike prior_bar_ticks=4370 threshold=6000
[06:49:15 ET] [MOVE] FIRESTORM_GATE_BLOCK DCOY setup=move_strike prior_bar_ticks=4370 threshold=6000
[06:49:15 ET] [MOVE] FIRESTORM_GATE_BLOCK DCOY setup=move_strike prior_bar_ticks=4370 threshold=6000
[06:49:15 ET] [MOVE] FIRESTORM_GATE_BLOCK DCOY setup=move_strike prior_bar_ticks=4370 threshold=6000
[06:49:15 ET] [MOVE] FIRESTORM_GATE_BLOCK DCOY setup=move_strike prior_bar_ticks=4370 threshold=6000
[06:49:15 ET] [MOVE] FIRESTORM_GATE_BLOCK DCOY setup=move_strike prior_bar_ticks=4370 threshold=6000
[06:49:15 ET] [MOVE] FIRESTORM_GATE_BLOCK DCOY setup=move_strike prior_bar_ticks=4370 threshold=6000
[06:49:15 ET] [MOVE] FIRESTORM_GATE_BLOCK DCOY setup=move_strike prior_bar_ticks=4370 threshold=6000
[06:49:15 ET] [MOVE] FIRESTORM_GATE_BLOCK DCOY setup=move_strike prior_bar_ticks=4370 threshold=6000
[06:49:15 ET] [MOVE] FIRESTORM_GATE_BLOCK DCOY setup=move_strike prior_bar_ticks=4370 threshold=6000
[06:49:15 ET] [MOVE] FIRESTORM_GATE_BLOCK DCOY setup=move_strike prior_bar_ticks=4370 threshold=6000
[06:49:15 ET] [MOVE] FIRESTORM_GATE_BLOCK DCOY setup=move_strike prior_bar_ticks=4370 threshold=6000
[06:49:15 ET] [MOVE] FIRESTORM_GATE_BLOCK DCOY setup=move_strike prior_bar_ticks=4370 threshold=6000
[06:49:15 ET] [MOVE] FIRESTORM_GATE_BLOCK DCOY setup=move_strike prior_bar_ticks=4370 threshold=6000
[06:49:15 ET] [MOVE] FIRESTORM_GATE_BLOCK DCOY setup=move_strike prior_bar_ticks=4370 threshold=6000
[06:49:15 ET] [MOVE] FIRESTORM_GATE_BLOCK DCOY setup=move_strike prior_bar_ticks=4370 threshold=6000
[06:49:15 ET] [MOVE] FIRESTORM_GATE_BLOCK DCOY setup=move_strike prior_bar_ticks=4370 threshold=6000
[06:49:15 ET] [MOVE] FIRESTORM_GATE_BLOCK DCOY setup=move_strike prior_bar_ticks=4370 threshold=6000
[06:49:15 ET] [MOVE] FIRESTORM_GATE_BLOCK DCOY setup=move_strike prior_bar_ticks=4370 threshold=6000
[06:49:15 ET] [MOVE] FIRESTORM_GATE_BLOCK DCOY setup=move_strike prior_bar_ticks=4370 threshold=6000
[06:49:15 ET] [MOVE] FIRESTORM_GATE_BLOCK DCOY setup=move_strike prior_bar_ticks=4370 threshold=6000
[06:49:15 ET] [MOVE] FIRESTORM_GATE_BLOCK DCOY setup=move_strike prior_bar_ticks=4370 threshold=6000
[06:49:15 ET] [MOVE] FIRESTORM_GATE_BLOCK DCOY setup=move_strike prior_bar_ticks=4370 threshold=6000
[06:49:15 ET] [MOVE] FIRESTORM_GATE_BLOCK DCOY setup=move_strike prior_bar_ticks=4370 threshold=6000
[06:49:15 ET] [MOVE] FIRESTORM_GATE_BLOCK DCOY setup=move_strike prior_bar_ticks=4370 threshold=6000
[06:49:15 ET] [MOVE] FIRESTORM_GATE_BLOCK DCOY setup=move_strike prior_bar_ticks=4370 threshold=6000
[06:49:15 ET] [MOVE] FIRESTORM_GATE_BLOCK DCOY setup=move_strike prior_bar_ticks=4370 threshold=6000
[06:49:15 ET] [MOVE] FIRESTORM_GATE_BLOCK DCOY setup=move_strike prior_bar_ticks=4370 threshold=6000
[06:49:15 ET] [MOVE] FIRESTORM_GATE_BLOCK DCOY setup=move_strike prior_bar_ticks=4370 threshold=6000
[06:49:15 ET] [MOVE] FIRESTORM_GATE_BLOCK DCOY setup=move_strike prior_bar_ticks=4370 threshold=6000
[06:49:15 ET] [MOVE] FIRESTORM_GATE_BLOCK DCOY setup=move_strike prior_bar_ticks=4370 threshold=6000
[06:49:15 ET] [MOVE] FIRESTORM_GATE_BLOCK DCOY setup=move_strike prior_bar_ticks=4370 threshold=6000
[06:49:15 ET] [MOVE] FIRESTORM_GATE_BLOCK DCOY setup=move_strike prior_bar_ticks=4370 threshold=6000
[06:49:15 ET] [MOVE] FIRESTORM_GATE_BLOCK DCOY setup=move_strike prior_bar_ticks=4370 threshold=6000
[06:49:15 ET] [MOVE] FIRESTORM_GATE_BLOCK DCOY setup=move_strike prior_bar_ticks=4370 threshold=6000
[06:49:15 ET] [MOVE] FIRESTORM_GATE_BLOCK DCOY setup=move_strike prior_bar_ticks=4370 threshold=6000
[06:49:15 ET] [MOVE] FIRESTORM_GATE_BLOCK DCOY setup=move_strike prior_bar_ticks=4370 threshold=6000
[06:49:15 ET] [MOVE] FIRESTORM_GATE_BLOCK DCOY setup=move_strike prior_bar_ticks=4370 threshold=6000
[06:49:15 ET] [MOVE] FIRESTORM_GATE_BLOCK DCOY setup=move_strike prior_bar_ticks=4370 threshold=6000
[06:49:15 ET] [MOVE] FIRESTORM_GATE_BLOCK DCOY setup=move_strike prior_bar_ticks=4370 threshold=6000
[06:49:15 ET] [MOVE] FIRESTORM_GATE_BLOCK DCOY setup=move_strike prior_bar_ticks=4370 threshold=6000
[06:49:15 ET] [MOVE] FIRESTORM_GATE_BLOCK DCOY setup=move_strike prior_bar_ticks=4370 threshold=6000
[06:49:15 ET] [MOVE] FIRESTORM_GATE_BLOCK DCOY setup=move_strike prior_bar_ticks=4370 threshold=6000
[06:49:15 ET] [MOVE] FIRESTORM_GATE_BLOCK DCOY setup=move_strike prior_bar_ticks=4370 threshold=6000
[06:49:15 ET] [MOVE] FIRESTORM_GATE_BLOCK DCOY setup=move_strike prior_bar_ticks=4370 threshold=6000
[06:49:15 ET] [MOVE] FIRESTORM_GATE_BLOCK DCOY setup=move_strike prior_bar_ticks=4370 threshold=6000
[06:49:15 ET] [MOVE] FIRESTORM_GATE_BLOCK DCOY setup=move_strike prior_bar_ticks=4370 threshold=6000
[06:49:15 ET] [MOVE] FIRESTORM_GATE_BLOCK DCOY setup=move_strike prior_bar_ticks=4370 threshold=6000
[06:49:15 ET] [MOVE] FIRESTORM_GATE_BLOCK DCOY setup=move_strike prior_bar_ticks=4370 threshold=6000
[06:49:16 ET] [MOVE] FIRESTORM_GATE_BLOCK DCOY setup=move_strike prior_bar_ticks=4370 threshold=6000
[06:49:16 ET] [MOVE] FIRESTORM_GATE_BLOCK DCOY setup=move_strike prior_bar_ticks=4370 threshold=6000
[06:49:16 ET] [MOVE] FIRESTORM_GATE_BLOCK DCOY setup=move_strike prior_bar_ticks=4370 threshold=6000
[06:49:16 ET] [MOVE] FIRESTORM_GATE_BLOCK DCOY setup=move_strike prior_bar_ticks=4370 threshold=6000
[06:49:16 ET] [MOVE] FIRESTORM_GATE_BLOCK DCOY setup=move_strike prior_bar_ticks=4370 threshold=6000
[06:49:16 ET] [MOVE] FIRESTORM_GATE_BLOCK DCOY setup=move_strike prior_bar_ticks=4370 threshold=6000
[06:49:16 ET] [MOVE] FIRESTORM_GATE_BLOCK DCOY setup=move_strike prior_bar_ticks=4370 threshold=6000
[06:49:16 ET] [MOVE] FIRESTORM_GATE_BLOCK DCOY setup=move_strike prior_bar_ticks=4370 threshold=6000
[06:49:16 ET] [MOVE] FIRESTORM_GATE_BLOCK DCOY setup=move_strike prior_bar_ticks=4370 threshold=6000
[06:49:16 ET] [MOVE] FIRESTORM_GATE_BLOCK DCOY setup=move_strike prior_bar_ticks=4370 threshold=6000
[06:49:16 ET] [MOVE] FIRESTORM_GATE_BLOCK DCOY setup=move_strike prior_bar_ticks=4370 threshold=6000
[06:49:16 ET] [MOVE] FIRESTORM_GATE_BLOCK DCOY setup=move_strike prior_bar_ticks=4370 threshold=6000
[06:49:16 ET] [MOVE] FIRESTORM_GATE_BLOCK DCOY setup=move_strike prior_bar_ticks=4370 threshold=6000
[06:49:16 ET] [MOVE] FIRESTORM_GATE_BLOCK DCOY setup=move_strike prior_bar_ticks=4370 threshold=6000
[06:49:16 ET] [MOVE] FIRESTORM_GATE_BLOCK DCOY setup=move_strike prior_bar_ticks=4370 threshold=6000
[06:49:16 ET] [MOVE] FIRESTORM_GATE_BLOCK DCOY setup=move_strike prior_bar_ticks=4370 threshold=6000
[06:49:16 ET] [MOVE] FIRESTORM_GATE_BLOCK DCOY setup=move_strike prior_bar_ticks=4370 threshold=6000
[06:49:16 ET] [MOVE] FIRESTORM_GATE_BLOCK DCOY setup=move_strike prior_bar_ticks=4370 threshold=6000
[06:49:16 ET] [MOVE] FIRESTORM_GATE_BLOCK DCOY setup=move_strike prior_bar_ticks=4370 threshold=6000
[06:49:16 ET] [MOVE] FIRESTORM_GATE_BLOCK DCOY setup=move_strike prior_bar_ticks=4370 threshold=6000
[06:49:16 ET] [MOVE] FIRESTORM_GATE_BLOCK DCOY setup=move_strike prior_bar_ticks=4370 threshold=6000
[06:49:16 ET] [MOVE] FIRESTORM_GATE_BLOCK DCOY setup=move_strike prior_bar_ticks=4370 threshold=6000
[06:49:16 ET] [MOVE] FIRESTORM_GATE_BLOCK DCOY setup=move_strike prior_bar_ticks=4370 threshold=6000
[06:49:16 ET] [MOVE] FIRESTORM_GATE_BLOCK DCOY setup=move_strike prior_bar_ticks=4370 threshold=6000
[06:49:16 ET] [MOVE] FIRESTORM_GATE_BLOCK DCOY setup=move_strike prior_bar_ticks=4370 threshold=6000
[06:49:16 ET] [MOVE] FIRESTORM_GATE_BLOCK DCOY setup=move_strike prior_bar_ticks=4370 threshold=6000
[06:49:16 ET] [MOVE] FIRESTORM_GATE_BLOCK DCOY setup=move_strike prior_bar_ticks=4370 threshold=6000
[06:49:16 ET] [MOVE] FIRESTORM_GATE_BLOCK DCOY setup=move_strike prior_bar_ticks=4370 threshold=6000
[06:49:16 ET] [MOVE] FIRESTORM_GATE_BLOCK DCOY setup=move_strike prior_bar_ticks=4370 threshold=6000
[06:49:16 ET] [MOVE] FIRESTORM_GATE_BLOCK DCOY setup=move_strike prior_bar_ticks=4370 threshold=6000
[06:49:16 ET] [MOVE] FIRESTORM_GATE_BLOCK DCOY setup=move_strike prior_bar_ticks=4370 threshold=6000
[06:49:16 ET] [MOVE] FIRESTORM_GATE_BLOCK DCOY setup=move_strike prior_bar_ticks=4370 threshold=6000
[06:49:16 ET] [MOVE] FIRESTORM_GATE_BLOCK DCOY setup=move_strike prior_bar_ticks=4370 threshold=6000
[06:49:16 ET] [MOVE] FIRESTORM_GATE_BLOCK DCOY setup=move_strike prior_bar_ticks=4370 threshold=6000
[06:49:16 ET] [MOVE] FIRESTORM_GATE_BLOCK DCOY setup=move_strike prior_bar_ticks=4370 threshold=6000
[06:49:16 ET] [MOVE] FIRESTORM_GATE_BLOCK DCOY setup=move_strike prior_bar_ticks=4370 threshold=6000
[06:49:16 ET] [MOVE] FIRESTORM_GATE_BLOCK DCOY setup=move_strike prior_bar_ticks=4370 threshold=6000
[06:49:16 ET] [MOVE] FIRESTORM_GATE_BLOCK DCOY setup=move_strike prior_bar_ticks=4370 threshold=6000
[06:49:16 ET] [MOVE] FIRESTORM_GATE_BLOCK DCOY setup=move_strike prior_bar_ticks=4370 threshold=6000
[06:49:16 ET] [MOVE] FIRESTORM_GATE_BLOCK DCOY setup=move_strike prior_bar_ticks=4370 threshold=6000
[06:49:16 ET] [MOVE] FIRESTORM_GATE_BLOCK DCOY setup=move_strike prior_bar_ticks=4370 threshold=6000
[06:49:16 ET] [MOVE] FIRESTORM_GATE_BLOCK DCOY setup=move_strike prior_bar_ticks=4370 threshold=6000
[06:49:16 ET] [MOVE] FIRESTORM_GATE_BLOCK DCOY setup=move_strike prior_bar_ticks=4370 threshold=6000
[06:49:16 ET] [MOVE] FIRESTORM_GATE_BLOCK DCOY setup=move_strike prior_bar_ticks=4370 threshold=6000
[06:49:16 ET] [MOVE] FIRESTORM_GATE_BLOCK DCOY setup=move_strike prior_bar_ticks=4370 threshold=6000
[06:49:16 ET] [MOVE] FIRESTORM_GATE_BLOCK DCOY setup=move_strike prior_bar_ticks=4370 threshold=6000
[06:49:16 ET] [MOVE] FIRESTORM_GATE_BLOCK DCOY setup=move_strike prior_bar_ticks=4370 threshold=6000
[06:49:16 ET] [MOVE] FIRESTORM_GATE_BLOCK DCOY setup=move_strike prior_bar_ticks=4370 threshold=6000
[06:49:16 ET] [MOVE] FIRESTORM_GATE_BLOCK DCOY setup=move_strike prior_bar_ticks=4370 threshold=6000
[06:49:16 ET] [MOVE] FIRESTORM_GATE_BLOCK DCOY setup=move_strike prior_bar_ticks=4370 threshold=6000
[06:49:16 ET] [MOVE] FIRESTORM_GATE_BLOCK DCOY setup=move_strike prior_bar_ticks=4370 threshold=6000
[06:49:16 ET] [MOVE] FIRESTORM_GATE_BLOCK DCOY setup=move_strike prior_bar_ticks=4370 threshold=6000
[06:49:16 ET] [MOVE] FIRESTORM_GATE_BLOCK DCOY setup=move_strike prior_bar_ticks=4370 threshold=6000
[06:49:16 ET] [MOVE] FIRESTORM_GATE_BLOCK DCOY setup=move_strike prior_bar_ticks=4370 threshold=6000
[06:49:16 ET] [MOVE] FIRESTORM_GATE_BLOCK DCOY setup=move_strike prior_bar_ticks=4370 threshold=6000
[06:49:16 ET] [MOVE] FIRESTORM_GATE_BLOCK DCOY setup=move_strike prior_bar_ticks=4370 threshold=6000
[06:49:16 ET] [MOVE] FIRESTORM_GATE_BLOCK DCOY setup=move_strike prior_bar_ticks=4370 threshold=6000
[06:49:16 ET] [MOVE] FIRESTORM_GATE_BLOCK DCOY setup=move_strike prior_bar_ticks=4370 threshold=6000
[06:49:16 ET] [MOVE] FIRESTORM_GATE_BLOCK DCOY setup=move_strike prior_bar_ticks=4370 threshold=6000
[06:49:16 ET] [MOVE] FIRESTORM_GATE_BLOCK DCOY setup=move_strike prior_bar_ticks=4370 threshold=6000
[06:49:17 ET] [MOVE] FIRESTORM_GATE_BLOCK DCOY setup=move_strike prior_bar_ticks=4370 threshold=6000
[06:49:17 ET] [MOVE] FIRESTORM_GATE_BLOCK DCOY setup=move_strike prior_bar_ticks=4370 threshold=6000
[06:49:17 ET] [MOVE] FIRESTORM_GATE_BLOCK DCOY setup=move_strike prior_bar_ticks=4370 threshold=6000
[06:49:17 ET] [MOVE] FIRESTORM_GATE_BLOCK DCOY setup=move_strike prior_bar_ticks=4370 threshold=6000
[06:49:17 ET] [MOVE] FIRESTORM_GATE_BLOCK DCOY setup=move_strike prior_bar_ticks=4370 threshold=6000
[06:49:17 ET] [MOVE] FIRESTORM_GATE_BLOCK DCOY setup=move_strike prior_bar_ticks=4370 threshold=6000
[06:49:17 ET] [MOVE] FIRESTORM_GATE_BLOCK DCOY setup=move_strike prior_bar_ticks=4370 threshold=6000
[06:49:17 ET] [MOVE] FIRESTORM_GATE_BLOCK DCOY setup=move_strike prior_bar_ticks=4370 threshold=6000
[06:49:17 ET] [MOVE] FIRESTORM_GATE_BLOCK DCOY setup=move_strike prior_bar_ticks=4370 threshold=6000
[06:49:17 ET] [MOVE] FIRESTORM_GATE_BLOCK DCOY setup=move_strike prior_bar_ticks=4370 threshold=6000
[06:49:17 ET] [MOVE] FIRESTORM_GATE_BLOCK DCOY setup=move_strike prior_bar_ticks=4370 threshold=6000
[06:49:17 ET] [MOVE] FIRESTORM_GATE_BLOCK DCOY setup=move_strike prior_bar_ticks=4370 threshold=6000
[06:49:17 ET] [MOVE] FIRESTORM_GATE_BLOCK DCOY setup=move_strike prior_bar_ticks=4370 threshold=6000
[06:49:17 ET] [MOVE] FIRESTORM_GATE_BLOCK DCOY setup=move_strike prior_bar_ticks=4370 threshold=6000
[06:49:17 ET] [MOVE] FIRESTORM_GATE_BLOCK DCOY setup=move_strike prior_bar_ticks=4370 threshold=6000
[06:49:17 ET] [MOVE] FIRESTORM_GATE_BLOCK DCOY setup=move_strike prior_bar_ticks=4370 threshold=6000
[06:49:17 ET] [MOVE] FIRESTORM_GATE_BLOCK DCOY setup=move_strike prior_bar_ticks=4370 threshold=6000
[06:49:17 ET] [MOVE] FIRESTORM_GATE_BLOCK DCOY setup=move_strike prior_bar_ticks=4370 threshold=6000
[06:49:17 ET] [MOVE] FIRESTORM_GATE_BLOCK DCOY setup=move_strike prior_bar_ticks=4370 threshold=6000
[06:49:17 ET] [MOVE] FIRESTORM_GATE_BLOCK DCOY setup=move_strike prior_bar_ticks=4370 threshold=6000
[06:49:17 ET] [MOVE] FIRESTORM_GATE_BLOCK DCOY setup=move_strike prior_bar_ticks=4370 threshold=6000
[06:49:17 ET] [MOVE] FIRESTORM_GATE_BLOCK DCOY setup=move_strike prior_bar_ticks=4370 threshold=6000
[06:49:17 ET] [MOVE] FIRESTORM_GATE_BLOCK DCOY setup=move_strike prior_bar_ticks=4370 threshold=6000
[06:49:17 ET] [MOVE] FIRESTORM_GATE_BLOCK DCOY setup=move_strike prior_bar_ticks=4370 threshold=6000
[06:49:17 ET] [MOVE] FIRESTORM_GATE_BLOCK DCOY setup=move_strike prior_bar_ticks=4370 threshold=6000
[06:49:17 ET] [MOVE] FIRESTORM_GATE_BLOCK DCOY setup=move_strike prior_bar_ticks=4370 threshold=6000
[06:49:17 ET] [MOVE] FIRESTORM_GATE_BLOCK DCOY setup=move_strike prior_bar_ticks=4370 threshold=6000
[06:49:17 ET] [MOVE] FIRESTORM_GATE_BLOCK DCOY setup=move_strike prior_bar_ticks=4370 threshold=6000
[06:49:17 ET] [MOVE] FIRESTORM_GATE_BLOCK DCOY setup=move_strike prior_bar_ticks=4370 threshold=6000
[06:49:17 ET] [MOVE] FIRESTORM_GATE_BLOCK DCOY setup=move_strike prior_bar_ticks=4370 threshold=6000
[06:49:17 ET] [MOVE] FIRESTORM_GATE_BLOCK DCOY setup=move_strike prior_bar_ticks=4370 threshold=6000
[06:49:17 ET] [MOVE] FIRESTORM_GATE_BLOCK DCOY setup=move_strike prior_bar_ticks=4370 threshold=6000
[06:49:17 ET] [MOVE] FIRESTORM_GATE_BLOCK DCOY setup=move_strike prior_bar_ticks=4370 threshold=6000
[06:49:17 ET] [MOVE] FIRESTORM_GATE_BLOCK DCOY setup=move_strike prior_bar_ticks=4370 threshold=6000
[06:49:17 ET] [MOVE] FIRESTORM_GATE_BLOCK DCOY setup=move_strike prior_bar_ticks=4370 threshold=6000
[06:49:17 ET] [MOVE] FIRESTORM_GATE_BLOCK DCOY setup=move_strike prior_bar_ticks=4370 threshold=6000
[06:49:17 ET] [MOVE] FIRESTORM_GATE_BLOCK DCOY setup=move_strike prior_bar_ticks=4370 threshold=6000
[06:49:17 ET] [MOVE] FIRESTORM_GATE_BLOCK DCOY setup=move_strike prior_bar_ticks=4370 threshold=6000
[06:49:17 ET] [MOVE] FIRESTORM_GATE_BLOCK DCOY setup=move_strike prior_bar_ticks=4370 threshold=6000
[06:49:17 ET] [MOVE] FIRESTORM_GATE_BLOCK DCOY setup=move_strike prior_bar_ticks=4370 threshold=6000
[06:49:17 ET] [MOVE] FIRESTORM_GATE_BLOCK DCOY setup=move_strike prior_bar_ticks=4370 threshold=6000
[06:49:17 ET] [MOVE] FIRESTORM_GATE_BLOCK DCOY setup=move_strike prior_bar_ticks=4370 threshold=6000
[06:49:17 ET] [MOVE] FIRESTORM_GATE_BLOCK DCOY setup=move_strike prior_bar_ticks=4370 threshold=6000
[06:49:17 ET] [MOVE] FIRESTORM_GATE_BLOCK DCOY setup=move_strike prior_bar_ticks=4370 threshold=6000
[06:49:17 ET] [MOVE] FIRESTORM_GATE_BLOCK DCOY setup=move_strike prior_bar_ticks=4370 threshold=6000
[06:49:17 ET] [MOVE] FIRESTORM_GATE_BLOCK DCOY setup=move_strike prior_bar_ticks=4370 threshold=6000
[06:49:17 ET] [MOVE] FIRESTORM_GATE_BLOCK DCOY setup=move_strike prior_bar_ticks=4370 threshold=6000
[06:49:17 ET] [MOVE] FIRESTORM_GATE_BLOCK DCOY setup=move_strike prior_bar_ticks=4370 threshold=6000
[06:49:17 ET] [MOVE] FIRESTORM_GATE_BLOCK DCOY setup=move_strike prior_bar_ticks=4370 threshold=6000
[06:49:17 ET] [MOVE] FIRESTORM_GATE_BLOCK DCOY setup=move_strike prior_bar_ticks=4370 threshold=6000
[06:49:17 ET] [MOVE] FIRESTORM_GATE_BLOCK DCOY setup=move_strike prior_bar_ticks=4370 threshold=6000
[06:49:17 ET] [MOVE] FIRESTORM_GATE_BLOCK DCOY setup=move_strike prior_bar_ticks=4370 threshold=6000
[06:49:17 ET] [MOVE] FIRESTORM_GATE_BLOCK DCOY setup=move_strike prior_bar_ticks=4370 threshold=6000
[06:49:17 ET] [MOVE] FIRESTORM_GATE_BLOCK DCOY setup=move_strike prior_bar_ticks=4370 threshold=6000
[06:49:17 ET] [MOVE] FIRESTORM_GATE_BLOCK DCOY setup=move_strike prior_bar_ticks=4370 threshold=6000
[06:49:17 ET] [MOVE] FIRESTORM_GATE_BLOCK DCOY setup=move_strike prior_bar_ticks=4370 threshold=6000
[06:49:17 ET] [MOVE] FIRESTORM_GATE_BLOCK DCOY setup=move_strike prior_bar_ticks=4370 threshold=6000
[06:49:17 ET] [MOVE] FIRESTORM_GATE_BLOCK DCOY setup=move_strike prior_bar_ticks=4370 threshold=6000
[06:49:17 ET] [MOVE] FIRESTORM_GATE_BLOCK DCOY setup=move_strike prior_bar_ticks=4370 threshold=6000
[06:49:17 ET] [MOVE] FIRESTORM_GATE_BLOCK DCOY setup=move_strike prior_bar_ticks=4370 threshold=6000
[06:49:17 ET] [MOVE] FIRESTORM_GATE_BLOCK DCOY setup=move_strike prior_bar_ticks=4370 threshold=6000
[06:49:17 ET] [MOVE] FIRESTORM_GATE_BLOCK DCOY setup=move_strike prior_bar_ticks=4370 threshold=6000
[06:49:17 ET] [MOVE] FIRESTORM_GATE_BLOCK DCOY setup=move_strike prior_bar_ticks=4370 threshold=6000
[06:49:17 ET] [MOVE] FIRESTORM_GATE_BLOCK DCOY setup=move_strike prior_bar_ticks=4370 threshold=6000
[06:49:18 ET] [MOVE] FIRESTORM_GATE_BLOCK DCOY setup=move_strike prior_bar_ticks=4370 threshold=6000
[06:49:18 ET] [MOVE] FIRESTORM_GATE_BLOCK DCOY setup=move_strike prior_bar_ticks=4370 threshold=6000
[06:49:18 ET] [MOVE] FIRESTORM_GATE_BLOCK DCOY setup=move_strike prior_bar_ticks=4370 threshold=6000
[06:49:18 ET] [MOVE] FIRESTORM_GATE_BLOCK DCOY setup=move_strike prior_bar_ticks=4370 threshold=6000
[06:49:18 ET] [MOVE] FIRESTORM_GATE_BLOCK DCOY setup=move_strike prior_bar_ticks=4370 threshold=6000
[06:49:18 ET] [MOVE] FIRESTORM_GATE_BLOCK DCOY setup=move_strike prior_bar_ticks=4370 threshold=6000
[06:49:18 ET] [MOVE] FIRESTORM_GATE_BLOCK DCOY setup=move_strike prior_bar_ticks=4370 threshold=6000
[06:49:18 ET] [MOVE] FIRESTORM_GATE_BLOCK DCOY setup=move_strike prior_bar_ticks=4370 threshold=6000
[06:49:18 ET] [MOVE] FIRESTORM_GATE_BLOCK DCOY setup=move_strike prior_bar_ticks=4370 threshold=6000
[06:49:18 ET] [MOVE] FIRESTORM_GATE_BLOCK DCOY setup=move_strike prior_bar_ticks=4370 threshold=6000
[06:49:18 ET] [MOVE] FIRESTORM_GATE_BLOCK DCOY setup=move_strike prior_bar_ticks=4370 threshold=6000
[06:49:18 ET] [MOVE] FIRESTORM_GATE_BLOCK DCOY setup=move_strike prior_bar_ticks=4370 threshold=6000
[06:49:18 ET] [MOVE] FIRESTORM_GATE_BLOCK DCOY setup=move_strike prior_bar_ticks=4370 threshold=6000
[06:49:18 ET] [MOVE] FIRESTORM_GATE_BLOCK DCOY setup=move_strike prior_bar_ticks=4370 threshold=6000
[06:49:18 ET] [MOVE] FIRESTORM_GATE_BLOCK DCOY setup=move_strike prior_bar_ticks=4370 threshold=6000
[06:49:18 ET] [MOVE] FIRESTORM_GATE_BLOCK DCOY setup=move_strike prior_bar_ticks=4370 threshold=6000
[06:49:18 ET] [MOVE] FIRESTORM_GATE_BLOCK DCOY setup=move_strike prior_bar_ticks=4370 threshold=6000
[06:49:18 ET] [MOVE] FIRESTORM_GATE_BLOCK DCOY setup=move_strike prior_bar_ticks=4370 threshold=6000
[06:49:18 ET] [MOVE] FIRESTORM_GATE_BLOCK DCOY setup=move_strike prior_bar_ticks=4370 threshold=6000
[06:49:18 ET] [MOVE] FIRESTORM_GATE_BLOCK DCOY setup=move_strike prior_bar_ticks=4370 threshold=6000
[06:49:18 ET] [MOVE] FIRESTORM_GATE_BLOCK DCOY setup=move_strike prior_bar_ticks=4370 threshold=6000
[06:49:18 ET] [MOVE] FIRESTORM_GATE_BLOCK DCOY setup=move_strike prior_bar_ticks=4370 threshold=6000
[06:49:18 ET] [MOVE] FIRESTORM_GATE_BLOCK DCOY setup=move_strike prior_bar_ticks=4370 threshold=6000
[06:49:18 ET] [MOVE] FIRESTORM_GATE_BLOCK DCOY setup=move_strike prior_bar_ticks=4370 threshold=6000
[06:49:18 ET] [MOVE] FIRESTORM_GATE_BLOCK DCOY setup=move_strike prior_bar_ticks=4370 threshold=6000
[06:49:18 ET] [MOVE] FIRESTORM_GATE_BLOCK DCOY setup=move_strike prior_bar_ticks=4370 threshold=6000
[06:49:18 ET] [MOVE] FIRESTORM_GATE_BLOCK DCOY setup=move_strike prior_bar_ticks=4370 threshold=6000
[06:49:18 ET] [MOVE] FIRESTORM_GATE_BLOCK DCOY setup=move_strike prior_bar_ticks=4370 threshold=6000
[06:49:18 ET] [MOVE] FIRESTORM_GATE_BLOCK DCOY setup=move_strike prior_bar_ticks=4370 threshold=6000
[06:49:18 ET] [MOVE] FIRESTORM_GATE_BLOCK DCOY setup=move_strike prior_bar_ticks=4370 threshold=6000
[06:49:18 ET] [MOVE] FIRESTORM_GATE_BLOCK DCOY setup=move_strike prior_bar_ticks=4370 threshold=6000
[06:49:18 ET] [MOVE] FIRESTORM_GATE_BLOCK DCOY setup=move_strike prior_bar_ticks=4370 threshold=6000
[06:49:18 ET] [MOVE] FIRESTORM_GATE_BLOCK DCOY setup=move_strike prior_bar_ticks=4370 threshold=6000
[06:49:18 ET] [MOVE] FIRESTORM_GATE_BLOCK DCOY setup=move_strike prior_bar_ticks=4370 threshold=6000
[06:49:18 ET] [MOVE] FIRESTORM_GATE_BLOCK DCOY setup=move_strike prior_bar_ticks=4370 threshold=6000
[06:49:18 ET] [MOVE] FIRESTORM_GATE_BLOCK DCOY setup=move_strike prior_bar_ticks=4370 threshold=6000
[06:49:18 ET] [MOVE] FIRESTORM_GATE_BLOCK DCOY setup=move_strike prior_bar_ticks=4370 threshold=6000
[06:49:18 ET] [MOVE] FIRESTORM_GATE_BLOCK DCOY setup=move_strike prior_bar_ticks=4370 threshold=6000
[06:49:18 ET] [MOVE] FIRESTORM_GATE_BLOCK DCOY setup=move_strike prior_bar_ticks=4370 threshold=6000
[06:49:18 ET] [MOVE] FIRESTORM_GATE_BLOCK DCOY setup=move_strike prior_bar_ticks=4370 threshold=6000
[06:49:18 ET] [MOVE] FIRESTORM_GATE_BLOCK DCOY setup=move_strike prior_bar_ticks=4370 threshold=6000
[06:49:18 ET] [MOVE] FIRESTORM_GATE_BLOCK DCOY setup=move_strike prior_bar_ticks=4370 threshold=6000
[06:49:18 ET] [MOVE] FIRESTORM_GATE_BLOCK DCOY setup=move_strike prior_bar_ticks=4370 threshold=6000
[06:49:18 ET] [MOVE] FIRESTORM_GATE_BLOCK DCOY setup=move_strike prior_bar_ticks=4370 threshold=6000
[06:49:18 ET] [MOVE] FIRESTORM_GATE_BLOCK DCOY setup=move_strike prior_bar_ticks=4370 threshold=6000
[06:49:18 ET] [MOVE] FIRESTORM_GATE_BLOCK DCOY setup=move_strike prior_bar_ticks=4370 threshold=6000
[06:49:18 ET] [MOVE] FIRESTORM_GATE_BLOCK DCOY setup=move_strike prior_bar_ticks=4370 threshold=6000
[06:49:18 ET] [MOVE] FIRESTORM_GATE_BLOCK DCOY setup=move_strike prior_bar_ticks=4370 threshold=6000
[06:49:18 ET] [MOVE] FIRESTORM_GATE_BLOCK DCOY setup=move_strike prior_bar_ticks=4370 threshold=6000
[06:49:18 ET] [MOVE] FIRESTORM_GATE_BLOCK DCOY setup=move_strike prior_bar_ticks=4370 threshold=6000
[06:49:18 ET] [MOVE] FIRESTORM_GATE_BLOCK DCOY setup=move_strike prior_bar_ticks=4370 threshold=6000
[06:49:18 ET] [MOVE] FIRESTORM_GATE_BLOCK DCOY setup=move_strike prior_bar_ticks=4370 threshold=6000
[06:49:18 ET] [MOVE] FIRESTORM_GATE_BLOCK DCOY setup=move_strike prior_bar_ticks=4370 threshold=6000
[06:49:18 ET] [MOVE] FIRESTORM_GATE_BLOCK DCOY setup=move_strike prior_bar_ticks=4370 threshold=6000
[06:49:18 ET] [MOVE] FIRESTORM_GATE_BLOCK DCOY setup=move_strike prior_bar_ticks=4370 threshold=6000
[06:49:18 ET] [MOVE] FIRESTORM_GATE_BLOCK DCOY setup=move_strike prior_bar_ticks=4370 threshold=6000
[06:49:18 ET] [MOVE] FIRESTORM_GATE_BLOCK DCOY setup=move_strike prior_bar_ticks=4370 threshold=6000
[06:49:18 ET] [MOVE] FIRESTORM_GATE_BLOCK DCOY setup=move_strike prior_bar_ticks=4370 threshold=6000
[06:49:18 ET] [MOVE] FIRESTORM_GATE_BLOCK DCOY setup=move_strike prior_bar_ticks=4370 threshold=6000
[06:49:18 ET] [MOVE] FIRESTORM_GATE_BLOCK DCOY setup=move_strike prior_bar_ticks=4370 threshold=6000
[06:49:18 ET] [MOVE] FIRESTORM_GATE_BLOCK DCOY setup=move_strike prior_bar_ticks=4370 threshold=6000
[06:49:18 ET] [MOVE] FIRESTORM_GATE_BLOCK DCOY setup=move_strike prior_bar_ticks=4370 threshold=6000
[06:49:18 ET] [MOVE] FIRESTORM_GATE_BLOCK DCOY setup=move_strike prior_bar_ticks=4370 threshold=6000
[06:49:18 ET] [MOVE] FIRESTORM_GATE_BLOCK DCOY setup=move_strike prior_bar_ticks=4370 threshold=6000
[06:49:18 ET] [MOVE] FIRESTORM_GATE_BLOCK DCOY setup=move_strike prior_bar_ticks=4370 threshold=6000
[06:49:18 ET] [MOVE] FIRESTORM_GATE_BLOCK DCOY setup=move_strike prior_bar_ticks=4370 threshold=6000
[06:49:18 ET] [MOVE] FIRESTORM_GATE_BLOCK DCOY setup=move_strike prior_bar_ticks=4370 threshold=6000
[06:49:18 ET] [MOVE] FIRESTORM_GATE_BLOCK DCOY setup=move_strike prior_bar_ticks=4370 threshold=6000
[06:49:18 ET] [MOVE] FIRESTORM_GATE_BLOCK DCOY setup=move_strike prior_bar_ticks=4370 threshold=6000
[06:49:18 ET] [MOVE] FIRESTORM_GATE_BLOCK DCOY setup=move_strike prior_bar_ticks=4370 threshold=6000
[06:49:18 ET] [MOVE] FIRESTORM_GATE_BLOCK DCOY setup=move_strike prior_bar_ticks=4370 threshold=6000
[06:49:18 ET] [MOVE] FIRESTORM_GATE_BLOCK DCOY setup=move_strike prior_bar_ticks=4370 threshold=6000
[06:49:18 ET] [MOVE] FIRESTORM_GATE_BLOCK DCOY setup=move_strike prior_bar_ticks=4370 threshold=6000
[06:49:18 ET] [MOVE] FIRESTORM_GATE_BLOCK DCOY setup=move_strike prior_bar_ticks=4370 threshold=6000
[06:49:18 ET] [MOVE] FIRESTORM_GATE_BLOCK DCOY setup=move_strike prior_bar_ticks=4370 threshold=6000
[06:49:18 ET] [MOVE] FIRESTORM_GATE_BLOCK DCOY setup=move_strike prior_bar_ticks=4370 threshold=6000
[06:49:18 ET] [MOVE] FIRESTORM_GATE_BLOCK DCOY setup=move_strike prior_bar_ticks=4370 threshold=6000
[06:49:18 ET] [MOVE] FIRESTORM_GATE_BLOCK DCOY setup=move_strike prior_bar_ticks=4370 threshold=6000
[06:49:18 ET] [MOVE] FIRESTORM_GATE_BLOCK DCOY setup=move_strike prior_bar_ticks=4370 threshold=6000
[06:49:18 ET] [MOVE] FIRESTORM_GATE_BLOCK DCOY setup=move_strike prior_bar_ticks=4370 threshold=6000
[06:49:19 ET] [MOVE] FIRESTORM_GATE_BLOCK DCOY setup=move_strike prior_bar_ticks=4370 threshold=6000
[06:49:19 ET] [MOVE] FIRESTORM_GATE_BLOCK DCOY setup=move_strike prior_bar_ticks=4370 threshold=6000
[06:49:19 ET] [MOVE] FIRESTORM_GATE_BLOCK DCOY setup=move_strike prior_bar_ticks=4370 threshold=6000
[06:49:19 ET] [MOVE] FIRESTORM_GATE_BLOCK DCOY setup=move_strike prior_bar_ticks=4370 threshold=6000
[06:49:19 ET] [MOVE] FIRESTORM_GATE_BLOCK DCOY setup=move_strike prior_bar_ticks=4370 threshold=6000
[06:49:19 ET] [MOVE] FIRESTORM_GATE_BLOCK DCOY setup=move_strike prior_bar_ticks=4370 threshold=6000
[06:49:19 ET] [MOVE] FIRESTORM_GATE_BLOCK DCOY setup=move_strike prior_bar_ticks=4370 threshold=6000
[06:49:19 ET] [MOVE] FIRESTORM_GATE_BLOCK DCOY setup=move_strike prior_bar_ticks=4370 threshold=6000
[06:49:19 ET] [MOVE] FIRESTORM_GATE_BLOCK DCOY setup=move_strike prior_bar_ticks=4370 threshold=6000
[06:49:19 ET] [MOVE] FIRESTORM_GATE_BLOCK DCOY setup=move_strike prior_bar_ticks=4370 threshold=6000
[06:49:19 ET] [MOVE] FIRESTORM_GATE_BLOCK DCOY setup=move_strike prior_bar_ticks=4370 threshold=6000
[06:49:19 ET] [MOVE] FIRESTORM_GATE_BLOCK DCOY setup=move_strike prior_bar_ticks=4370 threshold=6000
[06:49:19 ET] [MOVE] FIRESTORM_GATE_BLOCK DCOY setup=move_strike prior_bar_ticks=4370 threshold=6000
[06:49:19 ET] [MOVE] FIRESTORM_GATE_BLOCK DCOY setup=move_strike prior_bar_ticks=4370 threshold=6000
[06:49:19 ET] [MOVE] FIRESTORM_GATE_BLOCK DCOY setup=move_strike prior_bar_ticks=4370 threshold=6000
[06:49:19 ET] [MOVE] FIRESTORM_GATE_BLOCK DCOY setup=move_strike prior_bar_ticks=4370 threshold=6000
[06:49:19 ET] [MOVE] FIRESTORM_GATE_BLOCK DCOY setup=move_strike prior_bar_ticks=4370 threshold=6000
[06:49:19 ET] [MOVE] FIRESTORM_GATE_BLOCK DCOY setup=move_strike prior_bar_ticks=4370 threshold=6000
[06:49:19 ET] [MOVE] FIRESTORM_GATE_BLOCK DCOY setup=move_strike prior_bar_ticks=4370 threshold=6000
[06:49:19 ET] [MOVE] FIRESTORM_GATE_BLOCK DCOY setup=move_strike prior_bar_ticks=4370 threshold=6000
[06:49:20 ET] [MOVE] FIRESTORM_GATE_BLOCK DCOY setup=move_strike prior_bar_ticks=4370 threshold=6000
[06:49:20 ET] [MOVE] FIRESTORM_GATE_BLOCK DCOY setup=move_strike prior_bar_ticks=4370 threshold=6000
[06:49:20 ET] [MOVE] FIRESTORM_GATE_BLOCK DCOY setup=move_strike prior_bar_ticks=4370 threshold=6000
[06:49:20 ET] [MOVE] FIRESTORM_GATE_BLOCK DCOY setup=move_strike prior_bar_ticks=4370 threshold=6000
[06:49:20 ET] [MOVE] FIRESTORM_GATE_BLOCK DCOY setup=move_strike prior_bar_ticks=4370 threshold=6000
[06:49:20 ET] [MOVE] FIRESTORM_GATE_BLOCK DCOY setup=move_strike prior_bar_ticks=4370 threshold=6000
[06:49:20 ET] [MOVE] FIRESTORM_GATE_BLOCK DCOY setup=move_strike prior_bar_ticks=4370 threshold=6000
[06:49:20 ET] [MOVE] FIRESTORM_GATE_BLOCK DCOY setup=move_strike prior_bar_ticks=4370 threshold=6000
[06:49:20 ET] [MOVE] FIRESTORM_GATE_BLOCK DCOY setup=move_strike prior_bar_ticks=4370 threshold=6000
[06:49:20 ET] [MOVE] FIRESTORM_GATE_BLOCK DCOY setup=move_strike prior_bar_ticks=4370 threshold=6000
[06:49:20 ET] [MOVE] FIRESTORM_GATE_BLOCK DCOY setup=move_strike prior_bar_ticks=4370 threshold=6000
[06:49:20 ET] [MOVE] FIRESTORM_GATE_BLOCK DCOY setup=move_strike prior_bar_ticks=4370 threshold=6000
[06:49:20 ET] [MOVE] FIRESTORM_GATE_BLOCK DCOY setup=move_strike prior_bar_ticks=4370 threshold=6000
[06:49:20 ET] [MOVE] FIRESTORM_GATE_BLOCK DCOY setup=move_strike prior_bar_ticks=4370 threshold=6000
[06:49:20 ET] [MOVE] FIRESTORM_GATE_BLOCK DCOY setup=move_strike prior_bar_ticks=4370 threshold=6000
[06:49:20 ET] [MOVE] FIRESTORM_GATE_BLOCK DCOY setup=move_strike prior_bar_ticks=4370 threshold=6000
[06:49:20 ET] [MOVE] FIRESTORM_GATE_BLOCK DCOY setup=move_strike prior_bar_ticks=4370 threshold=6000
[06:49:20 ET] [MOVE] FIRESTORM_GATE_BLOCK DCOY setup=move_strike prior_bar_ticks=4370 threshold=6000
[06:49:20 ET] [MOVE] FIRESTORM_GATE_BLOCK DCOY setup=move_strike prior_bar_ticks=4370 threshold=6000
[06:49:20 ET] [MOVE] FIRESTORM_GATE_BLOCK DCOY setup=move_strike prior_bar_ticks=4370 threshold=6000
[06:49:20 ET] [MOVE] FIRESTORM_GATE_BLOCK DCOY setup=move_strike prior_bar_ticks=4370 threshold=6000
[06:49:20 ET] [MOVE] FIRESTORM_GATE_BLOCK DCOY setup=move_strike prior_bar_ticks=4370 threshold=6000
[06:49:20 ET] [MOVE] FIRESTORM_GATE_BLOCK DCOY setup=move_strike prior_bar_ticks=4370 threshold=6000
[06:49:20 ET] [MOVE] FIRESTORM_GATE_BLOCK DCOY setup=move_strike prior_bar_ticks=4370 threshold=6000
[06:49:20 ET] [MOVE] FIRESTORM_GATE_BLOCK DCOY setup=move_strike prior_bar_ticks=4370 threshold=6000
[06:49:20 ET] [MOVE] FIRESTORM_GATE_BLOCK DCOY setup=move_strike prior_bar_ticks=4370 threshold=6000
[06:49:20 ET] [MOVE] FIRESTORM_GATE_BLOCK DCOY setup=move_strike prior_bar_ticks=4370 threshold=6000
[06:49:20 ET] [MOVE] FIRESTORM_GATE_BLOCK DCOY setup=move_strike prior_bar_ticks=4370 threshold=6000
[06:49:20 ET] [MOVE] FIRESTORM_GATE_BLOCK DCOY setup=move_strike prior_bar_ticks=4370 threshold=6000
[06:49:20 ET] [MOVE] FIRESTORM_GATE_BLOCK DCOY setup=move_strike prior_bar_ticks=4370 threshold=6000
[06:49:20 ET] [MOVE] FIRESTORM_GATE_BLOCK DCOY setup=move_strike prior_bar_ticks=4370 threshold=6000
[06:49:20 ET] [MOVE] FIRESTORM_GATE_BLOCK DCOY setup=move_strike prior_bar_ticks=4370 threshold=6000
[06:49:20 ET] [MOVE] FIRESTORM_GATE_BLOCK DCOY setup=move_strike prior_bar_ticks=4370 threshold=6000
[06:49:20 ET] [MOVE] FIRESTORM_GATE_BLOCK DCOY setup=move_strike prior_bar_ticks=4370 threshold=6000
[06:49:20 ET] [MOVE] FIRESTORM_GATE_BLOCK DCOY setup=move_strike prior_bar_ticks=4370 threshold=6000
[06:49:20 ET] [MOVE] FIRESTORM_GATE_BLOCK DCOY setup=move_strike prior_bar_ticks=4370 threshold=6000
[06:49:20 ET] [MOVE] FIRESTORM_GATE_BLOCK DCOY setup=move_strike prior_bar_ticks=4370 threshold=6000
[06:49:20 ET] [MOVE] FIRESTORM_GATE_BLOCK DCOY setup=move_strike prior_bar_ticks=4370 threshold=6000
[06:49:20 ET] [MOVE] FIRESTORM_GATE_BLOCK DCOY setup=move_strike prior_bar_ticks=4370 threshold=6000
[06:49:20 ET] [MOVE] FIRESTORM_GATE_BLOCK DCOY setup=move_strike prior_bar_ticks=4370 threshold=6000
[06:49:20 ET] [MOVE] FIRESTORM_GATE_BLOCK DCOY setup=move_strike prior_bar_ticks=4370 threshold=6000
[06:49:20 ET] [MOVE] FIRESTORM_GATE_BLOCK DCOY setup=move_strike prior_bar_ticks=4370 threshold=6000
[06:49:20 ET] [MOVE] FIRESTORM_GATE_BLOCK DCOY setup=move_strike prior_bar_ticks=4370 threshold=6000
[06:49:20 ET] [MOVE] FIRESTORM_GATE_BLOCK DCOY setup=move_strike prior_bar_ticks=4370 threshold=6000
[06:49:20 ET] [MOVE] FIRESTORM_GATE_BLOCK DCOY setup=move_strike prior_bar_ticks=4370 threshold=6000
[06:49:20 ET] [MOVE] FIRESTORM_GATE_BLOCK DCOY setup=move_strike prior_bar_ticks=4370 threshold=6000
[06:49:20 ET] [MOVE] FIRESTORM_GATE_BLOCK DCOY setup=move_strike prior_bar_ticks=4370 threshold=6000
[06:49:20 ET] [MOVE] FIRESTORM_GATE_BLOCK DCOY setup=move_strike prior_bar_ticks=4370 threshold=6000
[06:49:20 ET] [MOVE] FIRESTORM_GATE_BLOCK DCOY setup=move_strike prior_bar_ticks=4370 threshold=6000
[06:49:20 ET] [MOVE] FIRESTORM_GATE_BLOCK DCOY setup=move_strike prior_bar_ticks=4370 threshold=6000
[06:49:20 ET] [MOVE] FIRESTORM_GATE_BLOCK DCOY setup=move_strike prior_bar_ticks=4370 threshold=6000
[06:49:20 ET] [MOVE] FIRESTORM_GATE_BLOCK DCOY setup=move_strike prior_bar_ticks=4370 threshold=6000
[06:49:20 ET] [MOVE] FIRESTORM_GATE_BLOCK DCOY setup=move_strike prior_bar_ticks=4370 threshold=6000
[06:49:20 ET] [MOVE] FIRESTORM_GATE_BLOCK DCOY setup=move_strike prior_bar_ticks=4370 threshold=6000
[06:49:20 ET] [MOVE] FIRESTORM_GATE_BLOCK DCOY setup=move_strike prior_bar_ticks=4370 threshold=6000
[06:49:20 ET] [MOVE] FIRESTORM_GATE_BLOCK DCOY setup=move_strike prior_bar_ticks=4370 threshold=6000
[06:49:20 ET] [MOVE] FIRESTORM_GATE_BLOCK DCOY setup=move_strike prior_bar_ticks=4370 threshold=6000
[06:49:20 ET] [MOVE] FIRESTORM_GATE_BLOCK DCOY setup=move_strike prior_bar_ticks=4370 threshold=6000
[06:49:20 ET] [MOVE] FIRESTORM_GATE_BLOCK DCOY setup=move_strike prior_bar_ticks=4370 threshold=6000
[06:49:20 ET] [MOVE] FIRESTORM_GATE_BLOCK DCOY setup=move_strike prior_bar_ticks=4370 threshold=6000
[06:49:20 ET] [MOVE] FIRESTORM_GATE_BLOCK DCOY setup=move_strike prior_bar_ticks=4370 threshold=6000
[06:49:20 ET] [MOVE] FIRESTORM_GATE_BLOCK DCOY setup=move_strike prior_bar_ticks=4370 threshold=6000
[06:49:20 ET] [MOVE] FIRESTORM_GATE_BLOCK DCOY setup=move_strike prior_bar_ticks=4370 threshold=6000
[06:49:20 ET] [MOVE] FIRESTORM_GATE_BLOCK DCOY setup=move_strike prior_bar_ticks=4370 threshold=6000
[06:49:20 ET] [MOVE] FIRESTORM_GATE_BLOCK DCOY setup=move_strike prior_bar_ticks=4370 threshold=6000
[06:49:20 ET] [MOVE] FIRESTORM_GATE_BLOCK DCOY setup=move_strike prior_bar_ticks=4370 threshold=6000
[06:49:20 ET] [MOVE] FIRESTORM_GATE_BLOCK DCOY setup=move_strike prior_bar_ticks=4370 threshold=6000
[06:49:20 ET] [MOVE] FIRESTORM_GATE_BLOCK DCOY setup=move_strike prior_bar_ticks=4370 threshold=6000
[06:49:20 ET] [MOVE] FIRESTORM_GATE_BLOCK DCOY setup=move_strike prior_bar_ticks=4370 threshold=6000
[06:49:20 ET] [MOVE] FIRESTORM_GATE_BLOCK DCOY setup=move_strike prior_bar_ticks=4370 threshold=6000
[06:49:20 ET] [MOVE] FIRESTORM_GATE_BLOCK DCOY setup=move_strike prior_bar_ticks=4370 threshold=6000
[06:49:20 ET] [MOVE] FIRESTORM_GATE_BLOCK DCOY setup=move_strike prior_bar_ticks=4370 threshold=6000
[06:49:20 ET] [MOVE] FIRESTORM_GATE_BLOCK DCOY setup=move_strike prior_bar_ticks=4370 threshold=6000
[06:49:20 ET] [MOVE] FIRESTORM_GATE_BLOCK DCOY setup=move_strike prior_bar_ticks=4370 threshold=6000
[06:49:20 ET] [MOVE] FIRESTORM_GATE_BLOCK DCOY setup=move_strike prior_bar_ticks=4370 threshold=6000
[06:49:20 ET] [MOVE] FIRESTORM_GATE_BLOCK DCOY setup=move_strike prior_bar_ticks=4370 threshold=6000
[06:49:20 ET] [MOVE] FIRESTORM_GATE_BLOCK DCOY setup=move_strike prior_bar_ticks=4370 threshold=6000
[06:49:20 ET] [MOVE] FIRESTORM_GATE_BLOCK DCOY setup=move_strike prior_bar_ticks=4370 threshold=6000
[06:49:20 ET] [MOVE] FIRESTORM_GATE_BLOCK DCOY setup=move_strike prior_bar_ticks=4370 threshold=6000
[06:49:20 ET] [MOVE] FIRESTORM_GATE_BLOCK DCOY setup=move_strike prior_bar_ticks=4370 threshold=6000
[06:49:20 ET] [MOVE] FIRESTORM_GATE_BLOCK DCOY setup=move_strike prior_bar_ticks=4370 threshold=6000
[06:49:20 ET] [MOVE] FIRESTORM_GATE_BLOCK DCOY setup=move_strike prior_bar_ticks=4370 threshold=6000
[06:49:20 ET] [MOVE] FIRESTORM_GATE_BLOCK DCOY setup=move_strike prior_bar_ticks=4370 threshold=6000
[06:49:20 ET] [MOVE] FIRESTORM_GATE_BLOCK DCOY setup=move_strike prior_bar_ticks=4370 threshold=6000
[06:49:20 ET] [MOVE] FIRESTORM_GATE_BLOCK DCOY setup=move_strike prior_bar_ticks=4370 threshold=6000
[06:49:20 ET] [MOVE] FIRESTORM_GATE_BLOCK DCOY setup=move_strike prior_bar_ticks=4370 threshold=6000
[06:49:20 ET] [MOVE] FIRESTORM_GATE_BLOCK DCOY setup=move_strike prior_bar_ticks=4370 threshold=6000
[06:49:20 ET] [MOVE] FIRESTORM_GATE_BLOCK DCOY setup=move_strike prior_bar_ticks=4370 threshold=6000
[06:49:20 ET] [MOVE] FIRESTORM_GATE_BLOCK DCOY setup=move_strike prior_bar_ticks=4370 threshold=6000
[06:49:20 ET] [MOVE] FIRESTORM_GATE_BLOCK DCOY setup=move_strike prior_bar_ticks=4370 threshold=6000
[06:49:20 ET] [MOVE] FIRESTORM_GATE_BLOCK DCOY setup=move_strike prior_bar_ticks=4370 threshold=6000
[06:49:20 ET] [MOVE] FIRESTORM_GATE_BLOCK DCOY setup=move_strike prior_bar_ticks=4370 threshold=6000
[06:49:20 ET] [MOVE] FIRESTORM_GATE_BLOCK DCOY setup=move_strike prior_bar_ticks=4370 threshold=6000
[06:49:21 ET] [MOVE] FIRESTORM_GATE_BLOCK DCOY setup=move_strike prior_bar_ticks=4370 threshold=6000
[06:49:21 ET] [MOVE] FIRESTORM_GATE_BLOCK DCOY setup=move_strike prior_bar_ticks=4370 threshold=6000
[06:49:21 ET] [MOVE] FIRESTORM_GATE_BLOCK DCOY setup=move_strike prior_bar_ticks=4370 threshold=6000
[06:49:21 ET] [MOVE] FIRESTORM_GATE_BLOCK DCOY setup=move_strike prior_bar_ticks=4370 threshold=6000
[06:49:21 ET] [MOVE] FIRESTORM_GATE_BLOCK DCOY setup=move_strike prior_bar_ticks=4370 threshold=6000
[06:49:21 ET] [MOVE] FIRESTORM_GATE_BLOCK DCOY setup=move_strike prior_bar_ticks=4370 threshold=6000
[06:49:21 ET] [MOVE] FIRESTORM_GATE_BLOCK DCOY setup=move_strike prior_bar_ticks=4370 threshold=6000
[06:49:21 ET] [MOVE] FIRESTORM_GATE_BLOCK DCOY setup=move_strike prior_bar_ticks=4370 threshold=6000
[06:49:21 ET] [MOVE] FIRESTORM_GATE_BLOCK DCOY setup=move_strike prior_bar_ticks=4370 threshold=6000
[06:49:21 ET] [MOVE] FIRESTORM_GATE_BLOCK DCOY setup=move_strike prior_bar_ticks=4370 threshold=6000
[06:49:21 ET] [MOVE] FIRESTORM_GATE_BLOCK DCOY setup=move_strike prior_bar_ticks=4370 threshold=6000
[06:49:21 ET] [MOVE] FIRESTORM_GATE_BLOCK DCOY setup=move_strike prior_bar_ticks=4370 threshold=6000
[06:49:21 ET] [MOVE] FIRESTORM_GATE_BLOCK DCOY setup=move_strike prior_bar_ticks=4370 threshold=6000
[06:49:21 ET] [MOVE] FIRESTORM_GATE_BLOCK DCOY setup=move_strike prior_bar_ticks=4370 threshold=6000
[06:49:21 ET] [MOVE] FIRESTORM_GATE_BLOCK DCOY setup=move_strike prior_bar_ticks=4370 threshold=6000
[06:49:21 ET] [MOVE] FIRESTORM_GATE_BLOCK DCOY setup=move_strike prior_bar_ticks=4370 threshold=6000
[06:49:21 ET] [MOVE] FIRESTORM_GATE_BLOCK DCOY setup=move_strike prior_bar_ticks=4370 threshold=6000
[06:49:21 ET] [MOVE] FIRESTORM_GATE_BLOCK DCOY setup=move_strike prior_bar_ticks=4370 threshold=6000
[06:49:21 ET] [MOVE] FIRESTORM_GATE_BLOCK DCOY setup=move_strike prior_bar_ticks=4370 threshold=6000
[06:49:21 ET] [MOVE] FIRESTORM_GATE_BLOCK DCOY setup=move_strike prior_bar_ticks=4370 threshold=6000
[06:49:21 ET] [MOVE] FIRESTORM_GATE_BLOCK DCOY setup=move_strike prior_bar_ticks=4370 threshold=6000
[06:49:21 ET] [MOVE] FIRESTORM_GATE_BLOCK DCOY setup=move_strike prior_bar_ticks=4370 threshold=6000
[06:49:21 ET] [MOVE] FIRESTORM_GATE_BLOCK DCOY setup=move_strike prior_bar_ticks=4370 threshold=6000
[06:49:21 ET] [MOVE] FIRESTORM_GATE_BLOCK DCOY setup=move_strike prior_bar_ticks=4370 threshold=6000
[06:49:21 ET] [MOVE] FIRESTORM_GATE_BLOCK DCOY setup=move_strike prior_bar_ticks=4370 threshold=6000
[06:49:21 ET] [MOVE] FIRESTORM_GATE_BLOCK DCOY setup=move_strike prior_bar_ticks=4370 threshold=6000
[06:49:21 ET] [MOVE] FIRESTORM_GATE_BLOCK DCOY setup=move_strike prior_bar_ticks=4370 threshold=6000
[06:49:21 ET] [MOVE] FIRESTORM_GATE_BLOCK DCOY setup=move_strike prior_bar_ticks=4370 threshold=6000
[06:49:21 ET] [MOVE] FIRESTORM_GATE_BLOCK DCOY setup=move_strike prior_bar_ticks=4370 threshold=6000
[06:49:21 ET] [MOVE] FIRESTORM_GATE_BLOCK DCOY setup=move_strike prior_bar_ticks=4370 threshold=6000
[06:49:21 ET] [MOVE] FIRESTORM_GATE_BLOCK DCOY setup=move_strike prior_bar_ticks=4370 threshold=6000
[06:49:21 ET] [MOVE] FIRESTORM_GATE_BLOCK DCOY setup=move_strike prior_bar_ticks=4370 threshold=6000
[06:49:21 ET] [MOVE] FIRESTORM_GATE_BLOCK DCOY setup=move_strike prior_bar_ticks=4370 threshold=6000
[06:49:21 ET] [MOVE] FIRESTORM_GATE_BLOCK DCOY setup=move_strike prior_bar_ticks=4370 threshold=6000
[06:49:21 ET] [MOVE] FIRESTORM_GATE_BLOCK DCOY setup=move_strike prior_bar_ticks=4370 threshold=6000
[06:49:21 ET] [MOVE] FIRESTORM_GATE_BLOCK DCOY setup=move_strike prior_bar_ticks=4370 threshold=6000
[06:49:21 ET] [MOVE] FIRESTORM_GATE_BLOCK DCOY setup=move_strike prior_bar_ticks=4370 threshold=6000
[06:49:21 ET] [MOVE] FIRESTORM_GATE_BLOCK DCOY setup=move_strike prior_bar_ticks=4370 threshold=6000
[06:49:21 ET] [MOVE] FIRESTORM_GATE_BLOCK DCOY setup=move_strike prior_bar_ticks=4370 threshold=6000
[06:49:21 ET] [MOVE] FIRESTORM_GATE_BLOCK DCOY setup=move_strike prior_bar_ticks=4370 threshold=6000
[06:49:21 ET] [MOVE] FIRESTORM_GATE_BLOCK DCOY setup=move_strike prior_bar_ticks=4370 threshold=6000
[06:49:21 ET] [MOVE] FIRESTORM_GATE_BLOCK DCOY setup=move_strike prior_bar_ticks=4370 threshold=6000
[06:49:21 ET] [MOVE] FIRESTORM_GATE_BLOCK DCOY setup=move_strike prior_bar_ticks=4370 threshold=6000
[06:49:21 ET] [MOVE] FIRESTORM_GATE_BLOCK DCOY setup=move_strike prior_bar_ticks=4370 threshold=6000
[06:49:21 ET] [MOVE] FIRESTORM_GATE_BLOCK DCOY setup=move_strike prior_bar_ticks=4370 threshold=6000
[06:49:21 ET] [MOVE] FIRESTORM_GATE_BLOCK DCOY setup=move_strike prior_bar_ticks=4370 threshold=6000
[06:49:21 ET] [MOVE] FIRESTORM_GATE_BLOCK DCOY setup=move_strike prior_bar_ticks=4370 threshold=6000
[06:49:21 ET] [MOVE] FIRESTORM_GATE_BLOCK DCOY setup=move_strike prior_bar_ticks=4370 threshold=6000
[06:49:21 ET] [MOVE] FIRESTORM_GATE_BLOCK DCOY setup=move_strike prior_bar_ticks=4370 threshold=6000
[06:49:21 ET] [MOVE] FIRESTORM_GATE_BLOCK DCOY setup=move_strike prior_bar_ticks=4370 threshold=6000
[06:49:21 ET] [MOVE] FIRESTORM_GATE_BLOCK DCOY setup=move_strike prior_bar_ticks=4370 threshold=6000
[06:49:21 ET] [MOVE] FIRESTORM_GATE_BLOCK DCOY setup=move_strike prior_bar_ticks=4370 threshold=6000
[06:49:21 ET] [MOVE] FIRESTORM_GATE_BLOCK DCOY setup=move_strike prior_bar_ticks=4370 threshold=6000
[06:49:21 ET] [MOVE] FIRESTORM_GATE_BLOCK DCOY setup=move_strike prior_bar_ticks=4370 threshold=6000
[06:49:21 ET] [MOVE] FIRESTORM_GATE_BLOCK DCOY setup=move_strike prior_bar_ticks=4370 threshold=6000
[06:49:21 ET] [MOVE] FIRESTORM_GATE_BLOCK DCOY setup=move_strike prior_bar_ticks=4370 threshold=6000
[06:49:21 ET] [MOVE] FIRESTORM_GATE_BLOCK DCOY setup=move_strike prior_bar_ticks=4370 threshold=6000
[06:49:21 ET] [MOVE] FIRESTORM_GATE_BLOCK DCOY setup=move_strike prior_bar_ticks=4370 threshold=6000
[06:49:21 ET] [MOVE] FIRESTORM_GATE_BLOCK DCOY setup=move_strike prior_bar_ticks=4370 threshold=6000
[06:49:21 ET] [MOVE] FIRESTORM_GATE_BLOCK DCOY setup=move_strike prior_bar_ticks=4370 threshold=6000
[06:49:21 ET] [MOVE] FIRESTORM_GATE_BLOCK DCOY setup=move_strike prior_bar_ticks=4370 threshold=6000
[06:49:21 ET] [MOVE] FIRESTORM_GATE_BLOCK DCOY setup=move_strike prior_bar_ticks=4370 threshold=6000
[06:49:21 ET] [MOVE] FIRESTORM_GATE_BLOCK DCOY setup=move_strike prior_bar_ticks=4370 threshold=6000
[06:49:21 ET] [MOVE] FIRESTORM_GATE_BLOCK DCOY setup=move_strike prior_bar_ticks=4370 threshold=6000
[06:49:21 ET] [MOVE] FIRESTORM_GATE_BLOCK DCOY setup=move_strike prior_bar_ticks=4370 threshold=6000
[06:49:21 ET] [MOVE] FIRESTORM_GATE_BLOCK DCOY setup=move_strike prior_bar_ticks=4370 threshold=6000
[06:49:21 ET] [MOVE] FIRESTORM_GATE_BLOCK DCOY setup=move_strike prior_bar_ticks=4370 threshold=6000
[06:49:21 ET] [MOVE] FIRESTORM_GATE_BLOCK DCOY setup=move_strike prior_bar_ticks=4370 threshold=6000
[06:49:21 ET] [MOVE] FIRESTORM_GATE_BLOCK DCOY setup=move_strike prior_bar_ticks=4370 threshold=6000
[06:49:21 ET] [MOVE] FIRESTORM_GATE_BLOCK DCOY setup=move_strike prior_bar_ticks=4370 threshold=6000
[06:49:21 ET] [MOVE] FIRESTORM_GATE_BLOCK DCOY setup=move_strike prior_bar_ticks=4370 threshold=6000
[06:49:21 ET] [MOVE] FIRESTORM_GATE_BLOCK DCOY setup=move_strike prior_bar_ticks=4370 threshold=6000
[06:49:21 ET] [MOVE] FIRESTORM_GATE_BLOCK DCOY setup=move_strike prior_bar_ticks=4370 threshold=6000
[ENGINE_PUB] STATS published=153,171 dropped=0 clients=2
[06:49:22 ET] [MOVE] FIRESTORM_GATE_BLOCK DCOY setup=move_strike prior_bar_ticks=4370 threshold=6000
[06:49:22 ET] [MOVE] FIRESTORM_GATE_BLOCK DCOY setup=move_strike prior_bar_ticks=4370 threshold=6000
[06:49:22 ET] [MOVE] FIRESTORM_GATE_BLOCK DCOY setup=move_strike prior_bar_ticks=4370 threshold=6000
[06:49:22 ET] [MOVE] FIRESTORM_GATE_BLOCK DCOY setup=move_strike prior_bar_ticks=4370 threshold=6000
[06:49:22 ET] [MOVE] FIRESTORM_GATE_BLOCK DCOY setup=move_strike prior_bar_ticks=4370 threshold=6000
[06:49:22 ET] [MOVE] FIRESTORM_GATE_BLOCK DCOY setup=move_strike prior_bar_ticks=4370 threshold=6000
[06:49:22 ET] [MOVE] FIRESTORM_GATE_BLOCK DCOY setup=move_strike prior_bar_ticks=4370 threshold=6000
[06:49:22 ET] [MOVE] FIRESTORM_GATE_BLOCK DCOY setup=move_strike prior_bar_ticks=4370 threshold=6000
[06:49:22 ET] [MOVE] FIRESTORM_GATE_BLOCK DCOY setup=move_strike prior_bar_ticks=4370 threshold=6000
[06:49:22 ET] [MOVE] FIRESTORM_GATE_BLOCK DCOY setup=move_strike prior_bar_ticks=4370 threshold=6000
[06:49:22 ET] [MOVE] FIRESTORM_GATE_BLOCK DCOY setup=move_strike prior_bar_ticks=4370 threshold=6000
[06:49:22 ET] [MOVE] FIRESTORM_GATE_BLOCK DCOY setup=move_strike prior_bar_ticks=4370 threshold=6000
[06:49:23 ET] [MOVE] FIRESTORM_GATE_BLOCK DCOY setup=move_strike prior_bar_ticks=4370 threshold=6000
[06:49:23 ET] [MOVE] FIRESTORM_GATE_BLOCK DCOY setup=move_strike prior_bar_ticks=4370 threshold=6000
[06:49:23 ET] [MOVE] FIRESTORM_GATE_BLOCK DCOY setup=move_strike prior_bar_ticks=4370 threshold=6000
[06:49:23 ET] [MOVE] FIRESTORM_GATE_BLOCK DCOY setup=move_strike prior_bar_ticks=4370 threshold=6000
[06:49:23 ET] [MOVE] FIRESTORM_GATE_BLOCK DCOY setup=move_strike prior_bar_ticks=4370 threshold=6000
[06:49:23 ET] [MOVE] FIRESTORM_GATE_BLOCK DCOY setup=move_strike prior_bar_ticks=4370 threshold=6000
[06:49:23 ET] [MOVE] FIRESTORM_GATE_BLOCK DCOY setup=move_strike prior_bar_ticks=4370 threshold=6000
[06:49:23 ET] [MOVE] FIRESTORM_GATE_BLOCK DCOY setup=move_strike prior_bar_ticks=4370 threshold=6000
[06:49:23 ET] [MOVE] FIRESTORM_GATE_BLOCK DCOY setup=move_strike prior_bar_ticks=4370 threshold=6000
[06:49:23 ET] [MOVE] FIRESTORM_GATE_BLOCK DCOY setup=move_strike prior_bar_ticks=4370 threshold=6000
[06:49:23 ET] [MOVE] FIRESTORM_GATE_BLOCK DCOY setup=move_strike prior_bar_ticks=4370 threshold=6000
[06:49:23 ET] [MOVE] FIRESTORM_GATE_BLOCK DCOY setup=move_strike prior_bar_ticks=4370 threshold=6000
[06:49:23 ET] [MOVE] FIRESTORM_GATE_BLOCK DCOY setup=move_strike prior_bar_ticks=4370 threshold=6000
[06:49:23 ET] [MOVE] FIRESTORM_GATE_BLOCK DCOY setup=move_strike prior_bar_ticks=4370 threshold=6000
[06:49:23 ET] [MOVE] FIRESTORM_GATE_BLOCK DCOY setup=move_strike prior_bar_ticks=4370 threshold=6000
[06:49:23 ET] [MOVE] FIRESTORM_GATE_BLOCK DCOY setup=move_strike prior_bar_ticks=4370 threshold=6000
[06:49:23 ET] [MOVE] FIRESTORM_GATE_BLOCK DCOY setup=move_strike prior_bar_ticks=4370 threshold=6000
[06:49:23 ET] [MOVE] FIRESTORM_GATE_BLOCK DCOY setup=move_strike prior_bar_ticks=4370 threshold=6000
  Tick cache: DCOY → +2,617 ticks (total 169,099)
  Tick cache: UPC → +136 ticks (total 84,605)
📦 Tick cache saved: 2 symbols → tick_cache/2026-06-29/
  TICK AUDIT: DCOY: 5125 ticks in last 60s, last_price=$14.58, last_tick_time=06:49:32
  TICK AUDIT: UPC: 278 ticks in last 60s, last_price=$8.58, last_tick_time=06:49:31
  → ORPHAN IGNORED (sync): FEBO on WB_ORPHAN_HALT_IGNORE_SYMBOLS — NOT adopting; bot keeps trading. Left at broker for manual handling.
[TIER] STATUS tier1=['DCOY', 'UPC'] tier2=0 capacity=2/5
  ⚠️ ORPHAN POSITION FOUND: FEBO qty=219 (available=219) entry=$1.12 unrealized=$-45.78 value=$198.78
  → ORPHAN IGNORED: FEBO on WB_ORPHAN_HALT_IGNORE_SYMBOLS — NOT adopting, NOT halting. Bot keeps trading other names; position left at broker for manual handling.
SUBSCRIPTION_AUDIT {"ts":"2026-06-29T06:49:33.099244-04:00","sym":"UPC","tier":"tick_by_tick","obs_v_5m":51359,"median_v_5m":131017,"ratio_obs_to_median":0.392,"truth_v_5m":null,"ratio_obs_to_truth":null,"status":"OK","sub_age_sec":4743,"contract_exchange":"SMART","contract_primary":"NASDAQ"}
SUBSCRIPTION_AUDIT {"ts":"2026-06-29T06:49:33.099244-04:00","sym":"DCOY","tier":"tick_by_tick","obs_v_5m":210675,"median_v_5m":131017,"ratio_obs_to_median":1.608,"truth_v_5m":null,"ratio_obs_to_truth":null,"status":"OK","sub_age_sec":6547,"contract_exchange":"SMART","contract_primary":"NASDAQ"}
[06:49:37 ET] [MOVE] FIRESTORM_GATE_BLOCK DCOY setup=move_strike prior_bar_ticks=4370 threshold=6000
[06:49:37 ET] [MOVE] FIRESTORM_GATE_BLOCK DCOY setup=move_strike prior_bar_ticks=4370 threshold=6000
[06:49:37 ET] [MOVE] FIRESTORM_GATE_BLOCK DCOY setup=move_strike prior_bar_ticks=4370 threshold=6000
[06:49:37 ET] [MOVE] FIRESTORM_GATE_BLOCK DCOY setup=move_strike prior_bar_ticks=4370 threshold=6000
[06:49:37 ET] [MOVE] FIRESTORM_GATE_BLOCK DCOY setup=move_strike prior_bar_ticks=4370 threshold=6000
[06:49:37 ET] [MOVE] FIRESTORM_GATE_BLOCK DCOY setup=move_strike prior_bar_ticks=4370 threshold=6000
[06:49:37 ET] [MOVE] FIRESTORM_GATE_BLOCK DCOY setup=move_strike prior_bar_ticks=4370 threshold=6000
[06:49:37 ET] [MOVE] FIRESTORM_GATE_BLOCK DCOY setup=move_strike prior_bar_ticks=4370 threshold=6000
[06:49:38 ET] [MOVE] FIRESTORM_GATE_BLOCK DCOY setup=move_strike prior_bar_ticks=4370 threshold=6000
[06:49:38 ET] [MOVE] FIRESTORM_GATE_BLOCK DCOY setup=move_strike prior_bar_ticks=4370 threshold=6000
[06:49:38 ET] [MOVE] FIRESTORM_GATE_BLOCK DCOY setup=move_strike prior_bar_ticks=4370 threshold=6000
[06:49:38 ET] [MOVE] FIRESTORM_GATE_BLOCK DCOY setup=move_strike prior_bar_ticks=4370 threshold=6000
[06:49:38 ET] [MOVE] FIRESTORM_GATE_BLOCK DCOY setup=move_strike prior_bar_ticks=4370 threshold=6000
[06:49:38 ET] [MOVE] FIRESTORM_GATE_BLOCK DCOY setup=move_strike prior_bar_ticks=4370 threshold=6000
[06:49:38 ET] [MOVE] FIRESTORM_GATE_BLOCK DCOY setup=move_strike prior_bar_ticks=4370 threshold=6000
[06:49:38 ET] [MOVE] FIRESTORM_GATE_BLOCK DCOY setup=move_strike prior_bar_ticks=4370 threshold=6000
[06:49:38 ET] [MOVE] FIRESTORM_GATE_BLOCK DCOY setup=move_strike prior_bar_ticks=4370 threshold=6000
[06:49:38 ET] [MOVE] FIRESTORM_GATE_BLOCK DCOY setup=move_strike prior_bar_ticks=4370 threshold=6000
[06:49:38 ET] [MOVE] FIRESTORM_GATE_BLOCK DCOY setup=move_strike prior_bar_ticks=4370 threshold=6000
[06:49:38 ET] [MOVE] FIRESTORM_GATE_BLOCK DCOY setup=move_strike prior_bar_ticks=4370 threshold=6000
[06:49:38 ET] [MOVE] FIRESTORM_GATE_BLOCK DCOY setup=move_strike prior_bar_ticks=4370 threshold=6000
[06:49:38 ET] [MOVE] FIRESTORM_GATE_BLOCK DCOY setup=move_strike prior_bar_ticks=4370 threshold=6000
[06:49:38 ET] [MOVE] FIRESTORM_GATE_BLOCK DCOY setup=move_strike prior_bar_ticks=4370 threshold=6000
[06:49:38 ET] [MOVE] FIRESTORM_GATE_BLOCK DCOY setup=move_strike prior_bar_ticks=4370 threshold=6000
[06:49:38 ET] [MOVE] FIRESTORM_GATE_BLOCK DCOY setup=move_strike prior_bar_ticks=4370 threshold=6000
[06:49:38 ET] [MOVE] FIRESTORM_GATE_BLOCK DCOY setup=move_strike prior_bar_ticks=4370 threshold=6000
[06:49:38 ET] [MOVE] FIRESTORM_GATE_BLOCK DCOY setup=move_strike prior_bar_ticks=4370 threshold=6000
[06:49:38 ET] [MOVE] FIRESTORM_GATE_BLOCK DCOY setup=move_strike prior_bar_ticks=4370 threshold=6000
[06:49:38 ET] [MOVE] FIRESTORM_GATE_BLOCK DCOY setup=move_strike prior_bar_ticks=4370 threshold=6000
[06:49:38 ET] [MOVE] FIRESTORM_GATE_BLOCK DCOY setup=move_strike prior_bar_ticks=4370 threshold=6000
[06:49:38 ET] [MOVE] FIRESTORM_GATE_BLOCK DCOY setup=move_strike prior_bar_ticks=4370 threshold=6000
[06:49:38 ET] [MOVE] FIRESTORM_GATE_BLOCK DCOY setup=move_strike prior_bar_ticks=4370 threshold=6000
[06:49:38 ET] [MOVE] FIRESTORM_GATE_BLOCK DCOY setup=move_strike prior_bar_ticks=4370 threshold=6000
[06:49:38 ET] [MOVE] FIRESTORM_GATE_BLOCK DCOY setup=move_strike prior_bar_ticks=4370 threshold=6000
[06:49:38 ET] [MOVE] FIRESTORM_GATE_BLOCK DCOY setup=move_strike prior_bar_ticks=4370 threshold=6000
[06:49:38 ET] [MOVE] FIRESTORM_GATE_BLOCK DCOY setup=move_strike prior_bar_ticks=4370 threshold=6000
[06:49:38 ET] [MOVE] FIRESTORM_GATE_BLOCK DCOY setup=move_strike prior_bar_ticks=4370 threshold=6000
[06:49:38 ET] [MOVE] FIRESTORM_GATE_BLOCK DCOY setup=move_strike prior_bar_ticks=4370 threshold=6000
[06:49:38 ET] [MOVE] FIRESTORM_GATE_BLOCK DCOY setup=move_strike prior_bar_ticks=4370 threshold=6000
[06:49:38 ET] [MOVE] FIRESTORM_GATE_BLOCK DCOY setup=move_strike prior_bar_ticks=4370 threshold=6000
[06:49:38 ET] [MOVE] FIRESTORM_GATE_BLOCK DCOY setup=move_strike prior_bar_ticks=4370 threshold=6000
[06:49:38 ET] [MOVE] FIRESTORM_GATE_BLOCK DCOY setup=move_strike prior_bar_ticks=4370 threshold=6000
[06:49:38 ET] [MOVE] FIRESTORM_GATE_BLOCK DCOY setup=move_strike prior_bar_ticks=4370 threshold=6000
[06:49:38 ET] [MOVE] FIRESTORM_GATE_BLOCK DCOY setup=move_strike prior_bar_ticks=4370 threshold=6000
[06:49:38 ET] [MOVE] FIRESTORM_GATE_BLOCK DCOY setup=move_strike prior_bar_ticks=4370 threshold=6000
[06:49:38 ET] [MOVE] FIRESTORM_GATE_BLOCK DCOY setup=move_strike prior_bar_ticks=4370 threshold=6000
[06:49:38 ET] [MOVE] FIRESTORM_GATE_BLOCK DCOY setup=move_strike prior_bar_ticks=4370 threshold=6000
[06:49:38 ET] [MOVE] FIRESTORM_GATE_BLOCK DCOY setup=move_strike prior_bar_ticks=4370 threshold=6000
[06:49:38 ET] [MOVE] FIRESTORM_GATE_BLOCK DCOY setup=move_strike prior_bar_ticks=4370 threshold=6000
[06:49:38 ET] [MOVE] FIRESTORM_GATE_BLOCK DCOY setup=move_strike prior_bar_ticks=4370 threshold=6000
[06:49:38 ET] [MOVE] FIRESTORM_GATE_BLOCK DCOY setup=move_strike prior_bar_ticks=4370 threshold=6000
[06:49:38 ET] [MOVE] FIRESTORM_GATE_BLOCK DCOY setup=move_strike prior_bar_ticks=4370 threshold=6000
[06:49:38 ET] [MOVE] FIRESTORM_GATE_BLOCK DCOY setup=move_strike prior_bar_ticks=4370 threshold=6000
[06:49:38 ET] [MOVE] FIRESTORM_GATE_BLOCK DCOY setup=move_strike prior_bar_ticks=4370 threshold=6000
[06:49:38 ET] [MOVE] FIRESTORM_GATE_BLOCK DCOY setup=move_strike prior_bar_ticks=4370 threshold=6000
[06:49:39 ET] [MOVE] FIRESTORM_GATE_BLOCK DCOY setup=move_strike prior_bar_ticks=4370 threshold=6000
[06:49:39 ET] [MOVE] FIRESTORM_GATE_BLOCK DCOY setup=move_strike prior_bar_ticks=4370 threshold=6000
[06:49:39 ET] [MOVE] FIRESTORM_GATE_BLOCK DCOY setup=move_strike prior_bar_ticks=4370 threshold=6000
[06:49:39 ET] [MOVE] FIRESTORM_GATE_BLOCK DCOY setup=move_strike prior_bar_ticks=4370 threshold=6000
[06:49:39 ET] [MOVE] FIRESTORM_GATE_BLOCK DCOY setup=move_strike prior_bar_ticks=4370 threshold=6000
[06:49:39 ET] [MOVE] FIRESTORM_GATE_BLOCK DCOY setup=move_strike prior_bar_ticks=4370 threshold=6000
[06:49:39 ET] [MOVE] FIRESTORM_GATE_BLOCK DCOY setup=move_strike prior_bar_ticks=4370 threshold=6000
[06:49:39 ET] [MOVE] FIRESTORM_GATE_BLOCK DCOY setup=move_strike prior_bar_ticks=4370 threshold=6000
[06:49:39 ET] [MOVE] FIRESTORM_GATE_BLOCK DCOY setup=move_strike prior_bar_ticks=4370 threshold=6000
[06:49:39 ET] [MOVE] FIRESTORM_GATE_BLOCK DCOY setup=move_strike prior_bar_ticks=4370 threshold=6000
[06:49:39 ET] [MOVE] FIRESTORM_GATE_BLOCK DCOY setup=move_strike prior_bar_ticks=4370 threshold=6000
[06:49:39 ET] [MOVE] FIRESTORM_GATE_BLOCK DCOY setup=move_strike prior_bar_ticks=4370 threshold=6000
[06:49:39 ET] [MOVE] FIRESTORM_GATE_BLOCK DCOY setup=move_strike prior_bar_ticks=4370 threshold=6000
[06:49:39 ET] [MOVE] FIRESTORM_GATE_BLOCK DCOY setup=move_strike prior_bar_ticks=4370 threshold=6000
[06:49:39 ET] [MOVE] FIRESTORM_GATE_BLOCK DCOY setup=move_strike prior_bar_ticks=4370 threshold=6000
[06:49:39 ET] [MOVE] FIRESTORM_GATE_BLOCK DCOY setup=move_strike prior_bar_ticks=4370 threshold=6000
[06:49:39 ET] [MOVE] FIRESTORM_GATE_BLOCK DCOY setup=move_strike prior_bar_ticks=4370 threshold=6000
[06:49:39 ET] [MOVE] FIRESTORM_GATE_BLOCK DCOY setup=move_strike prior_bar_ticks=4370 threshold=6000
[06:49:39 ET] [MOVE] FIRESTORM_GATE_BLOCK DCOY setup=move_strike prior_bar_ticks=4370 threshold=6000
[06:49:39 ET] [MOVE] FIRESTORM_GATE_BLOCK DCOY setup=move_strike prior_bar_ticks=4370 threshold=6000
[06:49:39 ET] [MOVE] FIRESTORM_GATE_BLOCK DCOY setup=move_strike prior_bar_ticks=4370 threshold=6000
[06:49:39 ET] [MOVE] FIRESTORM_GATE_BLOCK DCOY setup=move_strike prior_bar_ticks=4370 threshold=6000
[06:49:39 ET] [MOVE] FIRESTORM_GATE_BLOCK DCOY setup=move_strike prior_bar_ticks=4370 threshold=6000
[06:49:39 ET] [MOVE] FIRESTORM_GATE_BLOCK DCOY setup=move_strike prior_bar_ticks=4370 threshold=6000
[06:49:39 ET] [MOVE] FIRESTORM_GATE_BLOCK DCOY setup=move_strike prior_bar_ticks=4370 threshold=6000
[06:49:39 ET] [MOVE] FIRESTORM_GATE_BLOCK DCOY setup=move_strike prior_bar_ticks=4370 threshold=6000
[06:49:39 ET] [MOVE] FIRESTORM_GATE_BLOCK DCOY setup=move_strike prior_bar_ticks=4370 threshold=6000
[06:49:39 ET] [MOVE] FIRESTORM_GATE_BLOCK DCOY setup=move_strike prior_bar_ticks=4370 threshold=6000
[06:49:39 ET] [MOVE] FIRESTORM_GATE_BLOCK DCOY setup=move_strike prior_bar_ticks=4370 threshold=6000
[06:49:39 ET] [MOVE] FIRESTORM_GATE_BLOCK DCOY setup=move_strike prior_bar_ticks=4370 threshold=6000
[06:49:39 ET] [MOVE] FIRESTORM_GATE_BLOCK DCOY setup=move_strike prior_bar_ticks=4370 threshold=6000
[06:49:39 ET] [MOVE] FIRESTORM_GATE_BLOCK DCOY setup=move_strike prior_bar_ticks=4370 threshold=6000
[06:49:39 ET] [MOVE] FIRESTORM_GATE_BLOCK DCOY setup=move_strike prior_bar_ticks=4370 threshold=6000
[06:49:39 ET] [MOVE] FIRESTORM_GATE_BLOCK DCOY setup=move_strike prior_bar_ticks=4370 threshold=6000
[06:49:39 ET] [MOVE] FIRESTORM_GATE_BLOCK DCOY setup=move_strike prior_bar_ticks=4370 threshold=6000
[06:49:39 ET] [MOVE] FIRESTORM_GATE_BLOCK DCOY setup=move_strike prior_bar_ticks=4370 threshold=6000
[06:49:39 ET] [MOVE] FIRESTORM_GATE_BLOCK DCOY setup=move_strike prior_bar_ticks=4370 threshold=6000
[06:49:39 ET] [MOVE] FIRESTORM_GATE_BLOCK DCOY setup=move_strike prior_bar_ticks=4370 threshold=6000
[06:49:39 ET] [MOVE] FIRESTORM_GATE_BLOCK DCOY setup=move_strike prior_bar_ticks=4370 threshold=6000
[06:49:40 ET] [MOVE] FIRESTORM_GATE_BLOCK DCOY setup=move_strike prior_bar_ticks=4370 threshold=6000
[06:49:40 ET] [MOVE] FIRESTORM_GATE_BLOCK DCOY setup=move_strike prior_bar_ticks=4370 threshold=6000
[06:49:40 ET] [MOVE] FIRESTORM_GATE_BLOCK DCOY setup=move_strike prior_bar_ticks=4370 threshold=6000
[06:49:40 ET] [MOVE] FIRESTORM_GATE_BLOCK DCOY setup=move_strike prior_bar_ticks=4370 threshold=6000
[06:49:40 ET] [MOVE] FIRESTORM_GATE_BLOCK DCOY setup=move_strike prior_bar_ticks=4370 threshold=6000
[06:49:40 ET] [MOVE] FIRESTORM_GATE_BLOCK DCOY setup=move_strike prior_bar_ticks=4370 threshold=6000
[06:49:40 ET] [MOVE] FIRESTORM_GATE_BLOCK DCOY setup=move_strike prior_bar_ticks=4370 threshold=6000
[06:49:40 ET] [MOVE] FIRESTORM_GATE_BLOCK DCOY setup=move_strike prior_bar_ticks=4370 threshold=6000
[06:49:40 ET] [MOVE] FIRESTORM_GATE_BLOCK DCOY setup=move_strike prior_bar_ticks=4370 threshold=6000
[06:49:40 ET] [MOVE] FIRESTORM_GATE_BLOCK DCOY setup=move_strike prior_bar_ticks=4370 threshold=6000
[06:49:40 ET] [MOVE] FIRESTORM_GATE_BLOCK DCOY setup=move_strike prior_bar_ticks=4370 threshold=6000
[06:49:40 ET] [MOVE] FIRESTORM_GATE_BLOCK DCOY setup=move_strike prior_bar_ticks=4370 threshold=6000
[06:49:40 ET] [MOVE] FIRESTORM_GATE_BLOCK DCOY setup=move_strike prior_bar_ticks=4370 threshold=6000
[06:49:40 ET] [MOVE] FIRESTORM_GATE_BLOCK DCOY setup=move_strike prior_bar_ticks=4370 threshold=6000
[06:49:40 ET] [MOVE] FIRESTORM_GATE_BLOCK DCOY setup=move_strike prior_bar_ticks=4370 threshold=6000
[06:49:40 ET] [MOVE] FIRESTORM_GATE_BLOCK DCOY setup=move_strike prior_bar_ticks=4370 threshold=6000
[06:49:40 ET] [MOVE] FIRESTORM_GATE_BLOCK DCOY setup=move_strike prior_bar_ticks=4370 threshold=6000
[06:49:40 ET] [MOVE] FIRESTORM_GATE_BLOCK DCOY setup=move_strike prior_bar_ticks=4370 threshold=6000
[06:49:40 ET] [MOVE] FIRESTORM_GATE_BLOCK DCOY setup=move_strike prior_bar_ticks=4370 threshold=6000
[06:49:40 ET] [MOVE] FIRESTORM_GATE_BLOCK DCOY setup=move_strike prior_bar_ticks=4370 threshold=6000
[06:49:40 ET] [MOVE] FIRESTORM_GATE_BLOCK DCOY setup=move_strike prior_bar_ticks=4370 threshold=6000
[06:49:40 ET] [MOVE] FIRESTORM_GATE_BLOCK DCOY setup=move_strike prior_bar_ticks=4370 threshold=6000
[06:49:40 ET] [MOVE] FIRESTORM_GATE_BLOCK DCOY setup=move_strike prior_bar_ticks=4370 threshold=6000
[06:49:40 ET] [MOVE] FIRESTORM_GATE_BLOCK DCOY setup=move_strike prior_bar_ticks=4370 threshold=6000
[06:49:40 ET] [MOVE] FIRESTORM_GATE_BLOCK DCOY setup=move_strike prior_bar_ticks=4370 threshold=6000
[06:49:40 ET] [MOVE] FIRESTORM_GATE_BLOCK DCOY setup=move_strike prior_bar_ticks=4370 threshold=6000
[06:49:40 ET] [MOVE] FIRESTORM_GATE_BLOCK DCOY setup=move_strike prior_bar_ticks=4370 threshold=6000
[06:49:40 ET] [MOVE] FIRESTORM_GATE_BLOCK DCOY setup=move_strike prior_bar_ticks=4370 threshold=6000
[06:49:40 ET] [MOVE] FIRESTORM_GATE_BLOCK DCOY setup=move_strike prior_bar_ticks=4370 threshold=6000
[06:49:40 ET] [MOVE] FIRESTORM_GATE_BLOCK DCOY setup=move_strike prior_bar_ticks=4370 threshold=6000
[06:49:40 ET] [MOVE] FIRESTORM_GATE_BLOCK DCOY setup=move_strike prior_bar_ticks=4370 threshold=6000
[06:49:40 ET] [MOVE] FIRESTORM_GATE_BLOCK DCOY setup=move_strike prior_bar_ticks=4370 threshold=6000
[06:49:41 ET] [MOVE] FIRESTORM_GATE_BLOCK DCOY setup=move_strike prior_bar_ticks=4370 threshold=6000
[06:49:41 ET] [MOVE] FIRESTORM_GATE_BLOCK DCOY setup=move_strike prior_bar_ticks=4370 threshold=6000
[06:49:41 ET] [MOVE] FIRESTORM_GATE_BLOCK DCOY setup=move_strike prior_bar_ticks=4370 threshold=6000
[06:49:41 ET] [MOVE] FIRESTORM_GATE_BLOCK DCOY setup=move_strike prior_bar_ticks=4370 threshold=6000
[06:49:41 ET] [MOVE] FIRESTORM_GATE_BLOCK DCOY setup=move_strike prior_bar_ticks=4370 threshold=6000
[06:49:41 ET] [MOVE] FIRESTORM_GATE_BLOCK DCOY setup=move_strike prior_bar_ticks=4370 threshold=6000
[06:49:41 ET] [MOVE] FIRESTORM_GATE_BLOCK DCOY setup=move_strike prior_bar_ticks=4370 threshold=6000
[06:49:41 ET] [MOVE] FIRESTORM_GATE_BLOCK DCOY setup=move_strike prior_bar_ticks=4370 threshold=6000
[06:49:41 ET] [MOVE] FIRESTORM_GATE_BLOCK DCOY setup=move_strike prior_bar_ticks=4370 threshold=6000
[06:49:41 ET] [MOVE] FIRESTORM_GATE_BLOCK DCOY setup=move_strike prior_bar_ticks=4370 threshold=6000
[06:49:41 ET] [MOVE] FIRESTORM_GATE_BLOCK DCOY setup=move_strike prior_bar_ticks=4370 threshold=6000
[06:49:41 ET] [MOVE] FIRESTORM_GATE_BLOCK DCOY setup=move_strike prior_bar_ticks=4370 threshold=6000
[06:49:41 ET] [MOVE] FIRESTORM_GATE_BLOCK DCOY setup=move_strike prior_bar_ticks=4370 threshold=6000
[06:49:41 ET] [MOVE] FIRESTORM_GATE_BLOCK DCOY setup=move_strike prior_bar_ticks=4370 threshold=6000
[06:49:41 ET] [MOVE] FIRESTORM_GATE_BLOCK DCOY setup=move_strike prior_bar_ticks=4370 threshold=6000
[06:49:41 ET] [MOVE] FIRESTORM_GATE_BLOCK DCOY setup=move_strike prior_bar_ticks=4370 threshold=6000
[06:49:41 ET] [MOVE] FIRESTORM_GATE_BLOCK DCOY setup=move_strike prior_bar_ticks=4370 threshold=6000
[06:49:41 ET] [MOVE] FIRESTORM_GATE_BLOCK DCOY setup=move_strike prior_bar_ticks=4370 threshold=6000
[06:49:41 ET] [MOVE] FIRESTORM_GATE_BLOCK DCOY setup=move_strike prior_bar_ticks=4370 threshold=6000
[06:49:41 ET] [MOVE] FIRESTORM_GATE_BLOCK DCOY setup=move_strike prior_bar_ticks=4370 threshold=6000
[06:49:41 ET] [MOVE] FIRESTORM_GATE_BLOCK DCOY setup=move_strike prior_bar_ticks=4370 threshold=6000
[06:49:41 ET] [MOVE] FIRESTORM_GATE_BLOCK DCOY setup=move_strike prior_bar_ticks=4370 threshold=6000
[06:49:41 ET] [MOVE] FIRESTORM_GATE_BLOCK DCOY setup=move_strike prior_bar_ticks=4370 threshold=6000
[06:49:41 ET] [MOVE] FIRESTORM_GATE_BLOCK DCOY setup=move_strike prior_bar_ticks=4370 threshold=6000
[06:49:41 ET] [MOVE] FIRESTORM_GATE_BLOCK DCOY setup=move_strike prior_bar_ticks=4370 threshold=6000
[06:49:41 ET] [MOVE] FIRESTORM_GATE_BLOCK DCOY setup=move_strike prior_bar_ticks=4370 threshold=6000
[06:49:41 ET] [MOVE] FIRESTORM_GATE_BLOCK DCOY setup=move_strike prior_bar_ticks=4370 threshold=6000
[06:49:41 ET] [MOVE] FIRESTORM_GATE_BLOCK DCOY setup=move_strike prior_bar_ticks=4370 threshold=6000
[06:49:41 ET] [MOVE] FIRESTORM_GATE_BLOCK DCOY setup=move_strike prior_bar_ticks=4370 threshold=6000
[06:49:42 ET] [MOVE] FIRESTORM_GATE_BLOCK DCOY setup=move_strike prior_bar_ticks=4370 threshold=6000
[06:49:42 ET] [MOVE] FIRESTORM_GATE_BLOCK DCOY setup=move_strike prior_bar_ticks=4370 threshold=6000
[06:49:42 ET] [MOVE] FIRESTORM_GATE_BLOCK DCOY setup=move_strike prior_bar_ticks=4370 threshold=6000
[06:49:42 ET] [MOVE] FIRESTORM_GATE_BLOCK DCOY setup=move_strike prior_bar_ticks=4370 threshold=6000
[06:49:42 ET] [MOVE] FIRESTORM_GATE_BLOCK DCOY setup=move_strike prior_bar_ticks=4370 threshold=6000
[06:49:42 ET] [MOVE] FIRESTORM_GATE_BLOCK DCOY setup=move_strike prior_bar_ticks=4370 threshold=6000
[06:49:42 ET] [MOVE] FIRESTORM_GATE_BLOCK DCOY setup=move_strike prior_bar_ticks=4370 threshold=6000
[06:49:42 ET] [MOVE] FIRESTORM_GATE_BLOCK DCOY setup=move_strike prior_bar_ticks=4370 threshold=6000
[06:49:42 ET] [MOVE] FIRESTORM_GATE_BLOCK DCOY setup=move_strike prior_bar_ticks=4370 threshold=6000
[06:49:42 ET] [MOVE] FIRESTORM_GATE_BLOCK DCOY setup=move_strike prior_bar_ticks=4370 threshold=6000
[06:49:42 ET] [MOVE] FIRESTORM_GATE_BLOCK DCOY setup=move_strike prior_bar_ticks=4370 threshold=6000
[06:49:42 ET] [MOVE] FIRESTORM_GATE_BLOCK DCOY setup=move_strike prior_bar_ticks=4370 threshold=6000
[06:49:42 ET] [MOVE] FIRESTORM_GATE_BLOCK DCOY setup=move_strike prior_bar_ticks=4370 threshold=6000
[06:49:42 ET] [MOVE] FIRESTORM_GATE_BLOCK DCOY setup=move_strike prior_bar_ticks=4370 threshold=6000
[06:49:42 ET] [MOVE] FIRESTORM_GATE_BLOCK DCOY setup=move_strike prior_bar_ticks=4370 threshold=6000
[06:49:42 ET] [MOVE] FIRESTORM_GATE_BLOCK DCOY setup=move_strike prior_bar_ticks=4370 threshold=6000
[06:49:42 ET] [MOVE] FIRESTORM_GATE_BLOCK DCOY setup=move_strike prior_bar_ticks=4370 threshold=6000
[06:49:42 ET] [MOVE] FIRESTORM_GATE_BLOCK DCOY setup=move_strike prior_bar_ticks=4370 threshold=6000
[06:49:43 ET] [MOVE] FIRESTORM_GATE_BLOCK DCOY setup=move_strike prior_bar_ticks=4370 threshold=6000
[06:49:54 ET] [MOVE] FIRESTORM_GATE_BLOCK DCOY setup=move_strike prior_bar_ticks=4370 threshold=6000
[06:49:54 ET] [MOVE] FIRESTORM_GATE_BLOCK DCOY setup=move_strike prior_bar_ticks=4370 threshold=6000
[06:49:54 ET] [MOVE] FIRESTORM_GATE_BLOCK DCOY setup=move_strike prior_bar_ticks=4370 threshold=6000
[06:49:54 ET] [MOVE] FIRESTORM_GATE_BLOCK DCOY setup=move_strike prior_bar_ticks=4370 threshold=6000
[06:49:54 ET] [MOVE] FIRESTORM_GATE_BLOCK DCOY setup=move_strike prior_bar_ticks=4370 threshold=6000
[06:49:54 ET] [MOVE] FIRESTORM_GATE_BLOCK DCOY setup=move_strike prior_bar_ticks=4370 threshold=6000
[06:49:54 ET] [MOVE] FIRESTORM_GATE_BLOCK DCOY setup=move_strike prior_bar_ticks=4370 threshold=6000
[06:49:54 ET] [MOVE] FIRESTORM_GATE_BLOCK DCOY setup=move_strike prior_bar_ticks=4370 threshold=6000
[06:49:54 ET] [MOVE] FIRESTORM_GATE_BLOCK DCOY setup=move_strike prior_bar_ticks=4370 threshold=6000
[06:49:54 ET] [MOVE] FIRESTORM_GATE_BLOCK DCOY setup=move_strike prior_bar_ticks=4370 threshold=6000
[06:49:54 ET] [MOVE] FIRESTORM_GATE_BLOCK DCOY setup=move_strike prior_bar_ticks=4370 threshold=6000
[06:49:54 ET] [MOVE] FIRESTORM_GATE_BLOCK DCOY setup=move_strike prior_bar_ticks=4370 threshold=6000
[06:49:54 ET] [MOVE] FIRESTORM_GATE_BLOCK DCOY setup=move_strike prior_bar_ticks=4370 threshold=6000
[06:49:54 ET] [MOVE] FIRESTORM_GATE_BLOCK DCOY setup=move_strike prior_bar_ticks=4370 threshold=6000
[06:49:54 ET] [MOVE] FIRESTORM_GATE_BLOCK DCOY setup=move_strike prior_bar_ticks=4370 threshold=6000
[06:49:54 ET] [MOVE] FIRESTORM_GATE_BLOCK DCOY setup=move_strike prior_bar_ticks=4370 threshold=6000
[06:49:54 ET] [MOVE] FIRESTORM_GATE_BLOCK DCOY setup=move_strike prior_bar_ticks=4370 threshold=6000
[06:49:55 ET] [MOVE] FIRESTORM_GATE_BLOCK DCOY setup=move_strike prior_bar_ticks=4370 threshold=6000
[06:49:55 ET] [MOVE] FIRESTORM_GATE_BLOCK DCOY setup=move_strike prior_bar_ticks=4370 threshold=6000
[06:49:55 ET] [MOVE] FIRESTORM_GATE_BLOCK DCOY setup=move_strike prior_bar_ticks=4370 threshold=6000
[06:49:55 ET] [MOVE] FIRESTORM_GATE_BLOCK DCOY setup=move_strike prior_bar_ticks=4370 threshold=6000
[06:49:55 ET] [MOVE] FIRESTORM_GATE_BLOCK DCOY setup=move_strike prior_bar_ticks=4370 threshold=6000
[06:49:55 ET] [MOVE] FIRESTORM_GATE_BLOCK DCOY setup=move_strike prior_bar_ticks=4370 threshold=6000
[06:49:55 ET] [MOVE] FIRESTORM_GATE_BLOCK DCOY setup=move_strike prior_bar_ticks=4370 threshold=6000
[06:49:55 ET] [MOVE] FIRESTORM_GATE_BLOCK DCOY setup=move_strike prior_bar_ticks=4370 threshold=6000
[06:49:55 ET] [MOVE] FIRESTORM_GATE_BLOCK DCOY setup=move_strike prior_bar_ticks=4370 threshold=6000
[06:49:55 ET] [MOVE] FIRESTORM_GATE_BLOCK DCOY setup=move_strike prior_bar_ticks=4370 threshold=6000
[06:49:55 ET] [MOVE] FIRESTORM_GATE_BLOCK DCOY setup=move_strike prior_bar_ticks=4370 threshold=6000
[06:49:55 ET] [MOVE] FIRESTORM_GATE_BLOCK DCOY setup=move_strike prior_bar_ticks=4370 threshold=6000
[06:49:55 ET] [MOVE] FIRESTORM_GATE_BLOCK DCOY setup=move_strike prior_bar_ticks=4370 threshold=6000
[06:49:55 ET] [MOVE] FIRESTORM_GATE_BLOCK DCOY setup=move_strike prior_bar_ticks=4370 threshold=6000
[06:49:55 ET] [MOVE] FIRESTORM_GATE_BLOCK DCOY setup=move_strike prior_bar_ticks=4370 threshold=6000
[06:49:55 ET] [MOVE] FIRESTORM_GATE_BLOCK DCOY setup=move_strike prior_bar_ticks=4370 threshold=6000
[06:49:55 ET] [MOVE] FIRESTORM_GATE_BLOCK DCOY setup=move_strike prior_bar_ticks=4370 threshold=6000
[06:49:55 ET] [MOVE] FIRESTORM_GATE_BLOCK DCOY setup=move_strike prior_bar_ticks=4370 threshold=6000
[06:49:55 ET] [MOVE] FIRESTORM_GATE_BLOCK DCOY setup=move_strike prior_bar_ticks=4370 threshold=6000
[06:49:55 ET] [MOVE] FIRESTORM_GATE_BLOCK DCOY setup=move_strike prior_bar_ticks=4370 threshold=6000
[06:49:55 ET] [MOVE] FIRESTORM_GATE_BLOCK DCOY setup=move_strike prior_bar_ticks=4370 threshold=6000
[06:49:55 ET] [MOVE] FIRESTORM_GATE_BLOCK DCOY setup=move_strike prior_bar_ticks=4370 threshold=6000
[06:49:55 ET] [MOVE] FIRESTORM_GATE_BLOCK DCOY setup=move_strike prior_bar_ticks=4370 threshold=6000
[06:49:55 ET] [MOVE] FIRESTORM_GATE_BLOCK DCOY setup=move_strike prior_bar_ticks=4370 threshold=6000
[06:49:55 ET] [MOVE] FIRESTORM_GATE_BLOCK DCOY setup=move_strike prior_bar_ticks=4370 threshold=6000
[06:49:55 ET] [MOVE] FIRESTORM_GATE_BLOCK DCOY setup=move_strike prior_bar_ticks=4370 threshold=6000
[06:49:55 ET] [MOVE] FIRESTORM_GATE_BLOCK DCOY setup=move_strike prior_bar_ticks=4370 threshold=6000
[06:49:55 ET] [MOVE] FIRESTORM_GATE_BLOCK DCOY setup=move_strike prior_bar_ticks=4370 threshold=6000
[06:49:55 ET] [MOVE] FIRESTORM_GATE_BLOCK DCOY setup=move_strike prior_bar_ticks=4370 threshold=6000
[06:49:55 ET] [MOVE] FIRESTORM_GATE_BLOCK DCOY setup=move_strike prior_bar_ticks=4370 threshold=6000
[06:49:55 ET] [MOVE] FIRESTORM_GATE_BLOCK DCOY setup=move_strike prior_bar_ticks=4370 threshold=6000
[06:49:55 ET] [MOVE] FIRESTORM_GATE_BLOCK DCOY setup=move_strike prior_bar_ticks=4370 threshold=6000
[06:49:55 ET] [MOVE] FIRESTORM_GATE_BLOCK DCOY setup=move_strike prior_bar_ticks=4370 threshold=6000
[06:49:55 ET] [MOVE] FIRESTORM_GATE_BLOCK DCOY setup=move_strike prior_bar_ticks=4370 threshold=6000
[06:49:55 ET] [MOVE] FIRESTORM_GATE_BLOCK DCOY setup=move_strike prior_bar_ticks=4370 threshold=6000
[06:49:55 ET] [MOVE] FIRESTORM_GATE_BLOCK DCOY setup=move_strike prior_bar_ticks=4370 threshold=6000
[06:49:55 ET] [MOVE] FIRESTORM_GATE_BLOCK DCOY setup=move_strike prior_bar_ticks=4370 threshold=6000
[06:49:55 ET] [MOVE] FIRESTORM_GATE_BLOCK DCOY setup=move_strike prior_bar_ticks=4370 threshold=6000
[06:49:55 ET] [MOVE] FIRESTORM_GATE_BLOCK DCOY setup=move_strike prior_bar_ticks=4370 threshold=6000
[06:49:55 ET] [MOVE] FIRESTORM_GATE_BLOCK DCOY setup=move_strike prior_bar_ticks=4370 threshold=6000
[06:49:55 ET] [MOVE] FIRESTORM_GATE_BLOCK DCOY setup=move_strike prior_bar_ticks=4370 threshold=6000
[06:49:55 ET] [MOVE] FIRESTORM_GATE_BLOCK DCOY setup=move_strike prior_bar_ticks=4370 threshold=6000
[06:49:55 ET] [MOVE] FIRESTORM_GATE_BLOCK DCOY setup=move_strike prior_bar_ticks=4370 threshold=6000
[06:49:55 ET] [MOVE] FIRESTORM_GATE_BLOCK DCOY setup=move_strike prior_bar_ticks=4370 threshold=6000
[06:49:55 ET] [MOVE] FIRESTORM_GATE_BLOCK DCOY setup=move_strike prior_bar_ticks=4370 threshold=6000
[06:49:55 ET] [MOVE] FIRESTORM_GATE_BLOCK DCOY setup=move_strike prior_bar_ticks=4370 threshold=6000
[06:49:55 ET] [MOVE] FIRESTORM_GATE_BLOCK DCOY setup=move_strike prior_bar_ticks=4370 threshold=6000
[06:49:55 ET] [MOVE] FIRESTORM_GATE_BLOCK DCOY setup=move_strike prior_bar_ticks=4370 threshold=6000
[06:49:55 ET] [MOVE] FIRESTORM_GATE_BLOCK DCOY setup=move_strike prior_bar_ticks=4370 threshold=6000
[06:49:55 ET] [MOVE] FIRESTORM_GATE_BLOCK DCOY setup=move_strike prior_bar_ticks=4370 threshold=6000
[06:49:55 ET] [MOVE] FIRESTORM_GATE_BLOCK DCOY setup=move_strike prior_bar_ticks=4370 threshold=6000
[06:49:55 ET] [MOVE] FIRESTORM_GATE_BLOCK DCOY setup=move_strike prior_bar_ticks=4370 threshold=6000
[06:49:55 ET] [MOVE] FIRESTORM_GATE_BLOCK DCOY setup=move_strike prior_bar_ticks=4370 threshold=6000
[06:49:55 ET] [MOVE] FIRESTORM_GATE_BLOCK DCOY setup=move_strike prior_bar_ticks=4370 threshold=6000
[06:49:55 ET] [MOVE] FIRESTORM_GATE_BLOCK DCOY setup=move_strike prior_bar_ticks=4370 threshold=6000
[06:49:55 ET] [MOVE] FIRESTORM_GATE_BLOCK DCOY setup=move_strike prior_bar_ticks=4370 threshold=6000
[06:49:55 ET] [MOVE] FIRESTORM_GATE_BLOCK DCOY setup=move_strike prior_bar_ticks=4370 threshold=6000
[06:49:55 ET] [MOVE] FIRESTORM_GATE_BLOCK DCOY setup=move_strike prior_bar_ticks=4370 threshold=6000
[06:49:55 ET] [MOVE] FIRESTORM_GATE_BLOCK DCOY setup=move_strike prior_bar_ticks=4370 threshold=6000
[06:49:55 ET] [MOVE] FIRESTORM_GATE_BLOCK DCOY setup=move_strike prior_bar_ticks=4370 threshold=6000
[06:49:55 ET] [MOVE] FIRESTORM_GATE_BLOCK DCOY setup=move_strike prior_bar_ticks=4370 threshold=6000
[06:49:55 ET] [MOVE] FIRESTORM_GATE_BLOCK DCOY setup=move_strike prior_bar_ticks=4370 threshold=6000
[06:49:55 ET] [MOVE] FIRESTORM_GATE_BLOCK DCOY setup=move_strike prior_bar_ticks=4370 threshold=6000
[06:49:55 ET] [MOVE] FIRESTORM_GATE_BLOCK DCOY setup=move_strike prior_bar_ticks=4370 threshold=6000
[06:49:55 ET] [MOVE] FIRESTORM_GATE_BLOCK DCOY setup=move_strike prior_bar_ticks=4370 threshold=6000
[06:49:55 ET] [MOVE] FIRESTORM_GATE_BLOCK DCOY setup=move_strike prior_bar_ticks=4370 threshold=6000
[06:49:56 ET] [MOVE] FIRESTORM_GATE_BLOCK DCOY setup=move_strike prior_bar_ticks=4370 threshold=6000
[06:49:56 ET] [MOVE] FIRESTORM_GATE_BLOCK DCOY setup=move_strike prior_bar_ticks=4370 threshold=6000
[06:49:56 ET] [MOVE] FIRESTORM_GATE_BLOCK DCOY setup=move_strike prior_bar_ticks=4370 threshold=6000
[06:49:56 ET] [MOVE] FIRESTORM_GATE_BLOCK DCOY setup=move_strike prior_bar_ticks=4370 threshold=6000
[06:49:56 ET] [MOVE] FIRESTORM_GATE_BLOCK DCOY setup=move_strike prior_bar_ticks=4370 threshold=6000
[06:49:56 ET] [MOVE] FIRESTORM_GATE_BLOCK DCOY setup=move_strike prior_bar_ticks=4370 threshold=6000
[06:49:56 ET] [MOVE] FIRESTORM_GATE_BLOCK DCOY setup=move_strike prior_bar_ticks=4370 threshold=6000
[06:49:56 ET] [MOVE] FIRESTORM_GATE_BLOCK DCOY setup=move_strike prior_bar_ticks=4370 threshold=6000
[06:49:56 ET] [MOVE] FIRESTORM_GATE_BLOCK DCOY setup=move_strike prior_bar_ticks=4370 threshold=6000
[06:49:56 ET] [MOVE] FIRESTORM_GATE_BLOCK DCOY setup=move_strike prior_bar_ticks=4370 threshold=6000
[06:49:56 ET] [MOVE] FIRESTORM_GATE_BLOCK DCOY setup=move_strike prior_bar_ticks=4370 threshold=6000
[06:49:56 ET] [MOVE] FIRESTORM_GATE_BLOCK DCOY setup=move_strike prior_bar_ticks=4370 threshold=6000
[06:49:56 ET] [MOVE] FIRESTORM_GATE_BLOCK DCOY setup=move_strike prior_bar_ticks=4370 threshold=6000
[06:49:56 ET] [MOVE] FIRESTORM_GATE_BLOCK DCOY setup=move_strike prior_bar_ticks=4370 threshold=6000
[06:49:56 ET] [MOVE] FIRESTORM_GATE_BLOCK DCOY setup=move_strike prior_bar_ticks=4370 threshold=6000
[06:49:56 ET] [MOVE] FIRESTORM_GATE_BLOCK DCOY setup=move_strike prior_bar_ticks=4370 threshold=6000
[06:49:56 ET] [MOVE] FIRESTORM_GATE_BLOCK DCOY setup=move_strike prior_bar_ticks=4370 threshold=6000
[06:49:56 ET] [MOVE] FIRESTORM_GATE_BLOCK DCOY setup=move_strike prior_bar_ticks=4370 threshold=6000
[06:49:57 ET] [MOVE] FIRESTORM_GATE_BLOCK DCOY setup=move_strike prior_bar_ticks=4370 threshold=6000
[06:49:57 ET] [MOVE] FIRESTORM_GATE_BLOCK DCOY setup=move_strike prior_bar_ticks=4370 threshold=6000
[06:49:57 ET] [MOVE] FIRESTORM_GATE_BLOCK DCOY setup=move_strike prior_bar_ticks=4370 threshold=6000
[06:49:57 ET] [MOVE] FIRESTORM_GATE_BLOCK DCOY setup=move_strike prior_bar_ticks=4370 threshold=6000
[06:49:57 ET] [MOVE] FIRESTORM_GATE_BLOCK DCOY setup=move_strike prior_bar_ticks=4370 threshold=6000
[06:49:57 ET] [MOVE] FIRESTORM_GATE_BLOCK DCOY setup=move_strike prior_bar_ticks=4370 threshold=6000
[06:49:57 ET] [MOVE] FIRESTORM_GATE_BLOCK DCOY setup=move_strike prior_bar_ticks=4370 threshold=6000
[06:49:57 ET] [MOVE] FIRESTORM_GATE_BLOCK DCOY setup=move_strike prior_bar_ticks=4370 threshold=6000
[06:49:57 ET] [MOVE] FIRESTORM_GATE_BLOCK DCOY setup=move_strike prior_bar_ticks=4370 threshold=6000
[06:49:57 ET] [MOVE] FIRESTORM_GATE_BLOCK DCOY setup=move_strike prior_bar_ticks=4370 threshold=6000
[06:49:57 ET] [MOVE] FIRESTORM_GATE_BLOCK DCOY setup=move_strike prior_bar_ticks=4370 threshold=6000
[06:49:57 ET] [MOVE] FIRESTORM_GATE_BLOCK DCOY setup=move_strike prior_bar_ticks=4370 threshold=6000
[06:49:57 ET] [MOVE] FIRESTORM_GATE_BLOCK DCOY setup=move_strike prior_bar_ticks=4370 threshold=6000
[06:49:57 ET] [MOVE] FIRESTORM_GATE_BLOCK DCOY setup=move_strike prior_bar_ticks=4370 threshold=6000
[06:49:57 ET] [MOVE] FIRESTORM_GATE_BLOCK DCOY setup=move_strike prior_bar_ticks=4370 threshold=6000
[06:49:57 ET] [MOVE] FIRESTORM_GATE_BLOCK DCOY setup=move_strike prior_bar_ticks=4370 threshold=6000
[06:49:57 ET] [MOVE] FIRESTORM_GATE_BLOCK DCOY setup=move_strike prior_bar_ticks=4370 threshold=6000
[06:49:57 ET] [MOVE] FIRESTORM_GATE_BLOCK DCOY setup=move_strike prior_bar_ticks=4370 threshold=6000
[06:49:57 ET] [MOVE] FIRESTORM_GATE_BLOCK DCOY setup=move_strike prior_bar_ticks=4370 threshold=6000
[06:49:57 ET] [MOVE] FIRESTORM_GATE_BLOCK DCOY setup=move_strike prior_bar_ticks=4370 threshold=6000
[06:49:58 ET] [MOVE] FIRESTORM_GATE_BLOCK DCOY setup=move_strike prior_bar_ticks=4370 threshold=6000
[06:49:58 ET] [MOVE] FIRESTORM_GATE_BLOCK DCOY setup=move_strike prior_bar_ticks=4370 threshold=6000
[06:49:58 ET] [MOVE] FIRESTORM_GATE_BLOCK DCOY setup=move_strike prior_bar_ticks=4370 threshold=6000
[06:49:58 ET] [MOVE] FIRESTORM_GATE_BLOCK DCOY setup=move_strike prior_bar_ticks=4370 threshold=6000
  Tick cache: DCOY → +2,377 ticks (total 171,476)
[06:50 ET] DCOY CHART | O=14.29 H=15.00 L=14.22 C=14.82 V=88,995 | EMA9=13.92 VWAP=13.35 (+11.0%) HOD=17.81 PM_H=17.81 | MACD=N/A vol_ratio=3.6x avg_vol=24,821 bars=50 | sq=ARMED armed=$14.02
[06:50:00 ET] ACTIVE | flat | daily=$+0 (0t) | conn=OK | ticks=3159 | DCOY:1798t/ARMED/arm$14.02 UPC:207t/ARMED/arm$10.02
  Tick cache: UPC → +147 ticks (total 84,752)
📦 Tick cache saved: 2 symbols → tick_cache/2026-06-29/
[06:50 ET] UPC CHART | O=8.62 H=8.67 L=8.47 C=8.52 V=17,925 | EMA9=8.66 VWAP=9.29 (-8.3%) HOD=10.98 PM_H=10.98 | MACD=N/A vol_ratio=1.4x avg_vol=13,070 bars=50 | sq=ARMED armed=$10.02
[06:50:01 ET] ACTIVE | flat | daily=$+0 (0t) | conn=OK | ticks=3259 | DCOY:1891t/ARMED/arm$14.02 UPC:214t/ARMED/arm$10.02
[TIER] STATUS tier1=['DCOY', 'UPC'] tier2=0 capacity=2/5
[ENGINE_PUB] STATS published=159,056 dropped=0 clients=2
  TICK AUDIT: DCOY: 4990 ticks in last 60s, last_price=$14.84, last_tick_time=06:50:32
  TICK AUDIT: UPC: 600 ticks in last 60s, last_price=$8.46, last_tick_time=06:50:31
  → ORPHAN IGNORED (sync): FEBO on WB_ORPHAN_HALT_IGNORE_SYMBOLS — NOT adopting; bot keeps trading. Left at broker for manual handling.
[TIER] STATUS tier1=['DCOY', 'UPC'] tier2=0 capacity=2/5
  Tick cache: DCOY → +3,309 ticks (total 174,785)
  ⚠️ ORPHAN POSITION FOUND: FEBO qty=219 (available=219) entry=$1.12 unrealized=$-45.78 value=$198.78
  → ORPHAN IGNORED: FEBO on WB_ORPHAN_HALT_IGNORE_SYMBOLS — NOT adopting, NOT halting. Bot keeps trading other names; position left at broker for manual handling.
SUBSCRIPTION_AUDIT {"ts":"2026-06-29T06:50:33.328321-04:00","sym":"UPC","tier":"tick_by_tick","obs_v_5m":56340,"median_v_5m":159881,"ratio_obs_to_median":0.3524,"truth_v_5m":null,"ratio_obs_to_truth":null,"status":"OK","sub_age_sec":4804,"contract_exchange":"SMART","contract_primary":"NASDAQ"}
SUBSCRIPTION_AUDIT {"ts":"2026-06-29T06:50:33.328321-04:00","sym":"DCOY","tier":"tick_by_tick","obs_v_5m":263423,"median_v_5m":159881,"ratio_obs_to_median":1.6476,"truth_v_5m":null,"ratio_obs_to_truth":null,"status":"OK","sub_age_sec":6607,"contract_exchange":"SMART","contract_primary":"NASDAQ"}
  Tick cache: UPC → +480 ticks (total 85,232)
📦 Tick cache saved: 2 symbols → tick_cache/2026-06-29/

🔄 Running scanner at 06:50:35 ET...
Error 162, reqId 138000: Historical Market Data Service error message:API scanner subscription cancelled: 138000
  [float_cache] Cleared 25 stale None entries — will re-attempt lookups
IBKR ERROR 162: Historical Market Data Service error message:API scanner subscription cancelled: 138000 (reqId=138000, symbol=?)
[06:50 ET] WNW CHART | O=4.04 H=4.04 L=4.04 C=4.04 V=200 | EMA9=none VWAP=3.97 (+1.9%) HOD=4.05 PM_H=4.05 | MACD=N/A vol_ratio=0.0x avg_vol=0 bars=0 | sq=N/A armed=none
[06:50 ET] AMSS CHART | O=2.32 H=2.32 L=2.32 C=2.32 V=400 | EMA9=none VWAP=2.33 (-0.5%) HOD=2.37 PM_H=2.37 | MACD=N/A vol_ratio=0.0x avg_vol=0 bars=0 | sq=N/A armed=none
[06:50 ET] WSHP CHART | O=9.27 H=9.27 L=9.27 C=9.27 V=400 | EMA9=none VWAP=9.16 (+1.2%) HOD=9.45 PM_H=9.45 | MACD=N/A vol_ratio=0.0x avg_vol=0 bars=0 | sq=N/A armed=none
[06:50 ET] QH CHART | O=6.30 H=6.30 L=6.30 C=6.30 V=200 | EMA9=none VWAP=6.72 (-6.3%) HOD=7.39 PM_H=7.39 | MACD=N/A vol_ratio=0.0x avg_vol=0 bars=0 | sq=N/A armed=none
[06:50 ET] CCXI CHART | O=15.45 H=15.45 L=15.45 C=15.45 V=100 | EMA9=none VWAP=15.52 (-0.4%) HOD=16.49 PM_H=16.49 | MACD=N/A vol_ratio=0.0x avg_vol=0 bars=0 | sq=N/A armed=none
[06:50 ET] STI CHART | O=13.54 H=13.54 L=13.54 C=13.54 V=200 | EMA9=none VWAP=14.34 (-5.6%) HOD=16.37 PM_H=16.37 | MACD=N/A vol_ratio=0.0x avg_vol=0 bars=0 | sq=N/A armed=none
[06:50 ET] RDWU CHART | O=8.77 H=8.77 L=8.77 C=8.77 V=400 | EMA9=none VWAP=8.69 (+0.9%) HOD=8.80 PM_H=8.80 | MACD=N/A vol_ratio=0.0x avg_vol=0 bars=0 | sq=N/A armed=none
  Tick cache: DCOY → +1,514 ticks (total 176,299)
  Tick cache: UPC → +124 ticks (total 85,356)
  Tick cache: WNW → +2 ticks (total 60)
  Tick cache: AMSS → +3 ticks (total 61)
  Tick cache: WSHP → +2 ticks (total 58)
  Tick cache: QH → +3 ticks (total 53)
  Tick cache: CCXI → +2 ticks (total 69)
  Tick cache: STI → +2 ticks (total 57)
  Tick cache: RDWU → +1 ticks (total 71)
  Tick cache: MBRX → +2 ticks (total 68)
📦 Tick cache saved: 10 symbols → tick_cache/2026-06-29/
[06:51:15 ET] [MOVE] FIRESTORM_GATE_BLOCK DCOY setup=move_strike prior_bar_ticks=4531 threshold=6000
[06:51:15 ET] [MOVE] FIRESTORM_GATE_BLOCK DCOY setup=move_strike prior_bar_ticks=4531 threshold=6000
[06:51:15 ET] [MOVE] FIRESTORM_GATE_BLOCK DCOY setup=move_strike prior_bar_ticks=4531 threshold=6000
[06:51:15 ET] [MOVE] FIRESTORM_GATE_BLOCK DCOY setup=move_strike prior_bar_ticks=4531 threshold=6000
[06:51:15 ET] [MOVE] FIRESTORM_GATE_BLOCK DCOY setup=move_strike prior_bar_ticks=4531 threshold=6000
[06:51:15 ET] [MOVE] FIRESTORM_GATE_BLOCK DCOY setup=move_strike prior_bar_ticks=4531 threshold=6000
[06:51:15 ET] [MOVE] FIRESTORM_GATE_BLOCK DCOY setup=move_strike prior_bar_ticks=4531 threshold=6000
[06:51:15 ET] [MOVE] FIRESTORM_GATE_BLOCK DCOY setup=move_strike prior_bar_ticks=4531 threshold=6000
[06:51:15 ET] [MOVE] FIRESTORM_GATE_BLOCK DCOY setup=move_strike prior_bar_ticks=4531 threshold=6000
[06:51:15 ET] [MOVE] FIRESTORM_GATE_BLOCK DCOY setup=move_strike prior_bar_ticks=4531 threshold=6000
[06:51:15 ET] [MOVE] FIRESTORM_GATE_BLOCK DCOY setup=move_strike prior_bar_ticks=4531 threshold=6000
[06:51:15 ET] [MOVE] FIRESTORM_GATE_BLOCK DCOY setup=move_strike prior_bar_ticks=4531 threshold=6000
[06:51:15 ET] [MOVE] FIRESTORM_GATE_BLOCK DCOY setup=move_strike prior_bar_ticks=4531 threshold=6000
[06:51:15 ET] [MOVE] FIRESTORM_GATE_BLOCK DCOY setup=move_strike prior_bar_ticks=4531 threshold=6000
[06:51:15 ET] [MOVE] FIRESTORM_GATE_BLOCK DCOY setup=move_strike prior_bar_ticks=4531 threshold=6000
[06:51:15 ET] [MOVE] FIRESTORM_GATE_BLOCK DCOY setup=move_strike prior_bar_ticks=4531 threshold=6000
[06:51:15 ET] [MOVE] FIRESTORM_GATE_BLOCK DCOY setup=move_strike prior_bar_ticks=4531 threshold=6000
[06:51:15 ET] [MOVE] FIRESTORM_GATE_BLOCK DCOY setup=move_strike prior_bar_ticks=4531 threshold=6000
[06:51:15 ET] [MOVE] FIRESTORM_GATE_BLOCK DCOY setup=move_strike prior_bar_ticks=4531 threshold=6000
[06:51:15 ET] [MOVE] FIRESTORM_GATE_BLOCK DCOY setup=move_strike prior_bar_ticks=4531 threshold=6000
[06:51:15 ET] [MOVE] FIRESTORM_GATE_BLOCK DCOY setup=move_strike prior_bar_ticks=4531 threshold=6000
[06:51:15 ET] [MOVE] FIRESTORM_GATE_BLOCK DCOY setup=move_strike prior_bar_ticks=4531 threshold=6000
[06:51:15 ET] [MOVE] FIRESTORM_GATE_BLOCK DCOY setup=move_strike prior_bar_ticks=4531 threshold=6000
[06:51:15 ET] [MOVE] FIRESTORM_GATE_BLOCK DCOY setup=move_strike prior_bar_ticks=4531 threshold=6000
[06:51:15 ET] [MOVE] FIRESTORM_GATE_BLOCK DCOY setup=move_strike prior_bar_ticks=4531 threshold=6000
[06:51:15 ET] [MOVE] FIRESTORM_GATE_BLOCK DCOY setup=move_strike prior_bar_ticks=4531 threshold=6000
[06:51:15 ET] [MOVE] FIRESTORM_GATE_BLOCK DCOY setup=move_strike prior_bar_ticks=4531 threshold=6000
[06:51:15 ET] [MOVE] FIRESTORM_GATE_BLOCK DCOY setup=move_strike prior_bar_ticks=4531 threshold=6000
[06:51:15 ET] [MOVE] FIRESTORM_GATE_BLOCK DCOY setup=move_strike prior_bar_ticks=4531 threshold=6000
[06:51:15 ET] [MOVE] FIRESTORM_GATE_BLOCK DCOY setup=move_strike prior_bar_ticks=4531 threshold=6000
[06:51:15 ET] [MOVE] FIRESTORM_GATE_BLOCK DCOY setup=move_strike prior_bar_ticks=4531 threshold=6000
[06:51:15 ET] [MOVE] FIRESTORM_GATE_BLOCK DCOY setup=move_strike prior_bar_ticks=4531 threshold=6000
[06:51:15 ET] [MOVE] FIRESTORM_GATE_BLOCK DCOY setup=move_strike prior_bar_ticks=4531 threshold=6000
[06:51:15 ET] [MOVE] FIRESTORM_GATE_BLOCK DCOY setup=move_strike prior_bar_ticks=4531 threshold=6000
[06:51:15 ET] [MOVE] FIRESTORM_GATE_BLOCK DCOY setup=move_strike prior_bar_ticks=4531 threshold=6000
[06:51:15 ET] [MOVE] FIRESTORM_GATE_BLOCK DCOY setup=move_strike prior_bar_ticks=4531 threshold=6000
[06:51:15 ET] [MOVE] FIRESTORM_GATE_BLOCK DCOY setup=move_strike prior_bar_ticks=4531 threshold=6000
[06:51:15 ET] [MOVE] FIRESTORM_GATE_BLOCK DCOY setup=move_strike prior_bar_ticks=4531 threshold=6000
[06:51:15 ET] [MOVE] FIRESTORM_GATE_BLOCK DCOY setup=move_strike prior_bar_ticks=4531 threshold=6000
[06:51:15 ET] [MOVE] FIRESTORM_GATE_BLOCK DCOY setup=move_strike prior_bar_ticks=4531 threshold=6000
[06:51:15 ET] [MOVE] FIRESTORM_GATE_BLOCK DCOY setup=move_strike prior_bar_ticks=4531 threshold=6000
[06:51:15 ET] [MOVE] FIRESTORM_GATE_BLOCK DCOY setup=move_strike prior_bar_ticks=4531 threshold=6000
[06:51:15 ET] [MOVE] FIRESTORM_GATE_BLOCK DCOY setup=move_strike prior_bar_ticks=4531 threshold=6000
[06:51:15 ET] [MOVE] FIRESTORM_GATE_BLOCK DCOY setup=move_strike prior_bar_ticks=4531 threshold=6000
[06:51:15 ET] [MOVE] FIRESTORM_GATE_BLOCK DCOY setup=move_strike prior_bar_ticks=4531 threshold=6000
[06:51:15 ET] [MOVE] FIRESTORM_GATE_BLOCK DCOY setup=move_strike prior_bar_ticks=4531 threshold=6000
[06:51:15 ET] [MOVE] FIRESTORM_GATE_BLOCK DCOY setup=move_strike prior_bar_ticks=4531 threshold=6000
[06:51:15 ET] [MOVE] FIRESTORM_GATE_BLOCK DCOY setup=move_strike prior_bar_ticks=4531 threshold=6000
[06:51:15 ET] [MOVE] FIRESTORM_GATE_BLOCK DCOY setup=move_strike prior_bar_ticks=4531 threshold=6000
[06:51:15 ET] [MOVE] FIRESTORM_GATE_BLOCK DCOY setup=move_strike prior_bar_ticks=4531 threshold=6000
[06:51:15 ET] [MOVE] FIRESTORM_GATE_BLOCK DCOY setup=move_strike prior_bar_ticks=4531 threshold=6000
[06:51:15 ET] [MOVE] FIRESTORM_GATE_BLOCK DCOY setup=move_strike prior_bar_ticks=4531 threshold=6000
[06:51:15 ET] [MOVE] FIRESTORM_GATE_BLOCK DCOY setup=move_strike prior_bar_ticks=4531 threshold=6000
[06:51:15 ET] [MOVE] FIRESTORM_GATE_BLOCK DCOY setup=move_strike prior_bar_ticks=4531 threshold=6000
[06:51:15 ET] [MOVE] FIRESTORM_GATE_BLOCK DCOY setup=move_strike prior_bar_ticks=4531 threshold=6000
[06:51:15 ET] [MOVE] FIRESTORM_GATE_BLOCK DCOY setup=move_strike prior_bar_ticks=4531 threshold=6000
[06:51:15 ET] [MOVE] FIRESTORM_GATE_BLOCK DCOY setup=move_strike prior_bar_ticks=4531 threshold=6000
[06:51:15 ET] [MOVE] FIRESTORM_GATE_BLOCK DCOY setup=move_strike prior_bar_ticks=4531 threshold=6000
[06:51:15 ET] [MOVE] FIRESTORM_GATE_BLOCK DCOY setup=move_strike prior_bar_ticks=4531 threshold=6000
[06:51:15 ET] [MOVE] FIRESTORM_GATE_BLOCK DCOY setup=move_strike prior_bar_ticks=4531 threshold=6000
[06:51:15 ET] [MOVE] FIRESTORM_GATE_BLOCK DCOY setup=move_strike prior_bar_ticks=4531 threshold=6000
[06:51:15 ET] [MOVE] FIRESTORM_GATE_BLOCK DCOY setup=move_strike prior_bar_ticks=4531 threshold=6000
[06:51:15 ET] [MOVE] FIRESTORM_GATE_BLOCK DCOY setup=move_strike prior_bar_ticks=4531 threshold=6000
[06:51:15 ET] [MOVE] FIRESTORM_GATE_BLOCK DCOY setup=move_strike prior_bar_ticks=4531 threshold=6000
[06:51:15 ET] [MOVE] FIRESTORM_GATE_BLOCK DCOY setup=move_strike prior_bar_ticks=4531 threshold=6000
[06:51:15 ET] [MOVE] FIRESTORM_GATE_BLOCK DCOY setup=move_strike prior_bar_ticks=4531 threshold=6000
[06:51:15 ET] [MOVE] FIRESTORM_GATE_BLOCK DCOY setup=move_strike prior_bar_ticks=4531 threshold=6000
[06:51:15 ET] [MOVE] FIRESTORM_GATE_BLOCK DCOY setup=move_strike prior_bar_ticks=4531 threshold=6000
[06:51:15 ET] [MOVE] FIRESTORM_GATE_BLOCK DCOY setup=move_strike prior_bar_ticks=4531 threshold=6000
[06:51:15 ET] [MOVE] FIRESTORM_GATE_BLOCK DCOY setup=move_strike prior_bar_ticks=4531 threshold=6000
[06:51:15 ET] [MOVE] FIRESTORM_GATE_BLOCK DCOY setup=move_strike prior_bar_ticks=4531 threshold=6000
[06:51:15 ET] [MOVE] FIRESTORM_GATE_BLOCK DCOY setup=move_strike prior_bar_ticks=4531 threshold=6000
[06:51:15 ET] [MOVE] FIRESTORM_GATE_BLOCK DCOY setup=move_strike prior_bar_ticks=4531 threshold=6000
[06:51:15 ET] [MOVE] FIRESTORM_GATE_BLOCK DCOY setup=move_strike prior_bar_ticks=4531 threshold=6000
[06:51:15 ET] [MOVE] FIRESTORM_GATE_BLOCK DCOY setup=move_strike prior_bar_ticks=4531 threshold=6000
[06:51:15 ET] [MOVE] FIRESTORM_GATE_BLOCK DCOY setup=move_strike prior_bar_ticks=4531 threshold=6000
[06:51:15 ET] [MOVE] FIRESTORM_GATE_BLOCK DCOY setup=move_strike prior_bar_ticks=4531 threshold=6000
[06:51:15 ET] [MOVE] FIRESTORM_GATE_BLOCK DCOY setup=move_strike prior_bar_ticks=4531 threshold=6000
[06:51:15 ET] [MOVE] FIRESTORM_GATE_BLOCK DCOY setup=move_strike prior_bar_ticks=4531 threshold=6000
[06:51:15 ET] [MOVE] FIRESTORM_GATE_BLOCK DCOY setup=move_strike prior_bar_ticks=4531 threshold=6000
[06:51:15 ET] [MOVE] FIRESTORM_GATE_BLOCK DCOY setup=move_strike prior_bar_ticks=4531 threshold=6000
[06:51:15 ET] [MOVE] FIRESTORM_GATE_BLOCK DCOY setup=move_strike prior_bar_ticks=4531 threshold=6000
[06:51:15 ET] [MOVE] FIRESTORM_GATE_BLOCK DCOY setup=move_strike prior_bar_ticks=4531 threshold=6000
[06:51:15 ET] [MOVE] FIRESTORM_GATE_BLOCK DCOY setup=move_strike prior_bar_ticks=4531 threshold=6000
[06:51:15 ET] [MOVE] FIRESTORM_GATE_BLOCK DCOY setup=move_strike prior_bar_ticks=4531 threshold=6000
[06:51:15 ET] [MOVE] FIRESTORM_GATE_BLOCK DCOY setup=move_strike prior_bar_ticks=4531 threshold=6000
[06:51:15 ET] [MOVE] FIRESTORM_GATE_BLOCK DCOY setup=move_strike prior_bar_ticks=4531 threshold=6000
[06:51:15 ET] [MOVE] FIRESTORM_GATE_BLOCK DCOY setup=move_strike prior_bar_ticks=4531 threshold=6000
[06:51:15 ET] [MOVE] FIRESTORM_GATE_BLOCK DCOY setup=move_strike prior_bar_ticks=4531 threshold=6000
[06:51:15 ET] [MOVE] FIRESTORM_GATE_BLOCK DCOY setup=move_strike prior_bar_ticks=4531 threshold=6000
[06:51:15 ET] [MOVE] FIRESTORM_GATE_BLOCK DCOY setup=move_strike prior_bar_ticks=4531 threshold=6000
[06:51:15 ET] [MOVE] FIRESTORM_GATE_BLOCK DCOY setup=move_strike prior_bar_ticks=4531 threshold=6000
[06:51:15 ET] [MOVE] FIRESTORM_GATE_BLOCK DCOY setup=move_strike prior_bar_ticks=4531 threshold=6000
[06:51:15 ET] [MOVE] FIRESTORM_GATE_BLOCK DCOY setup=move_strike prior_bar_ticks=4531 threshold=6000
[06:51:15 ET] [MOVE] FIRESTORM_GATE_BLOCK DCOY setup=move_strike prior_bar_ticks=4531 threshold=6000
[06:51:15 ET] [MOVE] FIRESTORM_GATE_BLOCK DCOY setup=move_strike prior_bar_ticks=4531 threshold=6000
[06:51:15 ET] [MOVE] FIRESTORM_GATE_BLOCK DCOY setup=move_strike prior_bar_ticks=4531 threshold=6000
[06:51:15 ET] [MOVE] FIRESTORM_GATE_BLOCK DCOY setup=move_strike prior_bar_ticks=4531 threshold=6000
[06:51:15 ET] [MOVE] FIRESTORM_GATE_BLOCK DCOY setup=move_strike prior_bar_ticks=4531 threshold=6000
[06:51:15 ET] [MOVE] FIRESTORM_GATE_BLOCK DCOY setup=move_strike prior_bar_ticks=4531 threshold=6000
[06:51:15 ET] [MOVE] FIRESTORM_GATE_BLOCK DCOY setup=move_strike prior_bar_ticks=4531 threshold=6000
[06:51:15 ET] [MOVE] FIRESTORM_GATE_BLOCK DCOY setup=move_strike prior_bar_ticks=4531 threshold=6000
[06:51:15 ET] [MOVE] FIRESTORM_GATE_BLOCK DCOY setup=move_strike prior_bar_ticks=4531 threshold=6000
[06:51:15 ET] [MOVE] FIRESTORM_GATE_BLOCK DCOY setup=move_strike prior_bar_ticks=4531 threshold=6000
[06:51:15 ET] [MOVE] FIRESTORM_GATE_BLOCK DCOY setup=move_strike prior_bar_ticks=4531 threshold=6000
[06:51:15 ET] [MOVE] FIRESTORM_GATE_BLOCK DCOY setup=move_strike prior_bar_ticks=4531 threshold=6000
[06:51:15 ET] [MOVE] FIRESTORM_GATE_BLOCK DCOY setup=move_strike prior_bar_ticks=4531 threshold=6000
[06:51:15 ET] [MOVE] FIRESTORM_GATE_BLOCK DCOY setup=move_strike prior_bar_ticks=4531 threshold=6000
[06:51:15 ET] [MOVE] FIRESTORM_GATE_BLOCK DCOY setup=move_strike prior_bar_ticks=4531 threshold=6000
[06:51:15 ET] [MOVE] FIRESTORM_GATE_BLOCK DCOY setup=move_strike prior_bar_ticks=4531 threshold=6000
[06:51:15 ET] [MOVE] FIRESTORM_GATE_BLOCK DCOY setup=move_strike prior_bar_ticks=4531 threshold=6000
[06:51:15 ET] [MOVE] FIRESTORM_GATE_BLOCK DCOY setup=move_strike prior_bar_ticks=4531 threshold=6000
[06:51:15 ET] [MOVE] FIRESTORM_GATE_BLOCK DCOY setup=move_strike prior_bar_ticks=4531 threshold=6000
[06:51:15 ET] [MOVE] FIRESTORM_GATE_BLOCK DCOY setup=move_strike prior_bar_ticks=4531 threshold=6000
[06:51:15 ET] [MOVE] FIRESTORM_GATE_BLOCK DCOY setup=move_strike prior_bar_ticks=4531 threshold=6000
[06:51:15 ET] [MOVE] FIRESTORM_GATE_BLOCK DCOY setup=move_strike prior_bar_ticks=4531 threshold=6000
[06:51:15 ET] [MOVE] FIRESTORM_GATE_BLOCK DCOY setup=move_strike prior_bar_ticks=4531 threshold=6000
[06:51:15 ET] [MOVE] FIRESTORM_GATE_BLOCK DCOY setup=move_strike prior_bar_ticks=4531 threshold=6000
[06:51:15 ET] [MOVE] FIRESTORM_GATE_BLOCK DCOY setup=move_strike prior_bar_ticks=4531 threshold=6000
[06:51:15 ET] [MOVE] FIRESTORM_GATE_BLOCK DCOY setup=move_strike prior_bar_ticks=4531 threshold=6000
[06:51:15 ET] [MOVE] FIRESTORM_GATE_BLOCK DCOY setup=move_strike prior_bar_ticks=4531 threshold=6000
[06:51:15 ET] [MOVE] FIRESTORM_GATE_BLOCK DCOY setup=move_strike prior_bar_ticks=4531 threshold=6000
[06:51:15 ET] [MOVE] FIRESTORM_GATE_BLOCK DCOY setup=move_strike prior_bar_ticks=4531 threshold=6000
[06:51:15 ET] [MOVE] FIRESTORM_GATE_BLOCK DCOY setup=move_strike prior_bar_ticks=4531 threshold=6000
[06:51:15 ET] [MOVE] FIRESTORM_GATE_BLOCK DCOY setup=move_strike prior_bar_ticks=4531 threshold=6000
[06:51:15 ET] [MOVE] FIRESTORM_GATE_BLOCK DCOY setup=move_strike prior_bar_ticks=4531 threshold=6000
[06:51:15 ET] [MOVE] FIRESTORM_GATE_BLOCK DCOY setup=move_strike prior_bar_ticks=4531 threshold=6000
[06:51:15 ET] [MOVE] FIRESTORM_GATE_BLOCK DCOY setup=move_strike prior_bar_ticks=4531 threshold=6000
[06:51:15 ET] [MOVE] FIRESTORM_GATE_BLOCK DCOY setup=move_strike prior_bar_ticks=4531 threshold=6000
[06:51:15 ET] [MOVE] FIRESTORM_GATE_BLOCK DCOY setup=move_strike prior_bar_ticks=4531 threshold=6000
[06:51:15 ET] [MOVE] FIRESTORM_GATE_BLOCK DCOY setup=move_strike prior_bar_ticks=4531 threshold=6000
[06:51:15 ET] [MOVE] FIRESTORM_GATE_BLOCK DCOY setup=move_strike prior_bar_ticks=4531 threshold=6000
[06:51:15 ET] [MOVE] FIRESTORM_GATE_BLOCK DCOY setup=move_strike prior_bar_ticks=4531 threshold=6000
[06:51:15 ET] [MOVE] FIRESTORM_GATE_BLOCK DCOY setup=move_strike prior_bar_ticks=4531 threshold=6000
[06:51:15 ET] [MOVE] FIRESTORM_GATE_BLOCK DCOY setup=move_strike prior_bar_ticks=4531 threshold=6000
[06:51:15 ET] [MOVE] FIRESTORM_GATE_BLOCK DCOY setup=move_strike prior_bar_ticks=4531 threshold=6000
[06:51:15 ET] [MOVE] FIRESTORM_GATE_BLOCK DCOY setup=move_strike prior_bar_ticks=4531 threshold=6000
[06:51:15 ET] [MOVE] FIRESTORM_GATE_BLOCK DCOY setup=move_strike prior_bar_ticks=4531 threshold=6000
[06:51:15 ET] [MOVE] FIRESTORM_GATE_BLOCK DCOY setup=move_strike prior_bar_ticks=4531 threshold=6000
[06:51:15 ET] [MOVE] FIRESTORM_GATE_BLOCK DCOY setup=move_strike prior_bar_ticks=4531 threshold=6000
[06:51:15 ET] [MOVE] FIRESTORM_GATE_BLOCK DCOY setup=move_strike prior_bar_ticks=4531 threshold=6000
[06:51:15 ET] [MOVE] FIRESTORM_GATE_BLOCK DCOY setup=move_strike prior_bar_ticks=4531 threshold=6000
[06:51:15 ET] [MOVE] FIRESTORM_GATE_BLOCK DCOY setup=move_strike prior_bar_ticks=4531 threshold=6000
[06:51:15 ET] [MOVE] FIRESTORM_GATE_BLOCK DCOY setup=move_strike prior_bar_ticks=4531 threshold=6000
[06:51:15 ET] [MOVE] FIRESTORM_GATE_BLOCK DCOY setup=move_strike prior_bar_ticks=4531 threshold=6000
[06:51:15 ET] [MOVE] FIRESTORM_GATE_BLOCK DCOY setup=move_strike prior_bar_ticks=4531 threshold=6000
[06:51:15 ET] [MOVE] FIRESTORM_GATE_BLOCK DCOY setup=move_strike prior_bar_ticks=4531 threshold=6000
[06:51:15 ET] [MOVE] FIRESTORM_GATE_BLOCK DCOY setup=move_strike prior_bar_ticks=4531 threshold=6000
[06:51:15 ET] [MOVE] FIRESTORM_GATE_BLOCK DCOY setup=move_strike prior_bar_ticks=4531 threshold=6000
[06:51:15 ET] [MOVE] FIRESTORM_GATE_BLOCK DCOY setup=move_strike prior_bar_ticks=4531 threshold=6000
[06:51:15 ET] [MOVE] FIRESTORM_GATE_BLOCK DCOY setup=move_strike prior_bar_ticks=4531 threshold=6000
[06:51:15 ET] [MOVE] FIRESTORM_GATE_BLOCK DCOY setup=move_strike prior_bar_ticks=4531 threshold=6000
[06:51:15 ET] [MOVE] FIRESTORM_GATE_BLOCK DCOY setup=move_strike prior_bar_ticks=4531 threshold=6000
[06:51:15 ET] [MOVE] FIRESTORM_GATE_BLOCK DCOY setup=move_strike prior_bar_ticks=4531 threshold=6000
[06:51:15 ET] [MOVE] FIRESTORM_GATE_BLOCK DCOY setup=move_strike prior_bar_ticks=4531 threshold=6000
[06:51:16 ET] [MOVE] FIRESTORM_GATE_BLOCK DCOY setup=move_strike prior_bar_ticks=4531 threshold=6000
[06:51:16 ET] [MOVE] FIRESTORM_GATE_BLOCK DCOY setup=move_strike prior_bar_ticks=4531 threshold=6000
[06:51:16 ET] [MOVE] FIRESTORM_GATE_BLOCK DCOY setup=move_strike prior_bar_ticks=4531 threshold=6000
[06:51:16 ET] [MOVE] FIRESTORM_GATE_BLOCK DCOY setup=move_strike prior_bar_ticks=4531 threshold=6000
[06:51:16 ET] [MOVE] FIRESTORM_GATE_BLOCK DCOY setup=move_strike prior_bar_ticks=4531 threshold=6000
[06:51:16 ET] [MOVE] FIRESTORM_GATE_BLOCK DCOY setup=move_strike prior_bar_ticks=4531 threshold=6000
[06:51:16 ET] [MOVE] FIRESTORM_GATE_BLOCK DCOY setup=move_strike prior_bar_ticks=4531 threshold=6000
[06:51:16 ET] [MOVE] FIRESTORM_GATE_BLOCK DCOY setup=move_strike prior_bar_ticks=4531 threshold=6000
[06:51:16 ET] [MOVE] FIRESTORM_GATE_BLOCK DCOY setup=move_strike prior_bar_ticks=4531 threshold=6000
[06:51:16 ET] [MOVE] FIRESTORM_GATE_BLOCK DCOY setup=move_strike prior_bar_ticks=4531 threshold=6000
[06:51:16 ET] [MOVE] FIRESTORM_GATE_BLOCK DCOY setup=move_strike prior_bar_ticks=4531 threshold=6000
[06:51:16 ET] [MOVE] FIRESTORM_GATE_BLOCK DCOY setup=move_strike prior_bar_ticks=4531 threshold=6000
[06:51:16 ET] [MOVE] FIRESTORM_GATE_BLOCK DCOY setup=move_strike prior_bar_ticks=4531 threshold=6000
[06:51:16 ET] [MOVE] FIRESTORM_GATE_BLOCK DCOY setup=move_strike prior_bar_ticks=4531 threshold=6000
[06:51:16 ET] [MOVE] FIRESTORM_GATE_BLOCK DCOY setup=move_strike prior_bar_ticks=4531 threshold=6000
[06:51:16 ET] [MOVE] FIRESTORM_GATE_BLOCK DCOY setup=move_strike prior_bar_ticks=4531 threshold=6000
[06:51:16 ET] [MOVE] FIRESTORM_GATE_BLOCK DCOY setup=move_strike prior_bar_ticks=4531 threshold=6000
[06:51:16 ET] [MOVE] FIRESTORM_GATE_BLOCK DCOY setup=move_strike prior_bar_ticks=4531 threshold=6000
[06:51:16 ET] [MOVE] FIRESTORM_GATE_BLOCK DCOY setup=move_strike prior_bar_ticks=4531 threshold=6000
[06:51:16 ET] [MOVE] FIRESTORM_GATE_BLOCK DCOY setup=move_strike prior_bar_ticks=4531 threshold=6000
[06:51:16 ET] [MOVE] FIRESTORM_GATE_BLOCK DCOY setup=move_strike prior_bar_ticks=4531 threshold=6000
[06:51:16 ET] [MOVE] FIRESTORM_GATE_BLOCK DCOY setup=move_strike prior_bar_ticks=4531 threshold=6000
[06:51:16 ET] [MOVE] FIRESTORM_GATE_BLOCK DCOY setup=move_strike prior_bar_ticks=4531 threshold=6000
[06:51:16 ET] [MOVE] FIRESTORM_GATE_BLOCK DCOY setup=move_strike prior_bar_ticks=4531 threshold=6000
[06:51:16 ET] [MOVE] FIRESTORM_GATE_BLOCK DCOY setup=move_strike prior_bar_ticks=4531 threshold=6000
[06:51:16 ET] [MOVE] FIRESTORM_GATE_BLOCK DCOY setup=move_strike prior_bar_ticks=4531 threshold=6000
[06:51:16 ET] [MOVE] FIRESTORM_GATE_BLOCK DCOY setup=move_strike prior_bar_ticks=4531 threshold=6000
[06:51:16 ET] [MOVE] FIRESTORM_GATE_BLOCK DCOY setup=move_strike prior_bar_ticks=4531 threshold=6000
[06:51:16 ET] [MOVE] FIRESTORM_GATE_BLOCK DCOY setup=move_strike prior_bar_ticks=4531 threshold=6000
[06:51:16 ET] [MOVE] FIRESTORM_GATE_BLOCK DCOY setup=move_strike prior_bar_ticks=4531 threshold=6000
[06:51:16 ET] [MOVE] FIRESTORM_GATE_BLOCK DCOY setup=move_strike prior_bar_ticks=4531 threshold=6000
[06:51:16 ET] [MOVE] FIRESTORM_GATE_BLOCK DCOY setup=move_strike prior_bar_ticks=4531 threshold=6000
[06:51:16 ET] [MOVE] FIRESTORM_GATE_BLOCK DCOY setup=move_strike prior_bar_ticks=4531 threshold=6000
[06:51:16 ET] [MOVE] FIRESTORM_GATE_BLOCK DCOY setup=move_strike prior_bar_ticks=4531 threshold=6000
[06:51:16 ET] [MOVE] FIRESTORM_GATE_BLOCK DCOY setup=move_strike prior_bar_ticks=4531 threshold=6000
[06:51:16 ET] [MOVE] FIRESTORM_GATE_BLOCK DCOY setup=move_strike prior_bar_ticks=4531 threshold=6000
[06:51:16 ET] [MOVE] FIRESTORM_GATE_BLOCK DCOY setup=move_strike prior_bar_ticks=4531 threshold=6000
[06:51:16 ET] [MOVE] FIRESTORM_GATE_BLOCK DCOY setup=move_strike prior_bar_ticks=4531 threshold=6000
[06:51:16 ET] [MOVE] FIRESTORM_GATE_BLOCK DCOY setup=move_strike prior_bar_ticks=4531 threshold=6000
[06:51:16 ET] [MOVE] FIRESTORM_GATE_BLOCK DCOY setup=move_strike prior_bar_ticks=4531 threshold=6000
[06:51:16 ET] [MOVE] FIRESTORM_GATE_BLOCK DCOY setup=move_strike prior_bar_ticks=4531 threshold=6000
[06:51:16 ET] [MOVE] FIRESTORM_GATE_BLOCK DCOY setup=move_strike prior_bar_ticks=4531 threshold=6000
[06:51:16 ET] [MOVE] FIRESTORM_GATE_BLOCK DCOY setup=move_strike prior_bar_ticks=4531 threshold=6000
[06:51:16 ET] [MOVE] FIRESTORM_GATE_BLOCK DCOY setup=move_strike prior_bar_ticks=4531 threshold=6000
[06:51:16 ET] [MOVE] FIRESTORM_GATE_BLOCK DCOY setup=move_strike prior_bar_ticks=4531 threshold=6000
[06:51:16 ET] [MOVE] FIRESTORM_GATE_BLOCK DCOY setup=move_strike prior_bar_ticks=4531 threshold=6000
[06:51:16 ET] [MOVE] FIRESTORM_GATE_BLOCK DCOY setup=move_strike prior_bar_ticks=4531 threshold=6000
[06:51:16 ET] [MOVE] FIRESTORM_GATE_BLOCK DCOY setup=move_strike prior_bar_ticks=4531 threshold=6000
[06:51:16 ET] [MOVE] FIRESTORM_GATE_BLOCK DCOY setup=move_strike prior_bar_ticks=4531 threshold=6000
[06:51:16 ET] [MOVE] FIRESTORM_GATE_BLOCK DCOY setup=move_strike prior_bar_ticks=4531 threshold=6000
[06:51:16 ET] [MOVE] FIRESTORM_GATE_BLOCK DCOY setup=move_strike prior_bar_ticks=4531 threshold=6000
[06:51:16 ET] [MOVE] FIRESTORM_GATE_BLOCK DCOY setup=move_strike prior_bar_ticks=4531 threshold=6000
[06:51:16 ET] [MOVE] FIRESTORM_GATE_BLOCK DCOY setup=move_strike prior_bar_ticks=4531 threshold=6000
[06:51:16 ET] [MOVE] FIRESTORM_GATE_BLOCK DCOY setup=move_strike prior_bar_ticks=4531 threshold=6000
[06:51:16 ET] [MOVE] FIRESTORM_GATE_BLOCK DCOY setup=move_strike prior_bar_ticks=4531 threshold=6000
[06:51:16 ET] [MOVE] FIRESTORM_GATE_BLOCK DCOY setup=move_strike prior_bar_ticks=4531 threshold=6000
[06:51:16 ET] [MOVE] FIRESTORM_GATE_BLOCK DCOY setup=move_strike prior_bar_ticks=4531 threshold=6000
[06:51:16 ET] [MOVE] FIRESTORM_GATE_BLOCK DCOY setup=move_strike prior_bar_ticks=4531 threshold=6000
[06:51:16 ET] [MOVE] FIRESTORM_GATE_BLOCK DCOY setup=move_strike prior_bar_ticks=4531 threshold=6000
[06:51:16 ET] [MOVE] FIRESTORM_GATE_BLOCK DCOY setup=move_strike prior_bar_ticks=4531 threshold=6000
[06:51:16 ET] [MOVE] FIRESTORM_GATE_BLOCK DCOY setup=move_strike prior_bar_ticks=4531 threshold=6000
[06:51:16 ET] [MOVE] FIRESTORM_GATE_BLOCK DCOY setup=move_strike prior_bar_ticks=4531 threshold=6000
[06:51:16 ET] [MOVE] FIRESTORM_GATE_BLOCK DCOY setup=move_strike prior_bar_ticks=4531 threshold=6000
[06:51:16 ET] [MOVE] FIRESTORM_GATE_BLOCK DCOY setup=move_strike prior_bar_ticks=4531 threshold=6000
[06:51:16 ET] [MOVE] FIRESTORM_GATE_BLOCK DCOY setup=move_strike prior_bar_ticks=4531 threshold=6000
[06:51:16 ET] [MOVE] FIRESTORM_GATE_BLOCK DCOY setup=move_strike prior_bar_ticks=4531 threshold=6000
[06:51:16 ET] [MOVE] FIRESTORM_GATE_BLOCK DCOY setup=move_strike prior_bar_ticks=4531 threshold=6000
[06:51:16 ET] [MOVE] FIRESTORM_GATE_BLOCK DCOY setup=move_strike prior_bar_ticks=4531 threshold=6000
[06:51:16 ET] [MOVE] FIRESTORM_GATE_BLOCK DCOY setup=move_strike prior_bar_ticks=4531 threshold=6000
[06:51:16 ET] [MOVE] FIRESTORM_GATE_BLOCK DCOY setup=move_strike prior_bar_ticks=4531 threshold=6000
[06:51:16 ET] [MOVE] FIRESTORM_GATE_BLOCK DCOY setup=move_strike prior_bar_ticks=4531 threshold=6000
[06:51:16 ET] [MOVE] FIRESTORM_GATE_BLOCK DCOY setup=move_strike prior_bar_ticks=4531 threshold=6000
[06:51:16 ET] [MOVE] FIRESTORM_GATE_BLOCK DCOY setup=move_strike prior_bar_ticks=4531 threshold=6000
[06:51:16 ET] [MOVE] FIRESTORM_GATE_BLOCK DCOY setup=move_strike prior_bar_ticks=4531 threshold=6000
[06:51:16 ET] [MOVE] FIRESTORM_GATE_BLOCK DCOY setup=move_strike prior_bar_ticks=4531 threshold=6000
[06:51:16 ET] [MOVE] FIRESTORM_GATE_BLOCK DCOY setup=move_strike prior_bar_ticks=4531 threshold=6000
[06:51:16 ET] [MOVE] FIRESTORM_GATE_BLOCK DCOY setup=move_strike prior_bar_ticks=4531 threshold=6000
[06:51:16 ET] [MOVE] FIRESTORM_GATE_BLOCK DCOY setup=move_strike prior_bar_ticks=4531 threshold=6000
[06:51:16 ET] [MOVE] FIRESTORM_GATE_BLOCK DCOY setup=move_strike prior_bar_ticks=4531 threshold=6000
[06:51:16 ET] [MOVE] FIRESTORM_GATE_BLOCK DCOY setup=move_strike prior_bar_ticks=4531 threshold=6000
[06:51:16 ET] [MOVE] FIRESTORM_GATE_BLOCK DCOY setup=move_strike prior_bar_ticks=4531 threshold=6000
[06:51:16 ET] [MOVE] FIRESTORM_GATE_BLOCK DCOY setup=move_strike prior_bar_ticks=4531 threshold=6000
[06:51:16 ET] [MOVE] FIRESTORM_GATE_BLOCK DCOY setup=move_strike prior_bar_ticks=4531 threshold=6000
[06:51:16 ET] [MOVE] FIRESTORM_GATE_BLOCK DCOY setup=move_strike prior_bar_ticks=4531 threshold=6000
[06:51:16 ET] [MOVE] FIRESTORM_GATE_BLOCK DCOY setup=move_strike prior_bar_ticks=4531 threshold=6000
[06:51:16 ET] [MOVE] FIRESTORM_GATE_BLOCK DCOY setup=move_strike prior_bar_ticks=4531 threshold=6000
[06:51:16 ET] [MOVE] FIRESTORM_GATE_BLOCK DCOY setup=move_strike prior_bar_ticks=4531 threshold=6000
[06:51:16 ET] [MOVE] FIRESTORM_GATE_BLOCK DCOY setup=move_strike prior_bar_ticks=4531 threshold=6000
[06:51:16 ET] [MOVE] FIRESTORM_GATE_BLOCK DCOY setup=move_strike prior_bar_ticks=4531 threshold=6000
[06:51:16 ET] [MOVE] FIRESTORM_GATE_BLOCK DCOY setup=move_strike prior_bar_ticks=4531 threshold=6000
[06:51:16 ET] [MOVE] FIRESTORM_GATE_BLOCK DCOY setup=move_strike prior_bar_ticks=4531 threshold=6000
[06:51:16 ET] [MOVE] FIRESTORM_GATE_BLOCK DCOY setup=move_strike prior_bar_ticks=4531 threshold=6000
[06:51:16 ET] [MOVE] FIRESTORM_GATE_BLOCK DCOY setup=move_strike prior_bar_ticks=4531 threshold=6000
[06:51:16 ET] [MOVE] FIRESTORM_GATE_BLOCK DCOY setup=move_strike prior_bar_ticks=4531 threshold=6000
[06:51:16 ET] [MOVE] FIRESTORM_GATE_BLOCK DCOY setup=move_strike prior_bar_ticks=4531 threshold=6000
[06:51:16 ET] [MOVE] FIRESTORM_GATE_BLOCK DCOY setup=move_strike prior_bar_ticks=4531 threshold=6000
[06:51:16 ET] [MOVE] FIRESTORM_GATE_BLOCK DCOY setup=move_strike prior_bar_ticks=4531 threshold=6000
[06:51:16 ET] [MOVE] FIRESTORM_GATE_BLOCK DCOY setup=move_strike prior_bar_ticks=4531 threshold=6000
[06:51:16 ET] [MOVE] FIRESTORM_GATE_BLOCK DCOY setup=move_strike prior_bar_ticks=4531 threshold=6000
[06:51:16 ET] [MOVE] FIRESTORM_GATE_BLOCK DCOY setup=move_strike prior_bar_ticks=4531 threshold=6000
[06:51:16 ET] [MOVE] FIRESTORM_GATE_BLOCK DCOY setup=move_strike prior_bar_ticks=4531 threshold=6000
[06:51:16 ET] [MOVE] FIRESTORM_GATE_BLOCK DCOY setup=move_strike prior_bar_ticks=4531 threshold=6000
[06:51:16 ET] [MOVE] FIRESTORM_GATE_BLOCK DCOY setup=move_strike prior_bar_ticks=4531 threshold=6000
[06:51:16 ET] [MOVE] FIRESTORM_GATE_BLOCK DCOY setup=move_strike prior_bar_ticks=4531 threshold=6000
[06:51:16 ET] [MOVE] FIRESTORM_GATE_BLOCK DCOY setup=move_strike prior_bar_ticks=4531 threshold=6000
[06:51:16 ET] [MOVE] FIRESTORM_GATE_BLOCK DCOY setup=move_strike prior_bar_ticks=4531 threshold=6000
[06:51:16 ET] [MOVE] FIRESTORM_GATE_BLOCK DCOY setup=move_strike prior_bar_ticks=4531 threshold=6000
[06:51:17 ET] [MOVE] FIRESTORM_GATE_BLOCK DCOY setup=move_strike prior_bar_ticks=4531 threshold=6000
[06:51:17 ET] [MOVE] FIRESTORM_GATE_BLOCK DCOY setup=move_strike prior_bar_ticks=4531 threshold=6000
[06:51:17 ET] [MOVE] FIRESTORM_GATE_BLOCK DCOY setup=move_strike prior_bar_ticks=4531 threshold=6000
[06:51:17 ET] [MOVE] FIRESTORM_GATE_BLOCK DCOY setup=move_strike prior_bar_ticks=4531 threshold=6000
[06:51:17 ET] [MOVE] FIRESTORM_GATE_BLOCK DCOY setup=move_strike prior_bar_ticks=4531 threshold=6000
[06:51:17 ET] [MOVE] FIRESTORM_GATE_BLOCK DCOY setup=move_strike prior_bar_ticks=4531 threshold=6000
[06:51:17 ET] [MOVE] FIRESTORM_GATE_BLOCK DCOY setup=move_strike prior_bar_ticks=4531 threshold=6000
[06:51:17 ET] [MOVE] FIRESTORM_GATE_BLOCK DCOY setup=move_strike prior_bar_ticks=4531 threshold=6000
[06:51:17 ET] [MOVE] FIRESTORM_GATE_BLOCK DCOY setup=move_strike prior_bar_ticks=4531 threshold=6000
[06:51:17 ET] [MOVE] FIRESTORM_GATE_BLOCK DCOY setup=move_strike prior_bar_ticks=4531 threshold=6000
[06:51:17 ET] [MOVE] FIRESTORM_GATE_BLOCK DCOY setup=move_strike prior_bar_ticks=4531 threshold=6000
[06:51:17 ET] [MOVE] FIRESTORM_GATE_BLOCK DCOY setup=move_strike prior_bar_ticks=4531 threshold=6000
[06:51:17 ET] [MOVE] FIRESTORM_GATE_BLOCK DCOY setup=move_strike prior_bar_ticks=4531 threshold=6000
[06:51:17 ET] [MOVE] FIRESTORM_GATE_BLOCK DCOY setup=move_strike prior_bar_ticks=4531 threshold=6000
[06:51:17 ET] [MOVE] FIRESTORM_GATE_BLOCK DCOY setup=move_strike prior_bar_ticks=4531 threshold=6000
[06:51:17 ET] [MOVE] FIRESTORM_GATE_BLOCK DCOY setup=move_strike prior_bar_ticks=4531 threshold=6000
[06:51:17 ET] [MOVE] FIRESTORM_GATE_BLOCK DCOY setup=move_strike prior_bar_ticks=4531 threshold=6000
[06:51:17 ET] [MOVE] FIRESTORM_GATE_BLOCK DCOY setup=move_strike prior_bar_ticks=4531 threshold=6000
[06:51:17 ET] [MOVE] FIRESTORM_GATE_BLOCK DCOY setup=move_strike prior_bar_ticks=4531 threshold=6000
[06:51:17 ET] [MOVE] FIRESTORM_GATE_BLOCK DCOY setup=move_strike prior_bar_ticks=4531 threshold=6000
[06:51:17 ET] [MOVE] FIRESTORM_GATE_BLOCK DCOY setup=move_strike prior_bar_ticks=4531 threshold=6000
[06:51:17 ET] [MOVE] FIRESTORM_GATE_BLOCK DCOY setup=move_strike prior_bar_ticks=4531 threshold=6000
[06:51:17 ET] [MOVE] FIRESTORM_GATE_BLOCK DCOY setup=move_strike prior_bar_ticks=4531 threshold=6000
[06:51:17 ET] [MOVE] FIRESTORM_GATE_BLOCK DCOY setup=move_strike prior_bar_ticks=4531 threshold=6000
[06:51:17 ET] [MOVE] FIRESTORM_GATE_BLOCK DCOY setup=move_strike prior_bar_ticks=4531 threshold=6000
[06:51:17 ET] [MOVE] FIRESTORM_GATE_BLOCK DCOY setup=move_strike prior_bar_ticks=4531 threshold=6000
[06:51:17 ET] [MOVE] FIRESTORM_GATE_BLOCK DCOY setup=move_strike prior_bar_ticks=4531 threshold=6000
[06:51:17 ET] [MOVE] FIRESTORM_GATE_BLOCK DCOY setup=move_strike prior_bar_ticks=4531 threshold=6000
[06:51:17 ET] [MOVE] FIRESTORM_GATE_BLOCK DCOY setup=move_strike prior_bar_ticks=4531 threshold=6000
[06:51:17 ET] [MOVE] FIRESTORM_GATE_BLOCK DCOY setup=move_strike prior_bar_ticks=4531 threshold=6000
[06:51:17 ET] [MOVE] FIRESTORM_GATE_BLOCK DCOY setup=move_strike prior_bar_ticks=4531 threshold=6000
[06:51:17 ET] [MOVE] FIRESTORM_GATE_BLOCK DCOY setup=move_strike prior_bar_ticks=4531 threshold=6000
[06:51:17 ET] [MOVE] FIRESTORM_GATE_BLOCK DCOY setup=move_strike prior_bar_ticks=4531 threshold=6000
[06:51:17 ET] [MOVE] FIRESTORM_GATE_BLOCK DCOY setup=move_strike prior_bar_ticks=4531 threshold=6000
[06:51:17 ET] [MOVE] FIRESTORM_GATE_BLOCK DCOY setup=move_strike prior_bar_ticks=4531 threshold=6000
[06:51:17 ET] [MOVE] FIRESTORM_GATE_BLOCK DCOY setup=move_strike prior_bar_ticks=4531 threshold=6000
[06:51:17 ET] [MOVE] FIRESTORM_GATE_BLOCK DCOY setup=move_strike prior_bar_ticks=4531 threshold=6000
[06:51:17 ET] [MOVE] FIRESTORM_GATE_BLOCK DCOY setup=move_strike prior_bar_ticks=4531 threshold=6000
[06:51:17 ET] [MOVE] FIRESTORM_GATE_BLOCK DCOY setup=move_strike prior_bar_ticks=4531 threshold=6000
[06:51:17 ET] [MOVE] FIRESTORM_GATE_BLOCK DCOY setup=move_strike prior_bar_ticks=4531 threshold=6000
[06:51:17 ET] [MOVE] FIRESTORM_GATE_BLOCK DCOY setup=move_strike prior_bar_ticks=4531 threshold=6000
[06:51:17 ET] [MOVE] FIRESTORM_GATE_BLOCK DCOY setup=move_strike prior_bar_ticks=4531 threshold=6000
[06:51:17 ET] [MOVE] FIRESTORM_GATE_BLOCK DCOY setup=move_strike prior_bar_ticks=4531 threshold=6000
[06:51:17 ET] [MOVE] FIRESTORM_GATE_BLOCK DCOY setup=move_strike prior_bar_ticks=4531 threshold=6000
[06:51:17 ET] [MOVE] FIRESTORM_GATE_BLOCK DCOY setup=move_strike prior_bar_ticks=4531 threshold=6000
[06:51:17 ET] [MOVE] FIRESTORM_GATE_BLOCK DCOY setup=move_strike prior_bar_ticks=4531 threshold=6000
[06:51:17 ET] [MOVE] FIRESTORM_GATE_BLOCK DCOY setup=move_strike prior_bar_ticks=4531 threshold=6000
[06:51:17 ET] [MOVE] FIRESTORM_GATE_BLOCK DCOY setup=move_strike prior_bar_ticks=4531 threshold=6000
[06:51:17 ET] [MOVE] FIRESTORM_GATE_BLOCK DCOY setup=move_strike prior_bar_ticks=4531 threshold=6000
[06:51:17 ET] [MOVE] FIRESTORM_GATE_BLOCK DCOY setup=move_strike prior_bar_ticks=4531 threshold=6000
[06:51:17 ET] [MOVE] FIRESTORM_GATE_BLOCK DCOY setup=move_strike prior_bar_ticks=4531 threshold=6000
[06:51:17 ET] [MOVE] FIRESTORM_GATE_BLOCK DCOY setup=move_strike prior_bar_ticks=4531 threshold=6000
[06:51:17 ET] [MOVE] FIRESTORM_GATE_BLOCK DCOY setup=move_strike prior_bar_ticks=4531 threshold=6000
[06:51:17 ET] [MOVE] FIRESTORM_GATE_BLOCK DCOY setup=move_strike prior_bar_ticks=4531 threshold=6000
[06:51:17 ET] [MOVE] FIRESTORM_GATE_BLOCK DCOY setup=move_strike prior_bar_ticks=4531 threshold=6000
[06:51:17 ET] [MOVE] FIRESTORM_GATE_BLOCK DCOY setup=move_strike prior_bar_ticks=4531 threshold=6000
[06:51:17 ET] [MOVE] FIRESTORM_GATE_BLOCK DCOY setup=move_strike prior_bar_ticks=4531 threshold=6000
[06:51:17 ET] [MOVE] FIRESTORM_GATE_BLOCK DCOY setup=move_strike prior_bar_ticks=4531 threshold=6000
[06:51:17 ET] [MOVE] FIRESTORM_GATE_BLOCK DCOY setup=move_strike prior_bar_ticks=4531 threshold=6000
[06:51:17 ET] [MOVE] FIRESTORM_GATE_BLOCK DCOY setup=move_strike prior_bar_ticks=4531 threshold=6000
[06:51:17 ET] [MOVE] FIRESTORM_GATE_BLOCK DCOY setup=move_strike prior_bar_ticks=4531 threshold=6000
[06:51:17 ET] [MOVE] FIRESTORM_GATE_BLOCK DCOY setup=move_strike prior_bar_ticks=4531 threshold=6000
[06:51:17 ET] [MOVE] FIRESTORM_GATE_BLOCK DCOY setup=move_strike prior_bar_ticks=4531 threshold=6000
[06:51:17 ET] [MOVE] FIRESTORM_GATE_BLOCK DCOY setup=move_strike prior_bar_ticks=4531 threshold=6000
[06:51:17 ET] [MOVE] FIRESTORM_GATE_BLOCK DCOY setup=move_strike prior_bar_ticks=4531 threshold=6000
[06:51:17 ET] [MOVE] FIRESTORM_GATE_BLOCK DCOY setup=move_strike prior_bar_ticks=4531 threshold=6000
[06:51:17 ET] [MOVE] FIRESTORM_GATE_BLOCK DCOY setup=move_strike prior_bar_ticks=4531 threshold=6000
[06:51:17 ET] [MOVE] FIRESTORM_GATE_BLOCK DCOY setup=move_strike prior_bar_ticks=4531 threshold=6000
[06:51:17 ET] [MOVE] FIRESTORM_GATE_BLOCK DCOY setup=move_strike prior_bar_ticks=4531 threshold=6000
[06:51:17 ET] [MOVE] FIRESTORM_GATE_BLOCK DCOY setup=move_strike prior_bar_ticks=4531 threshold=6000
[06:51:17 ET] [MOVE] FIRESTORM_GATE_BLOCK DCOY setup=move_strike prior_bar_ticks=4531 threshold=6000
[06:51:17 ET] [MOVE] FIRESTORM_GATE_BLOCK DCOY setup=move_strike prior_bar_ticks=4531 threshold=6000
[06:51:17 ET] [MOVE] FIRESTORM_GATE_BLOCK DCOY setup=move_strike prior_bar_ticks=4531 threshold=6000
[06:51:17 ET] [MOVE] FIRESTORM_GATE_BLOCK DCOY setup=move_strike prior_bar_ticks=4531 threshold=6000
[06:51:17 ET] [MOVE] FIRESTORM_GATE_BLOCK DCOY setup=move_strike prior_bar_ticks=4531 threshold=6000
[06:51:17 ET] [MOVE] FIRESTORM_GATE_BLOCK DCOY setup=move_strike prior_bar_ticks=4531 threshold=6000
[06:51:17 ET] [MOVE] FIRESTORM_GATE_BLOCK DCOY setup=move_strike prior_bar_ticks=4531 threshold=6000
[06:51:17 ET] [MOVE] FIRESTORM_GATE_BLOCK DCOY setup=move_strike prior_bar_ticks=4531 threshold=6000
[06:51:17 ET] [MOVE] FIRESTORM_GATE_BLOCK DCOY setup=move_strike prior_bar_ticks=4531 threshold=6000
[06:51:17 ET] [MOVE] FIRESTORM_GATE_BLOCK DCOY setup=move_strike prior_bar_ticks=4531 threshold=6000
[06:51:17 ET] [MOVE] FIRESTORM_GATE_BLOCK DCOY setup=move_strike prior_bar_ticks=4531 threshold=6000
[06:51:17 ET] [MOVE] FIRESTORM_GATE_BLOCK DCOY setup=move_strike prior_bar_ticks=4531 threshold=6000
[06:51:17 ET] [MOVE] FIRESTORM_GATE_BLOCK DCOY setup=move_strike prior_bar_ticks=4531 threshold=6000
[06:51:17 ET] [MOVE] FIRESTORM_GATE_BLOCK DCOY setup=move_strike prior_bar_ticks=4531 threshold=6000
[06:51:17 ET] [MOVE] FIRESTORM_GATE_BLOCK DCOY setup=move_strike prior_bar_ticks=4531 threshold=6000
[06:51:17 ET] [MOVE] FIRESTORM_GATE_BLOCK DCOY setup=move_strike prior_bar_ticks=4531 threshold=6000
[06:51:17 ET] [MOVE] FIRESTORM_GATE_BLOCK DCOY setup=move_strike prior_bar_ticks=4531 threshold=6000
[06:51:17 ET] [MOVE] FIRESTORM_GATE_BLOCK DCOY setup=move_strike prior_bar_ticks=4531 threshold=6000
[06:51:17 ET] [MOVE] FIRESTORM_GATE_BLOCK DCOY setup=move_strike prior_bar_ticks=4531 threshold=6000
[06:51:17 ET] [MOVE] FIRESTORM_GATE_BLOCK DCOY setup=move_strike prior_bar_ticks=4531 threshold=6000
[06:51:17 ET] [MOVE] FIRESTORM_GATE_BLOCK DCOY setup=move_strike prior_bar_ticks=4531 threshold=6000
[06:51:17 ET] [MOVE] FIRESTORM_GATE_BLOCK DCOY setup=move_strike prior_bar_ticks=4531 threshold=6000
[06:51:17 ET] [MOVE] FIRESTORM_GATE_BLOCK DCOY setup=move_strike prior_bar_ticks=4531 threshold=6000
[06:51:17 ET] [MOVE] FIRESTORM_GATE_BLOCK DCOY setup=move_strike prior_bar_ticks=4531 threshold=6000
[06:51:17 ET] [MOVE] FIRESTORM_GATE_BLOCK DCOY setup=move_strike prior_bar_ticks=4531 threshold=6000
[06:51:17 ET] [MOVE] FIRESTORM_GATE_BLOCK DCOY setup=move_strike prior_bar_ticks=4531 threshold=6000
[06:51:17 ET] [MOVE] FIRESTORM_GATE_BLOCK DCOY setup=move_strike prior_bar_ticks=4531 threshold=6000
[06:51:17 ET] [MOVE] FIRESTORM_GATE_BLOCK DCOY setup=move_strike prior_bar_ticks=4531 threshold=6000
[06:51:17 ET] [MOVE] FIRESTORM_GATE_BLOCK DCOY setup=move_strike prior_bar_ticks=4531 threshold=6000
[06:51:17 ET] [MOVE] FIRESTORM_GATE_BLOCK DCOY setup=move_strike prior_bar_ticks=4531 threshold=6000
[06:51:17 ET] [MOVE] FIRESTORM_GATE_BLOCK DCOY setup=move_strike prior_bar_ticks=4531 threshold=6000
[06:51:17 ET] [MOVE] FIRESTORM_GATE_BLOCK DCOY setup=move_strike prior_bar_ticks=4531 threshold=6000
[06:51:17 ET] [MOVE] FIRESTORM_GATE_BLOCK DCOY setup=move_strike prior_bar_ticks=4531 threshold=6000
[06:51:17 ET] [MOVE] FIRESTORM_GATE_BLOCK DCOY setup=move_strike prior_bar_ticks=4531 threshold=6000
[06:51:17 ET] [MOVE] FIRESTORM_GATE_BLOCK DCOY setup=move_strike prior_bar_ticks=4531 threshold=6000
[06:51:17 ET] [MOVE] FIRESTORM_GATE_BLOCK DCOY setup=move_strike prior_bar_ticks=4531 threshold=6000
[06:51:17 ET] [MOVE] FIRESTORM_GATE_BLOCK DCOY setup=move_strike prior_bar_ticks=4531 threshold=6000
[06:51:17 ET] [MOVE] FIRESTORM_GATE_BLOCK DCOY setup=move_strike prior_bar_ticks=4531 threshold=6000
[06:51:17 ET] [MOVE] FIRESTORM_GATE_BLOCK DCOY setup=move_strike prior_bar_ticks=4531 threshold=6000
[06:51:17 ET] [MOVE] FIRESTORM_GATE_BLOCK DCOY setup=move_strike prior_bar_ticks=4531 threshold=6000
[06:51:17 ET] [MOVE] FIRESTORM_GATE_BLOCK DCOY setup=move_strike prior_bar_ticks=4531 threshold=6000
[06:51:17 ET] [MOVE] FIRESTORM_GATE_BLOCK DCOY setup=move_strike prior_bar_ticks=4531 threshold=6000
[06:51:17 ET] [MOVE] FIRESTORM_GATE_BLOCK DCOY setup=move_strike prior_bar_ticks=4531 threshold=6000
[06:51:17 ET] [MOVE] FIRESTORM_GATE_BLOCK DCOY setup=move_strike prior_bar_ticks=4531 threshold=6000
[06:51:17 ET] [MOVE] FIRESTORM_GATE_BLOCK DCOY setup=move_strike prior_bar_ticks=4531 threshold=6000
[06:51:17 ET] [MOVE] FIRESTORM_GATE_BLOCK DCOY setup=move_strike prior_bar_ticks=4531 threshold=6000
[06:51:17 ET] [MOVE] FIRESTORM_GATE_BLOCK DCOY setup=move_strike prior_bar_ticks=4531 threshold=6000
[06:51:17 ET] [MOVE] FIRESTORM_GATE_BLOCK DCOY setup=move_strike prior_bar_ticks=4531 threshold=6000
[06:51:17 ET] [MOVE] FIRESTORM_GATE_BLOCK DCOY setup=move_strike prior_bar_ticks=4531 threshold=6000
[06:51:17 ET] [MOVE] FIRESTORM_GATE_BLOCK DCOY setup=move_strike prior_bar_ticks=4531 threshold=6000
[06:51:17 ET] [MOVE] FIRESTORM_GATE_BLOCK DCOY setup=move_strike prior_bar_ticks=4531 threshold=6000
[06:51:17 ET] [MOVE] FIRESTORM_GATE_BLOCK DCOY setup=move_strike prior_bar_ticks=4531 threshold=6000
[06:51:17 ET] [MOVE] FIRESTORM_GATE_BLOCK DCOY setup=move_strike prior_bar_ticks=4531 threshold=6000
[06:51:17 ET] [MOVE] FIRESTORM_GATE_BLOCK DCOY setup=move_strike prior_bar_ticks=4531 threshold=6000
[06:51:17 ET] [MOVE] FIRESTORM_GATE_BLOCK DCOY setup=move_strike prior_bar_ticks=4531 threshold=6000
[06:51:17 ET] [MOVE] FIRESTORM_GATE_BLOCK DCOY setup=move_strike prior_bar_ticks=4531 threshold=6000
[06:51:17 ET] [MOVE] FIRESTORM_GATE_BLOCK DCOY setup=move_strike prior_bar_ticks=4531 threshold=6000
[06:51:17 ET] [MOVE] FIRESTORM_GATE_BLOCK DCOY setup=move_strike prior_bar_ticks=4531 threshold=6000
[06:51:17 ET] [MOVE] FIRESTORM_GATE_BLOCK DCOY setup=move_strike prior_bar_ticks=4531 threshold=6000
[06:51:17 ET] [MOVE] FIRESTORM_GATE_BLOCK DCOY setup=move_strike prior_bar_ticks=4531 threshold=6000
[06:51:17 ET] [MOVE] FIRESTORM_GATE_BLOCK DCOY setup=move_strike prior_bar_ticks=4531 threshold=6000
[06:51:17 ET] [MOVE] FIRESTORM_GATE_BLOCK DCOY setup=move_strike prior_bar_ticks=4531 threshold=6000
[06:51:17 ET] [MOVE] FIRESTORM_GATE_BLOCK DCOY setup=move_strike prior_bar_ticks=4531 threshold=6000
[06:51:17 ET] [MOVE] FIRESTORM_GATE_BLOCK DCOY setup=move_strike prior_bar_ticks=4531 threshold=6000
[06:51:17 ET] [MOVE] FIRESTORM_GATE_BLOCK DCOY setup=move_strike prior_bar_ticks=4531 threshold=6000
[06:51:17 ET] [MOVE] FIRESTORM_GATE_BLOCK DCOY setup=move_strike prior_bar_ticks=4531 threshold=6000
[06:51:17 ET] [MOVE] FIRESTORM_GATE_BLOCK DCOY setup=move_strike prior_bar_ticks=4531 threshold=6000
[06:51:17 ET] [MOVE] FIRESTORM_GATE_BLOCK DCOY setup=move_strike prior_bar_ticks=4531 threshold=6000
[06:51:17 ET] [MOVE] FIRESTORM_GATE_BLOCK DCOY setup=move_strike prior_bar_ticks=4531 threshold=6000
[06:51:17 ET] [MOVE] FIRESTORM_GATE_BLOCK DCOY setup=move_strike prior_bar_ticks=4531 threshold=6000
[06:51:17 ET] [MOVE] FIRESTORM_GATE_BLOCK DCOY setup=move_strike prior_bar_ticks=4531 threshold=6000
[06:51:17 ET] [MOVE] FIRESTORM_GATE_BLOCK DCOY setup=move_strike prior_bar_ticks=4531 threshold=6000
[06:51:17 ET] [MOVE] FIRESTORM_GATE_BLOCK DCOY setup=move_strike prior_bar_ticks=4531 threshold=6000
[06:51:17 ET] [MOVE] FIRESTORM_GATE_BLOCK DCOY setup=move_strike prior_bar_ticks=4531 threshold=6000
[06:51:17 ET] [MOVE] FIRESTORM_GATE_BLOCK DCOY setup=move_strike prior_bar_ticks=4531 threshold=6000
[06:51:17 ET] [MOVE] FIRESTORM_GATE_BLOCK DCOY setup=move_strike prior_bar_ticks=4531 threshold=6000
[06:51:17 ET] [MOVE] FIRESTORM_GATE_BLOCK DCOY setup=move_strike prior_bar_ticks=4531 threshold=6000
[06:51:17 ET] [MOVE] FIRESTORM_GATE_BLOCK DCOY setup=move_strike prior_bar_ticks=4531 threshold=6000
[06:51:17 ET] [MOVE] FIRESTORM_GATE_BLOCK DCOY setup=move_strike prior_bar_ticks=4531 threshold=6000
[06:51:17 ET] [MOVE] FIRESTORM_GATE_BLOCK DCOY setup=move_strike prior_bar_ticks=4531 threshold=6000
[06:51:17 ET] [MOVE] FIRESTORM_GATE_BLOCK DCOY setup=move_strike prior_bar_ticks=4531 threshold=6000
[06:51:17 ET] [MOVE] FIRESTORM_GATE_BLOCK DCOY setup=move_strike prior_bar_ticks=4531 threshold=6000
[06:51:17 ET] [MOVE] FIRESTORM_GATE_BLOCK DCOY setup=move_strike prior_bar_ticks=4531 threshold=6000
[06:51:17 ET] [MOVE] FIRESTORM_GATE_BLOCK DCOY setup=move_strike prior_bar_ticks=4531 threshold=6000
[06:51:17 ET] [MOVE] FIRESTORM_GATE_BLOCK DCOY setup=move_strike prior_bar_ticks=4531 threshold=6000
[06:51:17 ET] [MOVE] FIRESTORM_GATE_BLOCK DCOY setup=move_strike prior_bar_ticks=4531 threshold=6000
[06:51:17 ET] [MOVE] FIRESTORM_GATE_BLOCK DCOY setup=move_strike prior_bar_ticks=4531 threshold=6000
[06:51:17 ET] [MOVE] FIRESTORM_GATE_BLOCK DCOY setup=move_strike prior_bar_ticks=4531 threshold=6000
[06:51:17 ET] [MOVE] FIRESTORM_GATE_BLOCK DCOY setup=move_strike prior_bar_ticks=4531 threshold=6000
[06:51:17 ET] [MOVE] FIRESTORM_GATE_BLOCK DCOY setup=move_strike prior_bar_ticks=4531 threshold=6000
[06:51:17 ET] [MOVE] FIRESTORM_GATE_BLOCK DCOY setup=move_strike prior_bar_ticks=4531 threshold=6000
[06:51:17 ET] [MOVE] FIRESTORM_GATE_BLOCK DCOY setup=move_strike prior_bar_ticks=4531 threshold=6000
[06:51:17 ET] [MOVE] FIRESTORM_GATE_BLOCK DCOY setup=move_strike prior_bar_ticks=4531 threshold=6000
[06:51:17 ET] [MOVE] FIRESTORM_GATE_BLOCK DCOY setup=move_strike prior_bar_ticks=4531 threshold=6000
[06:51:17 ET] [MOVE] FIRESTORM_GATE_BLOCK DCOY setup=move_strike prior_bar_ticks=4531 threshold=6000
[06:51:17 ET] [MOVE] FIRESTORM_GATE_BLOCK DCOY setup=move_strike prior_bar_ticks=4531 threshold=6000
[06:51:17 ET] [MOVE] FIRESTORM_GATE_BLOCK DCOY setup=move_strike prior_bar_ticks=4531 threshold=6000
[06:51:17 ET] [MOVE] FIRESTORM_GATE_BLOCK DCOY setup=move_strike prior_bar_ticks=4531 threshold=6000
[06:51:17 ET] [MOVE] FIRESTORM_GATE_BLOCK DCOY setup=move_strike prior_bar_ticks=4531 threshold=6000
[06:51:17 ET] [MOVE] FIRESTORM_GATE_BLOCK DCOY setup=move_strike prior_bar_ticks=4531 threshold=6000
[06:51:17 ET] [MOVE] FIRESTORM_GATE_BLOCK DCOY setup=move_strike prior_bar_ticks=4531 threshold=6000
[06:51:17 ET] [MOVE] FIRESTORM_GATE_BLOCK DCOY setup=move_strike prior_bar_ticks=4531 threshold=6000
[06:51:17 ET] [MOVE] FIRESTORM_GATE_BLOCK DCOY setup=move_strike prior_bar_ticks=4531 threshold=6000
[06:51:17 ET] [MOVE] FIRESTORM_GATE_BLOCK DCOY setup=move_strike prior_bar_ticks=4531 threshold=6000
[06:51:17 ET] [MOVE] FIRESTORM_GATE_BLOCK DCOY setup=move_strike prior_bar_ticks=4531 threshold=6000
[06:51:17 ET] [MOVE] FIRESTORM_GATE_BLOCK DCOY setup=move_strike prior_bar_ticks=4531 threshold=6000
[06:51:17 ET] [MOVE] FIRESTORM_GATE_BLOCK DCOY setup=move_strike prior_bar_ticks=4531 threshold=6000
[06:51:17 ET] [MOVE] FIRESTORM_GATE_BLOCK DCOY setup=move_strike prior_bar_ticks=4531 threshold=6000
[06:51:17 ET] [MOVE] FIRESTORM_GATE_BLOCK DCOY setup=move_strike prior_bar_ticks=4531 threshold=6000
[06:51:17 ET] [MOVE] FIRESTORM_GATE_BLOCK DCOY setup=move_strike prior_bar_ticks=4531 threshold=6000
[06:51:17 ET] [MOVE] FIRESTORM_GATE_BLOCK DCOY setup=move_strike prior_bar_ticks=4531 threshold=6000
[06:51:17 ET] [MOVE] FIRESTORM_GATE_BLOCK DCOY setup=move_strike prior_bar_ticks=4531 threshold=6000
[06:51:17 ET] [MOVE] FIRESTORM_GATE_BLOCK DCOY setup=move_strike prior_bar_ticks=4531 threshold=6000
[06:51:17 ET] [MOVE] FIRESTORM_GATE_BLOCK DCOY setup=move_strike prior_bar_ticks=4531 threshold=6000
[06:51:17 ET] [MOVE] FIRESTORM_GATE_BLOCK DCOY setup=move_strike prior_bar_ticks=4531 threshold=6000
[06:51:17 ET] [MOVE] FIRESTORM_GATE_BLOCK DCOY setup=move_strike prior_bar_ticks=4531 threshold=6000
[06:51:17 ET] [MOVE] FIRESTORM_GATE_BLOCK DCOY setup=move_strike prior_bar_ticks=4531 threshold=6000
[06:51:17 ET] [MOVE] FIRESTORM_GATE_BLOCK DCOY setup=move_strike prior_bar_ticks=4531 threshold=6000
[06:51:17 ET] [MOVE] FIRESTORM_GATE_BLOCK DCOY setup=move_strike prior_bar_ticks=4531 threshold=6000
[06:51:17 ET] [MOVE] FIRESTORM_GATE_BLOCK DCOY setup=move_strike prior_bar_ticks=4531 threshold=6000
[06:51:17 ET] [MOVE] FIRESTORM_GATE_BLOCK DCOY setup=move_strike prior_bar_ticks=4531 threshold=6000
[06:51:17 ET] [MOVE] FIRESTORM_GATE_BLOCK DCOY setup=move_strike prior_bar_ticks=4531 threshold=6000
[06:51:17 ET] [MOVE] FIRESTORM_GATE_BLOCK DCOY setup=move_strike prior_bar_ticks=4531 threshold=6000
[06:51:17 ET] [MOVE] FIRESTORM_GATE_BLOCK DCOY setup=move_strike prior_bar_ticks=4531 threshold=6000
[06:51:18 ET] [MOVE] FIRESTORM_GATE_BLOCK DCOY setup=move_strike prior_bar_ticks=4531 threshold=6000
[06:51:18 ET] [MOVE] FIRESTORM_GATE_BLOCK DCOY setup=move_strike prior_bar_ticks=4531 threshold=6000
[06:51:18 ET] [MOVE] FIRESTORM_GATE_BLOCK DCOY setup=move_strike prior_bar_ticks=4531 threshold=6000
[06:51:18 ET] [MOVE] FIRESTORM_GATE_BLOCK DCOY setup=move_strike prior_bar_ticks=4531 threshold=6000
[06:51:18 ET] [MOVE] FIRESTORM_GATE_BLOCK DCOY setup=move_strike prior_bar_ticks=4531 threshold=6000
[06:51:18 ET] [MOVE] FIRESTORM_GATE_BLOCK DCOY setup=move_strike prior_bar_ticks=4531 threshold=6000
[06:51:18 ET] [MOVE] FIRESTORM_GATE_BLOCK DCOY setup=move_strike prior_bar_ticks=4531 threshold=6000
[06:51:18 ET] [MOVE] FIRESTORM_GATE_BLOCK DCOY setup=move_strike prior_bar_ticks=4531 threshold=6000
[06:51:18 ET] [MOVE] FIRESTORM_GATE_BLOCK DCOY setup=move_strike prior_bar_ticks=4531 threshold=6000
[06:51:18 ET] [MOVE] FIRESTORM_GATE_BLOCK DCOY setup=move_strike prior_bar_ticks=4531 threshold=6000
[06:51:18 ET] [MOVE] FIRESTORM_GATE_BLOCK DCOY setup=move_strike prior_bar_ticks=4531 threshold=6000
[06:51:18 ET] [MOVE] FIRESTORM_GATE_BLOCK DCOY setup=move_strike prior_bar_ticks=4531 threshold=6000
[06:51:18 ET] [MOVE] FIRESTORM_GATE_BLOCK DCOY setup=move_strike prior_bar_ticks=4531 threshold=6000
[06:51:18 ET] [MOVE] FIRESTORM_GATE_BLOCK DCOY setup=move_strike prior_bar_ticks=4531 threshold=6000
[06:51:18 ET] [MOVE] FIRESTORM_GATE_BLOCK DCOY setup=move_strike prior_bar_ticks=4531 threshold=6000
[06:51:18 ET] [MOVE] FIRESTORM_GATE_BLOCK DCOY setup=move_strike prior_bar_ticks=4531 threshold=6000
[06:51:18 ET] [MOVE] FIRESTORM_GATE_BLOCK DCOY setup=move_strike prior_bar_ticks=4531 threshold=6000
[06:51:18 ET] [MOVE] FIRESTORM_GATE_BLOCK DCOY setup=move_strike prior_bar_ticks=4531 threshold=6000
[06:51:18 ET] [MOVE] FIRESTORM_GATE_BLOCK DCOY setup=move_strike prior_bar_ticks=4531 threshold=6000
[06:51:18 ET] [MOVE] FIRESTORM_GATE_BLOCK DCOY setup=move_strike prior_bar_ticks=4531 threshold=6000
[06:51:18 ET] [MOVE] FIRESTORM_GATE_BLOCK DCOY setup=move_strike prior_bar_ticks=4531 threshold=6000
[06:51:18 ET] [MOVE] FIRESTORM_GATE_BLOCK DCOY setup=move_strike prior_bar_ticks=4531 threshold=6000
[06:51:18 ET] [MOVE] FIRESTORM_GATE_BLOCK DCOY setup=move_strike prior_bar_ticks=4531 threshold=6000
[06:51:18 ET] [MOVE] FIRESTORM_GATE_BLOCK DCOY setup=move_strike prior_bar_ticks=4531 threshold=6000
[06:51:18 ET] [MOVE] FIRESTORM_GATE_BLOCK DCOY setup=move_strike prior_bar_ticks=4531 threshold=6000
[06:51:18 ET] [MOVE] FIRESTORM_GATE_BLOCK DCOY setup=move_strike prior_bar_ticks=4531 threshold=6000
[06:51:18 ET] [MOVE] FIRESTORM_GATE_BLOCK DCOY setup=move_strike prior_bar_ticks=4531 threshold=6000
[06:51:18 ET] [MOVE] FIRESTORM_GATE_BLOCK DCOY setup=move_strike prior_bar_ticks=4531 threshold=6000
[06:51:18 ET] [MOVE] FIRESTORM_GATE_BLOCK DCOY setup=move_strike prior_bar_ticks=4531 threshold=6000
[06:51:18 ET] [MOVE] FIRESTORM_GATE_BLOCK DCOY setup=move_strike prior_bar_ticks=4531 threshold=6000
[06:51:18 ET] [MOVE] FIRESTORM_GATE_BLOCK DCOY setup=move_strike prior_bar_ticks=4531 threshold=6000
[06:51:18 ET] [MOVE] FIRESTORM_GATE_BLOCK DCOY setup=move_strike prior_bar_ticks=4531 threshold=6000
[06:51:18 ET] [MOVE] FIRESTORM_GATE_BLOCK DCOY setup=move_strike prior_bar_ticks=4531 threshold=6000
[06:51:18 ET] [MOVE] FIRESTORM_GATE_BLOCK DCOY setup=move_strike prior_bar_ticks=4531 threshold=6000
[06:51:18 ET] [MOVE] FIRESTORM_GATE_BLOCK DCOY setup=move_strike prior_bar_ticks=4531 threshold=6000
[06:51:18 ET] [MOVE] FIRESTORM_GATE_BLOCK DCOY setup=move_strike prior_bar_ticks=4531 threshold=6000
[06:51:18 ET] [MOVE] FIRESTORM_GATE_BLOCK DCOY setup=move_strike prior_bar_ticks=4531 threshold=6000
[06:51:18 ET] [MOVE] FIRESTORM_GATE_BLOCK DCOY setup=move_strike prior_bar_ticks=4531 threshold=6000
[06:51:18 ET] [MOVE] FIRESTORM_GATE_BLOCK DCOY setup=move_strike prior_bar_ticks=4531 threshold=6000
[06:51:18 ET] [MOVE] FIRESTORM_GATE_BLOCK DCOY setup=move_strike prior_bar_ticks=4531 threshold=6000
[06:51:18 ET] [MOVE] FIRESTORM_GATE_BLOCK DCOY setup=move_strike prior_bar_ticks=4531 threshold=6000
[06:51:18 ET] [MOVE] FIRESTORM_GATE_BLOCK DCOY setup=move_strike prior_bar_ticks=4531 threshold=6000
[06:51:18 ET] [MOVE] FIRESTORM_GATE_BLOCK DCOY setup=move_strike prior_bar_ticks=4531 threshold=6000
[06:51:18 ET] [MOVE] FIRESTORM_GATE_BLOCK DCOY setup=move_strike prior_bar_ticks=4531 threshold=6000
[06:51:18 ET] [MOVE] FIRESTORM_GATE_BLOCK DCOY setup=move_strike prior_bar_ticks=4531 threshold=6000
[06:51:18 ET] [MOVE] FIRESTORM_GATE_BLOCK DCOY setup=move_strike prior_bar_ticks=4531 threshold=6000
[06:51:18 ET] [MOVE] FIRESTORM_GATE_BLOCK DCOY setup=move_strike prior_bar_ticks=4531 threshold=6000
[06:51:18 ET] [MOVE] FIRESTORM_GATE_BLOCK DCOY setup=move_strike prior_bar_ticks=4531 threshold=6000
[06:51:18 ET] [MOVE] FIRESTORM_GATE_BLOCK DCOY setup=move_strike prior_bar_ticks=4531 threshold=6000
[06:51:18 ET] [MOVE] FIRESTORM_GATE_BLOCK DCOY setup=move_strike prior_bar_ticks=4531 threshold=6000
[06:51:18 ET] [MOVE] FIRESTORM_GATE_BLOCK DCOY setup=move_strike prior_bar_ticks=4531 threshold=6000
[06:51:18 ET] [MOVE] FIRESTORM_GATE_BLOCK DCOY setup=move_strike prior_bar_ticks=4531 threshold=6000
[06:51:18 ET] [MOVE] FIRESTORM_GATE_BLOCK DCOY setup=move_strike prior_bar_ticks=4531 threshold=6000
[06:51:18 ET] [MOVE] FIRESTORM_GATE_BLOCK DCOY setup=move_strike prior_bar_ticks=4531 threshold=6000
[06:51:18 ET] [MOVE] FIRESTORM_GATE_BLOCK DCOY setup=move_strike prior_bar_ticks=4531 threshold=6000
[06:51:18 ET] [MOVE] FIRESTORM_GATE_BLOCK DCOY setup=move_strike prior_bar_ticks=4531 threshold=6000
[06:51:18 ET] [MOVE] FIRESTORM_GATE_BLOCK DCOY setup=move_strike prior_bar_ticks=4531 threshold=6000
[06:51:18 ET] [MOVE] FIRESTORM_GATE_BLOCK DCOY setup=move_strike prior_bar_ticks=4531 threshold=6000
[06:51:18 ET] [MOVE] FIRESTORM_GATE_BLOCK DCOY setup=move_strike prior_bar_ticks=4531 threshold=6000
[06:51:18 ET] [MOVE] FIRESTORM_GATE_BLOCK DCOY setup=move_strike prior_bar_ticks=4531 threshold=6000
[06:51:18 ET] [MOVE] FIRESTORM_GATE_BLOCK DCOY setup=move_strike prior_bar_ticks=4531 threshold=6000
[06:51:18 ET] [MOVE] FIRESTORM_GATE_BLOCK DCOY setup=move_strike prior_bar_ticks=4531 threshold=6000
[06:51:18 ET] [MOVE] FIRESTORM_GATE_BLOCK DCOY setup=move_strike prior_bar_ticks=4531 threshold=6000
[06:51:18 ET] [MOVE] FIRESTORM_GATE_BLOCK DCOY setup=move_strike prior_bar_ticks=4531 threshold=6000
[06:51:18 ET] [MOVE] FIRESTORM_GATE_BLOCK DCOY setup=move_strike prior_bar_ticks=4531 threshold=6000
[06:51:18 ET] [MOVE] FIRESTORM_GATE_BLOCK DCOY setup=move_strike prior_bar_ticks=4531 threshold=6000
[06:51:18 ET] [MOVE] FIRESTORM_GATE_BLOCK DCOY setup=move_strike prior_bar_ticks=4531 threshold=6000
[06:51:18 ET] [MOVE] FIRESTORM_GATE_BLOCK DCOY setup=move_strike prior_bar_ticks=4531 threshold=6000
[06:51:18 ET] [MOVE] FIRESTORM_GATE_BLOCK DCOY setup=move_strike prior_bar_ticks=4531 threshold=6000
[06:51:18 ET] [MOVE] FIRESTORM_GATE_BLOCK DCOY setup=move_strike prior_bar_ticks=4531 threshold=6000
[06:51:18 ET] [MOVE] FIRESTORM_GATE_BLOCK DCOY setup=move_strike prior_bar_ticks=4531 threshold=6000
[06:51:18 ET] [MOVE] FIRESTORM_GATE_BLOCK DCOY setup=move_strike prior_bar_ticks=4531 threshold=6000
[06:51:18 ET] [MOVE] FIRESTORM_GATE_BLOCK DCOY setup=move_strike prior_bar_ticks=4531 threshold=6000
[06:51:18 ET] [MOVE] FIRESTORM_GATE_BLOCK DCOY setup=move_strike prior_bar_ticks=4531 threshold=6000
[06:51:18 ET] [MOVE] FIRESTORM_GATE_BLOCK DCOY setup=move_strike prior_bar_ticks=4531 threshold=6000
[06:51:18 ET] [MOVE] FIRESTORM_GATE_BLOCK DCOY setup=move_strike prior_bar_ticks=4531 threshold=6000
[06:51:18 ET] [MOVE] FIRESTORM_GATE_BLOCK DCOY setup=move_strike prior_bar_ticks=4531 threshold=6000
[06:51:18 ET] [MOVE] FIRESTORM_GATE_BLOCK DCOY setup=move_strike prior_bar_ticks=4531 threshold=6000
[06:51:18 ET] [MOVE] FIRESTORM_GATE_BLOCK DCOY setup=move_strike prior_bar_ticks=4531 threshold=6000
[06:51:18 ET] [MOVE] FIRESTORM_GATE_BLOCK DCOY setup=move_strike prior_bar_ticks=4531 threshold=6000
[06:51:18 ET] [MOVE] FIRESTORM_GATE_BLOCK DCOY setup=move_strike prior_bar_ticks=4531 threshold=6000
[06:51:18 ET] [MOVE] FIRESTORM_GATE_BLOCK DCOY setup=move_strike prior_bar_ticks=4531 threshold=6000
[06:51:18 ET] [MOVE] FIRESTORM_GATE_BLOCK DCOY setup=move_strike prior_bar_ticks=4531 threshold=6000
[06:51:18 ET] [MOVE] FIRESTORM_GATE_BLOCK DCOY setup=move_strike prior_bar_ticks=4531 threshold=6000
[06:51:18 ET] [MOVE] FIRESTORM_GATE_BLOCK DCOY setup=move_strike prior_bar_ticks=4531 threshold=6000
[06:51:18 ET] [MOVE] FIRESTORM_GATE_BLOCK DCOY setup=move_strike prior_bar_ticks=4531 threshold=6000
[06:51:18 ET] [MOVE] FIRESTORM_GATE_BLOCK DCOY setup=move_strike prior_bar_ticks=4531 threshold=6000
[06:51:18 ET] [MOVE] FIRESTORM_GATE_BLOCK DCOY setup=move_strike prior_bar_ticks=4531 threshold=6000
[06:51:18 ET] [MOVE] FIRESTORM_GATE_BLOCK DCOY setup=move_strike prior_bar_ticks=4531 threshold=6000
[06:51:18 ET] [MOVE] FIRESTORM_GATE_BLOCK DCOY setup=move_strike prior_bar_ticks=4531 threshold=6000
[06:51:18 ET] [MOVE] FIRESTORM_GATE_BLOCK DCOY setup=move_strike prior_bar_ticks=4531 threshold=6000
[06:51:18 ET] [MOVE] FIRESTORM_GATE_BLOCK DCOY setup=move_strike prior_bar_ticks=4531 threshold=6000
[06:51:18 ET] [MOVE] FIRESTORM_GATE_BLOCK DCOY setup=move_strike prior_bar_ticks=4531 threshold=6000
[06:51:18 ET] [MOVE] FIRESTORM_GATE_BLOCK DCOY setup=move_strike prior_bar_ticks=4531 threshold=6000
[06:51:18 ET] [MOVE] FIRESTORM_GATE_BLOCK DCOY setup=move_strike prior_bar_ticks=4531 threshold=6000
[06:51:18 ET] [MOVE] FIRESTORM_GATE_BLOCK DCOY setup=move_strike prior_bar_ticks=4531 threshold=6000
[06:51:18 ET] [MOVE] FIRESTORM_GATE_BLOCK DCOY setup=move_strike prior_bar_ticks=4531 threshold=6000
[06:51:18 ET] [MOVE] FIRESTORM_GATE_BLOCK DCOY setup=move_strike prior_bar_ticks=4531 threshold=6000
[06:51:18 ET] [MOVE] FIRESTORM_GATE_BLOCK DCOY setup=move_strike prior_bar_ticks=4531 threshold=6000
[06:51:18 ET] [MOVE] FIRESTORM_GATE_BLOCK DCOY setup=move_strike prior_bar_ticks=4531 threshold=6000
[06:51:18 ET] [MOVE] FIRESTORM_GATE_BLOCK DCOY setup=move_strike prior_bar_ticks=4531 threshold=6000
[06:51:18 ET] [MOVE] FIRESTORM_GATE_BLOCK DCOY setup=move_strike prior_bar_ticks=4531 threshold=6000
[06:51:18 ET] [MOVE] FIRESTORM_GATE_BLOCK DCOY setup=move_strike prior_bar_ticks=4531 threshold=6000
[06:51:18 ET] [MOVE] FIRESTORM_GATE_BLOCK DCOY setup=move_strike prior_bar_ticks=4531 threshold=6000
[06:51:18 ET] [MOVE] FIRESTORM_GATE_BLOCK DCOY setup=move_strike prior_bar_ticks=4531 threshold=6000
[06:51:18 ET] [MOVE] FIRESTORM_GATE_BLOCK DCOY setup=move_strike prior_bar_ticks=4531 threshold=6000
[06:51:18 ET] [MOVE] FIRESTORM_GATE_BLOCK DCOY setup=move_strike prior_bar_ticks=4531 threshold=6000
[06:51:18 ET] [MOVE] FIRESTORM_GATE_BLOCK DCOY setup=move_strike prior_bar_ticks=4531 threshold=6000
[06:51:18 ET] [MOVE] FIRESTORM_GATE_BLOCK DCOY setup=move_strike prior_bar_ticks=4531 threshold=6000
[06:51:18 ET] [MOVE] FIRESTORM_GATE_BLOCK DCOY setup=move_strike prior_bar_ticks=4531 threshold=6000
[06:51:18 ET] [MOVE] FIRESTORM_GATE_BLOCK DCOY setup=move_strike prior_bar_ticks=4531 threshold=6000
[06:51:18 ET] [MOVE] FIRESTORM_GATE_BLOCK DCOY setup=move_strike prior_bar_ticks=4531 threshold=6000
[06:51:18 ET] [MOVE] FIRESTORM_GATE_BLOCK DCOY setup=move_strike prior_bar_ticks=4531 threshold=6000
[06:51:18 ET] [MOVE] FIRESTORM_GATE_BLOCK DCOY setup=move_strike prior_bar_ticks=4531 threshold=6000
[06:51:18 ET] [MOVE] FIRESTORM_GATE_BLOCK DCOY setup=move_strike prior_bar_ticks=4531 threshold=6000
[06:51:18 ET] [MOVE] FIRESTORM_GATE_BLOCK DCOY setup=move_strike prior_bar_ticks=4531 threshold=6000
[06:51:18 ET] [MOVE] FIRESTORM_GATE_BLOCK DCOY setup=move_strike prior_bar_ticks=4531 threshold=6000
[06:51:18 ET] [MOVE] FIRESTORM_GATE_BLOCK DCOY setup=move_strike prior_bar_ticks=4531 threshold=6000
[06:51:18 ET] [MOVE] FIRESTORM_GATE_BLOCK DCOY setup=move_strike prior_bar_ticks=4531 threshold=6000
[06:51:18 ET] [MOVE] FIRESTORM_GATE_BLOCK DCOY setup=move_strike prior_bar_ticks=4531 threshold=6000
[06:51:18 ET] [MOVE] FIRESTORM_GATE_BLOCK DCOY setup=move_strike prior_bar_ticks=4531 threshold=6000
[06:51:18 ET] [MOVE] FIRESTORM_GATE_BLOCK DCOY setup=move_strike prior_bar_ticks=4531 threshold=6000
[06:51:18 ET] [MOVE] FIRESTORM_GATE_BLOCK DCOY setup=move_strike prior_bar_ticks=4531 threshold=6000
[06:51:18 ET] [MOVE] FIRESTORM_GATE_BLOCK DCOY setup=move_strike prior_bar_ticks=4531 threshold=6000
[06:51:18 ET] [MOVE] FIRESTORM_GATE_BLOCK DCOY setup=move_strike prior_bar_ticks=4531 threshold=6000
[06:51:18 ET] [MOVE] FIRESTORM_GATE_BLOCK DCOY setup=move_strike prior_bar_ticks=4531 threshold=6000
[06:51:18 ET] [MOVE] FIRESTORM_GATE_BLOCK DCOY setup=move_strike prior_bar_ticks=4531 threshold=6000
[06:51:18 ET] [MOVE] FIRESTORM_GATE_BLOCK DCOY setup=move_strike prior_bar_ticks=4531 threshold=6000
[06:51:18 ET] [MOVE] FIRESTORM_GATE_BLOCK DCOY setup=move_strike prior_bar_ticks=4531 threshold=6000
[06:51:18 ET] [MOVE] FIRESTORM_GATE_BLOCK DCOY setup=move_strike prior_bar_ticks=4531 threshold=6000
[06:51:18 ET] [MOVE] FIRESTORM_GATE_BLOCK DCOY setup=move_strike prior_bar_ticks=4531 threshold=6000
[06:51:18 ET] [MOVE] FIRESTORM_GATE_BLOCK DCOY setup=move_strike prior_bar_ticks=4531 threshold=6000
[06:51:18 ET] [MOVE] FIRESTORM_GATE_BLOCK DCOY setup=move_strike prior_bar_ticks=4531 threshold=6000
[06:51:18 ET] [MOVE] FIRESTORM_GATE_BLOCK DCOY setup=move_strike prior_bar_ticks=4531 threshold=6000
[06:51:18 ET] [MOVE] FIRESTORM_GATE_BLOCK DCOY setup=move_strike prior_bar_ticks=4531 threshold=6000
[06:51:18 ET] [MOVE] FIRESTORM_GATE_BLOCK DCOY setup=move_strike prior_bar_ticks=4531 threshold=6000
[06:51:18 ET] [MOVE] FIRESTORM_GATE_BLOCK DCOY setup=move_strike prior_bar_ticks=4531 threshold=6000
[06:51:18 ET] [MOVE] FIRESTORM_GATE_BLOCK DCOY setup=move_strike prior_bar_ticks=4531 threshold=6000
[06:51:18 ET] [MOVE] FIRESTORM_GATE_BLOCK DCOY setup=move_strike prior_bar_ticks=4531 threshold=6000
[06:51:18 ET] [MOVE] FIRESTORM_GATE_BLOCK DCOY setup=move_strike prior_bar_ticks=4531 threshold=6000
[06:51:18 ET] [MOVE] FIRESTORM_GATE_BLOCK DCOY setup=move_strike prior_bar_ticks=4531 threshold=6000
[06:51:18 ET] [MOVE] FIRESTORM_GATE_BLOCK DCOY setup=move_strike prior_bar_ticks=4531 threshold=6000
[06:51:18 ET] [MOVE] FIRESTORM_GATE_BLOCK DCOY setup=move_strike prior_bar_ticks=4531 threshold=6000
[06:51:18 ET] [MOVE] FIRESTORM_GATE_BLOCK DCOY setup=move_strike prior_bar_ticks=4531 threshold=6000
[06:51:18 ET] [MOVE] FIRESTORM_GATE_BLOCK DCOY setup=move_strike prior_bar_ticks=4531 threshold=6000
[06:51:18 ET] [MOVE] FIRESTORM_GATE_BLOCK DCOY setup=move_strike prior_bar_ticks=4531 threshold=6000
[06:51:18 ET] [MOVE] FIRESTORM_GATE_BLOCK DCOY setup=move_strike prior_bar_ticks=4531 threshold=6000
[06:51:18 ET] [MOVE] FIRESTORM_GATE_BLOCK DCOY setup=move_strike prior_bar_ticks=4531 threshold=6000
[06:51:19 ET] [MOVE] FIRESTORM_GATE_BLOCK DCOY setup=move_strike prior_bar_ticks=4531 threshold=6000
[06:51:19 ET] [MOVE] FIRESTORM_GATE_BLOCK DCOY setup=move_strike prior_bar_ticks=4531 threshold=6000
[06:51:19 ET] [MOVE] FIRESTORM_GATE_BLOCK DCOY setup=move_strike prior_bar_ticks=4531 threshold=6000
[06:51:19 ET] [MOVE] FIRESTORM_GATE_BLOCK DCOY setup=move_strike prior_bar_ticks=4531 threshold=6000
[06:51:19 ET] [MOVE] FIRESTORM_GATE_BLOCK DCOY setup=move_strike prior_bar_ticks=4531 threshold=6000
[06:51:19 ET] [MOVE] FIRESTORM_GATE_BLOCK DCOY setup=move_strike prior_bar_ticks=4531 threshold=6000
[06:51:19 ET] [MOVE] FIRESTORM_GATE_BLOCK DCOY setup=move_strike prior_bar_ticks=4531 threshold=6000
[06:51:19 ET] [MOVE] FIRESTORM_GATE_BLOCK DCOY setup=move_strike prior_bar_ticks=4531 threshold=6000
[06:51:19 ET] [MOVE] FIRESTORM_GATE_BLOCK DCOY setup=move_strike prior_bar_ticks=4531 threshold=6000
[06:51:19 ET] [MOVE] FIRESTORM_GATE_BLOCK DCOY setup=move_strike prior_bar_ticks=4531 threshold=6000
[06:51:19 ET] [MOVE] FIRESTORM_GATE_BLOCK DCOY setup=move_strike prior_bar_ticks=4531 threshold=6000
[06:51:19 ET] [MOVE] FIRESTORM_GATE_BLOCK DCOY setup=move_strike prior_bar_ticks=4531 threshold=6000
[06:51:19 ET] [MOVE] FIRESTORM_GATE_BLOCK DCOY setup=move_strike prior_bar_ticks=4531 threshold=6000
[06:51:19 ET] [MOVE] FIRESTORM_GATE_BLOCK DCOY setup=move_strike prior_bar_ticks=4531 threshold=6000
[06:51:19 ET] [MOVE] FIRESTORM_GATE_BLOCK DCOY setup=move_strike prior_bar_ticks=4531 threshold=6000
[06:51:19 ET] [MOVE] FIRESTORM_GATE_BLOCK DCOY setup=move_strike prior_bar_ticks=4531 threshold=6000
[06:51:19 ET] [MOVE] FIRESTORM_GATE_BLOCK DCOY setup=move_strike prior_bar_ticks=4531 threshold=6000
[06:51:19 ET] [MOVE] FIRESTORM_GATE_BLOCK DCOY setup=move_strike prior_bar_ticks=4531 threshold=6000
[06:51:20 ET] [MOVE] FIRESTORM_GATE_BLOCK DCOY setup=move_strike prior_bar_ticks=4531 threshold=6000
[06:51:20 ET] [MOVE] FIRESTORM_GATE_BLOCK DCOY setup=move_strike prior_bar_ticks=4531 threshold=6000
[06:51:20 ET] [MOVE] FIRESTORM_GATE_BLOCK DCOY setup=move_strike prior_bar_ticks=4531 threshold=6000
[06:51:20 ET] [MOVE] FIRESTORM_GATE_BLOCK DCOY setup=move_strike prior_bar_ticks=4531 threshold=6000
[06:51:20 ET] [MOVE] FIRESTORM_GATE_BLOCK DCOY setup=move_strike prior_bar_ticks=4531 threshold=6000
[06:51:20 ET] [MOVE] FIRESTORM_GATE_BLOCK DCOY setup=move_strike prior_bar_ticks=4531 threshold=6000
[06:51:20 ET] [MOVE] FIRESTORM_GATE_BLOCK DCOY setup=move_strike prior_bar_ticks=4531 threshold=6000
[06:51:20 ET] [MOVE] FIRESTORM_GATE_BLOCK DCOY setup=move_strike prior_bar_ticks=4531 threshold=6000
[06:51:20 ET] [MOVE] FIRESTORM_GATE_BLOCK DCOY setup=move_strike prior_bar_ticks=4531 threshold=6000
[06:51:20 ET] [MOVE] FIRESTORM_GATE_BLOCK DCOY setup=move_strike prior_bar_ticks=4531 threshold=6000
[06:51:20 ET] [MOVE] FIRESTORM_GATE_BLOCK DCOY setup=move_strike prior_bar_ticks=4531 threshold=6000
[06:51:20 ET] [MOVE] FIRESTORM_GATE_BLOCK DCOY setup=move_strike prior_bar_ticks=4531 threshold=6000
[06:51:20 ET] [MOVE] FIRESTORM_GATE_BLOCK DCOY setup=move_strike prior_bar_ticks=4531 threshold=6000
[06:51:20 ET] [MOVE] FIRESTORM_GATE_BLOCK DCOY setup=move_strike prior_bar_ticks=4531 threshold=6000
[06:51:20 ET] [MOVE] FIRESTORM_GATE_BLOCK DCOY setup=move_strike prior_bar_ticks=4531 threshold=6000
[06:51:20 ET] [MOVE] FIRESTORM_GATE_BLOCK DCOY setup=move_strike prior_bar_ticks=4531 threshold=6000
[06:51:20 ET] [MOVE] FIRESTORM_GATE_BLOCK DCOY setup=move_strike prior_bar_ticks=4531 threshold=6000
[06:51:20 ET] [MOVE] FIRESTORM_GATE_BLOCK DCOY setup=move_strike prior_bar_ticks=4531 threshold=6000
[06:51:20 ET] [MOVE] FIRESTORM_GATE_BLOCK DCOY setup=move_strike prior_bar_ticks=4531 threshold=6000
[06:51:20 ET] [MOVE] FIRESTORM_GATE_BLOCK DCOY setup=move_strike prior_bar_ticks=4531 threshold=6000
[06:51:20 ET] [MOVE] FIRESTORM_GATE_BLOCK DCOY setup=move_strike prior_bar_ticks=4531 threshold=6000
[06:51:20 ET] [MOVE] FIRESTORM_GATE_BLOCK DCOY setup=move_strike prior_bar_ticks=4531 threshold=6000
[06:51:21 ET] [MOVE] FIRESTORM_GATE_BLOCK DCOY setup=move_strike prior_bar_ticks=4531 threshold=6000
[06:51:21 ET] [MOVE] FIRESTORM_GATE_BLOCK DCOY setup=move_strike prior_bar_ticks=4531 threshold=6000
[06:51:21 ET] [MOVE] FIRESTORM_GATE_BLOCK DCOY setup=move_strike prior_bar_ticks=4531 threshold=6000
[06:51:21 ET] [MOVE] FIRESTORM_GATE_BLOCK DCOY setup=move_strike prior_bar_ticks=4531 threshold=6000
[06:51:21 ET] [MOVE] FIRESTORM_GATE_BLOCK DCOY setup=move_strike prior_bar_ticks=4531 threshold=6000
[06:51:21 ET] [MOVE] FIRESTORM_GATE_BLOCK DCOY setup=move_strike prior_bar_ticks=4531 threshold=6000
[06:51:21 ET] [MOVE] FIRESTORM_GATE_BLOCK DCOY setup=move_strike prior_bar_ticks=4531 threshold=6000
[06:51:21 ET] [MOVE] FIRESTORM_GATE_BLOCK DCOY setup=move_strike prior_bar_ticks=4531 threshold=6000
[06:51:21 ET] [MOVE] FIRESTORM_GATE_BLOCK DCOY setup=move_strike prior_bar_ticks=4531 threshold=6000
[06:51:21 ET] [MOVE] FIRESTORM_GATE_BLOCK DCOY setup=move_strike prior_bar_ticks=4531 threshold=6000
[06:51:21 ET] [MOVE] FIRESTORM_GATE_BLOCK DCOY setup=move_strike prior_bar_ticks=4531 threshold=6000
[06:51:21 ET] [MOVE] FIRESTORM_GATE_BLOCK DCOY setup=move_strike prior_bar_ticks=4531 threshold=6000
[06:51:21 ET] [MOVE] FIRESTORM_GATE_BLOCK DCOY setup=move_strike prior_bar_ticks=4531 threshold=6000
[06:51:21 ET] [MOVE] FIRESTORM_GATE_BLOCK DCOY setup=move_strike prior_bar_ticks=4531 threshold=6000
[06:51:21 ET] [MOVE] FIRESTORM_GATE_BLOCK DCOY setup=move_strike prior_bar_ticks=4531 threshold=6000
[06:51:21 ET] [MOVE] FIRESTORM_GATE_BLOCK DCOY setup=move_strike prior_bar_ticks=4531 threshold=6000
[06:51:21 ET] [MOVE] FIRESTORM_GATE_BLOCK DCOY setup=move_strike prior_bar_ticks=4531 threshold=6000
[06:51:21 ET] [MOVE] FIRESTORM_GATE_BLOCK DCOY setup=move_strike prior_bar_ticks=4531 threshold=6000
[06:51:21 ET] [MOVE] FIRESTORM_GATE_BLOCK DCOY setup=move_strike prior_bar_ticks=4531 threshold=6000
[06:51:21 ET] [MOVE] FIRESTORM_GATE_BLOCK DCOY setup=move_strike prior_bar_ticks=4531 threshold=6000
[06:51:21 ET] [MOVE] FIRESTORM_GATE_BLOCK DCOY setup=move_strike prior_bar_ticks=4531 threshold=6000
[06:51:21 ET] [MOVE] FIRESTORM_GATE_BLOCK DCOY setup=move_strike prior_bar_ticks=4531 threshold=6000
[06:51:21 ET] [MOVE] FIRESTORM_GATE_BLOCK DCOY setup=move_strike prior_bar_ticks=4531 threshold=6000
[06:51:21 ET] [MOVE] FIRESTORM_GATE_BLOCK DCOY setup=move_strike prior_bar_ticks=4531 threshold=6000
[06:51:21 ET] [MOVE] FIRESTORM_GATE_BLOCK DCOY setup=move_strike prior_bar_ticks=4531 threshold=6000
[06:51:21 ET] [MOVE] FIRESTORM_GATE_BLOCK DCOY setup=move_strike prior_bar_ticks=4531 threshold=6000
[06:51:21 ET] [MOVE] FIRESTORM_GATE_BLOCK DCOY setup=move_strike prior_bar_ticks=4531 threshold=6000
[06:51:21 ET] [MOVE] FIRESTORM_GATE_BLOCK DCOY setup=move_strike prior_bar_ticks=4531 threshold=6000
[06:51:21 ET] [MOVE] FIRESTORM_GATE_BLOCK DCOY setup=move_strike prior_bar_ticks=4531 threshold=6000
[06:51:21 ET] [MOVE] FIRESTORM_GATE_BLOCK DCOY setup=move_strike prior_bar_ticks=4531 threshold=6000
[06:51:21 ET] [MOVE] FIRESTORM_GATE_BLOCK DCOY setup=move_strike prior_bar_ticks=4531 threshold=6000
[06:51:21 ET] [MOVE] FIRESTORM_GATE_BLOCK DCOY setup=move_strike prior_bar_ticks=4531 threshold=6000
[06:51:21 ET] [MOVE] FIRESTORM_GATE_BLOCK DCOY setup=move_strike prior_bar_ticks=4531 threshold=6000
[06:51:21 ET] [MOVE] FIRESTORM_GATE_BLOCK DCOY setup=move_strike prior_bar_ticks=4531 threshold=6000
[06:51:21 ET] [MOVE] FIRESTORM_GATE_BLOCK DCOY setup=move_strike prior_bar_ticks=4531 threshold=6000
[06:51:21 ET] [MOVE] FIRESTORM_GATE_BLOCK DCOY setup=move_strike prior_bar_ticks=4531 threshold=6000
[06:51:21 ET] [MOVE] FIRESTORM_GATE_BLOCK DCOY setup=move_strike prior_bar_ticks=4531 threshold=6000
[06:51:21 ET] [MOVE] FIRESTORM_GATE_BLOCK DCOY setup=move_strike prior_bar_ticks=4531 threshold=6000
[06:51:21 ET] [MOVE] FIRESTORM_GATE_BLOCK DCOY setup=move_strike prior_bar_ticks=4531 threshold=6000
[06:51:21 ET] [MOVE] FIRESTORM_GATE_BLOCK DCOY setup=move_strike prior_bar_ticks=4531 threshold=6000
[06:51:21 ET] [MOVE] FIRESTORM_GATE_BLOCK DCOY setup=move_strike prior_bar_ticks=4531 threshold=6000
[06:51:21 ET] [MOVE] FIRESTORM_GATE_BLOCK DCOY setup=move_strike prior_bar_ticks=4531 threshold=6000
[06:51:21 ET] [MOVE] FIRESTORM_GATE_BLOCK DCOY setup=move_strike prior_bar_ticks=4531 threshold=6000
[06:51:21 ET] [MOVE] FIRESTORM_GATE_BLOCK DCOY setup=move_strike prior_bar_ticks=4531 threshold=6000
[06:51:21 ET] [MOVE] FIRESTORM_GATE_BLOCK DCOY setup=move_strike prior_bar_ticks=4531 threshold=6000
[06:51:21 ET] [MOVE] FIRESTORM_GATE_BLOCK DCOY setup=move_strike prior_bar_ticks=4531 threshold=6000
[06:51:21 ET] [MOVE] FIRESTORM_GATE_BLOCK DCOY setup=move_strike prior_bar_ticks=4531 threshold=6000
[06:51:21 ET] [MOVE] FIRESTORM_GATE_BLOCK DCOY setup=move_strike prior_bar_ticks=4531 threshold=6000
[06:51:21 ET] [MOVE] FIRESTORM_GATE_BLOCK DCOY setup=move_strike prior_bar_ticks=4531 threshold=6000
[06:51:21 ET] [MOVE] FIRESTORM_GATE_BLOCK DCOY setup=move_strike prior_bar_ticks=4531 threshold=6000
[06:51:21 ET] [MOVE] FIRESTORM_GATE_BLOCK DCOY setup=move_strike prior_bar_ticks=4531 threshold=6000
[06:51:21 ET] [MOVE] FIRESTORM_GATE_BLOCK DCOY setup=move_strike prior_bar_ticks=4531 threshold=6000
[06:51:21 ET] [MOVE] FIRESTORM_GATE_BLOCK DCOY setup=move_strike prior_bar_ticks=4531 threshold=6000
[06:51:21 ET] [MOVE] FIRESTORM_GATE_BLOCK DCOY setup=move_strike prior_bar_ticks=4531 threshold=6000
[06:51:21 ET] [MOVE] FIRESTORM_GATE_BLOCK DCOY setup=move_strike prior_bar_ticks=4531 threshold=6000
[06:51:21 ET] [MOVE] FIRESTORM_GATE_BLOCK DCOY setup=move_strike prior_bar_ticks=4531 threshold=6000
[06:51:21 ET] [MOVE] FIRESTORM_GATE_BLOCK DCOY setup=move_strike prior_bar_ticks=4531 threshold=6000
[06:51:21 ET] [MOVE] FIRESTORM_GATE_BLOCK DCOY setup=move_strike prior_bar_ticks=4531 threshold=6000
[06:51:21 ET] [MOVE] FIRESTORM_GATE_BLOCK DCOY setup=move_strike prior_bar_ticks=4531 threshold=6000
[06:51:21 ET] [MOVE] FIRESTORM_GATE_BLOCK DCOY setup=move_strike prior_bar_ticks=4531 threshold=6000
[06:51:21 ET] [MOVE] FIRESTORM_GATE_BLOCK DCOY setup=move_strike prior_bar_ticks=4531 threshold=6000
[06:51:21 ET] [MOVE] FIRESTORM_GATE_BLOCK DCOY setup=move_strike prior_bar_ticks=4531 threshold=6000
[06:51:21 ET] [MOVE] FIRESTORM_GATE_BLOCK DCOY setup=move_strike prior_bar_ticks=4531 threshold=6000
[06:51:21 ET] [MOVE] FIRESTORM_GATE_BLOCK DCOY setup=move_strike prior_bar_ticks=4531 threshold=6000
[06:51:21 ET] [MOVE] FIRESTORM_GATE_BLOCK DCOY setup=move_strike prior_bar_ticks=4531 threshold=6000
[06:51:21 ET] [MOVE] FIRESTORM_GATE_BLOCK DCOY setup=move_strike prior_bar_ticks=4531 threshold=6000
[06:51:21 ET] [MOVE] FIRESTORM_GATE_BLOCK DCOY setup=move_strike prior_bar_ticks=4531 threshold=6000
[06:51:21 ET] [MOVE] FIRESTORM_GATE_BLOCK DCOY setup=move_strike prior_bar_ticks=4531 threshold=6000
[06:51:21 ET] [MOVE] FIRESTORM_GATE_BLOCK DCOY setup=move_strike prior_bar_ticks=4531 threshold=6000
[06:51:21 ET] [MOVE] FIRESTORM_GATE_BLOCK DCOY setup=move_strike prior_bar_ticks=4531 threshold=6000
[06:51:21 ET] [MOVE] FIRESTORM_GATE_BLOCK DCOY setup=move_strike prior_bar_ticks=4531 threshold=6000
[06:51:21 ET] [MOVE] FIRESTORM_GATE_BLOCK DCOY setup=move_strike prior_bar_ticks=4531 threshold=6000
[06:51:21 ET] [MOVE] FIRESTORM_GATE_BLOCK DCOY setup=move_strike prior_bar_ticks=4531 threshold=6000
[06:51:21 ET] [MOVE] FIRESTORM_GATE_BLOCK DCOY setup=move_strike prior_bar_ticks=4531 threshold=6000
[06:51:21 ET] [MOVE] FIRESTORM_GATE_BLOCK DCOY setup=move_strike prior_bar_ticks=4531 threshold=6000
[06:51:21 ET] [MOVE] FIRESTORM_GATE_BLOCK DCOY setup=move_strike prior_bar_ticks=4531 threshold=6000
[06:51:21 ET] [MOVE] FIRESTORM_GATE_BLOCK DCOY setup=move_strike prior_bar_ticks=4531 threshold=6000
[06:51:21 ET] [MOVE] FIRESTORM_GATE_BLOCK DCOY setup=move_strike prior_bar_ticks=4531 threshold=6000
[06:51:21 ET] [MOVE] FIRESTORM_GATE_BLOCK DCOY setup=move_strike prior_bar_ticks=4531 threshold=6000
[06:51:21 ET] [MOVE] FIRESTORM_GATE_BLOCK DCOY setup=move_strike prior_bar_ticks=4531 threshold=6000
[06:51:21 ET] [MOVE] FIRESTORM_GATE_BLOCK DCOY setup=move_strike prior_bar_ticks=4531 threshold=6000
[06:51:21 ET] [MOVE] FIRESTORM_GATE_BLOCK DCOY setup=move_strike prior_bar_ticks=4531 threshold=6000
[06:51:21 ET] [MOVE] FIRESTORM_GATE_BLOCK DCOY setup=move_strike prior_bar_ticks=4531 threshold=6000
[06:51:21 ET] [MOVE] FIRESTORM_GATE_BLOCK DCOY setup=move_strike prior_bar_ticks=4531 threshold=6000
[06:51:21 ET] [MOVE] FIRESTORM_GATE_BLOCK DCOY setup=move_strike prior_bar_ticks=4531 threshold=6000
[06:51:21 ET] [MOVE] FIRESTORM_GATE_BLOCK DCOY setup=move_strike prior_bar_ticks=4531 threshold=6000
[06:51:21 ET] [MOVE] FIRESTORM_GATE_BLOCK DCOY setup=move_strike prior_bar_ticks=4531 threshold=6000
[06:51:21 ET] [MOVE] FIRESTORM_GATE_BLOCK DCOY setup=move_strike prior_bar_ticks=4531 threshold=6000
[06:51:21 ET] [MOVE] FIRESTORM_GATE_BLOCK DCOY setup=move_strike prior_bar_ticks=4531 threshold=6000
[06:51:21 ET] [MOVE] FIRESTORM_GATE_BLOCK DCOY setup=move_strike prior_bar_ticks=4531 threshold=6000
[06:51:21 ET] [MOVE] FIRESTORM_GATE_BLOCK DCOY setup=move_strike prior_bar_ticks=4531 threshold=6000
[06:51:21 ET] [MOVE] FIRESTORM_GATE_BLOCK DCOY setup=move_strike prior_bar_ticks=4531 threshold=6000
[06:51:21 ET] [MOVE] FIRESTORM_GATE_BLOCK DCOY setup=move_strike prior_bar_ticks=4531 threshold=6000
[06:51:21 ET] [MOVE] FIRESTORM_GATE_BLOCK DCOY setup=move_strike prior_bar_ticks=4531 threshold=6000
[06:51:21 ET] [MOVE] FIRESTORM_GATE_BLOCK DCOY setup=move_strike prior_bar_ticks=4531 threshold=6000
[06:51:21 ET] [MOVE] FIRESTORM_GATE_BLOCK DCOY setup=move_strike prior_bar_ticks=4531 threshold=6000
[06:51:21 ET] [MOVE] FIRESTORM_GATE_BLOCK DCOY setup=move_strike prior_bar_ticks=4531 threshold=6000
[06:51:21 ET] [MOVE] FIRESTORM_GATE_BLOCK DCOY setup=move_strike prior_bar_ticks=4531 threshold=6000
[06:51:21 ET] [MOVE] FIRESTORM_GATE_BLOCK DCOY setup=move_strike prior_bar_ticks=4531 threshold=6000
[06:51:21 ET] [MOVE] FIRESTORM_GATE_BLOCK DCOY setup=move_strike prior_bar_ticks=4531 threshold=6000
[06:51:21 ET] [MOVE] FIRESTORM_GATE_BLOCK DCOY setup=move_strike prior_bar_ticks=4531 threshold=6000
[06:51:21 ET] [MOVE] FIRESTORM_GATE_BLOCK DCOY setup=move_strike prior_bar_ticks=4531 threshold=6000
[06:51:21 ET] [MOVE] FIRESTORM_GATE_BLOCK DCOY setup=move_strike prior_bar_ticks=4531 threshold=6000
[06:51:22 ET] [MOVE] FIRESTORM_GATE_BLOCK DCOY setup=move_strike prior_bar_ticks=4531 threshold=6000
[ENGINE_PUB] STATS published=164,236 dropped=0 clients=2
[06:51:23 ET] [MOVE] FIRESTORM_GATE_BLOCK DCOY setup=move_strike prior_bar_ticks=4531 threshold=6000
[06:51:23 ET] [MOVE] FIRESTORM_GATE_BLOCK DCOY setup=move_strike prior_bar_ticks=4531 threshold=6000
[06:51:24 ET] [MOVE] FIRESTORM_GATE_BLOCK DCOY setup=move_strike prior_bar_ticks=4531 threshold=6000
[06:51:24 ET] [MOVE] FIRESTORM_GATE_BLOCK DCOY setup=move_strike prior_bar_ticks=4531 threshold=6000
[06:51:24 ET] [MOVE] FIRESTORM_GATE_BLOCK DCOY setup=move_strike prior_bar_ticks=4531 threshold=6000
[06:51:24 ET] [MOVE] FIRESTORM_GATE_BLOCK DCOY setup=move_strike prior_bar_ticks=4531 threshold=6000
[06:51:24 ET] [MOVE] FIRESTORM_GATE_BLOCK DCOY setup=move_strike prior_bar_ticks=4531 threshold=6000
[06:51:24 ET] [MOVE] FIRESTORM_GATE_BLOCK DCOY setup=move_strike prior_bar_ticks=4531 threshold=6000
[06:51:24 ET] [MOVE] FIRESTORM_GATE_BLOCK DCOY setup=move_strike prior_bar_ticks=4531 threshold=6000
[06:51:24 ET] [MOVE] FIRESTORM_GATE_BLOCK DCOY setup=move_strike prior_bar_ticks=4531 threshold=6000
[06:51:24 ET] [MOVE] FIRESTORM_GATE_BLOCK DCOY setup=move_strike prior_bar_ticks=4531 threshold=6000
[06:51:24 ET] [MOVE] FIRESTORM_GATE_BLOCK DCOY setup=move_strike prior_bar_ticks=4531 threshold=6000
[06:51:24 ET] [MOVE] FIRESTORM_GATE_BLOCK DCOY setup=move_strike prior_bar_ticks=4531 threshold=6000
[06:51:24 ET] [MOVE] FIRESTORM_GATE_BLOCK DCOY setup=move_strike prior_bar_ticks=4531 threshold=6000
[06:51:24 ET] [MOVE] FIRESTORM_GATE_BLOCK DCOY setup=move_strike prior_bar_ticks=4531 threshold=6000
[06:51:24 ET] [MOVE] FIRESTORM_GATE_BLOCK DCOY setup=move_strike prior_bar_ticks=4531 threshold=6000
[06:51:24 ET] [MOVE] FIRESTORM_GATE_BLOCK DCOY setup=move_strike prior_bar_ticks=4531 threshold=6000
  Saved: /Users/duffy/warrior_bot_v2/scanner_results/2026-06-29.json (34 snapshots)
📊 Scanner: 2 new candidates, 0 new subs, 2 total watching
[TIER] STATUS tier1=['DCOY', 'UPC'] tier2=0 capacity=2/5
SUBSCRIPTION_AUDIT {"ts":"2026-06-29T06:50:35.337007-04:00","sym":"UPC","tier":"tick_by_tick","obs_v_5m":56340,"median_v_5m":193991,"ratio_obs_to_median":0.2904,"truth_v_5m":36453,"ratio_obs_to_truth":1.5456,"status":"DIRECT_QUERY_OK","sub_age_sec":4806,"contract_exchange":"SMART","contract_primary":"NASDAQ"}
SUBSCRIPTION_AUDIT {"ts":"2026-06-29T06:50:35.337007-04:00","sym":"DCOY","tier":"tick_by_tick","obs_v_5m":263423,"median_v_5m":193991,"ratio_obs_to_median":1.3579,"truth_v_5m":151210,"ratio_obs_to_truth":1.7421,"status":"DIRECT_QUERY_OK","sub_age_sec":6609,"contract_exchange":"SMART","contract_primary":"NASDAQ"}
  TICK AUDIT: DCOY: 5164 ticks in last 60s, last_price=$15.22, last_tick_time=06:51:32
  TICK AUDIT: UPC: 244 ticks in last 60s, last_price=$8.49, last_tick_time=06:51:32
  → ORPHAN IGNORED (sync): FEBO on WB_ORPHAN_HALT_IGNORE_SYMBOLS — NOT adopting; bot keeps trading. Left at broker for manual handling.
  ⚠️ ORPHAN POSITION FOUND: FEBO qty=219 (available=219) entry=$1.12 unrealized=$-45.78 value=$198.78
  → ORPHAN IGNORED: FEBO on WB_ORPHAN_HALT_IGNORE_SYMBOLS — NOT adopting, NOT halting. Bot keeps trading other names; position left at broker for manual handling.
SUBSCRIPTION_AUDIT {"ts":"2026-06-29T06:51:33.591679-04:00","sym":"UPC","tier":"tick_by_tick","obs_v_5m":66677,"median_v_5m":193991,"ratio_obs_to_median":0.3437,"truth_v_5m":null,"ratio_obs_to_truth":null,"status":"OK","sub_age_sec":4864,"contract_exchange":"SMART","contract_primary":"NASDAQ"}
SUBSCRIPTION_AUDIT {"ts":"2026-06-29T06:51:33.591679-04:00","sym":"DCOY","tier":"tick_by_tick","obs_v_5m":321305,"median_v_5m":193991,"ratio_obs_to_median":1.6563,"truth_v_5m":null,"ratio_obs_to_truth":null,"status":"OK","sub_age_sec":6668,"contract_exchange":"SMART","contract_primary":"NASDAQ"}
  Tick cache: CBRG → +1 ticks (total 69)
  Tick cache: UPC → +172 ticks (total 85,528)
  Tick cache: DCOY → +4,176 ticks (total 180,475)
  Tick cache: LWLG → +1 ticks (total 22)
  Tick cache: LUNL → +2 ticks (total 13)
  Tick cache: ORCU → +3 ticks (total 64)
  Tick cache: SLS → +1 ticks (total 55)
  Tick cache: IRE → +2 ticks (total 52)
  Tick cache: RZLV → +2 ticks (total 31)
  Tick cache: SKYQ → +2 ticks (total 53)
  Tick cache: SPCU → +1 ticks (total 3)
  Tick cache: SPAX → +1 ticks (total 3)
📦 Tick cache saved: 12 symbols → tick_cache/2026-06-29/
[06:51:49 ET] [MOVE] FIRESTORM_GATE_BLOCK DCOY setup=move_strike prior_bar_ticks=4531 threshold=6000
[06:51:49 ET] [MOVE] FIRESTORM_GATE_BLOCK DCOY setup=move_strike prior_bar_ticks=4531 threshold=6000
[06:51:49 ET] [MOVE] FIRESTORM_GATE_BLOCK DCOY setup=move_strike prior_bar_ticks=4531 threshold=6000
[06:51:49 ET] [MOVE] FIRESTORM_GATE_BLOCK DCOY setup=move_strike prior_bar_ticks=4531 threshold=6000
[06:51:49 ET] [MOVE] FIRESTORM_GATE_BLOCK DCOY setup=move_strike prior_bar_ticks=4531 threshold=6000
[06:51:49 ET] [MOVE] FIRESTORM_GATE_BLOCK DCOY setup=move_strike prior_bar_ticks=4531 threshold=6000
[06:51:49 ET] [MOVE] FIRESTORM_GATE_BLOCK DCOY setup=move_strike prior_bar_ticks=4531 threshold=6000
[06:51:49 ET] [MOVE] FIRESTORM_GATE_BLOCK DCOY setup=move_strike prior_bar_ticks=4531 threshold=6000
[06:51:49 ET] [MOVE] FIRESTORM_GATE_BLOCK DCOY setup=move_strike prior_bar_ticks=4531 threshold=6000
[06:51:49 ET] [MOVE] FIRESTORM_GATE_BLOCK DCOY setup=move_strike prior_bar_ticks=4531 threshold=6000
[06:51:49 ET] [MOVE] FIRESTORM_GATE_BLOCK DCOY setup=move_strike prior_bar_ticks=4531 threshold=6000
[06:51:49 ET] [MOVE] FIRESTORM_GATE_BLOCK DCOY setup=move_strike prior_bar_ticks=4531 threshold=6000
[06:51:49 ET] [MOVE] FIRESTORM_GATE_BLOCK DCOY setup=move_strike prior_bar_ticks=4531 threshold=6000
[06:51:49 ET] [MOVE] FIRESTORM_GATE_BLOCK DCOY setup=move_strike prior_bar_ticks=4531 threshold=6000
[06:51:49 ET] [MOVE] FIRESTORM_GATE_BLOCK DCOY setup=move_strike prior_bar_ticks=4531 threshold=6000
[06:51:49 ET] [MOVE] FIRESTORM_GATE_BLOCK DCOY setup=move_strike prior_bar_ticks=4531 threshold=6000
[06:51:49 ET] [MOVE] FIRESTORM_GATE_BLOCK DCOY setup=move_strike prior_bar_ticks=4531 threshold=6000
[06:51:49 ET] [MOVE] FIRESTORM_GATE_BLOCK DCOY setup=move_strike prior_bar_ticks=4531 threshold=6000
[06:51:49 ET] [MOVE] FIRESTORM_GATE_BLOCK DCOY setup=move_strike prior_bar_ticks=4531 threshold=6000
[06:51:49 ET] [MOVE] FIRESTORM_GATE_BLOCK DCOY setup=move_strike prior_bar_ticks=4531 threshold=6000
[06:51:50 ET] [MOVE] FIRESTORM_GATE_BLOCK DCOY setup=move_strike prior_bar_ticks=4531 threshold=6000
[06:51:50 ET] [MOVE] FIRESTORM_GATE_BLOCK DCOY setup=move_strike prior_bar_ticks=4531 threshold=6000
[06:51:50 ET] [MOVE] FIRESTORM_GATE_BLOCK DCOY setup=move_strike prior_bar_ticks=4531 threshold=6000
[06:51:50 ET] [MOVE] FIRESTORM_GATE_BLOCK DCOY setup=move_strike prior_bar_ticks=4531 threshold=6000
[06:51:50 ET] [MOVE] FIRESTORM_GATE_BLOCK DCOY setup=move_strike prior_bar_ticks=4531 threshold=6000
[06:51:51 ET] [MOVE] FIRESTORM_GATE_BLOCK DCOY setup=move_strike prior_bar_ticks=4531 threshold=6000
[06:51:51 ET] [MOVE] FIRESTORM_GATE_BLOCK DCOY setup=move_strike prior_bar_ticks=4531 threshold=6000
[06:51:51 ET] [MOVE] FIRESTORM_GATE_BLOCK DCOY setup=move_strike prior_bar_ticks=4531 threshold=6000
[06:51:51 ET] [MOVE] FIRESTORM_GATE_BLOCK DCOY setup=move_strike prior_bar_ticks=4531 threshold=6000
[06:51:51 ET] [MOVE] FIRESTORM_GATE_BLOCK DCOY setup=move_strike prior_bar_ticks=4531 threshold=6000
[06:51:51 ET] [MOVE] FIRESTORM_GATE_BLOCK DCOY setup=move_strike prior_bar_ticks=4531 threshold=6000
[06:51:51 ET] [MOVE] FIRESTORM_GATE_BLOCK DCOY setup=move_strike prior_bar_ticks=4531 threshold=6000
[06:51:51 ET] [MOVE] FIRESTORM_GATE_BLOCK DCOY setup=move_strike prior_bar_ticks=4531 threshold=6000
[06:51:51 ET] [MOVE] FIRESTORM_GATE_BLOCK DCOY setup=move_strike prior_bar_ticks=4531 threshold=6000
[06:51:51 ET] [MOVE] FIRESTORM_GATE_BLOCK DCOY setup=move_strike prior_bar_ticks=4531 threshold=6000
[06:51:51 ET] [MOVE] FIRESTORM_GATE_BLOCK DCOY setup=move_strike prior_bar_ticks=4531 threshold=6000
[06:51:51 ET] [MOVE] FIRESTORM_GATE_BLOCK DCOY setup=move_strike prior_bar_ticks=4531 threshold=6000
[06:51:51 ET] [MOVE] FIRESTORM_GATE_BLOCK DCOY setup=move_strike prior_bar_ticks=4531 threshold=6000
[06:51:51 ET] [MOVE] FIRESTORM_GATE_BLOCK DCOY setup=move_strike prior_bar_ticks=4531 threshold=6000
[06:51:51 ET] [MOVE] FIRESTORM_GATE_BLOCK DCOY setup=move_strike prior_bar_ticks=4531 threshold=6000
[06:51:51 ET] [MOVE] FIRESTORM_GATE_BLOCK DCOY setup=move_strike prior_bar_ticks=4531 threshold=6000
[06:51:51 ET] [MOVE] FIRESTORM_GATE_BLOCK DCOY setup=move_strike prior_bar_ticks=4531 threshold=6000
[06:51:51 ET] [MOVE] FIRESTORM_GATE_BLOCK DCOY setup=move_strike prior_bar_ticks=4531 threshold=6000
[06:51:51 ET] [MOVE] FIRESTORM_GATE_BLOCK DCOY setup=move_strike prior_bar_ticks=4531 threshold=6000
[06:51:51 ET] [MOVE] FIRESTORM_GATE_BLOCK DCOY setup=move_strike prior_bar_ticks=4531 threshold=6000
[06:51:51 ET] [MOVE] FIRESTORM_GATE_BLOCK DCOY setup=move_strike prior_bar_ticks=4531 threshold=6000
[06:51:51 ET] [MOVE] FIRESTORM_GATE_BLOCK DCOY setup=move_strike prior_bar_ticks=4531 threshold=6000
[06:51:51 ET] [MOVE] FIRESTORM_GATE_BLOCK DCOY setup=move_strike prior_bar_ticks=4531 threshold=6000
[06:51:51 ET] [MOVE] FIRESTORM_GATE_BLOCK DCOY setup=move_strike prior_bar_ticks=4531 threshold=6000
[06:51:51 ET] [MOVE] FIRESTORM_GATE_BLOCK DCOY setup=move_strike prior_bar_ticks=4531 threshold=6000
[06:51:51 ET] [MOVE] FIRESTORM_GATE_BLOCK DCOY setup=move_strike prior_bar_ticks=4531 threshold=6000
[06:51:51 ET] [MOVE] FIRESTORM_GATE_BLOCK DCOY setup=move_strike prior_bar_ticks=4531 threshold=6000
[06:51:51 ET] [MOVE] FIRESTORM_GATE_BLOCK DCOY setup=move_strike prior_bar_ticks=4531 threshold=6000
[06:51:51 ET] [MOVE] FIRESTORM_GATE_BLOCK DCOY setup=move_strike prior_bar_ticks=4531 threshold=6000
[06:51:51 ET] [MOVE] FIRESTORM_GATE_BLOCK DCOY setup=move_strike prior_bar_ticks=4531 threshold=6000
[06:51:51 ET] [MOVE] FIRESTORM_GATE_BLOCK DCOY setup=move_strike prior_bar_ticks=4531 threshold=6000
[06:51:51 ET] [MOVE] FIRESTORM_GATE_BLOCK DCOY setup=move_strike prior_bar_ticks=4531 threshold=6000
[06:51:51 ET] [MOVE] FIRESTORM_GATE_BLOCK DCOY setup=move_strike prior_bar_ticks=4531 threshold=6000
[06:51:51 ET] [MOVE] FIRESTORM_GATE_BLOCK DCOY setup=move_strike prior_bar_ticks=4531 threshold=6000
[06:51:51 ET] [MOVE] FIRESTORM_GATE_BLOCK DCOY setup=move_strike prior_bar_ticks=4531 threshold=6000
[06:51:51 ET] [MOVE] FIRESTORM_GATE_BLOCK DCOY setup=move_strike prior_bar_ticks=4531 threshold=6000
[06:51:51 ET] [MOVE] FIRESTORM_GATE_BLOCK DCOY setup=move_strike prior_bar_ticks=4531 threshold=6000
[06:51:51 ET] [MOVE] FIRESTORM_GATE_BLOCK DCOY setup=move_strike prior_bar_ticks=4531 threshold=6000
[06:51:51 ET] [MOVE] FIRESTORM_GATE_BLOCK DCOY setup=move_strike prior_bar_ticks=4531 threshold=6000
[06:51:51 ET] [MOVE] FIRESTORM_GATE_BLOCK DCOY setup=move_strike prior_bar_ticks=4531 threshold=6000
[06:51:51 ET] [MOVE] FIRESTORM_GATE_BLOCK DCOY setup=move_strike prior_bar_ticks=4531 threshold=6000
[06:51:51 ET] [MOVE] FIRESTORM_GATE_BLOCK DCOY setup=move_strike prior_bar_ticks=4531 threshold=6000
[06:51:51 ET] [MOVE] FIRESTORM_GATE_BLOCK DCOY setup=move_strike prior_bar_ticks=4531 threshold=6000
[06:51:51 ET] [MOVE] FIRESTORM_GATE_BLOCK DCOY setup=move_strike prior_bar_ticks=4531 threshold=6000
[06:51:51 ET] [MOVE] FIRESTORM_GATE_BLOCK DCOY setup=move_strike prior_bar_ticks=4531 threshold=6000
[06:51:51 ET] [MOVE] FIRESTORM_GATE_BLOCK DCOY setup=move_strike prior_bar_ticks=4531 threshold=6000
[06:51:51 ET] [MOVE] FIRESTORM_GATE_BLOCK DCOY setup=move_strike prior_bar_ticks=4531 threshold=6000
[06:51:52 ET] [MOVE] FIRESTORM_GATE_BLOCK DCOY setup=move_strike prior_bar_ticks=4531 threshold=6000
[06:51:52 ET] [MOVE] FIRESTORM_GATE_BLOCK DCOY setup=move_strike prior_bar_ticks=4531 threshold=6000
[06:51:52 ET] [MOVE] FIRESTORM_GATE_BLOCK DCOY setup=move_strike prior_bar_ticks=4531 threshold=6000
[06:51:53 ET] [MOVE] FIRESTORM_GATE_BLOCK DCOY setup=move_strike prior_bar_ticks=4531 threshold=6000
[06:51:53 ET] [MOVE] FIRESTORM_GATE_BLOCK DCOY setup=move_strike prior_bar_ticks=4531 threshold=6000
[06:51:53 ET] [MOVE] FIRESTORM_GATE_BLOCK DCOY setup=move_strike prior_bar_ticks=4531 threshold=6000
[06:51:56 ET] [MOVE] FIRESTORM_GATE_BLOCK DCOY setup=move_strike prior_bar_ticks=4531 threshold=6000
[06:51:56 ET] [MOVE] FIRESTORM_GATE_BLOCK DCOY setup=move_strike prior_bar_ticks=4531 threshold=6000
[06:51:56 ET] [MOVE] FIRESTORM_GATE_BLOCK DCOY setup=move_strike prior_bar_ticks=4531 threshold=6000
[06:51:56 ET] [MOVE] FIRESTORM_GATE_BLOCK DCOY setup=move_strike prior_bar_ticks=4531 threshold=6000
[06:51:56 ET] [MOVE] FIRESTORM_GATE_BLOCK DCOY setup=move_strike prior_bar_ticks=4531 threshold=6000
[06:51:56 ET] [MOVE] FIRESTORM_GATE_BLOCK DCOY setup=move_strike prior_bar_ticks=4531 threshold=6000
[06:51:56 ET] [MOVE] FIRESTORM_GATE_BLOCK DCOY setup=move_strike prior_bar_ticks=4531 threshold=6000
[06:51:56 ET] [MOVE] FIRESTORM_GATE_BLOCK DCOY setup=move_strike prior_bar_ticks=4531 threshold=6000
[06:51:56 ET] [MOVE] FIRESTORM_GATE_BLOCK DCOY setup=move_strike prior_bar_ticks=4531 threshold=6000
[06:51:56 ET] [MOVE] FIRESTORM_GATE_BLOCK DCOY setup=move_strike prior_bar_ticks=4531 threshold=6000
[06:51:56 ET] [MOVE] FIRESTORM_GATE_BLOCK DCOY setup=move_strike prior_bar_ticks=4531 threshold=6000
[06:51:56 ET] [MOVE] FIRESTORM_GATE_BLOCK DCOY setup=move_strike prior_bar_ticks=4531 threshold=6000
[06:51:56 ET] [MOVE] FIRESTORM_GATE_BLOCK DCOY setup=move_strike prior_bar_ticks=4531 threshold=6000
[06:51:56 ET] [MOVE] FIRESTORM_GATE_BLOCK DCOY setup=move_strike prior_bar_ticks=4531 threshold=6000
[06:51:56 ET] [MOVE] FIRESTORM_GATE_BLOCK DCOY setup=move_strike prior_bar_ticks=4531 threshold=6000
[06:51:56 ET] [MOVE] FIRESTORM_GATE_BLOCK DCOY setup=move_strike prior_bar_ticks=4531 threshold=6000
[06:51:56 ET] [MOVE] FIRESTORM_GATE_BLOCK DCOY setup=move_strike prior_bar_ticks=4531 threshold=6000
[06:51:56 ET] [MOVE] FIRESTORM_GATE_BLOCK DCOY setup=move_strike prior_bar_ticks=4531 threshold=6000
[06:51:56 ET] [MOVE] FIRESTORM_GATE_BLOCK DCOY setup=move_strike prior_bar_ticks=4531 threshold=6000
[06:51:57 ET] [MOVE] FIRESTORM_GATE_BLOCK DCOY setup=move_strike prior_bar_ticks=4531 threshold=6000
[06:51:57 ET] [MOVE] FIRESTORM_GATE_BLOCK DCOY setup=move_strike prior_bar_ticks=4531 threshold=6000
[06:51:57 ET] [MOVE] FIRESTORM_GATE_BLOCK DCOY setup=move_strike prior_bar_ticks=4531 threshold=6000
[06:51:57 ET] [MOVE] FIRESTORM_GATE_BLOCK DCOY setup=move_strike prior_bar_ticks=4531 threshold=6000
[06:51:57 ET] [MOVE] FIRESTORM_GATE_BLOCK DCOY setup=move_strike prior_bar_ticks=4531 threshold=6000
[06:51:57 ET] [MOVE] FIRESTORM_GATE_BLOCK DCOY setup=move_strike prior_bar_ticks=4531 threshold=6000
[06:51:57 ET] [MOVE] FIRESTORM_GATE_BLOCK DCOY setup=move_strike prior_bar_ticks=4531 threshold=6000
[06:51:57 ET] [MOVE] FIRESTORM_GATE_BLOCK DCOY setup=move_strike prior_bar_ticks=4531 threshold=6000
[06:51:57 ET] [MOVE] FIRESTORM_GATE_BLOCK DCOY setup=move_strike prior_bar_ticks=4531 threshold=6000
[06:51:57 ET] [MOVE] FIRESTORM_GATE_BLOCK DCOY setup=move_strike prior_bar_ticks=4531 threshold=6000
[06:51:57 ET] [MOVE] FIRESTORM_GATE_BLOCK DCOY setup=move_strike prior_bar_ticks=4531 threshold=6000
[06:51:57 ET] [MOVE] FIRESTORM_GATE_BLOCK DCOY setup=move_strike prior_bar_ticks=4531 threshold=6000
[06:51:57 ET] [MOVE] FIRESTORM_GATE_BLOCK DCOY setup=move_strike prior_bar_ticks=4531 threshold=6000
[06:51:57 ET] [MOVE] FIRESTORM_GATE_BLOCK DCOY setup=move_strike prior_bar_ticks=4531 threshold=6000
[06:51:57 ET] [MOVE] FIRESTORM_GATE_BLOCK DCOY setup=move_strike prior_bar_ticks=4531 threshold=6000
[06:51:57 ET] [MOVE] FIRESTORM_GATE_BLOCK DCOY setup=move_strike prior_bar_ticks=4531 threshold=6000
[06:51:57 ET] [MOVE] FIRESTORM_GATE_BLOCK DCOY setup=move_strike prior_bar_ticks=4531 threshold=6000
[06:51:57 ET] [MOVE] FIRESTORM_GATE_BLOCK DCOY setup=move_strike prior_bar_ticks=4531 threshold=6000
[06:51:57 ET] [MOVE] FIRESTORM_GATE_BLOCK DCOY setup=move_strike prior_bar_ticks=4531 threshold=6000
[06:51:57 ET] [MOVE] FIRESTORM_GATE_BLOCK DCOY setup=move_strike prior_bar_ticks=4531 threshold=6000
[06:51:57 ET] [MOVE] FIRESTORM_GATE_BLOCK DCOY setup=move_strike prior_bar_ticks=4531 threshold=6000
[06:51:57 ET] [MOVE] FIRESTORM_GATE_BLOCK DCOY setup=move_strike prior_bar_ticks=4531 threshold=6000
[06:51:57 ET] [MOVE] FIRESTORM_GATE_BLOCK DCOY setup=move_strike prior_bar_ticks=4531 threshold=6000
[06:51:57 ET] [MOVE] FIRESTORM_GATE_BLOCK DCOY setup=move_strike prior_bar_ticks=4531 threshold=6000
[06:51:57 ET] [MOVE] FIRESTORM_GATE_BLOCK DCOY setup=move_strike prior_bar_ticks=4531 threshold=6000
[06:51:57 ET] [MOVE] FIRESTORM_GATE_BLOCK DCOY setup=move_strike prior_bar_ticks=4531 threshold=6000
[06:51:57 ET] [MOVE] FIRESTORM_GATE_BLOCK DCOY setup=move_strike prior_bar_ticks=4531 threshold=6000
[06:51:57 ET] [MOVE] FIRESTORM_GATE_BLOCK DCOY setup=move_strike prior_bar_ticks=4531 threshold=6000
[06:51:57 ET] [MOVE] FIRESTORM_GATE_BLOCK DCOY setup=move_strike prior_bar_ticks=4531 threshold=6000
[06:51:57 ET] [MOVE] FIRESTORM_GATE_BLOCK DCOY setup=move_strike prior_bar_ticks=4531 threshold=6000
[06:51:57 ET] [MOVE] FIRESTORM_GATE_BLOCK DCOY setup=move_strike prior_bar_ticks=4531 threshold=6000
[06:51:57 ET] [MOVE] FIRESTORM_GATE_BLOCK DCOY setup=move_strike prior_bar_ticks=4531 threshold=6000
[06:51:57 ET] [MOVE] FIRESTORM_GATE_BLOCK DCOY setup=move_strike prior_bar_ticks=4531 threshold=6000
[06:51:57 ET] [MOVE] FIRESTORM_GATE_BLOCK DCOY setup=move_strike prior_bar_ticks=4531 threshold=6000
[06:51:57 ET] [MOVE] FIRESTORM_GATE_BLOCK DCOY setup=move_strike prior_bar_ticks=4531 threshold=6000
[06:51:57 ET] [MOVE] FIRESTORM_GATE_BLOCK DCOY setup=move_strike prior_bar_ticks=4531 threshold=6000
[06:51:57 ET] [MOVE] FIRESTORM_GATE_BLOCK DCOY setup=move_strike prior_bar_ticks=4531 threshold=6000
[06:51:57 ET] [MOVE] FIRESTORM_GATE_BLOCK DCOY setup=move_strike prior_bar_ticks=4531 threshold=6000
[06:51:57 ET] [MOVE] FIRESTORM_GATE_BLOCK DCOY setup=move_strike prior_bar_ticks=4531 threshold=6000
[06:51:57 ET] [MOVE] FIRESTORM_GATE_BLOCK DCOY setup=move_strike prior_bar_ticks=4531 threshold=6000
[06:51:57 ET] [MOVE] FIRESTORM_GATE_BLOCK DCOY setup=move_strike prior_bar_ticks=4531 threshold=6000
[06:51:57 ET] [MOVE] FIRESTORM_GATE_BLOCK DCOY setup=move_strike prior_bar_ticks=4531 threshold=6000
[06:51:57 ET] [MOVE] FIRESTORM_GATE_BLOCK DCOY setup=move_strike prior_bar_ticks=4531 threshold=6000
[06:51:58 ET] [MOVE] FIRESTORM_GATE_BLOCK DCOY setup=move_strike prior_bar_ticks=4531 threshold=6000
[06:51:58 ET] [MOVE] FIRESTORM_GATE_BLOCK DCOY setup=move_strike prior_bar_ticks=4531 threshold=6000
[06:51:58 ET] [MOVE] FIRESTORM_GATE_BLOCK DCOY setup=move_strike prior_bar_ticks=4531 threshold=6000
[06:51:58 ET] [MOVE] FIRESTORM_GATE_BLOCK DCOY setup=move_strike prior_bar_ticks=4531 threshold=6000
[06:51:58 ET] [MOVE] FIRESTORM_GATE_BLOCK DCOY setup=move_strike prior_bar_ticks=4531 threshold=6000
[06:51:58 ET] [MOVE] FIRESTORM_GATE_BLOCK DCOY setup=move_strike prior_bar_ticks=4531 threshold=6000
[06:51:58 ET] [MOVE] FIRESTORM_GATE_BLOCK DCOY setup=move_strike prior_bar_ticks=4531 threshold=6000
[06:51:58 ET] [MOVE] FIRESTORM_GATE_BLOCK DCOY setup=move_strike prior_bar_ticks=4531 threshold=6000
[06:51:58 ET] [MOVE] FIRESTORM_GATE_BLOCK DCOY setup=move_strike prior_bar_ticks=4531 threshold=6000
[06:51:58 ET] [MOVE] FIRESTORM_GATE_BLOCK DCOY setup=move_strike prior_bar_ticks=4531 threshold=6000
[06:51:58 ET] [MOVE] FIRESTORM_GATE_BLOCK DCOY setup=move_strike prior_bar_ticks=4531 threshold=6000
[06:51:58 ET] [MOVE] FIRESTORM_GATE_BLOCK DCOY setup=move_strike prior_bar_ticks=4531 threshold=6000
[06:51:58 ET] [MOVE] FIRESTORM_GATE_BLOCK DCOY setup=move_strike prior_bar_ticks=4531 threshold=6000
[06:51:58 ET] [MOVE] FIRESTORM_GATE_BLOCK DCOY setup=move_strike prior_bar_ticks=4531 threshold=6000
[06:51:58 ET] [MOVE] FIRESTORM_GATE_BLOCK DCOY setup=move_strike prior_bar_ticks=4531 threshold=6000
[06:51:58 ET] [MOVE] FIRESTORM_GATE_BLOCK DCOY setup=move_strike prior_bar_ticks=4531 threshold=6000
[06:51:58 ET] [MOVE] FIRESTORM_GATE_BLOCK DCOY setup=move_strike prior_bar_ticks=4531 threshold=6000
[06:51:58 ET] [MOVE] FIRESTORM_GATE_BLOCK DCOY setup=move_strike prior_bar_ticks=4531 threshold=6000
[06:51:58 ET] [MOVE] FIRESTORM_GATE_BLOCK DCOY setup=move_strike prior_bar_ticks=4531 threshold=6000
[06:51:58 ET] [MOVE] FIRESTORM_GATE_BLOCK DCOY setup=move_strike prior_bar_ticks=4531 threshold=6000
[06:51:58 ET] [MOVE] FIRESTORM_GATE_BLOCK DCOY setup=move_strike prior_bar_ticks=4531 threshold=6000
[06:51:58 ET] [MOVE] FIRESTORM_GATE_BLOCK DCOY setup=move_strike prior_bar_ticks=4531 threshold=6000
[06:51:58 ET] [MOVE] FIRESTORM_GATE_BLOCK DCOY setup=move_strike prior_bar_ticks=4531 threshold=6000
[06:51:58 ET] [MOVE] FIRESTORM_GATE_BLOCK DCOY setup=move_strike prior_bar_ticks=4531 threshold=6000
[06:51:58 ET] [MOVE] FIRESTORM_GATE_BLOCK DCOY setup=move_strike prior_bar_ticks=4531 threshold=6000
[06:51:58 ET] [MOVE] FIRESTORM_GATE_BLOCK DCOY setup=move_strike prior_bar_ticks=4531 threshold=6000
[06:51:58 ET] [MOVE] FIRESTORM_GATE_BLOCK DCOY setup=move_strike prior_bar_ticks=4531 threshold=6000
[06:51:58 ET] [MOVE] FIRESTORM_GATE_BLOCK DCOY setup=move_strike prior_bar_ticks=4531 threshold=6000
[06:51:58 ET] [MOVE] FIRESTORM_GATE_BLOCK DCOY setup=move_strike prior_bar_ticks=4531 threshold=6000
[06:51:58 ET] [MOVE] FIRESTORM_GATE_BLOCK DCOY setup=move_strike prior_bar_ticks=4531 threshold=6000
[06:51:58 ET] [MOVE] FIRESTORM_GATE_BLOCK DCOY setup=move_strike prior_bar_ticks=4531 threshold=6000
[06:51:58 ET] [MOVE] FIRESTORM_GATE_BLOCK DCOY setup=move_strike prior_bar_ticks=4531 threshold=6000
[06:51:58 ET] [MOVE] FIRESTORM_GATE_BLOCK DCOY setup=move_strike prior_bar_ticks=4531 threshold=6000
[06:51:58 ET] [MOVE] FIRESTORM_GATE_BLOCK DCOY setup=move_strike prior_bar_ticks=4531 threshold=6000
[06:51:58 ET] [MOVE] FIRESTORM_GATE_BLOCK DCOY setup=move_strike prior_bar_ticks=4531 threshold=6000
[06:51:58 ET] [MOVE] FIRESTORM_GATE_BLOCK DCOY setup=move_strike prior_bar_ticks=4531 threshold=6000
[06:51:58 ET] [MOVE] FIRESTORM_GATE_BLOCK DCOY setup=move_strike prior_bar_ticks=4531 threshold=6000
[06:51:58 ET] [MOVE] FIRESTORM_GATE_BLOCK DCOY setup=move_strike prior_bar_ticks=4531 threshold=6000
[06:51:58 ET] [MOVE] FIRESTORM_GATE_BLOCK DCOY setup=move_strike prior_bar_ticks=4531 threshold=6000
[06:51:58 ET] [MOVE] FIRESTORM_GATE_BLOCK DCOY setup=move_strike prior_bar_ticks=4531 threshold=6000
[06:51:58 ET] [MOVE] FIRESTORM_GATE_BLOCK DCOY setup=move_strike prior_bar_ticks=4531 threshold=6000
[06:51:58 ET] [MOVE] FIRESTORM_GATE_BLOCK DCOY setup=move_strike prior_bar_ticks=4531 threshold=6000
[06:51:58 ET] [MOVE] FIRESTORM_GATE_BLOCK DCOY setup=move_strike prior_bar_ticks=4531 threshold=6000
[06:51:58 ET] [MOVE] FIRESTORM_GATE_BLOCK DCOY setup=move_strike prior_bar_ticks=4531 threshold=6000
[06:51:58 ET] [MOVE] FIRESTORM_GATE_BLOCK DCOY setup=move_strike prior_bar_ticks=4531 threshold=6000
[06:51:58 ET] [MOVE] FIRESTORM_GATE_BLOCK DCOY setup=move_strike prior_bar_ticks=4531 threshold=6000
[06:51:58 ET] [MOVE] FIRESTORM_GATE_BLOCK DCOY setup=move_strike prior_bar_ticks=4531 threshold=6000
[06:51:58 ET] [MOVE] FIRESTORM_GATE_BLOCK DCOY setup=move_strike prior_bar_ticks=4531 threshold=6000
[06:51:58 ET] [MOVE] FIRESTORM_GATE_BLOCK DCOY setup=move_strike prior_bar_ticks=4531 threshold=6000
[06:51:58 ET] [MOVE] FIRESTORM_GATE_BLOCK DCOY setup=move_strike prior_bar_ticks=4531 threshold=6000
[06:51:58 ET] [MOVE] FIRESTORM_GATE_BLOCK DCOY setup=move_strike prior_bar_ticks=4531 threshold=6000
[06:51:58 ET] [MOVE] FIRESTORM_GATE_BLOCK DCOY setup=move_strike prior_bar_ticks=4531 threshold=6000
[06:51:58 ET] [MOVE] FIRESTORM_GATE_BLOCK DCOY setup=move_strike prior_bar_ticks=4531 threshold=6000
[06:51:58 ET] [MOVE] FIRESTORM_GATE_BLOCK DCOY setup=move_strike prior_bar_ticks=4531 threshold=6000
[06:51:58 ET] [MOVE] FIRESTORM_GATE_BLOCK DCOY setup=move_strike prior_bar_ticks=4531 threshold=6000
[06:51:58 ET] [MOVE] FIRESTORM_GATE_BLOCK DCOY setup=move_strike prior_bar_ticks=4531 threshold=6000
[06:51:58 ET] [MOVE] FIRESTORM_GATE_BLOCK DCOY setup=move_strike prior_bar_ticks=4531 threshold=6000
[06:51:58 ET] [MOVE] FIRESTORM_GATE_BLOCK DCOY setup=move_strike prior_bar_ticks=4531 threshold=6000
[06:51:58 ET] [MOVE] FIRESTORM_GATE_BLOCK DCOY setup=move_strike prior_bar_ticks=4531 threshold=6000
[06:51:58 ET] [MOVE] FIRESTORM_GATE_BLOCK DCOY setup=move_strike prior_bar_ticks=4531 threshold=6000
[06:51:58 ET] [MOVE] FIRESTORM_GATE_BLOCK DCOY setup=move_strike prior_bar_ticks=4531 threshold=6000
[06:51:58 ET] [MOVE] FIRESTORM_GATE_BLOCK DCOY setup=move_strike prior_bar_ticks=4531 threshold=6000
[06:51:58 ET] [MOVE] FIRESTORM_GATE_BLOCK DCOY setup=move_strike prior_bar_ticks=4531 threshold=6000
[06:51:58 ET] [MOVE] FIRESTORM_GATE_BLOCK DCOY setup=move_strike prior_bar_ticks=4531 threshold=6000
[06:51:58 ET] [MOVE] FIRESTORM_GATE_BLOCK DCOY setup=move_strike prior_bar_ticks=4531 threshold=6000
[06:51:58 ET] [MOVE] FIRESTORM_GATE_BLOCK DCOY setup=move_strike prior_bar_ticks=4531 threshold=6000
[06:51:58 ET] [MOVE] FIRESTORM_GATE_BLOCK DCOY setup=move_strike prior_bar_ticks=4531 threshold=6000
[06:51:58 ET] [MOVE] FIRESTORM_GATE_BLOCK DCOY setup=move_strike prior_bar_ticks=4531 threshold=6000
[06:51:58 ET] [MOVE] FIRESTORM_GATE_BLOCK DCOY setup=move_strike prior_bar_ticks=4531 threshold=6000
[06:51:58 ET] [MOVE] FIRESTORM_GATE_BLOCK DCOY setup=move_strike prior_bar_ticks=4531 threshold=6000
[06:51:58 ET] [MOVE] FIRESTORM_GATE_BLOCK DCOY setup=move_strike prior_bar_ticks=4531 threshold=6000
[06:51:58 ET] [MOVE] FIRESTORM_GATE_BLOCK DCOY setup=move_strike prior_bar_ticks=4531 threshold=6000
[06:51:58 ET] [MOVE] FIRESTORM_GATE_BLOCK DCOY setup=move_strike prior_bar_ticks=4531 threshold=6000
[06:51:58 ET] [MOVE] FIRESTORM_GATE_BLOCK DCOY setup=move_strike prior_bar_ticks=4531 threshold=6000
[06:51:58 ET] [MOVE] FIRESTORM_GATE_BLOCK DCOY setup=move_strike prior_bar_ticks=4531 threshold=6000
[06:51:58 ET] [MOVE] FIRESTORM_GATE_BLOCK DCOY setup=move_strike prior_bar_ticks=4531 threshold=6000
[06:51:58 ET] [MOVE] FIRESTORM_GATE_BLOCK DCOY setup=move_strike prior_bar_ticks=4531 threshold=6000
[06:51:58 ET] [MOVE] FIRESTORM_GATE_BLOCK DCOY setup=move_strike prior_bar_ticks=4531 threshold=6000
[06:51:58 ET] [MOVE] FIRESTORM_GATE_BLOCK DCOY setup=move_strike prior_bar_ticks=4531 threshold=6000
[06:51:58 ET] [MOVE] FIRESTORM_GATE_BLOCK DCOY setup=move_strike prior_bar_ticks=4531 threshold=6000
[06:51:58 ET] [MOVE] FIRESTORM_GATE_BLOCK DCOY setup=move_strike prior_bar_ticks=4531 threshold=6000
[06:51:58 ET] [MOVE] FIRESTORM_GATE_BLOCK DCOY setup=move_strike prior_bar_ticks=4531 threshold=6000
[06:51:58 ET] [MOVE] FIRESTORM_GATE_BLOCK DCOY setup=move_strike prior_bar_ticks=4531 threshold=6000
[06:51:58 ET] [MOVE] FIRESTORM_GATE_BLOCK DCOY setup=move_strike prior_bar_ticks=4531 threshold=6000
[06:51:58 ET] [MOVE] FIRESTORM_GATE_BLOCK DCOY setup=move_strike prior_bar_ticks=4531 threshold=6000
[06:51:58 ET] [MOVE] FIRESTORM_GATE_BLOCK DCOY setup=move_strike prior_bar_ticks=4531 threshold=6000
[06:51:59 ET] [MOVE] FIRESTORM_GATE_BLOCK DCOY setup=move_strike prior_bar_ticks=4531 threshold=6000
[06:51:59 ET] [MOVE] FIRESTORM_GATE_BLOCK DCOY setup=move_strike prior_bar_ticks=4531 threshold=6000
[06:51:59 ET] [MOVE] FIRESTORM_GATE_BLOCK DCOY setup=move_strike prior_bar_ticks=4531 threshold=6000
[06:51:59 ET] [MOVE] FIRESTORM_GATE_BLOCK DCOY setup=move_strike prior_bar_ticks=4531 threshold=6000
[06:51:59 ET] [MOVE] FIRESTORM_GATE_BLOCK DCOY setup=move_strike prior_bar_ticks=4531 threshold=6000
[06:51:59 ET] [MOVE] FIRESTORM_GATE_BLOCK DCOY setup=move_strike prior_bar_ticks=4531 threshold=6000
[06:51:59 ET] [MOVE] FIRESTORM_GATE_BLOCK DCOY setup=move_strike prior_bar_ticks=4531 threshold=6000
[06:51:59 ET] [MOVE] FIRESTORM_GATE_BLOCK DCOY setup=move_strike prior_bar_ticks=4531 threshold=6000
[06:51:59 ET] [MOVE] FIRESTORM_GATE_BLOCK DCOY setup=move_strike prior_bar_ticks=4531 threshold=6000
[06:51:59 ET] [MOVE] FIRESTORM_GATE_BLOCK DCOY setup=move_strike prior_bar_ticks=4531 threshold=6000
[06:51:59 ET] [MOVE] FIRESTORM_GATE_BLOCK DCOY setup=move_strike prior_bar_ticks=4531 threshold=6000
[06:51:59 ET] [MOVE] FIRESTORM_GATE_BLOCK DCOY setup=move_strike prior_bar_ticks=4531 threshold=6000
[06:51:59 ET] [MOVE] FIRESTORM_GATE_BLOCK DCOY setup=move_strike prior_bar_ticks=4531 threshold=6000
[06:51:59 ET] [MOVE] FIRESTORM_GATE_BLOCK DCOY setup=move_strike prior_bar_ticks=4531 threshold=6000
[06:51:59 ET] [MOVE] FIRESTORM_GATE_BLOCK DCOY setup=move_strike prior_bar_ticks=4531 threshold=6000
[06:51:59 ET] [MOVE] FIRESTORM_GATE_BLOCK DCOY setup=move_strike prior_bar_ticks=4531 threshold=6000
[06:51:59 ET] [MOVE] FIRESTORM_GATE_BLOCK DCOY setup=move_strike prior_bar_ticks=4531 threshold=6000
[06:51:59 ET] [MOVE] FIRESTORM_GATE_BLOCK DCOY setup=move_strike prior_bar_ticks=4531 threshold=6000
[06:51:59 ET] [MOVE] FIRESTORM_GATE_BLOCK DCOY setup=move_strike prior_bar_ticks=4531 threshold=6000
[06:51:59 ET] [MOVE] FIRESTORM_GATE_BLOCK DCOY setup=move_strike prior_bar_ticks=4531 threshold=6000
[06:51:59 ET] [MOVE] FIRESTORM_GATE_BLOCK DCOY setup=move_strike prior_bar_ticks=4531 threshold=6000
[06:51:59 ET] [MOVE] FIRESTORM_GATE_BLOCK DCOY setup=move_strike prior_bar_ticks=4531 threshold=6000
[06:51:59 ET] [MOVE] FIRESTORM_GATE_BLOCK DCOY setup=move_strike prior_bar_ticks=4531 threshold=6000
[06:51:59 ET] [MOVE] FIRESTORM_GATE_BLOCK DCOY setup=move_strike prior_bar_ticks=4531 threshold=6000
[06:51:59 ET] [MOVE] FIRESTORM_GATE_BLOCK DCOY setup=move_strike prior_bar_ticks=4531 threshold=6000
[06:51:59 ET] [MOVE] FIRESTORM_GATE_BLOCK DCOY setup=move_strike prior_bar_ticks=4531 threshold=6000
[06:51:59 ET] [MOVE] FIRESTORM_GATE_BLOCK DCOY setup=move_strike prior_bar_ticks=4531 threshold=6000
[06:51:59 ET] [MOVE] FIRESTORM_GATE_BLOCK DCOY setup=move_strike prior_bar_ticks=4531 threshold=6000
[06:51:59 ET] [MOVE] FIRESTORM_GATE_BLOCK DCOY setup=move_strike prior_bar_ticks=4531 threshold=6000
[06:51:59 ET] [MOVE] FIRESTORM_GATE_BLOCK DCOY setup=move_strike prior_bar_ticks=4531 threshold=6000
[06:51:59 ET] [MOVE] FIRESTORM_GATE_BLOCK DCOY setup=move_strike prior_bar_ticks=4531 threshold=6000
[06:51:59 ET] [MOVE] FIRESTORM_GATE_BLOCK DCOY setup=move_strike prior_bar_ticks=4531 threshold=6000
[06:51:59 ET] [MOVE] FIRESTORM_GATE_BLOCK DCOY setup=move_strike prior_bar_ticks=4531 threshold=6000
[06:51:59 ET] [MOVE] FIRESTORM_GATE_BLOCK DCOY setup=move_strike prior_bar_ticks=4531 threshold=6000
[06:51:59 ET] [MOVE] FIRESTORM_GATE_BLOCK DCOY setup=move_strike prior_bar_ticks=4531 threshold=6000
[06:51:59 ET] [MOVE] FIRESTORM_GATE_BLOCK DCOY setup=move_strike prior_bar_ticks=4531 threshold=6000
[06:51:59 ET] [MOVE] FIRESTORM_GATE_BLOCK DCOY setup=move_strike prior_bar_ticks=4531 threshold=6000
[06:51:59 ET] [MOVE] FIRESTORM_GATE_BLOCK DCOY setup=move_strike prior_bar_ticks=4531 threshold=6000
[06:51:59 ET] [MOVE] FIRESTORM_GATE_BLOCK DCOY setup=move_strike prior_bar_ticks=4531 threshold=6000
[06:51:59 ET] [MOVE] FIRESTORM_GATE_BLOCK DCOY setup=move_strike prior_bar_ticks=4531 threshold=6000
[06:51:59 ET] [MOVE] FIRESTORM_GATE_BLOCK DCOY setup=move_strike prior_bar_ticks=4531 threshold=6000
[06:51:59 ET] [MOVE] FIRESTORM_GATE_BLOCK DCOY setup=move_strike prior_bar_ticks=4531 threshold=6000
[06:51:59 ET] [MOVE] FIRESTORM_GATE_BLOCK DCOY setup=move_strike prior_bar_ticks=4531 threshold=6000
[06:51:59 ET] [MOVE] FIRESTORM_GATE_BLOCK DCOY setup=move_strike prior_bar_ticks=4531 threshold=6000
[06:52:00 ET] ACTIVE | flat | daily=$+0 (0t) | conn=OK | ticks=3495 | DCOY:2163t/ARMED/arm$14.02 UPC:145t/ARMED/arm$10.02
[TIER] STATUS tier1=['DCOY', 'UPC'] tier2=0 capacity=2/5
[06:52:01 ET] ACTIVE | flat | daily=$+0 (0t) | conn=OK | ticks=3545 | DCOY:2188t/ARMED/arm$14.02 UPC:170t/ARMED/arm$10.02
  Tick cache: UPC → +177 ticks (total 85,705)
  Tick cache: DCOY → +3,106 ticks (total 183,581)
📦 Tick cache saved: 2 symbols → tick_cache/2026-06-29/
[ENGINE_PUB] STATS published=170,338 dropped=0 clients=2
[TIER] STATUS tier1=['DCOY', 'UPC'] tier2=0 capacity=2/5
  TICK AUDIT: DCOY: 5579 ticks in last 60s, last_price=$15.19, last_tick_time=06:52:32
  TICK AUDIT: UPC: 673 ticks in last 60s, last_price=$8.34, last_tick_time=06:52:32
  → ORPHAN IGNORED (sync): FEBO on WB_ORPHAN_HALT_IGNORE_SYMBOLS — NOT adopting; bot keeps trading. Left at broker for manual handling.
  ⚠️ ORPHAN POSITION FOUND: FEBO qty=219 (available=219) entry=$1.12 unrealized=$-45.78 value=$198.78
  → ORPHAN IGNORED: FEBO on WB_ORPHAN_HALT_IGNORE_SYMBOLS — NOT adopting, NOT halting. Bot keeps trading other names; position left at broker for manual handling.
SUBSCRIPTION_AUDIT {"ts":"2026-06-29T06:52:33.803760-04:00","sym":"UPC","tier":"tick_by_tick","obs_v_5m":67771,"median_v_5m":234255,"ratio_obs_to_median":0.2893,"truth_v_5m":null,"ratio_obs_to_truth":null,"status":"OK","sub_age_sec":4924,"contract_exchange":"SMART","contract_primary":"NASDAQ"}
SUBSCRIPTION_AUDIT {"ts":"2026-06-29T06:52:33.803760-04:00","sym":"DCOY","tier":"tick_by_tick","obs_v_5m":400739,"median_v_5m":234255,"ratio_obs_to_median":1.7107,"truth_v_5m":null,"ratio_obs_to_truth":null,"status":"OK","sub_age_sec":6728,"contract_exchange":"SMART","contract_primary":"NASDAQ"}
  Tick cache: DCOY → +2,557 ticks (total 186,138)
  Tick cache: UPC → +558 ticks (total 86,263)
📦 Tick cache saved: 2 symbols → tick_cache/2026-06-29/
[06:53:00 ET] ACTIVE | flat | daily=$+0 (0t) | conn=OK | ticks=3312 | DCOY:1664t/ARMED/arm$14.02 UPC:461t/ARMED/arm$10.02
[TIER] STATUS tier1=['DCOY', 'UPC'] tier2=0 capacity=2/5
[06:53:01 ET] ACTIVE | flat | daily=$+0 (0t) | conn=OK | ticks=3340 | DCOY:1687t/ARMED/arm$14.02 UPC:466t/ARMED/arm$10.02
  Tick cache: DCOY → +1,483 ticks (total 187,621)
  Tick cache: UPC → +526 ticks (total 86,789)
📦 Tick cache saved: 2 symbols → tick_cache/2026-06-29/
[ENGINE_PUB] STATS published=174,302 dropped=0 clients=2
[TIER] STATUS tier1=['DCOY', 'UPC'] tier2=0 capacity=2/5
  TICK AUDIT: DCOY: 2462 ticks in last 60s, last_price=$15.21, last_tick_time=06:53:32
  TICK AUDIT: UPC: 724 ticks in last 60s, last_price=$8.34, last_tick_time=06:53:32
  → ORPHAN IGNORED (sync): FEBO on WB_ORPHAN_HALT_IGNORE_SYMBOLS — NOT adopting; bot keeps trading. Left at broker for manual handling.
  ⚠️ ORPHAN POSITION FOUND: FEBO qty=219 (available=219) entry=$1.12 unrealized=$-45.78 value=$198.78
  → ORPHAN IGNORED: FEBO on WB_ORPHAN_HALT_IGNORE_SYMBOLS — NOT adopting, NOT halting. Bot keeps trading other names; position left at broker for manual handling.
SUBSCRIPTION_AUDIT {"ts":"2026-06-29T06:53:34.021221-04:00","sym":"UPC","tier":"tick_by_tick","obs_v_5m":90225,"median_v_5m":281771,"ratio_obs_to_median":0.3202,"truth_v_5m":null,"ratio_obs_to_truth":null,"status":"OK","sub_age_sec":4984,"contract_exchange":"SMART","contract_primary":"NASDAQ"}
SUBSCRIPTION_AUDIT {"ts":"2026-06-29T06:53:34.021221-04:00","sym":"DCOY","tier":"tick_by_tick","obs_v_5m":473318,"median_v_5m":281771,"ratio_obs_to_median":1.6798,"truth_v_5m":null,"ratio_obs_to_truth":null,"status":"OK","sub_age_sec":6788,"contract_exchange":"SMART","contract_primary":"NASDAQ"}
  Tick cache: DCOY → +768 ticks (total 188,389)
  Tick cache: UPC → +203 ticks (total 86,992)
📦 Tick cache saved: 2 symbols → tick_cache/2026-06-29/
[06:54:00 ET] ACTIVE | flat | daily=$+0 (0t) | conn=OK | ticks=1974 | DCOY:550t/ARMED/arm$14.02 UPC:237t/ARMED/arm$10.02
[06:54:01 ET] ACTIVE | flat | daily=$+0 (0t) | conn=OK | ticks=2004 | DCOY:580t/ARMED/arm$14.02 UPC:237t/ARMED/arm$10.02
[TIER] STATUS tier1=['DCOY', 'UPC'] tier2=0 capacity=2/5
[06:54:20 ET] [MOVE] FIRESTORM_GATE_BLOCK UPC setup=move_strike prior_bar_ticks=504 threshold=6000
[06:54:20 ET] [MOVE] FIRESTORM_GATE_BLOCK UPC setup=move_strike prior_bar_ticks=504 threshold=6000
[06:54:20 ET] [MOVE] FIRESTORM_GATE_BLOCK UPC setup=move_strike prior_bar_ticks=504 threshold=6000
[06:54:21 ET] [MOVE] FIRESTORM_GATE_BLOCK UPC setup=move_strike prior_bar_ticks=504 threshold=6000
[06:54:22 ET] [MOVE] FIRESTORM_GATE_BLOCK UPC setup=move_strike prior_bar_ticks=504 threshold=6000
[06:54:22 ET] [MOVE] FIRESTORM_GATE_BLOCK UPC setup=move_strike prior_bar_ticks=504 threshold=6000
[06:54:22 ET] [MOVE] FIRESTORM_GATE_BLOCK UPC setup=move_strike prior_bar_ticks=504 threshold=6000
[06:54:22 ET] [MOVE] FIRESTORM_GATE_BLOCK UPC setup=move_strike prior_bar_ticks=504 threshold=6000
[06:54:22 ET] [MOVE] FIRESTORM_GATE_BLOCK UPC setup=move_strike prior_bar_ticks=504 threshold=6000
[06:54:22 ET] [MOVE] FIRESTORM_GATE_BLOCK UPC setup=move_strike prior_bar_ticks=504 threshold=6000
[06:54:22 ET] [MOVE] FIRESTORM_GATE_BLOCK UPC setup=move_strike prior_bar_ticks=504 threshold=6000
[06:54:22 ET] [MOVE] FIRESTORM_GATE_BLOCK UPC setup=move_strike prior_bar_ticks=504 threshold=6000
[06:54:23 ET] [MOVE] FIRESTORM_GATE_BLOCK UPC setup=move_strike prior_bar_ticks=504 threshold=6000
[ENGINE_PUB] STATS published=176,883 dropped=0 clients=2
[06:54:23 ET] [MOVE] FIRESTORM_GATE_BLOCK UPC setup=move_strike prior_bar_ticks=504 threshold=6000
[06:54:23 ET] [MOVE] FIRESTORM_GATE_BLOCK UPC setup=move_strike prior_bar_ticks=504 threshold=6000
[06:54:24 ET] [MOVE] FIRESTORM_GATE_BLOCK UPC setup=move_strike prior_bar_ticks=504 threshold=6000
[06:54:24 ET] [MOVE] FIRESTORM_GATE_BLOCK UPC setup=move_strike prior_bar_ticks=504 threshold=6000
[06:54:24 ET] [MOVE] FIRESTORM_GATE_BLOCK UPC setup=move_strike prior_bar_ticks=504 threshold=6000
[06:54:24 ET] [MOVE] FIRESTORM_GATE_BLOCK UPC setup=move_strike prior_bar_ticks=504 threshold=6000
[06:54:24 ET] [MOVE] FIRESTORM_GATE_BLOCK UPC setup=move_strike prior_bar_ticks=504 threshold=6000
[06:54:24 ET] [MOVE] FIRESTORM_GATE_BLOCK UPC setup=move_strike prior_bar_ticks=504 threshold=6000
[06:54:24 ET] [MOVE] FIRESTORM_GATE_BLOCK UPC setup=move_strike prior_bar_ticks=504 threshold=6000
[06:54:24 ET] [MOVE] FIRESTORM_GATE_BLOCK UPC setup=move_strike prior_bar_ticks=504 threshold=6000
[06:54:25 ET] [MOVE] FIRESTORM_GATE_BLOCK UPC setup=move_strike prior_bar_ticks=504 threshold=6000
[06:54:25 ET] [MOVE] FIRESTORM_GATE_BLOCK UPC setup=move_strike prior_bar_ticks=504 threshold=6000
[06:54:25 ET] [MOVE] FIRESTORM_GATE_BLOCK UPC setup=move_strike prior_bar_ticks=504 threshold=6000
  Tick cache: DCOY → +1,500 ticks (total 189,889)
[06:54:25 ET] [MOVE] FIRESTORM_GATE_BLOCK UPC setup=move_strike prior_bar_ticks=504 threshold=6000
[06:54:25 ET] [MOVE] FIRESTORM_GATE_BLOCK UPC setup=move_strike prior_bar_ticks=504 threshold=6000
  Tick cache: UPC → +355 ticks (total 87,347)
📦 Tick cache saved: 2 symbols → tick_cache/2026-06-29/
[06:54:26 ET] [MOVE] FIRESTORM_GATE_BLOCK UPC setup=move_strike prior_bar_ticks=504 threshold=6000
[06:54:27 ET] [MOVE] FIRESTORM_GATE_BLOCK UPC setup=move_strike prior_bar_ticks=504 threshold=6000
[06:54:27 ET] [MOVE] FIRESTORM_GATE_BLOCK UPC setup=move_strike prior_bar_ticks=504 threshold=6000
[06:54:27 ET] [MOVE] FIRESTORM_GATE_BLOCK UPC setup=move_strike prior_bar_ticks=504 threshold=6000
[06:54:27 ET] [MOVE] FIRESTORM_GATE_BLOCK UPC setup=move_strike prior_bar_ticks=504 threshold=6000
[06:54:27 ET] [MOVE] FIRESTORM_GATE_BLOCK UPC setup=move_strike prior_bar_ticks=504 threshold=6000
[06:54:27 ET] [MOVE] FIRESTORM_GATE_BLOCK UPC setup=move_strike prior_bar_ticks=504 threshold=6000
[06:54:27 ET] [MOVE] FIRESTORM_GATE_BLOCK UPC setup=move_strike prior_bar_ticks=504 threshold=6000
[06:54:27 ET] [MOVE] FIRESTORM_GATE_BLOCK UPC setup=move_strike prior_bar_ticks=504 threshold=6000
[06:54:27 ET] [MOVE] FIRESTORM_GATE_BLOCK UPC setup=move_strike prior_bar_ticks=504 threshold=6000
[06:54:27 ET] [MOVE] FIRESTORM_GATE_BLOCK UPC setup=move_strike prior_bar_ticks=504 threshold=6000
[06:54:27 ET] [MOVE] FIRESTORM_GATE_BLOCK UPC setup=move_strike prior_bar_ticks=504 threshold=6000
[06:54:27 ET] [MOVE] FIRESTORM_GATE_BLOCK UPC setup=move_strike prior_bar_ticks=504 threshold=6000
[06:54:27 ET] [MOVE] FIRESTORM_GATE_BLOCK UPC setup=move_strike prior_bar_ticks=504 threshold=6000
[06:54:27 ET] [MOVE] FIRESTORM_GATE_BLOCK UPC setup=move_strike prior_bar_ticks=504 threshold=6000
[06:54:27 ET] [MOVE] FIRESTORM_GATE_BLOCK UPC setup=move_strike prior_bar_ticks=504 threshold=6000
[06:54:27 ET] [MOVE] FIRESTORM_GATE_BLOCK UPC setup=move_strike prior_bar_ticks=504 threshold=6000
[06:54:27 ET] [MOVE] FIRESTORM_GATE_BLOCK UPC setup=move_strike prior_bar_ticks=504 threshold=6000
[06:54:27 ET] [MOVE] FIRESTORM_GATE_BLOCK UPC setup=move_strike prior_bar_ticks=504 threshold=6000
[06:54:27 ET] [MOVE] FIRESTORM_GATE_BLOCK UPC setup=move_strike prior_bar_ticks=504 threshold=6000
[06:54:27 ET] [MOVE] FIRESTORM_GATE_BLOCK UPC setup=move_strike prior_bar_ticks=504 threshold=6000
[06:54:27 ET] [MOVE] FIRESTORM_GATE_BLOCK UPC setup=move_strike prior_bar_ticks=504 threshold=6000
[06:54:27 ET] [MOVE] FIRESTORM_GATE_BLOCK UPC setup=move_strike prior_bar_ticks=504 threshold=6000
[06:54:27 ET] [MOVE] FIRESTORM_GATE_BLOCK UPC setup=move_strike prior_bar_ticks=504 threshold=6000
[06:54:27 ET] [MOVE] FIRESTORM_GATE_BLOCK UPC setup=move_strike prior_bar_ticks=504 threshold=6000
[06:54:27 ET] [MOVE] FIRESTORM_GATE_BLOCK UPC setup=move_strike prior_bar_ticks=504 threshold=6000
[06:54:27 ET] [MOVE] FIRESTORM_GATE_BLOCK UPC setup=move_strike prior_bar_ticks=504 threshold=6000
[06:54:27 ET] [MOVE] FIRESTORM_GATE_BLOCK UPC setup=move_strike prior_bar_ticks=504 threshold=6000
[06:54:27 ET] [MOVE] FIRESTORM_GATE_BLOCK UPC setup=move_strike prior_bar_ticks=504 threshold=6000
[06:54:27 ET] [MOVE] FIRESTORM_GATE_BLOCK UPC setup=move_strike prior_bar_ticks=504 threshold=6000
[06:54:27 ET] [MOVE] FIRESTORM_GATE_BLOCK UPC setup=move_strike prior_bar_ticks=504 threshold=6000
[06:54:27 ET] [MOVE] FIRESTORM_GATE_BLOCK UPC setup=move_strike prior_bar_ticks=504 threshold=6000
[06:54:27 ET] [MOVE] FIRESTORM_GATE_BLOCK UPC setup=move_strike prior_bar_ticks=504 threshold=6000
[06:54:27 ET] [MOVE] FIRESTORM_GATE_BLOCK UPC setup=move_strike prior_bar_ticks=504 threshold=6000
[06:54:27 ET] [MOVE] FIRESTORM_GATE_BLOCK UPC setup=move_strike prior_bar_ticks=504 threshold=6000
[06:54:27 ET] [MOVE] FIRESTORM_GATE_BLOCK UPC setup=move_strike prior_bar_ticks=504 threshold=6000
[06:54:27 ET] [MOVE] FIRESTORM_GATE_BLOCK UPC setup=move_strike prior_bar_ticks=504 threshold=6000
[06:54:27 ET] [MOVE] FIRESTORM_GATE_BLOCK UPC setup=move_strike prior_bar_ticks=504 threshold=6000
[06:54:27 ET] [MOVE] FIRESTORM_GATE_BLOCK UPC setup=move_strike prior_bar_ticks=504 threshold=6000
[06:54:27 ET] [MOVE] FIRESTORM_GATE_BLOCK UPC setup=move_strike prior_bar_ticks=504 threshold=6000
[06:54:27 ET] [MOVE] FIRESTORM_GATE_BLOCK UPC setup=move_strike prior_bar_ticks=504 threshold=6000
[06:54:27 ET] [MOVE] FIRESTORM_GATE_BLOCK UPC setup=move_strike prior_bar_ticks=504 threshold=6000
[06:54:27 ET] [MOVE] FIRESTORM_GATE_BLOCK UPC setup=move_strike prior_bar_ticks=504 threshold=6000
[06:54:27 ET] [MOVE] FIRESTORM_GATE_BLOCK UPC setup=move_strike prior_bar_ticks=504 threshold=6000
[06:54:28 ET] [MOVE] FIRESTORM_GATE_BLOCK UPC setup=move_strike prior_bar_ticks=504 threshold=6000
[06:54:29 ET] [MOVE] FIRESTORM_GATE_BLOCK UPC setup=move_strike prior_bar_ticks=504 threshold=6000
[06:54:29 ET] [MOVE] FIRESTORM_GATE_BLOCK UPC setup=move_strike prior_bar_ticks=504 threshold=6000
[06:54:29 ET] [MOVE] FIRESTORM_GATE_BLOCK UPC setup=move_strike prior_bar_ticks=504 threshold=6000
[06:54:29 ET] [MOVE] FIRESTORM_GATE_BLOCK UPC setup=move_strike prior_bar_ticks=504 threshold=6000
[06:54:29 ET] [MOVE] FIRESTORM_GATE_BLOCK UPC setup=move_strike prior_bar_ticks=504 threshold=6000
[06:54:30 ET] [MOVE] FIRESTORM_GATE_BLOCK UPC setup=move_strike prior_bar_ticks=504 threshold=6000
[06:54:30 ET] [MOVE] FIRESTORM_GATE_BLOCK UPC setup=move_strike prior_bar_ticks=504 threshold=6000
[06:54:30 ET] [MOVE] FIRESTORM_GATE_BLOCK UPC setup=move_strike prior_bar_ticks=504 threshold=6000
[06:54:30 ET] [MOVE] FIRESTORM_GATE_BLOCK UPC setup=move_strike prior_bar_ticks=504 threshold=6000
[06:54:30 ET] [MOVE] FIRESTORM_GATE_BLOCK UPC setup=move_strike prior_bar_ticks=504 threshold=6000
[06:54:30 ET] [MOVE] FIRESTORM_GATE_BLOCK UPC setup=move_strike prior_bar_ticks=504 threshold=6000
[06:54:30 ET] [MOVE] FIRESTORM_GATE_BLOCK UPC setup=move_strike prior_bar_ticks=504 threshold=6000
[06:54:30 ET] [MOVE] FIRESTORM_GATE_BLOCK UPC setup=move_strike prior_bar_ticks=504 threshold=6000
[06:54:30 ET] [MOVE] FIRESTORM_GATE_BLOCK UPC setup=move_strike prior_bar_ticks=504 threshold=6000
[06:54:30 ET] [MOVE] FIRESTORM_GATE_BLOCK UPC setup=move_strike prior_bar_ticks=504 threshold=6000
[06:54:31 ET] [MOVE] FIRESTORM_GATE_BLOCK UPC setup=move_strike prior_bar_ticks=504 threshold=6000
[06:54:31 ET] [MOVE] FIRESTORM_GATE_BLOCK UPC setup=move_strike prior_bar_ticks=504 threshold=6000
[06:54:31 ET] [MOVE] FIRESTORM_GATE_BLOCK UPC setup=move_strike prior_bar_ticks=504 threshold=6000
[06:54:31 ET] [MOVE] FIRESTORM_GATE_BLOCK UPC setup=move_strike prior_bar_ticks=504 threshold=6000
[06:54:31 ET] [MOVE] FIRESTORM_GATE_BLOCK UPC setup=move_strike prior_bar_ticks=504 threshold=6000
[06:54:31 ET] [MOVE] FIRESTORM_GATE_BLOCK UPC setup=move_strike prior_bar_ticks=504 threshold=6000
[06:54:31 ET] [MOVE] FIRESTORM_GATE_BLOCK UPC setup=move_strike prior_bar_ticks=504 threshold=6000
[06:54:32 ET] [MOVE] FIRESTORM_GATE_BLOCK UPC setup=move_strike prior_bar_ticks=504 threshold=6000
[06:54:32 ET] [MOVE] FIRESTORM_GATE_BLOCK UPC setup=move_strike prior_bar_ticks=504 threshold=6000
[TIER] STATUS tier1=['DCOY', 'UPC'] tier2=0 capacity=2/5
[06:54:32 ET] [MOVE] FIRESTORM_GATE_BLOCK UPC setup=move_strike prior_bar_ticks=504 threshold=6000
[06:54:32 ET] [MOVE] FIRESTORM_GATE_BLOCK UPC setup=move_strike prior_bar_ticks=504 threshold=6000
[06:54:32 ET] [MOVE] FIRESTORM_GATE_BLOCK UPC setup=move_strike prior_bar_ticks=504 threshold=6000
[06:54:32 ET] [MOVE] FIRESTORM_GATE_BLOCK UPC setup=move_strike prior_bar_ticks=504 threshold=6000
  TICK AUDIT: DCOY: 2132 ticks in last 60s, last_price=$14.99, last_tick_time=06:54:32
  TICK AUDIT: UPC: 568 ticks in last 60s, last_price=$8.45, last_tick_time=06:54:32
  → ORPHAN IGNORED (sync): FEBO on WB_ORPHAN_HALT_IGNORE_SYMBOLS — NOT adopting; bot keeps trading. Left at broker for manual handling.
  ⚠️ ORPHAN POSITION FOUND: FEBO qty=219 (available=219) entry=$1.12 unrealized=$-45.78 value=$198.78
  → ORPHAN IGNORED: FEBO on WB_ORPHAN_HALT_IGNORE_SYMBOLS — NOT adopting, NOT halting. Bot keeps trading other names; position left at broker for manual handling.
SUBSCRIPTION_AUDIT {"ts":"2026-06-29T06:54:34.235916-04:00","sym":"UPC","tier":"tick_by_tick","obs_v_5m":109291,"median_v_5m":262310,"ratio_obs_to_median":0.4166,"truth_v_5m":null,"ratio_obs_to_truth":null,"status":"OK","sub_age_sec":5045,"contract_exchange":"SMART","contract_primary":"NASDAQ"}
SUBSCRIPTION_AUDIT {"ts":"2026-06-29T06:54:34.235916-04:00","sym":"DCOY","tier":"tick_by_tick","obs_v_5m":415329,"median_v_5m":262310,"ratio_obs_to_median":1.5834,"truth_v_5m":null,"ratio_obs_to_truth":null,"status":"OK","sub_age_sec":6848,"contract_exchange":"SMART","contract_primary":"NASDAQ"}
[06:54:43 ET] [MOVE] FIRESTORM_GATE_BLOCK UPC setup=move_strike prior_bar_ticks=504 threshold=6000
[06:54:43 ET] [MOVE] FIRESTORM_GATE_BLOCK UPC setup=move_strike prior_bar_ticks=504 threshold=6000
[06:54:43 ET] [MOVE] FIRESTORM_GATE_BLOCK UPC setup=move_strike prior_bar_ticks=504 threshold=6000
[06:54:44 ET] [MOVE] FIRESTORM_GATE_BLOCK UPC setup=move_strike prior_bar_ticks=504 threshold=6000
[06:54:44 ET] [MOVE] FIRESTORM_GATE_BLOCK UPC setup=move_strike prior_bar_ticks=504 threshold=6000
[06:54:45 ET] [MOVE] FIRESTORM_GATE_BLOCK UPC setup=move_strike prior_bar_ticks=504 threshold=6000
[06:54:47 ET] [MOVE] FIRESTORM_GATE_BLOCK UPC setup=move_strike prior_bar_ticks=504 threshold=6000
[06:54:50 ET] [MOVE] FIRESTORM_GATE_BLOCK UPC setup=move_strike prior_bar_ticks=504 threshold=6000
[06:54:50 ET] [MOVE] FIRESTORM_GATE_BLOCK UPC setup=move_strike prior_bar_ticks=504 threshold=6000
[06:54:50 ET] [MOVE] FIRESTORM_GATE_BLOCK UPC setup=move_strike prior_bar_ticks=504 threshold=6000
[06:54:50 ET] [MOVE] FIRESTORM_GATE_BLOCK UPC setup=move_strike prior_bar_ticks=504 threshold=6000
[06:54:50 ET] [MOVE] FIRESTORM_GATE_BLOCK UPC setup=move_strike prior_bar_ticks=504 threshold=6000
[06:54:50 ET] [MOVE] FIRESTORM_GATE_BLOCK UPC setup=move_strike prior_bar_ticks=504 threshold=6000
[06:54:50 ET] [MOVE] FIRESTORM_GATE_BLOCK UPC setup=move_strike prior_bar_ticks=504 threshold=6000
[06:54:50 ET] [MOVE] FIRESTORM_GATE_BLOCK UPC setup=move_strike prior_bar_ticks=504 threshold=6000
[06:54:50 ET] [MOVE] FIRESTORM_GATE_BLOCK UPC setup=move_strike prior_bar_ticks=504 threshold=6000
[06:54:50 ET] [MOVE] FIRESTORM_GATE_BLOCK UPC setup=move_strike prior_bar_ticks=504 threshold=6000
[06:54:51 ET] [MOVE] FIRESTORM_GATE_BLOCK UPC setup=move_strike prior_bar_ticks=504 threshold=6000
[06:54:51 ET] [MOVE] FIRESTORM_GATE_BLOCK UPC setup=move_strike prior_bar_ticks=504 threshold=6000
[06:54:51 ET] [MOVE] FIRESTORM_GATE_BLOCK UPC setup=move_strike prior_bar_ticks=504 threshold=6000
[06:54:52 ET] [MOVE] FIRESTORM_GATE_BLOCK UPC setup=move_strike prior_bar_ticks=504 threshold=6000
[06:54:53 ET] [MOVE] FIRESTORM_GATE_BLOCK UPC setup=move_strike prior_bar_ticks=504 threshold=6000
  Tick cache: UPC → +256 ticks (total 87,603)
[06:54:59 ET] [MOVE] FIRESTORM_GATE_BLOCK UPC setup=move_strike prior_bar_ticks=504 threshold=6000
  Tick cache: DCOY → +1,860 ticks (total 191,749)
📦 Tick cache saved: 2 symbols → tick_cache/2026-06-29/
[06:55 ET] DCOY CHART | O=15.11 H=15.20 L=14.38 C=14.74 V=69,162 | EMA9=14.66 VWAP=13.53 (+8.9%) HOD=17.81 PM_H=17.81 | MACD=N/A vol_ratio=2.1x avg_vol=33,624 bars=50 | sq=ARMED armed=$14.02
[06:55:00 ET] ACTIVE | flat | daily=$+0 (0t) | conn=OK | ticks=3062 | DCOY:1716t/ARMED/arm$14.02 UPC:159t/ARMED/arm$10.02
[06:55 ET] UPC CHART | O=8.35 H=8.57 L=8.33 C=8.45 V=16,699 | EMA9=8.51 VWAP=9.26 (-8.8%) HOD=10.98 PM_H=10.98 | MACD=N/A vol_ratio=1.3x avg_vol=12,741 bars=50 | sq=ARMED armed=$10.02
[06:55:01 ET] ACTIVE | flat | daily=$+0 (0t) | conn=OK | ticks=3071 | DCOY:1720t/ARMED/arm$14.02 UPC:164t/ARMED/arm$10.02
[TIER] STATUS tier1=['DCOY', 'UPC'] tier2=0 capacity=2/5
[ENGINE_PUB] STATS published=179,980 dropped=0 clients=2
  Tick cache: DCOY → +1,361 ticks (total 193,110)
[TIER] STATUS tier1=['DCOY', 'UPC'] tier2=0 capacity=2/5
  Tick cache: UPC → +164 ticks (total 87,767)
📦 Tick cache saved: 2 symbols → tick_cache/2026-06-29/
  TICK AUDIT: DCOY: 3087 ticks in last 60s, last_price=$14.67, last_tick_time=06:55:33
  TICK AUDIT: UPC: 313 ticks in last 60s, last_price=$8.45, last_tick_time=06:55:33
  → ORPHAN IGNORED (sync): FEBO on WB_ORPHAN_HALT_IGNORE_SYMBOLS — NOT adopting; bot keeps trading. Left at broker for manual handling.
  ⚠️ ORPHAN POSITION FOUND: FEBO qty=219 (available=219) entry=$1.12 unrealized=$-45.78 value=$198.78
  → ORPHAN IGNORED: FEBO on WB_ORPHAN_HALT_IGNORE_SYMBOLS — NOT adopting, NOT halting. Bot keeps trading other names; position left at broker for manual handling.
SUBSCRIPTION_AUDIT {"ts":"2026-06-29T06:55:34.452562-04:00","sym":"UPC","tier":"tick_by_tick","obs_v_5m":108065,"median_v_5m":251780,"ratio_obs_to_median":0.4292,"truth_v_5m":null,"ratio_obs_to_truth":null,"status":"OK","sub_age_sec":5105,"contract_exchange":"SMART","contract_primary":"NASDAQ"}
SUBSCRIPTION_AUDIT {"ts":"2026-06-29T06:55:34.452562-04:00","sym":"DCOY","tier":"tick_by_tick","obs_v_5m":395496,"median_v_5m":251780,"ratio_obs_to_median":1.5708,"truth_v_5m":null,"ratio_obs_to_truth":null,"status":"OK","sub_age_sec":6908,"contract_exchange":"SMART","contract_primary":"NASDAQ"}

🔄 Running scanner at 06:55:35 ET...
Error 162, reqId 138083: Historical Market Data Service error message:API scanner subscription cancelled: 138083
  [float_cache] Cleared 25 stale None entries — will re-attempt lookups
IBKR ERROR 162: Historical Market Data Service error message:API scanner subscription cancelled: 138083 (reqId=138083, symbol=?)
[06:55 ET] WNW CHART | O=4.02 H=4.02 L=4.02 C=4.02 V=600 | EMA9=none VWAP=3.97 (+1.3%) HOD=4.05 PM_H=4.05 | MACD=N/A vol_ratio=0.0x avg_vol=0 bars=0 | sq=N/A armed=none
[06:55 ET] AMSS CHART | O=2.35 H=2.35 L=2.35 C=2.35 V=1,500 | EMA9=none VWAP=2.33 (+0.7%) HOD=2.37 PM_H=2.37 | MACD=N/A vol_ratio=0.0x avg_vol=0 bars=0 | sq=N/A armed=none
[06:55 ET] WSHP CHART | O=9.18 H=9.18 L=9.18 C=9.18 V=200 | EMA9=none VWAP=9.16 (+0.2%) HOD=9.45 PM_H=9.45 | MACD=N/A vol_ratio=0.0x avg_vol=0 bars=0 | sq=N/A armed=none
[06:55 ET] QH CHART | O=6.15 H=6.15 L=6.15 C=6.15 V=600 | EMA9=none VWAP=6.70 (-8.2%) HOD=7.39 PM_H=7.39 | MACD=N/A vol_ratio=0.0x avg_vol=0 bars=0 | sq=N/A armed=none
[06:55 ET] CCXI CHART | O=15.30 H=15.30 L=15.30 C=15.30 V=1,600 | EMA9=none VWAP=15.51 (-1.3%) HOD=16.49 PM_H=16.49 | MACD=N/A vol_ratio=0.0x avg_vol=0 bars=0 | sq=N/A armed=none
[06:55 ET] STI CHART | O=13.65 H=13.65 L=13.65 C=13.65 V=200 | EMA9=none VWAP=14.32 (-4.7%) HOD=16.37 PM_H=16.37 | MACD=N/A vol_ratio=0.0x avg_vol=0 bars=0 | sq=N/A armed=none
  Tick cache: DCOY → +1,280 ticks (total 194,390)
  Tick cache: UPC → +174 ticks (total 87,941)
  Tick cache: WNW → +2 ticks (total 62)
  Tick cache: AMSS → +2 ticks (total 63)
  Tick cache: WSHP → +2 ticks (total 60)
  Tick cache: QH → +2 ticks (total 55)
  Tick cache: VRDN → +3 ticks (total 3)
  Tick cache: CCXI → +3 ticks (total 72)
  Tick cache: STI → +3 ticks (total 60)
  Tick cache: MBRX → +2 ticks (total 70)
📦 Tick cache saved: 10 symbols → tick_cache/2026-06-29/
[ENGINE_PUB] STATS published=183,799 dropped=0 clients=2
  Saved: /Users/duffy/warrior_bot_v2/scanner_results/2026-06-29.json (35 snapshots)
📊 Scanner: 2 new candidates, 0 new subs, 2 total watching
[TIER] STATUS tier1=['DCOY', 'UPC'] tier2=0 capacity=2/5
SUBSCRIPTION_AUDIT {"ts":"2026-06-29T06:55:35.456883-04:00","sym":"DCOY","tier":"tick_by_tick","obs_v_5m":395496,"median_v_5m":227186,"ratio_obs_to_median":1.7408,"truth_v_5m":153588,"ratio_obs_to_truth":2.575,"status":"DIRECT_QUERY_OK","sub_age_sec":6910,"contract_exchange":"SMART","contract_primary":"NASDAQ"}
SUBSCRIPTION_AUDIT {"ts":"2026-06-29T06:55:35.456883-04:00","sym":"UPC","tier":"tick_by_tick","obs_v_5m":108065,"median_v_5m":227186,"ratio_obs_to_median":0.4757,"truth_v_5m":52647,"ratio_obs_to_truth":2.0526,"status":"DIRECT_QUERY_OK","sub_age_sec":5106,"contract_exchange":"SMART","contract_primary":"NASDAQ"}
  TICK AUDIT: DCOY: 3424 ticks in last 60s, last_price=$15.05, last_tick_time=06:56:33
  TICK AUDIT: UPC: 322 ticks in last 60s, last_price=$8.39, last_tick_time=06:56:33
  → ORPHAN IGNORED (sync): FEBO on WB_ORPHAN_HALT_IGNORE_SYMBOLS — NOT adopting; bot keeps trading. Left at broker for manual handling.
  ⚠️ ORPHAN POSITION FOUND: FEBO qty=219 (available=219) entry=$1.12 unrealized=$-45.78 value=$198.78
  → ORPHAN IGNORED: FEBO on WB_ORPHAN_HALT_IGNORE_SYMBOLS — NOT adopting, NOT halting. Bot keeps trading other names; position left at broker for manual handling.
SUBSCRIPTION_AUDIT {"ts":"2026-06-29T06:56:35.028388-04:00","sym":"UPC","tier":"tick_by_tick","obs_v_5m":96904,"median_v_5m":227186,"ratio_obs_to_median":0.4265,"truth_v_5m":null,"ratio_obs_to_truth":null,"status":"OK","sub_age_sec":5165,"contract_exchange":"SMART","contract_primary":"NASDAQ"}
SUBSCRIPTION_AUDIT {"ts":"2026-06-29T06:56:35.028388-04:00","sym":"DCOY","tier":"tick_by_tick","obs_v_5m":357468,"median_v_5m":227186,"ratio_obs_to_median":1.5735,"truth_v_5m":null,"ratio_obs_to_truth":null,"status":"OK","sub_age_sec":6969,"contract_exchange":"SMART","contract_primary":"NASDAQ"}
  Tick cache: DCOY → +2,694 ticks (total 197,084)
  Tick cache: RDWU → +2 ticks (total 73)
  Tick cache: UPC → +160 ticks (total 88,101)
  Tick cache: CBRG → +3 ticks (total 72)
  Tick cache: LUNL → +1 ticks (total 14)
  Tick cache: ORCU → +2 ticks (total 66)
  Tick cache: IRE → +3 ticks (total 55)
  Tick cache: SLS → +1 ticks (total 56)
  Tick cache: LWLG → +2 ticks (total 24)
  Tick cache: RZLV → +1 ticks (total 32)
  Tick cache: SPCU → +2 ticks (total 5)
  Tick cache: UNCY → +1 ticks (total 12)
📦 Tick cache saved: 12 symbols → tick_cache/2026-06-29/
[06:57:00 ET] ACTIVE | flat | daily=$+0 (0t) | conn=OK | ticks=2630 | DCOY:1351t/ARMED/arm$14.02 UPC:55t/ARMED/arm$10.02
[06:57:01 ET] ACTIVE | flat | daily=$+0 (0t) | conn=OK | ticks=2678 | DCOY:1398t/ARMED/arm$14.02 UPC:56t/ARMED/arm$10.02
[TIER] STATUS tier1=['DCOY', 'UPC'] tier2=0 capacity=2/5
  Tick cache: DCOY → +1,212 ticks (total 198,296)
  Tick cache: UPC → +126 ticks (total 88,227)
📦 Tick cache saved: 2 symbols → tick_cache/2026-06-29/
[ENGINE_PUB] STATS published=186,926 dropped=0 clients=2
[TIER] STATUS tier1=['DCOY', 'UPC'] tier2=0 capacity=2/5
  TICK AUDIT: DCOY: 2426 ticks in last 60s, last_price=$15.06, last_tick_time=06:57:34
  TICK AUDIT: UPC: 186 ticks in last 60s, last_price=$8.48, last_tick_time=06:57:33
  → ORPHAN IGNORED (sync): FEBO on WB_ORPHAN_HALT_IGNORE_SYMBOLS — NOT adopting; bot keeps trading. Left at broker for manual handling.
  ⚠️ ORPHAN POSITION FOUND: FEBO qty=219 (available=219) entry=$1.12 unrealized=$-45.78 value=$198.78
  → ORPHAN IGNORED: FEBO on WB_ORPHAN_HALT_IGNORE_SYMBOLS — NOT adopting, NOT halting. Bot keeps trading other names; position left at broker for manual handling.
SUBSCRIPTION_AUDIT {"ts":"2026-06-29T06:57:35.237896-04:00","sym":"UPC","tier":"tick_by_tick","obs_v_5m":92970,"median_v_5m":207525,"ratio_obs_to_median":0.448,"truth_v_5m":null,"ratio_obs_to_truth":null,"status":"OK","sub_age_sec":5226,"contract_exchange":"SMART","contract_primary":"NASDAQ"}
SUBSCRIPTION_AUDIT {"ts":"2026-06-29T06:57:35.237896-04:00","sym":"DCOY","tier":"tick_by_tick","obs_v_5m":322080,"median_v_5m":207525,"ratio_obs_to_median":1.552,"truth_v_5m":null,"ratio_obs_to_truth":null,"status":"OK","sub_age_sec":7029,"contract_exchange":"SMART","contract_primary":"NASDAQ"}
  Tick cache: DCOY → +1,115 ticks (total 199,411)
  Tick cache: UPC → +109 ticks (total 88,336)
📦 Tick cache saved: 2 symbols → tick_cache/2026-06-29/
[06:57:48 ET] [MOVE] FIRESTORM_GATE_BLOCK UPC setup=move_strike prior_bar_ticks=255 threshold=6000
[06:57:49 ET] [MOVE] FIRESTORM_GATE_BLOCK UPC setup=move_strike prior_bar_ticks=255 threshold=6000
[06:57:49 ET] [MOVE] FIRESTORM_GATE_BLOCK UPC setup=move_strike prior_bar_ticks=255 threshold=6000
[06:57:49 ET] [MOVE] FIRESTORM_GATE_BLOCK UPC setup=move_strike prior_bar_ticks=255 threshold=6000
[06:57:49 ET] [MOVE] FIRESTORM_GATE_BLOCK UPC setup=move_strike prior_bar_ticks=255 threshold=6000
[06:57:49 ET] [MOVE] FIRESTORM_GATE_BLOCK UPC setup=move_strike prior_bar_ticks=255 threshold=6000
[06:57:49 ET] [MOVE] FIRESTORM_GATE_BLOCK UPC setup=move_strike prior_bar_ticks=255 threshold=6000
[06:57:49 ET] [MOVE] FIRESTORM_GATE_BLOCK UPC setup=move_strike prior_bar_ticks=255 threshold=6000
[06:57:49 ET] [MOVE] FIRESTORM_GATE_BLOCK UPC setup=move_strike prior_bar_ticks=255 threshold=6000
[06:57:49 ET] [MOVE] FIRESTORM_GATE_BLOCK UPC setup=move_strike prior_bar_ticks=255 threshold=6000
[06:57:49 ET] [MOVE] FIRESTORM_GATE_BLOCK UPC setup=move_strike prior_bar_ticks=255 threshold=6000
[06:57:49 ET] [MOVE] FIRESTORM_GATE_BLOCK UPC setup=move_strike prior_bar_ticks=255 threshold=6000
[06:57:49 ET] [MOVE] FIRESTORM_GATE_BLOCK UPC setup=move_strike prior_bar_ticks=255 threshold=6000
[06:57:49 ET] [MOVE] FIRESTORM_GATE_BLOCK UPC setup=move_strike prior_bar_ticks=255 threshold=6000
[06:57:49 ET] [MOVE] FIRESTORM_GATE_BLOCK UPC setup=move_strike prior_bar_ticks=255 threshold=6000
[06:57:49 ET] [MOVE] FIRESTORM_GATE_BLOCK UPC setup=move_strike prior_bar_ticks=255 threshold=6000
[06:57:49 ET] [MOVE] FIRESTORM_GATE_BLOCK UPC setup=move_strike prior_bar_ticks=255 threshold=6000
[06:57:49 ET] [MOVE] FIRESTORM_GATE_BLOCK UPC setup=move_strike prior_bar_ticks=255 threshold=6000
[06:57:49 ET] [MOVE] FIRESTORM_GATE_BLOCK UPC setup=move_strike prior_bar_ticks=255 threshold=6000
[06:57:49 ET] [MOVE] FIRESTORM_GATE_BLOCK UPC setup=move_strike prior_bar_ticks=255 threshold=6000
[06:57:49 ET] [MOVE] FIRESTORM_GATE_BLOCK UPC setup=move_strike prior_bar_ticks=255 threshold=6000
[06:57:49 ET] [MOVE] FIRESTORM_GATE_BLOCK UPC setup=move_strike prior_bar_ticks=255 threshold=6000
[06:57:49 ET] [MOVE] FIRESTORM_GATE_BLOCK UPC setup=move_strike prior_bar_ticks=255 threshold=6000
[06:57:49 ET] [MOVE] FIRESTORM_GATE_BLOCK UPC setup=move_strike prior_bar_ticks=255 threshold=6000
[06:57:49 ET] [MOVE] FIRESTORM_GATE_BLOCK UPC setup=move_strike prior_bar_ticks=255 threshold=6000
[06:57:49 ET] [MOVE] FIRESTORM_GATE_BLOCK UPC setup=move_strike prior_bar_ticks=255 threshold=6000
[06:57:49 ET] [MOVE] FIRESTORM_GATE_BLOCK UPC setup=move_strike prior_bar_ticks=255 threshold=6000
[06:57:49 ET] [MOVE] FIRESTORM_GATE_BLOCK UPC setup=move_strike prior_bar_ticks=255 threshold=6000
[06:57:49 ET] [MOVE] FIRESTORM_GATE_BLOCK UPC setup=move_strike prior_bar_ticks=255 threshold=6000
[06:57:49 ET] [MOVE] FIRESTORM_GATE_BLOCK UPC setup=move_strike prior_bar_ticks=255 threshold=6000
[06:57:49 ET] [MOVE] FIRESTORM_GATE_BLOCK UPC setup=move_strike prior_bar_ticks=255 threshold=6000
[06:57:49 ET] [MOVE] FIRESTORM_GATE_BLOCK UPC setup=move_strike prior_bar_ticks=255 threshold=6000
[06:57:49 ET] [MOVE] FIRESTORM_GATE_BLOCK UPC setup=move_strike prior_bar_ticks=255 threshold=6000
[06:57:49 ET] [MOVE] FIRESTORM_GATE_BLOCK UPC setup=move_strike prior_bar_ticks=255 threshold=6000
[06:57:49 ET] [MOVE] FIRESTORM_GATE_BLOCK UPC setup=move_strike prior_bar_ticks=255 threshold=6000
[06:57:50 ET] [MOVE] FIRESTORM_GATE_BLOCK UPC setup=move_strike prior_bar_ticks=255 threshold=6000
[06:57:50 ET] [MOVE] FIRESTORM_GATE_BLOCK UPC setup=move_strike prior_bar_ticks=255 threshold=6000
[06:57:50 ET] [MOVE] FIRESTORM_GATE_BLOCK UPC setup=move_strike prior_bar_ticks=255 threshold=6000
[06:57:50 ET] [MOVE] FIRESTORM_GATE_BLOCK UPC setup=move_strike prior_bar_ticks=255 threshold=6000
[06:57:51 ET] [MOVE] FIRESTORM_GATE_BLOCK UPC setup=move_strike prior_bar_ticks=255 threshold=6000
[06:57:51 ET] [MOVE] FIRESTORM_GATE_BLOCK UPC setup=move_strike prior_bar_ticks=255 threshold=6000
[06:57:52 ET] [MOVE] FIRESTORM_GATE_BLOCK UPC setup=move_strike prior_bar_ticks=255 threshold=6000
[06:57:52 ET] [MOVE] FIRESTORM_GATE_BLOCK UPC setup=move_strike prior_bar_ticks=255 threshold=6000
[06:57:52 ET] [MOVE] FIRESTORM_GATE_BLOCK UPC setup=move_strike prior_bar_ticks=255 threshold=6000
[06:57:53 ET] [MOVE] FIRESTORM_GATE_BLOCK UPC setup=move_strike prior_bar_ticks=255 threshold=6000
[06:57:53 ET] [MOVE] FIRESTORM_GATE_BLOCK UPC setup=move_strike prior_bar_ticks=255 threshold=6000
[06:57:53 ET] [MOVE] FIRESTORM_GATE_BLOCK UPC setup=move_strike prior_bar_ticks=255 threshold=6000
[06:57:53 ET] [MOVE] FIRESTORM_GATE_BLOCK UPC setup=move_strike prior_bar_ticks=255 threshold=6000
[06:57:53 ET] [MOVE] FIRESTORM_GATE_BLOCK UPC setup=move_strike prior_bar_ticks=255 threshold=6000
[06:57:54 ET] [MOVE] FIRESTORM_GATE_BLOCK UPC setup=move_strike prior_bar_ticks=255 threshold=6000
[06:57:54 ET] [MOVE] FIRESTORM_GATE_BLOCK UPC setup=move_strike prior_bar_ticks=255 threshold=6000
[06:57:54 ET] [MOVE] FIRESTORM_GATE_BLOCK UPC setup=move_strike prior_bar_ticks=255 threshold=6000
[06:57:54 ET] [MOVE] FIRESTORM_GATE_BLOCK UPC setup=move_strike prior_bar_ticks=255 threshold=6000
[06:57:54 ET] [MOVE] FIRESTORM_GATE_BLOCK UPC setup=move_strike prior_bar_ticks=255 threshold=6000
[06:57:54 ET] [MOVE] FIRESTORM_GATE_BLOCK UPC setup=move_strike prior_bar_ticks=255 threshold=6000
[06:57:54 ET] [MOVE] FIRESTORM_GATE_BLOCK UPC setup=move_strike prior_bar_ticks=255 threshold=6000
[06:57:54 ET] [MOVE] FIRESTORM_GATE_BLOCK UPC setup=move_strike prior_bar_ticks=255 threshold=6000
[06:57:54 ET] [MOVE] FIRESTORM_GATE_BLOCK UPC setup=move_strike prior_bar_ticks=255 threshold=6000
[06:57:55 ET] [MOVE] FIRESTORM_GATE_BLOCK UPC setup=move_strike prior_bar_ticks=255 threshold=6000
[06:57:55 ET] [MOVE] FIRESTORM_GATE_BLOCK UPC setup=move_strike prior_bar_ticks=255 threshold=6000
[06:57:55 ET] [MOVE] FIRESTORM_GATE_BLOCK UPC setup=move_strike prior_bar_ticks=255 threshold=6000
[06:57:55 ET] [MOVE] FIRESTORM_GATE_BLOCK UPC setup=move_strike prior_bar_ticks=255 threshold=6000
[06:57:55 ET] [MOVE] FIRESTORM_GATE_BLOCK UPC setup=move_strike prior_bar_ticks=255 threshold=6000
[06:57:55 ET] [MOVE] FIRESTORM_GATE_BLOCK UPC setup=move_strike prior_bar_ticks=255 threshold=6000
[06:57:56 ET] [MOVE] FIRESTORM_GATE_BLOCK UPC setup=move_strike prior_bar_ticks=255 threshold=6000
[06:57:56 ET] [MOVE] FIRESTORM_GATE_BLOCK UPC setup=move_strike prior_bar_ticks=255 threshold=6000
[06:57:56 ET] [MOVE] FIRESTORM_GATE_BLOCK UPC setup=move_strike prior_bar_ticks=255 threshold=6000
[06:57:56 ET] [MOVE] FIRESTORM_GATE_BLOCK UPC setup=move_strike prior_bar_ticks=255 threshold=6000
[06:57:56 ET] [MOVE] FIRESTORM_GATE_BLOCK UPC setup=move_strike prior_bar_ticks=255 threshold=6000
[TIER] STATUS tier1=['DCOY', 'UPC'] tier2=0 capacity=2/5

🛑 SHUTDOWN SIGNAL RECEIVED
  ⚠️ POSITION OPEN AT SHUTDOWN: FEBO qty=219 P&L=$-45.78
  *** POSITIONS LEFT OPEN — WILL NEED MANUAL MANAGEMENT ***
=== TRAP: cleanup at Mon Jun 29 04:58:06 MDT 2026 ===

🛑 SHUTDOWN SIGNAL RECEIVED
  ⚠️ POSITION OPEN AT SHUTDOWN: FEBO qty=219 P&L=$-45.78
  *** POSITIONS LEFT OPEN — WILL NEED MANUAL MANAGEMENT ***
