02:00:12  Alpaca gapper scanner: price $2.0-$20.0, gap>=5.0%, every 45s until 20:00 ET (feed=sip).
02:00:16  universe: 0 from IBKR scanner + 75 extra from Alpaca
02:00:17  Wrote 13 gappers (13 kept): ['IOTR', 'TVRD', 'BKYI', 'NVVE', 'BABU', 'SKYQ', 'ZTG', 'ELTX', 'BABX', 'KBAB', 'UCTX', 'COZX', 'SILO']
02:01:04  universe: 11 from IBKR scanner + 71 extra from Alpaca
02:01:06  Wrote 16 gappers (16 kept): ['IOTR', 'TVRD', 'BKYI', 'NVVE', 'RPGL', 'BABX', 'SKYQ', 'BABU', 'ZTG', 'ELTX', 'KBAB', 'UCTX', 'COZX', 'SUNE', 'SILO', 'MSTZ']
02:01:53  universe: 16 from IBKR scanner + 70 extra from Alpaca
02:01:54  Wrote 17 gappers (17 kept): ['BKYI', 'TVRD', 'NVVE', 'RPGL', 'IOTR', 'BABX', 'SKYQ', 'BABU', 'ZTG', 'ELTX', 'KBAB', 'UCTX', 'COZX', 'SILO', 'SUNE', 'RAM', 'MSTZ']
02:02:40  universe: 18 from IBKR scanner + 69 extra from Alpaca
02:02:41  Wrote 18 gappers (18 kept): ['NVVE', 'BKYI', 'IOTR', 'TVRD', 'RPGL', 'BABX', 'SUNE', 'SKYQ', 'BABU', 'ZTG', 'ELTX', 'KBAB', 'UCTX', 'COZX', 'SILO', 'AAOX', 'MSTZ', 'RAM']
02:03:28  universe: 27 from IBKR scanner + 68 extra from Alpaca
02:03:29  Wrote 20 gappers (20 kept): ['IOTR', 'RPGL', 'BKYI', 'TVRD', 'NVVE', 'SKYQ', 'BABX', 'KBAB', 'SUNE', 'ELTX', 'ZTG', 'BABU', 'UCTX', 'COZX', 'SILO', 'SNDG', 'MSTZ', 'ONDG', 'RAM', 'AAOX']
02:04:16  universe: 42 from IBKR scanner + 66 extra from Alpaca
02:04:17  Wrote 22 gappers (22 kept): ['RPGL', 'BKYI', 'IOTR', 'NVVE', 'TVRD', 'BABX', 'KBAB', 'SKYQ', 'ELTX', 'ZTG', 'BABU', 'SUNE', 'UCTX', 'IRE', 'COZX', 'SNDG', 'SILO', 'SMCX', 'ONDG', 'AAOX']
02:05:04  universe: 50 from IBKR scanner + 65 extra from Alpaca
02:05:05  Wrote 23 gappers (23 kept): ['TVRD', 'RPGL', 'NVVE', 'BKYI', 'IOTR', 'BABX', 'SKYQ', 'KBAB', 'ELTX', 'ZTG', 'BABU', 'UCTX', 'IRE', 'SNDG', 'SUNE', 'COZX', 'SMCX', 'AXTX', 'SILO', 'ONDG']
02:05:52  universe: 51 from IBKR scanner + 67 extra from Alpaca
02:05:54  Wrote 23 gappers (23 kept): ['RPGL', 'NVVE', 'BKYI', 'IOTR', 'TVRD', 'BABX', 'KBAB', 'SKYQ', 'ELTX', 'ZTG', 'BABU', 'UCTX', 'SNDG', 'IRE', 'AXTX', 'COZX', 'SUNE', 'SMCX', 'SILO', 'AAOX']
02:06:40  universe: 51 from IBKR scanner + 67 extra from Alpaca
02:06:42  Wrote 23 gappers (23 kept): ['NVVE', 'RPGL', 'BKYI', 'IOTR', 'TVRD', 'KBAB', 'SKYQ', 'ELTX', 'ZTG', 'BABU', 'BABX', 'UCTX', 'IRE', 'SNDG', 'AXTX', 'COZX', 'SMCX', 'SUNE', 'SILO', 'AAOX']
02:07:28  universe: 53 from IBKR scanner + 65 extra from Alpaca
02:07:30  Wrote 23 gappers (23 kept): ['NVVE', 'RPGL', 'BKYI', 'IOTR', 'TVRD', 'SKYQ', 'KBAB', 'ELTX', 'ZTG', 'BABU', 'BABX', 'UCTX', 'IRE', 'SNDG', 'AXTX', 'COZX', 'SMCX', 'SUNE', 'SILO', 'AAOX']
02:08:16  universe: 55 from IBKR scanner + 65 extra from Alpaca
02:08:18  Wrote 23 gappers (23 kept): ['RPGL', 'NVVE', 'BKYI', 'IOTR', 'TVRD', 'SKYQ', 'KBAB', 'ZTG', 'ELTX', 'BABU', 'BABX', 'UCTX', 'IRE', 'SNDG', 'AXTX', 'COZX', 'SUNE', 'SMCX', 'SILO', 'AAOX']
02:09:04  universe: 56 from IBKR scanner + 65 extra from Alpaca
02:09:05  Wrote 23 gappers (23 kept): ['RPGL', 'NVVE', 'BKYI', 'IOTR', 'TVRD', 'SKYQ', 'KBAB', 'ELTX', 'ZTG', 'BABU', 'BABX', 'UCTX', 'IRE', 'SNDG', 'AXTX', 'COZX', 'SUNE', 'SMCX', 'SILO', 'AAOX']
02:09:52  universe: 55 from IBKR scanner + 65 extra from Alpaca
02:09:54  Wrote 22 gappers (22 kept): ['NVVE', 'RPGL', 'BKYI', 'IOTR', 'TVRD', 'KBAB', 'SKYQ', 'ELTX', 'ZTG', 'BABU', 'BABX', 'UCTX', 'IRE', 'SNDG', 'AXTX', 'COZX', 'SUNE', 'SMCX', 'SILO', 'ONDG']
02:10:40  universe: 56 from IBKR scanner + 64 extra from Alpaca
02:10:42  Wrote 23 gappers (23 kept): ['NVVE', 'RPGL', 'BKYI', 'IOTR', 'TVRD', 'KBAB', 'SKYQ', 'ELTX', 'ZTG', 'BABU', 'BABX', 'UCTX', 'IRE', 'SNDG', 'SUNE', 'COZX', 'AXTX', 'SMCX', 'SILO', 'AAOX']
02:11:28  universe: 57 from IBKR scanner + 64 extra from Alpaca
02:11:30  Wrote 24 gappers (24 kept): ['NVVE', 'RPGL', 'BKYI', 'IOTR', 'TVRD', 'KBAB', 'SKYQ', 'ELTX', 'ZTG', 'BABU', 'BABX', 'UCTX', 'IRE', 'SNDG', 'COZX', 'SUNE', 'AXTX', 'SMCX', 'SILO', 'CBRG']
02:12:17  universe: 58 from IBKR scanner + 64 extra from Alpaca
02:12:18  Wrote 24 gappers (24 kept): ['NVVE', 'RPGL', 'BKYI', 'IOTR', 'TVRD', 'KBAB', 'SKYQ', 'ELTX', 'ZTG', 'BABU', 'BABX', 'UCTX', 'IRE', 'SNDG', 'COZX', 'SUNE', 'AXTX', 'SILO', 'SMCX', 'CBRG']
02:13:05  universe: 59 from IBKR scanner + 64 extra from Alpaca
02:13:06  Wrote 24 gappers (24 kept): ['RPGL', 'NVVE', 'BKYI', 'IOTR', 'TVRD', 'KBAB', 'SKYQ', 'ELTX', 'ZTG', 'BABU', 'BABX', 'UCTX', 'IRE', 'SUNE', 'SNDG', 'COZX', 'AXTX', 'SILO', 'SMCX', 'CBRG']
02:13:53  universe: 59 from IBKR scanner + 64 extra from Alpaca
02:13:54  Wrote 24 gappers (24 kept): ['RPGL', 'NVVE', 'BKYI', 'IOTR', 'TVRD', 'KBAB', 'SKYQ', 'ELTX', 'ZTG', 'BABU', 'BABX', 'UCTX', 'IRE', 'SNDG', 'COZX', 'SUNE', 'AXTX', 'SMCX', 'SILO', 'CBRG']
02:14:41  universe: 59 from IBKR scanner + 64 extra from Alpaca
02:14:42  Wrote 24 gappers (24 kept): ['RPGL', 'NVVE', 'BKYI', 'IOTR', 'TVRD', 'SKYQ', 'KBAB', 'ELTX', 'ZTG', 'BABX', 'BABU', 'UCTX', 'IRE', 'SNDG', 'COZX', 'AXTX', 'SUNE', 'SILO', 'SMCX', 'CBRG']
02:15:29  universe: 60 from IBKR scanner + 64 extra from Alpaca
02:15:30  Wrote 24 gappers (24 kept): ['RPGL', 'NVVE', 'BKYI', 'TVRD', 'IOTR', 'SKYQ', 'KBAB', 'ELTX', 'ZTG', 'BABX', 'BABU', 'UCTX', 'IRE', 'SNDG', 'COZX', 'AXTX', 'SUNE', 'SILO', 'SMCX', 'CBRG']
02:16:17  universe: 60 from IBKR scanner + 64 extra from Alpaca
02:16:19  Wrote 24 gappers (24 kept): ['RPGL', 'NVVE', 'BKYI', 'TVRD', 'IOTR', 'SKYQ', 'KBAB', 'ELTX', 'ZTG', 'BABU', 'BABX', 'UCTX', 'IRE', 'SNDG', 'COZX', 'AXTX', 'SUNE', 'SILO', 'SMCX', 'CBRG']
02:17:05  universe: 62 from IBKR scanner + 64 extra from Alpaca
02:17:07  Wrote 24 gappers (24 kept): ['NVVE', 'BKYI', 'RPGL', 'IOTR', 'TVRD', 'SKYQ', 'KBAB', 'ELTX', 'ZTG', 'BABU', 'BABX', 'UCTX', 'IRE', 'SNDG', 'COZX', 'AXTX', 'SMCX', 'SILO', 'SUNE', 'CBRG']
02:17:54  universe: 62 from IBKR scanner + 64 extra from Alpaca
02:17:55  Wrote 24 gappers (24 kept): ['NVVE', 'RPGL', 'BKYI', 'IOTR', 'TVRD', 'SKYQ', 'KBAB', 'ELTX', 'ZTG', 'BABU', 'BABX', 'UCTX', 'IRE', 'SNDG', 'AXTX', 'COZX', 'SUNE', 'SMCX', 'SILO', 'CBRG']
02:18:42  universe: 61 from IBKR scanner + 64 extra from Alpaca
02:18:43  Wrote 24 gappers (24 kept): ['NVVE', 'BKYI', 'RPGL', 'IOTR', 'TVRD', 'SKYQ', 'KBAB', 'ELTX', 'ZTG', 'BABU', 'BABX', 'UCTX', 'IRE', 'SNDG', 'COZX', 'AXTX', 'SUNE', 'SMCX', 'SILO', 'CBRG']
02:19:30  universe: 62 from IBKR scanner + 64 extra from Alpaca
02:19:31  Wrote 24 gappers (24 kept): ['NVVE', 'BKYI', 'RPGL', 'TVRD', 'IOTR', 'SKYQ', 'KBAB', 'ELTX', 'ZTG', 'BABU', 'BABX', 'UCTX', 'IRE', 'SNDG', 'COZX', 'AXTX', 'SUNE', 'SMCX', 'SILO', 'CBRG']
02:20:18  universe: 63 from IBKR scanner + 64 extra from Alpaca
02:20:20  Wrote 24 gappers (24 kept): ['NVVE', 'BKYI', 'RPGL', 'IOTR', 'TVRD', 'SKYQ', 'KBAB', 'ELTX', 'ZTG', 'BABU', 'BABX', 'UCTX', 'IRE', 'SNDG', 'COZX', 'AXTX', 'SUNE', 'SMCX', 'SILO', 'CBRG']
02:21:06  universe: 64 from IBKR scanner + 64 extra from Alpaca
02:21:08  Wrote 24 gappers (24 kept): ['RPGL', 'BKYI', 'NVVE', 'IOTR', 'TVRD', 'KBAB', 'SKYQ', 'ELTX', 'ZTG', 'BABU', 'BABX', 'UCTX', 'IRE', 'SNDG', 'COZX', 'AXTX', 'SUNE', 'SMCX', 'SILO', 'CBRG']
02:21:55  universe: 64 from IBKR scanner + 64 extra from Alpaca
02:21:56  Wrote 24 gappers (24 kept): ['RPGL', 'BKYI', 'NVVE', 'IOTR', 'TVRD', 'SKYQ', 'KBAB', 'ELTX', 'ZTG', 'BABU', 'BABX', 'UCTX', 'IRE', 'SNDG', 'COZX', 'AXTX', 'SUNE', 'SMCX', 'SILO', 'CBRG']
02:22:43  universe: 66 from IBKR scanner + 63 extra from Alpaca
02:22:44  Wrote 24 gappers (24 kept): ['RPGL', 'BKYI', 'NVVE', 'IOTR', 'TVRD', 'SKYQ', 'KBAB', 'ELTX', 'ZTG', 'BABU', 'BABX', 'UCTX', 'IRE', 'SNDG', 'COZX', 'SUNE', 'AXTX', 'SMCX', 'SILO', 'CBRG']
02:23:31  universe: 66 from IBKR scanner + 63 extra from Alpaca
02:23:32  Wrote 24 gappers (24 kept): ['RPGL', 'BKYI', 'NVVE', 'TVRD', 'IOTR', 'SKYQ', 'KBAB', 'ELTX', 'ZTG', 'BABU', 'BABX', 'UCTX', 'IRE', 'COZX', 'SUNE', 'SNDG', 'AXTX', 'SMCX', 'SILO', 'CBRG']
02:24:19  universe: 66 from IBKR scanner + 63 extra from Alpaca
02:24:21  Wrote 24 gappers (24 kept): ['RPGL', 'BKYI', 'NVVE', 'IOTR', 'TVRD', 'KBAB', 'SKYQ', 'ELTX', 'ZTG', 'BABU', 'BABX', 'UCTX', 'IRE', 'COZX', 'SNDG', 'AXTX', 'SUNE', 'SMCX', 'SILO', 'CBRG']
02:25:07  universe: 65 from IBKR scanner + 64 extra from Alpaca
02:25:08  Wrote 24 gappers (24 kept): ['RPGL', 'BKYI', 'NVVE', 'IOTR', 'TVRD', 'SKYQ', 'ELTX', 'ZTG', 'BABU', 'BABX', 'UCTX', 'KBAB', 'IRE', 'COZX', 'SNDG', 'AXTX', 'SUNE', 'SMCX', 'SILO', 'CBRG']
02:25:55  universe: 66 from IBKR scanner + 63 extra from Alpaca
02:25:56  Wrote 24 gappers (24 kept): ['BKYI', 'NVVE', 'RPGL', 'IOTR', 'TVRD', 'SKYQ', 'ELTX', 'ZTG', 'BABU', 'BABX', 'UCTX', 'KBAB', 'IRE', 'COZX', 'SUNE', 'SNDG', 'AXTX', 'SMCX', 'SILO', 'CBRG']
02:26:43  universe: 66 from IBKR scanner + 63 extra from Alpaca
02:26:45  Wrote 24 gappers (24 kept): ['BKYI', 'NVVE', 'RPGL', 'IOTR', 'TVRD', 'ELTX', 'SKYQ', 'ZTG', 'BABU', 'BABX', 'UCTX', 'KBAB', 'IRE', 'COZX', 'SNDG', 'SUNE', 'AXTX', 'SMCX', 'SILO', 'CBRG']
02:27:31  universe: 66 from IBKR scanner + 63 extra from Alpaca
02:27:33  Wrote 24 gappers (24 kept): ['BKYI', 'NVVE', 'RPGL', 'IOTR', 'TVRD', 'SKYQ', 'ELTX', 'ZTG', 'BABU', 'BABX', 'UCTX', 'KBAB', 'IRE', 'COZX', 'SNDG', 'SUNE', 'AXTX', 'SMCX', 'SILO', 'CBRG']
02:28:20  universe: 66 from IBKR scanner + 63 extra from Alpaca
02:28:21  Wrote 24 gappers (24 kept): ['NVVE', 'BKYI', 'RPGL', 'IOTR', 'TVRD', 'ELTX', 'ZTG', 'SKYQ', 'BABU', 'BABX', 'UCTX', 'KBAB', 'IRE', 'SNDG', 'COZX', 'SUNE', 'AXTX', 'SMCX', 'SILO', 'CBRG']
02:29:08  universe: 66 from IBKR scanner + 63 extra from Alpaca
02:29:09  Wrote 24 gappers (24 kept): ['NVVE', 'BKYI', 'RPGL', 'IOTR', 'TVRD', 'ELTX', 'ZTG', 'BABU', 'BABX', 'SKYQ', 'UCTX', 'KBAB', 'IRE', 'COZX', 'SUNE', 'SNDG', 'AXTX', 'SMCX', 'SILO', 'CBRG']
02:29:56  universe: 67 from IBKR scanner + 63 extra from Alpaca
02:29:57  Wrote 25 gappers (25 kept): ['NVVE', 'BKYI', 'RPGL', 'IOTR', 'TVRD', 'ELTX', 'ZTG', 'BABU', 'BABX', 'UCTX', 'SKYQ', 'KBAB', 'IRE', 'COZX', 'SNDG', 'SUNE', 'AXTX', 'SMCX', 'CRWU', 'SILO']
02:30:44  universe: 67 from IBKR scanner + 63 extra from Alpaca
02:30:45  Wrote 25 gappers (25 kept): ['NVVE', 'BKYI', 'RPGL', 'IOTR', 'TVRD', 'ELTX', 'ZTG', 'BABU', 'BABX', 'UCTX', 'SKYQ', 'KBAB', 'IRE', 'COZX', 'SUNE', 'SNDG', 'AXTX', 'SMCX', 'CRWU', 'SILO']
02:31:32  universe: 67 from IBKR scanner + 63 extra from Alpaca
02:31:33  Wrote 25 gappers (25 kept): ['NVVE', 'BKYI', 'RPGL', 'IOTR', 'TVRD', 'ELTX', 'ZTG', 'BABU', 'BABX', 'UCTX', 'KBAB', 'IRE', 'SKYQ', 'COZX', 'SUNE', 'SNDG', 'AXTX', 'SMCX', 'SILO', 'CRWU']
02:32:20  universe: 68 from IBKR scanner + 62 extra from Alpaca
02:32:22  Wrote 25 gappers (25 kept): ['NVVE', 'BKYI', 'RPGL', 'IOTR', 'TVRD', 'ELTX', 'ZTG', 'BABU', 'BABX', 'UCTX', 'KBAB', 'SKYQ', 'IRE', 'COZX', 'AXTX', 'SUNE', 'SNDG', 'SMCX', 'SILO', 'CRWU']
02:33:08  universe: 68 from IBKR scanner + 62 extra from Alpaca
02:33:10  Wrote 25 gappers (25 kept): ['NVVE', 'BKYI', 'RPGL', 'IOTR', 'TVRD', 'ELTX', 'ZTG', 'BABU', 'BABX', 'SKYQ', 'UCTX', 'KBAB', 'IRE', 'SUNE', 'COZX', 'AXTX', 'SNDG', 'SMCX', 'SILO', 'CRWU']
02:33:56  universe: 68 from IBKR scanner + 62 extra from Alpaca
02:33:58  Wrote 25 gappers (25 kept): ['NVVE', 'BKYI', 'RPGL', 'IOTR', 'TVRD', 'ELTX', 'ZTG', 'BABU', 'SKYQ', 'BABX', 'UCTX', 'KBAB', 'IRE', 'SUNE', 'COZX', 'AXTX', 'SNDG', 'SMCX', 'SILO', 'CRWU']
02:34:45  universe: 69 from IBKR scanner + 62 extra from Alpaca
02:34:46  Wrote 25 gappers (25 kept): ['NVVE', 'BKYI', 'RPGL', 'IOTR', 'TVRD', 'ELTX', 'ZTG', 'BABU', 'BABX', 'UCTX', 'SKYQ', 'KBAB', 'IRE', 'SUNE', 'COZX', 'AXTX', 'SNDG', 'SMCX', 'SILO', 'CRWU']
02:35:33  universe: 69 from IBKR scanner + 62 extra from Alpaca
02:35:34  Wrote 25 gappers (25 kept): ['NVVE', 'BKYI', 'RPGL', 'IOTR', 'TVRD', 'ELTX', 'ZTG', 'BABU', 'BABX', 'UCTX', 'SKYQ', 'KBAB', 'IRE', 'SUNE', 'COZX', 'SNDG', 'AXTX', 'SMCX', 'SILO', 'CRWU']
02:36:21  universe: 69 from IBKR scanner + 62 extra from Alpaca
02:36:22  Wrote 25 gappers (25 kept): ['NVVE', 'BKYI', 'RPGL', 'IOTR', 'TVRD', 'ELTX', 'ZTG', 'BABU', 'BABX', 'UCTX', 'SKYQ', 'KBAB', 'IRE', 'SUNE', 'COZX', 'SNDG', 'AXTX', 'SMCX', 'SILO', 'CRWU']
02:37:09  universe: 69 from IBKR scanner + 62 extra from Alpaca
02:37:10  Wrote 25 gappers (25 kept): ['NVVE', 'BKYI', 'RPGL', 'IOTR', 'TVRD', 'ELTX', 'ZTG', 'BABU', 'BABX', 'UCTX', 'SKYQ', 'KBAB', 'IRE', 'SUNE', 'COZX', 'SNDG', 'AXTX', 'SMCX', 'SILO', 'CRWU']
02:37:57  universe: 69 from IBKR scanner + 62 extra from Alpaca
02:37:58  Wrote 25 gappers (25 kept): ['NVVE', 'BKYI', 'RPGL', 'IOTR', 'TVRD', 'ELTX', 'ZTG', 'BABU', 'BABX', 'SKYQ', 'UCTX', 'KBAB', 'IRE', 'SUNE', 'COZX', 'SNDG', 'AXTX', 'SMCX', 'SILO', 'CRWU']
02:38:45  universe: 69 from IBKR scanner + 62 extra from Alpaca
02:38:47  Wrote 25 gappers (25 kept): ['NVVE', 'BKYI', 'RPGL', 'IOTR', 'TVRD', 'ELTX', 'ZTG', 'BABU', 'SKYQ', 'BABX', 'SUNE', 'UCTX', 'KBAB', 'IRE', 'COZX', 'SNDG', 'AXTX', 'SMCX', 'SILO', 'CRWU']
02:39:33  universe: 69 from IBKR scanner + 62 extra from Alpaca
02:39:35  Wrote 25 gappers (25 kept): ['NVVE', 'BKYI', 'RPGL', 'TVRD', 'IOTR', 'ELTX', 'ZTG', 'BABU', 'BABX', 'UCTX', 'SUNE', 'KBAB', 'IRE', 'SKYQ', 'COZX', 'SNDG', 'AXTX', 'SMCX', 'SILO', 'CRWU']
02:40:22  universe: 69 from IBKR scanner + 62 extra from Alpaca
02:40:23  Wrote 25 gappers (25 kept): ['NVVE', 'BKYI', 'RPGL', 'TVRD', 'IOTR', 'ZTG', 'BABU', 'SUNE', 'BABX', 'UCTX', 'ELTX', 'KBAB', 'IRE', 'SKYQ', 'COZX', 'SNDG', 'SMCX', 'AXTX', 'SILO', 'CRWU']
02:41:10  universe: 69 from IBKR scanner + 63 extra from Alpaca
02:41:11  Wrote 25 gappers (25 kept): ['NVVE', 'BKYI', 'RPGL', 'TVRD', 'IOTR', 'ZTG', 'SKYQ', 'BABU', 'SUNE', 'BABX', 'UCTX', 'ELTX', 'KBAB', 'IRE', 'COZX', 'SNDG', 'SMCX', 'AXTX', 'SILO', 'CRWU']
02:41:58  universe: 69 from IBKR scanner + 63 extra from Alpaca
02:41:59  Wrote 25 gappers (25 kept): ['NVVE', 'BKYI', 'RPGL', 'TVRD', 'IOTR', 'ZTG', 'BABU', 'SKYQ', 'BABX', 'UCTX', 'ELTX', 'KBAB', 'SUNE', 'IRE', 'COZX', 'SNDG', 'SMCX', 'AXTX', 'SILO', 'CRWU']
02:42:46  universe: 71 from IBKR scanner + 63 extra from Alpaca
02:42:48  Wrote 25 gappers (25 kept): ['NVVE', 'BKYI', 'TVRD', 'IOTR', 'RPGL', 'ZTG', 'BABU', 'BABX', 'UCTX', 'ELTX', 'KBAB', 'IRE', 'SKYQ', 'SUNE', 'COZX', 'SNDG', 'SMCX', 'AXTX', 'CRWU', 'SILO']
02:43:34  universe: 71 from IBKR scanner + 63 extra from Alpaca
02:43:36  Wrote 25 gappers (25 kept): ['NVVE', 'BKYI', 'TVRD', 'RPGL', 'IOTR', 'BABU', 'BABX', 'SKYQ', 'UCTX', 'ELTX', 'KBAB', 'IRE', 'SUNE', 'ZTG', 'COZX', 'SNDG', 'SMCX', 'AXTX', 'CRWU', 'SILO']
02:44:23  universe: 71 from IBKR scanner + 63 extra from Alpaca
02:44:24  Wrote 25 gappers (25 kept): ['BKYI', 'NVVE', 'TVRD', 'RPGL', 'IOTR', 'BABU', 'BABX', 'SKYQ', 'UCTX', 'ELTX', 'KBAB', 'IRE', 'ZTG', 'COZX', 'SUNE', 'SNDG', 'AXTX', 'SMCX', 'CRWU', 'SILO']
02:45:11  universe: 71 from IBKR scanner + 63 extra from Alpaca
02:45:12  Wrote 25 gappers (25 kept): ['BKYI', 'NVVE', 'TVRD', 'RPGL', 'IOTR', 'BABU', 'BABX', 'SKYQ', 'UCTX', 'ELTX', 'KBAB', 'IRE', 'ZTG', 'COZX', 'SUNE', 'SNDG', 'AXTX', 'SMCX', 'CRWU', 'SILO']
02:45:59  universe: 71 from IBKR scanner + 63 extra from Alpaca
02:46:00  Wrote 25 gappers (25 kept): ['BKYI', 'NVVE', 'TVRD', 'RPGL', 'IOTR', 'BABU', 'SKYQ', 'BABX', 'UCTX', 'ELTX', 'KBAB', 'IRE', 'ZTG', 'COZX', 'SUNE', 'SNDG', 'AXTX', 'SMCX', 'CRWU', 'SILO']
02:46:47  universe: 71 from IBKR scanner + 63 extra from Alpaca
02:46:48  Wrote 25 gappers (25 kept): ['BKYI', 'NVVE', 'TVRD', 'RPGL', 'IOTR', 'BABU', 'SKYQ', 'BABX', 'UCTX', 'ELTX', 'KBAB', 'IRE', 'ZTG', 'COZX', 'SUNE', 'SNDG', 'SMCX', 'AXTX', 'CRWU', 'SILO']
02:47:35  universe: 72 from IBKR scanner + 63 extra from Alpaca
02:47:37  Wrote 25 gappers (25 kept): ['BKYI', 'NVVE', 'TVRD', 'RPGL', 'IOTR', 'BABU', 'SKYQ', 'BABX', 'UCTX', 'ELTX', 'KBAB', 'IRE', 'ZTG', 'COZX', 'SNDG', 'SMCX', 'AXTX', 'SUNE', 'SILO', 'CRWU']
02:48:23  universe: 72 from IBKR scanner + 63 extra from Alpaca
02:48:25  Wrote 25 gappers (25 kept): ['BKYI', 'NVVE', 'TVRD', 'RPGL', 'IOTR', 'BABU', 'BABX', 'SKYQ', 'UCTX', 'ELTX', 'KBAB', 'IRE', 'ZTG', 'COZX', 'SNDG', 'SUNE', 'SMCX', 'AXTX', 'SILO', 'CRWU']
02:49:12  universe: 72 from IBKR scanner + 63 extra from Alpaca
02:49:13  Wrote 25 gappers (25 kept): ['BKYI', 'NVVE', 'TVRD', 'RPGL', 'IOTR', 'BABU', 'BABX', 'SKYQ', 'UCTX', 'ELTX', 'KBAB', 'IRE', 'COZX', 'SNDG', 'SUNE', 'AXTX', 'ZTG', 'SMCX', 'SILO', 'CRWU']
02:49:59  universe: 72 from IBKR scanner + 63 extra from Alpaca
02:50:01  Wrote 25 gappers (25 kept): ['BKYI', 'NVVE', 'TVRD', 'RPGL', 'IOTR', 'BABU', 'BABX', 'SKYQ', 'UCTX', 'ELTX', 'KBAB', 'IRE', 'COZX', 'SNDG', 'SUNE', 'AXTX', 'ZTG', 'SMCX', 'SILO', 'CRWU']
02:50:48  universe: 72 from IBKR scanner + 63 extra from Alpaca
02:50:49  Wrote 25 gappers (25 kept): ['BKYI', 'NVVE', 'TVRD', 'RPGL', 'IOTR', 'BABU', 'BABX', 'SKYQ', 'UCTX', 'ELTX', 'KBAB', 'IRE', 'COZX', 'SNDG', 'SUNE', 'AXTX', 'ZTG', 'SMCX', 'SILO', 'CRWU']
02:51:36  universe: 71 from IBKR scanner + 63 extra from Alpaca
02:51:37  Wrote 25 gappers (25 kept): ['BKYI', 'NVVE', 'TVRD', 'RPGL', 'IOTR', 'BABU', 'BABX', 'SKYQ', 'UCTX', 'ELTX', 'KBAB', 'IRE', 'COZX', 'SNDG', 'AXTX', 'ZTG', 'SUNE', 'SMCX', 'SILO', 'CRWU']
02:52:24  universe: 72 from IBKR scanner + 63 extra from Alpaca
02:52:26  Wrote 25 gappers (25 kept): ['BKYI', 'NVVE', 'TVRD', 'RPGL', 'IOTR', 'BABU', 'BABX', 'UCTX', 'ELTX', 'SKYQ', 'KBAB', 'IRE', 'COZX', 'SNDG', 'SUNE', 'AXTX', 'ZTG', 'SMCX', 'SILO', 'CRWU']
02:53:12  universe: 71 from IBKR scanner + 63 extra from Alpaca
02:53:14  Wrote 25 gappers (25 kept): ['BKYI', 'NVVE', 'TVRD', 'RPGL', 'IOTR', 'BABU', 'BABX', 'UCTX', 'ELTX', 'KBAB', 'SKYQ', 'IRE', 'COZX', 'SNDG', 'AXTX', 'CRWU', 'ZTG', 'SMCX', 'SILO', 'SUNE']
02:54:00  universe: 71 from IBKR scanner + 63 extra from Alpaca
02:54:02  Wrote 25 gappers (25 kept): ['BKYI', 'NVVE', 'TVRD', 'IOTR', 'RPGL', 'BABU', 'BABX', 'UCTX', 'ELTX', 'KBAB', 'SKYQ', 'IRE', 'COZX', 'SNDG', 'CRWU', 'AXTX', 'ZTG', 'SMCX', 'SILO', 'SUNE']
02:54:48  universe: 71 from IBKR scanner + 63 extra from Alpaca
02:54:50  Wrote 25 gappers (25 kept): ['BKYI', 'NVVE', 'TVRD', 'RPGL', 'IOTR', 'BABU', 'BABX', 'SKYQ', 'UCTX', 'ELTX', 'KBAB', 'IRE', 'COZX', 'SNDG', 'CRWU', 'AXTX', 'ZTG', 'SMCX', 'SILO', 'SUNE']
02:55:36  universe: 70 from IBKR scanner + 64 extra from Alpaca
02:55:38  Wrote 25 gappers (25 kept): ['BKYI', 'NVVE', 'TVRD', 'IOTR', 'RPGL', 'BABU', 'BABX', 'UCTX', 'ELTX', 'KBAB', 'SKYQ', 'IRE', 'COZX', 'SNDG', 'AXTX', 'CRWU', 'ZTG', 'SMCX', 'SUNE', 'SILO']
02:56:24  universe: 70 from IBKR scanner + 64 extra from Alpaca
02:56:26  Wrote 25 gappers (25 kept): ['BKYI', 'NVVE', 'TVRD', 'IOTR', 'RPGL', 'BABU', 'BABX', 'UCTX', 'ELTX', 'KBAB', 'SKYQ', 'IRE', 'COZX', 'SNDG', 'AXTX', 'CRWU', 'ZTG', 'SUNE', 'SMCX', 'SILO']
02:57:13  universe: 70 from IBKR scanner + 64 extra from Alpaca
02:57:14  Wrote 25 gappers (25 kept): ['BKYI', 'NVVE', 'TVRD', 'RPGL', 'IOTR', 'BABU', 'BABX', 'UCTX', 'ELTX', 'KBAB', 'SKYQ', 'IRE', 'COZX', 'SNDG', 'AXTX', 'CRWU', 'SMCX', 'SUNE', 'ZTG', 'SILO']
02:58:01  universe: 70 from IBKR scanner + 64 extra from Alpaca
02:58:02  Wrote 25 gappers (25 kept): ['BKYI', 'NVVE', 'TVRD', 'RPGL', 'IOTR', 'BABU', 'BABX', 'UCTX', 'ELTX', 'KBAB', 'IRE', 'SKYQ', 'COZX', 'SUNE', 'SNDG', 'AXTX', 'CRWU', 'SMCX', 'ZTG', 'SILO']
02:58:49  universe: 70 from IBKR scanner + 64 extra from Alpaca
02:58:51  Wrote 25 gappers (25 kept): ['BKYI', 'NVVE', 'TVRD', 'RPGL', 'IOTR', 'BABU', 'BABX', 'UCTX', 'ELTX', 'KBAB', 'IRE', 'COZX', 'SKYQ', 'SUNE', 'SNDG', 'AXTX', 'SMCX', 'CRWU', 'ZTG', 'SILO']
02:59:37  universe: 70 from IBKR scanner + 64 extra from Alpaca
02:59:39  Wrote 25 gappers (25 kept): ['BKYI', 'NVVE', 'TVRD', 'RPGL', 'IOTR', 'BABU', 'BABX', 'UCTX', 'ELTX', 'KBAB', 'IRE', 'SKYQ', 'COZX', 'SUNE', 'SNDG', 'SMCX', 'CRWU', 'AXTX', 'ZTG', 'SILO']
03:00:26  universe: 71 from IBKR scanner + 64 extra from Alpaca
03:00:27  Wrote 25 gappers (25 kept): ['BKYI', 'NVVE', 'RPGL', 'TVRD', 'IOTR', 'BABU', 'BABX', 'UCTX', 'ELTX', 'KBAB', 'IRE', 'SKYQ', 'COZX', 'SUNE', 'SNDG', 'AXTX', 'SMCX', 'CRWU', 'ZTG', 'SILO']
03:01:14  universe: 71 from IBKR scanner + 65 extra from Alpaca
03:01:15  Wrote 25 gappers (25 kept): ['BKYI', 'NVVE', 'TVRD', 'RPGL', 'IOTR', 'BABU', 'BABX', 'UCTX', 'ELTX', 'KBAB', 'SKYQ', 'IRE', 'COZX', 'SUNE', 'SNDG', 'AXTX', 'SMCX', 'ZTG', 'CRWU', 'SILO']
03:02:02  universe: 71 from IBKR scanner + 64 extra from Alpaca
03:02:03  Wrote 25 gappers (25 kept): ['BKYI', 'NVVE', 'TVRD', 'RPGL', 'IOTR', 'BABU', 'BABX', 'UCTX', 'ELTX', 'KBAB', 'IRE', 'SKYQ', 'COZX', 'SUNE', 'SMCX', 'AXTX', 'ZTG', 'SNDG', 'CRWU', 'SILO']
03:02:50  universe: 71 from IBKR scanner + 64 extra from Alpaca
03:02:51  Wrote 25 gappers (25 kept): ['BKYI', 'NVVE', 'RPGL', 'TVRD', 'IOTR', 'ELTX', 'BABU', 'BABX', 'UCTX', 'KBAB', 'IRE', 'SKYQ', 'COZX', 'SUNE', 'SMCX', 'AXTX', 'ZTG', 'SNDG', 'CRWU', 'SILO']
03:03:38  universe: 70 from IBKR scanner + 65 extra from Alpaca
03:03:39  Wrote 25 gappers (25 kept): ['BKYI', 'NVVE', 'TVRD', 'RPGL', 'IOTR', 'ELTX', 'BABU', 'BABX', 'UCTX', 'KBAB', 'IRE', 'SKYQ', 'COZX', 'SUNE', 'SMCX', 'AXTX', 'SNDG', 'ZTG', 'CRWU', 'SILO']
03:04:26  universe: 70 from IBKR scanner + 65 extra from Alpaca
03:04:27  Wrote 25 gappers (25 kept): ['BKYI', 'NVVE', 'TVRD', 'RPGL', 'IOTR', 'BABU', 'ELTX', 'BABX', 'UCTX', 'KBAB', 'IRE', 'SKYQ', 'COZX', 'SUNE', 'SMCX', 'AXTX', 'ZTG', 'SNDG', 'CRWU', 'SILO']
03:05:14  universe: 70 from IBKR scanner + 65 extra from Alpaca
03:05:15  Wrote 25 gappers (25 kept): ['BKYI', 'NVVE', 'TVRD', 'RPGL', 'IOTR', 'BABU', 'ELTX', 'BABX', 'UCTX', 'KBAB', 'IRE', 'SKYQ', 'COZX', 'SUNE', 'SMCX', 'AXTX', 'ZTG', 'SNDG', 'CRWU', 'SILO']
03:06:02  universe: 71 from IBKR scanner + 64 extra from Alpaca
03:06:04  Wrote 25 gappers (25 kept): ['BKYI', 'NVVE', 'TVRD', 'RPGL', 'IOTR', 'BABU', 'ELTX', 'BABX', 'UCTX', 'KBAB', 'IRE', 'SKYQ', 'COZX', 'SUNE', 'SMCX', 'AXTX', 'ZTG', 'CRWU', 'SILO', 'SNDG']
03:06:50  universe: 70 from IBKR scanner + 65 extra from Alpaca
03:06:52  Wrote 25 gappers (25 kept): ['BKYI', 'NVVE', 'TVRD', 'RPGL', 'IOTR', 'BABU', 'ELTX', 'BABX', 'UCTX', 'KBAB', 'IRE', 'SKYQ', 'COZX', 'SUNE', 'SMCX', 'AXTX', 'ZTG', 'CRWU', 'SILO', 'SNDG']
03:07:38  universe: 71 from IBKR scanner + 64 extra from Alpaca
03:07:40  Wrote 25 gappers (25 kept): ['BKYI', 'NVVE', 'TVRD', 'RPGL', 'IOTR', 'BABU', 'ELTX', 'BABX', 'UCTX', 'KBAB', 'IRE', 'SKYQ', 'COZX', 'SUNE', 'SMCX', 'AXTX', 'ZTG', 'CRWU', 'SILO', 'SNDG']
03:08:27  universe: 71 from IBKR scanner + 65 extra from Alpaca
03:08:28  Wrote 25 gappers (25 kept): ['BKYI', 'NVVE', 'TVRD', 'RPGL', 'IOTR', 'BABU', 'ELTX', 'BABX', 'UCTX', 'KBAB', 'SKYQ', 'IRE', 'COZX', 'SUNE', 'SMCX', 'AXTX', 'ZTG', 'CRWU', 'SILO', 'SNDG']
03:09:15  universe: 71 from IBKR scanner + 65 extra from Alpaca
03:09:16  Wrote 25 gappers (25 kept): ['BKYI', 'NVVE', 'TVRD', 'RPGL', 'IOTR', 'BABU', 'ELTX', 'BABX', 'UCTX', 'KBAB', 'SKYQ', 'IRE', 'COZX', 'AXTX', 'SUNE', 'SMCX', 'ZTG', 'CRWU', 'SILO', 'CBRG']
03:10:03  universe: 71 from IBKR scanner + 65 extra from Alpaca
03:10:04  Wrote 25 gappers (25 kept): ['BKYI', 'NVVE', 'TVRD', 'RPGL', 'IOTR', 'SKYQ', 'BABU', 'ELTX', 'BABX', 'UCTX', 'KBAB', 'IRE', 'COZX', 'CBRG', 'AXTX', 'SMCX', 'ZTG', 'CRWU', 'SILO', 'SUNE']
03:10:51  universe: 71 from IBKR scanner + 65 extra from Alpaca
03:10:52  Wrote 25 gappers (25 kept): ['BKYI', 'NVVE', 'TVRD', 'RPGL', 'IOTR', 'BABU', 'ELTX', 'BABX', 'SKYQ', 'UCTX', 'KBAB', 'IRE', 'COZX', 'CBRG', 'AXTX', 'ZTG', 'SMCX', 'CRWU', 'SILO', 'SNDG']
03:11:39  universe: 72 from IBKR scanner + 64 extra from Alpaca
03:11:40  Wrote 25 gappers (25 kept): ['BKYI', 'NVVE', 'TVRD', 'IOTR', 'RPGL', 'BABU', 'ELTX', 'BABX', 'UCTX', 'SKYQ', 'KBAB', 'IRE', 'COZX', 'CBRG', 'AXTX', 'SMCX', 'ZTG', 'CRWU', 'SILO', 'SUNE']
03:12:27  universe: 72 from IBKR scanner + 64 extra from Alpaca
03:12:29  Wrote 25 gappers (25 kept): ['BKYI', 'NVVE', 'TVRD', 'IOTR', 'RPGL', 'BABU', 'ELTX', 'BABX', 'SKYQ', 'UCTX', 'KBAB', 'IRE', 'CBRG', 'COZX', 'AXTX', 'SMCX', 'ZTG', 'CRWU', 'SILO', 'SNDG']
03:13:15  universe: 72 from IBKR scanner + 64 extra from Alpaca
03:13:17  Wrote 25 gappers (25 kept): ['BKYI', 'NVVE', 'TVRD', 'IOTR', 'RPGL', 'BABU', 'ELTX', 'BABX', 'SKYQ', 'UCTX', 'KBAB', 'IRE', 'COZX', 'CBRG', 'AXTX', 'ZTG', 'SMCX', 'SUNE', 'CRWU', 'SILO']
03:14:03  universe: 72 from IBKR scanner + 64 extra from Alpaca
03:14:05  Wrote 25 gappers (25 kept): ['BKYI', 'NVVE', 'TVRD', 'IOTR', 'RPGL', 'BABU', 'ELTX', 'BABX', 'UCTX', 'SKYQ', 'KBAB', 'IRE', 'COZX', 'CBRG', 'AXTX', 'ZTG', 'SMCX', 'SUNE', 'CRWU', 'SNDG']
03:14:51  universe: 71 from IBKR scanner + 64 extra from Alpaca
03:14:53  Wrote 25 gappers (25 kept): ['BKYI', 'NVVE', 'TVRD', 'IOTR', 'RPGL', 'BABU', 'ELTX', 'BABX', 'UCTX', 'SKYQ', 'KBAB', 'IRE', 'CBRG', 'COZX', 'SUNE', 'AXTX', 'ZTG', 'SNDG', 'CRWU', 'SMCX']
03:15:40  universe: 70 from IBKR scanner + 65 extra from Alpaca
03:15:41  Wrote 26 gappers (26 kept): ['BKYI', 'NVVE', 'TVRD', 'IOTR', 'RPGL', 'BABU', 'ELTX', 'BABX', 'UCTX', 'SKYQ', 'KBAB', 'CBRG', 'IRE', 'COZX', 'AXTX', 'SNDG', 'ZTG', 'SUNE', 'CRWU', 'SMCX']
03:16:28  universe: 70 from IBKR scanner + 64 extra from Alpaca
03:16:29  Wrote 26 gappers (26 kept): ['BKYI', 'NVVE', 'TVRD', 'IOTR', 'RPGL', 'SKYQ', 'BABU', 'ELTX', 'BABX', 'UCTX', 'KBAB', 'CBRG', 'IRE', 'COZX', 'SNDG', 'AXTX', 'ZTG', 'CRWU', 'SMCX', 'SILO']
03:17:16  universe: 69 from IBKR scanner + 64 extra from Alpaca
03:17:17  Wrote 26 gappers (26 kept): ['BKYI', 'NVVE', 'TVRD', 'IOTR', 'RPGL', 'SKYQ', 'BABU', 'ELTX', 'BABX', 'UCTX', 'KBAB', 'CBRG', 'IRE', 'COZX', 'SNDG', 'AXTX', 'ZTG', 'SUNE', 'CRWU', 'SMCX']
03:18:04  universe: 69 from IBKR scanner + 64 extra from Alpaca
03:18:05  Wrote 26 gappers (26 kept): ['BKYI', 'NVVE', 'TVRD', 'IOTR', 'RPGL', 'SKYQ', 'BABU', 'ELTX', 'BABX', 'UCTX', 'KBAB', 'IRE', 'CBRG', 'COZX', 'SNDG', 'AXTX', 'ZTG', 'CRWU', 'SUNE', 'SMCX']
03:18:52  universe: 70 from IBKR scanner + 64 extra from Alpaca
03:18:53  Wrote 26 gappers (26 kept): ['BKYI', 'NVVE', 'TVRD', 'IOTR', 'RPGL', 'BABU', 'ELTX', 'BABX', 'UCTX', 'SKYQ', 'KBAB', 'CBRG', 'IRE', 'COZX', 'SNDG', 'AXTX', 'ZTG', 'SMCX', 'CRWU', 'SILO']
03:19:40  universe: 71 from IBKR scanner + 64 extra from Alpaca
03:19:41  Wrote 26 gappers (26 kept): ['BKYI', 'NVVE', 'TVRD', 'IOTR', 'RPGL', 'BABU', 'ELTX', 'BABX', 'UCTX', 'KBAB', 'SKYQ', 'IRE', 'CBRG', 'COZX', 'SNDG', 'AXTX', 'SMCX', 'ZTG', 'SUNE', 'CRWU']
03:20:28  universe: 71 from IBKR scanner + 64 extra from Alpaca
03:20:30  Wrote 26 gappers (26 kept): ['BKYI', 'NVVE', 'TVRD', 'IOTR', 'RPGL', 'BABU', 'ELTX', 'BABX', 'UCTX', 'KBAB', 'SKYQ', 'IRE', 'CBRG', 'COZX', 'SNDG', 'AXTX', 'SMCX', 'ZTG', 'SUNE', 'CRWU']
03:21:16  universe: 71 from IBKR scanner + 64 extra from Alpaca
03:21:18  Wrote 26 gappers (26 kept): ['BKYI', 'NVVE', 'TVRD', 'IOTR', 'RPGL', 'BABU', 'ELTX', 'BABX', 'UCTX', 'KBAB', 'SKYQ', 'IRE', 'CBRG', 'COZX', 'SNDG', 'SUNE', 'AXTX', 'SMCX', 'ZTG', 'CRWU']
03:22:04  universe: 71 from IBKR scanner + 64 extra from Alpaca
03:22:05  Wrote 26 gappers (26 kept): ['BKYI', 'NVVE', 'TVRD', 'IOTR', 'RPGL', 'ELTX', 'BABX', 'BABU', 'UCTX', 'KBAB', 'SKYQ', 'IRE', 'CBRG', 'COZX', 'SNDG', 'SMCX', 'SUNE', 'AXTX', 'ZTG', 'CRWU']
03:22:52  universe: 71 from IBKR scanner + 64 extra from Alpaca
03:22:54  Wrote 26 gappers (26 kept): ['BKYI', 'NVVE', 'TVRD', 'IOTR', 'RPGL', 'ELTX', 'BABX', 'BABU', 'UCTX', 'KBAB', 'SKYQ', 'IRE', 'CBRG', 'COZX', 'SNDG', 'SUNE', 'SMCX', 'AXTX', 'ZTG', 'CRWU']
03:23:41  universe: 71 from IBKR scanner + 64 extra from Alpaca
03:23:42  Wrote 26 gappers (26 kept): ['BKYI', 'NVVE', 'TVRD', 'IOTR', 'RPGL', 'ELTX', 'BABX', 'BABU', 'UCTX', 'SKYQ', 'KBAB', 'IRE', 'CBRG', 'COZX', 'SNDG', 'SMCX', 'AXTX', 'ZTG', 'SUNE', 'CRWU']
03:24:29  universe: 72 from IBKR scanner + 64 extra from Alpaca
03:24:30  Wrote 26 gappers (26 kept): ['BKYI', 'NVVE', 'TVRD', 'IOTR', 'RPGL', 'ELTX', 'BABX', 'BABU', 'UCTX', 'SKYQ', 'KBAB', 'IRE', 'CBRG', 'COZX', 'SNDG', 'AXTX', 'SUNE', 'SMCX', 'ZTG', 'CRWU']
03:25:17  universe: 72 from IBKR scanner + 64 extra from Alpaca
03:25:18  Wrote 26 gappers (26 kept): ['BKYI', 'NVVE', 'TVRD', 'IOTR', 'RPGL', 'ELTX', 'BABX', 'BABU', 'UCTX', 'SKYQ', 'KBAB', 'IRE', 'CBRG', 'COZX', 'SNDG', 'AXTX', 'SUNE', 'SMCX', 'ZTG', 'CRWU']
03:26:05  universe: 71 from IBKR scanner + 64 extra from Alpaca
03:26:06  Wrote 26 gappers (26 kept): ['BKYI', 'NVVE', 'TVRD', 'IOTR', 'RPGL', 'ELTX', 'BABX', 'SKYQ', 'BABU', 'UCTX', 'KBAB', 'IRE', 'CBRG', 'COZX', 'SNDG', 'AXTX', 'SMCX', 'ZTG', 'SUNE', 'CRWU']
03:26:53  universe: 71 from IBKR scanner + 64 extra from Alpaca
03:26:54  Wrote 26 gappers (26 kept): ['BKYI', 'NVVE', 'TVRD', 'IOTR', 'RPGL', 'ELTX', 'BABX', 'BABU', 'SKYQ', 'UCTX', 'KBAB', 'IRE', 'CBRG', 'COZX', 'SNDG', 'SMCX', 'AXTX', 'CRWU', 'ZTG', 'SUNE']
03:27:41  universe: 71 from IBKR scanner + 63 extra from Alpaca
03:27:42  Wrote 26 gappers (26 kept): ['BKYI', 'NVVE', 'TVRD', 'IOTR', 'RPGL', 'ELTX', 'BABX', 'BABU', 'SKYQ', 'UCTX', 'KBAB', 'IRE', 'CBRG', 'COZX', 'SMCX', 'SNDG', 'AXTX', 'CRWU', 'ZTG', 'SUNE']
03:28:29  universe: 71 from IBKR scanner + 63 extra from Alpaca
03:28:31  Wrote 26 gappers (26 kept): ['BKYI', 'NVVE', 'TVRD', 'IOTR', 'RPGL', 'SKYQ', 'ELTX', 'BABX', 'BABU', 'UCTX', 'KBAB', 'IRE', 'CBRG', 'SNDG', 'COZX', 'SMCX', 'AXTX', 'CRWU', 'ZTG', 'SUNE']
03:29:17  universe: 72 from IBKR scanner + 63 extra from Alpaca
03:29:19  Wrote 26 gappers (26 kept): ['BKYI', 'NVVE', 'TVRD', 'IOTR', 'RPGL', 'SKYQ', 'ELTX', 'BABX', 'BABU', 'UCTX', 'KBAB', 'IRE', 'CBRG', 'SNDG', 'COZX', 'SMCX', 'AXTX', 'CRWU', 'ZTG', 'SUNE']
03:30:06  universe: 71 from IBKR scanner + 63 extra from Alpaca
03:30:07  Wrote 26 gappers (26 kept): ['BKYI', 'NVVE', 'TVRD', 'IOTR', 'RPGL', 'SKYQ', 'ELTX', 'BABU', 'BABX', 'UCTX', 'KBAB', 'IRE', 'CBRG', 'COZX', 'SNDG', 'SMCX', 'CRWU', 'AXTX', 'ZTG', 'SUNE']
03:30:54  universe: 71 from IBKR scanner + 63 extra from Alpaca
03:30:55  Wrote 26 gappers (26 kept): ['BKYI', 'NVVE', 'TVRD', 'IOTR', 'RPGL', 'SKYQ', 'ELTX', 'BABU', 'BABX', 'UCTX', 'KBAB', 'IRE', 'CBRG', 'SNDG', 'COZX', 'SMCX', 'CRWU', 'AXTX', 'ZTG', 'SILO']
03:31:42  universe: 71 from IBKR scanner + 63 extra from Alpaca
03:31:43  Wrote 26 gappers (26 kept): ['BKYI', 'NVVE', 'TVRD', 'IOTR', 'RPGL', 'SKYQ', 'ELTX', 'BABU', 'UCTX', 'KBAB', 'BABX', 'IRE', 'CBRG', 'SNDG', 'COZX', 'SMCX', 'CRWU', 'AXTX', 'ZTG', 'SILO']
03:32:30  universe: 72 from IBKR scanner + 63 extra from Alpaca
03:32:31  Wrote 26 gappers (26 kept): ['BKYI', 'NVVE', 'TVRD', 'IOTR', 'RPGL', 'SKYQ', 'ELTX', 'BABU', 'UCTX', 'KBAB', 'BABX', 'IRE', 'CBRG', 'SNDG', 'COZX', 'SMCX', 'CRWU', 'AXTX', 'ZTG', 'SILO']
03:33:18  universe: 71 from IBKR scanner + 63 extra from Alpaca
03:33:19  Wrote 27 gappers (27 kept): ['BKYI', 'NVVE', 'TVRD', 'IOTR', 'RPGL', 'SKYQ', 'ELTX', 'BABU', 'UCTX', 'KBAB', 'BABX', 'IRE', 'CBRG', 'SNDG', 'COZX', 'SMCX', 'CRWU', 'AXTX', 'ZTG', 'SILO']
03:34:06  universe: 71 from IBKR scanner + 63 extra from Alpaca
03:34:08  Wrote 27 gappers (27 kept): ['BKYI', 'NVVE', 'TVRD', 'IOTR', 'RPGL', 'SKYQ', 'ELTX', 'BABU', 'UCTX', 'KBAB', 'BABX', 'IRE', 'CBRG', 'SNDG', 'COZX', 'SMCX', 'CRWU', 'AXTX', 'ZTG', 'SILO']
03:34:54  universe: 71 from IBKR scanner + 63 extra from Alpaca
03:34:56  Wrote 27 gappers (27 kept): ['BKYI', 'NVVE', 'TVRD', 'IOTR', 'RPGL', 'SKYQ', 'ELTX', 'UCTX', 'KBAB', 'BABX', 'BABU', 'IRE', 'CBRG', 'SNDG', 'COZX', 'SMCX', 'AXTX', 'CRWU', 'ZTG', 'SILO']
03:35:43  universe: 71 from IBKR scanner + 63 extra from Alpaca
03:35:44  Wrote 27 gappers (27 kept): ['BKYI', 'NVVE', 'TVRD', 'IOTR', 'RPGL', 'SKYQ', 'ELTX', 'UCTX', 'KBAB', 'BABX', 'BABU', 'IRE', 'CBRG', 'SNDG', 'COZX', 'SMCX', 'AXTX', 'CRWU', 'ZTG', 'SILO']
03:36:31  universe: 71 from IBKR scanner + 63 extra from Alpaca
03:36:33  Wrote 27 gappers (27 kept): ['BKYI', 'NVVE', 'TVRD', 'IOTR', 'RPGL', 'SKYQ', 'ELTX', 'UCTX', 'KBAB', 'BABX', 'BABU', 'IRE', 'CBRG', 'SNDG', 'COZX', 'SMCX', 'AXTX', 'CRWU', 'ZTG', 'SILO']
03:37:19  universe: 71 from IBKR scanner + 63 extra from Alpaca
03:37:21  Wrote 27 gappers (27 kept): ['BKYI', 'NVVE', 'TVRD', 'IOTR', 'RPGL', 'SKYQ', 'ELTX', 'UCTX', 'KBAB', 'BABX', 'BABU', 'IRE', 'CBRG', 'SNDG', 'COZX', 'SMCX', 'AXTX', 'CRWU', 'ZTG', 'SILO']
03:38:07  universe: 71 from IBKR scanner + 63 extra from Alpaca
03:38:09  Wrote 27 gappers (27 kept): ['BKYI', 'NVVE', 'TVRD', 'IOTR', 'RPGL', 'SKYQ', 'ELTX', 'UCTX', 'KBAB', 'BABX', 'BABU', 'IRE', 'CBRG', 'SNDG', 'COZX', 'SMCX', 'AXTX', 'CRWU', 'ZTG', 'SILO']
03:38:56  universe: 71 from IBKR scanner + 63 extra from Alpaca
03:38:57  Wrote 27 gappers (27 kept): ['BKYI', 'NVVE', 'TVRD', 'IOTR', 'RPGL', 'SKYQ', 'ELTX', 'UCTX', 'KBAB', 'BABX', 'BABU', 'IRE', 'CBRG', 'SNDG', 'COZX', 'SMCX', 'CRWU', 'AXTX', 'ZTG', 'SILO']
03:39:44  universe: 71 from IBKR scanner + 63 extra from Alpaca
03:39:45  Wrote 27 gappers (27 kept): ['BKYI', 'NVVE', 'TVRD', 'IOTR', 'RPGL', 'SKYQ', 'ELTX', 'UCTX', 'KBAB', 'BABU', 'IRE', 'BABX', 'CBRG', 'SNDG', 'COZX', 'SMCX', 'CRWU', 'AXTX', 'ZTG', 'SILO']
03:40:32  universe: 71 from IBKR scanner + 63 extra from Alpaca
03:40:33  Wrote 27 gappers (27 kept): ['BKYI', 'NVVE', 'TVRD', 'IOTR', 'RPGL', 'SKYQ', 'ELTX', 'UCTX', 'KBAB', 'IRE', 'BABX', 'BABU', 'CBRG', 'SNDG', 'COZX', 'SMCX', 'CRWU', 'AXTX', 'ZTG', 'SILO']
03:41:20  universe: 71 from IBKR scanner + 64 extra from Alpaca
03:41:22  Wrote 27 gappers (27 kept): ['BKYI', 'NVVE', 'TVRD', 'IOTR', 'RPGL', 'SKYQ', 'ELTX', 'UCTX', 'KBAB', 'BABX', 'BABU', 'IRE', 'CBRG', 'SNDG', 'COZX', 'SMCX', 'CRWU', 'AXTX', 'ZTG', 'SILO']
03:42:08  universe: 71 from IBKR scanner + 64 extra from Alpaca
03:42:10  Wrote 27 gappers (27 kept): ['BKYI', 'NVVE', 'TVRD', 'IOTR', 'RPGL', 'SKYQ', 'ELTX', 'UCTX', 'KBAB', 'BABU', 'BABX', 'IRE', 'CBRG', 'SNDG', 'COZX', 'SMCX', 'CRWU', 'AXTX', 'ZTG', 'SILO']
03:42:57  universe: 71 from IBKR scanner + 64 extra from Alpaca
03:42:58  Wrote 27 gappers (27 kept): ['BKYI', 'NVVE', 'TVRD', 'IOTR', 'RPGL', 'SKYQ', 'ELTX', 'UCTX', 'KBAB', 'BABU', 'IRE', 'BABX', 'SNDG', 'CBRG', 'COZX', 'SMCX', 'CRWU', 'AXTX', 'ZTG', 'SILO']
03:43:45  universe: 71 from IBKR scanner + 64 extra from Alpaca
03:43:46  Wrote 27 gappers (27 kept): ['BKYI', 'NVVE', 'TVRD', 'IOTR', 'RPGL', 'SKYQ', 'ELTX', 'UCTX', 'KBAB', 'BABU', 'BABX', 'IRE', 'SNDG', 'CBRG', 'COZX', 'SMCX', 'CRWU', 'AXTX', 'ZTG', 'SILO']
03:44:33  universe: 71 from IBKR scanner + 64 extra from Alpaca
03:44:35  Wrote 27 gappers (27 kept): ['BKYI', 'NVVE', 'TVRD', 'IOTR', 'RPGL', 'SKYQ', 'ELTX', 'UCTX', 'KBAB', 'BABU', 'BABX', 'IRE', 'CBRG', 'SNDG', 'COZX', 'SMCX', 'CRWU', 'AXTX', 'ZTG', 'SILO']
03:45:21  universe: 70 from IBKR scanner + 64 extra from Alpaca
03:45:23  Wrote 27 gappers (27 kept): ['BKYI', 'NVVE', 'TVRD', 'IOTR', 'RPGL', 'SKYQ', 'ELTX', 'UCTX', 'KBAB', 'IRE', 'BABU', 'BABX', 'CBRG', 'SNDG', 'COZX', 'SMCX', 'CRWU', 'AXTX', 'ZTG', 'SILO']
03:46:10  universe: 70 from IBKR scanner + 63 extra from Alpaca
03:46:11  Wrote 27 gappers (27 kept): ['BKYI', 'NVVE', 'TVRD', 'IOTR', 'RPGL', 'SKYQ', 'ELTX', 'UCTX', 'KBAB', 'BABX', 'IRE', 'BABU', 'CBRG', 'COZX', 'SNDG', 'SMCX', 'CRWU', 'AXTX', 'ZTG', 'SILO']
03:46:58  universe: 70 from IBKR scanner + 63 extra from Alpaca
03:46:59  Wrote 27 gappers (27 kept): ['BKYI', 'NVVE', 'TVRD', 'IOTR', 'RPGL', 'SKYQ', 'ELTX', 'UCTX', 'KBAB', 'BABX', 'IRE', 'BABU', 'CBRG', 'COZX', 'SNDG', 'SMCX', 'CRWU', 'AXTX', 'ZTG', 'SILO']
03:47:46  universe: 70 from IBKR scanner + 63 extra from Alpaca
03:47:48  Wrote 27 gappers (27 kept): ['BKYI', 'NVVE', 'TVRD', 'IOTR', 'RPGL', 'SKYQ', 'ELTX', 'UCTX', 'KBAB', 'BABX', 'IRE', 'BABU', 'CBRG', 'COZX', 'SMCX', 'SNDG', 'CRWU', 'ZTG', 'AXTX', 'SILO']
03:48:34  universe: 71 from IBKR scanner + 63 extra from Alpaca
03:48:36  Wrote 27 gappers (27 kept): ['BKYI', 'NVVE', 'TVRD', 'IOTR', 'RPGL', 'SKYQ', 'ELTX', 'UCTX', 'KBAB', 'BABX', 'IRE', 'BABU', 'CBRG', 'COZX', 'SMCX', 'SNDG', 'CRWU', 'ZTG', 'AXTX', 'SILO']
03:49:23  universe: 71 from IBKR scanner + 64 extra from Alpaca
03:49:24  Wrote 27 gappers (27 kept): ['BKYI', 'NVVE', 'TVRD', 'IOTR', 'RPGL', 'SKYQ', 'ELTX', 'UCTX', 'KBAB', 'BABX', 'IRE', 'BABU', 'CBRG', 'COZX', 'SMCX', 'SNDG', 'CRWU', 'ZTG', 'AXTX', 'SILO']
03:50:11  universe: 71 from IBKR scanner + 64 extra from Alpaca
03:50:12  Wrote 27 gappers (27 kept): ['BKYI', 'NVVE', 'TVRD', 'IOTR', 'RPGL', 'SKYQ', 'ELTX', 'UCTX', 'KBAB', 'IRE', 'BABX', 'BABU', 'CBRG', 'COZX', 'SNDG', 'SMCX', 'CRWU', 'ZTG', 'AXTX', 'SILO']
03:50:59  universe: 71 from IBKR scanner + 63 extra from Alpaca
03:51:00  Wrote 27 gappers (27 kept): ['BKYI', 'NVVE', 'TVRD', 'IOTR', 'RPGL', 'SKYQ', 'ELTX', 'UCTX', 'KBAB', 'IRE', 'BABX', 'BABU', 'CBRG', 'COZX', 'SNDG', 'SMCX', 'CRWU', 'ZTG', 'AXTX', 'SILO']
03:51:47  universe: 71 from IBKR scanner + 63 extra from Alpaca
03:51:48  Wrote 27 gappers (27 kept): ['BKYI', 'NVVE', 'TVRD', 'IOTR', 'RPGL', 'SKYQ', 'ZTG', 'ELTX', 'UCTX', 'KBAB', 'BABX', 'IRE', 'BABU', 'CBRG', 'COZX', 'SNDG', 'SMCX', 'CRWU', 'AXTX', 'SILO']
03:52:35  universe: 71 from IBKR scanner + 63 extra from Alpaca
03:52:37  Wrote 27 gappers (27 kept): ['BKYI', 'NVVE', 'TVRD', 'IOTR', 'RPGL', 'SKYQ', 'ZTG', 'ELTX', 'UCTX', 'KBAB', 'BABX', 'IRE', 'BABU', 'CBRG', 'COZX', 'SNDG', 'SMCX', 'CRWU', 'AXTX', 'SILO']
03:53:23  universe: 71 from IBKR scanner + 63 extra from Alpaca
03:53:25  Wrote 27 gappers (27 kept): ['BKYI', 'NVVE', 'TVRD', 'IOTR', 'RPGL', 'SKYQ', 'ZTG', 'ELTX', 'UCTX', 'KBAB', 'BABX', 'IRE', 'BABU', 'CBRG', 'COZX', 'SMCX', 'SNDG', 'CRWU', 'AXTX', 'SILO']
03:54:12  universe: 71 from IBKR scanner + 64 extra from Alpaca
03:54:13  Wrote 27 gappers (27 kept): ['BKYI', 'NVVE', 'TVRD', 'IOTR', 'RPGL', 'SKYQ', 'ZTG', 'ELTX', 'BABX', 'BABU', 'UCTX', 'KBAB', 'IRE', 'CBRG', 'SNDG', 'COZX', 'SMCX', 'CRWU', 'AXTX', 'SILO']
03:54:59  universe: 71 from IBKR scanner + 64 extra from Alpaca
03:55:01  Wrote 27 gappers (27 kept): ['BKYI', 'NVVE', 'TVRD', 'IOTR', 'RPGL', 'SKYQ', 'ZTG', 'ELTX', 'BABX', 'BABU', 'UCTX', 'KBAB', 'IRE', 'CBRG', 'SNDG', 'COZX', 'SMCX', 'CRWU', 'AXTX', 'SILO']
03:55:47  universe: 71 from IBKR scanner + 64 extra from Alpaca
03:55:49  Wrote 27 gappers (27 kept): ['BKYI', 'NVVE', 'TVRD', 'IOTR', 'RPGL', 'SKYQ', 'ZTG', 'ELTX', 'BABX', 'BABU', 'UCTX', 'KBAB', 'IRE', 'CBRG', 'SNDG', 'COZX', 'SMCX', 'CRWU', 'AXTX', 'SILO']
03:56:36  universe: 71 from IBKR scanner + 64 extra from Alpaca
03:56:37  Wrote 27 gappers (27 kept): ['BKYI', 'NVVE', 'TVRD', 'IOTR', 'RPGL', 'SKYQ', 'ZTG', 'ELTX', 'BABU', 'UCTX', 'KBAB', 'BABX', 'IRE', 'CBRG', 'SNDG', 'COZX', 'SMCX', 'CRWU', 'AXTX', 'SILO']
03:57:24  universe: 71 from IBKR scanner + 64 extra from Alpaca
03:57:25  Wrote 27 gappers (27 kept): ['BKYI', 'NVVE', 'TVRD', 'IOTR', 'RPGL', 'SKYQ', 'ZTG', 'ELTX', 'BABU', 'UCTX', 'KBAB', 'BABX', 'IRE', 'CBRG', 'COZX', 'SNDG', 'SMCX', 'CRWU', 'AXTX', 'SILO']
03:58:12  universe: 71 from IBKR scanner + 64 extra from Alpaca
03:58:13  Wrote 27 gappers (27 kept): ['BKYI', 'NVVE', 'TVRD', 'IOTR', 'RPGL', 'SKYQ', 'ZTG', 'ELTX', 'BABU', 'UCTX', 'KBAB', 'BABX', 'IRE', 'CBRG', 'COZX', 'SNDG', 'SMCX', 'CRWU', 'AXTX', 'SILO']
03:59:00  universe: 71 from IBKR scanner + 64 extra from Alpaca
03:59:01  Wrote 27 gappers (27 kept): ['BKYI', 'NVVE', 'TVRD', 'IOTR', 'RPGL', 'SKYQ', 'ZTG', 'ELTX', 'BABU', 'UCTX', 'KBAB', 'BABX', 'IRE', 'CBRG', 'COZX', 'SNDG', 'SMCX', 'AXTX', 'CRWU', 'SILO']
03:59:48  universe: 71 from IBKR scanner + 64 extra from Alpaca
03:59:50  Wrote 27 gappers (27 kept): ['BKYI', 'NVVE', 'TVRD', 'IOTR', 'RPGL', 'SKYQ', 'ZTG', 'ELTX', 'BABU', 'UCTX', 'KBAB', 'BABX', 'IRE', 'CBRG', 'COZX', 'SNDG', 'SMCX', 'AXTX', 'CRWU', 'SILO']
04:00:36  universe: 71 from IBKR scanner + 64 extra from Alpaca
04:00:38  Wrote 27 gappers (27 kept): ['BKYI', 'NVVE', 'TVRD', 'IOTR', 'RPGL', 'SKYQ', 'ZTG', 'ELTX', 'BABU', 'UCTX', 'KBAB', 'BABX', 'IRE', 'CBRG', 'COZX', 'SNDG', 'SMCX', 'AXTX', 'CRWU', 'SILO']
04:01:25  universe: 71 from IBKR scanner + 64 extra from Alpaca
04:01:27  Wrote 27 gappers (27 kept): ['BKYI', 'NVVE', 'TVRD', 'IOTR', 'RPGL', 'SKYQ', 'ZTG', 'ELTX', 'BABU', 'UCTX', 'KBAB', 'BABX', 'IRE', 'CBRG', 'COZX', 'SNDG', 'SMCX', 'AXTX', 'CRWU', 'SILO']
04:02:13  universe: 71 from IBKR scanner + 64 extra from Alpaca
04:02:15  Wrote 27 gappers (27 kept): ['BKYI', 'NVVE', 'TVRD', 'IOTR', 'RPGL', 'SKYQ', 'ZTG', 'ELTX', 'BABU', 'UCTX', 'KBAB', 'BABX', 'IRE', 'CBRG', 'COZX', 'SNDG', 'SMCX', 'AXTX', 'CRWU', 'SUNE']
04:03:01  universe: 71 from IBKR scanner + 64 extra from Alpaca
04:03:03  Wrote 27 gappers (27 kept): ['BKYI', 'NVVE', 'TVRD', 'IOTR', 'RPGL', 'SKYQ', 'ZTG', 'ELTX', 'BABU', 'UCTX', 'BABX', 'KBAB', 'IRE', 'CBRG', 'COZX', 'SNDG', 'SMCX', 'CRWU', 'AXTX', 'SUNE']
04:03:49  universe: 71 from IBKR scanner + 64 extra from Alpaca
04:03:51  Wrote 27 gappers (27 kept): ['BKYI', 'NVVE', 'TVRD', 'IOTR', 'RPGL', 'SKYQ', 'ELTX', 'BABU', 'UCTX', 'BABX', 'KBAB', 'IRE', 'ZTG', 'CBRG', 'COZX', 'SNDG', 'SMCX', 'AXTX', 'CRWU', 'SUNE']
04:04:38  universe: 71 from IBKR scanner + 64 extra from Alpaca
04:04:39  Wrote 27 gappers (27 kept): ['BKYI', 'NVVE', 'TVRD', 'IOTR', 'RPGL', 'SKYQ', 'ELTX', 'BABU', 'UCTX', 'BABX', 'KBAB', 'IRE', 'ZTG', 'CBRG', 'COZX', 'SNDG', 'SMCX', 'AXTX', 'SUNE', 'CRWU']
04:05:26  universe: 71 from IBKR scanner + 64 extra from Alpaca
04:05:27  Wrote 27 gappers (27 kept): ['BKYI', 'NVVE', 'TVRD', 'IOTR', 'RPGL', 'SKYQ', 'ELTX', 'BABU', 'UCTX', 'BABX', 'KBAB', 'IRE', 'ZTG', 'CBRG', 'COZX', 'SNDG', 'SMCX', 'AXTX', 'CRWU', 'SUNE']
04:06:14  universe: 71 from IBKR scanner + 64 extra from Alpaca
04:06:16  Wrote 27 gappers (27 kept): ['BKYI', 'NVVE', 'TVRD', 'IOTR', 'RPGL', 'SKYQ', 'ELTX', 'BABU', 'UCTX', 'BABX', 'KBAB', 'IRE', 'ZTG', 'CBRG', 'COZX', 'SMCX', 'SNDG', 'AXTX', 'CRWU', 'SILO']
04:07:02  universe: 71 from IBKR scanner + 64 extra from Alpaca
04:07:03  Wrote 27 gappers (27 kept): ['BKYI', 'NVVE', 'TVRD', 'IOTR', 'RPGL', 'SKYQ', 'ELTX', 'BABU', 'UCTX', 'BABX', 'KBAB', 'IRE', 'ZTG', 'CBRG', 'COZX', 'SMCX', 'SNDG', 'SUNE', 'AXTX', 'CRWU']
04:07:50  universe: 71 from IBKR scanner + 64 extra from Alpaca
04:07:52  Wrote 27 gappers (27 kept): ['BKYI', 'NVVE', 'TVRD', 'IOTR', 'RPGL', 'SKYQ', 'ELTX', 'BABU', 'UCTX', 'BABX', 'KBAB', 'IRE', 'ZTG', 'CBRG', 'COZX', 'SMCX', 'SNDG', 'AXTX', 'CRWU', 'SILO']
04:08:38  universe: 70 from IBKR scanner + 64 extra from Alpaca
04:08:40  Wrote 27 gappers (27 kept): ['BKYI', 'NVVE', 'TVRD', 'IOTR', 'RPGL', 'SKYQ', 'ELTX', 'BABU', 'UCTX', 'BABX', 'KBAB', 'IRE', 'ZTG', 'CBRG', 'SMCX', 'COZX', 'SNDG', 'AXTX', 'CRWU', 'SUNE']
04:09:27  universe: 71 from IBKR scanner + 64 extra from Alpaca
04:09:28  Wrote 27 gappers (27 kept): ['BKYI', 'NVVE', 'TVRD', 'IOTR', 'RPGL', 'SKYQ', 'ELTX', 'BABU', 'UCTX', 'BABX', 'KBAB', 'IRE', 'ZTG', 'CBRG', 'COZX', 'SNDG', 'SMCX', 'AXTX', 'CRWU', 'SILO']
04:10:15  universe: 70 from IBKR scanner + 65 extra from Alpaca
04:10:16  Wrote 27 gappers (27 kept): ['BKYI', 'NVVE', 'TVRD', 'IOTR', 'RPGL', 'SKYQ', 'ELTX', 'BABU', 'UCTX', 'BABX', 'KBAB', 'IRE', 'ZTG', 'CBRG', 'COZX', 'SNDG', 'SMCX', 'AXTX', 'SUNE', 'CRWU']
04:11:03  universe: 71 from IBKR scanner + 64 extra from Alpaca
04:11:04  Wrote 28 gappers (28 kept): ['BKYI', 'NVVE', 'TVRD', 'IOTR', 'RPGL', 'SKYQ', 'ELTX', 'BABU', 'UCTX', 'BABX', 'KBAB', 'IRE', 'ZTG', 'CBRG', 'COZX', 'SMCX', 'SNDG', 'AXTX', 'SUNE', 'CRWU']
04:11:51  universe: 71 from IBKR scanner + 65 extra from Alpaca
04:11:52  Wrote 28 gappers (28 kept): ['BKYI', 'NVVE', 'TVRD', 'IOTR', 'RPGL', 'SKYQ', 'ELTX', 'BABU', 'UCTX', 'BABX', 'KBAB', 'IRE', 'ZTG', 'CBRG', 'SMCX', 'COZX', 'SNDG', 'AXTX', 'CRWU', 'SILO']
04:12:39  universe: 70 from IBKR scanner + 65 extra from Alpaca
04:12:41  Wrote 28 gappers (28 kept): ['BKYI', 'NVVE', 'TVRD', 'IOTR', 'RPGL', 'SKYQ', 'ELTX', 'BABU', 'UCTX', 'BABX', 'KBAB', 'IRE', 'ZTG', 'CBRG', 'SMCX', 'COZX', 'SNDG', 'CRWU', 'AXTX', 'SILO']
04:13:27  universe: 70 from IBKR scanner + 65 extra from Alpaca
04:13:29  Wrote 28 gappers (28 kept): ['BKYI', 'NVVE', 'TVRD', 'IOTR', 'RPGL', 'SKYQ', 'ELTX', 'BABU', 'UCTX', 'BABX', 'KBAB', 'IRE', 'ZTG', 'CBRG', 'COZX', 'SMCX', 'SNDG', 'CRWU', 'AXTX', 'SILO']
04:14:15  universe: 71 from IBKR scanner + 65 extra from Alpaca
04:14:17  Wrote 28 gappers (28 kept): ['BKYI', 'NVVE', 'TVRD', 'IOTR', 'RPGL', 'SKYQ', 'ELTX', 'BABU', 'UCTX', 'BABX', 'KBAB', 'IRE', 'ZTG', 'CBRG', 'COZX', 'SMCX', 'SNDG', 'CRWU', 'AXTX', 'SILO']
04:15:03  universe: 71 from IBKR scanner + 65 extra from Alpaca
04:15:05  Wrote 28 gappers (28 kept): ['BKYI', 'NVVE', 'TVRD', 'IOTR', 'RPGL', 'SKYQ', 'ELTX', 'BABU', 'UCTX', 'BABX', 'KBAB', 'IRE', 'ZTG', 'CBRG', 'COZX', 'SNDG', 'SMCX', 'SUNE', 'CRWU', 'AXTX']
04:15:51  universe: 71 from IBKR scanner + 64 extra from Alpaca
04:15:53  Wrote 28 gappers (28 kept): ['BKYI', 'NVVE', 'TVRD', 'IOTR', 'RPGL', 'SKYQ', 'ELTX', 'BABU', 'UCTX', 'BABX', 'KBAB', 'IRE', 'ZTG', 'CBRG', 'COZX', 'SNDG', 'SMCX', 'CRWU', 'AXTX', 'SILO']
04:16:40  universe: 72 from IBKR scanner + 64 extra from Alpaca
04:16:41  Wrote 28 gappers (28 kept): ['BKYI', 'NVVE', 'TVRD', 'IOTR', 'RPGL', 'SKYQ', 'ELTX', 'ZTG', 'BABU', 'UCTX', 'BABX', 'KBAB', 'IRE', 'CBRG', 'COZX', 'SNDG', 'SMCX', 'AXTX', 'CRWU', 'SILO']
04:17:28  universe: 72 from IBKR scanner + 64 extra from Alpaca
04:17:29  Wrote 28 gappers (28 kept): ['BKYI', 'NVVE', 'TVRD', 'IOTR', 'RPGL', 'SKYQ', 'ELTX', 'ZTG', 'BABU', 'UCTX', 'BABX', 'KBAB', 'IRE', 'CBRG', 'COZX', 'SNDG', 'SMCX', 'AXTX', 'CRWU', 'SILO']
04:18:16  universe: 72 from IBKR scanner + 65 extra from Alpaca
04:18:17  Wrote 28 gappers (28 kept): ['BKYI', 'NVVE', 'TVRD', 'IOTR', 'RPGL', 'SKYQ', 'ELTX', 'ZTG', 'BABU', 'UCTX', 'BABX', 'KBAB', 'IRE', 'CBRG', 'SNDG', 'COZX', 'SMCX', 'AXTX', 'CRWU', 'SILO']
04:19:04  universe: 72 from IBKR scanner + 65 extra from Alpaca
04:19:05  Wrote 28 gappers (28 kept): ['BKYI', 'NVVE', 'TVRD', 'IOTR', 'RPGL', 'SKYQ', 'ELTX', 'ZTG', 'BABU', 'UCTX', 'BABX', 'KBAB', 'IRE', 'CBRG', 'SNDG', 'COZX', 'SMCX', 'AXTX', 'CRWU', 'SILO']
04:19:52  universe: 72 from IBKR scanner + 64 extra from Alpaca
04:19:53  Wrote 28 gappers (28 kept): ['BKYI', 'NVVE', 'TVRD', 'IOTR', 'RPGL', 'SKYQ', 'ELTX', 'ZTG', 'BABU', 'UCTX', 'BABX', 'KBAB', 'IRE', 'CBRG', 'SNDG', 'COZX', 'SMCX', 'AXTX', 'CRWU', 'SILO']
04:20:40  universe: 73 from IBKR scanner + 63 extra from Alpaca
04:20:41  Wrote 28 gappers (28 kept): ['BKYI', 'NVVE', 'TVRD', 'IOTR', 'RPGL', 'SKYQ', 'ELTX', 'ZTG', 'UCTX', 'IRE', 'KBAB', 'BABU', 'BABX', 'CBRG', 'SNDG', 'COZX', 'SMCX', 'AXTX', 'CRWU', 'SILO']
04:21:28  universe: 73 from IBKR scanner + 63 extra from Alpaca
04:21:29  Wrote 28 gappers (28 kept): ['BKYI', 'NVVE', 'TVRD', 'IOTR', 'RPGL', 'SKYQ', 'ELTX', 'ZTG', 'UCTX', 'IRE', 'KBAB', 'BABU', 'BABX', 'CBRG', 'SNDG', 'COZX', 'SMCX', 'AXTX', 'CRWU', 'SUNE']
04:22:16  universe: 73 from IBKR scanner + 63 extra from Alpaca
04:22:17  Wrote 28 gappers (28 kept): ['BKYI', 'NVVE', 'TVRD', 'IOTR', 'RPGL', 'SKYQ', 'ELTX', 'ZTG', 'UCTX', 'IRE', 'KBAB', 'BABU', 'BABX', 'CBRG', 'SNDG', 'COZX', 'SMCX', 'AXTX', 'CRWU', 'SUNE']
04:23:04  universe: 73 from IBKR scanner + 63 extra from Alpaca
04:23:05  Wrote 28 gappers (28 kept): ['BKYI', 'NVVE', 'TVRD', 'IOTR', 'RPGL', 'SKYQ', 'ELTX', 'ZTG', 'UCTX', 'KBAB', 'IRE', 'BABU', 'BABX', 'CBRG', 'SNDG', 'COZX', 'SMCX', 'AXTX', 'CRWU', 'SILO']
04:23:52  universe: 73 from IBKR scanner + 63 extra from Alpaca
04:23:54  Wrote 28 gappers (28 kept): ['BKYI', 'NVVE', 'TVRD', 'IOTR', 'RPGL', 'SKYQ', 'ELTX', 'ZTG', 'UCTX', 'IRE', 'KBAB', 'BABU', 'BABX', 'CBRG', 'SNDG', 'COZX', 'SMCX', 'AXTX', 'CRWU', 'SILO']
04:24:40  universe: 73 from IBKR scanner + 63 extra from Alpaca
04:24:42  Wrote 28 gappers (28 kept): ['BKYI', 'NVVE', 'TVRD', 'IOTR', 'RPGL', 'SKYQ', 'ELTX', 'ZTG', 'UCTX', 'IRE', 'KBAB', 'BABU', 'BABX', 'CBRG', 'SNDG', 'COZX', 'SMCX', 'AXTX', 'CRWU', 'SILO']
04:25:29  universe: 73 from IBKR scanner + 63 extra from Alpaca
04:25:30  Wrote 28 gappers (28 kept): ['BKYI', 'NVVE', 'TVRD', 'IOTR', 'RPGL', 'SKYQ', 'ELTX', 'ZTG', 'UCTX', 'KBAB', 'IRE', 'BABU', 'BABX', 'CBRG', 'SNDG', 'COZX', 'SMCX', 'AXTX', 'CRWU', 'SILO']
04:26:17  universe: 73 from IBKR scanner + 63 extra from Alpaca
04:26:19  Wrote 28 gappers (28 kept): ['BKYI', 'NVVE', 'TVRD', 'IOTR', 'RPGL', 'SKYQ', 'ELTX', 'ZTG', 'UCTX', 'IRE', 'KBAB', 'BABU', 'BABX', 'CBRG', 'COZX', 'SNDG', 'SMCX', 'AXTX', 'CRWU', 'SILO']
04:27:05  universe: 73 from IBKR scanner + 63 extra from Alpaca
04:27:07  Wrote 28 gappers (28 kept): ['BKYI', 'NVVE', 'TVRD', 'IOTR', 'RPGL', 'SKYQ', 'ELTX', 'ZTG', 'UCTX', 'IRE', 'KBAB', 'BABU', 'BABX', 'CBRG', 'COZX', 'SNDG', 'SMCX', 'AXTX', 'CRWU', 'SILO']
04:27:53  universe: 73 from IBKR scanner + 63 extra from Alpaca
04:27:55  Wrote 28 gappers (28 kept): ['BKYI', 'NVVE', 'TVRD', 'IOTR', 'RPGL', 'SKYQ', 'ELTX', 'ZTG', 'UCTX', 'KBAB', 'IRE', 'BABU', 'BABX', 'CBRG', 'COZX', 'SNDG', 'SMCX', 'AXTX', 'CRWU', 'SILO']
04:28:41  universe: 73 from IBKR scanner + 63 extra from Alpaca
04:28:43  Wrote 28 gappers (28 kept): ['BKYI', 'NVVE', 'TVRD', 'IOTR', 'RPGL', 'SKYQ', 'ELTX', 'ZTG', 'UCTX', 'KBAB', 'IRE', 'BABU', 'BABX', 'CBRG', 'COZX', 'SNDG', 'SMCX', 'AXTX', 'CRWU', 'SILO']
04:29:29  universe: 73 from IBKR scanner + 63 extra from Alpaca
04:29:31  Wrote 28 gappers (28 kept): ['BKYI', 'NVVE', 'TVRD', 'IOTR', 'RPGL', 'SKYQ', 'ELTX', 'ZTG', 'UCTX', 'KBAB', 'IRE', 'BABU', 'BABX', 'CBRG', 'COZX', 'SNDG', 'SMCX', 'AXTX', 'CRWU', 'SILO']
04:30:18  universe: 73 from IBKR scanner + 63 extra from Alpaca
04:30:19  Wrote 28 gappers (28 kept): ['BKYI', 'NVVE', 'TVRD', 'IOTR', 'RPGL', 'SKYQ', 'ELTX', 'ZTG', 'UCTX', 'IRE', 'KBAB', 'BABU', 'BABX', 'CBRG', 'SMCX', 'COZX', 'SNDG', 'AXTX', 'CRWU', 'SILO']
04:31:06  universe: 73 from IBKR scanner + 63 extra from Alpaca
04:31:07  Wrote 28 gappers (28 kept): ['BKYI', 'NVVE', 'TVRD', 'IOTR', 'RPGL', 'ELTX', 'ZTG', 'SKYQ', 'UCTX', 'IRE', 'KBAB', 'BABU', 'BABX', 'CBRG', 'SMCX', 'SNDG', 'COZX', 'AXTX', 'CRWU', 'SILO']
04:31:54  universe: 73 from IBKR scanner + 63 extra from Alpaca
04:31:55  Wrote 28 gappers (28 kept): ['BKYI', 'NVVE', 'TVRD', 'IOTR', 'RPGL', 'ELTX', 'ZTG', 'UCTX', 'IRE', 'KBAB', 'SKYQ', 'BABU', 'BABX', 'SMCX', 'CBRG', 'COZX', 'SNDG', 'AXTX', 'CRWU', 'SILO']
04:32:42  universe: 73 from IBKR scanner + 63 extra from Alpaca
04:32:43  Wrote 28 gappers (28 kept): ['BKYI', 'NVVE', 'TVRD', 'IOTR', 'RPGL', 'ELTX', 'ZTG', 'SKYQ', 'UCTX', 'IRE', 'KBAB', 'BABU', 'BABX', 'SMCX', 'CBRG', 'COZX', 'SNDG', 'AXTX', 'CRWU', 'SILO']
04:33:30  universe: 73 from IBKR scanner + 63 extra from Alpaca
04:33:32  Wrote 28 gappers (28 kept): ['BKYI', 'NVVE', 'TVRD', 'IOTR', 'RPGL', 'ELTX', 'ZTG', 'SKYQ', 'UCTX', 'KBAB', 'IRE', 'BABU', 'BABX', 'CBRG', 'SMCX', 'COZX', 'SNDG', 'AXTX', 'CRWU', 'SILO']
04:34:19  universe: 73 from IBKR scanner + 63 extra from Alpaca
04:34:20  Wrote 28 gappers (28 kept): ['BKYI', 'NVVE', 'TVRD', 'IOTR', 'RPGL', 'ELTX', 'ZTG', 'SKYQ', 'UCTX', 'KBAB', 'IRE', 'BABU', 'BABX', 'CBRG', 'SMCX', 'COZX', 'SNDG', 'AXTX', 'CRWU', 'AP']
04:35:07  universe: 73 from IBKR scanner + 63 extra from Alpaca
04:35:08  Wrote 28 gappers (28 kept): ['BKYI', 'NVVE', 'TVRD', 'IOTR', 'RPGL', 'ELTX', 'ZTG', 'SKYQ', 'UCTX', 'KBAB', 'IRE', 'BABU', 'BABX', 'CBRG', 'SMCX', 'COZX', 'SNDG', 'AXTX', 'CRWU', 'AP']
04:35:55  universe: 73 from IBKR scanner + 63 extra from Alpaca
04:35:56  Wrote 28 gappers (28 kept): ['BKYI', 'NVVE', 'TVRD', 'IOTR', 'RPGL', 'ELTX', 'SKYQ', 'ZTG', 'UCTX', 'KBAB', 'IRE', 'BABU', 'BABX', 'CBRG', 'SMCX', 'SNDG', 'COZX', 'AXTX', 'CRWU', 'AP']
04:36:43  universe: 72 from IBKR scanner + 63 extra from Alpaca
04:36:44  Wrote 28 gappers (28 kept): ['BKYI', 'NVVE', 'TVRD', 'IOTR', 'RPGL', 'ELTX', 'ZTG', 'SKYQ', 'UCTX', 'KBAB', 'IRE', 'BABU', 'BABX', 'CBRG', 'SMCX', 'SNDG', 'COZX', 'AXTX', 'CRWU', 'AP']
04:37:31  universe: 72 from IBKR scanner + 63 extra from Alpaca
04:37:32  Wrote 28 gappers (28 kept): ['BKYI', 'NVVE', 'TVRD', 'IOTR', 'RPGL', 'ELTX', 'ZTG', 'SKYQ', 'UCTX', 'KBAB', 'IRE', 'BABU', 'BABX', 'CBRG', 'SMCX', 'SNDG', 'COZX', 'AXTX', 'CRWU', 'AP']
04:38:19  universe: 73 from IBKR scanner + 63 extra from Alpaca
04:38:21  Wrote 28 gappers (28 kept): ['BKYI', 'NVVE', 'TVRD', 'IOTR', 'RPGL', 'ELTX', 'ZTG', 'SKYQ', 'IRE', 'UCTX', 'KBAB', 'BABU', 'BABX', 'CBRG', 'SMCX', 'SNDG', 'COZX', 'AXTX', 'CRWU', 'SILO']
04:39:07  universe: 73 from IBKR scanner + 63 extra from Alpaca
04:39:09  Wrote 28 gappers (28 kept): ['BKYI', 'NVVE', 'TVRD', 'IOTR', 'RPGL', 'ELTX', 'ZTG', 'SKYQ', 'IRE', 'UCTX', 'BABU', 'KBAB', 'BABX', 'CBRG', 'SMCX', 'SNDG', 'COZX', 'AXTX', 'CRWU', 'SILO']
04:39:56  universe: 73 from IBKR scanner + 63 extra from Alpaca
04:39:57  Wrote 28 gappers (28 kept): ['BKYI', 'NVVE', 'TVRD', 'IOTR', 'RPGL', 'SKYQ', 'ELTX', 'ZTG', 'IRE', 'UCTX', 'BABU', 'KBAB', 'BABX', 'CBRG', 'SMCX', 'SNDG', 'COZX', 'AXTX', 'CRWU', 'SILO']
04:40:44  universe: 73 from IBKR scanner + 63 extra from Alpaca
04:40:45  Wrote 28 gappers (28 kept): ['BKYI', 'NVVE', 'TVRD', 'IOTR', 'RPGL', 'ELTX', 'ZTG', 'SKYQ', 'UCTX', 'IRE', 'KBAB', 'BABU', 'BABX', 'CBRG', 'SMCX', 'SNDG', 'COZX', 'AXTX', 'CRWU', 'SILO']
04:41:32  universe: 73 from IBKR scanner + 63 extra from Alpaca
04:41:33  Wrote 28 gappers (28 kept): ['BKYI', 'NVVE', 'TVRD', 'IOTR', 'RPGL', 'ELTX', 'ZTG', 'SKYQ', 'UCTX', 'KBAB', 'IRE', 'BABU', 'BABX', 'CBRG', 'SMCX', 'SNDG', 'COZX', 'AXTX', 'CRWU', 'SILO']
04:42:20  universe: 73 from IBKR scanner + 63 extra from Alpaca
04:42:22  Wrote 28 gappers (28 kept): ['BKYI', 'NVVE', 'TVRD', 'IOTR', 'RPGL', 'ELTX', 'ZTG', 'SKYQ', 'UCTX', 'IRE', 'KBAB', 'BABU', 'BABX', 'CBRG', 'AXTX', 'SMCX', 'SNDG', 'COZX', 'CRWU', 'SILO']
04:43:08  universe: 74 from IBKR scanner + 63 extra from Alpaca
04:43:10  Wrote 28 gappers (28 kept): ['BKYI', 'NVVE', 'TVRD', 'IOTR', 'RPGL', 'ELTX', 'ZTG', 'SKYQ', 'UCTX', 'IRE', 'KBAB', 'BABU', 'BABX', 'CBRG', 'AXTX', 'SMCX', 'SNDG', 'COZX', 'CRWU', 'SILO']
04:43:57  universe: 74 from IBKR scanner + 63 extra from Alpaca
04:43:58  Wrote 28 gappers (28 kept): ['BKYI', 'NVVE', 'TVRD', 'IOTR', 'RPGL', 'ELTX', 'ZTG', 'SKYQ', 'UCTX', 'IRE', 'KBAB', 'BABU', 'BABX', 'CBRG', 'AXTX', 'SNDG', 'COZX', 'SMCX', 'CRWU', 'SILO']
04:44:45  universe: 74 from IBKR scanner + 63 extra from Alpaca
04:44:46  Wrote 28 gappers (28 kept): ['BKYI', 'NVVE', 'TVRD', 'IOTR', 'RPGL', 'ELTX', 'ZTG', 'SKYQ', 'UCTX', 'KBAB', 'IRE', 'BABU', 'BABX', 'CBRG', 'AXTX', 'SNDG', 'COZX', 'SMCX', 'CRWU', 'SILO']
04:45:33  universe: 74 from IBKR scanner + 63 extra from Alpaca
04:45:34  Wrote 28 gappers (28 kept): ['BKYI', 'NVVE', 'TVRD', 'IOTR', 'RPGL', 'ELTX', 'ZTG', 'SKYQ', 'UCTX', 'KBAB', 'IRE', 'BABU', 'BABX', 'CBRG', 'SNDG', 'COZX', 'SMCX', 'AXTX', 'CRWU', 'SILO']
04:46:21  universe: 74 from IBKR scanner + 63 extra from Alpaca
04:46:22  Wrote 28 gappers (28 kept): ['BKYI', 'NVVE', 'TVRD', 'IOTR', 'RPGL', 'ELTX', 'ZTG', 'SKYQ', 'UCTX', 'KBAB', 'BABU', 'BABX', 'IRE', 'CBRG', 'COZX', 'SMCX', 'SNDG', 'AXTX', 'CRWU', 'SUNE']
04:47:09  universe: 74 from IBKR scanner + 63 extra from Alpaca
04:47:10  Wrote 28 gappers (28 kept): ['BKYI', 'NVVE', 'TVRD', 'IOTR', 'RPGL', 'ELTX', 'ZTG', 'UCTX', 'KBAB', 'BABU', 'SKYQ', 'BABX', 'IRE', 'CBRG', 'COZX', 'SMCX', 'SNDG', 'CRWU', 'AXTX', 'SILO']
04:47:57  universe: 74 from IBKR scanner + 63 extra from Alpaca
04:47:58  Wrote 28 gappers (28 kept): ['BKYI', 'NVVE', 'TVRD', 'IOTR', 'RPGL', 'ELTX', 'ZTG', 'UCTX', 'KBAB', 'BABU', 'SKYQ', 'BABX', 'IRE', 'CBRG', 'COZX', 'SMCX', 'SNDG', 'CRWU', 'AXTX', 'SILO']
04:48:45  universe: 74 from IBKR scanner + 63 extra from Alpaca
04:48:46  Wrote 28 gappers (28 kept): ['BKYI', 'NVVE', 'TVRD', 'IOTR', 'RPGL', 'ELTX', 'ZTG', 'UCTX', 'KBAB', 'SKYQ', 'BABU', 'BABX', 'IRE', 'CBRG', 'COZX', 'SMCX', 'SNDG', 'CRWU', 'AXTX', 'SILO']
04:49:33  universe: 74 from IBKR scanner + 63 extra from Alpaca
04:49:35  Wrote 28 gappers (28 kept): ['BKYI', 'NVVE', 'TVRD', 'IOTR', 'RPGL', 'ELTX', 'ZTG', 'UCTX', 'KBAB', 'SKYQ', 'BABU', 'BABX', 'IRE', 'CBRG', 'COZX', 'SMCX', 'SNDG', 'CRWU', 'AXTX', 'SILO']
04:50:21  universe: 73 from IBKR scanner + 63 extra from Alpaca
04:50:23  Wrote 28 gappers (28 kept): ['BKYI', 'NVVE', 'TVRD', 'IOTR', 'RPGL', 'ELTX', 'ZTG', 'UCTX', 'KBAB', 'SKYQ', 'BABU', 'BABX', 'IRE', 'CBRG', 'COZX', 'SMCX', 'SNDG', 'AXTX', 'CRWU', 'SILO']
04:51:10  universe: 73 from IBKR scanner + 63 extra from Alpaca
04:51:11  Wrote 28 gappers (28 kept): ['BKYI', 'NVVE', 'TVRD', 'IOTR', 'RPGL', 'ELTX', 'ZTG', 'UCTX', 'KBAB', 'BABU', 'SKYQ', 'BABX', 'IRE', 'CBRG', 'COZX', 'SMCX', 'SNDG', 'AXTX', 'CRWU', 'SUNE']
04:51:58  universe: 73 from IBKR scanner + 63 extra from Alpaca
04:51:59  Wrote 28 gappers (28 kept): ['BKYI', 'NVVE', 'TVRD', 'IOTR', 'RPGL', 'ELTX', 'ZTG', 'SKYQ', 'UCTX', 'KBAB', 'BABU', 'BABX', 'IRE', 'CBRG', 'COZX', 'SMCX', 'SNDG', 'AXTX', 'CRWU', 'SUNE']
04:52:46  universe: 73 from IBKR scanner + 63 extra from Alpaca
04:52:48  Wrote 28 gappers (28 kept): ['BKYI', 'NVVE', 'TVRD', 'IOTR', 'RPGL', 'ELTX', 'ZTG', 'SKYQ', 'UCTX', 'KBAB', 'BABU', 'BABX', 'IRE', 'CBRG', 'COZX', 'SMCX', 'SNDG', 'AXTX', 'CRWU', 'SUNE']
04:53:35  universe: 74 from IBKR scanner + 62 extra from Alpaca
04:53:36  Wrote 29 gappers (29 kept): ['BKYI', 'NVVE', 'TVRD', 'IOTR', 'RPGL', 'ELTX', 'ZTG', 'SKYQ', 'UCTX', 'KBAB', 'BABU', 'BABX', 'IRE', 'COZX', 'CBRG', 'SMCX', 'SNDG', 'AXTX', 'CRWU', 'SUNE']
04:54:23  universe: 74 from IBKR scanner + 62 extra from Alpaca
04:54:24  Wrote 29 gappers (29 kept): ['BKYI', 'NVVE', 'TVRD', 'IOTR', 'RPGL', 'ELTX', 'ZTG', 'SKYQ', 'UCTX', 'KBAB', 'BABU', 'BABX', 'IRE', 'COZX', 'CBRG', 'SMCX', 'SNDG', 'SUNE', 'AXTX', 'CRWU']
04:55:11  universe: 74 from IBKR scanner + 62 extra from Alpaca
04:55:13  Wrote 29 gappers (29 kept): ['NVVE', 'BKYI', 'TVRD', 'IOTR', 'RPGL', 'ELTX', 'ZTG', 'SKYQ', 'UCTX', 'KBAB', 'BABU', 'BABX', 'IRE', 'COZX', 'CBRG', 'SMCX', 'SNDG', 'AXTX', 'CRWU', 'SUNE']
04:55:59  universe: 74 from IBKR scanner + 62 extra from Alpaca
04:56:01  Wrote 29 gappers (29 kept): ['NVVE', 'BKYI', 'TVRD', 'IOTR', 'RPGL', 'SKYQ', 'ELTX', 'ZTG', 'UCTX', 'KBAB', 'BABU', 'BABX', 'IRE', 'COZX', 'CBRG', 'SMCX', 'SNDG', 'AXTX', 'CRWU', 'SUNE']
04:56:47  universe: 75 from IBKR scanner + 62 extra from Alpaca
04:56:49  Wrote 28 gappers (28 kept): ['NVVE', 'BKYI', 'TVRD', 'IOTR', 'RPGL', 'SKYQ', 'ELTX', 'ZTG', 'UCTX', 'KBAB', 'BABU', 'BABX', 'IRE', 'COZX', 'CBRG', 'SMCX', 'SNDG', 'AXTX', 'CRWU', 'SUNE']
04:57:36  universe: 74 from IBKR scanner + 63 extra from Alpaca
04:57:37  Wrote 29 gappers (29 kept): ['NVVE', 'BKYI', 'TVRD', 'IOTR', 'RPGL', 'SKYQ', 'ELTX', 'ZTG', 'UCTX', 'KBAB', 'BABU', 'BABX', 'IRE', 'COZX', 'CBRG', 'SMCX', 'SNDG', 'AXTX', 'CRWU', 'SUNE']
04:58:24  universe: 73 from IBKR scanner + 63 extra from Alpaca
04:58:25  Wrote 29 gappers (29 kept): ['NVVE', 'BKYI', 'TVRD', 'IOTR', 'RPGL', 'SKYQ', 'ELTX', 'ZTG', 'UCTX', 'KBAB', 'BABU', 'BABX', 'IRE', 'COZX', 'CBRG', 'SMCX', 'SNDG', 'AXTX', 'CRWU', 'SUNE']
04:59:12  universe: 73 from IBKR scanner + 63 extra from Alpaca
04:59:14  Wrote 29 gappers (29 kept): ['NVVE', 'BKYI', 'TVRD', 'IOTR', 'RPGL', 'SKYQ', 'ELTX', 'ZTG', 'UCTX', 'KBAB', 'BABU', 'BABX', 'IRE', 'COZX', 'CBRG', 'SNDG', 'SMCX', 'AXTX', 'SUNE', 'CRWU']
05:00:00  universe: 73 from IBKR scanner + 62 extra from Alpaca
05:00:02  Wrote 28 gappers (28 kept): ['NVVE', 'BKYI', 'TVRD', 'IOTR', 'RPGL', 'SKYQ', 'ZTG', 'ELTX', 'UCTX', 'KBAB', 'BABU', 'BABX', 'SUNE', 'IRE', 'COZX', 'SNDG', 'CBRG', 'SMCX', 'AXTX', 'CRWU']
05:00:49  universe: 75 from IBKR scanner + 62 extra from Alpaca
05:00:50  Wrote 28 gappers (28 kept): ['NVVE', 'BKYI', 'TVRD', 'IOTR', 'RPGL', 'ELTX', 'SKYQ', 'ZTG', 'UCTX', 'SUNE', 'KBAB', 'COZX', 'BABU', 'BABX', 'IRE', 'SNDG', 'CBRG', 'SMCX', 'AXTX', 'CRWU']
05:01:37  universe: 75 from IBKR scanner + 62 extra from Alpaca
05:01:39  Wrote 28 gappers (28 kept): ['NVVE', 'BKYI', 'TVRD', 'IOTR', 'RPGL', 'ELTX', 'SKYQ', 'ZTG', 'UCTX', 'KBAB', 'COZX', 'BABU', 'BABX', 'IRE', 'SUNE', 'SMCX', 'SNDG', 'AXTX', 'CBRG', 'CRWU']
05:02:26  universe: 75 from IBKR scanner + 62 extra from Alpaca
05:02:27  Wrote 28 gappers (28 kept): ['NVVE', 'BKYI', 'TVRD', 'IOTR', 'RPGL', 'ELTX', 'SKYQ', 'ZTG', 'UCTX', 'KBAB', 'COZX', 'BABU', 'BABX', 'IRE', 'SMCX', 'AXTX', 'CBRG', 'SUNE', 'SNDG', 'CRWU']
05:03:14  universe: 76 from IBKR scanner + 62 extra from Alpaca
05:03:15  Wrote 28 gappers (28 kept): ['NVVE', 'BKYI', 'TVRD', 'IOTR', 'RPGL', 'SKYQ', 'ELTX', 'ZTG', 'UCTX', 'KBAB', 'COZX', 'BABU', 'BABX', 'IRE', 'SUNE', 'AXTX', 'CBRG', 'SNDG', 'SMCX', 'CRWU']
05:04:02  universe: 74 from IBKR scanner + 63 extra from Alpaca
05:04:03  Wrote 29 gappers (29 kept): ['NVVE', 'BKYI', 'TVRD', 'IOTR', 'RPGL', 'ELTX', 'ZTG', 'SKYQ', 'UCTX', 'KBAB', 'COZX', 'BABU', 'BABX', 'IRE', 'SMCX', 'AXTX', 'CBRG', 'SUNE', 'SNDG', 'CRWU']
05:04:50  universe: 75 from IBKR scanner + 63 extra from Alpaca
05:04:51  Wrote 29 gappers (29 kept): ['BKYI', 'NVVE', 'TVRD', 'IOTR', 'RPGL', 'ELTX', 'ZTG', 'SKYQ', 'UCTX', 'KBAB', 'COZX', 'BABU', 'BABX', 'IRE', 'SNDG', 'SMCX', 'AXTX', 'CBRG', 'CRWU', 'SUNE']
05:05:38  universe: 75 from IBKR scanner + 63 extra from Alpaca
05:05:40  Wrote 29 gappers (29 kept): ['NVVE', 'BKYI', 'TVRD', 'IOTR', 'RPGL', 'ELTX', 'ZTG', 'SKYQ', 'UCTX', 'KBAB', 'COZX', 'BABU', 'BABX', 'IRE', 'SNDG', 'SMCX', 'AXTX', 'CBRG', 'CRWU', 'SUNE']
05:06:27  universe: 74 from IBKR scanner + 64 extra from Alpaca
05:06:28  Wrote 30 gappers (30 kept): ['NVVE', 'BKYI', 'TVRD', 'IOTR', 'RPGL', 'ELTX', 'ZTG', 'SKYQ', 'UCTX', 'KBAB', 'COZX', 'BABU', 'BABX', 'IRE', 'SNDG', 'SMCX', 'AXTX', 'CBRG', 'SUNE', 'CRWU']
05:07:15  universe: 73 from IBKR scanner + 64 extra from Alpaca
05:07:17  Wrote 30 gappers (30 kept): ['NVVE', 'BKYI', 'TVRD', 'IOTR', 'RPGL', 'ZTG', 'SKYQ', 'ELTX', 'UCTX', 'KBAB', 'COZX', 'BABU', 'BABX', 'IRE', 'SNDG', 'SMCX', 'AXTX', 'CRWU', 'SUNE', 'CBRG']
05:08:04  universe: 74 from IBKR scanner + 64 extra from Alpaca
05:08:05  Wrote 30 gappers (30 kept): ['NVVE', 'BKYI', 'TVRD', 'IOTR', 'RPGL', 'SKYQ', 'ZTG', 'ELTX', 'UCTX', 'KBAB', 'COZX', 'BABU', 'BABX', 'IRE', 'SNDG', 'SMCX', 'AXTX', 'CRWU', 'CBRG', 'SUNE']
05:08:52  universe: 75 from IBKR scanner + 63 extra from Alpaca
05:08:53  Wrote 30 gappers (30 kept): ['NVVE', 'BKYI', 'TVRD', 'IOTR', 'RPGL', 'ZTG', 'SKYQ', 'ELTX', 'UCTX', 'KBAB', 'COZX', 'BABU', 'BABX', 'IRE', 'SMCX', 'SNDG', 'AXTX', 'SUNE', 'CRWU', 'CBRG']
05:09:40  universe: 75 from IBKR scanner + 64 extra from Alpaca
05:09:42  Wrote 30 gappers (30 kept): ['NVVE', 'BKYI', 'TVRD', 'IOTR', 'RPGL', 'SKYQ', 'ZTG', 'ELTX', 'UCTX', 'KBAB', 'COZX', 'BABU', 'BABX', 'IRE', 'SMCX', 'SNDG', 'AXTX', 'CBRG', 'CRWU', 'SUNE']
05:10:28  universe: 74 from IBKR scanner + 64 extra from Alpaca
05:10:30  Wrote 30 gappers (30 kept): ['NVVE', 'BKYI', 'TVRD', 'IOTR', 'RPGL', 'SKYQ', 'ZTG', 'ELTX', 'UCTX', 'KBAB', 'COZX', 'BABU', 'BABX', 'IRE', 'SMCX', 'SNDG', 'AXTX', 'SUNE', 'CRWU', 'CBRG']
05:11:17  universe: 74 from IBKR scanner + 64 extra from Alpaca
05:11:18  Wrote 30 gappers (30 kept): ['NVVE', 'BKYI', 'TVRD', 'IOTR', 'RPGL', 'SKYQ', 'ZTG', 'ELTX', 'UCTX', 'KBAB', 'COZX', 'BABU', 'BABX', 'IRE', 'SMCX', 'SNDG', 'SUNE', 'AXTX', 'CRWU', 'CBRG']
05:12:05  universe: 74 from IBKR scanner + 64 extra from Alpaca
05:12:06  Wrote 30 gappers (30 kept): ['NVVE', 'BKYI', 'TVRD', 'IOTR', 'RPGL', 'SKYQ', 'ZTG', 'ELTX', 'UCTX', 'KBAB', 'COZX', 'BABU', 'BABX', 'IRE', 'SMCX', 'SNDG', 'SUNE', 'AXTX', 'CRWU', 'CBRG']
05:12:53  universe: 76 from IBKR scanner + 63 extra from Alpaca
05:12:54  Wrote 30 gappers (30 kept): ['NVVE', 'BKYI', 'TVRD', 'IOTR', 'RPGL', 'SKYQ', 'ZTG', 'ELTX', 'UCTX', 'KBAB', 'COZX', 'BABU', 'BABX', 'IRE', 'SMCX', 'SNDG', 'SUNE', 'AXTX', 'CRWU', 'CBRG']
05:13:41  universe: 76 from IBKR scanner + 63 extra from Alpaca
05:13:43  Wrote 30 gappers (30 kept): ['NVVE', 'BKYI', 'TVRD', 'IOTR', 'RPGL', 'SKYQ', 'ZTG', 'ELTX', 'UCTX', 'KBAB', 'COZX', 'BABU', 'BABX', 'IRE', 'SMCX', 'SNDG', 'AXTX', 'SUNE', 'CRWU', 'CBRG']
05:14:29  universe: 75 from IBKR scanner + 63 extra from Alpaca
05:14:31  Wrote 30 gappers (30 kept): ['NVVE', 'BKYI', 'TVRD', 'IOTR', 'RPGL', 'SKYQ', 'ZTG', 'ELTX', 'UCTX', 'KBAB', 'COZX', 'BABU', 'BABX', 'IRE', 'SMCX', 'SNDG', 'AXTX', 'CBRG', 'CRWU', 'SUNE']
05:15:18  universe: 75 from IBKR scanner + 63 extra from Alpaca
05:15:19  Wrote 30 gappers (30 kept): ['NVVE', 'BKYI', 'TVRD', 'IOTR', 'RPGL', 'SKYQ', 'ZTG', 'ELTX', 'UCTX', 'KBAB', 'COZX', 'BABU', 'BABX', 'IRE', 'SMCX', 'SNDG', 'AXTX', 'SUNE', 'CBRG', 'CRWU']
05:16:06  universe: 76 from IBKR scanner + 63 extra from Alpaca
05:16:07  Wrote 29 gappers (29 kept): ['NVVE', 'BKYI', 'TVRD', 'IOTR', 'RPGL', 'SKYQ', 'ZTG', 'ELTX', 'UCTX', 'KBAB', 'COZX', 'BABX', 'BABU', 'IRE', 'SMCX', 'SNDG', 'AXTX', 'SUNE', 'CBRG', 'CRWU']
05:16:54  universe: 77 from IBKR scanner + 63 extra from Alpaca
05:16:55  Wrote 29 gappers (29 kept): ['NVVE', 'BKYI', 'TVRD', 'IOTR', 'RPGL', 'SKYQ', 'ZTG', 'ELTX', 'UCTX', 'KBAB', 'COZX', 'BABU', 'BABX', 'IRE', 'SUNE', 'SMCX', 'SNDG', 'AXTX', 'CRWU', 'CBRG']
05:17:42  universe: 76 from IBKR scanner + 63 extra from Alpaca
05:17:44  Wrote 29 gappers (29 kept): ['NVVE', 'BKYI', 'TVRD', 'IOTR', 'RPGL', 'SKYQ', 'ZTG', 'ELTX', 'UCTX', 'KBAB', 'COZX', 'BABU', 'BABX', 'SUNE', 'IRE', 'SMCX', 'SNDG', 'AXTX', 'CRWU', 'CBRG']
05:18:30  universe: 77 from IBKR scanner + 63 extra from Alpaca
05:18:32  Wrote 29 gappers (29 kept): ['NVVE', 'BKYI', 'TVRD', 'IOTR', 'RPGL', 'SKYQ', 'ZTG', 'ELTX', 'UCTX', 'KBAB', 'COZX', 'BABU', 'BABX', 'SUNE', 'IRE', 'SMCX', 'SNDG', 'AXTX', 'CRWU', 'CBRG']
05:19:19  universe: 75 from IBKR scanner + 63 extra from Alpaca
05:19:20  Wrote 29 gappers (29 kept): ['NVVE', 'BKYI', 'TVRD', 'IOTR', 'RPGL', 'SKYQ', 'ZTG', 'SUNE', 'ELTX', 'UCTX', 'KBAB', 'COZX', 'BABU', 'BABX', 'IRE', 'SMCX', 'SNDG', 'AXTX', 'CRWU', 'CBRG']
05:20:07  universe: 77 from IBKR scanner + 63 extra from Alpaca
05:20:08  Wrote 29 gappers (29 kept): ['NVVE', 'BKYI', 'TVRD', 'IOTR', 'RPGL', 'SKYQ', 'ZTG', 'SUNE', 'ELTX', 'UCTX', 'KBAB', 'COZX', 'BABU', 'BABX', 'IRE', 'SMCX', 'SNDG', 'AXTX', 'CRWU', 'CBRG']
05:20:55  universe: 76 from IBKR scanner + 63 extra from Alpaca
05:20:57  Wrote 29 gappers (29 kept): ['NVVE', 'BKYI', 'TVRD', 'IOTR', 'SKYQ', 'RPGL', 'ZTG', 'ELTX', 'SUNE', 'UCTX', 'COZX', 'BABU', 'BABX', 'KBAB', 'IRE', 'SNDG', 'SMCX', 'CRWU', 'AXTX', 'CBRG']
05:21:44  universe: 75 from IBKR scanner + 63 extra from Alpaca
05:21:45  Wrote 30 gappers (30 kept): ['NVVE', 'BKYI', 'TVRD', 'IOTR', 'SKYQ', 'RPGL', 'ZTG', 'ELTX', 'UCTX', 'COZX', 'BABU', 'BABX', 'KBAB', 'IRE', 'SNDG', 'SUNE', 'SMCX', 'CRWU', 'AXTX', 'CBRG']
05:22:32  universe: 76 from IBKR scanner + 63 extra from Alpaca
05:22:33  Wrote 30 gappers (30 kept): ['NVVE', 'BKYI', 'TVRD', 'IOTR', 'SKYQ', 'RPGL', 'ZTG', 'ELTX', 'UCTX', 'SUNE', 'COZX', 'BABU', 'BABX', 'KBAB', 'IRE', 'SNDG', 'SMCX', 'AXTX', 'CRWU', 'CBRG']
05:23:20  universe: 76 from IBKR scanner + 63 extra from Alpaca
05:23:22  Wrote 31 gappers (31 kept): ['NVVE', 'BKYI', 'TVRD', 'IOTR', 'RPGL', 'SKYQ', 'ZTG', 'ELTX', 'UCTX', 'COZX', 'SUNE', 'BABU', 'BABX', 'KBAB', 'IRE', 'SNDG', 'SMCX', 'AXTX', 'CRWU', 'CBRG']
05:24:08  universe: 76 from IBKR scanner + 63 extra from Alpaca
05:24:10  Wrote 31 gappers (31 kept): ['NVVE', 'BKYI', 'TVRD', 'IOTR', 'RPGL', 'SKYQ', 'ZTG', 'ELTX', 'UCTX', 'BABX', 'COZX', 'BABU', 'KBAB', 'SUNE', 'IRE', 'SNDG', 'SMCX', 'CRWU', 'AXTX', 'CBRG']
05:24:57  universe: 75 from IBKR scanner + 63 extra from Alpaca
05:24:58  Wrote 31 gappers (31 kept): ['NVVE', 'BKYI', 'TVRD', 'IOTR', 'SKYQ', 'RPGL', 'ZTG', 'ELTX', 'UCTX', 'BABX', 'COZX', 'BABU', 'KBAB', 'IRE', 'SNDG', 'SMCX', 'CRWU', 'SUNE', 'AXTX', 'CBRG']
05:25:45  universe: 77 from IBKR scanner + 63 extra from Alpaca
05:25:46  Wrote 31 gappers (31 kept): ['NVVE', 'BKYI', 'TVRD', 'IOTR', 'SKYQ', 'RPGL', 'ZTG', 'ELTX', 'UCTX', 'BABX', 'COZX', 'BABU', 'KBAB', 'IRE', 'SUNE', 'SNDG', 'SMCX', 'CRWU', 'AXTX', 'CBRG']
05:26:33  universe: 78 from IBKR scanner + 63 extra from Alpaca
05:26:35  Wrote 31 gappers (31 kept): ['NVVE', 'BKYI', 'TVRD', 'IOTR', 'SKYQ', 'RPGL', 'ZTG', 'ELTX', 'UCTX', 'BABX', 'COZX', 'SUNE', 'BABU', 'KBAB', 'SNDG', 'IRE', 'SMCX', 'CRWU', 'AXTX', 'CBRG']
05:27:22  universe: 76 from IBKR scanner + 63 extra from Alpaca
05:27:23  Wrote 31 gappers (31 kept): ['NVVE', 'BKYI', 'TVRD', 'IOTR', 'SKYQ', 'RPGL', 'ZTG', 'ELTX', 'IRE', 'UCTX', 'BABX', 'COZX', 'SNDG', 'BABU', 'KBAB', 'SUNE', 'SMCX', 'CRWU', 'AXTX', 'CBRG']
05:28:09  universe: 76 from IBKR scanner + 63 extra from Alpaca
05:28:11  Wrote 31 gappers (31 kept): ['NVVE', 'BKYI', 'TVRD', 'IOTR', 'SKYQ', 'RPGL', 'ZTG', 'ELTX', 'UCTX', 'BABX', 'COZX', 'IRE', 'BABU', 'SNDG', 'KBAB', 'SUNE', 'SMCX', 'CRWU', 'AXTX', 'CBRG']
05:28:58  universe: 76 from IBKR scanner + 63 extra from Alpaca
05:28:59  Wrote 31 gappers (31 kept): ['NVVE', 'BKYI', 'TVRD', 'IOTR', 'SKYQ', 'RPGL', 'ZTG', 'ELTX', 'UCTX', 'BABX', 'COZX', 'SUNE', 'BABU', 'SNDG', 'KBAB', 'IRE', 'SMCX', 'CRWU', 'AXTX', 'CBRG']
05:29:46  universe: 75 from IBKR scanner + 63 extra from Alpaca
05:29:47  Wrote 32 gappers (32 kept): ['NVVE', 'BKYI', 'TVRD', 'IOTR', 'SKYQ', 'RPGL', 'SUNE', 'ZTG', 'ELTX', 'UCTX', 'BABX', 'SNDG', 'COZX', 'BABU', 'KBAB', 'IRE', 'SMCX', 'CBRG', 'CRWU', 'AXTX']
05:30:35  universe: 75 from IBKR scanner + 64 extra from Alpaca
05:30:36  Wrote 33 gappers (33 kept): ['NVVE', 'BKYI', 'TVRD', 'IOTR', 'SKYQ', 'RPGL', 'SUNE', 'ZTG', 'ELTX', 'UCTX', 'BABX', 'SNDG', 'COZX', 'BABU', 'IRE', 'KBAB', 'SMCX', 'CRWU', 'AXTX', 'CBRG']
05:31:23  universe: 75 from IBKR scanner + 64 extra from Alpaca
05:31:25  Wrote 33 gappers (33 kept): ['VRAX', 'NVVE', 'BKYI', 'TVRD', 'IOTR', 'SKYQ', 'RPGL', 'SUNE', 'ZTG', 'ELTX', 'SNDG', 'UCTX', 'BABX', 'COZX', 'BABU', 'KBAB', 'IRE', 'SMCX', 'CRWU', 'AXTX']
05:32:12  universe: 76 from IBKR scanner + 63 extra from Alpaca
05:32:13  Wrote 34 gappers (34 kept): ['VRAX', 'NVVE', 'BKYI', 'TVRD', 'IOTR', 'RPGL', 'SKYQ', 'ZTG', 'ELTX', 'SUNE', 'UCTX', 'BABX', 'COZX', 'SNDG', 'BABU', 'IRE', 'KBAB', 'SMCX', 'CBRG', 'CRWU']
05:33:00  universe: 76 from IBKR scanner + 64 extra from Alpaca
05:33:02  Wrote 34 gappers (34 kept): ['VRAX', 'NVVE', 'BKYI', 'TVRD', 'IOTR', 'SKYQ', 'RPGL', 'ZTG', 'ELTX', 'UCTX', 'BABX', 'SUNE', 'SNDG', 'IRE', 'COZX', 'BABU', 'KBAB', 'AXTX', 'CRWU', 'SMCX']
05:33:49  universe: 75 from IBKR scanner + 63 extra from Alpaca
05:33:50  Wrote 34 gappers (34 kept): ['VRAX', 'NVVE', 'BKYI', 'TVRD', 'IOTR', 'SKYQ', 'RPGL', 'ZTG', 'SUNE', 'IRE', 'ELTX', 'UCTX', 'BABX', 'SNDG', 'COZX', 'BABU', 'KBAB', 'AXTX', 'CRWU', 'SMCX']
05:34:37  universe: 76 from IBKR scanner + 63 extra from Alpaca
05:34:39  Wrote 34 gappers (34 kept): ['VRAX', 'NVVE', 'BKYI', 'TVRD', 'IOTR', 'SKYQ', 'RPGL', 'IRE', 'ZTG', 'ELTX', 'UCTX', 'BABX', 'SNDG', 'COZX', 'SUNE', 'BABU', 'KBAB', 'CRWU', 'AXTX', 'SMCX']
05:35:26  universe: 76 from IBKR scanner + 63 extra from Alpaca
05:35:27  Wrote 34 gappers (34 kept): ['VRAX', 'NVVE', 'BKYI', 'TVRD', 'IOTR', 'SKYQ', 'RPGL', 'IRE', 'ZTG', 'ELTX', 'UCTX', 'BABX', 'SNDG', 'COZX', 'BABU', 'KBAB', 'SUNE', 'CRWU', 'AXTX', 'SMCX']
05:36:14  universe: 76 from IBKR scanner + 65 extra from Alpaca
05:36:16  Wrote 34 gappers (34 kept): ['VRAX', 'NVVE', 'BKYI', 'TVRD', 'IOTR', 'SKYQ', 'RPGL', 'ZTG', 'IRE', 'SNDG', 'ELTX', 'UCTX', 'BABX', 'COZX', 'BABU', 'KBAB', 'CRWU', 'AXTX', 'SUNE', 'SMCX']
05:37:02  universe: 76 from IBKR scanner + 65 extra from Alpaca
05:37:04  Wrote 34 gappers (34 kept): ['VRAX', 'NVVE', 'BKYI', 'TVRD', 'IOTR', 'SKYQ', 'RPGL', 'ZTG', 'IRE', 'ELTX', 'SNDG', 'UCTX', 'BABX', 'COZX', 'BABU', 'CRWU', 'KBAB', 'SUNE', 'AXTX', 'SMCX']
05:37:51  universe: 76 from IBKR scanner + 64 extra from Alpaca
05:37:53  Wrote 34 gappers (34 kept): ['VRAX', 'NVVE', 'BKYI', 'TVRD', 'IOTR', 'SKYQ', 'IRE', 'ZTG', 'RPGL', 'ELTX', 'UCTX', 'BABX', 'COZX', 'SNDG', 'CRWU', 'BABU', 'KBAB', 'SUNE', 'AXTX', 'SMCX']
05:38:40  universe: 75 from IBKR scanner + 64 extra from Alpaca
05:38:41  Wrote 34 gappers (34 kept): ['VRAX', 'NVVE', 'BKYI', 'TVRD', 'IOTR', 'SKYQ', 'IRE', 'RPGL', 'ZTG', 'ELTX', 'BABX', 'UCTX', 'COZX', 'BABU', 'KBAB', 'CRWU', 'SNDG', 'SUNE', 'SMCX', 'AXTX']
05:39:28  universe: 75 from IBKR scanner + 64 extra from Alpaca
05:39:30  Wrote 34 gappers (34 kept): ['VRAX', 'NVVE', 'BKYI', 'TVRD', 'IOTR', 'SKYQ', 'IRE', 'ZTG', 'RPGL', 'ELTX', 'BABX', 'UCTX', 'COZX', 'CRWU', 'SUNE', 'BABU', 'KBAB', 'SNDG', 'SMCX', 'AXTX']
05:40:17  universe: 76 from IBKR scanner + 64 extra from Alpaca
05:40:18  Wrote 35 gappers (35 kept): ['VRAX', 'NVVE', 'BKYI', 'TVRD', 'IOTR', 'IRE', 'SKYQ', 'ZTG', 'RPGL', 'ELTX', 'BABX', 'CRWU', 'UCTX', 'COZX', 'BABU', 'KBAB', 'SNDG', 'SUNE', 'SMCX', 'AXTX']
05:41:05  universe: 76 from IBKR scanner + 64 extra from Alpaca
05:41:07  Wrote 37 gappers (37 kept): ['VRAX', 'NVVE', 'BKYI', 'TVRD', 'IOTR', 'IRE', 'SKYQ', 'ZTG', 'RPGL', 'ELTX', 'SNDG', 'CRWU', 'UCTX', 'BABX', 'COZX', 'BABU', 'KBAB', 'SUNE', 'SMCX', 'AXTX']
05:41:54  universe: 76 from IBKR scanner + 64 extra from Alpaca
05:41:55  Wrote 36 gappers (36 kept): ['VRAX', 'NVVE', 'BKYI', 'TVRD', 'IOTR', 'IRE', 'SKYQ', 'ZTG', 'RPGL', 'ELTX', 'UCTX', 'BABX', 'SNDG', 'COZX', 'BABU', 'CRWU', 'KBAB', 'SUNE', 'SMCX', 'AXTX']
05:42:42  universe: 76 from IBKR scanner + 64 extra from Alpaca
05:42:44  Wrote 36 gappers (36 kept): ['VRAX', 'NVVE', 'BKYI', 'TVRD', 'IOTR', 'IRE', 'SKYQ', 'ZTG', 'RPGL', 'ELTX', 'UCTX', 'BABX', 'SNDG', 'COZX', 'CRWU', 'BABU', 'KBAB', 'SUNE', 'SMCX', 'AXTX']
05:43:31  universe: 75 from IBKR scanner + 65 extra from Alpaca
05:43:32  Wrote 37 gappers (37 kept): ['VRAX', 'NVVE', 'BKYI', 'TVRD', 'IOTR', 'IRE', 'SKYQ', 'RPGL', 'ZTG', 'ELTX', 'UCTX', 'BABX', 'SNDG', 'COZX', 'BABU', 'CRWU', 'KBAB', 'SUNE', 'SMCX', 'AXTX']
05:44:19  universe: 75 from IBKR scanner + 65 extra from Alpaca
05:44:21  Wrote 37 gappers (37 kept): ['VRAX', 'NVVE', 'BKYI', 'TVRD', 'IOTR', 'IRE', 'SKYQ', 'ZTG', 'RPGL', 'ELTX', 'UCTX', 'BABX', 'CRWU', 'SNDG', 'COZX', 'BABU', 'KBAB', 'SMCX', 'AXTX', 'CBRG']
05:45:07  universe: 75 from IBKR scanner + 65 extra from Alpaca
05:45:09  Wrote 37 gappers (37 kept): ['VRAX', 'NVVE', 'BKYI', 'TVRD', 'IOTR', 'IRE', 'SKYQ', 'ZTG', 'RPGL', 'ELTX', 'SNDG', 'UCTX', 'BABX', 'CRWU', 'COZX', 'BABU', 'KBAB', 'AXTX', 'SMCX', 'CBRG']
05:45:56  universe: 76 from IBKR scanner + 65 extra from Alpaca
05:45:58  Wrote 37 gappers (37 kept): ['VRAX', 'NVVE', 'BKYI', 'TVRD', 'IOTR', 'IRE', 'SKYQ', 'ZTG', 'RPGL', 'ELTX', 'SNDG', 'CRWU', 'UCTX', 'BABX', 'COZX', 'BABU', 'KBAB', 'SMCX', 'AXTX', 'CBRG']
05:46:45  universe: 75 from IBKR scanner + 65 extra from Alpaca
05:46:46  Wrote 37 gappers (37 kept): ['VRAX', 'NVVE', 'BKYI', 'TVRD', 'IOTR', 'IRE', 'SKYQ', 'ZTG', 'SNDG', 'RPGL', 'ELTX', 'CRWU', 'UCTX', 'BABX', 'COZX', 'BABU', 'KBAB', 'SMCX', 'AXTX', 'CBRG']
05:47:33  universe: 75 from IBKR scanner + 65 extra from Alpaca
05:47:35  Wrote 37 gappers (37 kept): ['VRAX', 'NVVE', 'BKYI', 'TVRD', 'IOTR', 'IRE', 'ZTG', 'SKYQ', 'SNDG', 'ELTX', 'BABU', 'RPGL', 'UCTX', 'BABX', 'CRWU', 'COZX', 'KBAB', 'SMCX', 'AXTX', 'CBRG']
05:48:22  universe: 73 from IBKR scanner + 65 extra from Alpaca
05:48:23  Wrote 38 gappers (38 kept): ['VRAX', 'NVVE', 'BKYI', 'TVRD', 'IOTR', 'IRE', 'ZTG', 'SKYQ', 'SNDG', 'ELTX', 'BABU', 'UCTX', 'BABX', 'CRWU', 'COZX', 'RPGL', 'KBAB', 'SMCL', 'SMCX', 'AXTX']
05:49:10  universe: 73 from IBKR scanner + 65 extra from Alpaca
05:49:11  Wrote 38 gappers (38 kept): ['VRAX', 'NVVE', 'BKYI', 'TVRD', 'IOTR', 'IRE', 'ZTG', 'SKYQ', 'SNDG', 'ELTX', 'BABU', 'RPGL', 'UCTX', 'BABX', 'COZX', 'CRWU', 'KBAB', 'SMCL', 'SMCX', 'AXTX']
05:49:58  universe: 74 from IBKR scanner + 66 extra from Alpaca
05:50:00  Wrote 38 gappers (38 kept): ['VRAX', 'NVVE', 'BKYI', 'TVRD', 'IOTR', 'IRE', 'SKYQ', 'SNDG', 'ZTG', 'ELTX', 'BABU', 'CRWU', 'UCTX', 'BABX', 'COZX', 'RPGL', 'KBAB', 'SMCL', 'SMCX', 'AXTX']
05:50:47  universe: 74 from IBKR scanner + 66 extra from Alpaca
05:50:49  Wrote 38 gappers (38 kept): ['VRAX', 'NVVE', 'BKYI', 'TVRD', 'IOTR', 'IRE', 'SNDG', 'SKYQ', 'ZTG', 'ELTX', 'BABU', 'RPGL', 'CRWU', 'BABX', 'UCTX', 'COZX', 'KBAB', 'SMCL', 'SMCX', 'AXTX']
05:51:36  universe: 74 from IBKR scanner + 66 extra from Alpaca
05:51:37  Wrote 38 gappers (38 kept): ['VRAX', 'NVVE', 'BKYI', 'TVRD', 'IOTR', 'IRE', 'SNDG', 'SKYQ', 'ZTG', 'ELTX', 'BABU', 'CRWU', 'BABX', 'UCTX', 'RPGL', 'COZX', 'KBAB', 'SMCX', 'SMCL', 'AXTX']
05:52:24  universe: 74 from IBKR scanner + 66 extra from Alpaca
05:52:26  Wrote 38 gappers (38 kept): ['VRAX', 'NVVE', 'BKYI', 'TVRD', 'IOTR', 'IRE', 'SNDG', 'ZTG', 'SKYQ', 'RPGL', 'ELTX', 'BABU', 'BABX', 'CRWU', 'UCTX', 'COZX', 'KBAB', 'AXTX', 'SMCX', 'SMCL']
05:53:13  universe: 74 from IBKR scanner + 66 extra from Alpaca
05:53:14  Wrote 38 gappers (38 kept): ['VRAX', 'NVVE', 'BKYI', 'TVRD', 'IOTR', 'IRE', 'SNDG', 'ZTG', 'SKYQ', 'RPGL', 'ELTX', 'BABX', 'BABU', 'UCTX', 'CRWU', 'COZX', 'KBAB', 'AXTX', 'SMCX', 'SMCL']
05:54:01  universe: 75 from IBKR scanner + 66 extra from Alpaca
05:54:02  Wrote 38 gappers (38 kept): ['VRAX', 'NVVE', 'BKYI', 'TVRD', 'IOTR', 'IRE', 'SNDG', 'SKYQ', 'RPGL', 'ELTX', 'BABX', 'BABU', 'UCTX', 'CRWU', 'COZX', 'KBAB', 'AXTX', 'SMCX', 'SMCL', 'CBRG']
05:54:49  universe: 75 from IBKR scanner + 66 extra from Alpaca
05:54:51  Wrote 38 gappers (38 kept): ['VRAX', 'NVVE', 'BKYI', 'TVRD', 'IOTR', 'IRE', 'SNDG', 'SKYQ', 'RPGL', 'ELTX', 'BABX', 'BABU', 'UCTX', 'CRWU', 'COZX', 'KBAB', 'AXTX', 'SMCX', 'SMCL', 'CBRG']
05:55:38  universe: 75 from IBKR scanner + 66 extra from Alpaca
05:55:40  Wrote 38 gappers (38 kept): ['VRAX', 'NVVE', 'BKYI', 'TVRD', 'IOTR', 'IRE', 'SKYQ', 'SNDG', 'RPGL', 'ELTX', 'BABX', 'BABU', 'UCTX', 'CRWU', 'COZX', 'KBAB', 'AXTX', 'SMCL', 'SMCX', 'CBRG']
05:56:26  universe: 74 from IBKR scanner + 66 extra from Alpaca
05:56:28  Wrote 38 gappers (38 kept): ['VRAX', 'NVVE', 'BKYI', 'TVRD', 'IOTR', 'IRE', 'SKYQ', 'SNDG', 'RPGL', 'ELTX', 'BABU', 'BABX', 'UCTX', 'CRWU', 'COZX', 'KBAB', 'AXTX', 'SMCL', 'SMCX', 'CBRG']
05:57:15  universe: 75 from IBKR scanner + 66 extra from Alpaca
05:57:17  Wrote 38 gappers (38 kept): ['VRAX', 'NVVE', 'BKYI', 'TVRD', 'IOTR', 'IRE', 'SKYQ', 'SNDG', 'RPGL', 'ELTX', 'BABU', 'BABX', 'UCTX', 'COZX', 'CRWU', 'KBAB', 'SMCL', 'AXTX', 'SMCX', 'ZTG']
05:58:03  universe: 74 from IBKR scanner + 66 extra from Alpaca
05:58:05  Wrote 38 gappers (38 kept): ['VRAX', 'NVVE', 'BKYI', 'TVRD', 'IOTR', 'IRE', 'RPGL', 'SKYQ', 'SNDG', 'ELTX', 'BABU', 'BABX', 'UCTX', 'CRWU', 'COZX', 'KBAB', 'SMCL', 'SMCX', 'AXTX', 'ZTG']
05:58:52  universe: 74 from IBKR scanner + 66 extra from Alpaca
05:58:53  Wrote 38 gappers (38 kept): ['VRAX', 'NVVE', 'BKYI', 'TVRD', 'IOTR', 'IRE', 'RPGL', 'SKYQ', 'SNDG', 'ELTX', 'BABU', 'BABX', 'UCTX', 'COZX', 'CRWU', 'KBAB', 'AXTX', 'SMCX', 'SMCL', 'ZTG']
05:59:40  universe: 74 from IBKR scanner + 66 extra from Alpaca
05:59:42  Wrote 38 gappers (38 kept): ['VRAX', 'NVVE', 'BKYI', 'TVRD', 'IOTR', 'RPGL', 'IRE', 'SKYQ', 'SNDG', 'ELTX', 'BABU', 'BABX', 'UCTX', 'COZX', 'CRWU', 'KBAB', 'AXTX', 'SMCX', 'SMCL', 'ZTG']
06:00:29  universe: 75 from IBKR scanner + 66 extra from Alpaca
06:00:31  Wrote 38 gappers (38 kept): ['VRAX', 'NVVE', 'BKYI', 'TVRD', 'IOTR', 'IRE', 'RPGL', 'SNDG', 'SKYQ', 'ELTX', 'BABU', 'BABX', 'UCTX', 'COZX', 'CRWU', 'KBAB', 'AXTX', 'SMCX', 'SMCL', 'ZTG']
06:01:18  universe: 74 from IBKR scanner + 66 extra from Alpaca
06:01:20  Wrote 38 gappers (38 kept): ['VRAX', 'NVVE', 'BKYI', 'TVRD', 'IOTR', 'IRE', 'SNDG', 'RPGL', 'ELTX', 'SKYQ', 'BABU', 'BABX', 'UCTX', 'COZX', 'CRWU', 'KBAB', 'AXTX', 'SMCX', 'SMCL', 'ZTG']
06:02:07  universe: 75 from IBKR scanner + 66 extra from Alpaca
06:02:09  Wrote 38 gappers (38 kept): ['VRAX', 'NVVE', 'BKYI', 'IOTR', 'TVRD', 'IRE', 'SNDG', 'RPGL', 'SKYQ', 'ELTX', 'BABU', 'BABX', 'UCTX', 'COZX', 'CRWU', 'KBAB', 'AXTX', 'SMCL', 'SMCX', 'ZTG']
06:02:56  universe: 75 from IBKR scanner + 66 extra from Alpaca
06:02:57  Wrote 37 gappers (37 kept): ['VRAX', 'NVVE', 'BKYI', 'TVRD', 'IOTR', 'SKYQ', 'IRE', 'RPGL', 'SNDG', 'ELTX', 'BABX', 'BABU', 'CRWU', 'UCTX', 'COZX', 'KBAB', 'AXTX', 'SMCX', 'SMCL', 'ZTG']
06:03:44  universe: 76 from IBKR scanner + 66 extra from Alpaca
06:03:46  Wrote 37 gappers (37 kept): ['VRAX', 'NVVE', 'BKYI', 'TVRD', 'IOTR', 'UCTX', 'IRE', 'RPGL', 'SNDG', 'SKYQ', 'ELTX', 'BABX', 'BABU', 'COZX', 'CRWU', 'KBAB', 'AXTX', 'SMCX', 'SMCL', 'ZTG']
06:04:32  universe: 76 from IBKR scanner + 66 extra from Alpaca
06:04:34  Wrote 37 gappers (37 kept): ['VRAX', 'NVVE', 'BKYI', 'TVRD', 'IOTR', 'UCTX', 'IRE', 'RPGL', 'SKYQ', 'SNDG', 'ELTX', 'BABU', 'BABX', 'COZX', 'CRWU', 'KBAB', 'AXTX', 'SMCL', 'SMCX', 'ZTG']
06:05:21  universe: 75 from IBKR scanner + 66 extra from Alpaca
06:05:23  Wrote 37 gappers (37 kept): ['VRAX', 'NVVE', 'BKYI', 'IOTR', 'TVRD', 'UCTX', 'IRE', 'RPGL', 'SNDG', 'SKYQ', 'ELTX', 'BABU', 'BABX', 'COZX', 'CRWU', 'KBAB', 'AXTX', 'SMCL', 'SMCX', 'ZTG']
06:06:10  universe: 75 from IBKR scanner + 66 extra from Alpaca
06:06:11  Wrote 38 gappers (38 kept): ['VRAX', 'NVVE', 'BKYI', 'IOTR', 'TVRD', 'UCTX', 'IRE', 'RPGL', 'SNDG', 'SKYQ', 'ELTX', 'BABU', 'BABX', 'COZX', 'CRWU', 'KBAB', 'AXTX', 'SMCL', 'SMCX', 'ZTG']
06:06:58  universe: 76 from IBKR scanner + 66 extra from Alpaca
06:07:00  Wrote 38 gappers (38 kept): ['VRAX', 'NVVE', 'BKYI', 'IOTR', 'TVRD', 'UCTX', 'RPGL', 'IRE', 'SKYQ', 'ELTX', 'BABU', 'SNDG', 'BABX', 'COZX', 'CRWU', 'KBAB', 'AXTX', 'SMCL', 'SMCX', 'ZTG']
06:07:47  universe: 76 from IBKR scanner + 66 extra from Alpaca
06:07:48  Wrote 38 gappers (38 kept): ['VRAX', 'NVVE', 'BKYI', 'IOTR', 'TVRD', 'UCTX', 'RPGL', 'IRE', 'SNDG', 'SKYQ', 'ELTX', 'BABU', 'BABX', 'COZX', 'KBAB', 'CRWU', 'AXTX', 'SMCL', 'SMCX', 'ZTG']
06:08:35  universe: 75 from IBKR scanner + 66 extra from Alpaca
06:08:37  Wrote 37 gappers (37 kept): ['VRAX', 'NVVE', 'BKYI', 'IOTR', 'TVRD', 'UCTX', 'RPGL', 'IRE', 'SNDG', 'ELTX', 'SKYQ', 'BABU', 'BABX', 'COZX', 'KBAB', 'CRWU', 'AXTX', 'SMCL', 'SMCX', 'ZTG']
06:09:24  universe: 75 from IBKR scanner + 66 extra from Alpaca
06:09:26  Wrote 37 gappers (37 kept): ['VRAX', 'NVVE', 'BKYI', 'IOTR', 'TVRD', 'UCTX', 'RPGL', 'IRE', 'SNDG', 'SKYQ', 'ELTX', 'BABU', 'BABX', 'COZX', 'KBAB', 'CRWU', 'AXTX', 'SMCL', 'SMCX', 'ZTG']
06:10:13  universe: 76 from IBKR scanner + 66 extra from Alpaca
06:10:14  Wrote 37 gappers (37 kept): ['VRAX', 'NVVE', 'BKYI', 'IOTR', 'TVRD', 'UCTX', 'RPGL', 'IRE', 'SNDG', 'SKYQ', 'ELTX', 'BABU', 'BABX', 'COZX', 'KBAB', 'CRWU', 'AXTX', 'SMCL', 'SMCX', 'ZTG']
06:11:01  universe: 76 from IBKR scanner + 66 extra from Alpaca
06:11:03  Wrote 37 gappers (37 kept): ['VRAX', 'NVVE', 'BKYI', 'IOTR', 'TVRD', 'UCTX', 'RPGL', 'IRE', 'SNDG', 'SKYQ', 'ELTX', 'BABU', 'BABX', 'COZX', 'AXTX', 'KBAB', 'CRWU', 'SMCL', 'SMCX', 'ZTG']
06:11:50  universe: 76 from IBKR scanner + 66 extra from Alpaca
06:11:52  Wrote 37 gappers (37 kept): ['VRAX', 'NVVE', 'BKYI', 'IOTR', 'TVRD', 'UCTX', 'RPGL', 'IRE', 'SNDG', 'AXTX', 'SKYQ', 'ELTX', 'BABU', 'BABX', 'COZX', 'KBAB', 'CRWU', 'SMCL', 'SMCX', 'ZTG']
06:12:39  universe: 76 from IBKR scanner + 66 extra from Alpaca
06:12:40  Wrote 37 gappers (37 kept): ['VRAX', 'NVVE', 'BKYI', 'IOTR', 'TVRD', 'UCTX', 'RPGL', 'IRE', 'SNDG', 'SKYQ', 'AXTX', 'ELTX', 'BABU', 'BABX', 'COZX', 'KBAB', 'CRWU', 'SMCX', 'SMCL', 'ZTG']
06:13:27  universe: 76 from IBKR scanner + 66 extra from Alpaca
06:13:29  Wrote 37 gappers (37 kept): ['VRAX', 'NVVE', 'BKYI', 'IOTR', 'TVRD', 'UCTX', 'RPGL', 'IRE', 'SNDG', 'SKYQ', 'AXTX', 'ELTX', 'BABU', 'BABX', 'COZX', 'KBAB', 'CRWU', 'SMCX', 'SMCL', 'ZTG']
06:14:16  universe: 75 from IBKR scanner + 66 extra from Alpaca
06:14:17  Wrote 38 gappers (38 kept): ['VRAX', 'NVVE', 'BKYI', 'IOTR', 'TVRD', 'UCTX', 'RPGL', 'IRE', 'SKYQ', 'SNDG', 'AXTX', 'ELTX', 'BABU', 'BABX', 'COZX', 'KBAB', 'CRWU', 'SMCL', 'SMCX', 'ZTG']
06:15:04  universe: 74 from IBKR scanner + 66 extra from Alpaca
06:15:06  Wrote 39 gappers (39 kept): ['VRAX', 'NVVE', 'BKYI', 'IOTR', 'TVRD', 'UCTX', 'RPGL', 'SKYQ', 'SNDG', 'IREG', 'IRE', 'ELTX', 'AXTX', 'BABU', 'BABX', 'COZX', 'KBAB', 'CRWU', 'SMCL', 'SMCX']
06:15:53  universe: 74 from IBKR scanner + 66 extra from Alpaca
06:15:55  Wrote 39 gappers (39 kept): ['VRAX', 'NVVE', 'BKYI', 'IOTR', 'TVRD', 'UCTX', 'RPGL', 'SNDG', 'IREG', 'SKYQ', 'IRE', 'ELTX', 'BABU', 'BABX', 'COZX', 'CRWU', 'AXTX', 'KBAB', 'SMCL', 'SMCX']
06:16:42  universe: 75 from IBKR scanner + 66 extra from Alpaca
06:16:43  Wrote 39 gappers (39 kept): ['VRAX', 'NVVE', 'BKYI', 'IOTR', 'TVRD', 'UCTX', 'RPGL', 'IREG', 'SKYQ', 'IRE', 'SNDG', 'ELTX', 'BABU', 'BABX', 'CRWU', 'AXTX', 'COZX', 'KBAB', 'SMCX', 'SMCL']
06:17:31  universe: 75 from IBKR scanner + 66 extra from Alpaca
06:17:33  Wrote 39 gappers (39 kept): ['VRAX', 'NVVE', 'BKYI', 'IOTR', 'TVRD', 'UCTX', 'RPGL', 'IREG', 'SKYQ', 'IRE', 'SNDG', 'ELTX', 'BABU', 'AXTX', 'BABX', 'CRWU', 'COZX', 'KBAB', 'SMCL', 'SMCX']
06:18:19  universe: 75 from IBKR scanner + 66 extra from Alpaca
06:18:21  Wrote 39 gappers (39 kept): ['VRAX', 'NVVE', 'BKYI', 'IOTR', 'TVRD', 'UCTX', 'RPGL', 'IREG', 'IRE', 'SKYQ', 'SNDG', 'ELTX', 'AXTX', 'BABU', 'BABX', 'COZX', 'CRWU', 'KBAB', 'SMCX', 'SMCL']
06:19:08  universe: 75 from IBKR scanner + 66 extra from Alpaca
06:19:09  Wrote 39 gappers (39 kept): ['VRAX', 'NVVE', 'BKYI', 'IOTR', 'TVRD', 'UCTX', 'RPGL', 'SNDG', 'IREG', 'IRE', 'SKYQ', 'ELTX', 'AXTX', 'BABU', 'BABX', 'COZX', 'CRWU', 'KBAB', 'SMCL', 'SMCX']
06:19:56  universe: 75 from IBKR scanner + 66 extra from Alpaca
06:19:58  Wrote 39 gappers (39 kept): ['VRAX', 'NVVE', 'BKYI', 'IOTR', 'TVRD', 'UCTX', 'RPGL', 'SNDG', 'IREG', 'IRE', 'SKYQ', 'ELTX', 'AXTX', 'BABU', 'BABX', 'COZX', 'CRWU', 'KBAB', 'SMCL', 'SMCX']
06:20:45  universe: 75 from IBKR scanner + 66 extra from Alpaca
06:20:46  Wrote 39 gappers (39 kept): ['VRAX', 'NVVE', 'BKYI', 'IOTR', 'TVRD', 'UCTX', 'RPGL', 'SNDG', 'IREG', 'IRE', 'ELTX', 'SKYQ', 'BABU', 'BABX', 'AXTX', 'COZX', 'KBAB', 'CRWU', 'SMCL', 'ZTG']
06:21:33  universe: 74 from IBKR scanner + 66 extra from Alpaca
06:21:35  Wrote 39 gappers (39 kept): ['VRAX', 'NVVE', 'BKYI', 'IOTR', 'TVRD', 'UCTX', 'RPGL', 'SNDG', 'IREG', 'IRE', 'ELTX', 'SKYQ', 'BABU', 'AXTX', 'BABX', 'COZX', 'KBAB', 'CRWU', 'SMCL', 'ZTG']
06:22:22  universe: 75 from IBKR scanner + 66 extra from Alpaca
06:22:23  Wrote 39 gappers (39 kept): ['VRAX', 'NVVE', 'BKYI', 'IOTR', 'TVRD', 'UCTX', 'RPGL', 'SNDG', 'IREG', 'IRE', 'ELTX', 'SKYQ', 'BABU', 'AXTX', 'BABX', 'COZX', 'CRWU', 'KBAB', 'SMCL', 'ZTG']
06:23:10  universe: 75 from IBKR scanner + 66 extra from Alpaca
06:23:12  Wrote 39 gappers (39 kept): ['VRAX', 'NVVE', 'BKYI', 'IOTR', 'TVRD', 'UCTX', 'RPGL', 'IREG', 'IRE', 'ELTX', 'SNDG', 'SKYQ', 'CRWU', 'BABU', 'BABX', 'AXTX', 'COZX', 'KBAB', 'SMCL', 'ZTG']
06:23:58  universe: 75 from IBKR scanner + 66 extra from Alpaca
06:24:00  Wrote 39 gappers (39 kept): ['VRAX', 'NVVE', 'BKYI', 'IOTR', 'TVRD', 'UCTX', 'RPGL', 'IREG', 'IRE', 'ELTX', 'SNDG', 'CRWU', 'SKYQ', 'BABU', 'AXTX', 'BABX', 'COZX', 'KBAB', 'SMCL', 'ZTG']
06:24:47  universe: 75 from IBKR scanner + 66 extra from Alpaca
06:24:48  Wrote 39 gappers (39 kept): ['VRAX', 'NVVE', 'BKYI', 'IOTR', 'TVRD', 'UCTX', 'IREG', 'IRE', 'RPGL', 'ELTX', 'SNDG', 'AXTX', 'CRWU', 'BABU', 'SKYQ', 'BABX', 'COZX', 'KBAB', 'SMCL', 'ZTG']
06:25:35  universe: 76 from IBKR scanner + 66 extra from Alpaca
06:25:37  Wrote 39 gappers (39 kept): ['VRAX', 'NVVE', 'BKYI', 'TVRD', 'IOTR', 'UCTX', 'IRE', 'IREG', 'RPGL', 'SNDG', 'ELTX', 'AXTX', 'CRWU', 'SKYQ', 'BABU', 'BABX', 'COZX', 'KBAB', 'ZTG', 'SMCL']
06:26:24  universe: 77 from IBKR scanner + 66 extra from Alpaca
06:26:26  Wrote 39 gappers (39 kept): ['VRAX', 'NVVE', 'BKYI', 'TVRD', 'IOTR', 'UCTX', 'RPGL', 'IRE', 'IREG', 'SNDG', 'ELTX', 'AXTX', 'CRWU', 'SKYQ', 'BABU', 'BABX', 'COZX', 'KBAB', 'ZTG', 'SMCX']
06:27:12  universe: 78 from IBKR scanner + 66 extra from Alpaca
06:27:14  Wrote 39 gappers (39 kept): ['VRAX', 'NVVE', 'BKYI', 'TVRD', 'IOTR', 'UCTX', 'RPGL', 'IREG', 'IRE', 'SNDG', 'ELTX', 'AXTX', 'CRWU', 'SKYQ', 'BABU', 'BABX', 'COZX', 'KBAB', 'SMCX', 'ZTG']
06:28:01  universe: 78 from IBKR scanner + 66 extra from Alpaca
06:28:02  Wrote 39 gappers (39 kept): ['VRAX', 'NVVE', 'BKYI', 'TVRD', 'IOTR', 'UCTX', 'RPGL', 'IREG', 'IRE', 'SNDG', 'ELTX', 'AXTX', 'CRWU', 'SKYQ', 'BABU', 'BABX', 'COZX', 'KBAB', 'SMCX', 'ZTG']
06:28:49  universe: 78 from IBKR scanner + 66 extra from Alpaca
06:28:51  Wrote 39 gappers (39 kept): ['VRAX', 'NVVE', 'BKYI', 'TVRD', 'IOTR', 'UCTX', 'IREG', 'IRE', 'RPGL', 'SNDG', 'ELTX', 'AXTX', 'CRWU', 'SKYQ', 'BABU', 'BABX', 'COZX', 'KBAB', 'SMCX', 'ZTG']
06:29:37  universe: 78 from IBKR scanner + 66 extra from Alpaca
06:29:39  Wrote 39 gappers (39 kept): ['VRAX', 'NVVE', 'BKYI', 'TVRD', 'IOTR', 'UCTX', 'IREG', 'SNDG', 'IRE', 'RPGL', 'ELTX', 'AXTX', 'SKYQ', 'CRWU', 'BABU', 'BABX', 'COZX', 'KBAB', 'SMCX', 'ZTG']
06:30:26  universe: 78 from IBKR scanner + 67 extra from Alpaca
06:30:28  Wrote 39 gappers (39 kept): ['VRAX', 'NVVE', 'BKYI', 'TVRD', 'IOTR', 'UCTX', 'IREG', 'RPGL', 'SNDG', 'IRE', 'ELTX', 'CRWU', 'AXTX', 'SKYQ', 'BABU', 'BABX', 'COZX', 'KBAB', 'SMCX', 'ZTG']
06:31:15  universe: 78 from IBKR scanner + 67 extra from Alpaca
06:31:17  Wrote 40 gappers (40 kept): ['VRAX', 'NVVE', 'BKYI', 'TVRD', 'IOTR', 'UCTX', 'IREG', 'RPGL', 'IRE', 'SNDG', 'ELTX', 'AXTX', 'SKYQ', 'BABU', 'CRWU', 'BABX', 'COZX', 'KBAB', 'SMCX', 'ZTG']
06:32:04  universe: 77 from IBKR scanner + 67 extra from Alpaca
06:32:05  Wrote 40 gappers (40 kept): ['VRAX', 'NVVE', 'BKYI', 'TVRD', 'IOTR', 'UCTX', 'IREG', 'IRE', 'SNDG', 'ELTX', 'RPGL', 'CRWU', 'AXTX', 'SKYQ', 'BABU', 'BABX', 'COZX', 'KBAB', 'SMCX', 'ZTG']
06:32:52  universe: 77 from IBKR scanner + 67 extra from Alpaca
06:32:54  Wrote 40 gappers (40 kept): ['VRAX', 'NVVE', 'BKYI', 'IOTR', 'TVRD', 'UCTX', 'IREG', 'SNDG', 'IRE', 'ELTX', 'CRWU', 'RPGL', 'AXTX', 'SKYQ', 'BABU', 'BABX', 'COZX', 'KBAB', 'SMCX', 'ZTG']
06:33:41  universe: 78 from IBKR scanner + 67 extra from Alpaca
06:33:43  Wrote 40 gappers (40 kept): ['VRAX', 'NVVE', 'BKYI', 'IOTR', 'TVRD', 'UCTX', 'SNDG', 'IREG', 'IRE', 'ELTX', 'RPGL', 'AXTX', 'CRWU', 'SKYQ', 'BABU', 'BABX', 'COZX', 'KBAB', 'SMCX', 'ZTG']
06:34:30  universe: 78 from IBKR scanner + 67 extra from Alpaca
06:34:31  Wrote 40 gappers (40 kept): ['VRAX', 'NVVE', 'BKYI', 'TVRD', 'IOTR', 'UCTX', 'SNDG', 'IREG', 'IRE', 'AXTX', 'RPGL', 'ELTX', 'CRWU', 'SKYQ', 'BABU', 'BABX', 'COZX', 'KBAB', 'SMCX', 'ZTG']
06:35:18  universe: 78 from IBKR scanner + 67 extra from Alpaca
06:35:20  Wrote 40 gappers (40 kept): ['VRAX', 'NVVE', 'BKYI', 'TVRD', 'IOTR', 'UCTX', 'SNDG', 'IREG', 'AXTX', 'IRE', 'RPGL', 'ELTX', 'CRWU', 'SKYQ', 'BABU', 'BABX', 'COZX', 'KBAB', 'SMCX', 'ZTG']
06:36:06  universe: 78 from IBKR scanner + 67 extra from Alpaca
06:36:08  Wrote 40 gappers (40 kept): ['VRAX', 'NVVE', 'BKYI', 'TVRD', 'IOTR', 'UCTX', 'IREG', 'SNDG', 'AXTX', 'IRE', 'RPGL', 'SKYQ', 'ELTX', 'CRWU', 'BABU', 'BABX', 'COZX', 'KBAB', 'SMCX', 'ZTG']
06:36:55  universe: 79 from IBKR scanner + 67 extra from Alpaca
06:36:57  Wrote 40 gappers (40 kept): ['VRAX', 'NVVE', 'BKYI', 'TVRD', 'IOTR', 'UCTX', 'SNDG', 'AXTX', 'IREG', 'IRE', 'SKYQ', 'ELTX', 'CRWU', 'RPGL', 'BABU', 'BABX', 'COZX', 'KBAB', 'SMCX', 'ZTG']
06:37:44  universe: 78 from IBKR scanner + 67 extra from Alpaca
06:37:45  Wrote 40 gappers (40 kept): ['VRAX', 'NVVE', 'BKYI', 'IOTR', 'TVRD', 'UCTX', 'SNDG', 'IREG', 'AXTX', 'IRE', 'RPGL', 'ELTX', 'SKYQ', 'CRWU', 'BABU', 'BABX', 'COZX', 'KBAB', 'SMCX', 'ZTG']
06:38:32  universe: 79 from IBKR scanner + 67 extra from Alpaca
06:38:34  Wrote 40 gappers (40 kept): ['VRAX', 'NVVE', 'BKYI', 'IOTR', 'TVRD', 'UCTX', 'SNDG', 'AXTX', 'IREG', 'IRE', 'RPGL', 'ELTX', 'SKYQ', 'CRWU', 'BABU', 'BABX', 'COZX', 'KBAB', 'SMCX', 'ZTG']
06:39:21  universe: 79 from IBKR scanner + 66 extra from Alpaca
06:39:23  Wrote 40 gappers (40 kept): ['VRAX', 'NVVE', 'BKYI', 'IOTR', 'TVRD', 'UCTX', 'AXTX', 'SNDG', 'IREG', 'IRE', 'RPGL', 'SKYQ', 'ELTX', 'CRWU', 'BABU', 'BABX', 'COZX', 'KBAB', 'SMCX', 'ZTG']
06:40:09  universe: 79 from IBKR scanner + 67 extra from Alpaca
06:40:11  Wrote 40 gappers (40 kept): ['VRAX', 'NVVE', 'BKYI', 'IOTR', 'TVRD', 'UCTX', 'AXTX', 'SNDG', 'IREG', 'IRE', 'SKYQ', 'RPGL', 'ELTX', 'CRWU', 'BABU', 'BABX', 'COZX', 'KBAB', 'SMCX', 'ZTG']
06:40:58  universe: 79 from IBKR scanner + 67 extra from Alpaca
06:41:00  Wrote 40 gappers (40 kept): ['VRAX', 'NVVE', 'BKYI', 'IOTR', 'TVRD', 'UCTX', 'SNDG', 'AXTX', 'IREG', 'IRE', 'RPGL', 'ELTX', 'SKYQ', 'CRWU', 'BABU', 'BABX', 'COZX', 'KBAB', 'SMCX', 'ZTG']
06:41:47  universe: 79 from IBKR scanner + 67 extra from Alpaca
06:41:48  Wrote 40 gappers (40 kept): ['VRAX', 'NVVE', 'BKYI', 'IOTR', 'TVRD', 'UCTX', 'AXTX', 'SNDG', 'IREG', 'IRE', 'RPGL', 'ELTX', 'SKYQ', 'CRWU', 'BABU', 'BABX', 'COZX', 'KBAB', 'SMCL', 'SMCX']
06:42:35  universe: 78 from IBKR scanner + 68 extra from Alpaca
06:42:37  Wrote 41 gappers (41 kept): ['VRAX', 'NVVE', 'BKYI', 'IOTR', 'TVRD', 'AEHG', 'UCTX', 'AXTX', 'SNDG', 'IREG', 'RPGL', 'IRE', 'SKYQ', 'ELTX', 'CRWU', 'BABU', 'BABX', 'COZX', 'KBAB', 'SMCL']
06:43:24  universe: 78 from IBKR scanner + 68 extra from Alpaca
06:43:26  Wrote 41 gappers (41 kept): ['VRAX', 'NVVE', 'BKYI', 'IOTR', 'TVRD', 'AEHG', 'UCTX', 'AXTX', 'SNDG', 'IREG', 'RPGL', 'SKYQ', 'IRE', 'ELTX', 'BABU', 'BABX', 'CRWU', 'COZX', 'KBAB', 'SMCL']
06:44:12  universe: 78 from IBKR scanner + 68 extra from Alpaca
06:44:14  Wrote 41 gappers (41 kept): ['VRAX', 'BKYI', 'NVVE', 'IOTR', 'TVRD', 'AEHG', 'UCTX', 'SNDG', 'IREG', 'AXTX', 'IRE', 'RPGL', 'SKYQ', 'ELTX', 'BABU', 'CRWU', 'BABX', 'COZX', 'KBAB', 'SMCL']
06:45:01  universe: 79 from IBKR scanner + 67 extra from Alpaca
06:45:03  Wrote 41 gappers (41 kept): ['VRAX', 'BKYI', 'NVVE', 'IOTR', 'TVRD', 'AEHG', 'UCTX', 'RPGL', 'SNDG', 'IREG', 'IRE', 'AXTX', 'SKYQ', 'ELTX', 'BABU', 'CRWU', 'BABX', 'COZX', 'KBAB', 'SMCL']
06:45:50  universe: 78 from IBKR scanner + 68 extra from Alpaca
06:45:51  Wrote 41 gappers (41 kept): ['VRAX', 'BKYI', 'NVVE', 'IOTR', 'TVRD', 'AEHG', 'UCTX', 'RPGL', 'SNDG', 'IREG', 'IRE', 'AXTX', 'SKYQ', 'ELTX', 'BABU', 'CRWU', 'BABX', 'COZX', 'KBAB', 'SMCX']
06:46:39  universe: 77 from IBKR scanner + 68 extra from Alpaca
06:46:40  Wrote 41 gappers (41 kept): ['VRAX', 'BKYI', 'NVVE', 'IOTR', 'TVRD', 'UCTX', 'AEHG', 'RPGL', 'SNDG', 'IREG', 'SKYQ', 'IRE', 'AXTX', 'ELTX', 'BABU', 'CRWU', 'BABX', 'COZX', 'KBAB', 'SMCL']
06:47:27  universe: 77 from IBKR scanner + 68 extra from Alpaca
06:47:29  Wrote 41 gappers (41 kept): ['VRAX', 'BKYI', 'NVVE', 'IOTR', 'TVRD', 'UCTX', 'AEHG', 'RPGL', 'SNDG', 'IREG', 'SKYQ', 'IRE', 'AXTX', 'ELTX', 'BABU', 'CRWU', 'BABX', 'COZX', 'KBAB', 'SMCL']
06:48:16  universe: 78 from IBKR scanner + 68 extra from Alpaca
06:48:18  Wrote 41 gappers (41 kept): ['VRAX', 'BKYI', 'NVVE', 'IOTR', 'TVRD', 'AEHG', 'UCTX', 'RPGL', 'SNDG', 'IREG', 'SKYQ', 'IRE', 'ELTX', 'AXTX', 'BABU', 'BABX', 'CRWU', 'COZX', 'KBAB', 'SMCX']
06:49:04  universe: 79 from IBKR scanner + 68 extra from Alpaca
06:49:06  Wrote 41 gappers (41 kept): ['VRAX', 'BKYI', 'NVVE', 'IOTR', 'TVRD', 'AEHG', 'UCTX', 'RPGL', 'IREG', 'SNDG', 'SKYQ', 'IRE', 'ELTX', 'AXTX', 'BABU', 'BABX', 'COZX', 'CRWU', 'KBAB', 'SMCL']
06:49:53  universe: 78 from IBKR scanner + 68 extra from Alpaca
06:49:55  Wrote 41 gappers (41 kept): ['VRAX', 'NVVE', 'IOTR', 'BKYI', 'TVRD', 'AEHG', 'UCTX', 'RPGL', 'SKYQ', 'IREG', 'SNDG', 'IRE', 'AXTX', 'ELTX', 'BABU', 'BABX', 'COZX', 'CRWU', 'KBAB', 'SMCL']
06:50:42  universe: 77 from IBKR scanner + 68 extra from Alpaca
06:50:43  Wrote 42 gappers (42 kept): ['VRAX', 'NVVE', 'IOTR', 'BKYI', 'TVRD', 'AEHG', 'UCTX', 'RPGL', 'SKYQ', 'IREG', 'SNDG', 'IRE', 'AXTX', 'ELTX', 'BABU', 'CRWU', 'BABX', 'COZX', 'KBAB', 'SMCL']
06:51:30  universe: 77 from IBKR scanner + 68 extra from Alpaca
06:51:32  Wrote 42 gappers (42 kept): ['VRAX', 'NVVE', 'IOTR', 'BKYI', 'TVRD', 'AEHG', 'UCTX', 'RPGL', 'SNDG', 'IREG', 'IRE', 'AXTX', 'SKYQ', 'ELTX', 'BABU', 'CRWU', 'BABX', 'COZX', 'KBAB', 'SMCL']
06:52:19  universe: 77 from IBKR scanner + 68 extra from Alpaca
06:52:20  Wrote 42 gappers (42 kept): ['VRAX', 'NVVE', 'IOTR', 'TVRD', 'BKYI', 'AEHG', 'UCTX', 'RPGL', 'SNDG', 'IREG', 'IRE', 'AXTX', 'SKYQ', 'ELTX', 'BABU', 'CRWU', 'BABX', 'COZX', 'KBAB', 'SMCL']
06:53:07  universe: 77 from IBKR scanner + 68 extra from Alpaca
06:53:09  Wrote 42 gappers (42 kept): ['VRAX', 'NVVE', 'IOTR', 'TVRD', 'BKYI', 'AEHG', 'UCTX', 'RPGL', 'SNDG', 'AXTX', 'IREG', 'IRE', 'SKYQ', 'ELTX', 'BABU', 'BABX', 'CRWU', 'COZX', 'KBAB', 'SMCX']
06:53:56  universe: 77 from IBKR scanner + 68 extra from Alpaca
06:53:57  Wrote 42 gappers (42 kept): ['VRAX', 'NVVE', 'TVRD', 'IOTR', 'BKYI', 'AEHG', 'UCTX', 'RPGL', 'SNDG', 'IREG', 'IRE', 'AXTX', 'SKYQ', 'ELTX', 'BABU', 'BABX', 'CRWU', 'COZX', 'KBAB', 'SMCX']
06:54:44  universe: 76 from IBKR scanner + 68 extra from Alpaca
06:54:46  Wrote 42 gappers (42 kept): ['VRAX', 'NVVE', 'TVRD', 'IOTR', 'BKYI', 'AEHG', 'UCTX', 'RPGL', 'SNDG', 'IREG', 'IRE', 'AXTX', 'ELTX', 'SKYQ', 'BABU', 'CRWU', 'BABX', 'COZX', 'KBAB', 'SMCL']
06:55:33  universe: 77 from IBKR scanner + 68 extra from Alpaca
06:55:35  Wrote 42 gappers (42 kept): ['VRAX', 'NVVE', 'TVRD', 'IOTR', 'BKYI', 'AEHG', 'UCTX', 'RPGL', 'SNDG', 'IREG', 'IRE', 'AXTX', 'ELTX', 'BABU', 'CRWU', 'SKYQ', 'BABX', 'COZX', 'KBAB', 'SMCX']
06:56:22  universe: 76 from IBKR scanner + 68 extra from Alpaca
06:56:24  Wrote 42 gappers (42 kept): ['VRAX', 'NVVE', 'TVRD', 'IOTR', 'BKYI', 'AEHG', 'UCTX', 'RPGL', 'SNDG', 'IREG', 'IRE', 'AXTX', 'ELTX', 'BABU', 'BABX', 'CRWU', 'SKYQ', 'COZX', 'KBAB', 'SMCX']
06:57:11  universe: 76 from IBKR scanner + 68 extra from Alpaca
06:57:13  Wrote 42 gappers (42 kept): ['VRAX', 'NVVE', 'TVRD', 'IOTR', 'BKYI', 'AEHG', 'UCTX', 'RPGL', 'SNDG', 'IREG', 'IRE', 'AXTX', 'ELTX', 'BABU', 'CRWU', 'BABX', 'COZX', 'SKYQ', 'KBAB', 'SMCX']
06:57:59  universe: 75 from IBKR scanner + 68 extra from Alpaca
06:58:01  Wrote 42 gappers (42 kept): ['VRAX', 'NVVE', 'TVRD', 'IOTR', 'BKYI', 'AEHG', 'UCTX', 'RPGL', 'SNDG', 'IREG', 'IRE', 'AXTX', 'ELTX', 'BABU', 'CRWU', 'BABX', 'SKYQ', 'COZX', 'KBAB', 'SMCX']
06:58:48  universe: 75 from IBKR scanner + 68 extra from Alpaca
06:58:50  Wrote 42 gappers (42 kept): ['VRAX', 'NVVE', 'TVRD', 'IOTR', 'BKYI', 'UCTX', 'AEHG', 'RPGL', 'SNDG', 'IREG', 'IRE', 'AXTX', 'ELTX', 'BABU', 'CRWU', 'BABX', 'SKYQ', 'COZX', 'KBAB', 'SMCL']
06:59:36  universe: 75 from IBKR scanner + 68 extra from Alpaca
06:59:38  Wrote 42 gappers (42 kept): ['VRAX', 'NVVE', 'TVRD', 'IOTR', 'BKYI', 'UCTX', 'AEHG', 'RPGL', 'IREG', 'SNDG', 'IRE', 'ELTX', 'AXTX', 'BABU', 'BABX', 'SKYQ', 'COZX', 'CRWU', 'KBAB', 'SMCL']
07:00:25  universe: 75 from IBKR scanner + 68 extra from Alpaca
07:00:28  Wrote 42 gappers (42 kept): ['VRAX', 'NVVE', 'TVRD', 'IOTR', 'BKYI', 'UCTX', 'AEHG', 'RPGL', 'IREG', 'SNDG', 'IRE', 'ELTX', 'AXTX', 'BABU', 'BABX', 'SKYQ', 'COZX', 'CRWU', 'KBAB', 'SMCL']
07:01:15  universe: 76 from IBKR scanner + 68 extra from Alpaca
07:01:18  Wrote 42 gappers (42 kept): ['VRAX', 'NVVE', 'TVRD', 'IOTR', 'BKYI', 'UCTX', 'AEHG', 'RPGL', 'SNDG', 'IREG', 'IRE', 'ELTX', 'AXTX', 'BABU', 'BABX', 'CRWU', 'COZX', 'SKYQ', 'KBAB', 'SMCL']
07:02:05  universe: 75 from IBKR scanner + 68 extra from Alpaca
07:02:07  Wrote 42 gappers (42 kept): ['VRAX', 'NVVE', 'TVRD', 'IOTR', 'BKYI', 'UCTX', 'AEHG', 'RPGL', 'IREG', 'SNDG', 'IRE', 'ELTX', 'AXTX', 'BABU', 'BABX', 'CRWU', 'COZX', 'KBAB', 'SMCL', 'SMCX']
07:02:54  universe: 75 from IBKR scanner + 68 extra from Alpaca
07:02:56  Wrote 42 gappers (42 kept): ['VRAX', 'NVVE', 'TVRD', 'IOTR', 'BKYI', 'UCTX', 'AEHG', 'RPGL', 'IREG', 'SNDG', 'IRE', 'ELTX', 'AXTX', 'BABU', 'BABX', 'CRWU', 'COZX', 'KBAB', 'SMCL', 'SMCX']
07:03:42  universe: 75 from IBKR scanner + 68 extra from Alpaca
07:03:44  Wrote 42 gappers (42 kept): ['VRAX', 'NVVE', 'TVRD', 'IOTR', 'BKYI', 'UCTX', 'AEHG', 'RPGL', 'SNDG', 'IREG', 'IRE', 'ELTX', 'AXTX', 'BABU', 'CRWU', 'BABX', 'COZX', 'KBAB', 'SMCL', 'SMCX']
07:04:32  universe: 75 from IBKR scanner + 68 extra from Alpaca
07:04:33  Wrote 42 gappers (42 kept): ['VRAX', 'NVVE', 'TVRD', 'IOTR', 'BKYI', 'UCTX', 'AEHG', 'RPGL', 'SNDG', 'IREG', 'IRE', 'AXTX', 'ELTX', 'BABU', 'BABX', 'CRWU', 'COZX', 'KBAB', 'SMCL', 'SMCX']
07:05:20  universe: 75 from IBKR scanner + 68 extra from Alpaca
07:05:22  Wrote 42 gappers (42 kept): ['VRAX', 'NVVE', 'TVRD', 'IOTR', 'BKYI', 'UCTX', 'AEHG', 'RPGL', 'SNDG', 'IREG', 'IRE', 'AXTX', 'ELTX', 'BABU', 'BABX', 'CRWU', 'COZX', 'KBAB', 'SMCL', 'SMCX']
07:06:08  universe: 75 from IBKR scanner + 68 extra from Alpaca
07:06:10  Wrote 42 gappers (42 kept): ['VRAX', 'NVVE', 'TVRD', 'IOTR', 'BKYI', 'UCTX', 'AEHG', 'RPGL', 'SNDG', 'IREG', 'IRE', 'ELTX', 'AXTX', 'BABU', 'CRWU', 'BABX', 'COZX', 'KBAB', 'SMCL', 'SMCX']
07:06:57  universe: 75 from IBKR scanner + 68 extra from Alpaca
07:06:59  Wrote 42 gappers (42 kept): ['VRAX', 'NVVE', 'BKYI', 'TVRD', 'IOTR', 'UCTX', 'AEHG', 'RPGL', 'SNDG', 'IREG', 'IRE', 'ELTX', 'AXTX', 'BABU', 'BABX', 'CRWU', 'COZX', 'KBAB', 'SMCL', 'SMCX']
07:07:46  universe: 75 from IBKR scanner + 68 extra from Alpaca
07:07:48  Wrote 42 gappers (42 kept): ['VRAX', 'NVVE', 'BKYI', 'IOTR', 'TVRD', 'UCTX', 'AEHG', 'RPGL', 'SNDG', 'IREG', 'IRE', 'AXTX', 'ELTX', 'BABU', 'BABX', 'CRWU', 'COZX', 'KBAB', 'SMCL', 'SMCX']
07:08:35  universe: 75 from IBKR scanner + 68 extra from Alpaca
07:08:37  Wrote 42 gappers (42 kept): ['VRAX', 'NVVE', 'BKYI', 'IOTR', 'TVRD', 'UCTX', 'AEHG', 'RPGL', 'SNDG', 'IREG', 'IRE', 'AXTX', 'ELTX', 'BABU', 'BABX', 'CRWU', 'COZX', 'KBAB', 'SMCX', 'SMCL']
07:09:24  universe: 75 from IBKR scanner + 68 extra from Alpaca
07:09:25  Wrote 42 gappers (42 kept): ['VRAX', 'NVVE', 'BKYI', 'IOTR', 'TVRD', 'UCTX', 'AEHG', 'RPGL', 'SNDG', 'IREG', 'IRE', 'ELTX', 'AXTX', 'BABU', 'BABX', 'CRWU', 'COZX', 'KBAB', 'SMCX', 'SMCL']
07:10:12  universe: 76 from IBKR scanner + 68 extra from Alpaca
07:10:14  Wrote 42 gappers (42 kept): ['VRAX', 'NVVE', 'BKYI', 'IOTR', 'TVRD', 'UCTX', 'AEHG', 'RPGL', 'IREG', 'SNDG', 'IRE', 'AXTX', 'ELTX', 'BABU', 'BABX', 'CRWU', 'COZX', 'KBAB', 'SMCX', 'SMCL']
07:11:01  universe: 76 from IBKR scanner + 68 extra from Alpaca
07:11:03  Wrote 42 gappers (42 kept): ['VRAX', 'NVVE', 'IOTR', 'BKYI', 'TVRD', 'UCTX', 'AEHG', 'RPGL', 'IREG', 'SNDG', 'IRE', 'AXTX', 'ELTX', 'BABU', 'BABX', 'CRWU', 'COZX', 'KBAB', 'SMCX', 'SMCL']
07:11:49  universe: 76 from IBKR scanner + 68 extra from Alpaca
07:11:51  Wrote 42 gappers (42 kept): ['VRAX', 'IOTR', 'NVVE', 'BKYI', 'TVRD', 'UCTX', 'AEHG', 'RPGL', 'SNDG', 'IREG', 'IRE', 'ELTX', 'AXTX', 'BABU', 'BABX', 'CRWU', 'COZX', 'KBAB', 'SMCL', 'SMCX']
07:12:38  universe: 76 from IBKR scanner + 68 extra from Alpaca
07:12:40  Wrote 42 gappers (42 kept): ['VRAX', 'NVVE', 'IOTR', 'BKYI', 'TVRD', 'UCTX', 'AEHG', 'RPGL', 'SNDG', 'IREG', 'IRE', 'ELTX', 'AXTX', 'BABX', 'BABU', 'CRWU', 'COZX', 'KBAB', 'SMCX', 'SMCL']
07:13:27  universe: 76 from IBKR scanner + 69 extra from Alpaca
07:13:29  Wrote 43 gappers (43 kept): ['VRAX', 'NVVE', 'IOTR', 'BKYI', 'TVRD', 'UCTX', 'AEHG', 'RPGL', 'SNDG', 'IREG', 'IRE', 'AXTX', 'ELTX', 'BABX', 'BABU', 'CRWU', 'COZX', 'SMCX', 'KBAB', 'SMCL']
07:14:16  universe: 77 from IBKR scanner + 69 extra from Alpaca
07:14:17  Wrote 43 gappers (43 kept): ['VRAX', 'NVVE', 'IOTR', 'BKYI', 'TVRD', 'UCTX', 'AEHG', 'RPGL', 'SNDG', 'IRE', 'IREG', 'AXTX', 'ELTX', 'CRWU', 'BABX', 'BABU', 'COZX', 'SMCX', 'KBAB', 'SMCL']
07:15:04  universe: 77 from IBKR scanner + 69 extra from Alpaca
07:15:07  Wrote 43 gappers (43 kept): ['VRAX', 'NVVE', 'IOTR', 'BKYI', 'TVRD', 'UCTX', 'AEHG', 'RPGL', 'SNDG', 'IRE', 'IREG', 'AXTX', 'ELTX', 'BABU', 'CRWU', 'BABX', 'COZX', 'SMCL', 'SMCX', 'KBAB']
07:15:54  universe: 77 from IBKR scanner + 69 extra from Alpaca
07:15:56  Wrote 44 gappers (44 kept): ['VRAX', 'NVVE', 'IOTR', 'BKYI', 'TVRD', 'UCTX', 'AEHG', 'RPGL', 'SNDG', 'IRE', 'IREG', 'AXTL', 'AXTX', 'ELTX', 'BABU', 'CRWU', 'BABX', 'COZX', 'SMCL', 'KBAB']
07:16:43  universe: 78 from IBKR scanner + 69 extra from Alpaca
07:16:45  Wrote 44 gappers (44 kept): ['VRAX', 'NVVE', 'IOTR', 'BKYI', 'TVRD', 'UCTX', 'AEHG', 'RPGL', 'SNDG', 'IREG', 'IRE', 'AXTL', 'AXTX', 'ELTX', 'BABU', 'BABX', 'CRWU', 'COZX', 'SMCL', 'KBAB']
07:17:32  universe: 78 from IBKR scanner + 69 extra from Alpaca
07:17:34  Wrote 44 gappers (44 kept): ['VRAX', 'NVVE', 'IOTR', 'BKYI', 'TVRD', 'UCTX', 'AEHG', 'RPGL', 'SNDG', 'IREG', 'IRE', 'AXTL', 'AXTX', 'ELTX', 'BABU', 'BABX', 'CRWU', 'COZX', 'SMCL', 'KBAB']
07:18:21  universe: 77 from IBKR scanner + 69 extra from Alpaca
07:18:22  Wrote 45 gappers (45 kept): ['VRAX', 'NVVE', 'IOTR', 'BKYI', 'TVRD', 'UCTX', 'AEHG', 'RPGL', 'SNDG', 'IREG', 'IRE', 'AXTL', 'AXTX', 'ELTX', 'BABU', 'BABX', 'CRWU', 'COZX', 'SMCL', 'KBAB']
07:19:09  universe: 77 from IBKR scanner + 69 extra from Alpaca
07:19:11  Wrote 45 gappers (45 kept): ['VRAX', 'NVVE', 'IOTR', 'BKYI', 'TVRD', 'UCTX', 'AEHG', 'RPGL', 'IREG', 'SNDG', 'IRE', 'AXTL', 'ELTX', 'AXTX', 'BABU', 'BABX', 'CRWU', 'COZX', 'SMCL', 'KBAB']
07:19:58  universe: 77 from IBKR scanner + 69 extra from Alpaca
07:20:00  Wrote 45 gappers (45 kept): ['VRAX', 'IOTR', 'NVVE', 'BKYI', 'TVRD', 'UCTX', 'AEHG', 'RPGL', 'SNDG', 'IREG', 'IRE', 'AXTL', 'ELTX', 'AXTX', 'BABU', 'BABX', 'CRWU', 'COZX', 'SMCL', 'KBAB']
07:20:47  universe: 76 from IBKR scanner + 69 extra from Alpaca
07:20:49  Wrote 45 gappers (45 kept): ['VRAX', 'NVVE', 'IOTR', 'BKYI', 'TVRD', 'UCTX', 'AEHG', 'RPGL', 'SNDG', 'IREG', 'AXTL', 'IRE', 'AXTX', 'ELTX', 'BABU', 'CRWU', 'BABX', 'COZX', 'SMCL', 'KBAB']
07:21:36  universe: 76 from IBKR scanner + 69 extra from Alpaca
07:21:37  Wrote 45 gappers (45 kept): ['VRAX', 'NVVE', 'IOTR', 'BKYI', 'TVRD', 'UCTX', 'AEHG', 'RPGL', 'SNDG', 'IREG', 'IRE', 'AXTL', 'AXTX', 'ELTX', 'BABU', 'CRWU', 'BABX', 'COZX', 'SMCL', 'KBAB']
07:22:24  universe: 76 from IBKR scanner + 69 extra from Alpaca
07:22:26  Wrote 45 gappers (45 kept): ['VRAX', 'NVVE', 'IOTR', 'BKYI', 'TVRD', 'UCTX', 'AEHG', 'RPGL', 'SNDG', 'IREG', 'IRE', 'AXTL', 'AXTX', 'ELTX', 'BABU', 'CRWU', 'BABX', 'COZX', 'KBAB', 'SMCL']
07:23:14  universe: 76 from IBKR scanner + 69 extra from Alpaca
07:23:16  Wrote 45 gappers (45 kept): ['VRAX', 'IOTR', 'NVVE', 'BKYI', 'TVRD', 'UCTX', 'AEHG', 'RPGL', 'SNDG', 'IREG', 'IRE', 'AXTL', 'AXTX', 'ELTX', 'BABU', 'CRWU', 'BABX', 'COZX', 'KBAB', 'SMCL']
07:24:02  universe: 76 from IBKR scanner + 69 extra from Alpaca
07:24:04  Wrote 45 gappers (45 kept): ['VRAX', 'NVVE', 'IOTR', 'BKYI', 'TVRD', 'UCTX', 'AEHG', 'RPGL', 'IREG', 'IRE', 'SNDG', 'AXTL', 'AXTX', 'ELTX', 'BABU', 'CRWU', 'BABX', 'COZX', 'KBAB', 'SMCL']
07:24:51  universe: 76 from IBKR scanner + 69 extra from Alpaca
07:24:53  Wrote 45 gappers (45 kept): ['VRAX', 'NVVE', 'IOTR', 'BKYI', 'TVRD', 'UCTX', 'AEHG', 'RPGL', 'IREG', 'SNDG', 'IRE', 'AXTL', 'ELTX', 'AXTX', 'CRWU', 'BABU', 'BABX', 'COZX', 'KBAB', 'SMCL']
07:25:40  universe: 77 from IBKR scanner + 68 extra from Alpaca
07:25:42  Wrote 45 gappers (45 kept): ['VRAX', 'NVVE', 'IOTR', 'BKYI', 'TVRD', 'UCTX', 'AEHG', 'RPGL', 'SNDG', 'IREG', 'IRE', 'AXTL', 'AXTX', 'ELTX', 'CRWU', 'BABU', 'BABX', 'COZX', 'KBAB', 'SMCL']
07:26:30  universe: 76 from IBKR scanner + 68 extra from Alpaca
07:26:32  Wrote 46 gappers (46 kept): ['VRAX', 'IOTR', 'NVVE', 'BKYI', 'TVRD', 'UCTX', 'AEHG', 'RPGL', 'SNDG', 'IRE', 'IREG', 'AXTL', 'ELTX', 'CRWU', 'AXTX', 'BABU', 'BABX', 'COZX', 'KBAB', 'SMCX']
07:27:18  universe: 76 from IBKR scanner + 68 extra from Alpaca
07:27:20  Wrote 46 gappers (46 kept): ['VRAX', 'IOTR', 'NVVE', 'BKYI', 'TVRD', 'UCTX', 'AEHG', 'RPGL', 'SNDG', 'IREG', 'IRE', 'AXTL', 'ELTX', 'CRWU', 'BABU', 'AXTX', 'BABX', 'COZX', 'KBAB', 'SMCL']
07:28:07  universe: 77 from IBKR scanner + 67 extra from Alpaca
07:28:09  Wrote 48 gappers (48 kept): ['VRAX', 'IOTR', 'NVVE', 'BKYI', 'UCTX', 'TVRD', 'AEHG', 'RPGL', 'SNDG', 'IREG', 'AXTL', 'CRWU', 'IRE', 'ELTX', 'BABU', 'BABX', 'AXTX', 'COZX', 'KBAB', 'ZTG']
07:28:56  universe: 80 from IBKR scanner + 67 extra from Alpaca
07:28:57  Wrote 48 gappers (48 kept): ['VRAX', 'IOTR', 'NVVE', 'BKYI', 'UCTX', 'TVRD', 'AEHG', 'RPGL', 'SNDG', 'IREG', 'AXTL', 'CRWU', 'IRE', 'ELTX', 'AXTX', 'BABU', 'BABX', 'COZX', 'KBAB', 'ZTG']
07:29:45  universe: 79 from IBKR scanner + 67 extra from Alpaca
07:29:47  Wrote 48 gappers (48 kept): ['VRAX', 'IOTR', 'NVVE', 'BKYI', 'UCTX', 'TVRD', 'AEHG', 'RPGL', 'SNDG', 'IREG', 'AXTL', 'CRWU', 'ELTX', 'IRE', 'AXTX', 'BABU', 'BABX', 'COZX', 'KBAB', 'ZTG']
07:30:34  universe: 79 from IBKR scanner + 68 extra from Alpaca
07:30:41  Wrote 47 gappers (47 kept): ['VRAX', 'IOTR', 'NVVE', 'BKYI', 'TVRD', 'AEHG', 'RPGL', 'COZX', 'IRE', 'IREG', 'SNDG', 'CRWU', 'BABX', 'AXTX', 'BABU', 'KBAB', 'ELTX', 'ZTG', 'SILO', 'AXTU']
07:31:28  universe: 79 from IBKR scanner + 66 extra from Alpaca
07:31:40  Wrote 60 gappers (60 kept): ['VRAX', 'AEHG', 'RPGL', 'JLHL', 'AP', 'AXTX', 'AXTU', 'AXTL', 'LITU', 'SUNE', 'AAOG', 'STXU', 'AMPU', 'PLBL', 'AMKL', 'SNDC', 'SNDG', 'IOTR', 'IRE', 'RAM']
07:32:27  universe: 79 from IBKR scanner + 65 extra from Alpaca
07:32:32  Wrote 62 gappers (62 kept): ['VRAX', 'RPGL', 'JLHL', 'AEHG', 'AP', 'LITU', 'AXTL', 'CIEG', 'AXTX', 'STXU', 'SUNE', 'IOTR', 'AXTU', 'AMKL', 'SNDC', 'PLBL', 'COHH', 'AAOG', 'SNDG', 'RAM']
07:33:20  universe: 79 from IBKR scanner + 66 extra from Alpaca
07:33:24  Wrote 63 gappers (63 kept): ['VRAX', 'RPGL', 'JLHL', 'AEHG', 'AP', 'AMKL', 'ENTL', 'AXTL', 'LITU', 'STXU', 'PLBL', 'IOTR', 'CIEG', 'SNDC', 'AAOG', 'CLRO', 'DRAL', 'RAM', 'SNDG', 'AXTU']
07:34:11  universe: 81 from IBKR scanner + 68 extra from Alpaca
07:34:15  Wrote 63 gappers (63 kept): ['VRAX', 'RPGL', 'AEHG', 'JLHL', 'AP', 'ENTL', 'LITU', 'AXTL', 'IOTR', 'AMKL', 'CIEG', 'STXU', 'AAOG', 'AXTX', 'SNDC', 'RAM', 'CBRG', 'DRAL', 'AXTU', 'SNDG']
07:35:02  universe: 80 from IBKR scanner + 67 extra from Alpaca
07:35:09  Wrote 65 gappers (65 kept): ['VRAX', 'RPGL', 'JLHL', 'AEHG', 'AP', 'LITU', 'ENTL', 'AMKL', 'AXTL', 'AXTX', 'CIEG', 'ACLZ', 'SUNE', 'AAOG', 'IOTR', 'STXU', 'CLRO', 'SNDC', 'CBRG', 'DRAL']
07:35:56  universe: 80 from IBKR scanner + 66 extra from Alpaca
07:36:03  Wrote 68 gappers (68 kept): ['VRAX', 'RPGL', 'JLHL', 'AEHG', 'UCTX', 'LITU', 'AP', 'IOTR', 'ENTL', 'AMKL', 'AXTL', 'CIEG', 'AXTX', 'ACLZ', 'AAOG', 'SUNE', 'STXU', 'CLRO', 'DRAL', 'SNDC']
07:36:51  universe: 81 from IBKR scanner + 67 extra from Alpaca
07:36:56  Wrote 69 gappers (69 kept): ['VRAX', 'RPGL', 'JLHL', 'AEHG', 'UCTX', 'AP', 'LITU', 'RMBX', 'ENTL', 'AMKL', 'IOTR', 'CIEG', 'AXTL', 'SNDC', 'ACLZ', 'AAOG', 'AXTX', 'AXTU', 'SNDG', 'DRAL']
07:37:43  universe: 80 from IBKR scanner + 69 extra from Alpaca
07:37:49  Wrote 71 gappers (71 kept): ['VRAX', 'JLHL', 'RPGL', 'AEHG', 'UCTX', 'AP', 'LITU', 'RMBX', 'ENTL', 'CIEG', 'AMKL', 'IOTR', 'AXTU', 'AXTX', 'MIC', 'AXTL', 'ACLZ', 'AAOG', 'SNDC', 'CLRO']
07:38:36  universe: 80 from IBKR scanner + 68 extra from Alpaca
07:38:40  Wrote 71 gappers (71 kept): ['VRAX', 'JLHL', 'RPGL', 'AEHG', 'AP', 'UCTX', 'LITU', 'AXTX', 'RMBX', 'AMKL', 'ENTL', 'CIEG', 'AAOG', 'AXTU', 'IOTR', 'MIC', 'AXTL', 'ACLZ', 'STXU', 'SNDG']
07:39:27  universe: 80 from IBKR scanner + 65 extra from Alpaca
07:39:31  Wrote 71 gappers (71 kept): ['VRAX', 'JLHL', 'RPGL', 'AEHG', 'AXTL', 'AXTX', 'LITU', 'UCTX', 'AXTU', 'CIEG', 'AAOG', 'AP', 'RMBX', 'AMKL', 'ENTL', 'CLRO', 'MIC', 'SNDC', 'ACLZ', 'IOTR']
07:40:18  universe: 80 from IBKR scanner + 64 extra from Alpaca
07:40:24  Wrote 72 gappers (72 kept): ['VRAX', 'JLHL', 'RPGL', 'AEHG', 'CLRO', 'LITU', 'AXTL', 'VIAG', 'AXTX', 'UCTX', 'AXTU', 'AP', 'CIEG', 'RMBX', 'AMKL', 'ENTL', 'AAOG', 'STXU', 'MIC', 'SNDC']
07:41:11  universe: 81 from IBKR scanner + 66 extra from Alpaca
07:41:16  Wrote 72 gappers (72 kept): ['VRAX', 'JLHL', 'RPGL', 'AEHG', 'LITU', 'AXTL', 'VIAG', 'AXTX', 'AXTU', 'AP', 'UCTX', 'CIEG', 'RMBX', 'CLRO', 'ENTL', 'AMKL', 'AAOG', 'STXU', 'MIC', 'ACLZ']
07:42:04  universe: 82 from IBKR scanner + 65 extra from Alpaca
07:42:08  Wrote 73 gappers (73 kept): ['RBNE', 'VRAX', 'JLHL', 'RPGL', 'AEHG', 'LITU', 'VIAG', 'AXTU', 'CLRO', 'AP', 'UCTX', 'RMBX', 'AXTL', 'AXTX', 'ENTL', 'AAOG', 'CIEG', 'AMKL', 'STXU', 'MIC']
07:42:55  universe: 81 from IBKR scanner + 65 extra from Alpaca
07:42:59  Wrote 73 gappers (73 kept): ['RBNE', 'VRAX', 'JLHL', 'RPGL', 'AEHG', 'LITU', 'VIAG', 'AXTU', 'AXTX', 'AP', 'AXTL', 'AAOG', 'UCTX', 'RMBX', 'ENTL', 'CIEG', 'AMKL', 'STXU', 'MIC', 'CLRO']
07:43:46  universe: 81 from IBKR scanner + 66 extra from Alpaca
07:43:50  Wrote 73 gappers (73 kept): ['RBNE', 'VRAX', 'JLHL', 'RPGL', 'AEHG', 'LITU', 'VIAG', 'UCTX', 'ENTL', 'AXTL', 'AP', 'RMBX', 'AAOG', 'AXTX', 'AXTU', 'AMKL', 'CIEG', 'STXU', 'MIC', 'CLRO']
07:44:37  universe: 81 from IBKR scanner + 66 extra from Alpaca
07:44:42  Wrote 74 gappers (74 kept): ['RBNE', 'VRAX', 'JLHL', 'RPGL', 'AEHG', 'LITU', 'VIAG', 'UCTX', 'ENTL', 'AP', 'AXTL', 'AAOG', 'RMBX', 'AXTX', 'AXTU', 'AMKL', 'CIEG', 'STXU', 'MIC', 'ACLZ']
07:45:29  universe: 82 from IBKR scanner + 67 extra from Alpaca
07:45:38  Wrote 76 gappers (76 kept): ['RBNE', 'VRAX', 'JLHL', 'RPGL', 'LITU', 'AEHG', 'UCTX', 'VIAG', 'AXTL', 'ENTL', 'AXTU', 'AP', 'AXTX', 'RMBX', 'AAOG', 'CIEG', 'AMKL', 'MIC', 'STXU', 'ACLZ']
07:46:26  universe: 80 from IBKR scanner + 66 extra from Alpaca
07:46:33  Wrote 77 gappers (77 kept): ['RBNE', 'VRAX', 'VIAG', 'JLHL', 'RPGL', 'LITU', 'AEHG', 'UCTX', 'AXTU', 'AXTX', 'AXTL', 'AP', 'ENTL', 'AAOG', 'CIEG', 'RMBX', 'AMKL', 'MIC', 'POEL', 'STXU']
07:47:21  universe: 80 from IBKR scanner + 66 extra from Alpaca
07:47:26  Wrote 79 gappers (79 kept): ['RBNE', 'VRAX', 'JLHL', 'VIAG', 'RPGL', 'LITU', 'AEHG', 'AXTX', 'AXTU', 'AXTL', 'UCTX', 'AP', 'FOMG', 'ENTL', 'AAOG', 'AMKL', 'CIEG', 'RMBX', 'MIC', 'STXU']
07:48:14  universe: 81 from IBKR scanner + 66 extra from Alpaca
07:48:19  Wrote 79 gappers (79 kept): ['RBNE', 'VRAX', 'JLHL', 'VIAG', 'RPGL', 'AEHG', 'LITU', 'AXTL', 'AXTX', 'AP', 'UCTX', 'AXTU', 'FOMG', 'ENTL', 'AAOG', 'AMKL', 'RMBX', 'CIEG', 'MIC', 'ACLZ']
07:49:06  universe: 81 from IBKR scanner + 69 extra from Alpaca
07:49:12  Wrote 82 gappers (82 kept): ['RBNE', 'VRAX', 'VIAG', 'JLHL', 'RPGL', 'AEHG', 'LITU', 'AP', 'UCTX', 'AXTL', 'FOMG', 'ENTL', 'AXTX', 'AXTU', 'GDEV', 'AMKL', 'RMBX', 'AAOG', 'CIEG', 'MIC']
07:49:59  universe: 81 from IBKR scanner + 68 extra from Alpaca
07:50:06  Wrote 82 gappers (82 kept): ['RBNE', 'VRAX', 'VIAG', 'JLHL', 'RPGL', 'AEHG', 'LITU', 'AP', 'UCTX', 'FOMG', 'ENTL', 'AXTL', 'GDEV', 'RMBX', 'AMKL', 'AXTX', 'AAOG', 'AXTU', 'CIEG', 'MIC']
07:50:53  universe: 81 from IBKR scanner + 68 extra from Alpaca
07:51:00  Wrote 82 gappers (82 kept): ['RBNE', 'VRAX', 'VIAG', 'JLHL', 'RPGL', 'AEHG', 'LITU', 'AP', 'UCTX', 'FOMG', 'ENTL', 'GDEV', 'RMBX', 'AMKL', 'CIEG', 'AAOG', 'AXTL', 'AXTX', 'AXTU', 'STXU']
07:51:47  universe: 80 from IBKR scanner + 69 extra from Alpaca
07:51:52  Wrote 82 gappers (82 kept): ['RBNE', 'VRAX', 'VIAG', 'JLHL', 'RPGL', 'AEHG', 'LITU', 'UCTX', 'AP', 'AMKL', 'FOMG', 'ENTL', 'AAOG', 'CIEG', 'AXTX', 'GDEV', 'AXTU', 'RMBX', 'AXTL', 'STXU']
07:52:38  universe: 82 from IBKR scanner + 70 extra from Alpaca
07:52:43  Wrote 82 gappers (82 kept): ['RBNE', 'VRAX', 'VIAG', 'JLHL', 'AEHG', 'RPGL', 'LITU', 'UCTX', 'AAOG', 'AMKL', 'FOMG', 'ENTL', 'CIEG', 'AXTU', 'AP', 'AXTX', 'RMBX', 'AXTL', 'STXU', 'MIC']
07:53:31  universe: 82 from IBKR scanner + 71 extra from Alpaca
07:53:36  Wrote 82 gappers (82 kept): ['RBNE', 'VRAX', 'VIAG', 'JLHL', 'AEHG', 'RPGL', 'LITU', 'UCTX', 'FOMG', 'AAOG', 'AMKL', 'ENTL', 'CIEG', 'AXTX', 'AP', 'AXTU', 'RMBX', 'AXTL', 'STXU', 'ONG']
07:54:23  universe: 82 from IBKR scanner + 71 extra from Alpaca
07:54:28  Wrote 82 gappers (82 kept): ['RBNE', 'VRAX', 'VIAG', 'JLHL', 'AEHG', 'RPGL', 'LITU', 'UCTX', 'AAOG', 'FOMG', 'AP', 'AXTL', 'AMKL', 'AXTX', 'ENTL', 'AXTU', 'CIEG', 'RMBX', 'STXU', 'ONG']
07:55:15  universe: 82 from IBKR scanner + 69 extra from Alpaca
07:55:22  Wrote 83 gappers (83 kept): ['RBNE', 'VRAX', 'JLHL', 'VIAG', 'RPGL', 'AEHG', 'LITU', 'UCTX', 'AAOG', 'FOMG', 'AP', 'AMKL', 'AXTL', 'CIEG', 'ENTL', 'AXTX', 'AXTU', 'RMBX', 'STXU', 'ONG']
07:56:09  universe: 82 from IBKR scanner + 69 extra from Alpaca
07:56:16  Wrote 84 gappers (84 kept): ['RBNE', 'VRAX', 'VIAG', 'JLHL', 'RPGL', 'AEHG', 'LITU', 'AAOG', 'UCTX', 'AP', 'FOMG', 'AMKL', 'CIEG', 'AXTL', 'AXTX', 'ENTL', 'AXTU', 'RMBX', 'STXU', 'SNDC']
07:57:04  universe: 82 from IBKR scanner + 70 extra from Alpaca
07:57:09  Wrote 84 gappers (84 kept): ['RBNE', 'VRAX', 'VIAG', 'JLHL', 'RPGL', 'AEHG', 'LITU', 'AP', 'UCTX', 'AAOG', 'FOMG', 'AXTL', 'AMKL', 'AXTX', 'CIEG', 'AXTU', 'ENTL', 'STXU', 'RMBX', 'ONG']
07:57:56  universe: 84 from IBKR scanner + 70 extra from Alpaca
07:58:01  Wrote 85 gappers (85 kept): ['RBNE', 'VRAX', 'VIAG', 'JLHL', 'RPGL', 'AEHG', 'LITU', 'UCTX', 'AP', 'AAOG', 'FOMG', 'AXTL', 'AMKL', 'ENTL', 'CIEG', 'AXTX', 'AXTU', 'SNDC', 'STXU', 'RMBX']
07:58:48  universe: 85 from IBKR scanner + 70 extra from Alpaca
07:58:53  Wrote 87 gappers (87 kept): ['RBNE', 'VRAX', 'JLHL', 'VIAG', 'RPGL', 'AEHG', 'LITU', 'UCTX', 'AP', 'FOMG', 'AMKL', 'ENTL', 'AAOG', 'AXTL', 'CIEG', 'SNDC', 'STXU', 'RMBX', 'ONG', 'AXTU']
07:59:40  universe: 84 from IBKR scanner + 70 extra from Alpaca
07:59:46  Wrote 87 gappers (87 kept): ['RBNE', 'VRAX', 'JLHL', 'VIAG', 'RPGL', 'AEHG', 'LITU', 'AP', 'UCTX', 'FOMG', 'AAOG', 'AMKL', 'ENTL', 'AXTX', 'CIEG', 'AXTL', 'SNDC', 'STXU', 'RMBX', 'ONG']
08:00:33  universe: 85 from IBKR scanner + 69 extra from Alpaca
08:00:49  Wrote 88 gappers (88 kept): ['RBNE', 'VRAX', 'JLHL', 'VIAG', 'RPGL', 'AEHG', 'LITU', 'AP', 'UCTX', 'FOMG', 'AAOG', 'AMKL', 'ENTL', 'AXTL', 'RMBX', 'CIEG', 'AXTU', 'STXU', 'ONG', 'ONX']
08:01:36  universe: 85 from IBKR scanner + 69 extra from Alpaca
08:01:46  Wrote 89 gappers (89 kept): ['RBNE', 'VRAX', 'JLHL', 'VIAG', 'RPGL', 'AEHG', 'LITU', 'AP', 'UCTX', 'FOMG', 'AAOG', 'ENTL', 'AMKL', 'CIEG', 'AXTL', 'RMBX', 'AXTX', 'STXU', 'AXTU', 'ONG']
08:02:34  universe: 85 from IBKR scanner + 70 extra from Alpaca
08:02:44  Wrote 91 gappers (91 kept): ['RBNE', 'VRAX', 'JLHL', 'VIAG', 'RPGL', 'AEHG', 'LITU', 'FXHO', 'AP', 'UCTX', 'FOMG', 'CIEG', 'AAOG', 'ENTL', 'AMKL', 'AXTL', 'RMBX', 'ONG', 'AXTU', 'STXU']
08:03:30  universe: 85 from IBKR scanner + 71 extra from Alpaca
08:03:37  Wrote 91 gappers (91 kept): ['RBNE', 'VRAX', 'JLHL', 'VIAG', 'RPGL', 'AEHG', 'LITU', 'AP', 'FXHO', 'UCTX', 'FOMG', 'CIEG', 'ENTL', 'AXTL', 'RMBX', 'AAOG', 'ONG', 'AMKL', 'UBXG', 'STXU']
08:04:25  universe: 85 from IBKR scanner + 69 extra from Alpaca
08:04:32  Wrote 92 gappers (92 kept): ['RBNE', 'VRAX', 'JLHL', 'VIAG', 'RPGL', 'AEHG', 'AP', 'LITU', 'UBXG', 'FXHO', 'UCTX', 'FOMG', 'AAOG', 'PTLE', 'ENTL', 'CIEG', 'RMBX', 'AMKL', 'CNTB', 'STXU']
08:05:19  universe: 85 from IBKR scanner + 70 extra from Alpaca
08:05:28  Wrote 94 gappers (94 kept): ['RBNE', 'VRAX', 'JLHL', 'VIAG', 'RPGL', 'AEHG', 'UBXG', 'AP', 'LITU', 'FXHO', 'UCTX', 'FOMG', 'PTLE', 'ENTL', 'RMBX', 'XCUR', 'CIEG', 'AMKL', 'MIC', 'AAOG']
08:06:15  universe: 85 from IBKR scanner + 69 extra from Alpaca
08:06:22  Wrote 94 gappers (94 kept): ['RBNE', 'VRAX', 'JLHL', 'VIAG', 'RPGL', 'UBXG', 'AEHG', 'AP', 'LITU', 'UCTX', 'FXHO', 'FOMG', 'PTLE', 'ENTL', 'CNTB', 'RMBX', 'CIEG', 'AAOG', 'XCUR', 'AMKL']
08:07:09  universe: 85 from IBKR scanner + 69 extra from Alpaca
08:07:16  Wrote 94 gappers (94 kept): ['RBNE', 'VRAX', 'JLHL', 'VIAG', 'RPGL', 'AEHG', 'UBXG', 'LITU', 'AP', 'UCTX', 'FXHO', 'CNTB', 'FOMG', 'AAOG', 'PTLE', 'ENTL', 'OPEG', 'RMBX', 'CIEG', 'AMKL']
08:08:03  universe: 86 from IBKR scanner + 68 extra from Alpaca
08:08:08  Wrote 94 gappers (94 kept): ['RBNE', 'VRAX', 'JLHL', 'VIAG', 'RPGL', 'UBXG', 'AEHG', 'LITU', 'AP', 'UCTX', 'FOMG', 'SUNE', 'CNTB', 'PTLE', 'ENTL', 'OPEG', 'AAOG', 'RMBX', 'SNDC', 'AMKL']
08:08:55  universe: 86 from IBKR scanner + 68 extra from Alpaca
08:08:59  Wrote 95 gappers (95 kept): ['RBNE', 'VRAX', 'VIAG', 'JLHL', 'RPGL', 'AEHG', 'UBXG', 'LITU', 'AP', 'UCTX', 'FOMG', 'SUNE', 'PTLE', 'CNTB', 'ENTL', 'OPEG', 'RMBX', 'AAOG', 'AMKL', 'MIC']
08:09:46  universe: 86 from IBKR scanner + 68 extra from Alpaca
08:09:51  Wrote 96 gappers (96 kept): ['RBNE', 'VRAX', 'VIAG', 'JLHL', 'RPGL', 'AEHG', 'UBXG', 'LITU', 'AP', 'UCTX', 'SUNE', 'CNTB', 'FOMG', 'ENTL', 'OPEG', 'PTLE', 'AMKL', 'MIC', 'AAOG', 'SNDC']
08:10:38  universe: 85 from IBKR scanner + 69 extra from Alpaca
08:10:44  Wrote 97 gappers (97 kept): ['RBNE', 'VRAX', 'VIAG', 'JLHL', 'RPGL', 'SUNE', 'AEHG', 'UBXG', 'LITU', 'AP', 'UCTX', 'CNTB', 'FOMG', 'ENTL', 'OPEG', 'AMKL', 'MIC', 'STXU', 'SNDC', 'AXTL']
08:11:32  universe: 85 from IBKR scanner + 69 extra from Alpaca
08:11:37  Wrote 97 gappers (97 kept): ['RBNE', 'VRAX', 'JLHL', 'VIAG', 'RPGL', 'AEHG', 'AP', 'LITU', 'SUNE', 'UCTX', 'UBXG', 'FOMG', 'CNTB', 'ENTL', 'MIC', 'STXU', 'OPEG', 'SNDC', 'AMKL', 'AXTL']
08:12:24  universe: 85 from IBKR scanner + 69 extra from Alpaca
08:12:29  Wrote 98 gappers (98 kept): ['RBNE', 'VRAX', 'JLHL', 'VIAG', 'RPGL', 'AEHG', 'AP', 'LITU', 'UBXG', 'UCTX', 'FOMG', 'CNTB', 'SUNE', 'MIC', 'STXU', 'OPEG', 'AMKL', 'PTLE', 'RMBX', 'SNDC']
08:13:16  universe: 85 from IBKR scanner + 69 extra from Alpaca
08:13:21  Wrote 99 gappers (99 kept): ['RBNE', 'VRAX', 'JLHL', 'VIAG', 'RPGL', 'AEHG', 'UBXG', 'AP', 'UCTX', 'LITU', 'FOMG', 'CNTB', 'SUNE', 'MIC', 'STXU', 'OPEG', 'PTLE', 'RMBX', 'SMTG', 'AMKL']
08:14:08  universe: 84 from IBKR scanner + 69 extra from Alpaca
08:14:12  Wrote 99 gappers (99 kept): ['RBNE', 'VRAX', 'JLHL', 'VIAG', 'RPGL', 'AEHG', 'AP', 'UBXG', 'LITU', 'CNTB', 'UCTX', 'FXHO', 'FOMG', 'SUNE', 'MIC', 'STXU', 'OPEG', 'PTLE', 'RMBX', 'SMTG']
08:14:59  universe: 84 from IBKR scanner + 69 extra from Alpaca
08:15:07  Wrote 99 gappers (99 kept): ['RBNE', 'VRAX', 'JLHL', 'VIAG', 'RPGL', 'AEHG', 'AP', 'LITU', 'UBXG', 'UCTX', 'CNTB', 'FXHO', 'FOMG', 'SUNE', 'MIC', 'OPEG', 'PTLE', 'RMBX', 'SMTG', 'ONX']
08:15:54  universe: 84 from IBKR scanner + 69 extra from Alpaca
08:16:02  Wrote 99 gappers (99 kept): ['RBNE', 'VRAX', 'JLHL', 'VIAG', 'RPGL', 'AEHG', 'AP', 'UBXG', 'LITU', 'FXHO', 'FOMG', 'CNTB', 'MIC', 'SUNE', 'PTLE', 'RMBX', 'ONX', 'SNDC', 'STXU', 'ENTL']
08:16:49  universe: 84 from IBKR scanner + 67 extra from Alpaca
08:16:55  Wrote 100 gappers (100 kept): ['RBNE', 'VRAX', 'JLHL', 'VIAG', 'RPGL', 'AP', 'AEHG', 'LITU', 'UBXG', 'FXHO', 'FOMG', 'MIC', 'CNTB', 'SUNE', 'PTLE', 'RMBX', 'ONX', 'SNDC', 'ENTL', 'UCTX']
08:17:43  universe: 84 from IBKR scanner + 67 extra from Alpaca
08:17:47  Wrote 101 gappers (101 kept): ['RBNE', 'VRAX', 'JLHL', 'VIAG', 'RPGL', 'AEHG', 'PTLE', 'AP', 'LITU', 'FXHO', 'FOMG', 'UBXG', 'MIC', 'RMBX', 'CNTB', 'ONX', 'SNDC', 'ENTL', 'UCTX', 'STXU']
08:18:34  universe: 84 from IBKR scanner + 68 extra from Alpaca
08:18:39  Wrote 101 gappers (101 kept): ['RBNE', 'VRAX', 'JLHL', 'VIAG', 'RPGL', 'AEHG', 'PTLE', 'LITU', 'AP', 'UBXG', 'FOMG', 'MIC', 'RMBX', 'CNTB', 'SNDC', 'FXHO', 'ENTL', 'UCTX', 'STXU', 'ONG']
08:19:26  universe: 84 from IBKR scanner + 67 extra from Alpaca
08:19:30  Wrote 101 gappers (101 kept): ['RBNE', 'VRAX', 'JLHL', 'VIAG', 'RPGL', 'PTLE', 'AEHG', 'LITU', 'AP', 'FOMG', 'CNTB', 'UBXG', 'MIC', 'RMBX', 'FXHO', 'SNDC', 'ENTL', 'UCTX', 'STXU', 'ONG']
08:20:18  universe: 84 from IBKR scanner + 66 extra from Alpaca
08:20:25  Wrote 101 gappers (101 kept): ['RBNE', 'VRAX', 'JLHL', 'VIAG', 'RPGL', 'PTLE', 'AEHG', 'AP', 'FOMG', 'LITU', 'UBXG', 'MIC', 'CNTB', 'RMBX', 'FXHO', 'SNDC', 'UCTX', 'ONG', 'OPEG', 'STXU']
08:21:12  universe: 85 from IBKR scanner + 64 extra from Alpaca
08:21:18  Wrote 102 gappers (102 kept): ['RBNE', 'VRAX', 'JLHL', 'VIAG', 'RPGL', 'PTLE', 'AP', 'AEHG', 'FXHO', 'LITU', 'UBXG', 'MIC', 'CNTB', 'RMBX', 'SNDC', 'UCTX', 'ONG', 'FOMG', 'OPEG', 'STXU']
08:22:04  universe: 84 from IBKR scanner + 64 extra from Alpaca
08:22:09  Wrote 102 gappers (102 kept): ['RBNE', 'VRAX', 'JLHL', 'VIAG', 'RPGL', 'PTLE', 'AP', 'AEHG', 'LITU', 'MIC', 'UBXG', 'CNTB', 'RMBX', 'FXHO', 'SNDC', 'UCTX', 'FOMG', 'SUNE', 'STXU', 'ACLZ']
08:22:57  universe: 83 from IBKR scanner + 63 extra from Alpaca
08:23:02  Wrote 102 gappers (102 kept): ['RBNE', 'VRAX', 'JLHL', 'VIAG', 'RPGL', 'PTLE', 'AP', 'AEHG', 'UBXG', 'MIC', 'CNTB', 'LITU', 'RMBX', 'FXHO', 'SNDC', 'SUNE', 'UCTX', 'FOMG', 'STXU', 'ACLZ']
08:23:50  universe: 83 from IBKR scanner + 63 extra from Alpaca
08:23:54  Wrote 102 gappers (102 kept): ['RBNE', 'VRAX', 'JLHL', 'VIAG', 'RPGL', 'PTLE', 'AP', 'AEHG', 'UBXG', 'LITU', 'MIC', 'CNTB', 'RMBX', 'FXHO', 'SUNE', 'UCTX', 'FOMG', 'STXU', 'ACLZ', 'ENTL']
08:24:41  universe: 84 from IBKR scanner + 63 extra from Alpaca
08:24:45  Wrote 102 gappers (102 kept): ['RBNE', 'VRAX', 'JLHL', 'VIAG', 'RPGL', 'PTLE', 'AP', 'FXHO', 'AEHG', 'LITU', 'MIC', 'UBXG', 'SUNE', 'OPEG', 'CNTB', 'RMBX', 'UCTX', 'FOMG', 'STXU', 'ACLZ']
08:25:32  universe: 84 from IBKR scanner + 63 extra from Alpaca
08:25:38  Wrote 102 gappers (102 kept): ['RBNE', 'VRAX', 'JLHL', 'VIAG', 'RPGL', 'PTLE', 'AP', 'AEHG', 'SUNE', 'UBXG', 'OPEG', 'CNTB', 'FXHO', 'LITU', 'MIC', 'RMBX', 'FOMG', 'STXU', 'AMKL', 'UCTX']
08:26:25  universe: 84 from IBKR scanner + 62 extra from Alpaca
08:26:30  Wrote 103 gappers (103 kept): ['RBNE', 'VRAX', 'JLHL', 'VIAG', 'RPGL', 'PTLE', 'AP', 'SUNE', 'FXHO', 'AEHG', 'UBXG', 'CNTB', 'OPEG', 'LITU', 'MIC', 'RMBX', 'FOMG', 'ONG', 'AMKL', 'STXU']
08:27:17  universe: 84 from IBKR scanner + 61 extra from Alpaca
08:27:21  Wrote 102 gappers (102 kept): ['RBNE', 'VRAX', 'JLHL', 'VIAG', 'RPGL', 'PTLE', 'UBXG', 'AP', 'SUNE', 'AEHG', 'FXHO', 'OPEG', 'CNTB', 'LITU', 'MIC', 'RMBX', 'AMKL', 'FOMG', 'ONG', 'STXU']
08:28:08  universe: 84 from IBKR scanner + 65 extra from Alpaca
08:28:13  Wrote 103 gappers (103 kept): ['RBNE', 'VRAX', 'JLHL', 'VIAG', 'RPGL', 'UBXG', 'PTLE', 'AP', 'AEHG', 'SUNE', 'CNTB', 'OPEG', 'LITU', 'MIC', 'RMBX', 'ONX', 'FXHO', 'AMKL', 'FOMG', 'ONG']
08:29:00  universe: 84 from IBKR scanner + 65 extra from Alpaca
08:29:05  Wrote 104 gappers (104 kept): ['RBNE', 'VRAX', 'JLHL', 'VIAG', 'RPGL', 'UBXG', 'PTLE', 'AEHG', 'AP', 'LITU', 'SUNE', 'CNTB', 'OPEG', 'MIC', 'RMBX', 'ONX', 'FXHO', 'AMKL', 'FOMG', 'ONG']
08:29:52  universe: 83 from IBKR scanner + 65 extra from Alpaca
08:29:57  Wrote 104 gappers (104 kept): ['RBNE', 'VRAX', 'JLHL', 'VIAG', 'RPGL', 'UBXG', 'PTLE', 'AEHG', 'AP', 'SUNE', 'LITU', 'CNTB', 'OPEG', 'MIC', 'RMBX', 'ONX', 'FXHO', 'AMKL', 'FOMG', 'ONG']
08:30:44  universe: 84 from IBKR scanner + 65 extra from Alpaca
08:30:55  Wrote 104 gappers (104 kept): ['RBNE', 'VRAX', 'JLHL', 'VIAG', 'RPGL', 'UBXG', 'PTLE', 'AP', 'AEHG', 'OPEG', 'LITU', 'SUNE', 'CNTB', 'FXHO', 'MIC', 'RMBX', 'ONX', 'ONG', 'AMKL', 'FOMG']
08:31:43  universe: 84 from IBKR scanner + 63 extra from Alpaca
08:31:51  Wrote 104 gappers (104 kept): ['RBNE', 'VRAX', 'JLHL', 'VIAG', 'RPGL', 'PTLE', 'AP', 'AEHG', 'OPEG', 'CNTB', 'SUNE', 'UBXG', 'LITU', 'FXHO', 'MIC', 'RMBX', 'ONX', 'AMKL', 'ONG', 'FOMG']
08:32:38  universe: 82 from IBKR scanner + 64 extra from Alpaca
08:32:45  Wrote 104 gappers (104 kept): ['RBNE', 'VRAX', 'JLHL', 'VIAG', 'RPGL', 'PTLE', 'AP', 'AEHG', 'SUNE', 'OPEG', 'UBXG', 'CNTB', 'LITU', 'FXHO', 'MIC', 'RMBX', 'ONX', 'AMKL', 'ONG', 'FOMG']
08:33:32  universe: 83 from IBKR scanner + 61 extra from Alpaca
08:33:40  Wrote 104 gappers (104 kept): ['RBNE', 'VRAX', 'JLHL', 'VIAG', 'RPGL', 'PTLE', 'AEHG', 'AP', 'OPEG', 'SUNE', 'CNTB', 'LITU', 'FXHO', 'MIC', 'RMBX', 'AMKL', 'UBXG', 'ONG', 'ONX', 'FOMG']
08:34:27  universe: 83 from IBKR scanner + 63 extra from Alpaca
08:34:34  Wrote 105 gappers (105 kept): ['RBNE', 'VRAX', 'JLHL', 'VIAG', 'PTLE', 'RPGL', 'CNTB', 'AEHG', 'AP', 'OPEG', 'LITU', 'SUNE', 'FXHO', 'MIC', 'RMBX', 'AMKL', 'ONG', 'ONX', 'FOMG', 'SNDC']
08:35:21  universe: 84 from IBKR scanner + 63 extra from Alpaca
08:35:30  Wrote 106 gappers (106 kept): ['RBNE', 'VRAX', 'JLHL', 'VIAG', 'PTLE', 'RPGL', 'CNTB', 'AP', 'AEHG', 'OPEG', 'SUNE', 'LITU', 'FXHO', 'MIC', 'RMBX', 'AMKL', 'ONG', 'ONX', 'FOMG', 'SNDC']
08:36:17  universe: 85 from IBKR scanner + 63 extra from Alpaca
08:36:25  Wrote 105 gappers (105 kept): ['RBNE', 'VRAX', 'JLHL', 'VIAG', 'PTLE', 'RPGL', 'AP', 'AEHG', 'CNTB', 'OPEG', 'SUNE', 'LITU', 'FXHO', 'MIC', 'RMBX', 'AMKL', 'ONG', 'ONX', 'FOMG', 'SNDG']
08:37:11  universe: 85 from IBKR scanner + 62 extra from Alpaca
08:37:21  Wrote 106 gappers (106 kept): ['RBNE', 'VRAX', 'JLHL', 'VIAG', 'PTLE', 'FXHO', 'RPGL', 'OPEG', 'AEHG', 'CNTB', 'AP', 'SUNE', 'LITU', 'MIC', 'RMBX', 'SNDC', 'ONG', 'ONX', 'AMKL', 'FOMG']
08:38:08  universe: 85 from IBKR scanner + 61 extra from Alpaca
08:38:17  Wrote 106 gappers (106 kept): ['RBNE', 'VRAX', 'JLHL', 'VIAG', 'PTLE', 'FXHO', 'RPGL', 'OPEG', 'AP', 'AEHG', 'SUNE', 'CNTB', 'LITU', 'MIC', 'RMBX', 'SNDC', 'ONG', 'ONX', 'AMKL', 'FOMG']
08:39:04  universe: 85 from IBKR scanner + 60 extra from Alpaca
08:39:12  Wrote 106 gappers (106 kept): ['RBNE', 'VRAX', 'JLHL', 'VIAG', 'FXHO', 'PTLE', 'RPGL', 'OPEG', 'AP', 'LITU', 'SUNE', 'AEHG', 'CNTB', 'MIC', 'RMBX', 'SNDC', 'ONG', 'ONX', 'AMKL', 'FOMG']
08:39:59  universe: 84 from IBKR scanner + 62 extra from Alpaca
08:40:10  Wrote 106 gappers (106 kept): ['RBNE', 'VRAX', 'JLHL', 'VIAG', 'FXHO', 'PTLE', 'RPGL', 'OPEG', 'AP', 'LITU', 'SUNE', 'AEHG', 'UBXG', 'CNTB', 'MIC', 'RMBX', 'SNDC', 'ONG', 'ONX', 'AMKL']
08:40:57  universe: 84 from IBKR scanner + 61 extra from Alpaca
08:41:07  Wrote 106 gappers (106 kept): ['RBNE', 'VRAX', 'JLHL', 'VIAG', 'FXHO', 'PTLE', 'RPGL', 'OPEG', 'AP', 'LITU', 'AEHG', 'SUNE', 'CNTB', 'MIC', 'FOMG', 'RMBX', 'ONG', 'SNDC', 'UBXG', 'ONX']
08:41:54  universe: 85 from IBKR scanner + 65 extra from Alpaca
08:42:01  Wrote 109 gappers (109 kept): ['RBNE', 'VRAX', 'JLHL', 'VIAG', 'FXHO', 'PTLE', 'RPGL', 'OPEG', 'LITU', 'AEHG', 'AP', 'UBXG', 'SUNE', 'MIC', 'CNTB', 'FOMG', 'ONG', 'RMBX', 'ONX', 'SNDC']
08:42:49  universe: 84 from IBKR scanner + 65 extra from Alpaca
08:42:56  Wrote 109 gappers (109 kept): ['RBNE', 'VRAX', 'JLHL', 'VIAG', 'PTLE', 'FXHO', 'RPGL', 'OPEG', 'LITU', 'AEHG', 'AP', 'SUNE', 'UBXG', 'CNTB', 'MIC', 'FOMG', 'ONG', 'RMBX', 'SNDC', 'ONX']
08:43:42  universe: 84 from IBKR scanner + 63 extra from Alpaca
08:43:48  Wrote 109 gappers (109 kept): ['RBNE', 'VRAX', 'JLHL', 'PTLE', 'FXHO', 'RPGL', 'LITU', 'OPEG', 'AEHG', 'AP', 'SUNE', 'CNTB', 'MIC', 'FOMG', 'ONG', 'RMBX', 'SNDC', 'ONX', 'SNDG', 'AMKL']
08:44:36  universe: 83 from IBKR scanner + 63 extra from Alpaca
08:44:42  Wrote 109 gappers (109 kept): ['RBNE', 'VRAX', 'JLHL', 'PTLE', 'FXHO', 'RPGL', 'LITU', 'OPEG', 'AEHG', 'AP', 'SUNE', 'CNTB', 'MIC', 'FOMG', 'ONG', 'UBXG', 'RMBX', 'SNDC', 'ONX', 'SNDG']
08:45:29  universe: 83 from IBKR scanner + 64 extra from Alpaca
08:45:40  Wrote 109 gappers (109 kept): ['RBNE', 'VRAX', 'JLHL', 'PTLE', 'FXHO', 'RPGL', 'LITU', 'AEHG', 'AP', 'SUNE', 'OPEG', 'CNTB', 'MIC', 'FOMG', 'ONG', 'SNDC', 'RMBX', 'ONX', 'SNDG', 'AMKL']
08:46:30  universe: 83 from IBKR scanner + 64 extra from Alpaca
08:46:40  Wrote 109 gappers (109 kept): ['RBNE', 'VRAX', 'JLHL', 'PTLE', 'RPGL', 'LITU', 'AEHG', 'FXHO', 'AP', 'CNTB', 'SUNE', 'OPEG', 'MIC', 'ONG', 'FOMG', 'SNDC', 'RMBX', 'ONX', 'SNDG', 'AAOG']
08:47:27  universe: 83 from IBKR scanner + 65 extra from Alpaca
08:47:35  Wrote 110 gappers (110 kept): ['RBNE', 'VRAX', 'JLHL', 'PTLE', 'AEHG', 'RPGL', 'LITU', 'FXHO', 'AP', 'CNTB', 'SUNE', 'FOMG', 'OPEG', 'MIC', 'ONG', 'SNDC', 'RMBX', 'ONX', 'SNDG', 'AAOG']
08:48:22  universe: 84 from IBKR scanner + 65 extra from Alpaca
08:48:29  Wrote 111 gappers (111 kept): ['RBNE', 'VRAX', 'JLHL', 'PTLE', 'FXHO', 'RPGL', 'AEHG', 'LITU', 'AP', 'CNTB', 'SUNE', 'FOMG', 'OPEG', 'MIC', 'ONG', 'SNDC', 'RMBX', 'ONX', 'SNDG', 'AMKL']
08:49:16  universe: 85 from IBKR scanner + 65 extra from Alpaca
08:49:23  Wrote 111 gappers (111 kept): ['RBNE', 'VRAX', 'JLHL', 'PTLE', 'FXHO', 'RPGL', 'AEHG', 'LITU', 'CNTB', 'AP', 'FOMG', 'SUNE', 'OPEG', 'MIC', 'ONG', 'SNDC', 'RMBX', 'ONX', 'SNDG', 'AAOG']
08:50:09  universe: 83 from IBKR scanner + 64 extra from Alpaca
08:50:21  Wrote 111 gappers (111 kept): ['RBNE', 'VRAX', 'JLHL', 'PTLE', 'FXHO', 'RPGL', 'AEHG', 'LITU', 'CNTB', 'AP', 'FOMG', 'SUNE', 'OPEG', 'ONG', 'SNDC', 'RMBX', 'ONX', 'SNDG', 'MIC', 'AMKL']
08:51:07  universe: 84 from IBKR scanner + 65 extra from Alpaca
08:51:15  Wrote 111 gappers (111 kept): ['RBNE', 'VRAX', 'JLHL', 'PTLE', 'FXHO', 'RPGL', 'AEHG', 'LITU', 'CNTB', 'AP', 'SUNE', 'FOMG', 'OPEG', 'ONX', 'ONG', 'SNDC', 'RMBX', 'SNDG', 'MIC', 'AMKL']
08:52:02  universe: 85 from IBKR scanner + 65 extra from Alpaca
08:52:09  Wrote 112 gappers (112 kept): ['RBNE', 'VRAX', 'JLHL', 'FXHO', 'RPGL', 'AEHG', 'PTLE', 'LITU', 'SUNE', 'CNTB', 'AP', 'OPEG', 'FOMG', 'ONX', 'ONG', 'SNDC', 'RMBX', 'SNDG', 'MIC', 'AMKL']
08:52:56  universe: 84 from IBKR scanner + 65 extra from Alpaca
08:53:01  Wrote 112 gappers (112 kept): ['RBNE', 'VRAX', 'JLHL', 'FXHO', 'RPGL', 'PTLE', 'SUNE', 'CNTB', 'LITU', 'AEHG', 'AP', 'FOMG', 'OPEG', 'ONG', 'SNDC', 'ONX', 'RMBX', 'SNDG', 'MIC', 'AMKL']
08:53:48  universe: 85 from IBKR scanner + 65 extra from Alpaca
08:53:54  Wrote 112 gappers (112 kept): ['RBNE', 'VRAX', 'JLHL', 'FXHO', 'SUNE', 'RPGL', 'PTLE', 'CNTB', 'LITU', 'AEHG', 'AP', 'FOMG', 'OPEG', 'ONG', 'ONX', 'RMBX', 'SNDC', 'MIC', 'AMKL', 'SNDG']
08:54:40  universe: 86 from IBKR scanner + 64 extra from Alpaca
08:54:46  Wrote 112 gappers (112 kept): ['RBNE', 'VRAX', 'JLHL', 'FXHO', 'SUNE', 'RPGL', 'PTLE', 'CNTB', 'LITU', 'AEHG', 'AP', 'FOMG', 'OPEG', 'ONX', 'RMBX', 'ONG', 'SNDC', 'MIC', 'AMKL', 'SNDG']
08:55:33  universe: 85 from IBKR scanner + 64 extra from Alpaca
08:55:40  Wrote 112 gappers (112 kept): ['RBNE', 'VRAX', 'JLHL', 'FXHO', 'SUNE', 'RPGL', 'CNTB', 'PTLE', 'LITU', 'AEHG', 'AP', 'FOMG', 'ONG', 'OPEG', 'ONX', 'RMBX', 'SNDC', 'SNDG', 'MIC', 'AMKL']
08:56:27  universe: 86 from IBKR scanner + 64 extra from Alpaca
08:56:35  Wrote 113 gappers (113 kept): ['RBNE', 'VRAX', 'JLHL', 'FXHO', 'SUNE', 'CNTB', 'RPGL', 'LITU', 'PTLE', 'AEHG', 'AP', 'FOMG', 'ONG', 'OPEG', 'RMBX', 'SNDG', 'ONX', 'SNDC', 'MIC', 'AMKL']
08:57:22  universe: 86 from IBKR scanner + 63 extra from Alpaca
08:57:28  Wrote 113 gappers (113 kept): ['RBNE', 'VRAX', 'JLHL', 'FXHO', 'SUNE', 'CNTB', 'RPGL', 'LITU', 'AEHG', 'AP', 'PTLE', 'FOMG', 'ONG', 'OPEG', 'ONX', 'RMBX', 'SNDG', 'SNDC', 'MIC', 'AMKL']
08:58:15  universe: 85 from IBKR scanner + 63 extra from Alpaca
08:58:21  Wrote 114 gappers (114 kept): ['RBNE', 'VRAX', 'JLHL', 'FXHO', 'SUNE', 'CNTB', 'RPGL', 'LITU', 'AEHG', 'AP', 'PTLE', 'OPEG', 'FOMG', 'ONG', 'RMBX', 'ONX', 'SNDG', 'SNDC', 'MIC', 'AMKL']
08:59:07  universe: 85 from IBKR scanner + 63 extra from Alpaca
08:59:12  Wrote 114 gappers (114 kept): ['RBNE', 'VRAX', 'JLHL', 'CNTB', 'RPGL', 'LITU', 'SUNE', 'AEHG', 'AP', 'FXHO', 'PTLE', 'OPEG', 'FOMG', 'SNDC', 'ONG', 'RMBX', 'ONX', 'SNDG', 'CBRX', 'MIC']
08:59:59  universe: 85 from IBKR scanner + 63 extra from Alpaca
09:00:08  Wrote 114 gappers (114 kept): ['RBNE', 'VRAX', 'JLHL', 'CNTB', 'RPGL', 'FXHO', 'LITU', 'SUNE', 'AP', 'AEHG', 'PTLE', 'OPEG', 'FOMG', 'SNDC', 'ONX', 'ONG', 'RMBX', 'SNDG', 'CBRX', 'MIC']
09:00:55  universe: 86 from IBKR scanner + 63 extra from Alpaca
09:01:09  Wrote 114 gappers (114 kept): ['RBNE', 'VRAX', 'JLHL', 'CNTB', 'RPGL', 'SUNE', 'LITU', 'FXHO', 'AP', 'AEHG', 'SNDC', 'PTLE', 'OPEG', 'FOMG', 'ONX', 'ONG', 'RMBX', 'SNDG', 'MIC', 'AMKL']
09:01:56  universe: 86 from IBKR scanner + 64 extra from Alpaca
09:02:07  Wrote 114 gappers (114 kept): ['RBNE', 'VRAX', 'JLHL', 'CNTB', 'RPGL', 'AEHG', 'LITU', 'SUNE', 'FXHO', 'AP', 'OPEG', 'PTLE', 'SNDC', 'FOMG', 'ONX', 'ONG', 'SNDG', 'RMBX', 'MIC', 'AMKL']
09:02:54  universe: 87 from IBKR scanner + 64 extra from Alpaca
09:03:00  Wrote 115 gappers (115 kept): ['RBNE', 'VRAX', 'JLHL', 'VIAG', 'CNTB', 'RPGL', 'AEHG', 'SUNE', 'FXHO', 'LITU', 'AP', 'OPEG', 'PTLE', 'SNDC', 'FOMG', 'ONX', 'ONG', 'RMBX', 'MIC', 'SNDG']
09:03:47  universe: 86 from IBKR scanner + 64 extra from Alpaca
09:03:53  Wrote 115 gappers (115 kept): ['RBNE', 'VRAX', 'JLHL', 'SUNE', 'RPGL', 'CNTB', 'AEHG', 'FXHO', 'LITU', 'AP', 'OPEG', 'PTLE', 'VIAG', 'SNDC', 'FOMG', 'ONG', 'ONX', 'SNDG', 'RMBX', 'MIC']
09:04:41  universe: 85 from IBKR scanner + 64 extra from Alpaca
09:04:47  Wrote 115 gappers (115 kept): ['RBNE', 'VRAX', 'JLHL', 'SUNE', 'RPGL', 'CNTB', 'FXHO', 'AEHG', 'LITU', 'AP', 'OPEG', 'PTLE', 'VIAG', 'SNDC', 'FOMG', 'ONG', 'ONX', 'SNDG', 'RMBX', 'MIC']
09:05:33  universe: 85 from IBKR scanner + 64 extra from Alpaca
09:05:41  Wrote 115 gappers (115 kept): ['RBNE', 'VRAX', 'JLHL', 'RPGL', 'SUNE', 'LITU', 'AEHG', 'FXHO', 'CNTB', 'AP', 'OPEG', 'PTLE', 'VIAG', 'SNDC', 'SNDG', 'FOMG', 'ONG', 'ONX', 'RMBX', 'MIC']
09:06:28  universe: 85 from IBKR scanner + 66 extra from Alpaca
09:06:35  Wrote 115 gappers (115 kept): ['RBNE', 'VRAX', 'JLHL', 'RPGL', 'AEHG', 'SUNE', 'LITU', 'FXHO', 'CNTB', 'AP', 'PTLE', 'SNDC', 'VIAG', 'OPEG', 'SNDG', 'FOMG', 'ONG', 'ONX', 'RMBX', 'AMKL']
09:07:21  universe: 85 from IBKR scanner + 65 extra from Alpaca
09:07:27  Wrote 115 gappers (115 kept): ['RBNE', 'VRAX', 'JLHL', 'SUNE', 'RPGL', 'AEHG', 'LITU', 'FXHO', 'CNTB', 'AP', 'PTLE', 'SNDC', 'VIAG', 'SNDG', 'OPEG', 'FOMG', 'ONG', 'ONX', 'RMBX', 'AMKL']
09:08:15  universe: 85 from IBKR scanner + 64 extra from Alpaca
09:08:20  Wrote 115 gappers (115 kept): ['RBNE', 'VRAX', 'JLHL', 'RPGL', 'SUNE', 'AEHG', 'LITU', 'FXHO', 'AP', 'SNDC', 'CNTB', 'PTLE', 'VIAG', 'SNDG', 'OPEG', 'ONG', 'FOMG', 'CBRG', 'ONX', 'RMBX']
09:09:06  universe: 85 from IBKR scanner + 65 extra from Alpaca
09:09:14  Wrote 115 gappers (115 kept): ['RBNE', 'VRAX', 'JLHL', 'SUNE', 'RPGL', 'AEHG', 'LITU', 'FXHO', 'CNTB', 'SNDC', 'PTLE', 'SNDG', 'VIAG', 'OPEG', 'ONX', 'AP', 'ONG', 'FOMG', 'CBRG', 'RMBX']
09:10:01  universe: 85 from IBKR scanner + 64 extra from Alpaca
09:10:11  Wrote 116 gappers (116 kept): ['RBNE', 'VRAX', 'JLHL', 'SUNE', 'RPGL', 'AEHG', 'LITU', 'FXHO', 'CNTB', 'SNDC', 'PTLE', 'SNDG', 'VIAG', 'OPEG', 'ONX', 'AP', 'ONG', 'FOMG', 'CBRG', 'RMBX']
09:10:58  universe: 85 from IBKR scanner + 64 extra from Alpaca
09:11:06  Wrote 116 gappers (116 kept): ['RBNE', 'VRAX', 'JLHL', 'SUNE', 'FXHO', 'RPGL', 'AEHG', 'LITU', 'CNTB', 'SNDC', 'PTLE', 'AP', 'VIAG', 'OPEG', 'SNDG', 'ONX', 'ONG', 'FOMG', 'CBRG', 'RMBX']
09:11:52  universe: 85 from IBKR scanner + 64 extra from Alpaca
09:11:57  Wrote 116 gappers (116 kept): ['RBNE', 'VRAX', 'JLHL', 'FXHO', 'RPGL', 'SUNE', 'AEHG', 'LITU', 'CNTB', 'SNDC', 'AP', 'OPEG', 'SNDG', 'ONX', 'ONG', 'CBRX', 'FOMG', 'CBRG', 'RMBX', 'AMKL']
09:12:44  universe: 86 from IBKR scanner + 65 extra from Alpaca
09:12:49  Wrote 117 gappers (117 kept): ['RBNE', 'VRAX', 'JLHL', 'SUNE', 'RPGL', 'FXHO', 'AEHG', 'LITU', 'CNTB', 'SNDC', 'OPEG', 'SNDG', 'CBRG', 'ONX', 'ONG', 'AP', 'CBRX', 'FOMG', 'AVX', 'RMBX']
09:13:36  universe: 85 from IBKR scanner + 65 extra from Alpaca
09:13:42  Wrote 117 gappers (117 kept): ['RBNE', 'VRAX', 'JLHL', 'FXHO', 'RPGL', 'SUNE', 'AEHG', 'LITU', 'CNTB', 'CBRG', 'CBRX', 'SNDC', 'OPEG', 'ONX', 'SNDG', 'ONG', 'AP', 'FOMG', 'AVX', 'RMBX']
09:14:29  universe: 85 from IBKR scanner + 64 extra from Alpaca
09:14:34  Wrote 117 gappers (117 kept): ['RBNE', 'VRAX', 'JLHL', 'RPGL', 'SUNE', 'FXHO', 'AEHG', 'LITU', 'CNTB', 'SNDC', 'CBRX', 'SNDG', 'OPEG', 'ONX', 'CBRG', 'ONG', 'AP', 'FOMG', 'RMBX', 'AMKL']
09:15:21  universe: 85 from IBKR scanner + 63 extra from Alpaca
09:15:32  Wrote 117 gappers (117 kept): ['RBNE', 'VRAX', 'JLHL', 'FXHO', 'SUNE', 'RPGL', 'AEHG', 'LITU', 'CNTB', 'SNDC', 'VIAG', 'SNDG', 'OPEG', 'ONX', 'CBRX', 'ONG', 'AP', 'FOMG', 'CBRG', 'RMBX']
09:16:19  universe: 85 from IBKR scanner + 63 extra from Alpaca
09:16:28  Wrote 117 gappers (117 kept): ['RBNE', 'VRAX', 'JLHL', 'FXHO', 'RPGL', 'SUNE', 'AEHG', 'LITU', 'CNTB', 'SNDC', 'PTLE', 'SNDG', 'VIAG', 'OPEG', 'ONX', 'ONG', 'CBRG', 'FOMG', 'CBRX', 'AP']
09:17:15  universe: 85 from IBKR scanner + 62 extra from Alpaca
09:17:22  Wrote 117 gappers (117 kept): ['RBNE', 'VRAX', 'JLHL', 'FXHO', 'RPGL', 'SUNE', 'AEHG', 'LITU', 'CNTB', 'SNDC', 'PTLE', 'VIAG', 'OPEG', 'CBRG', 'ONX', 'ONG', 'SNDG', 'FOMG', 'CBRX', 'AP']
09:18:09  universe: 86 from IBKR scanner + 61 extra from Alpaca
09:18:15  Wrote 118 gappers (118 kept): ['RBNE', 'VRAX', 'JLHL', 'FXHO', 'RPGL', 'SUNE', 'AEHG', 'LITU', 'CNTB', 'SNDC', 'PTLE', 'VIAG', 'OPEG', 'CBRG', 'SNDG', 'ONG', 'ONX', 'FOMG', 'CBRX', 'AP']
09:19:02  universe: 86 from IBKR scanner + 61 extra from Alpaca
09:19:09  Wrote 119 gappers (119 kept): ['RBNE', 'VRAX', 'JLHL', 'FXHO', 'RPGL', 'SUNE', 'AEHG', 'LITU', 'CNTB', 'PTLE', 'SNDC', 'VIAG', 'CBRX', 'OPEG', 'CBRG', 'ONG', 'ONX', 'AP', 'SNDG', 'FOMG']
09:19:57  universe: 86 from IBKR scanner + 61 extra from Alpaca
09:20:06  Wrote 119 gappers (119 kept): ['RBNE', 'VRAX', 'JLHL', 'FXHO', 'RPGL', 'SUNE', 'AEHG', 'CNTB', 'LITU', 'PTLE', 'SNDC', 'VIAG', 'CBRG', 'OPEG', 'CBRX', 'ONG', 'ONX', 'SNDG', 'FOMG', 'AP']
09:20:52  universe: 86 from IBKR scanner + 61 extra from Alpaca
09:21:00  Wrote 119 gappers (119 kept): ['RBNE', 'VRAX', 'JLHL', 'FXHO', 'RPGL', 'AEHG', 'SUNE', 'LITU', 'CNTB', 'PTLE', 'CBRG', 'SNDC', 'VIAG', 'OPEG', 'CBRX', 'ONG', 'SNDG', 'ONX', 'AP', 'FOMG']
09:21:47  universe: 86 from IBKR scanner + 61 extra from Alpaca
09:21:52  Wrote 119 gappers (119 kept): ['RBNE', 'VRAX', 'JLHL', 'FXHO', 'RPGL', 'SUNE', 'AEHG', 'LITU', 'CNTB', 'CBRG', 'PTLE', 'SNDC', 'VIAG', 'OPEG', 'CBRX', 'ONG', 'SNDG', 'AP', 'ONX', 'FOMG']
09:22:39  universe: 86 from IBKR scanner + 61 extra from Alpaca
09:22:45  Wrote 119 gappers (119 kept): ['RBNE', 'VRAX', 'JLHL', 'FXHO', 'RPGL', 'SUNE', 'AEHG', 'LITU', 'CBRG', 'CBRX', 'PTLE', 'CNTB', 'SNDC', 'VIAG', 'OPEG', 'ONG', 'SNDG', 'AP', 'ONX', 'FOMG']
09:23:31  universe: 86 from IBKR scanner + 61 extra from Alpaca
09:23:36  Wrote 120 gappers (120 kept): ['RBNE', 'VRAX', 'JLHL', 'FXHO', 'SUNE', 'RPGL', 'AEHG', 'LITU', 'CBRX', 'CBRG', 'CNTB', 'PTLE', 'SNDC', 'VIAG', 'OPEG', 'SNDG', 'ONG', 'AP', 'ONX', 'FOMG']
09:24:23  universe: 86 from IBKR scanner + 61 extra from Alpaca
09:24:29  Wrote 121 gappers (121 kept): ['RBNE', 'VRAX', 'JLHL', 'FXHO', 'SUNE', 'RPGL', 'AEHG', 'LITU', 'CNTB', 'CBRG', 'CBRX', 'PTLE', 'SNDC', 'VIAG', 'OPEG', 'SNDG', 'ONG', 'AP', 'ONX', 'FOMG']
09:25:16  universe: 86 from IBKR scanner + 60 extra from Alpaca
09:25:25  Wrote 122 gappers (122 kept): ['RBNE', 'VRAX', 'JLHL', 'SUNE', 'RPGL', 'AEHG', 'FXHO', 'LITU', 'CBRG', 'CBRX', 'CNTB', 'PTLE', 'SNDC', 'VIAG', 'SNDG', 'OPEG', 'ONG', 'AP', 'ONX', 'FOMG']
09:26:12  universe: 87 from IBKR scanner + 61 extra from Alpaca
09:26:18  Wrote 122 gappers (122 kept): ['RBNE', 'VRAX', 'JLHL', 'RPGL', 'SUNE', 'FXHO', 'AEHG', 'LITU', 'CBRX', 'CNTB', 'CBRG', 'PTLE', 'SNDC', 'VIAG', 'OPEG', 'ONG', 'SNDG', 'AP', 'ONX', 'FOMG']
09:27:05  universe: 87 from IBKR scanner + 61 extra from Alpaca
09:27:10  Wrote 122 gappers (122 kept): ['RBNE', 'VRAX', 'JLHL', 'RPGL', 'SUNE', 'FXHO', 'AEHG', 'LITU', 'CNTB', 'CBRX', 'CBRG', 'PTLE', 'SNDC', 'VIAG', 'OPEG', 'SNDG', 'ONG', 'AP', 'ONX', 'FOMG']
09:27:57  universe: 87 from IBKR scanner + 61 extra from Alpaca
09:28:03  Wrote 122 gappers (122 kept): ['RBNE', 'VRAX', 'JLHL', 'RPGL', 'FXHO', 'SUNE', 'AEHG', 'LITU', 'CBRG', 'CBRX', 'CNTB', 'PTLE', 'SNDC', 'VIAG', 'AP', 'SNDG', 'ONG', 'ONX', 'FOMG', 'AMKL']
09:28:50  universe: 88 from IBKR scanner + 61 extra from Alpaca
09:28:56  Wrote 122 gappers (122 kept): ['RBNE', 'VRAX', 'JLHL', 'RPGL', 'FXHO', 'SUNE', 'AEHG', 'LITU', 'CBRX', 'CNTB', 'PTLE', 'SNDC', 'CBRG', 'VIAG', 'AP', 'ONG', 'SNDG', 'ONX', 'FOMG', 'AMKL']
09:29:43  universe: 88 from IBKR scanner + 61 extra from Alpaca
09:29:48  Wrote 123 gappers (123 kept): ['RBNE', 'VRAX', 'JLHL', 'RPGL', 'FXHO', 'SUNE', 'AEHG', 'LITU', 'CBRX', 'CBRG', 'CNTB', 'PTLE', 'SNDC', 'VIAG', 'ONG', 'SNDG', 'AP', 'ONX', 'FOMG', 'AMKL']
09:30:35  universe: 88 from IBKR scanner + 60 extra from Alpaca
09:30:47  Wrote 123 gappers (123 kept): ['RBNE', 'VRAX', 'JLHL', 'RPGL', 'SUNE', 'FXHO', 'AEHG', 'LITU', 'CBRG', 'CBRX', 'CNTB', 'PTLE', 'SNDC', 'VIAG', 'SNDG', 'ONG', 'ONX', 'FOMG', 'AP', 'AMKL']
09:31:33  universe: 89 from IBKR scanner + 61 extra from Alpaca
09:31:43  Wrote 123 gappers (123 kept): ['RBNE', 'VRAX', 'JLHL', 'RPGL', 'SUNE', 'FXHO', 'AEHG', 'LITU', 'CBRG', 'CBRX', 'PTLE', 'SNDC', 'CNTB', 'VIAG', 'SNDG', 'ONG', 'ONX', 'FOMG', 'AP', 'AAOG']
09:32:31  universe: 89 from IBKR scanner + 61 extra from Alpaca
09:32:37  Wrote 123 gappers (123 kept): ['RBNE', 'VRAX', 'JLHL', 'RPGL', 'SUNE', 'FXHO', 'AEHG', 'LITU', 'CBRG', 'CBRX', 'CNTB', 'PTLE', 'SNDC', 'VIAG', 'SNDG', 'AP', 'ONG', 'ONX', 'FOMG', 'AAOG']
09:33:24  universe: 89 from IBKR scanner + 61 extra from Alpaca
09:33:30  Wrote 123 gappers (123 kept): ['RBNE', 'VRAX', 'JLHL', 'RPGL', 'SUNE', 'FXHO', 'AEHG', 'LITU', 'CBRX', 'PTLE', 'SNDC', 'CBRG', 'CNTB', 'VIAG', 'AP', 'ONG', 'SNDG', 'ONX', 'FOMG', 'AMKL']
09:34:17  universe: 89 from IBKR scanner + 61 extra from Alpaca
09:34:24  Wrote 123 gappers (123 kept): ['RBNE', 'VRAX', 'JLHL', 'RPGL', 'SUNE', 'FXHO', 'AEHG', 'LITU', 'CBRX', 'PTLE', 'SNDC', 'CBRG', 'CNTB', 'AP', 'ONG', 'SNDG', 'VIAG', 'FOMG', 'ONX', 'AMKL']
09:35:11  universe: 89 from IBKR scanner + 61 extra from Alpaca
09:35:21  Wrote 123 gappers (123 kept): ['RBNE', 'VRAX', 'JLHL', 'SUNE', 'RPGL', 'FXHO', 'AEHG', 'LITU', 'CBRG', 'PTLE', 'SNDC', 'CBRX', 'CNTB', 'AP', 'ONG', 'SNDG', 'VIAG', 'FOMG', 'ONX', 'AMKL']
09:36:09  universe: 88 from IBKR scanner + 62 extra from Alpaca
09:36:17  Wrote 123 gappers (123 kept): ['RBNE', 'VRAX', 'JLHL', 'RPGL', 'SUNE', 'FXHO', 'AEHG', 'LITU', 'CBRG', 'PTLE', 'SNDC', 'CBRX', 'CNTB', 'SNDG', 'AP', 'ONG', 'VIAG', 'FOMG', 'ONX', 'RMBX']
09:37:05  universe: 88 from IBKR scanner + 61 extra from Alpaca
09:37:11  Wrote 123 gappers (123 kept): ['RBNE', 'VRAX', 'JLHL', 'RPGL', 'SUNE', 'AEHG', 'LITU', 'CBRG', 'CNTB', 'PTLE', 'SNDC', 'CBRX', 'FXHO', 'AP', 'SNDG', 'ONG', 'FOMG', 'ONX', 'VIAG', 'SPCB']
09:37:58  universe: 89 from IBKR scanner + 61 extra from Alpaca
09:38:04  Wrote 122 gappers (122 kept): ['RBNE', 'VRAX', 'JLHL', 'RPGL', 'SUNE', 'AEHG', 'LITU', 'CNTB', 'CBRG', 'PTLE', 'CBRX', 'SNDC', 'AP', 'ONG', 'SNDG', 'FOMG', 'ONX', 'VIAG', 'FXHO', 'SPCB']
09:38:52  universe: 88 from IBKR scanner + 62 extra from Alpaca
09:38:57  Wrote 122 gappers (122 kept): ['RBNE', 'VRAX', 'JLHL', 'RPGL', 'SUNE', 'AEHG', 'LITU', 'CNTB', 'CBRG', 'PTLE', 'CBRX', 'SNDC', 'AP', 'ONG', 'SNDG', 'FOMG', 'ONX', 'VIAG', 'FXHO', 'RMBX']
09:39:43  universe: 88 from IBKR scanner + 62 extra from Alpaca
09:39:48  Wrote 122 gappers (122 kept): ['RBNE', 'VRAX', 'JLHL', 'RPGL', 'SUNE', 'AEHG', 'LITU', 'CNTB', 'PTLE', 'CBRX', 'CBRG', 'SNDC', 'ONG', 'SNDG', 'AP', 'FOMG', 'ONX', 'VIAG', 'FXHO', 'RMBX']
09:40:35  universe: 88 from IBKR scanner + 62 extra from Alpaca
09:40:42  Wrote 122 gappers (122 kept): ['RBNE', 'VRAX', 'JLHL', 'RPGL', 'SUNE', 'AEHG', 'LITU', 'CNTB', 'CBRG', 'PTLE', 'CBRX', 'SNDC', 'ONG', 'SNDG', 'FOMG', 'ONX', 'VIAG', 'AP', 'FXHO', 'RMBX']
09:41:29  universe: 88 from IBKR scanner + 62 extra from Alpaca
09:41:34  Wrote 122 gappers (122 kept): ['RBNE', 'VRAX', 'JLHL', 'RPGL', 'SUNE', 'AEHG', 'LITU', 'CNTB', 'CBRG', 'PTLE', 'CBRX', 'SNDC', 'ONG', 'AP', 'CLRO', 'FOMG', 'ONX', 'SNDG', 'VIAG', 'FXHO']
09:42:21  universe: 88 from IBKR scanner + 62 extra from Alpaca
09:42:26  Wrote 122 gappers (122 kept): ['RBNE', 'VRAX', 'JLHL', 'RPGL', 'SUNE', 'AEHG', 'LITU', 'CBRG', 'CBRX', 'CNTB', 'PTLE', 'SNDC', 'ONG', 'SNDG', 'AP', 'FOMG', 'CLRO', 'ONX', 'LABT', 'VIAG']
09:43:13  universe: 88 from IBKR scanner + 63 extra from Alpaca
09:43:17  Wrote 122 gappers (122 kept): ['RBNE', 'VRAX', 'JLHL', 'SUNE', 'RPGL', 'AEHG', 'LITU', 'CBRX', 'CBRG', 'CNTB', 'PTLE', 'SNDC', 'ONG', 'SNDG', 'AP', 'FOMG', 'ONX', 'VIAG', 'SPCB', 'FXHO']
09:44:04  universe: 88 from IBKR scanner + 62 extra from Alpaca
09:44:09  Wrote 122 gappers (122 kept): ['RBNE', 'VRAX', 'JLHL', 'SUNE', 'RPGL', 'AEHG', 'LITU', 'CBRX', 'CBRG', 'CNTB', 'PTLE', 'SNDC', 'ONG', 'AP', 'SNDG', 'FOMG', 'ONX', 'VIAG', 'FXHO', 'RMBX']
09:44:56  universe: 88 from IBKR scanner + 62 extra from Alpaca
09:45:00  Wrote 122 gappers (122 kept): ['RBNE', 'VRAX', 'JLHL', 'RPGL', 'SUNE', 'AEHG', 'LITU', 'CBRX', 'CBRG', 'PTLE', 'CNTB', 'SNDC', 'ONG', 'AP', 'SNDG', 'FOMG', 'ONX', 'VIAG', 'FXHO', 'RMBX']
09:45:48  universe: 88 from IBKR scanner + 62 extra from Alpaca
09:45:56  Wrote 122 gappers (122 kept): ['RBNE', 'VRAX', 'JLHL', 'RPGL', 'SUNE', 'AEHG', 'LITU', 'CBRX', 'CBRG', 'CNTB', 'PTLE', 'SNDC', 'OPEG', 'ONG', 'AP', 'SNDG', 'FOMG', 'ONX', 'VIAG', 'FXHO']
09:46:43  universe: 87 from IBKR scanner + 62 extra from Alpaca
09:46:48  Wrote 122 gappers (122 kept): ['RBNE', 'VRAX', 'JLHL', 'RPGL', 'SUNE', 'AEHG', 'LITU', 'CBRX', 'CBRG', 'PTLE', 'SNDC', 'CNTB', 'OPEG', 'ONG', 'AP', 'SNDG', 'FOMG', 'ONX', 'VIAG', 'FXHO']
09:47:36  universe: 88 from IBKR scanner + 62 extra from Alpaca
09:47:41  Wrote 122 gappers (122 kept): ['RBNE', 'VRAX', 'JLHL', 'RPGL', 'SUNE', 'AEHG', 'LITU', 'CBRX', 'CBRG', 'PTLE', 'SNDC', 'OPEG', 'ONG', 'AP', 'SNDG', 'FOMG', 'ONX', 'CNTB', 'VIAG', 'RMBX']
09:48:28  universe: 88 from IBKR scanner + 63 extra from Alpaca
09:48:33  Wrote 122 gappers (122 kept): ['RBNE', 'VRAX', 'JLHL', 'RPGL', 'SUNE', 'AEHG', 'LITU', 'CBRG', 'CBRX', 'PTLE', 'SNDC', 'OPEG', 'ONG', 'AP', 'SNDG', 'ZSQR', 'FOMG', 'ONX', 'CNTB', 'VIAG']
09:49:19  universe: 88 from IBKR scanner + 61 extra from Alpaca
09:49:24  Wrote 123 gappers (123 kept): ['RBNE', 'VRAX', 'JLHL', 'RPGL', 'SUNE', 'AEHG', 'CBRG', 'LITU', 'CBRX', 'PTLE', 'SNDC', 'ZSQR', 'OPEG', 'ONG', 'AP', 'FOMG', 'ONX', 'SNDG', 'VIAG', 'RMBX']
09:50:11  universe: 88 from IBKR scanner + 62 extra from Alpaca
09:50:18  Wrote 124 gappers (124 kept): ['RBNE', 'VRAX', 'JLHL', 'RPGL', 'SUNE', 'AEHG', 'CBRG', 'CBRX', 'LITU', 'PTLE', 'SNDC', 'OPEG', 'ONG', 'ZSQR', 'AP', 'SNDG', 'FOMG', 'ONX', 'SPCB', 'VIAG']
09:51:05  universe: 88 from IBKR scanner + 61 extra from Alpaca
09:51:12  Wrote 125 gappers (125 kept): ['RBNE', 'VRAX', 'JLHL', 'RPGL', 'SUNE', 'AEHG', 'CBRX', 'LITU', 'CBRG', 'OPEG', 'PTLE', 'SNDC', 'ZSQR', 'ONG', 'AP', 'FOMG', 'ONX', 'SNDG', 'SPCB', 'VIAG']
09:51:59  universe: 88 from IBKR scanner + 61 extra from Alpaca
09:52:04  Wrote 125 gappers (125 kept): ['RBNE', 'VRAX', 'JLHL', 'RPGL', 'SUNE', 'AEHG', 'CBRG', 'CBRX', 'LITU', 'OPEG', 'PTLE', 'SNDC', 'ONG', 'ZSQR', 'SPCB', 'AP', 'FOMG', 'ONX', 'SNDG', 'VIAG']
09:52:51  universe: 87 from IBKR scanner + 63 extra from Alpaca
09:52:55  Wrote 125 gappers (125 kept): ['RBNE', 'VRAX', 'JLHL', 'RPGL', 'SUNE', 'AEHG', 'CBRX', 'CBRG', 'LITU', 'OPEG', 'PTLE', 'SNDC', 'ZSQR', 'ONG', 'SNDG', 'AP', 'SPCB', 'FOMG', 'ONX', 'VIAG']
09:53:43  universe: 88 from IBKR scanner + 62 extra from Alpaca
09:53:48  Wrote 125 gappers (125 kept): ['RBNE', 'VRAX', 'JLHL', 'RPGL', 'SUNE', 'AEHG', 'CBRG', 'CBRX', 'LITU', 'OPEG', 'PTLE', 'SNDC', 'ONG', 'ZSQR', 'SNDG', 'AP', 'SPCB', 'FOMG', 'ONX', 'VIAG']
09:54:34  universe: 88 from IBKR scanner + 62 extra from Alpaca
09:54:39  Wrote 126 gappers (126 kept): ['RBNE', 'VRAX', 'JLHL', 'RPGL', 'AEHG', 'CBRG', 'SUNE', 'CBRX', 'LITU', 'OPEG', 'PTLE', 'SNDC', 'ONG', 'AP', 'ZSQR', 'SNDG', 'CIFG', 'SPCB', 'FOMG', 'ONX']
09:55:26  universe: 87 from IBKR scanner + 64 extra from Alpaca
09:55:32  Wrote 126 gappers (126 kept): ['RBNE', 'VRAX', 'JLHL', 'RPGL', 'AEHG', 'CBRX', 'SUNE', 'CBRG', 'LITU', 'OPEG', 'PTLE', 'SNDC', 'ONG', 'AP', 'ZSQR', 'CIFG', 'SPCB', 'FOMG', 'ONX', 'VIAG']
09:56:19  universe: 88 from IBKR scanner + 64 extra from Alpaca
09:56:24  Wrote 126 gappers (126 kept): ['RBNE', 'VRAX', 'JLHL', 'RPGL', 'SUNE', 'AEHG', 'CBRX', 'CBRG', 'LITU', 'PTLE', 'SNDC', 'OPEG', 'ONG', 'AP', 'ONX', 'ZSQR', 'CIFG', 'SPCB', 'FOMG', 'VIAG']
09:57:11  universe: 88 from IBKR scanner + 64 extra from Alpaca
09:57:16  Wrote 127 gappers (127 kept): ['RBNE', 'VRAX', 'JLHL', 'RPGL', 'AEHG', 'CBRX', 'SUNE', 'CBRG', 'LITU', 'PTLE', 'SNDC', 'OPEG', 'ONG', 'CIFG', 'ONX', 'ZSQR', 'AP', 'SPCB', 'FOMG', 'VIAG']
09:58:03  universe: 88 from IBKR scanner + 66 extra from Alpaca
09:58:09  Wrote 128 gappers (128 kept): ['RBNE', 'VRAX', 'JLHL', 'SUNE', 'RPGL', 'AEHG', 'CBRG', 'CBRX', 'LITU', 'PTLE', 'SNDC', 'OPEG', 'ONG', 'CIFG', 'ONX', 'SPCB', 'FOMG', 'VIAG', 'SNDG', 'ZSQR']
09:58:55  universe: 88 from IBKR scanner + 66 extra from Alpaca
09:59:00  Wrote 128 gappers (128 kept): ['RBNE', 'VRAX', 'JLHL', 'RPGL', 'SUNE', 'AEHG', 'CBRX', 'CBRG', 'LITU', 'PTLE', 'SNDC', 'OPEG', 'ONG', 'CIFG', 'ONX', 'SPCB', 'FOMG', 'VIAG', 'SNDG', 'ZSQR']
09:59:46  universe: 88 from IBKR scanner + 67 extra from Alpaca
09:59:51  Wrote 128 gappers (128 kept): ['RBNE', 'VRAX', 'JLHL', 'RPGL', 'SUNE', 'AEHG', 'CBRX', 'CBRG', 'LITU', 'CIFG', 'PTLE', 'SNDC', 'OPEG', 'ONG', 'ONX', 'SPCB', 'FOMG', 'VIAG', 'SNDG', 'AP']
10:00:38  universe: 88 from IBKR scanner + 67 extra from Alpaca
10:00:49  Wrote 128 gappers (128 kept): ['RBNE', 'VRAX', 'JLHL', 'RPGL', 'SUNE', 'AEHG', 'CBRX', 'CBRG', 'LITU', 'CIFG', 'PTLE', 'SNDC', 'OPEG', 'ONG', 'ONX', 'SPCB', 'FOMG', 'VIAG', 'ZSQR', 'AP']
10:01:37  universe: 88 from IBKR scanner + 67 extra from Alpaca
10:01:46  Wrote 128 gappers (128 kept): ['RBNE', 'VRAX', 'JLHL', 'RPGL', 'SUNE', 'AEHG', 'CBRG', 'CBRX', 'LITU', 'CIFG', 'PTLE', 'SNDC', 'OPEG', 'ONG', 'ONX', 'ZSQR', 'SNDG', 'FOMG', 'VIAG', 'AP']
10:02:33  universe: 89 from IBKR scanner + 67 extra from Alpaca
10:02:41  Wrote 128 gappers (128 kept): ['RBNE', 'VRAX', 'JLHL', 'RPGL', 'SUNE', 'AEHG', 'CBRX', 'CBRG', 'LITU', 'CIFG', 'PTLE', 'SNDC', 'OPEG', 'ONG', 'SNDG', 'ONX', 'FOMG', 'VIAG', 'AP', 'ZSQR']
10:03:28  universe: 89 from IBKR scanner + 67 extra from Alpaca
10:03:35  Wrote 128 gappers (128 kept): ['RBNE', 'VRAX', 'JLHL', 'RPGL', 'SUNE', 'AEHG', 'CBRX', 'CBRG', 'LITU', 'CIFG', 'PTLE', 'SNDC', 'OPEG', 'ONG', 'SNDG', 'ONX', 'FOMG', 'VIAG', 'SPCB', 'AP']
10:04:22  universe: 89 from IBKR scanner + 66 extra from Alpaca
10:04:29  Wrote 128 gappers (128 kept): ['RBNE', 'VRAX', 'JLHL', 'RPGL', 'SUNE', 'AEHG', 'CBRX', 'LITU', 'CBRG', 'CIFG', 'PTLE', 'SNDC', 'OPEG', 'ONG', 'ONX', 'SNDG', 'ZSQR', 'FOMG', 'VIAG', 'SPCB']
10:05:16  universe: 89 from IBKR scanner + 66 extra from Alpaca
10:05:25  Wrote 128 gappers (128 kept): ['RBNE', 'VRAX', 'JLHL', 'RPGL', 'SUNE', 'AEHG', 'CBRX', 'LITU', 'CBRG', 'PTLE', 'SNDC', 'OPEG', 'CIFG', 'ONG', 'SNDG', 'ONX', 'FOMG', 'VIAG', 'SPCB', 'AP']
10:06:12  universe: 89 from IBKR scanner + 67 extra from Alpaca
10:06:20  Wrote 128 gappers (128 kept): ['RBNE', 'VRAX', 'JLHL', 'RPGL', 'SUNE', 'AEHG', 'PTLE', 'LITU', 'CBRG', 'CBRX', 'SNDC', 'OPEG', 'CIFG', 'ONG', 'SNDG', 'ONX', 'FOMG', 'VIAG', 'SPCB', 'ZSQR']
10:07:06  universe: 88 from IBKR scanner + 67 extra from Alpaca
10:07:14  Wrote 129 gappers (129 kept): ['RBNE', 'VRAX', 'JLHL', 'RPGL', 'SUNE', 'AEHG', 'PTLE', 'LITU', 'CBRG', 'CBRX', 'SNDC', 'OPEG', 'CIFG', 'SNDG', 'ONG', 'ONX', 'FOMG', 'VIAG', 'SPCB', 'AMKL']
10:08:01  universe: 88 from IBKR scanner + 67 extra from Alpaca
10:08:09  Wrote 129 gappers (129 kept): ['RBNE', 'VRAX', 'JLHL', 'RPGL', 'SUNE', 'AEHG', 'PTLE', 'LITU', 'CBRG', 'CBRX', 'SNDC', 'OPEG', 'ONG', 'SNDG', 'CIFG', 'ONX', 'FOMG', 'VIAG', 'SPCB', 'AMKL']
10:08:56  universe: 89 from IBKR scanner + 67 extra from Alpaca
10:09:03  Wrote 129 gappers (129 kept): ['RBNE', 'VRAX', 'JLHL', 'RPGL', 'SUNE', 'AEHG', 'PTLE', 'CBRG', 'LITU', 'CBRX', 'SNDC', 'OPEG', 'ONG', 'ONX', 'CIFG', 'SNDG', 'AMKL', 'FOMG', 'VIAG', 'SPCB']
10:09:50  universe: 89 from IBKR scanner + 65 extra from Alpaca
10:09:56  Wrote 129 gappers (129 kept): ['RBNE', 'VRAX', 'JLHL', 'RPGL', 'SUNE', 'AEHG', 'PTLE', 'LITU', 'CBRX', 'CBRG', 'SNDC', 'OPEG', 'CIFG', 'SNDG', 'ONG', 'ONX', 'FOMG', 'AMKL', 'VIAG', 'SPCB']
10:10:43  universe: 89 from IBKR scanner + 65 extra from Alpaca
10:10:51  Wrote 129 gappers (129 kept): ['RBNE', 'VRAX', 'JLHL', 'RPGL', 'SUNE', 'AEHG', 'PTLE', 'LITU', 'CBRX', 'CBRG', 'SNDC', 'OPEG', 'CIFG', 'ONG', 'ONX', 'SNDG', 'AMKL', 'FOMG', 'VIAG', 'SPCB']
10:11:38  universe: 89 from IBKR scanner + 64 extra from Alpaca
10:11:45  Wrote 129 gappers (129 kept): ['RBNE', 'VRAX', 'JLHL', 'SUNE', 'RPGL', 'AEHG', 'PTLE', 'LITU', 'CBRX', 'CBRG', 'SNDC', 'OPEG', 'CIFG', 'ONG', 'SNDG', 'AMKL', 'ONX', 'FOMG', 'VIAG', 'SPCB']
10:12:32  universe: 89 from IBKR scanner + 64 extra from Alpaca
10:12:38  Wrote 129 gappers (129 kept): ['RBNE', 'VRAX', 'JLHL', 'SUNE', 'AEHG', 'RPGL', 'PTLE', 'LITU', 'CBRX', 'CBRG', 'SNDC', 'OPEG', 'CIFG', 'ONG', 'SNDG', 'AMKL', 'ONX', 'FOMG', 'VIAG', 'SPCB']
10:13:25  universe: 89 from IBKR scanner + 65 extra from Alpaca
10:13:30  Wrote 130 gappers (130 kept): ['RBNE', 'VRAX', 'JLHL', 'SUNE', 'AEHG', 'RPGL', 'LITU', 'CBRX', 'CBRG', 'SNDC', 'PTLE', 'OPEG', 'CIFG', 'SNDG', 'AMKL', 'ONG', 'ONX', 'FOMG', 'VIAG', 'SPCB']
10:14:17  universe: 89 from IBKR scanner + 64 extra from Alpaca
10:14:23  Wrote 130 gappers (130 kept): ['RBNE', 'VRAX', 'JLHL', 'SUNE', 'AEHG', 'RPGL', 'LITU', 'CBRX', 'CBRG', 'SNDC', 'PTLE', 'OPEG', 'CIFG', 'SNDG', 'AMKL', 'ONG', 'ONX', 'FOMG', 'VIAG', 'SPCB']
10:15:10  universe: 89 from IBKR scanner + 63 extra from Alpaca
10:15:21  Wrote 130 gappers (130 kept): ['RBNE', 'VRAX', 'JLHL', 'SUNE', 'RPGL', 'AEHG', 'LITU', 'CBRX', 'CBRG', 'SNDC', 'PTLE', 'OPEG', 'CIFG', 'SNDG', 'AMKL', 'ONG', 'ONX', 'FOMG', 'VIAG', 'SPCB']
10:16:08  universe: 89 from IBKR scanner + 64 extra from Alpaca
10:16:19  Wrote 130 gappers (130 kept): ['RBNE', 'VRAX', 'JLHL', 'SUNE', 'RPGL', 'AEHG', 'LITU', 'CBRG', 'CBRX', 'SNDC', 'PTLE', 'SNDG', 'OPEG', 'CIFG', 'AMKL', 'ONG', 'ONX', 'FOMG', 'VIAG', 'SPCB']
10:17:06  universe: 89 from IBKR scanner + 64 extra from Alpaca
10:17:13  Wrote 130 gappers (130 kept): ['RBNE', 'VRAX', 'JLHL', 'RPGL', 'SUNE', 'AEHG', 'LITU', 'CBRG', 'CBRX', 'SNDC', 'PTLE', 'OPEG', 'SNDG', 'CIFG', 'SPCB', 'AMKL', 'ONG', 'ONX', 'FOMG', 'VIAG']
10:18:00  universe: 90 from IBKR scanner + 64 extra from Alpaca
10:18:08  Wrote 130 gappers (130 kept): ['RBNE', 'VRAX', 'JLHL', 'SUNE', 'RPGL', 'AEHG', 'LITU', 'CBRX', 'CBRG', 'SNDC', 'PTLE', 'OPEG', 'SNDG', 'SPCB', 'AMKL', 'ONG', 'ONX', 'FOMG', 'VIAG', 'AP']
10:18:54  universe: 90 from IBKR scanner + 63 extra from Alpaca
10:19:01  Wrote 130 gappers (130 kept): ['RBNE', 'VRAX', 'JLHL', 'SUNE', 'RPGL', 'AEHG', 'LITU', 'CBRG', 'CBRX', 'SNDC', 'PTLE', 'OPEG', 'SNDG', 'SPCB', 'AMKL', 'ONG', 'ONX', 'FOMG', 'VIAG', 'RMBX']
10:19:47  universe: 90 from IBKR scanner + 63 extra from Alpaca
10:19:53  Wrote 130 gappers (130 kept): ['RBNE', 'VRAX', 'JLHL', 'RPGL', 'SUNE', 'AEHG', 'LITU', 'CBRX', 'CBRG', 'SNDC', 'PTLE', 'SNDG', 'OPEG', 'SPCB', 'AMKL', 'ONG', 'ONX', 'FOMG', 'VIAG', 'RMBX']
10:20:40  universe: 90 from IBKR scanner + 63 extra from Alpaca
10:20:47  Wrote 131 gappers (131 kept): ['RBNE', 'VRAX', 'JLHL', 'RPGL', 'SUNE', 'AEHG', 'LITU', 'CBRX', 'CBRG', 'SNDC', 'PTLE', 'SNDG', 'OPEG', 'AMKL', 'ONG', 'ONX', 'FOMG', 'SPCB', 'VIAG', 'RMBX']
10:21:35  universe: 90 from IBKR scanner + 65 extra from Alpaca
10:21:42  Wrote 132 gappers (132 kept): ['RBNE', 'VRAX', 'JLHL', 'RPGL', 'AEHG', 'SUNE', 'LITU', 'CBRX', 'CBRG', 'SNDC', 'PTLE', 'SNDG', 'OPEG', 'AMKL', 'ONG', 'ONX', 'FOMG', 'VIAG', 'SPCB', 'RMBX']
10:22:28  universe: 90 from IBKR scanner + 64 extra from Alpaca
10:22:35  Wrote 132 gappers (132 kept): ['RBNE', 'VRAX', 'JLHL', 'RPGL', 'AEHG', 'SUNE', 'LITU', 'CBRX', 'SNDC', 'CBRG', 'PTLE', 'OPEG', 'SNDG', 'AMKL', 'ONG', 'ONX', 'FOMG', 'SPCB', 'VIAG', 'RMBX']
10:23:22  universe: 90 from IBKR scanner + 63 extra from Alpaca
10:23:28  Wrote 132 gappers (132 kept): ['RBNE', 'VRAX', 'JLHL', 'RPGL', 'AEHG', 'LITU', 'SUNE', 'SNDC', 'CBRG', 'CBRX', 'PTLE', 'OPEG', 'SNDG', 'ONG', 'ONX', 'FOMG', 'SPCB', 'AMKL', 'VIAG', 'RMBX']
10:24:15  universe: 90 from IBKR scanner + 63 extra from Alpaca
10:24:21  Wrote 132 gappers (132 kept): ['RBNE', 'VRAX', 'JLHL', 'RPGL', 'AEHG', 'LITU', 'SUNE', 'SNDC', 'CBRG', 'CBRX', 'PTLE', 'OPEG', 'SNDG', 'ONG', 'ONX', 'FOMG', 'SPCB', 'AMKL', 'VIAG', 'RMBX']
10:25:08  universe: 90 from IBKR scanner + 64 extra from Alpaca
10:25:16  Wrote 133 gappers (133 kept): ['RBNE', 'VRAX', 'JLHL', 'RPGL', 'AEHG', 'LITU', 'SUNE', 'SNDC', 'CBRG', 'CBRX', 'SPCB', 'PTLE', 'OPEG', 'SNDG', 'ONG', 'ONX', 'FOMG', 'AMKL', 'VIAG', 'RMBX']
10:26:02  universe: 90 from IBKR scanner + 64 extra from Alpaca
10:26:09  Wrote 133 gappers (133 kept): ['RBNE', 'VRAX', 'JLHL', 'RPGL', 'AEHG', 'LITU', 'SUNE', 'SNDC', 'CBRX', 'PTLE', 'CBRG', 'OPEG', 'SPCB', 'SNDG', 'ONG', 'ONX', 'FOMG', 'AMKL', 'VIAG', 'RMBX']
10:26:55  universe: 90 from IBKR scanner + 64 extra from Alpaca
10:27:00  Wrote 133 gappers (133 kept): ['RBNE', 'VRAX', 'JLHL', 'RPGL', 'AEHG', 'LITU', 'SUNE', 'SNDC', 'PTLE', 'OPEG', 'SPCB', 'CBRG', 'CBRX', 'SNDG', 'ONG', 'ONX', 'FOMG', 'AMKL', 'VIAG', 'RMBX']
10:27:46  universe: 90 from IBKR scanner + 64 extra from Alpaca
10:27:51  Wrote 133 gappers (133 kept): ['RBNE', 'VRAX', 'JLHL', 'RPGL', 'AEHG', 'SUNE', 'LITU', 'SNDC', 'PTLE', 'CBRG', 'SPCB', 'OPEG', 'CBRX', 'SNDG', 'ONX', 'FOMG', 'AMKL', 'VIAG', 'RMBX', 'ZSQR']
10:28:38  universe: 90 from IBKR scanner + 64 extra from Alpaca
10:28:44  Wrote 133 gappers (133 kept): ['RBNE', 'VRAX', 'JLHL', 'RPGL', 'AEHG', 'SUNE', 'LITU', 'SNDC', 'PTLE', 'CBRG', 'SPCB', 'SNDG', 'CBRX', 'OPEG', 'ONX', 'FOMG', 'AMKL', 'VIAG', 'RMBX', 'ZSQR']
10:29:31  universe: 90 from IBKR scanner + 64 extra from Alpaca
10:29:36  Wrote 133 gappers (133 kept): ['RBNE', 'VRAX', 'JLHL', 'RPGL', 'AEHG', 'SUNE', 'LITU', 'SNDC', 'PTLE', 'CBRG', 'SPCB', 'CBRX', 'OPEG', 'SNDG', 'ONX', 'FOMG', 'VIAG', 'AMKL', 'ZSQR', 'RMBX']
10:30:22  universe: 90 from IBKR scanner + 63 extra from Alpaca
10:30:38  Wrote 133 gappers (133 kept): ['RBNE', 'VRAX', 'JLHL', 'RPGL', 'AEHG', 'SUNE', 'LITU', 'SNDC', 'CBRG', 'PTLE', 'SPCB', 'SNDG', 'OPEG', 'CBRX', 'ONX', 'FOMG', 'VIAG', 'AMKL', 'RMBX', 'ONG']
10:31:25  universe: 90 from IBKR scanner + 63 extra from Alpaca
10:31:36  Wrote 133 gappers (133 kept): ['RBNE', 'VRAX', 'JLHL', 'RPGL', 'AEHG', 'SUNE', 'LITU', 'SNDC', 'CBRX', 'CBRG', 'PTLE', 'SPCB', 'SNDG', 'OPEG', 'ONX', 'FOMG', 'AMKL', 'VIAG', 'RMBX', 'ONG']
10:32:23  universe: 90 from IBKR scanner + 62 extra from Alpaca
10:32:33  Wrote 133 gappers (133 kept): ['RBNE', 'VRAX', 'JLHL', 'RPGL', 'AEHG', 'LITU', 'SUNE', 'SNDC', 'CBRX', 'PTLE', 'CBRG', 'SNDG', 'OPEG', 'SPCB', 'ONX', 'FOMG', 'SNWV', 'AMKL', 'VIAG', 'RMBX']
10:33:20  universe: 90 from IBKR scanner + 62 extra from Alpaca
10:33:28  Wrote 133 gappers (133 kept): ['RBNE', 'VRAX', 'JLHL', 'RPGL', 'AEHG', 'LITU', 'SUNE', 'SNDC', 'PTLE', 'CBRX', 'SPCB', 'OPEG', 'CBRG', 'SNDG', 'ONX', 'FOMG', 'SNWV', 'AMKL', 'VIAG', 'RMBX']
10:34:15  universe: 90 from IBKR scanner + 61 extra from Alpaca
10:34:23  Wrote 133 gappers (133 kept): ['RBNE', 'VRAX', 'JLHL', 'RPGL', 'AEHG', 'LITU', 'SUNE', 'SNDC', 'PTLE', 'CBRX', 'SPCB', 'OPEG', 'CBRG', 'SNDG', 'ONX', 'FOMG', 'SNWV', 'AMKL', 'VIAG', 'RMBX']
10:35:09  universe: 90 from IBKR scanner + 61 extra from Alpaca
10:35:19  Wrote 133 gappers (133 kept): ['RBNE', 'VRAX', 'JLHL', 'RPGL', 'AEHG', 'LITU', 'SUNE', 'SNDC', 'PTLE', 'CBRX', 'CBRG', 'SPCB', 'OPEG', 'SNDG', 'ONX', 'FOMG', 'SNWV', 'AMKL', 'VIAG', 'RMBX']
10:36:06  universe: 90 from IBKR scanner + 62 extra from Alpaca
10:36:15  Wrote 134 gappers (134 kept): ['RBNE', 'VRAX', 'JLHL', 'RPGL', 'AEHG', 'LITU', 'SUNE', 'SNDC', 'PTLE', 'CBRX', 'CBRG', 'SPCB', 'OPEG', 'SNDG', 'ONX', 'FOMG', 'AMKL', 'VIAG', 'SNWV', 'RMBX']
10:37:02  universe: 89 from IBKR scanner + 63 extra from Alpaca
10:37:10  Wrote 134 gappers (134 kept): ['RBNE', 'VRAX', 'JLHL', 'RPGL', 'AEHG', 'LITU', 'SUNE', 'SNDC', 'OPEG', 'PTLE', 'CBRG', 'CBRX', 'SPCB', 'SNDG', 'ONX', 'FOMG', 'VIAG', 'SNWV', 'AMKL', 'RMBX']
10:37:57  universe: 89 from IBKR scanner + 63 extra from Alpaca
10:38:03  Wrote 134 gappers (134 kept): ['RBNE', 'VRAX', 'JLHL', 'RPGL', 'AEHG', 'LITU', 'SUNE', 'SNDC', 'OPEG', 'CBRG', 'PTLE', 'CBRX', 'SPCB', 'ONX', 'FOMG', 'SNDG', 'VIAG', 'SNWV', 'AMKL', 'RMBX']
10:38:50  universe: 89 from IBKR scanner + 63 extra from Alpaca
10:38:58  Wrote 134 gappers (134 kept): ['RBNE', 'VRAX', 'JLHL', 'RPGL', 'AEHG', 'LITU', 'SUNE', 'SNDC', 'OPEG', 'CBRG', 'PTLE', 'CBRX', 'SPCB', 'ONX', 'FOMG', 'SNDG', 'VIAG', 'SNWV', 'AMKL', 'RMBX']
10:39:45  universe: 89 from IBKR scanner + 63 extra from Alpaca
10:39:51  Wrote 134 gappers (134 kept): ['RBNE', 'VRAX', 'JLHL', 'RPGL', 'AEHG', 'LITU', 'SUNE', 'SNDC', 'CBRG', 'OPEG', 'PTLE', 'CBRX', 'SPCB', 'ONX', 'FOMG', 'SNDG', 'VIAG', 'AMKL', 'RMBX', 'ONG']
10:40:38  universe: 89 from IBKR scanner + 62 extra from Alpaca
10:40:48  Wrote 134 gappers (134 kept): ['RBNE', 'VRAX', 'JLHL', 'RPGL', 'AEHG', 'LITU', 'SUNE', 'SNDC', 'CBRX', 'CBRG', 'OPEG', 'PTLE', 'SPCB', 'SNDG', 'ONX', 'FOMG', 'VIAG', 'AMKL', 'RMBX', 'ONG']
10:41:35  universe: 89 from IBKR scanner + 62 extra from Alpaca
10:41:43  Wrote 134 gappers (134 kept): ['RBNE', 'VRAX', 'JLHL', 'RPGL', 'AEHG', 'LITU', 'SUNE', 'CBRG', 'SNDC', 'CBRX', 'OPEG', 'PTLE', 'SPCB', 'SNDG', 'ONX', 'FOMG', 'VIAG', 'AMKL', 'RMBX', 'ONG']
10:42:30  universe: 88 from IBKR scanner + 64 extra from Alpaca
10:42:36  Wrote 134 gappers (134 kept): ['RBNE', 'VRAX', 'JLHL', 'RPGL', 'AEHG', 'LITU', 'SUNE', 'CBRG', 'SNDC', 'CBRX', 'OPEG', 'PTLE', 'SPCB', 'SNDG', 'ONX', 'FOMG', 'VIAG', 'AMKL', 'RMBX', 'ONG']
10:43:23  universe: 88 from IBKR scanner + 63 extra from Alpaca
10:43:30  Wrote 134 gappers (134 kept): ['RBNE', 'VRAX', 'JLHL', 'RPGL', 'AEHG', 'LITU', 'SUNE', 'CBRX', 'CBRG', 'SPCB', 'SNDC', 'OPEG', 'PTLE', 'SNDG', 'AMKL', 'ONX', 'FOMG', 'VIAG', 'RMBX', 'ONG']
10:44:18  universe: 88 from IBKR scanner + 63 extra from Alpaca
10:44:24  Wrote 135 gappers (135 kept): ['RBNE', 'VRAX', 'JLHL', 'RPGL', 'AEHG', 'LITU', 'SUNE', 'CBRX', 'CBRG', 'SPCB', 'SNDC', 'OPEG', 'PTLE', 'SNDG', 'AMKL', 'ONX', 'FOMG', 'VIAG', 'RMBX', 'ENTL']
10:45:11  universe: 88 from IBKR scanner + 61 extra from Alpaca
10:45:24  Wrote 135 gappers (135 kept): ['RBNE', 'VRAX', 'JLHL', 'RPGL', 'AEHG', 'SUNE', 'LITU', 'CBRX', 'SPCB', 'SNDC', 'OPEG', 'CBRG', 'PTLE', 'SNDG', 'AMKL', 'ONX', 'FOMG', 'VIAG', 'RMBX', 'ENTL']
10:46:11  universe: 88 from IBKR scanner + 61 extra from Alpaca
10:46:21  Wrote 135 gappers (135 kept): ['RBNE', 'VRAX', 'JLHL', 'RPGL', 'AEHG', 'LITU', 'SUNE', 'SPCB', 'CBRX', 'SNDC', 'OPEG', 'CBRG', 'PTLE', 'SNDG', 'AMKL', 'ONX', 'FOMG', 'VIAG', 'RMBX', 'ZSQR']
10:47:08  universe: 88 from IBKR scanner + 62 extra from Alpaca
10:47:17  Wrote 135 gappers (135 kept): ['RBNE', 'VRAX', 'JLHL', 'AEHG', 'RPGL', 'SUNE', 'LITU', 'SPCB', 'CBRX', 'SNDC', 'OPEG', 'CBRG', 'PTLE', 'ONX', 'FOMG', 'AMKL', 'SNDG', 'VIAG', 'RMBX', 'ZSQR']
10:48:03  universe: 88 from IBKR scanner + 62 extra from Alpaca
10:48:12  Wrote 135 gappers (135 kept): ['RBNE', 'VRAX', 'JLHL', 'AEHG', 'RPGL', 'LITU', 'SUNE', 'SPCB', 'CBRX', 'SNDC', 'OPEG', 'PTLE', 'CBRG', 'ONX', 'FOMG', 'AMKL', 'SNDG', 'VIAG', 'RMBX', 'ZSQR']
10:48:59  universe: 88 from IBKR scanner + 62 extra from Alpaca
10:49:07  Wrote 136 gappers (136 kept): ['RBNE', 'VRAX', 'JLHL', 'AEHG', 'RPGL', 'SUNE', 'LITU', 'SPCB', 'CBRX', 'SNDC', 'OPEG', 'PTLE', 'CBRG', 'XCUR', 'ONX', 'FOMG', 'AMKL', 'SNDG', 'VIAG', 'RMBX']
10:49:54  universe: 88 from IBKR scanner + 63 extra from Alpaca
10:50:00  Wrote 136 gappers (136 kept): ['RBNE', 'VRAX', 'JLHL', 'AEHG', 'RPGL', 'LITU', 'SUNE', 'SPCB', 'CBRX', 'SNDC', 'CBRG', 'OPEG', 'PTLE', 'XCUR', 'SNDG', 'FOMG', 'IOTR', 'AMKL', 'VIAG', 'RMBX']
10:50:47  universe: 88 from IBKR scanner + 61 extra from Alpaca
10:50:56  Wrote 136 gappers (136 kept): ['RBNE', 'VRAX', 'JLHL', 'RPGL', 'AEHG', 'LITU', 'SUNE', 'SPCB', 'CBRX', 'SNDC', 'CBRG', 'OPEG', 'PTLE', 'SNDG', 'XCUR', 'FOMG', 'AMKL', 'VIAG', 'RMBX', 'IOTR']
10:51:43  universe: 88 from IBKR scanner + 60 extra from Alpaca
10:51:49  Wrote 136 gappers (136 kept): ['RBNE', 'VRAX', 'JLHL', 'AEHG', 'RPGL', 'LITU', 'SUNE', 'SNDC', 'SPCB', 'CBRX', 'OPEG', 'PTLE', 'CBRG', 'XCUR', 'SNDG', 'FOMG', 'AMKL', 'VIAG', 'RMBX', 'ZSQR']
10:52:36  universe: 89 from IBKR scanner + 60 extra from Alpaca
10:52:42  Wrote 136 gappers (136 kept): ['RBNE', 'VRAX', 'JLHL', 'RPGL', 'AEHG', 'SUNE', 'LITU', 'SNDC', 'SPCB', 'CBRX', 'OPEG', 'PTLE', 'CBRG', 'XCUR', 'SNDG', 'FOMG', 'AMKL', 'VIAG', 'RMBX', 'ZSQR']
10:53:29  universe: 89 from IBKR scanner + 62 extra from Alpaca
10:53:35  Wrote 136 gappers (136 kept): ['RBNE', 'VRAX', 'JLHL', 'AEHG', 'RPGL', 'SUNE', 'LITU', 'SNDC', 'SPCB', 'CBRX', 'OPEG', 'PTLE', 'XCUR', 'CBRG', 'SNDG', 'FOMG', 'AMKL', 'VIAG', 'RMBX', 'ZSQR']
10:54:22  universe: 89 from IBKR scanner + 61 extra from Alpaca
10:54:30  Wrote 137 gappers (137 kept): ['RBNE', 'VRAX', 'JLHL', 'AEHG', 'RPGL', 'SUNE', 'LITU', 'SNDC', 'SPCB', 'CBRX', 'OPEG', 'PTLE', 'RNAZ', 'XCUR', 'CBRG', 'SNDG', 'AMKL', 'FOMG', 'VIAG', 'RMBX']
10:55:17  universe: 89 from IBKR scanner + 61 extra from Alpaca
10:55:25  Wrote 137 gappers (137 kept): ['RBNE', 'VRAX', 'JLHL', 'AEHG', 'RPGL', 'SUNE', 'LITU', 'SNDC', 'OPEG', 'PTLE', 'RNAZ', 'CBRX', 'XCUR', 'CBRG', 'SNDG', 'SPCB', 'FOMG', 'AMKL', 'VIAG', 'RMBX']
10:56:11  universe: 89 from IBKR scanner + 61 extra from Alpaca
10:56:19  Wrote 137 gappers (137 kept): ['RBNE', 'VRAX', 'JLHL', 'AEHG', 'RPGL', 'SUNE', 'LITU', 'XCUR', 'SNDC', 'OPEG', 'PTLE', 'CBRX', 'SPCB', 'SNDG', 'CBRG', 'RNAZ', 'FOMG', 'AMKL', 'VIAG', 'RMBX']
10:57:06  universe: 89 from IBKR scanner + 61 extra from Alpaca
10:57:13  Wrote 136 gappers (136 kept): ['RBNE', 'VRAX', 'JLHL', 'AEHG', 'RPGL', 'SUNE', 'LITU', 'SNDC', 'OPEG', 'PTLE', 'CBRX', 'CBRG', 'SPCB', 'SNDG', 'RNAZ', 'FOMG', 'AMKL', 'VIAG', 'RMBX', 'AP']
10:58:00  universe: 89 from IBKR scanner + 63 extra from Alpaca
10:58:06  Wrote 136 gappers (136 kept): ['RBNE', 'VRAX', 'JLHL', 'AEHG', 'RPGL', 'SUNE', 'LITU', 'SNDC', 'OPEG', 'PTLE', 'CBRX', 'SNDG', 'CBRG', 'RNAZ', 'FOMG', 'AMKL', 'VIAG', 'SPCB', 'RMBX', 'AP']
10:58:53  universe: 89 from IBKR scanner + 63 extra from Alpaca
10:58:59  Wrote 136 gappers (136 kept): ['RBNE', 'VRAX', 'JLHL', 'AEHG', 'RPGL', 'SUNE', 'LITU', 'SNDC', 'PTLE', 'OPEG', 'CBRX', 'CBRG', 'RNAZ', 'SNDG', 'FOMG', 'AMKL', 'VIAG', 'AP', 'SPCB', 'RMBX']
10:59:46  universe: 89 from IBKR scanner + 63 extra from Alpaca
10:59:52  Wrote 137 gappers (137 kept): ['RBNE', 'VRAX', 'JLHL', 'AEHG', 'RPGL', 'LITU', 'SUNE', 'SNDC', 'PTLE', 'OPEG', 'CBRX', 'CBRG', 'SNDG', 'RNAZ', 'FOMG', 'AMKL', 'VIAG', 'AP', 'SPCB', 'RMBX']
11:00:39  universe: 89 from IBKR scanner + 63 extra from Alpaca
11:00:57  Wrote 137 gappers (137 kept): ['RBNE', 'VRAX', 'JLHL', 'AEHG', 'RPGL', 'LITU', 'SUNE', 'SNDC', 'PTLE', 'OPEG', 'CBRX', 'CBRG', 'SNDG', 'RNAZ', 'FOMG', 'AMKL', 'VIAG', 'AP', 'SPCB', 'RMBX']
11:01:43  universe: 89 from IBKR scanner + 62 extra from Alpaca
11:01:58  Wrote 137 gappers (137 kept): ['RBNE', 'VRAX', 'JLHL', 'AEHG', 'RPGL', 'SUNE', 'LITU', 'SNDC', 'PTLE', 'OPEG', 'CBRX', 'CBRG', 'SNDG', 'RNAZ', 'FOMG', 'AMKL', 'SPCB', 'VIAG', 'RMBX', 'AP']
11:02:45  universe: 89 from IBKR scanner + 62 extra from Alpaca
11:02:55  Wrote 137 gappers (137 kept): ['RBNE', 'VRAX', 'JLHL', 'AEHG', 'SUNE', 'RPGL', 'LITU', 'SNDC', 'PTLE', 'OPEG', 'CBRX', 'CBRG', 'SPCB', 'SNDG', 'RNAZ', 'FOMG', 'AMKL', 'VIAG', 'FXHO', 'IOTR']
11:03:42  universe: 89 from IBKR scanner + 61 extra from Alpaca
11:03:52  Wrote 137 gappers (137 kept): ['RBNE', 'VRAX', 'JLHL', 'AEHG', 'RPGL', 'SUNE', 'LITU', 'SNDC', 'PTLE', 'OPEG', 'CBRX', 'SNDG', 'CBRG', 'SPCB', 'RNAZ', 'FOMG', 'AMKL', 'VIAG', 'RMBX', 'AP']
11:04:39  universe: 89 from IBKR scanner + 61 extra from Alpaca
11:04:48  Wrote 137 gappers (137 kept): ['RBNE', 'VRAX', 'JLHL', 'AEHG', 'RPGL', 'SUNE', 'LITU', 'SNDC', 'SPCB', 'PTLE', 'CBRG', 'OPEG', 'CBRX', 'SNDG', 'RNAZ', 'FOMG', 'AMKL', 'VIAG', 'RMBX', 'AP']
11:05:35  universe: 89 from IBKR scanner + 61 extra from Alpaca
11:05:46  Wrote 137 gappers (137 kept): ['RBNE', 'VRAX', 'JLHL', 'AEHG', 'RPGL', 'SUNE', 'LITU', 'SNDC', 'SPCB', 'RNAZ', 'PTLE', 'OPEG', 'CBRX', 'SNDG', 'CBRG', 'FOMG', 'AMKL', 'VIAG', 'RMBX', 'AP']
11:06:32  universe: 89 from IBKR scanner + 61 extra from Alpaca
11:06:42  Wrote 138 gappers (138 kept): ['RBNE', 'VRAX', 'JLHL', 'AEHG', 'RPGL', 'SUNE', 'LITU', 'SNDC', 'SPCB', 'PTLE', 'SNDG', 'OPEG', 'CBRX', 'CBRG', 'FOMG', 'RNAZ', 'VIAG', 'AMKL', 'RMBX', 'AP']
11:07:29  universe: 89 from IBKR scanner + 61 extra from Alpaca
11:07:36  Wrote 138 gappers (138 kept): ['RBNE', 'VRAX', 'JLHL', 'AEHG', 'RPGL', 'SUNE', 'LITU', 'SNDC', 'SPCB', 'RNAZ', 'SNDG', 'PTLE', 'OPEG', 'CBRX', 'CBRG', 'FOMG', 'VIAG', 'AMKL', 'RMBX', 'AP']
11:08:24  universe: 89 from IBKR scanner + 61 extra from Alpaca
11:08:31  Wrote 138 gappers (138 kept): ['RBNE', 'VRAX', 'JLHL', 'AEHG', 'RPGL', 'LITU', 'SUNE', 'SNDC', 'SPCB', 'RNAZ', 'PTLE', 'CBRX', 'SNDG', 'CBRG', 'OPEG', 'FOMG', 'VIAG', 'AMKL', 'AP', 'RMBX']
11:09:17  universe: 89 from IBKR scanner + 62 extra from Alpaca
11:09:25  Wrote 138 gappers (138 kept): ['RBNE', 'VRAX', 'JLHL', 'AEHG', 'RPGL', 'SUNE', 'LITU', 'SNDC', 'SPCB', 'RNAZ', 'PTLE', 'CBRX', 'CBRG', 'SNDG', 'OPEG', 'FOMG', 'VIAG', 'AMKL', 'AP', 'RMBX']
11:10:12  universe: 89 from IBKR scanner + 62 extra from Alpaca
11:10:23  Wrote 138 gappers (138 kept): ['RBNE', 'VRAX', 'JLHL', 'AEHG', 'RPGL', 'LITU', 'SUNE', 'SNDC', 'SPCB', 'SNDG', 'RNAZ', 'PTLE', 'CBRX', 'CBRG', 'OPEG', 'FOMG', 'VIAG', 'AMKL', 'AP', 'RMBX']
11:11:11  universe: 89 from IBKR scanner + 62 extra from Alpaca
11:11:19  Wrote 138 gappers (138 kept): ['RBNE', 'VRAX', 'JLHL', 'AEHG', 'RPGL', 'SUNE', 'LITU', 'SNDC', 'SNDG', 'SPCB', 'RNAZ', 'PTLE', 'CBRX', 'CBRG', 'OPEG', 'AMKL', 'FOMG', 'VIAG', 'AP', 'RMBX']
11:12:06  universe: 89 from IBKR scanner + 63 extra from Alpaca
11:12:13  Wrote 139 gappers (139 kept): ['RBNE', 'VRAX', 'JLHL', 'AEHG', 'RPGL', 'SUNE', 'LITU', 'LBTYB', 'SNDG', 'SNDC', 'CBRX', 'SPCB', 'RNAZ', 'PTLE', 'CBRG', 'OPEG', 'AMKL', 'FOMG', 'VIAG', 'ZSQR']
11:13:00  universe: 89 from IBKR scanner + 63 extra from Alpaca
11:13:08  Wrote 139 gappers (139 kept): ['RBNE', 'VRAX', 'JLHL', 'AEHG', 'LBTYB', 'RPGL', 'SUNE', 'LITU', 'SNDC', 'SNDG', 'SPCB', 'RNAZ', 'PTLE', 'CBRX', 'CBRG', 'OPEG', 'AMKL', 'FOMG', 'VIAG', 'ZSQR']
11:13:54  universe: 89 from IBKR scanner + 63 extra from Alpaca
11:14:00  Wrote 139 gappers (139 kept): ['RBNE', 'VRAX', 'JLHL', 'LBTYB', 'AEHG', 'RPGL', 'SUNE', 'SNDC', 'LITU', 'SNDG', 'SPCB', 'PTLE', 'CBRG', 'CBRX', 'OPEG', 'AMKL', 'RNAZ', 'FOMG', 'VIAG', 'RMBX']
11:14:46  universe: 89 from IBKR scanner + 63 extra from Alpaca
11:14:52  Wrote 139 gappers (139 kept): ['RBNE', 'VRAX', 'JLHL', 'LBTYB', 'AEHG', 'RPGL', 'SUNE', 'SNDC', 'LITU', 'SNDG', 'SPCB', 'PTLE', 'CBRG', 'CBRX', 'OPEG', 'AMKL', 'RNAZ', 'FOMG', 'VIAG', 'AP']
11:15:40  universe: 89 from IBKR scanner + 63 extra from Alpaca
11:15:51  Wrote 139 gappers (139 kept): ['RBNE', 'VRAX', 'JLHL', 'LBTYB', 'AEHG', 'RPGL', 'SNDC', 'SUNE', 'LITU', 'SNDG', 'CBRG', 'SPCB', 'PTLE', 'CBRX', 'OPEG', 'AMKL', 'RNAZ', 'FOMG', 'VIAG', 'AP']
11:16:38  universe: 90 from IBKR scanner + 62 extra from Alpaca
11:16:46  Wrote 139 gappers (139 kept): ['RBNE', 'VRAX', 'JLHL', 'LBTYB', 'AEHG', 'RPGL', 'SNDC', 'SUNE', 'LITU', 'SNDG', 'SPCB', 'CBRG', 'PTLE', 'CBRX', 'OPEG', 'AMKL', 'RNAZ', 'FOMG', 'VIAG', 'AP']
11:17:33  universe: 90 from IBKR scanner + 62 extra from Alpaca
11:17:40  Wrote 139 gappers (139 kept): ['RBNE', 'VRAX', 'JLHL', 'AEHG', 'RPGL', 'SNDC', 'SUNE', 'LITU', 'SNDG', 'CBRG', 'SPCB', 'PTLE', 'CBRX', 'OPEG', 'AMKL', 'RNAZ', 'FOMG', 'VIAG', 'AP', 'RMBX']
11:18:27  universe: 90 from IBKR scanner + 62 extra from Alpaca
11:18:34  Wrote 139 gappers (139 kept): ['RBNE', 'VRAX', 'JLHL', 'AEHG', 'RPGL', 'SNDC', 'SUNE', 'LITU', 'SNDG', 'LBTYB', 'CBRG', 'SPCB', 'PTLE', 'CBRX', 'OPEG', 'AMKL', 'RNAZ', 'FOMG', 'VIAG', 'AP']
11:19:21  universe: 90 from IBKR scanner + 62 extra from Alpaca
11:19:28  Wrote 139 gappers (139 kept): ['RBNE', 'VRAX', 'JLHL', 'AEHG', 'RPGL', 'LBTYB', 'SNDC', 'SNDG', 'SUNE', 'LITU', 'CBRG', 'SPCB', 'PTLE', 'CBRX', 'OPEG', 'AMKL', 'RNAZ', 'AP', 'FOMG', 'VIAG']
11:20:15  universe: 90 from IBKR scanner + 62 extra from Alpaca
11:20:23  Wrote 139 gappers (139 kept): ['RBNE', 'VRAX', 'JLHL', 'AEHG', 'RPGL', 'SNDC', 'SNDG', 'LITU', 'SUNE', 'CBRG', 'SPCB', 'PTLE', 'CBRX', 'OPEG', 'AMKL', 'RNAZ', 'LBTYB', 'AP', 'FOMG', 'VIAG']
11:21:10  universe: 90 from IBKR scanner + 62 extra from Alpaca
11:21:19  Wrote 139 gappers (139 kept): ['RBNE', 'VRAX', 'JLHL', 'AEHG', 'RPGL', 'SNDC', 'SNDG', 'SUNE', 'LITU', 'CBRG', 'PTLE', 'CBRX', 'OPEG', 'AMKL', 'RNAZ', 'AP', 'FOMG', 'SPCB', 'VIAG', 'LBTYB']
11:22:06  universe: 90 from IBKR scanner + 61 extra from Alpaca
11:22:14  Wrote 139 gappers (139 kept): ['RBNE', 'VRAX', 'JLHL', 'AEHG', 'RPGL', 'SNDC', 'SNDG', 'LITU', 'SUNE', 'CBRG', 'PTLE', 'SPCB', 'CBRX', 'OPEG', 'AMKL', 'RNAZ', 'AP', 'FOMG', 'VIAG', 'RMBX']
11:23:01  universe: 90 from IBKR scanner + 62 extra from Alpaca
11:23:09  Wrote 139 gappers (139 kept): ['RBNE', 'VRAX', 'JLHL', 'AEHG', 'RPGL', 'SNDC', 'SNDG', 'LITU', 'SUNE', 'CBRG', 'CBRX', 'PTLE', 'OPEG', 'AMKL', 'RNAZ', 'AP', 'FOMG', 'SPCB', 'VIAG', 'RMBX']
11:23:55  universe: 90 from IBKR scanner + 62 extra from Alpaca
11:24:02  Wrote 139 gappers (139 kept): ['RBNE', 'VRAX', 'JLHL', 'AEHG', 'RPGL', 'SNDC', 'SNDG', 'LITU', 'SUNE', 'CBRX', 'CBRG', 'PTLE', 'SPCB', 'OPEG', 'AMKL', 'RNAZ', 'AP', 'FOMG', 'VIAG', 'RMBX']
11:24:49  universe: 89 from IBKR scanner + 62 extra from Alpaca
11:24:55  Wrote 140 gappers (140 kept): ['RBNE', 'VRAX', 'JLHL', 'AEHG', 'RPGL', 'SNDC', 'SNDG', 'LITU', 'SUNE', 'CBRG', 'SPCB', 'CBRX', 'XCUR', 'PTLE', 'OPEG', 'AMKL', 'RNAZ', 'FOMG', 'AP', 'VIAG']
11:25:42  universe: 89 from IBKR scanner + 62 extra from Alpaca
11:25:50  Wrote 140 gappers (140 kept): ['RBNE', 'VRAX', 'JLHL', 'AEHG', 'RPGL', 'SNDC', 'SNDG', 'LITU', 'SUNE', 'SPCB', 'CBRG', 'CBRX', 'XCUR', 'PTLE', 'OPEG', 'AMKL', 'RNAZ', 'FOMG', 'AP', 'VIAG']
11:26:36  universe: 90 from IBKR scanner + 63 extra from Alpaca
11:26:43  Wrote 140 gappers (140 kept): ['RBNE', 'VRAX', 'JLHL', 'AEHG', 'RPGL', 'SNDC', 'SNDG', 'LITU', 'SUNE', 'RNAZ', 'CBRX', 'CBRG', 'SPCB', 'XCUR', 'PTLE', 'OPEG', 'AMKL', 'AP', 'FOMG', 'AAOG']
11:27:30  universe: 90 from IBKR scanner + 63 extra from Alpaca
11:27:36  Wrote 140 gappers (140 kept): ['RBNE', 'VRAX', 'JLHL', 'AEHG', 'RPGL', 'SNDC', 'RNAZ', 'SNDG', 'LITU', 'CBRG', 'CBRX', 'SPCB', 'XCUR', 'PTLE', 'SUNE', 'OPEG', 'AMKL', 'AP', 'FOMG', 'VIAG']
11:28:23  universe: 90 from IBKR scanner + 62 extra from Alpaca
11:28:29  Wrote 140 gappers (140 kept): ['RBNE', 'VRAX', 'JLHL', 'AEHG', 'RPGL', 'RNAZ', 'SUNE', 'SNDC', 'SNDG', 'LITU', 'CBRG', 'CBRX', 'SPCB', 'XCUR', 'PTLE', 'OPEG', 'AMKL', 'FOMG', 'AP', 'AAOG']
11:29:16  universe: 90 from IBKR scanner + 63 extra from Alpaca
11:29:23  Wrote 140 gappers (140 kept): ['RBNE', 'VRAX', 'JLHL', 'AEHG', 'RPGL', 'SNDC', 'SUNE', 'LBTYB', 'RNAZ', 'SNDG', 'LITU', 'SPCB', 'CBRX', 'CBRG', 'XCUR', 'PTLE', 'OPEG', 'AMKL', 'FOMG', 'AP']
11:30:10  universe: 90 from IBKR scanner + 62 extra from Alpaca
11:30:26  Wrote 141 gappers (141 kept): ['RBNE', 'VRAX', 'JLHL', 'AEHG', 'RPGL', 'SNDC', 'SUNE', 'SNDG', 'RNAZ', 'LITU', 'SPCB', 'LBTYB', 'CBRX', 'CBRG', 'XCUR', 'PTLE', 'OPEG', 'AMKL', 'FOMG', 'AAOG']
11:31:13  universe: 90 from IBKR scanner + 62 extra from Alpaca
11:31:26  Wrote 141 gappers (141 kept): ['RBNE', 'VRAX', 'JLHL', 'AEHG', 'RPGL', 'SUNE', 'SNDC', 'RNAZ', 'SNDG', 'SPCB', 'LITU', 'LBTYB', 'CBRG', 'CBRX', 'XCUR', 'PTLE', 'OPEG', 'AMKL', 'FOMG', 'AAOG']
11:32:13  universe: 90 from IBKR scanner + 63 extra from Alpaca
11:32:23  Wrote 141 gappers (141 kept): ['RBNE', 'VRAX', 'JLHL', 'AEHG', 'RNAZ', 'SUNE', 'RPGL', 'SNDC', 'LITU', 'SNDG', 'SPCB', 'LBTYB', 'CBRX', 'CBRG', 'XCUR', 'PTLE', 'OPEG', 'AMKL', 'FOMG', 'AAOG']
11:33:10  universe: 90 from IBKR scanner + 62 extra from Alpaca
11:33:20  Wrote 141 gappers (141 kept): ['RBNE', 'VRAX', 'JLHL', 'AEHG', 'SUNE', 'RPGL', 'SNDC', 'LITU', 'SNDG', 'RNAZ', 'SPCB', 'CBRG', 'CBRX', 'XCUR', 'PTLE', 'OPEG', 'AMKL', 'FOMG', 'LBTYB', 'VIAG']
11:34:07  universe: 90 from IBKR scanner + 63 extra from Alpaca
11:34:17  Wrote 141 gappers (141 kept): ['RBNE', 'VRAX', 'JLHL', 'AEHG', 'SUNE', 'SNDC', 'RPGL', 'LITU', 'SNDG', 'RNAZ', 'SPCB', 'CBRG', 'CBRX', 'XCUR', 'PTLE', 'OPEG', 'AMKL', 'FOMG', 'AAOG', 'LBTYB']
11:35:04  universe: 90 from IBKR scanner + 64 extra from Alpaca
11:35:17  Wrote 141 gappers (141 kept): ['RBNE', 'VRAX', 'JLHL', 'SUNE', 'AEHG', 'SNDC', 'RPGL', 'LITU', 'SNDG', 'SPCB', 'RNAZ', 'CBRG', 'CBRX', 'XCUR', 'PTLE', 'OPEG', 'AMKL', 'FOMG', 'AAOG', 'LBTYB']
11:36:03  universe: 90 from IBKR scanner + 63 extra from Alpaca
11:36:14  Wrote 141 gappers (141 kept): ['RBNE', 'VRAX', 'JLHL', 'SUNE', 'AEHG', 'SNDC', 'LBTYB', 'LITU', 'RPGL', 'SNDG', 'RNAZ', 'SPCB', 'CBRG', 'CBRX', 'XCUR', 'PTLE', 'OPEG', 'AMKL', 'AAOG', 'FOMG']
11:37:00  universe: 90 from IBKR scanner + 62 extra from Alpaca
11:37:09  Wrote 141 gappers (141 kept): ['RBNE', 'VRAX', 'JLHL', 'SNDC', 'AEHG', 'SUNE', 'RPGL', 'SNDG', 'LBTYB', 'LITU', 'RNAZ', 'SPCB', 'CBRG', 'CBRX', 'XCUR', 'PTLE', 'AAOG', 'OPEG', 'AMKL', 'FOMG']
11:37:56  universe: 90 from IBKR scanner + 62 extra from Alpaca
11:38:03  Wrote 141 gappers (141 kept): ['RBNE', 'VRAX', 'JLHL', 'SNDC', 'AEHG', 'SUNE', 'RPGL', 'SNDG', 'LITU', 'SPCB', 'RNAZ', 'CBRG', 'CBRX', 'XCUR', 'PTLE', 'OPEG', 'AMKL', 'AAOG', 'FOMG', 'LBTYB']
11:38:50  universe: 90 from IBKR scanner + 62 extra from Alpaca
11:38:57  Wrote 141 gappers (141 kept): ['RBNE', 'VRAX', 'JLHL', 'SNDC', 'SUNE', 'AEHG', 'RPGL', 'LITU', 'SNDG', 'SPCB', 'CBRG', 'RNAZ', 'CBRX', 'XCUR', 'PTLE', 'OPEG', 'AMKL', 'AAOG', 'FOMG', 'LBTYB']
11:39:43  universe: 90 from IBKR scanner + 61 extra from Alpaca
11:39:51  Wrote 141 gappers (141 kept): ['RBNE', 'VRAX', 'JLHL', 'SUNE', 'SNDC', 'AEHG', 'RPGL', 'LITU', 'SNDG', 'SPCB', 'RNAZ', 'CBRG', 'CBRX', 'XCUR', 'PTLE', 'OPEG', 'AMKL', 'FOMG', 'AAOG', 'LBTYB']
11:40:37  universe: 90 from IBKR scanner + 61 extra from Alpaca
11:40:48  Wrote 141 gappers (141 kept): ['RBNE', 'VRAX', 'JLHL', 'SNDC', 'SUNE', 'AEHG', 'SNDG', 'RPGL', 'LITU', 'SPCB', 'RNAZ', 'CBRG', 'CBRX', 'XCUR', 'PTLE', 'OPEG', 'AMKL', 'FOMG', 'AAOG', 'LBTYB']
11:41:35  universe: 90 from IBKR scanner + 61 extra from Alpaca
11:41:43  Wrote 141 gappers (141 kept): ['RBNE', 'VRAX', 'JLHL', 'SNDC', 'AEHG', 'SUNE', 'LITU', 'SNDG', 'RPGL', 'SPCB', 'CBRG', 'RNAZ', 'CBRX', 'XCUR', 'PTLE', 'OPEG', 'AMKL', 'CNTB', 'FOMG', 'LBTYB']
11:42:29  universe: 90 from IBKR scanner + 61 extra from Alpaca
11:42:37  Wrote 141 gappers (141 kept): ['RBNE', 'VRAX', 'JLHL', 'SNDC', 'AEHG', 'SUNE', 'RPGL', 'LITU', 'SNDG', 'SPCB', 'LBTYB', 'CBRG', 'RNAZ', 'CBRX', 'XCUR', 'PTLE', 'OPEG', 'AMKL', 'FOMG', 'AAOG']
11:43:24  universe: 90 from IBKR scanner + 62 extra from Alpaca
11:43:31  Wrote 141 gappers (141 kept): ['RBNE', 'VRAX', 'JLHL', 'RPGL', 'SNDC', 'SUNE', 'AEHG', 'LITU', 'SNDG', 'LBTYB', 'CBRG', 'SPCB', 'RNAZ', 'CBRX', 'XCUR', 'PTLE', 'OPEG', 'AMKL', 'AAOG', 'FOMG']
11:44:18  universe: 90 from IBKR scanner + 63 extra from Alpaca
11:44:25  Wrote 141 gappers (141 kept): ['RBNE', 'VRAX', 'JLHL', 'RPGL', 'SNDC', 'AEHG', 'SUNE', 'LITU', 'SNDG', 'SPCB', 'CBRG', 'RNAZ', 'CBRX', 'XCUR', 'PTLE', 'OPEG', 'AMKL', 'AAOG', 'FOMG', 'CNTB']
11:45:12  universe: 90 from IBKR scanner + 62 extra from Alpaca
11:45:26  Wrote 141 gappers (141 kept): ['RBNE', 'VRAX', 'JLHL', 'RPGL', 'SNDC', 'SUNE', 'AEHG', 'LITU', 'SNDG', 'SPCB', 'CBRG', 'RNAZ', 'CBRX', 'XCUR', 'PTLE', 'OPEG', 'AMKL', 'AAOG', 'CNTB', 'FOMG']
11:46:13  universe: 90 from IBKR scanner + 62 extra from Alpaca
11:46:24  Wrote 141 gappers (141 kept): ['RBNE', 'VRAX', 'JLHL', 'RPGL', 'SNDC', 'AEHG', 'SUNE', 'LITU', 'SPCB', 'SNDG', 'CBRG', 'RNAZ', 'CBRX', 'XCUR', 'PTLE', 'OPEG', 'AAOG', 'CNTB', 'AMKL', 'FOMG']
11:47:11  universe: 90 from IBKR scanner + 62 extra from Alpaca
11:47:19  Wrote 141 gappers (141 kept): ['RBNE', 'VRAX', 'JLHL', 'RPGL', 'SNDC', 'AEHG', 'SUNE', 'SNDG', 'LITU', 'CBRG', 'CBRX', 'SPCB', 'RNAZ', 'XCUR', 'PTLE', 'OPEG', 'CNTB', 'AMKL', 'AAOG', 'FOMG']
11:48:07  universe: 90 from IBKR scanner + 62 extra from Alpaca
11:48:15  Wrote 141 gappers (141 kept): ['RBNE', 'VRAX', 'JLHL', 'RPGL', 'SNDC', 'AEHG', 'SNDG', 'SUNE', 'LITU', 'CBRX', 'CBRG', 'SPCB', 'RNAZ', 'CNTB', 'XCUR', 'PTLE', 'LBTYB', 'AAOG', 'OPEG', 'AMKL']
11:49:02  universe: 90 from IBKR scanner + 63 extra from Alpaca
11:49:10  Wrote 141 gappers (141 kept): ['RBNE', 'VRAX', 'JLHL', 'RPGL', 'SNDC', 'SUNE', 'AEHG', 'SNDG', 'LITU', 'CBRX', 'CBRG', 'SPCB', 'RNAZ', 'XCUR', 'PTLE', 'CNTB', 'LBTYB', 'AAOG', 'OPEG', 'AMKL']
11:49:57  universe: 91 from IBKR scanner + 63 extra from Alpaca
11:50:05  Wrote 141 gappers (141 kept): ['RBNE', 'VRAX', 'JLHL', 'RPGL', 'SNDC', 'SUNE', 'AEHG', 'SPCB', 'SNDG', 'LITU', 'CBRX', 'CBRG', 'RNAZ', 'XCUR', 'PTLE', 'CNTB', 'LBTYB', 'AAOG', 'OPEG', 'AMKL']
11:50:52  universe: 90 from IBKR scanner + 63 extra from Alpaca
11:50:59  Wrote 141 gappers (141 kept): ['RBNE', 'VRAX', 'JLHL', 'RPGL', 'SNDC', 'SUNE', 'AEHG', 'SNDG', 'LITU', 'SPCB', 'CBRG', 'CBRX', 'RNAZ', 'CNTB', 'XCUR', 'PTLE', 'LBTYB', 'OPEG', 'AMKL', 'FOMG']
11:52:00  movers fetch failed: HTTPSConnectionPool(host='data.alpaca.markets', port=443): Max retries exceeded with url: /v1beta1/screener/stocks/movers?top=50 (Caused by ConnectTimeoutError(<HTTPSConnection(host='data.alpaca.markets', port=443) at 0x1105e2de0>, 'Connection to data.alpaca.markets timed out. (connect timeout=15)'))
11:52:13  universe: 90 from IBKR scanner + 42 extra from Alpaca
11:52:30  snapshot chunk failed: HTTPSConnectionPool(host='data.alpaca.markets', port=443): Read timed out.
11:52:46  snapshot chunk failed: HTTPSConnectionPool(host='data.alpaca.markets', port=443): Read timed out. (read timeout=15)
11:53:13  avg-vol fetch failed: HTTPSConnectionPool(host='data.alpaca.markets', port=443): Read timed out. (read timeout=15)
11:53:33  avg-vol fetch failed: HTTPSConnectionPool(host='data.alpaca.markets', port=443): Read timed out. (read timeout=15)
11:53:33  Wrote 87 gappers (87 kept): ['RBNE', 'VRAX', 'RPGL', 'SNDC', 'SNDG', 'LITU', 'SPCB', 'CBRX', 'RNAZ', 'XCUR', 'AAOG', 'FOMG', 'VIAG', 'RMBX', 'CIFG', 'ONG', 'ENTL', 'MIC', 'IOTR', 'BGDE']
11:54:31  universe: 90 from IBKR scanner + 63 extra from Alpaca
11:54:46  snapshot chunk failed: HTTPSConnectionPool(host='data.alpaca.markets', port=443): Read timed out. (read timeout=15)
11:55:03  avg-vol fetch failed: HTTPSConnectionPool(host='data.alpaca.markets', port=443): Read timed out. (read timeout=15)
11:55:28  Wrote 87 gappers (87 kept): ['RBNE', 'JLHL', 'RPGL', 'SUNE', 'SNDG', 'AEHG', 'SPCB', 'CBRX', 'CBRG', 'XCUR', 'PTLE', 'OPEG', 'AMKL', 'FOMG', 'RMBX', 'CIFG', 'SNWV', 'AP', 'ENTL', 'MIC']
11:56:15  universe: 91 from IBKR scanner + 63 extra from Alpaca
11:56:21  Wrote 98 gappers (98 kept): ['RBNE', 'JLHL', 'VRAX', 'RPGL', 'SUNE', 'SNDC', 'AEHG', 'SNDG', 'LITU', 'SPCB', 'CBRX', 'CBRG', 'RNAZ', 'XCUR', 'PTLE', 'LBTYB', 'CNTB', 'OPEG', 'AMKL', 'AAOG']
11:57:07  universe: 91 from IBKR scanner + 62 extra from Alpaca
11:57:12  Wrote 98 gappers (98 kept): ['RBNE', 'JLHL', 'VRAX', 'RPGL', 'SNDC', 'SUNE', 'AEHG', 'SNDG', 'LITU', 'SPCB', 'CBRX', 'XCUR', 'CBRG', 'RNAZ', 'CNTB', 'PTLE', 'LBTYB', 'OPEG', 'AMKL', 'AAOG']
11:57:59  universe: 91 from IBKR scanner + 62 extra from Alpaca
11:58:14  snapshot chunk failed: HTTPSConnectionPool(host='data.alpaca.markets', port=443): Read timed out. (read timeout=15)
11:58:18  Wrote 82 gappers (82 kept): ['RBNE', 'VRAX', 'RPGL', 'SNDC', 'AEHG', 'SNDG', 'LITU', 'SPCB', 'CBRX', 'CBRG', 'CNTB', 'XCUR', 'LBTYB', 'RNAZ', 'FOMG', 'AAOG', 'RMBX', 'SNWV', 'ENTL', 'ZSQR']
11:59:05  universe: 91 from IBKR scanner + 63 extra from Alpaca
11:59:10  Wrote 95 gappers (95 kept): ['RBNE', 'JLHL', 'VRAX', 'RPGL', 'SNDC', 'SUNE', 'AEHG', 'SNDG', 'LITU', 'SPCB', 'CBRG', 'CBRX', 'CNTB', 'XCUR', 'PTLE', 'LBTYB', 'OPEG', 'RNAZ', 'AMKL', 'FOMG']
11:59:56  universe: 91 from IBKR scanner + 62 extra from Alpaca
12:00:01  Wrote 95 gappers (95 kept): ['RBNE', 'JLHL', 'VRAX', 'RPGL', 'SUNE', 'SNDC', 'AEHG', 'SNDG', 'LITU', 'SPCB', 'CBRX', 'CBRG', 'CNTB', 'PTLE', 'LBTYB', 'OPEG', 'XCUR', 'RNAZ', 'AMKL', 'AAOG']
12:00:48  universe: 90 from IBKR scanner + 64 extra from Alpaca
12:00:59  Wrote 95 gappers (95 kept): ['RBNE', 'JLHL', 'VRAX', 'RPGL', 'SUNE', 'SNDC', 'AEHG', 'SNDG', 'LITU', 'SPCB', 'CBRG', 'CBRX', 'XCUR', 'CNTB', 'PTLE', 'LBTYB', 'OPEG', 'AAOG', 'RNAZ', 'AMKL']
12:01:46  universe: 90 from IBKR scanner + 64 extra from Alpaca
12:01:55  Wrote 95 gappers (95 kept): ['RBNE', 'JLHL', 'VRAX', 'RPGL', 'SUNE', 'SNDC', 'AEHG', 'SNDG', 'LITU', 'SPCB', 'XCUR', 'CBRG', 'CBRX', 'CNTB', 'PTLE', 'LBTYB', 'OPEG', 'AAOG', 'RNAZ', 'AMKL']
12:02:42  universe: 90 from IBKR scanner + 64 extra from Alpaca
12:02:51  Wrote 96 gappers (96 kept): ['RBNE', 'JLHL', 'VRAX', 'RPGL', 'SUNE', 'SNDC', 'AEHG', 'SNDG', 'LITU', 'PTLE', 'SPCB', 'CBRG', 'CBRX', 'CNTB', 'XCUR', 'LBTYB', 'OPEG', 'RNAZ', 'AMKL', 'FOMG']
12:03:38  universe: 89 from IBKR scanner + 65 extra from Alpaca
12:03:46  Wrote 97 gappers (97 kept): ['RBNE', 'JLHL', 'VRAX', 'RPGL', 'SUNE', 'SNDC', 'AEHG', 'SNDG', 'LITU', 'PTLE', 'SPCB', 'CBRG', 'CBRX', 'CNTB', 'LBTYB', 'XCUR', 'OPEG', 'RNAZ', 'AMKL', 'FOMG']
12:04:33  universe: 89 from IBKR scanner + 64 extra from Alpaca
12:04:39  Wrote 98 gappers (98 kept): ['RBNE', 'JLHL', 'VRAX', 'RPGL', 'SUNE', 'SNDC', 'AEHG', 'SNDG', 'LITU', 'PTLE', 'CBRG', 'SPCB', 'CBRX', 'CNTB', 'LBTYB', 'XCUR', 'OPEG', 'RNAZ', 'AAOG', 'AMKL']
12:05:26  universe: 89 from IBKR scanner + 63 extra from Alpaca
12:05:35  Wrote 98 gappers (98 kept): ['RBNE', 'JLHL', 'VRAX', 'RPGL', 'SNDC', 'SUNE', 'AEHG', 'SNDG', 'LITU', 'PTLE', 'CBRG', 'SPCB', 'CBRX', 'XCUR', 'CNTB', 'LBTYB', 'OPEG', 'AMKL', 'AAOG', 'FOMG']
12:06:21  universe: 89 from IBKR scanner + 64 extra from Alpaca
12:06:29  Wrote 98 gappers (98 kept): ['RBNE', 'JLHL', 'VRAX', 'RPGL', 'SNDC', 'SUNE', 'AEHG', 'SNDG', 'LITU', 'PTLE', 'CBRG', 'SPCB', 'CBRX', 'XCUR', 'CNTB', 'LBTYB', 'OPEG', 'AAOG', 'AMKL', 'FOMG']
12:07:15  universe: 89 from IBKR scanner + 63 extra from Alpaca
12:07:22  Wrote 98 gappers (98 kept): ['RBNE', 'JLHL', 'VRAX', 'RPGL', 'SNDC', 'SUNE', 'AEHG', 'SNDG', 'LITU', 'PTLE', 'SPCB', 'CBRG', 'CBRX', 'XCUR', 'CNTB', 'LBTYB', 'OPEG', 'AAOG', 'AMKL', 'FOMG']
12:08:09  universe: 89 from IBKR scanner + 62 extra from Alpaca
12:08:16  Wrote 98 gappers (98 kept): ['RBNE', 'JLHL', 'VRAX', 'RPGL', 'SNDC', 'SNDG', 'SUNE', 'AEHG', 'LITU', 'SPCB', 'PTLE', 'CBRG', 'CBRX', 'CNTB', 'LBTYB', 'OPEG', 'AAOG', 'XCUR', 'AMKL', 'FOMG']
12:09:03  universe: 89 from IBKR scanner + 63 extra from Alpaca
12:09:10  Wrote 98 gappers (98 kept): ['RBNE', 'JLHL', 'VRAX', 'RPGL', 'SNDC', 'SNDG', 'SUNE', 'AEHG', 'LITU', 'PTLE', 'SPCB', 'CBRG', 'CBRX', 'CNTB', 'LBTYB', 'AAOG', 'OPEG', 'XCUR', 'AMKL', 'FOMG']
12:09:58  universe: 89 from IBKR scanner + 63 extra from Alpaca
12:10:05  Wrote 98 gappers (98 kept): ['RBNE', 'JLHL', 'VRAX', 'RPGL', 'SNDC', 'SNDG', 'AEHG', 'SUNE', 'LITU', 'SPCB', 'PTLE', 'CBRG', 'CBRX', 'CNTB', 'LBTYB', 'AAOG', 'OPEG', 'XCUR', 'AMKL', 'FOMG']
12:10:52  universe: 89 from IBKR scanner + 63 extra from Alpaca
12:11:00  Wrote 98 gappers (98 kept): ['RBNE', 'JLHL', 'VRAX', 'RPGL', 'SNDC', 'SNDG', 'AEHG', 'SUNE', 'LITU', 'PTLE', 'SPCB', 'CBRG', 'CBRX', 'CNTB', 'LBTYB', 'AAOG', 'OPEG', 'XCUR', 'AMKL', 'FOMG']
12:11:47  universe: 89 from IBKR scanner + 64 extra from Alpaca
12:11:54  Wrote 98 gappers (98 kept): ['RBNE', 'JLHL', 'VRAX', 'RPGL', 'SNDC', 'SNDG', 'AEHG', 'SUNE', 'LITU', 'SPCB', 'PTLE', 'CBRG', 'CBRX', 'CNTB', 'LBTYB', 'OPEG', 'AAOG', 'XCUR', 'AMKL', 'FOMG']
12:12:41  universe: 89 from IBKR scanner + 63 extra from Alpaca
12:12:46  Wrote 99 gappers (99 kept): ['RBNE', 'JLHL', 'VRAX', 'RPGL', 'SNDC', 'SNDG', 'SUNE', 'AEHG', 'LITU', 'SPCB', 'PTLE', 'CBRG', 'CBRX', 'CNTB', 'OPEG', 'AAOG', 'AMKL', 'XCUR', 'FOMG', 'RNAZ']
12:13:34  universe: 89 from IBKR scanner + 62 extra from Alpaca
12:13:39  Wrote 100 gappers (100 kept): ['RBNE', 'JLHL', 'VRAX', 'RPGL', 'SNDC', 'SNDG', 'AEHG', 'SUNE', 'LITU', 'SPCB', 'PTLE', 'CBRX', 'CBRG', 'CNTB', 'AAOG', 'OPEG', 'AMKL', 'XCUR', 'FOMG', 'RNAZ']
12:14:26  universe: 89 from IBKR scanner + 62 extra from Alpaca
12:14:31  Wrote 100 gappers (100 kept): ['RBNE', 'JLHL', 'VRAX', 'RPGL', 'SNDC', 'SNDG', 'AEHG', 'SUNE', 'LITU', 'SPCB', 'PTLE', 'CBRX', 'CBRG', 'CNTB', 'AAOG', 'AMKL', 'XCUR', 'FOMG', 'OPEG', 'RNAZ']
12:15:18  universe: 89 from IBKR scanner + 62 extra from Alpaca
12:15:28  Wrote 101 gappers (101 kept): ['RBNE', 'JLHL', 'VRAX', 'RPGL', 'SNDC', 'AEHG', 'SNDG', 'SUNE', 'LITU', 'PTLE', 'CBRX', 'SPCB', 'CBRG', 'CNTB', 'AAOG', 'AMKL', 'XCUR', 'FOMG', 'OPEG', 'RNAZ']
12:16:16  universe: 89 from IBKR scanner + 62 extra from Alpaca
12:16:25  Wrote 100 gappers (100 kept): ['RBNE', 'JLHL', 'VRAX', 'RPGL', 'SNDC', 'AEHG', 'SNDG', 'SUNE', 'LITU', 'PTLE', 'SPCB', 'CBRX', 'CBRG', 'CNTB', 'AAOG', 'AMKL', 'XCUR', 'FOMG', 'OPEG', 'RNAZ']
12:17:11  universe: 89 from IBKR scanner + 63 extra from Alpaca
12:17:18  Wrote 101 gappers (101 kept): ['RBNE', 'JLHL', 'VRAX', 'RPGL', 'SNDC', 'AEHG', 'SNDG', 'LITU', 'SUNE', 'PTLE', 'SPCB', 'CBRX', 'CBRG', 'CNTB', 'HPEL', 'AAOG', 'AMKL', 'XCUR', 'FOMG', 'OPEG']
12:18:05  universe: 89 from IBKR scanner + 62 extra from Alpaca
12:18:13  Wrote 101 gappers (101 kept): ['RBNE', 'JLHL', 'VRAX', 'RPGL', 'SNDC', 'SNDG', 'AEHG', 'SUNE', 'LITU', 'PTLE', 'SPCB', 'CBRX', 'CBRG', 'CNTB', 'HPEL', 'AAOG', 'AMKL', 'XCUR', 'FOMG', 'OPEG']
12:18:59  universe: 89 from IBKR scanner + 62 extra from Alpaca
12:19:07  Wrote 101 gappers (101 kept): ['RBNE', 'JLHL', 'VRAX', 'RPGL', 'SNDC', 'AEHG', 'SNDG', 'LITU', 'SUNE', 'PTLE', 'CBRX', 'CBRG', 'CNTB', 'SPCB', 'HPEL', 'AAOG', 'AMKL', 'XCUR', 'FOMG', 'OPEG']
12:19:54  universe: 89 from IBKR scanner + 62 extra from Alpaca
12:19:59  Wrote 101 gappers (101 kept): ['RBNE', 'JLHL', 'VRAX', 'RPGL', 'SNDC', 'SNDG', 'AEHG', 'LITU', 'SUNE', 'PTLE', 'CBRX', 'SPCB', 'CNTB', 'CBRG', 'HPEL', 'AAOG', 'AMKL', 'XCUR', 'FOMG', 'OPEG']
12:20:46  universe: 89 from IBKR scanner + 61 extra from Alpaca
12:20:53  Wrote 101 gappers (101 kept): ['RBNE', 'VRAX', 'JLHL', 'RPGL', 'SNDC', 'AEHG', 'SNDG', 'LITU', 'SUNE', 'PTLE', 'CBRX', 'SPCB', 'CBRG', 'CNTB', 'HPEL', 'AMKL', 'XCUR', 'FOMG', 'AAOG', 'RNAZ']
12:21:40  universe: 90 from IBKR scanner + 63 extra from Alpaca
12:21:47  Wrote 101 gappers (101 kept): ['RBNE', 'VRAX', 'JLHL', 'RPGL', 'SNDC', 'AEHG', 'SNDG', 'LITU', 'SUNE', 'PTLE', 'CBRX', 'SPCB', 'CBRG', 'CNTB', 'HPEL', 'AMKL', 'XCUR', 'FOMG', 'AAOG', 'RNAZ']
12:22:34  universe: 90 from IBKR scanner + 63 extra from Alpaca
12:22:40  Wrote 101 gappers (101 kept): ['RBNE', 'VRAX', 'JLHL', 'RPGL', 'SNDC', 'AEHG', 'SNDG', 'LITU', 'SUNE', 'PTLE', 'CBRX', 'SPCB', 'CBRG', 'CNTB', 'HPEL', 'AMKL', 'XCUR', 'FOMG', 'AAOG', 'RNAZ']
12:23:27  universe: 90 from IBKR scanner + 62 extra from Alpaca
12:23:33  Wrote 101 gappers (101 kept): ['RBNE', 'JLHL', 'VRAX', 'RPGL', 'SNDC', 'SNDG', 'AEHG', 'LITU', 'SUNE', 'PTLE', 'CBRX', 'SPCB', 'CBRG', 'CNTB', 'HPEL', 'RNAZ', 'AMKL', 'XCUR', 'AAOG', 'FOMG']
12:24:20  universe: 90 from IBKR scanner + 63 extra from Alpaca
12:24:26  Wrote 101 gappers (101 kept): ['RBNE', 'VRAX', 'JLHL', 'RPGL', 'SNDC', 'SNDG', 'AEHG', 'LITU', 'SUNE', 'PTLE', 'CBRX', 'SPCB', 'CBRG', 'CNTB', 'HPEL', 'AMKL', 'XCUR', 'FOMG', 'AAOG', 'OPEG']
12:25:12  universe: 90 from IBKR scanner + 63 extra from Alpaca
12:25:21  Wrote 100 gappers (100 kept): ['RBNE', 'VRAX', 'JLHL', 'RPGL', 'SNDC', 'SNDG', 'AEHG', 'LITU', 'SUNE', 'PTLE', 'CBRX', 'SPCB', 'CBRG', 'CNTB', 'HPEL', 'AAOG', 'FOMG', 'OPEG', 'AMKL', 'RMBX']
12:26:08  universe: 90 from IBKR scanner + 64 extra from Alpaca
12:26:16  Wrote 101 gappers (101 kept): ['RBNE', 'JLHL', 'VRAX', 'RPGL', 'SNDC', 'SNDG', 'AEHG', 'LITU', 'SUNE', 'PTLE', 'CBRX', 'SPCB', 'CBRG', 'CNTB', 'HPEL', 'FOMG', 'AAOG', 'OPEG', 'AMKL', 'RMBX']
12:27:03  universe: 90 from IBKR scanner + 64 extra from Alpaca
12:27:11  Wrote 103 gappers (103 kept): ['RBNE', 'JLHL', 'VRAX', 'RPGL', 'SNDC', 'SNDG', 'AEHG', 'LITU', 'SUNE', 'PTLE', 'CBRX', 'SPCB', 'CBRG', 'CNTB', 'HPEL', 'FOMG', 'AAOG', 'OPEG', 'AMKL', 'RMBX']
12:27:57  universe: 90 from IBKR scanner + 64 extra from Alpaca
12:28:04  Wrote 104 gappers (104 kept): ['RBNE', 'VRAX', 'JLHL', 'RPGL', 'SNDC', 'SNDG', 'AEHG', 'SUNE', 'LITU', 'PTLE', 'CBRX', 'CBRG', 'SPCB', 'CNTB', 'HPEL', 'FOMG', 'AAOG', 'OPEG', 'AMKL', 'RMBX']
12:28:51  universe: 90 from IBKR scanner + 65 extra from Alpaca
12:28:56  Wrote 104 gappers (104 kept): ['RBNE', 'JLHL', 'VRAX', 'RPGL', 'SNDC', 'SUNE', 'SNDG', 'AEHG', 'LITU', 'PTLE', 'CBRX', 'CBRG', 'SPCB', 'CNTB', 'HPEL', 'FOMG', 'AAOG', 'OPEG', 'AMKL', 'RMBX']
12:29:43  universe: 90 from IBKR scanner + 62 extra from Alpaca
12:29:49  Wrote 104 gappers (104 kept): ['RBNE', 'JLHL', 'VRAX', 'RPGL', 'SNDC', 'SUNE', 'SNDG', 'AEHG', 'LITU', 'PTLE', 'CBRX', 'CBRG', 'CNTB', 'SPCB', 'HPEL', 'AAOG', 'FOMG', 'OPEG', 'AMKL', 'RMBX']
12:30:36  universe: 90 from IBKR scanner + 62 extra from Alpaca
12:30:48  Wrote 104 gappers (104 kept): ['RBNE', 'JLHL', 'VRAX', 'RPGL', 'SNDC', 'SUNE', 'SNDG', 'AEHG', 'LITU', 'PTLE', 'CBRX', 'CBRG', 'CNTB', 'SPCB', 'HPEL', 'AAOG', 'FOMG', 'OPEG', 'AMKL', 'RMBX']
12:31:35  universe: 90 from IBKR scanner + 62 extra from Alpaca
12:31:44  Wrote 104 gappers (104 kept): ['RBNE', 'JLHL', 'VRAX', 'RPGL', 'SNDC', 'SUNE', 'SNDG', 'AEHG', 'LITU', 'PTLE', 'CBRX', 'CBRG', 'SPCB', 'CNTB', 'HPEL', 'AAOG', 'FOMG', 'OPEG', 'AMKL', 'RMBX']
12:32:31  universe: 90 from IBKR scanner + 64 extra from Alpaca
12:32:39  Wrote 104 gappers (104 kept): ['RBNE', 'JLHL', 'VRAX', 'RPGL', 'SNDC', 'SUNE', 'SNDG', 'AEHG', 'LITU', 'PTLE', 'CBRX', 'CBRG', 'SPCB', 'CNTB', 'HPEL', 'AAOG', 'FOMG', 'AMKL', 'RMBX', 'MIC']
12:33:26  universe: 90 from IBKR scanner + 63 extra from Alpaca
12:33:33  Wrote 104 gappers (104 kept): ['RBNE', 'JLHL', 'VRAX', 'RPGL', 'SNDC', 'SNDG', 'AEHG', 'SUNE', 'LITU', 'PTLE', 'CBRX', 'CBRG', 'SPCB', 'CNTB', 'HPEL', 'AAOG', 'FOMG', 'AMKL', 'ZSQR', 'MIC']
12:34:20  universe: 90 from IBKR scanner + 64 extra from Alpaca
12:34:26  Wrote 104 gappers (104 kept): ['RBNE', 'JLHL', 'VRAX', 'RPGL', 'SNDC', 'SNDG', 'AEHG', 'SUNE', 'LITU', 'PTLE', 'CBRX', 'CBRG', 'CNTB', 'HPEL', 'AAOG', 'SPCB', 'FOMG', 'AMKL', 'ZSQR', 'MIC']
12:35:13  universe: 90 from IBKR scanner + 63 extra from Alpaca
12:35:22  Wrote 104 gappers (104 kept): ['RBNE', 'JLHL', 'VRAX', 'RPGL', 'SNDC', 'SUNE', 'AEHG', 'SNDG', 'LITU', 'PTLE', 'CBRX', 'CBRG', 'CNTB', 'HPEL', 'AAOG', 'SPCB', 'AMKL', 'FOMG', 'RNAZ', 'ZSQR']
12:36:09  universe: 90 from IBKR scanner + 64 extra from Alpaca
12:36:16  Wrote 104 gappers (104 kept): ['RBNE', 'JLHL', 'VRAX', 'RPGL', 'SNDC', 'SUNE', 'AEHG', 'SNDG', 'PTLE', 'LITU', 'CBRX', 'CBRG', 'SPCB', 'CNTB', 'HPEL', 'AAOG', 'AMKL', 'FOMG', 'RNAZ', 'ZSQR']
12:37:03  universe: 90 from IBKR scanner + 63 extra from Alpaca
12:37:11  Wrote 105 gappers (105 kept): ['RBNE', 'JLHL', 'VRAX', 'RPGL', 'SNDC', 'SUNE', 'AEHG', 'SNDG', 'PTLE', 'LITU', 'CBRX', 'RYOJ', 'CBRG', 'SPCB', 'CNTB', 'HPEL', 'AAOG', 'AMKL', 'FOMG', 'CIFG']
12:37:58  universe: 90 from IBKR scanner + 62 extra from Alpaca
12:38:05  Wrote 105 gappers (105 kept): ['RBNE', 'JLHL', 'VRAX', 'RPGL', 'SUNE', 'SNDC', 'RYOJ', 'AEHG', 'SNDG', 'PTLE', 'LITU', 'CBRX', 'CBRG', 'CNTB', 'SPCB', 'HPEL', 'AAOG', 'AMKL', 'FOMG', 'CIFG']
12:38:51  universe: 90 from IBKR scanner + 61 extra from Alpaca
12:38:57  Wrote 106 gappers (106 kept): ['RBNE', 'JLHL', 'VRAX', 'RPGL', 'SNDC', 'SUNE', 'AEHG', 'SNDG', 'PTLE', 'RYOJ', 'LITU', 'CBRX', 'CBRG', 'CNTB', 'SPCB', 'HPEL', 'AAOG', 'AMKL', 'FOMG', 'CIFG']
12:39:44  universe: 90 from IBKR scanner + 62 extra from Alpaca
12:39:49  Wrote 106 gappers (106 kept): ['RBNE', 'JLHL', 'VRAX', 'RPGL', 'RYOJ', 'SNDC', 'SUNE', 'AEHG', 'SNDG', 'PTLE', 'LITU', 'CBRX', 'CBRG', 'CNTB', 'SPCB', 'HPEL', 'AAOG', 'AMKL', 'FOMG', 'CIFG']
12:40:36  universe: 90 from IBKR scanner + 62 extra from Alpaca
12:40:45  Wrote 106 gappers (106 kept): ['RBNE', 'JLHL', 'VRAX', 'RPGL', 'SUNE', 'SNDC', 'AEHG', 'SNDG', 'RYOJ', 'PTLE', 'LITU', 'CBRX', 'CNTB', 'CBRG', 'SPCB', 'HPEL', 'AAOG', 'AMKL', 'FOMG', 'CIFG']
12:41:32  universe: 89 from IBKR scanner + 63 extra from Alpaca
12:41:39  Wrote 106 gappers (106 kept): ['RBNE', 'JLHL', 'VRAX', 'RPGL', 'SUNE', 'SNDC', 'AEHG', 'SNDG', 'RYOJ', 'PTLE', 'LITU', 'CBRX', 'SPCB', 'CBRG', 'CNTB', 'HPEL', 'AAOG', 'AMKL', 'FOMG', 'CIFG']
12:42:26  universe: 89 from IBKR scanner + 62 extra from Alpaca
12:42:33  Wrote 106 gappers (106 kept): ['RBNE', 'JLHL', 'VRAX', 'RPGL', 'SUNE', 'SNDC', 'AEHG', 'SNDG', 'RYOJ', 'PTLE', 'LITU', 'CBRX', 'CBRG', 'CNTB', 'SPCB', 'HPEL', 'AAOG', 'AMKL', 'FOMG', 'CIFG']
12:43:20  universe: 89 from IBKR scanner + 62 extra from Alpaca
12:43:26  Wrote 106 gappers (106 kept): ['RBNE', 'JLHL', 'VRAX', 'RPGL', 'SNDC', 'SUNE', 'RYOJ', 'AEHG', 'SNDG', 'PTLE', 'LITU', 'CBRX', 'CBRG', 'CNTB', 'SPCB', 'HPEL', 'AAOG', 'AMKL', 'FOMG', 'CIFG']
12:44:12  universe: 89 from IBKR scanner + 62 extra from Alpaca
12:44:18  Wrote 106 gappers (106 kept): ['RBNE', 'JLHL', 'VRAX', 'RPGL', 'RYOJ', 'SUNE', 'SNDC', 'AEHG', 'SNDG', 'LITU', 'PTLE', 'CBRX', 'CBRG', 'CNTB', 'SPCB', 'HPEL', 'AAOG', 'FOMG', 'CIFG', 'SNWV']
12:45:05  universe: 89 from IBKR scanner + 62 extra from Alpaca
12:45:17  Wrote 105 gappers (105 kept): ['RBNE', 'JLHL', 'VRAX', 'RPGL', 'SNDC', 'SUNE', 'AEHG', 'SNDG', 'RYOJ', 'LITU', 'PTLE', 'CBRX', 'CBRG', 'CNTB', 'SPCB', 'HPEL', 'AAOG', 'FOMG', 'CIFG', 'SNWV']
12:46:04  universe: 89 from IBKR scanner + 62 extra from Alpaca
12:46:13  Wrote 105 gappers (105 kept): ['RBNE', 'JLHL', 'VRAX', 'RPGL', 'RYOJ', 'SUNE', 'SNDC', 'AEHG', 'SNDG', 'LITU', 'PTLE', 'CBRX', 'CBRG', 'CNTB', 'SPCB', 'HPEL', 'AAOG', 'FOMG', 'CIFG', 'AMKL']
12:47:00  universe: 89 from IBKR scanner + 62 extra from Alpaca
12:47:09  Wrote 105 gappers (105 kept): ['RBNE', 'JLHL', 'VRAX', 'RPGL', 'RYOJ', 'SUNE', 'SNDC', 'AEHG', 'SNDG', 'LITU', 'PTLE', 'CBRX', 'CBRG', 'CNTB', 'SPCB', 'HPEL', 'AAOG', 'FOMG', 'CIFG', 'AMKL']
12:47:55  universe: 89 from IBKR scanner + 61 extra from Alpaca
12:48:11  Wrote 106 gappers (106 kept): ['RBNE', 'JLHL', 'VRAX', 'RPGL', 'SNDC', 'SUNE', 'AEHG', 'SNDG', 'LITU', 'RYOJ', 'PTLE', 'CBRX', 'CBRG', 'HPEL', 'CNTB', 'SPCB', 'AAOG', 'FOMG', 'CIFG', 'AMKL']
12:48:58  universe: 89 from IBKR scanner + 63 extra from Alpaca
12:49:06  Wrote 106 gappers (106 kept): ['RBNE', 'JLHL', 'VRAX', 'RPGL', 'SNDC', 'AEHG', 'SNDG', 'SUNE', 'LITU', 'PTLE', 'CBRG', 'CBRX', 'CNTB', 'HPEL', 'SPCB', 'RYOJ', 'AAOG', 'FOMG', 'CIFG', 'AMKL']
12:49:52  universe: 89 from IBKR scanner + 63 extra from Alpaca
12:49:58  Wrote 106 gappers (106 kept): ['RBNE', 'JLHL', 'VRAX', 'RPGL', 'SNDC', 'AEHG', 'SNDG', 'LITU', 'SUNE', 'PTLE', 'CBRG', 'CBRX', 'RYOJ', 'CNTB', 'HPEL', 'SPCB', 'AAOG', 'FOMG', 'CIFG', 'SNWV']
12:50:45  universe: 89 from IBKR scanner + 62 extra from Alpaca
12:50:54  Wrote 106 gappers (106 kept): ['RBNE', 'JLHL', 'VRAX', 'RPGL', 'SNDC', 'AEHG', 'SUNE', 'SNDG', 'LITU', 'PTLE', 'CBRG', 'CBRX', 'CNTB', 'HPEL', 'SPCB', 'AAOG', 'FOMG', 'CIFG', 'SNWV', 'OPEG']
12:51:41  universe: 89 from IBKR scanner + 63 extra from Alpaca
12:51:48  Wrote 106 gappers (106 kept): ['RBNE', 'JLHL', 'VRAX', 'RPGL', 'SNDC', 'AEHG', 'SUNE', 'LITU', 'SNDG', 'PTLE', 'CBRX', 'CBRG', 'CNTB', 'HPEL', 'SPCB', 'AAOG', 'SNWV', 'FOMG', 'CIFG', 'OPEG']
12:52:34  universe: 89 from IBKR scanner + 65 extra from Alpaca
12:52:41  Wrote 107 gappers (107 kept): ['RBNE', 'JLHL', 'VRAX', 'RPGL', 'SNDC', 'AEHG', 'SUNE', 'LITU', 'SNDG', 'PTLE', 'CBRX', 'CBRG', 'CNTB', 'HPEL', 'SPCB', 'AAOG', 'RYOJ', 'SNWV', 'FOMG', 'CIFG']
12:53:27  universe: 89 from IBKR scanner + 64 extra from Alpaca
12:53:33  Wrote 107 gappers (107 kept): ['RBNE', 'JLHL', 'VRAX', 'RPGL', 'RYOJ', 'SNDC', 'AEHG', 'LITU', 'SUNE', 'SNDG', 'PTLE', 'CBRX', 'CBRG', 'CNTB', 'HPEL', 'SPCB', 'AAOG', 'SNWV', 'FOMG', 'CIFG']
12:54:20  universe: 89 from IBKR scanner + 63 extra from Alpaca
12:54:28  Wrote 106 gappers (106 kept): ['RBNE', 'JLHL', 'VRAX', 'RPGL', 'SNDC', 'AEHG', 'RYOJ', 'SUNE', 'LITU', 'SNDG', 'PTLE', 'CBRX', 'CBRG', 'CNTB', 'HPEL', 'SPCB', 'AAOG', 'SNWV', 'FOMG', 'CIFG']
12:55:15  universe: 89 from IBKR scanner + 62 extra from Alpaca
12:55:23  Wrote 106 gappers (106 kept): ['RBNE', 'JLHL', 'VRAX', 'RPGL', 'SNDC', 'LITU', 'AEHG', 'SUNE', 'SNDG', 'PTLE', 'RYOJ', 'CBRX', 'CBRG', 'HPEL', 'CNTB', 'AAOG', 'SPCB', 'SNWV', 'FOMG', 'CIFG']
12:56:09  universe: 89 from IBKR scanner + 62 extra from Alpaca
12:56:16  Wrote 106 gappers (106 kept): ['RBNE', 'JLHL', 'VRAX', 'RPGL', 'SNDC', 'LITU', 'SUNE', 'AEHG', 'RYOJ', 'SNDG', 'PTLE', 'CBRX', 'CBRG', 'CNTB', 'HPEL', 'AAOG', 'SPCB', 'SNWV', 'FOMG', 'CIFG']
12:57:03  universe: 89 from IBKR scanner + 61 extra from Alpaca
12:57:10  Wrote 106 gappers (106 kept): ['RBNE', 'JLHL', 'VRAX', 'RPGL', 'LITU', 'SNDC', 'SUNE', 'AEHG', 'SNDG', 'PTLE', 'RYOJ', 'CBRX', 'CBRG', 'CNTB', 'HPEL', 'AAOG', 'SPCB', 'CIFG', 'SNWV', 'FOMG']
12:57:57  universe: 89 from IBKR scanner + 61 extra from Alpaca
12:58:03  Wrote 106 gappers (106 kept): ['RBNE', 'JLHL', 'VRAX', 'RPGL', 'LITU', 'SNDC', 'SUNE', 'AEHG', 'RYOJ', 'PTLE', 'SNDG', 'CBRX', 'CBRG', 'CNTB', 'HPEL', 'AAOG', 'SPCB', 'CIFG', 'SNWV', 'FOMG']
12:58:50  universe: 89 from IBKR scanner + 60 extra from Alpaca
12:58:55  Wrote 106 gappers (106 kept): ['RBNE', 'JLHL', 'VRAX', 'RPGL', 'SUNE', 'SNDC', 'LITU', 'AEHG', 'PTLE', 'SNDG', 'RYOJ', 'CBRX', 'CNTB', 'HPEL', 'CBRG', 'SPCB', 'AAOG', 'CIFG', 'SNWV', 'FOMG']
12:59:42  universe: 89 from IBKR scanner + 60 extra from Alpaca
12:59:47  Wrote 106 gappers (106 kept): ['RBNE', 'JLHL', 'VRAX', 'RPGL', 'SUNE', 'LITU', 'AEHG', 'SNDC', 'SNDG', 'PTLE', 'HPEL', 'CBRX', 'CNTB', 'CBRG', 'SPCB', 'RYOJ', 'AAOG', 'CIFG', 'SNWV', 'FOMG']
13:00:34  universe: 89 from IBKR scanner + 60 extra from Alpaca
13:00:47  Wrote 107 gappers (107 kept): ['RBNE', 'JLHL', 'VRAX', 'RPGL', 'SUNE', 'LITU', 'AEHG', 'SNDC', 'SNDG', 'RYOJ', 'HPEL', 'CBRX', 'CNTB', 'CBRG', 'SPCB', 'AAOG', 'PTLE', 'CIFG', 'SNWV', 'FOMG']
13:01:34  universe: 89 from IBKR scanner + 61 extra from Alpaca
13:01:46  Wrote 107 gappers (107 kept): ['RBNE', 'JLHL', 'VRAX', 'RPGL', 'LITU', 'SUNE', 'AEHG', 'SNDC', 'RYOJ', 'HPEL', 'SNDG', 'CNTB', 'CBRX', 'CBRG', 'SPCB', 'PTLE', 'CIFG', 'AAOG', 'SNWV', 'FOMG']
13:02:33  universe: 89 from IBKR scanner + 60 extra from Alpaca
13:02:42  Wrote 108 gappers (108 kept): ['RBNE', 'JLHL', 'VRAX', 'RPGL', 'SUNE', 'LITU', 'AEHG', 'SNDC', 'SNDG', 'RYOJ', 'CNTB', 'CBRX', 'HPEL', 'CBRG', 'SPCB', 'AAOG', 'PTLE', 'CIFG', 'ZSQR', 'SNWV']
13:03:29  universe: 89 from IBKR scanner + 61 extra from Alpaca
13:03:38  Wrote 108 gappers (108 kept): ['RBNE', 'JLHL', 'VRAX', 'RPGL', 'SUNE', 'LITU', 'AEHG', 'SNDC', 'RYOJ', 'SNDG', 'CNTB', 'CBRX', 'HPEL', 'CBRG', 'SPCB', 'AAOG', 'PTLE', 'CIFG', 'ZSQR', 'SNWV']
13:04:24  universe: 89 from IBKR scanner + 60 extra from Alpaca
13:04:32  Wrote 108 gappers (108 kept): ['RBNE', 'JLHL', 'VRAX', 'RPGL', 'SUNE', 'LITU', 'AEHG', 'RYOJ', 'SNDC', 'CNTB', 'SNDG', 'CBRX', 'HPEL', 'SPCB', 'CBRG', 'PTLE', 'AAOG', 'CIFG', 'ZSQR', 'SNWV']
13:05:19  universe: 89 from IBKR scanner + 61 extra from Alpaca
13:05:29  Wrote 108 gappers (108 kept): ['RBNE', 'JLHL', 'VRAX', 'RPGL', 'SUNE', 'LITU', 'AEHG', 'RYOJ', 'SNDC', 'CNTB', 'CBRX', 'HPEL', 'SNDG', 'CBRG', 'SPCB', 'PTLE', 'SNWV', 'CIFG', 'ZSQR', 'AAOG']
13:06:16  universe: 89 from IBKR scanner + 60 extra from Alpaca
13:06:25  Wrote 108 gappers (108 kept): ['RBNE', 'JLHL', 'VRAX', 'RPGL', 'SUNE', 'LITU', 'AEHG', 'RYOJ', 'SNDC', 'SPCB', 'CNTB', 'SNDG', 'HPEL', 'CBRG', 'CBRX', 'RNAZ', 'PTLE', 'CIFG', 'ZSQR', 'AAOG']
13:07:12  universe: 89 from IBKR scanner + 60 extra from Alpaca
13:07:20  Wrote 108 gappers (108 kept): ['RBNE', 'JLHL', 'VRAX', 'RPGL', 'SUNE', 'LITU', 'FXHO', 'AEHG', 'RYOJ', 'SNDC', 'SPCB', 'CNTB', 'SNDG', 'CBRG', 'HPEL', 'CBRX', 'RNAZ', 'PTLE', 'AAOG', 'CIFG']
13:08:07  universe: 89 from IBKR scanner + 60 extra from Alpaca
13:08:13  Wrote 108 gappers (108 kept): ['RBNE', 'JLHL', 'VRAX', 'RPGL', 'SUNE', 'LITU', 'FXHO', 'AEHG', 'RYOJ', 'SNDC', 'SPCB', 'SNDG', 'CNTB', 'CBRX', 'CBRG', 'HPEL', 'PTLE', 'AAOG', 'CIFG', 'ZSQR']
13:09:00  universe: 89 from IBKR scanner + 60 extra from Alpaca
13:09:07  Wrote 108 gappers (108 kept): ['RBNE', 'JLHL', 'VRAX', 'RPGL', 'LITU', 'SUNE', 'AEHG', 'FXHO', 'SNDC', 'RYOJ', 'SPCB', 'SNDG', 'CBRX', 'CNTB', 'HPEL', 'CBRG', 'PTLE', 'CIFG', 'AAOG', 'ZSQR']
13:09:53  universe: 89 from IBKR scanner + 60 extra from Alpaca
13:10:00  Wrote 108 gappers (108 kept): ['RBNE', 'JLHL', 'VRAX', 'RPGL', 'LITU', 'SUNE', 'AEHG', 'RYOJ', 'SNDC', 'SPCB', 'SNDG', 'CBRX', 'HPEL', 'CNTB', 'CBRG', 'PTLE', 'FXHO', 'CIFG', 'AAOG', 'ZSQR']
13:10:46  universe: 89 from IBKR scanner + 60 extra from Alpaca
13:10:56  Wrote 109 gappers (109 kept): ['RBNE', 'JLHL', 'VRAX', 'RPGL', 'RYOJ', 'LITU', 'SUNE', 'AEHG', 'SNDC', 'SPCB', 'SNDG', 'CBRX', 'HPEL', 'CNTB', 'CBRG', 'PTLE', 'AAOG', 'FXHO', 'CIFG', 'ZSQR']
13:11:43  universe: 89 from IBKR scanner + 61 extra from Alpaca
13:11:51  Wrote 109 gappers (109 kept): ['RBNE', 'JLHL', 'VRAX', 'RPGL', 'LITU', 'SUNE', 'AEHG', 'RYOJ', 'FXHO', 'SNDC', 'CBRX', 'HPEL', 'SNDG', 'CNTB', 'CBRG', 'PTLE', 'SPCB', 'AAOG', 'CIFG', 'RNAZ']
13:12:38  universe: 89 from IBKR scanner + 60 extra from Alpaca
13:12:45  Wrote 109 gappers (109 kept): ['RBNE', 'JLHL', 'VRAX', 'RPGL', 'SUNE', 'LITU', 'RYOJ', 'AEHG', 'FXHO', 'SNDC', 'SNDG', 'CBRX', 'SPCB', 'HPEL', 'CNTB', 'CBRG', 'RNAZ', 'PTLE', 'AAOG', 'CIFG']
13:13:31  universe: 89 from IBKR scanner + 61 extra from Alpaca
13:13:37  Wrote 109 gappers (109 kept): ['RBNE', 'JLHL', 'VRAX', 'RPGL', 'LITU', 'SUNE', 'AEHG', 'RYOJ', 'SNDC', 'CBRX', 'SPCB', 'HPEL', 'CBRG', 'SNDG', 'CNTB', 'RNAZ', 'PTLE', 'AAOG', 'CIFG', 'ZSQR']
13:14:24  universe: 89 from IBKR scanner + 59 extra from Alpaca
13:14:30  Wrote 109 gappers (109 kept): ['RBNE', 'JLHL', 'VRAX', 'RPGL', 'LITU', 'AEHG', 'SUNE', 'RYOJ', 'SNDC', 'FXHO', 'CBRX', 'SPCB', 'HPEL', 'CBRG', 'SNDG', 'CNTB', 'RNAZ', 'PTLE', 'AAOG', 'CIFG']
13:15:17  universe: 89 from IBKR scanner + 59 extra from Alpaca
13:15:27  Wrote 110 gappers (110 kept): ['RBNE', 'JLHL', 'VRAX', 'RPGL', 'LITU', 'RYOJ', 'AEHG', 'SUNE', 'SNDC', 'FXHO', 'SPCB', 'HPEL', 'CNTB', 'CBRX', 'CBRG', 'RNAZ', 'PTLE', 'AAOG', 'SNDG', 'CIFG']
13:16:14  universe: 89 from IBKR scanner + 60 extra from Alpaca
13:16:24  Wrote 109 gappers (109 kept): ['RBNE', 'JLHL', 'VRAX', 'RPGL', 'LITU', 'RYOJ', 'FXHO', 'AEHG', 'SUNE', 'SNDC', 'CBRX', 'SPCB', 'CBRG', 'HPEL', 'CNTB', 'RNAZ', 'SNDG', 'PTLE', 'CIFG', 'ZSQR']
13:17:10  universe: 89 from IBKR scanner + 60 extra from Alpaca
13:17:18  Wrote 110 gappers (110 kept): ['RBNE', 'JLHL', 'VRAX', 'RPGL', 'LITU', 'RYOJ', 'FXHO', 'AEHG', 'SUNE', 'CBRG', 'SNDC', 'CBRX', 'SPCB', 'HPEL', 'CNTB', 'SNDG', 'RNAZ', 'PTLE', 'ZSQR', 'AAOG']
13:18:05  universe: 89 from IBKR scanner + 60 extra from Alpaca
13:18:12  Wrote 110 gappers (110 kept): ['RBNE', 'JLHL', 'VRAX', 'RPGL', 'RYOJ', 'LITU', 'SUNE', 'FXHO', 'AEHG', 'CBRG', 'SNDC', 'CBRX', 'SPCB', 'HPEL', 'CNTB', 'SNDG', 'RNAZ', 'PTLE', 'ZSQR', 'AAOG']
13:18:59  universe: 89 from IBKR scanner + 60 extra from Alpaca
13:19:07  Wrote 111 gappers (111 kept): ['RBNE', 'JLHL', 'VRAX', 'RPGL', 'RYOJ', 'LITU', 'AEHG', 'FXHO', 'SUNE', 'CBRG', 'SNDC', 'CBRX', 'SPCB', 'CNTB', 'SNDG', 'HPEL', 'RNAZ', 'PTLE', 'AAOG', 'ZSQR']
13:19:54  universe: 89 from IBKR scanner + 59 extra from Alpaca
13:20:09  snapshot chunk failed: HTTPSConnectionPool(host='data.alpaca.markets', port=443): Max retries exceeded with url: /v2/stocks/snapshots?symbols=AP,AXTL,VENU,SOXS,AMKL,LHSW,OPEG,PTLE,SPHL,BABU,NU,CCAQ,EIKN,RAM,NVVE,LABT,SUNE,SILO,JLHL,PEPG,USDE,PCSC,JOBY,DRAM,DRAL,GPAC,ASPCR,AAL,SDOT,GNE,MSTU,PLTD,SOXL,RXT,ONDS,HTZ,AFIF,AAOG,SVAC,DTCX&feed=sip (Caused by ConnectTimeoutError(<HTTPSConnection(host='data.alpaca.markets', port=443) at 0x1105155e0>, 'Connection to data.alpaca.markets timed out. (connect timeout=15)'))
13:20:24  snapshot chunk failed: HTTPSConnectionPool(host='data.alpaca.markets', port=443): Max retries exceeded with url: /v2/stocks/snapshots?symbols=CDRO,ARMA,STFS,WULF,AMC,MSLE,CIEG,VRAX,NVD,DIAL,PCLA,LITU,TMCR,SRL,IREN,ZSTK,RNAZ,OPEN,AXTX,NVDA,SNDC,RGYY,NPV,SNDQ,ONG,RYOJ,CNTB,GPUS,SNDU,AAPL,LBTYB,QSEAR,SNXX,BITO,VIDA,SOFI,PLBL,CBRG,UIS,FLNC&feed=sip (Caused by ConnectTimeoutError(<HTTPSConnection(host='data.alpaca.markets', port=443) at 0x1104dfc50>, 'Connection to data.alpaca.markets timed out. (connect timeout=15)'))
13:20:39  snapshot chunk failed: HTTPSConnectionPool(host='data.alpaca.markets', port=443): Max retries exceeded with url: /v2/stocks/snapshots?symbols=ZSQR,CYCN,AEHG,LRMR,MARA,MRAL,LASC,CPAC,STI,TZA,SNWV,BTDR,OKLL,EQ,YHC,BYRN,ISPC,CLSX,MIC,SMU,IQMX,EOSU,RDWU,VELO,MRAM,T,SMTG,VHCP,LITX,ARMG,AMPU,RBNE,MARO,SQQQ,SRXH,OPENL,SER,PATH,CBRX,ONTX&feed=sip (Caused by ConnectTimeoutError(<HTTPSConnection(host='data.alpaca.markets', port=443) at 0x1104ddeb0>, 'Connection to data.alpaca.markets timed out. (connect timeout=15)'))
13:20:43  Wrote 54 gappers (54 kept): ['RPGL', 'SNDG', 'HPEL', 'SPCB', 'CIFG', 'ENTL', 'NDRA', 'JZ', 'FOMG', 'RMBX', 'BGDE', 'FXHO', 'QUBX', 'ACLZ', 'VELL', 'EUVX', 'AXTU', 'VWAV', 'ANNA', 'IOTR']
13:21:37  universe: 89 from IBKR scanner + 60 extra from Alpaca
13:22:02  Wrote 85 gappers (85 kept): ['JLHL', 'VRAX', 'RPGL', 'RYOJ', 'LITU', 'SUNE', 'AEHG', 'CBRG', 'CBRX', 'SNDC', 'SNDG', 'CNTB', 'HPEL', 'RNAZ', 'PTLE', 'SPCB', 'ZSQR', 'AAOG', 'SNWV', 'CIFG']
13:22:49  universe: 89 from IBKR scanner + 60 extra from Alpaca
13:22:53  Wrote 87 gappers (87 kept): ['JLHL', 'VRAX', 'RPGL', 'RYOJ', 'LITU', 'AEHG', 'SUNE', 'CBRG', 'CBRX', 'SNDG', 'SNDC', 'CNTB', 'SNWV', 'HPEL', 'RNAZ', 'AAOG', 'SPCB', 'ZSQR', 'CIFG', 'OPEG']
13:23:40  universe: 89 from IBKR scanner + 60 extra from Alpaca
13:23:45  Wrote 87 gappers (87 kept): ['JLHL', 'VRAX', 'RPGL', 'RYOJ', 'LITU', 'AEHG', 'SUNE', 'CBRX', 'CBRG', 'FXHO', 'SNDG', 'SNDC', 'CNTB', 'SNWV', 'RNAZ', 'HPEL', 'AAOG', 'SPCB', 'ZSQR', 'OPEG']
13:24:35  universe: 89 from IBKR scanner + 59 extra from Alpaca
13:24:42  Wrote 87 gappers (87 kept): ['JLHL', 'VRAX', 'RPGL', 'RYOJ', 'LITU', 'SUNE', 'AEHG', 'CBRG', 'CBRX', 'SNDG', 'SNDC', 'FXHO', 'CNTB', 'SNWV', 'RNAZ', 'ZSQR', 'HPEL', 'AAOG', 'SPCB', 'OPEG']
13:25:29  universe: 89 from IBKR scanner + 59 extra from Alpaca
13:25:34  Wrote 87 gappers (87 kept): ['JLHL', 'VRAX', 'RPGL', 'RYOJ', 'LITU', 'AEHG', 'SUNE', 'CBRX', 'SNWV', 'CBRG', 'SNDC', 'SNDG', 'CNTB', 'SPCB', 'HPEL', 'RNAZ', 'ZSQR', 'AAOG', 'FXHO', 'OPEG']
13:26:21  universe: 89 from IBKR scanner + 59 extra from Alpaca
13:26:26  Wrote 88 gappers (88 kept): ['JLHL', 'VRAX', 'RPGL', 'RYOJ', 'LITU', 'AEHG', 'SUNE', 'CBRG', 'CBRX', 'SNDC', 'SNWV', 'SNDG', 'CNTB', 'SPCB', 'HPEL', 'RNAZ', 'ZSQR', 'AAOG', 'FXHO', 'OPEG']
13:27:12  universe: 89 from IBKR scanner + 59 extra from Alpaca
13:27:17  Wrote 88 gappers (88 kept): ['JLHL', 'VRAX', 'RPGL', 'RYOJ', 'LITU', 'AEHG', 'SUNE', 'CBRG', 'CBRX', 'SNDC', 'CNTB', 'SPCB', 'SNDG', 'SNWV', 'ZSQR', 'HPEL', 'RNAZ', 'AAOG', 'OPEG', 'CIFG']
13:28:04  universe: 89 from IBKR scanner + 59 extra from Alpaca
13:28:09  Wrote 88 gappers (88 kept): ['JLHL', 'VRAX', 'RPGL', 'RYOJ', 'LITU', 'AEHG', 'SUNE', 'CBRG', 'CBRX', 'SNDC', 'CNTB', 'SPCB', 'SNDG', 'SNWV', 'ZSQR', 'HPEL', 'AAOG', 'RNAZ', 'OPEG', 'CIFG']
13:28:56  universe: 89 from IBKR scanner + 59 extra from Alpaca
13:29:00  Wrote 88 gappers (88 kept): ['JLHL', 'VRAX', 'RPGL', 'RYOJ', 'AEHG', 'LITU', 'SUNE', 'CBRG', 'CBRX', 'SNDC', 'CNTB', 'SPCB', 'SNDG', 'SNWV', 'ZSQR', 'HPEL', 'RNAZ', 'AAOG', 'OPEG', 'CIFG']
13:29:47  universe: 89 from IBKR scanner + 59 extra from Alpaca
13:29:51  Wrote 88 gappers (88 kept): ['JLHL', 'VRAX', 'RPGL', 'RYOJ', 'LITU', 'AEHG', 'SUNE', 'CBRX', 'CBRG', 'SNDC', 'CNTB', 'SPCB', 'SNDG', 'SNWV', 'HPEL', 'ZSQR', 'RNAZ', 'AAOG', 'OPEG', 'CIFG']
13:30:38  universe: 89 from IBKR scanner + 59 extra from Alpaca
13:30:48  Wrote 88 gappers (88 kept): ['JLHL', 'VRAX', 'RPGL', 'RYOJ', 'LITU', 'AEHG', 'CBRX', 'SUNE', 'CBRG', 'SNDC', 'CNTB', 'SNDG', 'SNWV', 'SPCB', 'HPEL', 'ZSQR', 'RNAZ', 'AAOG', 'OPEG', 'ENTL']
13:31:34  universe: 89 from IBKR scanner + 57 extra from Alpaca
13:31:43  Wrote 88 gappers (88 kept): ['JLHL', 'VRAX', 'RPGL', 'RYOJ', 'LITU', 'AEHG', 'SUNE', 'CBRX', 'CBRG', 'SNDC', 'CNTB', 'SNWV', 'SNDG', 'SPCB', 'HPEL', 'ZSQR', 'AAOG', 'RNAZ', 'OPEG', 'ENTL']
13:32:30  universe: 89 from IBKR scanner + 58 extra from Alpaca
13:32:37  Wrote 89 gappers (89 kept): ['JLHL', 'VRAX', 'RPGL', 'RYOJ', 'LITU', 'AEHG', 'CBRX', 'CBRG', 'SNDC', 'SUNE', 'CNTB', 'SNDG', 'SNWV', 'SPCB', 'ZSQR', 'HPEL', 'AAOG', 'RNAZ', 'OPEG', 'ENTL']
13:33:23  universe: 89 from IBKR scanner + 57 extra from Alpaca
13:33:29  Wrote 90 gappers (90 kept): ['JLHL', 'VRAX', 'RPGL', 'RYOJ', 'LITU', 'AEHG', 'CBRX', 'SUNE', 'SNDC', 'CBRG', 'CNTB', 'SNDG', 'SNWV', 'SPCB', 'ZSQR', 'HPEL', 'RNAZ', 'AAOG', 'OPEG', 'ENTL']
13:34:16  universe: 89 from IBKR scanner + 57 extra from Alpaca
13:34:22  Wrote 90 gappers (90 kept): ['JLHL', 'VRAX', 'RPGL', 'RYOJ', 'LITU', 'AEHG', 'CBRX', 'SUNE', 'SNDC', 'CBRG', 'CNTB', 'SNWV', 'SNDG', 'SPCB', 'ZSQR', 'HPEL', 'RNAZ', 'AAOG', 'OPEG', 'ENTL']
13:35:09  universe: 89 from IBKR scanner + 57 extra from Alpaca
13:35:17  Wrote 90 gappers (90 kept): ['JLHL', 'VRAX', 'RPGL', 'RYOJ', 'LITU', 'AEHG', 'CBRX', 'SUNE', 'CBRG', 'SNDC', 'CNTB', 'SNWV', 'SNDG', 'ZSQR', 'HPEL', 'RNAZ', 'AAOG', 'OPEG', 'SPCB', 'ENTL']
13:36:04  universe: 89 from IBKR scanner + 58 extra from Alpaca
13:36:10  Wrote 91 gappers (91 kept): ['JLHL', 'VRAX', 'RPGL', 'RYOJ', 'LITU', 'AEHG', 'CNTB', 'CBRX', 'SUNE', 'SNDC', 'CBRG', 'SNWV', 'SNDG', 'ZSQR', 'SPCB', 'HPEL', 'AAOG', 'RNAZ', 'OPEG', 'ENTL']
13:36:57  universe: 89 from IBKR scanner + 58 extra from Alpaca
13:37:03  Wrote 91 gappers (91 kept): ['JLHL', 'VRAX', 'RPGL', 'RYOJ', 'LITU', 'AEHG', 'CNTB', 'SUNE', 'SNDC', 'CBRX', 'SNDG', 'SNWV', 'CBRG', 'ZSQR', 'HPEL', 'AAOG', 'SPCB', 'OPEG', 'ENTL', 'LABT']
13:37:50  universe: 89 from IBKR scanner + 57 extra from Alpaca
13:37:54  Wrote 92 gappers (92 kept): ['JLHL', 'VRAX', 'RPGL', 'RYOJ', 'LITU', 'AEHG', 'SUNE', 'CNTB', 'SNDC', 'CBRX', 'SNDG', 'SNWV', 'CBRG', 'ZSQR', 'HPEL', 'AAOG', 'SPCB', 'OPEG', 'LABT', 'PTLE']
13:38:41  universe: 89 from IBKR scanner + 57 extra from Alpaca
13:38:46  Wrote 91 gappers (91 kept): ['JLHL', 'VRAX', 'RPGL', 'RYOJ', 'LITU', 'SUNE', 'AEHG', 'SNDC', 'SNWV', 'SNDG', 'CNTB', 'CBRX', 'CBRG', 'ZSQR', 'HPEL', 'FXHO', 'AAOG', 'SPCB', 'RNAZ', 'OPEG']
13:39:33  universe: 89 from IBKR scanner + 58 extra from Alpaca
13:39:37  Wrote 91 gappers (91 kept): ['JLHL', 'VRAX', 'RPGL', 'RYOJ', 'LITU', 'SUNE', 'AEHG', 'SNDC', 'CNTB', 'SNWV', 'SNDG', 'CBRX', 'CBRG', 'ZSQR', 'HPEL', 'FXHO', 'AAOG', 'RNAZ', 'OPEG', 'SPCB']
13:40:24  universe: 89 from IBKR scanner + 58 extra from Alpaca
13:40:32  Wrote 91 gappers (91 kept): ['JLHL', 'VRAX', 'RPGL', 'RYOJ', 'LITU', 'SUNE', 'AEHG', 'CNTB', 'SNDC', 'SNWV', 'SNDG', 'CBRX', 'CBRG', 'HPEL', 'ZSQR', 'AAOG', 'RNAZ', 'OPEG', 'SPCB', 'PTLE']
13:41:19  universe: 89 from IBKR scanner + 59 extra from Alpaca
13:41:25  Wrote 92 gappers (92 kept): ['JLHL', 'VRAX', 'RPGL', 'RYOJ', 'LITU', 'SUNE', 'AEHG', 'CNTB', 'SNDC', 'SNWV', 'SNDG', 'CBRX', 'HPEL', 'ZSQR', 'CBRG', 'AAOG', 'RNAZ', 'OPEG', 'SPCB', 'PTLE']
13:42:11  universe: 89 from IBKR scanner + 59 extra from Alpaca
13:42:17  Wrote 92 gappers (92 kept): ['JLHL', 'VRAX', 'RPGL', 'RYOJ', 'LITU', 'AEHG', 'CNTB', 'SNDC', 'SUNE', 'SNWV', 'CBRX', 'SNDG', 'HPEL', 'ZSQR', 'CBRG', 'AAOG', 'RNAZ', 'OPEG', 'SPCB', 'PTLE']
13:43:04  universe: 89 from IBKR scanner + 58 extra from Alpaca
13:43:09  Wrote 92 gappers (92 kept): ['JLHL', 'VRAX', 'RPGL', 'RYOJ', 'LITU', 'AEHG', 'SUNE', 'SNDC', 'CNTB', 'SNWV', 'CBRX', 'SNDG', 'HPEL', 'ZSQR', 'CBRG', 'RNAZ', 'OPEG', 'SPCB', 'AAOG', 'AMKL']
13:43:55  universe: 89 from IBKR scanner + 58 extra from Alpaca
13:44:00  Wrote 92 gappers (92 kept): ['JLHL', 'VRAX', 'RPGL', 'RYOJ', 'LITU', 'AEHG', 'SUNE', 'SNDC', 'CNTB', 'SNWV', 'CBRX', 'SNDG', 'CBRG', 'HPEL', 'SPCB', 'ZSQR', 'RNAZ', 'OPEG', 'AAOG', 'AMKL']
13:44:46  universe: 89 from IBKR scanner + 57 extra from Alpaca
13:44:50  Wrote 92 gappers (92 kept): ['JLHL', 'VRAX', 'RPGL', 'RYOJ', 'LITU', 'AEHG', 'SUNE', 'CNTB', 'SNDC', 'SNWV', 'SNDG', 'ZSQR', 'CBRX', 'HPEL', 'CBRG', 'RNAZ', 'OPEG', 'AAOG', 'SPCB', 'AMKL']
13:45:37  universe: 89 from IBKR scanner + 58 extra from Alpaca
13:45:46  Wrote 92 gappers (92 kept): ['JLHL', 'VRAX', 'RYOJ', 'RPGL', 'LITU', 'AEHG', 'SUNE', 'CNTB', 'SNDC', 'SNWV', 'SNDG', 'HPEL', 'ZSQR', 'CBRX', 'CBRG', 'RNAZ', 'OPEG', 'AAOG', 'SPCB', 'AMKL']
13:46:32  universe: 89 from IBKR scanner + 59 extra from Alpaca
13:46:38  Wrote 92 gappers (92 kept): ['JLHL', 'VRAX', 'RYOJ', 'RPGL', 'LITU', 'AEHG', 'SUNE', 'CNTB', 'SNDC', 'SNWV', 'HPEL', 'ZSQR', 'SNDG', 'CBRX', 'RNAZ', 'CBRG', 'OPEG', 'SPCB', 'AAOG', 'PTLE']
13:47:25  universe: 89 from IBKR scanner + 58 extra from Alpaca
13:47:30  Wrote 92 gappers (92 kept): ['JLHL', 'VRAX', 'RYOJ', 'RPGL', 'LITU', 'AEHG', 'RNAZ', 'SUNE', 'CNTB', 'SNDC', 'SNWV', 'ZSQR', 'SNDG', 'HPEL', 'CBRX', 'SPCB', 'CBRG', 'OPEG', 'AAOG', 'PTLE']
13:48:17  universe: 89 from IBKR scanner + 58 extra from Alpaca
13:48:21  Wrote 92 gappers (92 kept): ['JLHL', 'VRAX', 'RYOJ', 'RPGL', 'LITU', 'SUNE', 'AEHG', 'RNAZ', 'CNTB', 'SNDC', 'SNWV', 'ZSQR', 'SNDG', 'HPEL', 'CBRG', 'CBRX', 'SPCB', 'OPEG', 'AAOG', 'PTLE']
13:49:08  universe: 89 from IBKR scanner + 58 extra from Alpaca
13:49:12  Wrote 92 gappers (92 kept): ['JLHL', 'VRAX', 'RYOJ', 'RPGL', 'LITU', 'RNAZ', 'AEHG', 'SUNE', 'CNTB', 'SNDC', 'SNWV', 'ZSQR', 'CBRG', 'HPEL', 'SNDG', 'CBRX', 'SPCB', 'OPEG', 'AAOG', 'PTLE']
13:49:59  universe: 89 from IBKR scanner + 59 extra from Alpaca
13:50:05  Wrote 93 gappers (93 kept): ['JLHL', 'VRAX', 'RYOJ', 'RPGL', 'LITU', 'RNAZ', 'AEHG', 'SUNE', 'SNDC', 'CNTB', 'SNWV', 'ZSQR', 'HPEL', 'CBRG', 'SNDG', 'CBRX', 'SPCB', 'OPEG', 'AAOG', 'PTLE']
13:50:52  universe: 89 from IBKR scanner + 60 extra from Alpaca
13:50:56  Wrote 93 gappers (93 kept): ['JLHL', 'VRAX', 'RYOJ', 'RPGL', 'AEHG', 'RNAZ', 'LITU', 'SUNE', 'SNDC', 'CNTB', 'ZSQR', 'SNWV', 'CBRG', 'HPEL', 'CBRX', 'SPCB', 'SNDG', 'OPEG', 'PTLE', 'AMKL']
13:51:43  universe: 89 from IBKR scanner + 58 extra from Alpaca
13:51:48  Wrote 93 gappers (93 kept): ['JLHL', 'VRAX', 'RYOJ', 'RPGL', 'AEHG', 'LITU', 'RNAZ', 'SUNE', 'SNDC', 'CNTB', 'ZSQR', 'HPEL', 'CBRG', 'CBRX', 'SNWV', 'SPCB', 'SNDG', 'OPEG', 'PTLE', 'AMKL']
13:52:34  universe: 88 from IBKR scanner + 59 extra from Alpaca
13:52:38  Wrote 93 gappers (93 kept): ['JLHL', 'VRAX', 'RYOJ', 'RPGL', 'AEHG', 'LITU', 'SUNE', 'RNAZ', 'CNTB', 'ZSQR', 'HPEL', 'SNDC', 'CBRG', 'CBRX', 'SNWV', 'SPCB', 'SNDG', 'OPEG', 'PTLE', 'AMKL']
13:53:25  universe: 88 from IBKR scanner + 58 extra from Alpaca
13:53:29  Wrote 93 gappers (93 kept): ['JLHL', 'VRAX', 'RYOJ', 'RPGL', 'LITU', 'AEHG', 'SUNE', 'RNAZ', 'CNTB', 'CBRG', 'FXHO', 'ZSQR', 'HPEL', 'SNDC', 'CBRX', 'SNWV', 'SPCB', 'SNDG', 'OPEG', 'SPHL']
13:54:16  universe: 88 from IBKR scanner + 57 extra from Alpaca
13:54:20  Wrote 93 gappers (93 kept): ['JLHL', 'VRAX', 'RPGL', 'RYOJ', 'LITU', 'AEHG', 'SUNE', 'RNAZ', 'CNTB', 'FXHO', 'CBRG', 'ZSQR', 'HPEL', 'SNDC', 'CBRX', 'SNWV', 'SPCB', 'SNDG', 'OPEG', 'SPHL']
13:55:07  universe: 89 from IBKR scanner + 55 extra from Alpaca
13:55:12  Wrote 94 gappers (94 kept): ['JLHL', 'VRAX', 'RPGL', 'RYOJ', 'AEHG', 'RNAZ', 'LITU', 'SUNE', 'ZSQR', 'OPEG', 'CNTB', 'HPEL', 'CBRG', 'CBRX', 'SNWV', 'SNDC', 'SPCB', 'FXHO', 'JZ', 'NDRA']
13:55:59  universe: 89 from IBKR scanner + 55 extra from Alpaca
13:56:04  Wrote 96 gappers (96 kept): ['JLHL', 'VRAX', 'RPGL', 'RYOJ', 'AEHG', 'RNAZ', 'LITU', 'ZSQR', 'CNTB', 'OPEG', 'SUNE', 'CBRG', 'HPEL', 'SNWV', 'CBRX', 'SPCB', 'SNDC', 'FXHO', 'UBXG', 'JZ']
13:56:51  universe: 89 from IBKR scanner + 58 extra from Alpaca
13:56:55  Wrote 98 gappers (98 kept): ['JLHL', 'VRAX', 'RPGL', 'RYOJ', 'AEHG', 'LITU', 'ZSQR', 'OPEG', 'SUNE', 'RNAZ', 'CNTB', 'SNWV', 'HPEL', 'CBRG', 'CBRX', 'FXHO', 'SPCB', 'SNDC', 'JZ', 'NDRA']
13:57:41  universe: 89 from IBKR scanner + 58 extra from Alpaca
13:57:46  Wrote 98 gappers (98 kept): ['JLHL', 'VRAX', 'RPGL', 'FXHO', 'RYOJ', 'AEHG', 'RNAZ', 'LITU', 'ZSQR', 'OPEG', 'SUNE', 'JZ', 'CNTB', 'SNWV', 'HPEL', 'CBRG', 'CBRX', 'SPCB', 'UBXG', 'SNDC']
13:58:34  universe: 89 from IBKR scanner + 56 extra from Alpaca
13:58:39  Wrote 98 gappers (98 kept): ['JLHL', 'VRAX', 'RPGL', 'RYOJ', 'FXHO', 'JZ', 'AEHG', 'RNAZ', 'LITU', 'OPEG', 'ZSQR', 'SUNE', 'CNTB', 'SNWV', 'HPEL', 'CBRX', 'CBRG', 'SNDC', 'SPCB', 'NDRA']
13:59:26  universe: 89 from IBKR scanner + 57 extra from Alpaca
13:59:31  Wrote 99 gappers (99 kept): ['JLHL', 'VRAX', 'RPGL', 'RYOJ', 'FXHO', 'JZ', 'AEHG', 'RNAZ', 'LITU', 'SUNE', 'OPEG', 'ZSQR', 'CNTB', 'SNWV', 'HPEL', 'CBRG', 'CBRX', 'SNDC', 'SPCB', 'SNDG']
14:00:27  universe: 89 from IBKR scanner + 57 extra from Alpaca
14:00:43  snapshot chunk failed: HTTPSConnectionPool(host='data.alpaca.markets', port=443): Max retries exceeded with url: /v2/stocks/snapshots?symbols=NOK,DAMD,ELTX,ONDG,HKIT,WXM,KBAB,BABX,IRE,FVNNR,CCII,SMCL,ENTL,MAAS,MU,WATT,MGRD,XP,WHLRP,RPGL,TNGY,VWAV,QUBX,CRWU,SPCX,CRCD,SOFX,PCAP,CAI,LASR,ACLZ,CRMT,SPCB,OPEX,EUVX,BGDE,F,ORCU,TRAX,JZ&feed=sip (Caused by ConnectTimeoutError(<HTTPSConnection(host='data.alpaca.markets', port=443) at 0x110582450>, 'Connection to data.alpaca.markets timed out. (connect timeout=15)'))
14:00:58  Wrote 74 gappers (74 kept): ['JLHL', 'VRAX', 'RYOJ', 'FXHO', 'AEHG', 'RNAZ', 'LITU', 'SUNE', 'ZSQR', 'OPEG', 'HPEL', 'CNTB', 'SNWV', 'PTLE', 'CBRX', 'CBRG', 'SNDC', 'SNDG', 'NDRA', 'UBXG']
14:01:44  universe: 89 from IBKR scanner + 58 extra from Alpaca
14:01:52  Wrote 77 gappers (77 kept): ['JLHL', 'VRAX', 'RYOJ', 'RPGL', 'FXHO', 'AEHG', 'SUNE', 'RNAZ', 'JZ', 'LITU', 'ZSQR', 'OPEG', 'HPEL', 'CNTB', 'SNWV', 'PTLE', 'CBRX', 'CBRG', 'SNDC', 'SPCB']
14:02:39  universe: 89 from IBKR scanner + 58 extra from Alpaca
14:02:44  Wrote 78 gappers (78 kept): ['JLHL', 'VRAX', 'RYOJ', 'RPGL', 'FXHO', 'AEHG', 'RNAZ', 'JZ', 'LITU', 'ZSQR', 'SUNE', 'OPEG', 'HPEL', 'HCTI', 'CNTB', 'SNWV', 'PTLE', 'CBRX', 'CBRG', 'SNDC']
14:03:31  universe: 89 from IBKR scanner + 58 extra from Alpaca
14:03:35  Wrote 77 gappers (77 kept): ['JLHL', 'VRAX', 'RYOJ', 'RPGL', 'FXHO', 'AEHG', 'RNAZ', 'LITU', 'ZSQR', 'OPEG', 'HPEL', 'CNTB', 'SNWV', 'PTLE', 'JZ', 'SUNE', 'CBRX', 'CBRG', 'SNDC', 'SPCB']
14:04:22  universe: 89 from IBKR scanner + 58 extra from Alpaca
14:04:25  Wrote 77 gappers (77 kept): ['JLHL', 'VRAX', 'RYOJ', 'RPGL', 'FXHO', 'AEHG', 'RNAZ', 'LITU', 'ZSQR', 'OPEG', 'HPEL', 'CNTB', 'SNWV', 'PTLE', 'CBRX', 'SUNE', 'CBRG', 'JZ', 'SNDC', 'SPCB']
14:05:12  universe: 89 from IBKR scanner + 58 extra from Alpaca
14:05:18  Wrote 78 gappers (78 kept): ['JLHL', 'VRAX', 'RYOJ', 'RPGL', 'FXHO', 'AEHG', 'SNWV', 'RNAZ', 'LITU', 'ZSQR', 'OPEG', 'HPEL', 'CNTB', 'PTLE', 'CBRX', 'SUNE', 'CBRG', 'JZ', 'SNDC', 'SPCB']
14:06:04  universe: 89 from IBKR scanner + 58 extra from Alpaca
14:06:10  Wrote 78 gappers (78 kept): ['JLHL', 'VRAX', 'RYOJ', 'RPGL', 'FXHO', 'AEHG', 'SNWV', 'RNAZ', 'LITU', 'ZSQR', 'OPEG', 'HPEL', 'CNTB', 'PTLE', 'CBRX', 'CBRG', 'SUNE', 'JZ', 'SNDC', 'SPCB']
14:06:57  universe: 89 from IBKR scanner + 58 extra from Alpaca
14:07:00  Wrote 78 gappers (78 kept): ['JLHL', 'VRAX', 'RYOJ', 'RPGL', 'FXHO', 'AEHG', 'SNWV', 'RNAZ', 'LITU', 'ZSQR', 'OPEG', 'HPEL', 'CNTB', 'PTLE', 'CBRX', 'CBRG', 'SUNE', 'SNDC', 'SPCB', 'JZ']
14:07:47  universe: 89 from IBKR scanner + 58 extra from Alpaca
14:07:50  Wrote 79 gappers (79 kept): ['JLHL', 'VRAX', 'RYOJ', 'RPGL', 'FXHO', 'AEHG', 'SNWV', 'RNAZ', 'LITU', 'ZSQR', 'OPEG', 'HPEL', 'CNTB', 'PTLE', 'CBRX', 'SUNE', 'HCTI', 'CBRG', 'SNDC', 'SPCB']
14:08:37  universe: 89 from IBKR scanner + 58 extra from Alpaca
14:08:40  Wrote 79 gappers (79 kept): ['JLHL', 'VRAX', 'RYOJ', 'RPGL', 'FXHO', 'AEHG', 'SNWV', 'RNAZ', 'LITU', 'ZSQR', 'OPEG', 'HPEL', 'HCTI', 'PTLE', 'CBRX', 'SUNE', 'CBRG', 'SNDC', 'SPCB', 'JZ']
14:09:27  universe: 90 from IBKR scanner + 59 extra from Alpaca
14:09:30  Wrote 78 gappers (78 kept): ['VRAX', 'RYOJ', 'FXHO', 'RPGL', 'AEHG', 'SNWV', 'RNAZ', 'LITU', 'ZSQR', 'OPEG', 'HPEL', 'PTLE', 'CBRX', 'SUNE', 'CBRG', 'HCTI', 'SNDC', 'SPCB', 'JZ', 'NDRA']
14:10:16  universe: 90 from IBKR scanner + 59 extra from Alpaca
14:10:20  Wrote 77 gappers (77 kept): ['VRAX', 'RYOJ', 'FXHO', 'RPGL', 'AEHG', 'SNWV', 'RNAZ', 'LITU', 'ZSQR', 'OPEG', 'HPEL', 'PTLE', 'CBRX', 'CBRG', 'SUNE', 'SNDC', 'SNDG', 'SPCB', 'JZ', 'NDRA']
14:11:06  universe: 90 from IBKR scanner + 57 extra from Alpaca
14:11:09  Wrote 77 gappers (77 kept): ['VRAX', 'RYOJ', 'FXHO', 'RPGL', 'AEHG', 'SNWV', 'RNAZ', 'LITU', 'ZSQR', 'OPEG', 'HPEL', 'PTLE', 'CBRX', 'CBRG', 'SUNE', 'SNDC', 'SNDG', 'SPCB', 'JZ', 'NDRA']
14:11:56  universe: 90 from IBKR scanner + 57 extra from Alpaca
14:12:00  Wrote 77 gappers (77 kept): ['VRAX', 'RYOJ', 'FXHO', 'RPGL', 'AEHG', 'SNWV', 'RNAZ', 'LITU', 'ZSQR', 'OPEG', 'HPEL', 'PTLE', 'CBRX', 'CBRG', 'SUNE', 'SNDC', 'SNDG', 'SPCB', 'JZ', 'NDRA']
14:12:47  universe: 90 from IBKR scanner + 57 extra from Alpaca
14:12:49  Wrote 77 gappers (77 kept): ['VRAX', 'RYOJ', 'FXHO', 'RPGL', 'AEHG', 'SNWV', 'RNAZ', 'LITU', 'ZSQR', 'OPEG', 'HPEL', 'PTLE', 'CBRG', 'CBRX', 'SUNE', 'SNDC', 'SNDG', 'SPCB', 'JZ', 'NDRA']
14:13:36  universe: 90 from IBKR scanner + 57 extra from Alpaca
14:13:39  Wrote 77 gappers (77 kept): ['VRAX', 'RYOJ', 'FXHO', 'RPGL', 'AEHG', 'SNWV', 'RNAZ', 'LITU', 'ZSQR', 'OPEG', 'HPEL', 'PTLE', 'CBRG', 'CBRX', 'SUNE', 'CNTB', 'SNDC', 'SPCB', 'JZ', 'NDRA']
14:14:25  universe: 90 from IBKR scanner + 57 extra from Alpaca
14:14:28  Wrote 77 gappers (77 kept): ['VRAX', 'RYOJ', 'FXHO', 'RPGL', 'AEHG', 'SNWV', 'RNAZ', 'LITU', 'ZSQR', 'OPEG', 'HPEL', 'PTLE', 'CBRG', 'CBRX', 'SUNE', 'CNTB', 'SNDC', 'SPCB', 'JZ', 'NDRA']
14:15:15  universe: 90 from IBKR scanner + 57 extra from Alpaca
14:15:20  Wrote 77 gappers (77 kept): ['VRAX', 'RYOJ', 'RPGL', 'AEHG', 'SNWV', 'RNAZ', 'FXHO', 'LITU', 'ZSQR', 'OPEG', 'HPEL', 'PTLE', 'CBRG', 'SUNE', 'CBRX', 'CNTB', 'SNDC', 'JZ', 'NDRA', 'CIFG']
14:16:06  universe: 90 from IBKR scanner + 57 extra from Alpaca
14:16:10  Wrote 77 gappers (77 kept): ['VRAX', 'RYOJ', 'RPGL', 'AEHG', 'SNWV', 'RNAZ', 'FXHO', 'LITU', 'ZSQR', 'OPEG', 'HPEL', 'PTLE', 'CBRG', 'SUNE', 'CBRX', 'CNTB', 'SNDC', 'JZ', 'NDRA', 'CIFG']
14:16:56  universe: 90 from IBKR scanner + 57 extra from Alpaca
14:16:59  Wrote 77 gappers (77 kept): ['VRAX', 'RYOJ', 'RPGL', 'AEHG', 'SNWV', 'RNAZ', 'FXHO', 'LITU', 'ZSQR', 'OPEG', 'HPEL', 'HCTI', 'SUNE', 'PTLE', 'CBRG', 'CBRX', 'CNTB', 'SNDC', 'JZ', 'SNDG']
14:17:48  universe: 89 from IBKR scanner + 57 extra from Alpaca
14:17:50  Wrote 77 gappers (77 kept): ['VRAX', 'RYOJ', 'RPGL', 'HCTI', 'AEHG', 'SNWV', 'RNAZ', 'SUNE', 'FXHO', 'LITU', 'ZSQR', 'OPEG', 'HPEL', 'PTLE', 'CBRG', 'CBRX', 'CNTB', 'CRVO', 'SNDC', 'JZ']
14:18:37  universe: 89 from IBKR scanner + 57 extra from Alpaca
14:18:40  Wrote 77 gappers (77 kept): ['VRAX', 'RYOJ', 'RPGL', 'AEHG', 'HCTI', 'SNWV', 'RNAZ', 'FXHO', 'LITU', 'ZSQR', 'SUNE', 'OPEG', 'HPEL', 'PTLE', 'JZ', 'CBRX', 'CNTB', 'CBRG', 'CRVO', 'SNDC']
14:19:26  universe: 89 from IBKR scanner + 57 extra from Alpaca
14:19:29  Wrote 77 gappers (77 kept): ['VRAX', 'RYOJ', 'RPGL', 'AEHG', 'SNWV', 'RNAZ', 'FXHO', 'LITU', 'ZSQR', 'OPEG', 'SUNE', 'HPEL', 'CNTB', 'PTLE', 'JZ', 'CBRG', 'CBRX', 'HCTI', 'CRVO', 'SNDC']
14:20:16  universe: 89 from IBKR scanner + 57 extra from Alpaca
14:20:19  Wrote 77 gappers (77 kept): ['VRAX', 'RYOJ', 'RPGL', 'AEHG', 'SNWV', 'RNAZ', 'FXHO', 'LITU', 'ZSQR', 'OPEG', 'HPEL', 'SUNE', 'CNTB', 'PTLE', 'JZ', 'CBRX', 'CBRG', 'HCTI', 'SNDC', 'SNDG']
14:21:05  universe: 89 from IBKR scanner + 57 extra from Alpaca
14:21:08  Wrote 77 gappers (77 kept): ['VRAX', 'RYOJ', 'RPGL', 'AEHG', 'SNWV', 'RNAZ', 'HCTI', 'LITU', 'ZSQR', 'FXHO', 'OPEG', 'HPEL', 'SUNE', 'CNTB', 'PTLE', 'JZ', 'CBRX', 'CBRG', 'SNDC', 'SNDG']
14:21:55  universe: 89 from IBKR scanner + 57 extra from Alpaca
14:21:57  Wrote 77 gappers (77 kept): ['VRAX', 'RYOJ', 'RPGL', 'AEHG', 'ZSQR', 'SNWV', 'RNAZ', 'LITU', 'FXHO', 'OPEG', 'HPEL', 'CNTB', 'SUNE', 'PTLE', 'HCTI', 'JZ', 'CBRX', 'CBRG', 'SNDC', 'SNDG']
14:22:44  universe: 89 from IBKR scanner + 57 extra from Alpaca
14:22:46  Wrote 77 gappers (77 kept): ['VRAX', 'RYOJ', 'RPGL', 'AEHG', 'ZSQR', 'SNWV', 'RNAZ', 'LITU', 'FXHO', 'OPEG', 'HPEL', 'CNTB', 'SUNE', 'PTLE', 'CBRX', 'HCTI', 'CBRG', 'SNDC', 'JZ', 'NDRA']
14:23:33  universe: 89 from IBKR scanner + 57 extra from Alpaca
14:23:36  Wrote 76 gappers (76 kept): ['VRAX', 'RYOJ', 'RPGL', 'AEHG', 'ZSQR', 'SNWV', 'RNAZ', 'LITU', 'FXHO', 'OPEG', 'HPEL', 'CNTB', 'PTLE', 'SUNE', 'CBRX', 'CBRG', 'SNDC', 'JZ', 'NDRA', 'CIFG']
14:24:22  universe: 90 from IBKR scanner + 57 extra from Alpaca
14:24:25  Wrote 76 gappers (76 kept): ['VRAX', 'RYOJ', 'RPGL', 'AEHG', 'ZSQR', 'SNWV', 'RNAZ', 'LITU', 'FXHO', 'OPEG', 'HPEL', 'CNTB', 'PTLE', 'SUNE', 'CBRX', 'CBRG', 'SNDC', 'JZ', 'NDRA', 'CIFG']
14:25:11  universe: 89 from IBKR scanner + 57 extra from Alpaca
14:25:14  Wrote 76 gappers (76 kept): ['VRAX', 'RYOJ', 'RPGL', 'AEHG', 'ZSQR', 'SNWV', 'RNAZ', 'LITU', 'FXHO', 'OPEG', 'HPEL', 'CNTB', 'PTLE', 'CBRG', 'CBRX', 'SUNE', 'SNDC', 'JZ', 'NDRA', 'CIFG']
14:26:01  universe: 89 from IBKR scanner + 57 extra from Alpaca
14:26:03  Wrote 76 gappers (76 kept): ['VRAX', 'RYOJ', 'RPGL', 'AEHG', 'ZSQR', 'SNWV', 'RNAZ', 'CNTB', 'LITU', 'FXHO', 'OPEG', 'HPEL', 'PTLE', 'CBRG', 'CBRX', 'SUNE', 'SNDC', 'JZ', 'NDRA', 'CIFG']
14:26:50  universe: 89 from IBKR scanner + 57 extra from Alpaca
14:26:53  Wrote 76 gappers (76 kept): ['VRAX', 'RYOJ', 'RPGL', 'AEHG', 'ZSQR', 'SNWV', 'RNAZ', 'CNTB', 'LITU', 'FXHO', 'OPEG', 'HPEL', 'JZ', 'PTLE', 'CBRG', 'CBRX', 'SUNE', 'SNDC', 'NDRA', 'CIFG']
14:27:39  universe: 89 from IBKR scanner + 57 extra from Alpaca
14:27:42  Wrote 76 gappers (76 kept): ['VRAX', 'RYOJ', 'RPGL', 'AEHG', 'ZSQR', 'SNWV', 'RNAZ', 'CNTB', 'LITU', 'FXHO', 'OPEG', 'HPEL', 'JZ', 'PTLE', 'CBRX', 'CBRG', 'SUNE', 'SNDC', 'NDRA', 'CIFG']
14:28:28  universe: 89 from IBKR scanner + 57 extra from Alpaca
14:28:31  Wrote 76 gappers (76 kept): ['VRAX', 'RYOJ', 'RPGL', 'AEHG', 'ZSQR', 'SNWV', 'RNAZ', 'CNTB', 'LITU', 'FXHO', 'OPEG', 'HPEL', 'JZ', 'PTLE', 'CBRX', 'SUNE', 'CBRG', 'SNDC', 'NDRA', 'CIFG']
14:29:18  universe: 89 from IBKR scanner + 57 extra from Alpaca
14:29:21  Wrote 76 gappers (76 kept): ['VRAX', 'RYOJ', 'RPGL', 'AEHG', 'ZSQR', 'SNWV', 'RNAZ', 'CNTB', 'LITU', 'FXHO', 'OPEG', 'HPEL', 'JZ', 'PTLE', 'CBRX', 'SUNE', 'CBRG', 'SNDC', 'NDRA', 'CIFG']
14:30:07  universe: 89 from IBKR scanner + 57 extra from Alpaca
14:30:12  Wrote 76 gappers (76 kept): ['VRAX', 'RYOJ', 'RPGL', 'AEHG', 'ZSQR', 'SNWV', 'RNAZ', 'CNTB', 'LITU', 'FXHO', 'OPEG', 'HPEL', 'JZ', 'PTLE', 'SUNE', 'CBRX', 'CBRG', 'SNDC', 'NDRA', 'CIFG']
14:31:00  universe: 89 from IBKR scanner + 57 extra from Alpaca
14:31:03  Wrote 76 gappers (76 kept): ['VRAX', 'RYOJ', 'RPGL', 'AEHG', 'ZSQR', 'SNWV', 'RNAZ', 'CNTB', 'LITU', 'FXHO', 'OPEG', 'HPEL', 'PTLE', 'CBRX', 'SUNE', 'CBRG', 'JZ', 'SNDC', 'NDRA', 'CIFG']
14:31:50  universe: 89 from IBKR scanner + 57 extra from Alpaca
14:31:53  Wrote 76 gappers (76 kept): ['VRAX', 'RYOJ', 'RPGL', 'AEHG', 'ZSQR', 'SNWV', 'RNAZ', 'CNTB', 'LITU', 'FXHO', 'OPEG', 'HPEL', 'PTLE', 'CBRX', 'SUNE', 'CBRG', 'JZ', 'SNDC', 'NDRA', 'CIFG']
14:32:40  universe: 89 from IBKR scanner + 57 extra from Alpaca
14:32:42  Wrote 76 gappers (76 kept): ['VRAX', 'RYOJ', 'RPGL', 'AEHG', 'ZSQR', 'SNWV', 'RNAZ', 'CNTB', 'LITU', 'FXHO', 'OPEG', 'HPEL', 'PTLE', 'CBRX', 'SUNE', 'CBRG', 'JZ', 'LHSW', 'SNDC', 'NDRA']
14:33:29  universe: 89 from IBKR scanner + 57 extra from Alpaca
14:33:32  Wrote 76 gappers (76 kept): ['VRAX', 'RYOJ', 'RPGL', 'AEHG', 'ZSQR', 'SNWV', 'RNAZ', 'CNTB', 'LITU', 'FXHO', 'OPEG', 'HPEL', 'PTLE', 'CBRX', 'SUNE', 'CBRG', 'JZ', 'SNDC', 'LHSW', 'NDRA']
14:34:19  universe: 89 from IBKR scanner + 57 extra from Alpaca
14:34:21  Wrote 76 gappers (76 kept): ['VRAX', 'RYOJ', 'RPGL', 'AEHG', 'ZSQR', 'SNWV', 'RNAZ', 'CNTB', 'LITU', 'FXHO', 'OPEG', 'HPEL', 'PTLE', 'CBRX', 'SUNE', 'CBRG', 'JZ', 'SNDC', 'NDRA', 'CIFG']
14:35:08  universe: 89 from IBKR scanner + 57 extra from Alpaca
14:35:11  Wrote 76 gappers (76 kept): ['VRAX', 'RYOJ', 'RPGL', 'AEHG', 'ZSQR', 'SNWV', 'RNAZ', 'CNTB', 'LITU', 'FXHO', 'OPEG', 'HPEL', 'PTLE', 'SUNE', 'CBRX', 'CBRG', 'JZ', 'SNDC', 'NDRA', 'CIFG']
14:35:58  universe: 88 from IBKR scanner + 57 extra from Alpaca
14:36:00  Wrote 76 gappers (76 kept): ['VRAX', 'RYOJ', 'RPGL', 'AEHG', 'ZSQR', 'SNWV', 'RNAZ', 'CNTB', 'LITU', 'FXHO', 'OPEG', 'HPEL', 'PTLE', 'CBRX', 'CBRG', 'SUNE', 'JZ', 'SNDC', 'NDRA', 'CIFG']
14:36:47  universe: 89 from IBKR scanner + 56 extra from Alpaca
14:36:50  Wrote 76 gappers (76 kept): ['VRAX', 'RYOJ', 'RPGL', 'AEHG', 'ZSQR', 'SNWV', 'RNAZ', 'CNTB', 'LITU', 'FXHO', 'OPEG', 'HPEL', 'PTLE', 'CBRX', 'CBRG', 'SUNE', 'JZ', 'SNDC', 'NDRA', 'CIFG']
14:37:37  universe: 89 from IBKR scanner + 56 extra from Alpaca
14:37:39  Wrote 76 gappers (76 kept): ['VRAX', 'RYOJ', 'RPGL', 'RNAZ', 'AEHG', 'SNWV', 'CNTB', 'ZSQR', 'LITU', 'FXHO', 'OPEG', 'HPEL', 'PTLE', 'CBRX', 'CBRG', 'SUNE', 'SNDC', 'JZ', 'NDRA', 'CIFG']
14:38:26  universe: 89 from IBKR scanner + 57 extra from Alpaca
14:38:28  Wrote 77 gappers (77 kept): ['VRAX', 'RYOJ', 'RPGL', 'RNAZ', 'AEHG', 'SNWV', 'CNTB', 'ZSQR', 'LITU', 'FXHO', 'OPEG', 'HPEL', 'PTLE', 'CBRX', 'CBRG', 'SUNE', 'SNDC', 'JZ', 'NDRA', 'CIFG']
14:39:15  universe: 89 from IBKR scanner + 57 extra from Alpaca
14:39:18  Wrote 77 gappers (77 kept): ['VRAX', 'RYOJ', 'RPGL', 'RNAZ', 'AEHG', 'FXHO', 'SNWV', 'CNTB', 'ZSQR', 'LITU', 'OPEG', 'HPEL', 'PTLE', 'CBRX', 'CBRG', 'SUNE', 'SNDC', 'JZ', 'NDRA', 'CIFG']
14:40:04  universe: 89 from IBKR scanner + 57 extra from Alpaca
14:40:07  Wrote 77 gappers (77 kept): ['VRAX', 'RYOJ', 'RPGL', 'RNAZ', 'AEHG', 'FXHO', 'SNWV', 'CNTB', 'ZSQR', 'LITU', 'OPEG', 'HPEL', 'PTLE', 'CBRX', 'CBRG', 'SUNE', 'SNDC', 'JZ', 'NDRA', 'CIFG']
14:40:54  universe: 89 from IBKR scanner + 57 extra from Alpaca
14:40:56  Wrote 77 gappers (77 kept): ['VRAX', 'RYOJ', 'RPGL', 'RNAZ', 'AEHG', 'FXHO', 'ZSQR', 'SNWV', 'CNTB', 'LITU', 'OPEG', 'HPEL', 'PTLE', 'CBRX', 'CBRG', 'SUNE', 'SNDC', 'JZ', 'LABT', 'NDRA']
14:41:43  universe: 89 from IBKR scanner + 57 extra from Alpaca
14:41:46  Wrote 77 gappers (77 kept): ['VRAX', 'RYOJ', 'FXHO', 'RPGL', 'RNAZ', 'AEHG', 'ZSQR', 'SNWV', 'CNTB', 'LITU', 'OPEG', 'HPEL', 'PTLE', 'CBRX', 'CBRG', 'SUNE', 'SNDC', 'JZ', 'LABT', 'NDRA']
14:42:33  universe: 89 from IBKR scanner + 57 extra from Alpaca
14:42:35  Wrote 77 gappers (77 kept): ['VRAX', 'RYOJ', 'FXHO', 'RPGL', 'RNAZ', 'AEHG', 'ZSQR', 'SNWV', 'CNTB', 'LITU', 'OPEG', 'HPEL', 'PTLE', 'CBRX', 'CBRG', 'SUNE', 'SNDC', 'JZ', 'LABT', 'NDRA']
14:43:22  universe: 89 from IBKR scanner + 57 extra from Alpaca
14:43:24  Wrote 77 gappers (77 kept): ['VRAX', 'RYOJ', 'FXHO', 'RPGL', 'RNAZ', 'AEHG', 'ZSQR', 'SNWV', 'CNTB', 'LITU', 'OPEG', 'HPEL', 'PTLE', 'CBRX', 'CBRG', 'SUNE', 'SNDC', 'JZ', 'LABT', 'NDRA']
14:44:11  universe: 89 from IBKR scanner + 57 extra from Alpaca
14:44:13  Wrote 77 gappers (77 kept): ['VRAX', 'RYOJ', 'FXHO', 'RPGL', 'RNAZ', 'AEHG', 'ZSQR', 'SNWV', 'CNTB', 'LITU', 'OPEG', 'HPEL', 'PTLE', 'CBRX', 'CBRG', 'SUNE', 'SNDC', 'JZ', 'LABT', 'NDRA']
14:45:00  universe: 89 from IBKR scanner + 57 extra from Alpaca
14:45:03  Wrote 77 gappers (77 kept): ['VRAX', 'RYOJ', 'FXHO', 'RPGL', 'RNAZ', 'AEHG', 'LITU', 'ZSQR', 'SNWV', 'CNTB', 'OPEG', 'HPEL', 'PTLE', 'CBRX', 'CBRG', 'SUNE', 'SNDC', 'JZ', 'LABT', 'NDRA']
14:45:49  universe: 89 from IBKR scanner + 57 extra from Alpaca
14:45:52  Wrote 77 gappers (77 kept): ['VRAX', 'RYOJ', 'FXHO', 'RPGL', 'RNAZ', 'AEHG', 'LITU', 'ZSQR', 'SNWV', 'CNTB', 'OPEG', 'HPEL', 'PTLE', 'CBRX', 'CBRG', 'SUNE', 'SNDC', 'JZ', 'LABT', 'NDRA']
14:46:39  universe: 89 from IBKR scanner + 57 extra from Alpaca
14:46:41  Wrote 77 gappers (77 kept): ['VRAX', 'RYOJ', 'FXHO', 'RPGL', 'RNAZ', 'AEHG', 'LITU', 'ZSQR', 'SNWV', 'CNTB', 'OPEG', 'HPEL', 'PTLE', 'CBRX', 'CBRG', 'SUNE', 'SNDC', 'JZ', 'LABT', 'NDRA']
14:47:28  universe: 89 from IBKR scanner + 57 extra from Alpaca
14:47:31  Wrote 77 gappers (77 kept): ['VRAX', 'RYOJ', 'FXHO', 'RPGL', 'RNAZ', 'AEHG', 'LITU', 'ZSQR', 'SNWV', 'OPEG', 'HPEL', 'PTLE', 'CBRX', 'CBRG', 'CNTB', 'SUNE', 'SNDC', 'JZ', 'LABT', 'NDRA']
14:48:17  universe: 89 from IBKR scanner + 57 extra from Alpaca
14:48:20  Wrote 77 gappers (77 kept): ['VRAX', 'RYOJ', 'FXHO', 'RPGL', 'RNAZ', 'AEHG', 'LITU', 'ZSQR', 'SNWV', 'OPEG', 'HPEL', 'SUNE', 'PTLE', 'CBRX', 'CBRG', 'CNTB', 'SNDC', 'JZ', 'NDRA', 'CIFG']
14:49:06  universe: 89 from IBKR scanner + 57 extra from Alpaca
14:49:09  Wrote 77 gappers (77 kept): ['VRAX', 'RYOJ', 'FXHO', 'RPGL', 'RNAZ', 'AEHG', 'LITU', 'ZSQR', 'SNWV', 'OPEG', 'HPEL', 'SUNE', 'PTLE', 'CBRG', 'CBRX', 'CNTB', 'NDRA', 'SNDC', 'JZ', 'CIFG']
14:49:56  universe: 89 from IBKR scanner + 57 extra from Alpaca
14:49:58  Wrote 77 gappers (77 kept): ['VRAX', 'RYOJ', 'FXHO', 'RPGL', 'RNAZ', 'AEHG', 'LITU', 'ZSQR', 'SNWV', 'OPEG', 'HPEL', 'SUNE', 'PTLE', 'CBRG', 'CNTB', 'CBRX', 'NDRA', 'SNDC', 'JZ', 'SNDG']
14:50:45  universe: 89 from IBKR scanner + 57 extra from Alpaca
14:50:48  Wrote 77 gappers (77 kept): ['VRAX', 'RYOJ', 'FXHO', 'RPGL', 'RNAZ', 'AEHG', 'LITU', 'ZSQR', 'SNWV', 'OPEG', 'HPEL', 'PTLE', 'SUNE', 'CBRG', 'CNTB', 'CBRX', 'NDRA', 'SNDC', 'JZ', 'SNDG']
14:51:35  universe: 89 from IBKR scanner + 57 extra from Alpaca
14:51:37  Wrote 77 gappers (77 kept): ['VRAX', 'RYOJ', 'RPGL', 'RNAZ', 'FXHO', 'AEHG', 'LITU', 'ZSQR', 'SNWV', 'OPEG', 'HPEL', 'PTLE', 'CBRG', 'CNTB', 'CBRX', 'SUNE', 'NDRA', 'SNDC', 'JZ', 'SNDG']
14:52:24  universe: 89 from IBKR scanner + 57 extra from Alpaca
14:52:27  Wrote 77 gappers (77 kept): ['VRAX', 'RYOJ', 'RPGL', 'RNAZ', 'FXHO', 'AEHG', 'LITU', 'ZSQR', 'SNWV', 'OPEG', 'HPEL', 'PTLE', 'CBRG', 'CNTB', 'CBRX', 'SUNE', 'NDRA', 'SNDC', 'JZ', 'SNDG']
14:53:13  universe: 89 from IBKR scanner + 57 extra from Alpaca
14:53:15  Wrote 77 gappers (77 kept): ['VRAX', 'RYOJ', 'RPGL', 'RNAZ', 'FXHO', 'AEHG', 'LITU', 'ZSQR', 'SNWV', 'OPEG', 'HPEL', 'PTLE', 'CBRG', 'CNTB', 'CBRX', 'SUNE', 'NDRA', 'SNDC', 'JZ', 'SNDG']
14:54:02  universe: 89 from IBKR scanner + 57 extra from Alpaca
14:54:04  Wrote 77 gappers (77 kept): ['VRAX', 'RYOJ', 'RPGL', 'RNAZ', 'FXHO', 'AEHG', 'LITU', 'ZSQR', 'SNWV', 'OPEG', 'HPEL', 'PTLE', 'CBRG', 'CNTB', 'CBRX', 'SUNE', 'NDRA', 'SNDC', 'JZ', 'CIFG']
14:54:51  universe: 89 from IBKR scanner + 57 extra from Alpaca
14:54:54  Wrote 77 gappers (77 kept): ['VRAX', 'RYOJ', 'RPGL', 'RNAZ', 'FXHO', 'AEHG', 'LITU', 'ZSQR', 'SNWV', 'OPEG', 'HPEL', 'PTLE', 'CBRG', 'SUNE', 'CNTB', 'CBRX', 'NDRA', 'SNDC', 'JZ', 'CIFG']
14:55:40  universe: 89 from IBKR scanner + 57 extra from Alpaca
14:55:43  Wrote 77 gappers (77 kept): ['VRAX', 'RYOJ', 'RPGL', 'RNAZ', 'FXHO', 'AEHG', 'LITU', 'ZSQR', 'SNWV', 'OPEG', 'HPEL', 'PTLE', 'CBRG', 'SUNE', 'CNTB', 'CBRX', 'NDRA', 'SNDC', 'JZ', 'CIFG']
14:56:29  universe: 89 from IBKR scanner + 56 extra from Alpaca
14:56:32  Wrote 77 gappers (77 kept): ['VRAX', 'RYOJ', 'RPGL', 'RNAZ', 'FXHO', 'AEHG', 'LITU', 'ZSQR', 'SNWV', 'OPEG', 'HPEL', 'PTLE', 'CBRG', 'SUNE', 'CNTB', 'CBRX', 'NDRA', 'UBXG', 'SNDC', 'JZ']
14:57:18  universe: 89 from IBKR scanner + 56 extra from Alpaca
14:57:21  Wrote 77 gappers (77 kept): ['VRAX', 'RYOJ', 'RPGL', 'RNAZ', 'FXHO', 'AEHG', 'LITU', 'ZSQR', 'SNWV', 'OPEG', 'HPEL', 'SUNE', 'PTLE', 'CNTB', 'CBRG', 'CBRX', 'NDRA', 'SNDC', 'UBXG', 'JZ']
14:58:07  universe: 89 from IBKR scanner + 56 extra from Alpaca
14:58:10  Wrote 77 gappers (77 kept): ['VRAX', 'RYOJ', 'RPGL', 'RNAZ', 'FXHO', 'AEHG', 'LITU', 'ZSQR', 'SNWV', 'OPEG', 'HPEL', 'SUNE', 'PTLE', 'CNTB', 'CBRX', 'CBRG', 'NDRA', 'SNDC', 'UBXG', 'SNDG']
14:58:56  universe: 89 from IBKR scanner + 56 extra from Alpaca
14:58:59  Wrote 77 gappers (77 kept): ['VRAX', 'RYOJ', 'RPGL', 'RNAZ', 'FXHO', 'AEHG', 'LITU', 'ZSQR', 'SNWV', 'OPEG', 'HPEL', 'SUNE', 'PTLE', 'CNTB', 'CBRX', 'CBRG', 'NDRA', 'SNDC', 'UBXG', 'JZ']
14:59:46  universe: 89 from IBKR scanner + 57 extra from Alpaca
14:59:48  Wrote 77 gappers (77 kept): ['VRAX', 'RYOJ', 'RPGL', 'RNAZ', 'FXHO', 'AEHG', 'LITU', 'ZSQR', 'SNWV', 'HPEL', 'SUNE', 'OPEG', 'PTLE', 'CBRG', 'CNTB', 'CBRX', 'NDRA', 'SNDC', 'UBXG', 'JZ']
15:00:35  universe: 89 from IBKR scanner + 56 extra from Alpaca
15:00:38  Wrote 77 gappers (77 kept): ['VRAX', 'RYOJ', 'RPGL', 'RNAZ', 'FXHO', 'AEHG', 'LITU', 'ZSQR', 'SNWV', 'HPEL', 'OPEG', 'PTLE', 'SUNE', 'CBRG', 'CNTB', 'CBRX', 'NDRA', 'SNDC', 'UBXG', 'JZ']
15:01:25  universe: 89 from IBKR scanner + 56 extra from Alpaca
15:01:28  Wrote 77 gappers (77 kept): ['VRAX', 'RYOJ', 'RPGL', 'RNAZ', 'FXHO', 'AEHG', 'LITU', 'ZSQR', 'SNWV', 'HPEL', 'OPEG', 'SUNE', 'PTLE', 'CBRX', 'CBRG', 'CNTB', 'NDRA', 'SNDC', 'UBXG', 'JZ']
15:02:14  universe: 89 from IBKR scanner + 56 extra from Alpaca
15:02:17  Wrote 77 gappers (77 kept): ['VRAX', 'RYOJ', 'RPGL', 'RNAZ', 'FXHO', 'AEHG', 'LITU', 'ZSQR', 'SNWV', 'HPEL', 'SUNE', 'OPEG', 'PTLE', 'CBRX', 'CBRG', 'CNTB', 'NDRA', 'SNDC', 'UBXG', 'JZ']
15:03:04  universe: 89 from IBKR scanner + 56 extra from Alpaca
15:03:06  Wrote 78 gappers (78 kept): ['VRAX', 'RYOJ', 'RPGL', 'RNAZ', 'FXHO', 'AEHG', 'LITU', 'ZSQR', 'SNWV', 'HPEL', 'SUNE', 'OPEG', 'PTLE', 'CBRX', 'CBRG', 'CNTB', 'NDRA', 'SNDC', 'UBXG', 'JZ']
15:03:53  universe: 89 from IBKR scanner + 56 extra from Alpaca
15:03:56  Wrote 78 gappers (78 kept): ['VRAX', 'RYOJ', 'RPGL', 'RNAZ', 'FXHO', 'AEHG', 'LITU', 'ZSQR', 'SNWV', 'SUNE', 'HPEL', 'OPEG', 'PTLE', 'CBRX', 'CNTB', 'CBRG', 'NDRA', 'SNDC', 'UBXG', 'JZ']
15:04:43  universe: 89 from IBKR scanner + 56 extra from Alpaca
15:04:45  Wrote 78 gappers (78 kept): ['VRAX', 'RYOJ', 'RPGL', 'RNAZ', 'FXHO', 'AEHG', 'LITU', 'ZSQR', 'SNWV', 'SUNE', 'HPEL', 'OPEG', 'PTLE', 'CBRX', 'CNTB', 'CBRG', 'NDRA', 'SNDC', 'UBXG', 'JZ']
15:05:32  universe: 89 from IBKR scanner + 56 extra from Alpaca
15:05:35  Wrote 78 gappers (78 kept): ['VRAX', 'RYOJ', 'RPGL', 'RNAZ', 'FXHO', 'AEHG', 'LITU', 'ZSQR', 'SNWV', 'SUNE', 'HPEL', 'OPEG', 'PTLE', 'CBRX', 'CNTB', 'CBRG', 'NDRA', 'SNDC', 'SNDG', 'UBXG']
15:06:22  universe: 89 from IBKR scanner + 56 extra from Alpaca
15:06:24  Wrote 78 gappers (78 kept): ['VRAX', 'RYOJ', 'RPGL', 'RNAZ', 'FXHO', 'AEHG', 'LITU', 'ZSQR', 'SNWV', 'HPEL', 'SUNE', 'OPEG', 'PTLE', 'CBRX', 'CNTB', 'CBRG', 'NDRA', 'SNDC', 'SNDG', 'UBXG']
15:07:11  universe: 89 from IBKR scanner + 56 extra from Alpaca
15:07:14  Wrote 78 gappers (78 kept): ['VRAX', 'RYOJ', 'RPGL', 'RNAZ', 'FXHO', 'AEHG', 'LITU', 'ZSQR', 'SNWV', 'SUNE', 'HPEL', 'OPEG', 'PTLE', 'CBRX', 'CNTB', 'CBRG', 'NDRA', 'SNDC', 'SNDG', 'UBXG']
15:08:00  universe: 89 from IBKR scanner + 56 extra from Alpaca
15:08:04  Wrote 78 gappers (78 kept): ['VRAX', 'RYOJ', 'RPGL', 'RNAZ', 'FXHO', 'AEHG', 'LITU', 'ZSQR', 'SNWV', 'HPEL', 'SUNE', 'OPEG', 'PTLE', 'CBRX', 'CNTB', 'CBRG', 'NDRA', 'SNDG', 'SNDC', 'UBXG']
15:08:50  universe: 89 from IBKR scanner + 56 extra from Alpaca
15:08:53  Wrote 78 gappers (78 kept): ['VRAX', 'RYOJ', 'RPGL', 'AEHG', 'RNAZ', 'FXHO', 'LITU', 'ZSQR', 'SNWV', 'HPEL', 'SUNE', 'OPEG', 'PTLE', 'CBRX', 'CNTB', 'CBRG', 'NDRA', 'SNDG', 'SNDC', 'UBXG']
15:09:40  universe: 89 from IBKR scanner + 56 extra from Alpaca
15:09:44  Wrote 78 gappers (78 kept): ['VRAX', 'RYOJ', 'RPGL', 'AEHG', 'RNAZ', 'FXHO', 'LITU', 'ZSQR', 'SNWV', 'HPEL', 'SUNE', 'OPEG', 'PTLE', 'CBRX', 'CNTB', 'CBRG', 'NDRA', 'SNDG', 'SNDC', 'UBXG']
15:10:30  universe: 89 from IBKR scanner + 56 extra from Alpaca
15:10:34  Wrote 77 gappers (77 kept): ['VRAX', 'RYOJ', 'RPGL', 'AEHG', 'RNAZ', 'FXHO', 'LITU', 'ZSQR', 'SNWV', 'HPEL', 'SUNE', 'OPEG', 'PTLE', 'CNTB', 'CBRG', 'CBRX', 'NDRA', 'SNDG', 'SNDC', 'UBXG']
15:11:20  universe: 88 from IBKR scanner + 56 extra from Alpaca
15:11:23  Wrote 78 gappers (78 kept): ['JLHL', 'VRAX', 'RYOJ', 'RPGL', 'AEHG', 'RNAZ', 'FXHO', 'LITU', 'ZSQR', 'SNWV', 'HPEL', 'SUNE', 'OPEG', 'PTLE', 'CNTB', 'CBRG', 'CBRX', 'NDRA', 'SNDG', 'SNDC']
15:12:10  universe: 88 from IBKR scanner + 56 extra from Alpaca
15:12:13  Wrote 78 gappers (78 kept): ['JLHL', 'VRAX', 'RYOJ', 'RPGL', 'AEHG', 'RNAZ', 'FXHO', 'LITU', 'ZSQR', 'SNWV', 'HPEL', 'SUNE', 'OPEG', 'PTLE', 'CNTB', 'CBRG', 'CBRX', 'SNDG', 'NDRA', 'SNDC']
15:13:00  universe: 88 from IBKR scanner + 56 extra from Alpaca
15:13:03  Wrote 78 gappers (78 kept): ['JLHL', 'VRAX', 'RYOJ', 'RPGL', 'AEHG', 'RNAZ', 'FXHO', 'LITU', 'ZSQR', 'SNWV', 'HPEL', 'SUNE', 'OPEG', 'UBXG', 'PTLE', 'CNTB', 'CBRG', 'CBRX', 'SNDG', 'NDRA']
15:13:50  universe: 89 from IBKR scanner + 56 extra from Alpaca
15:13:53  Wrote 78 gappers (78 kept): ['JLHL', 'VRAX', 'RYOJ', 'RPGL', 'AEHG', 'RNAZ', 'FXHO', 'LITU', 'ZSQR', 'SNWV', 'HPEL', 'OPEG', 'UBXG', 'PTLE', 'CNTB', 'CBRG', 'CBRX', 'SUNE', 'SNDG', 'NDRA']
15:14:39  universe: 89 from IBKR scanner + 56 extra from Alpaca
15:14:42  Wrote 78 gappers (78 kept): ['JLHL', 'VRAX', 'RYOJ', 'RPGL', 'AEHG', 'RNAZ', 'FXHO', 'LITU', 'ZSQR', 'SNWV', 'HPEL', 'OPEG', 'UBXG', 'PTLE', 'CNTB', 'CBRG', 'CBRX', 'SUNE', 'SNDG', 'NDRA']
15:15:29  universe: 89 from IBKR scanner + 56 extra from Alpaca
15:15:32  Wrote 78 gappers (78 kept): ['JLHL', 'VRAX', 'RYOJ', 'RPGL', 'AEHG', 'RNAZ', 'FXHO', 'LITU', 'ZSQR', 'SNWV', 'HPEL', 'OPEG', 'UBXG', 'PTLE', 'CNTB', 'CBRG', 'CBRX', 'SUNE', 'SNDG', 'NDRA']
15:16:19  universe: 89 from IBKR scanner + 56 extra from Alpaca
15:16:22  Wrote 78 gappers (78 kept): ['JLHL', 'VRAX', 'RYOJ', 'RPGL', 'AEHG', 'RNAZ', 'FXHO', 'LITU', 'SNWV', 'HPEL', 'OPEG', 'UBXG', 'PTLE', 'CNTB', 'CBRG', 'ZSQR', 'CBRX', 'SNDG', 'SUNE', 'NDRA']
15:17:08  universe: 89 from IBKR scanner + 56 extra from Alpaca
15:17:11  Wrote 78 gappers (78 kept): ['JLHL', 'VRAX', 'RYOJ', 'RPGL', 'AEHG', 'RNAZ', 'FXHO', 'LITU', 'SNWV', 'ZSQR', 'HPEL', 'OPEG', 'UBXG', 'PTLE', 'CNTB', 'CBRG', 'CBRX', 'SNDG', 'SUNE', 'NDRA']
15:17:57  universe: 89 from IBKR scanner + 56 extra from Alpaca
15:18:00  Wrote 78 gappers (78 kept): ['JLHL', 'VRAX', 'RYOJ', 'RPGL', 'AEHG', 'RNAZ', 'FXHO', 'LITU', 'SNWV', 'HPEL', 'OPEG', 'UBXG', 'PTLE', 'CNTB', 'CBRG', 'CBRX', 'SUNE', 'SNDG', 'NDRA', 'JZ']
15:18:47  universe: 89 from IBKR scanner + 56 extra from Alpaca
15:18:49  Wrote 78 gappers (78 kept): ['JLHL', 'VRAX', 'RYOJ', 'RPGL', 'AEHG', 'RNAZ', 'FXHO', 'LITU', 'SNWV', 'HPEL', 'OPEG', 'UBXG', 'PTLE', 'SUNE', 'CNTB', 'CBRG', 'CBRX', 'NDRA', 'JZ', 'SNDC']
15:19:36  universe: 89 from IBKR scanner + 56 extra from Alpaca
15:19:38  Wrote 78 gappers (78 kept): ['JLHL', 'VRAX', 'RYOJ', 'RPGL', 'AEHG', 'RNAZ', 'FXHO', 'LITU', 'SNWV', 'HPEL', 'SUNE', 'OPEG', 'UBXG', 'PTLE', 'CNTB', 'CBRG', 'CBRX', 'NDRA', 'JZ', 'SNDC']
15:20:25  universe: 89 from IBKR scanner + 56 extra from Alpaca
15:20:28  Wrote 78 gappers (78 kept): ['JLHL', 'VRAX', 'RYOJ', 'RPGL', 'AEHG', 'RNAZ', 'FXHO', 'LITU', 'SNWV', 'HPEL', 'OPEG', 'SUNE', 'UBXG', 'PTLE', 'CNTB', 'CBRG', 'CBRX', 'NDRA', 'JZ', 'SNDC']
15:21:14  universe: 89 from IBKR scanner + 56 extra from Alpaca
15:21:17  Wrote 78 gappers (78 kept): ['JLHL', 'VRAX', 'RYOJ', 'RPGL', 'AEHG', 'RNAZ', 'FXHO', 'LITU', 'SNWV', 'SUNE', 'HPEL', 'OPEG', 'UBXG', 'PTLE', 'CNTB', 'CBRG', 'CBRX', 'NDRA', 'JZ', 'SNDC']
15:22:04  universe: 88 from IBKR scanner + 56 extra from Alpaca
15:22:07  Wrote 79 gappers (79 kept): ['JLHL', 'VRAX', 'RYOJ', 'RPGL', 'AEHG', 'RNAZ', 'FXHO', 'LITU', 'SNWV', 'HPEL', 'OPEG', 'UBXG', 'PTLE', 'SUNE', 'CNTB', 'CBRG', 'CBRX', 'HCTI', 'NDRA', 'JZ']
15:22:54  universe: 89 from IBKR scanner + 57 extra from Alpaca
15:22:56  Wrote 78 gappers (78 kept): ['VRAX', 'RYOJ', 'RPGL', 'AEHG', 'RNAZ', 'FXHO', 'LITU', 'SNWV', 'HPEL', 'OPEG', 'UBXG', 'PTLE', 'SUNE', 'CNTB', 'CBRG', 'CBRX', 'HCTI', 'NDRA', 'SNDC', 'ZSQR']
15:23:43  universe: 89 from IBKR scanner + 56 extra from Alpaca
15:23:46  Wrote 78 gappers (78 kept): ['JLHL', 'VRAX', 'RYOJ', 'RPGL', 'AEHG', 'RNAZ', 'FXHO', 'LITU', 'SNWV', 'HPEL', 'OPEG', 'UBXG', 'PTLE', 'SUNE', 'CNTB', 'CBRG', 'CBRX', 'NDRA', 'SNDC', 'ZSQR']
15:24:33  universe: 88 from IBKR scanner + 56 extra from Alpaca
15:24:35  Wrote 79 gappers (79 kept): ['JLHL', 'VRAX', 'RYOJ', 'RPGL', 'AEHG', 'RNAZ', 'FXHO', 'LITU', 'SNWV', 'HPEL', 'OPEG', 'UBXG', 'PTLE', 'SUNE', 'CNTB', 'CBRG', 'CBRX', 'HCTI', 'NDRA', 'SNDC']
15:25:22  universe: 88 from IBKR scanner + 56 extra from Alpaca
15:25:25  Wrote 79 gappers (79 kept): ['JLHL', 'VRAX', 'RYOJ', 'RPGL', 'AEHG', 'RNAZ', 'FXHO', 'LITU', 'SNWV', 'HPEL', 'OPEG', 'SUNE', 'HCTI', 'UBXG', 'PTLE', 'CNTB', 'CBRG', 'CBRX', 'NDRA', 'SNDC']
15:26:11  universe: 88 from IBKR scanner + 56 extra from Alpaca
15:26:14  Wrote 79 gappers (79 kept): ['JLHL', 'VRAX', 'RYOJ', 'RPGL', 'AEHG', 'RNAZ', 'FXHO', 'LITU', 'SNWV', 'HPEL', 'OPEG', 'SUNE', 'UBXG', 'HCTI', 'PTLE', 'CNTB', 'CBRG', 'CBRX', 'NDRA', 'SNDC']
15:27:01  universe: 88 from IBKR scanner + 56 extra from Alpaca
15:27:04  Wrote 79 gappers (79 kept): ['JLHL', 'VRAX', 'RYOJ', 'RPGL', 'AEHG', 'RNAZ', 'FXHO', 'LITU', 'SNWV', 'HPEL', 'SUNE', 'OPEG', 'UBXG', 'HCTI', 'PTLE', 'CNTB', 'CBRG', 'CBRX', 'NDRA', 'SNDC']
15:27:51  universe: 89 from IBKR scanner + 56 extra from Alpaca
15:27:53  Wrote 79 gappers (79 kept): ['JLHL', 'VRAX', 'RYOJ', 'RPGL', 'AEHG', 'RNAZ', 'FXHO', 'LITU', 'SNWV', 'HPEL', 'OPEG', 'UBXG', 'PTLE', 'SUNE', 'CNTB', 'CBRG', 'CBRX', 'NDRA', 'SNDC', 'ZSQR']
15:28:40  universe: 89 from IBKR scanner + 56 extra from Alpaca
15:28:42  Wrote 79 gappers (79 kept): ['JLHL', 'VRAX', 'RYOJ', 'RPGL', 'AEHG', 'RNAZ', 'FXHO', 'LITU', 'SNWV', 'HPEL', 'OPEG', 'UBXG', 'PTLE', 'CBRG', 'SUNE', 'CNTB', 'CBRX', 'NDRA', 'SNDC', 'ZSQR']
15:29:29  universe: 89 from IBKR scanner + 56 extra from Alpaca
15:29:31  Wrote 79 gappers (79 kept): ['JLHL', 'VRAX', 'RYOJ', 'RPGL', 'AEHG', 'RNAZ', 'FXHO', 'LITU', 'SNWV', 'HPEL', 'OPEG', 'UBXG', 'PTLE', 'CBRG', 'CNTB', 'CBRX', 'SUNE', 'NDRA', 'SNDC', 'ZSQR']
15:30:18  universe: 89 from IBKR scanner + 56 extra from Alpaca
15:30:21  Wrote 79 gappers (79 kept): ['JLHL', 'VRAX', 'RYOJ', 'RPGL', 'AEHG', 'RNAZ', 'FXHO', 'LITU', 'SNWV', 'HPEL', 'SUNE', 'OPEG', 'UBXG', 'PTLE', 'CBRG', 'CNTB', 'CBRX', 'NDRA', 'SNDC', 'ZSQR']
15:31:08  universe: 89 from IBKR scanner + 56 extra from Alpaca
15:31:10  Wrote 79 gappers (79 kept): ['JLHL', 'VRAX', 'RYOJ', 'RPGL', 'AEHG', 'RNAZ', 'FXHO', 'LITU', 'SNWV', 'HPEL', 'OPEG', 'UBXG', 'PTLE', 'CBRG', 'CNTB', 'CBRX', 'SUNE', 'NDRA', 'SNDC', 'ZSQR']
15:31:57  universe: 89 from IBKR scanner + 56 extra from Alpaca
15:32:00  Wrote 79 gappers (79 kept): ['JLHL', 'VRAX', 'RYOJ', 'RPGL', 'AEHG', 'RNAZ', 'FXHO', 'LITU', 'SNWV', 'HPEL', 'OPEG', 'UBXG', 'PTLE', 'CBRG', 'CNTB', 'SUNE', 'CBRX', 'NDRA', 'SNDC', 'ZSQR']
15:32:46  universe: 89 from IBKR scanner + 56 extra from Alpaca
15:32:49  Wrote 79 gappers (79 kept): ['JLHL', 'VRAX', 'RYOJ', 'RPGL', 'AEHG', 'RNAZ', 'FXHO', 'LITU', 'SNWV', 'HPEL', 'OPEG', 'UBXG', 'PTLE', 'CBRG', 'CNTB', 'SUNE', 'CBRX', 'NDRA', 'SNDC', 'ZSQR']
15:33:36  universe: 89 from IBKR scanner + 56 extra from Alpaca
15:33:38  Wrote 79 gappers (79 kept): ['JLHL', 'VRAX', 'RYOJ', 'RPGL', 'AEHG', 'RNAZ', 'FXHO', 'LITU', 'SNWV', 'HPEL', 'OPEG', 'UBXG', 'PTLE', 'CBRG', 'CNTB', 'SUNE', 'CBRX', 'NDRA', 'SNDC', 'ZSQR']
15:34:25  universe: 89 from IBKR scanner + 56 extra from Alpaca
15:34:27  Wrote 79 gappers (79 kept): ['JLHL', 'VRAX', 'RYOJ', 'RPGL', 'AEHG', 'RNAZ', 'FXHO', 'LITU', 'SNWV', 'HPEL', 'OPEG', 'UBXG', 'PTLE', 'CBRG', 'CNTB', 'CBRX', 'SUNE', 'NDRA', 'SNDC', 'ZSQR']
15:35:14  universe: 89 from IBKR scanner + 56 extra from Alpaca
15:35:16  Wrote 79 gappers (79 kept): ['JLHL', 'VRAX', 'RYOJ', 'RPGL', 'AEHG', 'RNAZ', 'FXHO', 'LITU', 'SNWV', 'HPEL', 'OPEG', 'UBXG', 'PTLE', 'CBRG', 'CNTB', 'CBRX', 'SUNE', 'NDRA', 'SNDC', 'ZSQR']
15:36:03  universe: 89 from IBKR scanner + 56 extra from Alpaca
15:36:06  Wrote 79 gappers (79 kept): ['JLHL', 'VRAX', 'RYOJ', 'RPGL', 'AEHG', 'RNAZ', 'LITU', 'SNWV', 'FXHO', 'HPEL', 'OPEG', 'UBXG', 'PTLE', 'CBRG', 'CNTB', 'CBRX', 'SUNE', 'SNDG', 'NDRA', 'SNDC']
15:36:52  universe: 89 from IBKR scanner + 56 extra from Alpaca
15:36:55  Wrote 79 gappers (79 kept): ['JLHL', 'VRAX', 'RYOJ', 'RPGL', 'AEHG', 'RNAZ', 'SNWV', 'FXHO', 'HPEL', 'OPEG', 'UBXG', 'PTLE', 'CBRG', 'CNTB', 'LITU', 'CBRX', 'SUNE', 'SNDG', 'NDRA', 'SNDC']
15:37:42  universe: 89 from IBKR scanner + 56 extra from Alpaca
15:37:44  Wrote 79 gappers (79 kept): ['JLHL', 'VRAX', 'RYOJ', 'RPGL', 'AEHG', 'RNAZ', 'SNWV', 'FXHO', 'HPEL', 'OPEG', 'UBXG', 'PTLE', 'CBRG', 'CNTB', 'LITU', 'CBRX', 'SUNE', 'SNDG', 'NDRA', 'SNDC']
15:38:31  universe: 89 from IBKR scanner + 56 extra from Alpaca
15:38:34  Wrote 79 gappers (79 kept): ['JLHL', 'VRAX', 'RYOJ', 'RPGL', 'AEHG', 'RNAZ', 'SNWV', 'FXHO', 'HPEL', 'OPEG', 'UBXG', 'PTLE', 'CNTB', 'LITU', 'CBRX', 'CBRG', 'SUNE', 'SNDG', 'NDRA', 'SNDC']
15:39:21  universe: 89 from IBKR scanner + 56 extra from Alpaca
15:39:23  Wrote 79 gappers (79 kept): ['JLHL', 'VRAX', 'RYOJ', 'RPGL', 'AEHG', 'RNAZ', 'SNWV', 'FXHO', 'HPEL', 'OPEG', 'UBXG', 'PTLE', 'CNTB', 'LITU', 'CBRG', 'CBRX', 'SUNE', 'SNDG', 'NDRA', 'SNDC']
15:40:10  universe: 89 from IBKR scanner + 56 extra from Alpaca
15:40:12  Wrote 79 gappers (79 kept): ['JLHL', 'VRAX', 'RYOJ', 'RPGL', 'AEHG', 'RNAZ', 'SNWV', 'FXHO', 'HPEL', 'OPEG', 'UBXG', 'PTLE', 'CNTB', 'LITU', 'CBRG', 'CBRX', 'SUNE', 'SNDG', 'NDRA', 'SNDC']
15:40:59  universe: 89 from IBKR scanner + 56 extra from Alpaca
15:41:02  Wrote 79 gappers (79 kept): ['JLHL', 'VRAX', 'RYOJ', 'RPGL', 'AEHG', 'RNAZ', 'SNWV', 'FXHO', 'HPEL', 'OPEG', 'UBXG', 'PTLE', 'CNTB', 'LITU', 'SUNE', 'CBRG', 'CBRX', 'SNDG', 'NDRA', 'SNDC']
15:41:49  universe: 89 from IBKR scanner + 56 extra from Alpaca
15:41:51  Wrote 79 gappers (79 kept): ['JLHL', 'VRAX', 'RYOJ', 'RPGL', 'RNAZ', 'AEHG', 'SNWV', 'FXHO', 'HPEL', 'OPEG', 'UBXG', 'PTLE', 'CNTB', 'LITU', 'CBRG', 'CBRX', 'SUNE', 'NDRA', 'SNDC', 'ZSQR']
15:42:38  universe: 89 from IBKR scanner + 56 extra from Alpaca
15:42:41  Wrote 79 gappers (79 kept): ['JLHL', 'VRAX', 'RYOJ', 'RPGL', 'RNAZ', 'AEHG', 'SNWV', 'FXHO', 'HPEL', 'OPEG', 'UBXG', 'PTLE', 'CNTB', 'LITU', 'CBRG', 'CBRX', 'SUNE', 'NDRA', 'SNDC', 'ZSQR']
15:43:27  universe: 89 from IBKR scanner + 56 extra from Alpaca
15:43:30  Wrote 79 gappers (79 kept): ['JLHL', 'VRAX', 'RYOJ', 'RPGL', 'RNAZ', 'AEHG', 'SNWV', 'FXHO', 'HPEL', 'OPEG', 'UBXG', 'PTLE', 'CNTB', 'LITU', 'CBRG', 'CBRX', 'SUNE', 'NDRA', 'SNDC', 'ZSQR']
15:44:16  universe: 89 from IBKR scanner + 56 extra from Alpaca
15:44:19  Wrote 79 gappers (79 kept): ['JLHL', 'VRAX', 'RYOJ', 'RPGL', 'RNAZ', 'AEHG', 'SNWV', 'FXHO', 'HPEL', 'OPEG', 'UBXG', 'PTLE', 'CNTB', 'LITU', 'CBRG', 'CBRX', 'SUNE', 'NDRA', 'SNDC', 'ZSQR']
15:45:05  universe: 89 from IBKR scanner + 56 extra from Alpaca
15:45:09  Wrote 79 gappers (79 kept): ['JLHL', 'VRAX', 'RYOJ', 'RPGL', 'RNAZ', 'AEHG', 'SNWV', 'FXHO', 'HPEL', 'OPEG', 'UBXG', 'PTLE', 'CNTB', 'LITU', 'CBRG', 'CBRX', 'SUNE', 'NDRA', 'SNDC', 'ZSQR']
15:45:55  universe: 89 from IBKR scanner + 56 extra from Alpaca
15:45:58  Wrote 79 gappers (79 kept): ['JLHL', 'VRAX', 'RYOJ', 'RPGL', 'RNAZ', 'AEHG', 'SNWV', 'FXHO', 'HPEL', 'OPEG', 'UBXG', 'PTLE', 'CNTB', 'LITU', 'CBRG', 'CBRX', 'SUNE', 'NDRA', 'SNDC', 'ZSQR']
15:46:44  universe: 89 from IBKR scanner + 56 extra from Alpaca
15:46:47  Wrote 79 gappers (79 kept): ['JLHL', 'VRAX', 'RPGL', 'RYOJ', 'RNAZ', 'AEHG', 'SNWV', 'FXHO', 'HPEL', 'OPEG', 'UBXG', 'PTLE', 'CNTB', 'LITU', 'CBRG', 'CBRX', 'SUNE', 'NDRA', 'SNDC', 'ZSQR']
15:47:34  universe: 89 from IBKR scanner + 56 extra from Alpaca
15:47:37  Wrote 79 gappers (79 kept): ['JLHL', 'VRAX', 'RYOJ', 'RPGL', 'RNAZ', 'AEHG', 'SNWV', 'FXHO', 'HPEL', 'OPEG', 'PTLE', 'CNTB', 'LITU', 'CBRG', 'CBRX', 'SUNE', 'NDRA', 'SNDC', 'ZSQR', 'JZ']
15:48:23  universe: 89 from IBKR scanner + 56 extra from Alpaca
15:48:26  Wrote 79 gappers (79 kept): ['JLHL', 'VRAX', 'RPGL', 'RYOJ', 'RNAZ', 'AEHG', 'SNWV', 'FXHO', 'HPEL', 'OPEG', 'PTLE', 'CNTB', 'LITU', 'CBRG', 'CBRX', 'SNDG', 'SUNE', 'NDRA', 'SNDC', 'ZSQR']
15:49:12  universe: 89 from IBKR scanner + 56 extra from Alpaca
15:49:15  Wrote 79 gappers (79 kept): ['JLHL', 'VRAX', 'RPGL', 'RYOJ', 'RNAZ', 'AEHG', 'SNWV', 'FXHO', 'HPEL', 'OPEG', 'PTLE', 'CNTB', 'LITU', 'CBRG', 'CBRX', 'SNDG', 'SUNE', 'NDRA', 'SNDC', 'ZSQR']
15:50:02  universe: 89 from IBKR scanner + 56 extra from Alpaca
15:50:05  Wrote 79 gappers (79 kept): ['JLHL', 'VRAX', 'RPGL', 'RYOJ', 'RNAZ', 'AEHG', 'SNWV', 'FXHO', 'HPEL', 'OPEG', 'PTLE', 'CNTB', 'LITU', 'CBRG', 'CBRX', 'SNDG', 'SUNE', 'NDRA', 'SNDC', 'ZSQR']
15:50:52  universe: 89 from IBKR scanner + 56 extra from Alpaca
15:50:56  Wrote 79 gappers (79 kept): ['JLHL', 'VRAX', 'RPGL', 'RYOJ', 'RNAZ', 'AEHG', 'SNWV', 'FXHO', 'HPEL', 'OPEG', 'PTLE', 'CNTB', 'LITU', 'CBRG', 'CBRX', 'SNDG', 'SUNE', 'NDRA', 'SNDC', 'ZSQR']
15:51:43  universe: 89 from IBKR scanner + 56 extra from Alpaca
15:51:45  Wrote 78 gappers (78 kept): ['VRAX', 'RPGL', 'RYOJ', 'RNAZ', 'AEHG', 'SNWV', 'FXHO', 'HPEL', 'OPEG', 'PTLE', 'CNTB', 'LITU', 'CBRG', 'CBRX', 'SNDG', 'SUNE', 'NDRA', 'SNDC', 'ZSQR', 'JZ']
15:52:32  universe: 89 from IBKR scanner + 56 extra from Alpaca
15:52:34  Wrote 79 gappers (79 kept): ['JLHL', 'VRAX', 'RPGL', 'RYOJ', 'RNAZ', 'AEHG', 'SNWV', 'FXHO', 'HPEL', 'OPEG', 'PTLE', 'SUNE', 'CNTB', 'LITU', 'CBRG', 'CBRX', 'NDRA', 'SNDG', 'SNDC', 'ZSQR']
15:53:21  universe: 89 from IBKR scanner + 56 extra from Alpaca
15:53:24  Wrote 79 gappers (79 kept): ['JLHL', 'VRAX', 'RPGL', 'RYOJ', 'RNAZ', 'AEHG', 'SNWV', 'FXHO', 'HPEL', 'OPEG', 'PTLE', 'CNTB', 'LITU', 'SUNE', 'CBRG', 'CBRX', 'NDRA', 'SNDG', 'SNDC', 'ZSQR']
15:54:10  universe: 89 from IBKR scanner + 56 extra from Alpaca
15:54:12  Wrote 79 gappers (79 kept): ['JLHL', 'VRAX', 'RPGL', 'RYOJ', 'RNAZ', 'AEHG', 'SNWV', 'FXHO', 'HPEL', 'OPEG', 'PTLE', 'CNTB', 'LITU', 'CBRG', 'CBRX', 'SUNE', 'NDRA', 'SNDG', 'SNDC', 'ZSQR']
15:54:59  universe: 89 from IBKR scanner + 56 extra from Alpaca
15:55:02  Wrote 79 gappers (79 kept): ['JLHL', 'VRAX', 'RYOJ', 'RPGL', 'RNAZ', 'AEHG', 'SNWV', 'HPEL', 'OPEG', 'FXHO', 'PTLE', 'CNTB', 'LITU', 'CBRG', 'CBRX', 'SUNE', 'NDRA', 'SNDG', 'SNDC', 'ZSQR']
15:55:49  universe: 89 from IBKR scanner + 56 extra from Alpaca
15:55:51  Wrote 79 gappers (79 kept): ['JLHL', 'VRAX', 'RYOJ', 'RPGL', 'RNAZ', 'AEHG', 'SNWV', 'HPEL', 'OPEG', 'FXHO', 'PTLE', 'SUNE', 'CNTB', 'LITU', 'CBRG', 'CBRX', 'SNDC', 'ZSQR', 'SNDG', 'JZ']
15:56:38  universe: 89 from IBKR scanner + 56 extra from Alpaca
15:56:41  Wrote 79 gappers (79 kept): ['JLHL', 'VRAX', 'RYOJ', 'RPGL', 'RNAZ', 'AEHG', 'SNWV', 'HPEL', 'OPEG', 'FXHO', 'PTLE', 'SUNE', 'CNTB', 'LITU', 'UBXG', 'CBRG', 'CBRX', 'ZSQR', 'SNDC', 'SNDG']
15:57:27  universe: 89 from IBKR scanner + 56 extra from Alpaca
15:57:30  Wrote 79 gappers (79 kept): ['JLHL', 'VRAX', 'RYOJ', 'RPGL', 'RNAZ', 'AEHG', 'SNWV', 'HPEL', 'OPEG', 'FXHO', 'PTLE', 'SUNE', 'CNTB', 'LITU', 'UBXG', 'CBRG', 'CBRX', 'ZSQR', 'SNDC', 'SNDG']
15:58:17  universe: 89 from IBKR scanner + 56 extra from Alpaca
15:58:19  Wrote 79 gappers (79 kept): ['JLHL', 'VRAX', 'RYOJ', 'RPGL', 'RNAZ', 'AEHG', 'SNWV', 'HPEL', 'OPEG', 'FXHO', 'PTLE', 'CNTB', 'LITU', 'UBXG', 'CBRG', 'CBRX', 'ZSQR', 'SUNE', 'SNDC', 'SNDG']
15:59:05  universe: 89 from IBKR scanner + 56 extra from Alpaca
15:59:08  Wrote 79 gappers (79 kept): ['JLHL', 'VRAX', 'RYOJ', 'RPGL', 'RNAZ', 'AEHG', 'SNWV', 'HPEL', 'OPEG', 'FXHO', 'PTLE', 'CNTB', 'LITU', 'UBXG', 'CBRG', 'CBRX', 'ZSQR', 'SUNE', 'SNDC', 'SNDG']
15:59:55  universe: 89 from IBKR scanner + 56 extra from Alpaca
15:59:57  Wrote 79 gappers (79 kept): ['JLHL', 'VRAX', 'RYOJ', 'RPGL', 'AEHG', 'RNAZ', 'SNWV', 'HPEL', 'OPEG', 'FXHO', 'PTLE', 'CNTB', 'LITU', 'UBXG', 'CBRG', 'CBRX', 'ZSQR', 'SUNE', 'SNDG', 'SNDC']
16:00:44  universe: 89 from IBKR scanner + 56 extra from Alpaca
16:00:47  Wrote 79 gappers (79 kept): ['JLHL', 'VRAX', 'RYOJ', 'RPGL', 'AEHG', 'RNAZ', 'SNWV', 'HPEL', 'OPEG', 'FXHO', 'PTLE', 'CNTB', 'LITU', 'UBXG', 'CBRG', 'CBRX', 'ZSQR', 'SUNE', 'SNDG', 'SNDC']
16:01:34  universe: 89 from IBKR scanner + 56 extra from Alpaca
16:01:38  Wrote 79 gappers (79 kept): ['JLHL', 'VRAX', 'RYOJ', 'RPGL', 'AEHG', 'RNAZ', 'SNWV', 'HPEL', 'OPEG', 'FXHO', 'PTLE', 'CNTB', 'LITU', 'UBXG', 'CBRG', 'CBRX', 'SUNE', 'ZSQR', 'SNDG', 'SNDC']
16:02:25  universe: 89 from IBKR scanner + 56 extra from Alpaca
16:02:28  Wrote 79 gappers (79 kept): ['JLHL', 'VRAX', 'RYOJ', 'RPGL', 'AEHG', 'RNAZ', 'SNWV', 'HPEL', 'FXHO', 'OPEG', 'PTLE', 'CNTB', 'LITU', 'UBXG', 'CBRG', 'CBRX', 'SUNE', 'ZSQR', 'SNDG', 'SNDC']
16:03:20  universe: 89 from IBKR scanner + 56 extra from Alpaca
16:03:23  Wrote 79 gappers (79 kept): ['JLHL', 'VRAX', 'RPGL', 'RYOJ', 'AEHG', 'RNAZ', 'SNWV', 'HPEL', 'FXHO', 'OPEG', 'PTLE', 'CNTB', 'LITU', 'UBXG', 'CBRG', 'CBRX', 'ZSQR', 'SUNE', 'SNDG', 'SNDC']
16:04:10  universe: 90 from IBKR scanner + 57 extra from Alpaca
16:04:13  Wrote 78 gappers (78 kept): ['VRAX', 'RPGL', 'RYOJ', 'AEHG', 'RNAZ', 'SNWV', 'HPEL', 'FXHO', 'OPEG', 'PTLE', 'CNTB', 'LITU', 'UBXG', 'CBRG', 'CBRX', 'SUNE', 'ZSQR', 'SNDG', 'SNDC', 'CIFG']
16:05:00  universe: 90 from IBKR scanner + 57 extra from Alpaca
16:05:03  Wrote 78 gappers (78 kept): ['VRAX', 'RPGL', 'RYOJ', 'AEHG', 'RNAZ', 'SNWV', 'HPEL', 'FXHO', 'OPEG', 'PTLE', 'CNTB', 'LITU', 'UBXG', 'CBRG', 'CBRX', 'SUNE', 'ZSQR', 'SNDC', 'SNDG', 'CIFG']
16:05:50  universe: 90 from IBKR scanner + 57 extra from Alpaca
16:05:52  Wrote 78 gappers (78 kept): ['VRAX', 'RPGL', 'RYOJ', 'AEHG', 'RNAZ', 'SNWV', 'HPEL', 'FXHO', 'OPEG', 'PTLE', 'CNTB', 'LITU', 'UBXG', 'CBRG', 'CBRX', 'ZSQR', 'SUNE', 'SNDC', 'SNDG', 'CIFG']
16:06:39  universe: 90 from IBKR scanner + 57 extra from Alpaca
16:06:42  Wrote 79 gappers (79 kept): ['JLHL', 'VRAX', 'RPGL', 'RYOJ', 'AEHG', 'RNAZ', 'SNWV', 'HPEL', 'FXHO', 'OPEG', 'PTLE', 'CNTB', 'LITU', 'UBXG', 'CBRG', 'CBRX', 'SUNE', 'ZSQR', 'SNDC', 'SNDG']
16:07:28  universe: 90 from IBKR scanner + 57 extra from Alpaca
16:07:31  Wrote 78 gappers (78 kept): ['VRAX', 'RPGL', 'RYOJ', 'AEHG', 'RNAZ', 'SNWV', 'HPEL', 'FXHO', 'OPEG', 'PTLE', 'CNTB', 'LITU', 'UBXG', 'CBRG', 'CBRX', 'SUNE', 'ZSQR', 'SNDC', 'SNDG', 'CIFG']
16:08:17  universe: 89 from IBKR scanner + 57 extra from Alpaca
16:08:21  Wrote 78 gappers (78 kept): ['VRAX', 'RPGL', 'RYOJ', 'AEHG', 'RNAZ', 'SNWV', 'HPEL', 'FXHO', 'OPEG', 'PTLE', 'CBRG', 'CNTB', 'LITU', 'UBXG', 'CBRX', 'ZSQR', 'SUNE', 'SNDC', 'SNDG', 'CIFG']
16:09:07  universe: 89 from IBKR scanner + 57 extra from Alpaca
16:09:10  Wrote 79 gappers (79 kept): ['VRAX', 'RPGL', 'RYOJ', 'AEHG', 'RNAZ', 'SNWV', 'HPEL', 'FXHO', 'OPEG', 'PTLE', 'CBRG', 'CNTB', 'LITU', 'HCTI', 'UBXG', 'CBRX', 'ZSQR', 'SUNE', 'SNDC', 'SNDG']
16:09:57  universe: 89 from IBKR scanner + 57 extra from Alpaca
16:10:00  Wrote 79 gappers (79 kept): ['VRAX', 'RPGL', 'RYOJ', 'AEHG', 'RNAZ', 'SNWV', 'HPEL', 'FXHO', 'OPEG', 'HCTI', 'CNTB', 'PTLE', 'CBRG', 'LITU', 'UBXG', 'CBRX', 'ZSQR', 'SUNE', 'SNDC', 'SNDG']
16:10:46  universe: 89 from IBKR scanner + 57 extra from Alpaca
16:10:49  Wrote 79 gappers (79 kept): ['VRAX', 'RPGL', 'RYOJ', 'AEHG', 'RNAZ', 'SNWV', 'HPEL', 'FXHO', 'OPEG', 'CNTB', 'PTLE', 'CBRG', 'LITU', 'HCTI', 'UBXG', 'CBRX', 'ZSQR', 'SUNE', 'SNDC', 'SNDG']
16:11:36  universe: 89 from IBKR scanner + 57 extra from Alpaca
16:11:39  Wrote 79 gappers (79 kept): ['VRAX', 'RPGL', 'RYOJ', 'AEHG', 'RNAZ', 'SNWV', 'HPEL', 'FXHO', 'OPEG', 'CNTB', 'PTLE', 'CBRG', 'LITU', 'HCTI', 'UBXG', 'CBRX', 'ZSQR', 'SUNE', 'SNDC', 'SNDG']
16:12:26  universe: 89 from IBKR scanner + 57 extra from Alpaca
16:12:30  Wrote 79 gappers (79 kept): ['VRAX', 'RPGL', 'RYOJ', 'AEHG', 'RNAZ', 'SNWV', 'HPEL', 'CBRX', 'FXHO', 'OPEG', 'CNTB', 'PTLE', 'LITU', 'HCTI', 'UBXG', 'CBRG', 'ZSQR', 'SNDG', 'SUNE', 'SNDC']
16:13:16  universe: 89 from IBKR scanner + 57 extra from Alpaca
16:13:19  Wrote 79 gappers (79 kept): ['VRAX', 'RPGL', 'RYOJ', 'AEHG', 'RNAZ', 'SNWV', 'HPEL', 'CBRX', 'OPEG', 'CNTB', 'PTLE', 'LITU', 'HCTI', 'FXHO', 'UBXG', 'CBRG', 'SUNE', 'ZSQR', 'SNDG', 'SNDC']
16:14:06  universe: 89 from IBKR scanner + 57 extra from Alpaca
16:14:09  Wrote 79 gappers (79 kept): ['VRAX', 'RPGL', 'RYOJ', 'AEHG', 'RNAZ', 'SNWV', 'HPEL', 'CBRX', 'OPEG', 'CNTB', 'PTLE', 'LITU', 'HCTI', 'FXHO', 'UBXG', 'CBRG', 'ZSQR', 'SNDG', 'SUNE', 'SNDC']
16:14:55  universe: 89 from IBKR scanner + 57 extra from Alpaca
16:14:58  Wrote 79 gappers (79 kept): ['VRAX', 'RYOJ', 'RPGL', 'AEHG', 'RNAZ', 'SNWV', 'HPEL', 'CBRX', 'OPEG', 'CNTB', 'PTLE', 'LITU', 'HCTI', 'FXHO', 'UBXG', 'CBRG', 'ZSQR', 'SNDG', 'SUNE', 'SNDC']
16:15:45  universe: 89 from IBKR scanner + 57 extra from Alpaca
16:15:48  Wrote 79 gappers (79 kept): ['VRAX', 'RYOJ', 'RPGL', 'AEHG', 'RNAZ', 'SNWV', 'HPEL', 'CBRX', 'OPEG', 'CNTB', 'PTLE', 'LITU', 'HCTI', 'FXHO', 'CBRG', 'ZSQR', 'SNDG', 'SUNE', 'SNDC', 'UBXG']
16:16:34  universe: 89 from IBKR scanner + 57 extra from Alpaca
16:16:37  Wrote 79 gappers (79 kept): ['VRAX', 'RYOJ', 'RPGL', 'AEHG', 'RNAZ', 'SNWV', 'HPEL', 'CBRX', 'OPEG', 'CNTB', 'PTLE', 'LITU', 'HCTI', 'FXHO', 'CBRG', 'ZSQR', 'SUNE', 'SNDG', 'SNDC', 'UBXG']
16:17:24  universe: 89 from IBKR scanner + 57 extra from Alpaca
16:17:27  Wrote 79 gappers (79 kept): ['VRAX', 'RYOJ', 'RPGL', 'AEHG', 'RNAZ', 'SNWV', 'HPEL', 'CBRX', 'OPEG', 'CNTB', 'PTLE', 'LITU', 'FXHO', 'CBRG', 'ZSQR', 'SNDG', 'HCTI', 'SUNE', 'SNDC', 'UBXG']
16:18:13  universe: 89 from IBKR scanner + 57 extra from Alpaca
16:18:16  Wrote 79 gappers (79 kept): ['VRAX', 'RYOJ', 'RPGL', 'AEHG', 'RNAZ', 'SNWV', 'HPEL', 'CBRX', 'OPEG', 'CNTB', 'PTLE', 'LITU', 'FXHO', 'CBRG', 'ZSQR', 'SNDG', 'HCTI', 'SUNE', 'SNDC', 'UBXG']
16:19:03  universe: 89 from IBKR scanner + 57 extra from Alpaca
16:19:05  Wrote 79 gappers (79 kept): ['VRAX', 'RYOJ', 'RPGL', 'AEHG', 'RNAZ', 'SNWV', 'HPEL', 'CBRX', 'OPEG', 'CNTB', 'PTLE', 'LITU', 'FXHO', 'CBRG', 'SUNE', 'ZSQR', 'SNDG', 'HCTI', 'SNDC', 'UBXG']
16:19:52  universe: 89 from IBKR scanner + 57 extra from Alpaca
16:19:56  Wrote 79 gappers (79 kept): ['VRAX', 'RYOJ', 'RPGL', 'AEHG', 'RNAZ', 'SNWV', 'HPEL', 'CBRX', 'OPEG', 'CNTB', 'PTLE', 'LITU', 'FXHO', 'CBRG', 'SUNE', 'ZSQR', 'HCTI', 'SNDG', 'SNDC', 'UBXG']
16:20:42  universe: 89 from IBKR scanner + 57 extra from Alpaca
16:20:45  Wrote 79 gappers (79 kept): ['VRAX', 'RYOJ', 'RPGL', 'AEHG', 'RNAZ', 'SNWV', 'HPEL', 'CBRX', 'OPEG', 'CNTB', 'PTLE', 'LITU', 'FXHO', 'CBRG', 'SUNE', 'ZSQR', 'HCTI', 'SNDC', 'SNDG', 'UBXG']
16:21:32  universe: 90 from IBKR scanner + 57 extra from Alpaca
16:21:34  Wrote 78 gappers (78 kept): ['VRAX', 'RYOJ', 'RPGL', 'AEHG', 'RNAZ', 'SNWV', 'HPEL', 'CBRX', 'OPEG', 'CNTB', 'PTLE', 'LITU', 'FXHO', 'CBRG', 'SUNE', 'ZSQR', 'JZ', 'SNDC', 'SNDG', 'UBXG']
16:22:21  universe: 90 from IBKR scanner + 57 extra from Alpaca
16:22:24  Wrote 78 gappers (78 kept): ['VRAX', 'RYOJ', 'RPGL', 'AEHG', 'RNAZ', 'SNWV', 'HPEL', 'CBRX', 'OPEG', 'CNTB', 'PTLE', 'LITU', 'FXHO', 'CBRG', 'SUNE', 'ZSQR', 'JZ', 'SNDC', 'SNDG', 'UBXG']
16:23:10  universe: 90 from IBKR scanner + 57 extra from Alpaca
16:23:13  Wrote 78 gappers (78 kept): ['VRAX', 'RYOJ', 'RPGL', 'AEHG', 'RNAZ', 'SNWV', 'HPEL', 'CBRX', 'OPEG', 'CBRG', 'CNTB', 'PTLE', 'LITU', 'FXHO', 'SUNE', 'ZSQR', 'JZ', 'SNDC', 'SNDG', 'UBXG']
16:23:59  universe: 90 from IBKR scanner + 57 extra from Alpaca
16:24:02  Wrote 78 gappers (78 kept): ['VRAX', 'RYOJ', 'RPGL', 'AEHG', 'RNAZ', 'SNWV', 'HPEL', 'CBRX', 'OPEG', 'CBRG', 'CNTB', 'PTLE', 'LITU', 'FXHO', 'SUNE', 'ZSQR', 'JZ', 'SNDC', 'SNDG', 'UBXG']
16:24:49  universe: 90 from IBKR scanner + 57 extra from Alpaca
16:24:52  Wrote 78 gappers (78 kept): ['VRAX', 'RYOJ', 'RPGL', 'AEHG', 'RNAZ', 'SNWV', 'HPEL', 'CBRX', 'OPEG', 'CBRG', 'CNTB', 'PTLE', 'LITU', 'FXHO', 'SUNE', 'ZSQR', 'JZ', 'SNDC', 'SNDG', 'UBXG']
16:25:38  universe: 90 from IBKR scanner + 57 extra from Alpaca
16:25:41  Wrote 78 gappers (78 kept): ['VRAX', 'RYOJ', 'RPGL', 'AEHG', 'RNAZ', 'SNWV', 'HPEL', 'CBRX', 'OPEG', 'CBRG', 'CNTB', 'PTLE', 'LITU', 'FXHO', 'SUNE', 'ZSQR', 'JZ', 'SNDC', 'SNDG', 'UBXG']
16:26:28  universe: 90 from IBKR scanner + 57 extra from Alpaca
16:26:31  Wrote 78 gappers (78 kept): ['VRAX', 'RYOJ', 'RPGL', 'AEHG', 'RNAZ', 'SNWV', 'HPEL', 'CBRX', 'OPEG', 'CBRG', 'CNTB', 'PTLE', 'LITU', 'FXHO', 'SUNE', 'ZSQR', 'JZ', 'SNDC', 'SNDG', 'UBXG']
16:27:17  universe: 90 from IBKR scanner + 57 extra from Alpaca
16:27:21  Wrote 78 gappers (78 kept): ['VRAX', 'RYOJ', 'RPGL', 'AEHG', 'RNAZ', 'SNWV', 'HPEL', 'CBRX', 'OPEG', 'CBRG', 'CNTB', 'PTLE', 'LITU', 'FXHO', 'SUNE', 'ZSQR', 'JZ', 'SNDC', 'SNDG', 'UBXG']
16:28:07  universe: 90 from IBKR scanner + 57 extra from Alpaca
16:28:10  Wrote 78 gappers (78 kept): ['VRAX', 'RPGL', 'RYOJ', 'AEHG', 'RNAZ', 'SNWV', 'HPEL', 'CBRX', 'CBRG', 'OPEG', 'CNTB', 'PTLE', 'LITU', 'FXHO', 'SUNE', 'ZSQR', 'JZ', 'SNDC', 'SNDG', 'UBXG']
16:28:56  universe: 90 from IBKR scanner + 57 extra from Alpaca
16:28:59  Wrote 78 gappers (78 kept): ['VRAX', 'RPGL', 'RYOJ', 'AEHG', 'RNAZ', 'SNWV', 'HPEL', 'CBRX', 'CBRG', 'OPEG', 'CNTB', 'PTLE', 'LITU', 'FXHO', 'SUNE', 'ZSQR', 'JZ', 'SNDC', 'SNDG', 'UBXG']
16:29:46  universe: 90 from IBKR scanner + 57 extra from Alpaca
16:29:49  Wrote 78 gappers (78 kept): ['VRAX', 'RPGL', 'RYOJ', 'AEHG', 'RNAZ', 'SNWV', 'HPEL', 'CBRX', 'CBRG', 'OPEG', 'CNTB', 'PTLE', 'LITU', 'FXHO', 'SUNE', 'ZSQR', 'JZ', 'SNDC', 'UBXG', 'CIFG']
16:30:36  universe: 90 from IBKR scanner + 57 extra from Alpaca
16:30:39  Wrote 78 gappers (78 kept): ['VRAX', 'RPGL', 'RYOJ', 'RNAZ', 'AEHG', 'SNWV', 'LITU', 'HPEL', 'OPEG', 'CNTB', 'PTLE', 'JZ', 'CBRX', 'FXHO', 'SUNE', 'CBRG', 'ZSQR', 'SNDC', 'SNDG', 'UBXG']
16:31:25  universe: 90 from IBKR scanner + 57 extra from Alpaca
16:31:28  Wrote 78 gappers (78 kept): ['VRAX', 'RPGL', 'RYOJ', 'RNAZ', 'AEHG', 'SNWV', 'LITU', 'HPEL', 'OPEG', 'CNTB', 'PTLE', 'JZ', 'CBRX', 'FXHO', 'SUNE', 'CBRG', 'ZSQR', 'SNDC', 'SNDG', 'UBXG']
16:32:15  universe: 90 from IBKR scanner + 57 extra from Alpaca
16:32:17  Wrote 78 gappers (78 kept): ['VRAX', 'RPGL', 'RYOJ', 'RNAZ', 'AEHG', 'SNWV', 'LITU', 'HPEL', 'OPEG', 'CNTB', 'PTLE', 'JZ', 'CBRX', 'FXHO', 'SUNE', 'CBRG', 'ZSQR', 'SNDC', 'SNDG', 'UBXG']
16:33:04  universe: 90 from IBKR scanner + 57 extra from Alpaca
16:33:07  Wrote 78 gappers (78 kept): ['VRAX', 'RPGL', 'RYOJ', 'RNAZ', 'AEHG', 'SNWV', 'LITU', 'HPEL', 'OPEG', 'CNTB', 'PTLE', 'JZ', 'CBRX', 'FXHO', 'SUNE', 'CBRG', 'ZSQR', 'SNDC', 'SNDG', 'UBXG']
16:33:53  universe: 90 from IBKR scanner + 57 extra from Alpaca
16:33:56  Wrote 78 gappers (78 kept): ['VRAX', 'RPGL', 'RYOJ', 'RNAZ', 'AEHG', 'SNWV', 'LITU', 'JZ', 'HPEL', 'OPEG', 'CBRG', 'CNTB', 'PTLE', 'CBRX', 'FXHO', 'SUNE', 'ZSQR', 'SNDC', 'SNDG', 'UBXG']
16:34:42  universe: 90 from IBKR scanner + 57 extra from Alpaca
16:34:45  Wrote 78 gappers (78 kept): ['VRAX', 'RPGL', 'RYOJ', 'RNAZ', 'AEHG', 'SNWV', 'LITU', 'JZ', 'HPEL', 'OPEG', 'CBRG', 'PTLE', 'CBRX', 'FXHO', 'SUNE', 'CNTB', 'ZSQR', 'SNDC', 'SNDG', 'UBXG']
16:35:32  universe: 90 from IBKR scanner + 57 extra from Alpaca
16:35:35  Wrote 78 gappers (78 kept): ['VRAX', 'RPGL', 'RYOJ', 'RNAZ', 'AEHG', 'SNWV', 'LITU', 'JZ', 'HPEL', 'OPEG', 'CBRG', 'PTLE', 'CBRX', 'FXHO', 'SUNE', 'CNTB', 'ZSQR', 'SNDC', 'SNDG', 'UBXG']
16:36:21  universe: 90 from IBKR scanner + 57 extra from Alpaca
16:36:24  Wrote 79 gappers (79 kept): ['VRAX', 'CGTL', 'RPGL', 'RYOJ', 'RNAZ', 'AEHG', 'SNWV', 'LITU', 'JZ', 'HPEL', 'OPEG', 'CBRG', 'PTLE', 'CBRX', 'FXHO', 'SUNE', 'CNTB', 'ZSQR', 'SNDC', 'SNDG']
16:37:11  universe: 90 from IBKR scanner + 57 extra from Alpaca
16:37:14  Wrote 79 gappers (79 kept): ['VRAX', 'CGTL', 'RPGL', 'RYOJ', 'RNAZ', 'AEHG', 'SNWV', 'LITU', 'JZ', 'HPEL', 'OPEG', 'CBRG', 'PTLE', 'CBRX', 'FXHO', 'SUNE', 'CNTB', 'ZSQR', 'SNDC', 'SNDG']
16:38:01  universe: 90 from IBKR scanner + 57 extra from Alpaca
16:38:03  Wrote 79 gappers (79 kept): ['VRAX', 'CGTL', 'RPGL', 'RYOJ', 'RNAZ', 'AEHG', 'SNWV', 'LITU', 'JZ', 'HPEL', 'OPEG', 'CBRG', 'PTLE', 'CBRX', 'FXHO', 'SUNE', 'CNTB', 'ZSQR', 'SNDC', 'SNDG']
16:38:50  universe: 90 from IBKR scanner + 57 extra from Alpaca
16:38:52  Wrote 79 gappers (79 kept): ['VRAX', 'CGTL', 'RPGL', 'RYOJ', 'RNAZ', 'AEHG', 'SNWV', 'LITU', 'JZ', 'HPEL', 'OPEG', 'CBRG', 'PTLE', 'CBRX', 'FXHO', 'CNTB', 'ZSQR', 'SUNE', 'SNDC', 'SNDG']
16:39:39  universe: 90 from IBKR scanner + 57 extra from Alpaca
16:39:41  Wrote 79 gappers (79 kept): ['VRAX', 'CGTL', 'RPGL', 'RYOJ', 'RNAZ', 'AEHG', 'SNWV', 'LITU', 'JZ', 'HPEL', 'OPEG', 'CBRG', 'PTLE', 'CBRX', 'FXHO', 'CNTB', 'ZSQR', 'SUNE', 'SNDC', 'SNDG']
16:40:28  universe: 90 from IBKR scanner + 57 extra from Alpaca
16:40:31  Wrote 79 gappers (79 kept): ['VRAX', 'CGTL', 'RPGL', 'RYOJ', 'AEHG', 'RNAZ', 'SNWV', 'LITU', 'JZ', 'HPEL', 'OPEG', 'CBRG', 'PTLE', 'CBRX', 'FXHO', 'CNTB', 'ZSQR', 'SUNE', 'SNDC', 'SNDG']
16:41:18  universe: 90 from IBKR scanner + 57 extra from Alpaca
16:41:20  Wrote 79 gappers (79 kept): ['VRAX', 'CGTL', 'RPGL', 'RYOJ', 'AEHG', 'RNAZ', 'JZ', 'SNWV', 'LITU', 'HPEL', 'OPEG', 'CBRG', 'PTLE', 'CBRX', 'FXHO', 'CNTB', 'SUNE', 'ZSQR', 'SNDC', 'SNDG']
16:42:07  universe: 89 from IBKR scanner + 56 extra from Alpaca
16:42:10  Wrote 80 gappers (80 kept): ['JLHL', 'VRAX', 'RPGL', 'RYOJ', 'CGTL', 'AEHG', 'RNAZ', 'JZ', 'SNWV', 'LITU', 'HPEL', 'OPEG', 'CBRG', 'PTLE', 'CBRX', 'FXHO', 'CNTB', 'ZSQR', 'SUNE', 'SNDC']
16:42:56  universe: 90 from IBKR scanner + 57 extra from Alpaca
16:42:59  Wrote 79 gappers (79 kept): ['VRAX', 'RPGL', 'RYOJ', 'AEHG', 'RNAZ', 'JZ', 'SNWV', 'LITU', 'HPEL', 'OPEG', 'CBRG', 'PTLE', 'CBRX', 'FXHO', 'CNTB', 'ZSQR', 'SUNE', 'SNDC', 'SNDG', 'CIFG']
16:43:46  universe: 90 from IBKR scanner + 57 extra from Alpaca
16:43:48  Wrote 79 gappers (79 kept): ['VRAX', 'RPGL', 'RYOJ', 'JZ', 'AEHG', 'RNAZ', 'SNWV', 'LITU', 'CGTL', 'HPEL', 'OPEG', 'CBRG', 'PTLE', 'CBRX', 'FXHO', 'CNTB', 'ZSQR', 'SNDG', 'SNDC', 'SUNE']
16:44:35  universe: 90 from IBKR scanner + 57 extra from Alpaca
16:44:37  Wrote 79 gappers (79 kept): ['VRAX', 'JZ', 'RPGL', 'RYOJ', 'AEHG', 'RNAZ', 'SNWV', 'LITU', 'CGTL', 'HPEL', 'OPEG', 'CBRG', 'PTLE', 'CBRX', 'FXHO', 'CNTB', 'ZSQR', 'SNDG', 'SNDC', 'SUNE']
16:45:24  universe: 90 from IBKR scanner + 57 extra from Alpaca
16:45:27  Wrote 79 gappers (79 kept): ['VRAX', 'JZ', 'CGTL', 'RPGL', 'RYOJ', 'AEHG', 'RNAZ', 'SNWV', 'LITU', 'HPEL', 'OPEG', 'CBRG', 'PTLE', 'CBRX', 'FXHO', 'CNTB', 'ZSQR', 'SNDG', 'SNDC', 'SUNE']
16:46:14  universe: 90 from IBKR scanner + 57 extra from Alpaca
16:46:16  Wrote 79 gappers (79 kept): ['VRAX', 'JZ', 'CGTL', 'RPGL', 'RYOJ', 'AEHG', 'RNAZ', 'SNWV', 'LITU', 'HPEL', 'OPEG', 'CBRG', 'PTLE', 'CBRX', 'FXHO', 'CNTB', 'ZSQR', 'SNDG', 'SNDC', 'SUNE']
16:47:03  universe: 90 from IBKR scanner + 57 extra from Alpaca
16:47:06  Wrote 79 gappers (79 kept): ['VRAX', 'JZ', 'RPGL', 'RYOJ', 'AEHG', 'RNAZ', 'CGTL', 'SNWV', 'HPEL', 'LITU', 'OPEG', 'CBRG', 'PTLE', 'CBRX', 'FXHO', 'CNTB', 'ZSQR', 'SNDG', 'SNDC', 'SUNE']
16:47:53  universe: 90 from IBKR scanner + 57 extra from Alpaca
16:47:55  Wrote 79 gappers (79 kept): ['VRAX', 'JZ', 'RPGL', 'RYOJ', 'CGTL', 'AEHG', 'RNAZ', 'SNWV', 'HPEL', 'LITU', 'OPEG', 'CBRG', 'PTLE', 'CBRX', 'FXHO', 'CNTB', 'ZSQR', 'SNDG', 'SNDC', 'SUNE']
16:48:42  universe: 90 from IBKR scanner + 57 extra from Alpaca
16:48:44  Wrote 79 gappers (79 kept): ['VRAX', 'JZ', 'CGTL', 'RPGL', 'RYOJ', 'AEHG', 'RNAZ', 'SNWV', 'HPEL', 'LITU', 'OPEG', 'CBRG', 'PTLE', 'CBRX', 'FXHO', 'CNTB', 'ZSQR', 'SNDG', 'SNDC', 'SUNE']
16:49:31  universe: 90 from IBKR scanner + 57 extra from Alpaca
16:49:34  Wrote 79 gappers (79 kept): ['VRAX', 'CGTL', 'RPGL', 'RYOJ', 'JZ', 'AEHG', 'RNAZ', 'SNWV', 'HPEL', 'LITU', 'OPEG', 'CBRG', 'PTLE', 'SNDG', 'CBRX', 'FXHO', 'CNTB', 'ZSQR', 'SNDC', 'SUNE']
16:50:20  universe: 90 from IBKR scanner + 57 extra from Alpaca
16:50:23  Wrote 79 gappers (79 kept): ['VRAX', 'RPGL', 'RYOJ', 'CGTL', 'JZ', 'AEHG', 'RNAZ', 'SNWV', 'HPEL', 'LITU', 'OPEG', 'CBRG', 'PTLE', 'SNDG', 'CBRX', 'FXHO', 'CNTB', 'ZSQR', 'SNDC', 'SUNE']
16:51:09  universe: 90 from IBKR scanner + 57 extra from Alpaca
16:51:12  Wrote 79 gappers (79 kept): ['VRAX', 'RPGL', 'RYOJ', 'CGTL', 'AEHG', 'JZ', 'RNAZ', 'SNWV', 'HPEL', 'LITU', 'OPEG', 'CBRG', 'PTLE', 'SNDG', 'CBRX', 'FXHO', 'CNTB', 'ZSQR', 'SNDC', 'SUNE']
16:51:59  universe: 90 from IBKR scanner + 57 extra from Alpaca
16:52:01  Wrote 79 gappers (79 kept): ['VRAX', 'RPGL', 'RYOJ', 'AEHG', 'RNAZ', 'CGTL', 'JZ', 'SNWV', 'HPEL', 'LITU', 'CBRG', 'OPEG', 'PTLE', 'SNDG', 'CBRX', 'FXHO', 'CNTB', 'ZSQR', 'SNDC', 'SUNE']
16:52:48  universe: 90 from IBKR scanner + 57 extra from Alpaca
16:52:50  Wrote 79 gappers (79 kept): ['VRAX', 'RPGL', 'RYOJ', 'AEHG', 'RNAZ', 'JZ', 'SNWV', 'HPEL', 'LITU', 'CBRG', 'OPEG', 'PTLE', 'SNDG', 'CBRX', 'FXHO', 'CNTB', 'ZSQR', 'SNDC', 'CGTL', 'SUNE']
16:53:37  universe: 90 from IBKR scanner + 57 extra from Alpaca
16:53:40  Wrote 79 gappers (79 kept): ['VRAX', 'RYOJ', 'RPGL', 'AEHG', 'RNAZ', 'JZ', 'CGTL', 'SNWV', 'HPEL', 'LITU', 'CBRG', 'OPEG', 'PTLE', 'SNDG', 'CBRX', 'FXHO', 'CNTB', 'ZSQR', 'SNDC', 'SUNE']
16:54:27  universe: 90 from IBKR scanner + 57 extra from Alpaca
16:54:29  Wrote 79 gappers (79 kept): ['VRAX', 'RYOJ', 'RPGL', 'AEHG', 'RNAZ', 'SNWV', 'CGTL', 'HPEL', 'LITU', 'CBRG', 'OPEG', 'PTLE', 'SNDG', 'CBRX', 'FXHO', 'CNTB', 'ZSQR', 'SNDC', 'SUNE', 'JZ']
16:55:16  universe: 90 from IBKR scanner + 57 extra from Alpaca
16:55:19  Wrote 79 gappers (79 kept): ['VRAX', 'RYOJ', 'RPGL', 'AEHG', 'RNAZ', 'CGTL', 'SNWV', 'HPEL', 'LITU', 'CBRG', 'OPEG', 'PTLE', 'SNDG', 'CBRX', 'FXHO', 'CNTB', 'ZSQR', 'SNDC', 'SUNE', 'CIFG']
16:56:06  universe: 90 from IBKR scanner + 57 extra from Alpaca
16:56:08  Wrote 79 gappers (79 kept): ['VRAX', 'RPGL', 'RYOJ', 'AEHG', 'RNAZ', 'SNWV', 'HPEL', 'CGTL', 'LITU', 'CBRG', 'OPEG', 'PTLE', 'SNDG', 'CBRX', 'FXHO', 'CNTB', 'ZSQR', 'SNDC', 'SUNE', 'CIFG']
16:56:55  universe: 90 from IBKR scanner + 57 extra from Alpaca
16:56:57  Wrote 79 gappers (79 kept): ['VRAX', 'RPGL', 'RYOJ', 'AEHG', 'RNAZ', 'CGTL', 'SNWV', 'HPEL', 'LITU', 'CBRG', 'OPEG', 'PTLE', 'CBRX', 'FXHO', 'SNDG', 'CNTB', 'ZSQR', 'SNDC', 'SUNE', 'JZ']
16:57:44  universe: 90 from IBKR scanner + 57 extra from Alpaca
16:57:47  Wrote 79 gappers (79 kept): ['VRAX', 'RPGL', 'RYOJ', 'AEHG', 'RNAZ', 'SNWV', 'HPEL', 'CGTL', 'LITU', 'CBRG', 'OPEG', 'PTLE', 'CBRX', 'FXHO', 'SNDG', 'CNTB', 'ZSQR', 'SNDC', 'JZ', 'SUNE']
16:58:34  universe: 90 from IBKR scanner + 57 extra from Alpaca
16:58:37  Wrote 79 gappers (79 kept): ['VRAX', 'RPGL', 'RYOJ', 'AEHG', 'RNAZ', 'CGTL', 'SNWV', 'HPEL', 'LITU', 'JZ', 'CBRG', 'OPEG', 'PTLE', 'CBRX', 'FXHO', 'SNDG', 'CNTB', 'ZSQR', 'SNDC', 'SUNE']
16:59:23  universe: 90 from IBKR scanner + 57 extra from Alpaca
16:59:26  Wrote 79 gappers (79 kept): ['VRAX', 'RPGL', 'RYOJ', 'AEHG', 'RNAZ', 'CGTL', 'SNWV', 'HPEL', 'LITU', 'CBRG', 'OPEG', 'SNDG', 'PTLE', 'CBRX', 'FXHO', 'JZ', 'CNTB', 'ZSQR', 'SNDC', 'SUNE']
17:00:12  universe: 90 from IBKR scanner + 57 extra from Alpaca
17:00:17  Wrote 80 gappers (80 kept): ['JLHL', 'VRAX', 'RPGL', 'RYOJ', 'CGTL', 'AEHG', 'RNAZ', 'HPEL', 'SNWV', 'LITU', 'CBRG', 'JZ', 'OPEG', 'PTLE', 'CBRX', 'FXHO', 'CNTB', 'SNDG', 'ZSQR', 'SNDC']
17:01:04  universe: 89 from IBKR scanner + 56 extra from Alpaca
17:01:08  Wrote 80 gappers (80 kept): ['JLHL', 'VRAX', 'RPGL', 'RYOJ', 'AEHG', 'RNAZ', 'CGTL', 'HPEL', 'SNWV', 'LITU', 'CBRG', 'OPEG', 'PTLE', 'SNDG', 'CBRX', 'FXHO', 'CNTB', 'ZSQR', 'JZ', 'SNDC']
17:01:55  universe: 89 from IBKR scanner + 56 extra from Alpaca
17:01:57  Wrote 80 gappers (80 kept): ['JLHL', 'VRAX', 'RPGL', 'RYOJ', 'AEHG', 'RNAZ', 'CGTL', 'HPEL', 'SNWV', 'LITU', 'CBRG', 'OPEG', 'PTLE', 'SNDG', 'CBRX', 'FXHO', 'JZ', 'CNTB', 'ZSQR', 'SNDC']
17:02:44  universe: 89 from IBKR scanner + 56 extra from Alpaca
17:02:47  Wrote 80 gappers (80 kept): ['JLHL', 'VRAX', 'RPGL', 'RYOJ', 'AEHG', 'RNAZ', 'CGTL', 'HPEL', 'SNWV', 'LITU', 'CBRG', 'OPEG', 'PTLE', 'SNDG', 'CBRX', 'FXHO', 'CNTB', 'ZSQR', 'SNDC', 'SUNE']
17:03:33  universe: 89 from IBKR scanner + 56 extra from Alpaca
17:03:35  Wrote 80 gappers (80 kept): ['JLHL', 'VRAX', 'RPGL', 'RYOJ', 'AEHG', 'RNAZ', 'CGTL', 'HPEL', 'SNWV', 'LITU', 'CBRG', 'OPEG', 'PTLE', 'SNDG', 'CBRX', 'FXHO', 'CNTB', 'ZSQR', 'SNDC', 'JZ']
17:04:22  universe: 90 from IBKR scanner + 57 extra from Alpaca
17:04:25  Wrote 79 gappers (79 kept): ['VRAX', 'RPGL', 'RYOJ', 'AEHG', 'RNAZ', 'HPEL', 'SNWV', 'LITU', 'CBRG', 'OPEG', 'CGTL', 'PTLE', 'SNDG', 'CBRX', 'FXHO', 'CNTB', 'ZSQR', 'SNDC', 'SUNE', 'AMKL']
17:05:11  universe: 90 from IBKR scanner + 57 extra from Alpaca
17:05:14  Wrote 79 gappers (79 kept): ['VRAX', 'RPGL', 'RYOJ', 'AEHG', 'RNAZ', 'HPEL', 'SNWV', 'LITU', 'CBRG', 'OPEG', 'SNDG', 'PTLE', 'CGTL', 'CBRX', 'FXHO', 'CNTB', 'ZSQR', 'SNDC', 'SUNE', 'AMKL']
17:06:01  universe: 90 from IBKR scanner + 57 extra from Alpaca
17:06:03  Wrote 79 gappers (79 kept): ['VRAX', 'RPGL', 'RYOJ', 'AEHG', 'RNAZ', 'HPEL', 'SNWV', 'LITU', 'CBRG', 'OPEG', 'PTLE', 'SNDG', 'CBRX', 'FXHO', 'CNTB', 'ZSQR', 'SNDC', 'SUNE', 'AMKL', 'UBXG']
17:06:50  universe: 90 from IBKR scanner + 57 extra from Alpaca
17:06:52  Wrote 79 gappers (79 kept): ['VRAX', 'RPGL', 'RYOJ', 'AEHG', 'RNAZ', 'HPEL', 'SNWV', 'LITU', 'CBRG', 'OPEG', 'SNDG', 'PTLE', 'CBRX', 'FXHO', 'CNTB', 'ZSQR', 'SNDC', 'SUNE', 'AMKL', 'UBXG']
17:07:39  universe: 90 from IBKR scanner + 57 extra from Alpaca
17:07:41  Wrote 79 gappers (79 kept): ['VRAX', 'RPGL', 'RYOJ', 'AEHG', 'RNAZ', 'HPEL', 'SNWV', 'LITU', 'CBRG', 'OPEG', 'SNDG', 'PTLE', 'CBRX', 'FXHO', 'CNTB', 'ZSQR', 'SNDC', 'SUNE', 'AMKL', 'UBXG']
17:08:28  universe: 90 from IBKR scanner + 57 extra from Alpaca
17:08:32  Wrote 79 gappers (79 kept): ['VRAX', 'RPGL', 'RYOJ', 'AEHG', 'RNAZ', 'HPEL', 'SNWV', 'LITU', 'CBRG', 'OPEG', 'PTLE', 'SNDG', 'CBRX', 'FXHO', 'CNTB', 'ZSQR', 'SNDC', 'SUNE', 'AMKL', 'UBXG']
17:09:18  universe: 90 from IBKR scanner + 57 extra from Alpaca
17:09:21  Wrote 79 gappers (79 kept): ['VRAX', 'RPGL', 'RYOJ', 'AEHG', 'RNAZ', 'HPEL', 'SNWV', 'LITU', 'CBRG', 'OPEG', 'PTLE', 'SNDG', 'CBRX', 'FXHO', 'CNTB', 'ZSQR', 'SUNE', 'SNDC', 'AMKL', 'UBXG']
17:10:07  universe: 90 from IBKR scanner + 57 extra from Alpaca
17:10:10  Wrote 79 gappers (79 kept): ['VRAX', 'RPGL', 'RYOJ', 'AEHG', 'RNAZ', 'HPEL', 'SNWV', 'LITU', 'CBRG', 'OPEG', 'PTLE', 'SNDG', 'CBRX', 'FXHO', 'CNTB', 'ZSQR', 'SUNE', 'SNDC', 'AMKL', 'UBXG']
17:10:56  universe: 90 from IBKR scanner + 57 extra from Alpaca
17:10:59  Wrote 79 gappers (79 kept): ['VRAX', 'RPGL', 'RYOJ', 'AEHG', 'RNAZ', 'HPEL', 'SNWV', 'LITU', 'CBRG', 'OPEG', 'PTLE', 'SNDG', 'CBRX', 'FXHO', 'CNTB', 'ZSQR', 'SUNE', 'SNDC', 'AMKL', 'UBXG']
17:11:45  universe: 90 from IBKR scanner + 57 extra from Alpaca
17:11:48  Wrote 79 gappers (79 kept): ['VRAX', 'RPGL', 'RYOJ', 'AEHG', 'RNAZ', 'HPEL', 'SNWV', 'LITU', 'CBRG', 'OPEG', 'PTLE', 'SNDG', 'CBRX', 'FXHO', 'CNTB', 'SUNE', 'ZSQR', 'SNDC', 'AMKL', 'UBXG']
17:12:34  universe: 90 from IBKR scanner + 57 extra from Alpaca
17:12:37  Wrote 79 gappers (79 kept): ['VRAX', 'RPGL', 'RYOJ', 'AEHG', 'RNAZ', 'HPEL', 'SNWV', 'LITU', 'CBRG', 'OPEG', 'SNDG', 'PTLE', 'CBRX', 'FXHO', 'CNTB', 'ZSQR', 'SUNE', 'SNDC', 'AMKL', 'UBXG']
17:13:24  universe: 90 from IBKR scanner + 57 extra from Alpaca
17:13:26  Wrote 79 gappers (79 kept): ['VRAX', 'RPGL', 'RYOJ', 'AEHG', 'RNAZ', 'HPEL', 'SNWV', 'LITU', 'CBRG', 'OPEG', 'SNDG', 'PTLE', 'CBRX', 'FXHO', 'CNTB', 'ZSQR', 'SUNE', 'SNDC', 'AMKL', 'UBXG']
17:14:13  universe: 90 from IBKR scanner + 57 extra from Alpaca
17:14:15  Wrote 79 gappers (79 kept): ['VRAX', 'RPGL', 'RYOJ', 'RNAZ', 'AEHG', 'HPEL', 'SNWV', 'LITU', 'CBRG', 'OPEG', 'SNDG', 'PTLE', 'CBRX', 'FXHO', 'CNTB', 'ZSQR', 'SUNE', 'SNDC', 'AMKL', 'UBXG']
17:15:02  universe: 90 from IBKR scanner + 57 extra from Alpaca
17:15:04  Wrote 79 gappers (79 kept): ['VRAX', 'RPGL', 'RYOJ', 'AEHG', 'HPEL', 'SNWV', 'LITU', 'CBRG', 'OPEG', 'SNDG', 'PTLE', 'CBRX', 'FXHO', 'CNTB', 'ZSQR', 'SUNE', 'JZ', 'RNAZ', 'SNDC', 'AMKL']
17:15:51  universe: 90 from IBKR scanner + 57 extra from Alpaca
17:15:54  Wrote 79 gappers (79 kept): ['VRAX', 'RPGL', 'RYOJ', 'AEHG', 'HPEL', 'SNWV', 'LITU', 'CBRG', 'OPEG', 'SNDG', 'PTLE', 'CBRX', 'FXHO', 'CNTB', 'ZSQR', 'SUNE', 'JZ', 'RNAZ', 'SNDC', 'AMKL']
17:16:40  universe: 90 from IBKR scanner + 57 extra from Alpaca
17:16:43  Wrote 79 gappers (79 kept): ['VRAX', 'RPGL', 'RYOJ', 'AEHG', 'HPEL', 'SNWV', 'LITU', 'CBRG', 'OPEG', 'SNDG', 'PTLE', 'CBRX', 'FXHO', 'CNTB', 'SUNE', 'ZSQR', 'RNAZ', 'SNDC', 'JZ', 'AMKL']
17:17:29  universe: 90 from IBKR scanner + 57 extra from Alpaca
17:17:32  Wrote 79 gappers (79 kept): ['VRAX', 'RPGL', 'RYOJ', 'AEHG', 'HPEL', 'SNWV', 'LITU', 'CBRG', 'OPEG', 'SNDG', 'PTLE', 'CBRX', 'FXHO', 'CNTB', 'SUNE', 'ZSQR', 'RNAZ', 'SNDC', 'JZ', 'AMKL']
17:18:19  universe: 90 from IBKR scanner + 57 extra from Alpaca
17:18:21  Wrote 79 gappers (79 kept): ['VRAX', 'RPGL', 'RYOJ', 'AEHG', 'HPEL', 'SNWV', 'LITU', 'CBRG', 'OPEG', 'SNDG', 'PTLE', 'CBRX', 'FXHO', 'CNTB', 'SUNE', 'ZSQR', 'RNAZ', 'SNDC', 'JZ', 'AMKL']
17:19:08  universe: 90 from IBKR scanner + 57 extra from Alpaca
17:19:11  Wrote 79 gappers (79 kept): ['VRAX', 'RPGL', 'RYOJ', 'AEHG', 'HPEL', 'SNWV', 'LITU', 'CBRG', 'OPEG', 'SNDG', 'PTLE', 'CBRX', 'FXHO', 'CNTB', 'SUNE', 'ZSQR', 'RNAZ', 'SNDC', 'JZ', 'AMKL']
17:19:57  universe: 90 from IBKR scanner + 57 extra from Alpaca
17:20:00  Wrote 79 gappers (79 kept): ['VRAX', 'RPGL', 'RYOJ', 'AEHG', 'HPEL', 'SNWV', 'LITU', 'CBRG', 'OPEG', 'SNDG', 'PTLE', 'CBRX', 'FXHO', 'CNTB', 'SUNE', 'ZSQR', 'RNAZ', 'SNDC', 'JZ', 'AMKL']
17:20:47  universe: 90 from IBKR scanner + 57 extra from Alpaca
17:20:49  Wrote 79 gappers (79 kept): ['VRAX', 'RPGL', 'RYOJ', 'AEHG', 'HPEL', 'SNWV', 'LITU', 'CBRG', 'OPEG', 'PTLE', 'CBRX', 'FXHO', 'SNDG', 'CNTB', 'SUNE', 'ZSQR', 'RNAZ', 'SNDC', 'AMKL', 'UBXG']
17:21:36  universe: 90 from IBKR scanner + 57 extra from Alpaca
17:21:39  Wrote 79 gappers (79 kept): ['VRAX', 'RPGL', 'RYOJ', 'AEHG', 'HPEL', 'SNWV', 'LITU', 'CBRG', 'OPEG', 'PTLE', 'CBRX', 'SNDG', 'FXHO', 'JZ', 'CNTB', 'SUNE', 'ZSQR', 'RNAZ', 'SNDC', 'AMKL']
17:22:25  universe: 90 from IBKR scanner + 57 extra from Alpaca
17:22:28  Wrote 79 gappers (79 kept): ['VRAX', 'RPGL', 'RYOJ', 'AEHG', 'HPEL', 'SNWV', 'LITU', 'CBRG', 'OPEG', 'PTLE', 'CBRX', 'SNDG', 'FXHO', 'SUNE', 'CNTB', 'ZSQR', 'RNAZ', 'JZ', 'SNDC', 'AMKL']
17:23:14  universe: 90 from IBKR scanner + 57 extra from Alpaca
17:23:17  Wrote 79 gappers (79 kept): ['VRAX', 'RPGL', 'RYOJ', 'AEHG', 'HPEL', 'SNWV', 'LITU', 'CBRG', 'OPEG', 'PTLE', 'CBRX', 'SNDG', 'FXHO', 'SUNE', 'CNTB', 'ZSQR', 'RNAZ', 'JZ', 'SNDC', 'AMKL']
17:24:04  universe: 90 from IBKR scanner + 57 extra from Alpaca
17:24:06  Wrote 79 gappers (79 kept): ['VRAX', 'RPGL', 'RYOJ', 'AEHG', 'HPEL', 'SNWV', 'LITU', 'CBRG', 'OPEG', 'PTLE', 'CBRX', 'SNDG', 'FXHO', 'SUNE', 'CNTB', 'ZSQR', 'RNAZ', 'JZ', 'SNDC', 'AMKL']
17:24:53  universe: 90 from IBKR scanner + 57 extra from Alpaca
17:24:55  Wrote 79 gappers (79 kept): ['VRAX', 'RPGL', 'RYOJ', 'AEHG', 'HPEL', 'SNWV', 'LITU', 'CBRG', 'OPEG', 'SNDC', 'PTLE', 'CBRX', 'SNDG', 'FXHO', 'CNTB', 'ZSQR', 'RNAZ', 'JZ', 'SUNE', 'AMKL']
17:25:42  universe: 90 from IBKR scanner + 57 extra from Alpaca
17:25:44  Wrote 79 gappers (79 kept): ['VRAX', 'RYOJ', 'RPGL', 'AEHG', 'HPEL', 'SNWV', 'LITU', 'CBRG', 'OPEG', 'SNDC', 'PTLE', 'CBRX', 'SNDG', 'FXHO', 'CNTB', 'ZSQR', 'RNAZ', 'JZ', 'SUNE', 'AMKL']
17:26:31  universe: 90 from IBKR scanner + 57 extra from Alpaca
17:26:33  Wrote 79 gappers (79 kept): ['VRAX', 'RYOJ', 'RPGL', 'AEHG', 'HPEL', 'SNWV', 'LITU', 'CBRG', 'OPEG', 'SNDC', 'PTLE', 'CBRX', 'SNDG', 'FXHO', 'SUNE', 'JZ', 'CNTB', 'ZSQR', 'RNAZ', 'AMKL']
17:27:20  universe: 90 from IBKR scanner + 57 extra from Alpaca
17:27:22  Wrote 79 gappers (79 kept): ['VRAX', 'RYOJ', 'RPGL', 'AEHG', 'HPEL', 'SNWV', 'LITU', 'CBRG', 'OPEG', 'SNDC', 'PTLE', 'CBRX', 'SNDG', 'FXHO', 'SUNE', 'JZ', 'CNTB', 'ZSQR', 'RNAZ', 'AMKL']
17:28:09  universe: 90 from IBKR scanner + 57 extra from Alpaca
17:28:11  Wrote 80 gappers (80 kept): ['VRAX', 'RYOJ', 'RPGL', 'AEHG', 'HPEL', 'SNWV', 'LITU', 'CBRG', 'OPEG', 'SNDG', 'SNDC', 'PTLE', 'CBRX', 'FXHO', 'SUNE', 'JZ', 'CNTB', 'ZSQR', 'RNAZ', 'AMKL']
17:28:58  universe: 90 from IBKR scanner + 57 extra from Alpaca
17:29:00  Wrote 80 gappers (80 kept): ['VRAX', 'RYOJ', 'RPGL', 'AEHG', 'HPEL', 'SNWV', 'LITU', 'CBRG', 'OPEG', 'SNDG', 'SNDC', 'PTLE', 'CBRX', 'FXHO', 'JZ', 'CNTB', 'ZSQR', 'RNAZ', 'SUNE', 'AMKL']
17:29:47  universe: 90 from IBKR scanner + 57 extra from Alpaca
17:29:50  Wrote 80 gappers (80 kept): ['VRAX', 'RYOJ', 'RPGL', 'AEHG', 'HPEL', 'SNWV', 'LITU', 'CBRG', 'OPEG', 'SNDG', 'SNDC', 'PTLE', 'JZ', 'CBRX', 'FXHO', 'CNTB', 'SUNE', 'ZSQR', 'RNAZ', 'AMKL']
17:30:37  universe: 90 from IBKR scanner + 57 extra from Alpaca
17:30:39  Wrote 80 gappers (80 kept): ['VRAX', 'RPGL', 'RYOJ', 'AEHG', 'HPEL', 'SNWV', 'LITU', 'CBRG', 'OPEG', 'SNDG', 'SNDC', 'PTLE', 'CBRX', 'FXHO', 'CNTB', 'SUNE', 'ZSQR', 'RNAZ', 'JZ', 'AMKL']
17:31:26  universe: 90 from IBKR scanner + 57 extra from Alpaca
17:31:28  Wrote 80 gappers (80 kept): ['VRAX', 'RPGL', 'RYOJ', 'AEHG', 'HPEL', 'SNWV', 'LITU', 'CBRG', 'OPEG', 'SNDG', 'SNDC', 'PTLE', 'CBRX', 'FXHO', 'CNTB', 'SUNE', 'ZSQR', 'RNAZ', 'JZ', 'AMKL']
17:32:15  universe: 90 from IBKR scanner + 57 extra from Alpaca
17:32:18  Wrote 80 gappers (80 kept): ['VRAX', 'RPGL', 'RYOJ', 'AEHG', 'HPEL', 'SNWV', 'LITU', 'CBRG', 'OPEG', 'SNDG', 'SNDC', 'PTLE', 'CBRX', 'FXHO', 'CNTB', 'SUNE', 'ZSQR', 'RNAZ', 'JZ', 'AMKL']
17:33:04  universe: 90 from IBKR scanner + 57 extra from Alpaca
17:33:07  Wrote 81 gappers (81 kept): ['JLHL', 'VRAX', 'RYOJ', 'RPGL', 'AEHG', 'HPEL', 'LITU', 'CBRG', 'SNWV', 'SNDG', 'OPEG', 'SNDC', 'PTLE', 'JZ', 'CBRX', 'FXHO', 'CNTB', 'SUNE', 'ZSQR', 'RNAZ']
17:33:54  universe: 90 from IBKR scanner + 57 extra from Alpaca
17:33:56  Wrote 80 gappers (80 kept): ['VRAX', 'RYOJ', 'RPGL', 'AEHG', 'HPEL', 'LITU', 'CBRG', 'SNWV', 'SNDG', 'OPEG', 'SNDC', 'PTLE', 'CBRX', 'FXHO', 'JZ', 'CNTB', 'ZSQR', 'RNAZ', 'SUNE', 'AMKL']
17:34:43  universe: 90 from IBKR scanner + 57 extra from Alpaca
17:34:45  Wrote 80 gappers (80 kept): ['VRAX', 'RYOJ', 'RPGL', 'AEHG', 'HPEL', 'LITU', 'CBRG', 'SNWV', 'SNDG', 'OPEG', 'SNDC', 'PTLE', 'CBRX', 'FXHO', 'CNTB', 'SUNE', 'ZSQR', 'JZ', 'RNAZ', 'AMKL']
17:35:32  universe: 90 from IBKR scanner + 57 extra from Alpaca
17:35:34  Wrote 80 gappers (80 kept): ['VRAX', 'RPGL', 'RYOJ', 'AEHG', 'HPEL', 'LITU', 'CBRG', 'SNWV', 'SNDG', 'OPEG', 'SNDC', 'PTLE', 'JZ', 'CBRX', 'FXHO', 'CNTB', 'SUNE', 'ZSQR', 'RNAZ', 'AMKL']
17:36:21  universe: 90 from IBKR scanner + 57 extra from Alpaca
17:36:24  Wrote 80 gappers (80 kept): ['VRAX', 'RPGL', 'RYOJ', 'AEHG', 'HPEL', 'LITU', 'CBRG', 'SNWV', 'SNDG', 'OPEG', 'SNDC', 'PTLE', 'JZ', 'CBRX', 'FXHO', 'CNTB', 'SUNE', 'ZSQR', 'RNAZ', 'AMKL']
17:37:11  universe: 90 from IBKR scanner + 57 extra from Alpaca
17:37:13  Wrote 80 gappers (80 kept): ['VRAX', 'RPGL', 'RYOJ', 'AEHG', 'HPEL', 'CBRX', 'LITU', 'CBRG', 'SNWV', 'SNDG', 'NDRA', 'OPEG', 'SNDC', 'PTLE', 'JZ', 'FXHO', 'CNTB', 'ZSQR', 'RNAZ', 'SUNE']
17:38:00  universe: 90 from IBKR scanner + 57 extra from Alpaca
17:38:02  Wrote 80 gappers (80 kept): ['VRAX', 'RPGL', 'RYOJ', 'AEHG', 'HPEL', 'CBRX', 'LITU', 'CBRG', 'SNWV', 'NDRA', 'SNDG', 'OPEG', 'SNDC', 'PTLE', 'JZ', 'FXHO', 'CNTB', 'ZSQR', 'RNAZ', 'SUNE']
17:38:49  universe: 90 from IBKR scanner + 57 extra from Alpaca
17:38:52  Wrote 80 gappers (80 kept): ['VRAX', 'RYOJ', 'RPGL', 'AEHG', 'HPEL', 'CBRX', 'LITU', 'CBRG', 'SNWV', 'NDRA', 'SNDG', 'OPEG', 'SNDC', 'PTLE', 'JZ', 'FXHO', 'CNTB', 'ZSQR', 'RNAZ', 'SUNE']
17:39:39  universe: 90 from IBKR scanner + 57 extra from Alpaca
17:39:41  Wrote 80 gappers (80 kept): ['VRAX', 'RYOJ', 'RPGL', 'AEHG', 'HPEL', 'CBRX', 'LITU', 'CBRG', 'NDRA', 'SNWV', 'SNDG', 'OPEG', 'JZ', 'SNDC', 'PTLE', 'FXHO', 'CNTB', 'ZSQR', 'RNAZ', 'SUNE']
17:40:28  universe: 90 from IBKR scanner + 57 extra from Alpaca
17:40:31  Wrote 80 gappers (80 kept): ['VRAX', 'RYOJ', 'RPGL', 'AEHG', 'HPEL', 'CBRX', 'JZ', 'LITU', 'CBRG', 'NDRA', 'FXHO', 'SNWV', 'SNDG', 'OPEG', 'SNDC', 'PTLE', 'CNTB', 'ZSQR', 'RNAZ', 'SUNE']
17:41:17  universe: 90 from IBKR scanner + 57 extra from Alpaca
17:41:20  Wrote 80 gappers (80 kept): ['VRAX', 'RPGL', 'RYOJ', 'AEHG', 'LITU', 'HPEL', 'CBRX', 'CBRG', 'NDRA', 'FXHO', 'SNWV', 'SNDG', 'OPEG', 'SNDC', 'PTLE', 'CNTB', 'ZSQR', 'RNAZ', 'JZ', 'SUNE']
17:42:06  universe: 90 from IBKR scanner + 57 extra from Alpaca
17:42:08  Wrote 80 gappers (80 kept): ['VRAX', 'RYOJ', 'RPGL', 'AEHG', 'LITU', 'HPEL', 'CBRX', 'CBRG', 'NDRA', 'FXHO', 'SNWV', 'SNDG', 'OPEG', 'SNDC', 'PTLE', 'CNTB', 'ZSQR', 'RNAZ', 'JZ', 'SUNE']
17:42:55  universe: 90 from IBKR scanner + 57 extra from Alpaca
17:42:58  Wrote 80 gappers (80 kept): ['VRAX', 'RYOJ', 'RPGL', 'AEHG', 'LITU', 'HPEL', 'CBRX', 'CBRG', 'NDRA', 'FXHO', 'SNWV', 'SNDG', 'OPEG', 'SNDC', 'PTLE', 'CNTB', 'ZSQR', 'RNAZ', 'JZ', 'SUNE']
17:43:45  universe: 90 from IBKR scanner + 57 extra from Alpaca
17:43:47  Wrote 80 gappers (80 kept): ['VRAX', 'RYOJ', 'RPGL', 'AEHG', 'LITU', 'HPEL', 'CBRX', 'CBRG', 'NDRA', 'FXHO', 'SNWV', 'SNDG', 'OPEG', 'SNDC', 'PTLE', 'CNTB', 'ZSQR', 'RNAZ', 'SUNE', 'AAOG']
17:44:34  universe: 90 from IBKR scanner + 57 extra from Alpaca
17:44:36  Wrote 80 gappers (80 kept): ['VRAX', 'RYOJ', 'RPGL', 'AEHG', 'LITU', 'HPEL', 'CBRX', 'CBRG', 'NDRA', 'FXHO', 'SNWV', 'SNDG', 'OPEG', 'SNDC', 'PTLE', 'CNTB', 'ZSQR', 'RNAZ', 'SUNE', 'AAOG']
17:45:23  universe: 90 from IBKR scanner + 57 extra from Alpaca
17:45:26  Wrote 80 gappers (80 kept): ['VRAX', 'RYOJ', 'RPGL', 'AEHG', 'LITU', 'HPEL', 'CBRX', 'CBRG', 'NDRA', 'FXHO', 'SNWV', 'SNDG', 'OPEG', 'SNDC', 'PTLE', 'CNTB', 'SUNE', 'ZSQR', 'RNAZ', 'CIFG']
17:46:12  universe: 90 from IBKR scanner + 57 extra from Alpaca
17:46:14  Wrote 80 gappers (80 kept): ['VRAX', 'RYOJ', 'RPGL', 'AEHG', 'LITU', 'HPEL', 'CBRX', 'CBRG', 'NDRA', 'FXHO', 'SNWV', 'OPEG', 'SNDC', 'PTLE', 'SNDG', 'CNTB', 'ZSQR', 'RNAZ', 'SUNE', 'CIFG']
17:47:01  universe: 90 from IBKR scanner + 57 extra from Alpaca
17:47:04  Wrote 81 gappers (81 kept): ['VRAX', 'RYOJ', 'RPGL', 'AEHG', 'LITU', 'CBRX', 'HPEL', 'CBRG', 'NDRA', 'FXHO', 'SNWV', 'SNDG', 'OPEG', 'SNDC', 'PTLE', 'CNTB', 'ZSQR', 'XCUR', 'RNAZ', 'SUNE']
17:47:50  universe: 90 from IBKR scanner + 57 extra from Alpaca
17:47:53  Wrote 81 gappers (81 kept): ['VRAX', 'RYOJ', 'RPGL', 'AEHG', 'LITU', 'CBRX', 'HPEL', 'CBRG', 'NDRA', 'FXHO', 'SNWV', 'SNDG', 'OPEG', 'SNDC', 'PTLE', 'CNTB', 'ZSQR', 'XCUR', 'RNAZ', 'SUNE']
17:48:40  universe: 90 from IBKR scanner + 57 extra from Alpaca
17:48:42  Wrote 81 gappers (81 kept): ['VRAX', 'RYOJ', 'RPGL', 'AEHG', 'LITU', 'CBRX', 'HPEL', 'CBRG', 'NDRA', 'FXHO', 'SNWV', 'SNDG', 'OPEG', 'SNDC', 'PTLE', 'XCUR', 'CNTB', 'ZSQR', 'RNAZ', 'SUNE']
17:49:29  universe: 90 from IBKR scanner + 57 extra from Alpaca
17:49:32  Wrote 81 gappers (81 kept): ['VRAX', 'RYOJ', 'RPGL', 'AEHG', 'LITU', 'CBRX', 'HPEL', 'NDRA', 'FXHO', 'SNWV', 'CBRG', 'SNDG', 'OPEG', 'SNDC', 'PTLE', 'XCUR', 'CNTB', 'ZSQR', 'RNAZ', 'SUNE']
17:50:18  universe: 90 from IBKR scanner + 57 extra from Alpaca
17:50:21  Wrote 81 gappers (81 kept): ['VRAX', 'RYOJ', 'RPGL', 'AEHG', 'LITU', 'CBRX', 'HPEL', 'NDRA', 'FXHO', 'SNWV', 'CBRG', 'SNDG', 'OPEG', 'SNDC', 'PTLE', 'XCUR', 'CNTB', 'ZSQR', 'RNAZ', 'SUNE']
17:51:07  universe: 90 from IBKR scanner + 57 extra from Alpaca
17:51:10  Wrote 81 gappers (81 kept): ['VRAX', 'RYOJ', 'RPGL', 'AEHG', 'LITU', 'HPEL', 'CBRX', 'NDRA', 'FXHO', 'SNWV', 'CBRG', 'SNDG', 'OPEG', 'SNDC', 'PTLE', 'XCUR', 'CNTB', 'ZSQR', 'RNAZ', 'SUNE']
17:51:56  universe: 90 from IBKR scanner + 57 extra from Alpaca
17:51:59  Wrote 81 gappers (81 kept): ['VRAX', 'RYOJ', 'RPGL', 'AEHG', 'LITU', 'HPEL', 'CBRX', 'NDRA', 'FXHO', 'SNWV', 'CBRG', 'OPEG', 'SNDC', 'SNDG', 'PTLE', 'XCUR', 'CNTB', 'ZSQR', 'RNAZ', 'SUNE']
17:52:45  universe: 90 from IBKR scanner + 57 extra from Alpaca
17:52:48  Wrote 81 gappers (81 kept): ['VRAX', 'RYOJ', 'RPGL', 'AEHG', 'LITU', 'HPEL', 'CBRX', 'NDRA', 'FXHO', 'SNWV', 'CBRG', 'CNTB', 'OPEG', 'SNDG', 'SNDC', 'PTLE', 'XCUR', 'ZSQR', 'RNAZ', 'SUNE']
17:53:35  universe: 90 from IBKR scanner + 57 extra from Alpaca
17:53:37  Wrote 81 gappers (81 kept): ['VRAX', 'RYOJ', 'RPGL', 'AEHG', 'RNAZ', 'LITU', 'HPEL', 'CBRX', 'NDRA', 'FXHO', 'SNWV', 'CBRG', 'CNTB', 'OPEG', 'SNDC', 'PTLE', 'SNDG', 'XCUR', 'SUNE', 'ZSQR']
17:54:24  universe: 90 from IBKR scanner + 57 extra from Alpaca
17:54:26  Wrote 81 gappers (81 kept): ['VRAX', 'RYOJ', 'RPGL', 'AEHG', 'RNAZ', 'LITU', 'HPEL', 'CBRX', 'NDRA', 'FXHO', 'SNWV', 'CBRG', 'CNTB', 'OPEG', 'SNDC', 'PTLE', 'SNDG', 'XCUR', 'ZSQR', 'SUNE']
17:55:13  universe: 90 from IBKR scanner + 57 extra from Alpaca
17:55:15  Wrote 81 gappers (81 kept): ['VRAX', 'RYOJ', 'RPGL', 'AEHG', 'RNAZ', 'LITU', 'HPEL', 'CBRX', 'NDRA', 'FXHO', 'SNWV', 'CBRG', 'CNTB', 'SNDG', 'OPEG', 'SNDC', 'PTLE', 'XCUR', 'ZSQR', 'SUNE']
17:56:02  universe: 90 from IBKR scanner + 57 extra from Alpaca
17:56:04  Wrote 81 gappers (81 kept): ['VRAX', 'RYOJ', 'RPGL', 'AEHG', 'RNAZ', 'LITU', 'HPEL', 'CBRX', 'NDRA', 'FXHO', 'SNWV', 'CBRG', 'CNTB', 'OPEG', 'SNDC', 'PTLE', 'SNDG', 'XCUR', 'ZSQR', 'SUNE']
17:56:51  universe: 90 from IBKR scanner + 57 extra from Alpaca
17:56:53  Wrote 81 gappers (81 kept): ['VRAX', 'RPGL', 'RYOJ', 'AEHG', 'FXHO', 'RNAZ', 'LITU', 'HPEL', 'CBRX', 'NDRA', 'SNWV', 'CBRG', 'CNTB', 'OPEG', 'SNDC', 'PTLE', 'SNDG', 'XCUR', 'ZSQR', 'SUNE']
17:57:40  universe: 90 from IBKR scanner + 57 extra from Alpaca
17:57:43  Wrote 81 gappers (81 kept): ['VRAX', 'RPGL', 'RYOJ', 'AEHG', 'FXHO', 'RNAZ', 'LITU', 'HPEL', 'CBRX', 'NDRA', 'SNWV', 'CNTB', 'CBRG', 'OPEG', 'SNDG', 'SNDC', 'PTLE', 'XCUR', 'ZSQR', 'SUNE']
17:58:29  universe: 90 from IBKR scanner + 57 extra from Alpaca
17:58:32  Wrote 81 gappers (81 kept): ['VRAX', 'RPGL', 'RYOJ', 'AEHG', 'FXHO', 'RNAZ', 'LITU', 'HPEL', 'CBRX', 'NDRA', 'SNWV', 'CNTB', 'CBRG', 'OPEG', 'SNDG', 'SNDC', 'PTLE', 'XCUR', 'ZSQR', 'SUNE']
17:59:18  universe: 90 from IBKR scanner + 57 extra from Alpaca
17:59:21  Wrote 81 gappers (81 kept): ['VRAX', 'RYOJ', 'RPGL', 'AEHG', 'FXHO', 'RNAZ', 'LITU', 'HPEL', 'CBRX', 'NDRA', 'SNWV', 'CNTB', 'CBRG', 'OPEG', 'SNDC', 'SNDG', 'PTLE', 'XCUR', 'ZSQR', 'SUNE']
18:00:06  Cutoff reached — stopping.
