{
  "per_strategy": {
    "ORB-5min": {
      "n_trades": 9790,
      "net_pnl": 128336.12499999967,
      "win_rate": 0.4640449438202247,
      "profit_factor": 1.0505935187449924,
      "max_dd_pct": -0.37343360690910116,
      "max_dd_dollars": -74150.01000000071,
      "sharpe": 0.8206206655256474,
      "quarterly_pnl": {
        "2020Q1": -11309.425000000065,
        "2020Q2": 88808.17999999988,
        "2020Q3": 39170.09000000023,
        "2020Q4": 1302.8549999999084,
        "2021Q1": -5082.374999999918,
        "2021Q2": 28667.27999999997,
        "2021Q3": -2974.3099999999395,
        "2021Q4": 13728.71500000001,
        "2022Q1": -27429.50000000001,
        "2022Q2": 10081.454999999958,
        "2022Q3": -4128.0150000000785,
        "2022Q4": 273.23499999985063,
        "2023Q1": -13720.91,
        "2023Q2": 12354.369999999959,
        "2023Q3": -3382.6199999999967,
        "2023Q4": -12976.375000000015,
        "2024Q1": -13208.635000000071,
        "2024Q2": 8484.239999999865,
        "2024Q3": 6527.625000000115,
        "2024Q4": 13150.24500000001
      },
      "max_quarter_pct": 0.39905128006150925,
      "avg_r": 0.01310889938712969
    },
    "VWAP-Mean-Reversion": {
      "n_trades": 3106,
      "net_pnl": -632.9672549950992,
      "win_rate": 0.4623309723116549,
      "profit_factor": 0.996903576222315,
      "max_dd_pct": -0.2191068927152202,
      "max_dd_dollars": -22195.016344645454,
      "sharpe": 0.03689179126264692,
      "quarterly_pnl": {
        "2020Q1": -2028.5911856988128,
        "2020Q2": -4594.609225752864,
        "2020Q3": -3434.812519400455,
        "2020Q4": 2540.693287823796,
        "2021Q1": -7207.527808852584,
        "2021Q2": 1243.6687337691378,
        "2021Q3": 476.6291276160238,
        "2021Q4": -30.30905944478951,
        "2022Q1": 474.9233423319801,
        "2022Q2": -8055.13497055886,
        "2022Q3": 12369.622799925795,
        "2022Q4": 4698.637359209837,
        "2023Q1": 3677.764539611299,
        "2023Q2": -6304.64949466416,
        "2023Q3": 4623.069163139364,
        "2023Q4": -2028.09623980838,
        "2024Q1": 791.9173170035687,
        "2024Q2": -3142.2846756127665,
        "2024Q3": -1571.5415255122837,
        "2024Q4": 6867.663779880059
      },
      "max_quarter_pct": 0.32754553882285026,
      "avg_r": -0.00020378855601902468
    },
    "PDH-PDL-Fade": {
      "n_trades": 9874,
      "net_pnl": 581896.1499999914,
      "win_rate": 0.18776584970629936,
      "profit_factor": 1.2682605023379128,
      "max_dd_pct": -0.2395856222846987,
      "max_dd_dollars": -67658.46499999805,
      "sharpe": 1.467014468515569,
      "quarterly_pnl": {
        "2020Q1": 41731.489999998936,
        "2020Q2": 55321.46999999738,
        "2020Q3": 33683.58999999891,
        "2020Q4": 3191.019999999491,
        "2021Q1": 5193.585000000118,
        "2021Q2": 49556.43499999988,
        "2021Q3": -16829.745000000454,
        "2021Q4": 122532.41499999937,
        "2022Q1": 29426.209999999828,
        "2022Q2": 33092.66499999942,
        "2022Q3": 28476.70500000014,
        "2022Q4": 1175.4900000012221,
        "2023Q1": -37445.66999999921,
        "2023Q2": 48843.65499999902,
        "2023Q3": 10235.754999998464,
        "2023Q4": -4042.8750000018413,
        "2024Q1": -15921.220000000192,
        "2024Q2": 153537.29500000045,
        "2024Q3": 25886.790000000172,
        "2024Q4": 14251.09000000023
      },
      "max_quarter_pct": 0.2340023631698391,
      "avg_r": 0.058932160218755456
    },
    "PDH-PDL-Breakout": {
      "n_trades": 3905,
      "net_pnl": 77107.8750000016,
      "win_rate": 0.36389244558258643,
      "profit_factor": 1.082247436279375,
      "max_dd_pct": -0.4042665013001737,
      "max_dd_dollars": -40698.86500000027,
      "sharpe": 0.6994415944247943,
      "quarterly_pnl": {
        "2020Q1": -27118.05000000022,
        "2020Q2": -3954.1000000001213,
        "2020Q3": -316.48000000021864,
        "2020Q4": 15027.199999999919,
        "2021Q1": 27936.825000000135,
        "2021Q2": -662.3499999998412,
        "2021Q3": -1165.8400000002061,
        "2021Q4": 1852.6450000000953,
        "2022Q1": 2235.1499999999587,
        "2022Q2": -2307.1650000001546,
        "2022Q3": -13792.900000000238,
        "2022Q4": 3971.920000000161,
        "2023Q1": -9411.30499999988,
        "2023Q2": -631.9799999995589,
        "2023Q3": 11748.04999999999,
        "2023Q4": -12305.539999999743,
        "2024Q1": 22040.62000000031,
        "2024Q2": 19874.000000000808,
        "2024Q3": 25300.43500000007,
        "2024Q4": 18786.740000000325
      },
      "max_quarter_pct": 0.18778081471922453,
      "avg_r": 0.01974593469910412
    },
    "Round-Number": {
      "n_trades": 1449,
      "net_pnl": -5955.399999994635,
      "win_rate": 0.17736369910282954,
      "profit_factor": 0.9779918951312554,
      "max_dd_pct": -0.3089342535057563,
      "max_dd_dollars": -39495.88499999572,
      "sharpe": 0.021123843556087676,
      "quarterly_pnl": {
        "2020Q1": -2424.1449999997294,
        "2020Q2": -7867.269999999949,
        "2020Q3": 2091.095000000205,
        "2020Q4": 34997.24000000016,
        "2021Q1": -8079.889999999363,
        "2021Q2": -5676.249999999794,
        "2021Q3": -7326.044999999754,
        "2021Q4": -4627.654999999853,
        "2022Q1": -7344.104999999751,
        "2022Q2": 3700.1600000001404,
        "2022Q3": 765.9800000004016,
        "2022Q4": -6296.299999999476,
        "2023Q1": 9831.775000000336,
        "2023Q2": 5615.115000000124,
        "2023Q3": 1286.8200000001743,
        "2023Q4": -3968.594999999812,
        "2024Q1": -5806.15999999986,
        "2024Q2": -7508.504999999717,
        "2024Q3": 465.27000000044603,
        "2024Q4": 2216.0650000004325
      },
      "max_quarter_pct": 0.5740120637328089,
      "avg_r": -0.004110006901307545
    }
  },
  "portfolio": {
    "n_trades": 28124,
    "net_pnl": 780751.7827450029,
    "win_rate": 0.3381809130991324,
    "sharpe": 1.331562100873946,
    "max_dd_pct": -0.47352258906651357,
    "max_dd_dollars": -79957.03263815038
  }
}