{
  "per_strategy": {
    "ORB-5min": {
      "n_trades": 8579,
      "net_pnl": -2198.7599999999875,
      "win_rate": 0.4606597505536776,
      "profit_factor": 0.9849482248672611,
      "max_dd_pct": -0.09377361432517045,
      "max_dd_dollars": -9745.820000000007,
      "sharpe": -0.11818486325014223,
      "quarterly_pnl": {
        "2020Q1": -4164.559999999998,
        "2020Q2": 3175.249999999999,
        "2020Q3": 2195.585000000006,
        "2020Q4": 390.2599999999958,
        "2021Q1": -591.1599999999981,
        "2021Q2": 348.6099999999962,
        "2021Q3": -256.3749999999926,
        "2021Q4": 2343.870000000001,
        "2022Q1": -2390.2949999999964,
        "2022Q2": -321.8999999999995,
        "2022Q3": -943.7050000000073,
        "2022Q4": 1681.7199999999984,
        "2023Q1": -869.4949999999981,
        "2023Q2": -1353.2349999999935,
        "2023Q3": -1925.005000000003,
        "2023Q4": 145.11999999999622,
        "2024Q1": -1142.89,
        "2024Q2": -1286.9250000000047,
        "2024Q3": 2394.680000000011,
        "2024Q4": 371.6900000000014
      },
      "max_quarter_pct": 0.24337413393414528,
      "avg_r": -0.00045761921984114066
    },
    "VWAP-Mean-Reversion": {
      "n_trades": 2197,
      "net_pnl": 281.3440047624149,
      "win_rate": 0.5029585798816568,
      "profit_factor": 1.1570417085891451,
      "max_dd_pct": -0.0012794889706831617,
      "max_dd_dollars": -128.36402431975876,
      "sharpe": 0.6639430936934546,
      "quarterly_pnl": {
        "2020Q1": 161.96805785875225,
        "2020Q2": -44.16314810014121,
        "2020Q3": 91.8217890770593,
        "2020Q4": 7.9376292487519375,
        "2021Q1": -51.607390615973884,
        "2021Q2": 3.6703449102490584,
        "2021Q3": -45.73899147582301,
        "2021Q4": -13.607519898676978,
        "2022Q1": 50.24083797906499,
        "2022Q2": -37.79843346009132,
        "2022Q3": 124.89263522453713,
        "2022Q4": 14.57505090566638,
        "2023Q1": 36.613642594057566,
        "2023Q2": -46.772177298691126,
        "2023Q3": 12.282036876899447,
        "2023Q4": 4.7185348683000505,
        "2024Q1": -32.26040232348737,
        "2024Q2": -0.6822948085501483,
        "2024Q3": -12.068322751686688,
        "2024Q4": 57.322125952198476
      },
      "max_quarter_pct": 0.2861410667588768,
      "avg_r": 0.0002559924121540432
    },
    "PDH-PDL-Fade": {
      "n_trades": 8021,
      "net_pnl": 3684.8750000000487,
      "win_rate": 0.2005984291235507,
      "profit_factor": 1.0943695935721003,
      "max_dd_pct": -0.020721688523182527,
      "max_dd_dollars": -2163.9649999999674,
      "sharpe": 0.6180678399469561,
      "quarterly_pnl": {
        "2020Q1": -994.0550000000065,
        "2020Q2": 256.32999999998844,
        "2020Q3": 1160.8149999999969,
        "2020Q4": 54.53000000000148,
        "2021Q1": 747.3050000000055,
        "2021Q2": 1170.6000000000038,
        "2021Q3": 195.57500000000067,
        "2021Q4": 1349.0749999999964,
        "2022Q1": -683.9800000000009,
        "2022Q2": -41.07999999999418,
        "2022Q3": -485.1799999999944,
        "2022Q4": 652.5400000000152,
        "2023Q1": -226.354999999988,
        "2023Q2": -190.42999999999944,
        "2023Q3": 7.919999999997184,
        "2023Q4": -322.1250000000054,
        "2024Q1": -372.5750000000009,
        "2024Q2": 136.93500000000452,
        "2024Q3": 1068.100000000012,
        "2024Q4": 200.93000000001695
      },
      "max_quarter_pct": 0.19270696813369448,
      "avg_r": 0.0009113925081363256
    },
    "PDH-PDL-Breakout": {
      "n_trades": 3579,
      "net_pnl": -608.0699999999822,
      "win_rate": 0.362671137189159,
      "profit_factor": 0.9842677690034409,
      "max_dd_pct": -0.04377973939971988,
      "max_dd_dollars": -4387.125000000015,
      "sharpe": -0.052521505738707994,
      "quarterly_pnl": {
        "2020Q1": -3303.055000000012,
        "2020Q2": 528.9900000000008,
        "2020Q3": -1263.0900000000004,
        "2020Q4": 476.0100000000014,
        "2021Q1": 2513.255000000015,
        "2021Q2": 735.9950000000032,
        "2021Q3": -706.7199999999998,
        "2021Q4": 368.0199999999883,
        "2022Q1": 696.1049999999971,
        "2022Q2": -289.8750000000066,
        "2022Q3": 378.82500000000033,
        "2022Q4": 365.54999999999774,
        "2023Q1": -492.53500000000696,
        "2023Q2": -1609.7999999999956,
        "2023Q3": -832.8799999999987,
        "2023Q4": -850.0999999999938,
        "2024Q1": -47.624999999995126,
        "2024Q2": -14.965000000001439,
        "2024Q3": 1708.2050000000088,
        "2024Q4": 1031.6200000000144
      },
      "max_quarter_pct": 0.2855136139141112,
      "avg_r": -0.0003015115192095518
    },
    "Round-Number": {
      "n_trades": 1322,
      "net_pnl": -226.73499999994706,
      "win_rate": 0.1762481089258699,
      "profit_factor": 0.9364394782506452,
      "max_dd_pct": -0.006196266807345632,
      "max_dd_dollars": -619.9250000000029,
      "sharpe": -0.15384478627594247,
      "quarterly_pnl": {
        "2020Q1": 23.215000000002142,
        "2020Q2": -158.81000000000012,
        "2020Q3": -363.54499999999814,
        "2020Q4": 711.8200000000012,
        "2021Q1": -99.89999999999392,
        "2021Q2": -74.48499999999768,
        "2021Q3": -80.17999999999736,
        "2021Q4": -69.14999999999898,
        "2022Q1": -76.07499999999746,
        "2022Q2": 3.9350000000016365,
        "2022Q3": -17.179999999996276,
        "2022Q4": -93.25999999999507,
        "2023Q1": 297.2300000000047,
        "2023Q2": 71.43500000000105,
        "2023Q3": -31.91499999999786,
        "2023Q4": -45.729999999998164,
        "2024Q1": -66.3449999999987,
        "2024Q2": -84.81999999999788,
        "2024Q3": -102.16499999999476,
        "2024Q4": 29.19000000000485
      },
      "max_quarter_pct": 0.6261473841620228,
      "avg_r": -0.0003384109270546269
    }
  },
  "portfolio": {
    "n_trades": 23698,
    "net_pnl": 932.6540047625454,
    "win_rate": 0.3458941682842434,
    "sharpe": 0.05328338178237459,
    "max_dd_pct": -0.1284112649840201,
    "max_dd_dollars": -13777.237426495441
  }
}