{
  "baseline": {
    "label": "baseline_no_filter",
    "n": 9874,
    "win_rate_pct": 18.776584970629937,
    "net_pnl": 581896.1499999914,
    "avg_pnl": 58.93216021875546,
    "avg_r": 0.05893216021875548,
    "profit_factor": 1.2682605023379128,
    "sharpe": 1.398628224562616,
    "max_dd_pct": -23.95856222846987,
    "gross_win": 2751041.9799999995,
    "gross_loss": 2169145.8300000085,
    "best_trade": 97126.46999999996,
    "worst_trade": -1188.179999999984
  },
  "f1_alone": {
    "label": "F1_alone",
    "n": 6439,
    "win_rate_pct": 19.863332815654605,
    "net_pnl": 601407.8799999944,
    "avg_pnl": 93.40082000310521,
    "avg_r": 0.09340082000310522,
    "profit_factor": 1.3978660672882486,
    "sharpe": 1.5635775751118746,
    "max_dd_pct": -18.019646623504666,
    "gross_win": 2112991.625,
    "gross_loss": 1511583.7450000052,
    "best_trade": 97126.46999999996,
    "worst_trade": -1000.0
  },
  "forensic_cap300": {
    "label": "F1+abandon10_cap300_forensic",
    "n": 6439,
    "win_rate_pct": 19.863332815654605,
    "net_pnl": 770661.8699999952,
    "avg_pnl": 119.68657710824588,
    "avg_r": 0.11968657710824589,
    "profit_factor": 1.5741226156459542,
    "sharpe": 2.0067740143794484,
    "max_dd_pct": -14.63084811300082,
    "gross_win": 2112991.625,
    "gross_loss": 1342329.7550000045,
    "best_trade": 97126.46999999996,
    "worst_trade": -1000.0
  },
  "forensic_cap500": {
    "label": "F1+abandon10_cap500_forensic",
    "n": 6439,
    "win_rate_pct": 19.863332815654605,
    "net_pnl": 700599.5099999951,
    "avg_pnl": 108.80563907438967,
    "avg_r": 0.1088056390743897,
    "profit_factor": 1.4960375398300727,
    "sharpe": 1.8240068138884433,
    "max_dd_pct": -16.00209557842319,
    "gross_win": 2112991.625,
    "gross_loss": 1412392.1150000046,
    "best_trade": 97126.46999999996,
    "worst_trade": -1000.0
  },
  "realistic": {
    "label": "F1+abandon10_REALISTIC_bar",
    "n": 6439,
    "win_rate_pct": 17.580369622612206,
    "net_pnl": 573082.2799999947,
    "avg_pnl": 89.0017518248167,
    "avg_r": 0.0890017518248167,
    "profit_factor": 1.394564475305585,
    "sharpe": 1.4993493863907967,
    "max_dd_pct": -18.99906459704291,
    "gross_win": 2025524.95,
    "gross_loss": 1452442.670000005,
    "best_trade": 97126.46999999996,
    "worst_trade": -1000.0
  },
  "baseline_oos": {
    "label": "baseline_OOS",
    "n": 4010,
    "win_rate_pct": 19.850374064837904,
    "net_pnl": 195344.81999999704,
    "avg_pnl": 48.71441895261771,
    "avg_r": 0.048714418952617744,
    "profit_factor": 1.234957631030236,
    "sharpe": 1.2213601199226927,
    "max_dd_pct": -40.07716265032919,
    "gross_win": 1026749.2699999997,
    "gross_loss": 831404.4500000027,
    "best_trade": 97126.46999999996,
    "worst_trade": -1000.0
  },
  "f1_alone_oos": {
    "label": "F1_alone_OOS",
    "n": 2648,
    "win_rate_pct": 20.959214501510573,
    "net_pnl": 197586.43499999814,
    "avg_pnl": 74.6172337613286,
    "avg_r": 0.07461723376132862,
    "profit_factor": 1.3364777544453257,
    "sharpe": 1.2981694007303994,
    "max_dd_pct": -27.751475327484364,
    "gross_win": 784806.3399999997,
    "gross_loss": 587219.9050000017,
    "best_trade": 97126.46999999996,
    "worst_trade": -1000.0
  },
  "forensic_cap300_oos": {
    "label": "F1+abandon10_cap300_forensic_OOS",
    "n": 2648,
    "win_rate_pct": 20.959214501510573,
    "net_pnl": 267917.5449999982,
    "avg_pnl": 101.17732061933467,
    "avg_r": 0.10117732061933464,
    "profit_factor": 1.518327244838026,
    "sharpe": 1.7595127761585714,
    "max_dd_pct": -22.529623940428728,
    "gross_win": 784806.3399999997,
    "gross_loss": 516888.7950000016,
    "best_trade": 97126.46999999996,
    "worst_trade": -1000.0
  },
  "forensic_cap500_oos": {
    "label": "F1+abandon10_cap500_forensic_OOS",
    "n": 2648,
    "win_rate_pct": 20.959214501510573,
    "net_pnl": 238717.2449999982,
    "avg_pnl": 90.15001699395702,
    "avg_r": 0.09015001699395704,
    "profit_factor": 1.4371397399905914,
    "sharpe": 1.5679504855261586,
    "max_dd_pct": -24.94548495141277,
    "gross_win": 784806.3399999997,
    "gross_loss": 546089.0950000016,
    "best_trade": 97126.46999999996,
    "worst_trade": -1000.0
  },
  "realistic_oos": {
    "label": "F1+abandon10_REALISTIC_bar_OOS",
    "n": 2648,
    "win_rate_pct": 17.862537764350453,
    "net_pnl": 193465.14999999828,
    "avg_pnl": 73.06085725075464,
    "avg_r": 0.07306085725075465,
    "profit_factor": 1.342511321905542,
    "sharpe": 1.2728285546438824,
    "max_dd_pct": -27.273779896111943,
    "gross_win": 758308.2299999997,
    "gross_loss": 564843.0800000015,
    "best_trade": 97126.46999999996,
    "worst_trade": -1000.0
  },
  "year_by_year_realistic": {
    "2020": {
      "label": "F1+abandon10_REALISTIC_bar_2020",
      "n": 1104,
      "win_rate_pct": 18.297101449275363,
      "net_pnl": 111804.01999999603,
      "avg_pnl": 101.27175724637321,
      "avg_r": 0.10127175724637322,
      "profit_factor": 1.4018653935204255,
      "sharpe": 1.9039249064931296,
      "max_dd_pct": -18.999064597042924,
      "gross_win": 390016.62999999954,
      "gross_loss": 278212.6100000035,
      "best_trade": 25534.07999999995,
      "worst_trade": -1000.0
    },
    "2021": {
      "label": "F1+abandon10_REALISTIC_bar_2021",
      "n": 1336,
      "win_rate_pct": 17.739520958083833,
      "net_pnl": 193786.4449999997,
      "avg_pnl": 145.04973428143688,
      "avg_r": 0.1450497342814369,
      "profit_factor": 1.7203109961399121,
      "sharpe": 1.9209986917617194,
      "max_dd_pct": -13.430901815915814,
      "gross_win": 462818.08000000025,
      "gross_loss": 269031.6350000006,
      "best_trade": 43785.94999999995,
      "worst_trade": -1000.0
    },
    "2022": {
      "label": "F1+abandon10_REALISTIC_bar_2022",
      "n": 1351,
      "win_rate_pct": 16.28423390081421,
      "net_pnl": 74026.6650000007,
      "avg_pnl": 54.79397853441947,
      "avg_r": 0.05479397853441947,
      "profit_factor": 1.217498170918987,
      "sharpe": 1.1521388822661536,
      "max_dd_pct": -21.806273084006147,
      "gross_win": 414382.0100000001,
      "gross_loss": 340355.34499999945,
      "best_trade": 24204.159999999993,
      "worst_trade": -999.9999999999786
    },
    "2023": {
      "label": "F1+abandon10_REALISTIC_bar_2023",
      "n": 1342,
      "win_rate_pct": 17.51117734724292,
      "net_pnl": 57080.7699999979,
      "avg_pnl": 42.534105812219,
      "avg_r": 0.042534105812219,
      "profit_factor": 1.2154731938711743,
      "sharpe": 1.262162728750383,
      "max_dd_pct": -27.273779896111943,
      "gross_win": 321989.68499999994,
      "gross_loss": 264908.9150000021,
      "best_trade": 21354.580000000064,
      "worst_trade": -1000.0
    },
    "2024": {
      "label": "F1+abandon10_REALISTIC_bar_2024",
      "n": 1306,
      "win_rate_pct": 18.223583460949463,
      "net_pnl": 136384.38000000038,
      "avg_pnl": 104.42908116385941,
      "avg_r": 0.10442908116385939,
      "profit_factor": 1.4547143870722452,
      "sharpe": 1.3961927236245963,
      "max_dd_pct": -21.82500062751952,
      "gross_win": 436318.54499999987,
      "gross_loss": 299934.16499999946,
      "best_trade": 97126.46999999996,
      "worst_trade": -1000.0
    }
  },
  "abandon_distribution": {
    "n_triggered": 591,
    "avg_pnl": -70.56994923857901,
    "median_pnl": -26.00000000000037,
    "min_pnl": -943.0,
    "max_pnl": 0.0,
    "n_below_minus300": 31,
    "n_below_minus500": 12,
    "n_below_minus700": 3
  },
  "verdict": {
    "realistic_full_sharpe": 1.4993493863907967,
    "realistic_oos_sharpe": 1.2728285546438824,
    "gate": "RED"
  }
}